id,url_key,url,name,rating_average,review_count,original_price,price,quantity_sold,category_id
105794986,sach-the-lemonade-war-thuong-vu-nuoc-chanh-p105794986,https://tiki.vn/sach-the-lemonade-war-thuong-vu-nuoc-chanh-p105794986.html,Sách The Lemonade War: Thương Vụ Nước Chanh,4.7,20,109000,74100,167.0,1754
195969709,tu-sach-nghe-thuat-thieu-nhi-mot-ngay-ky-la-o-phong-tranh-p195969709,https://tiki.vn/tu-sach-nghe-thuat-thieu-nhi-mot-ngay-ky-la-o-phong-tranh-p195969709.html,Tủ Sách Nghệ Thuật Thiếu Nhi: Một ngày Kỳ Lạ Ở Phòng Tranh,0.0,0,89000,57000,58.0,1754
74277389,combo-4-cuon-bo-tuyen-tap-truyen-hay-danh-cho-thieu-nhi-tai-ban-p74277389,https://tiki.vn/combo-4-cuon-bo-tuyen-tap-truyen-hay-danh-cho-thieu-nhi-tai-ban-p74277389.html,Combo 4 Cuốn: Bộ Tuyển Tập Truyện Hay Dành Cho Thiếu Nhi (Tái Bản),4.8,139,192000,147840,1045.0,1754
195969713,tu-sach-nghe-thuat-thieu-nhi-to-cung-la-danh-hoa-p195969713,https://tiki.vn/tu-sach-nghe-thuat-thieu-nhi-to-cung-la-danh-hoa-p195969713.html,Tủ Sách Nghệ Thuật Thiếu Nhi: Tớ Cũng Là Danh Họa !,0.0,0,169000,101000,10.0,1754
274358616,sach-cai-tai-va-cuoc-phieu-luu-ky-thu-tai-ban-nam-2024-p274358616,https://tiki.vn/sach-cai-tai-va-cuoc-phieu-luu-ky-thu-tai-ban-nam-2024-p274358616.html,Sách Cái Tai Và Cuộc Phiêu Lưu Kỳ Thú (Tái bản năm 2024),0.0,0,169000,123370,,1754
190335975,combo-2-cuon-truyen-danh-cho-thieu-nhi-tuoi-tho-du-doi-tap-1-2-tai-ban-p190335975,https://tiki.vn/combo-2-cuon-truyen-danh-cho-thieu-nhi-tuoi-tho-du-doi-tap-1-2-tai-ban-p190335975.html,Combo 2 cuốn Truyện Dành Cho Thiếu Nhi : Tuổi Thơ Dữ Dội - Tập 1 + 2 (Tái Bản),5.0,184,160000,128000,1883.0,1754
168662171,sach-vua-nham-mat-vua-mo-cua-so-p168662171,https://tiki.vn/sach-vua-nham-mat-vua-mo-cua-so-p168662171.html,Sách Vừa Nhắm Mắt Vừa Mở Cửa Số,5.0,204,75000,59000,3010.0,1754
278492587,sach-kinh-van-hoa-bo-18-tap-phien-ban-moi-p278492587,https://tiki.vn/sach-kinh-van-hoa-bo-18-tap-phien-ban-moi-p278492587.html,Sách Kính Vạn Hoa - Bộ 18 Tập [ Phiên Bản Mới,5.0,26,86000,61920,300.0,1754
278963850,kinh-van-hoa-bo-ki-niem-30-nam-tang-kem-p278963850,https://tiki.vn/kinh-van-hoa-bo-ki-niem-30-nam-tang-kem-p278963850.html,Kính Vạn Hoa Bộ Kỉ Niệm 30 Năm - Tặng Kèm 01 Sổ Tay Kính Vạn Hoa,5.0,12,240000,172800,160.0,1754
278492655,sach-kinh-van-hoa-bo-9-tap-p278492655,https://tiki.vn/sach-kinh-van-hoa-bo-9-tap-p278492655.html,Sách Kính Vạn Hoa - Bộ 9 Tập,5.0,28,135000,96800,104.0,1754
195969715,sach-bo-den-voi-nghe-thuat-thieu-nhi-p195969715,https://tiki.vn/sach-bo-den-voi-nghe-thuat-thieu-nhi-p195969715.html,Sách Bộ Đến Với Nghệ Thuật Thiếu Nhi,0.0,0,258000,155000,11.0,1754
274353340,sach-cong-chua-ao-den-p274353340,https://tiki.vn/sach-cong-chua-ao-den-p274353340.html,Sách CÔNG CHÚA ÁO ĐEN,0.0,0,99000,72270,,1754
277875592,sach-bup-sen-xanh-bia-cung-tang-kem-obi-postcard-hanh-trinh-cuu-nuoc-doc-quyen-fahasa-p277875592,https://tiki.vn/sach-bup-sen-xanh-bia-cung-tang-kem-obi-postcard-hanh-trinh-cuu-nuoc-doc-quyen-fahasa-p277875592.html,Sách - Búp Sen Xanh - Tặng Kèm Postcard Hành Trình Cứu Nước + Obi Dành Cho Bản Đặc Biệt,5.0,120,110000,85500,717.0,1754
274872663,goc-nho-co-nang-p274872663,https://tiki.vn/goc-nho-co-nang-p274872663.html,Góc Nhỏ Có Nắng,4.8,5,68000,57800,118.0,1754
275699333,nhung-tuyet-tac-cua-shakespeare-beautiful-stories-from-shakespeare-tuyen-tap-20-vo-kich-duoc-chuyen-the-thanh-truyen-cho-thieu-nhi-omega-plus-p275699333,https://tiki.vn/nhung-tuyet-tac-cua-shakespeare-beautiful-stories-from-shakespeare-tuyen-tap-20-vo-kich-duoc-chuyen-the-thanh-truyen-cho-thieu-nhi-omega-plus-p275699333.html,Những Tuyệt Tác Của Shakespeare - Beautiful Stories From Shakespeare - Tuyển Tập 20 Vở Kịch Được Chuyển Thể Thành Truyện Cho Thiếu Nhi – Omega Plus,0.0,0,129000,109600,1.0,1754
270234757,sach-xu-so-mien-man-p270234757,https://tiki.vn/sach-xu-so-mien-man-p270234757.html,Sách Xứ Sở Miên Man,5.0,161,220000,176000,2419.0,1754
278110636,sach-ke-trom-ca-chua-p278110636,https://tiki.vn/sach-ke-trom-ca-chua-p278110636.html,Sách Kẻ Trộm Cà Chua,4.7,56,96000,67500,658.0,1754
10581200,sach-de-men-phieu-luu-ky-tai-ban-p10581200,https://tiki.vn/sach-de-men-phieu-luu-ky-tai-ban-p10581200.html,Sách Dế Mèn Phiêu Lưu Ký (Tái Bản),5.0,1320,50000,39200,14265.0,1754
197633149,sach-chuyen-phieu-luu-cua-mit-dac-va-cac-ban-tai-ban-2022-p197633149,https://tiki.vn/sach-chuyen-phieu-luu-cua-mit-dac-va-cac-ban-tai-ban-2022-p197633149.html,Sách Chuyện Phiêu Lưu Của Mít Đặc Và Các Bạn (Tái Bản),5.0,19,180000,135000,271.0,1754
273464121,sach-lu-tre-duong-tau-p273464121,https://tiki.vn/sach-lu-tre-duong-tau-p273464121.html,Sách Lũ Trẻ Đường Tàu,4.8,31,109000,76900,748.0,1754
10920495,sach-de-men-phieu-luu-ky-p10920495,https://tiki.vn/sach-de-men-phieu-luu-ky-p10920495.html,Sách Dế Mèn Phiêu Lưu Ký,5.0,868,150000,114000,7639.0,1754
270466779,sach-chi-sau-o-con-dao-p270466779,https://tiki.vn/sach-chi-sau-o-con-dao-p270466779.html,Sách Chị Sáu Ở Côn Đảo,5.0,16,20000,16000,39.0,1754
243006523,sach-harry-potter-va-hoi-phuong-hoang-tap-5-p243006523,https://tiki.vn/sach-harry-potter-va-hoi-phuong-hoang-tap-5-p243006523.html,Sách Harry Potter Và Hội Phượng Hoàng - Tập 5,4.8,53,385000,281000,588.0,1754
278159097,sach-totto-chan-ben-cua-so-nhung-chuyen-tiep-theo-p278159097,https://tiki.vn/sach-totto-chan-ben-cua-so-nhung-chuyen-tiep-theo-p278159097.html,Sách Totto-Chan Bên Cửa Sổ - Những Chuyện Tiếp Theo,5.0,25,155000,116250,401.0,1754
274682537,bo-sach-thuong-thuc-triet-hoc-p274682537,https://tiki.vn/bo-sach-thuong-thuc-triet-hoc-p274682537.html,Bộ Sách Thưởng Thức Triết Học,5.0,2,25000,19000,131.0,1754
137561103,sach-nhung-ngay-thu-ba-voi-thay-morrie-p137561103,https://tiki.vn/sach-nhung-ngay-thu-ba-voi-thay-morrie-p137561103.html,Sách Những Ngày Thứ Ba Với Thầy Morrie,5.0,97,75000,71250,798.0,1754
648672,sach-dat-rung-phuong-nam-tai-ban-p648672,https://tiki.vn/sach-dat-rung-phuong-nam-tai-ban-p648672.html,Sách Đất Rừng Phương Nam (Tái Bản),4.8,230,81000,60750,2829.0,1754
273524657,sach-charlotte-va-wilbur-p273524657,https://tiki.vn/sach-charlotte-va-wilbur-p273524657.html,Sách Charlotte và Wilbur,4.3,11,90000,64800,273.0,1754
279342629,david-walliams-mat-hieu-qua-chuoi-p279342629,https://tiki.vn/david-walliams-mat-hieu-qua-chuoi-p279342629.html,Sách David Walliams - Mật Hiệu Quả Chuối,5.0,3,248000,186000,73.0,1754
272301561,tu-sach-thieu-nhi-kinh-dien-heidi-cuon-sach-danh-cho-tre-em-va-nhung-ai-yeu-tre-em-p272301561,https://tiki.vn/tu-sach-thieu-nhi-kinh-dien-heidi-cuon-sach-danh-cho-tre-em-va-nhung-ai-yeu-tre-em-p272301561.html,Tủ Sách Thiếu Nhi Kinh Điển Heidi - Cuốn Sách Dành Cho Trẻ Em Và Những Ai Yêu Trẻ Em,5.0,37,118000,90800,550.0,1754
275676838,sach-em-lon-len-cung-ca-dao-tuc-ngu-thanh-ngu-p275676838,https://tiki.vn/sach-em-lon-len-cung-ca-dao-tuc-ngu-thanh-ngu-p275676838.html,"Sách Em lớn lên cùng ca dao, tục ngữ, thành ngữ",5.0,1,65000,47000,23.0,1754
276525602,sach-ba-noi-gangxto-tai-xuat-p276525602,https://tiki.vn/sach-ba-noi-gangxto-tai-xuat-p276525602.html,Sách Bà nội găngxtơ tái xuất!,5.0,7,155000,119350,147.0,1754
75996795,sach-co-be-matilda-tai-ban-2021-p75996795,https://tiki.vn/sach-co-be-matilda-tai-ban-2021-p75996795.html,Sách Cô Bé Matilda (Tái Bản 2021),5.0,79,60000,45600,649.0,1754
278457727,sach-ronia-con-gai-cua-tuong-cuop-p278457727,https://tiki.vn/sach-ronia-con-gai-cua-tuong-cuop-p278457727.html,"Sách Ronia, Con Gái Của Tướng Cướp",5.0,1,128000,101300,63.0,1754
173515462,sach-la-nam-trong-la-p173515462,https://tiki.vn/sach-la-nam-trong-la-p173515462.html,Sách Lá Nằm Trong Lá,5.0,27,100000,74000,273.0,1754
198572099,sach-ong-gia-va-bien-ca-tac-pham-chon-loc-van-hoc-my-p198572099,https://tiki.vn/sach-ong-gia-va-bien-ca-tac-pham-chon-loc-van-hoc-my-p198572099.html,Sách Ông Già Và Biển Cả [Tác Phẩm Chọn Lọc - Văn Học Mỹ],5.0,11,45000,31760,80.0,1754
278124790,sach-hoang-tu-be-phien-ban-moi-p278124790,https://tiki.vn/sach-hoang-tu-be-phien-ban-moi-p278124790.html,Sách Hoàng Tử Bé (Phiên Bản Mới),5.0,11,89000,71200,282.0,1754
83038164,truyen-ngan-lo-tan-van-hoc-trong-nha-truong-p83038164,https://tiki.vn/truyen-ngan-lo-tan-van-hoc-trong-nha-truong-p83038164.html,Truyện Ngắn Lỗ Tấn - Văn Học Trong Nhà Trường,5.0,61,60000,45600,346.0,1754
276559173,sach-80-ngay-vong-quanh-the-gioi-p276559173,https://tiki.vn/sach-80-ngay-vong-quanh-the-gioi-p276559173.html,Sách 80 Ngày Vòng Quanh Thế Giới,0.0,0,108000,79000,31.0,1754
178502501,sach-boxset-thoi-tho-au-dai-lau-p178502501,https://tiki.vn/sach-boxset-thoi-tho-au-dai-lau-p178502501.html,"Sách Boxset ""Thời Thơ Ấu Dài Lâu",4.5,121,990000,762000,689.0,1754
162100222,sach-hoang-tu-be-ns-minh-thang-p162100222,https://tiki.vn/sach-hoang-tu-be-ns-minh-thang-p162100222.html,Sách Hoàng Tử Bé (NS Minh Thắng),5.0,10,85000,57700,98.0,1754
277486791,cuon-sach-hoang-da-p277486791,https://tiki.vn/cuon-sach-hoang-da-p277486791.html,Cuốn sách hoang dã,5.0,3,136000,102000,68.0,1754
260810314,sach-ong-thoi-hoac-bestseller-hai-huoc-so-mot-nuoc-anh-cua-david-walliams-p260810314,https://tiki.vn/sach-ong-thoi-hoac-bestseller-hai-huoc-so-mot-nuoc-anh-cua-david-walliams-p260810314.html,Sách Ông Thối Hoắc - Bestseller hài hước SỐ MỘT nước Anh của David Walliams,5.0,31,106000,76320,537.0,1754
72944074,sach-mua-tieu-hoc-cuoi-cung-p72944074,https://tiki.vn/sach-mua-tieu-hoc-cuoi-cung-p72944074.html,Sách Mùa Tiểu Học Cuối Cùng,4.8,23,60000,45000,212.0,1754
75947774,sach-phu-thuy-xu-oz-p75947774,https://tiki.vn/sach-phu-thuy-xu-oz-p75947774.html,Sách Phù Thủy Xứ Oz,5.0,44,119000,89000,534.0,1754
274099736,classic-truyen-loai-vat-p274099736,https://tiki.vn/classic-truyen-loai-vat-p274099736.html,Classic - Truyện loài vật,4.8,4,150000,108000,52.0,1754
192339427,sach-ba-bac-khung-khiep-p192339427,https://tiki.vn/sach-ba-bac-khung-khiep-p192339427.html,Sách Bà Bác Khủng Khiếp,5.0,59,185000,148000,660.0,1754
278125049,sach-van-hoc-thieu-nhi-viet-nam-dau-the-ky-21-nhung-dieu-dong-lai-trong-con-mat-nham-p278125049,https://tiki.vn/sach-van-hoc-thieu-nhi-viet-nam-dau-the-ky-21-nhung-dieu-dong-lai-trong-con-mat-nham-p278125049.html,Sách Văn Học Thiếu Nhi Việt Nam Đầu Thế Kỷ 21 - Những Điều Đọng Lại Trong Con Mắt Nhắm,0.0,0,70000,53600,15.0,1754
57037220,sach-nhoc-nicolas-nhung-chuyen-chua-ke-tap-1-tai-ban-2020-p57037220,https://tiki.vn/sach-nhoc-nicolas-nhung-chuyen-chua-ke-tap-1-tai-ban-2020-p57037220.html,Sách Nhóc Nicolas: Những Chuyện Chưa Kể - Tập 1 (Tái Bản),5.0,140,158000,113760,924.0,1754
278194293,sach-van-hoc-thieu-nhi-viet-nam-tren-con-duong-cac-em-dat-chan-p278194293,https://tiki.vn/sach-van-hoc-thieu-nhi-viet-nam-tren-con-duong-cac-em-dat-chan-p278194293.html,Sách Văn Học Thiếu Nhi Việt Nam - Trên Con Đường Các Em Đặt Chân,0.0,0,65000,48750,10.0,1754
273114213,sach-nhung-tham-tu-bien-bac-p273114213,https://tiki.vn/sach-nhung-tham-tu-bien-bac-p273114213.html,Sách Những Thám Tử Biển Bắc,4.1,7,55000,41250,76.0,1754
4097787,nhung-truyen-hay-viet-cho-thieu-nhi-tran-hoai-duong-tai-ban-2018-p4097787,https://tiki.vn/nhung-truyen-hay-viet-cho-thieu-nhi-tran-hoai-duong-tai-ban-2018-p4097787.html,Những Truyện Hay Viết Cho Thiếu Nhi - Trần Hoài Dương (Tái Bản 2018),5.0,31,52000,49400,377.0,1754
143513113,sach-con-yeu-bo-chung-nao-p143513113,https://tiki.vn/sach-con-yeu-bo-chung-nao-p143513113.html,Sách Con Yêu Bố Chừng Nào,5.0,104,79000,56880,1118.0,1754
98187419,hon-truong-ba-da-hang-thit-toi-va-chung-ta-tu-sach-van-hoc-trong-nha-truong-p98187419,https://tiki.vn/hon-truong-ba-da-hang-thit-toi-va-chung-ta-tu-sach-van-hoc-trong-nha-truong-p98187419.html,Hồn Trương Ba Da Hàng Thịt - Tôi Và Chúng Ta (Tủ Sách Văn Học Trong Nhà Trường),5.0,16,60000,44160,149.0,1754
40357429,sach-van-hoc-trong-nha-truong-tho-xuan-quynh-p40357429,https://tiki.vn/sach-van-hoc-trong-nha-truong-tho-xuan-quynh-p40357429.html,Sách Văn Học Trong Nhà Trường: Thơ Xuân Quỳnh,5.0,48,35000,27440,333.0,1754
75996789,sach-nhung-ngay-xua-yeu-dau-tai-ban-2021-p75996789,https://tiki.vn/sach-nhung-ngay-xua-yeu-dau-tai-ban-2021-p75996789.html,Sách Những Ngày Xưa Yêu Dấu (Tái Bản 2021),5.0,39,60000,45600,345.0,1754
202879282,sach-timmy-failure-loi-lam-la-liet-p202879282,https://tiki.vn/sach-timmy-failure-loi-lam-la-liet-p202879282.html,Sách Timmy Failure: Lỗi Lầm La Liệt,4.5,8,115000,80000,90.0,1754
210765544,sach-chu-heo-giang-sinh-p210765544,https://tiki.vn/sach-chu-heo-giang-sinh-p210765544.html,Sách Chú heo Giáng Sinh,4.6,9,150000,103000,208.0,1754
91272084,sach-cuoc-tham-hiem-vao-long-dat-tai-ban-p91272084,https://tiki.vn/sach-cuoc-tham-hiem-vao-long-dat-tai-ban-p91272084.html,Sách Cuộc Thám Hiểm Vào Lòng Đất (Tái Bản),4.8,66,98000,66000,600.0,1754
271414262,sach-chuyen-phieu-luu-ky-dieu-cua-edward-tulane-p271414262,https://tiki.vn/sach-chuyen-phieu-luu-ky-dieu-cua-edward-tulane-p271414262.html,Sách Chuyến phiêu lưu kỳ diệu của Edward Tulane,5.0,14,92000,70840,304.0,1754
272267674,sach-quai-vat-bang-bestseller-hai-huoc-so-mot-nuoc-anh-cua-david-walliams-p272267674,https://tiki.vn/sach-quai-vat-bang-bestseller-hai-huoc-so-mot-nuoc-anh-cua-david-walliams-p272267674.html,Sách Quái vật băng – Bestseller hài hước SỐ MỘT nước Anh của David Walliams,5.0,12,180000,129600,300.0,1754
278457733,sach-co-ho-dao-p278457733,https://tiki.vn/sach-co-ho-dao-p278457733.html,Sách Cô Hồ Đào,5.0,1,62000,46500,19.0,1754
17048321,sach-ngoi-nha-nho-tren-thao-nguyen-tap-7-thi-tran-nho-tai-ban-2019-p17048321,https://tiki.vn/sach-ngoi-nha-nho-tren-thao-nguyen-tap-7-thi-tran-nho-tai-ban-2019-p17048321.html,Sách Ngôi Nhà Nhỏ Trên Thảo Nguyên Tập 7: Thị Trấn Nhỏ (Tái Bản 2019),5.0,24,70000,56000,382.0,1754
197344443,sach-thung-lung-dong-vang-p197344443,https://tiki.vn/sach-thung-lung-dong-vang-p197344443.html,Sách Thung Lũng Đồng Vang,5.0,10,110000,84000,166.0,1754
75996801,sach-charlie-va-nha-may-so-co-la-tai-ban-2021-p75996801,https://tiki.vn/sach-charlie-va-nha-may-so-co-la-tai-ban-2021-p75996801.html,Sách Charlie Và Nhà Máy Sô Cô La (Tái Bản 2021),5.0,146,60000,47200,1759.0,1754
273596522,sach-den-nho-va-nhung-dua-con-cua-bien-p273596522,https://tiki.vn/sach-den-nho-va-nhung-dua-con-cua-bien-p273596522.html,Sách Đèn Nhỏ và những đứa con của biển,5.0,28,160000,123200,351.0,1754
129766511,sach-hoang-tu-va-chu-be-ngheo-kho-p129766511,https://tiki.vn/sach-hoang-tu-va-chu-be-ngheo-kho-p129766511.html,Sách Hoàng Tử Và Chú Bé Nghèo Khổ,5.0,3,99000,69800,32.0,1754
278194116,sach-ga-mo-va-vit-kho-p278194116,https://tiki.vn/sach-ga-mo-va-vit-kho-p278194116.html,Sách Gà Mờ Và Vịt Khờ - Bữa Tiệc Chất Chơi Ở Bể Bơi,5.0,3,50000,39200,22.0,1754
15604116,sach-nhung-cuoc-phieu-luu-cua-asterix-asterix-nguoi-gaulois-p15604116,https://tiki.vn/sach-nhung-cuoc-phieu-luu-cua-asterix-asterix-nguoi-gaulois-p15604116.html,Sách Những Cuộc Phiêu Lưu Của Asterix - Asterix Người Gaulois,4.7,32,80000,60000,353.0,1754
278381194,phu-thuy-se-nau-va-chiec-nhan-mat-tich-tu-sach-tuoi-than-tien-p278381194,https://tiki.vn/phu-thuy-se-nau-va-chiec-nhan-mat-tich-tu-sach-tuoi-than-tien-p278381194.html,Phù Thủy Sẻ Nâu Và Chiếc Nhẫn Mất Tích (Tủ Sách Tuổi Thần Tiên),0.0,0,65000,49400,2.0,1754
278110625,sach-cuoc-phieu-luu-cua-bella-va-harry-p278110625,https://tiki.vn/sach-cuoc-phieu-luu-cua-bella-va-harry-p278110625.html,Sách Cuộc Phiêu Lưu Của Bella Và Harry,0.0,0,56000,43200,6.0,1754
272057203,sach-nhung-dong-chu-mau-nhiem-p272057203,https://tiki.vn/sach-nhung-dong-chu-mau-nhiem-p272057203.html,Sách Những Dòng Chữ Màu Nhiệm,0.0,0,55000,40480,9.0,1754
278457728,sach-yeu-tinh-giay-dung-chay-p278457728,https://tiki.vn/sach-yeu-tinh-giay-dung-chay-p278457728.html,"Sách Yêu Tinh Giấy, Đừng Chạy!",0.0,0,79000,57800,1.0,1754
15265240,nhung-truyen-hay-viet-cho-thieu-nhi-xuan-quynh-tai-ban-2019-p15265240,https://tiki.vn/nhung-truyen-hay-viet-cho-thieu-nhi-xuan-quynh-tai-ban-2019-p15265240.html,Những Truyện Hay Viết Cho Thiếu Nhi - Xuân Quỳnh (Tái Bản 2019),5.0,185,36000,27360,2068.0,1754
33543695,sach-van-hoc-the-gioi-van-hoc-anh-alice-o-xu-so-than-tien-p33543695,https://tiki.vn/sach-van-hoc-the-gioi-van-hoc-anh-alice-o-xu-so-than-tien-p33543695.html,Sách Văn Học Thế Giới - Văn Học Anh - Alice Ở Xứ Sở Thần Tiên,4.8,16,50000,36800,288.0,1754
57815450,sach-kep-hat-de-va-vua-chuot-p57815450,https://tiki.vn/sach-kep-hat-de-va-vua-chuot-p57815450.html,Sách Kẹp Hạt Dẻ và Vua Chuột,5.0,39,65000,46000,297.0,1754
275009877,sach-nhung-truyen-thuyet-khong-the-khong-biet-cua-ba-lan-p275009877,https://tiki.vn/sach-nhung-truyen-thuyet-khong-the-khong-biet-cua-ba-lan-p275009877.html,Sách Những Truyền Thuyết Không Thể Không Biết Của Ba Lan,5.0,2,34000,23000,7.0,1754
279289965,sach-gia-dinh-meo-cam-bia-cung-chon-chu-de-p279289965,https://tiki.vn/sach-gia-dinh-meo-cam-bia-cung-chon-chu-de-p279289965.html,Sách Gia Đình Mèo Cam (Bìa Cứng) (Chọn chủ đề),0.0,0,190000,119600,7.0,1754
273476677,sach-nhat-stuart-p273476677,https://tiki.vn/sach-nhat-stuart-p273476677.html,Sách Nhắt Stuart,4.8,5,60000,46200,53.0,1754
272565739,tu-sach-vang-tac-pham-chon-loc-danh-cho-thieu-nhi-ba-me-vui-tinh-p272565739,https://tiki.vn/tu-sach-vang-tac-pham-chon-loc-danh-cho-thieu-nhi-ba-me-vui-tinh-p272565739.html,TỦ SÁCH VÀNG - Tác Phẩm Chọn Lọc Dành Cho Thiếu Nhi - Bà Mẹ Vui Tính,5.0,1,55000,40480,14.0,1754
275402819,sach-van-dieu-cho-em-nhung-loi-cua-hoa-p275402819,https://tiki.vn/sach-van-dieu-cho-em-nhung-loi-cua-hoa-p275402819.html,Sách Vần điệu cho em: Những lời của hoa,0.0,0,35000,24000,6.0,1754
55350695,van-hoc-trong-nha-truong-truyen-tay-bac-p55350695,https://tiki.vn/van-hoc-trong-nha-truong-truyen-tay-bac-p55350695.html,Văn Học Trong Nhà Trường - Truyện Tây Bắc,5.0,97,50000,39200,440.0,1754
275893913,sach-tham-tu-hai-da-tau-la-chuoi-va-thang-gion-p275893913,https://tiki.vn/sach-tham-tu-hai-da-tau-la-chuoi-va-thang-gion-p275893913.html,"Sách Thám Tử Hai Da, Tàu Lá Chuối Và Thằng Giôn",0.0,0,65000,51200,13.0,1754
16999552,tu-sach-vang-tuoi-tho-em-dem-p16999552,https://tiki.vn/tu-sach-vang-tuoi-tho-em-dem-p16999552.html,Tủ Sách Vàng: Tuổi Thơ Êm Đềm,5.0,8,50000,47500,237.0,1754
273569317,wonka-lay-cam-hung-tu-cuon-sach-charlie-va-nha-may-so-co-la-cua-roald-dahl-p273569317,https://tiki.vn/wonka-lay-cam-hung-tu-cuon-sach-charlie-va-nha-may-so-co-la-cua-roald-dahl-p273569317.html,WONKA (Lấy Cảm Hứng Từ Cuốn Sách Charlie Và Nhà Máy Sô Cô La Của Roald Dahl),5.0,7,85000,63200,93.0,1754
271077521,sach-goc-san-va-khoang-troi-tinh-tuyen-p271077521,https://tiki.vn/sach-goc-san-va-khoang-troi-tinh-tuyen-p271077521.html,Sách Góc sân và khoảng trời - tinh tuyển,4.8,5,78000,55000,156.0,1754
40357617,sach-van-hoc-trong-nha-truong-tho-nguyen-binh-p40357617,https://tiki.vn/sach-van-hoc-trong-nha-truong-tho-nguyen-binh-p40357617.html,Sách Văn Học Trong Nhà Trường: Thơ Nguyễn Bính,5.0,75,42000,39900,491.0,1754
277228155,sach-van-hoc-thieu-nhi-bi-mat-cua-toi-va-than-lan-den-p277228155,https://tiki.vn/sach-van-hoc-thieu-nhi-bi-mat-cua-toi-va-than-lan-den-p277228155.html,Sách Văn học thiếu nhi. Bí mật của tôi và Thằn Lằn Đen,0.0,0,62000,47000,86.0,1754
274602505,truyen-co-vong-quanh-the-gioi-p274602505,https://tiki.vn/truyen-co-vong-quanh-the-gioi-p274602505.html,Truyện Cổ Vòng Quanh Thế Giới,0.0,0,125000,93750,8.0,1754
194205624,sach-pippi-tat-dai-p194205624,https://tiki.vn/sach-pippi-tat-dai-p194205624.html,Sách Pippi Tất Dài,4.8,62,158000,113760,1189.0,1754
161383826,sach-dao-mong-mo-tai-ban-p161383826,https://tiki.vn/sach-dao-mong-mo-tai-ban-p161383826.html,Sách Đảo Mộng Mơ (Tái Bản),4.8,90,75000,53000,1387.0,1754
273609658,sach-gio-lanh-dau-mua-p273609658,https://tiki.vn/sach-gio-lanh-dau-mua-p273609658.html,Sách Gió lạnh đầu mùa,5.0,2,68000,47000,45.0,1754
274099748,sach-classic-heidi-p274099748,https://tiki.vn/sach-classic-heidi-p274099748.html,Sách Classic - Heidi,4.3,3,100000,74000,70.0,1754
269992031,sach-lu-tre-duong-tau-p269992031,https://tiki.vn/sach-lu-tre-duong-tau-p269992031.html,Sách Lũ trẻ đường tàu,5.0,17,105000,75600,357.0,1754
27589910,sach-bo-xau-bo-tot-p27589910,https://tiki.vn/sach-bo-xau-bo-tot-p27589910.html,"Sách Bố Xấu, Bố Tốt",5.0,157,155000,119350,2016.0,1754
59043893,sach-bang-dang-nua-dem-p59043893,https://tiki.vn/sach-bang-dang-nua-dem-p59043893.html,Sách Băng Đảng Nửa Đêm,4.8,283,165000,118800,1880.0,1754
212992695,sach-nhu-ng-ky-nghi-cu-a-nho-c-nicolas-p212992695,https://tiki.vn/sach-nhu-ng-ky-nghi-cu-a-nho-c-nicolas-p212992695.html,Sách Những kỳ nghỉ của Nhóc Nicolas,5.0,8,100000,77000,200.0,1754
262646196,sach-vu-an-dau-tien-cua-sherlock-homles-cuoc-dieu-tra-mau-do-ban-dac-biet-bia-canvas-p262646196,https://tiki.vn/sach-vu-an-dau-tien-cua-sherlock-homles-cuoc-dieu-tra-mau-do-ban-dac-biet-bia-canvas-p262646196.html,Sách Vụ án đầu tiên của Sherlock Homles: : Cuộc điều tra màu đỏ - Bản đặc biệt - Bìa canvas,5.0,7,589000,545300,32.0,1754
158745345,rom-ra-lam-lem-truyen-dai-thieu-nhi-do-tuoi-6-den-15-p158745345,https://tiki.vn/rom-ra-lam-lem-truyen-dai-thieu-nhi-do-tuoi-6-den-15-p158745345.html,Rơm Rạ Lấm Lem (Truyện Dài Thiếu Nhi Độ Tuổi 6 Đến 15),4.8,24,75000,61000,268.0,1754
212992703,sach-nho-c-nicolas-va-ca-c-ba-n-p212992703,https://tiki.vn/sach-nho-c-nicolas-va-ca-c-ba-n-p212992703.html,Sách Nhóc Nicolas và các bạn,5.0,8,105000,61200,205.0,1754
270734740,sach-thuyen-truong-tuoi-15-p270734740,https://tiki.vn/sach-thuyen-truong-tuoi-15-p270734740.html,Sách Thuyền trưởng tuổi 15,4.7,9,245000,172000,127.0,1754
274099738,sach-classic-alice-o-xu-so-dieu-ki-alice-o-xu-so-trong-guong-p274099738,https://tiki.vn/sach-classic-alice-o-xu-so-dieu-ki-alice-o-xu-so-trong-guong-p274099738.html,Sách Classic - Alice ở xứ sở diệu kì & Alice ở xứ sở trong gương,5.0,4,100000,74000,74.0,1754
278323494,sach-anne-toc-do-duoi-mai-nha-bach-duong-tai-ban-p278323494,https://tiki.vn/sach-anne-toc-do-duoi-mai-nha-bach-duong-tai-ban-p278323494.html,Sách Anne Tóc Đỏ Dưới Mái Nhà Bạch Dương (Tái Bản) - 2019,5.0,49,119000,85680,707.0,1754
247858749,sach-nhoc-ti-ty-phu-p247858749,https://tiki.vn/sach-nhoc-ti-ty-phu-p247858749.html,Sách Nhóc Tì Tỷ Phú,4.8,31,109000,78480,724.0,1754
20460366,sach-mua-he-nam-petrus-tai-ban-2019-p20460366,https://tiki.vn/sach-mua-he-nam-petrus-tai-ban-2019-p20460366.html,Sách Mùa Hè Năm Petrus (Tái Bản 2019),5.0,26,170000,122000,273.0,1754
278963848,combo-09-boxset-kinh-van-hoa-bo-ki-niem-30-nam-p278963848,https://tiki.vn/combo-09-boxset-kinh-van-hoa-bo-ki-niem-30-nam-p278963848.html,Combo 09 Boxset Kính Vạn Hoa Bộ Kỉ Niệm 30 Năm - Tặng Kèm 1 Sổ Tay Trong Mỗi Boxset,5.0,1,2160000,1664000,17.0,1754
79117391,sach-khong-gia-dinh-p79117391,https://tiki.vn/sach-khong-gia-dinh-p79117391.html,Sách Không Gia Đình,4.8,73,168000,96600,307.0,1754
274923683,sach-tho-cho-thieu-nhi-p274923683,https://tiki.vn/sach-tho-cho-thieu-nhi-p274923683.html,Sách Thơ cho thiếu nhi,0.0,0,78000,56000,66.0,1754
46332551,sach-hoang-tu-be-bia-mem-tai-ban-p46332551,https://tiki.vn/sach-hoang-tu-be-bia-mem-tai-ban-p46332551.html,Sách Hoàng Tử Bé (Bìa Mềm)(Tái Bản),4.8,43,120000,87000,297.0,1754
195962334,sach-ba-ngoai-phu-thuy-va-mua-he-tap-su-nishi-no-majo-ga-shinda-p195962334,https://tiki.vn/sach-ba-ngoai-phu-thuy-va-mua-he-tap-su-nishi-no-majo-ga-shinda-p195962334.html,Sách Bà ngoại phù thủy và mùa hè tập sự - Nishi No Majo Ga Shinda,5.0,19,118000,91000,325.0,1754
274099742,sach-classic-ngua-o-yeu-dau-p274099742,https://tiki.vn/sach-classic-ngua-o-yeu-dau-p274099742.html,Sách Classic - Ngựa ô yêu dấu,4.8,4,100000,72000,28.0,1754
273464125,sach-ngua-o-yeu-dau-p273464125,https://tiki.vn/sach-ngua-o-yeu-dau-p273464125.html,Sách Ngựa Ô Yêu Dấu,5.0,3,99000,69800,28.0,1754
75996779,sach-than-duoc-cua-george-tai-ban-2021-p75996779,https://tiki.vn/sach-than-duoc-cua-george-tai-ban-2021-p75996779.html,Sách Thần Dược Của George (Tái Bản 2021),5.0,52,30000,22080,478.0,1754
17048324,sach-ngoi-nha-nho-tren-thao-nguyen-tap-5-ven-bo-ho-bac-tai-ban-2019-p17048324,https://tiki.vn/sach-ngoi-nha-nho-tren-thao-nguyen-tap-5-ven-bo-ho-bac-tai-ban-2019-p17048324.html,Sách Ngôi Nhà Nhỏ Trên Thảo Nguyên Tập 5: Ven Bờ Hồ Bạc (Tái Bản 2019),4.7,25,70000,55200,408.0,1754
153521886,sach-doi-giay-truot-bang-noel-streatfeild-p153521886,https://tiki.vn/sach-doi-giay-truot-bang-noel-streatfeild-p153521886.html,Sách Đôi Giày Trượt Băng - Noel Streatfeild,4.6,5,109000,55100,38.0,1754
98187423,sach-vu-viec-di-thuong-ve-bac-si-jekyll-va-ong-hyde-p98187423,https://tiki.vn/sach-vu-viec-di-thuong-ve-bac-si-jekyll-va-ong-hyde-p98187423.html,Sách Vụ Việc Dị Thường Về Bác Sĩ Jekyll Và Ông Hyde,4.8,53,60000,45600,166.0,1754
276559168,sach-hoang-tu-be-p276559168,https://tiki.vn/sach-hoang-tu-be-p276559168.html,Sách Hoàng Tử Bé,5.0,1,108000,78000,24.0,1754
273218979,sach-nguoi-me-cam-sung-p273218979,https://tiki.vn/sach-nguoi-me-cam-sung-p273218979.html,Sách Người Mẹ Cầm Súng,4.8,36,40000,30400,112.0,1754
274537555,tu-sach-tuoi-than-tien-o-mot-noi-co-rat-nhieu-rong-p274537555,https://tiki.vn/tu-sach-tuoi-than-tien-o-mot-noi-co-rat-nhieu-rong-p274537555.html,Tủ Sách Tuổi Thần Tiên - Ở Một Nơi Có Rất Nhiều Rồng,0.0,0,65000,51200,11.0,1754
22725442,nhung-truyen-hay-viet-cho-thieu-nhi-vo-quang-tai-ban-2019-p22725442,https://tiki.vn/nhung-truyen-hay-viet-cho-thieu-nhi-vo-quang-tai-ban-2019-p22725442.html,Những Truyện Hay Viết Cho Thiếu Nhi - Võ Quảng (Tái Bản 2019),5.0,171,35000,29925,1552.0,1754
274099740,sach-classic-cong-chua-nho-p274099740,https://tiki.vn/sach-classic-cong-chua-nho-p274099740.html,Sách Classic - Công chúa nhỏ,4.8,4,100000,74000,76.0,1754
130997085,sach-chuyen-con-cho-ten-la-trung-thanh-p130997085,https://tiki.vn/sach-chuyen-con-cho-ten-la-trung-thanh-p130997085.html,Sách Chuyện Con Chó Tên Là Trung Thành,5.0,111,56000,42000,1308.0,1754
184095592,sach-tho-hay-viet-cho-thieu-nhi-hai-ban-tay-em-p184095592,https://tiki.vn/sach-tho-hay-viet-cho-thieu-nhi-hai-ban-tay-em-p184095592.html,Sách Thơ Hay Viết Cho Thiếu Nhi: Hai Bàn Tay Em,5.0,1,65000,49400,49.0,1754
273674029,sach-ong-da-den-roi-p273674029,https://tiki.vn/sach-ong-da-den-roi-p273674029.html,Sách Ông Đã Đến Rồi,0.0,0,66000,46600,7.0,1754
43016499,sach-thoi-tho-au-tai-ban-p43016499,https://tiki.vn/sach-thoi-tho-au-tai-ban-p43016499.html,Sách Thời Thơ Ấu (Tái Bản),5.0,49,88000,60000,397.0,1754
274722276,sach-sau-lung-gio-bac-tac-pham-chon-loc_van-hoc-scotland-p274722276,https://tiki.vn/sach-sau-lung-gio-bac-tac-pham-chon-loc_van-hoc-scotland-p274722276.html,Sách Sau Lưng Gió Bấc (Tác Phẩm Chọn Lọc_Văn Học Scotland),0.0,0,115000,89600,23.0,1754
75996785,sach-chu-rua-alfie-tai-ban-2021-p75996785,https://tiki.vn/sach-chu-rua-alfie-tai-ban-2021-p75996785.html,Sách Chú Rùa Alfie (Tái Bản 2021),5.0,34,25000,19000,328.0,1754
276750275,sach-gau-pooh-o-khu-rung-tram-mau-p276750275,https://tiki.vn/sach-gau-pooh-o-khu-rung-tram-mau-p276750275.html,Sách Gấu Pooh Ở Khu Rừng Trăm Mẫu,5.0,1,99000,76230,15.0,1754
278876288,sach-chuyen-ke-cun-va-miu-p278876288,https://tiki.vn/sach-chuyen-ke-cun-va-miu-p278876288.html,Sách Chuyện Kể Cún Và Miu,0.0,0,120000,86000,3.0,1754
56610154,sach-bau-troi-trong-qua-trung-tai-ban-2020-p56610154,https://tiki.vn/sach-bau-troi-trong-qua-trung-tai-ban-2020-p56610154.html,Sách Bầu Trời Trong Quả Trứng (Tái Bản 2020),4.8,5,60000,45000,92.0,1754
521830,sach-van-hoc-nga-tac-pham-chon-loc-chiec-nhan-bang-thep-p521830,https://tiki.vn/sach-van-hoc-nga-tac-pham-chon-loc-chiec-nhan-bang-thep-p521830.html,Sách Văn Học Nga - Tác Phẩm Chọn Lọc: Chiếc Nhẫn Bằng Thép,5.0,1,60000,44160,145.0,1754
1628037,sach-nhoc-nicolas-nhung-chuyen-chua-ke-tap-3-tai-ban-2018-p1628037,https://tiki.vn/sach-nhoc-nicolas-nhung-chuyen-chua-ke-tap-3-tai-ban-2018-p1628037.html,Sách Nhóc Nicolas Những Chuyện Chưa Kể (Tập 3) - Tái Bản 2018,4.0,1,162000,116640,238.0,1754
274468845,sach-gio-dua-trong-lieu-p274468845,https://tiki.vn/sach-gio-dua-trong-lieu-p274468845.html,Sách Gió đùa trong liễu,4.5,8,100000,71000,76.0,1754
273549077,tho-quang-dung-tu-sach-van-hoc-trong-nha-truong-p273549077,https://tiki.vn/tho-quang-dung-tu-sach-van-hoc-trong-nha-truong-p273549077.html,Thơ QUANG DŨNG (Tủ sách Văn học trong nhà trường),5.0,3,45000,34200,21.0,1754
14610849,sach-de-men-phieu-luu-ky-tai-ban-2019-p14610849,https://tiki.vn/sach-de-men-phieu-luu-ky-tai-ban-2019-p14610849.html,Sách Dế Mèn Phiêu Lưu Ký (Tái Bản 2019),4.6,58,60000,45600,480.0,1754
204053363,sach-danh-tac-the-gioi-thuan-hoa-co-nang-danh-da-p204053363,https://tiki.vn/sach-danh-tac-the-gioi-thuan-hoa-co-nang-danh-da-p204053363.html,Sách Danh Tác Thế Giới - Thuần Hóa Cô Nàng Đanh Đá,5.0,2,40000,32000,21.0,1754
153521897,sach-doi-giay-rap-xiec-noel-streatfeild-p153521897,https://tiki.vn/sach-doi-giay-rap-xiec-noel-streatfeild-p153521897.html,Sách Đôi Giày Rạp Xiếc - Noel Streatfeild,5.0,3,140000,74600,38.0,1754
276482077,sach-van-hoc-thieu-nhi-chuyen-co-tich-cua-vuon-p276482077,https://tiki.vn/sach-van-hoc-thieu-nhi-chuyen-co-tich-cua-vuon-p276482077.html,Sách Văn học thiếu nhi: Chuyện cổ tích của vườn,5.0,3,85000,64000,34.0,1754
153521888,sach-doi-giay-san-khau-noel-streatfeild-p153521888,https://tiki.vn/sach-doi-giay-san-khau-noel-streatfeild-p153521888.html,Sách Đôi Giày Sân Khấu- Noel Streatfeild,4.7,3,145000,73300,33.0,1754
75996781,sach-huou-cao-co-chim-bo-nong-va-toi-tai-ban-2021-p75996781,https://tiki.vn/sach-huou-cao-co-chim-bo-nong-va-toi-tai-ban-2021-p75996781.html,"Sách Hươu Cao Cổ, Chim Bồ Nông Và Tôi (Tái Bản 2021)",5.0,36,25000,19600,417.0,1754
270504481,nhung-truyen-hay-viet-cho-thieu-nhi-nguyen-kien-p270504481,https://tiki.vn/nhung-truyen-hay-viet-cho-thieu-nhi-nguyen-kien-p270504481.html,Những Truyện Hay Viết Cho Thiếu Nhi - NGUYỄN KIÊN,5.0,1,55000,42240,51.0,1754
184095596,sach-tho-hay-viet-cho-thieu-nhi-bai-ca-trai-dat-p184095596,https://tiki.vn/sach-tho-hay-viet-cho-thieu-nhi-bai-ca-trai-dat-p184095596.html,Sách Thơ Hay Viết Cho Thiếu Nhi: Bài Ca Trái Đất,5.0,2,75000,57000,61.0,1754
146077343,nhat-ky-cua-chu-be-phill-mot-sach-3-gio-dau-la-sieu-mot-sach-p146077343,https://tiki.vn/nhat-ky-cua-chu-be-phill-mot-sach-3-gio-dau-la-sieu-mot-sach-p146077343.html,Nhật Ký Của Chú Bé Phill - Mọt Sách 3 - Giờ Đã Là Siêu Mọt Sách,5.0,3,55000,27800,11.0,1754
92994592,sach-mai-am-chon-rung-sau-tap-1_ngoi-nha-dich-thuc-p92994592,https://tiki.vn/sach-mai-am-chon-rung-sau-tap-1_ngoi-nha-dich-thuc-p92994592.html,Sách Mái Ấm Chốn Rừng Sâu: Tập 1_Ngôi Nhà Đích Thực,4.8,15,48000,37280,108.0,1754
272404896,sach-con-trung-ky-tap-8-p272404896,https://tiki.vn/sach-con-trung-ky-tap-8-p272404896.html,Sách Côn trùng ký tập 8,5.0,3,175000,134000,63.0,1754
85350807,sach-cho-toi-xin-mot-ve-di-tuoi-tho-phien-ban-dac-biet-p85350807,https://tiki.vn/sach-cho-toi-xin-mot-ve-di-tuoi-tho-phien-ban-dac-biet-p85350807.html,Sách Cho Tôi Xin Một Vé Đi Tuổi Thơ (Phiên Bản Đặc Biệt),5.0,182,465000,370000,618.0,1754
278491344,sach-la-nam-trong-la-kho-nho-p278491344,https://tiki.vn/sach-la-nam-trong-la-kho-nho-p278491344.html,Sách Lá Nằm Trong Lá (Khổ Nhỏ),0.0,0,55000,44000,15.0,1754
272565695,tu-sach-vang-tac-pham-chon-loc-danh-cho-thieu-nhi-co-may-ngay-xua-p272565695,https://tiki.vn/tu-sach-vang-tac-pham-chon-loc-danh-cho-thieu-nhi-co-may-ngay-xua-p272565695.html,TỦ SÁCH VÀNG - Tác Phẩm Chọn Lọc Dành Cho Thiếu Nhi - Cỏ May Ngày Xưa,5.0,1,40000,29200,21.0,1754
204053360,sach-danh-tac-the-gioi-80-ngay-vong-quanh-the-gioi-p204053360,https://tiki.vn/sach-danh-tac-the-gioi-80-ngay-vong-quanh-the-gioi-p204053360.html,Sách Danh Tác Thế Giới - 80 Ngày Vòng Quanh Thế Giới,5.0,4,40000,31360,54.0,1754
278668612,sach-van-hoc-thieu-nhi-tren-nhung-dam-may-p278668612,https://tiki.vn/sach-van-hoc-thieu-nhi-tren-nhung-dam-may-p278668612.html,Sách Văn Học Thiếu Nhi: Trên Những Đám Mây,0.0,0,70000,55000,19.0,1754
273462151,sach-sieu-trom-quan-tu-arsene-lupin-p273462151,https://tiki.vn/sach-sieu-trom-quan-tu-arsene-lupin-p273462151.html,Sách Siêu Trộm Quân Tử - Arsène Lupin,5.0,1,160000,120000,22.0,1754
44983207,sach-tho-hay-cho-be-mam-non-tap-1-tai-ban-p44983207,https://tiki.vn/sach-tho-hay-cho-be-mam-non-tap-1-tai-ban-p44983207.html,Sách Thơ Hay Cho Bé Mầm Non (Tập 1) (Tái Bản),4.7,44,80000,60800,460.0,1754
44983204,sach-tho-hay-cho-be-mam-non-tap-2-tai-ban-p44983204,https://tiki.vn/sach-tho-hay-cho-be-mam-non-tap-2-tai-ban-p44983204.html,Sách Thơ Hay Cho Bé Mầm Non (Tập 2) (Tái Bản),4.7,42,80000,60800,332.0,1754
277228159,van-hoc-thieu-nhi-truyen-tay-du-noi-xom-la-p277228159,https://tiki.vn/van-hoc-thieu-nhi-truyen-tay-du-noi-xom-la-p277228159.html,Văn học thiếu nhi. Truyện Tây du nơi Xóm Lá,5.0,1,98000,77000,32.0,1754
75996799,sach-cau-chuyen-ki-dieu-ve-henry-sugar-va-sau-chuyen-khac-tai-ban-2021-p75996799,https://tiki.vn/sach-cau-chuyen-ki-dieu-ve-henry-sugar-va-sau-chuyen-khac-tai-ban-2021-p75996799.html,Sách Câu Chuyện Kì Diệu Về Henry Sugar Và Sáu Chuyện Khác (Tái Bản 2021),5.0,28,80000,59200,293.0,1754
278747349,sach-co-tho-xam-nho-o-mien-thon-da-long-yeu-thuong-va-su-dung-cam-bia-cung-p278747349,https://tiki.vn/sach-co-tho-xam-nho-o-mien-thon-da-long-yeu-thuong-va-su-dung-cam-bia-cung-p278747349.html,Sách - Cô Thỏ Xám Nhỏ Ở Miền Thôn Dã (Bìa Cứng),5.0,1,248000,162200,7.0,1754
270504458,nhung-truyen-hay-viet-cho-thieu-nhi-ma-van-khang-p270504458,https://tiki.vn/nhung-truyen-hay-viet-cho-thieu-nhi-ma-van-khang-p270504458.html,Những Truyện Hay Viết Cho Thiếu Nhi - Ma Văn Kháng,5.0,31,60000,42320,133.0,1754
278685095,sach-tac-pham-chon-loc-van-hoc-nga-nhung-nha-du-hanh-vi-dai-p278685095,https://tiki.vn/sach-tac-pham-chon-loc-van-hoc-nga-nhung-nha-du-hanh-vi-dai-p278685095.html,Sách Tác Phẩm Chọn Lọc - Văn Học Nga - Những Nhà Du Hành Vĩ Đại,5.0,1,56000,44800,13.0,1754
193915765,sach-bac-si-aibolit-tai-ban-2025-p193915765,https://tiki.vn/sach-bac-si-aibolit-tai-ban-2025-p193915765.html,Sách Bác Sĩ Aibôlít (Tái Bản 2025),5.0,1,30000,23520,15.0,1754
204317916,sach-tho-thuy-anh-vui-cung-tieng-viet-p204317916,https://tiki.vn/sach-tho-thuy-anh-vui-cung-tieng-viet-p204317916.html,Sách Thơ Thụy Anh - Vui cùng tiếng Việt,5.0,2,45000,39000,65.0,1754
73437505,sach-nguoi-ban-ao-anh-p73437505,https://tiki.vn/sach-nguoi-ban-ao-anh-p73437505.html,Sách Người Bạn Ảo Ảnh,5.0,21,95000,67000,133.0,1754
278373260,sach-cau-be-trong-hop-thiec-p278373260,https://tiki.vn/sach-cau-be-trong-hop-thiec-p278373260.html,Sách Cậu Bé Trong Hộp Thiếc,4.0,2,99000,79200,12.0,1754
40357427,van-hoc-trong-nha-truong-truyen-ngan-nguyen-cong-hoan-p40357427,https://tiki.vn/van-hoc-trong-nha-truong-truyen-ngan-nguyen-cong-hoan-p40357427.html,Văn Học Trong Nhà Trường: Truyện Ngắn Nguyễn Công Hoan,5.0,18,65000,49400,90.0,1754
54609657,tuyen-tap-truyen-hay-danh-cho-thieu-nhi-4-tai-ban-2020-p54609657,https://tiki.vn/tuyen-tap-truyen-hay-danh-cho-thieu-nhi-4-tai-ban-2020-p54609657.html,Tuyển Tập Truyện Hay Dành Cho Thiếu Nhi 4 (Tái Bản 2020),5.0,20,48000,33600,124.0,1754
75353238,sach-this-is-tet-p75353238,https://tiki.vn/sach-this-is-tet-p75353238.html,Sách This Is Tết!,5.0,37,68000,51000,420.0,1754
57355745,sach-chuyen-ve-bailey-chu-cho-trong-tieu-thuyet-p57355745,https://tiki.vn/sach-chuyen-ve-bailey-chu-cho-trong-tieu-thuyet-p57355745.html,Sách Chuyện Về Bailey - Chú Chó Trong Tiểu Thuyết,5.0,15,80000,58000,88.0,1754
446264,sach-candy-book-trai-he-dang-nho-p446264,https://tiki.vn/sach-candy-book-trai-he-dang-nho-p446264.html,Sách Candy Book - Trại Hè Đáng Nhớ,3.9,27,52000,36700,481.0,1754
263387409,combo-2-cuon-kho-tang-cau-do-dan-gian-bang-tranh-p263387409,https://tiki.vn/combo-2-cuon-kho-tang-cau-do-dan-gian-bang-tranh-p263387409.html,"Combo 2 Cuốn ""Kho Tàng Câu Đố Dân Gian Bằng Tranh""",5.0,1,136000,104720,19.0,1754
278323343,truyen-co-grimm-bia-cung-p278323343,https://tiki.vn/truyen-co-grimm-bia-cung-p278323343.html,Truyện Cổ Grimm (Bìa Cứng),5.0,12,135000,95000,18.0,1754
263389190,sach-van-hoc-thieu-nhi-co-tich-cua-ba-tan-van-cho-thieu-nhi-p263389190,https://tiki.vn/sach-van-hoc-thieu-nhi-co-tich-cua-ba-tan-van-cho-thieu-nhi-p263389190.html,Sách Văn học thiếu nhi - Cổ tích của ba - Tản văn cho thiếu nhi,5.0,3,60000,44000,38.0,1754
146077331,nhat-ky-cua-chu-be-phill-mot-sach-1-cau-chuyen-ve-mot-cau-be-dac-biet-nguoi-tin-vao-nhung-chuyen-tuong-tuong-p146077331,https://tiki.vn/nhat-ky-cua-chu-be-phill-mot-sach-1-cau-chuyen-ve-mot-cau-be-dac-biet-nguoi-tin-vao-nhung-chuyen-tuong-tuong-p146077331.html,"Nhật Ký Của Chú Bé Phill - Mọt Sách 1 - Câu Chuyện Về Một Cậu Bé Đặc Biệt, Người Tin Vào Những Chuyện Tưởng Tượng",5.0,2,55000,29300,12.0,1754
30764831,sach-cuoc-phieu-luu-cua-bay-than-khuyen-p30764831,https://tiki.vn/sach-cuoc-phieu-luu-cua-bay-than-khuyen-p30764831.html,Sách Cuộc Phiêu Lưu Của Bày Thần Khuyển,5.0,30,85000,57000,204.0,1754
153521880,sach-doi-giay-ba-le-noel-streatfeild-p153521880,https://tiki.vn/sach-doi-giay-ba-le-noel-streatfeild-p153521880.html,Sách Đôi Giày Ba-Lê - Noel Streatfeild,4.7,6,119000,83700,47.0,1754
278380065,sach-zoey-va-xa-xi-p278380065,https://tiki.vn/sach-zoey-va-xa-xi-p278380065.html,Sách Zoey Và Xá Xị - Tập 4 - Mèo Cánh Bướm Và Băng,0.0,0,30000,22080,8.0,1754
75996806,sach-phu-thuy-phu-thuy-tai-ban-2021-p75996806,https://tiki.vn/sach-phu-thuy-phu-thuy-tai-ban-2021-p75996806.html,"Sách Phù Thủy, Phù Thủy (Tái Bản 2021)",5.0,70,60000,44160,544.0,1754
75353247,sach-dung-la-tet-tai-ban-2020-p75353247,https://tiki.vn/sach-dung-la-tet-tai-ban-2020-p75353247.html,Sách Đúng Là Tết! (Tái Bản 2020),5.0,20,68000,51680,185.0,1754
75996783,sach-bac-fox-tuyet-voi-tai-ban-2021-p75996783,https://tiki.vn/sach-bac-fox-tuyet-voi-tai-ban-2021-p75996783.html,Sách Bác Fox Tuyệt Vời (Tái Bản 2021),5.0,62,30000,23520,457.0,1754
276602956,sach-tup-leu-cua-bac-tom-p276602956,https://tiki.vn/sach-tup-leu-cua-bac-tom-p276602956.html,Sách Túp lều của bác Tom,5.0,1,108000,78000,31.0,1754
143858331,sach-nhung-dua-tre-ki-dieu-co-be-ti-hon-p143858331,https://tiki.vn/sach-nhung-dua-tre-ki-dieu-co-be-ti-hon-p143858331.html,Sách Những Đứa Trẻ Kì Diệu - Cô Bé Tí Hon,5.0,6,30000,23520,50.0,1754
1664559,sach-mot-cuoc-phieu-luu-ra-tro-va-rac-roi-p1664559,https://tiki.vn/sach-mot-cuoc-phieu-luu-ra-tro-va-rac-roi-p1664559.html,Sách Một Cuộc Phiêu Lưu Ra Trò Và Rắc Rối,4.7,26,55000,41250,1026.0,1754
74021329,sach-tu-anna-p74021329,https://tiki.vn/sach-tu-anna-p74021329.html,Sách Từ Anna,5.0,42,90000,72000,298.0,1754
83813036,sach-ly-tu-trong-song-mai-ten-anh-p83813036,https://tiki.vn/sach-ly-tu-trong-song-mai-ten-anh-p83813036.html,Sách Lý Tự Trọng - Sống Mãi Tên Anh,4.7,10,32000,24800,91.0,1754
146065909,combo-bo-5-cuon-mot-sach-phien-ban-goc-p146065909,https://tiki.vn/combo-bo-5-cuon-mot-sach-phien-ban-goc-p146065909.html,"Combo Bộ 5 Cuốn Mọt Sách Phiên Bản Gốc: Nhật Ký Của Chú Bé Phill - Mọt Sách 1 - Câu Chuyện Về Một Cậu Bé Đặc Biệt, Người Tin Vào Những Chuyện Tưởng Tượng + Nhật Ký Của Chú Bé Phill - Mọt Sách 2 - Hàng Nghìn Ánh Đèn Hollywood +  Nhật Ký Của Chú Bé Phill - ",4.8,6,275000,173100,43.0,1754
146077349,nhat-ky-cua-chu-be-phill-mot-sach-2-hang-nghin-anh-den-hollywood-p146077349,https://tiki.vn/nhat-ky-cua-chu-be-phill-mot-sach-2-hang-nghin-anh-den-hollywood-p146077349.html,Nhật Ký Của Chú Bé Phill - Mọt Sách 2 - Hàng Nghìn Ánh Đèn Hollywood,5.0,2,55000,33000,8.0,1754
278241190,sach-cuoc-phieu-luu-cua-ermine-p278241190,https://tiki.vn/sach-cuoc-phieu-luu-cua-ermine-p278241190.html,Sách Cuộc Phiêu Lưu Của Ermine,0.0,0,79000,54600,4.0,1754
355139,sach-happy-reader-hiep-si-dong-ki-sot-kem-1-cd-p355139,https://tiki.vn/sach-happy-reader-hiep-si-dong-ki-sot-kem-1-cd-p355139.html,Sách Happy Reader - Hiệp sĩ Đông Ki Sốt - Kèm 1 CD,4.5,12,46000,32201,459.0,1754
75996787,sach-vo-chong-lao-twit-tai-ban-2021-p75996787,https://tiki.vn/sach-vo-chong-lao-twit-tai-ban-2021-p75996787.html,Sách Vợ Chồng Lão Twit (Tái Bản 2021),5.0,48,30000,22080,410.0,1754
143861671,sach-nhung-dua-tre-ki-dieu-cau-be-co-doi-chan-tia-chop-p143861671,https://tiki.vn/sach-nhung-dua-tre-ki-dieu-cau-be-co-doi-chan-tia-chop-p143861671.html,Sách Những Đứa Trẻ Kì Diệu - Cậu Bé Có Đôi Chân Tia Chớp,5.0,6,30000,22800,61.0,1754
612390,sach-lich-su-viet-nam-bang-tranh-tap-24-chien-thang-giac-nguyen-mong-lan-thu-3-p612390,https://tiki.vn/sach-lich-su-viet-nam-bang-tranh-tap-24-chien-thang-giac-nguyen-mong-lan-thu-3-p612390.html,Sách Lịch Sử Việt Nam Bằng Tranh (Tập 24) - Chiến Thắng Giặc Nguyên Mông Lần Thứ 3,5.0,18,35000,28000,306.0,1754
278114770,sach-ngan-le-mot-dem-ke-chuyen-cho-meo-p278114770,https://tiki.vn/sach-ngan-le-mot-dem-ke-chuyen-cho-meo-p278114770.html,Sách Ngàn Lẻ Một Đêm Kể Chuyện Cho Mèo,5.0,5,70000,53600,19.0,1754
415245,sach-the-christmas-carol-ca-khuc-giang-sinh-kem-cd-tai-ban-2014-p415245,https://tiki.vn/sach-the-christmas-carol-ca-khuc-giang-sinh-kem-cd-tai-ban-2014-p415245.html,Sách The Christmas Carol - Ca Khúc Giáng Sinh (Kèm CD - Tái Bản 2014),4.3,4,44000,30800,152.0,1754
446265,sach-candy-book-chang-hoang-tu-cua-toi-p446265,https://tiki.vn/sach-candy-book-chang-hoang-tu-cua-toi-p446265.html,Sách Candy Book - Chàng Hoàng Tử Của Tôi,4.3,14,52000,27000,296.0,1754
53720987,sach-lao-ha-tien-van-hoc-trong-nha-truong-p53720987,https://tiki.vn/sach-lao-ha-tien-van-hoc-trong-nha-truong-p53720987.html,Sách Lão Hà Tiện - Văn Học Trong Nhà Trường,5.0,37,40000,30800,294.0,1754
275611102,sach-cay-tao-cua-ong-p275611102,https://tiki.vn/sach-cay-tao-cua-ong-p275611102.html,Sách Cây táo của ông,5.0,3,82000,63140,36.0,1754
53720983,sach-con-chim-xanh-van-hoc-trong-nha-truong-p53720983,https://tiki.vn/sach-con-chim-xanh-van-hoc-trong-nha-truong-p53720983.html,Sách Con Chim Xanh - Văn Học Trong Nhà Trường,4.8,30,48000,36480,269.0,1754
278749455,van-hoc-thieu-nhi-chien-binh-muop-coc-p278749455,https://tiki.vn/van-hoc-thieu-nhi-chien-binh-muop-coc-p278749455.html,Văn Học Thiếu Nhi. Chiến Binh Mướp Cộc,0.0,0,68000,49000,12.0,1754
15264907,nhung-truyen-hay-viet-cho-thieu-nhi-pham-ho-tai-ban-2019-p15264907,https://tiki.vn/nhung-truyen-hay-viet-cho-thieu-nhi-pham-ho-tai-ban-2019-p15264907.html,Những Truyện Hay Viết Cho Thiếu Nhi - Phạm Hổ (Tái Bản),5.0,86,65000,49400,972.0,1754
148008759,combo-5-cuon-david-walliams-ong-noi-vuot-nguc-bo-xau-bo-tot-bang-dang-nua-dem-banh-mi-kep-chuot-ba-noi-gangxto-p148008759,https://tiki.vn/combo-5-cuon-david-walliams-ong-noi-vuot-nguc-bo-xau-bo-tot-bang-dang-nua-dem-banh-mi-kep-chuot-ba-noi-gangxto-p148008759.html,Combo 5 Cuốn David Walliams: Ông Nội Vượt Ngục + Bố Xấu Bố Tốt + Băng Đảng Nửa Đêm + Bánh Mì Kẹp Chuột + Bà Nội Gangxto,5.0,37,674000,463680,239.0,1754
16562116,combo-truyen-co-grim-4-tap-tai-ban-2019-p16562116,https://tiki.vn/combo-truyen-co-grim-4-tap-tai-ban-2019-p16562116.html,Combo Truyện Cổ Grim (4 Tập - Tái Bản),4.7,60,260000,195000,372.0,1754
275300162,sach-ca-nha-ta-xong-pha-nguyen-thuy-p275300162,https://tiki.vn/sach-ca-nha-ta-xong-pha-nguyen-thuy-p275300162.html,Sách Cả Nhà Ta Xông Pha Nguyên Thủy,0.0,0,45000,33120,6.0,1754
274663568,nhung-truyen-hay-ke-cho-be-nghe-p274663568,https://tiki.vn/nhung-truyen-hay-ke-cho-be-nghe-p274663568.html,Những Truyện Hay Kể Cho Bé Nghe,0.0,0,99000,72800,8.0,1754
277410872,sach-thu-vien-bi-an-p277410872,https://tiki.vn/sach-thu-vien-bi-an-p277410872.html,Sách Thư viện bí ẩn,5.0,3,109000,81750,52.0,1754
51286880,sach-nua-vong-trai-dat-p51286880,https://tiki.vn/sach-nua-vong-trai-dat-p51286880.html,Sách Nửa Vòng Trái Đất,4.3,7,90000,66000,137.0,1754
262662810,sach-van-hoc-thieu-nhi-kho-bau-trong-thanh-pho-p262662810,https://tiki.vn/sach-van-hoc-thieu-nhi-kho-bau-trong-thanh-pho-p262662810.html,Sách Văn học thiếu nhi - Kho báu trong thành phố,5.0,1,105000,50000,55.0,1754
278456243,sach-35-ky-lo-hy-vong-p278456243,https://tiki.vn/sach-35-ky-lo-hy-vong-p278456243.html,Sách 35 Ký Lô Hy Vọng,0.0,0,129000,92300,7.0,1754
540470,sach-huong-nao-ha-noi-cung-song-tai-ban-2016-p540470,https://tiki.vn/sach-huong-nao-ha-noi-cung-song-tai-ban-2016-p540470.html,Sách Hướng Nào Hà Nội Cũng Sông (Tái Bản 2016),5.0,8,72000,54000,138.0,1754
200617452,loi-tai-cai-duoi-dieu-tap-truyen-thieu-nhi-p200617452,https://tiki.vn/loi-tai-cai-duoi-dieu-tap-truyen-thieu-nhi-p200617452.html,Lỗi tại cái đuôi diều (Tập truyện thiếu nhi),5.0,9,60000,46000,101.0,1754
202879284,sach-timmy-failure-dung-do-dien-dau-p202879284,https://tiki.vn/sach-timmy-failure-dung-do-dien-dau-p202879284.html,Sách Timmy Failure: Đụng Độ Điên Đầu,4.3,9,110000,76000,77.0,1754
275009871,sach-12-khuc-ca-cua-su-song-p275009871,https://tiki.vn/sach-12-khuc-ca-cua-su-song-p275009871.html,Sách 12 Khúc Ca Của Sự Sống,0.0,0,68000,49100,8.0,1754
204053368,sach-danh-tac-the-gioi-ong-bo-chan-dai-p204053368,https://tiki.vn/sach-danh-tac-the-gioi-ong-bo-chan-dai-p204053368.html,Sách Danh Tác Thế Giới - Ông Bố Chân Dài,5.0,2,40000,32000,42.0,1754
274682372,sach-tu-nhung-ten-rieng-p274682372,https://tiki.vn/sach-tu-nhung-ten-rieng-p274682372.html,Sách Từ Những Tên Riêng,0.0,0,95000,69600,6.0,1754
79117395,sach-tac-pham-kinh-dien-minh-hoa-moi-tieng-goi-cua-hoang-da-p79117395,https://tiki.vn/sach-tac-pham-kinh-dien-minh-hoa-moi-tieng-goi-cua-hoang-da-p79117395.html,Sách Tác Phẩm Kinh Điển Minh Họa Mới - Tiếng Gọi Của Hoang Dã,5.0,10,168000,126000,57.0,1754
274099744,sach-classic-khong-gia-dinh-bia-hoa-tiet-p274099744,https://tiki.vn/sach-classic-khong-gia-dinh-bia-hoa-tiet-p274099744.html,Sách Classic - Không gia đình (Bìa họa tiết),5.0,2,180000,123000,31.0,1754
68360474,sach-lu-tre-o-lang-on-ao-p68360474,https://tiki.vn/sach-lu-tre-o-lang-on-ao-p68360474.html,Sách Lũ Trẻ Ở Làng Ồn Ào,5.0,216,54000,41500,1947.0,1754
54006738,sach-cuoc-phieu-luu-ki-dieu-cua-nils-holgersson-giai-nobel-van-hoc-1909-tai-ban-2020-p54006738,https://tiki.vn/sach-cuoc-phieu-luu-ki-dieu-cua-nils-holgersson-giai-nobel-van-hoc-1909-tai-ban-2020-p54006738.html,Sách Cuộc Phiêu Lưu Kì Diệu Của Nils Holgersson (Giải Nobel Văn Học 1909)(Tái Bản 2020),4.8,79,100000,90000,531.0,1754
212992669,sach-nhoc-nicolas-p212992669,https://tiki.vn/sach-nhoc-nicolas-p212992669.html,Sách Nhóc Nicolas,5.0,16,100000,77000,295.0,1754
74943721,sach-canh-buom-do-tham-tai-ban-p74943721,https://tiki.vn/sach-canh-buom-do-tham-tai-ban-p74943721.html,Sách Cánh Buồm Đỏ Thắm (Tái Bản),5.0,11,40000,29300,112.0,1754
276559169,sach-nhung-cuoc-phieu-luu-cua-gulliver-p276559169,https://tiki.vn/sach-nhung-cuoc-phieu-luu-cua-gulliver-p276559169.html,Sách Những Cuộc Phiêu Lưu Của Gulliver,5.0,1,108000,76000,9.0,1754
275185544,sach-cuoc-phieu-luu-cua-tom-sawyer-p275185544,https://tiki.vn/sach-cuoc-phieu-luu-cua-tom-sawyer-p275185544.html,Sách Cuộc phiêu lưu của Tom Sawyer,5.0,3,98000,73000,48.0,1754
275245073,sach-jody-va-chu-nai-con-p275245073,https://tiki.vn/sach-jody-va-chu-nai-con-p275245073.html,Sách JODY và chú nai con,5.0,4,268000,199000,62.0,1754
278271347,hieu-sach-co-trong-rung-p278271347,https://tiki.vn/hieu-sach-co-trong-rung-p278271347.html,Hiệu Sách Cổ Trong Rừng,5.0,4,90000,69000,45.0,1754
126596583,sach-toi-la-beto-phien-ban-dac-biet-in-mau-p126596583,https://tiki.vn/sach-toi-la-beto-phien-ban-dac-biet-in-mau-p126596583.html,Sách Tôi Là Bêtô (Phiên Bản Đặc Biệt In Màu),4.8,37,450000,327000,117.0,1754
276602960,sach-hai-van-dam-duoi-bien-p276602960,https://tiki.vn/sach-hai-van-dam-duoi-bien-p276602960.html,Sách Hai vạn dặm dưới biển,5.0,1,108000,73000,20.0,1754
273547360,sach-lu-tre-lang-on-ao-the-children-of-noisy-village-p273547360,https://tiki.vn/sach-lu-tre-lang-on-ao-the-children-of-noisy-village-p273547360.html,Sách Lũ Trẻ Làng Ồn Ào – The Children of Noisy Village,0.0,0,145000,93900,13.0,1754
79129189,sach-dao-giau-vang-p79129189,https://tiki.vn/sach-dao-giau-vang-p79129189.html,Sách Đảo Giấu Vàng,5.0,3,89000,50500,67.0,1754
24467217,sach-cong-tu-nho-fauntleroy-p24467217,https://tiki.vn/sach-cong-tu-nho-fauntleroy-p24467217.html,Sách Công Tử Nhỏ Fauntleroy,4.8,52,69000,48600,390.0,1754
274189624,sach-tra-hoa-nu-p274189624,https://tiki.vn/sach-tra-hoa-nu-p274189624.html,Sách Trà hoa nữ,5.0,2,100000,76000,22.0,1754
146077315,nhat-ky-cua-chu-be-phill-mot-sach-4-tro-choi-chien-tranh-p146077315,https://tiki.vn/nhat-ky-cua-chu-be-phill-mot-sach-4-tro-choi-chien-tranh-p146077315.html,Nhật Ký Của Chú Bé Phill - Mọt Sách 4 - Trò Chơi Chiến Tranh,5.0,1,55000,38500,8.0,1754
446185,sach-candy-book-chuyen-di-thuc-te-dau-tien-cua-toi-p446185,https://tiki.vn/sach-candy-book-chuyen-di-thuc-te-dau-tien-cua-toi-p446185.html,Sách Candy Book - Chuyến Đi Thực Tế Đầu Tiên Của Tôi,3.5,19,52000,27000,351.0,1754
279342184,david-walliams-chuyen-nha-ngan-p279342184,https://tiki.vn/david-walliams-chuyen-nha-ngan-p279342184.html,Sách David Walliams - Chuyện Nhà Ngẫn,5.0,5,205000,153750,88.0,1754
57211761,sach-nhoc-nicolas-nhung-chuyen-chua-ke-tap-2-tai-ban-2020-p57211761,https://tiki.vn/sach-nhoc-nicolas-nhung-chuyen-chua-ke-tap-2-tai-ban-2020-p57211761.html,Sách Nhóc Nicolas: Những chuyện chưa kể Tập 2 (Tái Bản),5.0,43,125000,93750,384.0,1754
275899504,sach-to-ten-la-hy-vong-p275899504,https://tiki.vn/sach-to-ten-la-hy-vong-p275899504.html,Sách Tớ Tên Là Hy Vọng,5.0,1,60000,57000,10.0,1754
568144,sach-goc-san-va-khoang-troi-mang-bien-ve-que-p568144,https://tiki.vn/sach-goc-san-va-khoang-troi-mang-bien-ve-que-p568144.html,Sách Góc Sân Và Khoảng Trời - Mang Biển Về Quê,5.0,46,68000,51000,979.0,1754
276174672,sach-ngan-mua-hoa-tan-van-giup-tre-yeu-van-chuong-ban-mau-p276174672,https://tiki.vn/sach-ngan-mua-hoa-tan-van-giup-tre-yeu-van-chuong-ban-mau-p276174672.html,Sách Ngàn Mùa Hoa – Tản văn Giúp Trẻ Yêu Văn Chương (Bản màu),0.0,0,148000,104100,39.0,1754
54051354,sach-bua-trua-mien-phi-p54051354,https://tiki.vn/sach-bua-trua-mien-phi-p54051354.html,Sách Bữa Trưa Miễn Phí,5.0,8,86000,65000,66.0,1754
146077316,nhat-ky-cua-chu-be-phill-mot-sach-5-the-gioi-la-ki-p146077316,https://tiki.vn/nhat-ky-cua-chu-be-phill-mot-sach-5-the-gioi-la-ki-p146077316.html,Nhật Ký Của Chú Bé Phill - Mọt Sách 5 - Thế Giới Lạ Kì,5.0,2,55000,27800,7.0,1754
278498897,sach-doi-mat-tre-tho-p278498897,https://tiki.vn/sach-doi-mat-tre-tho-p278498897.html,Sách ĐÔI MẮT TRẺ THƠ,0.0,0,180000,125400,1.0,1754
276123439,sach-gio-von-trong-lieu-p276123439,https://tiki.vn/sach-gio-von-trong-lieu-p276123439.html,Sách Gió Vờn Trong Liễu,5.0,2,120000,90000,20.0,1754
270504469,nhung-truyen-hay-viet-cho-thieu-nhi-nguyen-hong-p270504469,https://tiki.vn/nhung-truyen-hay-viet-cho-thieu-nhi-nguyen-hong-p270504469.html,Những Truyện Hay Viết Cho Thiếu Nhi - Nguyên Hồng,5.0,94,55000,36000,142.0,1754
153521881,sach-doi-giay-tennis-noel-streatfeild-p153521881,https://tiki.vn/sach-doi-giay-tennis-noel-streatfeild-p153521881.html,Sách Đôi Giày Tennis - Noel Streatfeild,4.7,3,119000,74900,37.0,1754
263387402,sach-kho-tang-cau-do-dan-gian-bang-tranh-gia-dinh-lang-xom-p263387402,https://tiki.vn/sach-kho-tang-cau-do-dan-gian-bang-tranh-gia-dinh-lang-xom-p263387402.html,Sách Kho Tàng Câu Đố Dân Gian Bằng Tranh – Gia Đình Làng Xóm,0.0,0,68000,48960,28.0,1754
143858327,sach-nhung-dua-tre-ki-dieu-co-be-khoe-nhat-the-gioi-p143858327,https://tiki.vn/sach-nhung-dua-tre-ki-dieu-co-be-khoe-nhat-the-gioi-p143858327.html,Sách Những Đứa Trẻ Kì Diệu - Cô Bé Khỏe Nhất Thế Giới,5.0,6,30000,28500,65.0,1754
24984585,sach-con-trung-ky-an-ban-day-du-nhat-tap-2-p24984585,https://tiki.vn/sach-con-trung-ky-an-ban-day-du-nhat-tap-2-p24984585.html,Sách Côn Trùng Ký (Ấn Bản Đầy Đủ Nhất) -Tập 2,4.8,36,115000,80500,753.0,1754
276559174,sach-nhung-tam-long-cao-ca-p276559174,https://tiki.vn/sach-nhung-tam-long-cao-ca-p276559174.html,Sách Những Tấm Lòng Cao Cả,0.0,0,108000,76000,45.0,1754
185024339,sach-con-cu-li-cua-toi-p185024339,https://tiki.vn/sach-con-cu-li-cua-toi-p185024339.html,Sách Con Cu Li Của Tôi,4.8,4,85000,64600,60.0,1754
274537505,sach-toi-la-toi-be-nho-p274537505,https://tiki.vn/sach-toi-la-toi-be-nho-p274537505.html,Sách Tôi Là Tôi Bé Nhỏ,0.0,0,50000,37500,11.0,1754
27873890,combo-o-noi-xa-tit-mu-khoi-nhung-cuoc-vui-tung-bung-mot-cuoc-phieu-luu-ra-tro-va-rac-roi-nhung-la-thu-nho-gio-gui-ai-do-4-cuon-p27873890,https://tiki.vn/combo-o-noi-xa-tit-mu-khoi-nhung-cuoc-vui-tung-bung-mot-cuoc-phieu-luu-ra-tro-va-rac-roi-nhung-la-thu-nho-gio-gui-ai-do-4-cuon-p27873890.html,Combo Ở Nơi Xa Tít Mù Khơi + Những Cuộc Vui Tưng Bừng + Một Cuộc Phiêu Lưu Ra Trò Và Rắc Rối + Những Lá Thư Nhờ Gió Gửi Ai Đó (4 Cuốn),0.0,0,220000,220000,,1754
181122321,sach-the-golden-heart-p181122321,https://tiki.vn/sach-the-golden-heart-p181122321.html,Sách The Golden Heart,0.0,0,109000,75300,4.0,1754
132197110,sach-so-do-van-hoc-trong-nha-truong-tai-ban-2021-p132197110,https://tiki.vn/sach-so-do-van-hoc-trong-nha-truong-tai-ban-2021-p132197110.html,Sách Số Đỏ - Văn Học Trong Nhà Trường (Tái Bản 2021),0.0,0,60000,44800,4.0,1754
273691907,sach-w-hay-la-ky-uc-tuoi-tho-p273691907,https://tiki.vn/sach-w-hay-la-ky-uc-tuoi-tho-p273691907.html,Sách W hay là ký ức tuổi thơ,4.3,3,118000,94400,14.0,1754
60808684,truyen-thach-yeu-p60808684,https://tiki.vn/truyen-thach-yeu-p60808684.html,Truyện Thạch Yêu,4.8,29,116000,92800,212.0,1754
275893912,sach-mot-vi-sao-khong-bao-gio-khoc-p275893912,https://tiki.vn/sach-mot-vi-sao-khong-bao-gio-khoc-p275893912.html,Sách Một Vì Sao Không Bao Giờ Khóc,5.0,1,55000,52250,2.0,1754
276029316,sach-dieu-bi-mat-trong-vuon-p276029316,https://tiki.vn/sach-dieu-bi-mat-trong-vuon-p276029316.html,Sách Điều Bí Mật Trong Vườn,5.0,1,156000,100000,13.0,1754
278636757,sach-100-chiec-ghe-p278636757,https://tiki.vn/sach-100-chiec-ghe-p278636757.html,Sách 100 Chiếc Ghe,0.0,0,80000,76000,2.0,1754
274682371,sach-hanh-trinh-tim-gau-p274682371,https://tiki.vn/sach-hanh-trinh-tim-gau-p274682371.html,Sách Hành Trình Tìm Gấu,0.0,0,150000,112500,,1754
16562112,truyen-co-grim-tap-4-tai-ban-2019-p16562112,https://tiki.vn/truyen-co-grim-tap-4-tai-ban-2019-p16562112.html,Truyện Cổ Grim - Tập 4 (Tái Bản),4.6,9,65000,47200,66.0,1754
143185992,sach-evie-va-biet-tai-bi-mat-p143185992,https://tiki.vn/sach-evie-va-biet-tai-bi-mat-p143185992.html,Sách Evie Và Biệt Tài Bí Mật,5.0,34,139000,107400,313.0,1754
612904,sach-lich-su-viet-nam-bang-tranh-tap-41-mac-dang-dung-lap-nen-nha-mac-p612904,https://tiki.vn/sach-lich-su-viet-nam-bang-tranh-tap-41-mac-dang-dung-lap-nen-nha-mac-p612904.html,Sách Lịch Sử Việt Nam Bằng Tranh (Tập 41) - Mạc Đăng Dung Lập Nên Nhà Mạc,4.7,12,35000,27000,261.0,1754
273547364,sach-lang-on-ao-vui-oi-la-vui-nothing-but-fun-in-noisy-village-p273547364,https://tiki.vn/sach-lang-on-ao-vui-oi-la-vui-nothing-but-fun-in-noisy-village-p273547364.html,Sách Làng Ồn Ào Vui Ơi Là Vui – Nothing but Fun in Noisy Village,0.0,0,188000,139200,15.0,1754
76013990,sach-dtrg-hoang-tu-va-cau-be-ngheo-kho-p76013990,https://tiki.vn/sach-dtrg-hoang-tu-va-cau-be-ngheo-kho-p76013990.html,Sách Dtrg. Hoàng Tử Và Cậu Bé Nghèo Khổ,4.8,8,60000,45000,38.0,1754
2438637,nuoi-duong-tam-hon-truyen-tranh-song-ngu-anh-viet-be-tim-hieu-ve-thien-nhien-p2438637,https://tiki.vn/nuoi-duong-tam-hon-truyen-tranh-song-ngu-anh-viet-be-tim-hieu-ve-thien-nhien-p2438637.html,Nuôi Dưỡng Tâm Hồn - Truyện Tranh Song Ngữ Anh - Việt - Bé Tìm Hiểu Về Thiên Nhiên,5.0,1,26000,16300,196.0,1754
271950428,sach-nep-gap-thoi-gian-p271950428,https://tiki.vn/sach-nep-gap-thoi-gian-p271950428.html,Sách Nếp Gấp Thời Gian,5.0,3,90000,69300,23.0,1754
275898050,bo-sach-momo-p275898050,https://tiki.vn/bo-sach-momo-p275898050.html,"Bộ Sách Momo - Momo, Cư Dân Xóm Hoa Mào Gà",0.0,0,40000,29440,1.0,1754
572945,sach-nhat-ky-cua-bo-va-be-p572945,https://tiki.vn/sach-nhat-ky-cua-bo-va-be-p572945.html,Sách Nhật Ký Của Bố Và Bé,2.8,4,150000,118000,120.0,1754
547708,sach-o-thuong-yeu-p547708,https://tiki.vn/sach-o-thuong-yeu-p547708.html,Sách Ổ Thương Yêu,5.0,1,40000,29200,73.0,1754
78974747,sach-cho-nghe-tieng-hot-p78974747,https://tiki.vn/sach-cho-nghe-tieng-hot-p78974747.html,Sách Chờ Nghe Tiếng Hót,4.8,17,116000,87000,145.0,1754
207256502,sach-alice-o-xu-so-trong-guong-tac-pham-chon-loc-van-hoc-anh-tai-ban-2022-p207256502,https://tiki.vn/sach-alice-o-xu-so-trong-guong-tac-pham-chon-loc-van-hoc-anh-tai-ban-2022-p207256502.html,Sách Alice Ở Xứ Sở Trong Gương (Tác Phẩm Chọn Lọc: Văn Học Anh) [Tái Bản 2022],0.0,0,50000,36800,6.0,1754
171549930,sach-vitamin-danh-cho-tam-hon-cuoc-thi-dai-su-van-hoa-doc-2020-cap-tieu-hoc-p171549930,https://tiki.vn/sach-vitamin-danh-cho-tam-hon-cuoc-thi-dai-su-van-hoa-doc-2020-cap-tieu-hoc-p171549930.html,Sách Vitamin Dành Cho Tâm Hồn - Cuộc Thi Đại Sứ Văn Hóa Đọc 2020 Cấp Tiểu Học,0.0,0,150000,76800,6.0,1754
204056727,sach-danh-tac-the-gioi-noi-dau-cua-chang-werther-p204056727,https://tiki.vn/sach-danh-tac-the-gioi-noi-dau-cua-chang-werther-p204056727.html,Sách Danh Tác Thế Giới - Nỗi Đau Của Chàng Werther,5.0,2,40000,30720,38.0,1754
276559178,sach-cuoc-doi-cua-cac-danh-nhan-p276559178,https://tiki.vn/sach-cuoc-doi-cua-cac-danh-nhan-p276559178.html,Sách Cuộc Đời Của Các Danh Nhân,4.0,1,108000,73000,62.0,1754
105085754,sach-ca-nong-chu-du-truong-sa-p105085754,https://tiki.vn/sach-ca-nong-chu-du-truong-sa-p105085754.html,Sách Cà Nóng Chu Du Trường Sa,4.8,6,98000,78400,63.0,1754
174216894,sach-chiec-chia-khoa-vang-hay-chuyen-li-ki-cua-buratino-p174216894,https://tiki.vn/sach-chiec-chia-khoa-vang-hay-chuyen-li-ki-cua-buratino-p174216894.html,Sách Chiếc Chìa Khóa Vàng Hay Chuyện Li Kì Của Buratino,5.0,16,220000,165000,146.0,1754
135552443,tiem-sach-con-mua-bong-hoa-mang-vuong-mien-mua-p135552443,https://tiki.vn/tiem-sach-con-mua-bong-hoa-mang-vuong-mien-mua-p135552443.html,Tiệm Sách Cơn Mưa: Bông Hoa Mang Vương Miện Mưa,5.0,11,89000,61500,66.0,1754
167034126,sach-doi-giay-khieu-vu-noel-streatfeild-p167034126,https://tiki.vn/sach-doi-giay-khieu-vu-noel-streatfeild-p167034126.html,Sách Đôi Giày Khiêu Vũ - Noel Streatfeild,5.0,3,119000,63400,26.0,1754
276602957,sach-dao-giau-vang-p276602957,https://tiki.vn/sach-dao-giau-vang-p276602957.html,Sách Đảo giấu vàng,0.0,0,108000,72000,4.0,1754
278271353,sach-van-hoc-thieu-nhi-chim-sau-va-be-ban-o-rung-p278271353,https://tiki.vn/sach-van-hoc-thieu-nhi-chim-sau-va-be-ban-o-rung-p278271353.html,Sách Văn Học Thiếu Nhi: Chim Sâu Và Bè Bạn Ở Rừng,0.0,0,45000,33000,7.0,1754
276289940,bo-truyen-dong-thoai-giup-em-gioi-van-p276289940,https://tiki.vn/bo-truyen-dong-thoai-giup-em-gioi-van-p276289940.html,Bộ truyện đồng thoại - Giúp em giỏi Văn,0.0,0,65000,41000,9.0,1754
275827830,sach-van-dieu-cho-em-khu-vuon-cua-me-p275827830,https://tiki.vn/sach-van-dieu-cho-em-khu-vuon-cua-me-p275827830.html,Sách Vần điệu cho em: Khu vườn của mẹ,4.0,2,35000,24000,9.0,1754
273835814,doc-sach-ngay-xuan-quay-quan-don-tet-tet-am-ap-yeu-thuong-p273835814,https://tiki.vn/doc-sach-ngay-xuan-quay-quan-don-tet-tet-am-ap-yeu-thuong-p273835814.html,"Đọc sách ngày xuân, quây quần đón Tết – Tết ấm áp yêu thương",5.0,1,75000,49000,11.0,1754
271075591,sach-tinh-yeu-bien-mat-roi-p271075591,https://tiki.vn/sach-tinh-yeu-bien-mat-roi-p271075591.html,Sách Tình Yêu Biến Mất Rồi,0.0,0,30000,23520,7.0,1754
1941519,sach-em-muon-lam-con-ngoan-tai-ban-p1941519,https://tiki.vn/sach-em-muon-lam-con-ngoan-tai-ban-p1941519.html,Sách Em Muốn Làm Con Ngoan (Tái Bản),0.0,0,103000,68000,6.0,1754
204053386,sach-danh-tac-the-gioi-bac-si-jekyll-va-ong-hyde-p204053386,https://tiki.vn/sach-danh-tac-the-gioi-bac-si-jekyll-va-ong-hyde-p204053386.html,Sách Danh Tác Thế Giới - Bác Sĩ Jekyll Và Ông Hyde,5.0,2,40000,32000,37.0,1754
184095594,sach-tho-hay-viet-cho-thieu-nhi-ai-day-som-p184095594,https://tiki.vn/sach-tho-hay-viet-cho-thieu-nhi-ai-day-som-p184095594.html,Sách Thơ Hay Viết Cho Thiếu Nhi: Ai Dậy Sớm,5.0,3,75000,60000,66.0,1754
195662929,sach-tuoi-tho-mau-giay-kinh-p195662929,https://tiki.vn/sach-tuoi-tho-mau-giay-kinh-p195662929.html,Sách Tuổi Thơ Màu Giấy Kính,4.0,1,50000,41325,20.0,1754
174444177,sach-el-deafo-doi-tai-dieu-ky-p174444177,https://tiki.vn/sach-el-deafo-doi-tai-dieu-ky-p174444177.html,Sách El Deafo - Đôi Tai Diệu Kỳ,4.5,6,209000,142700,56.0,1754
2438621,nuoi-duong-tam-hon-truyen-tranh-song-ngu-anh-viet-be-hoc-tran-trong-va-biet-bang-long-p2438621,https://tiki.vn/nuoi-duong-tam-hon-truyen-tranh-song-ngu-anh-viet-be-hoc-tran-trong-va-biet-bang-long-p2438621.html,Nuôi Dưỡng Tâm Hồn - Truyện Tranh Song Ngữ Anh - Việt - Bé Học Trân Trọng Và Biết Bằng Lòng,5.0,3,26000,16300,213.0,1754
204053358,sach-danh-tac-the-gioi-ba-nguoi-linh-ngu-lam-p204053358,https://tiki.vn/sach-danh-tac-the-gioi-ba-nguoi-linh-ngu-lam-p204053358.html,Sách Danh Tác Thế Giới - Ba Người Lính Ngự Lâm,4.8,5,40000,32000,49.0,1754
275847176,sach-lotta-buong-nhu-lua-p275847176,https://tiki.vn/sach-lotta-buong-nhu-lua-p275847176.html,Sách Lotta Bướng Như Lừa,5.0,1,59000,36900,14.0,1754
273673989,combo-3-tap-chu-de-gia-dinh-ong-da-den-roi-dieu-lon-lao-nhat-dieu-con-muon-noi-p273673989,https://tiki.vn/combo-3-tap-chu-de-gia-dinh-ong-da-den-roi-dieu-lon-lao-nhat-dieu-con-muon-noi-p273673989.html,Combo 3 Tập: Chủ đề gia đình: Ông đã đến rồi - Điều lớn lao nhất - Điều con muốn nói,0.0,0,198000,146400,7.0,1754
17948437,sach-tup-leu-bac-tom-tai-ban-2019-p17948437,https://tiki.vn/sach-tup-leu-bac-tom-tai-ban-2019-p17948437.html,Sách Túp Lều Bác Tôm (Tái Bản 2019),4.6,14,99000,75240,89.0,1754
278025145,sach-chu-ca-con-va-ngoi-sao-nho-p278025145,https://tiki.vn/sach-chu-ca-con-va-ngoi-sao-nho-p278025145.html,Sách Chú Cá Con Và Ngôi Sao Nhỏ,0.0,0,55000,41800,1.0,1754
110883362,sach-uoc-mo-heo-cau-chuyen-mot-chu-be-uoc-mo-duoc-bien-thanh-heo-p110883362,https://tiki.vn/sach-uoc-mo-heo-cau-chuyen-mot-chu-be-uoc-mo-duoc-bien-thanh-heo-p110883362.html,Sách Ước Mơ Heo (Câu Chuyện Một Chú Bé Ước Mơ Được Biến Thành Heo),5.0,16,69000,51750,145.0,1754
212992687,sach-gio-ra-cho-i-cu-a-nho-c-nicolas-p212992687,https://tiki.vn/sach-gio-ra-cho-i-cu-a-nho-c-nicolas-p212992687.html,Sách Giờ ra chơi của Nhóc Nicolas,5.0,10,105000,78750,137.0,1754
263387411,sach-kho-tang-cau-do-dan-gian-bang-tranh-que-huong-dat-nuoc-p263387411,https://tiki.vn/sach-kho-tang-cau-do-dan-gian-bang-tranh-que-huong-dat-nuoc-p263387411.html,Sách Kho Tàng Câu Đố Dân Gian Bằng Tranh – Quê Hương Đất Nước,5.0,2,68000,48960,40.0,1754
185024341,sach-sao-sao-p185024341,https://tiki.vn/sach-sao-sao-p185024341.html,Sách Sao Sao,4.7,3,65000,55500,42.0,1754
214598374,van-dieu-cho-em-combo-4-cuon-p214598374,https://tiki.vn/van-dieu-cho-em-combo-4-cuon-p214598374.html,Vần Điệu Cho Em (Combo 4 Cuốn),0.0,0,140000,98000,20.0,1754
44903046,sach-chuc-giang-sinh-an-lanh-p44903046,https://tiki.vn/sach-chuc-giang-sinh-an-lanh-p44903046.html,Sách Chúc Giáng Sinh An Lành,4.8,8,85000,62000,135.0,1754
276032136,sach-ong-noi-phieu-luu-ky-cau-chuyen-ve-nua-trieu-bang-anh-mot-ong-noi-moi-toanh-va-mot-chuyen-phieu-luu-vo-gia-p276032136,https://tiki.vn/sach-ong-noi-phieu-luu-ky-cau-chuyen-ve-nua-trieu-bang-anh-mot-ong-noi-moi-toanh-va-mot-chuyen-phieu-luu-vo-gia-p276032136.html,"Sách Ông nội phiêu lưu ký - Câu chuyện về nửa triệu bảng Anh, một ông nội mới toanh , và một chuyến phiêu lưu vô giá",4.7,3,149000,114730,47.0,1754
75353234,giao-thua-khong-den-muon-tai-ban-2021-p75353234,https://tiki.vn/giao-thua-khong-den-muon-tai-ban-2021-p75353234.html,Giao Thừa Không Đến Muộn - Tủ Sách Tuổi Thần Tiên (Tái Bản 2021),5.0,10,48000,36480,98.0,1754
248722628,sach-bong-may-tho-hay-viet-cho-thieu-nhi-p248722628,https://tiki.vn/sach-bong-may-tho-hay-viet-cho-thieu-nhi-p248722628.html,Sách Bóng Mây - Thơ Hay Viết Cho Thiếu Nhi,5.0,2,60000,45600,21.0,1754
59356682,sach-ba-me-chay-tron-danh-cho-lua-tuoi-7-12-p59356682,https://tiki.vn/sach-ba-me-chay-tron-danh-cho-lua-tuoi-7-12-p59356682.html,Sách Bà Mẹ Chạy Trốn (Dành Cho Lứa Tuổi: 7-12),5.0,1,50000,34400,22.0,1754
48035339,sach-meo-nhi-thanh-meo-nhon-p48035339,https://tiki.vn/sach-meo-nhi-thanh-meo-nhon-p48035339.html,Sách Méo Nhí Thành Mèo Nhớn,5.0,15,75000,55000,158.0,1754
612874,sach-lich-su-viet-nam-bang-tranh-tap-36-sang-lap-trieu-le-p612874,https://tiki.vn/sach-lich-su-viet-nam-bang-tranh-tap-36-sang-lap-trieu-le-p612874.html,Sách Lịch Sử Việt Nam Bằng Tranh (Tập 36) - Sáng Lập Triều Lê,5.0,8,35000,24000,266.0,1754
278128994,sach-uom-mam-uoc-mo-tinh-ban-duoi-tan-rung-p278128994,https://tiki.vn/sach-uom-mam-uoc-mo-tinh-ban-duoi-tan-rung-p278128994.html,Sách Ươm mầm ước mơ - Tình bạn dưới tán rừng: Chuyến cắm trại của,0.0,0,30000,18000,26.0,1754
760040,sach-cau-tra-loi-chi-mot-p760040,https://tiki.vn/sach-cau-tra-loi-chi-mot-p760040.html,Sách Câu Trả Lời Chỉ Một,4.8,15,52000,39000,349.0,1754
279392324,sach-cong-chua-nho-a-little-princess-p279392324,https://tiki.vn/sach-cong-chua-nho-a-little-princess-p279392324.html,Sách Công Chúa Nhỏ - A Little Princess,0.0,0,99000,66330,2.0,1754
270791461,sach-giao-su-s-va-ong-vua-nghien-game-p270791461,https://tiki.vn/sach-giao-su-s-va-ong-vua-nghien-game-p270791461.html,Sách Giáo Sư S Và Ông Vua Nghiện Game,4.0,1,75000,57000,5.0,1754
279392320,sach-phu-thuy-xu-oz-the-wonderful-wizard-of-oz-ban-song-ngu-viet-anh-p279392320,https://tiki.vn/sach-phu-thuy-xu-oz-the-wonderful-wizard-of-oz-ban-song-ngu-viet-anh-p279392320.html,Sách Phù Thủy Xứ OZ - The Wonderful Wizard Of OZ Bản Song Ngữ Việt - Anh,0.0,0,89000,59630,4.0,1754
191923868,sach-danh-tac-the-gioi-romeo-va-juliet-tai-ban-2022-p191923868,https://tiki.vn/sach-danh-tac-the-gioi-romeo-va-juliet-tai-ban-2022-p191923868.html,Sách Danh Tác Thế Giới: Romeo Và Juliet (Tái Bản 2022),5.0,1,40000,31360,3.0,1754
16562167,truyen-co-grim-tap-3-tai-ban-2019-p16562167,https://tiki.vn/truyen-co-grim-tap-3-tai-ban-2019-p16562167.html,Truyện Cổ Grim - Tập 3 (Tái Bản ),4.6,8,65000,47200,101.0,1754
263948667,sach-yeu-nhu-bau-troi-mua-he-day-bien-co-cua-g-baby-p263948667,https://tiki.vn/sach-yeu-nhu-bau-troi-mua-he-day-bien-co-cua-g-baby-p263948667.html,Sách Yêu Như Bầu Trời – Mùa Hè Đầy Biến Cố Của G-Baby,5.0,1,132000,97700,16.0,1754
81896976,sach-truong-hoc-cao-chung-minh-lam-ban-nhe-p81896976,https://tiki.vn/sach-truong-hoc-cao-chung-minh-lam-ban-nhe-p81896976.html,Sách Trường Học Cáo (Chúng Mình Làm Bạn Nhé),5.0,4,69000,45000,26.0,1754
279391354,sach-cong-tu-mo-coi-little-lord-fauntleroy-p279391354,https://tiki.vn/sach-cong-tu-mo-coi-little-lord-fauntleroy-p279391354.html,Sách Công Tử Mồ Côi - Little Lord Fauntleroy,0.0,0,99000,66330,3.0,1754
273674015,sach-dieu-con-muon-noi-p273674015,https://tiki.vn/sach-dieu-con-muon-noi-p273674015.html,Sách Điều Con Muốn Nói,0.0,0,66000,43100,9.0,1754
58802086,sach-dao-giau-vang-p58802086,https://tiki.vn/sach-dao-giau-vang-p58802086.html,Sách Đảo Giấu Vàng,5.0,46,88000,67000,340.0,1754
564259,sach-cong-chua-nho-chan-cuu-p564259,https://tiki.vn/sach-cong-chua-nho-chan-cuu-p564259.html,Sách Công Chúa Nhỏ Chăn Cừu,0.0,0,50000,36000,60.0,1754
279534852,sach-tho-hay-viet-cho-thieu-nhi-pham-dinh-an-sac-mau-em-yeu-p279534852,https://tiki.vn/sach-tho-hay-viet-cho-thieu-nhi-pham-dinh-an-sac-mau-em-yeu-p279534852.html,Sách Thơ Hay Viết Cho Thiếu Nhi: Phạm Đình Ân - Sắc Màu Em Yêu,0.0,0,60000,45000,2.0,1754
279296418,sach-bach-khoa-toan-thu-cho-be-quoc-ky-p279296418,https://tiki.vn/sach-bach-khoa-toan-thu-cho-be-quoc-ky-p279296418.html,Sách Bách Khoa Toàn Thư Cho Bé  - Quốc Kỳ (Bộ 5 Cuốn) ,0.0,0,50000,37000,1.0,1754
248595207,sach-chu-ho-ma-thuat-vi-khach-than-bi-luc-nua-dem-p248595207,https://tiki.vn/sach-chu-ho-ma-thuat-vi-khach-than-bi-luc-nua-dem-p248595207.html,Sách Chú Hổ ma Thuật - Vị Khách Thần Bí Lúc Nửa Đêm,0.0,0,58000,40600,4.0,1754
79117378,sach-canh-buom-do-tham-p79117378,https://tiki.vn/sach-canh-buom-do-tham-p79117378.html,Sách Cánh Buồm Đỏ Thắm,0.0,0,45000,32900,31.0,1754
278632657,sach-be-yeu-to-quoc-p278632657,https://tiki.vn/sach-be-yeu-to-quoc-p278632657.html,Sách Bé Yêu Tổ Quốc,0.0,0,70000,56000,,1754
3715857,sach-illustrated-classics-chuyen-ke-ve-cac-chang-hoang-tu-va-cac-nang-cong-chua-p3715857,https://tiki.vn/sach-illustrated-classics-chuyen-ke-ve-cac-chang-hoang-tu-va-cac-nang-cong-chua-p3715857.html,Sách Illustrated Classics - Chuyện Kể Về Các Chàng Hoàng Tử Và Các Nàng Công Chúa,4.6,10,168000,109900,182.0,1754
272565735,sach-doi-mat-biet-noi-p272565735,https://tiki.vn/sach-doi-mat-biet-noi-p272565735.html,Sách Đôi Mắt Biết Nói,0.0,0,85000,65600,6.0,1754
273674019,sach-dieu-lon-lao-nhat-p273674019,https://tiki.vn/sach-dieu-lon-lao-nhat-p273674019.html,Sách Điều Lớn Lao Nhất,0.0,0,66000,43100,11.0,1754
275893911,sach-bai-ca-cua-ong-toi-p275893911,https://tiki.vn/sach-bai-ca-cua-ong-toi-p275893911.html,Sách Bài Ca Của Ông Tôi,0.0,0,85000,80750,4.0,1754
207256499,sach-song-nhu-nhung-doa-hoa-2-p207256499,https://tiki.vn/sach-song-nhu-nhung-doa-hoa-2-p207256499.html,Sách Sống Như Những Đóa Hoa - 2,0.0,0,40000,31360,,1754
274172418,sach-mot-vu-pha-an-p274172418,https://tiki.vn/sach-mot-vu-pha-an-p274172418.html,Sách Một Vụ Phá Án,0.0,0,50000,38400,2.0,1754
261968965,sach-sinh-vat-ki-la-o-me-he-he-he-p261968965,https://tiki.vn/sach-sinh-vat-ki-la-o-me-he-he-he-p261968965.html,Sách Sinh Vật Kì Lạ Ở Mế-Hế-Hế-Hế,0.0,0,45000,33120,7.0,1754
109113297,sach-giac-mo-ky-la-cua-luy-xieng-p109113297,https://tiki.vn/sach-giac-mo-ky-la-cua-luy-xieng-p109113297.html,Sách Giấc Mơ Kỳ Lạ Của Luy - Xiêng,4.1,9,58000,41760,90.0,1754
450197,sach-giao-duc-tri-tuong-tuong-cho-tre-vuon-chu-trong-cong-vien-p450197,https://tiki.vn/sach-giao-duc-tri-tuong-tuong-cho-tre-vuon-chu-trong-cong-vien-p450197.html,Sách Giáo Dục Trí Tưởng Tượng Cho Trẻ - Vườn Chữ Trong Công Viên,4.5,2,22000,15000,317.0,1754
275822148,sach-lich-su-viet-nam-bang-tranh-tap-32-gian-nan-luc-khoi-dau-p275822148,https://tiki.vn/sach-lich-su-viet-nam-bang-tranh-tap-32-gian-nan-luc-khoi-dau-p275822148.html,Sách Lịch Sử Việt Nam Bằng Tranh (Tập 32): Gian Nan Lúc Khởi Đầu,5.0,1,35000,28000,,1754
274053068,sach-chim-en-bay-ve-p274053068,https://tiki.vn/sach-chim-en-bay-ve-p274053068.html,Sách Chim én bay về,5.0,1,95000,43000,12.0,1754
171549986,combo-bo-sach-cuoc-thi-dai-su-van-hoa-doc-2020-hanh-trinh-vao-cuoc-song-cuon-sach-nho-y-nghia-lon-vitamin-danh-cho-tam-hon-bo-3-cuon-p171549986,https://tiki.vn/combo-bo-sach-cuoc-thi-dai-su-van-hoa-doc-2020-hanh-trinh-vao-cuoc-song-cuon-sach-nho-y-nghia-lon-vitamin-danh-cho-tam-hon-bo-3-cuon-p171549986.html,Combo: Bộ Sách Cuộc Thi Đại Sứ Văn Hóa Đọc 2020: Hành Trình Vào Cuộc Sống+ Cuốn Sách Nhỏ- Ý Nghĩa Lớn+ Vitamin Dành Cho Tâm Hồn( Bộ: 3 Cuốn),0.0,0,450000,270100,2.0,1754
204317922,sach-tho-thuy-anh-me-ho-diu-dang-p204317922,https://tiki.vn/sach-tho-thuy-anh-me-ho-diu-dang-p204317922.html,Sách Thơ Thụy Anh - Mẹ Hổ dịu dàng,5.0,1,45000,39000,42.0,1754
560771,sach-vui-choi-cung-yu-yu-tap-5-mon-qua-danh-cho-yu-yu-p560771,https://tiki.vn/sach-vui-choi-cung-yu-yu-tap-5-mon-qua-danh-cho-yu-yu-p560771.html,Sách Vui Chơi Cùng Yu Yu (Tập 5) - Món Quà Dành Cho Yu Yu,4.0,1,15000,11000,42.0,1754
271320022,sach-ky-uc-cua-con-ven-p271320022,https://tiki.vn/sach-ky-uc-cua-con-ven-p271320022.html,Sách Ký Ức Của Con Vện,0.0,0,70000,55200,5.0,1754
273462168,sach-bo-con-ca-khia-va-nhung-buc-thu-p273462168,https://tiki.vn/sach-bo-con-ca-khia-va-nhung-buc-thu-p273462168.html,Sách Bố Con Cà Khịa Và Những Bức Thư,0.0,0,40000,38000,12.0,1754
143858315,sach-nhung-dua-tre-ki-dieu-cau-be-biet-bay-p143858315,https://tiki.vn/sach-nhung-dua-tre-ki-dieu-cau-be-biet-bay-p143858315.html,Sách Những Đứa Trẻ Kì Diệu - Cậu Bé Biết Bay,5.0,5,30000,22800,69.0,1754
171549952,sach-hanh-trang-vao-cuoc-song-cuoc-thi-dai-su-van-hoa-doc-2020-p171549952,https://tiki.vn/sach-hanh-trang-vao-cuoc-song-cuoc-thi-dai-su-van-hoa-doc-2020-p171549952.html,Sách Hành Trang Vào Cuộc Sống - Cuộc Thi Đại Sứ Văn Hóa Đọc 2020,0.0,0,150000,75000,5.0,1754
181122291,sach-cua-to-cua-to-cua-to-p181122291,https://tiki.vn/sach-cua-to-cua-to-cua-to-p181122291.html,"Sách Của Tớ, Của Tớ, Của Tớ",5.0,1,99000,68400,23.0,1754
279445672,sach-than-thoai-xu-tuyet-chon-le-p279445672,https://tiki.vn/sach-than-thoai-xu-tuyet-chon-le-p279445672.html,Sách Thần Thoại Xứ Tuyết (Chọn lẻ),0.0,0,110000,82500,3.0,1754
54609651,tuyen-tap-truyen-hay-danh-cho-thieu-nhi-1-tai-ban-2020-p54609651,https://tiki.vn/tuyen-tap-truyen-hay-danh-cho-thieu-nhi-1-tai-ban-2020-p54609651.html,Tuyển Tập Truyện Hay Dành Cho Thiếu Nhi 1 (Tái Bản 2020),4.8,25,48000,33600,192.0,1754
278380337,combo-zoey-va-xa-xi-9-tap-p278380337,https://tiki.vn/combo-zoey-va-xa-xi-9-tap-p278380337.html,Combo Zoey Và Xá Xị (9 Tập),0.0,0,270000,202500,,1754
279445962,sach-tac-pham-chon-loc-van-hoc-mi-phu-thuy-xu-oz-p279445962,https://tiki.vn/sach-tac-pham-chon-loc-van-hoc-mi-phu-thuy-xu-oz-p279445962.html,Sách Tác Phẩm Chọn Lọc - Văn Học Mĩ: Phù Thủy Xứ Oz,0.0,0,60000,60000,3.0,1754
16562114,truyen-co-grim-tap-2-tai-ban-2019-p16562114,https://tiki.vn/truyen-co-grim-tap-2-tai-ban-2019-p16562114.html,Truyện Cổ Grim - Tập 2 (Tái Bản),4.8,10,65000,47200,126.0,1754
279057071,sach-cuoc-phieu-luu-o-nuoc-ngoai-cua-tom-sawyer-p279057071,https://tiki.vn/sach-cuoc-phieu-luu-o-nuoc-ngoai-cua-tom-sawyer-p279057071.html,Sách Cuộc Phiêu Lưu Ở Nước Ngoài Của Tom Sawyer,5.0,1,99000,71800,6.0,1754
270791457,sach-dong-chay-lap-lanh-p270791457,https://tiki.vn/sach-dong-chay-lap-lanh-p270791457.html,Sách Dòng Chảy Lấp Lánh,0.0,0,80000,76000,6.0,1754
273192569,sach-tac-pham-chon-loc-van-hoc-mi-co-be-no-co-mot-con-gau-p273192569,https://tiki.vn/sach-tac-pham-chon-loc-van-hoc-mi-co-be-no-co-mot-con-gau-p273192569.html,Sách Tác Phẩm Chọn Lọc - Văn Học Mĩ: Cô Bé Nọ Có Một Con Gấu,5.0,1,45000,34200,19.0,1754
278194125,tu-sach-bien-dao-viet-nam-con-cua-dao-p278194125,https://tiki.vn/tu-sach-bien-dao-viet-nam-con-cua-dao-p278194125.html,Tủ Sách Biển Đảo Việt Nam - Con Của Đảo,0.0,0,85000,80750,,1754
279392281,sach-cau-chuyen-rung-xanh-the-jungle-book-p279392281,https://tiki.vn/sach-cau-chuyen-rung-xanh-the-jungle-book-p279392281.html,Sách Câu Chuyện Rừng Xanh - The Jungle Book,0.0,0,99000,66330,3.0,1754
270703321,sach-mat-troi-luon-ben-toi-p270703321,https://tiki.vn/sach-mat-troi-luon-ben-toi-p270703321.html,Sách Mặt Trời Luôn Bên Tôi,5.0,1,60000,46400,4.0,1754
278381772,sach-dieu-uoc-thuy-tinh-p278381772,https://tiki.vn/sach-dieu-uoc-thuy-tinh-p278381772.html,Sách Điều Ước Thủy Tinh,5.0,1,50000,39200,13.0,1754
115706426,sach-busy-machines-trucks-nhung-co-may-nang-no-xe-tai-song-ngu-anh-viet-p115706426,https://tiki.vn/sach-busy-machines-trucks-nhung-co-may-nang-no-xe-tai-song-ngu-anh-viet-p115706426.html,Sách Busy Machines - Trucks: Những Cỗ Máy Năng Nổ - Xe Tải (Song Ngữ Anh - Việt),5.0,6,45000,30000,76.0,1754
262783955,sach-alexander-von-humboldt-khao-khat-kham-pha-nhung-vung-dat-la-p262783955,https://tiki.vn/sach-alexander-von-humboldt-khao-khat-kham-pha-nhung-vung-dat-la-p262783955.html,Sách Alexander Von Humboldt - Khao Khát Khám Phá Những Vùng Đất Lạ,0.0,0,169000,121000,21.0,1754
275847175,sach-lotta-quay-p275847175,https://tiki.vn/sach-lotta-quay-p275847175.html,Sách Lotta Quậy,5.0,1,32000,22300,15.0,1754
273951054,sach-nhung-ngay-hanh-phuc-o-lang-on-ao-happy-times-in-noisy-village-p273951054,https://tiki.vn/sach-nhung-ngay-hanh-phuc-o-lang-on-ao-happy-times-in-noisy-village-p273951054.html,Sách Những Ngày Hạnh Phúc Ở Làng Ồn Ào – Happy Times in Noisy Village,5.0,1,69000,48600,61.0,1754
278872213,sach-vun-dap-tam-hon-mot-giang-sinh-lon-tung-pheo-p278872213,https://tiki.vn/sach-vun-dap-tam-hon-mot-giang-sinh-lon-tung-pheo-p278872213.html,Sách Vun Đắp Tâm Hồn - Một Giáng Sinh Lộn Tùng Phèo,0.0,0,45000,35280,1.0,1754
279534798,sach-chu-soc-sun-rang-p279534798,https://tiki.vn/sach-chu-soc-sun-rang-p279534798.html,Sách Chú Sóc Sún Răng,0.0,0,75000,56250,,1754
1664557,sach-o-noi-xa-tit-mu-khoi-p1664557,https://tiki.vn/sach-o-noi-xa-tit-mu-khoi-p1664557.html,Sách Ở Nơi Xa Tít Mù Khơi,5.0,44,55000,43225,1334.0,1754
279731726,sach-bo-ngua-hiep-si-mot-tay-p279731726,https://tiki.vn/sach-bo-ngua-hiep-si-mot-tay-p279731726.html,Sách Bọ Ngựa - Hiệp Sĩ Một Tay,0.0,0,99000,79200,,1754
279342186,chu-cho-vung-flanders-p279342186,https://tiki.vn/chu-cho-vung-flanders-p279342186.html,Sách Chú Chó Vùng Flanders,5.0,2,110000,82500,68.0,1754
576082,sach-max-va-bim-p576082,https://tiki.vn/sach-max-va-bim-p576082.html,Sách Max Và Bỉm,1.0,1,39000,28079,138.0,1754
560774,sach-vui-choi-cung-yu-yu-tap-6-yu-yu-nuoi-ca-vang-p560774,https://tiki.vn/sach-vui-choi-cung-yu-yu-tap-6-yu-yu-nuoi-ca-vang-p560774.html,Sách Vui Chơi Cùng Yu Yu (Tập 6) - Yu Yu Nuôi Cá Vàng,5.0,2,15000,11000,40.0,1754
278158685,sach-tham-tu-hoc-tro-p278158685,https://tiki.vn/sach-tham-tu-hoc-tro-p278158685.html,Sách Thám tử học trò,0.0,0,42000,31920,4.0,1754
276123436,sach-be-suong-mu-va-nhung-ga-da-sac-p276123436,https://tiki.vn/sach-be-suong-mu-va-nhung-ga-da-sac-p276123436.html,Sách Bé Sương Mù Và Những Gã Đa Sắc,0.0,0,75000,59200,3.0,1754
96652392,sach-chuyen-ke-ve-nam-doi-vien-dau-tien-p96652392,https://tiki.vn/sach-chuyen-ke-ve-nam-doi-vien-dau-tien-p96652392.html,Sách Chuyện Kể Về Năm Đội Viên Đầu Tiên,5.0,2,50000,38800,12.0,1754
143861679,sach-nhung-dua-tre-ki-dieu-cau-be-tang-hinh-p143861679,https://tiki.vn/sach-nhung-dua-tre-ki-dieu-cau-be-tang-hinh-p143861679.html,Sách Những Đứa Trẻ Kì Diệu - Cậu Bé Tàng Hình,5.0,4,30000,22800,78.0,1754
278695564,sach-miu-be-nho-va-chiec-den-ong-sao-that-lac-p278695564,https://tiki.vn/sach-miu-be-nho-va-chiec-den-ong-sao-that-lac-p278695564.html,Sách Miu Bé Nhỏ Và Chiếc Đèn Ông Sao Thất Lạc,0.0,0,69000,51750,1.0,1754
276960031,sach-khu-vuon-bi-mat-p276960031,https://tiki.vn/sach-khu-vuon-bi-mat-p276960031.html,Sách Khu Vườn Bí Mật,0.0,0,135000,101250,5.0,1754
579979,sach-noi-sao-cho-con-hieu-vi-sao-phai-tap-the-duc-p579979,https://tiki.vn/sach-noi-sao-cho-con-hieu-vi-sao-phai-tap-the-duc-p579979.html,Sách Nói Sao Cho Con Hiểu: Vì Sao Phải Tập Thể Dục,5.0,2,24001,19000,214.0,1754
109124695,sach-luy-xieng-cau-se-bi-an-thit-mat-p109124695,https://tiki.vn/sach-luy-xieng-cau-se-bi-an-thit-mat-p109124695.html,"Sách Luy-Xiêng , Cậu Sẽ Bị Ăn Thịt Mất",4.6,9,58000,46550,80.0,1754
274744704,sach-tonton-friends-hoi-chan-ngan-sieu-lay-tai-ban-2024-p274744704,https://tiki.vn/sach-tonton-friends-hoi-chan-ngan-sieu-lay-tai-ban-2024-p274744704.html,Sách Tonton Friends - Hội Chân Ngắn Siêu Lầy [Tái Bản 2024],0.0,0,99000,72800,11.0,1754
269957428,tu-sach-tuoi-than-tien-chim-ra-rang-hanh-phuc-p269957428,https://tiki.vn/tu-sach-tuoi-than-tien-chim-ra-rang-hanh-phuc-p269957428.html,Tủ Sách Tuổi Thần Tiên - Chim Ra Ràng Hạnh Phúc,0.0,0,55000,42400,3.0,1754
276930914,sach-hanh-tinh-ki-la-tai-ban-2024-p276930914,https://tiki.vn/sach-hanh-tinh-ki-la-tai-ban-2024-p276930914.html,Sách Hành Tinh Kì Lạ [Tái Bản 2024],0.0,0,50000,39200,4.0,1754
274682382,sach-thua-thi-sao-vui-la-chinh-p274682382,https://tiki.vn/sach-thua-thi-sao-vui-la-chinh-p274682382.html,"Sách Thua Thì Sao, Vui Là Chính",0.0,0,45000,33750,,1754
274537508,sach-kich-kich-kich-p274537508,https://tiki.vn/sach-kich-kich-kich-p274537508.html,Sách Kịch! Kịch! Kịch!,0.0,0,55000,47025,4.0,1754
184096108,sach-nhung-nguoi-ban-ki-dieu-co-ca-khoai-tay-chien-vui-ve-tam-quan-trong-cua-viec-hoc-funny-fishy-frenchfries-the-importance-of-learning-p184096108,https://tiki.vn/sach-nhung-nguoi-ban-ki-dieu-co-ca-khoai-tay-chien-vui-ve-tam-quan-trong-cua-viec-hoc-funny-fishy-frenchfries-the-importance-of-learning-p184096108.html,Sách Những Người Bạn Kì Diệu - Cô Cá Khoai Tây Chiên Vui Vẻ - Tầm Quan Trọng Của Việc Học: Funny Fishy Frenchfries - The Importance Of Learning,5.0,1,39000,29640,47.0,1754
204053396,sach-toto-chu-cho-voi-uoc-mo-bay-p204053396,https://tiki.vn/sach-toto-chu-cho-voi-uoc-mo-bay-p204053396.html,Sách Tôtô - Chú Chó Với Ước Mơ Bay,0.0,0,146000,109500,6.0,1754
246084888,sach-vuong-quoc-ngo-nghinh-p246084888,https://tiki.vn/sach-vuong-quoc-ngo-nghinh-p246084888.html,Sách Vương Quốc Ngộ Nghĩnh,0.0,0,120000,96000,22.0,1754
279576970,sach-van-hoc-thieu-nhi-canh-cam-va-mua-he-p279576970,https://tiki.vn/sach-van-hoc-thieu-nhi-canh-cam-va-mua-he-p279576970.html,Sách Văn Học Thiếu Nhi. Cánh Cam Và Mùa Hè,0.0,0,95000,70000,2.0,1754
202879292,sach-timmy-failure-coi-cau-kia-kia-p202879292,https://tiki.vn/sach-timmy-failure-coi-cau-kia-kia-p202879292.html,Sách Timmy Failure: Coi Cậu Kia Kìa,4.5,7,110000,73000,74.0,1754
451801,sach-giao-duc-tri-tuong-tuong-cho-tre-cai-ho-to-bi-mat-p451801,https://tiki.vn/sach-giao-duc-tri-tuong-tuong-cho-tre-cai-ho-to-bi-mat-p451801.html,Sách Giáo Dục Trí Tưởng Tượng Cho Trẻ - Cái Hố To Bí Mật,4.2,5,22000,15000,216.0,1754
648211,sach-lich-su-viet-nam-bang-tranh-thanh-lap-nha-tran-tap-21-tai-ban-p648211,https://tiki.vn/sach-lich-su-viet-nam-bang-tranh-thanh-lap-nha-tran-tap-21-tai-ban-p648211.html,Sách Lịch Sử Việt Nam Bằng Tranh - Thành Lập Nhà Trần - Tập 21 (Tái Bản),5.0,9,35000,25000,294.0,1754
274660750,sach-nhay-len-va-het-p274660750,https://tiki.vn/sach-nhay-len-va-het-p274660750.html,Sách Nhẩy Lên Và Hét,0.0,0,50000,38400,,1754
273462159,sach-tam-tinh-be-nho-p273462159,https://tiki.vn/sach-tam-tinh-be-nho-p273462159.html,Sách Tâm Tình Bé Nhỏ,0.0,0,50000,36800,,1754
2438625,nuoi-duong-tam-hon-truyen-tranh-song-ngu-anh-viet-be-hoc-ve-su-song-va-su-thay-doi-cua-tu-nhien-p2438625,https://tiki.vn/nuoi-duong-tam-hon-truyen-tranh-song-ngu-anh-viet-be-hoc-ve-su-song-va-su-thay-doi-cua-tu-nhien-p2438625.html,Nuôi Dưỡng Tâm Hồn - Truyện Tranh Song Ngữ Anh - Việt - Bé Học Về Sự Sống Và Sự Thay Đổi Của Tự Nhiên,5.0,2,26000,16300,162.0,1754
278679680,sach-mat-troi-be-con-p278679680,https://tiki.vn/sach-mat-troi-be-con-p278679680.html,Sách Mặt Trời Bé Con,0.0,0,88000,66880,,1754
277591258,sach-co-trong-rao-bot-p277591258,https://tiki.vn/sach-co-trong-rao-bot-p277591258.html,Sách Cỏ Trong Rào Bót,0.0,0,25000,19600,6.0,1754
279392328,sach-peter-pan-ban-song-ngu-viet-anh-p279392328,https://tiki.vn/sach-peter-pan-ban-song-ngu-viet-anh-p279392328.html,Sách Peter Pan Bản Song Ngữ Việt - Anh,0.0,0,99000,66330,3.0,1754
271516179,sach-la-em-duoi-mai-hien-p271516179,https://tiki.vn/sach-la-em-duoi-mai-hien-p271516179.html,Sách Là Em Dưới Mái Hiên,0.0,0,50000,38400,9.0,1754
274024421,sach-phep-mau-p274024421,https://tiki.vn/sach-phep-mau-p274024421.html,Sách Phép Màu,0.0,0,46000,33840,2.0,1754
279392268,sach-nhung-cuoc-phieu-luu-cua-pinocchino-ban-song-ngu-viet-anh-p279392268,https://tiki.vn/sach-nhung-cuoc-phieu-luu-cua-pinocchino-ban-song-ngu-viet-anh-p279392268.html,Sách Những Cuộc Phiêu Lưu Của Pinocchino Bản Song Ngữ Việt - Anh,0.0,0,89000,59630,3.0,1754
24880836,sach-thien-duong-tien-xu-tap-4-p24880836,https://tiki.vn/sach-thien-duong-tien-xu-tap-4-p24880836.html,Sách Thiên Đường Tiền Xu - Tập 4,5.0,36,80000,61600,439.0,1754
205194416,sach-ong-ba-bi-va-nhung-dua-tre-trong-mo-p205194416,https://tiki.vn/sach-ong-ba-bi-va-nhung-dua-tre-trong-mo-p205194416.html,Sách Ông Ba Bị và những đứa trẻ trong mơ,5.0,3,45000,34240,27.0,1754
184096093,sach-nhung-nguoi-ban-ki-dieu-chu-su-tu-keo-mut-tam-quan-trong-cua-viec-xu-li-noi-so-the-lollylion-the-importance-of-handling-fear-p184096093,https://tiki.vn/sach-nhung-nguoi-ban-ki-dieu-chu-su-tu-keo-mut-tam-quan-trong-cua-viec-xu-li-noi-so-the-lollylion-the-importance-of-handling-fear-p184096093.html,Sách Những Người Bạn Kì Diệu - Chú Sư Tử Kẹo Mút - Tầm Quan Trọng Của Việc Xử Lí Nỗi Sợ: The Lollylion - The Importance Of Handling Fear,5.0,2,39000,30000,30.0,1754
274537544,sach-thanh-pho-quanh-vong-quanh-p274537544,https://tiki.vn/sach-thanh-pho-quanh-vong-quanh-p274537544.html,Sách Thành Phố Quanh Vòng Quanh,0.0,0,65000,55100,8.0,1754
279093679,sach-anh-chang-khong-gian-p279093679,https://tiki.vn/sach-anh-chang-khong-gian-p279093679.html,Sách Anh Chàng Không Gian,5.0,2,185000,148000,25.0,1754
184096094,sach-nhung-nguoi-ban-ki-dieu-co-robot-bach-tuoc-tam-quan-trong-cua-su-chia-se-miss-robotopus-the-importance-of-sharing-p184096094,https://tiki.vn/sach-nhung-nguoi-ban-ki-dieu-co-robot-bach-tuoc-tam-quan-trong-cua-su-chia-se-miss-robotopus-the-importance-of-sharing-p184096094.html,Sách Những Người Bạn Kì Diệu - Cô Robot Bạch Tuộc - Tầm Quan Trọng Của Sự Chia Sẻ: Miss Robotopus - The Importance Of Sharing,5.0,1,39000,29640,28.0,1754
560766,sach-vui-choi-cung-yu-yu-tap-4-dieu-ky-la-sau-con-mua-p560766,https://tiki.vn/sach-vui-choi-cung-yu-yu-tap-4-dieu-ky-la-sau-con-mua-p560766.html,Sách Vui Chơi Cùng Yu Yu (Tập 4) - Điều Kỳ Lạ Sau Cơn Mưa,0.0,0,15000,11000,43.0,1754
143858314,sach-nhung-dua-tre-ki-dieu-cau-be-va-nhung-con-so-mau-nhiem-p143858314,https://tiki.vn/sach-nhung-dua-tre-ki-dieu-cau-be-va-nhung-con-so-mau-nhiem-p143858314.html,Sách Những Đứa Trẻ Kì Diệu - Cậu Bé Và Những Con Số Màu Nhiệm,5.0,5,30000,22500,36.0,1754
75996793,sach-bfg-nguoi-khong-lo-than-thien-tai-ban-2021-p75996793,https://tiki.vn/sach-bfg-nguoi-khong-lo-than-thien-tai-ban-2021-p75996793.html,Sách BFG - Người Khổng Lồ Thân Thiện (Tái Bản 2021),5.0,42,65000,49400,411.0,1754
275893917,sach-lu-qui-nho-xom-tro-thanh-cong-p275893917,https://tiki.vn/sach-lu-qui-nho-xom-tro-thanh-cong-p275893917.html,Sách Lũ Quỉ Nhỏ Xóm Trọ Thành Công,5.0,1,50000,47500,3.0,1754
92995002,sach-mai-am-chon-rung-sau-tap-3_ben-nhau-la-tuyet-nhat-p92995002,https://tiki.vn/sach-mai-am-chon-rung-sau-tap-3_ben-nhau-la-tuyet-nhat-p92995002.html,Sách Mái Ấm Chốn Rừng Sâu: Tập 3_Bên Nhau Là Tuyệt Nhất,5.0,14,48000,36480,110.0,1754
278723614,sach-tinh-yeu-bo-xit-p278723614,https://tiki.vn/sach-tinh-yeu-bo-xit-p278723614.html,Sách Tình Yêu Bọ Xít,0.0,0,130000,100100,16.0,1754
271907601,sach-mat-hieu-ogo-p271907601,https://tiki.vn/sach-mat-hieu-ogo-p271907601.html,Sách Mật Hiệu OGO - Tập 5: Những Tay Săn Ngoại Hạng,5.0,1,30000,27000,14.0,1754
185024333,sach-bay-voi-den-p185024333,https://tiki.vn/sach-bay-voi-den-p185024333.html,Sách Bầy Voi Đen,4.5,2,80000,59200,55.0,1754
279395408,sach-the-gioi-tuyet-voi-cua-tom-gates-chon-le-p279395408,https://tiki.vn/sach-the-gioi-tuyet-voi-cua-tom-gates-chon-le-p279395408.html,Sách Thế Giới Tuyệt Vời Của Tom Gates (Chọn Lẻ),0.0,0,69000,42780,,1754
68570326,sach-tren-sa-mac-va-trong-rung-tham-tai-ban-2020-p68570326,https://tiki.vn/sach-tren-sa-mac-va-trong-rung-tham-tai-ban-2020-p68570326.html,Sách Trên Sa Mạc Và Trong Rừng Thẳm (Tái Bản 2020),4.8,61,135000,93000,388.0,1754
278194105,sach-cuoc-phieu-luu-toi-mat-trang-cua-anh-bo-beo-tac-pham-chon-loc-van-hoc-duc-p278194105,https://tiki.vn/sach-cuoc-phieu-luu-toi-mat-trang-cua-anh-bo-beo-tac-pham-chon-loc-van-hoc-duc-p278194105.html,Sách Cuộc Phiêu Lưu Tới Mặt Trăng Của Anh Bọ Béo (Tác Phẩm Chọn Lọc - Văn Học Đức),5.0,1,50000,47500,15.0,1754
278042259,illustrated-classics-truyen-co-tich-ve-nhung-nguoi-hung-binh-di-p278042259,https://tiki.vn/illustrated-classics-truyen-co-tich-ve-nhung-nguoi-hung-binh-di-p278042259.html,Illustrated Classics - Truyện Cổ Tích Về Những Người Hùng Bình Dị,0.0,0,168000,109900,2.0,1754
279445966,sach-van-hoc-tuoi-than-tien-chuyen-ca-map-lac-vao-bo-p279445966,https://tiki.vn/sach-van-hoc-tuoi-than-tien-chuyen-ca-map-lac-vao-bo-p279445966.html,Sách Văn Học Tuổi Thần Tiên - Chuyện Cá Mập Lạc Vào Bờ,0.0,0,45000,36000,2.0,1754
185668553,sach-sieu-nhan-chan-rach-p185668553,https://tiki.vn/sach-sieu-nhan-chan-rach-p185668553.html,Sách Siêu Nhân Chăn Rách,5.0,1,63000,43900,3.0,1754
1664555,sach-sinh-nhat-o-rung-va-nhung-cuoc-vui-tung-bung-p1664555,https://tiki.vn/sach-sinh-nhat-o-rung-va-nhung-cuoc-vui-tung-bung-p1664555.html,Sách Sinh Nhật Ở Rừng Và Những Cuộc Vui Tưng Bừng,4.6,20,55000,41250,909.0,1754
181122307,sach-din-p181122307,https://tiki.vn/sach-din-p181122307.html,Sách Din,0.0,0,139000,96000,4.0,1754
279395497,sach-the-gioi-tuyet-voi-cua-tom-gates-the-brilliant-world-of-tom-gates-chon-le-p279395497,https://tiki.vn/sach-the-gioi-tuyet-voi-cua-tom-gates-the-brilliant-world-of-tom-gates-chon-le-p279395497.html,Sách Thế Giới Tuyệt Vời Của Tom Gates - The Brilliant World Of Tom Gates (Chọn Lẻ),0.0,0,99000,61380,12.0,1754
274682374,sach-nai-sung-tam-va-bac-tho-san-p274682374,https://tiki.vn/sach-nai-sung-tam-va-bac-tho-san-p274682374.html,Sách Nai Sừng Tấm Và Bác Thợ Săn,0.0,0,150000,112500,5.0,1754
279676475,bia-cung-boc-vai-hoang-tu-be-antoine-de-saint-exupery-vinh-lac-dich-tac-gia-minh-hoa-dong-a-nxb-van-hoc-p279676475,https://tiki.vn/bia-cung-boc-vai-hoang-tu-be-antoine-de-saint-exupery-vinh-lac-dich-tac-gia-minh-hoa-dong-a-nxb-van-hoc-p279676475.html,HOÀNG TỬ BÉ - (Bìa cứng bọc vải) - Antoine de Saint-Exupéry - Đông A,5.0,5,190000,178000,55.0,1754
272565699,sach-ngay-xua-oi-p272565699,https://tiki.vn/sach-ngay-xua-oi-p272565699.html,Sách Ngày Xưa Ơi,0.0,0,40000,38000,4.0,1754
92994618,sach-mai-am-chon-rung-sau-tap-2_mon-qua-tuyet-voi-nhat-p92994618,https://tiki.vn/sach-mai-am-chon-rung-sau-tap-2_mon-qua-tuyet-voi-nhat-p92994618.html,Sách Mái Ấm Chốn Rừng Sâu: Tập 2_Món Quà Tuyệt Vời Nhất,5.0,11,48000,37280,95.0,1754
31952088,sach-danh-tac-rut-gon-the-gioi-that-lac-p31952088,https://tiki.vn/sach-danh-tac-rut-gon-the-gioi-that-lac-p31952088.html,Sách Danh Tác Rút Gọn - Thế Giới Thất Lạc,5.0,3,38000,29000,49.0,1754
200851519,sach-ba-do-p200851519,https://tiki.vn/sach-ba-do-p200851519.html,Sách Bà Đỡ,5.0,1,95000,41000,29.0,1754
274537554,sach-chiec-hop-bau-vat-p274537554,https://tiki.vn/sach-chiec-hop-bau-vat-p274537554.html,Sách Chiếc Hộp Báu Vật,0.0,0,50000,38400,3.0,1754
109124687,sach-luy-xieng-chu-chim-canh-cut-o-xu-so-mat-troi-p109124687,https://tiki.vn/sach-luy-xieng-chu-chim-canh-cut-o-xu-so-mat-troi-p109124687.html,Sách Luy-Xiêng Chú Chim Cánh Cụt Ở Xứ Sở Mặt Trời,4.5,10,58000,46550,95.0,1754
207256509,sach-song-nhu-nhung-doa-hoa-1-p207256509,https://tiki.vn/sach-song-nhu-nhung-doa-hoa-1-p207256509.html,Sách Sống Như Những Đóa Hoa - 1,0.0,0,40000,29440,,1754
279577265,sach-van-hoc-thieu-nhi-xom-sa-ke-co-xa-khong-p279577265,https://tiki.vn/sach-van-hoc-thieu-nhi-xom-sa-ke-co-xa-khong-p279577265.html,Sách Văn Học Thiếu Nhi. Xóm Sa Kê Có Xa Không?,5.0,1,85000,65000,4.0,1754
274682386,sach-to-duoc-quyen-quyet-dinh-p274682386,https://tiki.vn/sach-to-duoc-quyen-quyet-dinh-p274682386.html,Sách Tớ Được Quyền Quyết Định,0.0,0,30000,22800,,1754
274377044,sach-nhung-la-thu-tu-hoc-cay-ky-dieu-p274377044,https://tiki.vn/sach-nhung-la-thu-tu-hoc-cay-ky-dieu-p274377044.html,Sách Những Lá Thư Từ Hốc Cây Kỳ Diệu,5.0,2,105000,71700,27.0,1754
171549964,cuon-sach-nho-y-nghia-lon-cuoc-thi-dai-su-van-hoa-doc-2020-p171549964,https://tiki.vn/cuon-sach-nho-y-nghia-lon-cuoc-thi-dai-su-van-hoa-doc-2020-p171549964.html,Cuốn Sách Nhỏ - Ý Nghĩa Lớn - Cuộc Thi Đại Sứ Văn Hóa Đọc 2020,5.0,2,150000,72400,12.0,1754
279421040,canh-buom-do-tham-p279421040,https://tiki.vn/canh-buom-do-tham-p279421040.html,Sách Cánh Buồm Đỏ Thắm,0.0,0,99000,65300,3.0,1754
279693378,sach-truyen-ke-truoc-khi-ngu-phat-trien-iq-eq-cq-chon-chu-de-p279693378,https://tiki.vn/sach-truyen-ke-truoc-khi-ngu-phat-trien-iq-eq-cq-chon-chu-de-p279693378.html,Sách Truyện Kể Trước Khi Ngủ - Phát Triển IQ-EQ-CQ (Chọn chủ đề),0.0,0,69000,49200,,1754
185851588,tuyen-tap-tho-hay-cho-tre-mam-non-minh-hoa-bang-tranh-theo-chu-de-theo-chuan-giao-duc-mam-non-p185851588,https://tiki.vn/tuyen-tap-tho-hay-cho-tre-mam-non-minh-hoa-bang-tranh-theo-chu-de-theo-chuan-giao-duc-mam-non-p185851588.html,Tuyển tập Thơ hay cho Trẻ mầm non (Minh họa bằng tranh theo chủ đề - Theo chuẩn giáo dục mầm non),5.0,3,70190,70190,101.0,1754
276833162,sach-chuyen-con-meo-day-hai-au-bay-p276833162,https://tiki.vn/sach-chuyen-con-meo-day-hai-au-bay-p276833162.html,Sách Chuyện Con Mèo Dạy Hải Âu Bay,5.0,2824,70000,50400,1162.0,1754
262662804,van-hoc-thieu-nhi-tu-truyen-mot-con-heo-p262662804,https://tiki.vn/van-hoc-thieu-nhi-tu-truyen-mot-con-heo-p262662804.html,Văn học thiếu nhi - Tự truyện một con Heo,5.0,11,120000,96000,228.0,1754
693383,sach-nui-lua-nong-hon-ca-lua-tai-ban-2017-p693383,https://tiki.vn/sach-nui-lua-nong-hon-ca-lua-tai-ban-2017-p693383.html,Sách Núi Lửa Nóng Hơn Cả Lửa (Tái Bản 2017),5.0,5,35000,26000,318.0,1754
17048319,sach-ngoi-nha-nho-tren-thao-nguyen-tap-9-thuo-ban-dau-tai-ban-2019-p17048319,https://tiki.vn/sach-ngoi-nha-nho-tren-thao-nguyen-tap-9-thuo-ban-dau-tai-ban-2019-p17048319.html,Sách Ngôi Nhà Nhỏ Trên Thảo Nguyên Tập 9: Thuở Ban Đầu (Tái Bản 2019),5.0,28,30000,22500,415.0,1754
197633144,van-hoc-trong-nha-truong-truyen-ngan-nguyen-minh-chau-p197633144,https://tiki.vn/van-hoc-trong-nha-truong-truyen-ngan-nguyen-minh-chau-p197633144.html,Văn Học Trong Nhà Trường: Truyện Ngắn Nguyễn Minh Châu,4.5,10,78000,55200,130.0,1754
273952775,sach-ben-cua-ngam-xuan-p273952775,https://tiki.vn/sach-ben-cua-ngam-xuan-p273952775.html,Sách Bên Cửa Ngắm Xuân,0.0,0,68000,51680,17.0,1754
17048327,sach-ngoi-nha-nho-tren-thao-nguyen-tap-6-mua-dong-bat-tan-tai-ban-2019-p17048327,https://tiki.vn/sach-ngoi-nha-nho-tren-thao-nguyen-tap-6-mua-dong-bat-tan-tai-ban-2019-p17048327.html,Sách Ngôi Nhà Nhỏ Trên Thảo Nguyên Tập 6: Mùa Đông Bất Tận (Tái Bản 2019),4.8,24,80000,60000,406.0,1754
273978200,sach-tha-dieu-tren-de-tho-cho-thieu-nhi-kem-tranh-minh-hoa-tai-ban-p273978200,https://tiki.vn/sach-tha-dieu-tren-de-tho-cho-thieu-nhi-kem-tranh-minh-hoa-tai-ban-p273978200.html,Sách Thả diều trên đê (Thơ cho thiếu nhi - Kèm tranh minh họa) (Tái Bản),5.0,2,138000,99000,126.0,1754
278638953,sach-chay-theo-trai-tim-xanh-p278638953,https://tiki.vn/sach-chay-theo-trai-tim-xanh-p278638953.html,Sách Chạy Theo Trái Tim Xanh,0.0,0,148000,104400,5.0,1754
37452783,sach-con-trung-ky-an-ban-day-du-nhat-tap-3-p37452783,https://tiki.vn/sach-con-trung-ky-an-ban-day-du-nhat-tap-3-p37452783.html,Sách Côn Trùng Ký (Ấn Bản Đầy Đủ Nhất) -Tập 3,4.6,32,145000,97900,567.0,1754
565846,sach-peter-pan-p565846,https://tiki.vn/sach-peter-pan-p565846.html,Sách Peter Pan,5.0,1,70000,53900,603.0,1754
48035303,sach-nhung-ngoi-lang-tren-trien-doc-p48035303,https://tiki.vn/sach-nhung-ngoi-lang-tren-trien-doc-p48035303.html,Sách Những Ngôi Làng Trên Triền Dốc,4.8,35,60000,39000,383.0,1754
275407085,sach-nhung-ky-vong-lon-lao-p275407085,https://tiki.vn/sach-nhung-ky-vong-lon-lao-p275407085.html,Sách Những Kỳ Vọng Lớn Lao,4.7,11,169000,124800,88.0,1754
17048317,sach-ngoi-nha-nho-tren-thao-nguyen-tap-8-nam-thang-vang-son-tai-ban-2019-p17048317,https://tiki.vn/sach-ngoi-nha-nho-tren-thao-nguyen-tap-8-nam-thang-vang-son-tai-ban-2019-p17048317.html,Sách Ngôi Nhà Nhỏ Trên Thảo Nguyên Tập 8: Năm Tháng Vàng Son (Tái Bản 2019),5.0,25,70000,52500,392.0,1754
75996808,sach-james-va-qua-dao-khong-lo-tai-ban-2021-p75996808,https://tiki.vn/sach-james-va-qua-dao-khong-lo-tai-ban-2021-p75996808.html,Sách James Và Quả Đào Khổng Lồ (Tái Bản 2021),5.0,55,55000,41250,476.0,1754
75996803,sach-charlie-va-chiec-thang-may-bang-kinh-tai-ban-2021-p75996803,https://tiki.vn/sach-charlie-va-chiec-thang-may-bang-kinh-tai-ban-2021-p75996803.html,Sách Charlie Và Chiếc Thang Máy Bằng Kính (Tái Bản 2021),5.0,63,55000,49500,563.0,1754
278872180,sach-chu-meo-tam-nang-ben-hien-p278872180,https://tiki.vn/sach-chu-meo-tam-nang-ben-hien-p278872180.html,Sách Chú Mèo Tắm Nắng Bên Hiên,0.0,0,40000,38000,11.0,1754
51996169,sach-chuyen-ve-ellie-chu-cho-trong-tieu-thuyet-muc-dich-song-cua-mot-chu-cho-p51996169,https://tiki.vn/sach-chuyen-ve-ellie-chu-cho-trong-tieu-thuyet-muc-dich-song-cua-mot-chu-cho-p51996169.html,Sách Chuyện Về Ellie - Chú Chó Trong Tiểu Thuyết Mục Đích Sống Của Một Chú Chó,5.0,20,85000,67000,114.0,1754
275611108,sach-moi-noi-vun-vo-tap-2-cua-chu-be-mang-pyjama-soc-p275611108,https://tiki.vn/sach-moi-noi-vun-vo-tap-2-cua-chu-be-mang-pyjama-soc-p275611108.html,Sách Mọi Nơi Vụn Vỡ : Tập 2 Của Chú Bé Mang Pyjama sọc,5.0,10,210000,151200,158.0,1754
21170979,sach-thien-duong-tien-xu-tap-3-p21170979,https://tiki.vn/sach-thien-duong-tien-xu-tap-3-p21170979.html,Sách Thiên Đường Tiền Xu - Tập 3,5.0,28,70000,53900,493.0,1754
276602954,sach-tham-tu-sherlock-holmes-p276602954,https://tiki.vn/sach-tham-tu-sherlock-holmes-p276602954.html,Sách Thám tử SHERLOCK HOLMES,5.0,2,108000,73000,12.0,1754
184095585,sach-tho-hay-viet-cho-thieu-nhi-tieng-hat-con-chim-non-p184095585,https://tiki.vn/sach-tho-hay-viet-cho-thieu-nhi-tieng-hat-con-chim-non-p184095585.html,Sách Thơ Hay Viết Cho Thiếu Nhi: Tiếng Hát Con Chim Non,3.0,1,65000,49400,30.0,1754
278457725,sach-cau-chuot-xu-manx-khong-so-hai-p278457725,https://tiki.vn/sach-cau-chuot-xu-manx-khong-so-hai-p278457725.html,Sách Cậu Chuột Xứ Manx Không Sợ Hãi,5.0,2,89000,62900,7.0,1754
3670499,sach-pettson-va-findus-findus-ra-rieng-p3670499,https://tiki.vn/sach-pettson-va-findus-findus-ra-rieng-p3670499.html,Sách Pettson Và Findus: Findus Ra Riêng,5.0,18,45000,29199,395.0,1754
573282,sach-du-hanh-nguoc-thoi-gian-den-xu-so-khung-long-p573282,https://tiki.vn/sach-du-hanh-nguoc-thoi-gian-den-xu-so-khung-long-p573282.html,Sách Du Hành Ngược Thời Gian Đến Xứ Sở Khủng Long,4.0,4,86000,61219,138.0,1754
248722625,sach-gui-gio-ve-cho-noi-tho-hay-viet-cho-thieu-nhi-p248722625,https://tiki.vn/sach-gui-gio-ve-cho-noi-tho-hay-viet-cho-thieu-nhi-p248722625.html,Sách Gửi Gió Về Cho Nội - Thơ Hay Viết Cho Thiếu Nhi,0.0,0,60000,45600,15.0,1754
278679649,truyen-ke-ben-cay-dan-balalaika-p278679649,https://tiki.vn/truyen-ke-ben-cay-dan-balalaika-p278679649.html,Truyện Kể Bên Cây Đàn Balalaika,0.0,0,110000,82500,8.0,1754
271455705,sach-tho-cho-be-tap-doc-troi-chay-dien-cam-p271455705,https://tiki.vn/sach-tho-cho-be-tap-doc-troi-chay-dien-cam-p271455705.html,"Sách Thơ Cho Bé Tập Đọc Trôi Chảy, Diễn Cảm",0.0,0,35000,25300,18.0,1754
59356674,sach-chuyen-du-hanh-9000-milimet-danh-cho-lua-tuoi-7-12-p59356674,https://tiki.vn/sach-chuyen-du-hanh-9000-milimet-danh-cho-lua-tuoi-7-12-p59356674.html,Sách Chuyến Du Hành 9000 Milimet (Dành Cho Lứa Tuổi: 7-12),0.0,0,50000,40300,23.0,1754
612911,sach-lich-su-viet-nam-bang-tranh-tap-48-nha-bac-hoc-le-qui-don-p612911,https://tiki.vn/sach-lich-su-viet-nam-bang-tranh-tap-48-nha-bac-hoc-le-qui-don-p612911.html,Sách Lịch Sử Việt Nam Bằng Tranh (Tập 48) - Nhà Bác Học Lê Quí Đôn,4.8,12,35000,27000,317.0,1754
92995001,sach-mai-am-chon-rung-sau-tap-4_ve-nha-p92995001,https://tiki.vn/sach-mai-am-chon-rung-sau-tap-4_ve-nha-p92995001.html,Sách Mái Ấm Chốn Rừng Sâu: Tập 4_Về Nhà,5.0,12,48000,36480,100.0,1754
191045574,sach-ai-tha-cac-than-ra-p191045574,https://tiki.vn/sach-ai-tha-cac-than-ra-p191045574.html,Sách Ai Thả Các Thần Ra,5.0,10,179000,137830,85.0,1754
248502045,sach-nhung-cau-chuyen-ren-thoi-quen-tot-365-ngay-nuoi-duong-tam-hon-tui-6-cuon-p248502045,https://tiki.vn/sach-nhung-cau-chuyen-ren-thoi-quen-tot-365-ngay-nuoi-duong-tam-hon-tui-6-cuon-p248502045.html,Sách Những Câu Chuyện Rèn Thói Quen Tốt - 365 Ngày Nuôi Dưỡng Tâm Hồn (Túi 6 Cuốn),0.0,0,95000,59800,,1754
278102439,sach-nghin-le-mot-trang-p278102439,https://tiki.vn/sach-nghin-le-mot-trang-p278102439.html,Sách Nghìn Lẻ Một Trang,0.0,0,79000,57800,1.0,1754
3035863,sach-minh-co-the-lam-bat-cu-viec-gi-i-can-be-anything-p3035863,https://tiki.vn/sach-minh-co-the-lam-bat-cu-viec-gi-i-can-be-anything-p3035863.html,Sách Mình Có Thể Làm Bất Cứ Việc Gì! – I Can Be Anything!,4.6,36,49000,37700,1471.0,1754
351846,sach-happy-reader-chuyen-tinh-romeo-juliet-1cd-p351846,https://tiki.vn/sach-happy-reader-chuyen-tinh-romeo-juliet-1cd-p351846.html,Sách Happy Reader - Chuyện Tình Romeo & Juliet +1CD,4.7,14,57000,43890,618.0,1754
262302172,sach-nhat-van-hoc-tuoi-hoa-p262302172,https://tiki.vn/sach-nhat-van-hoc-tuoi-hoa-p262302172.html,Sách Nhặt (Văn Học Tuổi Hoa),0.0,0,35000,27440,7.0,1754
195962332,sach-the-gioi-trong-qua-trung-p195962332,https://tiki.vn/sach-the-gioi-trong-qua-trung-p195962332.html,Sách Thế giới trong quả trứng,4.8,11,118000,83000,184.0,1754
184425057,sach-doan-binh-tay-tien-doan-vo-trang-tuyen-truyen-bien-khu-lao-viet-tai-ban-2022-p184425057,https://tiki.vn/sach-doan-binh-tay-tien-doan-vo-trang-tuyen-truyen-bien-khu-lao-viet-tai-ban-2022-p184425057.html,Sách Đoàn Binh Tây Tiến - Đoàn Võ Trang Tuyên Truyền Biên Khu Lào - Việt (Tái Bản 2022),0.0,0,45000,32400,11.0,1754
42877486,sach-van-hoc-kinh-dien-the-gioi-peter-pan-tai-ban-p42877486,https://tiki.vn/sach-van-hoc-kinh-dien-the-gioi-peter-pan-tai-ban-p42877486.html,Sách Văn Học Kinh Điển Thế Giới - Peter Pan (Tái Bản),4.8,78,88000,63000,914.0,1754
262783957,sach-marco-polo-du-hanh-ve-phuong-dong-p262783957,https://tiki.vn/sach-marco-polo-du-hanh-ve-phuong-dong-p262783957.html,Sách Marco Polo Du Hành Về Phương Đông,3.7,3,169000,121000,39.0,1754
279446580,sach-doi-cuu-ho-ti-hon-p279446580,https://tiki.vn/sach-doi-cuu-ho-ti-hon-p279446580.html,Sách - Đội Cứu Hộ Tí Hon,0.0,0,79000,56700,,1754
273835823,sach-to-khong-tang-me-cho-ban-dau-p273835823,https://tiki.vn/sach-to-khong-tang-me-cho-ban-dau-p273835823.html,Sách Tớ Không Tặng Mẹ Cho Bạn Đâu,0.0,0,65000,42500,1.0,1754
181915307,sach-dau-an-the-he-moi-dung-giam-len-co-p181915307,https://tiki.vn/sach-dau-an-the-he-moi-dung-giam-len-co-p181915307.html,Sách Dấu Ấn Thế Hệ Mới: Đừng Giẫm Lên Cỏ,0.0,0,50000,38400,23.0,1754
273691201,sach-gia-dinh-ben-song-p273691201,https://tiki.vn/sach-gia-dinh-ben-song-p273691201.html,Sách Gia Đình Bên Sông,0.0,0,105000,77600,14.0,1754
276123432,truyen-ve-chu-tho-muu-meo-p276123432,https://tiki.vn/truyen-ve-chu-tho-muu-meo-p276123432.html,Truyện Về Chú Thỏ Mưu Mẹo,0.0,0,105000,82400,10.0,1754
361511,sach-happy-reader-hoang-tu-hanh-phuc-kem-1-cd-p361511,https://tiki.vn/sach-happy-reader-hoang-tu-hanh-phuc-kem-1-cd-p361511.html,Sách Happy Reader - Hoàng Tử Hạnh Phúc (Kèm 1 CD),4.5,10,53000,37100,337.0,1754
465517,sach-nhung-cau-chuyen-cuop-bien-vui-nhon-danh-cho-tre-em-p465517,https://tiki.vn/sach-nhung-cau-chuyen-cuop-bien-vui-nhon-danh-cho-tre-em-p465517.html,Sách Những Câu Chuyện Cướp Biển Vui Nhộn Dành Cho Trẻ Em,4.8,11,104000,79000,331.0,1754
191923784,sach-danh-tac-the-gioi-thang-gu-nha-tho-duc-ba-tai-ban-2022-p191923784,https://tiki.vn/sach-danh-tac-the-gioi-thang-gu-nha-tho-duc-ba-tai-ban-2022-p191923784.html,Sách Danh Tác Thế Giới: Thằng Gù Nhà Thờ Đức Bà (Tái Bản 2022),0.0,0,40000,30720,10.0,1754
278042156,illustrated-classics-truyen-ke-ve-cac-dong-vat-dung-cam-va-thong-minh-p278042156,https://tiki.vn/illustrated-classics-truyen-ke-ve-cac-dong-vat-dung-cam-va-thong-minh-p278042156.html,Illustrated Classics - Truyện Kể Về Các Động Vật Dũng Cảm Và Thông Minh,0.0,0,168000,109900,2.0,1754
34565957,sach-duong-ve-nha-thieu-nhi-p34565957,https://tiki.vn/sach-duong-ve-nha-thieu-nhi-p34565957.html,Sách Đường Về Nhà (Thiếu Nhi),4.6,37,96000,86400,296.0,1754
613109,sach-lich-su-viet-nam-bang-tranh-tap-44-chien-tranh-trinh-nguyen-p613109,https://tiki.vn/sach-lich-su-viet-nam-bang-tranh-tap-44-chien-tranh-trinh-nguyen-p613109.html,Sách Lịch Sử Việt Nam Bằng Tranh (Tập 44) - Chiến Tranh Trịnh - Nguyễn,4.8,16,35000,29000,301.0,1754
198572122,sach-ngoi-nha-tieng-cuoi-nhung-cau-chuyen-suoi-am-tam-hon-p198572122,https://tiki.vn/sach-ngoi-nha-tieng-cuoi-nhung-cau-chuyen-suoi-am-tam-hon-p198572122.html,Sách Ngôi Nhà Tiếng Cười [Những Câu Chuyện Sưởi Ấm Tâm Hồn],5.0,3,86000,65360,30.0,1754
275158851,sach-chung-ta-la-nhung-vi-tinh-tu-p275158851,https://tiki.vn/sach-chung-ta-la-nhung-vi-tinh-tu-p275158851.html,Sách Chúng ta là những vì tinh tú,5.0,1,129000,99330,7.0,1754
75996791,sach-ngon-tay-than-ki-tai-ban-2021-p75996791,https://tiki.vn/sach-ngon-tay-than-ki-tai-ban-2021-p75996791.html,Sách Ngón Tay Thần Kì (Tái Bản 2021),4.8,37,25000,18750,375.0,1754
277019957,sach-chiec-hop-cua-jessica-p277019957,https://tiki.vn/sach-chiec-hop-cua-jessica-p277019957.html,Sách Chiếc Hộp Của Jessica,0.0,0,50000,35300,,1754
273322817,nhung-truyen-hay-viet-cho-thieu-nhi-vu-hung-p273322817,https://tiki.vn/nhung-truyen-hay-viet-cho-thieu-nhi-vu-hung-p273322817.html,Những Truyện Hay Viết Cho Thiếu Nhi - Vũ Hùng,5.0,27,85000,65500,69.0,1754
181915286,sach-dau-an-the-he-moi-troi-xanh-ngap-nang-p181915286,https://tiki.vn/sach-dau-an-the-he-moi-troi-xanh-ngap-nang-p181915286.html,Sách Dấu Ấn Thế Hệ Mới: Trời Xanh Ngập Nắng,5.0,3,80000,59200,19.0,1754
198572109,sach-mia-va-trang-trai-de-cua-noi-p198572109,https://tiki.vn/sach-mia-va-trang-trai-de-cua-noi-p198572109.html,Sách Mia Và Trang Trại Dế Của Nội,5.0,1,65000,49400,21.0,1754
276559172,sach-ong-gia-va-bien-ca-p276559172,https://tiki.vn/sach-ong-gia-va-bien-ca-p276559172.html,Sách Ông Già Và Biển Cả,5.0,1,108000,76000,12.0,1754
275895634,bo-sach-cau-chuyen-nho-bai-hoc-lon-p275895634,https://tiki.vn/bo-sach-cau-chuyen-nho-bai-hoc-lon-p275895634.html,Bộ Sách Câu Chuyện Nhỏ Bài Học Lớn,0.0,0,156000,118560,2.0,1754
274168274,sach-ben-ban-du-ban-o-noi-dau-p274168274,https://tiki.vn/sach-ben-ban-du-ban-o-noi-dau-p274168274.html,Sách Bên Bạn Dù Bạn Ở Nơi Đâu,0.0,0,99000,69300,11.0,1754
184758854,sach-mon-qua-tu-cua-so-tai-ban-2022-p184758854,https://tiki.vn/sach-mon-qua-tu-cua-so-tai-ban-2022-p184758854.html,Sách Món Quà Từ Cửa Sổ (Tái Bản 2022),5.0,3,39000,26900,23.0,1754
181122305,sach-bo-va-con-gai-p181122305,https://tiki.vn/sach-bo-va-con-gai-p181122305.html,Sách Bố Và Con Gái,5.0,2,99000,69000,43.0,1754
767812,sach-nhung-cau-be-mat-troi-p767812,https://tiki.vn/sach-nhung-cau-be-mat-troi-p767812.html,Sách Những Cậu Bé Mặt Trời,0.0,0,30000,22800,73.0,1754
581013,sach-canh-cut-ngo-va-qua-thong-p581013,https://tiki.vn/sach-canh-cut-ngo-va-qua-thong-p581013.html,Sách Cánh Cụt Ngố Và Quả Thông,5.0,2,40000,28000,126.0,1754
81791006,sach-cau-thang-soi-chung-minh-lam-ban-nhe-p81791006,https://tiki.vn/sach-cau-thang-soi-chung-minh-lam-ban-nhe-p81791006.html,Sách Cầu Thang Sói (Chúng Mình Làm Bạn Nhé),5.0,4,69000,47100,24.0,1754
235728746,sach-explorer-academy-hoc-vien-vien-tham-7-dao-cam-p235728746,https://tiki.vn/sach-explorer-academy-hoc-vien-vien-tham-7-dao-cam-p235728746.html,Sách Explorer Academy - Học viện Viễn Thám - 7 - Đảo Cấm,5.0,2,160000,139000,45.0,1754
274537560,sach-cau-co-the-giup-to-khong-p274537560,https://tiki.vn/sach-cau-co-the-giup-to-khong-p274537560.html,Sách Cậu Có Thể Giúp Tớ Không?,0.0,0,28000,21920,1.0,1754
74235040,tuyen-tap-truyen-hay-danh-cho-thieu-nhi-2-tai-ban-p74235040,https://tiki.vn/tuyen-tap-truyen-hay-danh-cho-thieu-nhi-2-tai-ban-p74235040.html,Tuyển Tập Truyện Hay Dành Cho Thiếu Nhi 2 (Tái Bản),5.0,22,48000,33600,147.0,1754
279392336,sach-alice-o-xu-so-trong-guong-alice-through-the-looking-glass-ban-song-ngu-viet-anh-p279392336,https://tiki.vn/sach-alice-o-xu-so-trong-guong-alice-through-the-looking-glass-ban-song-ngu-viet-anh-p279392336.html,Sách Alice Ở Xứ Sở Trong Gương - Alice Through The Looking Glass Bản Song Ngữ Việt - Anh,0.0,0,69000,46230,1.0,1754
270791459,sach-giao-su-s-va-cap-kinh-nao-bi-danh-cap-p270791459,https://tiki.vn/sach-giao-su-s-va-cap-kinh-nao-bi-danh-cap-p270791459.html,Sách Giáo Sư S Và Cặp Kính Não Bị Đánh Cắp,4.0,1,75000,57000,11.0,1754
278194288,cong-chua-cu-meo-tu-sach-tuoi-than-tien-p278194288,https://tiki.vn/cong-chua-cu-meo-tu-sach-tuoi-than-tien-p278194288.html,Công Chúa Cú Mèo (Tủ Sách Tuổi Thần Tiên),0.0,0,75000,55200,2.0,1754
59356676,sach-14-tro-choi-cua-ong-noi-danh-cho-lua-tuoi-7-12-p59356676,https://tiki.vn/sach-14-tro-choi-cua-ong-noi-danh-cho-lua-tuoi-7-12-p59356676.html,Sách 14 Trò Chơi Của Ông Nội (Dành Cho Lứa Tuổi: 7-12),0.0,0,50000,39600,12.0,1754
137741291,sach-nhung-cau-chuyen-suoi-am-tam-hon-chi-em-gai-p137741291,https://tiki.vn/sach-nhung-cau-chuyen-suoi-am-tam-hon-chi-em-gai-p137741291.html,Sách Những Câu Chuyện Sưởi Ấm Tâm Hồn: Chị Em Gái,0.0,0,70000,53760,13.0,1754
74793315,sach-mirandus-ganh-xiec-di-thuong-p74793315,https://tiki.vn/sach-mirandus-ganh-xiec-di-thuong-p74793315.html,Sách Mirandus - Gánh Xiếc Dị Thường,4.8,19,120000,56000,106.0,1754
279392274,sach-hoang-tu-be-the-little-prince-ban-song-ngu-viet-anh-p279392274,https://tiki.vn/sach-hoang-tu-be-the-little-prince-ban-song-ngu-viet-anh-p279392274.html,Sách Hoàng Tử Bé - The Little Prince Bản Song Ngữ Việt - Anh,0.0,0,79000,52930,8.0,1754
81790997,sach-con-trai-cua-gau-chung-minh-lam-ban-nhe-p81790997,https://tiki.vn/sach-con-trai-cua-gau-chung-minh-lam-ban-nhe-p81790997.html,Sách Con Trai Của Gấu (Chúng Mình Làm Bạn Nhé),5.0,2,69000,47100,18.0,1754
278749456,suyt-tam-cau-chuyen-sieu-bi-mat-ve-dam-qua-bau-hoc-van-tien-bo-moi-ngay-p278749456,https://tiki.vn/suyt-tam-cau-chuyen-sieu-bi-mat-ve-dam-qua-bau-hoc-van-tien-bo-moi-ngay-p278749456.html,Suỵt!!! Tám Câu Chuyện Siêu Bí Mật Về Đầm Quả Bầu - Học Văn Tiến Bộ Mỗi Ngày,0.0,0,39000,27600,1.0,1754
276029320,ai-da-go-vao-than-cay-chum-truyen-ngan-tao-cam-hung-cho-em-lam-van-p276029320,https://tiki.vn/ai-da-go-vao-than-cay-chum-truyen-ngan-tao-cam-hung-cho-em-lam-van-p276029320.html,Ai Đã Gõ Vào Thân Cây? - Chùm Truyện Ngắn Tạo Cảm Hứng Cho Em Làm Văn,5.0,1,45000,29300,8.0,1754
273691174,sach-ngay-ba-hoa-nhung-vi-sao-p273691174,https://tiki.vn/sach-ngay-ba-hoa-nhung-vi-sao-p273691174.html,Sách Ngày Ba Hóa Những Vì Sao,5.0,1,65000,49400,5.0,1754
181379273,sach-ngai-keo-p181379273,https://tiki.vn/sach-ngai-keo-p181379273.html,Sách Ngài Kẹo,5.0,2,60000,42000,36.0,1754
109113295,sach-luy-xieng-va-chu-nguoi-tuyet-co-doc-p109113295,https://tiki.vn/sach-luy-xieng-va-chu-nguoi-tuyet-co-doc-p109113295.html,Sách Luy- Xiêng Và Chú Người Tuyết Cô Độc,4.2,9,58000,46400,80.0,1754
205195112,sach-noi-ta-thuoc-ve-p205195112,https://tiki.vn/sach-noi-ta-thuoc-ve-p205195112.html,Sách Nơi ta thuộc về,0.0,0,110000,80800,12.0,1754
35283865,sach-be-gai-kheo-tay-buoc-day-giay-p35283865,https://tiki.vn/sach-be-gai-kheo-tay-buoc-day-giay-p35283865.html,Sách Bé Gái Khéo Tay Buộc Dây Giày,4.5,13,72000,64800,133.0,1754
252865787,sach-cuoc-gap-tinh-yeu-p252865787,https://tiki.vn/sach-cuoc-gap-tinh-yeu-p252865787.html,Sách Cuộc Gặp Tình Yêu,0.0,0,80000,62400,8.0,1754
273787676,sach-tran-van-on-p273787676,https://tiki.vn/sach-tran-van-on-p273787676.html,Sách Trần Văn Ơn,5.0,10,32000,24320,6.0,1754
74569924,sach-bai-tap-tam-biet-con-dang-do-p74569924,https://tiki.vn/sach-bai-tap-tam-biet-con-dang-do-p74569924.html,Sách “Bài Tập Tạm Biệt” Còn Dang Dở,4.8,26,89000,58200,74.0,1754
74235042,tuyen-tap-truyen-hay-danh-cho-thieu-nhi-3-tai-ban-p74235042,https://tiki.vn/tuyen-tap-truyen-hay-danh-cho-thieu-nhi-3-tai-ban-p74235042.html,Tuyển Tập Truyện Hay Dành Cho Thiếu Nhi 3 (Tái Bản),5.0,19,48000,38400,109.0,1754
66398405,sach-troi-nhieu-may-va-co-the-co-thit-vien-2-hanh-tinh-banh-nuong-p66398405,https://tiki.vn/sach-troi-nhieu-may-va-co-the-co-thit-vien-2-hanh-tinh-banh-nuong-p66398405.html,Sách Trời Nhiều Mây Và Có Thể Có Thịt Viên 2 - Hành Tinh Bánh Nướng,4.8,28,69000,48200,185.0,1754
248595201,sach-chu-ho-ma-thuat-cau-chuyen-bien-ca-p248595201,https://tiki.vn/sach-chu-ho-ma-thuat-cau-chuyen-bien-ca-p248595201.html,Sách Chú Hổ Ma Thuật - Câu Chuyện Biển Cả,0.0,0,58000,42000,3.0,1754
279391358,sach-alice-o-xu-so-dieu-ky_alice-s-adventures-in-wonderland-song-ngu-viet-anh-p279391358,https://tiki.vn/sach-alice-o-xu-so-dieu-ky_alice-s-adventures-in-wonderland-song-ngu-viet-anh-p279391358.html,Sách Alice Ở Xử Sở Diệu Kỳ_Alice's Adventures In Wonderland Song Ngữ Việt - Anh,0.0,0,79000,52930,2.0,1754
248591330,sach-chu-ho-ma-thuat-ngoi-truong-tinh-nghich-p248591330,https://tiki.vn/sach-chu-ho-ma-thuat-ngoi-truong-tinh-nghich-p248591330.html,Sách Chú Hổ Ma Thuật - Ngôi Trường Tinh Nghịch,0.0,0,58000,44000,4.0,1754
279093685,sach-nhung-the-gioi-con-p279093685,https://tiki.vn/sach-nhung-the-gioi-con-p279093685.html,Sách Những Thế Giới Con,0.0,0,175000,140000,6.0,1754
277808354,sach-rong-ran-len-may-p277808354,https://tiki.vn/sach-rong-ran-len-may-p277808354.html,Sách Rồng rắn lên mây,5.0,1,120000,77700,2.0,1754
3035773,sach-ai-cung-nhin-thay-chu-meo-they-all-saw-a-cat-p3035773,https://tiki.vn/sach-ai-cung-nhin-thay-chu-meo-they-all-saw-a-cat-p3035773.html,Sách Ai Cũng Nhìn Thấy Chú Mèo – They All Saw A Cat,5.0,31,59000,42300,908.0,1754
253391262,kinh-van-hoa-tap-4-tai-ban-2023-p253391262,https://tiki.vn/kinh-van-hoa-tap-4-tai-ban-2023-p253391262.html,Kính Vạn Hoa - Tập 4 (Tái Bản 2023),5.0,1,135000,121500,33.0,1754
279236278,sach-bup-sen-xanh-bong-sen-vang-p279236278,https://tiki.vn/sach-bup-sen-xanh-bong-sen-vang-p279236278.html,Sách - Búp Sen Xanh - Phiên Bản Đặc Biệt,5.0,3,72000,64800,51.0,1754
206248646,truyen-co-tich-viet-nam-tap-1-tai-ban-2022-p206248646,https://tiki.vn/truyen-co-tich-viet-nam-tap-1-tai-ban-2022-p206248646.html,Truyện Cổ Tích Việt Nam - Tập 1 (Tái Bản 2022),5.0,3,80000,76000,50.0,1754
278670643,sach-winnie-the-pooh-gau-pooh-xinh-xan-adventures-in-the-hundred-acre-wood-nhung-cuoc-phieu-luu-trong-rung-tram-mau-p278670643,https://tiki.vn/sach-winnie-the-pooh-gau-pooh-xinh-xan-adventures-in-the-hundred-acre-wood-nhung-cuoc-phieu-luu-trong-rung-tram-mau-p278670643.html,Sách - Winnie-The-Pooh - Gấu Pooh Xinh Xắn - Adventures In The Hundred Acre Wood - Những Cuộc Phiêu Lưu Trong Rừng Trăm Mẫu,5.0,1,88000,70400,6.0,1754
278714820,sach-winnie-the-pooh-gau-pooh-xinh-xan-cherished-friends-of-pooh-nhung-nguoi-ban-dang-yeu-cua-gau-pooh-p278714820,https://tiki.vn/sach-winnie-the-pooh-gau-pooh-xinh-xan-cherished-friends-of-pooh-nhung-nguoi-ban-dang-yeu-cua-gau-pooh-p278714820.html,Sách - Winnie-The-Pooh - Gấu Pooh Xinh Xắn - Cherished Friends Of Pooh - Những Người Bạn Đáng Yêu Của Gấu Pooh,0.0,0,88000,70400,6.0,1754
180609837,bo-chuyen-bon-mua-mien-dau-dai-p180609837,https://tiki.vn/bo-chuyen-bon-mua-mien-dau-dai-p180609837.html,"Bộ Chuyện Bốn Mùa ""Miền Dâu Dại""",5.0,19,420000,357000,152.0,1754
274064587,alice-o-xu-so-dieu-ki-va-alice-o-xu-so-trong-guong-p274064587,https://tiki.vn/alice-o-xu-so-dieu-ki-va-alice-o-xu-so-trong-guong-p274064587.html,Alice Ở Xứ Sở Diệu Kì Và Alice Ở Xứ Sở Trong Gương,0.0,0,550000,522500,6.0,1754
278812523,sach-diary-of-a-wimpy-kid-nhat-ky-chu-be-nhut-nhat-tap-20-chua-te-tiec-tung-partypooper-song-ngu-viet-anh-p278812523,https://tiki.vn/sach-diary-of-a-wimpy-kid-nhat-ky-chu-be-nhut-nhat-tap-20-chua-te-tiec-tung-partypooper-song-ngu-viet-anh-p278812523.html,Sách - Diary Of A Wimpy Kid - Nhật Ký Chú Bé Nhút Nhát - Tập 20 - Chúa Tể Tiệc Tùng - Partypooper (Song Ngữ Việt-Anh),5.0,1,96000,76800,13.0,1754
113526137,sach-tu-sach-nha-van-roald-dahl-charlie-va-nha-may-so-co-la-p113526137,https://tiki.vn/sach-tu-sach-nha-van-roald-dahl-charlie-va-nha-may-so-co-la-p113526137.html,Sách - Tủ sách nhà văn Roald Dahl: Charlie và nhà máy sô cô la,5.0,1,60000,60000,16.0,1754
278153152,sach-thay-giao-nguyen-tat-thanh-o-truong-duc-thanh-tai-ban-2025-p278153152,https://tiki.vn/sach-thay-giao-nguyen-tat-thanh-o-truong-duc-thanh-tai-ban-2025-p278153152.html,Sách - Thầy Giáo Nguyễn Tất Thành Ở Trường Dục Thanh (Tái Bản 2025),5.0,3,30000,29400,19.0,1754
278863239,combo-5-tap-nhat-ky-chu-be-nhut-nhat-diary-of-a-wimpy-kid-ban-song-ngu-kem-file-nghe-audio-p278863239,https://tiki.vn/combo-5-tap-nhat-ky-chu-be-nhut-nhat-diary-of-a-wimpy-kid-ban-song-ngu-kem-file-nghe-audio-p278863239.html,Combo 5 tập Nhật Ký Chú Bé Nhút Nhát - Diary Of A Wimpy Kid BẢN SONG NGỮ kèm file nghe Audio,5.0,30,480000,408000,267.0,1754
125400249,chuyen-phieu-luu-cua-mit-dac-va-cac-ban-bia-cung-p125400249,https://tiki.vn/chuyen-phieu-luu-cua-mit-dac-va-cac-ban-bia-cung-p125400249.html,CHUYỆN PHIÊU LƯU CỦA MÍT ĐẶC VÀ CÁC BẠN (Bìa cứng),5.0,6,189000,189000,70.0,1754
160814483,nhat-ky-chu-be-nhut-nhat-tap-4-mua-he-tuyet-voi-tai-ban-p160814483,https://tiki.vn/nhat-ky-chu-be-nhut-nhat-tap-4-mua-he-tuyet-voi-tai-ban-p160814483.html,Nhật Ký Chú Bé Nhút Nhát - Tập 4: Mùa Hè Tuyệt Vời (Tái Bản),5.0,14,55000,44000,152.0,1754
84873269,nhat-ky-chu-be-nhut-nhat-tap-6-mac-ket-tai-ban-p84873269,https://tiki.vn/nhat-ky-chu-be-nhut-nhat-tap-6-mac-ket-tai-ban-p84873269.html,Nhật Ký Chú Bé Nhút Nhát - Tập 6: Mắc Kẹt (Tái Bản),4.8,28,55000,44000,219.0,1754
476128,sach-kinh-van-hoa-phien-ban-18-tap-tap-1-p476128,https://tiki.vn/sach-kinh-van-hoa-phien-ban-18-tap-tap-1-p476128.html,Sách Kính Vạn Hoa (Phiên Bản 18 Tập) - Tập 1,4.8,8,96000,96000,194.0,1754
200844829,than-thoai-nguoi-da-do-p200844829,https://tiki.vn/than-thoai-nguoi-da-do-p200844829.html,Thần Thoại Người Da Đỏ,5.0,1,115000,109200,9.0,1754
279066624,sach-anh-chang-khong-gian-david-walliams-nha-nam-hcm-p279066624,https://tiki.vn/sach-anh-chang-khong-gian-david-walliams-nha-nam-hcm-p279066624.html,Sách - Anh chàng không gian (David Walliams) (Nhã Nam HCM),5.0,1,185000,159100,10.0,1754
279290914,sach-100-cai-chan-p279290914,https://tiki.vn/sach-100-cai-chan-p279290914.html,Sách - 100 Cái Chân,0.0,0,125000,116200,3.0,1754
107466003,nhat-ky-chu-be-nhut-nhat-song-ngu-viet-anh-tap-3-giot-nuoc-tran-ly-p107466003,https://tiki.vn/nhat-ky-chu-be-nhut-nhat-song-ngu-viet-anh-tap-3-giot-nuoc-tran-ly-p107466003.html,Nhật Ký Chú Bé Nhút Nhát Song ngữ Việt-Anh Tập 3 Giọt Nước Tràn Ly,4.8,26,96000,81600,450.0,1754
204622543,tuyen-tap-roald-dahl-bfg-nguoi-khong-lo-than-thien-p204622543,https://tiki.vn/tuyen-tap-roald-dahl-bfg-nguoi-khong-lo-than-thien-p204622543.html,Tuyển tập Roald Dahl - BFG - Người khổng lồ thân thiện,5.0,1,65000,65000,3.0,1754
111711883,de-men-phieu-luu-ky-ban-dac-biet-tai-ban-2021-p111711883,https://tiki.vn/de-men-phieu-luu-ky-ban-dac-biet-tai-ban-2021-p111711883.html,Dế Mèn Phiêu Lưu Ký - Bản Đặc Biệt (Tái Bản 2021),4.2,11,60000,58200,99.0,1754
242833447,harry-potter-va-hoi-phuong-hoang-tai-ban-2023-p242833447,https://tiki.vn/harry-potter-va-hoi-phuong-hoang-tai-ban-2023-p242833447.html,Harry Potter Và Hội Phượng Hoàng (Tái bản 2023),5.0,1,385000,319550,13.0,1754
278508220,phu-thuy-xu-oz-dt-dt-p278508220,https://tiki.vn/phu-thuy-xu-oz-dt-dt-p278508220.html,Phù Thủy Xứ OZ  (ĐT),0.0,0,76000,71440,1.0,1754
278153130,sach-the-gioi-tuyet-voi-cua-tom-gates-sinh-nhat-tung-bung-p278153130,https://tiki.vn/sach-the-gioi-tuyet-voi-cua-tom-gates-sinh-nhat-tung-bung-p278153130.html,Sách - Thế Giới Tuyệt Vời Của Tom Gates - Sinh Nhật Tưng Bừng,0.0,0,69000,55200,3.0,1754
208634753,nhat-ky-chu-be-nhut-nhat-tap-7-ky-da-can-mui-tai-ban-p208634753,https://tiki.vn/nhat-ky-chu-be-nhut-nhat-tap-7-ky-da-can-mui-tai-ban-p208634753.html,Nhật Ký Chú Bé Nhút Nhát - Tập 7: Kỳ Đà Cản Mũi (Tái Bản),5.0,4,55000,44000,52.0,1754
170746490,sach-nhung-truyen-hay-viet-cho-thieu-nhi-nguyen-huy-tuong-p170746490,https://tiki.vn/sach-nhung-truyen-hay-viet-cho-thieu-nhi-nguyen-huy-tuong-p170746490.html,Sách - Những truyện hay viết cho thiếu nhi - Nguyễn Huy Tưởng,0.0,0,70000,70000,2.0,1754
107469729,nhat-ky-chu-be-nhut-nhat-tap-2-luat-cua-rodrick-p107469729,https://tiki.vn/nhat-ky-chu-be-nhut-nhat-tap-2-luat-cua-rodrick-p107469729.html,Nhật Ký Chú Bé Nhút Nhát - Tập 2 (Luật của Rodrick) -Phiên bản Tiếng Việt,4.7,31,55000,46750,204.0,1754
271966203,hoang-tu-be-song-ngu-viet-anh-p271966203,https://tiki.vn/hoang-tu-be-song-ngu-viet-anh-p271966203.html,Hoàng Tử Bé (Song Ngữ Việt-Anh),0.0,0,79000,79000,5.0,1754
146225063,doi-giay-ba-le-p146225063,https://tiki.vn/doi-giay-ba-le-p146225063.html,Đôi Giày Ba-Lê,0.0,0,119000,89200,6.0,1754
277777694,10-ten-minute-bedtime-stories-10-phut-doc-truyen-truoc-gio-di-ngu-truyen-kinh-dien-classic-stories-song-ngu-viet-anh-tang-kem-file-nghe-audio-book-p277777694,https://tiki.vn/10-ten-minute-bedtime-stories-10-phut-doc-truyen-truoc-gio-di-ngu-truyen-kinh-dien-classic-stories-song-ngu-viet-anh-tang-kem-file-nghe-audio-book-p277777694.html,"10 Ten-Minute Bedtime Stories - 10 phút đọc truyện trước giờ đi ngủ (Truyện kinh điển - Classic Stories)  - Song ngữ Việt Anh, tặng kèm file nghe Audio book",0.0,0,109000,109000,1.0,1754
271363980,pinocchio-cau-be-nguoi-go-ban-song-ngu-viet-anh-kem-audio-note-tu-vung-p271363980,https://tiki.vn/pinocchio-cau-be-nguoi-go-ban-song-ngu-viet-anh-kem-audio-note-tu-vung-p271363980.html,Pinocchio - Cậu bé người gỗ bản Song ngữ Việt - Anh (kèm audio + note từ vựng),0.0,0,89000,75650,11.0,1754
476170,sach-kinh-van-hoa-phien-ban-18-tap-tap-17-p476170,https://tiki.vn/sach-kinh-van-hoa-phien-ban-18-tap-tap-17-p476170.html,Sách Kính Vạn Hoa (Phiên Bản 18 Tập) - Tập 17,4.2,5,96000,96000,109.0,1754
476167,sach-kinh-van-hoa-phien-ban-18-tap-tap-15-p476167,https://tiki.vn/sach-kinh-van-hoa-phien-ban-18-tap-tap-15-p476167.html,Sách Kính Vạn Hoa (Phiên Bản 18 Tập) - Tập 15,4.3,6,96000,96000,116.0,1754
476161,sach-kinh-van-hoa-phien-ban-18-tap-tap-13-p476161,https://tiki.vn/sach-kinh-van-hoa-phien-ban-18-tap-tap-13-p476161.html,Sách Kính Vạn Hoa (Phiên Bản 18 Tập) - Tập 13,4.7,3,96000,96000,81.0,1754
278714455,sach-mot-dem-giong-bao-tap-3-tai-ban-2024-p278714455,https://tiki.vn/sach-mot-dem-giong-bao-tap-3-tai-ban-2024-p278714455.html,Sách - Một Đêm Giông Bão - Tập 3 (Tái Bản 2024),0.0,0,30000,29400,4.0,1754
277777805,10-ten-minute-bedtime-stories-10-phut-doc-truyen-truoc-gio-di-ngu-truyen-than-tien-classic-stories-song-ngu-viet-anh-tang-kem-file-nghe-audio-book-p277777805,https://tiki.vn/10-ten-minute-bedtime-stories-10-phut-doc-truyen-truoc-gio-di-ngu-truyen-than-tien-classic-stories-song-ngu-viet-anh-tang-kem-file-nghe-audio-book-p277777805.html,"10 Ten-Minute Bedtime Stories - 10 phút đọc truyện trước giờ đi ngủ (Truyện thần tiên - Classic Stories)  - Song ngữ Việt Anh, tặng kèm file nghe Audio book",0.0,0,109000,109000,1.0,1754
276885654,nhung-cuoc-phieu-luu-cua-tom-sawyer-sach-song-ngu-kinh-dien-co-note-tu-vung-ta-ng-kem-file-nghe-hg-books-p276885654,https://tiki.vn/nhung-cuoc-phieu-luu-cua-tom-sawyer-sach-song-ngu-kinh-dien-co-note-tu-vung-ta-ng-kem-file-nghe-hg-books-p276885654.html,"Những cuộc phiêu lưu của Tom Sawyer - Sách song ngữ kinh điển, có note từ vựng, tặng kèm file nghe - HG Books",0.0,0,119000,101150,12.0,1754
203999581,danh-tac-the-gioi-gulivo-du-ky-p203999581,https://tiki.vn/danh-tac-the-gioi-gulivo-du-ky-p203999581.html,Danh tác thế giới - Gulivo du ký,0.0,0,40000,40000,3.0,1754
262302138,sach-chu-cho-tuong-minh-la-meo-p262302138,https://tiki.vn/sach-chu-cho-tuong-minh-la-meo-p262302138.html,Sách Chú Chó Tưởng Mình Là Mèo,0.0,0,38000,38000,2.0,1754
262338107,hoang-tu-be-song-ngu-viet-anh-p262338107,https://tiki.vn/hoang-tu-be-song-ngu-viet-anh-p262338107.html,Hoàng Tử Bé (Song Ngữ Việt-Anh),4.8,36,79000,63200,532.0,1754
273670964,vuong-quoc-nho-bi-mat-bia-cung-p273670964,https://tiki.vn/vuong-quoc-nho-bi-mat-bia-cung-p273670964.html,Vương Quốc Nhỏ Bí Mật - Bìa Cứng,5.0,2,159000,147800,53.0,1754
215136644,nhat-ky-chu-be-nhut-nhat-tap-11-cuoc-gap-doi-tai-ban-p215136644,https://tiki.vn/nhat-ky-chu-be-nhut-nhat-tap-11-cuoc-gap-doi-tai-ban-p215136644.html,Nhật Ký Chú Bé Nhút Nhát - Tập 11: Cược Gấp Đôi (Tái Bản),5.0,2,55000,44000,50.0,1754
132709454,bo-3-tap-nhat-ky-chu-be-nhut-nhat-1-3-ban-song-ngu-p132709454,https://tiki.vn/bo-3-tap-nhat-ky-chu-be-nhut-nhat-1-3-ban-song-ngu-p132709454.html,"Combo tập 1-3 Nhật Ký Chú Bé Nhút Nhát bản Song Ngữ - Diary Of A Wimpy Kid - Truyện song ngữ dành cho thiếu nhi có note từ vựng, tặng kèm file nghe",4.6,8,288000,244800,89.0,1754
272936934,sach-ong-thoi-hoac-david-walliams-p272936934,https://tiki.vn/sach-ong-thoi-hoac-david-walliams-p272936934.html,Sách - Ông thối hoắc (David Walliams),0.0,0,106000,91160,9.0,1754
279237767,sach-sach-song-ngu-viet-anh-diary-of-a-wimpy-kid-nhat-ky-chu-be-nhut-nhat-tron-bo-18-tap-p279237767,https://tiki.vn/sach-sach-song-ngu-viet-anh-diary-of-a-wimpy-kid-nhat-ky-chu-be-nhut-nhat-tron-bo-18-tap-p279237767.html,Sách - Sách - Song Ngữ Việt Anh - Diary Of A Wimpy Kid - Nhật Ký Chú Bé Nhút Nhát - Trọn Bộ 18 Tập,0.0,0,96000,76800,5.0,1754
182850999,nhat-ky-chu-be-nhut-nhat-tap-16-big-shot-trum-cuoi-song-ngu-viet-anh-p182850999,https://tiki.vn/nhat-ky-chu-be-nhut-nhat-tap-16-big-shot-trum-cuoi-song-ngu-viet-anh-p182850999.html,Nhật Ký Chú Bé Nhút Nhát - Tập 16: Big Shot - Trùm Cuối (Song Ngữ Việt-Anh),5.0,4,96000,76800,64.0,1754
278525608,sach-ke-trom-ca-chua-barbara-constantine-p278525608,https://tiki.vn/sach-ke-trom-ca-chua-barbara-constantine-p278525608.html,Sách - KẺ TRỘM CÀ CHUA - Barbara Constantine,5.0,1,96000,86400,9.0,1754
50322434,song-ngu-viet-anh-diary-of-a-wimpy-kid-nhat-ky-chu-be-nhut-nhat-mua-he-tuyet-voi-dog-day-p50322434,https://tiki.vn/song-ngu-viet-anh-diary-of-a-wimpy-kid-nhat-ky-chu-be-nhut-nhat-mua-he-tuyet-voi-dog-day-p50322434.html,Song Ngữ Việt - Anh - Diary Of A Wimpy Kid - Nhật Ký Chú Bé Nhút Nhát: Mùa Hè Tuyệt Vời - Dog Day,5.0,69,96000,76800,484.0,1754
77965467,nhat-ky-chu-be-nhut-nhat-tap-5-su-that-phu-phang-tai-ban-p77965467,https://tiki.vn/nhat-ky-chu-be-nhut-nhat-tap-5-su-that-phu-phang-tai-ban-p77965467.html,Nhật Ký Chú Bé Nhút Nhát - Tập 5: Sự Thật Phũ Phàng (Tái Bản),4.8,16,55000,44000,168.0,1754
414311,sach-roald-dahl-charlie-va-nha-may-socola-p414311,https://tiki.vn/sach-roald-dahl-charlie-va-nha-may-socola-p414311.html,Sách Roald Dahl - Charlie Và Nhà Máy Sôcôla,0.0,0,60000,60000,4.0,1754
7458015,de-men-phieu-luu-ky-to-hoai-tai-ban-2018-tang-qua-ngo-nghinh-p7458015,https://tiki.vn/de-men-phieu-luu-ky-to-hoai-tai-ban-2018-tang-qua-ngo-nghinh-p7458015.html,Dế Mèn Phiêu Lưu Ký - Tô Hoài (Tái bản 2018) - Tặng quà ngộ nghĩnh,0.0,0,150000,150000,5.0,1754
278714418,sach-truyen-co-andersen-tap-1-tai-ban-2024-p278714418,https://tiki.vn/sach-truyen-co-andersen-tap-1-tai-ban-2024-p278714418.html,Sách - Truyện Cổ Andersen - Tập 1 (Tái Bản 2024),0.0,0,99000,94000,5.0,1754
113001313,song-ngu-viet-anh-diary-of-a-wimpy-kid-nhat-ky-chu-be-nhut-nhat-tap-13-dai-chien-tren-tuyet-the-meltdown-p113001313,https://tiki.vn/song-ngu-viet-anh-diary-of-a-wimpy-kid-nhat-ky-chu-be-nhut-nhat-tap-13-dai-chien-tren-tuyet-the-meltdown-p113001313.html,Song Ngữ Việt - Anh - Diary Of A Wimpy Kid - Nhật Ký Chú Bé Nhút Nhát - Tập 13: Đại Chiến Trên Tuyết - The Meltdown,4.7,6,96000,76800,78.0,1754
91545351,song-ngu-viet-anh-diary-of-a-wimpy-kid-nhat-ky-chu-be-nhut-nhat-tap-12-chuyen-di-bao-tap-the-getaway-p91545351,https://tiki.vn/song-ngu-viet-anh-diary-of-a-wimpy-kid-nhat-ky-chu-be-nhut-nhat-tap-12-chuyen-di-bao-tap-the-getaway-p91545351.html,Song Ngữ Việt - Anh - Diary Of A Wimpy Kid - Nhật Ký Chú Bé Nhút Nhát - Tập 12: Chuyến Đi Bão Táp - The Getaway,5.0,15,96000,76800,143.0,1754
279358496,sach-chu-cho-vung-flanders-nha-nam-hcm-p279358496,https://tiki.vn/sach-chu-cho-vung-flanders-nha-nam-hcm-p279358496.html,Sách - Chú chó vùng Flanders (Nhã Nam HCM),5.0,1,110000,94600,4.0,1754
252725024,sach-nhung-truyen-ngan-hay-viet-cho-thieu-nhi-chau-a-p252725024,https://tiki.vn/sach-nhung-truyen-ngan-hay-viet-cho-thieu-nhi-chau-a-p252725024.html,Sách - Những truyện ngắn hay viết cho thiếu nhi - Châu Á,0.0,0,55000,55000,8.0,1754
107466975,nhat-ky-chu-be-nhut-nhat-song-ngu-viet-anh-tap-5-su-that-phu-phang-p107466975,https://tiki.vn/nhat-ky-chu-be-nhut-nhat-song-ngu-viet-anh-tap-5-su-that-phu-phang-p107466975.html,Nhật Ký Chú Bé Nhút Nhát song ngữ Việt-Anh Tập 5 Sự Thật Phũ Phàng,4.7,15,96000,81600,381.0,1754
182851011,nhat-ky-chu-be-nhut-nhat-tap-15-the-deep-end-cai-ket-kho-luong-song-ngu-viet-anh-p182851011,https://tiki.vn/nhat-ky-chu-be-nhut-nhat-tap-15-the-deep-end-cai-ket-kho-luong-song-ngu-viet-anh-p182851011.html,Nhật Ký Chú Bé Nhút Nhát - Tập 15: The Deep End - Cái Kết Khó Lường (Song Ngữ Việt-Anh),5.0,1,96000,76800,19.0,1754
107467361,nhat-ky-chu-be-nhut-nhat-song-ngu-viet-anh-tap-6-mac-ket-p107467361,https://tiki.vn/nhat-ky-chu-be-nhut-nhat-song-ngu-viet-anh-tap-6-mac-ket-p107467361.html,Nhật ký chú bé nhút nhát Song ngữ Việt-Anh Tập 6 (Mắc kẹt),5.0,11,96000,81600,378.0,1754
107466848,nhat-ky-chu-be-nhut-nhat-song-ngu-viet-anh-tap-4-mua-he-tuyet-voi-p107466848,https://tiki.vn/nhat-ky-chu-be-nhut-nhat-song-ngu-viet-anh-tap-4-mua-he-tuyet-voi-p107466848.html,Nhật Ký Chú Bé Nhút Nhát song ngữ Việt-Anh Tập 4 Mùa Hè Tuyệt Vời,5.0,19,96000,81600,432.0,1754
169887152,hoang-tu-be-tai-ban-2022-p169887152,https://tiki.vn/hoang-tu-be-tai-ban-2022-p169887152.html,Hoàng Tử Bé (Tái Bản 2022),5.0,40,35000,32500,322.0,1754
104732041,combo-7-cuon-anne-toc-do-p104732041,https://tiki.vn/combo-7-cuon-anne-toc-do-p104732041.html,Combo 7 Cuốn: Anne Tóc Đỏ,0.0,0,772000,772000,1.0,1754
247887683,truyen-dong-thoai-vo-quang-an-ban-dac-biet-ki-niem-100-nam-ngay-sinh-nha-van-vo-quang-p247887683,https://tiki.vn/truyen-dong-thoai-vo-quang-an-ban-dac-biet-ki-niem-100-nam-ngay-sinh-nha-van-vo-quang-p247887683.html,Truyện Đồng Thoại Võ Quảng,5.0,1,150000,150000,9.0,1754
263354571,tron-bo-kinh-van-hoa-phien-ban-moi-18-tap-p263354571,https://tiki.vn/tron-bo-kinh-van-hoa-phien-ban-moi-18-tap-p263354571.html,Trọn bộ Kính Vạn Hoa (Phiên bản mới) - 18 tập,5.0,1,1358700,1358700,13.0,1754
476156,sach-kinh-van-hoa-phien-ban-18-tap-tap-10-p476156,https://tiki.vn/sach-kinh-van-hoa-phien-ban-18-tap-tap-10-p476156.html,Sách Kính Vạn Hoa (Phiên Bản 18 Tập) - Tập 10,5.0,5,96000,96000,118.0,1754
202957471,tron-bo-nhat-ky-chu-be-nhut-nhat-tieng-viet-nhat-ky-cau-be-sieu-than-thien-20-cuon-p202957471,https://tiki.vn/tron-bo-nhat-ky-chu-be-nhut-nhat-tieng-viet-nhat-ky-cau-be-sieu-than-thien-20-cuon-p202957471.html,Trọn bộ Nhật ký chú bé nhút nhát Tiếng Việt (23 cuốn),5.0,2,1265000,1075250,38.0,1754
258509122,song-ngu-viet-anh-diary-of-a-wimpy-kid-nhat-ky-chu-be-nhut-nhat-tap-17-bim-toang-diper-verl-de-p258509122,https://tiki.vn/song-ngu-viet-anh-diary-of-a-wimpy-kid-nhat-ky-chu-be-nhut-nhat-tap-17-bim-toang-diper-verl-de-p258509122.html,Song Ngữ Việt - Anh - Diary Of A Wimpy Kid - Nhật Ký Chú Bé Nhút Nhát - Tập 17: Bỉm Toang - Diper Överlöde,5.0,4,96000,76800,32.0,1754
279342287,sach-mat-hieu-qua-chuoi-david-walliams-nha-nam-hcm-p279342287,https://tiki.vn/sach-mat-hieu-qua-chuoi-david-walliams-nha-nam-hcm-p279342287.html,Sách - Mật hiệu quả chuối (David Walliams) (Nhã Nam HCM),5.0,1,248000,213280,5.0,1754
83749734,nhat-ky-chu-be-nhut-nhat-tap-1-tai-ban-p83749734,https://tiki.vn/nhat-ky-chu-be-nhut-nhat-tap-1-tai-ban-p83749734.html,Nhật Ký Chú Bé Nhút Nhát - Tập 1 (Tái Bản),5.0,37,55000,44000,295.0,1754
270107085,truyen-co-tich-viet-nam-tap-2-tai-ban-2023-p270107085,https://tiki.vn/truyen-co-tich-viet-nam-tap-2-tai-ban-2023-p270107085.html,Truyện Cổ Tích Việt Nam - Tập 2 (Tái Bản 2023),5.0,1,80000,80000,9.0,1754
278812521,sach-nhat-ky-chu-be-nhut-nhat-tap-20-chua-te-tiec-tung-p278812521,https://tiki.vn/sach-nhat-ky-chu-be-nhut-nhat-tap-20-chua-te-tiec-tung-p278812521.html,Sách - Nhật Ký Chú Bé Nhút Nhát - Tập 20 - Chúa Tể Tiệc Tùng,0.0,0,55000,44000,14.0,1754
499140,sach-nhung-tam-long-cao-ca-khang-viet-p499140,https://tiki.vn/sach-nhung-tam-long-cao-ca-khang-viet-p499140.html,Sách Những Tấm Lòng Cao Cả (Khang Việt),5.0,71,75000,63000,402.0,1754
278966762,sach-truyen-co-tich-viet-nam-p278966762,https://tiki.vn/sach-truyen-co-tich-viet-nam-p278966762.html,Sách - Truyện Cổ Tích Việt Nam,0.0,0,89000,80100,5.0,1754
278616742,sach-ben-suoi-bit-tai-nghe-gio-tai-ban-2025-p278616742,https://tiki.vn/sach-ben-suoi-bit-tai-nghe-gio-tai-ban-2025-p278616742.html,"Sách - Bên Suối, Bịt Tai Nghe Gió (Tái Bản 2025)",0.0,0,45000,42700,30.0,1754
279297066,sach-sach-ca-dao-dong-dao-the-gioi-tuoi-tho-nghe-ra-dong-lua-nghe-chay-dong-bong-cai-ngu-may-ngu-cho-lau-tron-bo-p279297066,https://tiki.vn/sach-sach-ca-dao-dong-dao-the-gioi-tuoi-tho-nghe-ra-dong-lua-nghe-chay-dong-bong-cai-ngu-may-ngu-cho-lau-tron-bo-p279297066.html,"Sách - Sách - Ca Dao-Đồng Dao - Thế Giới Tuổi Thơ - Nghé Ra Đồng Lúa, Nghé Chạy Đồng Bông/Cái Ngủ Mày Ngủ Cho Lâu/... (Trọn Bộ)",0.0,0,32000,32000,8.0,1754
275626242,hoang-tu-be-phien-ban-minh-hoa-mau-dac-biet-p275626242,https://tiki.vn/hoang-tu-be-phien-ban-minh-hoa-mau-dac-biet-p275626242.html,Hoàng tử bé (Phiên bản minh họa màu đặc biệt),0.0,0,60000,60000,68.0,1754
107464900,nhat-ky-chu-be-nhut-nhat-song-ngu-viet-anh-tap-1-p107464900,https://tiki.vn/nhat-ky-chu-be-nhut-nhat-song-ngu-viet-anh-tap-1-p107464900.html,Nhật ký chú bé nhút nhát Song ngữ Việt - Anh Tập 1 (kèm file nghe + note từ mới),4.8,84,96000,81600,828.0,1754
278963923,sach-boxset-kinh-van-hoa-bo-ki-niem-30-nam-tap-7-12-hop-6-tap-tang-kem-so-tay-kinh-van-hoa-p278963923,https://tiki.vn/sach-boxset-kinh-van-hoa-bo-ki-niem-30-nam-tap-7-12-hop-6-tap-tang-kem-so-tay-kinh-van-hoa-p278963923.html,Sách - Boxset Kính Vạn Hoa - Bộ Kỉ Niệm 30 Năm: Tập 7 - 12 (Hộp 6 Tập) - Tặng Kèm Sổ Tay Kính Vạn Hoa,0.0,0,240000,216000,4.0,1754
125508630,sach-kinh-van-hoa-loai-day-tap-2-p125508630,https://tiki.vn/sach-kinh-van-hoa-loai-day-tap-2-p125508630.html,SÁCH - Kính vạn hoa (loại dày) - Tập 2,5.0,1,135000,135000,9.0,1754
272221201,quai-vat-bang-david-williams-p272221201,https://tiki.vn/quai-vat-bang-david-williams-p272221201.html,Quái Vật Băng - David Williams,0.0,0,150000,150000,7.0,1754
272321480,sach-cho-be-0-3-tuoi-chuyen-cho-be-hoc-noi-p272321480,https://tiki.vn/sach-cho-be-0-3-tuoi-chuyen-cho-be-hoc-noi-p272321480.html,Sách cho bé 0-3 tuổi - Chuyện Cho bé Học Nói,0.0,0,75000,75000,7.0,1754
105740400,sach-chu-be-co-tai-mo-khoa-tai-ban-nam-2021-p105740400,https://tiki.vn/sach-chu-be-co-tai-mo-khoa-tai-ban-nam-2021-p105740400.html,Sách Chú Bé Có Tài Mở Khóa (Tái bản năm 2021),5.0,4,115000,87975,40.0,1754
83749723,nhat-ky-chu-be-nhut-nhat-tap-3-giot-nuoc-tran-ly-tai-ban-p83749723,https://tiki.vn/nhat-ky-chu-be-nhut-nhat-tap-3-giot-nuoc-tran-ly-tai-ban-p83749723.html,Nhật Ký Chú Bé Nhút Nhát - Tập 3: Giọt Nước Tràn Ly (Tái Bản),4.8,22,55000,44000,211.0,1754
190539380,kinh-van-hoa-tap-6-tai-ban-2022-p190539380,https://tiki.vn/kinh-van-hoa-tap-6-tai-ban-2022-p190539380.html,Kính Vạn Hoa - Tập 6 (Tái Bản 2022),5.0,1,135000,121500,17.0,1754
50322422,song-ngu-viet-anh-diary-of-a-wimpy-kid-nhat-ky-chu-be-nhut-nhat-su-that-phu-phang-the-ugly-truth-p50322422,https://tiki.vn/song-ngu-viet-anh-diary-of-a-wimpy-kid-nhat-ky-chu-be-nhut-nhat-su-that-phu-phang-the-ugly-truth-p50322422.html,Song Ngữ Việt - Anh - Diary Of A Wimpy Kid - Nhật Ký Chú Bé Nhút Nhát: Sự Thật Phũ Phàng - The Ugly Truth,4.8,28,96000,76800,260.0,1754
277989150,nhat-ky-chu-be-nhut-nhat-phien-ban-song-ngu-viet-anh-p277989150,https://tiki.vn/nhat-ky-chu-be-nhut-nhat-phien-ban-song-ngu-viet-anh-p277989150.html,Nhật ký chú bé nhút nhát (phiên bản song ngữ Việt-Anh),0.0,0,96000,96000,4.0,1754
113526747,sach-nhung-truyen-hay-viet-cho-thieu-nhi-nguyen-hong-p113526747,https://tiki.vn/sach-nhung-truyen-hay-viet-cho-thieu-nhi-nguyen-hong-p113526747.html,Sách - Những truyện hay viết cho thiếu nhi - Nguyên Hồng,0.0,0,55000,55000,12.0,1754
414286,sach-roald-dahl-chu-rua-alfie-p414286,https://tiki.vn/sach-roald-dahl-chu-rua-alfie-p414286.html,Sách Roald Dahl - Chú Rùa Alfie,0.0,0,25000,25000,7.0,1754
73147321,doa-hoa-dong-thoai-vol-3-p73147321,https://tiki.vn/doa-hoa-dong-thoai-vol-3-p73147321.html,Đóa Hoa Đồng Thoại - Vol 3,5.0,2,60000,60000,25.0,1754
137440140,sach-doi-thieu-nien-tinh-bao-bat-sat-p137440140,https://tiki.vn/sach-doi-thieu-nien-tinh-bao-bat-sat-p137440140.html,Sách Đội Thiếu Niên Tình Báo Bát Sắt,5.0,1,40000,40000,3.0,1754
278775715,sach-tiem-postcard-trong-khu-rung-nho-p278775715,https://tiki.vn/sach-tiem-postcard-trong-khu-rung-nho-p278775715.html,Sách - Tiệm Postcard Trong Khu Rừng Nhỏ,0.0,0,69000,55200,1.0,1754
51030987,song-ngu-viet-anh-diary-of-a-wimpy-kid-nhat-ky-chu-be-nhut-nhat-ky-da-can-mui-the-third-wheel-p51030987,https://tiki.vn/song-ngu-viet-anh-diary-of-a-wimpy-kid-nhat-ky-chu-be-nhut-nhat-ky-da-can-mui-the-third-wheel-p51030987.html,Song Ngữ Việt - Anh - Diary Of A Wimpy Kid - Nhật Ký Chú Bé Nhút Nhát: Kỳ Đà Cản Mũi - The Third Wheel,4.7,15,96000,76800,137.0,1754
174321385,kinh-van-hoa-tap-3-bi-mat-ke-trom-bat-den-hoa-su-con-ma-con-ma-tai-ban-2022-p174321385,https://tiki.vn/kinh-van-hoa-tap-3-bi-mat-ke-trom-bat-den-hoa-su-con-ma-con-ma-tai-ban-2022-p174321385.html,Kính Vạn Hoa - Tập 3: Bí Mật Kẻ Trộm - Bắt Đền Hoa Sứ - Con Mả Con Ma (Tái Bản 2022),5.0,4,86000,77400,64.0,1754
275042769,sach-mua-tieu-hoc-cuoi-cung-nxb-kim-dong-bia-mem-p275042769,https://tiki.vn/sach-mua-tieu-hoc-cuoi-cung-nxb-kim-dong-bia-mem-p275042769.html,Sách - Mùa Tiểu Học Cuối Cùng - NXB Kim Đồng - Bìa Mềm,0.0,0,60000,60000,11.0,1754
272479835,kinh-van-hoa-phien-ban-moi-tap-5-p272479835,https://tiki.vn/kinh-van-hoa-phien-ban-moi-tap-5-p272479835.html,KÍNH VẠN HOA (PHIÊN BẢN MỚI) - TẬP 5,0.0,0,95450,95450,4.0,1754
192510125,combo-5q-sach-van-hoc-thieu-nhi-cua-david-walliams-ong-noi-vuot-nguc-bo-xau-bo-tot-bang-dang-nua-dem-banh-mi-kep-chuot-ba-noi-gangxto-p192510125,https://tiki.vn/combo-5q-sach-van-hoc-thieu-nhi-cua-david-walliams-ong-noi-vuot-nguc-bo-xau-bo-tot-bang-dang-nua-dem-banh-mi-kep-chuot-ba-noi-gangxto-p192510125.html,Combo 5Q Sách Văn Học Thiếu Nhi Của David Walliams: Ông Nội Vượt Ngục + Bố Xấu Bố Tốt + Băng Đảng Nửa Đêm + Bánh Mì Kẹp Chuột + Bà Nội Gangxto,0.0,0,568000,568000,1.0,1754
278761117,sach-chu-cho-robot-p278761117,https://tiki.vn/sach-chu-cho-robot-p278761117.html,Sách - Chú Chó Robot,0.0,0,160000,160000,2.0,1754
278712164,sach-chien-binh-cau-vong-p278712164,https://tiki.vn/sach-chien-binh-cau-vong-p278712164.html,Sách - Chiến Binh Cầu Vồng,4.0,1,135000,121500,5.0,1754
274118124,doi-nhoc-sieu-dang-tap-3-mot-nua-su-that-p274118124,https://tiki.vn/doi-nhoc-sieu-dang-tap-3-mot-nua-su-that-p274118124.html,Đội Nhóc Siêu Đẳng - Tập 3: Một Nửa Sự Thật,0.0,0,89000,89000,1.0,1754
109694578,nhat-ky-chu-be-nhut-nhat-song-ngu-viet-anh-tap-13-dai-chien-tren-tuyet-p109694578,https://tiki.vn/nhat-ky-chu-be-nhut-nhat-song-ngu-viet-anh-tap-13-dai-chien-tren-tuyet-p109694578.html,Nhật ký chú bé nhút nhát Song ngữ Việt-Anh Tập 13 (Đại chiến trên tuyết),5.0,15,96000,81600,105.0,1754
125347289,xom-bo-giau-bia-cung-p125347289,https://tiki.vn/xom-bo-giau-bia-cung-p125347289.html,XÓM BỜ GIẬU (Bìa cứng),4.8,12,138000,138000,118.0,1754
278157822,sach-totto-chan-ben-cua-so-nhung-chuyen-tiep-theo-kuroyanagi-tetsuko-nha-nam-official-p278157822,https://tiki.vn/sach-totto-chan-ben-cua-so-nhung-chuyen-tiep-theo-kuroyanagi-tetsuko-nha-nam-official-p278157822.html,Sách - Totto-chan bên cửa sổ - Những chuyện tiếp theo (Kuroyanagi Tetsuko) (Nhã Nam Official),5.0,1,155000,139500,6.0,1754
278119371,nhung-truyen-hay-viet-cho-thieu-nhi-cua-tac-gia-vu-hung-con-culi-cua-toi-bay-voi-den-giu-lay-bau-mat-song-giua-bay-voi-sao-sao-nxb-kim-dong-p278119371,https://tiki.vn/nhung-truyen-hay-viet-cho-thieu-nhi-cua-tac-gia-vu-hung-con-culi-cua-toi-bay-voi-den-giu-lay-bau-mat-song-giua-bay-voi-sao-sao-nxb-kim-dong-p278119371.html,"Những truyện hay viết cho thiếu nhi của tác giả Vũ Hùng: Con culi của tôi, Bầy voi đen, Giữ lấy bầu mật, Sống giữa bầy voi, Sao sao (NXB Kim Đồng)",0.0,0,65000,65000,,1754
476151,sach-kinh-van-hoa-phien-ban-18-tap-tap-8-p476151,https://tiki.vn/sach-kinh-van-hoa-phien-ban-18-tap-tap-8-p476151.html,Sách Kính Vạn Hoa (Phiên Bản 18 Tập) - Tập 8,5.0,4,96000,96000,100.0,1754
272480232,cuoc-phieu-luu-cua-de-ut-phan-mo-dau-p272480232,https://tiki.vn/cuoc-phieu-luu-cua-de-ut-phan-mo-dau-p272480232.html,CUỘC PHIÊU LƯU CỦA DẾ ÚT (PHẦN MỞ ĐẦU),0.0,0,70000,70000,1.0,1754
278715715,sach-truyen-co-tich-hay-nhat-the-gioi-pinocchio-p278715715,https://tiki.vn/sach-truyen-co-tich-hay-nhat-the-gioi-pinocchio-p278715715.html,Sách - Truyện Cổ Tích Hay Nhất Thế Giới - Pinocchio,0.0,0,18000,16700,3.0,1754
614878,sach-ruot-oi-la-ruot-p614878,https://tiki.vn/sach-ruot-oi-la-ruot-p614878.html,Sách Ruột Ơi Là Ruột,5.0,2,119000,113000,15.0,1754
392601,sach-khu-vuon-mua-ha-tai-ban-p392601,https://tiki.vn/sach-khu-vuon-mua-ha-tai-ban-p392601.html,Sách Khu Vườn Mùa Hạ ( Tái Bản),5.0,1,85000,80700,4.0,1754
107469050,nhat-ky-chu-be-nhut-nhat-song-ngu-viet-anh-tap-10-nhung-ngay-xua-cu-p107469050,https://tiki.vn/nhat-ky-chu-be-nhut-nhat-song-ngu-viet-anh-tap-10-nhung-ngay-xua-cu-p107469050.html,Nhật Ký Chú Bé Nhút Nhát song ngữ Việt Anh Tập 10 Những Ngày Xưa Cũ,5.0,11,96000,81600,342.0,1754
242443757,sach-ong-noi-vuot-nguc-david-walliams-tb-2021-p242443757,https://tiki.vn/sach-ong-noi-vuot-nguc-david-walliams-tb-2021-p242443757.html,Sách - Ông nội vượt ngục (David Walliams) (TB 2021),0.0,0,128000,128000,2.0,1754
446250,sach-nhoc-nicolas-nhung-chuyen-chua-ke-tap-1-tai-ban-2015-p446250,https://tiki.vn/sach-nhoc-nicolas-nhung-chuyen-chua-ke-tap-1-tai-ban-2015-p446250.html,Sách Nhóc Nicolas: Những Chuyện Chưa Kể (Tập 1) - Tái Bản 2015,0.0,0,158000,158000,3.0,1754
476133,sach-kinh-van-hoa-phien-ban-18-tap-tap-2-p476133,https://tiki.vn/sach-kinh-van-hoa-phien-ban-18-tap-tap-2-p476133.html,Sách Kính Vạn Hoa (Phiên Bản 18 Tập) - Tập 2,5.0,6,96000,96000,150.0,1754
476148,sach-kinh-van-hoa-phien-ban-18-tap-tap-6-p476148,https://tiki.vn/sach-kinh-van-hoa-phien-ban-18-tap-tap-6-p476148.html,Sách Kính Vạn Hoa (Phiên Bản 18 Tập) - Tập 6,5.0,7,96000,96000,126.0,1754
381825,sach-anne-toc-do-lang-avonlea-tai-ban-p381825,https://tiki.vn/sach-anne-toc-do-lang-avonlea-tai-ban-p381825.html,Sách Anne Tóc Đỏ Làng Avonlea (Tái Bản),0.0,0,112000,112000,,1754
151020826,kinh-van-hoa-tap-7-phien-ban-tai-ban-moi-p151020826,https://tiki.vn/kinh-van-hoa-tap-7-phien-ban-tai-ban-moi-p151020826.html,Kính vạn hoa - tập 7 (phiên bản tái bản mới),0.0,0,86000,86000,3.0,1754
279286983,sach-100-cau-chuyen-hay-danh-cho-be-gai-tai-ban-2026-p279286983,https://tiki.vn/sach-100-cau-chuyen-hay-danh-cho-be-gai-tai-ban-2026-p279286983.html,Sách - 100 Câu Chuyện Hay Dành Cho Bé Gái (Tái Bản 2026),0.0,0,90000,83700,1.0,1754
98082864,anh-hung-su-viet-p98082864,https://tiki.vn/anh-hung-su-viet-p98082864.html,Anh Hùng Sử Việt ,4.8,5,72000,54000,50.0,1754
109697441,nhat-ky-chu-be-nhut-nhat-song-ngu-viet-anh-tap-14-cua-thien-tra-dia-p109697441,https://tiki.vn/nhat-ky-chu-be-nhut-nhat-song-ngu-viet-anh-tap-14-cua-thien-tra-dia-p109697441.html,Nhật ký chú bé nhút nhát Song ngữ Việt-Anh Tập 14 (Của thiên trả địa),5.0,12,96000,81600,96.0,1754
476135,sach-kinh-van-hoa-phien-ban-18-tap-tap-3-p476135,https://tiki.vn/sach-kinh-van-hoa-phien-ban-18-tap-tap-3-p476135.html,Sách Kính Vạn Hoa (Phiên Bản 18 Tập) - Tập 3,4.5,10,96000,96000,164.0,1754
514184,sach-banh-mi-kep-chuot-p514184,https://tiki.vn/sach-banh-mi-kep-chuot-p514184.html,Sách Bánh Mì Kẹp Chuột,5.0,2,76950,76950,22.0,1754
246770367,sach-chu-be-mang-pyjama-soc-tai-ban-2023-p246770367,https://tiki.vn/sach-chu-be-mang-pyjama-soc-tai-ban-2023-p246770367.html,Sách - Chú bé mang pyjama sọc ( tái bản 2023),5.0,2,102000,102000,9.0,1754
201821623,nhat-ky-chu-be-nhut-nhat-song-ngu-viet-anh-tap-17-bim-toang-p201821623,https://tiki.vn/nhat-ky-chu-be-nhut-nhat-song-ngu-viet-anh-tap-17-bim-toang-p201821623.html,Nhật Ký Chú Bé Nhút Nhát song Ngữ Tập 17 Bỉm Toang - Diary of a Wimpy Kid - HG Books,5.0,2,96000,81600,56.0,1754
271691545,nhat-ky-chu-be-nhut-nhat-tap-16-trum-cuoi-p271691545,https://tiki.vn/nhat-ky-chu-be-nhut-nhat-tap-16-trum-cuoi-p271691545.html,Nhật Ký Chú Bé Nhút Nhát - Tập 16: Trùm Cuối,5.0,1,55000,55000,1.0,1754
107465198,nhat-ky-chu-be-nhut-nhat-song-ngu-viet-anh-tap-2-luat-cua-rodrick-p107465198,https://tiki.vn/nhat-ky-chu-be-nhut-nhat-song-ngu-viet-anh-tap-2-luat-cua-rodrick-p107465198.html,Nhật Ký Chú Bé Nhút Nhát Song Ngữ Tập 2 - Luật của Rodrick - Diary Of A Wimpy Kid,5.0,57,96000,81600,615.0,1754
196019142,combo-2-cuon-lu-tre-hu-nhat-qua-dat-1-lu-tre-hu-nhat-qua-dat-2-p196019142,https://tiki.vn/combo-2-cuon-lu-tre-hu-nhat-qua-dat-1-lu-tre-hu-nhat-qua-dat-2-p196019142.html, Combo 2 cuốn: Lũ Trẻ Hư Nhất Quả Đất 1 + Lũ Trẻ Hư Nhất Quả Đất 2,0.0,0,330000,330000,2.0,1754
277919927,sach-combo-bup-sen-xanh-bong-sen-vang-bo-2-cuon-kd-st-p277919927,https://tiki.vn/sach-combo-bup-sen-xanh-bong-sen-vang-bo-2-cuon-kd-st-p277919927.html,Sách - Combo Búp Sen Xanh + Bông Sen Vàng (Bộ 2 Cuốn) (KĐ - ST),0.0,0,267000,253650,8.0,1754
278963927,sach-boxset-kinh-van-hoa-bo-ki-niem-30-nam-tap-19-24-hop-6-tap-tang-kem-so-tay-kinh-van-hoa-p278963927,https://tiki.vn/sach-boxset-kinh-van-hoa-bo-ki-niem-30-nam-tap-19-24-hop-6-tap-tang-kem-so-tay-kinh-van-hoa-p278963927.html,Sách - Boxset Kính Vạn Hoa - Bộ Kỉ Niệm 30 Năm: Tập 19 - 24 (Hộp 6 Tập) - Tặng Kèm Sổ Tay Kính Vạn Hoa,0.0,0,240000,216000,5.0,1754
271829097,tho-han-mac-tu-van-hoc-trong-nha-truong-p271829097,https://tiki.vn/tho-han-mac-tu-van-hoc-trong-nha-truong-p271829097.html,Thơ Hàn Mặc Tử - Văn Học Trong Nhà Trường,0.0,0,48000,48000,1.0,1754
278863225,combo-5-tap-nhat-ky-chu-be-nhut-nhat-ban-tieng-viet-diary-of-a-wimpy-kid-p278863225,https://tiki.vn/combo-5-tap-nhat-ky-chu-be-nhut-nhat-ban-tieng-viet-diary-of-a-wimpy-kid-p278863225.html,Combo 5 tập Nhật Ký Chú Bé Nhút Nhát bản Tiếng Việt - Diary Of A Wimpy Kid,4.6,12,275000,233750,116.0,1754
278061716,hai-van-dam-duoi-day-bien-p278061716,https://tiki.vn/hai-van-dam-duoi-day-bien-p278061716.html,Hai vạn dặm dưới đáy biển,0.0,0,76000,76000,6.0,1754
279292408,sach-tu-sach-van-hoc-viet-nam-trong-nha-truong-hai-dua-tre-p279292408,https://tiki.vn/sach-tu-sach-van-hoc-viet-nam-trong-nha-truong-hai-dua-tre-p279292408.html,Sách - Tủ Sách Văn Học Việt Nam Trong Nhà Trường - Hai Đứa Trẻ,0.0,0,46000,37700,1.0,1754
123777618,sach-chuyen-con-meo-day-hai-au-bay-p123777618,https://tiki.vn/sach-chuyen-con-meo-day-hai-au-bay-p123777618.html,Sách - Chuyện Con Mèo Dạy Hải Âu Bay,0.0,0,70000,70000,3.0,1754
178483696,sach-ban-di-chuc-bi-an-giai-thuong-van-hoc-thieu-nhi-mi-newbery-medal-1979-p178483696,https://tiki.vn/sach-ban-di-chuc-bi-an-giai-thuong-van-hoc-thieu-nhi-mi-newbery-medal-1979-p178483696.html,Sách Bản Di Chúc Bí Ẩn - Giải Thưởng Văn Học Thiếu Nhi Mĩ - Newbery Medal 1979,0.0,0,80000,80000,3.0,1754
273083077,hachiko-chu-cho-doi-cho-p273083077,https://tiki.vn/hachiko-chu-cho-doi-cho-p273083077.html,Hachiko - Chú Chó Đợi Chờ,0.0,0,60000,60000,2.0,1754
279421145,sach-dao-buoc-trong-van-hoc-p279421145,https://tiki.vn/sach-dao-buoc-trong-van-hoc-p279421145.html,Sách - Dạo bước trong văn học,0.0,0,139000,139000,1.0,1754
271329894,nhung-ngay-thu-ba-voi-thay-morrie-p271329894,https://tiki.vn/nhung-ngay-thu-ba-voi-thay-morrie-p271329894.html,NHỮNG NGÀY THỨ BA VỚI THẦY MORRIE,0.0,0,78000,78000,3.0,1754
278617020,sach-thanh-pho-cua-nhung-chu-meo-lac-p278617020,https://tiki.vn/sach-thanh-pho-cua-nhung-chu-meo-lac-p278617020.html,Sách - Thành Phố Của Những Chú Mèo Lạc,5.0,1,142000,127800,6.0,1754
78488846,combo-2-cuon-sach-cau-tra-loi-chi-mot-chien-binh-cau-vong-p78488846,https://tiki.vn/combo-2-cuon-sach-cau-tra-loi-chi-mot-chien-binh-cau-vong-p78488846.html,Combo 2 cuốn sách: Câu trả lời chỉ một + Chiến binh cầu vồng,0.0,0,186000,186000,1.0,1754
278776159,sach-thieu-nhi-yeu-qua-viet-nam-nhieu-chu-de-p278776159,https://tiki.vn/sach-thieu-nhi-yeu-qua-viet-nam-nhieu-chu-de-p278776159.html,Sách Thiếu Nhi - Yêu Quá Việt Nam -Nhiều Chủ Đề,0.0,0,25000,24000,4.0,1754
71683057,nhat-ky-chu-be-nhut-nhat-tap-14-cua-thien-tra-dia-phien-ban-tieng-viet-p71683057,https://tiki.vn/nhat-ky-chu-be-nhut-nhat-tap-14-cua-thien-tra-dia-phien-ban-tieng-viet-p71683057.html,Nhật Ký Chú Bé Nhút Nhát - Tập 14: Của Thiên Trả Địa - Phiên bản Tiếng Việt,5.0,114,55000,44000,663.0,1754
185991766,moi-tuoi-moi-tai-12-con-giap-tai-ban-2022-p185991766,https://tiki.vn/moi-tuoi-moi-tai-12-con-giap-tai-ban-2022-p185991766.html,Mỗi Tuổi Mỗi Tài - 12 Con Giáp (Tái Bản 2022),0.0,0,77000,77000,1.0,1754
395623,nhung-truyen-hay-viet-cho-thieu-nhi-to-hoai-p395623,https://tiki.vn/nhung-truyen-hay-viet-cho-thieu-nhi-to-hoai-p395623.html,Những Truyện Hay Viết Cho Thiếu Nhi - Tô Hoài,0.0,0,80000,80000,2.0,1754
50322203,song-ngu-viet-anh-diary-of-a-wimpy-kid-nhat-ky-chu-be-nhut-nhat-nhung-ngay-xua-cu-old-school-p50322203,https://tiki.vn/song-ngu-viet-anh-diary-of-a-wimpy-kid-nhat-ky-chu-be-nhut-nhat-nhung-ngay-xua-cu-old-school-p50322203.html,Song Ngữ Việt - Anh - Diary Of A Wimpy Kid - Nhật Ký Chú Bé Nhút Nhát: Những Ngày Xưa Cũ - Old School,4.5,17,96000,76800,157.0,1754
279144621,nhung-cau-chuyen-than-tien-bon-mua-cac-vi-than-tien-va-van-vat-p279144621,https://tiki.vn/nhung-cau-chuyen-than-tien-bon-mua-cac-vi-than-tien-va-van-vat-p279144621.html,Những Câu Chuyện Thần Tiên Bốn Mùa - Các Vị Thần Tiên Và Vạn Vật,0.0,0,65000,65000,1.0,1754
602632,sach-to-tu-duy-nhu-mot-nha-thien-van-hoc-tat-tan-tat-ve-vu-tru-p602632,https://tiki.vn/sach-to-tu-duy-nhu-mot-nha-thien-van-hoc-tat-tan-tat-ve-vu-tru-p602632.html,Sách Tớ Tư Duy Như Một Nhà Thiên Văn Học - Tất Tần Tật Về Vũ Trụ,0.0,0,89000,72980,2.0,1754
204622736,tuyen-tap-roald-dahl-charlie-va-chiec-thang-may-bang-kinh-p204622736,https://tiki.vn/tuyen-tap-roald-dahl-charlie-va-chiec-thang-may-bang-kinh-p204622736.html,Tuyển tập Roald Dahl - Charlie và chiếc thang máy bằng kính,5.0,1,55000,55000,15.0,1754
118877625,sach-hai-van-dam-duoi-bien-tai-ban-2021-p118877625,https://tiki.vn/sach-hai-van-dam-duoi-bien-tai-ban-2021-p118877625.html,Sách Hai Vạn Dặm Dưới Biển (Tái Bản 2021),0.0,0,99000,99000,2.0,1754
273856860,de-men-phieu-luu-ky-ngo-manh-lan-minh-hoa-an-ban-ki-niem-100-nam-to-hoai-cuon-sach-van-hoc-thieu-nhi-p273856860,https://tiki.vn/de-men-phieu-luu-ky-ngo-manh-lan-minh-hoa-an-ban-ki-niem-100-nam-to-hoai-cuon-sach-van-hoc-thieu-nhi-p273856860.html,Dế Mèn Phiêu Lưu Ký - Ngô Mạnh Lân Minh Họa - Ấn Bản Kỉ Niệm 100 Năm Tô Hoài- Cuốn Sách Văn Học Thiếu Nhi,0.0,0,171350,171350,3.0,1754
263119119,sach-tac-gia-kinh-dien-nhat-ban-truyen-hay-cho-tuoi-hoc-duong-tap-3-chen-uong-tra-cua-lanh-chua-p263119119,https://tiki.vn/sach-tac-gia-kinh-dien-nhat-ban-truyen-hay-cho-tuoi-hoc-duong-tap-3-chen-uong-tra-cua-lanh-chua-p263119119.html,Sách - Tác giả kinh điển Nhật Bản - Truyện hay cho tuổi học đường - Tập 3: Chén uống trà của lãnh chúa,0.0,0,60000,60000,1.0,1754
255410235,boi-ngang-quay-tung-bung-p255410235,https://tiki.vn/boi-ngang-quay-tung-bung-p255410235.html,Bơi Ngang Quậy Tưng Bừng,0.0,0,55000,55000,2.0,1754
272437893,nhung-cau-chuyen-cung-me-gia-gio-tay-bia-cung-tai-ban-2023-p272437893,https://tiki.vn/nhung-cau-chuyen-cung-me-gia-gio-tay-bia-cung-tai-ban-2023-p272437893.html,Những Câu Chuyện Cùng Mẹ Già Gió Tây - Bìa Cứng (Tái Bản 2023),5.0,1,129000,122500,8.0,1754
279022896,sach-qua-tang-be-tho-gau-bo-bo-tinh-nghich-p279022896,https://tiki.vn/sach-qua-tang-be-tho-gau-bo-bo-tinh-nghich-p279022896.html,Sách - Quà Tặng Bé Thơ - Gấu Bo Bo Tinh Nghịch,0.0,0,60000,58200,1.0,1754
274901224,nhung-mua-am-em-cua-em-p274901224,https://tiki.vn/nhung-mua-am-em-cua-em-p274901224.html,Những Mùa Ấm Êm Của Em,0.0,0,159000,147800,8.0,1754
274467124,sach-ba-bac-khung-khiep-david-walliams-nha-nam-official-p274467124,https://tiki.vn/sach-ba-bac-khung-khiep-david-walliams-nha-nam-official-p274467124.html,Sách - Bà bác khủng khiếp (David Walliams) - Nhã Nam Official,0.0,0,150000,150000,1.0,1754
279302201,sach-truyen-co-tich-hay-nhat-the-gioi-ba-chu-heo-con-p279302201,https://tiki.vn/sach-truyen-co-tich-hay-nhat-the-gioi-ba-chu-heo-con-p279302201.html,Sách - Truyện Cổ Tích Hay Nhất Thế Giới - Ba Chú Heo Con,0.0,0,20000,20000,1.0,1754
50322216,song-ngu-viet-anh-diary-of-a-wimpy-kid-nhat-ky-chu-be-nhut-nhat-so-nho-hard-luck-p50322216,https://tiki.vn/song-ngu-viet-anh-diary-of-a-wimpy-kid-nhat-ky-chu-be-nhut-nhat-so-nho-hard-luck-p50322216.html,Song Ngữ Việt - Anh - Diary Of A Wimpy Kid - Nhật Ký Chú Bé Nhút Nhát: Số Nhọ - Hard Luck,5.0,39,96000,76800,282.0,1754
115003125,bo-truyen-ngoi-nha-nho-tren-thao-nguyen-full-9-tap-p115003125,https://tiki.vn/bo-truyen-ngoi-nha-nho-tren-thao-nguyen-full-9-tap-p115003125.html,Bộ truyện Ngôi Nhà Nhỏ Trên Thảo Nguyên - Full 9 tập,0.0,0,623350,623350,16.0,1754
276679464,sach-truyen-tho-dong-dao-cau-do-cho-be-tap-noi-tap-doc-tu-sach-tiem-thuc-cho-be-0-6-tuoi-p276679464,https://tiki.vn/sach-truyen-tho-dong-dao-cau-do-cho-be-tap-noi-tap-doc-tu-sach-tiem-thuc-cho-be-0-6-tuoi-p276679464.html,"Sách - Truyện, Thơ, Đồng Dao, Câu Đố Cho Bé Tập Nói, Tập Đọc - Tủ Sách Tiềm Thức Cho Bé 0-6 Tuổi",0.0,0,42000,42000,8.0,1754
242504818,365-truyen-ke-cho-be-truoc-khi-ngu-nhung-cau-truyen-nuoi-duong-eq-cam-xuc-p242504818,https://tiki.vn/365-truyen-ke-cho-be-truoc-khi-ngu-nhung-cau-truyen-nuoi-duong-eq-cam-xuc-p242504818.html,365 Truyện Kể Cho Bé Trước Khi Ngủ - Những Câu Truyện Nuôi Dưỡng EQ Cảm Xúc,0.0,0,70000,63000,5.0,1754
275827638,peter-pan-sach-song-ngu-kinh-dien-truyen-song-ngu-thieu-nhi-tang-file-nghe-note-tu-vu-ng-hg-books-p275827638,https://tiki.vn/peter-pan-sach-song-ngu-kinh-dien-truyen-song-ngu-thieu-nhi-tang-file-nghe-note-tu-vu-ng-hg-books-p275827638.html,"Peter Pan - Sách song ngữ kinh điển, truyện song ngữ thiếu nhi tặng file nghe & note từ vựng - HG Books",5.0,1,99000,84150,5.0,1754
204622921,tuyen-tap-roald-dahl-than-duoc-cua-george-p204622921,https://tiki.vn/tuyen-tap-roald-dahl-than-duoc-cua-george-p204622921.html,Tuyển tập Roald Dahl - Thần dược của George,4.0,1,30000,30000,3.0,1754
585135,sach-toi-tri-bach-benh-p585135,https://tiki.vn/sach-toi-tri-bach-benh-p585135.html,Sách Tỏi Trị Bách Bệnh,5.0,5,58000,58000,54.0,1754
239391207,tu-sach-tu-nhung-hat-mam-vuon-dau-cua-giun-p239391207,https://tiki.vn/tu-sach-tu-nhung-hat-mam-vuon-dau-cua-giun-p239391207.html,Tủ sách Từ những hạt mầm - Vườn đậu của Giun,0.0,0,13000,13000,2.0,1754
278153058,sach-ca-nha-thuong-con-xin-chao-be-yeu-p278153058,https://tiki.vn/sach-ca-nha-thuong-con-xin-chao-be-yeu-p278153058.html,Sách - Cả Nhà Thương Con - Xin Chào Bé Yêu,0.0,0,39000,39000,3.0,1754
279131788,sach-truyen-ke-giang-sinh-co-be-ban-diem-the-little-match-girl-p279131788,https://tiki.vn/sach-truyen-ke-giang-sinh-co-be-ban-diem-the-little-match-girl-p279131788.html,Sách - Truyện Kể Giáng Sinh - Cô Bé Bán Diêm - The Little Match Girl,0.0,0,25000,23200,,1754
186199656,kinh-van-hoa-bo-6-cuon-tuy-chon-p186199656,https://tiki.vn/kinh-van-hoa-bo-6-cuon-tuy-chon-p186199656.html,Kính Vạn Hoa - Bộ 6 cuốn (Tùy Chọn),5.0,2,300000,300000,20.0,1754
272811089,sach-combo-nhat-ky-chu-be-nhut-nhat-cau-be-sieu-than-thien-series-diary-of-a-wimpy-kid-song-ngu-viet-anh-21-cuon-p272811089,https://tiki.vn/sach-combo-nhat-ky-chu-be-nhut-nhat-cau-be-sieu-than-thien-series-diary-of-a-wimpy-kid-song-ngu-viet-anh-21-cuon-p272811089.html,Sách: TRỌN BỘ Nhật Ký Chú Bé Nhút Nhát (series Diary of a Wimpy kid) - Song ngữ Việt-Anh - 23 cuốn,0.0,0,2208000,1876800,4.0,1754
188229187,kinh-van-hoa-tap-2-tai-ban-2022-p188229187,https://tiki.vn/kinh-van-hoa-tap-2-tai-ban-2022-p188229187.html,Kính Vạn Hoa Tập 2 (Tái Bản 2022),5.0,4,86000,77400,76.0,1754
276529653,combo-tuoi-tho-du-doi-bo-2-tap-kd-p276529653,https://tiki.vn/combo-tuoi-tho-du-doi-bo-2-tap-kd-p276529653.html,Combo Tuổi Thơ Dữ Dội (Bộ 2 Tập) - KĐ,5.0,1,160000,160000,1.0,1754
274636295,van-hoc-trong-nha-truong-tho-van-tran-te-xuong-p274636295,https://tiki.vn/van-hoc-trong-nha-truong-tho-van-tran-te-xuong-p274636295.html,Văn Học Trong Nhà Trường - Thơ Văn Trần Tế Xương,0.0,0,50000,50000,1.0,1754
270541619,xu-so-mien-man-tang-kem-bookmark-p270541619,https://tiki.vn/xu-so-mien-man-tang-kem-bookmark-p270541619.html,Xứ Sở Miên Man - Tặng Kèm Bookmark,5.0,16,220000,204600,221.0,1754
275504550,sach-tho-cho-be-vuong-quoc-nho-bi-mat-bia-cung-p275504550,https://tiki.vn/sach-tho-cho-be-vuong-quoc-nho-bi-mat-bia-cung-p275504550.html,Sách Thơ Cho Bé - Vương Quốc Nhỏ Bí Mật - Bìa Cứng,5.0,3,159000,159000,114.0,1754
185435847,ngon-co-lau-ki-niem-65-nam-nxb-kim-dong-p185435847,https://tiki.vn/ngon-co-lau-ki-niem-65-nam-nxb-kim-dong-p185435847.html,NGỌN CỜ LAU (KỈ NIỆM 65 NĂM NXB KIM ĐỒNG),0.0,0,90000,90000,,1754
138138635,boxset-mien-dau-dai-chuyen-bon-mua-p138138635,https://tiki.vn/boxset-mien-dau-dai-chuyen-bon-mua-p138138635.html,Boxset MIỀN DÂU DẠI - Chuyện bốn mùa,4.8,70,420000,420000,412.0,1754
279112286,sach-nguoi-bo-ca-gai-cua-toi-p279112286,https://tiki.vn/sach-nguoi-bo-ca-gai-cua-toi-p279112286.html,Sách - Người Bố Cá Gai Của Tôi,5.0,1,150000,135000,9.0,1754
273061634,nhat-ky-chu-be-nhut-nhat-tap-18-out-trinh-p273061634,https://tiki.vn/nhat-ky-chu-be-nhut-nhat-tap-18-out-trinh-p273061634.html,Nhật Ký Chú Bé Nhút Nhát - Tập 18: Out Trình,5.0,5,55000,44000,102.0,1754
497029,sach-buratino-di-tim-kho-bau-lien-viet-p497029,https://tiki.vn/sach-buratino-di-tim-kho-bau-lien-viet-p497029.html,Sách Buratino Đi Tìm Kho Báu (Liên Việt),5.0,2,75000,37500,17.0,1754
278961254,combo-9-boxset-kinh-van-hoa-bo-ki-niem-30-nam-nguyen-nhat-anh-nxb-kim-dong-p278961254,https://tiki.vn/combo-9-boxset-kinh-van-hoa-bo-ki-niem-30-nam-nguyen-nhat-anh-nxb-kim-dong-p278961254.html,COMBO 9 BOXSET KÍNH VẠN HOA - Bộ Kỉ Niệm 30 Năm - Nguyễn Nhật Ánh - NXB Kim Đồng ,0.0,0,2376000,2376000,,1754
50322616,combo-song-ngu-viet-anh-diary-of-a-wimpy-kid-nhat-ky-chu-be-nhut-nhat-bo-11-cuon-p50322616,https://tiki.vn/combo-song-ngu-viet-anh-diary-of-a-wimpy-kid-nhat-ky-chu-be-nhut-nhat-bo-11-cuon-p50322616.html,Combo Song Ngữ Việt - Anh - Diary Of A Wimpy Kid - Nhật Ký Chú Bé Nhút Nhát (Bộ 11 Cuốn),5.0,11,1056000,897600,66.0,1754
188947157,combo-sach-van-hoc-hay-chuyen-con-cho-ten-la-trung-thanh-hoang-tu-be-tang-kem-bookmark-thiet-ke-p188947157,https://tiki.vn/combo-sach-van-hoc-hay-chuyen-con-cho-ten-la-trung-thanh-hoang-tu-be-tang-kem-bookmark-thiet-ke-p188947157.html,Combo sách văn học hay : Chuyện con chó tên là trung thành  + Hoàng tử bé - Tặng kèm bookmark thiết kế,0.0,0,120000,120000,,1754
71683020,nhat-ky-chu-be-nhut-nhat-tap-13-dai-chien-tren-tuyet-p71683020,https://tiki.vn/nhat-ky-chu-be-nhut-nhat-tap-13-dai-chien-tren-tuyet-p71683020.html,Nhật Ký Chú Bé Nhút Nhát - Tập 13: Đại Chiến Trên Tuyết,5.0,109,55000,44000,683.0,1754
207490221,sach-pop-up-dung-hinh-in-mau-toan-bo-troi-mua-troi-gio-khuc-dong-dao-ve-su-se-chia-truong-phuong-books-nxb-the-gioi-p207490221,https://tiki.vn/sach-pop-up-dung-hinh-in-mau-toan-bo-troi-mua-troi-gio-khuc-dong-dao-ve-su-se-chia-truong-phuong-books-nxb-the-gioi-p207490221.html,[Sách Pop-up dựng hình in màu toàn bộ] TRỜI MƯA TRỜI GIÓ – Khúc đồng dao về sự sẻ chia - Trường Phương books – Nxb Thế giới,0.0,0,115000,115000,,1754
78488806,combo-2-cuon-sach-animorphs-nguoi-hoa-thu-tap-13-thay-doi-animorphs-nguoi-hoa-thu-tap-4-thong-diep-p78488806,https://tiki.vn/combo-2-cuon-sach-animorphs-nguoi-hoa-thu-tap-13-thay-doi-animorphs-nguoi-hoa-thu-tap-4-thong-diep-p78488806.html,Combo 2 cuốn sách: Animorphs - Người hóa thú - Tập 13: Thay đổi  + Animorphs - Người hóa thú - Tập 4: Thông điệp,0.0,0,137000,137000,,1754
278702966,tu-quai-tkkg-combo-10-cuon-tap-21-30-tap-51-60-hanoibooks-p278702966,https://tiki.vn/tu-quai-tkkg-combo-10-cuon-tap-21-30-tap-51-60-hanoibooks-p278702966.html,"Tứ Quái TKKG - combo 10 cuốn Tập 21-30, Tập 51-60 (Hanoibooks)",0.0,0,600000,510000,,1754
277139208,sach-chuyen-nha-ti-va-chuyen-nhieu-nha-khac-phan-thi-vang-anh-nha-nam-official-p277139208,https://tiki.vn/sach-chuyen-nha-ti-va-chuyen-nhieu-nha-khac-phan-thi-vang-anh-nha-nam-official-p277139208.html,Sách - Chuyện nhà Tí (và chuyện nhiều nhà khác) (Phan Thị Vàng Anh) (Nhã Nam Official),5.0,3,150000,150000,120.0,1754
687533,sach-horrible-science-tuong-lai-bo-tuong-tai-ban-2017-p687533,https://tiki.vn/sach-horrible-science-tuong-lai-bo-tuong-tai-ban-2017-p687533.html,Sách Horrible Science - Tương Lai Bố Tướng (Tái Bản 2017),0.0,0,55000,55000,1.0,1754
107485620,nhat-ky-chu-be-nhut-nhat-tap-6-mac-ket-p107485620,https://tiki.vn/nhat-ky-chu-be-nhut-nhat-tap-6-mac-ket-p107485620.html,Nhật Ký Chú Bé Nhút Nhát - Tập 6: Mắc Kẹt - phiên bản Tiếng Việt,4.8,11,55000,46750,105.0,1754
273304897,di-rumphius-bia-cung-p273304897,https://tiki.vn/di-rumphius-bia-cung-p273304897.html,Dì Rumphius - Bìa Cứng,0.0,0,99000,94000,10.0,1754
278714936,sach-10-ten-minutes-bedtime-stories-10-phut-doc-truyen-truoc-gio-di-ngu-fairy-tales-truyen-than-tien-song-ngu-viet-anh-p278714936,https://tiki.vn/sach-10-ten-minutes-bedtime-stories-10-phut-doc-truyen-truoc-gio-di-ngu-fairy-tales-truyen-than-tien-song-ngu-viet-anh-p278714936.html,Sách - 10 Ten-Minutes Bedtime Stories - 10 Phút Đọc Truyện Trước Giờ Đi Ngủ - Fairy Tales - Truyện Thần Tiên - Song Ngữ Việt-Anh,0.0,0,109000,87200,2.0,1754
272183702,sach-series-tac-gia-david-walliams-cap-nhat-nha-nam-official-p272183702,https://tiki.vn/sach-series-tac-gia-david-walliams-cap-nhat-nha-nam-official-p272183702.html,Sách - Series tác giả David Walliams (cập nhật) - Nhã Nam Official,0.0,0,100000,90000,25.0,1754
272565518,tu-sach-vang-tac-pham-chon-loc-danh-cho-thieu-nhi-ba-me-vui-tinh-p272565518,https://tiki.vn/tu-sach-vang-tac-pham-chon-loc-danh-cho-thieu-nhi-ba-me-vui-tinh-p272565518.html,Tủ Sách Vàng -  Tác Phẩm Chọn Lọc Dành Cho Thiếu Nhi - Bà Mẹ Vui Tính,0.0,0,51500,51500,,1754
568147,sach-goc-san-va-khoang-troi-trang-sang-san-nha-em-p568147,https://tiki.vn/sach-goc-san-va-khoang-troi-trang-sang-san-nha-em-p568147.html,Sách Góc Sân Và Khoảng Trời - Trăng Sáng Sân Nhà Em,3.0,2,77072,77072,6.0,1754
113529052,sach-xom-bo-giau-bia-cung-p113529052,https://tiki.vn/sach-xom-bo-giau-bia-cung-p113529052.html,Sách - Xóm bờ giậu (bìa cứng),0.0,0,145000,145000,10.0,1754
345560,sach-kinh-van-hoa-tap-6-phien-ban-moi-p345560,https://tiki.vn/sach-kinh-van-hoa-tap-6-phien-ban-moi-p345560.html,Sách Kính Vạn Hoa - Tập 6 (Phiên Bản Mới),0.0,0,135000,135000,5.0,1754
205991195,cong-chua-nho-frances-hodgson-burnett-p205991195,https://tiki.vn/cong-chua-nho-frances-hodgson-burnett-p205991195.html,Công chúa nhỏ - Frances Hodgson Burnett,0.0,0,90000,90000,,1754
278714020,sach-tac-pham-chon-loc-van-hoc-anh-alice-o-xu-so-than-tien-tai-ban-2024-p278714020,https://tiki.vn/sach-tac-pham-chon-loc-van-hoc-anh-alice-o-xu-so-than-tien-tai-ban-2024-p278714020.html,Sách - Tác Phẩm Chọn Lọc - Văn Học Anh - Alice Ở Xứ Sở Thần Tiên (Tái Bản 2024),0.0,0,50000,45000,4.0,1754
239404118,tu-sach-tu-nhung-hat-mam-chuot-dong-me-lua-p239404118,https://tiki.vn/tu-sach-tu-nhung-hat-mam-chuot-dong-me-lua-p239404118.html,Tủ sách Từ những hạt mầm - Chuột đồng mê lúa,0.0,0,13000,13000,,1754
278616342,sach-tren-doi-mo-mat-va-mo-tai-ban-2025-p278616342,https://tiki.vn/sach-tren-doi-mo-mat-va-mo-tai-ban-2025-p278616342.html,"Sách - Trên Đồi, Mở Mắt Và Mơ (Tái Bản 2025)",5.0,2,78000,74100,53.0,1754
278963935,sach-boxset-kinh-van-hoa-bo-ki-niem-30-nam-tap-43-48-hop-6-tap-tang-kem-so-tay-kinh-van-hoa-p278963935,https://tiki.vn/sach-boxset-kinh-van-hoa-bo-ki-niem-30-nam-tap-43-48-hop-6-tap-tang-kem-so-tay-kinh-van-hoa-p278963935.html,Sách - Boxset Kính Vạn Hoa - Bộ Kỉ Niệm 30 Năm: Tập 43 - 48 (Hộp 6 Tập) - Tặng Kèm Sổ Tay Kính Vạn Hoa,0.0,0,240000,216000,,1754
276826704,la-rentree-du-petit-nicolas-p276826704,https://tiki.vn/la-rentree-du-petit-nicolas-p276826704.html,LA RENTREE DU PETIT NICOLAS,0.0,0,309000,299730,,1754
263354653,tron-bo-kinh-van-hoa-phien-ban-moi-18-tap-p263354653,https://tiki.vn/tron-bo-kinh-van-hoa-phien-ban-moi-18-tap-p263354653.html,Trọn bộ Kính Vạn Hoa (Phiên bản mới) - 18 tập,5.0,2,1430250,1430250,36.0,1754
273306774,tu-sach-vang-tac-pham-chon-loc-danh-cho-thieu-nhi-tuoi-tho-im-lang-tai-ban-2023-p273306774,https://tiki.vn/tu-sach-vang-tac-pham-chon-loc-danh-cho-thieu-nhi-tuoi-tho-im-lang-tai-ban-2023-p273306774.html,Tủ Sách Vàng - Tác Phẩm Chọn Lọc Dành Cho Thiếu Nhi - Tuổi Thơ Im Lặng (Tái Bản 2023),0.0,0,55000,55000,,1754
279189732,bo-truyen-tranh-sieu-hai-huoc-anh-em-binh-thuong-tron-bo-11-cuon-p279189732,https://tiki.vn/bo-truyen-tranh-sieu-hai-huoc-anh-em-binh-thuong-tron-bo-11-cuon-p279189732.html,Bộ Truyện Tranh Siêu Hài Hước - Anh Em Bình Thường - Trọn Bộ 11 Cuốn,0.0,0,783000,783000,,1754
146271879,tho-cho-be-hoc-noi-p146271879,https://tiki.vn/tho-cho-be-hoc-noi-p146271879.html,Thơ Cho Bé Học Nói,5.0,3,96000,83500,35.0,1754
128873510,bo-tieu-thuyet-anne-toc-do-anna-toc-do-duoi-chai-nha-xanh-anna-toc-do-lang-avonlea-anna-toc-do-o-dao-hoang-tu-edward-anna-toc-do-duoi-mai-nha-bach-duong-anna-toc-do-va-ngoi-nha-mo-uoc-anna-duoi-mai-nha-ben-anh-lua-thung-lung-cau-vong-p128873510,https://tiki.vn/bo-tieu-thuyet-anne-toc-do-anna-toc-do-duoi-chai-nha-xanh-anna-toc-do-lang-avonlea-anna-toc-do-o-dao-hoang-tu-edward-anna-toc-do-duoi-mai-nha-bach-duong-anna-toc-do-va-ngoi-nha-mo-uoc-anna-duoi-mai-nha-ben-anh-lua-thung-lung-cau-vong-p128873510.html,"Bộ tiểu thuyết Anne tóc đỏ: Anna tóc đỏ dưới Chái nhà Xanh, Anna tóc đỏ làng Avonlea, Anna tóc đỏ ở đảo Hoàng từ Edward, Anna tóc đỏ dưới mái nhà Bạch Dương, Anna tóc đỏ và Ngôi nhà Mơ Ước, Anna dưới mái nhà Bên Ánh Lửa, Thung lũng cầu vồng",0.0,0,972000,972000,,1754
275320388,sach-ngan-mua-hoa-2-quyen-bang-son-p275320388,https://tiki.vn/sach-ngan-mua-hoa-2-quyen-bang-son-p275320388.html,Sách Ngàn mùa hoa - 2 quyển - Băng Sơn,5.0,1,96000,86400,39.0,1754
278961256,kinh-van-hoa-boxset-le-bo-ki-niem-30-nam-nguyen-nhat-anh-nxb-kim-dong-p278961256,https://tiki.vn/kinh-van-hoa-boxset-le-bo-ki-niem-30-nam-nguyen-nhat-anh-nxb-kim-dong-p278961256.html,KÍNH VẠN HOA BOXSET LẺ - Bộ Kỉ Niệm 30 Năm - Nguyễn Nhật Ánh - NXB Kim Đồng,0.0,0,250000,250000,3.0,1754
129451276,de-men-phieu-luu-ky-an-ban-minh-hoa-dau-dua-p129451276,https://tiki.vn/de-men-phieu-luu-ky-an-ban-minh-hoa-dau-dua-p129451276.html,DẾ MÈN PHIÊU LƯU KÝ (Ấn bản minh họa Đậu Đũa),5.0,5,205000,205000,45.0,1754
277927365,tu-nhung-ruong-rau-o-nong-trai-cuc-cu-dy-duyen-dom-dom-nxb-kim-dong-p277927365,https://tiki.vn/tu-nhung-ruong-rau-o-nong-trai-cuc-cu-dy-duyen-dom-dom-nxb-kim-dong-p277927365.html,"TỪ NHỮNG RUỘNG RAU Ở NÔNG TRẠI CÚC CU - Dy Duyên, Đốm Đốm - NXB Kim Đồng",0.0,0,179000,179000,2.0,1754
271364712,combo-3-cuon-sach-thieu-nhi-kinh-dien-song-ngu-viet-anh-hoang-tu-be-pinocchio-alice-p271364712,https://tiki.vn/combo-3-cuon-sach-thieu-nhi-kinh-dien-song-ngu-viet-anh-hoang-tu-be-pinocchio-alice-p271364712.html,"Sách song ngữ kinh điển: Hoàng tử bé, Alice ở xứ sở diệu kỳ, Pinocchio, Truyện song ngữ tặng file nghe và note từ vựng",5.0,2,247000,209950,23.0,1754
201308342,sach-nhung-cau-do-cua-bong-dem-p201308342,https://tiki.vn/sach-nhung-cau-do-cua-bong-dem-p201308342.html,Sách - Những câu đố của bóng đêm,0.0,0,95000,95000,,1754
208099476,nhung-truyen-hay-viet-cho-thieu-nhi-nguyen-hong-p208099476,https://tiki.vn/nhung-truyen-hay-viet-cho-thieu-nhi-nguyen-hong-p208099476.html,Những truyện hay viết cho thiếu nhi - Nguyên Hồng,0.0,0,55000,55000,,1754
180986199,tuyen-tap-truyen-hay-danh-cho-thieu-nhi-1-p180986199,https://tiki.vn/tuyen-tap-truyen-hay-danh-cho-thieu-nhi-1-p180986199.html,Tuyển Tập Truyện Hay Dành Cho Thiếu Nhi 1,0.0,0,48000,48000,,1754
270824458,kim-dong-ly-tu-trong-song-mai-ten-anh-p270824458,https://tiki.vn/kim-dong-ly-tu-trong-song-mai-ten-anh-p270824458.html,Kim Đồng - Lý Tự Trọng - Sống mãi tên Anh,0.0,0,40000,40000,2.0,1754
242102007,sach-banh-mi-kep-chuot-david-walliams-p242102007,https://tiki.vn/sach-banh-mi-kep-chuot-david-walliams-p242102007.html,Sách - Bánh Mì Kẹp Chuột David Walliams - Nhã nam,0.0,0,79000,79000,,1754
179233039,truyen-co-nuoc-nam-quyen-ha-muong-chim-p179233039,https://tiki.vn/truyen-co-nuoc-nam-quyen-ha-muong-chim-p179233039.html,Truyện Cổ Nước Nam: Quyển Hạ - Muông Chim,0.0,0,129000,129000,,1754
222627278,tam-biet-thoi-le-me-nhung-cau-chuyen-giup-ban-biet-lap-ke-hoach-va-thuc-hien-ke-hoach-p222627278,https://tiki.vn/tam-biet-thoi-le-me-nhung-cau-chuyen-giup-ban-biet-lap-ke-hoach-va-thuc-hien-ke-hoach-p222627278.html,Tạm Biệt Thói Lề Mề - Những Câu Chuyện Giúp Bạn Biết Lập Kế Hoạch Và Thực Hiện Kế Hoạch,0.0,0,86000,77400,3.0,1754
273579822,den-nho-va-nhung-dua-con-cua-bien-p273579822,https://tiki.vn/den-nho-va-nhung-dua-con-cua-bien-p273579822.html,Đèn Nhỏ Và Những Đứa Con Của Biển,5.0,1,160000,144000,7.0,1754
102602459,ke-chuyen-cuoc-doi-cac-thien-tai-leonardo-davinci-thien-tai-toan-nang-p102602459,https://tiki.vn/ke-chuyen-cuoc-doi-cac-thien-tai-leonardo-davinci-thien-tai-toan-nang-p102602459.html,Kể Chuyện Cuộc Đời Các Thiên Tài - Leonardo Davinci Thiên Tài Toàn Năng,5.0,5,60000,60000,32.0,1754
195666949,cuon-sach-kinh-van-hoa-2-phien-ban-ki-niem-65-nam-nxb-kim-dong-p195666949,https://tiki.vn/cuon-sach-kinh-van-hoa-2-phien-ban-ki-niem-65-nam-nxb-kim-dong-p195666949.html,Cuốn Sách: Kính Vạn Hoa - 2 - Phiên Bản Kỉ niệm 65 năm NXB Kim Đồng,5.0,2,300000,300000,3.0,1754
279231960,giai-cuu-sach-bo-sa-ch-thie-u-nhi-dan-gian-nga-12-cuon-mai-ha-books-p279231960,https://tiki.vn/giai-cuu-sach-bo-sa-ch-thie-u-nhi-dan-gian-nga-12-cuon-mai-ha-books-p279231960.html,[Giải cứu sách] BỘ SÁCH THIẾU NHI DÂN GIAN NGA 12 CUỐN – Mai Hà Books,0.0,0,250000,250000,1.0,1754
278967806,sach-nhoc-nicolas-nhung-chuyen-chua-ke-tap-1-tai-ban-2025-p278967806,https://tiki.vn/sach-nhoc-nicolas-nhung-chuyen-chua-ke-tap-1-tai-ban-2025-p278967806.html,Sách - Nhóc Nicolas - Những Chuyện Chưa Kể - Tập 1 (Tái Bản 2025),0.0,0,158000,142200,1.0,1754
137561097,sach-chuyen-ke-tren-dien-thoai-p137561097,https://tiki.vn/sach-chuyen-ke-tren-dien-thoai-p137561097.html,Sách Chuyện Kể Trên Điện Thoại,0.0,0,118000,118000,5.0,1754
113528581,sach-nhung-truyen-hay-viet-cho-thieu-nhi-to-hoai-p113528581,https://tiki.vn/sach-nhung-truyen-hay-viet-cho-thieu-nhi-to-hoai-p113528581.html,Sách - Những Truyện Hay Viết Cho Thiếu Nhi - Tô Hoài,0.0,0,80000,80000,1.0,1754
196094156,sach-mot-ngay-ben-wilbur-robinson-william-joyce-p196094156,https://tiki.vn/sach-mot-ngay-ben-wilbur-robinson-william-joyce-p196094156.html,Sách - Một ngày bên Wilbur Robinson - William Joyce,0.0,0,100000,100000,4.0,1754
113527468,sach-nhung-truyen-hay-viet-cho-thieu-nhi-vu-tu-nam-p113527468,https://tiki.vn/sach-nhung-truyen-hay-viet-cho-thieu-nhi-vu-tu-nam-p113527468.html,Sách - Những truyện hay viết cho thiếu nhi - Vũ Tú Nam,0.0,0,65000,65000,9.0,1754
279594941,sach-thanh-ngu-tuc-ngu-viet-nam-tb-2022-nha-nam-hcm-p279594941,https://tiki.vn/sach-thanh-ngu-tuc-ngu-viet-nam-tb-2022-nha-nam-hcm-p279594941.html,Sách - Thành ngữ tục ngữ Việt Nam (TB 2026) (Nhã Nam HCM),0.0,0,85000,76500,,1754
56365404,sach-hoang-tu-be-p56365404,https://tiki.vn/sach-hoang-tu-be-p56365404.html,Sách Hoàng Tử Bé,5.0,3,85350,85350,25.0,1754
279393988,giai-thuong-van-hoc-newbery-medal-2024-mat-va-nhiem-vu-bat-kha-thi-dave-eggers-shawn-harris-minh-hoa-nguyen-xuan-hong-dich-nxb-kim-dong-p279393988,https://tiki.vn/giai-thuong-van-hoc-newbery-medal-2024-mat-va-nhiem-vu-bat-kha-thi-dave-eggers-shawn-harris-minh-hoa-nguyen-xuan-hong-dich-nxb-kim-dong-p279393988.html,(Giải Thưởng Văn Học Newbery Medal 2024) MẮT VÀ NHIỆM VỤ BẤT KHẢ THI – Dave Eggers – Shawn Harris minh họa – Nguyễn Xuân Hồng dịch – NXB Kim Đồng ,0.0,0,155000,155000,,1754
274857968,sach-boxset-mien-dau-dai-bo-8-cuon-phien-ban-dac-biet-crabit-kidbooks-bia-cung-p274857968,https://tiki.vn/sach-boxset-mien-dau-dai-bo-8-cuon-phien-ban-dac-biet-crabit-kidbooks-bia-cung-p274857968.html,Sách - Boxset Miền Dâu Dại (Bộ 8 Cuốn) - Phiên Bản Đặc Biệt - Crabit Kidbooks - Bìa Cứng,0.0,0,760000,760000,9.0,1754
72968644,sach-lu-tre-hu-nhat-qua-dat-1-p72968644,https://tiki.vn/sach-lu-tre-hu-nhat-qua-dat-1-p72968644.html,Sách Lũ Trẻ Hư Nhất Quả Đất 1,0.0,0,235000,199000,,1754
107467454,nhat-ky-chu-be-nhut-nhat-song-ngu-viet-anh-tap-8-so-nho-p107467454,https://tiki.vn/nhat-ky-chu-be-nhut-nhat-song-ngu-viet-anh-tap-8-so-nho-p107467454.html,Nhật Ký Chú Bé Nhút Nhát song ngữ Việt Anh Tập 8 Số Nhọ,5.0,15,96000,81600,358.0,1754
251516201,de-men-phieu-luu-ky-ban-bia-cung-p251516201,https://tiki.vn/de-men-phieu-luu-ky-ban-bia-cung-p251516201.html,Dế mèn phiêu lưu ký - Bản bìa cứng,4.8,4,150000,150000,13.0,1754
279292412,sach-tu-sach-van-hoc-viet-nam-trong-nha-truong-vo-nhat-p279292412,https://tiki.vn/sach-tu-sach-van-hoc-viet-nam-trong-nha-truong-vo-nhat-p279292412.html,Sách - Tủ Sách Văn Học Việt Nam Trong Nhà Trường - Vợ Nhặt,0.0,0,56000,45900,1.0,1754
276479872,chuyen-con-meo-day-hai-au-bay-nha-nam-hcm-p276479872,https://tiki.vn/chuyen-con-meo-day-hai-au-bay-nha-nam-hcm-p276479872.html,Sách - Chuyện con mèo dạy hải âu bay (Nhã Nam HCM),0.0,0,70000,60200,3.0,1754
274909692,ki-niem-70-nam-chien-thang-dien-bien-phu-chuyen-o-doi-a1-p274909692,https://tiki.vn/ki-niem-70-nam-chien-thang-dien-bien-phu-chuyen-o-doi-a1-p274909692.html,Kỉ Niệm 70 Năm Chiến Thắng Điện Biên Phủ - Chuyện Ở Đồi A1,5.0,3,40000,39200,36.0,1754
178325335,nhat-ky-chu-be-nhut-nhat-song-ngu-viet-anh-tap-16-trum-cuoi-p178325335,https://tiki.vn/nhat-ky-chu-be-nhut-nhat-song-ngu-viet-anh-tap-16-trum-cuoi-p178325335.html,Nhật Ký Chú Bé Nhút Nhát song ngữ - Tập 16 Trùm Cuối (Big Shot) - Diary of a Wimpy Kid,5.0,7,96000,81600,72.0,1754
273659391,alice-o-xu-so-dieu-ki-alice-o-xu-so-trong-guong-tb100-p273659391,https://tiki.vn/alice-o-xu-so-dieu-ki-alice-o-xu-so-trong-guong-tb100-p273659391.html,Alice ở xứ sở diệu kì & Alice ở xứ sở trong gương TB100,0.0,0,100000,95000,6.0,1754
278683885,sach-kinh-dien-thieu-nhi-the-gioi-cua-tho-peter-the-world-of-peter-rabbit-song-ngu-viet-anh-tang-file-nghe-p278683885,https://tiki.vn/sach-kinh-dien-thieu-nhi-the-gioi-cua-tho-peter-the-world-of-peter-rabbit-song-ngu-viet-anh-tang-file-nghe-p278683885.html,Sách Kinh điển thiếu nhi: Thế giới của Thỏ Peter - The World Of Peter Rabbit Song ngữ Việt-Anh. Tặng file nghe,0.0,0,88000,74800,,1754
270483549,xu-so-mien-man-p270483549,https://tiki.vn/xu-so-mien-man-p270483549.html,Xứ Sở Miên Man,0.0,0,220000,209000,,1754
272305312,de-men-phieu-luu-ky-nha-xuat-ban-kim-dong-p272305312,https://tiki.vn/de-men-phieu-luu-ky-nha-xuat-ban-kim-dong-p272305312.html,Dế Mèn Phiêu Lưu Ký (Nhà Xuất Bản Kim Đồng),0.0,0,50000,50000,10.0,1754
247244811,de-men-phieu-luu-ky-bia-cung-p247244811,https://tiki.vn/de-men-phieu-luu-ky-bia-cung-p247244811.html,DẾ MÈN PHIÊU LƯU KÝ (bìa cứng),5.0,1,150000,150000,35.0,1754
278907571,sach-hoang-tu-be-p278907571,https://tiki.vn/sach-hoang-tu-be-p278907571.html,Sách - Hoàng tử bé,0.0,0,119000,119000,2.0,1754
5844759,bo-9-tap-kinh-van-hoa-toan-tap-p5844759,https://tiki.vn/bo-9-tap-kinh-van-hoa-toan-tap-p5844759.html,Bộ 9 tập Kính vạn hoa (toàn tập),0.0,0,1190000,1190000,11.0,1754
271693533,nhat-ky-chu-be-nhut-nhat-tap-8-so-nho-p271693533,https://tiki.vn/nhat-ky-chu-be-nhut-nhat-tap-8-so-nho-p271693533.html,Nhật Ký Chú Bé Nhút Nhát - Tập 8: Số Nhọ,5.0,1,55000,55000,5.0,1754
279301315,sach-bam-vay-me-p279301315,https://tiki.vn/sach-bam-vay-me-p279301315.html,Sách - Bám Váy Mẹ,0.0,0,75000,71200,6.0,1754
50322534,song-ngu-viet-anh-diary-of-a-wimpy-kid-nhat-ky-chu-be-nhut-nhat-p50322534,https://tiki.vn/song-ngu-viet-anh-diary-of-a-wimpy-kid-nhat-ky-chu-be-nhut-nhat-p50322534.html,Song Ngữ Việt - Anh - Diary Of A Wimpy Kid - Nhật Ký Chú Bé Nhút Nhát,4.6,102,96000,76800,821.0,1754
271364475,alice-o-xu-so-dieu-ky_alice-s-adventures-in-wonderland-song-ngu-viet-anh-kem-audio-note-tu-vung-p271364475,https://tiki.vn/alice-o-xu-so-dieu-ky_alice-s-adventures-in-wonderland-song-ngu-viet-anh-kem-audio-note-tu-vung-p271364475.html,Alice ở xử sở diệu kỳ - Truyện song ngữ thiếu nhi Alice's Adventures in Wonderland tặng kèm audio & note từ vựng - HG Books,5.0,3,58000,49300,118.0,1754
278907159,sach-cong-chua-nho-a-little-princess-song-ngu-viet-anh-p278907159,https://tiki.vn/sach-cong-chua-nho-a-little-princess-song-ngu-viet-anh-p278907159.html,Sách - Công Chúa Nhỏ - A Little Princess - Song Ngữ Việt-Anh,5.0,1,99000,79200,5.0,1754
273262959,kinh-van-hoa-nxb-kim-dong-tron-bo-18-tap-p273262959,https://tiki.vn/kinh-van-hoa-nxb-kim-dong-tron-bo-18-tap-p273262959.html,Kính Vạn Hoa - NXB Kim Đồng (Trọn bộ 18 tập),0.0,0,1420350,1420350,1.0,1754
190539451,kinh-van-hoa-tap-9-tai-ban-2022-p190539451,https://tiki.vn/kinh-van-hoa-tap-9-tai-ban-2022-p190539451.html,Kính Vạn Hoa - Tập 9 (Tái Bản 2022),4.7,3,135000,121500,20.0,1754
215914772,cau-nhoc-gat-gio-p215914772,https://tiki.vn/cau-nhoc-gat-gio-p215914772.html,Cậu Nhóc Gặt Gió,0.0,0,115188,115188,,1754
278809591,thon-anh-dao-tao-van-hien-p278809591,https://tiki.vn/thon-anh-dao-tao-van-hien-p278809591.html,Thôn anh đào - Tào Văn Hiên,0.0,0,210000,126000,1.0,1754
208104029,boxset-tron-bo-5-cuon-bo-tieu-thuyet-nhung-ve-than-cua-tuoi-tho-william-joyce-lyceum-nxb-da-nang-p208104029,https://tiki.vn/boxset-tron-bo-5-cuon-bo-tieu-thuyet-nhung-ve-than-cua-tuoi-tho-william-joyce-lyceum-nxb-da-nang-p208104029.html,(Boxset trọn bộ 5 cuốn) BỘ TIỂU THUYẾT “NHỮNG VỆ THẦN CỦA TUỔI THƠ” - William Joyce – Lyceum – Nxb Đà Nẵng ,5.0,2,829000,829000,5.0,1754
107484266,nhat-ky-chu-be-nhut-nhat-tap-12-chuyen-di-bao-tap-p107484266,https://tiki.vn/nhat-ky-chu-be-nhut-nhat-tap-12-chuyen-di-bao-tap-p107484266.html,Nhật Ký Chú Bé Nhút Nhát - Tập 12: Chuyến đi bão táp,5.0,41,55000,46750,287.0,1754
217884065,tay-du-ky-boxet-25-tap-ha-p217884065,https://tiki.vn/tay-du-ky-boxet-25-tap-ha-p217884065.html,Tây Du Ký - Truyện Tranh (Boxet 25 Tập) - HA,0.0,0,475000,332500,5.0,1754
127266241,combo-2-tap-tuoi-tho-du-doi-p127266241,https://tiki.vn/combo-2-tap-tuoi-tho-du-doi-p127266241.html,Combo 2 tập: Tuổi thơ dữ dội,5.0,12,160000,160000,82.0,1754
207566416,hoang-tu-be-p207566416,https://tiki.vn/hoang-tu-be-p207566416.html,Hoàng Tử Bé,0.0,0,89000,89000,3.0,1754
577075,sach-harry-potter-va-dua-tre-bi-nguyen-rua-phan-mot-va-hai-p577075,https://tiki.vn/sach-harry-potter-va-dua-tre-bi-nguyen-rua-phan-mot-va-hai-p577075.html,Sách Harry Potter Và Đứa Trẻ Bị Nguyền Rủa: Phần Một Và Hai,4.8,102,160250,160250,437.0,1754
279237246,sach-sach-tuoi-tho-du-doi-p279237246,https://tiki.vn/sach-sach-tuoi-tho-du-doi-p279237246.html,Truyện Dành Cho Thiếu Nhi : Tuổi Thơ Dữ Dội - Tập 1 + 2 (Tái Bản) - Phùng Quán,0.0,0,80000,64000,3.0,1754
278323079,combo-sach-khong-gia-dinh-va-trong-gia-dinh-2-kiet-tac-song-ngu-cua-hector-malot-kem-file-nghe-p278323079,https://tiki.vn/combo-sach-khong-gia-dinh-va-trong-gia-dinh-2-kiet-tac-song-ngu-cua-hector-malot-kem-file-nghe-p278323079.html,Combo sách Không Gia Đình và Trong Gia Đình – 2 kiệt tác song ngữ của Hector Malot - Kèm file nghe,0.0,0,119000,101150,1.0,1754
272270728,lu-tre-lang-on-ao-van-hoc-kinh-dien-truyen-cho-thieu-nhi-p272270728,https://tiki.vn/lu-tre-lang-on-ao-van-hoc-kinh-dien-truyen-cho-thieu-nhi-p272270728.html,Lũ Trẻ Làng Ồn Ào Văn Học Kinh Điển - Truyện cho thiếu nhi,0.0,0,54000,54000,1.0,1754
262871206,tac-gia-kinh-dien-nhat-ban-truyen-hay-cho-tuoi-hoc-duong-tap-2-cay-nen-do-va-nang-tien-ca-p262871206,https://tiki.vn/tac-gia-kinh-dien-nhat-ban-truyen-hay-cho-tuoi-hoc-duong-tap-2-cay-nen-do-va-nang-tien-ca-p262871206.html,Tác Giả Kinh Điển Nhật Bản - Truyện Hay Cho Tuổi Học Đường - Tập 2: Cây Nến Đỏ Và Nàng Tiên Cá,0.0,0,60000,60000,1.0,1754
270824657,kim-dong-sinh-nhat-o-rung-va-nhung-cuoc-vui-tung-bung-p270824657,https://tiki.vn/kim-dong-sinh-nhat-o-rung-va-nhung-cuoc-vui-tung-bung-p270824657.html,Kim Đồng - Sinh nhật ở rừng và những cuộc vui tưng bừng,0.0,0,55000,55000,1.0,1754
178831549,dong-dao-tho-truyen-cho-be-tap-noi-danh-cho-tre-0-6-tuoi-p178831549,https://tiki.vn/dong-dao-tho-truyen-cho-be-tap-noi-danh-cho-tre-0-6-tuoi-p178831549.html,Đồng Dao Thơ - Truyện Cho Bé Tập Nói (Dành Cho Trẻ 0-6 Tuổi),0.0,0,98000,88200,32.0,1754
263119524,sach-tac-gia-kinh-dien-nhat-ban-truyen-hay-cho-tuoi-hoc-duong-tap-4-quan-an-thich-me-nheo-p263119524,https://tiki.vn/sach-tac-gia-kinh-dien-nhat-ban-truyen-hay-cho-tuoi-hoc-duong-tap-4-quan-an-thich-me-nheo-p263119524.html,Sách - Tác giả kinh điển Nhật Bản - Truyện hay cho tuổi học đường - Tập 4: Quán ăn thích mè nheo,0.0,0,45000,45000,3.0,1754
278881893,sach-bo-sach-papelucho-nha-su-hoc-nhat-ky-bi-mat-nhu-mo-coi-bo-3-tap-tang-kem-so-luu-giu-ki-uc-doc-quyen-fahasa-p278881893,https://tiki.vn/sach-bo-sach-papelucho-nha-su-hoc-nhat-ky-bi-mat-nhu-mo-coi-bo-3-tap-tang-kem-so-luu-giu-ki-uc-doc-quyen-fahasa-p278881893.html,Sách - Bộ Sách Papelucho - Nhà Sử Học + Nhật Ký Bí Mật + Như Mồ Côi (Bộ 3 Tập) - Tặng Kèm Sổ Lưu Giữ Kí Ức - Độc Quyền Fahasa,0.0,0,177000,155700,2.0,1754
279333251,sach-mat-hieu-qua-chuoi-david-walliams-nha-nam-official-p279333251,https://tiki.vn/sach-mat-hieu-qua-chuoi-david-walliams-nha-nam-official-p279333251.html,Sách - Mật hiệu quả chuối (David Walliams) (Nhã Nam Official),0.0,0,248000,223200,,1754
278124874,thanh-pho-cua-nhung-chu-meo-lac-p278124874,https://tiki.vn/thanh-pho-cua-nhung-chu-meo-lac-p278124874.html,Thành phố của những chú mèo lạc,0.0,0,142000,142000,4.0,1754
279292362,sach-tu-sach-van-hoc-viet-nam-trong-nha-truong-gio-lanh-dau-mua-p279292362,https://tiki.vn/sach-tu-sach-van-hoc-viet-nam-trong-nha-truong-gio-lanh-dau-mua-p279292362.html,Sách - Tủ Sách Văn Học Việt Nam Trong Nhà Trường - Gió Lạnh Đầu Mùa,0.0,0,47000,38500,,1754
278153625,sach-80-ngay-vong-quanh-the-gioi-around-the-world-in-eighty-days-song-ngu-viet-anh-p278153625,https://tiki.vn/sach-80-ngay-vong-quanh-the-gioi-around-the-world-in-eighty-days-song-ngu-viet-anh-p278153625.html,Sách - 80 Ngày Vòng Quanh Thế Giới - Around The World In Eighty Days (Song Ngữ Việt - Anh),0.0,0,119000,95200,8.0,1754
278963931,sach-boxset-kinh-van-hoa-bo-ki-niem-30-nam-tap-31-36-hop-6-tap-tang-kem-so-tay-kinh-van-hoa-p278963931,https://tiki.vn/sach-boxset-kinh-van-hoa-bo-ki-niem-30-nam-tap-31-36-hop-6-tap-tang-kem-so-tay-kinh-van-hoa-p278963931.html,Sách - Boxset Kính Vạn Hoa - Bộ Kỉ Niệm 30 Năm: Tập 31 - 36 (Hộp 6 Tập) - Tặng Kèm Sổ Tay Kính Vạn Hoa,0.0,0,240000,216000,2.0,1754
609969,sach-happy-reader-cau-be-rung-xanh-kem-1-cd-tai-ban-p609969,https://tiki.vn/sach-happy-reader-cau-be-rung-xanh-kem-1-cd-tai-ban-p609969.html,Sách Happy Reader - Cậu Bé Rừng Xanh (Kèm 1 CD) - Tái Bản﻿,3.7,3,65000,55250,12.0,1754
568145,sach-goc-san-va-khoang-troi-hat-gao-lang-ta-p568145,https://tiki.vn/sach-goc-san-va-khoang-troi-hat-gao-lang-ta-p568145.html,Sách Góc Sân Và Khoảng Trời - Hạt Gạo Làng Ta,0.0,0,77072,77072,4.0,1754
270824728,kim-dong-than-thoai-nguoi-da-do-p270824728,https://tiki.vn/kim-dong-than-thoai-nguoi-da-do-p270824728.html,Kim Đồng - Thần thoại người Da Đỏ,0.0,0,115000,115000,,1754
275281517,cuon-sach-van-hoc-kinh-dien-peter-pan-p275281517,https://tiki.vn/cuon-sach-van-hoc-kinh-dien-peter-pan-p275281517.html,Cuốn Sách Văn Học Kinh Điển: Peter Pan,0.0,0,98150,98150,3.0,1754
273174385,chuyen-ke-truoc-gio-di-ngu-nong-trai-hoa-dau-biec-p273174385,https://tiki.vn/chuyen-ke-truoc-gio-di-ngu-nong-trai-hoa-dau-biec-p273174385.html,Chuyện Kể Trước Giờ Đi Ngủ - Nông Trại Hoa Đậu Biếc,0.0,0,65000,65000,7.0,1754
195821443,ba-noi-gangxto-p195821443,https://tiki.vn/ba-noi-gangxto-p195821443.html,Bà Nội Găngxtơ,0.0,0,74000,74000,4.0,1754
278599906,truyen-ngan-nam-cao-tu-sach-van-hoc-trong-nha-truong-nxb-kim-dong-p278599906,https://tiki.vn/truyen-ngan-nam-cao-tu-sach-van-hoc-trong-nha-truong-nxb-kim-dong-p278599906.html,Truyện ngắn Nam Cao - Tủ sách văn học trong nhà trường - NXB Kim Đồng,0.0,0,55000,55000,,1754
279289790,100-cai-chan-nguyen-ngoc-thuan-bia-cung-p279289790,https://tiki.vn/100-cai-chan-nguyen-ngoc-thuan-bia-cung-p279289790.html,100 Cái Chân - Nguyễn Ngọc Thuần (Bìa Cứng),0.0,0,200000,200000,1.0,1754
262871210,tac-gia-kinh-dien-nhat-ban-truyen-hay-cho-tuoi-hoc-duong-tap-1-meo-rung-va-hat-de-p262871210,https://tiki.vn/tac-gia-kinh-dien-nhat-ban-truyen-hay-cho-tuoi-hoc-duong-tap-1-meo-rung-va-hat-de-p262871210.html,Tác Giả Kinh Điển Nhật Bản - Truyện Hay Cho Tuổi Học Đường - Tập 1: Mèo Rừng Và Hạt Dẻ,5.0,1,45000,45000,11.0,1754
270824532,kim-dong-tu-gia-tuoi-tho-ki-niem-65-nam-nxb-kim-dong-p270824532,https://tiki.vn/kim-dong-tu-gia-tuoi-tho-ki-niem-65-nam-nxb-kim-dong-p270824532.html,Kim Đồng - Từ giã tuổi thơ (Kỉ niệm 65 năm NXB Kim Đồng),5.0,1,50000,50000,4.0,1754
593925,sach-bill-gates-la-ai-p593925,https://tiki.vn/sach-bill-gates-la-ai-p593925.html,Sách Bill Gates Là Ai?,0.0,0,59000,50000,2.0,1754
353095,sach-happy-reader-tup-leu-bac-tom-kem-1cd-p353095,https://tiki.vn/sach-happy-reader-tup-leu-bac-tom-kem-1cd-p353095.html,Sách Happy Reader - Túp Lều Bác Tom (Kèm 1CD),0.0,0,65000,65000,,1754
114969906,ngoi-nha-nho-tren-thao-nguyen-tap-5-ven-bo-ho-bac-p114969906,https://tiki.vn/ngoi-nha-nho-tren-thao-nguyen-tap-5-ven-bo-ho-bac-p114969906.html,Ngôi Nhà Nhỏ Trên Thảo Nguyên - Tập 5: Ven Bờ Hồ Bạc,0.0,0,73684,73684,,1754
395619,nhung-truyen-hay-viet-cho-thieu-nhi-phong-thu-p395619,https://tiki.vn/nhung-truyen-hay-viet-cho-thieu-nhi-phong-thu-p395619.html,Những Truyện Hay Viết Cho Thiếu Nhi - Phong Thu,0.0,0,65000,65000,,1754
172320630,combo-2-cuon-cau-be-mac-vay-lay-nuoc-duong-xa-p172320630,https://tiki.vn/combo-2-cuon-cau-be-mac-vay-lay-nuoc-duong-xa-p172320630.html,Combo 2 cuốn: Cậu Bé Mặc Váy + Lấy Nước Đường Xa,0.0,0,190500,190500,4.0,1754
183513295,combo-2-truyen-cuc-hay-cho-be-cau-be-mac-vay-totto-chan-ben-cua-so-tang-bookmark-happy-life-cho-duyet-tu-dong-p183513295,https://tiki.vn/combo-2-truyen-cuc-hay-cho-be-cau-be-mac-vay-totto-chan-ben-cua-so-tang-bookmark-happy-life-cho-duyet-tu-dong-p183513295.html,Combo 2 truyện Cực Hay Cho Bé: Cậu Bé Mặc Váy+Totto - Chan Bên Cửa Sổ/ Tặng Bookmark Happy Life Chờ duyệt tự động,0.0,0,211500,211500,,1754
273856848,de-men-phieu-luu-ky-ngo-manh-lan-minh-hoa-an-ban-ki-niem-100-nam-to-hoai-cuon-sach-van-hoc-thieu-nhi-p273856848,https://tiki.vn/de-men-phieu-luu-ky-ngo-manh-lan-minh-hoa-an-ban-ki-niem-100-nam-to-hoai-cuon-sach-van-hoc-thieu-nhi-p273856848.html,Dế Mèn Phiêu Lưu Ký - Ngô Mạnh Lân Minh Họa - Ấn Bản Kỉ Niệm 100 Năm Tô Hoài- Cuốn Sách Văn Học Thiếu Nhi,0.0,0,147350,147350,1.0,1754
77965477,nhat-ky-chu-be-nhut-nhat-tap-9-ky-nghi-tham-khoc-tai-ban-p77965477,https://tiki.vn/nhat-ky-chu-be-nhut-nhat-tap-9-ky-nghi-tham-khoc-tai-ban-p77965477.html,Nhật Ký Chú Bé Nhút Nhát - Tập 9: Kỳ Nghỉ Thảm Khốc (Tái Bản),5.0,25,55000,44000,188.0,1754
133846000,ngoi-nha-nho-tren-thao-nguyen-tap-4-ben-dong-rach-man-p133846000,https://tiki.vn/ngoi-nha-nho-tren-thao-nguyen-tap-4-ben-dong-rach-man-p133846000.html,NGÔI NHÀ NHỎ TRÊN THẢO NGUYÊN - TẬP 4 - BÊN DÒNG RẠCH MẬN,0.0,0,70000,70000,1.0,1754
527382,sach-chu-be-mang-pyjama-soc-tai-ban-p527382,https://tiki.vn/sach-chu-be-mang-pyjama-soc-tai-ban-p527382.html,Sách Chú Bé Mang Pyjama Sọc (Tái Bản),0.0,0,79000,79000,,1754
257866563,bo-sach-cua-david-walliams-combo-11-cuon-hgbooks-p257866563,https://tiki.vn/bo-sach-cua-david-walliams-combo-11-cuon-hgbooks-p257866563.html,Bộ sách của David Walliams [combo 11 cuốn] -HGBOOKS,0.0,0,1381000,1381000,3.0,1754
270065636,sach-hoc-vien-vien-tham-2-dau-long-ac-dieu-p270065636,https://tiki.vn/sach-hoc-vien-vien-tham-2-dau-long-ac-dieu-p270065636.html,Sách - Học viện viễn thám - 2 - Dấu lông ác điểu,0.0,0,116500,116500,,1754
276566628,ba-noi-gangxto-tai-xuat-david-walliams-nha-nam-hcm-p276566628,https://tiki.vn/ba-noi-gangxto-tai-xuat-david-walliams-nha-nam-hcm-p276566628.html,Bà nội Găngxtơ tái xuất (David Walliams) (Nhã Nam HCM),0.0,0,155000,155000,2.0,1754
147988182,combo-2-cuon-lu-tre-hu-nhat-qua-dat-lu-tre-hu-nhat-qua-dat-tap-1-lu-tre-hu-nhat-qua-dat-tap-2-p147988182,https://tiki.vn/combo-2-cuon-lu-tre-hu-nhat-qua-dat-lu-tre-hu-nhat-qua-dat-tap-1-lu-tre-hu-nhat-qua-dat-tap-2-p147988182.html,Combo 2 Cuốn Lũ Trẻ Hư Nhất Quả Đất: Lũ Trẻ Hư Nhất Quả Đất - Tập 1 +  Lũ Trẻ Hư Nhất Quả Đất - Tập 2,0.0,0,330000,330000,,1754
138183909,ly-tu-trong-song-mai-ten-anh-p138183909,https://tiki.vn/ly-tu-trong-song-mai-ten-anh-p138183909.html,Lý Tự Trọng - Sống Mãi Tên Anh,0.0,0,40000,40000,,1754
476141,sach-kinh-van-hoa-phien-ban-18-tap-tap-4-p476141,https://tiki.vn/sach-kinh-van-hoa-phien-ban-18-tap-tap-4-p476141.html,Sách Kính Vạn Hoa (Phiên Bản 18 Tập) - Tập 4,5.0,5,86000,86000,70.0,1754
476158,sach-kinh-van-hoa-phien-ban-18-tap-tap-11-p476158,https://tiki.vn/sach-kinh-van-hoa-phien-ban-18-tap-tap-11-p476158.html,Sách Kính Vạn Hoa (Phiên Bản 18 Tập) - Tập 11,4.8,4,96000,96000,105.0,1754
278153108,sach-the-gioi-tuyet-voi-cua-tom-gates-ong-trum-rac-roi-the-trouble-master-p278153108,https://tiki.vn/sach-the-gioi-tuyet-voi-cua-tom-gates-ong-trum-rac-roi-the-trouble-master-p278153108.html,Sách - Thế Giới Tuyệt Vời Của Tom Gates - Ông Trùm Rắc Rối - The Trouble Master,0.0,0,99000,79200,,1754
55195995,combo-sach-van-hoc-thieu-nhi-hay-cau-nhoc-gat-gio-bua-trua-mien-phi-p55195995,https://tiki.vn/combo-sach-van-hoc-thieu-nhi-hay-cau-nhoc-gat-gio-bua-trua-mien-phi-p55195995.html,Combo Sách Văn Học Thiếu Nhi Hay: Cậu Nhóc Gặt Gió + Bữa Trưa Miễn Phí,5.0,1,150650,150650,16.0,1754
279154052,sach-nham-nhi-tet-binh-ngo-an-pham-dac-biet-bia-cung-tang-kem-mo-hinh-lap-rap-hinh-ngua-go-p279154052,https://tiki.vn/sach-nham-nhi-tet-binh-ngo-an-pham-dac-biet-bia-cung-tang-kem-mo-hinh-lap-rap-hinh-ngua-go-p279154052.html,Sách - Nhâm Nhi Tết Bính Ngọ - Ấn Phẩm Đặc Biệt - Bìa Cứng - Tặng Kèm Mô Hình Lắp Ráp Hình Ngựa Gỗ,0.0,0,202600,188400,1.0,1754
278768794,sach-boxset-the-gioi-cua-tho-peter-hop-23-cuon-p278768794,https://tiki.vn/sach-boxset-the-gioi-cua-tho-peter-hop-23-cuon-p278768794.html,Sách - Boxset Thế Giới Của Thỏ Peter (Hộp 23 Cuốn),0.0,0,1206000,1149500,,1754
277857802,sach-tinh-ban-trong-mat-humphrey-p277857802,https://tiki.vn/sach-tinh-ban-trong-mat-humphrey-p277857802.html,Sách Tình Bạn Trong Mắt Humphrey,0.0,0,55000,27500,2.0,1754
263118790,sach-tac-gia-kinh-dien-nhat-ban-truyen-hay-cho-tuoi-hoc-duong-tap-2-cay-nen-do-va-nang-tien-ca-p263118790,https://tiki.vn/sach-tac-gia-kinh-dien-nhat-ban-truyen-hay-cho-tuoi-hoc-duong-tap-2-cay-nen-do-va-nang-tien-ca-p263118790.html,Sách - Tác giả kinh điển Nhật Bản - Truyện hay cho tuổi học đường - Tập 2: Cây nến đỏ và nàng tiên cá,0.0,0,60000,60000,4.0,1754
244304777,chuyen-con-meo-day-hai-au-bay-tai-ban-p244304777,https://tiki.vn/chuyen-con-meo-day-hai-au-bay-tai-ban-p244304777.html,Chuyện Con Mèo Dạy Hải Âu Bay (Tái Bản),0.0,0,70000,70000,1.0,1754
273455659,sach-chuyen-con-oc-sen-muon-biet-tai-sao-no-cham-chap-nha-nam-official-p273455659,https://tiki.vn/sach-chuyen-con-oc-sen-muon-biet-tai-sao-no-cham-chap-nha-nam-official-p273455659.html,Sách - Chuyện Con Ốc Sên Muốn Biết Tại Sao Nó Chậm Chạp - Nhã Nam Official,0.0,0,55000,49500,,1754
210513602,tu-sach-tuoi-than-tien-neu-mot-ngay-chung-to-bien-mat-p210513602,https://tiki.vn/tu-sach-tuoi-than-tien-neu-mot-ngay-chung-to-bien-mat-p210513602.html,Tủ Sách Tuổi Thần Tiên - Nếu Một Ngày Chúng Tớ Biến Mất,0.0,0,85000,76500,5.0,1754
195821298,bo-xau-bo-tot-p195821298,https://tiki.vn/bo-xau-bo-tot-p195821298.html,"Bố xấu, bố tốt",0.0,0,154000,154000,3.0,1754
203840857,sach-banh-mi-kep-chuot-david-walliams-p203840857,https://tiki.vn/sach-banh-mi-kep-chuot-david-walliams-p203840857.html,Sách - Bánh Mì Kẹp Chuột (David Walliams),0.0,0,79000,79000,,1754
215534813,alice-o-xu-so-dieu-ki-va-alice-o-xu-so-trong-guong-bia-cung-p215534813,https://tiki.vn/alice-o-xu-so-dieu-ki-va-alice-o-xu-so-trong-guong-bia-cung-p215534813.html,Alice ở xứ sở diệu kì và Alice ở xứ sở trong gương - Bìa cứng,0.0,0,550000,550000,,1754
440634,sach-bac-fox-tuyet-voi-p440634,https://tiki.vn/sach-bac-fox-tuyet-voi-p440634.html,Sách Bác Fox Tuyệt Vời,0.0,0,30000,30000,4.0,1754
88793370,combo-sach-nhat-ky-chu-be-nhut-nhat-tap-10-15-p88793370,https://tiki.vn/combo-sach-nhat-ky-chu-be-nhut-nhat-tap-10-15-p88793370.html,Combo Sách - Nhật Ký Chú Bé Nhút Nhát (Tập 10-15),4.7,3,301350,301350,34.0,1754
273891237,combo-2-cuon-van-hoc-thieu-nhi-tron-len-mai-nha-de-khoc-di-vong-the-gioi-van-quanh-mot-nguoi-p273891237,https://tiki.vn/combo-2-cuon-van-hoc-thieu-nhi-tron-len-mai-nha-de-khoc-di-vong-the-gioi-van-quanh-mot-nguoi-p273891237.html,Combo 2 Cuốn Văn Học Thiếu Nhi- Trốn Lên Mái Nhà Để Khóc+  Đi Vòng Thế Giới Vẫn Quanh Một Người,0.0,0,171950,171950,,1754
278153597,sach-truyen-hay-giup-tre-thong-thai-voi-con-biet-ton-trong-moi-nguoi-p278153597,https://tiki.vn/sach-truyen-hay-giup-tre-thong-thai-voi-con-biet-ton-trong-moi-nguoi-p278153597.html,Sách - Truyện Hay Giúp Trẻ Thông Thái - Voi Con Biết Tôn Trọng Mọi Người,0.0,0,23000,20700,1.0,1754
278153304,sach-nhung-thu-ban-dung-de-lap-mot-cai-ho-p278153304,https://tiki.vn/sach-nhung-thu-ban-dung-de-lap-mot-cai-ho-p278153304.html,Sách - Những Thứ Bạn Dùng Để Lấp Một Cái Hố,0.0,0,90000,85500,1.0,1754
212927513,nhoc-nicolas-va-cac-ban-p212927513,https://tiki.vn/nhoc-nicolas-va-cac-ban-p212927513.html,Nhóc Nicolas Và Các Bạn,0.0,0,85000,85000,1.0,1754
59282423,sach-cha-va-con-tieu-thuyet-ve-bac-ho-va-cu-pho-bang-nguyen-sinh-sac-tai-ban-2020-p59282423,https://tiki.vn/sach-cha-va-con-tieu-thuyet-ve-bac-ho-va-cu-pho-bang-nguyen-sinh-sac-tai-ban-2020-p59282423.html,Sách Cha Và Con - Tiểu Thuyết Về Bác Hồ Và Cụ Phó Bảng Nguyễn Sinh Sắc (Tái Bản 2020),0.0,0,100000,100000,,1754
177274888,truyen-ke-truoc-khi-ngu-thong-minh-tai-ban-2022-p177274888,https://tiki.vn/truyen-ke-truoc-khi-ngu-thong-minh-tai-ban-2022-p177274888.html,Truyện Kể Trước Khi Ngủ - Thông Minh (Tái Bản 2022),0.0,0,68000,61200,1.0,1754
50322633,song-ngu-viet-anh-diary-of-a-wimpy-kid-nhat-ky-chu-be-nhut-nhat-mac-ket-cabin-fever-p50322633,https://tiki.vn/song-ngu-viet-anh-diary-of-a-wimpy-kid-nhat-ky-chu-be-nhut-nhat-mac-ket-cabin-fever-p50322633.html,Song Ngữ Việt - Anh - Diary Of A Wimpy Kid - Nhật Ký Chú Bé Nhút Nhát: Mắc Kẹt - Cabin Fever,5.0,23,96000,76800,217.0,1754
113001674,song-ngu-viet-anh-diary-of-a-wimpy-kid-nhat-ky-chu-be-nhut-nhat-tap-14-cua-thien-tra-dia-wrecking-ball-p113001674,https://tiki.vn/song-ngu-viet-anh-diary-of-a-wimpy-kid-nhat-ky-chu-be-nhut-nhat-tap-14-cua-thien-tra-dia-wrecking-ball-p113001674.html,Song Ngữ Việt - Anh - Diary Of A Wimpy Kid - Nhật Ký Chú Bé Nhút Nhát - Tập 14: Của Thiên Trả Địa - Wrecking Ball,4.8,10,96000,76800,114.0,1754
130863490,nhat-ky-cau-be-sieu-than-thien-bo-3-tap-thuoc-series-nhat-ky-chu-be-nhut-nhat-p130863490,https://tiki.vn/nhat-ky-cau-be-sieu-than-thien-bo-3-tap-thuoc-series-nhat-ky-chu-be-nhut-nhat-p130863490.html,Bộ 3 tập Nhật ký cậu bé siêu thân thiện  thuộc series Nhật Ký Chú Bé Nhút Nhát,5.0,18,165000,140250,92.0,1754
279364355,sach-truyen-co-tich-viet-nam-cho-be-coc-kien-troi-p279364355,https://tiki.vn/sach-truyen-co-tich-viet-nam-cho-be-coc-kien-troi-p279364355.html,Sách - Truyện Cổ Tích Việt Nam Cho Bé - Cóc Kiện Trời,0.0,0,24000,24000,,1754
151950607,chuyen-ke-tren-dien-thoai-p151950607,https://tiki.vn/chuyen-ke-tren-dien-thoai-p151950607.html,Chuyện Kể Trên Điện Thoại,0.0,0,118000,118000,1.0,1754
272675295,bia-cung-minh-hoa-in-mau-toan-bo-vuon-tho-cua-mot-dua-tre-robert-louis-stevenson-nha-thuyen-dich-nha-xuat-ha-noi-p272675295,https://tiki.vn/bia-cung-minh-hoa-in-mau-toan-bo-vuon-tho-cua-mot-dua-tre-robert-louis-stevenson-nha-thuyen-dich-nha-xuat-ha-noi-p272675295.html,"[Bìa cứng, minh họa, in màu toàn bộ] VƯỜN THƠ CỦA MỘT ĐỨA TRẺ - Robert Louis Stevenson - Nhã Thuyên dịch - Nhà xuất Hà Nội.",5.0,4,178000,178000,61.0,1754
278749545,dai-nhi-nguu-mau-chay-hoang-boi-giai-p278749545,https://tiki.vn/dai-nhi-nguu-mau-chay-hoang-boi-giai-p278749545.html,Đại Nhị Ngưu mau chạy - Hoàng Bội Giai,0.0,0,150000,90000,,1754
278713960,sach-ngan-mua-hoa-net-dep-thien-nhien-p278713960,https://tiki.vn/sach-ngan-mua-hoa-net-dep-thien-nhien-p278713960.html,Sách - Ngàn Mùa Hoa - Nét Đẹp Thiên Nhiên,0.0,0,48000,43200,2.0,1754
278397639,ronia-con-gai-cua-tuong-cuop-astrid-lindgren-nguyen-bich-loan-dich-nxb-phu-nu-p278397639,https://tiki.vn/ronia-con-gai-cua-tuong-cuop-astrid-lindgren-nguyen-bich-loan-dich-nxb-phu-nu-p278397639.html,RONIA CON GÁI CỦA TƯỚNG CƯỚP – Astrid Lindgren – Nguyễn Bích Lan dịch – NXB Phụ Nữ,0.0,0,122000,122000,8.0,1754
169377556,nhung-chuyen-ke-cua-thornton-bo-3-cuon-p169377556,https://tiki.vn/nhung-chuyen-ke-cua-thornton-bo-3-cuon-p169377556.html,Những Chuyện Kể Của Thornton (Bộ 3 Cuốn),4.5,2,397000,369200,36.0,1754
272051706,diary-of-a-cricket-de-men-phieu-luu-ky-english-version-p272051706,https://tiki.vn/diary-of-a-cricket-de-men-phieu-luu-ky-english-version-p272051706.html,Dế Mèn Phiêu Lưu Ký,0.0,0,50000,50000,9.0,1754
159871598,gio-qua-rang-lieu-p159871598,https://tiki.vn/gio-qua-rang-lieu-p159871598.html,Gió qua rặng liễu,0.0,0,82000,82000,6.0,1754
178331640,nhat-ky-cau-be-sieu-than-thien-bo-3-tap-song-ngu-viet-anh-thuoc-series-nhat-ky-chu-be-nhut-nhat-p178331640,https://tiki.vn/nhat-ky-cau-be-sieu-than-thien-bo-3-tap-song-ngu-viet-anh-thuoc-series-nhat-ky-chu-be-nhut-nhat-p178331640.html,Nhật ký cậu bé siêu thân thiện (bộ 3 tập Song ngữ Việt Anh - thuộc series Nhật ký chú bé nhút nhát),5.0,1,288000,244800,17.0,1754
217524128,sach-danh-nhan-the-gioi-bo-10-cuon-cuon-le-tuy-chon-p217524128,https://tiki.vn/sach-danh-nhan-the-gioi-bo-10-cuon-cuon-le-tuy-chon-p217524128.html,Sách – Danh Nhân Thế Giới (bộ 10 cuốn) - Cuốn lẻ tùy chọn,5.0,1,29500,29500,24.0,1754
35303523,nghin-le-mot-dem-dong-a-tang-kem-so-tay-p35303523,https://tiki.vn/nghin-le-mot-dem-dong-a-tang-kem-so-tay-p35303523.html,Nghìn Lẻ Một Đêm ( Đông A ) - Tặng Kèm Sổ Tay,0.0,0,792500,792500,2.0,1754
278152966,sach-hoang-tu-be-p278152966,https://tiki.vn/sach-hoang-tu-be-p278152966.html,Sách - Hoàng Tử Bé,0.0,0,68000,61200,1.0,1754
278226875,sach-tron-bo-totto-chan-ben-cua-so-kuroyanagi-tetsuko-nha-nam-official-p278226875,https://tiki.vn/sach-tron-bo-totto-chan-ben-cua-so-kuroyanagi-tetsuko-nha-nam-official-p278226875.html,Sách - Trọn bộ Totto-chan bên cửa sổ (Kuroyanagi Tetsuko) (Nhã Nam Official),0.0,0,155000,139500,,1754
201121415,loi-tai-cai-duoi-dieu-p201121415,https://tiki.vn/loi-tai-cai-duoi-dieu-p201121415.html,Lỗi Tại Cái Đuôi Diều,0.0,0,60000,60000,,1754
419718,sach-de-men-phieu-luu-ky-ta-huy-long-minh-hoa-p419718,https://tiki.vn/sach-de-men-phieu-luu-ky-ta-huy-long-minh-hoa-p419718.html,Sách Dế Mèn Phiêu Lưu Ký (Tạ Huy Long Minh Họa),5.0,6,148250,148250,25.0,1754
271728384,nhat-ky-chu-be-nhut-nhat-tap-2-luat-cua-rodrick-p271728384,https://tiki.vn/nhat-ky-chu-be-nhut-nhat-tap-2-luat-cua-rodrick-p271728384.html,Nhật Ký Chú Bé Nhút Nhát - Tập 2: Luật Của Rodrick,4.0,1,55000,55000,2.0,1754
277911819,tu-nhung-ruong-rau-o-nong-trai-cuc-cu-p277911819,https://tiki.vn/tu-nhung-ruong-rau-o-nong-trai-cuc-cu-p277911819.html,Từ Những Ruộng Rau Ở Nông Trại Cúc Cu,0.0,0,199000,199000,7.0,1754
274682370,sach-hoc-tro-ben-kia-pha-tam-giang-viet-cho-nhung-dieu-be-nho-p274682370,https://tiki.vn/sach-hoc-tro-ben-kia-pha-tam-giang-viet-cho-nhung-dieu-be-nho-p274682370.html,Sách Học Trò Bên Kia Phá Tam Giang (Viết Cho Những Điều Bé Nhỏ),0.0,0,45000,45000,,1754
277539676,sach-hoang-tu-be-song-ngu-viet-anh-the-little-prince-truyen-song-ngu-thieu-nhi-p277539676,https://tiki.vn/sach-hoang-tu-be-song-ngu-viet-anh-the-little-prince-truyen-song-ngu-thieu-nhi-p277539676.html,"Sách Hoàng Tử Bé song ngữ Việt-Anh - The little prince, truyện song ngữ thiếu nhi",0.0,0,79000,79000,,1754
276964553,nham-nhi-tet-at-ty-2025-an-pham-dac-biet-nhieu-tac-gia-nxb-kim-dong-p276964553,https://tiki.vn/nham-nhi-tet-at-ty-2025-an-pham-dac-biet-nhieu-tac-gia-nxb-kim-dong-p276964553.html,NHÂM NHI TẾT ẤT TỴ 2025 (Ấn Phẩm Đặc Biệt) – Nhiều tác giả – NXB Kim Đồng,0.0,0,202500,202500,,1754
278863215,combo-10-tap-nhat-ky-chu-be-nhut-nhat-diary-of-a-wimpy-kid-ban-tieng-viet-p278863215,https://tiki.vn/combo-10-tap-nhat-ky-chu-be-nhut-nhat-diary-of-a-wimpy-kid-ban-tieng-viet-p278863215.html,Combo 10 tập Nhật Ký Chú Bé Nhút Nhát - Diary Of A Wimpy Kid  bản Tiếng Việt,5.0,2,550000,467500,17.0,1754
277772294,sach-vu-an-lon-nhat-cua-shelock-holmes-escape-room-adventures-ndbooks-p277772294,https://tiki.vn/sach-vu-an-lon-nhat-cua-shelock-holmes-escape-room-adventures-ndbooks-p277772294.html,Sách - Vụ Án Lớn Nhất của Sherlock Holmes - Escape Room Adventures - ndbooks,0.0,0,128000,128000,3.0,1754
278683083,sach-co-tich-cua-george-macdonald-p278683083,https://tiki.vn/sach-co-tich-cua-george-macdonald-p278683083.html,Sách Cổ tích của George MacDonald,0.0,0,110000,110000,,1754
273174472,nhung-tham-tu-bien-bac-tap-1-ngoi-nha-bi-an-ben-bo-de-p273174472,https://tiki.vn/nhung-tham-tu-bien-bac-tap-1-ngoi-nha-bi-an-ben-bo-de-p273174472.html,Những Thám Tử Biển Bắc - Tập 1 - Ngôi Nhà Bí Ẩn Bên Bờ Đê,0.0,0,50000,50000,1.0,1754
107483575,nhat-ky-chu-be-nhut-nhat-song-ngu-viet-anh-tap-12-chuyen-di-bao-tap-p107483575,https://tiki.vn/nhat-ky-chu-be-nhut-nhat-song-ngu-viet-anh-tap-12-chuyen-di-bao-tap-p107483575.html,Nhật Ký Chú Bé Nhút Nhát song ngữ Việt-Anh Tập 12 Chuyến Đi Bão Táp,5.0,14,96000,81600,82.0,1754
125287142,chuyen-ke-ve-cun-va-miu-p125287142,https://tiki.vn/chuyen-ke-ve-cun-va-miu-p125287142.html,CHUYỆN KỂ VỀ CÚN VÀ MIU,0.0,0,78000,78000,6.0,1754
272419825,tu-sach-thieu-nhi-kinh-dien-heidi-cuon-sach-danh-cho-tre-em-va-nhung-ai-yeu-tre-em-p272419825,https://tiki.vn/tu-sach-thieu-nhi-kinh-dien-heidi-cuon-sach-danh-cho-tre-em-va-nhung-ai-yeu-tre-em-p272419825.html,Tủ Sách Thiếu Nhi Kinh Điển - Heidi - Cuốn Sách Dành Cho Trẻ Em Và Những Ai Yêu Trẻ Em,5.0,1,118000,106200,12.0,1754
279258871,sach-bat-tien-xom-con-chuot-pham-cong-luan-nha-nam-official-p279258871,https://tiki.vn/sach-bat-tien-xom-con-chuot-pham-cong-luan-nha-nam-official-p279258871.html,Sách - Bát tiên xóm con chuột (Phạm Công Luận) (Nhã Nam Official),0.0,0,145000,130500,,1754
78488803,combo-2-cuon-sach-animorphs-nguoi-hoa-thu-tap-12-phan-ung-animorphs-nguoi-hoa-thu-tap-11-mien-quen-lang-p78488803,https://tiki.vn/combo-2-cuon-sach-animorphs-nguoi-hoa-thu-tap-12-phan-ung-animorphs-nguoi-hoa-thu-tap-11-mien-quen-lang-p78488803.html,Combo 2 cuốn sách: Animorphs - Người hóa thú - Tập 12: Phản ứng +  Animorphs - Người hóa thú - Tập 11: Miền quên lãng,0.0,0,111500,111500,,1754
195801212,chuyen-con-meo-day-hai-au-bay-p195801212,https://tiki.vn/chuyen-con-meo-day-hai-au-bay-p195801212.html,Chuyện con mèo dạy hải âu bay,0.0,0,71000,71000,7.0,1754
501610,sach-chuyen-gia-dinh-march-cac-cau-be-cua-jo-p501610,https://tiki.vn/sach-chuyen-gia-dinh-march-cac-cau-be-cua-jo-p501610.html,Sách Chuyện Gia Đình March - Các Cậu Bé Của Jo,5.0,1,86000,86000,5.0,1754
277539514,gio-dua-trong-lieu-sach-song-ngu-kinh-dien-co-note-tu-vung-ta-ng-kem-file-nghe-p277539514,https://tiki.vn/gio-dua-trong-lieu-sach-song-ngu-kinh-dien-co-note-tu-vung-ta-ng-kem-file-nghe-p277539514.html,"Gió đùa trong liễu - Sách song ngữ kinh điển, có note từ vựng, tặng kèm file nghe",0.0,0,109000,109000,,1754
135454576,tuyen-tap-van-hoc-viet-cho-thieu-nhi-to-hoai-2-truyen-sinh-hoat-p135454576,https://tiki.vn/tuyen-tap-van-hoc-viet-cho-thieu-nhi-to-hoai-2-truyen-sinh-hoat-p135454576.html,Tuyển Tập Văn Học Viết Cho Thiếu Nhi - Tô Hoài - 2: Truyện Sinh Hoạt,0.0,0,280000,280000,,1754
194017043,100-truyen-ngu-ngon-song-ngu-anh-viet-hay-nhat-p194017043,https://tiki.vn/100-truyen-ngu-ngon-song-ngu-anh-viet-hay-nhat-p194017043.html,100 truyện ngụ ngôn song ngữ anh việt hay nhất,0.0,0,125000,125000,,1754
278787446,con-chinh-la-con-lon-len-voi-su-tu-do-gia-dinh-lily-p278787446,https://tiki.vn/con-chinh-la-con-lon-len-voi-su-tu-do-gia-dinh-lily-p278787446.html,Con chính là con – Lớn lên với sự tự do – Gia đình Lily,0.0,0,99000,99000,1.0,1754
272281194,bac-si-aibolit-tai-ban-p272281194,https://tiki.vn/bac-si-aibolit-tai-ban-p272281194.html,Bác Sĩ Aibôlít (Tái bản),5.0,1,40000,40000,5.0,1754
277347922,nhat-ky-chu-be-nhut-nhat-nhung-chuyen-ly-ky-p277347922,https://tiki.vn/nhat-ky-chu-be-nhut-nhat-nhung-chuyen-ly-ky-p277347922.html,Nhật ký chú bé nhút nhát - Những chuyện ly kỳ,0.0,0,55000,55000,,1754
215780007,tren-sa-mac-va-trong-rung-tham-tai-ban-2020-p215780007,https://tiki.vn/tren-sa-mac-va-trong-rung-tham-tai-ban-2020-p215780007.html,Trên Sa Mạc Và Trong Rừng Thẳm (Tái Bản 2020),0.0,0,132350,132350,7.0,1754
53467506,truyen-ngu-ngon-aesop-bo-tui-12-cuon-tai-ban-2020-p53467506,https://tiki.vn/truyen-ngu-ngon-aesop-bo-tui-12-cuon-tai-ban-2020-p53467506.html,Truyện Ngụ Ngôn Aesop (Bộ Túi 12 Cuốn) - Tái Bản 2020,5.0,7,120000,111600,42.0,1754
206474556,chu-be-co-tai-mo-khoa-tai-ban-nam-2021-p206474556,https://tiki.vn/chu-be-co-tai-mo-khoa-tai-ban-nam-2021-p206474556.html,Chú Bé Có Tài Mở Khóa (Tái bản năm 2021),0.0,0,115000,115000,11.0,1754
279243293,sach-sach-hoang-tu-be-nhieu-phien-ban-phan-2-p279243293,https://tiki.vn/sach-sach-hoang-tu-be-nhieu-phien-ban-phan-2-p279243293.html,Sách - Sách Hoàng Tử Bé Nhiều Phiên Bản Phần 2,0.0,0,79000,63200,,1754
214496616,sach-80-ngay-vong-quanh-the-gioi-p214496616,https://tiki.vn/sach-80-ngay-vong-quanh-the-gioi-p214496616.html,Sách 80 Ngày Vòng Quanh Thế Giới,0.0,0,93000,93000,1.0,1754
274909660,ki-niem-70-nam-chien-thang-dien-bien-phu-nhung-ki-uc-dien-bien-p274909660,https://tiki.vn/ki-niem-70-nam-chien-thang-dien-bien-phu-nhung-ki-uc-dien-bien-p274909660.html,Kỉ Niệm 70 Năm Chiến Thắng Điện Biên Phủ - Những Kí Ức Điện Biên,0.0,0,40000,39200,11.0,1754
279289785,100-cai-chan-nguyen-ngoc-thuan-p279289785,https://tiki.vn/100-cai-chan-nguyen-ngoc-thuan-p279289785.html,100 Cái Chân - Nguyễn Ngọc Thuần,0.0,0,125000,125000,5.0,1754
277016365,sach-kazan-p277016365,https://tiki.vn/sach-kazan-p277016365.html,Sách - Kazan,0.0,0,75000,75000,,1754
113528844,sach-tu-sach-nha-van-roald-dahl-nhung-ngay-xua-yeu-dau-p113528844,https://tiki.vn/sach-tu-sach-nha-van-roald-dahl-nhung-ngay-xua-yeu-dau-p113528844.html,Sách - Tủ sách nhà văn Roald Dahl: Những ngày xưa yêu dấu,0.0,0,60000,60000,1.0,1754
200853743,truyen-chu-be-mang-pyjama-soc-p200853743,https://tiki.vn/truyen-chu-be-mang-pyjama-soc-p200853743.html,Truyện: Chú bé mang Pyjama sọc,0.0,0,79000,79000,1.0,1754
279188009,ong-noi-vuot-nguc-p279188009,https://tiki.vn/ong-noi-vuot-nguc-p279188009.html,Ông Nội Vượt Ngục,0.0,0,156000,156000,,1754
78488834,combo-2-cuon-sach-animorphs-nguoi-hoa-thu-tu-nhan-tap-6-animorphs-vi-khach-tap-2-p78488834,https://tiki.vn/combo-2-cuon-sach-animorphs-nguoi-hoa-thu-tu-nhan-tap-6-animorphs-vi-khach-tap-2-p78488834.html,Combo 2 cuốn sách: Animorphs -người hóa thú: Tù nhân tập 6 + Animorphs: Vị khách tập 2,0.0,0,105500,105500,,1754
273461270,hoang-tu-be-tai-ban-2023-p273461270,https://tiki.vn/hoang-tu-be-tai-ban-2023-p273461270.html,Hoàng Tử Bé (Tái Bản 2023),0.0,0,89000,80100,1.0,1754
107483705,nhat-ky-cau-be-sieu-than-thien-rowley-jefferson-p107483705,https://tiki.vn/nhat-ky-cau-be-sieu-than-thien-rowley-jefferson-p107483705.html,Nhật ký cậu bé Siêu thân thiện Rowley Jefferson,5.0,3,55000,46750,20.0,1754
276931262,gio-dua-trong-lieu-sach-song-ngu-kinh-dien-co-note-tu-vung-ta-ng-kem-file-nghe-hg-books-p276931262,https://tiki.vn/gio-dua-trong-lieu-sach-song-ngu-kinh-dien-co-note-tu-vung-ta-ng-kem-file-nghe-hg-books-p276931262.html,"Gió đùa trong liễu - Sách song ngữ kinh điển, có note từ vựng, tặng kèm file nghe - HG Books",0.0,0,109000,92650,7.0,1754
165593863,van-hoc-kinh-dien-danh-cho-thieu-nhi-tron-bo-15-cuon-p165593863,https://tiki.vn/van-hoc-kinh-dien-danh-cho-thieu-nhi-tron-bo-15-cuon-p165593863.html,Văn Học Kinh Điển Dành Cho Thiếu Nhi (Trọn bộ 15 cuốn),0.0,0,1467000,1467000,2.0,1754
271728717,nhat-ky-chu-be-nhut-nhat-tap-1-p271728717,https://tiki.vn/nhat-ky-chu-be-nhut-nhat-tap-1-p271728717.html,Nhật Ký Chú Bé Nhút Nhát - Tập 1,0.0,0,55000,55000,3.0,1754
275606198,combo-14-cuon-in-mau-toan-bo-nhung-cuoc-phieu-luu-cua-asterix-nxb-kim-dong-p275606198,https://tiki.vn/combo-14-cuon-in-mau-toan-bo-nhung-cuoc-phieu-luu-cua-asterix-nxb-kim-dong-p275606198.html,[Combo 14 Cuốn – In màu toàn bộ] NHỮNG CUỘC PHIÊU LƯU CỦA ASTÉRIX – NXB Kim Đồng ,0.0,0,1166000,1166000,4.0,1754
279133576,sach-bon-mua-le-hoi-hen-mua-tet-ngot-p279133576,https://tiki.vn/sach-bon-mua-le-hoi-hen-mua-tet-ngot-p279133576.html,Sách - Bốn Mùa Lễ Hội - Hẹn Mùa Tết Ngọt,0.0,0,139000,132000,1.0,1754
278147899,sach-de-men-phieu-luu-ky-diary-of-a-cricket-tai-ban-2025-p278147899,https://tiki.vn/sach-de-men-phieu-luu-ky-diary-of-a-cricket-tai-ban-2025-p278147899.html,Sách - Dế Mèn Phiêu Lưu Ký - Diary Of A Cricket (Tái Bản 2025),0.0,0,80000,76000,,1754
278714447,sach-tho-cho-be-tap-noi-tap-doc-p278714447,https://tiki.vn/sach-tho-cho-be-tap-noi-tap-doc-p278714447.html,"Sách - Thơ Cho Bé Tập Nói, Tập Đọc",0.0,0,108000,95000,6.0,1754
400095,sach-nhu-ng-chuye-n-phieu-luu-mo-i-cu-a-hoa-ng-tu-be-ke-trom-sao-p400095,https://tiki.vn/sach-nhu-ng-chuye-n-phieu-luu-mo-i-cu-a-hoa-ng-tu-be-ke-trom-sao-p400095.html,Sách Những Chuyến Phiêu Lưu Mới Của Hoàng Tử Bé - Kẻ Trộm Sao,0.0,0,98000,98000,,1754
273869390,truyen-chu-rua-bay-p273869390,https://tiki.vn/truyen-chu-rua-bay-p273869390.html,Truyện - Chú Rùa Bay,0.0,0,70000,70000,,1754
178329201,nhat-ky-cau-be-sieu-than-thien-song-ngu-viet-anh-tap-2-rowley-phieu-luu-ky-p178329201,https://tiki.vn/nhat-ky-cau-be-sieu-than-thien-song-ngu-viet-anh-tap-2-rowley-phieu-luu-ky-p178329201.html,Nhật Ký Cậu Bé Siêu Thân Thiện song ngữ Việt-Anh Tập 2 Rowley Phiêu Lưu Ký,0.0,0,96000,81600,16.0,1754
215694030,bia-cung-in-mau-toan-bo-co-pop-up-alice-o-xu-so-dieu-ki-alice-o-xu-so-trong-guong-lewis-carroll-le-thi-oanh-dich-minalima-minh-hoa-dong-a-nxb-van-hoc-p215694030,https://tiki.vn/bia-cung-in-mau-toan-bo-co-pop-up-alice-o-xu-so-dieu-ki-alice-o-xu-so-trong-guong-lewis-carroll-le-thi-oanh-dich-minalima-minh-hoa-dong-a-nxb-van-hoc-p215694030.html,"(Bìa cứng, in màu toàn bộ. Có pop up.) ALICE Ở XỨ SỞ DIỆU KÌ & ALICE Ở XỨ SỞ TRONG GƯƠNG - Lewis Carroll – Lê Thị Oanh  dịch – MinaLima minh hoạ - Đông A – NXB Văn Học ",0.0,0,550000,550000,,1754
263096400,ba-do-p263096400,https://tiki.vn/ba-do-p263096400.html,Bà Đỡ,0.0,0,75000,75000,,1754
351158,sach-happy-reader-anna-karenina-kem-cd-p351158,https://tiki.vn/sach-happy-reader-anna-karenina-kem-cd-p351158.html,Sách Happy Reader - Anna Karenina (Kèm CD),0.0,0,55000,55000,,1754
277873991,gio-von-trong-lieu-tang-kem-bookmark-cu-meo-so-tay-xuong-rong-p277873991,https://tiki.vn/gio-von-trong-lieu-tang-kem-bookmark-cu-meo-so-tay-xuong-rong-p277873991.html,Gió Vờn Trong Liễu (Tặng Kèm Bookmark CÚ MÈO + SỔ TAY XƯƠNG RỒNG),0.0,0,120000,120000,,1754
476168,sach-kinh-van-hoa-phien-ban-18-tap-tap-16-p476168,https://tiki.vn/sach-kinh-van-hoa-phien-ban-18-tap-tap-16-p476168.html,Sách Kính Vạn Hoa (Phiên Bản 18 Tập) - Tập 16,5.0,6,96000,96000,118.0,1754
208271094,nang-tien-ca-va-nhung-cau-chuyen-khac-p208271094,https://tiki.vn/nang-tien-ca-va-nhung-cau-chuyen-khac-p208271094.html,Nàng Tiên Cá Và Những Câu Chuyện Khác,0.0,0,500000,450000,,1754
273689969,dong-ho-richard-paul-evans-giang-ho-dich-nha-nam-nxb-van-hoc-p273689969,https://tiki.vn/dong-ho-richard-paul-evans-giang-ho-dich-nha-nam-nxb-van-hoc-p273689969.html,ĐỒNG HỒ – Richard Paul Evans -  Giang Hồ dịch – Nhã Nam – NXB Văn học,0.0,0,89000,89000,,1754
273888325,ngua-o-yeu-dau-cuon-sach-van-hoc-thieu-nhi-hay-p273888325,https://tiki.vn/ngua-o-yeu-dau-cuon-sach-van-hoc-thieu-nhi-hay-p273888325.html,Ngựa Ô Yêu Dấu- Cuốn Sách Văn Học Thiếu Nhi Hay,0.0,0,100000,100000,1.0,1754
116566878,dong-dao-cho-be-nung-nung-na-na-cau-hat-yeu-thuong-tai-ban-2021--p116566878,https://tiki.vn/dong-dao-cho-be-nung-nung-na-na-cau-hat-yeu-thuong-tai-ban-2021--p116566878.html,Đồng Dao Cho Bé: Nựng Nựng Nà Nà - Câu Hát Yêu Thương (Tái Bản 2021),0.0,0,30000,28500,9.0,1754
199106250,bo-sach-vuon-co-tich-bo-10-tap-p199106250,https://tiki.vn/bo-sach-vuon-co-tich-bo-10-tap-p199106250.html,Bộ Sách Vườn Cổ Tích (Bộ 10 Tập),0.0,0,80000,74400,,1754
457771,sach-kinh-van-hoa-bo-day-9-tap-tap-6-2014-p457771,https://tiki.vn/sach-kinh-van-hoa-bo-day-9-tap-tap-6-2014-p457771.html,Sách Kính Vạn Hoa (Bộ Dày 9 Tập) - Tập 6 (2014),5.0,9,135000,135000,79.0,1754
101634575,combo-12-cuon-truyen-tranh-thieu-nhi-lien-xo-p101634575,https://tiki.vn/combo-12-cuon-truyen-tranh-thieu-nhi-lien-xo-p101634575.html,Combo 12 cuốn truyện tranh thiếu nhi Liên Xô,5.0,27,501000,425850,199.0,1754
263799898,kho-tang-cau-do-dan-gian-bang-tranh-gia-dinh-lang-xom-p263799898,https://tiki.vn/kho-tang-cau-do-dan-gian-bang-tranh-gia-dinh-lang-xom-p263799898.html,Kho Tàng Câu Đố Dân Gian Bằng Tranh - Gia Đình Làng Xóm,0.0,0,66000,66000,,1754
270796392,lich-su-viet-nam-bang-tranh-thoi-khoi-thuy-p270796392,https://tiki.vn/lich-su-viet-nam-bang-tranh-thoi-khoi-thuy-p270796392.html,Lịch Sử Việt Nam Bằng Tranh - Thời Khởi Thủy,0.0,0,70000,63000,,1754
270715321,nhat-ky-chu-be-nhut-nhat-tap-12-chuyen-di-bao-tap-p270715321,https://tiki.vn/nhat-ky-chu-be-nhut-nhat-tap-12-chuyen-di-bao-tap-p270715321.html,Nhật Ký Chú Bé Nhút Nhát - Tập 12: Chuyến Đi Bão Táp,0.0,0,55000,55000,,1754
229732614,a-lo-cau-day-a-p229732614,https://tiki.vn/a-lo-cau-day-a-p229732614.html,A lô! Cậu đấy à,0.0,0,185000,185000,6.0,1754
208099658,nhung-truyen-hay-viet-cho-thieu-nhi-tran-hoai-duong-p208099658,https://tiki.vn/nhung-truyen-hay-viet-cho-thieu-nhi-tran-hoai-duong-p208099658.html,Những truyện hay viết cho thiếu nhi - Trần Hoài Dương,0.0,0,48500,48500,,1754
68332477,sach-tuyen-tap-van-hoc-viet-cho-thieu-nhi-to-hoai-4-chuyen-ngay-xua-mot-tram-co-tich-p68332477,https://tiki.vn/sach-tuyen-tap-van-hoc-viet-cho-thieu-nhi-to-hoai-4-chuyen-ngay-xua-mot-tram-co-tich-p68332477.html,Sách Tuyển Tập Văn Học Viết Cho Thiếu Nhi - Tô Hoài - 4 - Chuyện Ngày Xưa Một Trăm Cổ Tích,0.0,0,240000,240000,1.0,1754
276826321,le-petit-nicolas-et-ses-voisins-p276826321,https://tiki.vn/le-petit-nicolas-et-ses-voisins-p276826321.html,Truyện đọc tiếng Nháp Nhóc Nicolas và những người hàng xóm của mình LE PETIT NICOLAS ET SES VOISINS,0.0,0,355000,344350,,1754
213997869,dong-dao-cho-be-ong-giang-ong-giang-p213997869,https://tiki.vn/dong-dao-cho-be-ong-giang-ong-giang-p213997869.html,Đồng Dao Cho Bé - Ông Giẳng Ông Giăng,0.0,0,30000,30000,,1754
92995012,combo-4-tap-mai-am-chon-rung-sau-p92995012,https://tiki.vn/combo-4-tap-mai-am-chon-rung-sau-p92995012.html,Combo 4 Tập: Mái Ấm Chốn Rừng Sâu,5.0,1,190350,190350,3.0,1754
274459051,cuon-truyen-hay-danh-cho-thieu-nhi-chuyen-ke-tren-nhung-nhanh-cay-bia-cung-p274459051,https://tiki.vn/cuon-truyen-hay-danh-cho-thieu-nhi-chuyen-ke-tren-nhung-nhanh-cay-bia-cung-p274459051.html,Cuốn Truyện Hay Dành Cho Thiếu Nhi: Chuyện Kể Trên Những Nhành Cây - Bìa Cứng,0.0,0,225000,225000,,1754
185175671,tu-sach-vang-tac-pham-chon-loc-danh-cho-thieu-nhi-mot-tuoi-tho-van-p185175671,https://tiki.vn/tu-sach-vang-tac-pham-chon-loc-danh-cho-thieu-nhi-mot-tuoi-tho-van-p185175671.html,Tủ Sách Vàng - Tác Phẩm Chọn Lọc Dành Cho Thiếu Nhi: Một Tuổi Thơ Văn,0.0,0,60000,60000,,1754
278573577,tron-bo-4-cuon-sach-gau-pooh-xinh-xan-winnie-the-pooh-a-a-milne-ban-song-ngu-co-audio-giup-be-hoc-tieng-anh-p278573577,https://tiki.vn/tron-bo-4-cuon-sach-gau-pooh-xinh-xan-winnie-the-pooh-a-a-milne-ban-song-ngu-co-audio-giup-be-hoc-tieng-anh-p278573577.html,Trọn bộ 4 cuốn sách Gấu Pooh Xinh Xắn - Winnie The Pooh (A.A.Milne) bản Song ngữ có Audio giúp bé học tiếng Anh,0.0,0,352000,299200,1.0,1754
270824174,kim-dong-ngam-chuyen-xua-nay-p270824174,https://tiki.vn/kim-dong-ngam-chuyen-xua-nay-p270824174.html,Kim Đồng - Ngẫm chuyện xưa nay,0.0,0,100000,100000,,1754
271329429,dat-rung-phuong-nam-tai-ban-2020-p271329429,https://tiki.vn/dat-rung-phuong-nam-tai-ban-2020-p271329429.html,Đất Rừng Phương Nam (Tái Bản 2020),0.0,0,81000,81000,,1754
393789,sach-danh-nhan-the-gioi-helen-2014-p393789,https://tiki.vn/sach-danh-nhan-the-gioi-helen-2014-p393789.html,Sách Danh Nhân Thế Giới - Hêlen (2014),0.0,0,42000,42000,1.0,1754
568140,sach-goc-san-va-khoang-troi-con-buom-vang-p568140,https://tiki.vn/sach-goc-san-va-khoang-troi-con-buom-vang-p568140.html,Sách Góc Sân Và Khoảng Trời - Con Bướm Vàng,0.0,0,77072,77072,6.0,1754
476154,sach-kinh-van-hoa-phien-ban-18-tap-tap-9-p476154,https://tiki.vn/sach-kinh-van-hoa-phien-ban-18-tap-tap-9-p476154.html,Sách Kính Vạn Hoa (Phiên Bản 18 Tập) - Tập 9,5.0,6,96000,96000,126.0,1754
270447700,dai-bang-tai-sinh-_tha-p270447700,https://tiki.vn/dai-bang-tai-sinh-_tha-p270447700.html,	Đại Bàng Tái Sinh _THA,0.0,0,76638,76638,1.0,1754
169135645,dung-si-hesman-phien-ban-kho-to-tap-2-p169135645,https://tiki.vn/dung-si-hesman-phien-ban-kho-to-tap-2-p169135645.html,DŨNG SĨ HESMAN (phiên bản khổ to) TẬP 2,5.0,1,180000,180000,4.0,1754
272480193,cuoc-phieu-luu-cua-de-ut-phan-ket-p272480193,https://tiki.vn/cuoc-phieu-luu-cua-de-ut-phan-ket-p272480193.html,CUỘC PHIÊU LƯU CỦA DẾ ÚT (PHẦN KẾT),0.0,0,70000,70000,,1754
277778043,10-ten-minute-bedtime-stories-10-phut-doc-truyen-truoc-gio-di-ngu-truyen-phieu-luu-adventure-stories-song-ngu-viet-anh-tang-kem-file-nghe-audio-book-p277778043,https://tiki.vn/10-ten-minute-bedtime-stories-10-phut-doc-truyen-truoc-gio-di-ngu-truyen-phieu-luu-adventure-stories-song-ngu-viet-anh-tang-kem-file-nghe-audio-book-p277778043.html,"10 Ten-Minute Bedtime Stories - 10 phút đọc truyện trước giờ đi ngủ (Truyện phiêu lưu - Adventure Stories)  - Song ngữ Việt Anh, tặng kèm file nghe Audio book",0.0,0,109000,109000,2.0,1754
273845570,cau-nhoc-gat-gio-cuon-sach-van-hoc-thieu-nhi-hay-p273845570,https://tiki.vn/cau-nhoc-gat-gio-cuon-sach-van-hoc-thieu-nhi-hay-p273845570.html,Cậu Nhóc Gặt Gió- Cuốn Sách Văn Học Thiếu Nhi Hay,0.0,0,115250,115250,2.0,1754
278431322,kuroyanagi-tetsuko-totto-chan-co-be-ben-cua-so-an-ban-moi-co-bo-sung-tranh-mau-cua-iwasaki-chihiro-p278431322,https://tiki.vn/kuroyanagi-tetsuko-totto-chan-co-be-ben-cua-so-an-ban-moi-co-bo-sung-tranh-mau-cua-iwasaki-chihiro-p278431322.html,"Kuroyanagi Tetsuko - Totto-Chan cô bé bên cửa sổ (Ấn bản mới, có bổ sung tranh màu của Iwasaki Chihiro)",0.0,0,120000,120000,,1754
278670641,sach-winnie-the-pooh-gau-pooh-xinh-xan-mellow-days-of-pooh-s-childhood-tuoi-tho-diu-ngot-cua-gau-pooh-p278670641,https://tiki.vn/sach-winnie-the-pooh-gau-pooh-xinh-xan-mellow-days-of-pooh-s-childhood-tuoi-tho-diu-ngot-cua-gau-pooh-p278670641.html,Sách - Winnie-The-Pooh - Gấu Pooh Xinh Xắn - Mellow Days Of Pooh's Childhood - Tuổi Thơ Dịu Ngọt Của Gấu Pooh,0.0,0,88000,70400,5.0,1754
270880278,combo-2-cuon-van-hoc-thieu-nhi-dac-sac-xu-so-mien-man-lam-ban-voi-bau-troi-p270880278,https://tiki.vn/combo-2-cuon-van-hoc-thieu-nhi-dac-sac-xu-so-mien-man-lam-ban-voi-bau-troi-p270880278.html,Combo 2 Cuốn Văn Học Thiếu Nhi Đặc Sắc: Xứ Sở Miên Man + Làm Bạn Với Bầu Trời,0.0,0,291250,291250,2.0,1754
217577361,truyen-co-tich-the-gioi-song-ngu-hay-nhat-p217577361,https://tiki.vn/truyen-co-tich-the-gioi-song-ngu-hay-nhat-p217577361.html,Truyện Cổ Tích Thế Giới Song Ngữ Hay Nhất,0.0,0,80000,80000,,1754
279423934,sach-tu-sach-tuoi-than-tien-bi-mat-cua-la-do-p279423934,https://tiki.vn/sach-tu-sach-tuoi-than-tien-bi-mat-cua-la-do-p279423934.html,Sách - Tủ Sách Tuổi Thần Tiên - Bí Mật Của Lá Đỏ,0.0,0,35000,32500,,1754
273183910,tro-ve-tuoi-tho-tai-ban-2023-p273183910,https://tiki.vn/tro-ve-tuoi-tho-tai-ban-2023-p273183910.html,Trở Về Tuổi Thơ (Tái Bản 2023),0.0,0,55000,55000,,1754
50322195,song-ngu-viet-anh-diary-of-a-wimpy-kid-nhat-ky-chu-be-nhut-nhat-cuoc-gap-doi-double-down-p50322195,https://tiki.vn/song-ngu-viet-anh-diary-of-a-wimpy-kid-nhat-ky-chu-be-nhut-nhat-cuoc-gap-doi-double-down-p50322195.html,Song Ngữ Việt - Anh - Diary Of A Wimpy Kid - Nhật Ký Chú Bé Nhút Nhát: Cược Gấp Đôi - Double Down,5.0,29,96000,76800,240.0,1754
274198892,cong-chua-ao-den-va-ngay-hoi-cong-chua-anh-hung-tap-5-p274198892,https://tiki.vn/cong-chua-ao-den-va-ngay-hoi-cong-chua-anh-hung-tap-5-p274198892.html,Công Chúa Áo Đen Và Ngày Hội Công Chúa Anh Hùng - Tập 5,0.0,0,99000,99000,,1754
278714400,sach-10-ten-minutes-bedtime-stories-10-phut-doc-truyen-truoc-gio-di-ngu-animal-stories-truyen-loai-vat-song-ngu-viet-anh-p278714400,https://tiki.vn/sach-10-ten-minutes-bedtime-stories-10-phut-doc-truyen-truoc-gio-di-ngu-animal-stories-truyen-loai-vat-song-ngu-viet-anh-p278714400.html,Sách - 10 Ten-Minutes Bedtime Stories - 10 Phút Đọc Truyện Trước Giờ Đi Ngủ - Animal Stories - Truyện Loài Vật - Song Ngữ Việt-Anh,5.0,1,109000,87200,4.0,1754
99884107,ca-ro-nhay-mua-p99884107,https://tiki.vn/ca-ro-nhay-mua-p99884107.html,Cá Rô Nhảy Múa,5.0,3,32000,27200,26.0,1754
647516,sach-than-gui-so-thu-tai-ban-p647516,https://tiki.vn/sach-than-gui-so-thu-tai-ban-p647516.html,Sách Thân Gửi Sở Thú (Tái Bản),0.0,0,79000,79000,1.0,1754
188995435,sach-chika-yeu-dau-p188995435,https://tiki.vn/sach-chika-yeu-dau-p188995435.html,Sách - Chika Yêu Dấu,0.0,0,80000,80000,,1754
207626763,tren-mat-dat-qua-bau-troi-p207626763,https://tiki.vn/tren-mat-dat-qua-bau-troi-p207626763.html,"Trên Mặt Đất, Qua Bầu Trời",0.0,0,43000,43000,,1754
450685,sach-hen-voi-than-chet-p450685,https://tiki.vn/sach-hen-voi-than-chet-p450685.html,Sách Hẹn Với Thần Chết,0.0,0,110000,110000,,1754
128539849,khu-vuon-bi-mat-bia-mem-p128539849,https://tiki.vn/khu-vuon-bi-mat-bia-mem-p128539849.html,KHU VƯỜN BÍ MẬT (Bìa mềm),0.0,0,148000,148000,5.0,1754
205294053,danh-tac-the-gioi-anne-toc-do-duoi-chai-nha-xanh-p205294053,https://tiki.vn/danh-tac-the-gioi-anne-toc-do-duoi-chai-nha-xanh-p205294053.html,Danh tác thế giới - Anne tóc đỏ dưới chái nhà xanh,5.0,1,40000,40000,1.0,1754
205280383,timmy-failure-loi-lam-la-liet-p205280383,https://tiki.vn/timmy-failure-loi-lam-la-liet-p205280383.html,Timmy Failure - Lỗi Lầm La Liệt,0.0,0,115000,115000,,1754
273122194,sach-chu-be-mang-pyjama-soc-tb-2023-p273122194,https://tiki.vn/sach-chu-be-mang-pyjama-soc-tb-2023-p273122194.html,Sách Chú bé mang pyjama sọc (TB 2023),0.0,0,79000,79000,,1754
277034181,sach-dong-ho-nha-nam-hcm-p277034181,https://tiki.vn/sach-dong-ho-nha-nam-hcm-p277034181.html,Sách - Đồng hồ (Nhã Nam HCM),0.0,0,90000,77400,,1754
275973684,nhung-o-cua-gio-long-ban-quyen-p275973684,https://tiki.vn/nhung-o-cua-gio-long-ban-quyen-p275973684.html,Những Ô Cửa Gió Lộng - Bản Quyền,0.0,0,99000,99000,,1754
279425382,tu-sach-tuoi-than-tien-nhai-bau-vua-troi-vua-lon-nguyen-chi-ngoan-p279425382,https://tiki.vn/tu-sach-tuoi-than-tien-nhai-bau-vua-troi-vua-lon-nguyen-chi-ngoan-p279425382.html,Tủ Sách Tuổi Thần Tiên - Nhái Bầu Vừa Trôi Vừa Lớn - Nguyễn Chí Ngoan,0.0,0,45000,43000,1.0,1754
47278762,sach-duong-ve-nha-p47278762,https://tiki.vn/sach-duong-ve-nha-p47278762.html,Sách Đường Về Nhà,0.0,0,56000,56000,,1754
251549931,giac-mo-bay-p251549931,https://tiki.vn/giac-mo-bay-p251549931.html,Giấc Mơ Bay,5.0,1,79000,79000,6.0,1754
502219,sach-thoi-tho-au-cua-cac-tong-thong-my-p502219,https://tiki.vn/sach-thoi-tho-au-cua-cac-tong-thong-my-p502219.html,Sách Thời Thơ Ấu Của Các Tổng Thống Mỹ,0.0,0,50000,50000,3.0,1754
193413554,bo-5-tap-nhat-ky-chu-be-nhut-nhat-6-10-phien-ban-song-ngu-viet-anh-p193413554,https://tiki.vn/bo-5-tap-nhat-ky-chu-be-nhut-nhat-6-10-phien-ban-song-ngu-viet-anh-p193413554.html,"[Combo tập 6-10] Sách Song Ngữ: Nhật Ký Chú Bé Nhút Nhát - Diary Of A Wimpy Kid - Truyện song ngữ dành cho thiếu nhi có note từ vựng, tặng kèm file nghe - HG Books",4.5,2,480000,408000,29.0,1754
272321525,cuoc-phieu-luu-cua-de-ut-phan-ba-p272321525,https://tiki.vn/cuoc-phieu-luu-cua-de-ut-phan-ba-p272321525.html,Cuộc Phiêu Lưu Của Dế Út: Phần Ba,0.0,0,70000,70000,,1754
273664417,truyen-loai-vat-tb150-p273664417,https://tiki.vn/truyen-loai-vat-tb150-p273664417.html,Truyện Loài Vật TB150,0.0,0,120000,120000,,1754
260941677,chuyen-gia-dinh-march-nhung-chang-trai-nho-p260941677,https://tiki.vn/chuyen-gia-dinh-march-nhung-chang-trai-nho-p260941677.html,Chuyện Gia Đình March - Những Chàng Trai Nhỏ,0.0,0,95000,95000,2.0,1754
262017409,lang-on-ao-vui-oi-la-vui-p262017409,https://tiki.vn/lang-on-ao-vui-oi-la-vui-p262017409.html,Làng ồn ào vui ơi là vui,5.0,2,79000,71100,16.0,1754
139732012,tuoi-tho-du-doi-tap-1-p139732012,https://tiki.vn/tuoi-tho-du-doi-tap-1-p139732012.html,TUỔI THƠ DỮ DỘI - TẬP 1,0.0,0,80000,80000,1.0,1754
242101910,sach-chu-be-mang-pyjama-soc-tb-2023-p242101910,https://tiki.vn/sach-chu-be-mang-pyjama-soc-tb-2023-p242101910.html,Sách - Chú bé mang pyjama sọc (TB 2023) - Nhã nam,0.0,0,79000,79000,,1754
68570324,sach-hai-van-dam-duoi-day-bien-tai-ban-2020-p68570324,https://tiki.vn/sach-hai-van-dam-duoi-day-bien-tai-ban-2020-p68570324.html,Sách Hai Vạn Dặm Dưới Đáy Biển (Tái Bản 2020),0.0,0,182732,182732,2.0,1754
259310771,co-tich-viet-nam-chu-to-cho-be-tap-noi-tap-doc-cau-be-tich-chu-p259310771,https://tiki.vn/co-tich-viet-nam-chu-to-cho-be-tap-noi-tap-doc-cau-be-tich-chu-p259310771.html,"Cổ Tích Việt Nam Chữ To Cho Bé Tập Nói, Tập Đọc - Cậu Bé Tích Chu",0.0,0,20000,18000,1.0,1754
278153050,sach-tu-nhung-ruong-rau-o-nong-trai-cuc-cu-p278153050,https://tiki.vn/sach-tu-nhung-ruong-rau-o-nong-trai-cuc-cu-p278153050.html,Sách - Từ Những Ruộng Rau Ở Nông Trại Cúc Cu,0.0,0,199000,185000,6.0,1754
273670876,vuon-tho-cua-mot-dua-tre-bia-cung-p273670876,https://tiki.vn/vuon-tho-cua-mot-dua-tre-bia-cung-p273670876.html,Vườn Thơ Của Một Đứa Trẻ - Bìa Cứng,0.0,0,189000,175700,7.0,1754
279362155,johanna-spyri-heidi-p279362155,https://tiki.vn/johanna-spyri-heidi-p279362155.html,Johanna Spyri - Heidi,0.0,0,74000,74000,1.0,1754
278944176,truyen-dong-thoai-to-hoai-tai-ban-p278944176,https://tiki.vn/truyen-dong-thoai-to-hoai-tai-ban-p278944176.html,Truyện Đồng Thoại Tô Hoài (Tái Bản),0.0,0,110000,110000,,1754
258509045,nhat-ky-chu-be-nhut-nhat-tap-17-bim-toang-p258509045,https://tiki.vn/nhat-ky-chu-be-nhut-nhat-tap-17-bim-toang-p258509045.html,Nhật Ký Chú Bé Nhút Nhát - Tập 17: Bỉm Toang,5.0,4,55000,44000,77.0,1754
205417647,cuoc-phieu-luu-ki-dieu-cua-nils-tai-ban-p205417647,https://tiki.vn/cuoc-phieu-luu-ki-dieu-cua-nils-tai-ban-p205417647.html,Cuộc Phiêu Lưu Kì Diệu Của Nils (Tái Bản),0.0,0,180000,180000,1.0,1754
209349947,bo-sach-cua-david-walliams-combo-4-cuon-hgbooks-p209349947,https://tiki.vn/bo-sach-cua-david-walliams-combo-4-cuon-hgbooks-p209349947.html,Bộ sách của David Walliams [combo 4 cuốn] -HGBOOKS,0.0,0,410000,410000,,1754
144448946,sach-combo-truyen-co-andersen-toan-tap-02-tap-p144448946,https://tiki.vn/sach-combo-truyen-co-andersen-toan-tap-02-tap-p144448946.html,Sách - Combo Truyện cổ Andersen toàn tập (02 tập),5.0,1,430500,430500,4.0,1754
273903653,combo-2-cuon-sach-thieu-nhi-hay-chuyen-phieu-luu-ky-dieu-cua-edward-tulane-gau-pooh-xinh-xan-p273903653,https://tiki.vn/combo-2-cuon-sach-thieu-nhi-hay-chuyen-phieu-luu-ky-dieu-cua-edward-tulane-gau-pooh-xinh-xan-p273903653.html,Combo 2 Cuốn Sách Thiếu Nhi Hay- Chuyến Phiêu Lưu Kỳ Diệu Của Edward Tulane+Gấu Pooh Xinh Xắn,0.0,0,172850,172850,,1754
279144542,van-hoc-thieu-nhi-mat-tro-p279144542,https://tiki.vn/van-hoc-thieu-nhi-mat-tro-p279144542.html,Văn Học Thiếu Nhi - Mắt Trố,0.0,0,67000,67000,,1754
125508978,sach-kinh-van-hoa-loai-day-tap-4-p125508978,https://tiki.vn/sach-kinh-van-hoa-loai-day-tap-4-p125508978.html,SÁCH - Kính vạn hoa (loại dày) - Tập 4,5.0,1,135000,135000,9.0,1754
278697906,80-ngay-vong-quanh-the-gioi-tai-ban-2025-p278697906,https://tiki.vn/80-ngay-vong-quanh-the-gioi-tai-ban-2025-p278697906.html,80 Ngày Vòng Quanh Thế Giới (Tái Bản 2025),0.0,0,95000,95000,,1754
190630026,sach-van-hoc-thieu-nhi-combo-chuyen-cho-dom-luu-lac-va-con-thuyen-nho-ben-ben-song-chuyen-meo-mun-tim-me-va-nhung-anh-sao-p190630026,https://tiki.vn/sach-van-hoc-thieu-nhi-combo-chuyen-cho-dom-luu-lac-va-con-thuyen-nho-ben-ben-song-chuyen-meo-mun-tim-me-va-nhung-anh-sao-p190630026.html,SÁCH VĂN HỌC THIẾU NHI: COMBO CHUYỆN CHÓ ĐỐM LƯU LẠC VÀ CON THUYỀN NHỎ BÊN BẾN SÔNG + CHUYỆN MÈO MUN TÌM MẸ VÀ NHỮNG ÁNH SAO ,4.8,12,136000,95200,171.0,1754
278228699,nhung-cuoc-phieu-luu-cua-pinocchio-cau-chuyen-ve-mot-chu-roi-go-p278228699,https://tiki.vn/nhung-cuoc-phieu-luu-cua-pinocchio-cau-chuyen-ve-mot-chu-roi-go-p278228699.html,Những Cuộc Phiêu Lưu Của Pinocchio: Câu Chuyện Về Một Chú Rối Gỗ,0.0,0,133000,133000,,1754
113529112,sach-van-hoc-viet-nam-nhung-ngay-tho-au-p113529112,https://tiki.vn/sach-van-hoc-viet-nam-nhung-ngay-tho-au-p113529112.html,Sách - Những ngày thơ ấu,0.0,0,35000,35000,,1754
127031970,sach-di-choi-bo-ho-do-phan-p127031970,https://tiki.vn/sach-di-choi-bo-ho-do-phan-p127031970.html,Sách-Đi chơi bờ hồ (Đỗ Phấn),0.0,0,80000,80000,,1754
193137986,bo-sach-cua-luis-sepulveda-chuyen-con-meo-day-hai-au-bay-chuyen-con-cho-ten-la-trung-thanh-chuyen-con-meo-va-con-chuot-ban-than-cua-no-chuyen-con-oc-sen-muon-biet-tai-sao-no-cham-chap-p193137986,https://tiki.vn/bo-sach-cua-luis-sepulveda-chuyen-con-meo-day-hai-au-bay-chuyen-con-cho-ten-la-trung-thanh-chuyen-con-meo-va-con-chuot-ban-than-cua-no-chuyen-con-oc-sen-muon-biet-tai-sao-no-cham-chap-p193137986.html,"Bộ sách của Luis Sepúlveda (Chuyện con mèo dạy hải âu bay, Chuyện con chó tên là trung thành, Chuyện con mèo và con chuột bạn thân của nó, Chuyện con ốc sên muốn biết tại sao nó chậm chạp)",0.0,0,235000,235000,,1754
278963921,sach-boxset-kinh-van-hoa-bo-ki-niem-30-nam-tap-13-18-hop-6-tap-tang-kem-so-tay-kinh-van-hoa-p278963921,https://tiki.vn/sach-boxset-kinh-van-hoa-bo-ki-niem-30-nam-tap-13-18-hop-6-tap-tang-kem-so-tay-kinh-van-hoa-p278963921.html,Sách - Boxset Kính Vạn Hoa - Bộ Kỉ Niệm 30 Năm: Tập 13 - 18 (Hộp 6 Tập) - Tặng Kèm Sổ Tay Kính Vạn Hoa,0.0,0,240000,216000,3.0,1754
252000079,sach-combo-12-cuon-trai-cay-dai-chien-zombie-the-gioi-khung-long-hh-p252000079,https://tiki.vn/sach-combo-12-cuon-trai-cay-dai-chien-zombie-the-gioi-khung-long-hh-p252000079.html,Sách - Combo 12 cuốn Trái Cây Đại Chiến Zombie - Thế Giới Khủng Long (hh),0.0,0,961000,961000,4.0,1754
278880330,combo-5-cuon-dong-a-heroic-spirit-hao-khi-dong-a-ban-tieng-anh-p278880330,https://tiki.vn/combo-5-cuon-dong-a-heroic-spirit-hao-khi-dong-a-ban-tieng-anh-p278880330.html,Combo 5 cuốn Đông A Heroic Spirit - Hào khí Đông A (Bản tiếng Anh),0.0,0,125000,112500,,1754
386622,sach-mua-thu-cua-cay-duong-tai-ban-p386622,https://tiki.vn/sach-mua-thu-cua-cay-duong-tai-ban-p386622.html,Sách Mùa Thu Của Cây Dương (Tái Bản),0.0,0,62000,62000,,1754
275460517,bo-truyen-mot-dem-giong-bao-hai-huoc-va-cam-dong-ve-tinh-cam-ban-be-bo-3-cuon-p275460517,https://tiki.vn/bo-truyen-mot-dem-giong-bao-hai-huoc-va-cam-dong-ve-tinh-cam-ban-be-bo-3-cuon-p275460517.html,Bộ Truyện - Một Đêm Giông Bão (Hài Hước Và Cảm Động Về Tình Cảm Bạn Bè) - Bộ 3 Cuốn,5.0,2,90000,90000,22.0,1754
217577418,truyen-co-andersen-tai-ban-2022-p217577418,https://tiki.vn/truyen-co-andersen-tai-ban-2022-p217577418.html,Truyện Cổ Andersen (Tái Bản 2022),5.0,1,165000,153400,15.0,1754
271424276,dong-dao-co-tich-sach-song-ngu-thieu-nhi-p271424276,https://tiki.vn/dong-dao-co-tich-sach-song-ngu-thieu-nhi-p271424276.html,Đồng dao Cổ tích - Sách Song Ngữ Thiếu Nhi,5.0,2,268000,268000,9.0,1754
476172,sach-kinh-van-hoa-phien-ban-18-tap-tap-18-p476172,https://tiki.vn/sach-kinh-van-hoa-phien-ban-18-tap-tap-18-p476172.html,Sách Kính Vạn Hoa (Phiên Bản 18 Tập) - Tập 18,0.0,0,86000,86000,7.0,1754
279336035,sach-illustrated-special-editions-gio-dua-trong-lieu-bia-cung-p279336035,https://tiki.vn/sach-illustrated-special-editions-gio-dua-trong-lieu-bia-cung-p279336035.html,Sách - Illustrated Special Editions - Gió Đùa Trong Liễu - Bìa Cứng,0.0,0,199000,179100,,1754
278606656,sach-kien-va-chim-bo-cau-p278606656,https://tiki.vn/sach-kien-va-chim-bo-cau-p278606656.html,Sách - Kiến Và Chim Bồ Câu,5.0,1,139000,125100,29.0,1754
195814424,hoang-tu-be-p195814424,https://tiki.vn/hoang-tu-be-p195814424.html,Hoàng tử bé,0.0,0,74000,74000,3.0,1754
68332479,tuyen-tap-van-hoc-viet-cho-thieu-nhi-to-hoai-3-truyen-cac-guong-anh-hung-cach-mang-p68332479,https://tiki.vn/tuyen-tap-van-hoc-viet-cho-thieu-nhi-to-hoai-3-truyen-cac-guong-anh-hung-cach-mang-p68332479.html,Tuyển Tập Văn Học Viết Cho Thiếu Nhi - Tô Hoài - 3 - Truyện Các Gương Anh Hùng Cách Mạng,5.0,1,200000,200000,2.0,1754
153492533,hoang-tu-be-p153492533,https://tiki.vn/hoang-tu-be-p153492533.html,Hoàng tử bé,0.0,0,86000,86000,,1754
179206633,ngai-keo-p179206633,https://tiki.vn/ngai-keo-p179206633.html,Ngài Kẹo,0.0,0,60000,60000,15.0,1754
270824695,kim-dong-khuc-khai-hoan-dang-do-ki-niem-65-nam-nxb-kim-dong-p270824695,https://tiki.vn/kim-dong-khuc-khai-hoan-dang-do-ki-niem-65-nam-nxb-kim-dong-p270824695.html,Kim Đồng - Khúc khải hoàn dang dở (Kỉ niệm 65 năm NXB Kim Đồng),0.0,0,156000,156000,,1754
107485553,nhat-ky-chu-be-nhut-nhat-tap-3-giot-nuoc-tran-ly-p107485553,https://tiki.vn/nhat-ky-chu-be-nhut-nhat-tap-3-giot-nuoc-tran-ly-p107485553.html,Nhật Ký Chú Bé Nhút Nhát - Tập 3: Giọt Nước Tràn Ly,5.0,28,55000,46750,145.0,1754
278421225,boxset-16-cuon-sherlock-holmes-phien-ban-danh-cho-thieu-nhi-arthur-conan-doyle-nhan-dan-books-nxb-van-hoc-p278421225,https://tiki.vn/boxset-16-cuon-sherlock-holmes-phien-ban-danh-cho-thieu-nhi-arthur-conan-doyle-nhan-dan-books-nxb-van-hoc-p278421225.html,(Boxset 16 Cuốn) SHERLOCK HOLMES - Phiên Bản Dành Cho Thiếu Nhi - Arthur Conan Doyle - Nhân Dân Books - NXB Văn Học,0.0,0,760000,760000,2.0,1754
278378808,sach-kien-va-chim-bo-cau-p278378808,https://tiki.vn/sach-kien-va-chim-bo-cau-p278378808.html,SÁCH  KIẾN VÀ CHIM BỒ CÂU,3.7,3,120000,120000,23.0,1754
170345809,kinh-van-hoa-tap-1-tai-ban-2022-p170345809,https://tiki.vn/kinh-van-hoa-tap-1-tai-ban-2022-p170345809.html,Kính Vạn Hoa - Tập 1 (Tái Bản 2022),5.0,1,135000,135000,5.0,1754
105078425,sach-tren-doi-mo-mat-va-mo-phien-ban-minh-hoa-mau-tai-ban-2021-p105078425,https://tiki.vn/sach-tren-doi-mo-mat-va-mo-phien-ban-minh-hoa-mau-tai-ban-2021-p105078425.html,"Sách Trên Đồi, Mở Mắt Và Mơ (Phiên Bản Minh Họa Màu) (Tái Bản 2021)",0.0,0,78000,78000,2.0,1754
278809692,combo-truyen-pippi-tat-dai-4-cuon-nxb-kim-dong-p278809692,https://tiki.vn/combo-truyen-pippi-tat-dai-4-cuon-nxb-kim-dong-p278809692.html,Combo truyện Pippi tất dài (4 cuốn - NXB Kim Đồng),0.0,0,165000,165000,1.0,1754
274733829,sach-ngoi-nha-tren-pho-mango-sandra-cisneros-nha-nam-official-p274733829,https://tiki.vn/sach-ngoi-nha-tren-pho-mango-sandra-cisneros-nha-nam-official-p274733829.html,Sách - Ngôi nhà trên phố Ma.ngo (Sandra Cisneros) (Nhã Nam Official),0.0,0,98000,88200,,1754
274567389,sach-thieu-nhi-nha-co-mot-cau-con-trai-dang-lon-p274567389,https://tiki.vn/sach-thieu-nhi-nha-co-mot-cau-con-trai-dang-lon-p274567389.html,Sách Thiếu Nhi: Nhà Có Một Cậu Con Trai Đang Lớn,0.0,0,85000,85000,1.0,1754
135454293,tuyen-tap-van-hoc-viet-cho-thieu-nhi-to-hoai-3-truyen-cac-guong-anh-hung-cach-mang-p135454293,https://tiki.vn/tuyen-tap-van-hoc-viet-cho-thieu-nhi-to-hoai-3-truyen-cac-guong-anh-hung-cach-mang-p135454293.html,Tuyển Tập Văn Học Viết Cho Thiếu Nhi - Tô Hoài - 3 - Truyện Các Gương Anh Hùng Cách Mạng,0.0,0,200000,200000,,1754
586864,combo-ca-voi-dem-bao-va-cac-cau-chuyen-khac-tron-bo-4-cuon-p586864,https://tiki.vn/combo-ca-voi-dem-bao-va-cac-cau-chuyen-khac-tron-bo-4-cuon-p586864.html,Combo Cá Voi Đêm Bão Và Các Câu Chuyện Khác (Trọn Bộ 4 Cuốn),4.8,50,291250,291250,417.0,1754
278904643,sach-gia-dinh-meo-cam-bon-mua-yeu-thuong-bia-cung-p278904643,https://tiki.vn/sach-gia-dinh-meo-cam-bon-mua-yeu-thuong-bia-cung-p278904643.html,Sách - Gia Đình Mèo Cam - Bốn Mùa Yêu Thương - Bìa Cứng,0.0,0,148735,148735,6.0,1754
274867772,bo-sach-nhat-ky-chu-be-nhut-nhat-ban-song-ngu-18-cuon-bia-mem-p274867772,https://tiki.vn/bo-sach-nhat-ky-chu-be-nhut-nhat-ban-song-ngu-18-cuon-bia-mem-p274867772.html,Bộ Sách - Nhật Ký Chú Bé Nhút Nhát - Bản Song Ngữ (18 Cuốn) - Bìa mềm,0.0,0,1728000,1728000,,1754
262871208,tac-gia-kinh-dien-nhat-ban-truyen-hay-cho-tuoi-hoc-duong-tap-3-chen-uong-tra-cua-lanh-chua-p262871208,https://tiki.vn/tac-gia-kinh-dien-nhat-ban-truyen-hay-cho-tuoi-hoc-duong-tap-3-chen-uong-tra-cua-lanh-chua-p262871208.html,Tác Giả Kinh Điển Nhật Bản - Truyện Hay Cho Tuổi Học Đường - Tập 3: Chén Uống Trà Của Lãnh Chúa,0.0,0,60000,60000,1.0,1754
279298580,sach-100-cai-chan-nguyen-ngoc-thuan-p279298580,https://tiki.vn/sach-100-cai-chan-nguyen-ngoc-thuan-p279298580.html,Sách - 100 Cái Chân - Nguyễn Ngọc Thuần,0.0,0,125000,125000,,1754
277382693,tren-sa-mac-va-trong-rung-tham-henryk-sienkiewicz-p277382693,https://tiki.vn/tren-sa-mac-va-trong-rung-tham-henryk-sienkiewicz-p277382693.html,Trên Sa Mạc Và Trong Rừng Thẳm - Henryk Sienkiewicz,0.0,0,158000,158000,,1754
109692751,nhat-ky-cau-be-sieu-than-thien-song-ngu-viet-anh-tap-1-p109692751,https://tiki.vn/nhat-ky-cau-be-sieu-than-thien-song-ngu-viet-anh-tap-1-p109692751.html,Nhật ký cậu bé siêu thân thiện Song ngữ Việt-Anh Tập 1,5.0,1,96000,81600,20.0,1754
129278322,nhat-ky-chu-be-nhut-nhat-tap-16-trum-cuoi-phien-ban-tieng-viet-p129278322,https://tiki.vn/nhat-ky-chu-be-nhut-nhat-tap-16-trum-cuoi-phien-ban-tieng-viet-p129278322.html,Nhật Ký Chú Bé Nhút Nhát - Tập 16: Trùm cuối- Phiên bản Tiếng Việt,5.0,52,55000,46750,261.0,1754
272270493,sach-hoang-tu-be-the-little-prince-ndbooks-p272270493,https://tiki.vn/sach-hoang-tu-be-the-little-prince-ndbooks-p272270493.html,Sách - Hoàng Tử Bé - The Little Prince - ndbooks,0.0,0,159000,159000,1.0,1754
277874483,cuoc-phieu-luu-cua-qua-le-khong-lo-tang-kem-bookmark-cu-meo-so-tay-xuong-rong-p277874483,https://tiki.vn/cuoc-phieu-luu-cua-qua-le-khong-lo-tang-kem-bookmark-cu-meo-so-tay-xuong-rong-p277874483.html,Cuộc Phiêu Lưu Của Quả Lê Khổng Lồ (Tặng Kèm Bookmark CÚ MÈO + SỔ TAY XƯƠNG RỒNG),0.0,0,180000,180000,2.0,1754
335262,sach-dao-mong-mo-p335262,https://tiki.vn/sach-dao-mong-mo-p335262.html,Sách Đảo Mộng Mơ,1.0,1,75000,75000,3.0,1754
1315609,truyen-trang-quynh-trang-lon-tai-ban-lan-1-p1315609,https://tiki.vn/truyen-trang-quynh-trang-lon-tai-ban-lan-1-p1315609.html,Truyện Trạng Quỳnh Trạng Lợn (Tái Bản Lần 1),5.0,1,34997,34997,1.0,1754
270233829,bau-sua-huou-ngoc-giao-van-hoc-thieu-nhi-p270233829,https://tiki.vn/bau-sua-huou-ngoc-giao-van-hoc-thieu-nhi-p270233829.html,Bầu sữa hươu - Ngọc Giao - Văn học thiếu nhi,0.0,0,29000,29000,,1754
207217750,sach-nang-tien-ca-va-nhung-cau-chuyen-khac-bia-cung-co-tranh-pop-up-p207217750,https://tiki.vn/sach-nang-tien-ca-va-nhung-cau-chuyen-khac-bia-cung-co-tranh-pop-up-p207217750.html,"Sách Nàng tiên cá và những câu chuyện khác (Bìa cứng, có tranh Pop up)",0.0,0,500000,500000,,1754
261947325,the-gioi-la-de-kham-pha-tran-van-khoa-tran-khanh-uyen-p261947325,https://tiki.vn/the-gioi-la-de-kham-pha-tran-van-khoa-tran-khanh-uyen-p261947325.html,"Thế giới là để khám phá - Trần Văn Khoa, Trần Khánh Uyên",0.0,0,100000,100000,,1754
275896274,truyen-ngu-ngon-chu-to-cho-tre-tap-doc-p275896274,https://tiki.vn/truyen-ngu-ngon-chu-to-cho-tre-tap-doc-p275896274.html,Truyện Ngụ Ngôn Chữ To Cho Trẻ Tập Đọc,0.0,0,39000,39000,2.0,1754
274933820,sach-80-ngay-vong-quanh-the-gioi-bia-mem-p274933820,https://tiki.vn/sach-80-ngay-vong-quanh-the-gioi-bia-mem-p274933820.html,Sách - 80 Ngày vòng quanh thế giới ( bìa mềm ),0.0,0,90000,90000,,1754
68082445,dong-dao-truyen-cho-be-p68082445,https://tiki.vn/dong-dao-truyen-cho-be-p68082445.html,Đồng dao - Truyện cho bé,4.7,3,72000,64800,8.0,1754
278633412,sach-nhung-truyen-hay-viet-cho-thieu-nhi-phien-ban-sach-tranh-nhung-chiec-ao-am-p278633412,https://tiki.vn/sach-nhung-truyen-hay-viet-cho-thieu-nhi-phien-ban-sach-tranh-nhung-chiec-ao-am-p278633412.html,Sách - Những Truyện Hay Viết Cho Thiếu Nhi - Phiên Bản Sách Tranh - Những Chiếc Áo Ấm,0.0,0,40000,39200,,1754
279100065,truyen-ngu-ngon-p279100065,https://tiki.vn/truyen-ngu-ngon-p279100065.html,Truyện Ngụ Ngôn ,0.0,0,75000,56000,1.0,1754
278065431,phu-thuy-xu-oz-p278065431,https://tiki.vn/phu-thuy-xu-oz-p278065431.html,Phù thủy xứ Oz,0.0,0,76000,62000,,1754
580112,sach-harry-potter-va-hon-da-phu-thuy-tap-1-tai-ban-2017-p580112,https://tiki.vn/sach-harry-potter-va-hon-da-phu-thuy-tap-1-tai-ban-2017-p580112.html,Sách Harry Potter Và Hòn Đá Phù Thủy - Tập 1 (Tái Bản 2017),4.8,5,146250,146250,32.0,1754
263241668,van-hoc-thieu-nhi-co-tich-cua-ba-p263241668,https://tiki.vn/van-hoc-thieu-nhi-co-tich-cua-ba-p263241668.html,Văn Học Thiếu Nhi - Cổ Tích Của Ba ,0.0,0,60000,49800,7.0,1754
89689399,sach-kinh-van-hoa-tap-8-tai-ban-2021-p89689399,https://tiki.vn/sach-kinh-van-hoa-tap-8-tai-ban-2021-p89689399.html,Sách Kính Vạn Hoa - Tập 8 (Tái Bản 2021),0.0,0,135000,135000,,1754
55282144,nhoc-nicolas-nhung-chuyen-chua-ke-tap-1-p55282144,https://tiki.vn/nhoc-nicolas-nhung-chuyen-chua-ke-tap-1-p55282144.html,Nhóc Nicolas: Những Chuyện Chưa Kể - Tập 1,5.0,1,151350,151350,2.0,1754
262699418,sach-cau-be-dong-song-giai-thuong-carnegie-1997-p262699418,https://tiki.vn/sach-cau-be-dong-song-giai-thuong-carnegie-1997-p262699418.html,Sách - Cậu bé dòng sông (Giải thưởng Carnegie 1997),0.0,0,65000,65000,1.0,1754
598674,sach-vi-sinh-vat-vi-tinh-p598674,https://tiki.vn/sach-vi-sinh-vat-vi-tinh-p598674.html,Sách Vi Sinh Vật Vi Tính,0.0,0,55000,55000,1.0,1754
687486,sach-harry-potter-va-hoi-phuong-hoang-tap-5-tai-ban-2017-p687486,https://tiki.vn/sach-harry-potter-va-hoi-phuong-hoang-tap-5-tai-ban-2017-p687486.html,Sách Harry Potter Và Hội Phượng Hoàng - Tập 5 (Tái Bản 2017),5.0,1,346500,346500,5.0,1754
274526237,sach-rilla-duoi-mai-nha-ben-anh-lua-anne-toc-do-tap-8-nha-nam-official-p274526237,https://tiki.vn/sach-rilla-duoi-mai-nha-ben-anh-lua-anne-toc-do-tap-8-nha-nam-official-p274526237.html,Sách - Rilla dưới mái nhà Bên Ánh Lửa (Anne tóc đỏ - Tập 8) - Nhã Nam Official,0.0,0,200000,180000,5.0,1754
253111635,bo-sach-nhung-cau-chuyen-truyen-cam-hung-i-will-be-better-bo-8-cuon-p253111635,https://tiki.vn/bo-sach-nhung-cau-chuyen-truyen-cam-hung-i-will-be-better-bo-8-cuon-p253111635.html,Bộ Sách Những Câu Chuyện Truyền Cảm Hứng - I Will Be Better (Bộ 8 Cuốn),0.0,0,430350,430350,13.0,1754
78488882,combo-2-cuon-sach-ho-louis-sachar-ivan-co-mot-khong-hai-p78488882,https://tiki.vn/combo-2-cuon-sach-ho-louis-sachar-ivan-co-mot-khong-hai-p78488882.html,Combo 2 cuốn sách: Hố - Louis Sachar  + Ivan có một không hai,0.0,0,117500,117500,,1754
113526051,sach-nhung-truyen-ngan-hay-viet-cho-thieu-nhi-pham-ho-p113526051,https://tiki.vn/sach-nhung-truyen-ngan-hay-viet-cho-thieu-nhi-pham-ho-p113526051.html,Sách - Những truyện ngắn hay viết cho thiếu nhi - PHẠM HỔ,0.0,0,65000,65000,1.0,1754
414290,sach-roald-dahl-james-va-qua-dao-khong-lo-p414290,https://tiki.vn/sach-roald-dahl-james-va-qua-dao-khong-lo-p414290.html,Sách Roald Dahl - James Và Quả Đào Khổng Lồ,0.0,0,55000,55000,4.0,1754
274367733,sach-cuoc-tham-hiem-vao-long-dat-tai-ban-2h-books-p274367733,https://tiki.vn/sach-cuoc-tham-hiem-vao-long-dat-tai-ban-2h-books-p274367733.html,Sách - Cuộc thám hiểm vào lòng đất (tái bản) - 2H Books,0.0,0,98000,98000,,1754
274195779,mua-tieu-hoc-cuoi-cung-tai-ban-2023-p274195779,https://tiki.vn/mua-tieu-hoc-cuoi-cung-tai-ban-2023-p274195779.html,Mùa Tiểu Học Cuối Cùng (Tái Bản 2023),0.0,0,60000,60000,2.0,1754
278683116,sach-truyen-ke-ve-robin-hood-h-e-marshall-p278683116,https://tiki.vn/sach-truyen-ke-ve-robin-hood-h-e-marshall-p278683116.html,Sách Truyện kể về Robin Hood – H. E. Marshall,5.0,1,90000,90000,5.0,1754
108130768,sach-tren-doi-mo-mat-va-mo-phien-ban-minh-hoa-mau-tai-ban-2021-p108130768,https://tiki.vn/sach-tren-doi-mo-mat-va-mo-phien-ban-minh-hoa-mau-tai-ban-2021-p108130768.html,"Sách Trên Đồi, Mở Mắt Và Mơ (Phiên Bản Minh Họa Màu) (Tái Bản 2021)",0.0,0,78000,78000,3.0,1754
414288,sach-roald-dahl-danny-nha-vo-dich-the-gioi-p414288,https://tiki.vn/sach-roald-dahl-danny-nha-vo-dich-the-gioi-p414288.html,Sách Roald Dahl - Danny - Nhà Vô Địch Thế Giới,0.0,0,65000,65000,5.0,1754
154219229,nhung-chuyen-ke-cua-thorton-burgess-p154219229,https://tiki.vn/nhung-chuyen-ke-cua-thorton-burgess-p154219229.html,Những chuyện kể của THORTON BURGESS -,5.0,1,379000,379000,9.0,1754
279066176,sach-tet-truong-sa-que-em-p279066176,https://tiki.vn/sach-tet-truong-sa-que-em-p279066176.html,Sách - Tết Trường Sa Quê Em,0.0,0,129000,116100,6.0,1754
273421110,hoang-tu-be-cuon-sach-danh-cho-thieu-nhi-p273421110,https://tiki.vn/hoang-tu-be-cuon-sach-danh-cho-thieu-nhi-p273421110.html,Hoàng Tử Bé-Cuốn Sách Dành Cho Thiếu Nhi,0.0,0,71100,71100,4.0,1754
279274221,nhat-ky-chu-be-nhut-nhat-chua-te-tiec-tung-tap-20-p279274221,https://tiki.vn/nhat-ky-chu-be-nhut-nhat-chua-te-tiec-tung-tap-20-p279274221.html,Nhật ký chú bé nhút nhát - Chúa tể tiệc tùng (Tập 20),0.0,0,55000,55000,,1754
193736720,chuyen-gia-dinh-march-nhung-nguoi-vo-tot-tai-ban-2022-p193736720,https://tiki.vn/chuyen-gia-dinh-march-nhung-nguoi-vo-tot-tai-ban-2022-p193736720.html,Chuyện Gia Đình March - Những Người Vợ Tốt (Tái Bản 2022),0.0,0,100000,90000,7.0,1754
279423990,sach-hamlet-hedge-collection-of-animal-tales-p279423990,https://tiki.vn/sach-hamlet-hedge-collection-of-animal-tales-p279423990.html,Sách - Hamlet Hedge - Collection Of Animal Tales,0.0,0,125000,118700,,1754
278967211,sach-nhung-cau-chuyen-co-pho-broca-bia-cung-p278967211,https://tiki.vn/sach-nhung-cau-chuyen-co-pho-broca-bia-cung-p278967211.html,Sách - Những Câu Chuyện Cổ Phố Broca - Bìa Cứng,5.0,1,199000,185000,4.0,1754
197415499,kinh-van-hoa-bo-mong-18-tap-tap-9-p197415499,https://tiki.vn/kinh-van-hoa-bo-mong-18-tap-tap-9-p197415499.html,Kính vạn hoa - Bộ mỏng 18 tập - Tập 9,0.0,0,86000,86000,9.0,1754
262890891,co-tich-trang-non-su-tich-mua-xuan-p262890891,https://tiki.vn/co-tich-trang-non-su-tich-mua-xuan-p262890891.html,CỔ TÍCH TRĂNG NON - SỰ TÍCH MÙA XUÂN,0.0,0,16000,15040,15.0,1754
263564273,van-hoc-thieu-nhi-nao-cung-nhon-chan-p263564273,https://tiki.vn/van-hoc-thieu-nhi-nao-cung-nhon-chan-p263564273.html,Văn Học Thiếu Nhi - Nào Cùng Nhón Chân,0.0,0,75000,75000,,1754
68579483,sach-nhung-tuyet-pham-danh-cho-thieu-nhi-tai-ban-2020-p68579483,https://tiki.vn/sach-nhung-tuyet-pham-danh-cho-thieu-nhi-tai-ban-2020-p68579483.html,Sách Những Tuyệt Phẩm Dành Cho Thiếu Nhi (Tái Bản 2020),0.0,0,200000,200000,34.0,1754
191059828,thoi-tho-au-dai-lau-nguyen-nhat-anh-boxset-xanh-ngot-ngao-24-quyen-p191059828,https://tiki.vn/thoi-tho-au-dai-lau-nguyen-nhat-anh-boxset-xanh-ngot-ngao-24-quyen-p191059828.html,"Thời thơ ấu dài lâu - Nguyễn Nhật Ánh, Boxset xanh ngọt ngào (24 quyển)",0.0,0,2450000,2450000,,1754
133845975,ngoi-nha-nho-tren-thao-nguyen-tap-3-tren-thao-nguyen-p133845975,https://tiki.vn/ngoi-nha-nho-tren-thao-nguyen-tap-3-tren-thao-nguyen-p133845975.html,NGÔI NHÀ NHỎ TRÊN THẢO NGUYÊN - TẬP 3 - TRÊN THẢO NGUYÊN,5.0,1,70000,70000,3.0,1754
274526178,sach-ong-thoi-hoac-david-walliams-nha-nam-official-p274526178,https://tiki.vn/sach-ong-thoi-hoac-david-walliams-nha-nam-official-p274526178.html,Sách - Ông Thối Hoắc (David Walliams) - Nhã Nam Official,0.0,0,106000,95400,5.0,1754
337191,sach-toi-thay-hoa-vang-tren-co-xanh-nguyen-nhat-anh-p337191,https://tiki.vn/sach-toi-thay-hoa-vang-tren-co-xanh-nguyen-nhat-anh-p337191.html,Sách Tôi Thấy Hoa Vàng Trên Cỏ Xanh (Nguyễn Nhật Ánh),0.0,0,139650,139650,,1754
249032786,oliver-twist-p249032786,https://tiki.vn/oliver-twist-p249032786.html,Oliver Twist,0.0,0,160000,160000,,1754
84648182,combo-2-cuon-tu-anna-cho-nghe-tieng-hot-p84648182,https://tiki.vn/combo-2-cuon-tu-anna-cho-nghe-tieng-hot-p84648182.html,Combo 2 cuốn: Từ Anna + Chờ Nghe Tiếng Hót,0.0,0,185500,185500,,1754
197581604,kinh-van-hoa-bia-cung-ban-in-ki-niem-65-nam-nxb-kim-dong-tap-3-p197581604,https://tiki.vn/kinh-van-hoa-bia-cung-ban-in-ki-niem-65-nam-nxb-kim-dong-tap-3-p197581604.html,Kính vạn hoa - Bìa cứng - Bản in kỉ niệm 65 năm NXB Kim Đồng - Tập 3,0.0,0,300000,300000,2.0,1754
205696144,hoang-tu-be-bia-cung-p205696144,https://tiki.vn/hoang-tu-be-bia-cung-p205696144.html,Hoàng Tử Bé (Bìa cứng),0.0,0,99000,99000,1.0,1754
272164905,sach-chu-be-mang-pyjama-soc-nha-nam-official-p272164905,https://tiki.vn/sach-chu-be-mang-pyjama-soc-nha-nam-official-p272164905.html,Sách - Chú bé mang pyjama sọc - Nhã Nam Official,0.0,0,79000,79000,1.0,1754
270824168,kim-dong-a-lo-cau-day-a-ki-niem-65-nam-nxb-kim-dong-p270824168,https://tiki.vn/kim-dong-a-lo-cau-day-a-ki-niem-65-nam-nxb-kim-dong-p270824168.html,Kim Đồng - A lô!... Cậu đấy à? (Kỉ niệm 65 năm NXB Kim Đồng),0.0,0,185000,185000,,1754
277347156,sach-song-ngu-viet-anh-pinocchio-cau-be-nguoi-go-kem-audio-note-tu-vung-p277347156,https://tiki.vn/sach-song-ngu-viet-anh-pinocchio-cau-be-nguoi-go-kem-audio-note-tu-vung-p277347156.html,Sách song ngữ Việt Anh: Pinocchio - Cậu bé người gỗ (kèm audio + note từ vựng),0.0,0,89000,89000,,1754
193413151,bo-5-tap-nhat-ky-chu-be-nhut-nhat-tap-6-10-p193413151,https://tiki.vn/bo-5-tap-nhat-ky-chu-be-nhut-nhat-tap-6-10-p193413151.html,"[Bộ 5 tập 6-10] Nhật Ký Chú Bé Nhút Nhát bản Tiếng Việt - Diary Of A Wimpy Kid, Truyện tranh thiếu nhi bán chạy trên toàn thế giới",5.0,6,275000,233750,39.0,1754
139731021,combo-tuoi-tho-du-doi-tap-1-va-2-p139731021,https://tiki.vn/combo-tuoi-tho-du-doi-tap-1-va-2-p139731021.html,Combo Tuổi Thơ Dữ Dội - Tập 1 Và 2,0.0,0,160000,160000,,1754
107469099,nhat-ky-chu-be-nhut-nhat-song-ngu-viet-anh-tap-11-cuoc-gap-doi-p107469099,https://tiki.vn/nhat-ky-chu-be-nhut-nhat-song-ngu-viet-anh-tap-11-cuoc-gap-doi-p107469099.html,Nhật ký chú bé nhút nhát Song ngữ Việt-Anh Tập 11 Cược Gấp Đôi,5.0,9,96000,81600,70.0,1754
271913983,marco-polo-du-hanh-ve-phuong-dong-p271913983,https://tiki.vn/marco-polo-du-hanh-ve-phuong-dong-p271913983.html,Marco Polo du hành về phương Đông,0.0,0,155496,155496,,1754
277164663,sach-tet-oi-tet-a-ndbooks-p277164663,https://tiki.vn/sach-tet-oi-tet-a-ndbooks-p277164663.html,"Sách - Tết Ơi, Tết à! - ndbooks",0.0,0,75000,75000,3.0,1754
137432827,sach-tu-sach-van-hoc-trong-nha-truong-truong-gia-hoc-lam-sang-p137432827,https://tiki.vn/sach-tu-sach-van-hoc-trong-nha-truong-truong-gia-hoc-lam-sang-p137432827.html,Sách Tủ Sách Văn Học Trong Nhà Trường - Trưởng Giả Học Làm Sang,0.0,0,40000,40000,6.0,1754
419651,sach-tuoi-tho-du-doi-tap-1-tai-ban-2014-p419651,https://tiki.vn/sach-tuoi-tho-du-doi-tap-1-tai-ban-2014-p419651.html,Sách Tuổi Thơ Dữ Dội (Tập 1) - Tái Bản 2014,0.0,0,80000,80000,,1754
273645149,boxset-bo-ba-tac-pham-kinh-dien-danh-cho-thieu-nhi-bo-3-cuon-p273645149,https://tiki.vn/boxset-bo-ba-tac-pham-kinh-dien-danh-cho-thieu-nhi-bo-3-cuon-p273645149.html,Boxset Bộ Ba Tác Phẩm Kinh Điển Dành Cho Thiếu Nhi (Bộ 3 Cuốn),0.0,0,1500000,1500000,,1754
278153154,sach-the-gioi-tuyet-voi-cua-tom-gates-nhung-chuyen-kinh-ngac-p278153154,https://tiki.vn/sach-the-gioi-tuyet-voi-cua-tom-gates-nhung-chuyen-kinh-ngac-p278153154.html,Sách - Thế Giới Tuyệt Vời Của Tom Gates - Những Chuyện Kinh Ngạc,0.0,0,69000,55200,2.0,1754
274819188,con-duong-nhieu-dom-dom-bay-p274819188,https://tiki.vn/con-duong-nhieu-dom-dom-bay-p274819188.html,Con đường nhiều đom đóm bay,0.0,0,68000,68000,1.0,1754
278617196,sach-doi-mat-tre-tho-p278617196,https://tiki.vn/sach-doi-mat-tre-tho-p278617196.html,Sách - Đôi Mắt Trẻ Thơ,0.0,0,180000,158400,,1754
278153282,sach-bo-sach-hat-giong-tam-hon-danh-cho-thieu-nhi-bo-5-cuon-tai-ban-2025-p278153282,https://tiki.vn/sach-bo-sach-hat-giong-tam-hon-danh-cho-thieu-nhi-bo-5-cuon-tai-ban-2025-p278153282.html,Sách - Bộ Sách Hạt Giống Tâm Hồn Dành Cho Thiếu Nhi (Bộ 5 Cuốn) (Tái Bản 2025),0.0,0,280000,238000,5.0,1754
204000749,danh-tac-the-gioi-nhung-nguoi-khon-kho-p204000749,https://tiki.vn/danh-tac-the-gioi-nhung-nguoi-khon-kho-p204000749.html,Danh tác thế giới - Những người khốn khổ,0.0,0,40000,40000,4.0,1754
221277484,giai-nobel-van-chuong-nhung-cau-be-can-dam-the-patrick-modiano-lam-an-dich-nha-nam-nxb-ha-noi-bia-mem-p221277484,https://tiki.vn/giai-nobel-van-chuong-nhung-cau-be-can-dam-the-patrick-modiano-lam-an-dich-nha-nam-nxb-ha-noi-bia-mem-p221277484.html,(Giải Nobel văn chương) NHỮNG CẬU BÉ CAN ĐẢM THẾ – Patrick Modiano – Lâm An dịch – Nhã Nam – NXB Hà Nội (bìa mềm),0.0,0,99000,99000,1.0,1754
263563226,tac-gia-kinh-dien-nhat-ban_truyen-hay-cho-tuoi-hoc-duong_tap-3-chen-uong-tra-cua-lanh-chua-p263563226,https://tiki.vn/tac-gia-kinh-dien-nhat-ban_truyen-hay-cho-tuoi-hoc-duong_tap-3-chen-uong-tra-cua-lanh-chua-p263563226.html,Tác Giả Kinh Điển Nhật Bản_Truyện Hay Cho Tuổi Học Đường_Tập 3 - Chén Uống Trà Của Lãnh Chúa,0.0,0,60000,60000,,1754
279188250,am-thuc-viet-nam-qua-tranh-nhung-cong-thuc-va-giai-thoai-dac-sac-p279188250,https://tiki.vn/am-thuc-viet-nam-qua-tranh-nhung-cong-thuc-va-giai-thoai-dac-sac-p279188250.html,Ẩm Thực Việt Nam Qua Tranh - Những Công Thức Và Giai Thoại Đặc Sắc,0.0,0,160000,160000,1.0,1754
124163445,de-men-phieu-luu-ky-dau-dua-minh-hoa-an-ban-ki-niem-100-nam-to-hoai-p124163445,https://tiki.vn/de-men-phieu-luu-ky-dau-dua-minh-hoa-an-ban-ki-niem-100-nam-to-hoai-p124163445.html,Dế Mèn Phiêu Lưu Ký ( Đậu Đũa minh họa - Ấn Bản Kỉ Niệm 100 Năm Tô Hoài),0.0,0,225000,225000,2.0,1754
278713766,sach-banh-mi-kep-chuot-tai-ban-2024-p278713766,https://tiki.vn/sach-banh-mi-kep-chuot-tai-ban-2024-p278713766.html,Sách - Bánh Mì Kẹp Chuột (Tái Bản 2024),0.0,0,100000,90000,1.0,1754
428004,sach-ngu-ngon-kinh-dien-ech-ngoi-day-gieng-p428004,https://tiki.vn/sach-ngu-ngon-kinh-dien-ech-ngoi-day-gieng-p428004.html,Sách Ngụ Ngôn Kinh Điển - Ếch Ngồi Đáy Giếng,4.0,1,76000,51000,17.0,1754
274140953,co-may-ngay-xua-p274140953,https://tiki.vn/co-may-ngay-xua-p274140953.html,Cỏ May Ngày Xưa,0.0,0,40000,40000,,1754
195821399,banh-mi-kep-chuot-p195821399,https://tiki.vn/banh-mi-kep-chuot-p195821399.html,Bánh mì kẹp chuột,0.0,0,78000,78000,,1754
275627420,cuoc-phieu-luu-cua-thuyen-truong-sinbad-p275627420,https://tiki.vn/cuoc-phieu-luu-cua-thuyen-truong-sinbad-p275627420.html,Cuộc Phiêu Lưu Của Thuyền Trưởng Sinbad,0.0,0,150000,150000,11.0,1754
262792390,doi-mat-cua-rung-p262792390,https://tiki.vn/doi-mat-cua-rung-p262792390.html,Đôi Mắt Của Rừng,0.0,0,40000,40000,,1754
270824187,kim-dong-sep-pho-p270824187,https://tiki.vn/kim-dong-sep-pho-p270824187.html,Kim Đồng - Sếp phó,0.0,0,35000,35000,,1754
274992296,o-ma-lai-lu-tre-trong-rung-p274992296,https://tiki.vn/o-ma-lai-lu-tre-trong-rung-p274992296.html,Ó ma lai - lũ trẻ trong rừng,0.0,0,66000,66000,,1754
247980944,sach-hanh-trinh-dong-a-p247980944,https://tiki.vn/sach-hanh-trinh-dong-a-p247980944.html,Sách - Hành trình Đông A,0.0,0,185000,185000,,1754
410026,sach-mot-cau-tho-nghich-ngom-kinh-khung-p410026,https://tiki.vn/sach-mot-cau-tho-nghich-ngom-kinh-khung-p410026.html,Sách Một Cậu Thỏ Nghịch Ngợm Kinh Khủng,0.0,0,205000,205000,,1754
278610541,sach-tuoi-tho-lam-chuyen-buon-cuoi-p278610541,https://tiki.vn/sach-tuoi-tho-lam-chuyen-buon-cuoi-p278610541.html,Sách Tuổi thơ lắm chuyện buồn cười,0.0,0,499000,499000,,1754
590782,sach-hay-yeu-con-theo-cach-nay-me-nhe-p590782,https://tiki.vn/sach-hay-yeu-con-theo-cach-nay-me-nhe-p590782.html,Sách Hãy Yêu Con Theo Cách Này Mẹ Nhé,0.0,0,42000,42000,1.0,1754
428003,sach-ngu-ngon-kinh-dien-te-nuoc-theo-mua-p428003,https://tiki.vn/sach-ngu-ngon-kinh-dien-te-nuoc-theo-mua-p428003.html,Sách Ngụ Ngôn Kinh Điển - Té Nước Theo Mưa,5.0,1,76000,38000,18.0,1754
137440525,sach-hon-truong-ba-da-hang-thit-toi-va-chung-ta-p137440525,https://tiki.vn/sach-hon-truong-ba-da-hang-thit-toi-va-chung-ta-p137440525.html,Sách Hồn Trương Ba Da Hàng Thịt - Tôi Và Chúng Ta,0.0,0,60000,60000,,1754
275948995,sach-alice-o-xu-so-trong-guong-sach-song-ngu-kinh-dien-truyen-song-ngu-thieu-nhi-tang-file-nghe-note-tu-vu-ng-p275948995,https://tiki.vn/sach-alice-o-xu-so-trong-guong-sach-song-ngu-kinh-dien-truyen-song-ngu-thieu-nhi-tang-file-nghe-note-tu-vu-ng-p275948995.html,"Sách Alice Ở Xứ Sở Trong Gương - Sách song ngữ kinh điển, truyện song ngữ thiếu nhi tặng file nghe & note từ vựng",0.0,0,69000,58650,1.0,1754
278728939,nhat-ky-chu-be-nhut-nhat-tap-20-song-ngu-tieng-viet-diary-of-a-wimpy-kid-partypooper-chua-te-tiec-tung-tang-file-nghe-note-tu-vung-p278728939,https://tiki.vn/nhat-ky-chu-be-nhut-nhat-tap-20-song-ngu-tieng-viet-diary-of-a-wimpy-kid-partypooper-chua-te-tiec-tung-tang-file-nghe-note-tu-vung-p278728939.html,"Nhật ký chú bé nhút nhát Tập 20 Song ngữ & Tiếng Việt - Diary of a Wimpy Kid: Partypooper - Chúa Tể Tiệc Tùng, tặng file nghe & note từ vựng",0.0,0,55000,46750,6.0,1754
262870699,combo-4-quyen-chuyen-bi-an-thuong-ngay-nhung-cau-chuyen-ky-la-nhat-nhung-cau-chuyen-hai-huoc-nhat-nhung-cau-chuyen-hoi-hop-nhat-nhung-cau-chuyen-ngoan-muc-nhat-nxb-kim-dong-bia-mem-p262870699,https://tiki.vn/combo-4-quyen-chuyen-bi-an-thuong-ngay-nhung-cau-chuyen-ky-la-nhat-nhung-cau-chuyen-hai-huoc-nhat-nhung-cau-chuyen-hoi-hop-nhat-nhung-cau-chuyen-ngoan-muc-nhat-nxb-kim-dong-bia-mem-p262870699.html,(Combo 4 quyển) CHUYỆN BÍ ẨN THƯỜNG NGÀY: Những Câu Chuyện Kỳ Lạ Nhất - Những Câu Chuyện Hài Hước Nhất- Những Câu Chuyện Hồi Hộp Nhất - Những Câu Chuyện Ngoạn Mục Nhất - Nxb Kim Đồng – bìa mềm ,0.0,0,405000,405000,1.0,1754
210163927,phien-ban-ke-lai-day-loi-cuon-cua-tac-pham-van-hoc-kinh-dien-gio-qua-rang-lieu_tv-p210163927,https://tiki.vn/phien-ban-ke-lai-day-loi-cuon-cua-tac-pham-van-hoc-kinh-dien-gio-qua-rang-lieu_tv-p210163927.html,Phiên Bản Kể Lại Đầy Lôi Cuốn Của Tác Phẩm Văn Học Kinh Điển - Gió Qua Rặng Liễu_TV,0.0,0,45000,45000,4.0,1754
447630,sach-phu-thuy-peter-p447630,https://tiki.vn/sach-phu-thuy-peter-p447630.html,Sách Phù Thủy Peter,0.0,0,59000,59000,,1754
412500,sach-ngay-ha-chi-nguy-hiem-p412500,https://tiki.vn/sach-ngay-ha-chi-nguy-hiem-p412500.html,Sách Ngày Hạ Chí Nguy Hiểm,5.0,1,52000,52000,3.0,1754
453383,sach-nhat-ky-chu-be-nhut-nhat-tap-7-ky-da-can-mui-phien-ban-tieng-viet-p453383,https://tiki.vn/sach-nhat-ky-chu-be-nhut-nhat-tap-7-ky-da-can-mui-phien-ban-tieng-viet-p453383.html,Sách Nhật Ký Chú Bé Nhút Nhát (Tập 7) - Kỳ Đà Cản Mũi - phiên bản Tiếng Việt,4.3,3,55000,55000,49.0,1754
270300709,nhoc-ti-ty-phu-p270300709,https://tiki.vn/nhoc-ti-ty-phu-p270300709.html,Nhóc Tì Tỷ Phú,0.0,0,109000,109000,,1754
274444085,cuon-sach-dau-tien-cua-to-truyen-co-andersen-ban-quyen-p274444085,https://tiki.vn/cuon-sach-dau-tien-cua-to-truyen-co-andersen-ban-quyen-p274444085.html,Cuốn Sách Đầu Tiên Của Tớ: Truyện Cổ Andersen - Bản Quyền,0.0,0,125000,125000,,1754
137385181,sach-tuyen-tap-van-hoc-viet-cho-thieu-nhi-to-hoai-tap-2-truyen-sinh-hoat-p137385181,https://tiki.vn/sach-tuyen-tap-van-hoc-viet-cho-thieu-nhi-to-hoai-tap-2-truyen-sinh-hoat-p137385181.html,Sách Tuyển Tập Văn Học Viết Cho Thiếu Nhi - Tô Hoài - Tập 2: Truyện Sinh Hoạt,0.0,0,280000,280000,,1754
260941679,chuyen-gia-dinh-march-cac-cau-be-cua-jo-p260941679,https://tiki.vn/chuyen-gia-dinh-march-cac-cau-be-cua-jo-p260941679.html,Chuyện Gia Đình March - Các Cậu Bé Của Jo,5.0,1,86000,86000,5.0,1754
528484,sach-happy-reader-hoang-tu-be-kem-2-cd-p528484,https://tiki.vn/sach-happy-reader-hoang-tu-be-kem-2-cd-p528484.html,Sách Happy Reader - Hoàng Tử Bé (Kèm 2 CD),0.0,0,78000,78000,,1754
146939911,rom-ra-lam-lem-truyen-dai-thieu-nhi-do-tuoi-6-den-15-p146939911,https://tiki.vn/rom-ra-lam-lem-truyen-dai-thieu-nhi-do-tuoi-6-den-15-p146939911.html,Rơm Rạ Lấm Lem - Truyện Dài Thiếu Nhi Độ Tuổi 6 Đến 15,0.0,0,75000,75000,,1754
353098,sach-happy-reader-cau-be-rung-xanh-kem-1cd-p353098,https://tiki.vn/sach-happy-reader-cau-be-rung-xanh-kem-1cd-p353098.html,Sách Happy Reader - Cậu Bé Rừng Xanh (Kèm 1CD),0.0,0,65000,65000,,1754
194406017,bia-cung-co-ao-combo-2-cuon-evie-va-biet-tai-bi-mat-va-evie-va-chuyen-phieu-luu-o-rung-nhiet-doi-matt-haig-thaihabooks-p194406017,https://tiki.vn/bia-cung-co-ao-combo-2-cuon-evie-va-biet-tai-bi-mat-va-evie-va-chuyen-phieu-luu-o-rung-nhiet-doi-matt-haig-thaihabooks-p194406017.html,[bìa cứng có áo] (Combo 2 cuốn)  EVIE VÀ BIỆT TÀI BÍ MẬT và EVIE VÀ CHUYẾN PHIÊU LƯU Ở RỪNG NHIỆT ĐỚI - Matt Haig - Thaihabooks,0.0,0,228000,228000,3.0,1754
251980555,nguoi-trong-rung-p251980555,https://tiki.vn/nguoi-trong-rung-p251980555.html,\Người Trồng Rừng,0.0,0,115000,115000,,1754
242101918,sach-bo-xau-bo-tot-p242101918,https://tiki.vn/sach-bo-xau-bo-tot-p242101918.html,Sách - Bố Xấu Bố Tốt - Nhã nam,0.0,0,122000,122000,,1754
177286692,ve-nha-a-dog-s-way-home-p177286692,https://tiki.vn/ve-nha-a-dog-s-way-home-p177286692.html,Về Nhà - A Dog's Way Home,0.0,0,155000,155000,,1754
137440138,sach-doi-thieu-nien-du-kich-thanh-hue-p137440138,https://tiki.vn/sach-doi-thieu-nien-du-kich-thanh-hue-p137440138.html,Sách Đội Thiếu Niên Du Kích Thành Huế,0.0,0,50000,50000,,1754
277873973,lau-dai-than-bi-tang-kem-bookmark-cu-meo-so-tay-xuong-rong-p277873973,https://tiki.vn/lau-dai-than-bi-tang-kem-bookmark-cu-meo-so-tay-xuong-rong-p277873973.html,Lâu đài thần bí (Tặng Kèm Bookmark CÚ MÈO + SỔ TAY XƯƠNG RỒNG),0.0,0,90000,90000,,1754
279395539,sach-gieo-mam-yeu-thuong-nick-butterworth-p279395539,https://tiki.vn/sach-gieo-mam-yeu-thuong-nick-butterworth-p279395539.html,Sách - Gieo Mầm Yêu Thương - Nick Butterworth,0.0,0,55000,55000,10.0,1754
261803551,con-nit-con-noi-kiddie-kiddo-tho-thieu-nhi-song-ngu-viet-anh-tai-ban-p261803551,https://tiki.vn/con-nit-con-noi-kiddie-kiddo-tho-thieu-nhi-song-ngu-viet-anh-tai-ban-p261803551.html,Con Nít Con Nôi (Kiddie Kiddo) - Thơ Thiếu Nhi Song Ngữ Việt Anh (Tái bản),5.0,1,78000,78000,27.0,1754
278058721,tho-con-nit-con-noi-kiddie-kiddo-p278058721,https://tiki.vn/tho-con-nit-con-noi-kiddie-kiddo-p278058721.html,Thơ Con Nít Con Nôi - Kiddie Kiddo,5.0,1,78000,78000,5.0,1754
263089153,tho-thuy-anh-me-ho-diu-dang-p263089153,https://tiki.vn/tho-thuy-anh-me-ho-diu-dang-p263089153.html,Thơ Thụy Anh - Mẹ Hổ dịu dàng,0.0,0,51900,51900,,1754
249219616,chu-heo-giang-sinh-p249219616,https://tiki.vn/chu-heo-giang-sinh-p249219616.html,Chú heo Giáng Sinh,0.0,0,150000,150000,,1754
136482336,sach-charlie-va-nha-may-socola-p136482336,https://tiki.vn/sach-charlie-va-nha-may-socola-p136482336.html,Sách Charlie Và Nhà Máy Sôcôla,0.0,0,60000,60000,4.0,1754
393790,sach-danh-nhan-the-gioi-edixon-2014-p393790,https://tiki.vn/sach-danh-nhan-the-gioi-edixon-2014-p393790.html,Sách Danh Nhân Thế Giới - Êđixơn (2014),0.0,0,42000,42000,,1754
215914565,cuoc-tham-hiem-vao-long-dat-tai-ban-p215914565,https://tiki.vn/cuoc-tham-hiem-vao-long-dat-tai-ban-p215914565.html,Cuộc Thám Hiểm Vào Lòng Đất (Tái Bản),0.0,0,98000,98000,,1754
277989120,the-gioi-tuyet-voi-cua-tom-gates-the-brilliant-world-of-tom-gates-song-ngu-anh-viet-p277989120,https://tiki.vn/the-gioi-tuyet-voi-cua-tom-gates-the-brilliant-world-of-tom-gates-song-ngu-anh-viet-p277989120.html,Thế giới tuyệt vời của Tom Gates - The Brilliant world of Tom Gates (Song ngữ Anh - Việt),0.0,0,99000,99000,3.0,1754
444698,sach-canh-buom-do-tham-p444698,https://tiki.vn/sach-canh-buom-do-tham-p444698.html,Sách Cánh Buồm Đỏ Thắm,5.0,6,36000,36000,59.0,1754
277989129,the-gioi-tuyet-voi-cua-tom-gates-p277989129,https://tiki.vn/the-gioi-tuyet-voi-cua-tom-gates-p277989129.html,Thế giới tuyệt vời của Tom Gates,0.0,0,69000,69000,,1754
350845,happy-reader-truyen-ngan-hay-nhat-cua-o-henry-kem-1-cd-p350845,https://tiki.vn/happy-reader-truyen-ngan-hay-nhat-cua-o-henry-kem-1-cd-p350845.html,Happy Reader - Truyện Ngắn Hay Nhất Của O. Henry (Kèm 1 CD),0.0,0,68000,68000,,1754
274028632,lu-tre-duong-tau-sach-dinh-ti-p274028632,https://tiki.vn/lu-tre-duong-tau-sach-dinh-ti-p274028632.html,Lũ Trẻ Đường Tàu (Sách Đinh Tị),0.0,0,109000,109000,3.0,1754
142419168,phu-thuy-xu-oz-phien-ban-minh-hoa-mau-p142419168,https://tiki.vn/phu-thuy-xu-oz-phien-ban-minh-hoa-mau-p142419168.html,Phù Thủy Xứ OZ (Phiên bản Minh họa màu),0.0,0,119000,119000,4.0,1754
270824442,kim-dong-truyen-tay-bac-p270824442,https://tiki.vn/kim-dong-truyen-tay-bac-p270824442.html,Kim Đồng - Truyện Tây Bắc,0.0,0,50000,50000,3.0,1754
273448786,boxset-ba-tac-pham-kinh-dien-danh-cho-thieu-nhi-tu-minalima-p273448786,https://tiki.vn/boxset-ba-tac-pham-kinh-dien-danh-cho-thieu-nhi-tu-minalima-p273448786.html,Boxset ba tác phẩm kinh điển dành cho thiếu nhi từ MinaLima,0.0,0,1500000,1500000,,1754
414945,nhung-truyen-hay-viet-cho-thieu-nhi-tran-hoai-duong-tai-ban-p414945,https://tiki.vn/nhung-truyen-hay-viet-cho-thieu-nhi-tran-hoai-duong-tai-ban-p414945.html,Những Truyện Hay Viết Cho Thiếu Nhi - Trần Hoài Dương (Tái Bản),0.0,0,52000,52000,1.0,1754
275833825,tham-tu-hai-da-tau-la-chuoi-va-thang-gion-nguyen-quang-lap-nxb-kim-dong-p275833825,https://tiki.vn/tham-tu-hai-da-tau-la-chuoi-va-thang-gion-nguyen-quang-lap-nxb-kim-dong-p275833825.html,"THÁM TỬ HAI DA, TÀU LÁ CHUỐI VÀ THẰNG GIÔN – Nguyễn Quang Lập - NXB Kim Đồng",0.0,0,65000,65000,,1754
273530633,ong-bo-chan-dai-jean-webster-p273530633,https://tiki.vn/ong-bo-chan-dai-jean-webster-p273530633.html,Ông Bố Chân Dài - Jean Webster,4.5,2,95000,95000,14.0,1754
571674,sach-nhung-thoi-quen-vang-biet-noi-loi-xin-loi-khong-phai-tai-con-p571674,https://tiki.vn/sach-nhung-thoi-quen-vang-biet-noi-loi-xin-loi-khong-phai-tai-con-p571674.html,Sách Những Thói Quen Vàng - Biết Nói Lời Xin Lỗi: Không Phải Tại Con!,5.0,1,69000,58600,1.0,1754
546654,sach-nhat-ki-dau-doi-cua-hoang-tu-be-p546654,https://tiki.vn/sach-nhat-ki-dau-doi-cua-hoang-tu-be-p546654.html,Sách Nhật Kí Đầu Đời Của Hoàng Tử Bé,0.0,0,160000,160000,,1754
476162,sach-kinh-van-hoa-phien-ban-18-tap-tap-14-p476162,https://tiki.vn/sach-kinh-van-hoa-phien-ban-18-tap-tap-14-p476162.html,Sách Kính Vạn Hoa (Phiên Bản 18 Tập) - Tập 14,5.0,1,96000,96000,113.0,1754
279131645,sach-truyen-ke-giang-sinh-chu-linh-chi-dung-cam-the-steadfast-tin-soldier-p279131645,https://tiki.vn/sach-truyen-ke-giang-sinh-chu-linh-chi-dung-cam-the-steadfast-tin-soldier-p279131645.html,Sách - Truyện Kể Giáng Sinh - Chú Lính Chì Dũng Cảm - The Steadfast Tin Soldier,0.0,0,25000,23200,,1754
279149638,sach-tu-sach-tuoi-than-tien-su-ki-dieu-cua-dau-nhan-p279149638,https://tiki.vn/sach-tu-sach-tuoi-than-tien-su-ki-dieu-cua-dau-nhan-p279149638.html,Sách - Tủ Sách Tuổi Thần Tiên - Sự Kì Diệu Của Dấu Nhân,0.0,0,45000,40500,,1754
278633427,sach-bay-chu-ech-con-tap-5-loi-cam-on-p278633427,https://tiki.vn/sach-bay-chu-ech-con-tap-5-loi-cam-on-p278633427.html,Sách - Bảy Chú Ếch Con - Tập 5 - Lời Cảm Ơn,0.0,0,40000,39200,,1754
278296058,sach-heidi-bia-mem-p278296058,https://tiki.vn/sach-heidi-bia-mem-p278296058.html,Sách HEIDI (bìa mềm),0.0,0,85000,85000,,1754
194405619,bia-cung-co-ao-evie-va-chuyen-phieu-luu-o-rung-nhiet-doi-matt-haig-thaihabooks-p194405619,https://tiki.vn/bia-cung-co-ao-evie-va-chuyen-phieu-luu-o-rung-nhiet-doi-matt-haig-thaihabooks-p194405619.html,(Bìa cứng có áo) EVIE VÀ CHUYẾN PHIÊU LƯU Ở RỪNG NHIỆT ĐỚI - Matt Haig - Thaihabooks,5.0,1,80000,80000,7.0,1754
271820108,nhung-cuoc-phieu-luu-cua-pinocchio-song-ngu-viet-anh-p271820108,https://tiki.vn/nhung-cuoc-phieu-luu-cua-pinocchio-song-ngu-viet-anh-p271820108.html,Những Cuộc Phiêu Lưu Của Pinocchio - Song Ngữ Việt-Anh ,0.0,0,89000,89000,1.0,1754
276951195,nanh-trang-white-fang-song-ngu-anh-viet-ta-ng-kem-file-nghe-note-tu-vung-p276951195,https://tiki.vn/nanh-trang-white-fang-song-ngu-anh-viet-ta-ng-kem-file-nghe-note-tu-vung-p276951195.html,"Nanh trắng (White Fang) - Song ngữ Anh Việt, tặng kèm file nghe & note từ vựng",0.0,0,89000,89000,,1754
278881157,cau-be-o-hang-va-hoa-hoc-tro-nguyen-nhu-mai-nxb-kim-dong-p278881157,https://tiki.vn/cau-be-o-hang-va-hoa-hoc-tro-nguyen-nhu-mai-nxb-kim-dong-p278881157.html, CẬU BÉ Ở HANG VÀ HOA HỌC TRÒ  - Nguyễn Như Mai – NXB Kim Đồng,0.0,0,60000,60000,,1754
277867853,hoang-tu-be-tai-ban-moi-nhat-ban-dich-cua-chau-dien-p277867853,https://tiki.vn/hoang-tu-be-tai-ban-moi-nhat-ban-dich-cua-chau-dien-p277867853.html,Hoàng tử bé - Tái bản mới nhất (Bản dịch của Châu Diên),0.0,0,68000,68000,,1754
272406512,cau-nhoc-gat-gio-p272406512,https://tiki.vn/cau-nhoc-gat-gio-p272406512.html,CẬU NHÓC GẶT GIÓ,0.0,0,115188,115188,,1754
272441865,phu-thuy-xu-oz-p272441865,https://tiki.vn/phu-thuy-xu-oz-p272441865.html,PHÙ THUỶ XỨ OZ,0.0,0,86000,86000,1.0,1754
43016501,sach-80-ngay-vong-quanh-the-gioi-tai-ban-2019-p43016501,https://tiki.vn/sach-80-ngay-vong-quanh-the-gioi-tai-ban-2019-p43016501.html,Sách 80 Ngày Vòng Quanh Thế Giới (Tái Bản 2019),5.0,1,90000,90000,12.0,1754
69322393,ca-dao-cho-be-tap-noi-va-tap-doc-p69322393,https://tiki.vn/ca-dao-cho-be-tap-noi-va-tap-doc-p69322393.html,Ca Dao Cho Bé Tập Nói Và Tập Đọc,5.0,2,72000,64800,15.0,1754
195926983,bo-sach-ke-chuyen-cuoc-doi-cac-thien-tai-bo-12-cuon-alexander-popov-anton-chekhov-elbert-einstein-thomas-edison-andersen-leonardo-da-vinci-marie-curie-lev-tolstoy-isaac-newton-alfred-nobel-beethoven-victor-hugo-p195926983,https://tiki.vn/bo-sach-ke-chuyen-cuoc-doi-cac-thien-tai-bo-12-cuon-alexander-popov-anton-chekhov-elbert-einstein-thomas-edison-andersen-leonardo-da-vinci-marie-curie-lev-tolstoy-isaac-newton-alfred-nobel-beethoven-victor-hugo-p195926983.html,Bộ Sách Kể Chuyện Cuộc Đời Các Thiên Tài (Bộ 12 Cuốn) - Alexander Popov - Anton Chekhov - Elbert Einstein - Thomas Edison - Andersen - Leonardo Da Vinci - Marie Curie - Lev Tolstoy - Isaac Newton - Alfred Nobel - Beethoven - Victor Hugo,5.0,1,758000,758000,2.0,1754
276951127,alice-o-xu-so-trong-guong-alice-through-the-looking-glass-song-ngu-anh-viet-ta-ng-kem-file-nghe-note-tu-vung-p276951127,https://tiki.vn/alice-o-xu-so-trong-guong-alice-through-the-looking-glass-song-ngu-anh-viet-ta-ng-kem-file-nghe-note-tu-vung-p276951127.html,"Alice ở xứ sở trong gương (Alice Through The Looking Glass) - Song ngữ Anh Việt, tặng kèm file nghe & note từ vựng",5.0,1,69000,69000,2.0,1754
183513187,combo-2-truyen-cuc-hay-cho-be-nhat-ky-meo-moc-totto-chan-ben-cua-so-tang-bookmark-happy-life-cho-duyet-tu-dong-p183513187,https://tiki.vn/combo-2-truyen-cuc-hay-cho-be-nhat-ky-meo-moc-totto-chan-ben-cua-so-tang-bookmark-happy-life-cho-duyet-tu-dong-p183513187.html,Combo 2 truyện Cực Hay Cho Bé: Nhật Ký Mèo Mốc +Totto - Chan Bên Cửa Sổ/ Tặng Bookmark Happy Life Chờ duyệt tự động,1.0,1,217500,217500,2.0,1754
273698523,heidi-tb100-bia-mem-p273698523,https://tiki.vn/heidi-tb100-bia-mem-p273698523.html,Heidi TB100 (Bìa mềm),0.0,0,100000,95000,1.0,1754
248004811,ca-linh-di-hoc-p248004811,https://tiki.vn/ca-linh-di-hoc-p248004811.html,Cá Linh Đi Học,5.0,1,86000,81700,22.0,1754
274840246,big-nate-tap-2-loi-nguoc-dong-song-ngu-viet-anh-p274840246,https://tiki.vn/big-nate-tap-2-loi-nguoc-dong-song-ngu-viet-anh-p274840246.html,Big Nate - Tập 2: Lội Ngược Dòng (Song ngữ Việt -Anh),0.0,0,99000,99000,,1754
77965474,nhat-ky-chu-be-nhut-nhat-tap-10-nhung-ngay-xua-cu-tai-ban-p77965474,https://tiki.vn/nhat-ky-chu-be-nhut-nhat-tap-10-nhung-ngay-xua-cu-tai-ban-p77965474.html,Nhật Ký Chú Bé Nhút Nhát - Tập 10: Những Ngày Xưa Cũ (Tái Bản),5.0,20,55000,44000,168.0,1754
278153356,sach-things-you-use-to-fill-a-hole-p278153356,https://tiki.vn/sach-things-you-use-to-fill-a-hole-p278153356.html,Sách - Things You Use To Fill A Hole,0.0,0,90000,85500,1.0,1754
158868104,cac-vi-than-linh-khap-the-gian-p158868104,https://tiki.vn/cac-vi-than-linh-khap-the-gian-p158868104.html,Các Vị Thần Linh Khắp Thế Gian,5.0,7,79000,75000,35.0,1754
278907325,sach-ngua-o-yeu-dau-black-beauty-song-ngu-viet-anh-p278907325,https://tiki.vn/sach-ngua-o-yeu-dau-black-beauty-song-ngu-viet-anh-p278907325.html,Sách - Ngựa Ô Yêu Dấu - Black Beauty - Song Ngữ Việt-Anh,0.0,0,109000,87200,1.0,1754
279001183,sach-sach-dung-hinh-3d-nhung-cau-chuyen-co-tich-hay-nhat-rapunzel-bia-cung-p279001183,https://tiki.vn/sach-sach-dung-hinh-3d-nhung-cau-chuyen-co-tich-hay-nhat-rapunzel-bia-cung-p279001183.html,Sách - Sách Dựng Hình 3D - Những Câu Chuyện Cổ Tích Hay Nhất - Rapunzel - Bìa Cứng,0.0,0,45000,40500,4.0,1754
212314888,ke-chuyen-tet-nguyen-dan-tai-ban-2022-p212314888,https://tiki.vn/ke-chuyen-tet-nguyen-dan-tai-ban-2022-p212314888.html,Kể Chuyện Tết Nguyên Đán (Tái Bản 2022),0.0,0,55000,53300,32.0,1754
279132519,sach-cau-chuot-xu-manx-khong-so-hai-p279132519,https://tiki.vn/sach-cau-chuot-xu-manx-khong-so-hai-p279132519.html,Sách - Cậu Chuột Xứ Manx Không Sợ Hãi,0.0,0,89000,80100,,1754
273383072,5-phut-truyen-ke-cho-be-truoc-khi-ngu-hieu-thao-tai-ban-2023-p273383072,https://tiki.vn/5-phut-truyen-ke-cho-be-truoc-khi-ngu-hieu-thao-tai-ban-2023-p273383072.html,5 Phút Truyện Kể Cho Bé Trước Khi Ngủ - Hiếu Thảo (Tái Bản 2023),0.0,0,60000,54000,,1754
279063264,sach-tu-sach-tuoi-than-tien-co-chuot-nho-o-so-hoa-muong-vang-p279063264,https://tiki.vn/sach-tu-sach-tuoi-than-tien-co-chuot-nho-o-so-hoa-muong-vang-p279063264.html,"Sách - Tủ Sách Tuổi Thần Tiên - Cô Chuột Nhỏ Ở ""Só"" Hoa Muồng Vàng",0.0,0,36000,32400,,1754
279112250,sach-truyen-co-tich-viet-nam-son-tinh-thuy-tinh-p279112250,https://tiki.vn/sach-truyen-co-tich-viet-nam-son-tinh-thuy-tinh-p279112250.html,Sách - Truyện Cổ Tích Việt Nam - Sơn Tinh Thủy Tinh,0.0,0,12000,10500,,1754
279145273,sach-luna-va-kho-bau-tlaloc-p279145273,https://tiki.vn/sach-luna-va-kho-bau-tlaloc-p279145273.html,Sách - Luna Và Kho Báu Tlaloc,0.0,0,90000,83700,,1754
273174362,chuyen-ke-truoc-gio-di-ngu-soai-ca-meo-mai-ngoi-p273174362,https://tiki.vn/chuyen-ke-truoc-gio-di-ngu-soai-ca-meo-mai-ngoi-p273174362.html,Chuyện Kể Trước Giờ Đi Ngủ - Soái Ca Mèo Mái Ngói,0.0,0,65000,65000,8.0,1754
279120268,sach-canh-dieu-theo-gio-p279120268,https://tiki.vn/sach-canh-dieu-theo-gio-p279120268.html,Sách - Cánh Diều Theo Gió,0.0,0,55000,53300,,1754
279337047,sach-tam-chan-cua-bo-p279337047,https://tiki.vn/sach-tam-chan-cua-bo-p279337047.html,Sách - Tấm Chăn Của Bố,0.0,0,50000,48500,1.0,1754
262792329,van-hoc-thieu-nhi-kho-bau-trong-thanh-pho-p262792329,https://tiki.vn/van-hoc-thieu-nhi-kho-bau-trong-thanh-pho-p262792329.html,Văn Học Thiếu Nhi - Kho Báu Trong Thành Phố,5.0,2,105000,87150,18.0,1754
274722275,sach-kho-bau-mat-tich-tac-pham-chon-loc_van-hoc-anh-p274722275,https://tiki.vn/sach-kho-bau-mat-tich-tac-pham-chon-loc_van-hoc-anh-p274722275.html,Sách Kho Báu Mất Tích (Tác Phẩm Chọn Lọc_Văn Học Anh),0.0,0,85000,85000,,1754
242767827,sach-tuyen-tap-van-hoc-viet-cho-thieu-nhi-to-hoai-truyen-dong-thoai-kich-truyen-sinh-hoat-truyen-cac-guong-anh-hung-cach-mang-chuyen-ngay-xua-mot-tram-co-tich-p242767827,https://tiki.vn/sach-tuyen-tap-van-hoc-viet-cho-thieu-nhi-to-hoai-truyen-dong-thoai-kich-truyen-sinh-hoat-truyen-cac-guong-anh-hung-cach-mang-chuyen-ngay-xua-mot-tram-co-tich-p242767827.html,Sách - Tuyển Tập Văn Học Viết Cho Thiếu Nhi - Tô Hoài : Truyện đồng thoại - Kịch - Truyện sinh hoạt - Truyện các gương anh hùng cách mạng - Chuyện ngày xưa - Một trăm cổ tích,0.0,0,200000,200000,3.0,1754
181798326,harry-potter-va-bao-boi-tu-than-tap-7-p181798326,https://tiki.vn/harry-potter-va-bao-boi-tu-than-tap-7-p181798326.html,Harry Potter Và Bảo Bối Tử Thần (Tập 7),0.0,0,285000,285000,,1754
278716210,sach-chuyen-o-rung-hanh-phuc-chuyen-dua-thu-dau-tien-cua-khung-long-nho-p278716210,https://tiki.vn/sach-chuyen-o-rung-hanh-phuc-chuyen-dua-thu-dau-tien-cua-khung-long-nho-p278716210.html,Sách - Chuyện Ở Rừng Hạnh Phúc - Chuyến Đưa Thư Đầu Tiên Của Khủng Long Nhỏ,0.0,0,30000,27000,,1754
114992515,sach-nhung-truyen-hay-viet-cho-thieu-nhi-ma-van-khang-p114992515,https://tiki.vn/sach-nhung-truyen-hay-viet-cho-thieu-nhi-ma-van-khang-p114992515.html,Sách - Những truyện hay viết cho thiếu nhi - Ma Văn Kháng,0.0,0,59500,59500,,1754
77220845,sach-muncle-trogg-cau-khong-lo-ti-hon-tang-kem-bookmark-thiet-ke-p77220845,https://tiki.vn/sach-muncle-trogg-cau-khong-lo-ti-hon-tang-kem-bookmark-thiet-ke-p77220845.html,Sách - Muncle Trogg cậu khổng lồ tí hon (tặng kèm bookmark thiết kế),0.0,0,60000,60000,,1754
273892379,sach-nhoc-nicolas-bo-truyen-le-nhoc-nicolas-nha-nam-official-p273892379,https://tiki.vn/sach-nhoc-nicolas-bo-truyen-le-nhoc-nicolas-nha-nam-official-p273892379.html,Sách - Nhóc Nicolas (Bộ truyện lẻ Nhóc Nicolas) - Nhã Nam Official,0.0,0,100000,100000,1.0,1754
77222571,sach-lu-tre-duong-tau-tang-kem-bookmark-thiet-ke-p77222571,https://tiki.vn/sach-lu-tre-duong-tau-tang-kem-bookmark-thiet-ke-p77222571.html,Sách - Lũ trẻ đường tàu (tặng kèm bookmark thiết kế),0.0,0,85000,85000,2.0,1754
592082,sach-to-tu-duy-nhu-mot-nha-toan-hoc-tat-tan-tat-tro-choi-toan-hoc-p592082,https://tiki.vn/sach-to-tu-duy-nhu-mot-nha-toan-hoc-tat-tan-tat-tro-choi-toan-hoc-p592082.html,Sách Tớ Tư Duy Như Một Nhà Toán Học - Tất Tần Tật Trò Chơi Toán Học,0.0,0,89000,72980,1.0,1754
274571505,sach-van-hoc-gia-tuong-hay-meo-chien-binh-tap-6-thoi-khac-tam-toi-p274571505,https://tiki.vn/sach-van-hoc-gia-tuong-hay-meo-chien-binh-tap-6-thoi-khac-tam-toi-p274571505.html,Sách Văn Học Giả Tưởng Hay: Mèo Chiến Binh - Tập 6 - Thời Khắc Tăm Tối,0.0,0,159000,159000,,1754
95866323,500-cau-chuyen-dao-duc-tinh-yeu-thuong-p95866323,https://tiki.vn/500-cau-chuyen-dao-duc-tinh-yeu-thuong-p95866323.html,500 Câu Chuyện Đạo Đức: Tình Yêu Thương,5.0,1,30000,25500,6.0,1754
276952537,sach-nhat-stuart-nha-nam-hcm-p276952537,https://tiki.vn/sach-nhat-stuart-nha-nam-hcm-p276952537.html,Sách - Nhắt Stuart (Nhã Nam HCM),0.0,0,60000,51600,,1754
216017618,sach-tu-sach-cac-nen-van-hoc-the-gioi-trong-gia-dinh-hector-malot-kim-dong-p216017618,https://tiki.vn/sach-tu-sach-cac-nen-van-hoc-the-gioi-trong-gia-dinh-hector-malot-kim-dong-p216017618.html,Sách - Tủ sách các nền văn học thế giới - Trong Gia Đình - Hector Malot - Kim Đồng,0.0,0,80000,80000,,1754
113540580,sach-chuyen-rung-xanh-p113540580,https://tiki.vn/sach-chuyen-rung-xanh-p113540580.html,Sách Chuyện Rừng Xanh,0.0,0,128500,128500,6.0,1754
247887687,cuoc-phieu-luu-cua-de-ut-p247887687,https://tiki.vn/cuoc-phieu-luu-cua-de-ut-p247887687.html,Cuộc Phiêu Lưu Của Dế Út - Phần mở đầu,0.0,0,70000,70000,1.0,1754
276556250,tottochan-ben-cua-so-tai-ban-2024-p276556250,https://tiki.vn/tottochan-ben-cua-so-tai-ban-2024-p276556250.html,Tottochan Bên Cửa Sổ (Tái Bản 2024),0.0,0,130000,130000,,1754
272403499,quai-vat-bang-p272403499,https://tiki.vn/quai-vat-bang-p272403499.html,Quái Vật Băng,0.0,0,150000,150000,,1754
397920,sach-chien-binh-cau-vong-tai-ban-p397920,https://tiki.vn/sach-chien-binh-cau-vong-tai-ban-p397920.html,Sách Chiến Binh Cầu Vồng (Tái Bản),5.0,1,113340,113340,50.0,1754
170748254,sach-nhung-truyen-hay-viet-cho-thieu-nhi-phong-thu-p170748254,https://tiki.vn/sach-nhung-truyen-hay-viet-cho-thieu-nhi-phong-thu-p170748254.html,Sách - Những Truyện Hay Viết Cho Thiếu Nhi - Phong Thu,0.0,0,65000,65000,,1754
278478241,15-hat-dau-cua-totto-chan-p278478241,https://tiki.vn/15-hat-dau-cua-totto-chan-p278478241.html,15 Hạt Đậu Của Totto-chan,0.0,0,75000,75000,2.0,1754
148038749,sach-the-doldrums-vung-bien-lang-va-loi-nguyen-helmsley-p148038749,https://tiki.vn/sach-the-doldrums-vung-bien-lang-va-loi-nguyen-helmsley-p148038749.html,Sách - The Doldrums - Vùng biển lặng và lời nguyền Helmsley,0.0,0,98000,98000,,1754
188301238,combo-2-cuon-truyen-dai-danh-cho-thieu-nhi-du-dua-tren-ngon-cay-bang-totto-chan-ben-cua-so-tai-ban-p188301238,https://tiki.vn/combo-2-cuon-truyen-dai-danh-cho-thieu-nhi-du-dua-tren-ngon-cay-bang-totto-chan-ben-cua-so-tai-ban-p188301238.html,Combo 2 cuốn Truyện Dài Dành Cho Thiếu Nhi :  Đu Đưa Trên Ngọn Cây Bàng + Totto - Chan Bên Cửa Sổ (Tái Bản),5.0,1,238000,238000,1.0,1754
208099652,nhung-truyen-hay-viet-cho-thieu-nhi-pham-ho-p208099652,https://tiki.vn/nhung-truyen-hay-viet-cho-thieu-nhi-pham-ho-p208099652.html,Những truyện hay viết cho thiếu nhi - Phạm Hổ,0.0,0,52000,52000,14.0,1754
137654994,cuoc-phieu-luu-cua-chu-hanh-p137654994,https://tiki.vn/cuoc-phieu-luu-cua-chu-hanh-p137654994.html,CUỘC PHIÊU LƯU CỦA CHÚ HÀNH,0.0,0,80000,80000,1.0,1754
270798377,nhung-cau-chuyen-de-truong-thanh-tu-tin-khien-minh-cang-xuat-sac-p270798377,https://tiki.vn/nhung-cau-chuyen-de-truong-thanh-tu-tin-khien-minh-cang-xuat-sac-p270798377.html,Những Câu Chuyện Để Trưởng Thành - Tự Tin Khiến Mình Càng Xuất Sắc,0.0,0,65000,65000,,1754
270716341,roi-nang-cung-le-loi-p270716341,https://tiki.vn/roi-nang-cung-le-loi-p270716341.html,Rồi Nắng Cũng Lẻ Loi,0.0,0,45000,45000,,1754
39330774,combo-sach-danh-cho-be-ban-chay-nhat-totochan-co-be-ben-cua-so-chuyen-con-cho-ten-la-trung-thanh-tang-kem-poster-an-toan-cho-con-yeu-p39330774,https://tiki.vn/combo-sach-danh-cho-be-ban-chay-nhat-totochan-co-be-ben-cua-so-chuyen-con-cho-ten-la-trung-thanh-tang-kem-poster-an-toan-cho-con-yeu-p39330774.html,Combo Sách Dành Cho Bé Bán Chạy Nhất : Totochan Cô bé bên cửa sổ  + Chuyện Con Chó Tên Là Trung Thành ( Tặng Kèm Poster An Toàn Cho Con Yêu ),0.0,0,131000,131000,,1754
116813268,bo-sach-cua-luis-sepulveda-chuyen-con-meo-day-hai-au-bay-chuyen-con-meo-va-con-chuot-ban-than-cua-no-chuyen-con-oc-sen-muon-biet-tai-sao-no-cham-chap-chuyen-con-cho-ten-la-trung-thanh-p116813268,https://tiki.vn/bo-sach-cua-luis-sepulveda-chuyen-con-meo-day-hai-au-bay-chuyen-con-meo-va-con-chuot-ban-than-cua-no-chuyen-con-oc-sen-muon-biet-tai-sao-no-cham-chap-chuyen-con-cho-ten-la-trung-thanh-p116813268.html,"Bộ sách của Luis Sepúlveda (CHUYỆN CON MÈO DẠY HẢI ÂU BAY, CHUYỆN CON MÈO VÀ CON CHUỘT BẠN THÂN CỦA NÓ, CHUYỆN CON ỐC SÊN MUỐN BIẾT TẠI SAO NÓ CHẬM CHẠP, CHUYỆN CON CHÓ TÊN LÀ TRUNG THÀNH)",0.0,0,235000,235000,,1754
212927993,combo-nhoc-nicolas-5-cuon-combo-david-walliams-8-cuon-p212927993,https://tiki.vn/combo-nhoc-nicolas-5-cuon-combo-david-walliams-8-cuon-p212927993.html,Combo Nhóc Nicolas (5 cuốn) + Combo David Walliams (8 cuốn),0.0,0,1292000,1292000,,1754
116754298,phu-thuy-phu-thuy-p116754298,https://tiki.vn/phu-thuy-phu-thuy-p116754298.html,"PHÙ THỦY, PHÙ THỦY",0.0,0,60000,60000,,1754
113526645,sach-tu-sach-nha-van-roald-dahl-than-duoc-cua-george-p113526645,https://tiki.vn/sach-tu-sach-nha-van-roald-dahl-than-duoc-cua-george-p113526645.html,Sách - Tủ sách nhà văn Roald Dahl: Thần dược của George,0.0,0,30000,30000,6.0,1754
276273148,sach-chuyen-phieu-luu-cua-mit-dac-va-cac-ban-p276273148,https://tiki.vn/sach-chuyen-phieu-luu-cua-mit-dac-va-cac-ban-p276273148.html,Sách Chuyện Phiêu Lưu Của Mít Đặc Và Các Bạn,0.0,0,180000,180000,5.0,1754
277740310,totto-chan-ben-cua-so-tai-ban-nam-2024-p277740310,https://tiki.vn/totto-chan-ben-cua-so-tai-ban-nam-2024-p277740310.html,Totto-chan Bên Cửa Sổ (Tái bản năm 2024),0.0,0,120000,120000,3.0,1754
78488811,combo-2-cuon-sach-animorphs-nguoi-hoa-thu-tap-4-thong-diep-animorphs-nguoi-hoa-thu-tap-5-thu-san-moi-p78488811,https://tiki.vn/combo-2-cuon-sach-animorphs-nguoi-hoa-thu-tap-4-thong-diep-animorphs-nguoi-hoa-thu-tap-5-thu-san-moi-p78488811.html,Combo 2 cuốn sách: Animorphs - Người hóa thú - Tập 4: Thông điệp + Animorphs - Người hóa thú - Tập 5: Thú săn mồi,0.0,0,135000,135000,,1754
230039521,tron-bo-mai-am-chon-rung-sau-4-cuon-p230039521,https://tiki.vn/tron-bo-mai-am-chon-rung-sau-4-cuon-p230039521.html,Truyện hay cho thiếu nhi - Trọn bộ Mái ấm chốn rừng sâu - 4 cuốn,0.0,0,192000,192000,1.0,1754
215257776,nhoc-nicolas-p215257776,https://tiki.vn/nhoc-nicolas-p215257776.html,Nhóc Nicolas,0.0,0,100000,100000,,1754
274876460,pippi-tat-dai-p274876460,https://tiki.vn/pippi-tat-dai-p274876460.html,Pippi tất dài,0.0,0,125000,125000,,1754
85715878,combo-2-cuon-sach-hoi-dap-cung-em-that-vay-sao-van-vat-hoat-dong-nhu-the-nao-p85715878,https://tiki.vn/combo-2-cuon-sach-hoi-dap-cung-em-that-vay-sao-van-vat-hoat-dong-nhu-the-nao-p85715878.html,Combo 2 cuốn sách Hỏi đáp cùng em: Thật vậy sao?  +  Vạn vật hoạt động như thế nào?,0.0,0,438000,438000,,1754
78488802,combo-2-cuon-sach-animorphs-nguoi-hoa-thu-tap-10-nguoi-may-animorphs-nguoi-hoa-thu-tap-13-thay-doi-p78488802,https://tiki.vn/combo-2-cuon-sach-animorphs-nguoi-hoa-thu-tap-10-nguoi-may-animorphs-nguoi-hoa-thu-tap-13-thay-doi-p78488802.html,Combo 2 cuốn sách: Animorphs - Người hóa thú - Tập 10: Người máy + Animorphs - Người hóa thú - Tập 13: Thay đổi,0.0,0,138000,138000,,1754
273543350,sach-den-nho-va-nhung-dua-con-cua-bien-annet-schaap-nha-nam-official-p273543350,https://tiki.vn/sach-den-nho-va-nhung-dua-con-cua-bien-annet-schaap-nha-nam-official-p273543350.html,Sách - Đèn Nhỏ và những đứa con của biển (Annet Schaap) - Nhã Nam Official,0.0,0,160000,160000,12.0,1754
123447243,sach-combo-cau-do-dan-gian-bang-tranh-thien-nhien-con-nguoi-2-cuon-nxb-kim-dong-p123447243,https://tiki.vn/sach-combo-cau-do-dan-gian-bang-tranh-thien-nhien-con-nguoi-2-cuon-nxb-kim-dong-p123447243.html,Sách - Combo Câu Đố Dân Gian Bằng Tranh - Thiên Nhiên + Con Người (2 cuốn) - NXB Kim Đồng,0.0,0,60000,60000,1.0,1754
468378,sach-that-hay-gia-true-or-false-p468378,https://tiki.vn/sach-that-hay-gia-true-or-false-p468378.html,Sách Thật Hay Giả - True Or False,3.0,1,240500,240500,4.0,1754
970212,sach-chuyen-phieu-luu-dieu-ky-cua-edward-tulane-tai-ban-p970212,https://tiki.vn/sach-chuyen-phieu-luu-dieu-ky-cua-edward-tulane-tai-ban-p970212.html,Sách Chuyến Phiêu Lưu Diệu Kỳ Của Edward Tulane (Tái Bản),0.0,0,80000,80000,10.0,1754
113526555,sach-cuoc-phieu-luu-cua-chu-hanh-p113526555,https://tiki.vn/sach-cuoc-phieu-luu-cua-chu-hanh-p113526555.html,Sách - Cuộc phiêu lưu của chú hành,0.0,0,80000,80000,4.0,1754
270711569,vuong-quoc-ngo-nghinh-p270711569,https://tiki.vn/vuong-quoc-ngo-nghinh-p270711569.html,Vương Quốc Ngộ Nghĩnh,0.0,0,120000,120000,,1754
279414844,sach-bo-sach-nhung-cau-chuyen-khoa-hoc-vui-nhon-phan-2-bo-6-cuon-p279414844,https://tiki.vn/sach-bo-sach-nhung-cau-chuyen-khoa-hoc-vui-nhon-phan-2-bo-6-cuon-p279414844.html,Sách - Bộ Sách Những Câu Chuyện Khoa Học Vui Nhộn - Phần 2 (Bộ 6 Cuốn),0.0,0,180000,167400,,1754
193136071,chuyen-con-oc-sen-muon-biet-tai-sao-no-cham-chap-p193136071,https://tiki.vn/chuyen-con-oc-sen-muon-biet-tai-sao-no-cham-chap-p193136071.html,Chuyện con ốc sên muốn biết tại sao nó chậm chạp,0.0,0,39000,39000,,1754
274460766,truyen-hay-danh-cho-thieu-nhi-lich-su-viet-nam-bang-tranh-ba-trieu-ban-mau-bc-p274460766,https://tiki.vn/truyen-hay-danh-cho-thieu-nhi-lich-su-viet-nam-bang-tranh-ba-trieu-ban-mau-bc-p274460766.html,Truyện Hay Dành Cho Thiếu Nhi: Lịch Sử Việt Nam Bằng Tranh - Bà Triệu (Bản Màu)-BC,0.0,0,139500,139500,2.0,1754
279142466,sach-van-hoc-thieu-nhi-mat-tro-p279142466,https://tiki.vn/sach-van-hoc-thieu-nhi-mat-tro-p279142466.html,Sách - Văn Học Thiếu Nhi - Mắt Trố,0.0,0,67000,62300,,1754
279242674,sach-xu-so-mien-man-p279242674,https://tiki.vn/sach-xu-so-mien-man-p279242674.html,Sách - Xứ Sở Miên Man,0.0,0,99000,89100,,1754
276090240,cuoc-phieu-luu-cua-qua-le-khong-lo-tai-ban-2022-p276090240,https://tiki.vn/cuoc-phieu-luu-cua-qua-le-khong-lo-tai-ban-2022-p276090240.html,Cuộc Phiêu Lưu Của Quả Lê Khổng Lồ (Tái Bản 2022),0.0,0,180000,180000,5.0,1754
279431309,sach-van-hoc-tuoi-hoa-kim-trang-tay-du-ki-nguyen-hai-yen-p279431309,https://tiki.vn/sach-van-hoc-tuoi-hoa-kim-trang-tay-du-ki-nguyen-hai-yen-p279431309.html,Sách - Văn Học Tuổi Hoa - Kim Trang Tây Du Kí - Nguyễn Hải Yến,0.0,0,70000,67000,3.0,1754
273698471,heidi-bia-mem-tb100-p273698471,https://tiki.vn/heidi-bia-mem-tb100-p273698471.html,Heidi (Bìa mềm) TB100,4.0,1,100000,95000,2.0,1754
209302280,bo-5-tap-boxset-nhung-ve-than-cua-tuoi-tho-william-joyce-tieu-thuyet-van-hoc-thieu-nhi-kinh-dien-p209302280,https://tiki.vn/bo-5-tap-boxset-nhung-ve-than-cua-tuoi-tho-william-joyce-tieu-thuyet-van-hoc-thieu-nhi-kinh-dien-p209302280.html,Bộ 5 tập - Boxset Những Vệ Thần Của Tuổi Thơ - William Joyce - Tiểu thuyết văn học thiếu nhi kinh điển,0.0,0,785000,785000,,1754
270824389,kim-dong-duong-van-noi-p270824389,https://tiki.vn/kim-dong-duong-van-noi-p270824389.html,Kim Đồng - Dương Văn Nội,0.0,0,36000,36000,,1754
270824477,kim-dong-tho-nguyen-binh-p270824477,https://tiki.vn/kim-dong-tho-nguyen-binh-p270824477.html,Kim Đồng - Thơ Nguyễn Bính,0.0,0,42000,42000,2.0,1754
247978924,sach-cau-do-dan-gian-bang-tranh-thien-nhien-p247978924,https://tiki.vn/sach-cau-do-dan-gian-bang-tranh-thien-nhien-p247978924.html,Sách - Câu đố dân gian bằng tranh - Thiên nhiên,0.0,0,30000,30000,,1754
263096151,timmy-failure-dung-do-dien-dau-p263096151,https://tiki.vn/timmy-failure-dung-do-dien-dau-p263096151.html,Timmy Failure - Đụng Độ Điên Đầu,0.0,0,110000,110000,,1754
137375782,sach-dong-dao-cho-be-chi-chi-chanh-chanh-p137375782,https://tiki.vn/sach-dong-dao-cho-be-chi-chi-chanh-chanh-p137375782.html,Sách Đồng Dao Cho Bé - Chi Chi Chành Chành,0.0,0,30000,30000,3.0,1754
278863200,combo-10-tap-nhat-ky-chu-be-nhut-nhat-diary-of-a-wimpy-kid-ban-song-ngu-kem-audio-p278863200,https://tiki.vn/combo-10-tap-nhat-ky-chu-be-nhut-nhat-diary-of-a-wimpy-kid-ban-song-ngu-kem-audio-p278863200.html,Combo 10 tập Nhật Ký Chú Bé Nhút Nhát - Diary Of A Wimpy Kid BẢN SONG NGỮ kèm audio,0.0,0,960000,816000,,1754
273261484,combo-2-cuon-sach-thieu-nhi-kinh-dien-song-ngu-viet-anh-pinocchio-alice-o-xu-so-dieu-ky-kem-file-nghe-note-tu-moi-p273261484,https://tiki.vn/combo-2-cuon-sach-thieu-nhi-kinh-dien-song-ngu-viet-anh-pinocchio-alice-o-xu-so-dieu-ky-kem-file-nghe-note-tu-moi-p273261484.html,Combo 2 cuốn sách Thiếu nhi Kinh điển Song Ngữ Việt Anh ( Pinocchio - Alice ở xứ sở diệu kỳ ) Kèm file nghe + Note từ mới,0.0,0,168000,142800,7.0,1754
32915039,sach-hoang-tu-be-huy-hoang-tai-ban-p32915039,https://tiki.vn/sach-hoang-tu-be-huy-hoang-tai-ban-p32915039.html,Sách Hoàng Tử Bé (Huy Hoàng) (Tái Bản),5.0,1,108000,108000,10.0,1754
272879936,sach-giao-duc-nhi-dong-tai-ban-2023-p272879936,https://tiki.vn/sach-giao-duc-nhi-dong-tai-ban-2023-p272879936.html,Sách - Giáo Dục Nhi Đồng [Tái Bản 2023],0.0,0,65000,65000,,1754
271829088,van-hoc-trong-nha-truong-truyen-ngan-nguyen-cong-hoan-p271829088,https://tiki.vn/van-hoc-trong-nha-truong-truyen-ngan-nguyen-cong-hoan-p271829088.html,Văn Học Trong Nhà Trường - Truyện Ngắn Nguyễn Công Hoan,0.0,0,55000,55000,,1754
626953,sach-nuoi-duong-tam-hon-tho-con-hop-6-cuon-p626953,https://tiki.vn/sach-nuoi-duong-tam-hon-tho-con-hop-6-cuon-p626953.html,Sách Nuôi Dưỡng Tâm Hồn - Thỏ Con (Hộp 6 Cuốn),0.0,0,180000,180000,,1754
195666658,cuon-sach-ngon-co-lau-p195666658,https://tiki.vn/cuon-sach-ngon-co-lau-p195666658.html,Cuốn Sách: Ngọn Cờ Lau,0.0,0,90000,90000,,1754
181808903,happy-reader-khu-vuon-bi-mat-tai-ban-2018-p181808903,https://tiki.vn/happy-reader-khu-vuon-bi-mat-tai-ban-2018-p181808903.html,Happy Reader - Khu Vườn Bí Mật (Tái Bản 2018),0.0,0,60000,60000,,1754
529037,sach-happy-reader-khu-vuon-bi-mat-kem-cd-tai-ban-p529037,https://tiki.vn/sach-happy-reader-khu-vuon-bi-mat-kem-cd-tai-ban-p529037.html,Sách Happy Reader - Khu Vườn Bí Mật (Kèm CD) - Tái Bản,0.0,0,60000,60000,,1754
176909195,lu-tre-hu-nhat-qua-dat-2-p176909195,https://tiki.vn/lu-tre-hu-nhat-qua-dat-2-p176909195.html,Lũ Trẻ Hư Nhất Quả Đất 2,0.0,0,185000,185000,6.0,1754
276332769,duoi-bong-trang-nga-cau-chuyen-ve-chuyen-phieu-luu-cua-be-tho-cai-xoong-in-mau-p276332769,https://tiki.vn/duoi-bong-trang-nga-cau-chuyen-ve-chuyen-phieu-luu-cua-be-tho-cai-xoong-in-mau-p276332769.html,Dưới Bóng Trăng Ngà - Câu Chuyện Về Chuyến Phiêu Lưu Của Bé Thỏ Cải Xoong (In màu),0.0,0,179000,179000,,1754
190544762,sach-dong-dao-cho-be-cac-tro-choi-dan-gian-cac-cau-hat-ve-dan-gian-be-tu-3-den-tro-len-danh-cho-be-tap-noi-nha-uyen-p190544762,https://tiki.vn/sach-dong-dao-cho-be-cac-tro-choi-dan-gian-cac-cau-hat-ve-dan-gian-be-tu-3-den-tro-len-danh-cho-be-tap-noi-nha-uyen-p190544762.html,Sách - Đồng dao cho bé - Các trò chơi dân gian - Các câu hát vè dân gian - Bé từ 3 đến trở lên (dành cho bé tập nói - Nhã Uyên ),0.0,0,118000,118000,1.0,1754
137133569,sach-ke-chuyen-cho-be-tuoi-mam-non-tap-2-p137133569,https://tiki.vn/sach-ke-chuyen-cho-be-tuoi-mam-non-tap-2-p137133569.html,Sách Kể Chuyện Cho Bé Tuổi Mầm Non - Tập 2,0.0,0,68000,68000,1.0,1754
278843780,cuoc-phieu-luu-cua-dung-si-ao-vang-nguyen-quoc-vuong-p278843780,https://tiki.vn/cuoc-phieu-luu-cua-dung-si-ao-vang-nguyen-quoc-vuong-p278843780.html,Cuộc phiêu lưu của Dũng sĩ áo vàng – Nguyễn Quốc Vương,0.0,0,160000,160000,1.0,1754
205523148,sach-pop-up-dung-hinh-in-mau-toan-bo-nho-on-khuc-dong-dao-ve-chu-de-tinh-cam-truong-phuong-books-nxb-the-gioi-p205523148,https://tiki.vn/sach-pop-up-dung-hinh-in-mau-toan-bo-nho-on-khuc-dong-dao-ve-chu-de-tinh-cam-truong-phuong-books-nxb-the-gioi-p205523148.html,[Sách Pop-up dựng hình in màu toàn bộ] NHỚ ƠN – Khúc đồng dao về chủ đề tình cảm - Trường Phương books – Nxb Thế giới,0.0,0,119000,119000,,1754
6009947,sach-chuyen-ke-thanh-ngu-tai-ban-2018-p6009947,https://tiki.vn/sach-chuyen-ke-thanh-ngu-tai-ban-2018-p6009947.html,Sách Chuyện Kể Thành Ngữ (Tái Bản 2018),0.0,0,94000,94000,1.0,1754
411489,sach-de-men-phieu-luu-ky-diary-of-a-cricket-ban-tieng-anh-ta-huy-long-minh-hoa-p411489,https://tiki.vn/sach-de-men-phieu-luu-ky-diary-of-a-cricket-ban-tieng-anh-ta-huy-long-minh-hoa-p411489.html,Sách Dế Mèn Phiêu Lưu Ký - Diary of a Cricket (Bản Tiếng Anh - Tạ Huy Long Minh Họa),0.0,0,125000,125000,1.0,1754
429450,nhung-truyen-hay-viet-cho-thieu-nhi-vu-tu-nam-tai-ban-2014-p429450,https://tiki.vn/nhung-truyen-hay-viet-cho-thieu-nhi-vu-tu-nam-tai-ban-2014-p429450.html,Những Truyện Hay Viết Cho Thiếu Nhi - Vũ Tú Nam (Tái Bản 2014),0.0,0,68421,68421,1.0,1754
215914561,cuoc-tham-hiem-vao-long-dat-tai-ban-p215914561,https://tiki.vn/cuoc-tham-hiem-vao-long-dat-tai-ban-p215914561.html,Cuộc Thám Hiểm Vào Lòng Đất (Tái Bản),0.0,0,98000,98000,,1754
17937805,nhung-truyen-hay-viet-cho-thieu-nhi-nguyen-hong-tai-ban-2019-p17937805,https://tiki.vn/nhung-truyen-hay-viet-cho-thieu-nhi-nguyen-hong-tai-ban-2019-p17937805.html,Những Truyện Hay Viết Cho Thiếu Nhi - Nguyên Hồng (Tái Bản 2019),0.0,0,55000,55000,,1754
114963604,ngoi-nha-nho-tren-thao-nguyen-tap-6-mua-dong-bat-tan-p114963604,https://tiki.vn/ngoi-nha-nho-tren-thao-nguyen-tap-6-mua-dong-bat-tan-p114963604.html,Ngôi Nhà Nhỏ Trên Thảo Nguyên Tập 6: Mùa Đông Bất Tận,0.0,0,80000,80000,,1754
199040771,cuon-sach-cuoc-tham-hiem-vao-long-dat-tai-ban-p199040771,https://tiki.vn/cuon-sach-cuoc-tham-hiem-vao-long-dat-tai-ban-p199040771.html,Cuốn sách: Cuộc Thám Hiểm Vào Lòng Đất (Tái Bản),0.0,0,98000,98000,,1754
185006024,65-truyen-ngan-hay-danh-cho-thieu-nhi-p185006024,https://tiki.vn/65-truyen-ngan-hay-danh-cho-thieu-nhi-p185006024.html,65 Truyện Ngắn Hay Dành Cho Thiếu Nhi,5.0,1,550000,550000,4.0,1754
415063,nhung-truyen-hay-viet-cho-thieu-nhi-pham-ho-tai-ban-2014-p415063,https://tiki.vn/nhung-truyen-hay-viet-cho-thieu-nhi-pham-ho-tai-ban-2014-p415063.html,Những Truyện Hay Viết Cho Thiếu Nhi - Phạm Hổ (Tái Bản 2014),0.0,0,65000,65000,,1754
278776183,sach-thieu-nhi-co-tho-xam-nho-o-mien-thon-da-long-yeu-thuong-va-su-dung-cam-bia-cung-p278776183,https://tiki.vn/sach-thieu-nhi-co-tho-xam-nho-o-mien-thon-da-long-yeu-thuong-va-su-dung-cam-bia-cung-p278776183.html,Sách Thiếu Nhi - Cô Thỏ Xám Nhỏ Ở Miền Thôn Dã - Lòng Yêu Thương Và Sự Dũng Cảm - Bìa Cứng,0.0,0,248000,248000,,1754
568151,sach-goc-san-va-khoang-troi-khi-me-vang-nha-p568151,https://tiki.vn/sach-goc-san-va-khoang-troi-khi-me-vang-nha-p568151.html,Sách Góc Sân Và Khoảng Trời - Khi Mẹ Vắng Nhà,5.0,2,77072,77072,5.0,1754
136539759,sach-hoang-tu-be-p136539759,https://tiki.vn/sach-hoang-tu-be-p136539759.html,Sách Hoàng Tử Bé,0.0,0,89000,89000,5.0,1754
270824262,kim-dong-charlie-va-nha-may-socola-p270824262,https://tiki.vn/kim-dong-charlie-va-nha-may-socola-p270824262.html,Kim Đồng - Charlie và nhà máy sôcôla,0.0,0,60000,60000,10.0,1754
196521743,nguoi-trong-rung-jean-giono-phuong-nam-p196521743,https://tiki.vn/nguoi-trong-rung-jean-giono-phuong-nam-p196521743.html,NGƯỜI TRỒNG RỪNG (JEAN GIONO- Phương Nam),0.0,0,115000,115000,1.0,1754
274931867,de-men-phieu-luu-ky-diary-of-a-cricket-phien-ban-tieng-anh-ban-quyen-p274931867,https://tiki.vn/de-men-phieu-luu-ky-diary-of-a-cricket-phien-ban-tieng-anh-ban-quyen-p274931867.html,Dế mèn phiêu lưu ký - Diary of a Cricket ( phiên bản tiếng anh) - Bản Quyền,0.0,0,125000,125000,1.0,1754
137384923,sach-tuyen-tap-van-hoc-viet-cho-thieu-nhi-to-hoai-tap-4-chuyen-ngay-xua-mot-tram-co-tich-p137384923,https://tiki.vn/sach-tuyen-tap-van-hoc-viet-cho-thieu-nhi-to-hoai-tap-4-chuyen-ngay-xua-mot-tram-co-tich-p137384923.html,Sách Tuyển Tập Văn Học Viết Cho Thiếu Nhi - Tô Hoài - Tập 4: Chuyện Ngày Xưa - Một Trăm Cổ Tích,5.0,1,240000,240000,1.0,1754
4097789,nhung-truyen-hay-viet-cho-thieu-nhi-ma-van-khang-tai-ban-2018-p4097789,https://tiki.vn/nhung-truyen-hay-viet-cho-thieu-nhi-ma-van-khang-tai-ban-2018-p4097789.html,Những Truyện Hay Viết Cho Thiếu Nhi - Ma Văn Kháng (Tái Bản 2018),4.0,1,52000,52000,5.0,1754
138675700,lu-tre-duong-ray-tai-ban-2020-p138675700,https://tiki.vn/lu-tre-duong-ray-tai-ban-2020-p138675700.html,Lũ Trẻ Đường Ray (Tái Bản 2020),0.0,0,90000,90000,2.0,1754
203840696,sach-cau-be-mac-vay-david-walliams-p203840696,https://tiki.vn/sach-cau-be-mac-vay-david-walliams-p203840696.html,Sách - Cậu bé mặc váy (David Walliams),0.0,0,98000,98000,1.0,1754
278095731,tu-sach-vang-cho-con-nhung-cau-chuyen-than-thoai-va-truyen-thuyet-hay-nhat-p278095731,https://tiki.vn/tu-sach-vang-cho-con-nhung-cau-chuyen-than-thoai-va-truyen-thuyet-hay-nhat-p278095731.html,Tủ Sách Vàng Cho Con: Những Câu Chuyện Thần Thoại Và Truyền Thuyết Hay Nhất,0.0,0,150000,150000,1.0,1754
472491,sach-kinh-van-hoa-bo-day-9-tap-tap-3-2015-p472491,https://tiki.vn/sach-kinh-van-hoa-bo-day-9-tap-tap-3-2015-p472491.html,Sách Kính Vạn Hoa (Bộ Dày 9 Tập) - Tập 3 (2015),5.0,1,135000,135000,1.0,1754
178323555,nhat-ky-chu-be-nhut-nhat-song-ngu-viet-anh-tap-15-cai-ket-kho-luong-p178323555,https://tiki.vn/nhat-ky-chu-be-nhut-nhat-song-ngu-viet-anh-tap-15-cai-ket-kho-luong-p178323555.html,Nhật Ký Chú Bé Nhút Nhát song ngữ - Tập 15 - Diary of a Wimpy Kid - HG Books,5.0,4,96000,81600,58.0,1754
107485579,nhat-ky-chu-be-nhut-nhat-tap-5-su-that-phu-phang-p107485579,https://tiki.vn/nhat-ky-chu-be-nhut-nhat-tap-5-su-that-phu-phang-p107485579.html,Nhật Ký Chú Bé Nhút Nhát - Tập 5: Sự Thật Phũ Phàng,4.8,18,55000,46750,137.0,1754
454424,sach-bac-si-ai-bo-lit-p454424,https://tiki.vn/sach-bac-si-ai-bo-lit-p454424.html,Sách Bác Sĩ Ai Bô Lít,0.0,0,30000,30000,2.0,1754
593927,sach-thanh-cat-tu-han-la-ai-p593927,https://tiki.vn/sach-thanh-cat-tu-han-la-ai-p593927.html,Sách Thành Cát Tư Hãn Là Ai?,0.0,0,59000,50000,,1754
278153034,sach-truyen-ke-truoc-khi-ngu-dung-cam-p278153034,https://tiki.vn/sach-truyen-ke-truoc-khi-ngu-dung-cam-p278153034.html,Sách - Truyện Kể Trước Khi Ngủ - Dũng Cảm,0.0,0,61000,50000,1.0,1754
279001191,sach-sach-dung-hinh-3d-nhung-cau-chuyen-co-tich-hay-nhat-hoang-tu-ech-bia-cung-p279001191,https://tiki.vn/sach-sach-dung-hinh-3d-nhung-cau-chuyen-co-tich-hay-nhat-hoang-tu-ech-bia-cung-p279001191.html,Sách - Sách Dựng Hình 3D - Những Câu Chuyện Cổ Tích Hay Nhất - Hoàng Tử Ếch - Bìa Cứng,0.0,0,45000,40500,1.0,1754
272531746,con-trung-ky-an-ban-day-du-nhat-tap-8-p272531746,https://tiki.vn/con-trung-ky-an-ban-day-du-nhat-tap-8-p272531746.html,Côn Trùng Ký (Ấn Bản Đầy Đủ Nhất) - Tập 8,0.0,0,175000,157500,1.0,1754
253620269,chuyen-ke-o-nha-tre-tai-ban-2023-p253620269,https://tiki.vn/chuyen-ke-o-nha-tre-tai-ban-2023-p253620269.html,Chuyện Kể Ở Nhà Trẻ (Tái Bản 2023),0.0,0,68000,64600,1.0,1754
194583689,combo-2q-sach-van-hoc-thieu-nhi-hoang-tu-be-tai-ban-2019-le-petit-prince-nhung-dieu-hoang-tu-be-noi-voi-toi-p194583689,https://tiki.vn/combo-2q-sach-van-hoc-thieu-nhi-hoang-tu-be-tai-ban-2019-le-petit-prince-nhung-dieu-hoang-tu-be-noi-voi-toi-p194583689.html,Combo 2Q Sách Văn Học Thiếu Nhi : Hoàng Tử Bé (Tái Bản 2019) + Le Petit Prince - Những Điều Hoàng Tử Bé Nói Với Tôi,0.0,0,185500,185500,1.0,1754
276522067,combo-2-tap-tuoi-tho-du-doi-phung-quan-nxb-kim-dong-p276522067,https://tiki.vn/combo-2-tap-tuoi-tho-du-doi-phung-quan-nxb-kim-dong-p276522067.html,(Combo 2 tập) TUỔI THƠ DỮ DỘI – Phùng Quán - NXB Kim Đồng,0.0,0,165000,165000,,1754
249885354,chiec-chia-khoa-vang-hay-truyen-ly-ky-cua-buratino-p249885354,https://tiki.vn/chiec-chia-khoa-vang-hay-truyen-ly-ky-cua-buratino-p249885354.html,Chiếc chìa khóa vàng hay truyện ly kỳ của Buratino,5.0,1,55000,55000,3.0,1754
271726481,nhat-ky-chu-be-nhut-nhat-tap-5-su-that-phu-phang-p271726481,https://tiki.vn/nhat-ky-chu-be-nhut-nhat-tap-5-su-that-phu-phang-p271726481.html,Nhật Ký Chú Bé Nhút Nhát tập 5: Sự Thật Phũ Phàng,0.0,0,55000,55000,1.0,1754
279145281,sach-kai-va-ton-ngo-khong-p279145281,https://tiki.vn/sach-kai-va-ton-ngo-khong-p279145281.html,Sách - Kai Và Tôn Ngộ Không,0.0,0,80000,74400,,1754
276951140,heidi-song-ngu-anh-viet-ta-ng-kem-file-nghe-note-tu-vung-p276951140,https://tiki.vn/heidi-song-ngu-anh-viet-ta-ng-kem-file-nghe-note-tu-vung-p276951140.html,"Heidi (Song ngữ Anh Việt), tặng kèm file nghe & note từ vựng",0.0,0,119000,119000,2.0,1754
278668513,chuyen-ke-ve-robin-hood-h-e-marshall-ha-nguyen-bookhunter-nxb-dong-nai-p278668513,https://tiki.vn/chuyen-ke-ve-robin-hood-h-e-marshall-ha-nguyen-bookhunter-nxb-dong-nai-p278668513.html,CHUYỆN KỂ VỀ ROBIN HOOD – H.E.Marshall – Hà Nguyên – Bookhunter - NXB Đồng Nai,0.0,0,99000,99000,2.0,1754
278147857,sach-o-noi-xa-tit-mu-khoi-tai-ban-2025-p278147857,https://tiki.vn/sach-o-noi-xa-tit-mu-khoi-tai-ban-2025-p278147857.html,Sách - Ở Nơi Xa Tít Mù Khơi (Tái Bản 2025),0.0,0,55000,53300,15.0,1754
603724,sach-ngoi-tren-mai-nha-p603724,https://tiki.vn/sach-ngoi-tren-mai-nha-p603724.html,Sách Ngồi Trên Mái Nhà,5.0,1,58000,43500,11.0,1754
244300330,bia-cung-minh-hoa-in-mau-ke-hoach-nghi-huu-cua-meo-miu-anh-thy-crabit-kidbooks-p244300330,https://tiki.vn/bia-cung-minh-hoa-in-mau-ke-hoach-nghi-huu-cua-meo-miu-anh-thy-crabit-kidbooks-p244300330.html,"(Bìa cứng, minh họa in màu) KẾ HOẠCH NGHỈ HƯU CỦA MÈO MIU - Anh Thy - Crabit Kidbooks ",0.0,0,124000,124000,1.0,1754
249407252,bia-ung-in-mau-cam-nang-cho-khau-vi-lanh-lanh-thierry-marx-crabit-kidbooks-p249407252,https://tiki.vn/bia-ung-in-mau-cam-nang-cho-khau-vi-lanh-lanh-thierry-marx-crabit-kidbooks-p249407252.html,(Bìa cứng in màu) CẨM NANG CHO KHẨU VỊ LÀNH MẠNH - Thierry Marx  - Crabit Kidbooks,5.0,1,125000,125000,36.0,1754
263385084,lang-on-ao-vui-oi-la-vui-astrid-lindgren-nguyen-bich-lan-dich-nxb-phu-nu-bia-mem-p263385084,https://tiki.vn/lang-on-ao-vui-oi-la-vui-astrid-lindgren-nguyen-bich-lan-dich-nxb-phu-nu-bia-mem-p263385084.html,LÀNG ỒN ÀO VUI ƠI LÀ VUI - Astrid Lindgren - Nguyễn Bích Lan dịch - Nxb Phụ Nữ - bìa mềm,0.0,0,78000,78000,,1754
276601471,80-ngay-vong-quanh-the-gioi-p276601471,https://tiki.vn/80-ngay-vong-quanh-the-gioi-p276601471.html,80 Ngày Vòng Quanh Thế Giới,0.0,0,93000,93000,1.0,1754
271476812,dien-bien-phu-cua-chung-em-tai-ban-2023-p271476812,https://tiki.vn/dien-bien-phu-cua-chung-em-tai-ban-2023-p271476812.html,Điện Biên Phủ Của Chúng Em (Tái Bản 2023),5.0,1,50000,47500,10.0,1754
279268934,sach-be-to-mau-va-doc-truyen-cac-nang-cong-chua-co-be-quang-khan-do-tai-ban-2025-p279268934,https://tiki.vn/sach-be-to-mau-va-doc-truyen-cac-nang-cong-chua-co-be-quang-khan-do-tai-ban-2025-p279268934.html,Sách - Bé Tô Màu Và Đọc Truyện - Các Nàng Công Chúa - Cô Bé Quàng Khăn Đỏ (Tái Bản 2025),0.0,0,15000,13200,,1754
274726641,nhung-anh-hung-tre-tuoi-be-van-dan-p274726641,https://tiki.vn/nhung-anh-hung-tre-tuoi-be-van-dan-p274726641.html,Những Anh Hùng Trẻ Tuổi - Bế Văn Đàn,0.0,0,50000,50000,4.0,1754
77627214,101-truyen-me-ke-con-nghe-p77627214,https://tiki.vn/101-truyen-me-ke-con-nghe-p77627214.html,101 Truyện Mẹ Kể Con Nghe,0.0,0,69000,64860,1.0,1754
185006259,kinh-van-hoa-5-phien-ban-ki-niem-65-nam-nxb-kim-dong-p185006259,https://tiki.vn/kinh-van-hoa-5-phien-ban-ki-niem-65-nam-nxb-kim-dong-p185006259.html,Kính Vạn Hoa - 5 - Phiên Bản Kỉ niệm 65 năm NXB Kim Đồng,0.0,0,300000,300000,1.0,1754
250020218,bo-sac-365-chuyen-ke-truoc-gio-di-ngu-nhung-cau-chuyen-phat-trien-chi-so-iq-eq-bo-4-tap-p250020218,https://tiki.vn/bo-sac-365-chuyen-ke-truoc-gio-di-ngu-nhung-cau-chuyen-phat-trien-chi-so-iq-eq-bo-4-tap-p250020218.html,Bộ Sác 365 Chuyện Kể Trước Giờ Đi Ngủ - Những Câu Chuyện Phát Triển Chỉ Số IQ-EQ (Bộ 4 Tập),4.0,1,312000,280800,3.0,1754
279268787,sach-100-truyen-co-tich-viet-nam-tai-ban-2026-p279268787,https://tiki.vn/sach-100-truyen-co-tich-viet-nam-tai-ban-2026-p279268787.html,Sách - 100 Truyện Cổ Tích Việt Nam (Tái Bản 2026),0.0,0,105000,87100,,1754
279048586,sach-thon-anh-dao-p279048586,https://tiki.vn/sach-thon-anh-dao-p279048586.html,Sách - Thôn Anh Đào,0.0,0,210000,184800,1.0,1754
634768,sach-tim-hieu-khoa-hoc-qua-tac-pham-van-hoc-noi-tieng-chien-tranh-giua-cac-the-gioi-cam-nang-kham-pha-bi-mat-sao-hoa-p634768,https://tiki.vn/sach-tim-hieu-khoa-hoc-qua-tac-pham-van-hoc-noi-tieng-chien-tranh-giua-cac-the-gioi-cam-nang-kham-pha-bi-mat-sao-hoa-p634768.html,Sách Tìm Hiểu Khoa Học Qua Tác Phẩm Văn Học Nổi Tiếng - Chiến Tranh Giữa Các Thế Giới - Cẩm Nang Khám Phá Bí Mật Sao Hỏa,5.0,1,108000,108000,1.0,1754
278715345,sach-cuoc-phieu-luu-cua-bella-va-harry-p278715345,https://tiki.vn/sach-cuoc-phieu-luu-cua-bella-va-harry-p278715345.html,Sách - Cuộc Phiêu Lưu Của Bella Và Harry,0.0,0,56000,54300,,1754
274028842,cai-tai-va-cuoc-phieu-luu-ky-thu-tai-ban-nam-2024-p274028842,https://tiki.vn/cai-tai-va-cuoc-phieu-luu-ky-thu-tai-ban-nam-2024-p274028842.html,Cái Tai Và Cuộc Phiêu Lưu Kỳ Thú (Tái bản năm 2024),5.0,1,169000,169000,2.0,1754
62744832,chuyen-meo-mun-tim-me-va-nhung-anh-sao-dem-p62744832,https://tiki.vn/chuyen-meo-mun-tim-me-va-nhung-anh-sao-dem-p62744832.html,CHUYỆN MÈO MUN TÌM MẸ VÀ NHỮNG ÁNH SAO ĐÊM,4.7,124,68000,47600,837.0,1754
279299015,sach-xa-ngoai-kia-canh-dong-bia-cung-cao-nguyet-nguyen-p279299015,https://tiki.vn/sach-xa-ngoai-kia-canh-dong-bia-cung-cao-nguyet-nguyen-p279299015.html,Sách - Xa Ngoài Kia Cánh Đồng - Bìa Cứng - Cao Nguyệt Nguyên,0.0,0,150000,143000,,1754
278061749,gulliver-phieu-luu-ky-p278061749,https://tiki.vn/gulliver-phieu-luu-ky-p278061749.html,Gulliver Phiêu lưu ký ,0.0,0,76000,62000,1.0,1754
47101422,sach-van-hoc-thieu-nhi-nhin-hinh-giai-do-100-cau-thanh-ngu-tuc-ngu-p47101422,https://tiki.vn/sach-van-hoc-thieu-nhi-nhin-hinh-giai-do-100-cau-thanh-ngu-tuc-ngu-p47101422.html,"Sách rèn luyện tư duy cho học sinh - Nhìn hình giải đố 100 câu thành ngữ, tục ngữ",4.7,22,89000,62300,188.0,1754
99883128,vung-chai-nhu-da-tang-mem-mai-nhu-lua-dao-va-ngot-ngao-nhu-mat-ngot-p99883128,https://tiki.vn/vung-chai-nhu-da-tang-mem-mai-nhu-lua-dao-va-ngot-ngao-nhu-mat-ngot-p99883128.html,"Vững chãi như đá tảng, Mềm mại như lụa đào và Ngọt ngào như mật ngọt",5.0,4,42000,35700,43.0,1754
428005,sach-ngu-ngon-kinh-dien-mat-bo-moi-lo-lam-chuong-p428005,https://tiki.vn/sach-ngu-ngon-kinh-dien-mat-bo-moi-lo-lam-chuong-p428005.html,Sách Ngụ Ngôn Kinh Điển - Mất Bò Mới Lo Làm Chuồng,0.0,0,76000,44000,13.0,1754
192586763,kho-tang-truyen-co-tich-viet-nam-tai-ban-2022-p192586763,https://tiki.vn/kho-tang-truyen-co-tich-viet-nam-tai-ban-2022-p192586763.html,Kho Tàng Truyện Cổ Tích Việt Nam (Tái Bản 2022),0.0,0,69000,62100,1.0,1754
208118172,be-tap-ke-chuyen-cu-cai-trang-tai-ban-2022-p208118172,https://tiki.vn/be-tap-ke-chuyen-cu-cai-trang-tai-ban-2022-p208118172.html,Bé Tập Kể Chuyện - Củ Cải Trắng (Tái Bản 2022),0.0,0,15000,12750,1.0,1754
78488822,combo-2-cuon-sach-animorphs-nguoi-hoa-thu-tap-8-ke-ngoai-toc-animorphs-nguoi-hoa-thu-tu-nhan-tap-6-p78488822,https://tiki.vn/combo-2-cuon-sach-animorphs-nguoi-hoa-thu-tap-8-ke-ngoai-toc-animorphs-nguoi-hoa-thu-tu-nhan-tap-6-p78488822.html,Combo 2 cuốn sách: Animorphs -người hóa thú-  tập 8: Kẻ ngoại tộc + Animorphs -người hóa thú: Tù nhân tập 6,0.0,0,107500,107500,,1754
742676,sach-momo-tai-ban-2017-p742676,https://tiki.vn/sach-momo-tai-ban-2017-p742676.html,Sách Momo (Tái Bản 2017),0.0,0,90000,90000,1.0,1754
276663997,bo-sach-nhung-dua-tre-ky-dieu-6-cuon-p276663997,https://tiki.vn/bo-sach-nhung-dua-tre-ky-dieu-6-cuon-p276663997.html,Bộ sách Những đứa trẻ kỳ diệu (6 cuốn),0.0,0,30000,30000,2.0,1754
129198094,combo-bo-sach-cho-tre-cua-david-williams-5-cuon-ong-noi-vuot-nguc-banh-mi-kep-chuot-ba-noi-gang-xto-bang-dang-nua-dem-nha-si-yeu-quai-p129198094,https://tiki.vn/combo-bo-sach-cho-tre-cua-david-williams-5-cuon-ong-noi-vuot-nguc-banh-mi-kep-chuot-ba-noi-gang-xto-bang-dang-nua-dem-nha-si-yeu-quai-p129198094.html,COMBO BỘ SÁCH  CHO TRẺ CỦA DAVID WILLIAMS (5 CUỐN): ÔNG NỘI VƯỢT NGỤC + BÁNH MÌ KẸP CHUỘT + BÀ NỘI GĂNG XTƠ + BĂNG ĐẢNG NỬA ĐÊM + NHA SĨ YÊU QUÁI +,0.0,0,568000,568000,1.0,1754
272615594,bit-mat-bat-meo-p272615594,https://tiki.vn/bit-mat-bat-meo-p272615594.html,BỊT MẮT BẮT MÈO,0.0,0,50000,50000,,1754
116595135,kinh-van-hoa-phien-ban-moi-tap-8-p116595135,https://tiki.vn/kinh-van-hoa-phien-ban-moi-tap-8-p116595135.html,KÍNH VẠN HOA (PHIÊN BẢN MỚI) - TẬP 8,0.0,0,135000,135000,,1754
78488977,combo-2-cuon-sach-phi-nhanh-nao-winnie-sau-lung-gio-bac-p78488977,https://tiki.vn/combo-2-cuon-sach-phi-nhanh-nao-winnie-sau-lung-gio-bac-p78488977.html,"Combo 2 cuốn sách: Phi nhanh nào, Winnie + Sau lưng gió bấc",0.0,0,109500,109500,,1754
186741289,sach-tu-sach-vang-mot-tuoi-tho-van-sach-ki-niem-65-nam-thanh-lap-nxb-kim-dong-p186741289,https://tiki.vn/sach-tu-sach-vang-mot-tuoi-tho-van-sach-ki-niem-65-nam-thanh-lap-nxb-kim-dong-p186741289.html,Sách - Tủ sách vàng - MỘT TUỔI THƠ VĂN (sách kỉ niệm 65 năm thành lập NXB Kim Đồng),0.0,0,60000,60000,,1754
116810424,chuyen-con-meo-day-hai-au-bay-p116810424,https://tiki.vn/chuyen-con-meo-day-hai-au-bay-p116810424.html,CHUYỆN CON MÈO DẠY HẢI ÂU BAY,5.0,1,71000,71000,6.0,1754
183540310,thoi-tho-au-dai-lau-nguyen-nhat-anh-boxset-24-cuon-phien-ban-tuoi-moi-p183540310,https://tiki.vn/thoi-tho-au-dai-lau-nguyen-nhat-anh-boxset-24-cuon-phien-ban-tuoi-moi-p183540310.html,Thời Thơ Ấu Dài Lâu - Nguyễn Nhật Ánh - Boxset 24 Cuốn - Phiên Bản Tươi Mới,0.0,0,2450000,2450000,,1754
197063005,be-tap-ke-chuyen-nhac-si-de-men-tai-ban-2022-p197063005,https://tiki.vn/be-tap-ke-chuyen-nhac-si-de-men-tai-ban-2022-p197063005.html,Bé Tập Kể Chuyện: Nhạc Sĩ Dế Mèn (Tái Bản 2022),0.0,0,15000,12750,2.0,1754
275627323,sach-suoi-am-mat-troi-phan-tiep-cua-cay-cam-ngot-cua-toi-jose-mauro-de-vasconcelos-nha-nam-p275627323,https://tiki.vn/sach-suoi-am-mat-troi-phan-tiep-cua-cay-cam-ngot-cua-toi-jose-mauro-de-vasconcelos-nha-nam-p275627323.html,Sách - Sưởi ấm mặt trời (Phần tiếp của Cây cam ngọt của tôi) (José Mauro de Vasconcelos) (Nhã Nam),5.0,1,160000,144000,9.0,1754
540049,sach-cau-khong-lo-ti-hon-p540049,https://tiki.vn/sach-cau-khong-lo-ti-hon-p540049.html,Sách Cậu Khổng Lồ Tí Hon,0.0,0,60000,60000,,1754
274064090,tha-dieu-tren-de-tai-ban-2024-p274064090,https://tiki.vn/tha-dieu-tren-de-tai-ban-2024-p274064090.html,Thả Diều Trên Đê (Tái Bản 2024),0.0,0,138000,124200,6.0,1754
207658164,tu-sach-vang-tu-gia-tuoi-tho-p207658164,https://tiki.vn/tu-sach-vang-tu-gia-tuoi-tho-p207658164.html,Tủ Sách Vàng - Từ Giã Tuổi Thơ,0.0,0,50000,50000,2.0,1754
276596312,sach-series-nhoc-nicolas-tb-2022-nha-nam-hcm-p276596312,https://tiki.vn/sach-series-nhoc-nicolas-tb-2022-nha-nam-hcm-p276596312.html,Sách - Series Nhóc Nicolas (TB 2022) (Nhã Nam HCM),0.0,0,95000,81700,,1754
201807664,sach-robinson-crusoe-tai-ban-2022-p201807664,https://tiki.vn/sach-robinson-crusoe-tai-ban-2022-p201807664.html,Sách Robinson Crusoe (Tái Bản 2022),0.0,0,50000,50000,2.0,1754
274969390,nhung-dam-may-ngoan-ban-quyen-p274969390,https://tiki.vn/nhung-dam-may-ngoan-ban-quyen-p274969390.html,Những Đám Mây Ngoan - Bản Quyền,0.0,0,55000,55000,,1754
143916702,sach-ngoi-nha-nho-tren-thao-nguyen-tap-9-thuo-ban-dau-p143916702,https://tiki.vn/sach-ngoi-nha-nho-tren-thao-nguyen-tap-9-thuo-ban-dau-p143916702.html,Sách - Ngôi nhà nhỏ trên thảo nguyên - Tập 9 - Thuở ban đầu,0.0,0,30000,30000,2.0,1754
835964,sach-muncle-trogg-va-con-lua-biet-bay-p835964,https://tiki.vn/sach-muncle-trogg-va-con-lua-biet-bay-p835964.html,Sách Muncle Trogg Và Con Lừa Biết Bay,0.0,0,67000,60300,10.0,1754
276497532,sach-series-bo-ba-phep-thuat-nha-nam-hcm-p276497532,https://tiki.vn/sach-series-bo-ba-phep-thuat-nha-nam-hcm-p276497532.html, Sách - Series Bộ ba phép thuật (Nhã Nam HCM),0.0,0,62000,55800,,1754
273455595,sach-chuyen-con-cho-ten-la-trung-thanh-luis-sepulveda-nha-nam-official-p273455595,https://tiki.vn/sach-chuyen-con-cho-ten-la-trung-thanh-luis-sepulveda-nha-nam-official-p273455595.html,Sách - Chuyện Con Chó Tên Là Trung Thành (Luis Sepúlveda) - Nhã Nam Official,0.0,0,39000,39000,,1754
214732527,danh-tac-the-gioi-romeo-va-juliet-p214732527,https://tiki.vn/danh-tac-the-gioi-romeo-va-juliet-p214732527.html,Danh tác thế giới - Rômeô và Juliét,0.0,0,40000,40000,1.0,1754
197581511,kinh-van-hoa-bia-cung-ban-in-ki-niem-65-nam-nxb-kim-dong-tap-2-p197581511,https://tiki.vn/kinh-van-hoa-bia-cung-ban-in-ki-niem-65-nam-nxb-kim-dong-tap-2-p197581511.html,Kính vạn hoa - Bìa cứng - Bản in kỉ niệm 65 năm NXB Kim Đồng - Tập 2,0.0,0,300000,300000,,1754
87573252,sach-ly-tu-trong-tai-ban-2021-p87573252,https://tiki.vn/sach-ly-tu-trong-tai-ban-2021-p87573252.html,Sách Lý Tự Trọng (Tái Bản 2021),0.0,0,50000,50000,,1754
275130297,sach-totto-chan-ben-cua-so-tb-2024-kuroyanagi-tetsuko-nha-nam-official-p275130297,https://tiki.vn/sach-totto-chan-ben-cua-so-tb-2024-kuroyanagi-tetsuko-nha-nam-official-p275130297.html,Sách - Totto-chan bên cửa sổ (TB 2024) (Kuroyanagi Tetsuko) (Nhã Nam Official),0.0,0,120000,120000,4.0,1754
278439602,sach-cay-tao-cua-ong-nha-nam-hcm-p278439602,https://tiki.vn/sach-cay-tao-cua-ong-nha-nam-hcm-p278439602.html,Sách - Cây táo của ông (Nhã Nam HCM),0.0,0,82000,70520,,1754
263034184,chuyen-bi-an-thuong-ngay-nhung-cau-chuyen-ky-la-nhat-p263034184,https://tiki.vn/chuyen-bi-an-thuong-ngay-nhung-cau-chuyen-ky-la-nhat-p263034184.html,Chuyện Bí Ẩn Thường Ngày - Những Câu Chuyện Kỳ Lạ Nhất,5.0,2,115000,115000,5.0,1754
198579018,tu-sach-van-hoc-trong-nha-truong-truyen-ngan-nguyen-minh-chau-p198579018,https://tiki.vn/tu-sach-van-hoc-trong-nha-truong-truyen-ngan-nguyen-minh-chau-p198579018.html,Tủ sách Văn học trong nhà trường - truyện ngắn Nguyễn Minh Châu,0.0,0,78000,78000,,1754
521211,sach-nhung-tuyet-pham-danh-cho-thieu-nhi-leonardo-da-vinci-p521211,https://tiki.vn/sach-nhung-tuyet-pham-danh-cho-thieu-nhi-leonardo-da-vinci-p521211.html,Sách Những Tuyệt Phẩm Dành Cho Thiếu Nhi - Leonardo Da Vinci,0.0,0,200000,200000,1.0,1754
279134410,sach-nhung-cau-chuyen-than-tien-bon-mua-cac-vi-than-tien-va-hoa-trai-p279134410,https://tiki.vn/sach-nhung-cau-chuyen-than-tien-bon-mua-cac-vi-than-tien-va-hoa-trai-p279134410.html,Sách - Những Câu Chuyện Thần Tiên Bốn Mùa - Các Vị Thần Tiên Và Hoa Trái,0.0,0,65000,60400,,1754
114855278,chuyen-con-cho-ten-la-trung-thanh-p114855278,https://tiki.vn/chuyen-con-cho-ten-la-trung-thanh-p114855278.html,Chuyện Con Chó Tên Là Trung Thành,0.0,0,45000,45000,,1754
188996259,sach-mot-ngay-sau-cuoi-p188996259,https://tiki.vn/sach-mot-ngay-sau-cuoi-p188996259.html,Sách - Một Ngày Sau Cuối,0.0,0,63000,63000,1.0,1754
274826430,sach-van-hoc-hay-danh-cho-thieu-nhi-nong-trai-ngo-nghinh-p274826430,https://tiki.vn/sach-van-hoc-hay-danh-cho-thieu-nhi-nong-trai-ngo-nghinh-p274826430.html,Sách Văn Học Hay Dành Cho Thiếu Nhi: Nông Trại Ngộ Nghĩnh,0.0,0,139500,139500,,1754
279269272,sach-nhoc-nicolas-nhung-chuyen-chua-ke-tap-2-tai-ban-2026-p279269272,https://tiki.vn/sach-nhoc-nicolas-nhung-chuyen-chua-ke-tap-2-tai-ban-2026-p279269272.html,Sách - Nhóc Nicolas - Những Chuyện Chưa Kể - Tập 2 (Tái Bản 2026),0.0,0,125000,112500,,1754
263034424,chuyen-bi-an-thuong-ngay-nhung-cau-chuyen-hai-huoc-nhat-p263034424,https://tiki.vn/chuyen-bi-an-thuong-ngay-nhung-cau-chuyen-hai-huoc-nhat-p263034424.html,Chuyện Bí Ẩn Thường Ngày - Những Câu Chuyện Hài Hước Nhất,0.0,0,100000,100000,2.0,1754
201155820,sach-nikolay-nosov-11-truyen-vui-nhon-ron-rang-p201155820,https://tiki.vn/sach-nikolay-nosov-11-truyen-vui-nhon-ron-rang-p201155820.html,Sách - Nikolay Nosov: 11 truyện vui nhộn rộn ràng,0.0,0,150000,150000,,1754
251267427,tuoi-tho-du-doi-tap-2-p251267427,https://tiki.vn/tuoi-tho-du-doi-tap-2-p251267427.html,Tuổi thơ dữ dội - Tập 2,0.0,0,80000,80000,1.0,1754
271052049,giao-su-s-va-ong-vua-nghien-game-p271052049,https://tiki.vn/giao-su-s-va-ong-vua-nghien-game-p271052049.html,GIÁO SƯ S VÀ ÔNG VUA NGHIỆN GAME,0.0,0,75000,75000,,1754
148810455,vo-thi-sau-nxb-kim-dong-p148810455,https://tiki.vn/vo-thi-sau-nxb-kim-dong-p148810455.html,VÕ THỊ SÁU - NXB Kim Đồng,0.0,0,50000,50000,,1754
85737621,combo-2-cuon-sach-bo-cool-series-kien-truc-thu-vi-thien-nhien-ky-thu-p85737621,https://tiki.vn/combo-2-cuon-sach-bo-cool-series-kien-truc-thu-vi-thien-nhien-ky-thu-p85737621.html,Combo 2 cuốn sách:Bộ Cool series- Kiến trúc thú vị + Thiên nhiên kỳ thú,0.0,0,174000,174000,,1754
204000421,danh-tac-the-gioi-hamlet-p204000421,https://tiki.vn/danh-tac-the-gioi-hamlet-p204000421.html,Danh tác thế giới - Hamlet,0.0,0,40000,40000,4.0,1754
275671397,sach-moi-noi-vun-vo-phan-tiep-cua-chu-be-mang-pyjama-soc-john-boyne-nha-nam-official-p275671397,https://tiki.vn/sach-moi-noi-vun-vo-phan-tiep-cua-chu-be-mang-pyjama-soc-john-boyne-nha-nam-official-p275671397.html,Sách - Mọi nơi vụn vỡ (Phần tiếp của Chú bé mang pyjama sọc) (John Boyne) (Nhã Nam Official),5.0,1,210000,210000,1.0,1754
272474177,bestseller-hai-huoc-so-mot-nuoc-anh-cua-david-walliams-quai-vat-bang-p272474177,https://tiki.vn/bestseller-hai-huoc-so-mot-nuoc-anh-cua-david-walliams-quai-vat-bang-p272474177.html,Bestseller Hài Hước Số Một Nước Anh Của David Walliams - Quái Vật Băng,0.0,0,180000,180000,,1754
149211174,365-ngay-ke-chuyen-p149211174,https://tiki.vn/365-ngay-ke-chuyen-p149211174.html,365 ngày kể chuyện,0.0,0,250000,250000,,1754
277402682,sach-nha-o-trong-tim-con-combo-2-cuon-ve-nha-thoi-va-chi-dai-mot-gang-tay-le-cuon-lionbooks-p277402682,https://tiki.vn/sach-nha-o-trong-tim-con-combo-2-cuon-ve-nha-thoi-va-chi-dai-mot-gang-tay-le-cuon-lionbooks-p277402682.html,Sách - Nhà Ở Trong Tim Con (Combo 2 Cuốn Về Nhà Thôi Và Chỉ Dài Một Gang Tay / Lẻ Cuốn) - Lionbooks,0.0,0,69000,69000,1.0,1754
190539740,kinh-van-hoa-tap-3-tai-ban-2022-p190539740,https://tiki.vn/kinh-van-hoa-tap-3-tai-ban-2022-p190539740.html,Kính Vạn Hoa - Tập 3 (Tái Bản 2022),5.0,1,135000,121500,42.0,1754
129771010,dem-dai-mot-doi-p129771010,https://tiki.vn/dem-dai-mot-doi-p129771010.html,Đêm Dài Một Đời,4.8,6,142000,98500,14.0,1754
270824146,kim-dong-cuoc-phieu-luu-cua-chu-hanh-p270824146,https://tiki.vn/kim-dong-cuoc-phieu-luu-cua-chu-hanh-p270824146.html,Kim Đồng - Cuộc phiêu lưu của chú Hành,0.0,0,80000,80000,,1754
460554,sach-de-tro-thanh-sherlock-holmes-p460554,https://tiki.vn/sach-de-tro-thanh-sherlock-holmes-p460554.html,Sách Để Trở Thành Sherlock Holmes,0.0,0,38000,38000,,1754
626593,sach-nhung-vi-vua-tre-trong-su-viet-an-ban-ki-niem-60-nam-nxb-kim-dong-p626593,https://tiki.vn/sach-nhung-vi-vua-tre-trong-su-viet-an-ban-ki-niem-60-nam-nxb-kim-dong-p626593.html,Sách Những Vị Vua Trẻ Trong Sử Việt (Ấn Bản Kỉ Niệm 60 Năm NXB Kim Đồng),0.0,0,70000,70000,2.0,1754
274847713,trong-dau-co-giau-con-voi-p274847713,https://tiki.vn/trong-dau-co-giau-con-voi-p274847713.html,Trong Đầu Có Giấu Con Voi,0.0,0,215000,204000,2.0,1754
107471092,nhat-ky-chu-be-nhut-nhat-tap-10-nhung-ngay-xua-cu-p107471092,https://tiki.vn/nhat-ky-chu-be-nhut-nhat-tap-10-nhung-ngay-xua-cu-p107471092.html,Nhật Ký Chú Bé Nhút Nhát - Tập 10 Những Ngày Xưa Cũ bản Tiếng Việt,4.8,18,55000,46750,128.0,1754
215161554,sach-nhung-cau-chuyen-giup-be-ngu-ngon-nhung-cau-chuyen-cho-be-gai-bia-mem-p215161554,https://tiki.vn/sach-nhung-cau-chuyen-giup-be-ngu-ngon-nhung-cau-chuyen-cho-be-gai-bia-mem-p215161554.html,Sách - Những Câu Chuyện Giúp Bé Ngủ Ngon - Những Câu Chuyện Cho Bé Gái ( Bìa Mềm ),0.0,0,98000,80360,,1754
270502002,tac-gia-kinh-dien-nhat-ban-truyen-hay-cho-tuoi-hoc-duong-tap-1-meo-rung-va-hat-de-p270502002,https://tiki.vn/tac-gia-kinh-dien-nhat-ban-truyen-hay-cho-tuoi-hoc-duong-tap-1-meo-rung-va-hat-de-p270502002.html,Tác Giả Kinh Điển Nhật Bản - Truyện Hay Cho Tuổi Học Đường - Tập 1: Mèo Rừng Và Hạt Dẻ,0.0,0,45000,45000,3.0,1754
416962,truyen-co-grim-p416962,https://tiki.vn/truyen-co-grim-p416962.html,Truyện Cổ Grim,0.0,0,84000,84000,31.0,1754
278573532,sach-thieu-nhi-gau-pooh-xinh-xan-winnie-the-pooh-song-ngu-kem-audio-ban-ngu-giup-con-luyen-nghe-p278573532,https://tiki.vn/sach-thieu-nhi-gau-pooh-xinh-xan-winnie-the-pooh-song-ngu-kem-audio-ban-ngu-giup-con-luyen-nghe-p278573532.html,Sách thiếu nhi Gấu Pooh Xinh Xắn - Winnie The Pooh song ngữ kèm audio bản ngữ giúp con luyện nghe,0.0,0,88000,74800,4.0,1754
217387235,nhung-cuoc-phieu-luu-cua-bac-si-dolittle-tac-pham-chon-loc-van-hoc-anh-p217387235,https://tiki.vn/nhung-cuoc-phieu-luu-cua-bac-si-dolittle-tac-pham-chon-loc-van-hoc-anh-p217387235.html,Những Cuộc Phiêu Lưu Của Bác Sĩ Dolittle (Tác Phẩm Chọn Lọc - Văn Học Anh),0.0,0,45000,45000,1.0,1754
277833847,sach-gau-pooh-va-nhung-nguoi-ban-ndbooks-p277833847,https://tiki.vn/sach-gau-pooh-va-nhung-nguoi-ban-ndbooks-p277833847.html,Sách - Gấu Pooh Và Những Người Bạn - ndbooks,0.0,0,95000,95000,,1754
270824385,kim-dong-truyen-buon-chang-co-that-dau-that-day-p270824385,https://tiki.vn/kim-dong-truyen-buon-chang-co-that-dau-that-day-p270824385.html,Kim Đồng - Truyện buồn chẳng có thật đâu (thật đấy),0.0,0,115000,115000,,1754
270824515,kim-dong-lon-roi-het-so-p270824515,https://tiki.vn/kim-dong-lon-roi-het-so-p270824515.html,Kim Đồng - Lớn rồi hết sợ,0.0,0,110000,110000,,1754
1664553,sach-nhung-la-thu-nho-gio-gui-ai-do-p1664553,https://tiki.vn/sach-nhung-la-thu-nho-gio-gui-ai-do-p1664553.html,Sách Những Lá Thư Nhờ Gió Gửi Ai Đó,0.0,0,55000,55000,1.0,1754
217500546,quan-anh-trang-khuya-p217500546,https://tiki.vn/quan-anh-trang-khuya-p217500546.html,Quán Ánh Trăng Khuya,0.0,0,97000,97000,,1754
353096,sach-happy-reader-robin-hood-thao-khau-rung-xanh-kem-1cd-p353096,https://tiki.vn/sach-happy-reader-robin-hood-thao-khau-rung-xanh-kem-1cd-p353096.html,"Sách Happy Reader - Robin Hood ""Thảo Khấu"" Rừng Xanh (Kèm 1CD)",0.0,0,66000,66000,,1754
696520,sach-happy-reader-robin-hood-thao-khau-rung-xanh-kem-1cd-tai-ban-2017-p696520,https://tiki.vn/sach-happy-reader-robin-hood-thao-khau-rung-xanh-kem-1cd-tai-ban-2017-p696520.html,"Sách Happy Reader - Robin Hood ""Thảo Khấu"" Rừng Xanh (Kèm 1CD - Tái Bản 2017)",0.0,0,66000,66000,,1754
593922,sach-albert-einstein-la-ai-p593922,https://tiki.vn/sach-albert-einstein-la-ai-p593922.html,Sách Albert Einstein Là Ai?,0.0,0,59000,59000,1.0,1754
476159,sach-kinh-van-hoa-phien-ban-18-tap-tap-12-p476159,https://tiki.vn/sach-kinh-van-hoa-phien-ban-18-tap-tap-12-p476159.html,Sách Kính Vạn Hoa (Phiên Bản 18 Tập) - Tập 12,0.0,0,86000,86000,6.0,1754
138323427,xin-chao-nhung-buoi-sang-song-ngu-anh-viet-p138323427,https://tiki.vn/xin-chao-nhung-buoi-sang-song-ngu-anh-viet-p138323427.html,Xin Chào Những Buổi Sáng (Song ngữ Anh-Việt),5.0,1,79000,79000,23.0,1754
270232103,ong-ho-truc-khe-van-hoc-thieu-nhi-p270232103,https://tiki.vn/ong-ho-truc-khe-van-hoc-thieu-nhi-p270232103.html,Ông Hổ - Trúc Khê - Văn học thiếu nhi,0.0,0,29000,29000,,1754
188229203,kinh-van-hoa-2-phien-ban-ki-niem-65-nam-nxb-kim-dong-p188229203,https://tiki.vn/kinh-van-hoa-2-phien-ban-ki-niem-65-nam-nxb-kim-dong-p188229203.html,Kính Vạn Hoa - 2 - Phiên Bản Kỉ niệm 65 năm NXB Kim Đồng,0.0,0,300000,300000,3.0,1754
115254349,sach-thien-tap-cho-con-lieu-phap-nuoi-duong-tam-hon-p115254349,https://tiki.vn/sach-thien-tap-cho-con-lieu-phap-nuoi-duong-tam-hon-p115254349.html,Sách - Thiền Tập Cho Con - Liệu Pháp Nuôi Dưỡng Tâm Hồn,0.0,0,75840,75840,1.0,1754
345562,sach-kinh-van-hoa-tap-8-phien-ban-moi-p345562,https://tiki.vn/sach-kinh-van-hoa-tap-8-phien-ban-moi-p345562.html,Sách Kính Vạn Hoa - Tập 8 (Phiên Bản Mới),5.0,1,135000,135000,10.0,1754
277383362,thoi-tho-au-cua-nhung-nguoi-noi-tieng-bia-cung-p277383362,https://tiki.vn/thoi-tho-au-cua-nhung-nguoi-noi-tieng-bia-cung-p277383362.html,Thời Thơ Ấu Của Những Người Nổi Tiếng - Bìa Cứng,0.0,0,127487,127487,,1754
199041014,cuon-sach-cau-nhoc-gat-gio-p199041014,https://tiki.vn/cuon-sach-cau-nhoc-gat-gio-p199041014.html,Cuốn sách: Cậu Nhóc Gặt Gió,0.0,0,115188,115188,,1754
77221969,sach-totto-chan-ben-cua-so-tb-2019-p77221969,https://tiki.vn/sach-totto-chan-ben-cua-so-tb-2019-p77221969.html,Sách - Totto-chan bên cửa sổ (TB 2019),0.0,0,120000,120000,1.0,1754
206331350,chuyen-rung-than-lun-p206331350,https://tiki.vn/chuyen-rung-than-lun-p206331350.html,Chuyện Rừng - Thần Lùn,0.0,0,128000,128000,,1754
277172408,hoang-tu-nho-va-chu-be-ngheo-kho-p277172408,https://tiki.vn/hoang-tu-nho-va-chu-be-ngheo-kho-p277172408.html,Hoàng Tử Nhỏ Và Chú Bé Nghèo Khổ,0.0,0,45000,45000,,1754
201687567,phien-ban-ke-lai-day-loi-cuon-cua-tac-pham-van-hoc-kinh-dien-oliver-twist-p201687567,https://tiki.vn/phien-ban-ke-lai-day-loi-cuon-cua-tac-pham-van-hoc-kinh-dien-oliver-twist-p201687567.html,Phiên Bản Kể Lại Đầy Lôi Cuốn Của Tác Phẩm Văn Học Kinh Điển - Oliver Twist,0.0,0,55000,55000,,1754
262731087,khac-biet-that-la-tuyet-tac-ke-hoa-conker-va-cai-bay-khi-conker-and-the-monkey-trap-p262731087,https://tiki.vn/khac-biet-that-la-tuyet-tac-ke-hoa-conker-va-cai-bay-khi-conker-and-the-monkey-trap-p262731087.html,Khác Biệt Thật Là Tuyệt - Tắc Kè Hoa Conker Và Cái Bẫy Khỉ - Conker And The Monkey Trap,0.0,0,45000,45000,,1754
414303,sach-roald-dahl-nhung-ngay-xua-yeu-dau-p414303,https://tiki.vn/sach-roald-dahl-nhung-ngay-xua-yeu-dau-p414303.html,Sách Roald Dahl - Những Ngày Xưa Yêu Dấu,0.0,0,60000,60000,4.0,1754
105798544,sach-tron-bo-3-cuon-the-lemonade-war-thuong-vu-nuoc-chanh-phien-toa-khoi-bon-chiec-chuong-mat-tich-p105798544,https://tiki.vn/sach-tron-bo-3-cuon-the-lemonade-war-thuong-vu-nuoc-chanh-phien-toa-khoi-bon-chiec-chuong-mat-tich-p105798544.html,Sách Trọn Bộ 3 Cuốn The Lemonade War: Thương Vụ Nước Chanh + Phiên Tòa Khối Bốn + Chiếc Chuông Mất Tích,0.0,0,327000,327000,1.0,1754
414052,tu-sach-vang-song-mai-voi-thu-do-p414052,https://tiki.vn/tu-sach-vang-song-mai-voi-thu-do-p414052.html,Tủ Sách Vàng - Sống Mãi Với Thủ Đô,0.0,0,150000,150000,1.0,1754
208066091,phien-ban-ke-lai-day-loi-cuon-cua-tac-pham-van-hoc-kinh-dien-gio-qua-rang-lieu-p208066091,https://tiki.vn/phien-ban-ke-lai-day-loi-cuon-cua-tac-pham-van-hoc-kinh-dien-gio-qua-rang-lieu-p208066091.html,Phiên Bản Kể Lại Đầy Lôi Cuốn Của Tác Phẩm Văn Học Kinh Điển - Gió Qua Rặng Liễu,0.0,0,55000,55000,,1754
270824196,kim-dong-chan-troi-cu-ki-niem-65-nam-nxb-kim-dong-p270824196,https://tiki.vn/kim-dong-chan-troi-cu-ki-niem-65-nam-nxb-kim-dong-p270824196.html,Kim Đồng - Chân trời cũ (Kỉ niệm 65 năm NXB Kim Đồng),0.0,0,55000,55000,1.0,1754
476150,sach-kinh-van-hoa-phien-ban-18-tap-tap-7-p476150,https://tiki.vn/sach-kinh-van-hoa-phien-ban-18-tap-tap-7-p476150.html,Sách Kính Vạn Hoa (Phiên Bản 18 Tập) - Tập 7,4.2,5,96000,96000,97.0,1754
107468132,nhat-ky-chu-be-nhut-nhat-song-ngu-viet-anh-tap-9-ky-nghi-tham-khoc-p107468132,https://tiki.vn/nhat-ky-chu-be-nhut-nhat-song-ngu-viet-anh-tap-9-ky-nghi-tham-khoc-p107468132.html,Nhật Ký Chú Bé Nhút Nhát song ngữ Việt-Anh Tập 9 Kỳ Nghỉ Thảm Khốc,5.0,6,96000,81600,66.0,1754
276951928,nhung-tam-long-cao-ca-heart-an-italian-school-boy-s-journal-song-ngu-anh-viet-ta-ng-kem-file-nghe-note-tu-vung-p276951928,https://tiki.vn/nhung-tam-long-cao-ca-heart-an-italian-school-boy-s-journal-song-ngu-anh-viet-ta-ng-kem-file-nghe-note-tu-vung-p276951928.html,"Những tấm lòng cao cả (Heart : An Italian School Boy's Journal) - Song ngữ Anh Việt, tặng kèm file nghe & note từ vựng",0.0,0,109000,109000,1.0,1754
277779435,10-ten-minute-bedtime-stories-10-phut-doc-truyen-truoc-gio-di-ngu-truyen-dan-gian-forktales-song-ngu-viet-anh-tang-kem-file-nghe-audio-book-p277779435,https://tiki.vn/10-ten-minute-bedtime-stories-10-phut-doc-truyen-truoc-gio-di-ngu-truyen-dan-gian-forktales-song-ngu-viet-anh-tang-kem-file-nghe-audio-book-p277779435.html,"10 Ten-Minute Bedtime Stories - 10 phút đọc truyện trước giờ đi ngủ (Truyện dân gian - Forktales)  - Song ngữ Việt Anh, tặng kèm file nghe Audio book",0.0,0,109000,109000,,1754
263587579,combo-2-cuon-astrid-lindgren-lang-on-ao-vui-oi-la-vui-lu-tre-lang-on-ao-vui-oi-la-vui-astrid-lindgren-nguoi-dich-nguyen-bich-lan-nxb-phu-nu-bia-mem-p263587579,https://tiki.vn/combo-2-cuon-astrid-lindgren-lang-on-ao-vui-oi-la-vui-lu-tre-lang-on-ao-vui-oi-la-vui-astrid-lindgren-nguoi-dich-nguyen-bich-lan-nxb-phu-nu-bia-mem-p263587579.html,(Combo 2 cuốn Astrid Lindgren) LÀNG ỒN ÀO VUI ƠI LÀ VUI - LŨ TRẺ LÀNG ỒN ÀO VUI ƠI LÀ VUI - Astrid Lindgren - Người dịch: Nguyễn Bích Lan - Nxb Phụ Nữ – bìa mềm,0.0,0,119000,119000,13.0,1754
277938317,tuoi-tho-lang-bat-p277938317,https://tiki.vn/tuoi-tho-lang-bat-p277938317.html,Tuổi thơ lang bạt,0.0,0,120000,120000,2.0,1754
273888230,cong-chua-nho-sach-van-hoc-hay-danh-cho-thieu-nhi-p273888230,https://tiki.vn/cong-chua-nho-sach-van-hoc-hay-danh-cho-thieu-nhi-p273888230.html,Công Chúa Nhỏ- Sách Văn Học Hay Dành Cho Thiếu Nhi,0.0,0,100000,100000,,1754
278153631,sach-truyen-hay-giup-tre-thong-thai-chi-em-tho-thich-tu-do-p278153631,https://tiki.vn/sach-truyen-hay-giup-tre-thong-thai-chi-em-tho-thich-tu-do-p278153631.html,Sách - Truyện Hay Giúp Trẻ Thông Thái - Chị Em Thỏ Thích Tự Do,0.0,0,23000,20700,,1754
274884946,sach-hay-danh-cho-thieu-nhi-truyen-hay-cho-be-0-6-tuoi-tap-1-tai-ban-2024-p274884946,https://tiki.vn/sach-hay-danh-cho-thieu-nhi-truyen-hay-cho-be-0-6-tuoi-tap-1-tai-ban-2024-p274884946.html,Sách Hay Dành Cho Thiếu Nhi: Truyện Hay Cho Bé 0-6 Tuổi - Tập 1(Tái Bản 2024),0.0,0,106250,106250,1.0,1754
273421523,phu-thuy-xu-oz-cuon-sach-danh-cho-thieu-nhi-p273421523,https://tiki.vn/phu-thuy-xu-oz-cuon-sach-danh-cho-thieu-nhi-p273421523.html,Phù Thủy Xứ Oz-Cuốn Sách Dành Cho Thiếu Nhi,5.0,1,107100,107100,3.0,1754
155254144,me-gia-gio-tay-tho-peter-gia-ech-nhung-chuyen-ke-cua-thorton-burgess-p155254144,https://tiki.vn/me-gia-gio-tay-tho-peter-gia-ech-nhung-chuyen-ke-cua-thorton-burgess-p155254144.html,"Mẹ Già Gió Tây, Thỏ Peter, Già Ếch - Những chuyện kể của THORTON BURGESS -",5.0,3,368000,368000,20.0,1754
278063961,phu-thuy-xu-oz-p278063961,https://tiki.vn/phu-thuy-xu-oz-p278063961.html,Phù thủy xứ Oz,0.0,0,76000,76000,,1754
271967237,lien-minh-tinh-quai-tap-3-p271967237,https://tiki.vn/lien-minh-tinh-quai-tap-3-p271967237.html,Liên Minh Tinh Quái - Tập 3,0.0,0,55000,55000,1.0,1754
275357671,bo-sach-ngan-mua-hoa-net-dep-thien-nhien-net-dep-que-huong-bang-son-nxb-phu-nu-viet-nam-p275357671,https://tiki.vn/bo-sach-ngan-mua-hoa-net-dep-thien-nhien-net-dep-que-huong-bang-son-nxb-phu-nu-viet-nam-p275357671.html,BỘ SÁCH NGÀN MÙA HOA – NÉT ĐẸP THIÊN NHIÊN & NÉT ĐẸP QUÊ HƯƠNG - Băng Sơn – NXB Phụ Nữ Việt Nam,0.0,0,96000,96000,12.0,1754
276951272,lu-tre-duong-tau-the-railway-children-song-ngu-anh-viet-ta-ng-kem-file-nghe-note-tu-vung-p276951272,https://tiki.vn/lu-tre-duong-tau-the-railway-children-song-ngu-anh-viet-ta-ng-kem-file-nghe-note-tu-vung-p276951272.html,"Lũ trẻ đường tàu (The Railway Children) - Song ngữ Anh Việt, tặng kèm file nghe & note từ vựng",0.0,0,99000,99000,,1754
279190420,sach-sach-tet-mo-ra-ca-nha-ron-ra-tho-tet-danh-cho-thieu-nhi-truyen-co-tich-dac-sac-ve-tet-tang-kem-qua-p279190420,https://tiki.vn/sach-sach-tet-mo-ra-ca-nha-ron-ra-tho-tet-danh-cho-thieu-nhi-truyen-co-tich-dac-sac-ve-tet-tang-kem-qua-p279190420.html,"Sách - Sách Tết Mở Ra, Cả Nhà Rộn Rã - Thơ Tết Dành Cho Thiếu Nhi/Truyện Cổ Tích Đặc Sắc Về Tết - Tặng Kèm Quà",0.0,0,52000,46800,,1754
188229215,kinh-van-hoa-tap-7-tai-ban-2022-p188229215,https://tiki.vn/kinh-van-hoa-tap-7-tai-ban-2022-p188229215.html,Kính Vạn Hoa Tập 7 (Tái Bản 2022),5.0,2,86000,77400,33.0,1754
274028634,ngua-o-yeu-dau-sach-dinh-ti-p274028634,https://tiki.vn/ngua-o-yeu-dau-sach-dinh-ti-p274028634.html,Ngựa Ô Yêu Dấu (Sách Đinh Tị),0.0,0,99000,99000,,1754
274749446,nhung-anh-hung-tre-tuoi-to-vinh-dien-p274749446,https://tiki.vn/nhung-anh-hung-tre-tuoi-to-vinh-dien-p274749446.html,Những Anh Hùng Trẻ Tuổi - Tô Vĩnh Diện,0.0,0,50000,50000,4.0,1754
263101544,vi-khach-tuyet-voi-nhat-tran-doi-p263101544,https://tiki.vn/vi-khach-tuyet-voi-nhat-tran-doi-p263101544.html,Vị Khách Tuyệt Vời Nhất Trần Đời,0.0,0,89000,84500,12.0,1754
278715421,sach-nhung-dua-con-cua-duong-rung-p278715421,https://tiki.vn/sach-nhung-dua-con-cua-duong-rung-p278715421.html,Sách - Những Đứa Con Của Đường Rừng,0.0,0,30000,29400,,1754
278005238,the-gioi-tuyet-voi-cua-tom-gates-bo-4-cuon-p278005238,https://tiki.vn/the-gioi-tuyet-voi-cua-tom-gates-bo-4-cuon-p278005238.html,Thế giới tuyệt vời của Tom Gates bộ 4 cuốn,0.0,0,69000,69000,,1754
177274878,truyen-ke-truoc-khi-ngu-le-phep-va-lich-su-tai-ban-p177274878,https://tiki.vn/truyen-ke-truoc-khi-ngu-le-phep-va-lich-su-tai-ban-p177274878.html,Truyện Kể Trước Khi Ngủ - Lễ Phép Và Lịch Sự (Tái Bản),0.0,0,68000,61200,,1754
176080914,truyen-ke-truoc-khi-ngu-thoi-quen-tot-tai-ban-p176080914,https://tiki.vn/truyen-ke-truoc-khi-ngu-thoi-quen-tot-tai-ban-p176080914.html,Truyện Kể Trước Khi Ngủ - Thói Quen Tốt (Tái Bản),0.0,0,68000,61200,1.0,1754
278714816,sach-ke-chuyen-danh-nhan-viet-nam-tai-ban-2023-p278714816,https://tiki.vn/sach-ke-chuyen-danh-nhan-viet-nam-tai-ban-2023-p278714816.html,Sách - Kể Chuyện - Danh Nhân Việt Nam (Tái Bản 2023),0.0,0,75000,63700,3.0,1754
279133718,sach-gieo-cau-chuyen-ve-suc-manh-cua-nhung-loi-noi-yeu-thuong-p279133718,https://tiki.vn/sach-gieo-cau-chuyen-ve-suc-manh-cua-nhung-loi-noi-yeu-thuong-p279133718.html,Sách - Gieo - Câu Chuyện Về Sức Mạnh Của Những Lời Nói Yêu Thương,0.0,0,99000,94000,,1754
273850797,lu-tre-lang-on-ao-the-children-of-noisy-village-song-ngu-viet-anh-p273850797,https://tiki.vn/lu-tre-lang-on-ao-the-children-of-noisy-village-song-ngu-viet-anh-p273850797.html,Lũ Trẻ Làng Ồn Ào - The Children Of Noisy Village (Song Ngữ-Việt Anh),0.0,0,145000,130500,1.0,1754
279243956,sach-10-ten-minutes-bedtime-stories-10-phut-doc-truyen-truoc-gio-di-ngu-song-ngu-viet-anh-p279243956,https://tiki.vn/sach-10-ten-minutes-bedtime-stories-10-phut-doc-truyen-truoc-gio-di-ngu-song-ngu-viet-anh-p279243956.html,Sách - 10 Ten-Minutes Bedtime Stories - 10 Phút Đọc Truyện Trước Giờ Đi Ngủ - Song Ngữ Việt-Anh,0.0,0,109000,87200,1.0,1754
32477763,sach-van-hoc-trong-nha-truong-tho-ho-xuan-huong-p32477763,https://tiki.vn/sach-van-hoc-trong-nha-truong-tho-ho-xuan-huong-p32477763.html,Sách Văn Học Trong Nhà Trường : Thơ Hồ Xuân Hương,4.7,18,28000,27100,106.0,1754
77702294,nhat-ky-chu-be-nhut-nhat-tap-15-cai-ket-kho-luong-p77702294,https://tiki.vn/nhat-ky-chu-be-nhut-nhat-tap-15-cai-ket-kho-luong-p77702294.html,Nhật Ký Chú Bé Nhút Nhát - Tập 15: Cái Kết Khó Lường,5.0,103,55000,44000,588.0,1754
278481939,sach-ronia-con-gai-cua-tuong-cuop-p278481939,https://tiki.vn/sach-ronia-con-gai-cua-tuong-cuop-p278481939.html,Sách - Ronia - Con Gái Của Tướng Cướp,0.0,0,128000,115200,3.0,1754
99199395,nguoi-sao-choi-cuoc-chien-vong-quanh-the-gioi-tb2021-p99199395,https://tiki.vn/nguoi-sao-choi-cuoc-chien-vong-quanh-the-gioi-tb2021-p99199395.html,Người sao chổi: Cuộc chiến vòng quanh thế giới TB2021,0.0,0,91000,54600,9.0,1754
58709387,nhat-ky-chu-be-nhut-nhat-chuyen-di-bao-tap-p58709387,https://tiki.vn/nhat-ky-chu-be-nhut-nhat-chuyen-di-bao-tap-p58709387.html,Nhật Ký Chú Bé Nhút Nhát: Chuyến Đi Bão Táp,5.0,74,55000,44000,468.0,1754
192950022,chiec-banh-rong-bien-cuoi-cung-hay-tro-thanh-nguoi-hung-dai-duong-song-ngu-anh-viet-p192950022,https://tiki.vn/chiec-banh-rong-bien-cuoi-cung-hay-tro-thanh-nguoi-hung-dai-duong-song-ngu-anh-viet-p192950022.html,Chiếc Bánh Rong Biển Cuối Cùng (Hãy Trở Thành Người Hùng Đại Dương!) Song Ngữ Anh-Việt,0.0,0,99000,69300,10.0,1754
472499,sach-kinh-van-hoa-bo-day-9-tap-tap-9-2015-p472499,https://tiki.vn/sach-kinh-van-hoa-bo-day-9-tap-tap-9-2015-p472499.html,Sách Kính Vạn Hoa (Bộ Dày 9 Tập) - Tập 9 (2015),4.8,9,135000,135000,81.0,1754
88798807,combo-sach-gio-qua-rang-lieu-cuoc-doi-cua-pi-pippi-tat-dai-p88798807,https://tiki.vn/combo-sach-gio-qua-rang-lieu-cuoc-doi-cua-pi-pippi-tat-dai-p88798807.html,Combo Sách - Gió Qua Rặng Liễu + Cuộc Đời Của Pi + Pippi Tất Dài,0.0,0,355000,355000,4.0,1754
201567925,tuoi-tho-du-doi-tap-2-p201567925,https://tiki.vn/tuoi-tho-du-doi-tap-2-p201567925.html,Tuổi thơ dữ dội - Tập 2,0.0,0,80000,80000,,1754
252846032,sach-bo-xau-bo-tot-p252846032,https://tiki.vn/sach-bo-xau-bo-tot-p252846032.html,"Sách - Bố Xấu, Bố Tốt",0.0,0,129000,129000,,1754
124658283,sach-chien-binh-cau-vong-p124658283,https://tiki.vn/sach-chien-binh-cau-vong-p124658283.html,Sách - Chiến Binh Cầu Vồng,0.0,0,109000,109000,1.0,1754
22647901,danh-tac-rut-gon-gio-luon-qua-rang-lieu-p22647901,https://tiki.vn/danh-tac-rut-gon-gio-luon-qua-rang-lieu-p22647901.html,Danh Tác Rút Gọn - Gió Luồn Qua Rặng Liễu,5.0,2,35000,29750,12.0,1754
246857359,charlotte-s-web-p246857359,https://tiki.vn/charlotte-s-web-p246857359.html,Charlotte Và Wilbur( tái bản),0.0,0,70000,70000,,1754
205694842,dao-mong-mo-tai-ban-nam-2022-p205694842,https://tiki.vn/dao-mong-mo-tai-ban-nam-2022-p205694842.html,Đảo Mộng Mơ (Tái bản năm 2022),0.0,0,75000,75000,2.0,1754
277016534,sach-mot-xu-mot-ngay-p277016534,https://tiki.vn/sach-mot-xu-mot-ngay-p277016534.html,Sách - Một xu một ngày,0.0,0,150000,150000,,1754
252849051,sach-ba-noi-gangxto-p252849051,https://tiki.vn/sach-ba-noi-gangxto-p252849051.html,Sách - Bà Nội Găngxtơ,0.0,0,75000,75000,4.0,1754
278073414,tup-leu-bac-tom-p278073414,https://tiki.vn/tup-leu-bac-tom-p278073414.html,Tủ sách văn học chọn lọc - Túp lều bác Tom - Kim Đồng,0.0,0,70000,70000,,1754
147898295,chuyen-phieu-luu-dieu-ky-cua-edward-tulane-tai-ban-2019-p147898295,https://tiki.vn/chuyen-phieu-luu-dieu-ky-cua-edward-tulane-tai-ban-2019-p147898295.html,Chuyến Phiêu Lưu Diệu Kỳ Của Edward Tulane (Tái Bản 2019),0.0,0,80000,80000,,1754
85739085,combo-2-cuon-sach-hoi-dap-cung-em-vi-sao-hoi-dap-cung-phi-hanh-gia-p85739085,https://tiki.vn/combo-2-cuon-sach-hoi-dap-cung-em-vi-sao-hoi-dap-cung-phi-hanh-gia-p85739085.html,Combo 2 cuốn sách: Hỏi đáp cùng em: Vì sao?   + Hỏi đáp cùng phi hành gia,0.0,0,334000,334000,,1754
279124832,ky-uc-rung-xanh-hoi-ky-ong-chuot-chui-p279124832,https://tiki.vn/ky-uc-rung-xanh-hoi-ky-ong-chuot-chui-p279124832.html,Ký Ức Rừng Xanh - Hồi Ký Ông Chuột Chũi,0.0,0,180000,180000,,1754
125508891,sach-kinh-van-hoa-loai-day-tap-3-p125508891,https://tiki.vn/sach-kinh-van-hoa-loai-day-tap-3-p125508891.html,SÁCH - Kính vạn hoa (loại dày) - Tập 3,5.0,1,135000,135000,2.0,1754
93413705,combo-sach-phi-nhanh-nao-winnie-winnie-ngua-qua-di-winne-nong-qua-hoa-cau-p93413705,https://tiki.vn/combo-sach-phi-nhanh-nao-winnie-winnie-ngua-qua-di-winne-nong-qua-hoa-cau-p93413705.html,"Combo Sách - Phi Nhanh Nào, Winnie + Winnie Ngứa Quá Đi + Winne Nóng Quá Hóa Cáu",0.0,0,144000,144000,,1754
276480360,chuyen-phieu-luu-dieu-ky-cua-edward-tulane-nha-nam-hcm-p276480360,https://tiki.vn/chuyen-phieu-luu-dieu-ky-cua-edward-tulane-nha-nam-hcm-p276480360.html,Chuyến phiêu lưu diệu kỳ của Edward Tulane (Nhã Nam HCM),0.0,0,92000,82800,,1754
113527124,sach-nhung-truyen-hay-viet-cho-thieu-nhi-tran-hoai-duong-p113527124,https://tiki.vn/sach-nhung-truyen-hay-viet-cho-thieu-nhi-tran-hoai-duong-p113527124.html,Sách - Những Truyện Hay Viết Cho Thiếu Nhi: Trần Hoài Dương,0.0,0,52000,52000,,1754
202604462,sach-phieu-luu-trong-the-gioi-marketing-nxb-tre-p202604462,https://tiki.vn/sach-phieu-luu-trong-the-gioi-marketing-nxb-tre-p202604462.html,Sách - Phiêu Lưu Trong Thế Giới Marketing ( Philip Kotler ) - NXB Trẻ,0.0,0,105000,105000,,1754
193136238,chuyen-con-meo-va-con-chuot-ban-than-cua-no-p193136238,https://tiki.vn/chuyen-con-meo-va-con-chuot-ban-than-cua-no-p193136238.html,Chuyện con mèo và con chuột bạn thân của nó,0.0,0,52000,52000,4.0,1754
206874029,boxset-nguyen-nhat-anh-24-cuon-thoi-tho-au-dai-lau-vang-am-ap-p206874029,https://tiki.vn/boxset-nguyen-nhat-anh-24-cuon-thoi-tho-au-dai-lau-vang-am-ap-p206874029.html,BOXSET NGUYỄN NHẬT ÁNH 24 CUỐN - THỜI THƠ ẤU DÀI LÂU - VÀNG ẤM ÁP,0.0,0,990000,990000,,1754
50440313,nhung-truyen-hay-viet-cho-thieu-nhi-vu-hung-p50440313,https://tiki.vn/nhung-truyen-hay-viet-cho-thieu-nhi-vu-hung-p50440313.html,Những Truyện Hay Viết Cho Thiếu Nhi - Vũ Hùng,0.0,0,85000,85000,,1754
540386,sach-me-ho-diu-dang-p540386,https://tiki.vn/sach-me-ho-diu-dang-p540386.html,Sách Mẹ Hổ Dịu Dàng,0.0,0,51900,51900,,1754
260795068,chuyen-bi-an-thuong-ngay-nhung-cau-chuyen-ki-la-nhat-p260795068,https://tiki.vn/chuyen-bi-an-thuong-ngay-nhung-cau-chuyen-ki-la-nhat-p260795068.html,Chuyện bí ẩn thường ngày - Những câu chuyện kì lạ nhất,5.0,1,115000,115000,4.0,1754
278509243,sach-nhoc-ti-ty-phu-david-walliams-nha-nam-hcm-p278509243,https://tiki.vn/sach-nhoc-ti-ty-phu-david-walliams-nha-nam-hcm-p278509243.html,Sách - Nhóc tì tỷ phú (David Walliams) (Nhã Nam HCM),0.0,0,109000,93740,3.0,1754
204622537,tuyen-tap-roald-dahl-bac-fox-tuyet-voi-p204622537,https://tiki.vn/tuyen-tap-roald-dahl-bac-fox-tuyet-voi-p204622537.html,Tuyển tập Roald Dahl - Bác Fox tuyệt vời,0.0,0,30000,30000,4.0,1754
133846267,ngoi-nha-nho-tren-thao-nguyen-tap-5-ven-bo-ho-bac-p133846267,https://tiki.vn/ngoi-nha-nho-tren-thao-nguyen-tap-5-ven-bo-ho-bac-p133846267.html,NGÔI NHÀ NHỎ TRÊN THẢO NGUYÊN - TẬP 5 - VEN BỜ HỒ BẠC,0.0,0,70000,70000,3.0,1754
85715262,combo-2-cuon-sach-con-meo-so-mot-the-gioi-hachiko-chu-cho-dau-yeu-p85715262,https://tiki.vn/combo-2-cuon-sach-con-meo-so-mot-the-gioi-hachiko-chu-cho-dau-yeu-p85715262.html,Combo 2 cuốn sách: Con mèo số một thế giới + Hachiko chú chó dấu yêu,0.0,0,150000,150000,,1754
278760824,sach-van-hoc-thieu-nhi-tren-nhung-dam-may-p278760824,https://tiki.vn/sach-van-hoc-thieu-nhi-tren-nhung-dam-may-p278760824.html,Sách - Văn Học Thiếu Nhi - Trên Những Đám Mây,0.0,0,70000,70000,,1754
186740892,sach-tu-sach-vang-nhung-ngay-luu-lac-sach-ki-niem-65-nam-thanh-lap-nxb-kim-dong-nguyen-minh-chau-p186740892,https://tiki.vn/sach-tu-sach-vang-nhung-ngay-luu-lac-sach-ki-niem-65-nam-thanh-lap-nxb-kim-dong-nguyen-minh-chau-p186740892.html,Sách - Tủ sách vàng - NHỮNG NGÀY LƯU LẠC (sách kỉ niệm 65 năm thành lập NXB Kim Đồng) - Nguyễn Minh Châu,0.0,0,55000,55000,25.0,1754
415936,sach-nguoi-truyen-ky-uc-p415936,https://tiki.vn/sach-nguoi-truyen-ky-uc-p415936.html,Sách Người Truyền Ký Ức,0.0,0,80000,80000,1.0,1754
394510,sach-nhung-ky-nghi-cua-nhoc-nicolas-tai-ban-p394510,https://tiki.vn/sach-nhung-ky-nghi-cua-nhoc-nicolas-tai-ban-p394510.html,Sách Những Kỳ Nghỉ Của Nhóc Nicolas - Tái Bản,1.0,1,100000,100000,5.0,1754
252804013,sach-lu-tre-hu-nhat-qua-dat-tap-1-bia-cung-tb-2022-p252804013,https://tiki.vn/sach-lu-tre-hu-nhat-qua-dat-tap-1-bia-cung-tb-2022-p252804013.html,Sách - Lũ trẻ hư nhất quả đất - Tập 1 (Bìa cứng) (TB 2022),0.0,0,185000,185000,1.0,1754
180400057,be-tap-ke-chuyen-qua-tao-cua-ai-tai-ban-2022-p180400057,https://tiki.vn/be-tap-ke-chuyen-qua-tao-cua-ai-tai-ban-2022-p180400057.html,Bé Tập Kể Chuyện - Quả Táo Của Ai (Tái Bản 2022),5.0,1,15000,14700,15.0,1754
273678081,noi-khong-co-tuyet-huynh-trong-khang-truyen-dai-bia-mem-p273678081,https://tiki.vn/noi-khong-co-tuyet-huynh-trong-khang-truyen-dai-bia-mem-p273678081.html,NƠI KHÔNG CÓ TUYẾT - Huỳnh Trọng Khang - truyện dài - (bìa mềm),0.0,0,75000,75000,,1754
279103620,sach-ky-uc-rung-xanh-hoi-ky-ong-chuot-chui-sach-thieu-nhi-nha-nam-hcm-p279103620,https://tiki.vn/sach-ky-uc-rung-xanh-hoi-ky-ong-chuot-chui-sach-thieu-nhi-nha-nam-hcm-p279103620.html,Sách - Ký ức rừng xanh: Hồi ký ông Chuột Chũi (sách thiếu nhi) (Nhã Nam HCM),0.0,0,180000,154800,,1754
129138319,sach-hoa-hong-xu-khac-tai-ban-2013-8934974122746-p129138319,https://tiki.vn/sach-hoa-hong-xu-khac-tai-ban-2013-8934974122746-p129138319.html,Sách - Hoa Hồng Xứ Khác (Tái Bản 2013) - 8934974122746,0.0,0,155900,155900,,1754
479756,sach-chuyen-con-meo-va-con-chuot-ban-than-cua-no-p479756,https://tiki.vn/sach-chuyen-con-meo-va-con-chuot-ban-than-cua-no-p479756.html,Sách Chuyện Con Mèo Và Con Chuột Bạn Thân Của Nó,0.0,0,52000,52000,,1754
278716590,sach-truyen-co-tich-kinh-dien-the-gioi-hay-nhat-ong-lao-danh-ca-va-con-ca-vang-p278716590,https://tiki.vn/sach-truyen-co-tich-kinh-dien-the-gioi-hay-nhat-ong-lao-danh-ca-va-con-ca-vang-p278716590.html,Sách - Truyện Cổ Tích Kinh Điển Thế Giới Hay Nhất - Ông Lão Đánh Cá Và Con Cá Vàng,0.0,0,24000,24000,2.0,1754
90896802,sach-van-hoc-thieu-nhi_combo-cuoc-song-bao-dieu-hay-1-2-3-4-5-p90896802,https://tiki.vn/sach-van-hoc-thieu-nhi_combo-cuoc-song-bao-dieu-hay-1-2-3-4-5-p90896802.html,SÁCH VĂN HỌC THIẾU NHI_COMBO CUỘC SỐNG BAO ĐIỀU HAY 1+2+3+4+5,5.0,16,445000,311500,156.0,1754
274102219,sach-series-tac-gia-luis-sepulveda-cap-nhat-nha-nam-official-p274102219,https://tiki.vn/sach-series-tac-gia-luis-sepulveda-cap-nhat-nha-nam-official-p274102219.html,Sách - Series tác giả Luis Sepúlveda (cập nhật) - Nhã Nam Official - Mèo & chuột bạn thân,0.0,0,52000,52000,,1754
77221993,sach-lu-tre-hu-nhat-qua-dat-tap-1-bia-cung-tang-kem-bookmark-thiet-ke-p77221993,https://tiki.vn/sach-lu-tre-hu-nhat-qua-dat-tap-1-bia-cung-tang-kem-bookmark-thiet-ke-p77221993.html,Sách - Lũ trẻ hư nhất quả đất - Tập 1 (Bìa cứng) (tặng kèm bookmark thiết kế),0.0,0,185000,185000,1.0,1754
177312721,sach-chuyen-ke-ve-muoi-co-gai-nga-ba-dong-loc-tai-ban-2022-p177312721,https://tiki.vn/sach-chuyen-ke-ve-muoi-co-gai-nga-ba-dong-loc-tai-ban-2022-p177312721.html,Sách Chuyện Kể Về Mười Cô Gái Ngã Ba Đồng Lộc (Tái Bản 2022),0.0,0,50000,50000,10.0,1754
386604,sach-nhoc-nicolas-va-cac-ban-tai-ban-2018-p386604,https://tiki.vn/sach-nhoc-nicolas-va-cac-ban-tai-ban-2018-p386604.html,Sách Nhóc Nicolas Và Các Bạn (Tái Bản 2018),0.0,0,105000,105000,1.0,1754
278969676,sach-hoang-tu-be-tai-ban-2025-p278969676,https://tiki.vn/sach-hoang-tu-be-tai-ban-2025-p278969676.html,Sách - Hoàng Tử Bé (Tái Bản 2025),5.0,1,86000,86000,3.0,1754
274855382,sach-nguoi-ba-tai-gioi-vung-saga-phien-ban-truyen-chu-bia-mem-p274855382,https://tiki.vn/sach-nguoi-ba-tai-gioi-vung-saga-phien-ban-truyen-chu-bia-mem-p274855382.html,Sách - Người Bà Tài Giỏi Vùng Saga (Phiên Bản Truyện Chữ) - Bia Mềm,0.0,0,128000,128000,2.0,1754
274909648,ki-niem-70-nam-chien-thang-dien-bien-phu-ke-chuyen-dien-bien-phu-p274909648,https://tiki.vn/ki-niem-70-nam-chien-thang-dien-bien-phu-ke-chuyen-dien-bien-phu-p274909648.html,Kỉ Niệm 70 Năm Chiến Thắng Điện Biên Phủ - Kể Chuyện Điện Biên Phủ,0.0,0,60000,60000,24.0,1754
278802454,sach-truyen-co-tich-kinh-dien-the-gioi-hay-nhat-nang-tien-ca-p278802454,https://tiki.vn/sach-truyen-co-tich-kinh-dien-the-gioi-hay-nhat-nang-tien-ca-p278802454.html,Sách - Truyện Cổ Tích Kinh Điển Thế Giới Hay Nhất - Nàng Tiên Cá,0.0,0,24000,24000,2.0,1754
270824208,kim-dong-chi-sau-o-con-dao-p270824208,https://tiki.vn/kim-dong-chi-sau-o-con-dao-p270824208.html,Kim Đồng - Chị Sáu ở Côn Đảo,0.0,0,20000,20000,4.0,1754
208193372,boxset-nhung-ve-than-cua-tuoi-tho-bo-5-cuon-tang-kem-thiep-ve-than-william-joyce-p208193372,https://tiki.vn/boxset-nhung-ve-than-cua-tuoi-tho-bo-5-cuon-tang-kem-thiep-ve-than-william-joyce-p208193372.html,Boxset Những Vệ Thần Của Tuổi Thơ - Bộ 5 Cuốn Tặng Kèm Thiệp Vệ Thần - William Joyce,0.0,0,785000,785000,,1754
147763789,nguoi-cung-trang-nhung-ve-than-cua-tuoi-tho-william-joyce-p147763789,https://tiki.vn/nguoi-cung-trang-nhung-ve-than-cua-tuoi-tho-william-joyce-p147763789.html,Người Cung Trăng - Những Vệ Thần Của Tuổi Thơ (William Joyce),0.0,0,79000,79000,2.0,1754
76057947,combo-2-cuon-van-hoc-thieu-nhi-hai-van-dam-duoi-bien-tu-anna-p76057947,https://tiki.vn/combo-2-cuon-van-hoc-thieu-nhi-hai-van-dam-duoi-bien-tu-anna-p76057947.html,Combo 2 cuốn văn học thiếu nhi : Hai Vạn Dặm Dưới Biển + Từ Anna,0.0,0,186000,186000,1.0,1754
270801874,sach-tac-pham-kinh-dien-hoang-tu-be-dai-mai-p270801874,https://tiki.vn/sach-tac-pham-kinh-dien-hoang-tu-be-dai-mai-p270801874.html,Sách - Tác phẩm kinh điển : Hoàng Tử Bé ( Đại Mai ),0.0,0,50000,50000,1.0,1754
274755435,101-truyen-co-tich-chon-loc-me-ke-con-nghe-ml-p274755435,https://tiki.vn/101-truyen-co-tich-chon-loc-me-ke-con-nghe-ml-p274755435.html,101 Truyện Cổ Tích Chọn Lọc - Mẹ Kể Con Nghe (ML),0.0,0,101000,101000,,1754
275186819,giu-cho-rung-mai-xanh-keep-the-forest-green-tap-3-p275186819,https://tiki.vn/giu-cho-rung-mai-xanh-keep-the-forest-green-tap-3-p275186819.html,Giữ Cho Rừng Mãi Xanh - Keep The Forest Green - Tập 3,0.0,0,50000,50000,,1754
276164950,nhung-con-meo-sau-buc-tuong-hoa-p276164950,https://tiki.vn/nhung-con-meo-sau-buc-tuong-hoa-p276164950.html,Những Con Mèo Sau Bức Tường Hoa,0.0,0,69000,69000,,1754
253358097,khu-rung-trong-chai-p253358097,https://tiki.vn/khu-rung-trong-chai-p253358097.html,KHU RỪNG TRONG CHAI,0.0,0,129000,129000,2.0,1754
277180965,nhung-cuoc-phieu-luu-cua-gulliver-tu-sach-danh-tac-trong-nha-truong-ban-rut-gon-p277180965,https://tiki.vn/nhung-cuoc-phieu-luu-cua-gulliver-tu-sach-danh-tac-trong-nha-truong-ban-rut-gon-p277180965.html,Những cuộc phiêu lưu của Gulliver - Tủ sách Danh tác trong nhà trường (bản rút gọn),0.0,0,108000,108000,,1754
277273074,sach-tu-sach-danh-tac-trong-nha-truong-combo-11-cuon-p277273074,https://tiki.vn/sach-tu-sach-danh-tac-trong-nha-truong-combo-11-cuon-p277273074.html,Sách - Tủ sách Danh tác trong nhà trường - Combo 11 cuốn,0.0,0,1188000,1188000,,1754
270824365,kim-dong-dao-da-ki-la-ki-niem-65-nam-nxb-kim-dong-p270824365,https://tiki.vn/kim-dong-dao-da-ki-la-ki-niem-65-nam-nxb-kim-dong-p270824365.html,Kim Đồng - Đảo đá kì lạ (Kỉ niệm 65 năm NXB Kim Đồng),0.0,0,50000,50000,,1754
195667014,cuon-sach-kinh-van-hoa-4-phien-ban-ki-niem-65-nam-nxb-kim-dong-p195667014,https://tiki.vn/cuon-sach-kinh-van-hoa-4-phien-ban-ki-niem-65-nam-nxb-kim-dong-p195667014.html,Cuốn Sách: Kính Vạn Hoa - 4 - Phiên Bản Kỉ niệm 65 năm NXB Kim Đồng,0.0,0,300000,300000,,1754
195667680,cuon-sach-kinh-van-hoa-6-phien-ban-ki-niem-65-nam-nxb-kim-dong-p195667680,https://tiki.vn/cuon-sach-kinh-van-hoa-6-phien-ban-ki-niem-65-nam-nxb-kim-dong-p195667680.html,Cuốn Sách: Kính Vạn Hoa - 6 - Phiên Bản Kỉ niệm 65 năm NXB Kim Đồng,0.0,0,300000,300000,,1754
137440531,sach-mua-hoa-lung-chung-gio-p137440531,https://tiki.vn/sach-mua-hoa-lung-chung-gio-p137440531.html,Sách Mùa Hoa Lưng Chừng Gió,0.0,0,48000,48000,,1754
271930159,sach-de-men-phieu-luu-ky-ngo-manh-lan-minh-hoa-an-ban-ki-niem-100-nam-to-hoai-p271930159,https://tiki.vn/sach-de-men-phieu-luu-ky-ngo-manh-lan-minh-hoa-an-ban-ki-niem-100-nam-to-hoai-p271930159.html,Sách - Dế Mèn Phiêu Lưu Ký – Ngô Mạnh Lân Minh Họa - Ấn Bản Kỉ Niệm 100 Năm Tô Hoài,0.0,0,150000,150000,7.0,1754
270824597,kim-dong-nhung-ngay-tho-au-p270824597,https://tiki.vn/kim-dong-nhung-ngay-tho-au-p270824597.html,Kim Đồng - Những ngày thơ ấu,0.0,0,35000,35000,1.0,1754
195666954,cuon-sach-kinh-van-hoa-3-phien-ban-ki-niem-65-nam-nxb-kim-dong-p195666954,https://tiki.vn/cuon-sach-kinh-van-hoa-3-phien-ban-ki-niem-65-nam-nxb-kim-dong-p195666954.html,Cuốn Sách: Kính Vạn Hoa - 3 - Phiên Bản Kỉ niệm 65 năm NXB Kim Đồng,0.0,0,300000,300000,1.0,1754
274355914,cuon-sach-van-hoc-lang-man-hay-phuc-cam-omega-omega-complex-tap-2-p274355914,https://tiki.vn/cuon-sach-van-hoc-lang-man-hay-phuc-cam-omega-omega-complex-tap-2-p274355914.html,Cuốn Sách Văn Học Lãng Mạn Hay- Phức Cảm Omega - Omega Complex (Tập 2),0.0,0,185000,185000,,1754
138183618,tuoi-tre-hoang-van-thu-p138183618,https://tiki.vn/tuoi-tre-hoang-van-thu-p138183618.html,Tuổi Trẻ Hoàng Văn Thụ,0.0,0,80000,80000,,1754
204237697,ky-nang-giao-tiep-ung-xu-bang-tranh-cho-be-0-6-tuoi-p204237697,https://tiki.vn/ky-nang-giao-tiep-ung-xu-bang-tranh-cho-be-0-6-tuoi-p204237697.html,"KỸ NĂNG GIAO TIẾP, ỨNG XỬ BẰNG TRANH CHO BÉ - 0-6 tuổi ",0.0,0,174000,174000,,1754
272565348,tu-sach-vang-tac-pham-chon-loc-danh-cho-thieu-nhi-co-may-ngay-xua-p272565348,https://tiki.vn/tu-sach-vang-tac-pham-chon-loc-danh-cho-thieu-nhi-co-may-ngay-xua-p272565348.html,Tủ Sách Vàng -  Tác Phẩm Chọn Lọc Dành Cho Thiếu Nhi - Cỏ May Ngày Xưa,0.0,0,40000,40000,,1754
184476476,combo-2-cuon-ban-di-chuc-bi-an-va-nhan-pe-dan-va-tien-giai-thuong-van-hoc-thieu-nhi-mi-newbery-medal-p184476476,https://tiki.vn/combo-2-cuon-ban-di-chuc-bi-an-va-nhan-pe-dan-va-tien-giai-thuong-van-hoc-thieu-nhi-mi-newbery-medal-p184476476.html,Combo 2 cuốn Bản Di Chúc Bí Ẩn và Nhấn Pê Đan Và… Tiến - Giải Thưởng Văn Học Thiếu Nhi Mĩ - Newbery Medal,0.0,0,170000,170000,,1754
270824709,kim-dong-tho-han-mac-tu-p270824709,https://tiki.vn/kim-dong-tho-han-mac-tu-p270824709.html,Kim Đồng - Thơ Hàn Mặc Tử,0.0,0,48000,48000,1.0,1754
253205963,cau-be-bong-bong-p253205963,https://tiki.vn/cau-be-bong-bong-p253205963.html,Cậu Bé Bong Bóng,0.0,0,105000,105000,,1754
272571568,giang-the-to-hoai-p272571568,https://tiki.vn/giang-the-to-hoai-p272571568.html,Giăng Thề - Tô Hoài,0.0,0,50000,50000,,1754
270824330,kim-dong-doi-mat-cua-rung-p270824330,https://tiki.vn/kim-dong-doi-mat-cua-rung-p270824330.html,Kim Đồng - Đôi mắt của rừng,0.0,0,40000,40000,,1754
270824618,kim-dong-co-ban-la-co-ban-p270824618,https://tiki.vn/kim-dong-co-ban-la-co-ban-p270824618.html,Kim Đồng - Cơ Bản là Cơ Bản,0.0,0,48000,48000,,1754
228428244,choi-de-lon-khon-vl-p228428244,https://tiki.vn/choi-de-lon-khon-vl-p228428244.html,CHƠI ĐỂ LỚN KHÔN - VL,0.0,0,298000,298000,,1754
898296,combo-tat-tan-tat-cau-hoi-quai-dan-nhat-qua-dat-tron-bo-5-cuon-p898296,https://tiki.vn/combo-tat-tan-tat-cau-hoi-quai-dan-nhat-qua-dat-tron-bo-5-cuon-p898296.html,Combo Tất Tần Tật Câu Hỏi Quái Đản Nhất Quả Đất (Trọn Bộ 5 Cuốn),0.0,0,275000,275000,,1754
175526904,truyen-co-tich-viet-nam-tap-1-cay-tre-tram-dot-p175526904,https://tiki.vn/truyen-co-tich-viet-nam-tap-1-cay-tre-tram-dot-p175526904.html,Truyện Cổ Tích Việt Nam - Tập 1: Cây Tre Trăm Đốt,0.0,0,58000,58000,,1754
270824629,kim-dong-chu-rua-alfie-p270824629,https://tiki.vn/kim-dong-chu-rua-alfie-p270824629.html,Kim Đồng - Chú rùa Alfie,0.0,0,25000,25000,1.0,1754
248591361,sach-chu-ho-ma-thuat-vua-su-tu-da-banh-p248591361,https://tiki.vn/sach-chu-ho-ma-thuat-vua-su-tu-da-banh-p248591361.html,Sách Chú Hổ Ma Thuật - Vua Sư Tử Đá Banh,0.0,0,58000,58000,,1754
501593,sach-chuyen-gia-dinh-march-nhung-nguoi-vo-tot-p501593,https://tiki.vn/sach-chuyen-gia-dinh-march-nhung-nguoi-vo-tot-p501593.html,Sách Chuyện Gia Đình March - Những Người Vợ Tốt,0.0,0,100000,100000,,1754
137432880,sach-mai-am-chon-rung-sau-tap-1-ngoi-nha-dich-thuc-p137432880,https://tiki.vn/sach-mai-am-chon-rung-sau-tap-1-ngoi-nha-dich-thuc-p137432880.html,Sách Mái Ấm Chốn Rừng Sâu - Tập 1: Ngôi Nhà Đích Thực,0.0,0,48000,48000,,1754
275671205,momo-cu-dan-xom-hoa-mao-ga-p275671205,https://tiki.vn/momo-cu-dan-xom-hoa-mao-ga-p275671205.html,"Momo, Cư Dân Xóm Hoa Mào Gà",0.0,0,40000,40000,,1754
429451,sach-am-thanh-cua-sac-mau-p429451,https://tiki.vn/sach-am-thanh-cua-sac-mau-p429451.html,Sách Âm Thanh Của Sắc Màu,0.0,0,190000,190000,,1754
186165158,moi-tuoi-moi-tai-12-con-giap-tai-ban-2022-p186165158,https://tiki.vn/moi-tuoi-moi-tai-12-con-giap-tai-ban-2022-p186165158.html,Mỗi Tuổi Mỗi Tài - 12 Con Giáp (Tái Bản 2022),0.0,0,77000,77000,,1754
186369145,moi-tuoi-moi-tai-12-con-giap-tai-ban-2022-p186369145,https://tiki.vn/moi-tuoi-moi-tai-12-con-giap-tai-ban-2022-p186369145.html,Mỗi Tuổi Mỗi Tài - 12 Con Giáp (Tái Bản 2022),0.0,0,77000,77000,,1754
278834263,sach-we-are-friends-bia-cung-p278834263,https://tiki.vn/sach-we-are-friends-bia-cung-p278834263.html,Sách - We Are Friends - Bìa Cứng,0.0,0,120000,120000,,1754
277361962,nhung-tam-long-cao-ca-sach-song-ngu-van-hoc-kinh-dien-co-note-tu-vung-ta-ng-kem-file-nghe-p277361962,https://tiki.vn/nhung-tam-long-cao-ca-sach-song-ngu-van-hoc-kinh-dien-co-note-tu-vung-ta-ng-kem-file-nghe-p277361962.html,"Những tấm lòng cao cả - Sách song ngữ văn học kinh điển, có note từ vựng, tặng kèm file nghe",0.0,0,109000,109000,,1754
270824526,kim-dong-vo-chong-lao-twit-p270824526,https://tiki.vn/kim-dong-vo-chong-lao-twit-p270824526.html,Kim Đồng - Vợ chồng lão Twit,0.0,0,30000,30000,,1754
275106716,bay-voi-den-vu-hung-p275106716,https://tiki.vn/bay-voi-den-vu-hung-p275106716.html,Bầy Voi Đen - Vũ Hùng,0.0,0,80000,80000,,1754
279339707,cau-be-dong-song-p279339707,https://tiki.vn/cau-be-dong-song-p279339707.html,Cậu Bé Dòng Sông,0.0,0,65000,65000,,1754
273823497,combo-tho-gia-dinh-yeu-thuong-ong-ba-bo-me-dai-mai-tang-tay-chi-mat-cuoi-xinh-xan-p273823497,https://tiki.vn/combo-tho-gia-dinh-yeu-thuong-ong-ba-bo-me-dai-mai-tang-tay-chi-mat-cuoi-xinh-xan-p273823497.html,Combo Thơ gia đình yêu thương : Ông bà bố mẹ ( Đại Mai ) + Tặng tẩy chì mặt cười xinh xắn,0.0,0,128000,128000,4.0,1754
137440527,sach-nhung-su-tu-non-p137440527,https://tiki.vn/sach-nhung-su-tu-non-p137440527.html,Sách Những Sư Tử Non,0.0,0,40000,40000,3.0,1754
275888314,gio-von-trong-lieu-kenneth-grahame-kim-ngoc-dich-nxb-kim-dong-p275888314,https://tiki.vn/gio-von-trong-lieu-kenneth-grahame-kim-ngoc-dich-nxb-kim-dong-p275888314.html,GIÓ VỜN TRONG LIỄU - Kenneth Grahame - Kim Ngọc dịch - NXB Kim Đồng,0.0,0,120000,120000,,1754
275888304,truyen-ve-chu-tho-muu-meo-tuyen-chon-tu-tuyen-tap-truyen-bac-remus-cua-joel-chandler-harris-nxb-kim-dong-p275888304,https://tiki.vn/truyen-ve-chu-tho-muu-meo-tuyen-chon-tu-tuyen-tap-truyen-bac-remus-cua-joel-chandler-harris-nxb-kim-dong-p275888304.html,TRUYỆN VỀ CHÚ THỎ MƯU MẸO - Tuyển Chọn Từ Tuyển Tập Truyện “Bác Remus” Của Joel Chandler Harris - NXB Kim Đồng,0.0,0,105000,105000,,1754
275591781,ca-nha-ta-xong-pha-nguyen-thuy-tap-1-bo-lac-da-danh-cho-lua-tuoi-8-sen-trang-p275591781,https://tiki.vn/ca-nha-ta-xong-pha-nguyen-thuy-tap-1-bo-lac-da-danh-cho-lua-tuoi-8-sen-trang-p275591781.html,Cả Nhà Ta Xông Pha Nguyên Thuỷ - Tập 1: Bộ Lạc Đá (Dành Cho Lứa Tuổi 8+) - Sen Trắng,0.0,0,55000,55000,,1754
275671340,vong-nguyet-que-cho-momo-p275671340,https://tiki.vn/vong-nguyet-que-cho-momo-p275671340.html,Vòng Nguyệt Quế Cho Momo,0.0,0,50000,50000,,1754
26593712,sach-nhung-hinh-bong-cu-p26593712,https://tiki.vn/sach-nhung-hinh-bong-cu-p26593712.html,Sách Những Hình Bóng Cũ,0.0,0,58000,58000,,1754
392501,sach-happy-reader-nhen-chan-dai-kem-1cd-tai-ban-p392501,https://tiki.vn/sach-happy-reader-nhen-chan-dai-kem-1cd-tai-ban-p392501.html,Sách Happy Reader - Nhện Chân Dài (Kèm 1CD) - Tái Bản,0.0,0,42000,42000,,1754
270877735,tu-sach-tuoi-than-tien-neu-mot-ngay-chung-to-bien-mat-p270877735,https://tiki.vn/tu-sach-tuoi-than-tien-neu-mot-ngay-chung-to-bien-mat-p270877735.html,TỦ SÁCH TUỔI THẦN TIÊN - NẾU MỘT NGÀY CHÚNG TỚ BIẾN MẤT,0.0,0,85000,85000,1.0,1754
273683209,ngay-ba-hoa-nhung-vi-sao-p273683209,https://tiki.vn/ngay-ba-hoa-nhung-vi-sao-p273683209.html,Ngày ba hóa những vì sao,0.0,0,65000,65000,,1754
273503696,co-chu-robot-o-trong-vuon-p273503696,https://tiki.vn/co-chu-robot-o-trong-vuon-p273503696.html,Có Chú Robot Ở Trong Vườn,0.0,0,110000,110000,1.0,1754
273683202,gia-dinh-ben-song-p273683202,https://tiki.vn/gia-dinh-ben-song-p273683202.html,Gia đình bên sông,0.0,0,105000,105000,,1754
273976820,chu-rua-bay-p273976820,https://tiki.vn/chu-rua-bay-p273976820.html,Chú rùa bay,0.0,0,70000,70000,,1754
107471157,nhat-ky-chu-be-nhut-nhat-tap-11-cuoc-gap-doi-p107471157,https://tiki.vn/nhat-ky-chu-be-nhut-nhat-tap-11-cuoc-gap-doi-p107471157.html,Nhật Ký Chú Bé Nhút Nhát - Tập 11 Cược Gấp Đôi - Phiên bản Tiếng Việt,4.8,18,55000,46750,138.0,1754
277381319,sach-song-ngu-cong-chua-nho-a-little-princess-sach-kinh-dien-co-note-tu-vung-kem-file-nghe-p277381319,https://tiki.vn/sach-song-ngu-cong-chua-nho-a-little-princess-sach-kinh-dien-co-note-tu-vung-kem-file-nghe-p277381319.html,"Sách song ngữ Công Chúa Nhỏ - A Little Princess. Sách kinh điển, có note từ vựng, kèm file nghe",0.0,0,99000,84150,3.0,1754
271364215,nhung-cuoc-phieu-luu-cua-pinocchino_the-adventures-of-pinocchino-song-ngu-viet-anh-kem-audio-note-tu-moi-p271364215,https://tiki.vn/nhung-cuoc-phieu-luu-cua-pinocchino_the-adventures-of-pinocchino-song-ngu-viet-anh-kem-audio-note-tu-moi-p271364215.html,Những cuộc phiêu lưu của PINOCCHINO_The adventures of PINOCCHINO song ngữ Việt - Anh (kèm audio + note từ mới),0.0,0,89000,75650,3.0,1754
107485660,nhat-ky-chu-be-nhut-nhat-tap-8-thanh-nho-p107485660,https://tiki.vn/nhat-ky-chu-be-nhut-nhat-tap-8-thanh-nho-p107485660.html,Nhật Ký Chú Bé Nhút Nhát - Tập 8: Thánh Nhọ - phiên bản Tiếng Việt,5.0,17,55000,46750,157.0,1754
278320789,tron-bo-25-cuon-tieu-thuyet-van-hoc-kinh-dien-ban-song-ngu-kem-file-nghe-va-note-tu-vung-p278320789,https://tiki.vn/tron-bo-25-cuon-tieu-thuyet-van-hoc-kinh-dien-ban-song-ngu-kem-file-nghe-va-note-tu-vung-p278320789.html,Trọn Bộ 25 Cuốn Tiểu Thuyết Văn Học Kinh Điển Bản Song Ngữ - Kèm File Nghe Và Note Từ Vựng,0.0,0,2574000,2187900,,1754
278938689,boxset-nhat-ky-chu-be-nhut-nhat-disney-song-ngu-viet-anh-p278938689,https://tiki.vn/boxset-nhat-ky-chu-be-nhut-nhat-disney-song-ngu-viet-anh-p278938689.html,Boxset Nhật Ký Chú Bé Nhút Nhát Disney+ Song ngữ Việt–Anh,0.0,0,300000,255000,1.0,1754
272497629,hoang-tu-be-tai-ban-nam-2023-p272497629,https://tiki.vn/hoang-tu-be-tai-ban-nam-2023-p272497629.html,Hoàng Tử Bé (Tái bản năm 2023),0.0,0,75000,75000,1.0,1754
273868634,sariya-p273868634,https://tiki.vn/sariya-p273868634.html,Sariya,0.0,0,40000,40000,,1754
274056520,lauren-ipsum-va-cuoc-phieu-luu-toi-vung-dat-ky-ao-p274056520,https://tiki.vn/lauren-ipsum-va-cuoc-phieu-luu-toi-vung-dat-ky-ao-p274056520.html,Lauren Ipsum Và Cuộc Phiêu Lưu Tới Vùng Đất Kỳ Ảo,0.0,0,80000,80000,,1754
273868566,xuong-ca-biet-noi-p273868566,https://tiki.vn/xuong-ca-biet-noi-p273868566.html,Xương Cá Biết Nói,0.0,0,70000,70000,,1754
262055735,mai-nha-cua-con-p262055735,https://tiki.vn/mai-nha-cua-con-p262055735.html,Mái Nhà Của Con,5.0,1,90000,90000,4.0,1754
274595555,chay-nhay-tren-day-dien-p274595555,https://tiki.vn/chay-nhay-tren-day-dien-p274595555.html,Chạy Nhảy Trên Dây Điện,0.0,0,55000,55000,,1754
257859347,tron-bo-10-cuon-little-stories-p257859347,https://tiki.vn/tron-bo-10-cuon-little-stories-p257859347.html,Trọn Bộ 10 Cuốn Little Stories - Trau dồi vốn tiếng Anh hiệu quả,0.0,0,650000,650000,,1754
146271410,chuyen-no-than-p146271410,https://tiki.vn/chuyen-no-than-p146271410.html,Chuyện Nỏ Thần,0.0,0,45000,45000,,1754
194467985,dao-duc-hoc-_kv-p194467985,https://tiki.vn/dao-duc-hoc-_kv-p194467985.html,Đạo Đức Học _KV,0.0,0,268000,268000,2.0,1754
279572218,hoang-tu-be-le-petit-prince-antoine-de-saint-exupery-p279572218,https://tiki.vn/hoang-tu-be-le-petit-prince-antoine-de-saint-exupery-p279572218.html,Hoàng Tử Bé - Le Petit Prince - Antoine De Saint-Exupéry,0.0,0,120000,120000,,1754
198559512,combo-sach-toothiana-nu-hoang-cua-binh-doan-tien-rang-va-sach-tho-phuc-sinh-va-trung-chien-binh-trong-long-dat-p198559512,https://tiki.vn/combo-sach-toothiana-nu-hoang-cua-binh-doan-tien-rang-va-sach-tho-phuc-sinh-va-trung-chien-binh-trong-long-dat-p198559512.html,Combo Sách - Toothiana Nữ hoàng của binh đoàn Tiên Răng Và sách Thỏ phục sinh và Trứng chiến binh trong lòng đất,0.0,0,300000,300000,1.0,1754
82936579,em-doc-ngu-ngon-va-to-mau-kien-va-chim-bo-cau-p82936579,https://tiki.vn/em-doc-ngu-ngon-va-to-mau-kien-va-chim-bo-cau-p82936579.html,Em Đọc Ngụ Ngôn Và Tô Màu: Kiến Và Chim Bồ Câu,0.0,0,12000,12000,1.0,1754
253129550,van-hoc-tuoi-hoa-cay-quat-xu-gai-p253129550,https://tiki.vn/van-hoc-tuoi-hoa-cay-quat-xu-gai-p253129550.html,Văn Học Tuổi Hoa - Cây Quất Xù Gai,0.0,0,30000,30000,,1754
202961621,day-con-bang-ke-chuyen-to-khong-tuc-gian-p202961621,https://tiki.vn/day-con-bang-ke-chuyen-to-khong-tuc-gian-p202961621.html,Dạy Con Bằng Kể Chuyện - Tớ Không Tức Giận,0.0,0,38000,38000,,1754
273238511,tu-sach-vang-tac-pham-chon-loc-danh-cho-thieu-nhi-tuoi-tho-em-dem-tai-ban-2023-p273238511,https://tiki.vn/tu-sach-vang-tac-pham-chon-loc-danh-cho-thieu-nhi-tuoi-tho-em-dem-tai-ban-2023-p273238511.html,Tủ Sách Vàng - Tác Phẩm Chọn Lọc Dành Cho Thiếu Nhi - Tuổi Thơ Êm Đềm (Tái Bản 2023),0.0,0,50000,50000,1.0,1754
263091510,tu-sach-tuoi-than-tien-nhac-si-duong-pho-p263091510,https://tiki.vn/tu-sach-tuoi-than-tien-nhac-si-duong-pho-p263091510.html,Tủ Sách Tuổi Thần Tiên - Nhạc Sĩ Đường Phố,0.0,0,40000,40000,1.0,1754
263063925,tu-sach-tuoi-than-tien-con-chi-can-mot-ngoi-truong-nho-dua-tren-nhat-ki-cua-mot-cau-be-truot-tieu-hoc-p263063925,https://tiki.vn/tu-sach-tuoi-than-tien-con-chi-can-mot-ngoi-truong-nho-dua-tren-nhat-ki-cua-mot-cau-be-truot-tieu-hoc-p263063925.html,"Tủ Sách Tuổi Thần Tiên - Con Chỉ Cần Một Ngôi Trường Nhỏ (Dựa Trên ""Nhật Kí"" Của Một Cậu Bé Trượt Tiểu Học)",0.0,0,45000,45000,,1754
274118126,doi-nhoc-sieu-dang-tap-4-lat-mat-p274118126,https://tiki.vn/doi-nhoc-sieu-dang-tap-4-lat-mat-p274118126.html,Đội Nhóc Siêu Đẳng - Tập 4: Lật Mặt,0.0,0,89000,89000,,1754
274840232,big-nate-tap-1-thanh-nho-p274840232,https://tiki.vn/big-nate-tap-1-thanh-nho-p274840232.html,Big Nate - Tập 1: Thánh Nhọ,5.0,1,59000,59000,8.0,1754
217765722,combo-co-be-oc-sen-nguoi-ban-nho-cua-sao-thien-lang-p217765722,https://tiki.vn/combo-co-be-oc-sen-nguoi-ban-nho-cua-sao-thien-lang-p217765722.html,"Sách - Combo 2 cuốn: Cô bé Ôc sên, Người bạn nhỏ của Sao Thiên Lang",0.0,0,170000,170000,3.0,1754
278108328,sach-nam-nghe-bo-ke-p278108328,https://tiki.vn/sach-nam-nghe-bo-ke-p278108328.html,"Sách - Nằm nghe bố kể, tác giả: Khuê Nguyễn",0.0,0,80000,80000,1.0,1754
50322144,combo-happy-reader-tam-muoi-ngay-vong-quanh-the-gioi-tai-ban-sach-kem-cd-p50322144,https://tiki.vn/combo-happy-reader-tam-muoi-ngay-vong-quanh-the-gioi-tai-ban-sach-kem-cd-p50322144.html,Combo Happy Reader - Tám Mươi Ngày Vòng Quanh Thế Giới (Tái Bản) - Sách Kèm CD,0.0,0,58000,58000,,1754
114945754,sach-ke-chuyen-guong-hieu-thao-tsth-p114945754,https://tiki.vn/sach-ke-chuyen-guong-hieu-thao-tsth-p114945754.html,Sách: Kể Chuyện Gương Hiếu Thảo - TSTH,0.0,0,64000,64000,,1754
274444057,101-truyen-hay-theo-buoc-be-gai-truong-thanh-ban-quyen-p274444057,https://tiki.vn/101-truyen-hay-theo-buoc-be-gai-truong-thanh-ban-quyen-p274444057.html,101 Truyện Hay Theo Bước Bé Gái Trường Thành - Bản Quyền,0.0,0,90000,90000,,1754
171651762,bo-tui-truyen-co-grim-bo-7-tap-p171651762,https://tiki.vn/bo-tui-truyen-co-grim-bo-7-tap-p171651762.html,Bộ Túi Truyện Cổ Grim (Bộ 7 Tập),0.0,0,90000,90000,,1754
192950669,101-truyen-hay-ve-tri-thong-minh-tai-ban-p192950669,https://tiki.vn/101-truyen-hay-ve-tri-thong-minh-tai-ban-p192950669.html,101 Truyện Hay Về Trí Thông Minh (Tái Bản),0.0,0,90000,90000,,1754
274444061,100-truyen-hay-ren-duc-tinh-tot-ban-quyen-p274444061,https://tiki.vn/100-truyen-hay-ren-duc-tinh-tot-ban-quyen-p274444061.html,100 Truyện Hay Rèn Đức Tính Tốt - Bản Quyền,0.0,0,90000,90000,,1754
138625673,ong-gia-khottabych-tai-ban-p138625673,https://tiki.vn/ong-gia-khottabych-tai-ban-p138625673.html,Ông Già Khottabych (Tái Bản),0.0,0,120000,120000,,1754
274612301,truyen-ke-5-phut-nhung-cau-chuyen-ve-phep-tac-ung-xu-p274612301,https://tiki.vn/truyen-ke-5-phut-nhung-cau-chuyen-ve-phep-tac-ung-xu-p274612301.html,Truyện Kể 5 Phút: Những Câu Chuyện Về Phép Tắc Ứng Xử - ML,0.0,0,65000,65000,,1754
273587242,sach-hay-danh-cho-thieu-nhi-nhung-cau-do-cua-bong-dem-p273587242,https://tiki.vn/sach-hay-danh-cho-thieu-nhi-nhung-cau-do-cua-bong-dem-p273587242.html,Sách Hay Dành Cho Thiếu Nhi- Những Câu Đố Của Bóng Đêm,0.0,0,95000,95000,,1754
273645161,nhung-truyen-hay-viet-cho-thieu-nhi-vu-hung-tai-ban-2023-p273645161,https://tiki.vn/nhung-truyen-hay-viet-cho-thieu-nhi-vu-hung-tai-ban-2023-p273645161.html,Những Truyện Hay Viết Cho Thiếu Nhi - Vũ Hùng (Tái Bản 2023),0.0,0,85000,85000,,1754
191923838,cay-bach-xu-truyen-co-grimm-kinh-di-duoc-ke-bang-tranh-p191923838,https://tiki.vn/cay-bach-xu-truyen-co-grimm-kinh-di-duoc-ke-bang-tranh-p191923838.html,Cây Bách Xù (Truyện Cổ Grimm Kinh Dị Được Kể Bằng Tranh),0.0,0,129000,129000,,1754
270824711,kim-dong-phu-thuy-so-ma-p270824711,https://tiki.vn/kim-dong-phu-thuy-so-ma-p270824711.html,Kim Đồng - Phù thủy sợ ma,0.0,0,90000,90000,,1754
273582996,nhung-truyen-hay-viet-cho-thieu-nhi-vu-hung-p273582996,https://tiki.vn/nhung-truyen-hay-viet-cho-thieu-nhi-vu-hung-p273582996.html,NHỮNG TRUYỆN HAY VIẾT CHO THIẾU NHI - VŨ HÙNG,0.0,0,85000,85000,,1754
274445163,101-truyen-hay-ve-tri-thong-minh-ban-quyen-p274445163,https://tiki.vn/101-truyen-hay-ve-tri-thong-minh-ban-quyen-p274445163.html,101 Truyện Hay Về Trí Thông Minh - Bản Quyền,0.0,0,90000,90000,,1754
270824224,kim-dong-noriko-matsui-tinh-yeu-lam-dat-la-hoa-que-huong-p270824224,https://tiki.vn/kim-dong-noriko-matsui-tinh-yeu-lam-dat-la-hoa-que-huong-p270824224.html,Kim Đồng - Noriko Matsui - Tình yêu làm đất lạ hóa quê hương,0.0,0,185000,185000,,1754
219161766,sach-kiet-tac-vi-dai-cua-long-vi-tha-p219161766,https://tiki.vn/sach-kiet-tac-vi-dai-cua-long-vi-tha-p219161766.html,Sách Kiệt tác vĩ đại của lòng vị tha,0.0,0,39000,31200,40.0,1754
270824342,kim-dong-hoc-tro-pho-huyen-p270824342,https://tiki.vn/kim-dong-hoc-tro-pho-huyen-p270824342.html,Kim Đồng - Học trò phố huyện,0.0,0,160000,160000,,1754
58458526,bo-cong-anh-nho-p58458526,https://tiki.vn/bo-cong-anh-nho-p58458526.html,Bồ công anh nhỏ,0.0,0,69000,69000,,1754
169887127,365-truyen-ke-hang-dem-mua-thu-p169887127,https://tiki.vn/365-truyen-ke-hang-dem-mua-thu-p169887127.html,365 Truyện Kể Hằng Đêm - Mùa Thu,0.0,0,95000,95000,,1754
270824210,kim-dong-truyen-co-tich-kazakhstan-tap-2-p270824210,https://tiki.vn/kim-dong-truyen-co-tich-kazakhstan-tap-2-p270824210.html,Kim Đồng - Truyện cổ tích Kazakhstan - Tập 2,0.0,0,220000,220000,,1754
201679832,100-truyen-ngu-ngon-song-ngu-anh-viet-hay-nhat-p201679832,https://tiki.vn/100-truyen-ngu-ngon-song-ngu-anh-viet-hay-nhat-p201679832.html,100 Truyện Ngụ Ngôn Song Ngữ Anh - Việt Hay Nhất,0.0,0,125000,125000,,1754
184779705,sach-hip-hop-o-xu-so-cua-ellsaby-p184779705,https://tiki.vn/sach-hip-hop-o-xu-so-cua-ellsaby-p184779705.html,Sách Hip Hop ở xứ sở của Ellsaby,0.0,0,55000,55000,,1754
172905869,hoang-tu-va-chu-be-ngheo-kho-p172905869,https://tiki.vn/hoang-tu-va-chu-be-ngheo-kho-p172905869.html,Hoàng Tử Và Chú Bé Nghèo Khổ 	,3.0,2,132000,132000,6.0,1754
263479771,van-hoc-tuoi-hoa-can-cuoc-u-minh-p263479771,https://tiki.vn/van-hoc-tuoi-hoa-can-cuoc-u-minh-p263479771.html,Văn Học Tuổi Hoa - Căn Cước U Minh,0.0,0,50000,50000,,1754
272565454,tu-sach-vang-tac-pham-chon-loc-danh-cho-thieu-nhi-den-va-beo-p272565454,https://tiki.vn/tu-sach-vang-tac-pham-chon-loc-danh-cho-thieu-nhi-den-va-beo-p272565454.html,Tủ Sách Vàng -  Tác Phẩm Chọn Lọc Dành Cho Thiếu Nhi - Đen Và Béo,0.0,0,45000,45000,1.0,1754
260941671,chuyen-gia-dinh-march-nhung-nguoi-vo-tot-p260941671,https://tiki.vn/chuyen-gia-dinh-march-nhung-nguoi-vo-tot-p260941671.html,Chuyện Gia Đình March - Những Người Vợ Tốt,0.0,0,100000,100000,1.0,1754
203840756,sach-meo-chien-binh-tap-4-bao-noi-p203840756,https://tiki.vn/sach-meo-chien-binh-tap-4-bao-noi-p203840756.html,Sách - Mèo chiến binh (Tập 4) - Bão nổi,0.0,0,136000,136000,,1754
179231949,a-le-hap-the-gioi-chim-p179231949,https://tiki.vn/a-le-hap-the-gioi-chim-p179231949.html,A Lê Hấp! - Thế Giới Chim,0.0,0,199000,199000,,1754
246397560,phan-tich-khach-hang-for-dummies-p246397560,https://tiki.vn/phan-tich-khach-hang-for-dummies-p246397560.html,Phân Tích Khách Hàng For Dummies,0.0,0,229000,229000,,1754
203841266,sach-chien-binh-cau-vong-tb-2020-p203841266,https://tiki.vn/sach-chien-binh-cau-vong-tb-2020-p203841266.html,Sách - Chiến binh cầu vồng (TB 2020),0.0,0,135000,135000,,1754
179231959,a-le-hap-the-gioi-bo-p179231959,https://tiki.vn/a-le-hap-the-gioi-bo-p179231959.html,A Lê Hấp! - Thế Giới Bọ,0.0,0,199000,199000,,1754
249219614,chu-heo-giang-sinh-p249219614,https://tiki.vn/chu-heo-giang-sinh-p249219614.html,Chú heo Giáng Sinh,0.0,0,150000,150000,,1754
194208312,combo-2q-sach-van-hoc-thieu-nhi-evie-va-biet-tai-bi-mat-evie-va-cuoc-phieu-luu-o-rung-nhiet-doi-p194208312,https://tiki.vn/combo-2q-sach-van-hoc-thieu-nhi-evie-va-biet-tai-bi-mat-evie-va-cuoc-phieu-luu-o-rung-nhiet-doi-p194208312.html,Combo 2Q Sách Văn Học Thiếu Nhi : Evie Và Biệt Tài Bí Mật + Evie Và Cuộc Phiêu Lưu Ở Rừng Nhiệt Đới,0.0,0,228000,228000,,1754
197725683,sach-nhat-ky-co-giao-hoc-ky-thu-p197725683,https://tiki.vn/sach-nhat-ky-co-giao-hoc-ky-thu-p197725683.html,Sách Nhật ký cô giáo - Học kỳ thu,0.0,0,60000,60000,,1754
263097035,thung-lung-dong-vang-p263097035,https://tiki.vn/thung-lung-dong-vang-p263097035.html,Thung Lũng Đồng Vang,0.0,0,110000,110000,,1754
242101799,sach-lu-tre-duong-tau-p242101799,https://tiki.vn/sach-lu-tre-duong-tau-p242101799.html,Sách - Lũ trẻ đường tàu - Nhã nam,0.0,0,85000,85000,,1754
242443816,sach-tieu-thu-charity-p242443816,https://tiki.vn/sach-tieu-thu-charity-p242443816.html,Sách - Tiểu thư Charity,0.0,0,179000,179000,,1754
274872503,sach-trum-nhi-xam-xi-101-bi-quyet-sieu-hay-ma-nguoi-lon-se-khong-noi-cho-ban-bia-mem-p274872503,https://tiki.vn/sach-trum-nhi-xam-xi-101-bi-quyet-sieu-hay-ma-nguoi-lon-se-khong-noi-cho-ban-bia-mem-p274872503.html,Sách - Trùm Nhí Xàm Xí (101 Bí Quyết Siêu Hay Mà Người Lớn Sẽ Không Nói Cho Bạn) - Bìa Mềm,0.0,0,89000,89000,,1754
249962222,hip-hop-o-xu-so-cua-ellsaby-p249962222,https://tiki.vn/hip-hop-o-xu-so-cua-ellsaby-p249962222.html,Hip Hop ở xứ sở của Ellsaby,0.0,0,55000,55000,,1754
108002773,sach-the-lemonade-war-thuong-vu-nuoc-chanh-p108002773,https://tiki.vn/sach-the-lemonade-war-thuong-vu-nuoc-chanh-p108002773.html,Sách - The Lemonade War: thương vụ nước chanh,0.0,0,109000,109000,,1754
214949145,ti-toay-moi-ngay-50-y-tuong-thu-cong-sang-tao-tai-nha-ban-quyen-p214949145,https://tiki.vn/ti-toay-moi-ngay-50-y-tuong-thu-cong-sang-tao-tai-nha-ban-quyen-p214949145.html,Tí Toáy Mỗi Ngày – 50 Ý Tưởng Thủ Công Sáng Tạo Tại Nhà - Bản Quyền,0.0,0,129000,129000,,1754
194208432,sach-van-hoc-thieu-nhi-evie-va-cuoc-phieu-luu-o-rung-nhiet-doi-p194208432,https://tiki.vn/sach-van-hoc-thieu-nhi-evie-va-cuoc-phieu-luu-o-rung-nhiet-doi-p194208432.html,Sách Văn Học Thiếu Nhi : Evie Và Cuộc Phiêu Lưu Ở Rừng Nhiệt Đới,0.0,0,89000,89000,,1754
108002264,the-lemonade-war-phien-toa-khoi-bon-p108002264,https://tiki.vn/the-lemonade-war-phien-toa-khoi-bon-p108002264.html,The Lemonade War: Phiên Tòa Khối Bốn,0.0,0,109000,109000,,1754
195662375,lam-sao-day-darla-truyen-ke-ngoai-khong-gian-cua-phi-hanh-gia-tap-su-p195662375,https://tiki.vn/lam-sao-day-darla-truyen-ke-ngoai-khong-gian-cua-phi-hanh-gia-tap-su-p195662375.html, Làm Sao Đây Darla - Truyện Kể Ngoài Không Gian Của Phi Hành Gia Tập Sự ,0.0,0,119000,101000,1.0,1754
183677388,steam-to-la-nha-che-tao-robot-p183677388,https://tiki.vn/steam-to-la-nha-che-tao-robot-p183677388.html,Steam - Tớ Là Nhà Chế Tạo Robot,0.0,0,126000,126000,,1754
273823480,nhung-ngay-hanh-phuc-o-lang-on-ao-_pnu-p273823480,https://tiki.vn/nhung-ngay-hanh-phuc-o-lang-on-ao-_pnu-p273823480.html,Những Ngày Hạnh Phúc Ở Làng Ồn Ào _PNU,0.0,0,69000,69000,,1754
263096402,ba-do-p263096402,https://tiki.vn/ba-do-p263096402.html,Bà Đỡ,0.0,0,95000,95000,,1754
272891031,ha-noi-reminiscences-of-thousand-years-p272891031,https://tiki.vn/ha-noi-reminiscences-of-thousand-years-p272891031.html,Hà Nội - Reminiscences Of Thousand Years,0.0,0,285000,285000,,1754
270969691,nhung-quai-nu-trong-lich-su-100-bong-hong-khong-phai-dang-vua-thay-doi-the-gioi-ann-shen-pn-p270969691,https://tiki.vn/nhung-quai-nu-trong-lich-su-100-bong-hong-khong-phai-dang-vua-thay-doi-the-gioi-ann-shen-pn-p270969691.html,"Những Quái Nữ Trong Lịch Sử - 100 Bóng Hồng ""Không Phải Dạng Vừa"" Thay Đổi Thế Giới - Ann Shen (PN)",0.0,0,189000,189000,,1754
275264622,billy-ca-lam-p275264622,https://tiki.vn/billy-ca-lam-p275264622.html,Billy Cà Lăm,0.0,0,149000,149000,,1754
242101767,sach-chuyen-phieu-luu-dieu-ky-cua-edward-tulane-tb-2019-p242101767,https://tiki.vn/sach-chuyen-phieu-luu-dieu-ky-cua-edward-tulane-tb-2019-p242101767.html,Sách - Chuyến phiêu lưu diệu kỳ của Edward Tulane TB 2019 - Nhã nam,0.0,0,90000,90000,,1754
205116902,truyen-thieu-nhi-hat-giong-tam-hon-nhung-bong-hoa-hinh-trai-tim-_fn-p205116902,https://tiki.vn/truyen-thieu-nhi-hat-giong-tam-hon-nhung-bong-hoa-hinh-trai-tim-_fn-p205116902.html,Truyện Thiếu Nhi Hạt Giống Tâm Hồn - Những Bông Hoa Hình Trái Tim _FN,0.0,0,56000,56000,,1754
249678279,gui-be-yeu-le-do-quynh-huong-p249678279,https://tiki.vn/gui-be-yeu-le-do-quynh-huong-p249678279.html,Gửi Bé Yêu - Lê Đỗ Quỳnh Hương,0.0,0,250000,250000,1.0,1754
262694817,lu-tre-lang-on-ao-vui-oi-la-vui-_pnu-p262694817,https://tiki.vn/lu-tre-lang-on-ao-vui-oi-la-vui-_pnu-p262694817.html,Lũ Trẻ Làng Ồn Ào Vui Ơi Là Vui _PNU,0.0,0,79000,79000,,1754
273868447,sieu-phi-doi-5m-nhung-cuoc-phieu-luu-tham-hiem-cung-tam-ban-do-bay-sieu-toc-tap-1-p273868447,https://tiki.vn/sieu-phi-doi-5m-nhung-cuoc-phieu-luu-tham-hiem-cung-tam-ban-do-bay-sieu-toc-tap-1-p273868447.html,"Siêu Phi Đội ""5M"" Những Cuộc Phiêu Lưu, Thám Hiểm Cùng Tấm Bản Đồ Bay Siêu Tốc - Tập 1",0.0,0,50000,50000,,1754
350846,sach-happy-reader-tam-muoi-ngay-vong-quanh-the-gioi-kem-1-cd-p350846,https://tiki.vn/sach-happy-reader-tam-muoi-ngay-vong-quanh-the-gioi-kem-1-cd-p350846.html,Sách Happy Reader - Tám Mươi Ngày Vòng Quanh Thế Giới (Kèm 1 CD),0.0,0,58000,58000,,1754
273328642,nhung-truyen-hay-viet-cho-thieu-nhi-vu-hung-p273328642,https://tiki.vn/nhung-truyen-hay-viet-cho-thieu-nhi-vu-hung-p273328642.html,NHỮNG TRUYỆN HAY VIẾT CHO THIẾU NHI - VŨ HÙNG,0.0,0,85000,85000,,1754
203840990,sach-hoang-tu-be-tai-ban-2019-p203840990,https://tiki.vn/sach-hoang-tu-be-tai-ban-2019-p203840990.html,Sách - Hoàng tử bé (Tái bản 2019),0.0,0,75000,75000,2.0,1754
203841133,sach-chuyen-phieu-luu-dieu-ky-cua-edward-tulane-tb-2019-p203841133,https://tiki.vn/sach-chuyen-phieu-luu-dieu-ky-cua-edward-tulane-tb-2019-p203841133.html,Sách - Chuyến phiêu lưu diệu kỳ của Edward Tulane (TB 2019),0.0,0,92000,92000,,1754
277873882,20-dieu-quan-trong-nhat-noi-voi-con-ve-nhung-dieu-quy-gia-trong-doi-tang-kem-bookmark-cu-meo-so-tay-xuong-rong-p277873882,https://tiki.vn/20-dieu-quan-trong-nhat-noi-voi-con-ve-nhung-dieu-quy-gia-trong-doi-tang-kem-bookmark-cu-meo-so-tay-xuong-rong-p277873882.html,20 điều quan trọng nhất nói với con về những điều quý giá trong đời (Tặng Kèm Bookmark CÚ MÈO + SỔ TAY XƯƠNG RỒNG),0.0,0,82000,82000,,1754
277873782,mot-xu-mot-ngay-tang-kem-bookmark-cu-meo-so-tay-xuong-rong-p277873782,https://tiki.vn/mot-xu-mot-ngay-tang-kem-bookmark-cu-meo-so-tay-xuong-rong-p277873782.html,Một xu một ngày (Tặng kèm Bookmark CÚ MÈO + SỔ TAY XƯƠNG RỒNG),0.0,0,150000,150000,2.0,1754
277873780,lon-len-tren-dao-vang-tang-kem-bookmark-cu-meo-so-tay-xuong-rong-p277873780,https://tiki.vn/lon-len-tren-dao-vang-tang-kem-bookmark-cu-meo-so-tay-xuong-rong-p277873780.html,Lớn lên trên đảo vắng (Tặng kèm Bookmark CÚ MÈO + SỔ TAY XƯƠNG RỒNG),0.0,0,95000,95000,,1754
277874421,kho-bau-mat-tich-tang-kem-bookmark-cu-meo-so-tay-xuong-rong-p277874421,https://tiki.vn/kho-bau-mat-tich-tang-kem-bookmark-cu-meo-so-tay-xuong-rong-p277874421.html, Kho báu mất tích (Tặng Kèm Bookmark CÚ MÈO + SỔ TAY XƯƠNG RỒNG),0.0,0,85000,85000,,1754
207741374,5-ngay-di-bui-hay-cuoc-phieu-luu-ky-la-cua-cau-nhoc-ung-thu-tai-ban-p207741374,https://tiki.vn/5-ngay-di-bui-hay-cuoc-phieu-luu-ky-la-cua-cau-nhoc-ung-thu-tai-ban-p207741374.html, 5 ngày đi bụi hay cuộc phiêu lưu kỳ lạ của cậu nhóc ung thư ( Tái Bản ),0.0,0,88000,88000,,1754
137404517,sach-lu-tre-lang-on-ao-p137404517,https://tiki.vn/sach-lu-tre-lang-on-ao-p137404517.html,Sách Lũ Trẻ Làng Ồn Ào,0.0,0,54000,54000,,1754
89593986,sach-bo-ba-bat-hao-quay-len-nao-tinh-ban-la-vo-gia-p89593986,https://tiki.vn/sach-bo-ba-bat-hao-quay-len-nao-tinh-ban-la-vo-gia-p89593986.html,Sách Bộ Ba Bất Hảo - Quẩy Lên Nào! - Tình Bạn Là Vô Giá,0.0,0,118000,99120,,1754
276273799,nhung-con-meo-sau-buc-tuong-hoa-p276273799,https://tiki.vn/nhung-con-meo-sau-buc-tuong-hoa-p276273799.html,Những Con Mèo Sau Bức Tường Hoa,0.0,0,59000,59000,1.0,1754
274118118,doi-nhoc-sieu-dang-tap-1-cuoc-gap-go-dieu-ky-p274118118,https://tiki.vn/doi-nhoc-sieu-dang-tap-1-cuoc-gap-go-dieu-ky-p274118118.html,Đội Nhóc Siêu Đẳng - Tập 1: Cuộc Gặp Gỡ Diệu Kỳ,0.0,0,89000,89000,1.0,1754
276275757,sach-canh-buom-do-tham-song-ngu-anh-viet-p276275757,https://tiki.vn/sach-canh-buom-do-tham-song-ngu-anh-viet-p276275757.html,Sách Cánh Buồm Đỏ Thắm ''Song Ngữ Anh - Việt'',0.0,0,135000,135000,5.0,1754
33421653,tu-sach-vang-thieu-nhi-101-truyen-giup-be-ngu-ngon-101-truyen-o-nong-trai-tang-kem-postcard-greenlife-p33421653,https://tiki.vn/tu-sach-vang-thieu-nhi-101-truyen-giup-be-ngu-ngon-101-truyen-o-nong-trai-tang-kem-postcard-greenlife-p33421653.html,Cổ Tích Vàng Tủ Sách Vàng Thiếu Nhi : 101 Truyện Kể Cho Bé Giúp Bé Ngủ Ngon + 101 Truyện Kể Cho Bé Ở Nông Trại ( Tặng Kèm Postcard Greenlife ),4.5,4,253502,253502,20.0,1754
202961547,truyen-dong-thoai-vo-quang-tai-ban-2022-p202961547,https://tiki.vn/truyen-dong-thoai-vo-quang-tai-ban-2022-p202961547.html,Truyện Đồng Thoại Võ Quảng (Tái Bản 2022),0.0,0,150000,150000,,1754
270214740,muu-gia-cat-le-van-truong-sach-thieu-nhi-p270214740,https://tiki.vn/muu-gia-cat-le-van-truong-sach-thieu-nhi-p270214740.html,Mưu Gia Cát - Lê Văn Trương - Sách thiếu nhi,0.0,0,29000,29000,,1754
277772030,sach-nhung-cau-chuyen-phieu-luu-danh-cho-be-ndbooks-p277772030,https://tiki.vn/sach-nhung-cau-chuyen-phieu-luu-danh-cho-be-ndbooks-p277772030.html,Sách - Những Câu Chuyện Phiêu Lưu Dành Cho Bé - ndbooks,0.0,0,216000,216000,1.0,1754
270256964,van-hoc-thieu-nhi-tren-tuan-bao-truyen-ba-bo-15-cuon-p270256964,https://tiki.vn/van-hoc-thieu-nhi-tren-tuan-bao-truyen-ba-bo-15-cuon-p270256964.html,Văn Học Thiếu Nhi Trên Tuần Báo Truyền Bá (Bộ 15 Cuốn),0.0,0,463500,463500,,1754
113768820,gelsomino-o-xu-so-noi-doi-p113768820,https://tiki.vn/gelsomino-o-xu-so-noi-doi-p113768820.html,Gelsomino ở xứ sở nói dối,0.0,0,60000,60000,4.0,1754
194103004,sach-goc-san-va-khoang-troi-con-buom-vang-p194103004,https://tiki.vn/sach-goc-san-va-khoang-troi-con-buom-vang-p194103004.html,Sách: Góc Sân Và Khoảng Trời - Con Bướm Vàng,0.0,0,77072,77072,,1754
197889393,sach-toothiana-nu-hoang-cua-binh-doan-tien-rang-william-joyce-p197889393,https://tiki.vn/sach-toothiana-nu-hoang-cua-binh-doan-tien-rang-william-joyce-p197889393.html,Sách - Toothiana Nữ hoàng của binh đoàn Tiên Răng - WIlliam Joyce,0.0,0,150000,150000,1.0,1754
277341435,nicholas-st-north-va-tran-chien-voi-vua-ac-mong-william-joyce-nxb-da-nang-p277341435,https://tiki.vn/nicholas-st-north-va-tran-chien-voi-vua-ac-mong-william-joyce-nxb-da-nang-p277341435.html,Nicholas St.North và Trận chiến với vua Ác Mộng - William Joyce -  NXB Đà Nẵng,0.0,0,122900,122900,,1754
273850793,lang-on-ao-vui-oi-la-vui-nothing-but-fun-in-noisy-village-song-ngu-viet-anh-p273850793,https://tiki.vn/lang-on-ao-vui-oi-la-vui-nothing-but-fun-in-noisy-village-song-ngu-viet-anh-p273850793.html,Làng Ồn Ào Vui Ơi Là Vui - Nothing But Fun In Noisy Village (Song Ngữ Việt-Anh),0.0,0,88000,88000,,1754
272981458,tu-sach-thieu-nhi-kinh-dien-heidi-cuon-sach-danh-cho-tre-em-va-nhung-ai-yeu-tre-em_pnu-p272981458,https://tiki.vn/tu-sach-thieu-nhi-kinh-dien-heidi-cuon-sach-danh-cho-tre-em-va-nhung-ai-yeu-tre-em_pnu-p272981458.html,Tủ Sách Thiếu Nhi Kinh Điển - Heidi - Cuốn Sách Dành Cho Trẻ Em Và Những Ai Yêu Trẻ Em_PNU,0.0,0,108451,108451,1.0,1754
270767786,nhung-ve-than-cua-tuoi-tho-toothiana-nu-hoang-cua-binh-doan-tien-rang-p270767786,https://tiki.vn/nhung-ve-than-cua-tuoi-tho-toothiana-nu-hoang-cua-binh-doan-tien-rang-p270767786.html,Những Vệ Thần Của Tuổi Thơ - Toothiana - Nữ Hoàng Của Binh Đoàn Tiên Răng,0.0,0,122900,122900,,1754
229777836,baba-yaga-nguoi-don-linh-hon-p229777836,https://tiki.vn/baba-yaga-nguoi-don-linh-hon-p229777836.html,Baba Yaga người đón linh hồn ,0.0,0,107989,107989,,1754
209319656,than-mong-mo-va-cuoc-chien-giac-mo-nhung-ve-than-cua-tuoi-tho-william-joyce-p209319656,https://tiki.vn/than-mong-mo-va-cuoc-chien-giac-mo-nhung-ve-than-cua-tuoi-tho-william-joyce-p209319656.html,Thần Mộng Mơ và cuộc chiến giấc mơ - Những Vệ Thần Của Tuổi Thơ (William Joyce),0.0,0,122900,122900,,1754
132302658,sach-kinh-yoga-cua-patanjali-thay-sri-sri-ravi-shankar-binh-giang-p132302658,https://tiki.vn/sach-kinh-yoga-cua-patanjali-thay-sri-sri-ravi-shankar-binh-giang-p132302658.html,Sách - Kinh Yoga của Patanjali - thầy Sri Sri Ravi Shankar bình giảng,0.0,0,81600,81600,,1754
213936067,neu-mot-ngay-chung-to-bien-mat-p213936067,https://tiki.vn/neu-mot-ngay-chung-to-bien-mat-p213936067.html,Nếu Một Ngày Chúng Tớ Biến Mất,0.0,0,85000,85000,1.0,1754
274471126,cham-tay-vao-toan-hoc-chuyen-phieu-luu-cua-cua-an-si-p274471126,https://tiki.vn/cham-tay-vao-toan-hoc-chuyen-phieu-luu-cua-cua-an-si-p274471126.html,Chạm Tay Vào Toán Học - Chuyến Phiêu Lưu Của Cua Ẩn Sĩ,0.0,0,45000,45000,,1754
275731587,vien-ngoc-trai-ki-dieu-p275731587,https://tiki.vn/vien-ngoc-trai-ki-dieu-p275731587.html,Viên Ngọc Trai Kì Diệu,0.0,0,95000,95000,,1754
275728023,cung-con-di-khap-the-gian-p275728023,https://tiki.vn/cung-con-di-khap-the-gian-p275728023.html,Cùng Con Đi Khắp Thế Gian,0.0,0,55000,55000,,1754
278378985,thoi-tho-au-cua-cac-huyen-thoai-am-nhac-chuyen-that-chua-ke-p278378985,https://tiki.vn/thoi-tho-au-cua-cac-huyen-thoai-am-nhac-chuyen-that-chua-ke-p278378985.html,Thời Thơ Ấu Của Các Huyền Thoại Âm Nhạc - Chuyện Thật Chưa Kể,0.0,0,55000,55000,,1754
273456604,can-nha-giua-nhung-dam-may-la-cuon-sach-nuoi-duong-tam-hon-p273456604,https://tiki.vn/can-nha-giua-nhung-dam-may-la-cuon-sach-nuoi-duong-tam-hon-p273456604.html,Căn Nhà Giữa Những Đám Mây-Là Cuốn Sách Nuôi Dưỡng Tâm Hồn,0.0,0,104000,104000,,1754
146272327,nhat-ki-cua-chu-be-phil-mot-sach-tap-3-p146272327,https://tiki.vn/nhat-ki-cua-chu-be-phil-mot-sach-tap-3-p146272327.html,Nhật Kí Của Chú Bé Phil Mọt Sách - Tập 3,0.0,0,52245,52245,,1754
184507159,kem-dau-trung-loi-nguyen-dau-an-the-he-moi-p184507159,https://tiki.vn/kem-dau-trung-loi-nguyen-dau-an-the-he-moi-p184507159.html,Kem Dâu Trúng Lời Nguyền [Dấu Ấn Thế Hệ Mới],0.0,0,79106,79106,,1754
174449938,nhung-ve-than-cua-tuoi-tho-tho-phuc-sinh-va-trung-chien-binh-trong-long-trai-dat-william-joyce-p174449938,https://tiki.vn/nhung-ve-than-cua-tuoi-tho-tho-phuc-sinh-va-trung-chien-binh-trong-long-trai-dat-william-joyce-p174449938.html,NHỮNG VỆ THẦN CỦA TUỔI THƠ - THỎ PHỤC SINH VÀ TRỨNG CHIẾN BINH TRONG LÒNG TRÁI ĐẤT (WILLIAM JOYCE),0.0,0,122900,122900,,1754
174448986,bunnymund-tho-phuc-sinh-va-trung-chien-binh-trong-long-dat-william-joyce-nhung-ve-than-cua-tuoi-tho-p174448986,https://tiki.vn/bunnymund-tho-phuc-sinh-va-trung-chien-binh-trong-long-dat-william-joyce-nhung-ve-than-cua-tuoi-tho-p174448986.html,BUNNYMUND THỎ PHỤC SINH VÀ TRỨNG CHIẾN BINH TRONG LÒNG ĐẤT - WILLIAM JOYCE (NHỮNG VỆ THẦN CỦA TUỔI THƠ),0.0,0,123000,123000,,1754
270243184,nhung-ve-than-cua-tuoi-tho-bunnymund-tho-phuc-sinh-va-trung-chien-binh-trong-long-trai-dat-p270243184,https://tiki.vn/nhung-ve-than-cua-tuoi-tho-bunnymund-tho-phuc-sinh-va-trung-chien-binh-trong-long-trai-dat-p270243184.html,Những Vệ Thần Của Tuổi Thơ - Bunnymund - Thỏ Phục Sinh Và Trứng Chiến Binh Trong Lòng Trái Đất,0.0,0,123000,123000,,1754
277272165,nghe-chuyen-van-ke-chuyen-hoc-van-p277272165,https://tiki.vn/nghe-chuyen-van-ke-chuyen-hoc-van-p277272165.html,Nghe chuyên Văn kể chuyện học Văn,0.0,0,134880,134880,,1754
130012225,day-la-no-nghi-the-p130012225,https://tiki.vn/day-la-no-nghi-the-p130012225.html,Đấy Là Nó Nghĩ Thế,0.0,0,74000,74000,,1754
185851740,giu-lay-bau-mat-p185851740,https://tiki.vn/giu-lay-bau-mat-p185851740.html,Giữ Lấy Bầu Mật,5.0,1,68558,68558,1.0,1754
251980547,nguoi-trong-rung-p251980547,https://tiki.vn/nguoi-trong-rung-p251980547.html,Người Trồng Rừng,0.0,0,115000,115000,,1754
199006762,cuon-sach-cau-nhoc-gat-gio-p199006762,https://tiki.vn/cuon-sach-cau-nhoc-gat-gio-p199006762.html,Cuốn sách: Cậu Nhóc Gặt Gió,0.0,0,115177,115177,,1754
114955756,ngoi-nha-nho-tren-thao-nguyen-tap-9-thuo-ban-dau-p114955756,https://tiki.vn/ngoi-nha-nho-tren-thao-nguyen-tap-9-thuo-ban-dau-p114955756.html,Ngôi Nhà Nhỏ Trên Thảo Nguyên Tập 9: Thuở Ban Đầu,0.0,0,42000,42000,2.0,1754
194183465,truong-hoc-danh-nhan-the-gioi-tap-1-danh-nhan-tao-nen-lich-su-tai-ban-p194183465,https://tiki.vn/truong-hoc-danh-nhan-the-gioi-tap-1-danh-nhan-tao-nen-lich-su-tai-ban-p194183465.html,Trường Học Danh Nhân Thế Giới - Tập 1: Danh Nhân Tạo Nên Lịch Sử (Tái Bản),0.0,0,67500,67500,,1754
270234339,con-chim-noi-su-thuc-thien-si-van-hoc-thieu-nhi-p270234339,https://tiki.vn/con-chim-noi-su-thuc-thien-si-van-hoc-thieu-nhi-p270234339.html,Con Chim Nói Sự Thực - Thiện Sĩ - Văn học thiếu nhi,0.0,0,22000,22000,,1754
270234817,hai-thu-khon-the-lu-van-hoc-thieu-nhi-p270234817,https://tiki.vn/hai-thu-khon-the-lu-van-hoc-thieu-nhi-p270234817.html,Hai Thứ Khôn - Thế Lữ - Văn học thiếu nhi,0.0,0,22000,22000,4.0,1754
270233103,thang-bom-ngoc-giao-van-hoc-thieu-nhi-p270233103,https://tiki.vn/thang-bom-ngoc-giao-van-hoc-thieu-nhi-p270233103.html,Thằng Bờm - Ngọc Giao - Văn học thiếu nhi,0.0,0,31000,31000,,1754
270236893,coc-tia-khai-hung-van-hoc-thieu-nhi-p270236893,https://tiki.vn/coc-tia-khai-hung-van-hoc-thieu-nhi-p270236893.html,Cóc tía - Khải Hưng - Văn học thiếu nhi,0.0,0,28000,28000,,1754
275412191,gia-dinh-trai-cay-p275412191,https://tiki.vn/gia-dinh-trai-cay-p275412191.html,Gia Đình Trái Cây,0.0,0,50000,50000,,1754
270502030,hanh-trinh-o-xu-diem-phu-tap-2-p270502030,https://tiki.vn/hanh-trinh-o-xu-diem-phu-tap-2-p270502030.html,Hành Trình Ở Xứ Diêm-Phù - Tập 2,0.0,0,155000,139500,15.0,1754
270122028,minh-hoa-mau-xu-so-mien-man-jun-pham-skybooks-az-viet-nam-p270122028,https://tiki.vn/minh-hoa-mau-xu-so-mien-man-jun-pham-skybooks-az-viet-nam-p270122028.html,(Minh hoạ màu - Tác giả - ca sĩ Jun Phạm ) XỨ SỞ MIÊN MAN - - Skybooks - AZ Việt Nam,0.0,0,220000,220000,,1754
216299552,goc-san-va-khoang-troi-con-buom-vang-p216299552,https://tiki.vn/goc-san-va-khoang-troi-con-buom-vang-p216299552.html,Góc Sân Và Khoảng Trời - Con Bướm Vàng,0.0,0,77072,77072,,1754
114962084,ngoi-nha-nho-tren-thao-nguyen-tap-7-thi-tran-nho-p114962084,https://tiki.vn/ngoi-nha-nho-tren-thao-nguyen-tap-7-thi-tran-nho-p114962084.html,Ngôi Nhà Nhỏ Trên Thảo Nguyên Tập 7: Thị Trấn Nhỏ,0.0,0,70000,70000,,1754
192949239,101-truyen-pha-an-kinh-dien-2022-p192949239,https://tiki.vn/101-truyen-pha-an-kinh-dien-2022-p192949239.html,101 Truyện Phá Án Kinh Điển (2022),0.0,0,85483,85483,,1754
251997624,tho-thuy-anh-me-ho-diu-dang-p251997624,https://tiki.vn/tho-thuy-anh-me-ho-diu-dang-p251997624.html,Thơ Thụy Anh: Mẹ Hổ Dịu Dàng,0.0,0,51900,51900,,1754
136483081,sach-raymie-nu-hiep-mong-mo-p136483081,https://tiki.vn/sach-raymie-nu-hiep-mong-mo-p136483081.html,Sách Raymie - Nữ Hiệp Mộng Mơ,0.0,0,95000,95000,,1754
273241457,365-ngay-ke-chuyen-p273241457,https://tiki.vn/365-ngay-ke-chuyen-p273241457.html,365 Ngày Kể Chuyện,0.0,0,211500,211500,,1754
263033217,lu-tre-lang-on-ao-p263033217,https://tiki.vn/lu-tre-lang-on-ao-p263033217.html,Lũ Trẻ Làng Ồn Ào,0.0,0,54000,54000,4.0,1754
208100654,nicholas-st-north-va-tran-chien-voi-vua-ac-mong-p208100654,https://tiki.vn/nicholas-st-north-va-tran-chien-voi-vua-ac-mong-p208100654.html,Nicholas St.North và Trận chiến với vua Ác Mộng,0.0,0,150000,150000,1.0,1754
209318462,nicholas-st-north-va-tran-chien-voi-vua-ac-mong-nhung-ve-than-cua-tuoi-tho-william-joyce-p209318462,https://tiki.vn/nicholas-st-north-va-tran-chien-voi-vua-ac-mong-nhung-ve-than-cua-tuoi-tho-william-joyce-p209318462.html,Nicholas St.North và Trận chiến với vua Ác Mộng - Những Vệ Thần Của Tuổi Thơ - William Joyce,0.0,0,122900,122900,,1754
206561023,chuyen-con-cho-ten-la-trung-thanh-tai-ban-nam-2021-p206561023,https://tiki.vn/chuyen-con-cho-ten-la-trung-thanh-tai-ban-nam-2021-p206561023.html,Chuyện Con Chó Tên Là Trung Thành (Tái bản năm 2021),0.0,0,45000,45000,,1754
201614031,silly-gilly-daily-nhat-ky-gilly-co-nang-ham-do-ngo-nhay-pnu-p201614031,https://tiki.vn/silly-gilly-daily-nhat-ky-gilly-co-nang-ham-do-ngo-nhay-pnu-p201614031.html,"Silly Gilly Daily - Nhật Ký Gilly Cô Nàng Hâm Đơ, Ngơ Nhây (PNu)",0.0,0,94000,94000,,1754
271913955,alexander-von-humboldt-khao-khat-kham-pha-nhung-vung-dat-la-p271913955,https://tiki.vn/alexander-von-humboldt-khao-khat-kham-pha-nhung-vung-dat-la-p271913955.html,Alexander Von Humboldt - Khao Khát Khám Phá Những Vùng Đất Lạ,0.0,0,150425,150425,,1754
270246095,nhung-ve-than-cua-tuoi-tho-than-mong-mo-va-cuoc-chien-giac-mo-p270246095,https://tiki.vn/nhung-ve-than-cua-tuoi-tho-than-mong-mo-va-cuoc-chien-giac-mo-p270246095.html,Những Vệ Thần Của Tuổi Thơ - Thần Mộng Mơ Và Cuộc Chiến Giấc Mơ,0.0,0,122900,122900,,1754
23134803,truyen-co-grimm-bia-cung-p23134803,https://tiki.vn/truyen-co-grimm-bia-cung-p23134803.html,Truyện Cổ Grimm (Bìa Cứng),0.0,0,116977,116977,1.0,1754
272421583,ket-ban-voi-muong-thu-cung-co-be-quang-khan-do-p272421583,https://tiki.vn/ket-ban-voi-muong-thu-cung-co-be-quang-khan-do-p272421583.html,KẾT BẠN VỚI MUÔNG THÚ CÙNG CÔ BÉ QUÀNG KHĂN ĐỎ,0.0,0,121488,121488,,1754
199006777,cuon-sach-bua-trua-mien-phi-p199006777,https://tiki.vn/cuon-sach-bua-trua-mien-phi-p199006777.html,Cuốn sách: Bữa Trưa Miễn Phí,0.0,0,80824,80824,,1754
215104365,sep-pho-p215104365,https://tiki.vn/sep-pho-p215104365.html,Sếp Phó,0.0,0,45000,45000,,1754
278775531,cuoc-phieu-luu-cua-dung-si-ao-vang-nguyen-quoc-vuong-lyceum-nxb-van-hoc-p278775531,https://tiki.vn/cuoc-phieu-luu-cua-dung-si-ao-vang-nguyen-quoc-vuong-lyceum-nxb-van-hoc-p278775531.html,(Có chữ ký tác giả) CUỘC PHIÊU LƯU CỦA DŨNG SĨ ÁO VÀNG - Nguyễn Quốc Vương – Lyceum - NXB Văn Học,0.0,0,129600,129600,,1754
279233429,nhung-ba-hoang-uy-quyen-trong-the-gioi-than-tien-p279233429,https://tiki.vn/nhung-ba-hoang-uy-quyen-trong-the-gioi-than-tien-p279233429.html,Những Bà Hoàng Uy Quyền Trong Thế Giới Thần Tiên,0.0,0,112000,112000,,1754
249390915,cho-va-tho-tinh-ban-hay-ho-da-ra-doi-nhu-the-nao-p249390915,https://tiki.vn/cho-va-tho-tinh-ban-hay-ho-da-ra-doi-nhu-the-nao-p249390915.html,CHÓ VÀ THỎ - Tình bạn hay ho đã ra đời như thế nào?,0.0,0,65000,58500,,1754
278722997,sach-sieu-nguoi-may-nhi-thoi-ai-lieu-nguoi-may-co-nen-nguoi-p278722997,https://tiki.vn/sach-sieu-nguoi-may-nhi-thoi-ai-lieu-nguoi-may-co-nen-nguoi-p278722997.html,Sách - SIÊU NGƯỜI MÁY NHÍ - Thời AI: Liệu người máy có nên người?,0.0,0,75000,67500,,1754
273426636,nhung-nguoi-phu-nu-sieu-ngau-trong-su-viet-tap-2-nu-anh-hung-trong-chien-tranh-p273426636,https://tiki.vn/nhung-nguoi-phu-nu-sieu-ngau-trong-su-viet-tap-2-nu-anh-hung-trong-chien-tranh-p273426636.html,NHỮNG NGƯỜI PHỤ NỮ SIÊU “NGẦU”  TRONG SỬ VIỆT - Tập 2 – Nữ anh hùng trong chiến tranh,0.0,0,79000,71100,16.0,1754
263972203,yeu-nhu-bau-troi-p263972203,https://tiki.vn/yeu-nhu-bau-troi-p263972203.html,YÊU NHƯ BẦU TRỜI,5.0,1,132000,118800,70.0,1754
278521887,sach-yeu-tinh-giay-dung-chay-thieu-nhi-p278521887,https://tiki.vn/sach-yeu-tinh-giay-dung-chay-thieu-nhi-p278521887.html,"Sách - Yêu tinh giấy, đừng chạy! - Thiếu nhi",0.0,0,79000,71100,1.0,1754
278109001,sach-nghin-le-mot-trang-mai-du-p278109001,https://tiki.vn/sach-nghin-le-mot-trang-mai-du-p278109001.html,Sách - Nghìn lẻ một trang - Mai Du,0.0,0,79000,71100,1.0,1754
273306770,tu-sach-vang-tac-pham-chon-loc-danh-cho-thieu-nhi-tuoi-tho-em-dem-tai-ban-2023-p273306770,https://tiki.vn/tu-sach-vang-tac-pham-chon-loc-danh-cho-thieu-nhi-tuoi-tho-em-dem-tai-ban-2023-p273306770.html,Tủ Sách Vàng - Tác Phẩm Chọn Lọc Dành Cho Thiếu Nhi - Tuổi Thơ Êm Đềm (Tái Bản 2023),0.0,0,60000,60000,,1754
274052623,nhung-truyen-hay-viet-cho-thieu-nhi-nguyen-hong-tai-ban-p274052623,https://tiki.vn/nhung-truyen-hay-viet-cho-thieu-nhi-nguyen-hong-tai-ban-p274052623.html,Những Truyện Hay Viết Cho Thiếu Nhi: Nguyên Hồng (Tái Bản),0.0,0,55000,55000,2.0,1754
278819090,sach-con-nha-van-thieu-nhi-p278819090,https://tiki.vn/sach-con-nha-van-thieu-nhi-p278819090.html,Sách - Con nhà văn (Thiếu Nhi),0.0,0,150000,150000,,1754
208917436,combo-2-cuon-peter-pan-nang-tien-ca-va-nhung-cau-chuyen-khac-p208917436,https://tiki.vn/combo-2-cuon-peter-pan-nang-tien-ca-va-nhung-cau-chuyen-khac-p208917436.html,Combo 2 cuốn: Peter Pan + Nàng tiên cá và những câu chuyện khác,0.0,0,850000,850000,,1754
262405418,khu-rung-vui-tung-bung-p262405418,https://tiki.vn/khu-rung-vui-tung-bung-p262405418.html,Khu rừng vui tưng bừng,0.0,0,63000,56700,,1754
252002507,anh-thao-va-co-dai-nhung-bai-hoc-tu-thien-nhien-p252002507,https://tiki.vn/anh-thao-va-co-dai-nhung-bai-hoc-tu-thien-nhien-p252002507.html,Anh Thảo Và Cỏ Dại (Những Bài Học Từ Thiên Nhiên),0.0,0,85000,85000,,1754
273041754,hanh-trinh-tro-ve-cua-bay-cho-p273041754,https://tiki.vn/hanh-trinh-tro-ve-cua-bay-cho-p273041754.html,Hành Trình Trở Về Của Bầy Chó,0.0,0,94059,94059,1.0,1754
270715327,nhat-ky-chu-be-nhut-nhat-tap-14-cua-thien-tra-dia-p270715327,https://tiki.vn/nhat-ky-chu-be-nhut-nhat-tap-14-cua-thien-tra-dia-p270715327.html,Nhật Ký Chú Bé Nhút Nhát - Tập 14: Của Thiên Trả Địa,0.0,0,55000,55000,1.0,1754
273135689,nhat-ky-chu-be-nhut-nhat-tap-18-out-trinh-song-ngu-viet-anh-p273135689,https://tiki.vn/nhat-ky-chu-be-nhut-nhat-tap-18-out-trinh-song-ngu-viet-anh-p273135689.html,Nhật Ký Chú Bé Nhút Nhát - Tập 18: Out Trình (Song ngữ Việt-Anh),0.0,0,96000,96000,4.0,1754
270634082,minh-hoa-mau-xu-so-mien-man-jun-pham-skybooks-az-viet-nam-p270634082,https://tiki.vn/minh-hoa-mau-xu-so-mien-man-jun-pham-skybooks-az-viet-nam-p270634082.html,(Minh hoạ màu) XỨ SỞ MIÊN MAN - Jun Phạm - Skybooks - AZ Việt Nam ,0.0,0,231000,231000,6.0,1754
58087964,sach-to-co-mot-tinh-ban-muon-cho-thue-p58087964,https://tiki.vn/sach-to-co-mot-tinh-ban-muon-cho-thue-p58087964.html,Sách Tớ Có Một Tình Bạn Muốn Cho Thuê,5.0,1,36000,36000,2.0,1754
694029,happy-reader-truyen-ngan-hay-nhat-cua-o-henry-kem-1-cd-tai-ban-2017-p694029,https://tiki.vn/happy-reader-truyen-ngan-hay-nhat-cua-o-henry-kem-1-cd-tai-ban-2017-p694029.html,Happy Reader - Truyện Ngắn Hay Nhất Của O. Henry (Kèm 1 CD - Tái Bản 2017),0.0,0,68000,68000,,1754
203841311,sach-charlotte-va-wilbur-p203841311,https://tiki.vn/sach-charlotte-va-wilbur-p203841311.html,Sách - Charlotte Và Wilbur,0.0,0,70000,70000,1.0,1754
194809244,tho-phuc-sinh-va-trung-chien-binh-trong-long-dat-william-joyce-p194809244,https://tiki.vn/tho-phuc-sinh-va-trung-chien-binh-trong-long-dat-william-joyce-p194809244.html,Thỏ Phục Sinh Và Trứng Chiến Binh Trong Lòng Đất - William Joyce,0.0,0,150000,150000,1.0,1754
57841160,sach-tren-sa-mac-va-trong-rung-tham-p57841160,https://tiki.vn/sach-tren-sa-mac-va-trong-rung-tham-p57841160.html,Sách Trên Sa Mạc Và Trong Rừng Thẳm,0.0,0,91500,91500,,1754
277045723,sach-combo-3-cuon-sach-truyen-tranh-tho-dong-dao-tiem-thuc-cho-be-giup-be-tap-noi-tap-doc-nhanh-p277045723,https://tiki.vn/sach-combo-3-cuon-sach-truyen-tranh-tho-dong-dao-tiem-thuc-cho-be-giup-be-tap-noi-tap-doc-nhanh-p277045723.html,"Sách- Combo 3 cuốn sách Truyện Tranh- Thơ - Đồng dao Tiềm thức cho bé (giúp bé tập nói, tập đọc nhanh)",0.0,0,207000,144900,1.0,1754
206362996,dong-dao-cho-be-the-gioi-quanh-ta-va-cuoc-song-dong-vat-thuc-vat-quanh-be-p206362996,https://tiki.vn/dong-dao-cho-be-the-gioi-quanh-ta-va-cuoc-song-dong-vat-thuc-vat-quanh-be-p206362996.html,"Đồng Dao Cho Bé: Thế Giới Quanh Ta Và Cuộc Sống - Động Vật, Thực Vật Quanh Bé",0.0,0,118000,118000,,1754
279706514,vysachqv-sach-tho-cho-be-hoc-noi-p279706514,https://tiki.vn/vysachqv-sach-tho-cho-be-hoc-noi-p279706514.html,Sách Thơ Cho Bé Học Nói,0.0,0,96000,96000,,1754
263577451,to-filippo-va-cay-anh-dao-p263577451,https://tiki.vn/to-filippo-va-cay-anh-dao-p263577451.html,"Tớ, Filippo Và Cây Anh Đào",0.0,0,90000,90000,12.0,1754
214079792,sach-chu-heo-giang-sinh-nxb-tre-j-k-rowling-free-book-care-va-tang-so-tay-xuong-rong-p214079792,https://tiki.vn/sach-chu-heo-giang-sinh-nxb-tre-j-k-rowling-free-book-care-va-tang-so-tay-xuong-rong-p214079792.html,Sách - Chú Heo Giáng Sinh - NXB Trẻ - J K Rowling ( Free book care và Tặng Sổ Tay Xương Rồng ),0.0,0,150000,150000,,1754
279607901,sach-38-la-thu-rockeffeller-viet-cho-con-trai-tv-p279607901,https://tiki.vn/sach-38-la-thu-rockeffeller-viet-cho-con-trai-tv-p279607901.html,Sách - 38 Lá Thư Rockeffeller Viết Cho Con Trai (TV),0.0,0,99000,99000,,1754
263065914,truyen-thieu-nhi-alexander-von-humboldt-khao-khat-kham-pha-nhung-vung-dat-la-p263065914,https://tiki.vn/truyen-thieu-nhi-alexander-von-humboldt-khao-khat-kham-pha-nhung-vung-dat-la-p263065914.html,Truyện thiếu nhi : Alexander von Humboldt – Khao khát khám phá những vùng đất lạ,0.0,0,150410,150410,,1754
275167635,cuon-van-hoc-lang-man-hy-vong-ban-se-on-p275167635,https://tiki.vn/cuon-van-hoc-lang-man-hy-vong-ban-se-on-p275167635.html,Cuốn Văn Học Lãng Mạn: Hy Vọng Bạn Sẽ Ổn,0.0,0,126000,126000,,1754
272236342,tranh-minh-hoa-hanh-trinh-tro-ve-cua-bay-cho-bui-mai-linh-minh-hoa-kim-duan-thai-ha-books-p272236342,https://tiki.vn/tranh-minh-hoa-hanh-trinh-tro-ve-cua-bay-cho-bui-mai-linh-minh-hoa-kim-duan-thai-ha-books-p272236342.html,(Tranh minh hoạ) HÀNH TRÌNH TRỞ VỀ CỦA BẦY CHÓ – Bùi Mai Linh – Minh hoạ Kim Duẩn - Thái Hà Books,0.0,0,94050,94050,,1754
270120840,marco-polo-du-hanh-ve-phuong-dong-p270120840,https://tiki.vn/marco-polo-du-hanh-ve-phuong-dong-p270120840.html,Marco Polo Du Hành Về Phương Đông,0.0,0,155480,155480,,1754
277342699,nguoi-la-va-nhung-chu-bo-tot-bung-dung-cam-william-joyce-nxb-phu-nu-viet-nam-p277342699,https://tiki.vn/nguoi-la-va-nhung-chu-bo-tot-bung-dung-cam-william-joyce-nxb-phu-nu-viet-nam-p277342699.html,Người Lá và những chú bọ tốt bụng dũng cảm – William Joyce - NXB Phụ Nữ Việt Nam,0.0,0,86900,86900,,1754
137375848,sach-de-men-phieu-luu-ky-dau-dua-minh-hoa-p137375848,https://tiki.vn/sach-de-men-phieu-luu-ky-dau-dua-minh-hoa-p137375848.html,Sách Dế Mèn Phiêu Lưu Ký (Đậu Đũa minh họa),5.0,1,225000,225000,6.0,1754
279416703,sach-combo-6-cuon-tan-van-song-ngu-chua-lanh-a-bilingual-edition-of-beautiful-stories-p279416703,https://tiki.vn/sach-combo-6-cuon-tan-van-song-ngu-chua-lanh-a-bilingual-edition-of-beautiful-stories-p279416703.html,Sách -  Combo 6 cuốn: Tản văn song ngữ chữa lành (A Bilingual Edition of Beautiful Stories),0.0,0,119000,119000,,1754
55282433,than-thoai-hy-lap-bia-cung-p55282433,https://tiki.vn/than-thoai-hy-lap-bia-cung-p55282433.html,Thần Thoại Hy Lạp (Bìa Cứng),0.0,0,250725,250725,,1754
137424184,sach-illustrated-classics-truyen-ngu-ngon-aesop-p137424184,https://tiki.vn/sach-illustrated-classics-truyen-ngu-ngon-aesop-p137424184.html,Sách Illustrated Classics - Truyện Ngụ Ngôn Aesop,0.0,0,168000,168000,,1754
206376019,truyen-ke-truoc-khi-ngu-tot-bung-p206376019,https://tiki.vn/truyen-ke-truoc-khi-ngu-tot-bung-p206376019.html,Truyện Kể Trước Khi Ngủ - Tốt Bụng,0.0,0,79000,79000,,1754
279471381,sach-ngoi-lang-duoi-vom-co-noi-buon-cua-bo-rua-nhi-p279471381,https://tiki.vn/sach-ngoi-lang-duoi-vom-co-noi-buon-cua-bo-rua-nhi-p279471381.html,Sách - Ngôi Làng Dưới Vòm Cỏ - Nỗi Buồn Của Bọ Rùa Nhí,0.0,0,25000,25000,,1754
279713984,allsachqv-sach-nhat-ky-chu-be-nhut-nhat-t3-song-ngu-v-a-p279713984,https://tiki.vn/allsachqv-sach-nhat-ky-chu-be-nhut-nhat-t3-song-ngu-v-a-p279713984.html,Diary Of A Wimpy Kid - Nhật Ký Chú Bé Nhút Nhát - Tập 3 (Song ngữ Việt-Anh),0.0,0,96000,96000,,1754
176943550,gi-gi-gi-gi-cai-gi-cung-biet-130-bi-mat-vui-nhat-cho-tuoi-tieu-hoc-p176943550,https://tiki.vn/gi-gi-gi-gi-cai-gi-cung-biet-130-bi-mat-vui-nhat-cho-tuoi-tieu-hoc-p176943550.html,Gi Gỉ Gì Gi Cái Gì Cũng Biết - 130 Bí Mật Vui Nhất Cho Tuổi Tiểu Học,0.0,0,115000,115000,1.0,1754
176892967,combo-lu-tre-hu-nhat-qua-dat-bo-2-cuon-p176892967,https://tiki.vn/combo-lu-tre-hu-nhat-qua-dat-bo-2-cuon-p176892967.html,Combo Lũ Trẻ Hư Nhất Quả Đất (Bộ 2 Cuốn),0.0,0,370000,370000,,1754
203840635,sach-bo-xau-bo-tot-p203840635,https://tiki.vn/sach-bo-xau-bo-tot-p203840635.html,"Sách - Bố Xấu, Bố Tốt",0.0,0,155000,155000,,1754
273448954,boxset-ba-tac-pham-kinh-dien-danh-cho-thieu-nhi-tu-minalima-p273448954,https://tiki.vn/boxset-ba-tac-pham-kinh-dien-danh-cho-thieu-nhi-tu-minalima-p273448954.html,Boxset ba tác phẩm kinh điển dành cho thiếu nhi từ MinaLima,0.0,0,1500000,1500000,,1754
176941728,gi-gi-gi-gi-cai-gi-cung-biet-danh-cho-lop-3-p176941728,https://tiki.vn/gi-gi-gi-gi-cai-gi-cung-biet-danh-cho-lop-3-p176941728.html,"Gi Gỉ Gì Gi, Cái Gì Cũng Biết - Dành Cho Lớp 3",0.0,0,119000,119000,,1754
193459879,combo-2q-van-hoc-thieu-nhi-ba-bac-khung-khiep-ba-noi-gangxto-tai-ban-p193459879,https://tiki.vn/combo-2q-van-hoc-thieu-nhi-ba-bac-khung-khiep-ba-noi-gangxto-tai-ban-p193459879.html,Combo 2Q Văn Học Thiếu Nhi : Bà Bác Khủng Khiếp + Bà Nội Găngxtơ (Tái Bản),0.0,0,225000,225000,,1754
178037759,biet-thu-chuot-nhat-buoi-bieu-dien-nho-doi-p178037759,https://tiki.vn/biet-thu-chuot-nhat-buoi-bieu-dien-nho-doi-p178037759.html,Biệt Thự Chuột Nhắt - Buổi Biểu Diễn Nhớ Đời,0.0,0,89000,89000,2.0,1754
277963154,sach-ngay-xua-co-mot-con-bo-nxb-tre-p277963154,https://tiki.vn/sach-ngay-xua-co-mot-con-bo-nxb-tre-p277963154.html,Sách – Ngày Xưa Có Một Con Bò - NXB Trẻ,0.0,0,70000,70000,,1754
275815503,nhung-tuyet-tac-cua-shakespeare-tuyen-tap-20-vo-kich-duoc-chuyen-the-thanh-kich-cho-thieu-nhi-william-shakespeare-edith-nesbit-bia-mem-p275815503,https://tiki.vn/nhung-tuyet-tac-cua-shakespeare-tuyen-tap-20-vo-kich-duoc-chuyen-the-thanh-kich-cho-thieu-nhi-william-shakespeare-edith-nesbit-bia-mem-p275815503.html,"Những Tuyệt Tác Của Shakespeare - Tuyển Tập 20 Vở Kịch Được Chuyển Thể Thành Kịch Cho Thiếu Nhi - William Shakespeare, Edith Nesbit (bìa mềm)",0.0,0,129000,129000,,1754
571632,sach-thoi-quen-vang-chung-minh-ai-cung-gioi-p571632,https://tiki.vn/sach-thoi-quen-vang-chung-minh-ai-cung-gioi-p571632.html,Sách Thói Quen Vàng - Chúng Mình Ai Cũng Giỏi,0.0,0,69000,58600,,1754
271829028,van-hoc-trong-nha-truong-ha-noi-bam-sau-pho-phuong-p271829028,https://tiki.vn/van-hoc-trong-nha-truong-ha-noi-bam-sau-pho-phuong-p271829028.html,Văn Học Trong Nhà Trường - Hà Nội Băm Sáu Phố Phường,0.0,0,40000,40000,,1754
279714260,allsachqv-sach-chung-ta-tung-hua-se-cho-nhau-p279714260,https://tiki.vn/allsachqv-sach-chung-ta-tung-hua-se-cho-nhau-p279714260.html,Sách Chúng Ta Từng Hứa Sẽ Chờ Nhau,0.0,0,95000,95000,,1754
278715659,sach-danh-tac-muon-thuo-2-van-dam-duoi-bien-hay-thuyen-truong-nemo-tau-nautilus-va-nhung-bi-an-khac-trong-long-dai-duong-p278715659,https://tiki.vn/sach-danh-tac-muon-thuo-2-van-dam-duoi-bien-hay-thuyen-truong-nemo-tau-nautilus-va-nhung-bi-an-khac-trong-long-dai-duong-p278715659.html,"Sách - Danh Tác Muôn Thuở - 2 Vạn Dặm Dưới Biển Hay Thuyền Trưởng Nemo, Tàu Nautilus Và Những Bí Ẩn Khác Trong Lòng Đại Dương",0.0,0,50000,50000,,1754
117978922,product-p269984538,https://tiki.vn/product-p269984538.html,Xóm Bờ Giậu (Tái Bản 2021),0.0,0,145000,145000,6.0,1754
192950663,101-truyen-hay-theo-buoc-be-gai-truong-thanh-2022-p192950663,https://tiki.vn/101-truyen-hay-theo-buoc-be-gai-truong-thanh-2022-p192950663.html,101 Truyện Hay Theo Bước Bé Gái Trưởng Thành (2022),0.0,0,90000,90000,,1754
248788985,truyen-ke-truoc-gio-di-ngu-mua-ha-tai-ban-p248788985,https://tiki.vn/truyen-ke-truoc-gio-di-ngu-mua-ha-tai-ban-p248788985.html,Truyện Kể Trước Giờ Đi Ngủ - Mùa Hạ (Tái Bản),0.0,0,63000,56700,3.0,1754
278152964,sach-the-gioi-tuyet-voi-cua-tom-gates-nhung-ly-do-thuyet-phuc-p278152964,https://tiki.vn/sach-the-gioi-tuyet-voi-cua-tom-gates-nhung-ly-do-thuyet-phuc-p278152964.html,Sách - Thế Giới Tuyệt Vời Của Tom Gates - Những Lý Do Thuyết Phục,0.0,0,69000,55200,1.0,1754
192950048,109-cau-chuyen-ve-long-nhan-ai-p192950048,https://tiki.vn/109-cau-chuyen-ve-long-nhan-ai-p192950048.html,109 Câu Chuyện Về Lòng Nhân Ái,0.0,0,78000,70200,1.0,1754
178831644,lu-tre-lang-on-ao-p178831644,https://tiki.vn/lu-tre-lang-on-ao-p178831644.html,Lũ Trẻ Làng Ồn Ào,0.0,0,54000,48600,8.0,1754
222723632,hay-chon-lay-nang-luong-tich-cuc-nhung-cau-chuyen-giup-ban-co-them-nang-luong-tich-cuc-p222723632,https://tiki.vn/hay-chon-lay-nang-luong-tich-cuc-nhung-cau-chuyen-giup-ban-co-them-nang-luong-tich-cuc-p222723632.html,Hãy Chọn Lấy Năng Lượng Tích Cực - Những Câu Chuyện Giúp Bạn Có Thêm Năng Lượng Tích Cực,0.0,0,86000,77400,,1754
278153659,sach-truyen-hay-giup-tre-thong-thai-meo-con-dung-cam-p278153659,https://tiki.vn/sach-truyen-hay-giup-tre-thong-thai-meo-con-dung-cam-p278153659.html,Sách - Truyện Hay Giúp Trẻ Thông Thái - Mèo Con Dũng Cảm,0.0,0,23000,20700,1.0,1754
263101470,nang-tien-ca-va-chiec-giay-p263101470,https://tiki.vn/nang-tien-ca-va-chiec-giay-p263101470.html,Nàng Tiên Cá Và Chiếc Giày,0.0,0,89000,84500,,1754
278967542,sach-sach-dung-hinh-3d-nhung-cau-chuyen-co-tich-hay-nhat-nguoi-dep-ngu-trong-rung-bia-cung-p278967542,https://tiki.vn/sach-sach-dung-hinh-3d-nhung-cau-chuyen-co-tich-hay-nhat-nguoi-dep-ngu-trong-rung-bia-cung-p278967542.html,Sách - Sách Dựng Hình 3D - Những Câu Chuyện Cổ Tích Hay Nhất - Người Đẹp Ngủ Trong Rừng - Bìa Cứng,0.0,0,45000,40500,,1754
270700107,ke-chuyen-ve-tam-long-hieu-thao-tai-ban-2023-p270700107,https://tiki.vn/ke-chuyen-ve-tam-long-hieu-thao-tai-ban-2023-p270700107.html,Kể Chuyện Về Tấm Lòng Hiếu Thảo (Tái Bản 2023),0.0,0,51000,41800,1.0,1754
279131815,sach-truyen-ke-giang-sinh-kep-hat-gie-the-nuteracker-p279131815,https://tiki.vn/sach-truyen-ke-giang-sinh-kep-hat-gie-the-nuteracker-p279131815.html,Sách - Truyện Kể Giáng Sinh - Kẹp Hạt Giẻ - The Nuteracker,0.0,0,25000,23200,1.0,1754
257835519,vietnamese-folklore-the-legend-of-sword-lake-su-tich-ho-guom-p257835519,https://tiki.vn/vietnamese-folklore-the-legend-of-sword-lake-su-tich-ho-guom-p257835519.html,Vietnamese Folklore: The Legend Of Sword Lake - Sự Tích Hồ Gươm,0.0,0,36000,34200,,1754
278761039,sach-truyen-co-nhat-ban-truyen-dan-gian-ve-yeu-quai-va-phep-thuat-p278761039,https://tiki.vn/sach-truyen-co-nhat-ban-truyen-dan-gian-ve-yeu-quai-va-phep-thuat-p278761039.html,Sách - Truyện Cổ Nhật Bản - Truyện Dân Gian Về Yêu Quái Và Phép Thuật,0.0,0,219000,179500,,1754
272305801,cuoc-phieu-luu-cua-de-ut-phan-ket-tai-ban-2023-p272305801,https://tiki.vn/cuoc-phieu-luu-cua-de-ut-phan-ket-tai-ban-2023-p272305801.html,Cuộc Phiêu Lưu Của Dế Út: Phần Kết (Tái Bản 2023),0.0,0,70000,66500,17.0,1754
275122422,big-nate-on-a-roll-trung-manh-song-ngu-viet-anh-p275122422,https://tiki.vn/big-nate-on-a-roll-trung-manh-song-ngu-viet-anh-p275122422.html,Big Nate - On A Roll - Trúng mánh (song ngữ Việt Anh),0.0,0,99000,99000,,1754
273522437,sach-tieu-thuyet-moi-danh-cho-thieu-nhi-hon-dao-bi-mat-p273522437,https://tiki.vn/sach-tieu-thuyet-moi-danh-cho-thieu-nhi-hon-dao-bi-mat-p273522437.html,Sách tiểu thuyết mới dành cho thiếu nhi Hòn Đảo Bí Mật,0.0,0,134100,134100,2.0,1754
273541904,lang-on-ao-vui-oi-la-vui-nothing-but-fun-in-noisy-village-p273541904,https://tiki.vn/lang-on-ao-vui-oi-la-vui-nothing-but-fun-in-noisy-village-p273541904.html,Làng Ồn Ào vui ơi là vui – Nothing but Fun in Noisy Village,0.0,0,188000,169200,,1754
273888195,truyen-loai-vat-cuon-sach-van-hoc-thieu-nhi-hay-p273888195,https://tiki.vn/truyen-loai-vat-cuon-sach-van-hoc-thieu-nhi-hay-p273888195.html,Truyện Loài Vật- Cuốn Sách Văn Học Thiếu Nhi Hay,0.0,0,120000,120000,,1754
276290885,duoi-bong-trang-nga-gregory-maguire-me-ong-bong-dich-thai-ha-nxb-ha-noi-p276290885,https://tiki.vn/duoi-bong-trang-nga-gregory-maguire-me-ong-bong-dich-thai-ha-nxb-ha-noi-p276290885.html,DƯỚI BÓNG TRĂNG NGÀ – Gregory Maguire – Mẹ Ong Bông dịch – Thái Hà – NXB Hà Nội,0.0,0,161000,161000,,1754
279730378,cuoc-phieu-luu-cua-romain-kalbris-hector-malot-dang-ngoc-dich-dinh-ti-books-p279730378,https://tiki.vn/cuoc-phieu-luu-cua-romain-kalbris-hector-malot-dang-ngoc-dich-dinh-ti-books-p279730378.html,CUỘC PHIÊU LƯU CỦA ROMAIN KALBRIS – Hector Malot – Đăng Ngọc dịch – Đinh Tị Books,0.0,0,135000,135000,,1754
271627262,nhat-ky-chu-be-nhut-nhat-tap-17-bim-toang-song-ngu-anh-viet-p271627262,https://tiki.vn/nhat-ky-chu-be-nhut-nhat-tap-17-bim-toang-song-ngu-anh-viet-p271627262.html,Nhật Ký Chú Bé Nhút Nhát - Tập 17: Bỉm Toang (Song ngữ Anh Việt),0.0,0,96000,96000,,1754
196219877,tuyen-tap-truyen-co-tich-the-gioi-danh-cho-thieu-nhi-p196219877,https://tiki.vn/tuyen-tap-truyen-co-tich-the-gioi-danh-cho-thieu-nhi-p196219877.html,Tuyển Tập Truyện Cổ Tích Thế Giới - Dành Cho Thiếu Nhi,0.0,0,116800,116800,,1754
275273114,cung-con-truong-thanh-qua-nhung-bo-phim-thieu-nhi-kinh-dien-p275273114,https://tiki.vn/cung-con-truong-thanh-qua-nhung-bo-phim-thieu-nhi-kinh-dien-p275273114.html,Cùng Con Trưởng Thành Qua Những Bộ Phim Thiếu Nhi Kinh Điển,0.0,0,135001,135001,1.0,1754
214189175,sach-peter-nimble-nhung-doi-mat-than-p214189175,https://tiki.vn/sach-peter-nimble-nhung-doi-mat-than-p214189175.html, Peter Nimble & Những Đôi Mắt Thần -Jonathan Auxier,0.0,0,116988,116988,2.0,1754
252295398,nguoi-ba-tai-gioi-vung-saga-tap-11-tang-kem-postcard-cho-ban-in-dau-p252295398,https://tiki.vn/nguoi-ba-tai-gioi-vung-saga-tap-11-tang-kem-postcard-cho-ban-in-dau-p252295398.html,Người Bà Tài Giỏi Vùng Saga - Tập 11 - Tặng Kèm Postcard Cho Bản In Đầu,0.0,0,52000,52000,1.0,1754
194585319,combo-2q-sach-van-hoc-thieu-nhi-le-petit-prince-nhung-dieu-hoang-tu-be-noi-voi-toi-ruot-oi-la-ruot-p194585319,https://tiki.vn/combo-2q-sach-van-hoc-thieu-nhi-le-petit-prince-nhung-dieu-hoang-tu-be-noi-voi-toi-ruot-oi-la-ruot-p194585319.html,Combo 2Q Sách Văn Học Thiếu Nhi : Le Petit Prince - Những Điều Hoàng Tử Bé Nói Với Tôi + Ruột Ơi Là Ruột,0.0,0,241500,241500,,1754
271734418,nhat-ky-chu-be-nhut-nhat-tap-15-cai-ket-kho-luong-p271734418,https://tiki.vn/nhat-ky-chu-be-nhut-nhat-tap-15-cai-ket-kho-luong-p271734418.html,Nhật Ký Chú Bé Nhút Nhát - Tập 15: Cái Kết Khó Lường,3.0,1,55000,55000,1.0,1754
77150775,sach-van-hoc-thieu-nhi-nhung-cau-chuyen-hay-nhat-ve-cac-nang-cong-chua-trong-than-thoai-hy-lap-p77150775,https://tiki.vn/sach-van-hoc-thieu-nhi-nhung-cau-chuyen-hay-nhat-ve-cac-nang-cong-chua-trong-than-thoai-hy-lap-p77150775.html,Sách văn học thiếu nhi - Những Câu Chuyện Hay Nhất Về Các Nàng Công Chúa Trong Thần Thoại Hy Lạp,0.0,0,119500,119500,4.0,1754
244636245,combo-nhoc-nicolas-nhung-chuyen-chua-ke-tap-1-2-3-bo-3-cuon-p244636245,https://tiki.vn/combo-nhoc-nicolas-nhung-chuyen-chua-ke-tap-1-2-3-bo-3-cuon-p244636245.html,COMBO NHÓC NICOLAS: NHỮNG CHUYỆN CHƯA KỂ - TẬP 1 + 2 + 3 (BỘ 3 CUỐN),0.0,0,444000,444000,4.0,1754
279417377,dao-buoc-trong-van-hoc-bradford-chambers-george-geygan-minh-hoa-pham-bich-le-dich-waka-p279417377,https://tiki.vn/dao-buoc-trong-van-hoc-bradford-chambers-george-geygan-minh-hoa-pham-bich-le-dich-waka-p279417377.html, DẠO BƯỚC TRONG VĂN HỌC - Bradford Chambers - George Geygan minh họa - Phạm Bích Lệ dịch - Waka,0.0,0,139000,139000,,1754
272425310,nhung-bua-com-hoai-niem-o-tram-meo-con-tang-kem-bookmark-va-postcard-p272425310,https://tiki.vn/nhung-bua-com-hoai-niem-o-tram-meo-con-tang-kem-bookmark-va-postcard-p272425310.html,NHỮNG BỮA CƠM HOÀI NIỆM Ở TRẠM MÈO CON (TẶNG KÈM BOOKMARK VÀ POSTCARD),0.0,0,138000,138000,,1754
272476973,lon-len-tren-dao-vang-p272476973,https://tiki.vn/lon-len-tren-dao-vang-p272476973.html,Lớn lên trên đảo vắng,0.0,0,155000,155000,,1754
273333321,con-tun-tai-venh-tac-gia-pham-anh-xuan-p273333321,https://tiki.vn/con-tun-tai-venh-tac-gia-pham-anh-xuan-p273333321.html,Con Tun Tai Vểnh - Tác Giả - Phạm Anh Xuân,0.0,0,58000,54520,2.0,1754
273624752,nhat-ky-chu-be-nhut-nhat-tap-18-out-trinh-p273624752,https://tiki.vn/nhat-ky-chu-be-nhut-nhat-tap-18-out-trinh-p273624752.html,Nhật Ký Chú Bé Nhút Nhát - Tập 18: Out Trình,0.0,0,55000,55000,2.0,1754
278716032,sach-momo-hoang-tu-be-xom-cuc-lam-p278716032,https://tiki.vn/sach-momo-hoang-tu-be-xom-cuc-lam-p278716032.html,"Sách - Momo, Hoàng Tử Bé Xóm Cúc Lam",0.0,0,40000,39200,,1754
272445709,tren-sa-mac-va-trong-rung-tham-2020-p272445709,https://tiki.vn/tren-sa-mac-va-trong-rung-tham-2020-p272445709.html,TRÊN SA MẠC VÀ TRONG RỪNG THẲM 2020,0.0,0,125350,125350,,1754
278321254,danh-tac-trong-nha-truong-cuoc-doi-cua-cac-danh-nhan-tai-ban-2024-hh-p278321254,https://tiki.vn/danh-tac-trong-nha-truong-cuoc-doi-cua-cac-danh-nhan-tai-ban-2024-hh-p278321254.html,Danh Tác Trong Nhà Trường - Cuộc Đời Của Các Danh Nhân Tái Bản 2024 (HH),0.0,0,108000,101520,,1754
271694766,nhat-ky-chu-be-nhut-nhat-tap-4-mua-he-tuyet-voi-p271694766,https://tiki.vn/nhat-ky-chu-be-nhut-nhat-tap-4-mua-he-tuyet-voi-p271694766.html,Nhật Ký Chú Bé Nhút Nhát - Tập 4: Mùa Hè Tuyệt Vời,0.0,0,55000,55000,1.0,1754
271620512,nhat-ky-chu-be-nhut-nhat-tap-3-giot-nuoc-tran-ly-p271620512,https://tiki.vn/nhat-ky-chu-be-nhut-nhat-tap-3-giot-nuoc-tran-ly-p271620512.html,Nhật Ký Chú Bé Nhút Nhát - Tập 3: Giọt Nước Tràn Ly (Song ngữ Anh Việt),0.0,0,96000,96000,,1754
177682644,tim-lai-mau-xanh-lois-lowry-phan-tiep-theo-cua-nguoi-truyen-ky-uc-p177682644,https://tiki.vn/tim-lai-mau-xanh-lois-lowry-phan-tiep-theo-cua-nguoi-truyen-ky-uc-p177682644.html,TÌM LẠI MÀU XANH - LOIS LOWRY (PHẦN TIẾP THEO CỦA NGƯỜI TRUYỀN KÝ ỨC),0.0,0,82000,82000,,1754
279605373,chu-hoa-si-nho-p279605373,https://tiki.vn/chu-hoa-si-nho-p279605373.html,Chú họa sĩ nhỏ,0.0,0,58000,58000,,1754
272477201,nam-tuan-tren-khinh-khi-cau-p272477201,https://tiki.vn/nam-tuan-tren-khinh-khi-cau-p272477201.html,Năm tuần trên khinh khí cầu,0.0,0,139000,139000,,1754
102600962,ke-chuyen-cuoc-doi-cac-thien-tai-nhung-thang-tram-trong-cuoc-doi-va-su-nghiep-cua-anderrsen-p102600962,https://tiki.vn/ke-chuyen-cuoc-doi-cac-thien-tai-nhung-thang-tram-trong-cuoc-doi-va-su-nghiep-cua-anderrsen-p102600962.html,Kể Chuyện Cuộc Đời Các Thiên Tài - Những Thăng Trầm Trong Cuộc Đời Và Sự Nghiệp Của Anderrsen,5.0,1,60000,60000,10.0,1754
183513480,combo-2-truyen-cuc-hay-cho-be-bo-xau-bo-tot-totto-chan-ben-cua-so-tang-bookmark-happy-life-cho-duyet-tu-dong-p183513480,https://tiki.vn/combo-2-truyen-cuc-hay-cho-be-bo-xau-bo-tot-totto-chan-ben-cua-so-tang-bookmark-happy-life-cho-duyet-tu-dong-p183513480.html,"Combo 2 truyện Cực Hay Cho Bé: Bố Xấu, Bố Tốt +Totto - Chan Bên Cửa Sổ/ Tặng Bookmark Happy Life Chờ duyệt tự động",0.0,0,241500,241500,3.0,1754
274875647,truyen-sango-va-nguoi-ca-tap-3-p274875647,https://tiki.vn/truyen-sango-va-nguoi-ca-tap-3-p274875647.html,Truyện Sango Và Người Cá - Tập 3,0.0,0,68000,68000,,1754
277505476,harry-potter-va-phong-chua-bi-mat-p277505476,https://tiki.vn/harry-potter-va-phong-chua-bi-mat-p277505476.html,Harry Potter và Phòng chứa bí mật,0.0,0,170000,170000,1.0,1754
279445981,sach-canh-buom-do-tham-p279445981,https://tiki.vn/sach-canh-buom-do-tham-p279445981.html,Sách - Cánh buồm đỏ thắm,0.0,0,99000,99000,,1754
271660480,nhat-ky-chu-be-nhut-nhat-tap-10-nhung-ngay-xua-cu-song-ngu-anh-viet-p271660480,https://tiki.vn/nhat-ky-chu-be-nhut-nhat-tap-10-nhung-ngay-xua-cu-song-ngu-anh-viet-p271660480.html,Nhật Ký Chú Bé Nhút Nhát - Tập 10: Những Ngày Xưa Cũ (Song ngữ Anh Việt),0.0,0,96000,96000,,1754
273585196,truyen-thieu-nhi-con-trung-ky-an-ban-day-du-nhat-tap-7-p273585196,https://tiki.vn/truyen-thieu-nhi-con-trung-ky-an-ban-day-du-nhat-tap-7-p273585196.html,Truyện Thiếu Nhi- Côn Trùng Ký (Ấn Bản Đầy Đủ Nhất) - Tập 7,0.0,0,148500,148500,,1754
279729009,vysachqv-sach-van-dieu-ky-dieu-xu-tuyet-quebec-p279729009,https://tiki.vn/vysachqv-sach-van-dieu-ky-dieu-xu-tuyet-quebec-p279729009.html,Sách Vạn Điều Kỳ Diệu Xứ Tuyết Québec,0.0,0,115000,115000,,1754
279734128,vysachqv-sach-cuoc-noi-day-cua-co-nang-mot-sach-phan-2-phu-nu-tap-su-cua-than-dien-iii-p279734128,https://tiki.vn/vysachqv-sach-cuoc-noi-day-cua-co-nang-mot-sach-phan-2-phu-nu-tap-su-cua-than-dien-iii-p279734128.html,Sách Cuộc Nổi Dậy Của Cô Nàng Mọt Sách - Phần 2: Phụ Nữ Tập Sự Của Thần Điện III,0.0,0,185000,185000,,1754
275125369,the-wonderful-wizard-of-oz-phu-thuy-xu-oz-song-ngu-viet-anh-p275125369,https://tiki.vn/the-wonderful-wizard-of-oz-phu-thuy-xu-oz-song-ngu-viet-anh-p275125369.html,The Wonderful Wizard Of OZ - Phù thủy xứ OZ (song ngữ Việt Anh),0.0,0,89000,89000,,1754
273847348,combo-2-cuon-van-hoc-kinh-di-hanh-dong-hay-ngoi-nha-ky-quai-buc-tranh-ky-quai-p273847348,https://tiki.vn/combo-2-cuon-van-hoc-kinh-di-hanh-dong-hay-ngoi-nha-ky-quai-buc-tranh-ky-quai-p273847348.html,"Combo 2 Cuốn Văn Học Kinh Dị, Hành Động Hay- Ngôi Nhà Kỳ Quái+ Bức Tranh Kỳ Quái",0.0,0,312750,312750,,1754
277837236,bia-cung-nhung-cau-chuyen-cua-shakespeare-samantha-newman-hong-vu-dich-sach-nhan-dan-nxb-van-hoc-p277837236,https://tiki.vn/bia-cung-nhung-cau-chuyen-cua-shakespeare-samantha-newman-hong-vu-dich-sach-nhan-dan-nxb-van-hoc-p277837236.html,(Bìa cứng) NHỮNG CÂU CHUYỆN CỦA SHAKESPEARE – Samantha Newman – Hồng Vũ dịch – Sách Nhân Dân – NXB Văn Học,0.0,0,195000,195000,,1754
279729584,ba-dua-tre-va-nguoi-thu-thu-tot-bung-kate-albus-phi-mai-dich-1980-books-nxb-lao-dong-p279729584,https://tiki.vn/ba-dua-tre-va-nguoi-thu-thu-tot-bung-kate-albus-phi-mai-dich-1980-books-nxb-lao-dong-p279729584.html,BA ĐỨA TRẺ VÀ NGƯỜI THỦ THƯ TỐT BỤNG - Kate Albus - Phí Mai dịch - 1980 Books - NXB Lao Động,0.0,0,240000,240000,,1754
271780010,nhat-ky-cau-be-sieu-than-thien-tap-2-rowley-phieu-luu-ky-song-ngu-viet-anh-p271780010,https://tiki.vn/nhat-ky-cau-be-sieu-than-thien-tap-2-rowley-phieu-luu-ky-song-ngu-viet-anh-p271780010.html,Nhật Ký Cậu Bé Siêu Thân Thiện - Tập 2: Rowley Phiêu Lưu Ký (Song Ngữ Việt-Anh),0.0,0,55000,55000,1.0,1754
275122277,big-nate-trung-manh-p275122277,https://tiki.vn/big-nate-trung-manh-p275122277.html,Big Nate - Trúng mánh,0.0,0,59000,59000,,1754
205807433,nguoi-sao-choi-2-cuoc-noi-day-cua-robot-p205807433,https://tiki.vn/nguoi-sao-choi-2-cuoc-noi-day-cua-robot-p205807433.html,Người Sao Chổi 2 - Cuộc Nổi Dậy Của Robot,0.0,0,60000,60000,,1754
279296357,song-mot-doi-tua-bien-khoi-richard-harrington-annie-davidson-ngoc-thu-dich-nxb-kim-dong-p279296357,https://tiki.vn/song-mot-doi-tua-bien-khoi-richard-harrington-annie-davidson-ngoc-thu-dich-nxb-kim-dong-p279296357.html,"SỐNG MỘT ĐỜI TỰA BIỂN KHƠI - Richard Harrington, Annie Davidson – Ngọc Thư dịch – NXB Kim Đồng",0.0,0,70000,70000,,1754
275126150,big-nate-loi-nguoc-dong-p275126150,https://tiki.vn/big-nate-loi-nguoc-dong-p275126150.html,Big Nate - Lội Ngược Dòng,0.0,0,59000,59000,1.0,1754
172422123,101-truyen-hay-theo-buoc-be-trai-truong-thanh-tai-ban-2021-p172422123,https://tiki.vn/101-truyen-hay-theo-buoc-be-trai-truong-thanh-tai-ban-2021-p172422123.html,101 Truyện Hay Theo Bước Bé Trai Trưởng Thành (Tái Bản 2021),0.0,0,76000,76000,,1754
278320707,danh-tac-trong-nha-truong-nhung-cuoc-phieu-luu-cua-gulliver-tai-ban-2024-hh-p278320707,https://tiki.vn/danh-tac-trong-nha-truong-nhung-cuoc-phieu-luu-cua-gulliver-tai-ban-2024-hh-p278320707.html,Danh Tác Trong Nhà Trường - Những Cuộc Phiêu Lưu Của Gulliver - Tái Bản 2024  (HH),0.0,0,108000,101520,,1754
279363029,rudyard-kipling-cau-be-rung-xanh-p279363029,https://tiki.vn/rudyard-kipling-cau-be-rung-xanh-p279363029.html,Rudyard Kipling - Cậu bé rừng xanh,0.0,0,76000,76000,,1754
279636880,bo-ba-tieu-thuyet-thieu-nhi-nguyen-minh-chau-tu-gia-tuoi-tho-nhung-ngay-luu-lac-dao-da-ky-la-dong-tay-nxb-van-hoc-p279636880,https://tiki.vn/bo-ba-tieu-thuyet-thieu-nhi-nguyen-minh-chau-tu-gia-tuoi-tho-nhung-ngay-luu-lac-dao-da-ky-la-dong-tay-nxb-van-hoc-p279636880.html,"BỘ BA TIỂU THUYẾT THIẾU NHI NGUYỄN MINH CHÂU: Từ giã tuổi thơ, Những ngày lưu lạc, Đảo đá kỳ lạ - Đông Tây - NXB Văn Học",0.0,0,258000,258000,1.0,1754
275125614,big-nate-strikes-again-loi-nguoc-dong-song-ngu-viet-anh-p275125614,https://tiki.vn/big-nate-strikes-again-loi-nguoc-dong-song-ngu-viet-anh-p275125614.html,Big Nate Strikes Again - Lội Ngược Dòng (song ngữ Việt Anh),0.0,0,99000,99000,,1754
262392247,combo-lu-tre-lang-on-ao-lang-on-ao-vui-oi-la-vui-2-cuon-p262392247,https://tiki.vn/combo-lu-tre-lang-on-ao-lang-on-ao-vui-oi-la-vui-2-cuon-p262392247.html,Combo Lũ Trẻ Làng Ồn Ào + Làng Ồn Ào Vui Ơi Là Vui (2 Cuốn),0.0,0,133000,133000,,1754
278451435,anh-em-binh-thuong-san-truot-tuyet-vui-nhon-ban-quyen-p278451435,https://tiki.vn/anh-em-binh-thuong-san-truot-tuyet-vui-nhon-ban-quyen-p278451435.html,Anh Em Bình Thường - Sân Trượt Tuyết Vui Nhộn - Bản Quyền,0.0,0,68600,68600,1.0,1754
271660824,nhat-ky-chu-be-nhut-nhat-tap-13-dai-chien-tren-tuyet-song-ngu-anh-viet-p271660824,https://tiki.vn/nhat-ky-chu-be-nhut-nhat-tap-13-dai-chien-tren-tuyet-song-ngu-anh-viet-p271660824.html,Nhật Ký Chú Bé Nhút Nhát - Tập 13: Đại Chiến Trên Tuyết (Song ngữ Anh Việt),0.0,0,96000,96000,,1754
279477319,dac-nhan-tam-cho-tre-chien-thang-benh-tri-hoan-phien-ban-truyen-tranh-p279477319,https://tiki.vn/dac-nhan-tam-cho-tre-chien-thang-benh-tri-hoan-phien-ban-truyen-tranh-p279477319.html,Đắc nhân tâm cho trẻ - Chiến thắng bệnh trì hoãn (Phiên bản truyện tranh),0.0,0,90000,90000,1.0,1754
274174915,goi-mo-tam-hon-tre-doi-nhac-bremen-dt-p274174915,https://tiki.vn/goi-mo-tam-hon-tre-doi-nhac-bremen-dt-p274174915.html,Gợi Mở Tâm Hồn Trẻ -Đội Nhạc Bremen (ĐT),0.0,0,26000,24440,,1754
278714978,sach-bach-tuoc-phut-muc-phi-pham-bia-cung-p278714978,https://tiki.vn/sach-bach-tuoc-phut-muc-phi-pham-bia-cung-p278714978.html,Sách - Bạch Tuộc Phụt Mực Phi Phàm - Bìa Cứng,0.0,0,119000,113000,,1754
134320850,cun-con-va-toi-duoc-sinh-ra-vao-cung-mot-ngay-p134320850,https://tiki.vn/cun-con-va-toi-duoc-sinh-ra-vao-cung-mot-ngay-p134320850.html,Cún con và tôi được sinh ra vào cùng một ngày,0.0,0,49000,49000,6.0,1754
274566345,sach-van-hoc-lang-man-doan-xem-anh-yeu-em-nhuong-nao-p274566345,https://tiki.vn/sach-van-hoc-lang-man-doan-xem-anh-yeu-em-nhuong-nao-p274566345.html,Sách Văn Học Lãng Mạn: Đoán Xem Anh Yêu Em Nhường Nào,0.0,0,112500,112500,,1754
278673296,nhung-cau-chuyen-co-the-gioi-qua-va-chim-son-ca-p278673296,https://tiki.vn/nhung-cau-chuyen-co-the-gioi-qua-va-chim-son-ca-p278673296.html,Những câu chuyện cổ thế giới - Quạ và chim sơn ca,0.0,0,31500,31500,,1754
183513597,combo-2-truyen-cuc-hay-cho-be-banh-mi-kep-chuot-totto-chan-ben-cua-so-tang-bookmark-happy-life-cho-duyet-tu-dong-p183513597,https://tiki.vn/combo-2-truyen-cuc-hay-cho-be-banh-mi-kep-chuot-totto-chan-ben-cua-so-tang-bookmark-happy-life-cho-duyet-tu-dong-p183513597.html,Combo 2 truyện Cực Hay Cho Bé: Bánh Mì Kẹp Chuột +Totto - Chan Bên Cửa Sổ/ Tặng Bookmark Happy Life Chờ duyệt tự động,0.0,0,225500,225500,1.0,1754
279555596,bia-mem-tai-ban-hoang-tu-be-antoine-de-saint-exupery-vinh-lac-dich-dong-a-p279555596,https://tiki.vn/bia-mem-tai-ban-hoang-tu-be-antoine-de-saint-exupery-vinh-lac-dich-dong-a-p279555596.html,"(Bìa mềm, tái bản) HOÀNG TỬ BÉ - Antoine de Saint-Exupéry - Vĩnh Lạc dịch -  Đông A ",0.0,0,126000,126000,,1754
271120222,sach-dong-dao-cho-be-cac-tro-choi-dan-gian-p271120222,https://tiki.vn/sach-dong-dao-cho-be-cac-tro-choi-dan-gian-p271120222.html,Sách - Đồng dao cho bé - Các trò chơi dân gian,0.0,0,49600,49600,1.0,1754
257843531,sach-the-beautiful-garden-khu-vuon-xinh-dep-p257843531,https://tiki.vn/sach-the-beautiful-garden-khu-vuon-xinh-dep-p257843531.html,Sách - The beautiful garden Khu vườn xinh đẹp,0.0,0,85000,85000,,1754
192899740,evie-va-cuoc-phieu-luu-o-rung-nhiet-doi-p192899740,https://tiki.vn/evie-va-cuoc-phieu-luu-o-rung-nhiet-doi-p192899740.html,Evie Và Cuộc Phiêu Lưu Ở Rừng Nhiệt Đới,0.0,0,85000,85000,1.0,1754
260827467,combo-3-cuon-kho-lon-in-mau-nhiem-vu-bao-ve-moi-truong-nxb-phu-nu-bia-mem-p260827467,https://tiki.vn/combo-3-cuon-kho-lon-in-mau-nhiem-vu-bao-ve-moi-truong-nxb-phu-nu-bia-mem-p260827467.html,"(Combo 3 cuốn, khổ lớn, in màu) NHIỆM VỤ BẢO VỆ MÔI TRƯỜNG - Nxb Phụ Nữ - bìa mềm",0.0,0,260000,260000,,1754
277775797,berry-dolly-di-hoc-that-la-vui-p277775797,https://tiki.vn/berry-dolly-di-hoc-that-la-vui-p277775797.html,Berry & Dolly – Đi học thật là vui,0.0,0,96000,96000,,1754
278808259,an-ban-day-du-nhat-hai-van-dam-duoi-bien-junes-verne-nhat-phi-dich-huy-hoang-bookstore-nxb-van-hoc-p278808259,https://tiki.vn/an-ban-day-du-nhat-hai-van-dam-duoi-bien-junes-verne-nhat-phi-dich-huy-hoang-bookstore-nxb-van-hoc-p278808259.html,(Ấn Bản Đầy Đủ Nhất) HAI VẠN DẶM DƯỚI BIỂN – Junes Verne - Nhật Phi dịch – Huy Hoàng Bookstore – NXB Văn Học,0.0,0,204000,204000,,1754
143292541,evie-va-biet-tai-bi-mat-p143292541,https://tiki.vn/evie-va-biet-tai-bi-mat-p143292541.html,EVIE VÀ BIỆT TÀI BÍ MẬT,4.7,3,105000,105000,35.0,1754
271779721,nhat-ky-cau-be-sieu-than-thien-tap-2-rowley-phieu-luu-ky-p271779721,https://tiki.vn/nhat-ky-cau-be-sieu-than-thien-tap-2-rowley-phieu-luu-ky-p271779721.html,Nhật Ký Cậu Bé Siêu Thân Thiện - Tập 2: Rowley Phiêu Lưu Ký,0.0,0,55000,55000,,1754
271627760,nhat-ky-chu-be-nhut-nhat-tap-12-chuyen-di-bao-tap-song-ngu-anh-viet-p271627760,https://tiki.vn/nhat-ky-chu-be-nhut-nhat-tap-12-chuyen-di-bao-tap-song-ngu-anh-viet-p271627760.html,Nhật Ký Chú Bé Nhút Nhát - Tập 12: Chuyến Đi Bão Táp (Song ngữ Anh Việt),0.0,0,96000,96000,,1754
279643110,giai-cuu-sach-baba-yaga-nguoi-don-linh-hon-sophie-andersen-phi-yen-dich-huy-hoang-p279643110,https://tiki.vn/giai-cuu-sach-baba-yaga-nguoi-don-linh-hon-sophie-andersen-phi-yen-dich-huy-hoang-p279643110.html,[GIẢI CỨU SÁCH] BABA YAGA - NGƯỜI ĐÓN LINH HỒN - Sophie Andersen - Phi Yến dịch - Huy Hoàng,0.0,0,96000,96000,,1754
271734276,nhat-ky-chu-be-nhut-nhat-tap-11-cuoc-gap-doi-p271734276,https://tiki.vn/nhat-ky-chu-be-nhut-nhat-tap-11-cuoc-gap-doi-p271734276.html,Nhật Ký Chú Bé Nhút Nhát - Tập 11: Cược Gấp Đôi,0.0,0,55000,55000,1.0,1754
99854869,nhat-ky-truong-thanh-cua-nhung-dua-tre-ngoan-hai-cuon-cha-me-khong-phai-nguoi-day-to-cua-toi-va-toi-la-che-ngu-dai-vuong-p99854869,https://tiki.vn/nhat-ky-truong-thanh-cua-nhung-dua-tre-ngoan-hai-cuon-cha-me-khong-phai-nguoi-day-to-cua-toi-va-toi-la-che-ngu-dai-vuong-p99854869.html,Nhật ký trưởng thành của những đứa trẻ ngoan - hai cuốn Cha mẹ không phải người đầy tớ của tôi và Tôi là chế ngự đại vương,0.0,0,92600,92600,,1754
277775190,le-quoc-trieu-nhung-rung-cam-dau-doi-p277775190,https://tiki.vn/le-quoc-trieu-nhung-rung-cam-dau-doi-p277775190.html,Lê Quốc Triều - Những rung cảm đầu đời,0.0,0,99000,99000,,1754
278881494,sach-bai-ca-mung-giang-sinh-p278881494,https://tiki.vn/sach-bai-ca-mung-giang-sinh-p278881494.html,Sách Bài Ca Mừng Giáng Sinh,0.0,0,69000,69000,,1754
279629085,chuyen-nha-pepper-nhung-buoc-chan-truong-thanh-margaret-sidney-truong-vu-thao-nguyen-dich-1980-books-p279629085,https://tiki.vn/chuyen-nha-pepper-nhung-buoc-chan-truong-thanh-margaret-sidney-truong-vu-thao-nguyen-dich-1980-books-p279629085.html,CHUYỆN NHÀ PEPPER – NHỮNG BƯỚC CHÂN TRƯỞNG THÀNH – Margaret Sidney – Trương Vũ Thảo Nguyên dịch – 1980 Books,0.0,0,241000,241000,,1754
279102316,sach-chuc-ngu-ngon-nhe-nang-tien-nho-p279102316,https://tiki.vn/sach-chuc-ngu-ngon-nhe-nang-tien-nho-p279102316.html,"Sách - Chúc Ngủ Ngon Nhé, Nàng Tiên Nhỏ!",0.0,0,35000,32500,1.0,1754
279471403,sach-em-dam-tu-lon-bay-cung-penli-p279471403,https://tiki.vn/sach-em-dam-tu-lon-bay-cung-penli-p279471403.html,Sách - Em Dám Tự Lớn - Bay Cùng Penli,0.0,0,59000,53100,,1754
279471269,sach-truyen-co-tich-hay-nhat-the-gioi-cong-chua-toc-may-p279471269,https://tiki.vn/sach-truyen-co-tich-hay-nhat-the-gioi-cong-chua-toc-may-p279471269.html,Sách - Truyện Cổ Tích Hay Nhất Thế Giới - Công Chúa Tóc Mây,0.0,0,18000,16700,1.0,1754
278616890,sach-lich-su-nuoc-ta-p278616890,https://tiki.vn/sach-lich-su-nuoc-ta-p278616890.html,Sách - Lịch Sử Nước Ta,0.0,0,89000,84500,1.0,1754
279468426,sach-ella-va-canh-cua-bi-mat-p279468426,https://tiki.vn/sach-ella-va-canh-cua-bi-mat-p279468426.html,Sách - Ella Và Cánh Cửa Bí Mật,0.0,0,109000,98100,,1754
470195,sach-hoang-tu-be-vuong-quoc-ulala-p470195,https://tiki.vn/sach-hoang-tu-be-vuong-quoc-ulala-p470195.html,Sách Hoàng Tử Bé Vương Quốc Ulala,0.0,0,28000,26000,14.0,1754
278715028,sach-winnie-the-pooh-gau-pooh-xinh-xan-pooh-s-little-whispers-loi-thi-tham-cua-pooh-p278715028,https://tiki.vn/sach-winnie-the-pooh-gau-pooh-xinh-xan-pooh-s-little-whispers-loi-thi-tham-cua-pooh-p278715028.html,Sách - Winnie-The-Pooh - Gấu Pooh Xinh Xắn - Pooh's Little Whispers - Lời Thì Thầm Của Pooh,0.0,0,88000,70400,5.0,1754
279471293,sach-tu-sach-tuoi-than-tien-cong-chua-nho-chan-cuu-tai-ban-2026-p279471293,https://tiki.vn/sach-tu-sach-tuoi-than-tien-cong-chua-nho-chan-cuu-tai-ban-2026-p279471293.html,Sách - Tủ Sách Tuổi Thần Tiên - Công Chúa Nhỏ Chăn Cừu (Tái Bản 2026),0.0,0,50000,45000,,1754
279468794,sach-truyen-co-tet-hien-dai-p279468794,https://tiki.vn/sach-truyen-co-tet-hien-dai-p279468794.html,Sách - Truyện “Cổ Tết” Hiện Đại,0.0,0,60000,58200,,1754
279302241,sach-truyen-co-tich-hay-nhat-the-gioi-ong-lao-danh-ca-va-con-ca-vang-p279302241,https://tiki.vn/sach-truyen-co-tich-hay-nhat-the-gioi-ong-lao-danh-ca-va-con-ca-vang-p279302241.html,Sách - Truyện Cổ Tích Hay Nhất Thế Giới - Ông Lão Đánh Cá Và Con Cá Vàng,0.0,0,20000,18600,,1754
279336647,sach-tu-sach-van-hoc-viet-nam-trong-nha-truong-nguoi-ngua-va-ngua-nguoi-p279336647,https://tiki.vn/sach-tu-sach-van-hoc-viet-nam-trong-nha-truong-nguoi-ngua-va-ngua-nguoi-p279336647.html,Sách - Tủ Sách Văn Học Việt Nam Trong Nhà Trường - Người Ngựa Và Ngựa Người,0.0,0,59000,48300,3.0,1754
279290900,sach-moi-ngay-mot-cau-chuyen-truoc-gio-di-ngu-nhung-cau-chuyen-ngot-ngao-p279290900,https://tiki.vn/sach-moi-ngay-mot-cau-chuyen-truoc-gio-di-ngu-nhung-cau-chuyen-ngot-ngao-p279290900.html,Sách - Mỗi Ngày Một Câu Chuyện Trước Giờ Đi Ngủ - Những Câu Chuyện Ngọt Ngào,0.0,0,99000,89100,1.0,1754
279708746,linhsachqv-sach-truyen-ke-truoc-khi-di-ngu-yeu-thuong-p279708746,https://tiki.vn/linhsachqv-sach-truyen-ke-truoc-khi-di-ngu-yeu-thuong-p279708746.html,Sách Truyện Kể Trước Khi Đi Ngủ - Yêu Thương,0.0,0,61000,61000,,1754
247933383,con-trung-ky-an-ban-day-du-nhat-tap-6-p247933383,https://tiki.vn/con-trung-ky-an-ban-day-du-nhat-tap-6-p247933383.html,Côn Trùng Ký (Ấn Bản Đầy Đủ Nhất) - Tập 6,5.0,1,145000,130500,16.0,1754
274174908,goi-mo-tam-hon-tre-soi-xam-va-cuu-non-dt-p274174908,https://tiki.vn/goi-mo-tam-hon-tre-soi-xam-va-cuu-non-dt-p274174908.html,Gợi Mở Tâm Hồn Trẻ - Sói Xám Và Cừu Non (ĐT),0.0,0,26000,24440,,1754
274028827,tuyen-tap-sherlock-holmes-nhung-bi-mat-va-bau-vat-bi-danh-cap-vi-dien-chu-vung-reigate-p274028827,https://tiki.vn/tuyen-tap-sherlock-holmes-nhung-bi-mat-va-bau-vat-bi-danh-cap-vi-dien-chu-vung-reigate-p274028827.html,Tuyển Tập Sherlock Holmes - Những Bí Mật Và Báu Vật Bị Đánh Cắp - Vị Điền Chủ Vùng Reigate,0.0,0,59000,50445,,1754
274028829,tuyen-tap-sherlock-holmes-nhung-bi-mat-va-bau-vat-bi-danh-cap-nguoi-khach-tro-deo-mang-che-mat-p274028829,https://tiki.vn/tuyen-tap-sherlock-holmes-nhung-bi-mat-va-bau-vat-bi-danh-cap-nguoi-khach-tro-deo-mang-che-mat-p274028829.html,Tuyển Tập Sherlock Holmes - Những Bí Mật Và Báu Vật Bị Đánh Cắp - Người Khách Trọ Đeo Mạng Che Mặt,0.0,0,59000,50445,,1754
274118112,tuyen-tap-sherlock-holmes-nhung-bi-mat-va-bau-vat-bi-danh-cap-hoi-toc-do-p274118112,https://tiki.vn/tuyen-tap-sherlock-holmes-nhung-bi-mat-va-bau-vat-bi-danh-cap-hoi-toc-do-p274118112.html,Tuyển Tập Sherlock Holmes - Những Bí Mật Và Báu Vật Bị Đánh Cắp - Hội Tóc Đỏ,0.0,0,65000,55575,,1754
279706476,vysachqv-sach-no-6-tap-3-p279706476,https://tiki.vn/vysachqv-sach-no-6-tap-3-p279706476.html,Sách No.6 - Tập 3,0.0,0,55000,55000,,1754
276801731,sach-combo-kho-bau-cau-chuyen-kem-bai-giang-be-hoc-nhung-cau-chuyen-thu-vi-va-y-nghia-phat-trien-tu-duy-doc-hieu-p276801731,https://tiki.vn/sach-combo-kho-bau-cau-chuyen-kem-bai-giang-be-hoc-nhung-cau-chuyen-thu-vi-va-y-nghia-phat-trien-tu-duy-doc-hieu-p276801731.html,Sách Kể Chuyện có App kể chuyện dành cho bé từ 4-6 tuổi mới nhất 2025,0.0,0,165000,165000,2.0,1754
276642762,sach-cho-be-5-tuoi-kho-bau-cau-chuyen-tac-gia-phan-ho-diep-va-pantado-cung-be-doc-hieu-moi-ngay-p276642762,https://tiki.vn/sach-cho-be-5-tuoi-kho-bau-cau-chuyen-tac-gia-phan-ho-diep-va-pantado-cung-be-doc-hieu-moi-ngay-p276642762.html,Sách Cho Bé Từ 3-6 Tuổi - Kho báu câu chuyện - Tác Giả Phan Hồ Điệp và Pantado Cùng bé đọc hiểu mỗi ngày,0.0,0,165000,165000,,1754
205297809,5-phut-doc-truyen-cung-con-yeu-co-be-quang-khan-do-va-nhung-truyen-co-tich-kinh-dien-khac-p205297809,https://tiki.vn/5-phut-doc-truyen-cung-con-yeu-co-be-quang-khan-do-va-nhung-truyen-co-tich-kinh-dien-khac-p205297809.html,5 Phút Đọc Truyện Cùng Con Yêu - Cô Bé Quàng Khăn Đỏ Và Những Truyện Cổ Tích Kinh Điển Khác,0.0,0,71093,71093,,1754
197923127,combo-2-cuon-van-hoc-thieu-nhi-totto-chan-ben-cua-so-anne-toc-do-duoi-chai-nha-xanh-p197923127,https://tiki.vn/combo-2-cuon-van-hoc-thieu-nhi-totto-chan-ben-cua-so-anne-toc-do-duoi-chai-nha-xanh-p197923127.html,Combo 2 Cuốn Văn Học Thiếu Nhi: Totto - Chan Bên Cửa Sổ + Anne Tóc Đỏ Dưới Chái Nhà Xanh ,0.0,0,261500,261500,2.0,1754
279734512,vysachqv-sach-ngay-xua-bo-the-nao-p279734512,https://tiki.vn/vysachqv-sach-ngay-xua-bo-the-nao-p279734512.html,Sách Ngày Xưa Bố Thế Nào ?,0.0,0,148000,140600,,1754
273135614,nhat-ky-chu-be-nhut-nhat-tap-18-out-trinh-p273135614,https://tiki.vn/nhat-ky-chu-be-nhut-nhat-tap-18-out-trinh-p273135614.html,Nhật Ký Chú Bé Nhút Nhát - Tập 18: Out Trình,0.0,0,55000,55000,,1754
270703377,bo-xau-bo-tot-p270703377,https://tiki.vn/bo-xau-bo-tot-p270703377.html,"Bố Xấu, Bố Tốt",0.0,0,128000,121600,2.0,1754
105796638,the-lemonade-war-chiec-chuong-mat-tich-p105796638,https://tiki.vn/the-lemonade-war-chiec-chuong-mat-tich-p105796638.html,The Lemonade War: Chiếc Chuông Mất Tích,0.0,0,119000,119000,1.0,1754
167462122,co-tich-viet-nam-cho-be-su-tich-con-da-trang-tai-ban-2021-p167462122,https://tiki.vn/co-tich-viet-nam-cho-be-su-tich-con-da-trang-tai-ban-2021-p167462122.html,Cổ Tích Việt Nam Cho Bé: Sự Tích Con Dã Tràng (Tái Bản 2021),0.0,0,20000,19600,10.0,1754
276798401,combo-3-cuon-truyen-hay-cho-thieu-nhi-ngai-ho-va-betsy-nxb-kim-dong-p276798401,https://tiki.vn/combo-3-cuon-truyen-hay-cho-thieu-nhi-ngai-ho-va-betsy-nxb-kim-dong-p276798401.html,Combo 3 cuốn truyện hay cho thiếu nhi: Ngài hổ và Betsy (NXB Kim Đồng),0.0,0,150000,150000,1.0,1754
165021179,crab-hotpot-p165021179,https://tiki.vn/crab-hotpot-p165021179.html,Crab Hotpot,0.0,0,169000,143000,1.0,1754
277920535,sach-van-hoc-thieu-nhi-tieng-anh-diary-of-a-wimpy-kid-double-down-book-11-p277920535,https://tiki.vn/sach-van-hoc-thieu-nhi-tieng-anh-diary-of-a-wimpy-kid-double-down-book-11-p277920535.html,Sách văn học thiếu nhi tiếng Anh - Diary of a Wimpy Kid: Double Down (Book 11),0.0,0,283500,283500,,1754
279422821,sach-truyen-co-tich-viet-nam-cho-be-thach-sanh-p279422821,https://tiki.vn/sach-truyen-co-tich-viet-nam-cho-be-thach-sanh-p279422821.html,Sách - Truyện Cổ Tích Việt Nam Cho Bé - Thạch Sanh,0.0,0,24000,21600,,1754
274726670,nhay-len-va-het-p274726670,https://tiki.vn/nhay-len-va-het-p274726670.html,Nhẩy Lên Và Hét,0.0,0,50000,50000,,1754
278785970,sach-truyen-ke-dem-giang-sinh-le-giang-sinh-dac-biet-p278785970,https://tiki.vn/sach-truyen-ke-dem-giang-sinh-le-giang-sinh-dac-biet-p278785970.html,Sách - Truyện Kể Đêm Giáng Sinh - Lễ Giáng Sinh Đặc Biệt,0.0,0,55000,49500,3.0,1754
279452721,sach-co-rua-nho-jennie-p279452721,https://tiki.vn/sach-co-rua-nho-jennie-p279452721.html,Sách - Cô Rùa Nhỏ Jennie,0.0,0,98000,88200,,1754
278817514,sach-truyen-co-tich-hien-dai-viet-nam-tap-3-p278817514,https://tiki.vn/sach-truyen-co-tich-hien-dai-viet-nam-tap-3-p278817514.html,Sách - Truyện Cổ Tích Hiện Đại Việt Nam - Tập 3,0.0,0,70000,70000,,1754
274749440,nhung-anh-hung-tre-tuoi-phan-dinh-giot-p274749440,https://tiki.vn/nhung-anh-hung-tre-tuoi-phan-dinh-giot-p274749440.html,Những Anh Hùng Trẻ Tuổi - Phan Đình Giót,0.0,0,50000,50000,4.0,1754
278817522,sach-nha-van-son-tung-nhung-ki-uc-sang-trong-p278817522,https://tiki.vn/sach-nha-van-son-tung-nhung-ki-uc-sang-trong-p278817522.html,Sách - Nhà Văn Sơn Tùng - Những Kí Ức Sáng Trong,0.0,0,40000,39200,1.0,1754
279422919,sach-truyen-co-tich-song-ngu-viet-nam-hay-nhat-coc-kien-troi-toad-sues-god-p279422919,https://tiki.vn/sach-truyen-co-tich-song-ngu-viet-nam-hay-nhat-coc-kien-troi-toad-sues-god-p279422919.html,Sách - Truyện Cổ Tích Song Ngữ Việt Nam Hay Nhất - Cóc Kiện Trời - Toad Sues God,0.0,0,25000,23200,,1754
279423992,sach-truyen-co-tich-song-ngu-viet-nam-hay-nhat-cay-tre-tram-dot-the-hundred-knot-bamboo-tree-p279423992,https://tiki.vn/sach-truyen-co-tich-song-ngu-viet-nam-hay-nhat-cay-tre-tram-dot-the-hundred-knot-bamboo-tree-p279423992.html,Sách - Truyện Cổ Tích Song Ngữ Việt Nam Hay Nhất - Cây Tre Trăm Đốt - The Hundred-Knot Bamboo Tree,0.0,0,25000,23200,,1754
279471367,sach-ngoi-lang-duoi-vom-co-xin-chao-nha-de-nho-p279471367,https://tiki.vn/sach-ngoi-lang-duoi-vom-co-xin-chao-nha-de-nho-p279471367.html,Sách - Ngôi Làng Dưới Vòm Cỏ - Xin Chào Nhà Dế Nhỏ!,0.0,0,25000,25000,,1754
279471361,sach-truyen-ke-cho-be-truoc-gio-di-ngu-giup-phat-trien-aq-pq-p279471361,https://tiki.vn/sach-truyen-ke-cho-be-truoc-gio-di-ngu-giup-phat-trien-aq-pq-p279471361.html,Sách - Truyện Kể Cho Bé Trước Giờ Đi Ngủ - Giúp Phát Triển AQ - PQ,0.0,0,84000,75600,,1754
263207583,tu-sach-vang-cho-con-truyen-ngu-ngon-la-fontaine-hay-nhat-p263207583,https://tiki.vn/tu-sach-vang-cho-con-truyen-ngu-ngon-la-fontaine-hay-nhat-p263207583.html,Tủ Sách Vàng Cho Con - Truyện Ngụ Ngôn La Fontaine Hay Nhất,0.0,0,127487,127487,,1754
278714393,sach-truyen-co-andersen-tap-2-tai-ban-2024-p278714393,https://tiki.vn/sach-truyen-co-andersen-tap-2-tai-ban-2024-p278714393.html,Sách - Truyện Cổ Andersen - Tập 2 (Tái Bản 2024),0.0,0,88000,88000,,1754
278153639,sach-thanh-pho-vui-ve-cac-dong-vat-khong-de-thuong-mo-tiec-p278153639,https://tiki.vn/sach-thanh-pho-vui-ve-cac-dong-vat-khong-de-thuong-mo-tiec-p278153639.html,Sách - Thành Phố Vui Vẻ - Các Động Vật Không Dễ Thương Mở Tiệc,0.0,0,70000,70000,,1754
278153577,sach-lang-ta-co-mot-anh-hung-p278153577,https://tiki.vn/sach-lang-ta-co-mot-anh-hung-p278153577.html,Sách - Làng Ta Có Một Anh Hùng,0.0,0,70000,70000,,1754
197464954,me-oi-con-muon-bay-p197464954,https://tiki.vn/me-oi-con-muon-bay-p197464954.html,Mẹ Ơi Con Muốn Bay,0.0,0,55000,55000,,1754
214889710,kinh-van-hoa-tap-8-tam-huy-chuong-vang-co-xe-ngua-ki-bi-giai-thuong-lon-tai-ban-2022-p214889710,https://tiki.vn/kinh-van-hoa-tap-8-tam-huy-chuong-vang-co-xe-ngua-ki-bi-giai-thuong-lon-tai-ban-2022-p214889710.html,Kính Vạn Hoa - Tập 8: Tấm Huy Chương Vàng - Cỗ Xe Ngựa Kì Bí - Giải Thưởng Lớn (Tái Bản 2022),5.0,1,86000,77400,21.0,1754
193195986,ke-chuyen-guong-hieu-thao-tai-ban-p193195986,https://tiki.vn/ke-chuyen-guong-hieu-thao-tai-ban-p193195986.html,Kể Chuyện Gương Hiếu Thảo (Tái Bản),0.0,0,64000,64000,,1754
279471533,sach-ngan-le-mot-dem-ke-chuyen-cho-meo-p279471533,https://tiki.vn/sach-ngan-le-mot-dem-ke-chuyen-cho-meo-p279471533.html,Sách - Ngàn Lẻ Một Đêm Kể Chuyện Cho Mèo,0.0,0,70000,66500,,1754
278966537,sach-cau-be-den-tu-duong-chan-troi-p278966537,https://tiki.vn/sach-cau-be-den-tu-duong-chan-troi-p278966537.html,Sách - Cậu Bé Đến Từ Đường Chân Trời,0.0,0,65000,65000,,1754
279471483,sach-zoey-va-xa-xi-tap-5-chuyen-dam-lay-va-vo-hat-than-ki-p279471483,https://tiki.vn/sach-zoey-va-xa-xi-tap-5-chuyen-dam-lay-va-vo-hat-than-ki-p279471483.html,Sách - Zoey Và Xá Xị - Tập 5 - Chuyện Đầm Lầy Và Vỏ Hạt Thần Kì,0.0,0,30000,30000,,1754
279471429,sach-doc-sach-ngay-xuan-quay-quan-don-tet-en-bay-khap-mien-tet-ve-binh-yen-p279471429,https://tiki.vn/sach-doc-sach-ngay-xuan-quay-quan-don-tet-en-bay-khap-mien-tet-ve-binh-yen-p279471429.html,"Sách - Đọc Sách Ngày Xuân, Quây Quần Đón Tết - Én Bay Khắp Miền, Tết Về Bình Yên",0.0,0,89000,80100,,1754
279468422,sach-ella-va-cau-ban-bac-hoc-kho-ua-p279468422,https://tiki.vn/sach-ella-va-cau-ban-bac-hoc-kho-ua-p279468422.html,Sách - Ella Và Cậu Bạn Bác Học Khó Ưa,0.0,0,109000,98100,,1754
278712935,sach-tac-pham-chon-loc-van-hoc-anh-khuc-ca-mung-giang-sinh-tai-ban-2024-p278712935,https://tiki.vn/sach-tac-pham-chon-loc-van-hoc-anh-khuc-ca-mung-giang-sinh-tai-ban-2024-p278712935.html,Sách - Tác Phẩm Chọn Lọc - Văn Học Anh - Khúc Ca Mừng Giáng Sinh (Tái Bản 2024),0.0,0,55000,46700,2.0,1754
278153310,sach-trang-trai-cuoi-rung-p278153310,https://tiki.vn/sach-trang-trai-cuoi-rung-p278153310.html,Sách - Trang Trại Cuối Rừng,0.0,0,75000,71200,,1754
278153006,sach-truyen-ke-truoc-khi-ngu-vui-ve-p278153006,https://tiki.vn/sach-truyen-ke-truoc-khi-ngu-vui-ve-p278153006.html,Sách - Truyện Kể Trước Khi Ngủ - Vui Vẻ,0.0,0,61000,50000,,1754
278153224,sach-chu-ca-con-va-ngoi-sao-nho-p278153224,https://tiki.vn/sach-chu-ca-con-va-ngoi-sao-nho-p278153224.html,Sách - Chú Cá Con Và Ngôi Sao Nhỏ,0.0,0,55000,55000,,1754
278715307,sach-trai-tim-cua-dao-p278715307,https://tiki.vn/sach-trai-tim-cua-dao-p278715307.html,Sách - Trái Tim Của Đảo,0.0,0,60000,60000,,1754
279482653,sach-kamishibai-ke-chuyen-bang-tranh-soc-va-soi-p279482653,https://tiki.vn/sach-kamishibai-ke-chuyen-bang-tranh-soc-va-soi-p279482653.html,Sách - Kamishibai - Kể Chuyện Bằng Tranh - Sóc Và Sói,0.0,0,60000,58200,,1754
279471345,sach-kamishibai-ke-chuyen-bang-tranh-thang-bom-p279471345,https://tiki.vn/sach-kamishibai-ke-chuyen-bang-tranh-thang-bom-p279471345.html,Sách - Kamishibai - Kể Chuyện Bằng Tranh - Thằng Bờm,0.0,0,60000,58200,,1754
409089,sach-21-chuyen-cuop-bien-p409089,https://tiki.vn/sach-21-chuyen-cuop-bien-p409089.html,Sách 21 Chuyện Cướp Biển,0.0,0,150000,150000,,1754
247938424,tuyen-tap-truyen-hay-danh-cho-thieu-nhi-3-tai-ban-2020-p247938424,https://tiki.vn/tuyen-tap-truyen-hay-danh-cho-thieu-nhi-3-tai-ban-2020-p247938424.html,Tuyển Tập Truyện Hay Dành Cho Thiếu Nhi 3 (Tái Bản 2020),0.0,0,48000,44600,,1754
278897952,sach-tu-sach-vang-cho-con-dem-truoc-giang-sinh-bia-cung-p278897952,https://tiki.vn/sach-tu-sach-vang-cho-con-dem-truoc-giang-sinh-bia-cung-p278897952.html,Sách - Tủ Sách Vàng Cho Con - Đêm Trước Giáng Sinh - Bìa Cứng,0.0,0,90000,81000,1.0,1754
278884816,sach-ehon-chau-au-dem-truoc-giang-sinh-p278884816,https://tiki.vn/sach-ehon-chau-au-dem-truoc-giang-sinh-p278884816.html,Sách - Ehon Châu Âu - Đêm Trước Giáng Sinh,0.0,0,34997,34997,,1754
278967669,sach-we-are-friends-bia-cung-p278967669,https://tiki.vn/sach-we-are-friends-bia-cung-p278967669.html,Sách - We Are Friends - Bìa Cứng,0.0,0,120000,114000,1.0,1754
199106274,bo-sach-xu-so-muong-thu-bo-4-tap-p199106274,https://tiki.vn/bo-sach-xu-so-muong-thu-bo-4-tap-p199106274.html,Bộ Sách Xứ Sở Muông Thú (Bộ 4 Tập),0.0,0,60000,60000,,1754
270477431,chim-ra-rang-hanh-phuc-p270477431,https://tiki.vn/chim-ra-rang-hanh-phuc-p270477431.html,Chim Ra Ràng Hạnh Phúc,0.0,0,55000,53300,,1754
272305819,cuoc-phieu-luu-cua-de-ut-phan-ba-tai-ban-2023-p272305819,https://tiki.vn/cuoc-phieu-luu-cua-de-ut-phan-ba-tai-ban-2023-p272305819.html,Cuộc Phiêu Lưu Của Dế Út: Phần Ba (Tái Bản 2023),0.0,0,70000,66500,12.0,1754
203945197,kinh-van-hoa-tap-8-tai-ban-2022-p203945197,https://tiki.vn/kinh-van-hoa-tap-8-tai-ban-2022-p203945197.html,Kính Vạn Hoa - Tập 8 (Tái Bản 2022),0.0,0,135000,135000,1.0,1754
278768776,sach-di-tim-xu-tu-bo-p278768776,https://tiki.vn/sach-di-tim-xu-tu-bo-p278768776.html,Sách - Đi Tìm Xứ Tu-Bo,0.0,0,105000,105000,,1754
279408846,sach-tu-sach-tuoi-than-tien-nhai-bau-vua-troi-vua-lon-p279408846,https://tiki.vn/sach-tu-sach-tuoi-than-tien-nhai-bau-vua-troi-vua-lon-p279408846.html,Sách - Tủ Sách Tuổi Thần Tiên - Nhái Bầu Vừa Trôi Vừa Lớn,0.0,0,45000,43600,,1754
278761359,sach-be-yeu-to-quoc-p278761359,https://tiki.vn/sach-be-yeu-to-quoc-p278761359.html,Sách - Bé Yêu Tổ Quốc,0.0,0,70000,63000,1.0,1754
279274217,nhat-ky-chu-be-nhut-nhat-chua-te-tiec-tung-tap-20-song-ngu-anh-viet-p279274217,https://tiki.vn/nhat-ky-chu-be-nhut-nhat-chua-te-tiec-tung-tap-20-song-ngu-anh-viet-p279274217.html,"Nhật ký chú bé nhút nhát - Chúa tể tiệc tùng (Tập 20, song ngữ Anh Việt)",0.0,0,96000,96000,2.0,1754
248502049,vuong-quoc-ngo-nghinh-p248502049,https://tiki.vn/vuong-quoc-ngo-nghinh-p248502049.html,Vương Quốc Ngộ Nghĩnh,0.0,0,120000,120000,,1754
278714574,sach-tu-sach-tuoi-than-tien-phu-thuy-se-nau-va-chiec-nhan-mat-tich-p278714574,https://tiki.vn/sach-tu-sach-tuoi-than-tien-phu-thuy-se-nau-va-chiec-nhan-mat-tich-p278714574.html,Sách - Tủ Sách Tuổi Thần Tiên - Phù Thủy Sẻ Nâu Và Chiếc Nhẫn Mất Tích,0.0,0,65000,65000,,1754
209603470,chiec-banh-trang-p209603470,https://tiki.vn/chiec-banh-trang-p209603470.html,Chiếc Bánh Trăng,0.0,0,88000,88000,,1754
279471279,sach-truyen-ke-truoc-gio-ngu-cam-on-nhe-vi-da-la-ban-cua-minh-p279471279,https://tiki.vn/sach-truyen-ke-truoc-gio-ngu-cam-on-nhe-vi-da-la-ban-cua-minh-p279471279.html,Sách - Truyện Kể Trước Giờ Ngủ - Cảm Ơn Nhé Vì Đã Là Bạn Của Mình,0.0,0,69000,62100,,1754
279471281,sach-truyen-ke-truoc-gio-ngu-nu-hon-chuc-ngu-ngon-p279471281,https://tiki.vn/sach-truyen-ke-truoc-gio-ngu-nu-hon-chuc-ngu-ngon-p279471281.html,Sách - Truyện Kể Trước Giờ Ngủ - Nụ Hôn Chúc Ngủ Ngon,0.0,0,69000,62100,,1754
176752974,truyen-co-tich-viet-nam-tap-3-yet-kieu-p176752974,https://tiki.vn/truyen-co-tich-viet-nam-tap-3-yet-kieu-p176752974.html,Truyện Cổ Tích Việt Nam - Tập 3: Yết Kiêu,0.0,0,60000,54000,,1754
174321525,kinh-van-hoa-tap-18-toc-ngan-toc-dai-ma-lum-dong-tien-ca-phe-ao-tim-tai-ban-2022-p174321525,https://tiki.vn/kinh-van-hoa-tap-18-toc-ngan-toc-dai-ma-lum-dong-tien-ca-phe-ao-tim-tai-ban-2022-p174321525.html,Kính Vạn Hoa - Tập 18: Tóc Ngắn Tóc Dài - Má Lúm Đồng Tiền - Cà Phê Áo Tím (Tái Bản 2022),0.0,0,96000,96000,9.0,1754
180609835,cam-nang-ti-toay-tu-lap-quoc-gia-be-teo-teo-p180609835,https://tiki.vn/cam-nang-ti-toay-tu-lap-quoc-gia-be-teo-teo-p180609835.html,"Cẩm Nang Tí Toáy, Tự Lập Quốc Gia Bé Tẹo Teo",0.0,0,89000,84500,12.0,1754
172422179,co-ban-la-co-ban-p172422179,https://tiki.vn/co-ban-la-co-ban-p172422179.html,Cơ Bản Là Cơ Bản,0.0,0,48000,48000,,1754
278714792,sach-neu-tat-ca-nhung-gi-toi-co-la-ngon-tu-p278714792,https://tiki.vn/sach-neu-tat-ca-nhung-gi-toi-co-la-ngon-tu-p278714792.html,Sách - Nếu Tất Cả Những Gì Tôi Có Là Ngôn Từ,0.0,0,110000,104500,,1754
274909642,cau-be-bi-dat-bung-tron-chua-day-niem-tin-p274909642,https://tiki.vn/cau-be-bi-dat-bung-tron-chua-day-niem-tin-p274909642.html,Cậu Bé Bi Đất - Bụng Tròn Chứa Đầy Niềm Tin!,0.0,0,60000,60000,,1754
274909650,adiba-ba-phu-thuy-tren-cay-soi-p274909650,https://tiki.vn/adiba-ba-phu-thuy-tren-cay-soi-p274909650.html,Adiba - Bà Phù Thủy Trên Cây Sồi,0.0,0,75000,75000,,1754
279746522,sach-truyen-ke-lich-su-lon-len-vi-nuoc-mai-hac-de-bo-cai-dai-vuong-ly-thai-to-p279746522,https://tiki.vn/sach-truyen-ke-lich-su-lon-len-vi-nuoc-mai-hac-de-bo-cai-dai-vuong-ly-thai-to-p279746522.html,Sách - Truyện Kể Lịch Sử - Lớn Lên Vì Nước - Mai Hắc Đế - Bố Cái Đại Vương - Lý Thái Tổ,0.0,0,45000,45000,,1754
205802209,5-phut-doc-truyen-cung-con-yeu-nhung-cau-chuyen-phep-thuat-p205802209,https://tiki.vn/5-phut-doc-truyen-cung-con-yeu-nhung-cau-chuyen-phep-thuat-p205802209.html,5 Phút Đọc Truyện Cùng Con Yêu - Những Câu Chuyện Phép Thuật,0.0,0,71093,71093,,1754
205802217,5-phut-doc-truyen-cung-con-yeu-co-be-lo-lem-va-nhung-truyen-co-tich-kinh-dien-khac-p205802217,https://tiki.vn/5-phut-doc-truyen-cung-con-yeu-co-be-lo-lem-va-nhung-truyen-co-tich-kinh-dien-khac-p205802217.html,5 Phút Đọc Truyện Cùng Con Yêu - Cô Bé Lọ Lem Và Những Truyện Cổ Tích Kinh Điển Khác,0.0,0,71093,71093,,1754
205802207,5-phut-doc-truyen-cung-con-yeu-nguoi-dep-va-quai-vat-p205802207,https://tiki.vn/5-phut-doc-truyen-cung-con-yeu-nguoi-dep-va-quai-vat-p205802207.html,5 Phút Đọc Truyện Cùng Con Yêu - Người Đẹp Và Quái Vật,0.0,0,71093,71093,,1754
200976629,truyen-co-tich-kazakhstan-tap-3-p200976629,https://tiki.vn/truyen-co-tich-kazakhstan-tap-3-p200976629.html,Truyện Cổ Tích Kazakhstan - Tập 3,0.0,0,220000,220000,,1754
203945189,kinh-van-hoa-tap-7-tai-ban-2022-p203945189,https://tiki.vn/kinh-van-hoa-tap-7-tai-ban-2022-p203945189.html,Kính Vạn Hoa - Tập 7 (Tái Bản 2022),0.0,0,135000,135000,,1754
279372896,oliver-twist-p279372896,https://tiki.vn/oliver-twist-p279372896.html,Oliver Twist,0.0,0,74000,74000,2.0,1754
278714604,sach-tu-sach-vang-danh-cho-con-nhung-cau-chuyen-phieu-luu-li-ki-nhat-p278714604,https://tiki.vn/sach-tu-sach-vang-danh-cho-con-nhung-cau-chuyen-phieu-luu-li-ki-nhat-p278714604.html,Sách - Tủ Sách Vàng Dành Cho Con - Những Câu Chuyện Phiêu Lưu Li Kì Nhất,0.0,0,150000,135000,2.0,1754
262512078,chuyen-bi-an-thuong-ngay-nhung-cau-chuyen-ngoan-muc-nhat-tai-ban-2023-p262512078,https://tiki.vn/chuyen-bi-an-thuong-ngay-nhung-cau-chuyen-ngoan-muc-nhat-tai-ban-2023-p262512078.html,Chuyện Bí Ẩn Thường Ngày - Những Câu Chuyện Ngoạn Mục Nhất (Tái Bản 2023),0.0,0,95000,95000,,1754
274159950,ke-chuyen-guong-hieu-hoc-tai-ban-2023-p274159950,https://tiki.vn/ke-chuyen-guong-hieu-hoc-tai-ban-2023-p274159950.html,Kể Chuyện Gương Hiếu Học (Tái Bản 2023),0.0,0,60000,60000,,1754
276598335,tu-sach-ren-luyen-nhan-cach-song-trung-thu-chau-nho-bac-ho-tai-ban-2024-p276598335,https://tiki.vn/tu-sach-ren-luyen-nhan-cach-song-trung-thu-chau-nho-bac-ho-tai-ban-2024-p276598335.html,Tủ Sách Rèn Luyện Nhân Cách Sống - Trung Thu Cháu Nhớ Bác Hồ (Tái Bản 2024),0.0,0,55000,55000,,1754
162527554,ke-chuyen-van-hoa-viet-chuyen-o-cua-nguoi-xua-p162527554,https://tiki.vn/ke-chuyen-van-hoa-viet-chuyen-o-cua-nguoi-xua-p162527554.html,Kể chuyện Văn hoá Việt: Chuyện ở của người xưa,0.0,0,110000,110000,4.0,1754
278153200,sach-cuu-long-giang-khoi-lua-ki-hoa-va-tho-bia-cung-p278153200,https://tiki.vn/sach-cuu-long-giang-khoi-lua-ki-hoa-va-tho-bia-cung-p278153200.html,Sách - Cửu Long Giang Khói Lửa - Kí Họa Và Thơ - Bìa Cứng,0.0,0,250000,232500,,1754
278996254,sach-ong-gia-noel-bat-dac-di-p278996254,https://tiki.vn/sach-ong-gia-noel-bat-dac-di-p278996254.html,Sách - Ông Già Noel Bất Đắc Dĩ,0.0,0,60000,58200,,1754
279736107,sach-cay-bang-vuong-ke-chuyen-p279736107,https://tiki.vn/sach-cay-bang-vuong-ke-chuyen-p279736107.html,Sách - Cây Bàng Vuông Kể Chuyện,0.0,0,88000,83600,,1754
277264061,combo-xuan-nang-dong-cau-be-so-8-hanh-trinh-tuoi-14-p277264061,https://tiki.vn/combo-xuan-nang-dong-cau-be-so-8-hanh-trinh-tuoi-14-p277264061.html,"Combo XUÂN NĂNG ĐỘNG (Cậu bé, Số 8, Hành trình tuổi 14)",0.0,0,510000,306000,,1754
278462042,doi-mat-tre-tho-hoang-boi-giai-p278462042,https://tiki.vn/doi-mat-tre-tho-hoang-boi-giai-p278462042.html,Đôi mắt trẻ thơ - Hoàng Bội Giai,0.0,0,180000,108000,,1754
276489903,sach-chibooks-cau-be-dap-gio-re-song-p276489903,https://tiki.vn/sach-chibooks-cau-be-dap-gio-re-song-p276489903.html,Cậu bé đạp gió rẽ sóng,0.0,0,190000,114000,,1754
279290107,phuong-nhat-hoa-chay-nhanh-len-ky-tri-vh-thieu-nhi-tq-p279290107,https://tiki.vn/phuong-nhat-hoa-chay-nhanh-len-ky-tri-vh-thieu-nhi-tq-p279290107.html,Phương Nhất Hòa chạy nhanh lên - Kỳ Trí ( VH thiếu nhi TQ),0.0,0,180000,108000,,1754
194109678,sach-goc-san-va-khoang-troi-hat-gao-lang-ta-p194109678,https://tiki.vn/sach-goc-san-va-khoang-troi-hat-gao-lang-ta-p194109678.html,Sách: Góc Sân Và Khoảng Trời - Hạt Gạo Làng Ta,0.0,0,77072,77072,,1754
194103081,sach-goc-san-va-khoang-troi-hat-gao-lang-ta-p194103081,https://tiki.vn/sach-goc-san-va-khoang-troi-hat-gao-lang-ta-p194103081.html,Sách: Góc Sân Và Khoảng Trời - Hạt Gạo Làng Ta,0.0,0,77072,77072,,1754
278761323,sach-10-ten-minutes-bedtime-stories-10-phut-doc-truyen-truoc-gio-di-ngu-vietnamese-folktales-truyen-co-tich-viet-nam-song-ngu-viet-anh-p278761323,https://tiki.vn/sach-10-ten-minutes-bedtime-stories-10-phut-doc-truyen-truoc-gio-di-ngu-vietnamese-folktales-truyen-co-tich-viet-nam-song-ngu-viet-anh-p278761323.html,Sách - 10 Ten-Minutes Bedtime Stories - 10 Phút Đọc Truyện Trước Giờ Đi Ngủ - Vietnamese Folktales - Truyện Cổ Tích Việt Nam - Song Ngữ Việt-Anh,0.0,0,109000,87200,2.0,1754
279471527,sach-cuoc-phieu-luu-cua-de-ut-phan-mo-dau-tai-ban-2026-p279471527,https://tiki.vn/sach-cuoc-phieu-luu-cua-de-ut-phan-mo-dau-tai-ban-2026-p279471527.html,Sách - Cuộc Phiêu Lưu Của Dế Út - Phần Mở Đầu (Tái Bản 2026),0.0,0,70000,66500,1.0,1754
279422991,sach-tren-sa-mac-va-trong-rung-tham-in-desert-and-wilderness-song-ngu-anh-viet-p279422991,https://tiki.vn/sach-tren-sa-mac-va-trong-rung-tham-in-desert-and-wilderness-song-ngu-anh-viet-p279422991.html,Sách - Trên Sa Mạc Và Trong Rừng Thẳm - In Desert And Wilderness - Song Ngữ Anh-Việt,0.0,0,139000,115300,4.0,1754
278153240,sach-cay-man-ngot-nhat-trai-dat-tung-den-vinh-ha-long-p278153240,https://tiki.vn/sach-cay-man-ngot-nhat-trai-dat-tung-den-vinh-ha-long-p278153240.html,Sách - Cây Mận Ngọt Nhất Trái Đất Từng Đến Vịnh Hạ Long,0.0,0,46000,44600,,1754
185925166,happy-reader-ong-gia-va-bien-ca-p185925166,https://tiki.vn/happy-reader-ong-gia-va-bien-ca-p185925166.html,Happy Reader - Ông Già Và Biển Cả,0.0,0,74000,74000,,1754
201088287,mia-va-trang-trai-de-cua-noi-p201088287,https://tiki.vn/mia-va-trang-trai-de-cua-noi-p201088287.html,Mia Và Trang Trại Dế Của Nội,0.0,0,65000,61700,1.0,1754
279022864,sach-qua-tang-be-tho-cua-nho-co-don-p279022864,https://tiki.vn/sach-qua-tang-be-tho-cua-nho-co-don-p279022864.html,Sách - Quà Tặng Bé Thơ - Cua Nhỏ Cô Đơn,0.0,0,65000,61700,,1754
279317003,sach-tuyen-tap-truyen-co-tich-the-gioi-danh-cho-thieu-nhi-tai-ban-2026-p279317003,https://tiki.vn/sach-tuyen-tap-truyen-co-tich-the-gioi-danh-cho-thieu-nhi-tai-ban-2026-p279317003.html,Sách - Tuyển Tập Truyện Cổ Tích Thế Giới - Dành Cho Thiếu Nhi (Tái Bản 2026),0.0,0,125000,106200,,1754
191823818,nhung-tam-long-cao-ca-tai-ban-2022-p191823818,https://tiki.vn/nhung-tam-long-cao-ca-tai-ban-2022-p191823818.html,Những Tấm Lòng Cao Cả (Tái Bản 2022),5.0,1,85000,72200,3.0,1754
174841935,el-deafo-doi-tai-ky-dieu-p174841935,https://tiki.vn/el-deafo-doi-tai-ky-dieu-p174841935.html,El Deafo – Đôi tai kỳ diệu,5.0,1,209000,209000,3.0,1754
274380547,sach-nhung-la-thu-tu-hoc-cay-ky-dieu-p274380547,https://tiki.vn/sach-nhung-la-thu-tu-hoc-cay-ky-dieu-p274380547.html,Sách - Những lá thư từ hốc cây kỳ diệu,0.0,0,105000,105000,3.0,1754
262567641,marco-polo-du-hanh-ve-phuong-dong-p262567641,https://tiki.vn/marco-polo-du-hanh-ve-phuong-dong-p262567641.html,Marco Polo du hành về phương Đông,0.0,0,169000,169000,1.0,1754
273587872,elmer-and-the-wind-elmer-va-ngay-gio-lon-song-ngu-anh-viet-p273587872,https://tiki.vn/elmer-and-the-wind-elmer-va-ngay-gio-lon-song-ngu-anh-viet-p273587872.html,Elmer And The Wind - Elmer Và Ngày Gió Lớn - Song Ngữ Anh-Việt,0.0,0,60000,60000,,1754
273587880,elmer-and-the-monster-elmer-va-quai-vat-song-ngu-anh-viet-p273587880,https://tiki.vn/elmer-and-the-monster-elmer-va-quai-vat-song-ngu-anh-viet-p273587880.html,Elmer And The Monster - Elmer Và Quái Vật - Song Ngữ Anh-Việt,0.0,0,60000,60000,,1754
279022832,sach-qua-tang-be-tho-chuyen-ngo-nghinh-cua-bac-gau-nam-p279022832,https://tiki.vn/sach-qua-tang-be-tho-chuyen-ngo-nghinh-cua-bac-gau-nam-p279022832.html,Sách - Quà Tặng Bé Thơ - Chuyện Ngộ Nghĩnh Của Bác Gấu Nấm,0.0,0,75000,71200,1.0,1754
279131764,sach-truyen-ke-giang-sinh-ba-chua-tuyet-mother-holle-p279131764,https://tiki.vn/sach-truyen-ke-giang-sinh-ba-chua-tuyet-mother-holle-p279131764.html,Sách - Truyện Kể Giáng Sinh - Bà Chúa Tuyết - Mother Holle,0.0,0,25000,23200,1.0,1754
279063286,sach-cici-co-meo-lam-mu-dieu-ki-p279063286,https://tiki.vn/sach-cici-co-meo-lam-mu-dieu-ki-p279063286.html,Sách - Cici - Cô Mèo Làm Mũ Diệu Kì,0.0,0,50000,48500,1.0,1754
278761077,sach-the-gioi-cua-tho-peter-the-world-of-peter-rabbit-senh-nha-ra-that-theu-out-of-door-oh-no-more-song-ngu-p278761077,https://tiki.vn/sach-the-gioi-cua-tho-peter-the-world-of-peter-rabbit-senh-nha-ra-that-theu-out-of-door-oh-no-more-song-ngu-p278761077.html,Sách - Thế Giới Của Thỏ Peter - The World of Peter Rabbit - Sểnh Nhà Ra... Thất Thểu - Out Of Door... Oh No More! - Song Ngữ,0.0,0,88000,70400,2.0,1754
254132215,nhung-ve-than-cua-tuoi-tho-bunnymund-tho-phuc-sinh-va-trung-chien-binh-trong-long-trai-dat-p254132215,https://tiki.vn/nhung-ve-than-cua-tuoi-tho-bunnymund-tho-phuc-sinh-va-trung-chien-binh-trong-long-trai-dat-p254132215.html,Những Vệ Thần Của Tuổi Thơ - Bunnymund - Thỏ Phục Sinh Và Trứng Chiến Binh Trong Lòng Trái Đất,0.0,0,122900,122900,,1754
254132209,nhung-ve-than-cua-tuoi-tho-than-mong-mo-va-cuoc-chien-giac-mo-p254132209,https://tiki.vn/nhung-ve-than-cua-tuoi-tho-than-mong-mo-va-cuoc-chien-giac-mo-p254132209.html,Những Vệ Thần Của Tuổi Thơ - Thần Mộng Mơ Và Cuộc Chiến Giấc Mơ,0.0,0,122900,122900,,1754
279058992,sach-boxset-cong-chua-xinh-dep-hop-4-cuon-p279058992,https://tiki.vn/sach-boxset-cong-chua-xinh-dep-hop-4-cuon-p279058992.html,Sách - Boxset Công Chúa Xinh Đẹp (Hộp 4 Cuốn),0.0,0,125000,112500,,1754
279145271,sach-arthur-va-soi-day-thung-p279145271,https://tiki.vn/sach-arthur-va-soi-day-thung-p279145271.html,Sách - Arthur Và Sợi Dây Thừng,0.0,0,80000,74400,,1754
279120260,sach-van-hoc-tuoi-hoa-tet-va-me-tang-kem-postcard-lich-p279120260,https://tiki.vn/sach-van-hoc-tuoi-hoa-tet-va-me-tang-kem-postcard-lich-p279120260.html,Sách - Văn Học Tuổi Hoa - Tết Và Mẹ - Tặng Kèm Postcard Lịch,0.0,0,65000,58500,,1754
274120526,bong-hoa-vang-trong-co-p274120526,https://tiki.vn/bong-hoa-vang-trong-co-p274120526.html,Bông Hoa Vàng Trong Cỏ,0.0,0,45000,45000,,1754
278761022,sach-tac-pham-chon-loc-van-hoc-nga-nhung-nha-du-hanh-vi-dai-p278761022,https://tiki.vn/sach-tac-pham-chon-loc-van-hoc-nga-nhung-nha-du-hanh-vi-dai-p278761022.html,Sách - Tác Phẩm Chọn Lọc - Văn Học Nga - Những Nhà Du Hành Vĩ Đại,0.0,0,56000,56000,,1754
263041160,dai-bang-tai-sinh-p263041160,https://tiki.vn/dai-bang-tai-sinh-p263041160.html,Đại Bàng Tái Sinh,0.0,0,76638,76638,,1754
271846131,la-em-duoi-mai-hien-p271846131,https://tiki.vn/la-em-duoi-mai-hien-p271846131.html,Là Em Dưới Mái Hiên,0.0,0,50000,50000,,1754
273948947,hum-xam-qua-song-p273948947,https://tiki.vn/hum-xam-qua-song-p273948947.html,Hùm Xám Qua Sông,0.0,0,124000,124000,,1754
278760963,sach-nhung-cau-chuyen-lap-lanh-nha-cua-di-amelia-p278760963,https://tiki.vn/sach-nhung-cau-chuyen-lap-lanh-nha-cua-di-amelia-p278760963.html,Sách - Những Câu Chuyện Lấp Lánh - Nhà Của Dì Amelia,0.0,0,50000,50000,,1754
278761525,sach-nhung-cau-chuyen-lap-lanh-me-dau-roi-p278761525,https://tiki.vn/sach-nhung-cau-chuyen-lap-lanh-me-dau-roi-p278761525.html,Sách - Những Câu Chuyện Lấp Lánh - Mẹ Đâu Rồi?,0.0,0,50000,50000,,1754
278761099,sach-tuoi-tho-lam-chuyen-buon-cuoi-p278761099,https://tiki.vn/sach-tuoi-tho-lam-chuyen-buon-cuoi-p278761099.html,Sách - Tuổi Thơ Lắm Chuyện Buồn Cười,0.0,0,129000,116100,2.0,1754
279268823,sach-truyen-hay-moi-ngay-boi-duong-tinh-cach-tot-tai-ban-2025-p279268823,https://tiki.vn/sach-truyen-hay-moi-ngay-boi-duong-tinh-cach-tot-tai-ban-2025-p279268823.html,Sách - Truyện Hay Mỗi Ngày - Bồi Dưỡng Tính Cách Tốt (Tái Bản 2025),0.0,0,90000,83700,,1754
279269506,sach-be-to-mau-va-doc-truyen-co-tich-viet-nam-son-tinh-thuy-tinh-tai-ban-2025-p279269506,https://tiki.vn/sach-be-to-mau-va-doc-truyen-co-tich-viet-nam-son-tinh-thuy-tinh-tai-ban-2025-p279269506.html,Sách - Bé Tô Màu Và Đọc Truyện - Cổ Tích Việt Nam - Sơn Tinh Thủy Tinh (Tái Bản 2025),0.0,0,15000,13200,,1754
279269686,sach-be-to-mau-va-doc-truyen-co-tich-viet-nam-tam-cam-tai-ban-2025-p279269686,https://tiki.vn/sach-be-to-mau-va-doc-truyen-co-tich-viet-nam-tam-cam-tai-ban-2025-p279269686.html,Sách - Bé Tô Màu Và Đọc Truyện - Cổ Tích Việt Nam - Tấm Cám (Tái Bản 2025),0.0,0,15000,13200,,1754
279250742,sach-sach-truyen-co-tich-viet-nam-dac-sac-song-ngu-anh-viet-cay-khe-thanh-giong-my-chau-trong-thuy-so-dua-tam-cam-p279250742,https://tiki.vn/sach-sach-truyen-co-tich-viet-nam-dac-sac-song-ngu-anh-viet-cay-khe-thanh-giong-my-chau-trong-thuy-so-dua-tam-cam-p279250742.html,Sách - Sách Truyện Cổ Tích Việt Nam Đặc Sắc - Song Ngữ Anh-Việt - Cây Khế/Thánh Gióng/Mỵ Châu Trọng Thủy/Sọ Dừa/Tấm Cám,0.0,0,26000,24700,,1754
279268887,sach-be-to-mau-va-doc-truyen-cac-nang-cong-chua-cong-chua-ngu-trong-rung-tai-ban-2025-p279268887,https://tiki.vn/sach-be-to-mau-va-doc-truyen-cac-nang-cong-chua-cong-chua-ngu-trong-rung-tai-ban-2025-p279268887.html,Sách - Bé Tô Màu Và Đọc Truyện - Các Nàng Công Chúa - Công Chúa Ngủ Trong Rừng (Tái Bản 2025),0.0,0,15000,13200,,1754
279268687,sach-con-su-tu-trong-lau-dai-quy-du-bia-cung-p279268687,https://tiki.vn/sach-con-su-tu-trong-lau-dai-quy-du-bia-cung-p279268687.html,Sách - Con Sư Tử Trong Lâu Đài Quỷ Dữ - Bìa Cứng,0.0,0,150000,142500,,1754
279336051,sach-illustrated-special-editions-anne-toc-do-duoi-chai-nha-xanh-bia-cung-p279336051,https://tiki.vn/sach-illustrated-special-editions-anne-toc-do-duoi-chai-nha-xanh-bia-cung-p279336051.html,Sách - Illustrated Special Editions - Anne Tóc Đỏ Dưới Chái Nhà Xanh - Bìa Cứng,0.0,0,199000,169100,,1754
279287135,sach-an-unexpected-story-bia-cung-p279287135,https://tiki.vn/sach-an-unexpected-story-bia-cung-p279287135.html,Sách - An Unexpected Story - Bìa Cứng,0.0,0,119000,107100,,1754
279336859,sach-tu-sach-van-hoc-viet-nam-trong-nha-truong-viec-lang-p279336859,https://tiki.vn/sach-tu-sach-van-hoc-viet-nam-trong-nha-truong-viec-lang-p279336859.html,Sách - Tủ Sách Văn Học Việt Nam Trong Nhà Trường - Việc Làng,0.0,0,44000,36000,1.0,1754
279341700,sach-truyen-nho-dong-day-yeu-thuong-dam-cuoi-meo-p279341700,https://tiki.vn/sach-truyen-nho-dong-day-yeu-thuong-dam-cuoi-meo-p279341700.html,Sách - Truyện Nhỏ Đong Đầy Yêu Thương - Đám Cưới Mèo,0.0,0,50000,48500,,1754
274639535,chiec-hop-bau-vat-p274639535,https://tiki.vn/chiec-hop-bau-vat-p274639535.html,Chiếc Hộp Báu Vật,0.0,0,50000,50000,,1754
273174518,nhung-tham-tu-bien-bac-tap-5-kho-bau-tren-dao-ca-ngua-p273174518,https://tiki.vn/nhung-tham-tu-bien-bac-tap-5-kho-bau-tren-dao-ca-ngua-p273174518.html,Những Thám Tử Biển Bắc - Tập 5 - Kho Báu Trên Đảo Cá Ngựa,0.0,0,60000,60000,,1754
273174501,nhung-tham-tu-bien-bac-tap-9-cai-bay-kich-tinh-p273174501,https://tiki.vn/nhung-tham-tu-bien-bac-tap-9-cai-bay-kich-tinh-p273174501.html,Những Thám Tử Biển Bắc - Tập 9 - Cái Bẫy Kịch Tính,0.0,0,60000,60000,,1754
273174522,nhung-tham-tu-bien-bac-tap-4-theo-dau-ke-trom-xe-dap-p273174522,https://tiki.vn/nhung-tham-tu-bien-bac-tap-4-theo-dau-ke-trom-xe-dap-p273174522.html,Những Thám Tử Biển Bắc - Tập 4 - Theo Dấu Kẻ Trộm Xe Đạp,0.0,0,55000,55000,,1754
273174499,nhung-tham-tu-bien-bac-tap-6-bi-tinh-nghi-p273174499,https://tiki.vn/nhung-tham-tu-bien-bac-tap-6-bi-tinh-nghi-p273174499.html,Những Thám Tử Biển Bắc - Tập 6 - Bị Tình Nghi,0.0,0,60000,60000,,1754
273174482,nhung-tham-tu-bien-bac-tap-7-vu-bat-coc-p273174482,https://tiki.vn/nhung-tham-tu-bien-bac-tap-7-vu-bat-coc-p273174482.html,Những Thám Tử Biển Bắc - Tập 7 - Vụ Bắt Cóc,0.0,0,50000,50000,,1754
273174512,nhung-tham-tu-bien-bac-tap-3-bo-xuong-ca-voi-ki-di-p273174512,https://tiki.vn/nhung-tham-tu-bien-bac-tap-3-bo-xuong-ca-voi-ki-di-p273174512.html,Những Thám Tử Biển Bắc - Tập 3 - Bộ Xương Cá Voi Kì Dị,0.0,0,60000,60000,,1754
278760665,sach-100-chiec-ghe-p278760665,https://tiki.vn/sach-100-chiec-ghe-p278760665.html,Sách - 100 Chiếc Ghe,0.0,0,80000,80000,,1754
262512089,chuyen-bi-an-thuong-ngay-nhung-cau-chuyen-hoi-hop-nhat-tai-ban-2023-p262512089,https://tiki.vn/chuyen-bi-an-thuong-ngay-nhung-cau-chuyen-hoi-hop-nhat-tai-ban-2023-p262512089.html,Chuyện Bí Ẩn Thường Ngày - Những Câu Chuyện Hồi Hộp Nhất (Tái Bản 2023),0.0,0,95000,95000,,1754
