id,url_key,url,name,rating_average,review_count,original_price,price,quantity_sold,category_id
278423155,sach-hoi-uc-giac-mo-suy-ngam-hanh-trinh-vao-noi-tam-cua-carl-jung-noi-ky-uc-giac-mo-va-triet-ly-giao-thoa-p278423155,https://tiki.vn/sach-hoi-uc-giac-mo-suy-ngam-hanh-trinh-vao-noi-tam-cua-carl-jung-noi-ky-uc-giac-mo-va-triet-ly-giao-thoa-p278423155.html,"Sách Hồi Ức, Giấc Mơ, Suy Ngẫm - Hành Trình Vào Nội Tâm Của Carl Jung – Nơi Ký Ức, Giấc Mơ Và Triết Lý Giao Thoa",5.0,101,345000,229000,1717.0,843
2249281,tu-truyen-le-cong-vinh-phut-89-p2249281,https://tiki.vn/tu-truyen-le-cong-vinh-phut-89-p2249281.html,Tự Truyện Lê Công Vinh - Phút 89 (Bản Thông Thường),4.0,96,155000,125000,2514.0,843
185909452,sach-diep-vien-hoan-hao-x6-bia-mem-p185909452,https://tiki.vn/sach-diep-vien-hoan-hao-x6-bia-mem-p185909452.html,Sách Điệp Viên Hoàn Hảo X6 (Bìa Mềm),5.0,160,178000,137060,1798.0,843
273383957,sach-tieu-su-elon-musk-p273383957,https://tiki.vn/sach-tieu-su-elon-musk-p273383957.html,Sách TIỂU SỬ ELON MUSK - Bản thường: Bìa cứng áo ôm,4.8,82,499000,332200,975.0,843
3082815,tu-truyen-benjamin-franklin-tai-ban-p3082815,https://tiki.vn/tu-truyen-benjamin-franklin-tai-ban-p3082815.html,Tự Truyện Benjamin Franklin (Tái Bản),4.8,594,109000,74100,4320.0,843
278160412,sach-nep-nha-tu-goc-re-den-ngon-gio-p278160412,https://tiki.vn/sach-nep-nha-tu-goc-re-den-ngon-gio-p278160412.html,Sách Nếp Nhà - Từ Gốc Rễ Đến Ngọn Gió,5.0,8,239000,179250,273.0,843
279325501,sach-chan-cung-da-mem-p279325501,https://tiki.vn/sach-chan-cung-da-mem-p279325501.html,Sách Chân Cứng Đá Mềm - Hồi ký Xuân Phượng,5.0,3,150000,119000,64.0,843
153518797,sach-toi-di-hoc-nguyen-ngoc-ky-tai-ban-p153518797,https://tiki.vn/sach-toi-di-hoc-nguyen-ngoc-ky-tai-ban-p153518797.html,Sách Tôi Đi Học - Nguyễn Ngọc Ký (Tái Bản),4.8,33,76000,58520,572.0,843
750578,sach-khi-hoi-tho-hoa-thinh-khong-p750578,https://tiki.vn/sach-khi-hoi-tho-hoa-thinh-khong-p750578.html,Sách Khi Hơi Thở Hóa Thinh Không,4.7,2316,109000,74100,62775.0,843
277770425,sach-hoi-ky-nguyen-thi-binh-gia-dinh-ban-be-va-dat-nuoc-p277770425,https://tiki.vn/sach-hoi-ky-nguyen-thi-binh-gia-dinh-ban-be-va-dat-nuoc-p277770425.html,"Sách Hồi Ký Nguyễn Thị Bình - Gia Đình, Bạn Bè và Đất Nước",5.0,93,159000,119000,1254.0,843
278118327,sach-nhin-lai-qua-khu-tan-tham-kich-va-nhung-bai-hoc-ve-viet-nam-p278118327,https://tiki.vn/sach-nhin-lai-qua-khu-tan-tham-kich-va-nhung-bai-hoc-ve-viet-nam-p278118327.html,Sách Nhìn Lại Quá Khứ - Tấn Thảm Kịch Và Những Bài Học Về Việt Nam,5.0,4,299000,239200,60.0,843
269897426,sach-verity-bi-mat-bi-chon-vui-p269897426,https://tiki.vn/sach-verity-bi-mat-bi-chon-vui-p269897426.html,Sách Verity - Bí mật bị chôn vùi,4.6,37,195000,132100,356.0,843
12053550,sach-feynman-chuyen-that-nhu-dua-tai-ban-p12053550,https://tiki.vn/sach-feynman-chuyen-that-nhu-dua-tai-ban-p12053550.html,Sách Feynman Chuyện Thật Như Đùa (Tái Bản),4.8,165,220000,177000,1498.0,843
278293499,sach-nghe-viet-tieu-thuyet-p278293499,https://tiki.vn/sach-nghe-viet-tieu-thuyet-p278293499.html,Sách Nghề Viết Tiểu Thuyết,5.0,20,156000,120120,318.0,843
278618120,sach-nhung-ngay-tho-au-quoc-ngu-thi-thu-p278618120,https://tiki.vn/sach-nhung-ngay-tho-au-quoc-ngu-thi-thu-p278618120.html,Sách Những Ngày Thơ Ấu (Quốc Ngữ Thi Thư),0.0,0,45000,32000,9.0,843
205582144,tu-truyen-nguyen-bich-lan-khong-guc-nga-tai-ban-p205582144,https://tiki.vn/tu-truyen-nguyen-bich-lan-khong-guc-nga-tai-ban-p205582144.html,Tự Truyện Nguyễn Bích Lan - Không Gục Ngã (Tái Bản),5.0,6,128000,98560,174.0,843
179372229,sach-adolf-hitler-chan-dung-mot-trum-phat-xit-tai-ban-p179372229,https://tiki.vn/sach-adolf-hitler-chan-dung-mot-trum-phat-xit-tai-ban-p179372229.html,Sách Adolf Hitler - Chân Dung Một Trùm Phát Xít (Tái bản),4.8,32,599000,401400,176.0,843
273383954,sach-viet-lai-ma-su-song-jennifer-doudna-chinh-sua-gen-va-tuong-lai-loai-nguoi-p273383954,https://tiki.vn/sach-viet-lai-ma-su-song-jennifer-doudna-chinh-sua-gen-va-tuong-lai-loai-nguoi-p273383954.html,"Sách VIẾT LẠI MÃ SỰ SỐNG - Jennifer Doudna, chỉnh sửa gen và tương lai loài người",5.0,10,345000,204600,194.0,843
274180835,the-gioi-nhung-ngay-qua-hoi-uc-cua-mot-nguoi-dan-chau-au-p274180835,https://tiki.vn/the-gioi-nhung-ngay-qua-hoi-uc-cua-mot-nguoi-dan-chau-au-p274180835.html,Thế Giới Những Ngày Qua - Hồi Ức Của Một Người Dân Châu Âu,5.0,1,262500,262500,7.0,843
185909442,sach-diep-vien-hoan-hao-x6-bia-cung-p185909442,https://tiki.vn/sach-diep-vien-hoan-hao-x6-bia-cung-p185909442.html,Sách Điệp Viên Hoàn Hảo X6 (Bìa Cứng),5.0,80,198000,152460,663.0,843
19662184,sach-mot-lit-nuoc-mat-tai-ban-2019-p19662184,https://tiki.vn/sach-mot-lit-nuoc-mat-tai-ban-2019-p19662184.html,Sách Một Lít Nước Mắt (Tái Bản),4.8,484,120000,90000,3543.0,843
76543328,sach-trinh-lu-ghi-chep-p76543328,https://tiki.vn/sach-trinh-lu-ghi-chep-p76543328.html,Sách Trịnh Lữ Ghi Chép,4.8,38,199000,140800,275.0,843
5914507,sach-quan-vuong-tai-ban-p5914507,https://tiki.vn/sach-quan-vuong-tai-ban-p5914507.html,Sách Quân Vương (Tái Bản),4.8,352,95000,71250,3297.0,843
277228146,sach-vuong-hong-sen-sai-gon-nam-xua-p277228146,https://tiki.vn/sach-vuong-hong-sen-sai-gon-nam-xua-p277228146.html,Sách Vương Hồng Sển - Sài Gòn năm xưa,4.7,6,250000,207000,121.0,843
174605333,sach-chau-phi-nghin-trung-tai-ban-p174605333,https://tiki.vn/sach-chau-phi-nghin-trung-tai-ban-p174605333.html,Sách Châu Phi Nghìn Trùng (Tái Bản),5.0,114,165000,116100,1160.0,843
275794409,sach-khac-di-khac-den-hoi-ky-xuan-phuong-p275794409,https://tiki.vn/sach-khac-di-khac-den-hoi-ky-xuan-phuong-p275794409.html,Sách Khắc đi… Khắc đến… Hồi ký Xuân Phượng,4.8,24,150000,119000,466.0,843
221230165,sach-tuyen-tap-nam-cao-p221230165,https://tiki.vn/sach-tuyen-tap-nam-cao-p221230165.html,Sách Tuyển tập Nam Cao,5.0,23,155000,104300,313.0,843
10581327,sach-thi-nhan-viet-nam-p10581327,https://tiki.vn/sach-thi-nhan-viet-nam-p10581327.html,Sách Thi Nhân Việt Nam,4.8,23,96000,55400,233.0,843
132355740,sach-hanh-trinh-theo-chan-bac-dshcm-tai-ban-p132355740,https://tiki.vn/sach-hanh-trinh-theo-chan-bac-dshcm-tai-ban-p132355740.html,Sách Hành Trình Theo Chân Bác (DSHCM)(Tái Bản),5.0,34,125000,107000,334.0,843
276886510,sach-thuong-kinh-ky-su-bia-cung-tre-p276886510,https://tiki.vn/sach-thuong-kinh-ky-su-bia-cung-tre-p276886510.html,Sách Thượng Kinh Ký Sự (Bìa Cứng) - TRE,5.0,10,295000,223000,118.0,843
107026335,sach-trang-p107026335,https://tiki.vn/sach-trang-p107026335.html,Sách Trắng,4.8,103,110000,79200,1292.0,843
272112011,sach-toi-la-mot-con-lua-p272112011,https://tiki.vn/sach-toi-la-mot-con-lua-p272112011.html,Sách Tôi Là Một Con Lừa,4.7,17,80000,64000,327.0,843
278074057,sach-sai-gon-duoi-mat-toi-ke-tiep-nhung-cau-chuyen-ve-sai-gon-bia-cung-p278074057,https://tiki.vn/sach-sai-gon-duoi-mat-toi-ke-tiep-nhung-cau-chuyen-ve-sai-gon-bia-cung-p278074057.html,Sách Sài Gòn Dưới Mắt Tôi - Kể Tiếp Những Câu Chuyện Về Sài Gòn (Bìa Cứng),4.6,8,215000,173000,74.0,843
1576137,cu-ngoat-bong-cua-toi-tu-truyen-johan-cruyff-p1576137,https://tiki.vn/cu-ngoat-bong-cua-toi-tu-truyen-johan-cruyff-p1576137.html,Cú Ngoặt Bóng Của Tôi - Tự Truyện Johan Cruyff,5.0,45,145000,107350,750.0,843
205986066,sach-chat-ngoc-vo-van-kiet-p205986066,https://tiki.vn/sach-chat-ngoc-vo-van-kiet-p205986066.html,Sách Chất Ngọc Võ Văn Kiệt,5.0,3,165000,137000,32.0,843
9810502,sach-buoc-duong-viet-van-p9810502,https://tiki.vn/sach-buoc-duong-viet-van-p9810502.html,Sách Bước Đường Viết Văn,4.8,23,105000,84000,349.0,843
272000020,sach-hoi-he-mien-man-p272000020,https://tiki.vn/sach-hoi-he-mien-man-p272000020.html,Sách Hội hè miên man,4.3,7,115000,88550,84.0,843
58971676,sach-mot-nguoi-viet-tram-lang-tai-ban-2020-p58971676,https://tiki.vn/sach-mot-nguoi-viet-tram-lang-tai-ban-2020-p58971676.html,Sách Một Người Việt Trầm Lặng (Tái Bản 2020),4.8,48,92000,70840,323.0,843
23036852,sach-bac-ho-viet-di-chuc-tai-ban-p23036852,https://tiki.vn/sach-bac-ho-viet-di-chuc-tai-ban-p23036852.html,Sách Bác Hồ Viết Di Chúc (Tái Bản),5.0,2,55000,42000,150.0,843
278777896,hoi-do-chung-ta-la-nhung-ke-ngoc-p278777896,https://tiki.vn/hoi-do-chung-ta-la-nhung-ke-ngoc-p278777896.html,Hồi Đó Chúng Ta Là Những Kẻ Ngốc,5.0,9,219000,140400,99.0,843
275218113,sach-long-toi-nhe-khi-me-roi-xa-p275218113,https://tiki.vn/sach-long-toi-nhe-khi-me-roi-xa-p275218113.html,Sách Lòng Tôi Nhẹ Khi Mẹ Rời Xa,4.5,11,198000,152460,133.0,843
278467110,sach-hanh-trinh-vi-hoa-binh-hoi-uc-nguyen-chi-vinh-p278467110,https://tiki.vn/sach-hanh-trinh-vi-hoa-binh-hoi-uc-nguyen-chi-vinh-p278467110.html,Sách Hành Trình Vì Hòa Bình (Hồi ức) - Nguyễn Chí Vịnh,5.0,1,240000,158400,40.0,843
278011249,sach-hoi-uc-den-tuong-lai-suy-ngam-ve-van-hoa-giao-duc-va-con-duong-phat-trien-cua-viet-nam-p278011249,https://tiki.vn/sach-hoi-uc-den-tuong-lai-suy-ngam-ve-van-hoa-giao-duc-va-con-duong-phat-trien-cua-viet-nam-p278011249.html,"Sách Hồi Ức Đến Tương Lai - Suy ngẫm về văn hóa, giáo dục và con đường phát triển của Việt Nam",5.0,16,289000,194500,225.0,843
73222804,sach-putin-logic-cua-quyen-luc-tai-ban-2020-p73222804,https://tiki.vn/sach-putin-logic-cua-quyen-luc-tai-ban-2020-p73222804.html,Sách Putin Logic Của Quyền Lực (Tái Bản 2020),5.0,216,168000,129360,1271.0,843
985825,sach-nguoi-ti-nan-p985825,https://tiki.vn/sach-nguoi-ti-nan-p985825.html,Sách Người Tị Nạn,4.6,110,132000,109000,3266.0,843
275105102,cuon-sach-xanh-o-nebo-p275105102,https://tiki.vn/cuon-sach-xanh-o-nebo-p275105102.html,Cuốn Sách Xanh Ở Nebo,4.8,11,95000,63650,133.0,843
107707582,sach-su-ky-tu-ma-thien-ban-dich-quoc-ngu-dau-tien-nam-giap-than-1944-p107707582,https://tiki.vn/sach-su-ky-tu-ma-thien-ban-dich-quoc-ngu-dau-tien-nam-giap-than-1944-p107707582.html,Sách Sử Ký Tư Mã Thiên - Bản Dịch Quốc Ngữ Đầu Tiên Năm Giáp Thân (1944),5.0,58,165000,116400,310.0,843
278101832,sach-dang-thuy-tram-va-cuon-nhat-ky-thu-ba-p278101832,https://tiki.vn/sach-dang-thuy-tram-va-cuon-nhat-ky-thu-ba-p278101832.html,Sách Đặng Thùy Trâm Và Cuốn Nhật Ký Thứ Ba,4.3,4,165000,113000,58.0,843
191919683,sach-tro-tan-cua-angela-p191919683,https://tiki.vn/sach-tro-tan-cua-angela-p191919683.html,Sách Tro tàn của Angela,5.0,34,220000,150000,328.0,843
278940952,hoi-ky-thuong-tuong-tran-van-tra-hanh-trinh-tu-ra-di-hai-ban-tay-trang-den-tro-ve-mot-dai-giang-san-va-nhung-trang-ban-thao-con-dang-do-p278940952,https://tiki.vn/hoi-ky-thuong-tuong-tran-van-tra-hanh-trinh-tu-ra-di-hai-ban-tay-trang-den-tro-ve-mot-dai-giang-san-va-nhung-trang-ban-thao-con-dang-do-p278940952.html,Hồi Ký Thượng Tướng Trần Văn Trà: Hành Trình Từ “Ra Đi Hai Bàn Tay Trắng” Đến “Trở Về Một Dải Giang San” Và Những Trang Bản Thảo Còn Dang Dở,5.0,1,356000,263200,15.0,843
76227766,sach-madam-nhu-tran-le-xuan-quyen-luc-ba-rong-tai-ban-p76227766,https://tiki.vn/sach-madam-nhu-tran-le-xuan-quyen-luc-ba-rong-tai-ban-p76227766.html,Sách Madam Nhu Trần Lệ Xuân Quyền Lực Bà Rồng (Tái Bản),4.8,85,185000,157000,454.0,843
274770256,sach-mua-xuan-vang-lang-mua-thu-chet-choc-cua-chien-tranh-viet-nam-p274770256,https://tiki.vn/sach-mua-xuan-vang-lang-mua-thu-chet-choc-cua-chien-tranh-viet-nam-p274770256.html,Sách MÙA XUÂN VẮNG LẶNG - MÙA THU CHẾT CHÓC CỦA CHIẾN TRANH VIỆT NAM,5.0,3,189000,152475,23.0,843
278947910,chung-toi-len-duong-tuoi-hai-muoi-hoi-uc-mot-the-he-di-qua-chien-tranh-trinh-hoa-binh-omega-plus-p278947910,https://tiki.vn/chung-toi-len-duong-tuoi-hai-muoi-hoi-uc-mot-the-he-di-qua-chien-tranh-trinh-hoa-binh-omega-plus-p278947910.html,"CHÚNG TÔI LÊN ĐƯỜNG, TUỔI HAI MƯƠI… - Hồi ức một thế hệ đi qua chiến tranh - Trịnh Hòa Bình – Omega Plus",0.0,0,168000,105100,12.0,843
10697870,sach-can-phong-cua-jacob-p10697870,https://tiki.vn/sach-can-phong-cua-jacob-p10697870.html,Sách Căn Phòng Của JACOB,5.0,13,105000,84000,196.0,843
278644007,sach-tuoi-tho-lam-chuyen-buon-cuoi-p278644007,https://tiki.vn/sach-tuoi-tho-lam-chuyen-buon-cuoi-p278644007.html,Sách Tuổi Thơ Lắm Chuyện Buồn Cười,0.0,0,129000,92300,24.0,843
109488216,sach-bat-dau-cat-len-tieng-cuoi-tieu-luan-p109488216,https://tiki.vn/sach-bat-dau-cat-len-tieng-cuoi-tieu-luan-p109488216.html,Sách Bắt Đầu Cất Lên Tiếng Cười (Tiểu Luận),5.0,20,128000,96425,197.0,843
958080,sach-phai-song-p958080,https://tiki.vn/sach-phai-song-p958080.html,Sách Phải Sống,2.7,3,138000,112000,118.0,843
221237847,sach-chuyen-cua-chung-toi-p221237847,https://tiki.vn/sach-chuyen-cua-chung-toi-p221237847.html,Sách - Chuyện Của Chúng Tôi,4.0,3,199000,169000,55.0,843
27611075,sach-doi-tong-giam-muc-puginier-p27611075,https://tiki.vn/sach-doi-tong-giam-muc-puginier-p27611075.html,Sách Đời Tổng Giám Mục PUGINIER,3.8,19,249000,170050,214.0,843
278314319,sach-ke-chuyen-bac-ho-a-story-about-uncle-ho-song-ngu-viet-anh-p278314319,https://tiki.vn/sach-ke-chuyen-bac-ho-a-story-about-uncle-ho-song-ngu-viet-anh-p278314319.html,Sách Kể Chuyện Bác Hồ - A Story About Uncle Hồ (Song Ngữ Việt – Anh),0.0,0,70000,66500,5.0,843
278756932,di-cho-da-de-mot-doi-khong-uong-cong-sach-den-voi-cac-em-khong-phai-la-mot-cong-viec-ma-la-mot-su-nghiep-p278756932,https://tiki.vn/di-cho-da-de-mot-doi-khong-uong-cong-sach-den-voi-cac-em-khong-phai-la-mot-cong-viec-ma-la-mot-su-nghiep-p278756932.html,"Sách Đi Cho Đã Để Một Đời Không Uổng - Cõng Sách Đến Với Các Em Không Phải Là Một Công Việc, Mà Là Một Sự Nghiệp",0.0,0,138000,102200,5.0,843
275756749,sach-hoi-ky-50-nam-me-hat-nam-muoi-nam-cai-luong-p275756749,https://tiki.vn/sach-hoi-ky-50-nam-me-hat-nam-muoi-nam-cai-luong-p275756749.html,Sách Hồi ký 50 năm mê hát - Năm mươi năm Cải lương,4.8,4,230000,190000,71.0,843
274791127,sach-duoi-theo-anh-sang-p274791127,https://tiki.vn/sach-duoi-theo-anh-sang-p274791127.html,Sách Đuổi Theo Ánh Sáng,0.0,0,289000,243000,2.0,843
277816004,sach-thanh-that-p277816004,https://tiki.vn/sach-thanh-that-p277816004.html,Sách Thành Thật,5.0,1,139000,98300,25.0,843
277827516,sach-hanh-phuc-tuoi-tre-truong-thanh-bang-yeu-thuong-p277827516,https://tiki.vn/sach-hanh-phuc-tuoi-tre-truong-thanh-bang-yeu-thuong-p277827516.html,Sách Hạnh Phúc Tuổi Trẻ - Trưởng Thành Bằng Yêu Thương,5.0,1,68000,52360,21.0,843
276473233,sach-hoi-ki-ve-bac-ho-gan-ben-bac-va-hoc-o-bac-p276473233,https://tiki.vn/sach-hoi-ki-ve-bac-ho-gan-ben-bac-va-hoc-o-bac-p276473233.html,Sách Hồi Kí Về Bác Hồ - Gần Bên Bác Và Học Ở Bác,0.0,0,40000,31360,11.0,843
195545515,sach-ha-noi-36-pho-phuong-p195545515,https://tiki.vn/sach-ha-noi-36-pho-phuong-p195545515.html,Sách Hà Nội 36 Phố Phường,5.0,2,50000,38000,120.0,843
153521876,sach-marilyn-o-manhattan-mot-nam-hanh-phuc-p153521876,https://tiki.vn/sach-marilyn-o-manhattan-mot-nam-hanh-phuc-p153521876.html,Sách Marilyn Ở Manhattan - Một Năm Hạnh Phúc,4.8,16,179000,91000,81.0,843
277228139,sach-vuong-hong-sen-sai-gon-tap-pin-lu-p277228139,https://tiki.vn/sach-vuong-hong-sen-sai-gon-tap-pin-lu-p277228139.html,Sách Vương Hồng Sển - Sài Gòn tạp pín lù,4.7,6,305000,230000,58.0,843
277973956,sach-ho-chi-minh-mot-con-nguoi-va-mot-dan-toc-p277973956,https://tiki.vn/sach-ho-chi-minh-mot-con-nguoi-va-mot-dan-toc-p277973956.html,Sách Hồ Chí Minh – Một Con Người Và Một Dân Tộc,5.0,7,350000,262500,51.0,843
277923837,sach-khong-con-benh-tim-p277923837,https://tiki.vn/sach-khong-con-benh-tim-p277923837.html,Sách Không Còn Bệnh Tim,5.0,6,138000,106260,85.0,843
277921602,sach-khai-mo-cam-xuc-p277921602,https://tiki.vn/sach-khai-mo-cam-xuc-p277921602.html,Sách Khai Mở Cảm Xúc,5.0,3,128000,98560,20.0,843
279186732,dam-phuong-nang-cong-nu-buoi-giao-thoi-p279186732,https://tiki.vn/dam-phuong-nang-cong-nu-buoi-giao-thoi-p279186732.html,Đạm Phương - Nàng Công nữ buổi giao thời,0.0,0,165000,108600,5.0,843
219164822,sach-tay-son-phung-than-ky-p219164822,https://tiki.vn/sach-tay-son-phung-than-ky-p219164822.html,Sách Tây Sơn Phụng Thần Ký,5.0,17,135000,103800,197.0,843
221230184,sach-tuyen-tap-ngo-tat-to-p221230184,https://tiki.vn/sach-tuyen-tap-ngo-tat-to-p221230184.html,Sách Tuyển tập Ngô Tất Tố,4.6,11,165000,120500,101.0,843
277671487,sach-vuong-hong-sen-hau-giang-ba-thac-bia-cung-p277671487,https://tiki.vn/sach-vuong-hong-sen-hau-giang-ba-thac-bia-cung-p277671487.html,Sách Vương Hồng Sển - Hậu Giang - Ba Thắc (Bìa cứng),4.5,2,250000,190000,21.0,843
278591055,sach-nguoi-phu-nu-lua-ca-the-gioi-chan-tuong-cua-belle-gibson-p278591055,https://tiki.vn/sach-nguoi-phu-nu-lua-ca-the-gioi-chan-tuong-cua-belle-gibson-p278591055.html,Sách Người Phụ Nữ Lừa Cả Thế Giới - Chân Tướng Của Belle Gibson..,5.0,1,165000,125000,19.0,843
278567905,tu-sach-thanh-nien-mai-mai-tuoi-hai-muoi-nhat-ky-thoi-chien-viet-nam-p278567905,https://tiki.vn/tu-sach-thanh-nien-mai-mai-tuoi-hai-muoi-nhat-ky-thoi-chien-viet-nam-p278567905.html,Tủ Sách Thanh Niên: Mãi Mãi Tuổi Hai Mươi - Nhật Ký Thời Chiến Việt Nam,5.0,14,80000,60000,129.0,843
9976127,sach-nguoi-xua-canh-tinh-p9976127,https://tiki.vn/sach-nguoi-xua-canh-tinh-p9976127.html,Sách Người Xưa Cảnh Tỉnh,4.3,23,99000,74000,1642.0,843
276473389,sach-song-mai-voi-thu-do-p276473389,https://tiki.vn/sach-song-mai-voi-thu-do-p276473389.html,Sách Sống Mãi Với Thủ Đô,0.0,0,150000,112500,15.0,843
279268988,sach-tuoi-tho-o-dong-duong-tu-ngay-thang-em-dem-den-thoi-tao-loan-p279268988,https://tiki.vn/sach-tuoi-tho-o-dong-duong-tu-ngay-thang-em-dem-den-thoi-tao-loan-p279268988.html,Sách - Tuổi Thơ Ở Đông Dương - Từ Ngày Tháng Êm Đềm Đến Thời Tao Loạn,0.0,0,150000,117000,6.0,843
7496313,sach-nhat-ky-nguyen-hong-p7496313,https://tiki.vn/sach-nhat-ky-nguyen-hong-p7496313.html,Sách Nhật Ký Nguyên Hồng,4.8,13,240000,189000,257.0,843
276473223,combo-hoi-ki-ve-bac-ho-2-cuon-p276473223,https://tiki.vn/combo-hoi-ki-ve-bac-ho-2-cuon-p276473223.html,Combo Hồi Kí Về Bác Hồ (2 Cuốn),5.0,1,80000,62400,28.0,843
199177643,sach-trong-day-mat-troi-xanh-la-vinh-vien-p199177643,https://tiki.vn/sach-trong-day-mat-troi-xanh-la-vinh-vien-p199177643.html,Sách Trong Đáy Mắt Trời Xanh Là Vĩnh Viễn,5.0,54,155000,123500,596.0,843
278055538,sach-dien-ro-va-hoan-my-nhung-cau-chuyen-chua-ke-ve-pink-floyd-p278055538,https://tiki.vn/sach-dien-ro-va-hoan-my-nhung-cau-chuyen-chua-ke-ve-pink-floyd-p278055538.html,Sách Điên Rồ Và Hoàn Mỹ: Những Câu Chuyện Chưa Kể Về Pink Floyd,5.0,2,299000,213200,22.0,843
276944791,sach-tran-bach-dang-cuoc-doi-va-ky-uc-p276944791,https://tiki.vn/sach-tran-bach-dang-cuoc-doi-va-ky-uc-p276944791.html,Sách Trần Bạch Đằng: Cuộc Đời Và Ký Ức,5.0,2,150000,121000,24.0,843
73356673,sach-su-ky-iii-the-gia-p73356673,https://tiki.vn/sach-su-ky-iii-the-gia-p73356673.html,Sách Sử Ký III - Thế Gia,4.7,82,238000,171360,335.0,843
150711999,sach-michelle-obama-chat-michelle-bia-cung-tai-ban-p150711999,https://tiki.vn/sach-michelle-obama-chat-michelle-bia-cung-tai-ban-p150711999.html,Sách Michelle Obama - Chất Michelle (Bìa Cứng) (Tái Bản),5.0,106,520000,400400,692.0,843
32052686,sach-di-chuc-cua-bac-ho-mot-giao-trinh-tieng-viet-doc-dao-tai-ban-p32052686,https://tiki.vn/sach-di-chuc-cua-bac-ho-mot-giao-trinh-tieng-viet-doc-dao-tai-ban-p32052686.html,Sách Di Chúc Của Bác Hồ - Một Giáo Trình Tiếng Việt Độc Đáo (Tái bản),0.0,0,65000,49000,24.0,843
278380335,sach-bien-doi-bien-hoc-p278380335,https://tiki.vn/sach-bien-doi-bien-hoc-p278380335.html,Sách Biển Đời Biển Học,5.0,3,220000,179000,59.0,843
167034118,sach-beethoven-nha-soan-nhac-co-dien-vi-dai-the-gioi-p167034118,https://tiki.vn/sach-beethoven-nha-soan-nhac-co-dien-vi-dai-the-gioi-p167034118.html,Sách Beethoven - Nhà Soạn Nhạc Cổ Điển Vĩ Đại Thế Giới,5.0,14,60000,42300,145.0,843
11253093,sach-kim-lien-mot-thuo-ky-uc-ha-noi-tu-nhung-khu-nha-cu-p11253093,https://tiki.vn/sach-kim-lien-mot-thuo-ky-uc-ha-noi-tu-nhung-khu-nha-cu-p11253093.html,Sách Kim Liên Một Thuở - Ký Ức Hà Nội Từ Những Khu Nhà Cũ,4.6,28,115000,89800,460.0,843
221230168,sach-tuyen-tap-thach-lam-p221230168,https://tiki.vn/sach-tuyen-tap-thach-lam-p221230168.html,Sách Tuyển tập Thạch Lam,4.5,7,150000,112500,127.0,843
21430150,sach-nam-thang-nhoc-nhan-nam-thang-nho-thuong-p21430150,https://tiki.vn/sach-nam-thang-nhoc-nhan-nam-thang-nho-thuong-p21430150.html,Sách Năm Tháng Nhọc Nhằn Năm Tháng Nhớ Thương,4.6,17,169000,114000,180.0,843
186286194,sach-vuong-hong-sen-tap-but-nam-giap-tuat-1994-di-cao-p186286194,https://tiki.vn/sach-vuong-hong-sen-tap-but-nam-giap-tuat-1994-di-cao-p186286194.html,Sách Vương Hồng Sển - Tạp Bút Năm Giáp Tuất 1994 - Di Cảo,5.0,5,175000,138000,55.0,843
195801299,sach-rembrandt-cuoc-doi-va-tac-pham-qua-500-hinh-anh-p195801299,https://tiki.vn/sach-rembrandt-cuoc-doi-va-tac-pham-qua-500-hinh-anh-p195801299.html,Sách Rembrandt Cuộc Đời Và Tác Phẩm Qua 500 Hình Ảnh,5.0,18,599000,349000,131.0,843
278496246,sach-bac-ho-viet-di-chuc-va-di-chuc-cua-bac-ho-p278496246,https://tiki.vn/sach-bac-ho-viet-di-chuc-va-di-chuc-cua-bac-ho-p278496246.html,Sách Bác Hồ Viết Di Chúc Và Di Chúc Của Bác Hồ,5.0,1,55000,40480,6.0,843
278192147,sach-roi-khoi-sai-gon-hanh-trinh-mot-nhan-vien-ngan-hang-dua-113-thuong-dan-roi-di-vao-thang-4-1975-p278192147,https://tiki.vn/sach-roi-khoi-sai-gon-hanh-trinh-mot-nhan-vien-ngan-hang-dua-113-thuong-dan-roi-di-vao-thang-4-1975-p278192147.html,Sách Rời Khỏi Sài Gòn - Hành Trình Một Nhân Viên Ngân Hàng Đưa 113 Thường Dân Rời Đi Vào Tháng 4/1975,5.0,1,229000,196000,19.0,843
53205302,combo-bo-3-cuon-nhung-canh-doi-tinh-le-p53205302,https://tiki.vn/combo-bo-3-cuon-nhung-canh-doi-tinh-le-p53205302.html,Combo (Bộ 3 cuốn): Những Cảnh Đời Tỉnh Lẻ,5.0,16,365000,307000,115.0,843
532669,sach-toi-hoc-dai-hoc-nguyen-ngoc-ky-tai-ban-p532669,https://tiki.vn/sach-toi-hoc-dai-hoc-nguyen-ngoc-ky-tai-ban-p532669.html,Sách Tôi Học Đại Học - Nguyễn Ngọc Ký (Tái Bản),5.0,55,98000,68600,724.0,843
167034143,sach-victor-hugo-cay-dai-thu-cua-nen-van-hoc-lang-man-phap-p167034143,https://tiki.vn/sach-victor-hugo-cay-dai-thu-cua-nen-van-hoc-lang-man-phap-p167034143.html,Sách Victor Hugo - Cây Đại Thụ Của Nền Văn Học Lãng Mạn Pháp,5.0,27,40000,29700,176.0,843
207035097,sach-ganh-ganh-gong-gong-xuan-phuong-hoi-ky-p207035097,https://tiki.vn/sach-ganh-ganh-gong-gong-xuan-phuong-hoi-ky-p207035097.html,Sách Gánh gánh… gồng gồng… Hồi ký Xuân Phượng,5.0,106,160000,125000,1895.0,843
271162874,sach-nha-van-son-nam-nhung-goc-doi-rieng-la-p271162874,https://tiki.vn/sach-nha-van-son-nam-nhung-goc-doi-rieng-la-p271162874.html,Sách Nhà văn Sơn Nam Những góc đời riêng lạ,5.0,2,75000,57000,29.0,843
257861464,toi-biet-tai-sao-chim-trong-long-van-hot-tu-truyen-gioi-thieu-boi-oprah-winfrey-tai-ban-p257861464,https://tiki.vn/toi-biet-tai-sao-chim-trong-long-van-hot-tu-truyen-gioi-thieu-boi-oprah-winfrey-tai-ban-p257861464.html,Tôi Biết Tại Sao Chim Trong Lồng Vẫn Hót (Tự truyện) – Giới thiệu bởi Oprah Winfrey (Tái bản),5.0,1,199000,155000,21.0,843
253470339,sach-coi-nguoi-dung-nomadland-doi-du-dan-my-the-ky-21-p253470339,https://tiki.vn/sach-coi-nguoi-dung-nomadland-doi-du-dan-my-the-ky-21-p253470339.html,Sách Cõi người dưng - Nomadland: Đời du dân Mỹ thế kỷ 21,4.7,10,180000,115300,143.0,843
273078990,sach-nam-ky-ngao-du-p273078990,https://tiki.vn/sach-nam-ky-ngao-du-p273078990.html,Sách Nam Kỳ Ngao Du,5.0,6,150000,118500,72.0,843
49550305,sach-pele-cuoc-doi-va-thoi-dai-p49550305,https://tiki.vn/sach-pele-cuoc-doi-va-thoi-dai-p49550305.html,Sách PELÉ Cuộc Đời Và Thời Đại,4.8,30,175000,152000,188.0,843
276290947,sach-duoi-bong-trang-nga-thai-ha-books-p276290947,https://tiki.vn/sach-duoi-bong-trang-nga-thai-ha-books-p276290947.html,Sách - Dưới bóng trăng ngà - Thái Hà Books,5.0,1,179000,125800,18.0,843
276376942,sach-luy-hoa-p276376942,https://tiki.vn/sach-luy-hoa-p276376942.html,Sách Lũy hoa,5.0,2,119000,95000,14.0,843
277671929,sach-vuong-hong-sen-do-mam-bia-cung-p277671929,https://tiki.vn/sach-vuong-hong-sen-do-mam-bia-cung-p277671929.html,Sách Vương Hồng Sển - Dỡ mắm (Bìa cứng),5.0,3,275000,226000,22.0,843
1052708,sach-35-chuyen-tinh-nghe-si-p1052708,https://tiki.vn/sach-35-chuyen-tinh-nghe-si-p1052708.html,Sách 35 Chuyện Tình Nghệ Sĩ,0.0,0,145000,125000,102.0,843
153521894,sach-y-nghia-cua-mariah-carey-p153521894,https://tiki.vn/sach-y-nghia-cua-mariah-carey-p153521894.html,Sách Ý Nghĩa Của Mariah Carey,4.8,15,255000,127500,59.0,843
136482216,sach-chay-troi-khong-khoi-dau-nhat-ky-bi-mat-cua-mot-bac-si-tre-p136482216,https://tiki.vn/sach-chay-troi-khong-khoi-dau-nhat-ky-bi-mat-cua-mot-bac-si-tre-p136482216.html,Sách Chạy Trời Không Khỏi Đau - Nhật Ký Bí Mật Của Một Bác Sĩ Trẻ,0.0,0,159000,101800,5.0,843
209332786,sach-chim-noi-giua-paris-va-london-p209332786,https://tiki.vn/sach-chim-noi-giua-paris-va-london-p209332786.html,Sách Chìm nổi giữa Paris và London,4.8,37,144000,110800,273.0,843
168234706,sach-cuoc-doi-toi-qua-hai-mau-do-trang-p168234706,https://tiki.vn/sach-cuoc-doi-toi-qua-hai-mau-do-trang-p168234706.html,Sách Cuộc Đời Tôi Qua Hai Màu Đỏ - Trắng,5.0,178,155000,133000,864.0,843
278685099,sach-nhat-ky-cua-bo-hanh-trinh-19-nam-truong-thanh-cung-nguu-nguu-p278685099,https://tiki.vn/sach-nhat-ky-cua-bo-hanh-trinh-19-nam-truong-thanh-cung-nguu-nguu-p278685099.html,Sách Nhật Ký Của Bố – Hành Trình 19 Năm Trưởng Thành Cùng Ngưu Ngưu,0.0,0,129000,99330,4.0,843
404967,sach-192-hours-gianh-giat-su-song-tu-chuyen-bay-dinh-menh-p404967,https://tiki.vn/sach-192-hours-gianh-giat-su-song-tu-chuyen-bay-dinh-menh-p404967.html,Sách 192 Hours - Giành Giật Sự Sống Từ Chuyến Bay Định Mệnh,4.7,48,78000,60060,755.0,843
274944428,sach-song-manh-liet-chung-ta-co-the-hoc-duoc-gi-tu-nhung-nguoi-khuyet-tat-thanh-cong-p274944428,https://tiki.vn/sach-song-manh-liet-chung-ta-co-the-hoc-duoc-gi-tu-nhung-nguoi-khuyet-tat-thanh-cong-p274944428.html,Sách Sống Mãnh Liệt – Chúng ta có thể học được gì từ những người khuyết tật thành công?,5.0,3,186000,130100,42.0,843
66464348,sach-cach-mang-thang-tam-1945-thang-loi-vi-dai-dau-tien-cua-dan-toc-viet-nam-trong-the-ky-xx-p66464348,https://tiki.vn/sach-cach-mang-thang-tam-1945-thang-loi-vi-dai-dau-tien-cua-dan-toc-viet-nam-trong-the-ky-xx-p66464348.html,Sách Cách Mạng Tháng Tám 1945 - Thắng Lợi Vĩ Đại Đầu Tiên Của Dân Tộc Việt Nam Trong Thế Kỷ XX,5.0,1,220000,172000,10.0,843
606165,sach-hanh-trinh-yeu-thuong-nhat-ki-thien-nhan-p606165,https://tiki.vn/sach-hanh-trinh-yeu-thuong-nhat-ki-thien-nhan-p606165.html,Sách Hành Trình Yêu Thương: Nhật Kí Thiện Nhân,5.0,14,90000,86000,673.0,843
57180805,sach-zinky-boys-nhung-cau-be-kem-viet-hay-ke-toan-bo-su-that-ve-chinh-minh-la-bat-kha-p57180805,https://tiki.vn/sach-zinky-boys-nhung-cau-be-kem-viet-hay-ke-toan-bo-su-that-ve-chinh-minh-la-bat-kha-p57180805.html,Sách Zinky Boys Những Cậu Bé Kẽm – Viết (Hay Kể) Toàn Bộ Sự Thật Về Chính Mình Là Bất Khả,5.0,53,180000,122700,288.0,843
14616761,sach-tu-du-thai-hau-quyen-ha-p14616761,https://tiki.vn/sach-tu-du-thai-hau-quyen-ha-p14616761.html,Sách Từ Dụ Thái Hậu - Quyển Hạ,4.8,41,190000,130900,763.0,843
276388835,sach-duong-hoa-nhap-cua-mot-nguoi-viet-p276388835,https://tiki.vn/sach-duong-hoa-nhap-cua-mot-nguoi-viet-p276388835.html,Sách Đường Hòa nhập của một người Việt,5.0,1,109000,70300,17.0,843
276485031,sach-nhung-o-cua-gio-long-hoi-uc-ve-xuan-quynh-luu-quang-vu-va-gia-dinh-p276485031,https://tiki.vn/sach-nhung-o-cua-gio-long-hoi-uc-ve-xuan-quynh-luu-quang-vu-va-gia-dinh-p276485031.html,"Sách Những Ô Cửa Gió Lộng (Hồi Ức Về Xuân Quỳnh, Lưu Quang Vũ Và Gia Đình)",5.0,4,99000,79800,42.0,843
274970374,sach-gia-o-su-dang-hung-vo-va-nhung-nguoi-ban-nha-bao-p274970374,https://tiki.vn/sach-gia-o-su-dang-hung-vo-va-nhung-nguoi-ban-nha-bao-p274970374.html,Sách Giáo Sư Đặng Hùng Võ Và Những Người Bạn Nhà Báo,0.0,0,199000,132600,6.0,843
50704028,sach-kimi-r-ikk-ne-tay-dua-vo-dich-f1-p50704028,https://tiki.vn/sach-kimi-r-ikk-ne-tay-dua-vo-dich-f1-p50704028.html,Sách KIMI RÄIKKÖNE - Tây Đua Vô Địch F1,4.5,18,160000,129000,139.0,843
279360017,alexandre-yersin-nhung-cuoc-vien-du-mo-duong-khoa-hoc-p279360017,https://tiki.vn/alexandre-yersin-nhung-cuoc-vien-du-mo-duong-khoa-hoc-p279360017.html,Sách Alexandre Yersin - Những Cuộc Viễn Du Mở Đường Khoa Học,0.0,0,118000,83000,10.0,843
212212324,sach-lawrence-xu-a-rap-p212212324,https://tiki.vn/sach-lawrence-xu-a-rap-p212212324.html,Sách Lawrence Xứ Ả - Rập,4.8,27,449000,319000,238.0,843
271798385,sach-tuyen-tap-nguyen-cong-hoan-p271798385,https://tiki.vn/sach-tuyen-tap-nguyen-cong-hoan-p271798385.html,Sách Tuyển Tập Nguyễn Công Hoan,5.0,6,165000,103800,82.0,843
125640312,khong-minh-gia-cat-luong-dai-truyen-p125640312,https://tiki.vn/khong-minh-gia-cat-luong-dai-truyen-p125640312.html,Khổng Minh Gia Cát Lượng Đại Truyện,4.8,36,160000,110000,161.0,843
72646511,su-ky-tu-ma-thien-liet-truyen-quyen-thuong-p72646511,https://tiki.vn/su-ky-tu-ma-thien-liet-truyen-quyen-thuong-p72646511.html,Sử Ký Tư Mã Thiên Liệt Truyện (Quyển Thượng),4.8,12,185000,125600,42.0,843
11375865,sach-viet-vun-thoi-gian-p11375865,https://tiki.vn/sach-viet-vun-thoi-gian-p11375865.html,Sách Viết Vụn... Thời Gian,4.8,10,98000,73000,61.0,843
247858751,sach-bo-tuyet-p247858751,https://tiki.vn/sach-bo-tuyet-p247858751.html,Sách Bọ Tuyết,5.0,10,135000,97200,143.0,843
205986062,sach-barca-lionel-messi-va-su-thang-tram-cua-cau-lac-bo-bong-da-vi-dai-nhat-the-gioi-p205986062,https://tiki.vn/sach-barca-lionel-messi-va-su-thang-tram-cua-cau-lac-bo-bong-da-vi-dai-nhat-the-gioi-p205986062.html,Sách Barca - Lionel Messi Và Sự Thăng Trầm Của Câu Lạc Bộ Bóng Đá Vĩ Đại Nhất Thế Giới,5.0,15,230000,191000,124.0,843
278736865,nha-van-son-tung-nhung-ki-uc-sang-trong-p278736865,https://tiki.vn/nha-van-son-tung-nhung-ki-uc-sang-trong-p278736865.html,Nhà Văn Sơn Tùng - Những Kí Ức Sáng Trong,0.0,0,40000,31360,2.0,843
867404,sach-nhung-nam-thang-ay-p867404,https://tiki.vn/sach-nhung-nam-thang-ay-p867404.html,Sách Những Năm Tháng Ấy,4.0,1,150000,110000,11.0,843
277992332,sach-ho-chi-minh-qua-hoi-uc-cua-nhung-cuu-tu-chinh-tri-con-dao-p277992332,https://tiki.vn/sach-ho-chi-minh-qua-hoi-uc-cua-nhung-cuu-tu-chinh-tri-con-dao-p277992332.html,Sách Hồ Chí Minh Qua Hồi Ức Của Những Cựu Tù Chính Trị Côn Đảo,0.0,0,118000,101000,8.0,843
277410871,dot-pha-cuoc-doi-khoa-hoc-cua-toi-tu-truyen-cua-nha-khoa-hoc-da-mo-duong-cho-mrna-va-vac-xin-covid-19-p277410871,https://tiki.vn/dot-pha-cuoc-doi-khoa-hoc-cua-toi-tu-truyen-cua-nha-khoa-hoc-da-mo-duong-cho-mrna-va-vac-xin-covid-19-p277410871.html,Đột phá - Cuộc đời khoa học của tôi - Tự truyện của nhà khoa học đã mở đường cho mRNA và vắc xin COVID 19,5.0,1,230000,177100,37.0,843
202153836,sach-viet-nam-cua-toi-nhung-cau-chuyen-nhan-con-nuoi-p202153836,https://tiki.vn/sach-viet-nam-cua-toi-nhung-cau-chuyen-nhan-con-nuoi-p202153836.html,Sách Việt Nam Của Tôi – Những Câu Chuyện Nhận Con Nuôi,0.0,0,130000,97500,22.0,843
272872016,sach-hoi-ky-tu-binh-thuong-truong-p272872016,https://tiki.vn/sach-hoi-ky-tu-binh-thuong-truong-p272872016.html,Sách Hồi Ký Tù Bình Thương Trường,5.0,3,159000,95400,19.0,843
273609656,sach-cau-nhoc-gat-gio-p273609656,https://tiki.vn/sach-cau-nhoc-gat-gio-p273609656.html,Sách Cậu nhóc gặt gió,5.0,7,128000,87000,94.0,843
278876292,sach-nho-che-doi-toi-cung-che-guevara-p278876292,https://tiki.vn/sach-nho-che-doi-toi-cung-che-guevara-p278876292.html,Sách Nhớ Che - Đời Tôi Cùng Che Guevara,5.0,1,100000,81000,2.0,843
803663,sach-mien-hoang-tuong-p803663,https://tiki.vn/sach-mien-hoang-tuong-p803663.html,Sách Miền Hoang Tưởng,4.8,57,75000,57700,646.0,843
193116255,ki-hoa-venice-tac-gia-cuon-sach-ban-chay-nhat-new-york-times-p193116255,https://tiki.vn/ki-hoa-venice-tac-gia-cuon-sach-ban-chay-nhat-new-york-times-p193116255.html,Kí họa VENICE - Tác Giả Cuốn Sách Bán Chạy Nhất New York Times,5.0,30,225000,120000,218.0,843
1709231,sach-nhung-nguoi-ban-co-do-hue-tap-iv-1917-p1709231,https://tiki.vn/sach-nhung-nguoi-ban-co-do-hue-tap-iv-1917-p1709231.html,Sách Những Người Bạn Cố Đô Huế (Tập IV - 1917),5.0,2,170000,132000,58.0,843
276976932,sach-tran-van-giau-dau-an-tram-nam-p276976932,https://tiki.vn/sach-tran-van-giau-dau-an-tram-nam-p276976932.html,Sách Trần Văn Giàu - Dấu ấn trăm năm,5.0,2,200000,169000,13.0,843
278229658,sach-nguoi-la-voi-chinh-ta-p278229658,https://tiki.vn/sach-nguoi-la-voi-chinh-ta-p278229658.html,Sách Người Lạ Với Chính Ta,5.0,2,188000,162000,20.0,843
2732175,sach-lam-lai-tu-dau-p2732175,https://tiki.vn/sach-lam-lai-tu-dau-p2732175.html,Sách Làm Lại Từ Đầu,4.5,8,98000,65660,406.0,843
174605357,sach-chuyen-doi-toi-p174605357,https://tiki.vn/sach-chuyen-doi-toi-p174605357.html,Sách Chuyện Đời Tôi,4.8,20,359000,211900,198.0,843
146065917,bay-kieu-nguoi-toi-gap-trong-hieu-sach-cuon-tu-truyen-cua-chu-hieu-sach-dac-sac-va-thu-vi-nhat-the-gioi-p146065917,https://tiki.vn/bay-kieu-nguoi-toi-gap-trong-hieu-sach-cuon-tu-truyen-cua-chu-hieu-sach-dac-sac-va-thu-vi-nhat-the-gioi-p146065917.html,Bảy Kiểu Người Tôi Gặp Trong Hiệu Sách - Cuốn Tự Truyện Của Chủ Hiệu Sách Đặc Sắc Và Thú Vị Nhất Thế Giới,4.6,29,65000,45500,204.0,843
195960775,sach-nhung-loi-hua-phai-giu-cuoc-doi-va-su-nghiep-chinh-tri-cua-toi-p195960775,https://tiki.vn/sach-nhung-loi-hua-phai-giu-cuoc-doi-va-su-nghiep-chinh-tri-cua-toi-p195960775.html,Sách Những Lời Hứa Phải Giữ - Cuộc Đời Và Sự Nghiệp Chính Trị Của Tôi,5.0,9,279000,223200,44.0,843
58063566,sach-hay-goi-ten-toi-hoi-ky-p58063566,https://tiki.vn/sach-hay-goi-ten-toi-hoi-ky-p58063566.html,Sách Hãy Gọi Tên Tôi (Hồi Ký),5.0,10,169000,135200,69.0,843
192333878,sach-toi-biet-tai-sao-chim-trong-long-van-hot-p192333878,https://tiki.vn/sach-toi-biet-tai-sao-chim-trong-long-van-hot-p192333878.html,Sách Tôi Biết Tại Sao Chim Trong Lồng Vẫn Hót,5.0,3,186000,176700,72.0,843
985785,sach-nguoi-ti-nan-bia-cung-p985785,https://tiki.vn/sach-nguoi-ti-nan-bia-cung-p985785.html,Sách Người Tị Nạn (Bìa Cứng),5.0,1,195000,165000,340.0,843
276473411,bo-sach-ke-chuyen-thang-long-p276473411,https://tiki.vn/bo-sach-ke-chuyen-thang-long-p276473411.html,Bộ Sách Kể Chuyện Thăng Long,0.0,0,40000,33100,,843
116577640,tu-truyen-luka-modric-p116577640,https://tiki.vn/tu-truyen-luka-modric-p116577640.html,Tự Truyện Luka Modric,5.0,46,170000,133000,235.0,843
78632286,sach-thao-go-phep-mau-p78632286,https://tiki.vn/sach-thao-go-phep-mau-p78632286.html,Sách Tháo Gỡ Phép Màu,5.0,20,209000,181000,84.0,843
196001726,sach-su-ky-ban-ky-bieu-p196001726,https://tiki.vn/sach-su-ky-ban-ky-bieu-p196001726.html,Sách Sử Ký: Bản Kỷ - Biểu,5.0,9,399000,266400,104.0,843
208289697,sach-to-bay-voi-nhan-gian-p208289697,https://tiki.vn/sach-to-bay-voi-nhan-gian-p208289697.html,Sách Tỏ Bày Với Nhân Gian,0.0,0,120000,90000,20.0,843
278529170,sach-nhung-canh-thu-ra-bac-vao-nam-vu-cong-lap-bui-chi-trung-omega-nxb-quan-doi-nhan-dan-p278529170,https://tiki.vn/sach-nhung-canh-thu-ra-bac-vao-nam-vu-cong-lap-bui-chi-trung-omega-nxb-quan-doi-nhan-dan-p278529170.html,Sách NHỮNG CÁNH THƯ RA BẮC VÀO NAM – Vũ Công Lập & Bùi Chí Trung –Omega+ - NXB Quân đội Nhân dân,5.0,3,145000,108400,29.0,843
5427639,sach-giai-ha-noi-lan-loi-london-p5427639,https://tiki.vn/sach-giai-ha-noi-lan-loi-london-p5427639.html,Sách Giai Hà Nội Lặn Lội London,4.8,11,100000,72000,247.0,843
195801675,sach-mot-kieu-binh-thuong-khac-p195801675,https://tiki.vn/sach-mot-kieu-binh-thuong-khac-p195801675.html,Sách Một Kiểu Bình Thường Khác,4.2,5,168000,126000,47.0,843
348089,sach-thu-goi-steve-jobs-p348089,https://tiki.vn/sach-thu-goi-steve-jobs-p348089.html,Sách Thư Gởi Steve Jobs,1.0,1,52000,39900,136.0,843
204803663,sach-bay-noi-ba-chim-p204803663,https://tiki.vn/sach-bay-noi-ba-chim-p204803663.html,Sách Bảy Nổi Ba Chìm,5.0,3,299000,226000,24.0,843
48212492,sach-chuyen-toi-hoi-uc-cua-con-trai-nha-van-nguyen-huy-tuong-p48212492,https://tiki.vn/sach-chuyen-toi-hoi-uc-cua-con-trai-nha-van-nguyen-huy-tuong-p48212492.html,Sách Chuyện Tôi - Hồi Ức Của Con Trai Nhà Văn Nguyễn Huy Tưởng,4.5,4,119000,77300,40.0,843
111874312,sach-cong-ty-toi-gin-giu-cuoc-doi-cua-toi-trong-nganh-my-pham-p111874312,https://tiki.vn/sach-cong-ty-toi-gin-giu-cuoc-doi-cua-toi-trong-nganh-my-pham-p111874312.html,Sách Công Ty Tôi Gìn Giữ - Cuộc Đời Của Tôi Trong Ngành Mỹ Phẩm,5.0,12,239000,120900,77.0,843
11375863,sach-hoi-ky-alex-ferguson-tai-ban-p11375863,https://tiki.vn/sach-hoi-ky-alex-ferguson-tai-ban-p11375863.html,Sách Hồi Ký Alex Ferguson (Tái Bản),4.8,115,195000,151000,1159.0,843
89294990,sach-marco-polo-tu-venice-toi-thuong-do-p89294990,https://tiki.vn/sach-marco-polo-tu-venice-toi-thuong-do-p89294990.html,Sách Marco Polo - Từ Venice tới Thượng Đô,5.0,1,299000,179500,21.0,843
277572768,sach-anh-sang-trong-ta-vuot-qua-nhung-thoi-diem-bat-dinh-p277572768,https://tiki.vn/sach-anh-sang-trong-ta-vuot-qua-nhung-thoi-diem-bat-dinh-p277572768.html,Sách Ánh Sáng Trong Ta - Vượt Qua Những Thời Điểm Bất Định,4.5,2,198000,152460,40.0,843
273727520,sach-tro-ve-p273727520,https://tiki.vn/sach-tro-ve-p273727520.html,Sách Trở Về,4.5,2,100000,66900,10.0,843
273448675,la-thuong-tu-truyen-ong-thay-khong-buc-giang-le-duy-niem-p273448675,https://tiki.vn/la-thuong-tu-truyen-ong-thay-khong-buc-giang-le-duy-niem-p273448675.html,Là Thương - Tự Truyện Ông Thầy Không Bục Giảng Lê Duy Niệm,4.5,2,150000,111100,15.0,843
20626037,sach-thay-loi-muon-noi-thanh-xuan-toi-p20626037,https://tiki.vn/sach-thay-loi-muon-noi-thanh-xuan-toi-p20626037.html,Sách Thay Lời Muốn Nói - Thanh Xuân Tôi,4.8,134,110000,84000,995.0,843
109088709,sach-hua-voi-con-ba-nhe-p109088709,https://tiki.vn/sach-hua-voi-con-ba-nhe-p109088709.html,"Sách Hứa Với Con, Ba Nhé",4.7,15,179000,83000,90.0,843
277921606,sach-khai-mo-hanh-phuc-p277921606,https://tiki.vn/sach-khai-mo-hanh-phuc-p277921606.html,Sách Khai Mở Hạnh Phúc,0.0,0,128000,89599,9.0,843
278528809,sach-nguyen-chi-thanh-nhung-goc-nhin-tu-hau-the-bui-chi-trung-va-nhom-tac-gia-omega-plus-nxb-quan-doi-nhan-dan-p278528809,https://tiki.vn/sach-nguyen-chi-thanh-nhung-goc-nhin-tu-hau-the-bui-chi-trung-va-nhom-tac-gia-omega-plus-nxb-quan-doi-nhan-dan-p278528809.html,Sách NGUYỄN CHÍ THANH - NHỮNG GÓC NHÌN TỪ HẬU THẾ - Bùi Chí Trung và nhóm tác giả - Omega Plus - NXB Quân Đội Nhân Dân,5.0,1,165000,99100,12.0,843
76588949,toi-elton-john-tu-truyen-duy-nhat-cua-bieu-tuong-am-nhac-elton-john-p76588949,https://tiki.vn/toi-elton-john-tu-truyen-duy-nhat-cua-bieu-tuong-am-nhac-elton-john-p76588949.html,Tôi - Elton John: Tự Truyện Duy Nhất Của Biểu Tượng Âm Nhạc Elton John ,5.0,5,299000,211200,30.0,843
279127091,toi-la-san-pham-cua-chinh-minh-du-hoai-bao-alpha-books-p279127091,https://tiki.vn/toi-la-san-pham-cua-chinh-minh-du-hoai-bao-alpha-books-p279127091.html,Tôi Là Sản Phẩm Của Chính Mình - Dư Hoài Bảo - Alpha Books,0.0,0,198000,131900,,843
278155745,sach-viet-nam-y-ky-p278155745,https://tiki.vn/sach-viet-nam-y-ky-p278155745.html,Sách Việt Nam Y Ký,0.0,0,185000,142000,2.0,843
278856979,sach-cam-nang-sang-nhat-p278856979,https://tiki.vn/sach-cam-nang-sang-nhat-p278856979.html,Sách Cẩm Nang Sang Nhật,0.0,0,60000,50900,1.0,843
1527099,sach-nguoi-cha-im-lang-p1527099,https://tiki.vn/sach-nguoi-cha-im-lang-p1527099.html,Sách Người Cha Im Lặng,0.0,0,129000,113000,97.0,843
279449425,sach-phi-cong-p279449425,https://tiki.vn/sach-phi-cong-p279449425.html,Sách Phi Công,0.0,0,258000,258000,,843
21949086,sach-eureka-america-o-kia-nuoc-my-p21949086,https://tiki.vn/sach-eureka-america-o-kia-nuoc-my-p21949086.html,Sách EUREKA AMERICA – Ơ Kìa Nước Mỹ!,4.7,7,109000,73500,146.0,843
279672948,cuoc-doi-ki-la-cua-nikola-tesla-p279672948,https://tiki.vn/cuoc-doi-ki-la-cua-nikola-tesla-p279672948.html,Sách Cuộc Đời Kì Lạ Của Nikola Tesla,0.0,0,100000,75000,2.0,843
159050008,sach-giac-mo-viet-nam-toi-tap-2-con-mai-huong-xa-p159050008,https://tiki.vn/sach-giac-mo-viet-nam-toi-tap-2-con-mai-huong-xa-p159050008.html,Sách Giấc Mơ Việt Nam Tôi - Tập 2: Còn Mãi Hương Xa,5.0,5,239000,150700,44.0,843
277184387,sach-ngay-ay-da-qua-roi-tai-ban-2025-p277184387,https://tiki.vn/sach-ngay-ay-da-qua-roi-tai-ban-2025-p277184387.html,Sách - Ngày Ấy Đã Qua Rồi (Tái Bản 2025),5.0,2,150000,116000,8.0,843
11801215,sach-em-se-nuoi-con-chung-ta-p11801215,https://tiki.vn/sach-em-se-nuoi-con-chung-ta-p11801215.html,Sách Em Sẽ Nuôi Con Chúng Ta,4.7,10,88000,59400,179.0,843
279730669,sach-bac-si-noi-nguc-tu-dr-amanda-brown-ruth-kelly-p279730669,https://tiki.vn/sach-bac-si-noi-nguc-tu-dr-amanda-brown-ruth-kelly-p279730669.html,Sách Bác Sĩ Nơi Ngục Tù – Dr. Amanda Brown - Ruth Kelly,0.0,0,169000,135200,,843
221230164,sach-cam-bay-cua-thanh-cong-tai-sao-chung-ta-lai-mac-ket-trong-cong-viec-minh-khong-thich-p221230164,https://tiki.vn/sach-cam-bay-cua-thanh-cong-tai-sao-chung-ta-lai-mac-ket-trong-cong-viec-minh-khong-thich-p221230164.html,Sách Cạm bẫy của thành công - Tại sao chúng ta lại mắc kẹt trong công việc mình không thích,5.0,1,110000,66000,9.0,843
279534871,sach-to-quoc-que-huong-va-gia-dinh-toi-p279534871,https://tiki.vn/sach-to-quoc-que-huong-va-gia-dinh-toi-p279534871.html,"Sách Tổ Quốc, Quê Hương Và Gia Đình Tôi",0.0,0,200000,150000,1.0,843
271455703,sach-day-la-no-nghi-the-p271455703,https://tiki.vn/sach-day-la-no-nghi-the-p271455703.html,Sách Đấy Là Nó Nghĩ Thế,0.0,0,99000,66975,2.0,843
279667924,sach-hanh-khuc-duoi-quan-ki-p279667924,https://tiki.vn/sach-hanh-khuc-duoi-quan-ki-p279667924.html,Sách Hành Khúc Dưới Quân Kì,0.0,0,45000,36000,,843
28256165,sach-hanh-trinh-den-vo-cuc-p28256165,https://tiki.vn/sach-hanh-trinh-den-vo-cuc-p28256165.html,Sách Hành Trình Đến Vô Cực,5.0,2,196000,147000,170.0,843
279259611,sach-nhung-dong-tien-siet-mau-toi-thau-khoan-p279259611,https://tiki.vn/sach-nhung-dong-tien-siet-mau-toi-thau-khoan-p279259611.html,Sách Những Đồng Tiền Siết Máu - Tôi Thầu Khoán,5.0,1,150000,115400,10.0,843
279592333,sach-hoi-ky-cua-hy-vong-p279592333,https://tiki.vn/sach-hoi-ky-cua-hy-vong-p279592333.html,Sách Hồi Ký Của Hy Vọng,0.0,0,168000,134400,2.0,843
275402820,sach-quyet-liet-song-p275402820,https://tiki.vn/sach-quyet-liet-song-p275402820.html,Sách Quyết liệt sống,5.0,1,290000,236000,5.0,843
205986072,sach-lich-su-viet-nam-bang-tranh-le-quy-don-ban-mau-p205986072,https://tiki.vn/sach-lich-su-viet-nam-bang-tranh-le-quy-don-ban-mau-p205986072.html,Sách Lịch Sử Việt Nam Bằng Tranh: Lê Quý Đôn (Bản Màu),4.8,6,140000,106000,28.0,843
276503172,sach-ve-nha-bat-hanh-la-mot-tai-san-bia-mem-tb-2024-sang-books-p276503172,https://tiki.vn/sach-ve-nha-bat-hanh-la-mot-tai-san-bia-mem-tb-2024-sang-books-p276503172.html,Về Nhà - Bất hạnh là một tài sản - Bản mới 2024 - Phan Việt - Sáng Books,4.6,20,150000,150000,237.0,843
276329027,sach-nhung-mau-chuyen-ve-tam-guong-dao-duc-ho-chi-minh-tap-1-p276329027,https://tiki.vn/sach-nhung-mau-chuyen-ve-tam-guong-dao-duc-ho-chi-minh-tap-1-p276329027.html,Sách - Những mẩu chuyện về tấm gương đạo đức Hồ Chí Minh tập 1,0.0,0,88000,88000,6.0,843
148940423,combo-linh-bay-tron-bo-2-cuon-so-tay-p148940423,https://tiki.vn/combo-linh-bay-tron-bo-2-cuon-so-tay-p148940423.html,Combo Lính Bay ( Trọn Bộ 2 Cuốn ) - Sổ Tay,5.0,3,470000,470000,41.0,843
253099484,sach-ong-tuong-tinh-bao-bi-an-va-nhung-diep-vu-sieu-hang-tai-ban-2023-p253099484,https://tiki.vn/sach-ong-tuong-tinh-bao-bi-an-va-nhung-diep-vu-sieu-hang-tai-ban-2023-p253099484.html,Sách Ông Tướng Tình Báo Bí Ẩn Và Những Điệp Vụ Siêu Hạng (Tái bản 2023),4.8,10,122000,122000,128.0,843
277553344,mot-minh-o-chau-au-bat-hanh-la-mot-tai-san-ban-2025-phan-viet-sang-books-p277553344,https://tiki.vn/mot-minh-o-chau-au-bat-hanh-la-mot-tai-san-ban-2025-phan-viet-sang-books-p277553344.html,Một mình ở châu Âu - Bất hạnh là một tài sản - Bản 2025 - Phan Việt - Sáng Books,5.0,2,120000,120000,50.0,843
274122823,mot-doi-tay-giay-thay-gi-p274122823,https://tiki.vn/mot-doi-tay-giay-thay-gi-p274122823.html,MỘT ĐỜI TÂY GIẤY THẤY GÌ,0.0,0,179000,179000,3.0,843
198900129,tu-sach-doi-nguoi-cuoc-phieu-luu-cua-thuyen-truong-corcoran-p198900129,https://tiki.vn/tu-sach-doi-nguoi-cuoc-phieu-luu-cua-thuyen-truong-corcoran-p198900129.html,Tủ Sách Đời Người: Cuộc Phiêu Lưu Của Thuyền Trưởng Corcoran,0.0,0,219000,219000,,843
208648719,cuoc-phieu-luu-cua-thuyen-truong-corcoran-omega-plus-ban-quyen-p208648719,https://tiki.vn/cuoc-phieu-luu-cua-thuyen-truong-corcoran-omega-plus-ban-quyen-p208648719.html,Cuộc Phiêu Lưu Của Thuyền Trưởng Corcoran - Omega Plus - Bản Quyền,0.0,0,110000,110000,,843
40419929,combo-hoi-ky-alex-ferguson-va-dan-dat-lanh-dao-chu-khong-quan-ly-tang-kem-so-tay-xuong-rong-p40419929,https://tiki.vn/combo-hoi-ky-alex-ferguson-va-dan-dat-lanh-dao-chu-khong-quan-ly-tang-kem-so-tay-xuong-rong-p40419929.html,Combo Hồi Ký Alex Ferguson và Dẫn Dắt - Lãnh Đạo Chứ Không Quản Lý( Tặng Kèm Sổ TAy Xương Rồng),5.0,42,355000,355000,229.0,843
22383811,sach-becoming-chat-michelle-p22383811,https://tiki.vn/sach-becoming-chat-michelle-p22383811.html,Sách Becoming - Chất Michelle,4.8,1076,300000,231000,19940.0,843
273134762,sach-duong-toi-quoc-hoi-cua-nu-nghi-si-phap-goc-viet-dau-tien-phan-1-tieu-su-p273134762,https://tiki.vn/sach-duong-toi-quoc-hoi-cua-nu-nghi-si-phap-goc-viet-dau-tien-phan-1-tieu-su-p273134762.html,Sách Đường Tới Quốc Hội Của Nữ Nghị Sĩ Pháp Gốc Việt Đầu Tiên - Phần 1: Tiểu Sử,5.0,1,159000,95000,13.0,843
278644018,sach-hoi-ky-tham-hoa-everest-p278644018,https://tiki.vn/sach-hoi-ky-tham-hoa-everest-p278644018.html,Sách Hồi Ký Thảm Họa Everest,5.0,2,179000,134250,35.0,843
278749471,tu-truyen-cua-mot-yogi-sach-ban-dac-biet-20-nam-p278749471,https://tiki.vn/tu-truyen-cua-mot-yogi-sach-ban-dac-biet-20-nam-p278749471.html,Sách Tự Truyện Của Một Yogi - Ấn Bản Đặc Biệt 20 Năm Thành Lập Nhã Nam - Bìa Cứng,4.2,5,319000,287100,69.0,843
181122317,sach-chan-tran-chi-thep-tai-ban-2022-p181122317,https://tiki.vn/sach-chan-tran-chi-thep-tai-ban-2022-p181122317.html,Sách Chân Trần Chí Thép (Tái Bản 2022),5.0,42,168000,129360,460.0,843
23609991,sach-mua-chinh-chien-ay-p23609991,https://tiki.vn/sach-mua-chinh-chien-ay-p23609991.html,Sách Mùa Chinh Chiến Ấy,4.8,144,155000,127000,1021.0,843
183539219,sach-thang-huyen-con-hau-p183539219,https://tiki.vn/sach-thang-huyen-con-hau-p183539219.html,Sách Thằng Huyện Con Hầu,5.0,176,89000,76000,848.0,843
5329239,sach-nha-tu-ban-loi-lac-thoi-minh-tri-shibusawa-eiichi-cha-de-cua-kinh-te-tap-doan-nhat-ban-hien-dai-p5329239,https://tiki.vn/sach-nha-tu-ban-loi-lac-thoi-minh-tri-shibusawa-eiichi-cha-de-cua-kinh-te-tap-doan-nhat-ban-hien-dai-p5329239.html,Sách Nhà Tư Bản Lỗi Lạc Thời Minh Trị Shibusawa Eiichi - Cha Đẻ Của Kinh Tế Tập Đoàn Nhật Bản Hiện Đại,5.0,2,153000,133000,151.0,843
278618370,sach-sai-gon-bao-thuong-mot-goc-ky-uc-ve-tinh-nguoi-trong-dai-dich-covid-19-p278618370,https://tiki.vn/sach-sai-gon-bao-thuong-mot-goc-ky-uc-ve-tinh-nguoi-trong-dai-dich-covid-19-p278618370.html,Sách Sài Gòn Bao Thương - Một Góc Ký Ức Về Tình Người Trong Đại Dịch Covid - 19,5.0,11,350000,234500,104.0,843
170352285,sach-vuong-hong-sen-chuyen-cu-o-soc-trang-di-cao-tap-2-p170352285,https://tiki.vn/sach-vuong-hong-sen-chuyen-cu-o-soc-trang-di-cao-tap-2-p170352285.html,Sách Vương Hồng Sển - Chuyện Cũ Ở Sốc-Trăng - Di Cảo - Tập 2,5.0,15,220000,171000,147.0,843
277670357,sach-vuong-hong-sen-tap-but-qui-dau-1993-bia-cung-p277670357,https://tiki.vn/sach-vuong-hong-sen-tap-but-qui-dau-1993-bia-cung-p277670357.html,Sách Vương Hồng Sển - Tạp bút Quí Dậu 1993 (Bìa cứng),5.0,1,270000,216000,13.0,843
196001720,sach-su-ky-co-su-do-p196001720,https://tiki.vn/sach-su-ky-co-su-do-p196001720.html,Sách Sử Ký Cố Sự Đồ,5.0,9,99000,64700,71.0,843
25641259,sach-seal-quyet-khong-bo-cuoc-p25641259,https://tiki.vn/sach-seal-quyet-khong-bo-cuoc-p25641259.html,Sách Seal - Quyết Không Bỏ Cuộc,4.7,12,125000,86000,173.0,843
278749458,nhat-ky-dang-thuy-tram-sach-ban-dac-biet-20-nam-p278749458,https://tiki.vn/nhat-ky-dang-thuy-tram-sach-ban-dac-biet-20-nam-p278749458.html,Sách Nhật Ký Đặng Thùy Trâm - Ấn Bản Đặc Biệt 20 Năm Thành Lập Nhã Nam - Bìa Cứng,0.0,0,299000,254150,31.0,843
276079790,sach-365-ngay-dau-tien-o-xu-so-hoa-anh-dao-p276079790,https://tiki.vn/sach-365-ngay-dau-tien-o-xu-so-hoa-anh-dao-p276079790.html,Sách 365 Ngày Đầu Tiên Ở Xứ Sở Hoa Anh Đào,0.0,0,129000,85900,8.0,843
391254,sach-ba-chua-hon-p391254,https://tiki.vn/sach-ba-chua-hon-p391254.html,Sách Bà Chúa Hòn,4.6,21,110000,85000,347.0,843
5427635,sach-masayoshi-son-ti-phu-lieu-an-nhieu-p5427635,https://tiki.vn/sach-masayoshi-son-ti-phu-lieu-an-nhieu-p5427635.html,Sách MASAYOSHI SON -Tỉ Phú Liều Ăn Nhiều,4.6,17,120000,92400,261.0,843
387005,sach-cho-dan-duong-dai-gia-va-nhan-qua-p387005,https://tiki.vn/sach-cho-dan-duong-dai-gia-va-nhan-qua-p387005.html,Sách Chó Dẫn Đường - Đại Gia Và Nhân Quả,4.6,15,30000,18300,290.0,843
278818146,sach-cau-be-o-hang-va-hoa-hoc-tro-p278818146,https://tiki.vn/sach-cau-be-o-hang-va-hoa-hoc-tro-p278818146.html,Sách Cậu Bé Ở Hang Và Hoa Học Trò,0.0,0,60000,47200,4.0,843
278643555,sach-hai-ngoai-ky-su-p278643555,https://tiki.vn/sach-hai-ngoai-ky-su-p278643555.html,Sách Hải Ngoại Kỷ Sự,0.0,0,229000,163900,12.0,843
742076,sach-yem-dao-du-ky-p742076,https://tiki.vn/sach-yem-dao-du-ky-p742076.html,Sách Yếm Đào Du Ký,4.0,5,99000,50000,128.0,843
24862418,sach-stephen-hawking-mot-tri-tue-khong-gioi-han-p24862418,https://tiki.vn/sach-stephen-hawking-mot-tri-tue-khong-gioi-han-p24862418.html,Sách Stephen Hawking: Một Trí Tuệ Không Giới Hạn,4.2,44,189000,126000,561.0,843
200780111,sach-tieng-vong-deo-khau-chia-p200780111,https://tiki.vn/sach-tieng-vong-deo-khau-chia-p200780111.html,Sách Tiếng vọng đèo Khau Chỉa,5.0,60,179000,137830,527.0,843
274721707,sach-britney-spears-nguoi-dan-ba-trong-toi-p274721707,https://tiki.vn/sach-britney-spears-nguoi-dan-ba-trong-toi-p274721707.html,Sách Britney Spears - Người Đàn Bà Trong Tôi,5.0,9,188000,131600,128.0,843
23609973,sach-rung-khop-mua-thay-la-p23609973,https://tiki.vn/sach-rung-khop-mua-thay-la-p23609973.html,Sách Rừng Khộp Mùa Thay Lá,5.0,8,105000,87000,374.0,843
275105099,bo-ba-tieu-thuyet-dat-lanh-doi-con-ly-tan-sach-dua-ta-ve-manh-dat-lanh-cua-pearl-s-buck-p275105099,https://tiki.vn/bo-ba-tieu-thuyet-dat-lanh-doi-con-ly-tan-sach-dua-ta-ve-manh-dat-lanh-cua-pearl-s-buck-p275105099.html,(Bộ ba tiểu thuyết ĐẤT LÀNH – ĐỜI CON – LY TÁN) Sách ĐƯA TA VỀ MẢNH “ĐẤT LÀNH” CỦA PEARL S. BUCK,5.0,6,897000,568000,52.0,843
253099621,hanh-trinh-viet-sach-p253099621,https://tiki.vn/hanh-trinh-viet-sach-p253099621.html,Hành Trình Viết Sách,0.0,0,199000,119000,15.0,843
14616755,sach-tu-du-thai-hau-2-quyen-thuong-quyen-ha-p14616755,https://tiki.vn/sach-tu-du-thai-hau-2-quyen-thuong-quyen-ha-p14616755.html,Sách Từ Dụ Thái Hậu (2 Quyển Thượng + Quyển Hạ),4.8,112,375000,267000,928.0,843
116577645,sach-sai-gon-nhung-manh-ghep-roi-ky-uc-p116577645,https://tiki.vn/sach-sai-gon-nhung-manh-ghep-roi-ky-uc-p116577645.html,Sách Sài Gòn Những Mảnh Ghép Rời Ký Ức,5.0,42,125000,110000,229.0,843
376403,sach-gian-truan-chi-la-thu-thach-p376403,https://tiki.vn/sach-gian-truan-chi-la-thu-thach-p376403.html,Sách Gian Truân Chỉ Là Thử Thách,4.5,27,98000,68600,509.0,843
653825,sach-bac-ho-ke-chuyen-tay-du-ky-tai-ban-p653825,https://tiki.vn/sach-bac-ho-ke-chuyen-tay-du-ky-tai-ban-p653825.html,Sách Bác Hồ Kể Chuyện Tây Du Ký (Tái Bản),4.8,10,46000,38000,202.0,843
7986378,sach-cuoc-doi-bat-tu-cua-henrietta-lacks-p7986378,https://tiki.vn/sach-cuoc-doi-bat-tu-cua-henrietta-lacks-p7986378.html,Sách Cuộc Đời Bất Tử Của Henrietta Lacks,4.7,25,269000,174800,368.0,843
1256311,sach-chuyen-o-vinh-tokyo-p1256311,https://tiki.vn/sach-chuyen-o-vinh-tokyo-p1256311.html,Sách Chuyện Ở Vịnh Tokyo,4.7,15,99000,67300,235.0,843
2224869,sach-tuoi-tre-khong-hoi-tiec-p2224869,https://tiki.vn/sach-tuoi-tre-khong-hoi-tiec-p2224869.html,Sách Tuổi Trẻ Không Hối Tiếc,4.7,47,79000,63200,2723.0,843
24882485,combo-4-mua-4-cuon-p24882485,https://tiki.vn/combo-4-mua-4-cuon-p24882485.html,Combo 4 Mùa (4 Cuốn),4.6,8,450000,349000,84.0,843
2373921,sach-what-happened-dieu-gi-da-dien-ra-p2373921,https://tiki.vn/sach-what-happened-dieu-gi-da-dien-ra-p2373921.html,Sách What Happened - Điều Gì Đã Diễn Ra,4.3,12,259000,214000,298.0,843
157054859,sach-song-thay-phan-me-p157054859,https://tiki.vn/sach-song-thay-phan-me-p157054859.html,Sách Sống Thay Phần Mẹ,5.0,2,100000,60600,20.0,843
271222199,sach-dong-doi-p271222199,https://tiki.vn/sach-dong-doi-p271222199.html,Sách Dòng Đời,5.0,3,279000,251000,14.0,843
277923836,sach-ngheo-la-von-lieng-p277923836,https://tiki.vn/sach-ngheo-la-von-lieng-p277923836.html,Sách Nghèo Là Vốn Liếng,0.0,0,186000,130200,6.0,843
442490,sach-tri-hue-cho-doi-p442490,https://tiki.vn/sach-tri-hue-cho-doi-p442490.html,Sách Trí Huệ Cho Đời,5.0,10,98000,68600,397.0,843
10374193,sach-khong-the-ngan-chan-chuyen-doi-toi-den-hom-nay-p10374193,https://tiki.vn/sach-khong-the-ngan-chan-chuyen-doi-toi-den-hom-nay-p10374193.html,Sách Không Thể Ngăn Chặn: Chuyện Đời Tôi Đến Hôm Nay,5.0,25,145000,115900,279.0,843
276473238,sach-hoi-ki-ve-bac-ho-mai-nho-on-nguoi-p276473238,https://tiki.vn/sach-hoi-ki-ve-bac-ho-mai-nho-on-nguoi-p276473238.html,Sách Hồi Kí Về Bác Hồ - Mãi Nhớ Ơn Người,0.0,0,40000,30400,3.0,843
1709229,sach-nhung-nguoi-ban-co-do-hue-tap-iii-1916-p1709229,https://tiki.vn/sach-nhung-nguoi-ban-co-do-hue-tap-iii-1916-p1709229.html,Sách Những Người Bạn Cố Đô Huế (Tập III - 1916),4.3,6,260000,204000,72.0,843
214493574,sach-thu-viet-tu-ha-noi-bom-da-roi-tren-he-pho-thu-do-p214493574,https://tiki.vn/sach-thu-viet-tu-ha-noi-bom-da-roi-tren-he-pho-thu-do-p214493574.html,Sách Thư Viết Từ Hà Nội - Bom Đã Rơi Trên Hè Phố Thủ Đô,5.0,2,130000,96200,21.0,843
1661645,sach-di-qua-nuoc-mat-nu-cuoi-p1661645,https://tiki.vn/sach-di-qua-nuoc-mat-nu-cuoi-p1661645.html,Sách Đi Qua Nước Mắt Nụ Cười,4.5,2,148000,129000,298.0,843
271517633,sach-quang-doi-minh-vao-chon-thien-mon-tap-3-chua-viet-trong-tam-nguoi-xa-xu-p271517633,https://tiki.vn/sach-quang-doi-minh-vao-chon-thien-mon-tap-3-chua-viet-trong-tam-nguoi-xa-xu-p271517633.html,"Sách QUĂNG ĐỜI MÌNH VÀO CHỐN THIỀN MÔN - TẬP 3: CHÙA
VIỆT TRONG TÂM NGƯỜI XA XỨ",0.0,0,96000,83000,3.0,843
276273946,combo-sach-ve-ba-nhan-vat-tren-chinh-truong-nuoc-my-kamala-harris-donald-trump-joe-biden-bo-3-cuon-p276273946,https://tiki.vn/combo-sach-ve-ba-nhan-vat-tren-chinh-truong-nuoc-my-kamala-harris-donald-trump-joe-biden-bo-3-cuon-p276273946.html,Combo Sách Về Ba Nhân Vật Trên Chính Trường Nước Mỹ: Kamala Harris - Donald Trump - Joe Biden (Bộ 3 cuốn),0.0,0,523000,329200,,843
278169544,sach-loi-tu-biet-bau-troi-p278169544,https://tiki.vn/sach-loi-tu-biet-bau-troi-p278169544.html,Sách Lời Từ Biệt Bầu Trời,5.0,1,132000,97700,10.0,843
153521884,sach-wham-george-va-toi-hoi-ki-mot-buc-thu-tinh-gui-den-george-p153521884,https://tiki.vn/sach-wham-george-va-toi-hoi-ki-mot-buc-thu-tinh-gui-den-george-p153521884.html,Sách Wham! George Và Tôi : Hồi kí - Một Bức Thư Tình Gửi Đến George,5.0,4,235000,118900,22.0,843
198643659,sach-thanh-xuan-khong-chi-mot-thoi-p198643659,https://tiki.vn/sach-thanh-xuan-khong-chi-mot-thoi-p198643659.html,Sách Thanh xuân không chỉ một thời,5.0,2,160000,110000,6.0,843
188489945,sach-dang-sau-mat-bao-hoi-ky-chan-dung-bao-chi-viet-nam-buoi-ban-dau-den-1945-p188489945,https://tiki.vn/sach-dang-sau-mat-bao-hoi-ky-chan-dung-bao-chi-viet-nam-buoi-ban-dau-den-1945-p188489945.html,Sách Đằng Sau Mặt Báo - Hồi Ký Chân Dung Báo Chí Việt Nam Buổi Ban Đầu Đến 1945,5.0,6,220000,152000,51.0,843
279688325,stoner-nguoi-thay-lang-le-john-williams-nam-tu-dich-tao-dan-p279688325,https://tiki.vn/stoner-nguoi-thay-lang-le-john-williams-nam-tu-dich-tao-dan-p279688325.html,STONER - NGƯỜI THẦY LẶNG LẼ - John Williams - Nam Tử dịch - Tao Đàn ,0.0,0,300000,240000,15.0,843
278814323,nhin-lai-nhung-thu-xanh-hoi-ky-ngo-huy-can-tran-luu-van-hien-p278814323,https://tiki.vn/nhin-lai-nhung-thu-xanh-hoi-ky-ngo-huy-can-tran-luu-van-hien-p278814323.html,"Nhìn lại những thu xanh - Hồi ký Ngô Huy Cẩn, Trần Lưu Vân Hiền - Sách gây quỹ từ thiện cho Quỹ Trò Nghèo Vùng Cao",4.5,4,100000,100000,97.0,843
278457519,chuyen-hoi-do-do-hong-ngoc-p278457519,https://tiki.vn/chuyen-hoi-do-do-hong-ngoc-p278457519.html,Chuyện Hồi Đó - Đỗ Hồng Ngọc,4.8,5,315000,233000,40.0,843
278466873,sach-ho-chi-minh-tieu-su-bang-hinh-bia-cung-p278466873,https://tiki.vn/sach-ho-chi-minh-tieu-su-bang-hinh-bia-cung-p278466873.html,Sách - Hồ Chí Minh - Tiểu Sử Bằng Hình - Bìa Cứng,5.0,1,680000,578000,23.0,843
274710595,sach-hoi-ky-noi-buon-chien-tranh-p274710595,https://tiki.vn/sach-hoi-ky-noi-buon-chien-tranh-p274710595.html,Sách Hồi Ký: Nỗi Buồn Chiến Tranh,0.0,0,129500,129500,5.0,843
279199186,sach-ghi-chep-p279199186,https://tiki.vn/sach-ghi-chep-p279199186.html,Sách - Ghi Chép - Trịnh Lữ,0.0,0,199000,169100,30.0,843
272200264,nguoi-thay-tai-ban-2023-p272200264,https://tiki.vn/nguoi-thay-tai-ban-2023-p272200264.html,Người Thầy (Tái Bản 2023),5.0,13,267000,240300,169.0,843
192948869,diep-vien-hoan-hao-x6-pham-xuan-an-p192948869,https://tiki.vn/diep-vien-hoan-hao-x6-pham-xuan-an-p192948869.html,Điệp Viên Hoàn Hảo X6 - Phạm Xuân Ẩn,5.0,20,178000,160200,357.0,843
204416875,diep-vien-hoan-hao-x6-pham-xuan-an-bia-cung-tai-ban-2022-p204416875,https://tiki.vn/diep-vien-hoan-hao-x6-pham-xuan-an-bia-cung-tai-ban-2022-p204416875.html,Điệp Viên Hoàn Hảo X6 - Phạm Xuân Ẩn - Bìa Cứng (Tái Bản 2022),4.7,7,198000,178200,126.0,843
276375291,sach-data-analysis-chinh-hang-bo-2-cuon-tu-co-ban-den-nang-cao-co-tang-kem-video-huong-dan-p276375291,https://tiki.vn/sach-data-analysis-chinh-hang-bo-2-cuon-tu-co-ban-den-nang-cao-co-tang-kem-video-huong-dan-p276375291.html,"Sách Data Analysis Chính Hãng, Bộ 2 Cuốn Từ Cơ Bản Đến Nâng Cao, Có Tặng Kèm Video Hướng Dẫn",4.3,26,536000,378000,250.0,843
279058986,sach-ve-dep-cua-ke-chan-chuong-p279058986,https://tiki.vn/sach-ve-dep-cua-ke-chan-chuong-p279058986.html,Sách - Vẻ Đẹp Của Kẻ Chán Chường (Bán Tự Truyện) - Nguyễn Ngọc Thuần,0.0,0,152000,136800,26.0,843
278761161,sach-giac-mo-kangaroo-p278761161,https://tiki.vn/sach-giac-mo-kangaroo-p278761161.html,Sách - Giấc Mơ Kangaroo,5.0,1,259000,227900,35.0,843
274659447,thu-cho-em-p274659447,https://tiki.vn/thu-cho-em-p274659447.html,Thư Cho Em,5.0,30,140000,126000,476.0,843
277865254,sach-bien-ban-chien-tranh-1-2-3-4-75-p277865254,https://tiki.vn/sach-bien-ban-chien-tranh-1-2-3-4-75-p277865254.html,Sách Biên bản chiến tranh 1-2-3-4.75,0.0,0,207000,207000,9.0,843
278965764,hoi-ky-giao-su-vien-si-thieu-tuong-anh-hung-lao-dong-tran-dai-nghia-cuoc-doi-va-hanh-trinh-su-nghiep-tran-dai-nghia-hanoibooks-p278965764,https://tiki.vn/hoi-ky-giao-su-vien-si-thieu-tuong-anh-hung-lao-dong-tran-dai-nghia-cuoc-doi-va-hanh-trinh-su-nghiep-tran-dai-nghia-hanoibooks-p278965764.html,TRẦN ĐẠI NGHĨA: CUỘC ĐỜI VÀ HÀNH TRÌNH SỰ NGHIỆP – Hồi ký Trần Đại Nghĩa - Hanoibooks,5.0,2,157000,157000,44.0,843
66622940,sach-du-tu-le-nhung-tuy-but-cuoi-cung-p66622940,https://tiki.vn/sach-du-tu-le-nhung-tuy-but-cuoi-cung-p66622940.html,Sách Du Tử Lê-Những tùy bút cuối cùng,4.8,9,189000,135500,89.0,843
1034048,sach-noi-buon-chien-tranh-tai-ban-p1034048,https://tiki.vn/sach-noi-buon-chien-tranh-tai-ban-p1034048.html,Sách Nỗi Buồn Chiến Tranh (Tái Bản),5.0,44,129350,129350,282.0,843
35473845,sach-dinh-menh-chien-tranh-p35473845,https://tiki.vn/sach-dinh-menh-chien-tranh-p35473845.html,Sách Định Mệnh Chiến Tranh,5.0,2,246000,246000,11.0,843
277810630,duoc-hoc-tai-ban-nam-2025-p277810630,https://tiki.vn/duoc-hoc-tai-ban-nam-2025-p277810630.html,Được Học (Tái bản năm 2025),5.0,1,182000,154700,11.0,843
179210514,mot-doi-thuong-thuyet-p179210514,https://tiki.vn/mot-doi-thuong-thuyet-p179210514.html,Một Đời Thương Thuyết,5.0,1,135000,135000,14.0,843
274046771,tron-bo-2-tap-beartown-thi-tran-nho-giac-mo-lon-chung-toi-dau-voi-cac-ban-p274046771,https://tiki.vn/tron-bo-2-tap-beartown-thi-tran-nho-giac-mo-lon-chung-toi-dau-voi-cac-ban-p274046771.html,"Trọn Bộ 2 Tập Beartown: Thị Trấn Nhỏ, Giấc Mơ Lớn + Chúng Tôi Đấu Với Các Bạn",0.0,0,435000,435000,1.0,843
275128323,theo-dau-hoang-hau-nam-phuong-va-vua-bao-dai-co-ky-tang-cua-2-tac-gia-p275128323,https://tiki.vn/theo-dau-hoang-hau-nam-phuong-va-vua-bao-dai-co-ky-tang-cua-2-tac-gia-p275128323.html,THEO DẤU HOÀNG HẬU NAM PHƯƠNG VÀ VUA BẢO ĐẠI - CÓ KÝ TẶNG CỦA 2 TÁC GIẢ,0.0,0,168000,168000,1.0,843
189076883,di-qua-nuoc-mat-nu-cuoi-nguyen-dong-thuc-p189076883,https://tiki.vn/di-qua-nuoc-mat-nu-cuoi-nguyen-dong-thuc-p189076883.html,Đi qua nước mắt nụ cười - Nguyễn Đông Thức,0.0,0,125000,125000,4.0,843
279188020,hat-cung-nguon-coi-khanh-ly-quang-thanh-doi-canh-books-nxb-phu-nu-viet-nam-p279188020,https://tiki.vn/hat-cung-nguon-coi-khanh-ly-quang-thanh-doi-canh-books-nxb-phu-nu-viet-nam-p279188020.html,HÁT CÙNG NGUỒN CỘI KHÁNH LY – Quang Thành –  Đôi Cánh Books - NXB Phụ Nữ Việt Nam,5.0,2,390000,331500,26.0,843
57510013,sach-diep-vien-hoan-hao-x6-bia-cung-tai-ban-p57510013,https://tiki.vn/sach-diep-vien-hoan-hao-x6-bia-cung-tai-ban-p57510013.html,Sách Điệp Viên Hoàn Hảo X6 - Bìa cứng (Tái bản),5.0,1,198000,178200,6.0,843
54057017,duoc-hoc-tai-ban-2020-tu-truyen-p54057017,https://tiki.vn/duoc-hoc-tai-ban-2020-tu-truyen-p54057017.html,Được Học (Tái Bản 2020)- Tự Truyện,5.0,22,182000,163800,279.0,843
278497549,bo-sach-kinh-dien-khai-pha-noi-tam-cung-carl-jung-con-nguoi-va-bieu-tuong-bia-cung-nha-nam-ban-do-tam-hon-con-nguoi-cua-jung-hoi-uc-giac-mo-suy-ngam-cai-toi-chua-khai-pha-alpha-books-p278497549,https://tiki.vn/bo-sach-kinh-dien-khai-pha-noi-tam-cung-carl-jung-con-nguoi-va-bieu-tuong-bia-cung-nha-nam-ban-do-tam-hon-con-nguoi-cua-jung-hoi-uc-giac-mo-suy-ngam-cai-toi-chua-khai-pha-alpha-books-p278497549.html,"Bộ Sách Kinh Điển Khai Phá Nội Tâm Cùng Carl Jung: Con Người Và Biểu Tượng (Bìa Cứng) - Nhã Nam + Bản Đồ Tâm Hồn Con Người Của Jung + Hồi Ức, Giấc Mơ, Suy Ngẫm + Cái Tôi Chưa Khai Phá - Alpha Books",0.0,0,93000,88000,8.0,843
146403752,chay-troi-khong-khoi-dau-kd-p146403752,https://tiki.vn/chay-troi-khong-khoi-dau-kd-p146403752.html,CHẠY TRỜI KHÔNG KHỎI ĐAU - KD,0.0,0,110000,110000,6.0,843
277836815,sach-mot-cuoc-doi-dang-do-john-f-kennedy-1917-1963-bia-cung-p277836815,https://tiki.vn/sach-mot-cuoc-doi-dang-do-john-f-kennedy-1917-1963-bia-cung-p277836815.html,Sách - Một Cuộc Đời Dang Dở - John F. Kennedy 1917-1963 - Bìa Cứng,0.0,0,329000,305900,1.0,843
277927088,combo-sach-lich-su-viet-nam-hoi-ky-nguyen-thi-binh-gia-dinh-ban-be-va-dat-nuoc-bia-mem-noi-buon-chien-tranh-nhung-buc-di-thu-thanh-co-hanh-trinh-theo-chan-bac-p277927088,https://tiki.vn/combo-sach-lich-su-viet-nam-hoi-ky-nguyen-thi-binh-gia-dinh-ban-be-va-dat-nuoc-bia-mem-noi-buon-chien-tranh-nhung-buc-di-thu-thanh-co-hanh-trinh-theo-chan-bac-p277927088.html,"Combo/Lẻ Sách Lịch Sử Việt Nam: Hồi Ký Nguyễn Thị Bình - Gia Đình, Bạn Bè Và Đất Nước (Bìa Mềm) + Nỗi Buồn Chiến Tranh + Những Bức Di Thư Thành Cổ + Hành Trình Theo Chân Bác",0.0,0,125000,125000,3.0,843
278098683,phong-su-viet-nam-mot-chang-duong-p278098683,https://tiki.vn/phong-su-viet-nam-mot-chang-duong-p278098683.html,Phóng sự Việt Nam một chặng đường ,0.0,0,150000,135000,5.0,843
274156038,hoi-ky-phong-vien-chien-truong-p274156038,https://tiki.vn/hoi-ky-phong-vien-chien-truong-p274156038.html,Hồi Ký Phóng Viên Chiến Trường,0.0,0,269000,269000,3.0,843
84992104,sach-su-ky-tu-ma-thien-bia-mem-tai-ban-p84992104,https://tiki.vn/sach-su-ky-tu-ma-thien-bia-mem-tai-ban-p84992104.html,Sách Sử Ký Tư Mã Thiên (Bìa Mềm) (Tái Bản),0.0,0,181500,181500,19.0,843
278226362,nhin-lai-qua-khu-tan-tham-kich-va-nhung-bai-hoc-ve-viet-nam-hoi-ky-xuat-ban-lan-thu-hai-co-chinh-sua-bo-sung-p278226362,https://tiki.vn/nhin-lai-qua-khu-tan-tham-kich-va-nhung-bai-hoc-ve-viet-nam-hoi-ky-xuat-ban-lan-thu-hai-co-chinh-sua-bo-sung-p278226362.html,"Nhìn lại quá khứ: Tấn thảm kịch và những bài học về Việt Nam (Hồi ký) (Xuất bản lần thứ hai, có chỉnh sửa, bổ sung)",0.0,0,299000,299000,1.0,843
207811639,cuoc-doi-ky-la-cua-nikola-tesla-tai-ban-2022-p207811639,https://tiki.vn/cuoc-doi-ky-la-cua-nikola-tesla-tai-ban-2022-p207811639.html,Cuộc Đời Kỳ Lạ Của Nikola Tesla (Tái Bản 2022),4.5,4,100000,95000,55.0,843
279341620,sach-chan-cung-da-mem-p279341620,https://tiki.vn/sach-chan-cung-da-mem-p279341620.html,Sách - Chân Cứng Đá Mềm,0.0,0,150000,132000,7.0,843
276327703,sach-duong-mon-ho-chi-minh-con-duong-mau-nhung-chien-si-bao-ve-duong-di-san-ndbooks-p276327703,https://tiki.vn/sach-duong-mon-ho-chi-minh-con-duong-mau-nhung-chien-si-bao-ve-duong-di-san-ndbooks-p276327703.html,"Sách Quốc Gia 2025 - Đường Mòn Hồ Chí Minh - Con Đường Máu, Những Chiến Sĩ Bảo Vệ Đường, Di Sản - ndbooks",5.0,3,250000,225000,30.0,843
272177953,boxset-sach-ve-co-thu-tuo-ng-ly-quang-die-u-va-cau-chuye-n-ho-a-ro-ng-cu-a-singapore-ho-i-ky-ly-quang-die-u-tap-1-cau-chuye-n-singapore-tap-2-the-gio-i-thu-ba-vuon-len-thu-nha-t-p272177953,https://tiki.vn/boxset-sach-ve-co-thu-tuo-ng-ly-quang-die-u-va-cau-chuye-n-ho-a-ro-ng-cu-a-singapore-ho-i-ky-ly-quang-die-u-tap-1-cau-chuye-n-singapore-tap-2-the-gio-i-thu-ba-vuon-len-thu-nha-t-p272177953.html,Combo/ Lẻ Sách Về Cố Thủ Tướng Lý Quang Diệu Và Câu Chuyện Hóa Rồng Của Singapore: Hồi Ký Lý Quang Diệu (Tập 1- Câu Chuyện Singapore + Tập 2 - Thế Giới Thứ Ba Vươn Lên Thứ Nhất),0.0,0,459000,390000,9.0,843
278907319,sach-tu-kien-truc-su-thanh-bac-si-tai-hoa-ky-dam-chon-lua-dam-thanh-cong-tai-ban-2023-p278907319,https://tiki.vn/sach-tu-kien-truc-su-thanh-bac-si-tai-hoa-ky-dam-chon-lua-dam-thanh-cong-tai-ban-2023-p278907319.html,"Sách - Từ Kiến Trúc Sư Thành Bác Sĩ Tại Hoa Kỳ - Dám Chọn Lựa, Dám Thành Công (Tái Bản 2023)",0.0,0,149000,126600,20.0,843
263639366,chu-tu-tinh-tuyen-lao-tu-ton-tu-manh-tu-khong-tu-mac-tu-han-phi-tu-tuan-tu-trang-tu-liet-tu-quan-tu-bo-10-cuon-p263639366,https://tiki.vn/chu-tu-tinh-tuyen-lao-tu-ton-tu-manh-tu-khong-tu-mac-tu-han-phi-tu-tuan-tu-trang-tu-liet-tu-quan-tu-bo-10-cuon-p263639366.html,"Sách - Chư Tử Tinh Tuyển - Lão Tử, Tôn Tử, Mạnh Tử, Khổng Tử, Mặc Tử, Hàn Phi Tử, Tuân Tử, Trang Tử, Liệt Tử, Quản Tử (Bộ 10 cuốn)",5.0,3,2000000,1000000,29.0,843
225937427,duoc-hoc-tai-ban-p225937427,https://tiki.vn/duoc-hoc-tai-ban-p225937427.html,Được Học (Tái Bản),5.0,6,182000,154700,94.0,843
279362758,sach-sach-cua-tac-gia-nguyen-chi-vinh-p279362758,https://tiki.vn/sach-sach-cua-tac-gia-nguyen-chi-vinh-p279362758.html,Sách - Sách Của Tác Giả Nguyễn Chí Vịnh,5.0,1,240000,204000,1.0,843
277231267,ky-niem-50-nam-ngay-giai-phong-mien-nam-thong-nhat-dat-nuoc-1975-2025-trong-con-gio-loc-p277231267,https://tiki.vn/ky-niem-50-nam-ngay-giai-phong-mien-nam-thong-nhat-dat-nuoc-1975-2025-trong-con-gio-loc-p277231267.html,Trong Cơn Gió Lốc,5.0,5,306000,238680,28.0,843
251772507,sach-ong-tuong-tinh-bao-bi-an-va-nhung-diep-vu-sieu-hang-p251772507,https://tiki.vn/sach-ong-tuong-tinh-bao-bi-an-va-nhung-diep-vu-sieu-hang-p251772507.html,Sách Ông Tướng Tình Báo Bí Ẩn Và Những Điệp Vụ Siêu Hạng,5.0,59,118000,100300,551.0,843
35010878,sach-tu-kien-truc-su-thanh-bac-si-tai-hoa-ky-p35010878,https://tiki.vn/sach-tu-kien-truc-su-thanh-bac-si-tai-hoa-ky-p35010878.html,Sách Từ Kiến Trúc Sư Thành Bác Sĩ Tại Hoa Kỳ,5.0,118,149000,149000,659.0,843
278903703,ly-thuyet-chien-tranh-bat-doi-xung-robert-taber-mien-trung-books-p278903703,https://tiki.vn/ly-thuyet-chien-tranh-bat-doi-xung-robert-taber-mien-trung-books-p278903703.html,LÝ THUYẾT CHIẾN TRANH BẤT ĐỐI XỨNG - ROBERT TABER - MIỀN TRUNG BOOKS ,0.0,0,195000,195000,3.0,843
278901634,nguoi-xe-mat-na-hoi-ky-cua-mot-life-coach-bui-mai-hanh-nxb-phu-nu-viet-nam-p278901634,https://tiki.vn/nguoi-xe-mat-na-hoi-ky-cua-mot-life-coach-bui-mai-hanh-nxb-phu-nu-viet-nam-p278901634.html,NGƯỜI XÉ MẶT NẠ - Hồi Ký Của Một Life Coach -  Bùi Mai Hạnh – NXB Phụ Nữ Việt Nam,5.0,1,257000,257000,4.0,843
78014812,can-nha-an-dong-cua-me-toi-p78014812,https://tiki.vn/can-nha-an-dong-cua-me-toi-p78014812.html,CĂN NHÀ AN ĐÔNG CỦA MẸ TÔI,5.0,25,218000,159000,125.0,843
276307760,naked-statistics-su-tha-t-tra-n-tru-i-ve-tho-ng-ke-al-p276307760,https://tiki.vn/naked-statistics-su-tha-t-tra-n-tru-i-ve-tho-ng-ke-al-p276307760.html,Naked Statistics - Sự Thật Trần Trụi Về Thống Kê - AL,5.0,2,229000,194000,21.0,843
279269018,sach-ganh-ganh-gong-gong-bia-cung-p279269018,https://tiki.vn/sach-ganh-ganh-gong-gong-bia-cung-p279269018.html,Sách - Gánh Gánh Gồng Gồng - Bìa Cứng,0.0,0,280000,246400,2.0,843
239348223,nguoi-thay-nguyen-chi-vinh-p239348223,https://tiki.vn/nguoi-thay-nguyen-chi-vinh-p239348223.html,NGƯỜI THẦY - NGUYỄN CHÍ VỊNH,5.0,6,266000,266000,77.0,843
278617350,sach-ky-yeu-300-nam-adam-smith-1723-2023-nguoi-dat-nen-tang-cua-kinh-te-hoc-phon-vinh-p278617350,https://tiki.vn/sach-ky-yeu-300-nam-adam-smith-1723-2023-nguoi-dat-nen-tang-cua-kinh-te-hoc-phon-vinh-p278617350.html,Sách - Kỷ Yếu 300 Năm Adam Smith (1723-2023) - Người Đặt Nền Tảng Của Kinh Tế Học Phồn Vinh,5.0,1,339000,339000,10.0,843
278490579,hanh-trinh-vi-hoa-binh-thuopwjng-tuong-nguyen-chi-vinh-tac-gia-nguoi-thay-p278490579,https://tiki.vn/hanh-trinh-vi-hoa-binh-thuopwjng-tuong-nguyen-chi-vinh-tac-gia-nguoi-thay-p278490579.html,HÀNH TRÌNH VÌ HÒA BÌNH - THƯỢNG TƯỚNG NGUYỄN CHÍ VỊNH (TÁC GIẢ NGƯỜI THẦY),0.0,0,175000,175000,2.0,843
278100473,dang-thuy-tram-va-cuon-nhat-ky-thu-ba-dang-kim-tram-bien-soan-nxb-phu-nu-viet-nam-p278100473,https://tiki.vn/dang-thuy-tram-va-cuon-nhat-ky-thu-ba-dang-kim-tram-bien-soan-nxb-phu-nu-viet-nam-p278100473.html,ĐẶNG THÙY TRÂM VÀ CUỐN NHẬT KÝ THỨ BA – Đặng Kim Trâm biên soạn – NXB Phụ Nữ Việt Nam,5.0,1,150000,150000,12.0,843
278156627,hoi-uc-hanh-trinh-vi-hoa-binh-nguyen-chi-vinh-p278156627,https://tiki.vn/hoi-uc-hanh-trinh-vi-hoa-binh-nguyen-chi-vinh-p278156627.html,Hồi ức Hành trình vì hòa bình - Nguyễn Chí Vịnh,0.0,0,240000,204000,3.0,843
270713421,ho-tuyet-nham-bo-2-tap-p270713421,https://tiki.vn/ho-tuyet-nham-bo-2-tap-p270713421.html,Hồ Tuyết Nham (Bộ 2 tập),5.0,2,172000,163400,23.0,843
109400026,lao-tu-thanh-tinh-vo-vi-bia-cung-p109400026,https://tiki.vn/lao-tu-thanh-tinh-vo-vi-bia-cung-p109400026.html,Lão Tử - Thanh Tĩnh Vô Vị (Bìa Cứng),5.0,3,188000,188000,36.0,843
278857203,sach-gia-toc-huyen-si-dau-an-con-ghi-nxb-phu-nu-vn-nghien-cuu-p278857203,https://tiki.vn/sach-gia-toc-huyen-si-dau-an-con-ghi-nxb-phu-nu-vn-nghien-cuu-p278857203.html,Sách - Gia tộc huyện sĩ dấu ấn còn ghi - NXB Phụ nữ VN ( Nghiên cứu),0.0,0,125000,112500,3.0,843
279243324,sach-hoi-ky-nguyen-thi-binh-gia-dinh-ban-be-va-dat-nuoc-p279243324,https://tiki.vn/sach-hoi-ky-nguyen-thi-binh-gia-dinh-ban-be-va-dat-nuoc-p279243324.html,"Sách - Hồi Ký Nguyễn Thị Bình - Gia Đình, Bạn Bè Và Đất Nước",0.0,0,159000,143100,5.0,843
278351709,bo-sach-kinh-dien-khai-pha-noi-tam-cung-carl-jung-con-nguoi-va-bieu-tuong-bia-cung-nha-nam-ban-do-tam-hon-con-nguoi-cua-jung-hoi-uc-giac-mo-suy-ngam-omega-plus-p278351709,https://tiki.vn/bo-sach-kinh-dien-khai-pha-noi-tam-cung-carl-jung-con-nguoi-va-bieu-tuong-bia-cung-nha-nam-ban-do-tam-hon-con-nguoi-cua-jung-hoi-uc-giac-mo-suy-ngam-omega-plus-p278351709.html,"Bộ Sách Kinh Điển Khai Phá Nội Tâm Cùng Carl Jung: Con Người Và Biểu Tượng (Bìa Cứng) - Nhã Nam + Bản Đồ Tâm Hồn Con Người Của Jung + Hồi Ức, Giấc Mơ, Suy Ngẫm - Omega Plus",5.0,1,1059000,953000,9.0,843
11628568,vo-ngua-va-canh-cung-p11628568,https://tiki.vn/vo-ngua-va-canh-cung-p11628568.html,Vó Ngựa Và Cánh Cung,5.0,3,200000,200000,17.0,843
277776098,combo-hoi-ky-nguyen-thi-binh-gia-dinh-ban-be-dat-nuoc-bia-mem-thanh-pho-ho-chi-minh-gio-khac-so-0-tu-song-ben-hai-den-dinh-doc-lap-p277776098,https://tiki.vn/combo-hoi-ky-nguyen-thi-binh-gia-dinh-ban-be-dat-nuoc-bia-mem-thanh-pho-ho-chi-minh-gio-khac-so-0-tu-song-ben-hai-den-dinh-doc-lap-p277776098.html,"Combo/Lẻ Hồi Ký Nguyễn Thị Bình - Gia Đình, Bạn Bè Và Đất Nước (Bìa Mềm) + Thành Phố Hồ Chí Minh - Giờ Khắc Số 0 + Từ Sông Bến Hải Đến Dinh Độc Lập",5.0,2,115000,109000,15.0,843
124327259,leonardo-da-vinci-cuoc-doi-va-tac-pham-qua-500-hinh-anh-p124327259,https://tiki.vn/leonardo-da-vinci-cuoc-doi-va-tac-pham-qua-500-hinh-anh-p124327259.html,LEONARDO DA VINCI: Cuộc đời và tác phẩm qua 500 hình ảnh,0.0,0,599000,599000,3.0,843
278865570,sach-lua-ruc-va-tro-tan-daisy-jones-the-ttrhn-p278865570,https://tiki.vn/sach-lua-ruc-va-tro-tan-daisy-jones-the-ttrhn-p278865570.html,Sách - Lửa Rực và Tro Tàn (Daisy Jones & The) - TTRHN,0.0,0,239000,179250,1.0,843
270702712,hoi-ky-tien-si-le-tham-duong-p270702712,https://tiki.vn/hoi-ky-tien-si-le-tham-duong-p270702712.html,Hồi Ký Tiến Sĩ Lê Thẩm Dương,5.0,7,280000,266000,61.0,843
279274187,de-gio-cuon-di-john-c-schafer-nhieu-nguoi-dich-omega-p279274187,https://tiki.vn/de-gio-cuon-di-john-c-schafer-nhieu-nguoi-dich-omega-p279274187.html,(Bìa cứng) ĐỂ GIÓ CUỐN ĐI – John C.Schafer – Nhiều người dịch – Omega,0.0,0,659000,659000,2.0,843
278076371,combo-hoi-uc-hanh-trinh-vi-hoa-binh-nguyen-chi-vinh-tu-song-ben-hai-den-dinh-doc-lap-p278076371,https://tiki.vn/combo-hoi-uc-hanh-trinh-vi-hoa-binh-nguyen-chi-vinh-tu-song-ben-hai-den-dinh-doc-lap-p278076371.html,Combo Hồi Ức Hành Trình Vì Hòa Bình - Nguyễn Chí Vịnh + Từ Sông Bến Hải Đến Dinh Độc Lập,4.6,7,219000,219000,35.0,843
274670314,cuon-hoi-ki-chien-tranh-hay-nhat-the-gioi-theo-bbc-nam-2004-hum-xam-duong-so-4-hoi-ki-dang-van-viet-nhieu-tac-gia-hanoi-books-p274670314,https://tiki.vn/cuon-hoi-ki-chien-tranh-hay-nhat-the-gioi-theo-bbc-nam-2004-hum-xam-duong-so-4-hoi-ki-dang-van-viet-nhieu-tac-gia-hanoi-books-p274670314.html,Cuốn Hồi Kí Chiến Tranh Hay Nhất Thế Giới Theo Bbc Năm 2004 - HÙM XÁM ĐƯỜNG SỐ 4 - HỒI KÍ ĐẶNG VĂN VIỆT - Hanoi Books,5.0,11,179000,179000,57.0,843
187786338,ky-uc-theo-dong-doi-p187786338,https://tiki.vn/ky-uc-theo-dong-doi-p187786338.html,Ký Ức Theo Dòng Đời,4.3,6,218000,159000,76.0,843
279259388,sach-ham-nghi-hoang-de-luu-vong-nghe-si-o-alger-p279259388,https://tiki.vn/sach-ham-nghi-hoang-de-luu-vong-nghe-si-o-alger-p279259388.html,"Sách Hàm Nghi – Hoàng đế lưu vong, nghệ sĩ ở Alger",0.0,0,1102000,1102000,1.0,843
279260395,sach-dat-rung-phuong-nam-doan-gioi-p279260395,https://tiki.vn/sach-dat-rung-phuong-nam-doan-gioi-p279260395.html,Sách - Đất Rừng Phương Nam - Đoàn Giỏi,0.0,0,250000,250000,1.0,843
185188826,fryderyk-chopin-cuoc-doi-va-thoi-dai-p185188826,https://tiki.vn/fryderyk-chopin-cuoc-doi-va-thoi-dai-p185188826.html,Fryderyk Chopin: Cuộc Đời Và Thời Đại ,5.0,3,499000,424000,16.0,843
278908065,sach-hoi-uc-phi-cong-tiem-kich-p278908065,https://tiki.vn/sach-hoi-uc-phi-cong-tiem-kich-p278908065.html,Sách - Hồi ức phi công tiêm kích,0.0,0,164231,164231,,843
11507729,tro-chuyen-cung-duong-ngoc-dung-tinh-yeu-ton-giao-va-triet-hoc-p11507729,https://tiki.vn/tro-chuyen-cung-duong-ngoc-dung-tinh-yeu-ton-giao-va-triet-hoc-p11507729.html,"Trò chuyện cùng Dương Ngọc Dũng - Tình yêu, tôn giáo và triết học",4.8,22,125000,125000,265.0,843
278508246,chuyen-hoi-do-pb-p278508246,https://tiki.vn/chuyen-hoi-do-pb-p278508246.html,Chuyện Hồi Đó (PB),0.0,0,315000,305550,4.0,843
207206437,ganh-ganh-gong-gong-tb-2022-p207206437,https://tiki.vn/ganh-ganh-gong-gong-tb-2022-p207206437.html,Gánh Gánh Gồng Gồng (TB 2022),0.0,0,160000,160000,2.0,843
270303836,noi-buon-chien-tranh-bao-minh-tre-p270303836,https://tiki.vn/noi-buon-chien-tranh-bao-minh-tre-p270303836.html,Nỗi Buồn Chiến Tranh - Bảo Minh (Trẻ),0.0,0,130000,130000,1.0,843
604295,bo-sach-hoi-ky-ly-quang-dieu-tron-bo-2-tap-p604295,https://tiki.vn/bo-sach-hoi-ky-ly-quang-dieu-tron-bo-2-tap-p604295.html,Bộ Sách Hồi Ký Lý Quang Diệu (Trọn Bộ 2 Tập),1.0,1,858000,729000,9.0,843
1511497,sach-chuyen-nam-1968-p1511497,https://tiki.vn/sach-chuyen-nam-1968-p1511497.html,Sách Chuyện Năm 1968,0.0,0,120000,120000,14.0,843
272366014,ong-tuong-tinh-bao-bi-an-va-nhung-diep-vu-sieu-hang-p272366014,https://tiki.vn/ong-tuong-tinh-bao-bi-an-va-nhung-diep-vu-sieu-hang-p272366014.html,Ông Tướng Tình Báo Bí Ẩn Và Những Điệp Vụ Siêu Hạng,0.0,0,118000,112000,,843
273304982,phan-thanh-gian-noi-dau-tram-nam-hoang-lai-giang-p273304982,https://tiki.vn/phan-thanh-gian-noi-dau-tram-nam-hoang-lai-giang-p273304982.html, Phan Thanh Giản - Nỗi Đau Trăm Năm (Hoàng Lại Giang),5.0,1,70000,52500,16.0,843
57117716,sach-nhat-linh-cha-toi-p57117716,https://tiki.vn/sach-nhat-linh-cha-toi-p57117716.html,Sách Nhất Linh Cha Tôi,5.0,26,226000,158000,140.0,843
279268519,sach-cm-12-phia-sau-ke-hoach-phan-gian-p279268519,https://tiki.vn/sach-cm-12-phia-sau-ke-hoach-phan-gian-p279268519.html,Sách - CM-12 - Phía Sau Kế Hoạch Phản Gián,5.0,3,209000,177600,26.0,843
276406090,thu-cho-em-chuyen-tinh-tuong-hoang-dan-va-vo-qua-loi-ke-con-trai-nha-nam-hcm-p276406090,https://tiki.vn/thu-cho-em-chuyen-tinh-tuong-hoang-dan-va-vo-qua-loi-ke-con-trai-nha-nam-hcm-p276406090.html,Thư cho em: Chuyện tình tướng Hoàng Đan và vợ qua lời kể con trai (Nhã Nam HCM),5.0,2,168000,151200,7.0,843
274587957,thu-cho-em-hoang-nam-tien-ban-quyen-p274587957,https://tiki.vn/thu-cho-em-hoang-nam-tien-ban-quyen-p274587957.html,Thư Cho Em (Hoàng Nam Tiến) - Bản Quyền,5.0,9,140000,133000,232.0,843
278040968,nhung-ngay-cuoi-cung-cua-hitler-p278040968,https://tiki.vn/nhung-ngay-cuoi-cung-cua-hitler-p278040968.html,Những Ngày Cuối Cùng Của Hitler - Vanlangbooks,5.0,1,135000,113400,6.0,843
247336602,tai-ban-2023-nobel-van-hoc-2015-chien-tranh-khong-co-mot-khuon-mat-phu-nu-svetlana-alexievich-nguyen-ngoc-tao-dan-nxb-ha-noi-p247336602,https://tiki.vn/tai-ban-2023-nobel-van-hoc-2015-chien-tranh-khong-co-mot-khuon-mat-phu-nu-svetlana-alexievich-nguyen-ngoc-tao-dan-nxb-ha-noi-p247336602.html,(Tái bản 2023 – Nobel văn học 2015) CHIẾN TRANH KHÔNG CÓ MỘT KHUÔN MẶT PHỤ NỮ - Svetlana Alexievich – Nguyên Ngọc – Tao Đàn - NXB Hà Nội,5.0,1,189000,189000,40.0,843
274017894,combo-2-cuon-sach-giup-song-co-y-nghia-doi-ve-co-ban-la-buon-cuoi-nguoi-noi-dao-ly-thuong-song-kha-gia-p274017894,https://tiki.vn/combo-2-cuon-sach-giup-song-co-y-nghia-doi-ve-co-ban-la-buon-cuoi-nguoi-noi-dao-ly-thuong-song-kha-gia-p274017894.html,Combo 2 Cuốn Sách Giúp Sống Có Ý Nghĩa - Đời Về Cơ Bản Là Buồn Cười + Người Nói Đạo Lý Thường Sống Khá Giả,0.0,0,260400,260400,2.0,843
277417604,khong-guc-nga-p277417604,https://tiki.vn/khong-guc-nga-p277417604.html,Không Gục Ngã- Nguyễn Bích Lan,5.0,2,128000,128000,22.0,843
249938335,sach-vo-thuc-hanh-cong-nghe-6-p249938335,https://tiki.vn/sach-vo-thuc-hanh-cong-nghe-6-p249938335.html,Sách - Vở thực hành công nghệ 6,0.0,0,43000,43000,3.0,843
277549558,khuc-bi-ca-cua-ga-dan-que-hoi-uc-ve-mot-gia-dinh-va-mot-nen-van-hoa-trong-con-khung-hoang-j-d-vance-omega-p277549558,https://tiki.vn/khuc-bi-ca-cua-ga-dan-que-hoi-uc-ve-mot-gia-dinh-va-mot-nen-van-hoa-trong-con-khung-hoang-j-d-vance-omega-p277549558.html,KHÚC BI CA CỦA GÃ DÂN QUÊ - Hồi Ức Về Một Gia Đình Và Một Nền Văn Hoá Trong Cơn Khủng Hoảng - J.D. Vance Omega ,0.0,0,199000,169000,,843
249775116,ganh-ganh-gong-gong-tac-gia-xuan-phuong-p249775116,https://tiki.vn/ganh-ganh-gong-gong-tac-gia-xuan-phuong-p249775116.html,Gánh Gánh... Gồng Gồng... (Tác giả: Xuân Phượng),0.0,0,160000,160000,1.0,843
276846654,sach-nhung-tai-phiet-chi-phoi-kinh-te-my-napoleon-cua-pho-wall-vua-thep-vua-dau-mo-dai-tu-ban-my-p276846654,https://tiki.vn/sach-nhung-tai-phiet-chi-phoi-kinh-te-my-napoleon-cua-pho-wall-vua-thep-vua-dau-mo-dai-tu-ban-my-p276846654.html,"Sách Những Tài Phiệt Chi Phối Kinh Tế Mỹ Napoleon Của Phố Wall, Vua Thép, Vua Dầu Mỏ Đại Tư Bản Mỹ",0.0,0,497000,407540,7.0,843
278831281,sach-hanh-trinh-vi-hoa-binh-p278831281,https://tiki.vn/sach-hanh-trinh-vi-hoa-binh-p278831281.html,Sách - Hành Trình Vì Hòa Bình,0.0,0,240000,204000,6.0,843
273634791,chuyen-doi-chuyen-nghe-vo-dac-danh-bia-mem-p273634791,https://tiki.vn/chuyen-doi-chuyen-nghe-vo-dac-danh-bia-mem-p273634791.html,Chuyện Đời Chuyện Nghề - Võ Đắc Danh - (bìa mềm),0.0,0,315000,315000,1.0,843
274852433,nhung-mau-chuyen-ve-phong-cach-ho-chi-minh-ban-in-2024-p274852433,https://tiki.vn/nhung-mau-chuyen-ve-phong-cach-ho-chi-minh-ban-in-2024-p274852433.html,Những mẩu chuyện về phong cách Hồ Chí Minh (bản in 2024),0.0,0,50000,50000,4.0,843
278674418,lang-thang-cung-cac-con-hoi-uc-ve-hanh-trinh-yeu-thuong-cua-nguoi-cha-do-gia-khoi-chap-but-gia-binh-thanh-nha-an-thu-book-p278674418,https://tiki.vn/lang-thang-cung-cac-con-hoi-uc-ve-hanh-trinh-yeu-thuong-cua-nguoi-cha-do-gia-khoi-chap-but-gia-binh-thanh-nha-an-thu-book-p278674418.html,Lang thang cùng các con – Hồi ức về hành trình yêu thương của người cha Đỗ Gia Khởi - Chấp bút Gia Bình & Thanh Nhã - An Thư Book,0.0,0,189000,189000,4.0,843
195510150,noi-buon-chien-tranh-tai-ban-2022-p195510150,https://tiki.vn/noi-buon-chien-tranh-tai-ban-2022-p195510150.html,Nỗi Buồn Chiến Tranh (Tái Bản 2022),0.0,0,130000,130000,1.0,843
277977990,sach-abraham-lincoln-va-nhung-dieu-bi-an-p277977990,https://tiki.vn/sach-abraham-lincoln-va-nhung-dieu-bi-an-p277977990.html,Sách - Abraham Lincoln Và Những Điều Bí Ẩn,0.0,0,136000,119600,4.0,843
277977240,sach-hy-vong-tu-truyen-hoi-ky-dau-tien-cua-mot-vi-giao-hoang-trong-lich-su-bia-cung-p277977240,https://tiki.vn/sach-hy-vong-tu-truyen-hoi-ky-dau-tien-cua-mot-vi-giao-hoang-trong-lich-su-bia-cung-p277977240.html,Sách - Hy Vọng - Tự Truyện-Hồi Ký Đầu Tiên Của Một Vị Giáo Hoàng Trong Lịch Sử - Bìa Cứng,5.0,2,239000,210300,15.0,843
137502030,sach-cac-ban-toi-o-tren-ay-p137502030,https://tiki.vn/sach-cac-ban-toi-o-tren-ay-p137502030.html,Sách Các Bạn Tôi Ở Trên Ấy,0.0,0,168000,168000,1.0,843
247301182,nguoi-thay-nguyen-chi-vinh-tac-pham-viet-ve-ong-tuong-tinh-bao-ong-ba-quoc-p247301182,https://tiki.vn/nguoi-thay-nguyen-chi-vinh-tac-pham-viet-ve-ong-tuong-tinh-bao-ong-ba-quoc-p247301182.html,"Người Thầy - Nguyễn Chí Vịnh (Tác phẩm viết về ông tướng tình báo ""ông Ba Quốc"")",0.0,0,269000,269000,6.0,843
278787345,sach-so-tay-ai-google-sheets-tu-cong-thuc-don-gian-den-tu-dong-hoa-toan-dien-p278787345,https://tiki.vn/sach-so-tay-ai-google-sheets-tu-cong-thuc-don-gian-den-tu-dong-hoa-toan-dien-p278787345.html,Sách Sổ tay AI & Google sheets - Từ công thức đơn giản đến tự động hóa toàn diện,0.0,0,38000,38000,6.0,843
275162729,sai-gon-mot-thuo-dan-ong-ta-do-tap-3-p275162729,https://tiki.vn/sai-gon-mot-thuo-dan-ong-ta-do-tap-3-p275162729.html,Sài Gòn Một Thuở - “Dân Ông Tạ Đó!” - Tập 3,0.0,0,148000,148000,2.0,843
130788138,nguyen-thi-dinh-vi-nu-tuong-dau-tien-cua-thoi-dai-ho-chi-minh-p130788138,https://tiki.vn/nguyen-thi-dinh-vi-nu-tuong-dau-tien-cua-thoi-dai-ho-chi-minh-p130788138.html,Nguyễn Thị Định- Vị Nữ Tướng Đầu Tiên Của Thời Đại Hồ Chí Minh,4.0,1,210000,210000,5.0,843
275231370,duoc-hoc-tai-ban-nam-2023-p275231370,https://tiki.vn/duoc-hoc-tai-ban-nam-2023-p275231370.html,Được Học (Tái bản năm 2023),0.0,0,182000,163800,4.0,843
411885,sach-me-tu-hong-p411885,https://tiki.vn/sach-me-tu-hong-p411885.html,Sách Me Tư Hồng,0.0,0,93000,93000,8.0,843
274407302,sach-nhat-ky-dang-thuy-tram-tb-2022-nha-nam-official-p274407302,https://tiki.vn/sach-nhat-ky-dang-thuy-tram-tb-2022-nha-nam-official-p274407302.html,Sách - Nhật ký Đặng Thùy Trâm (TB 2022) - Nhã Nam Official,0.0,0,90000,85500,3.0,843
279180586,tuoi-tho-o-dong-duong-p279180586,https://tiki.vn/tuoi-tho-o-dong-duong-p279180586.html,Tuổi Thơ Ở Đông Dương,0.0,0,150000,150000,7.0,843
278832551,the-ky-xxi-nhin-ve-truong-vinh-ky-nhieu-tac-gia-nxb-hong-duc-p278832551,https://tiki.vn/the-ky-xxi-nhin-ve-truong-vinh-ky-nhieu-tac-gia-nxb-hong-duc-p278832551.html,THẾ KỶ XXI NHÌN VỀ TRƯƠNG VĨNH KÝ - NHIỀU TÁC GIẢ - NXB HỒNG ĐỨC,0.0,0,86000,86000,3.0,843
11338092,sach-hieu-ve-trump-p11338092,https://tiki.vn/sach-hieu-ve-trump-p11338092.html,Sách Hiểu Về Trump,0.0,0,50000,50000,3.0,843
279268595,sach-di-san-ho-chi-minh-bac-ho-voi-cac-ky-dai-hoi-dang-tai-ban-2026-p279268595,https://tiki.vn/sach-di-san-ho-chi-minh-bac-ho-voi-cac-ky-dai-hoi-dang-tai-ban-2026-p279268595.html,Sách - Di Sản Hồ Chí Minh - Bác Hồ Với Các Kỳ Đại Hội Đảng (Tái Bản 2026),0.0,0,65000,61700,2.0,843
253721633,dua-con-phi-phap-tu-truyen-ve-thoi-tho-au-o-nam-phi-p253721633,https://tiki.vn/dua-con-phi-phap-tu-truyen-ve-thoi-tho-au-o-nam-phi-p253721633.html,Đứa Con Phi Pháp - Tự Truyện Về Thời Thơ Ấu Ở Nam Phi,5.0,1,180000,149400,16.0,843
279437102,vuot-song-gio-p279437102,https://tiki.vn/vuot-song-gio-p279437102.html,Vượt Sóng Gió,5.0,2,99000,99000,26.0,843
278949866,gio-van-thoi-qua-rung-nhiet-doi-duong-binh-nguyen-nxb-cong-an-nhan-dan-p278949866,https://tiki.vn/gio-van-thoi-qua-rung-nhiet-doi-duong-binh-nguyen-nxb-cong-an-nhan-dan-p278949866.html,GIÓ VẪN THỔI QUA RỪNG NHIỆT ĐỚI – Dương Bình Nguyên  – NXB Công An Nhân Dân,0.0,0,115000,115000,142.0,843
279365673,sach-anh-hung-pham-ngoc-thao-an-ban-ky-niem-bia-cung-p279365673,https://tiki.vn/sach-anh-hung-pham-ngoc-thao-an-ban-ky-niem-bia-cung-p279365673.html,Sách - Anh Hùng Phạm Ngọc Thảo - Ấn Bản Kỷ Niệm - Bìa Cứng,0.0,0,159000,147800,20.0,843
279157977,toi-ke-tat-ca-deu-tu-sach-p279157977,https://tiki.vn/toi-ke-tat-ca-deu-tu-sach-p279157977.html,Tôi kể - Tất cả đều từ sách,5.0,2,260000,247000,12.0,843
124892995,sach-ikea-dau-an-thuy-dien-tren-ban-do-the-gioi-thai-ha-p124892995,https://tiki.vn/sach-ikea-dau-an-thuy-dien-tren-ban-do-the-gioi-thai-ha-p124892995.html,"Sách - IKEA , Dấu Ấn Thụy Điển Trên Bản Đồ Thế Giới - Thái Hà",0.0,0,137080,137080,,843
279131270,sach-ho-chi-minh-hanh-trinh-79-mua-xuan-p279131270,https://tiki.vn/sach-ho-chi-minh-hanh-trinh-79-mua-xuan-p279131270.html,Sách - Hồ Chí Minh - Hành Trình 79 Mùa Xuân,0.0,0,225000,225000,,843
272896399,hoi-ky-cua-lev-tolstoy-lev-tolstoy-p272896399,https://tiki.vn/hoi-ky-cua-lev-tolstoy-lev-tolstoy-p272896399.html,Hồi Ký của Lev Tolstoy – Lev Tolstoy,0.0,0,290000,290000,9.0,843
96925362,lien-nguoi-duoc-chon-p96925362,https://tiki.vn/lien-nguoi-duoc-chon-p96925362.html,Liên - Người Được Chọn,0.0,0,130000,130000,7.0,843
272241085,duoc-hoc-tai-ban-p272241085,https://tiki.vn/duoc-hoc-tai-ban-p272241085.html,Được Học (Tái Bản),5.0,1,182000,163800,16.0,843
279141569,chu-ky-tac-gia-toi-ke-tat-ca-deu-tu-sach-tran-dai-thang-viet-va-ve-dong-a-p279141569,https://tiki.vn/chu-ky-tac-gia-toi-ke-tat-ca-deu-tu-sach-tran-dai-thang-viet-va-ve-dong-a-p279141569.html,(Tác giả ký tặng) TÔI KỂ - Tất Cả Đều Từ Sách - Trần Đại Thắng Viết Và Vẽ - Đông A,0.0,0,281000,281000,,843
276006833,nguyen-trai-toan-tap-p276006833,https://tiki.vn/nguyen-trai-toan-tap-p276006833.html,Nguyễn Trãi Toàn Tập,5.0,1,409000,409000,16.0,843
278686259,giac-mo-kangaroo-hoi-uc-nguyen-van-tuan-p278686259,https://tiki.vn/giac-mo-kangaroo-hoi-uc-nguyen-van-tuan-p278686259.html,Giấc Mơ Kangaroo (Hồi Ức) - Nguyễn Văn Tuấn,5.0,7,259000,204500,130.0,843
275502303,anh-van-yeu-em-tap-1-p275502303,https://tiki.vn/anh-van-yeu-em-tap-1-p275502303.html,Anh vẫn luôn yêu em - tập 1,0.0,0,229000,229000,2.0,843
273664119,tram-doc-official-chuyen-cua-chung-toi-vo-hong-phuc-p273664119,https://tiki.vn/tram-doc-official-chuyen-cua-chung-toi-vo-hong-phuc-p273664119.html,Trạm Đọc Official | Chuyện Của Chúng Tôi - Võ Hồng Phúc,0.0,0,199000,169000,,843
279280180,ho-chi-minh-bien-nien-tieu-su-xuat-ban-lan-thu-ba-co-chinh-sua-bo-sung-p279280180,https://tiki.vn/ho-chi-minh-bien-nien-tieu-su-xuat-ban-lan-thu-ba-co-chinh-sua-bo-sung-p279280180.html,"Hồ Chí Minh biên niên tiểu sử (xuất bản lần thứ ba, có chỉnh sửa, bổ sung)",0.0,0,3393000,3223350,,843
276930863,sach-tu-truyen-cua-mot-geisha-dich-gia-bich-lan-p276930863,https://tiki.vn/sach-tu-truyen-cua-mot-geisha-dich-gia-bich-lan-p276930863.html,Sách - Tự truyện của một Geisha - Dịch giả Bích Lan,0.0,0,279000,251100,5.0,843
278325568,hoi-uc-giac-mo-suy-ngam-carl-gustav-jung-vu-hoang-linh-dich-omega-plus-p278325568,https://tiki.vn/hoi-uc-giac-mo-suy-ngam-carl-gustav-jung-vu-hoang-linh-dich-omega-plus-p278325568.html,"HỒI ỨC, GIẤC MƠ, SUY NGẪM - Carl Gustav Jung - Vũ Hoàng Linh dịch - Omega Plus",0.0,0,345000,293000,14.0,843
278856751,mai-mai-tuoi-hai-muoi-nhat-ky-nguyen-van-thac-tu-sach-thanh-nien-nxb-kim-dong-p278856751,https://tiki.vn/mai-mai-tuoi-hai-muoi-nhat-ky-nguyen-van-thac-tu-sach-thanh-nien-nxb-kim-dong-p278856751.html,Mãi Mãi Tuổi Hai Mươi - Nhật ký Nguyễn Văn Thạc - Tủ sách Thanh niên - NXB Kim Đồng,0.0,0,80000,80000,,843
277568527,chu-tich-ho-chi-minh-tieu-su-va-su-nghiep-ban-in-2025-p277568527,https://tiki.vn/chu-tich-ho-chi-minh-tieu-su-va-su-nghiep-ban-in-2025-p277568527.html,Chủ tịch Hồ Chí Minh - Tiểu sử và sự nghiệp -bản in 2025,0.0,0,80000,80000,,843
278951887,ong-tuong-tinh-bao-va-hai-ba-vo-thieu-tuong-anh-hung-llvtnd-dang-tran-duc-nguyen-tran-thiet-sach-mien-trung-p278951887,https://tiki.vn/ong-tuong-tinh-bao-va-hai-ba-vo-thieu-tuong-anh-hung-llvtnd-dang-tran-duc-nguyen-tran-thiet-sach-mien-trung-p278951887.html,ÔNG TƯỚNG TÌNH BÁO VÀ HAI BÀ VỢ - Thiếu tướng Anh hùng LLVTND Đặng Trần Đức - Nguyễn Trần Thiết  – Sách Miền Trung,5.0,1,195000,195000,6.0,843
278736964,ho-chi-minh-toan-tap-15-tap-p278736964,https://tiki.vn/ho-chi-minh-toan-tap-15-tap-p278736964.html,Hồ Chí Minh toàn tập (15 tập),0.0,0,6151000,6151000,,843
55057571,sach-bi-theo-doi-p55057571,https://tiki.vn/sach-bi-theo-doi-p55057571.html,Sách Bị Theo Dõi,0.0,0,378000,359100,4.0,843
254082069,phung-quan-toi-da-tro-thanh-nha-van-nhu-the-nao-p254082069,https://tiki.vn/phung-quan-toi-da-tro-thanh-nha-van-nhu-the-nao-p254082069.html,Phùng Quán: Tôi Đã Trở Thành Nhà Văn Như Thế Nào,5.0,2,85000,85000,11.0,843
106362406,sach-van-gogh-tieu-su-va-cuoc-doi-p106362406,https://tiki.vn/sach-van-gogh-tieu-su-va-cuoc-doi-p106362406.html,Sách - Van Gogh: Tiểu Sử Và Cuộc Đời,0.0,0,789000,789000,1.0,843
252260020,nhung-cuoc-dao-tau-ngoan-muc-cua-kavalier-va-clay-p252260020,https://tiki.vn/nhung-cuoc-dao-tau-ngoan-muc-cua-kavalier-va-clay-p252260020.html,Những cuộc đào tẩu ngoạn mục của Kavalier và Clay (Bản đặc biệt),5.0,5,499000,499000,19.0,843
276958576,di-chuc-cua-chu-tich-ho-chi-minh-ban-in-2024-p276958576,https://tiki.vn/di-chuc-cua-chu-tich-ho-chi-minh-ban-in-2024-p276958576.html,Di chúc của Chủ tịch Hồ Chí Minh (bản in 2024),0.0,0,13000,13000,1.0,843
829249,sach-putin-logic-cua-quyen-luc-p829249,https://tiki.vn/sach-putin-logic-cua-quyen-luc-p829249.html,Sách Putin - Logic Của Quyền Lực,5.0,1,147740,147740,5.0,843
50414725,sach-to-tem-soi-bia-mem-tai-ban-2020-p50414725,https://tiki.vn/sach-to-tem-soi-bia-mem-tai-ban-2020-p50414725.html,Sách Tô Tem Sói (Bìa Mềm)(Tái Bản 2020),5.0,5,305000,305000,67.0,843
8830875,sach-andres-iniesta-the-artist-khi-bong-da-la-nghe-thuat-p8830875,https://tiki.vn/sach-andres-iniesta-the-artist-khi-bong-da-la-nghe-thuat-p8830875.html,Sách Andrés Iniesta The Artist – Khi bóng đá là nghệ thuật,5.0,3,159000,139900,19.0,843
278966513,sach-hoi-uc-phi-cong-tiem-kich-p278966513,https://tiki.vn/sach-hoi-uc-phi-cong-tiem-kich-p278966513.html,Sách - Hồi Ức Phi Công Tiêm Kích,0.0,0,187000,158900,3.0,843
263584557,cuoc-doi-bat-tu-cua-henrietta-lacks-p263584557,https://tiki.vn/cuoc-doi-bat-tu-cua-henrietta-lacks-p263584557.html,Cuộc đời bất tử của Henrietta Lacks,0.0,0,269000,228000,,843
274686531,vat-chu-ban-quyen-p274686531,https://tiki.vn/vat-chu-ban-quyen-p274686531.html,Vật Chủ - Bản Quyền,0.0,0,155000,155000,,843
75376744,sach-titan-gia-toc-rockefeller-tai-ban-2020-p75376744,https://tiki.vn/sach-titan-gia-toc-rockefeller-tai-ban-2020-p75376744.html,Sách Titan - Gia Tộc Rockefeller (Tái Bản 2020),4.8,28,499000,424100,104.0,843
706057,tu-truyen-nguyen-ngoc-ky-tam-huyet-trao-doi-p706057,https://tiki.vn/tu-truyen-nguyen-ngoc-ky-tam-huyet-trao-doi-p706057.html,Tự Truyện Nguyễn Ngọc Ký - Tâm Huyết Trao Đời,5.0,9,124000,105400,65.0,843
7958000,sach-hoai-niem-va-mong-du-p7958000,https://tiki.vn/sach-hoai-niem-va-mong-du-p7958000.html,Sách Hoài Niệm Và Mộng Du,0.0,0,40000,40000,2.0,843
164323165,beethoven-nha-soan-nhac-co-dien-vi-dai-the-gioi-p164323165,https://tiki.vn/beethoven-nha-soan-nhac-co-dien-vi-dai-the-gioi-p164323165.html,Beethoven - Nhà Soạn Nhạc Cổ Điển Vĩ Đại Thế Giới,5.0,1,60000,52800,4.0,843
277775027,gia-dinh-ban-be-va-dat-nuoc-hoi-ky-nguyen-thi-binh-ban-quyen-p277775027,https://tiki.vn/gia-dinh-ban-be-va-dat-nuoc-hoi-ky-nguyen-thi-binh-ban-quyen-p277775027.html,"Gia Đình, Bạn Bè Và Đất Nước (Hồi Ký Nguyễn Thị Bình) - Bản Quyền",5.0,7,159000,151000,95.0,843
109913416,combo-khong-tu-manh-tu-ton-tu-lao-tu-p109913416,https://tiki.vn/combo-khong-tu-manh-tu-ton-tu-lao-tu-p109913416.html,Combo Khổng Tử - Mạnh Tử - Tôn tử - Lão Tử,4.2,14,952000,952000,42.0,843
277761893,hoi-ky-nguyen-thi-binh-gia-dinh-ban-be-dat-nuoc-omega-plus-bia-mem-p277761893,https://tiki.vn/hoi-ky-nguyen-thi-binh-gia-dinh-ban-be-dat-nuoc-omega-plus-bia-mem-p277761893.html,"Hồi Ký Nguyễn Thị Bình - Gia Đình, Bạn Bè, Đất Nước - Omega Plus (Bìa Cứng)",5.0,2,224000,212000,13.0,843
137385759,sach-to-hoai-tu-truyen-p137385759,https://tiki.vn/sach-to-hoai-tu-truyen-p137385759.html,Sách Tô Hoài Tự Truyện,0.0,0,100000,100000,1.0,843
278842143,doi-chi-ve-tuoi-ruou-ben-song-nguyen-tham-thien-ke-nxb-hoi-nha-van-p278842143,https://tiki.vn/doi-chi-ve-tuoi-ruou-ben-song-nguyen-tham-thien-ke-nxb-hoi-nha-van-p278842143.html,ĐỢI CHỊ VỀ TƯỚI RƯỢU BẾN SÔNG – Nguyễn Tham Thiện Kế – NXB Hội nhà văn,0.0,0,283000,283000,1.0,843
222714056,sach-mien-dat-hua-barack-obama-bia-cung-p222714056,https://tiki.vn/sach-mien-dat-hua-barack-obama-bia-cung-p222714056.html,Sách Miền Đất Hứa - Barack Obama (Bìa Cứng),0.0,0,605000,605000,1.0,843
271585799,sach-dong-doi-hoi-ky-ca-sy-elvis-phuong-p271585799,https://tiki.vn/sach-dong-doi-hoi-ky-ca-sy-elvis-phuong-p271585799.html,Sách Dòng Đời (Hồi ký ca sỹ Elvis Phương),0.0,0,279000,237150,4.0,843
278701915,sach-viet-va-song-first-news-p278701915,https://tiki.vn/sach-viet-va-song-first-news-p278701915.html,Sách Viết Và Sống - First News,5.0,1,168000,142800,26.0,843
273446644,tieu-su-elon-musk-walter-isaacson-p273446644,https://tiki.vn/tieu-su-elon-musk-walter-isaacson-p273446644.html,Tiểu Sử Elon Musk (Walter Isaacson),4.8,6,499000,424000,120.0,843
277981415,duoc-hoc-tara-westover-dich-gia-nguyen-bich-lan-p277981415,https://tiki.vn/duoc-hoc-tara-westover-dich-gia-nguyen-bich-lan-p277981415.html,Được Học - Tara Westover- Dịch giả Nguyễn Bích Lan ,0.0,0,182000,172000,5.0,843
276037127,khac-di-khac-den-ganh-ganh-gong-gong-hoi-ky-xuan-phuong-p276037127,https://tiki.vn/khac-di-khac-den-ganh-ganh-gong-gong-hoi-ky-xuan-phuong-p276037127.html,Khắc Đi Khắc Đến + Gánh Gánh Gồng Gồng (Hồi ký Xuân Phượng),0.0,0,310000,310000,,843
89478705,cuon-sach-hay-nhat-va-day-du-nhat-ve-cuoc-doi-steve-jobs-tieu-su-steve-jobs-2020-p89478705,https://tiki.vn/cuon-sach-hay-nhat-va-day-du-nhat-ve-cuoc-doi-steve-jobs-tieu-su-steve-jobs-2020-p89478705.html,Cuốn Sách Hay Nhất Và Đầy Đủ Nhất Về Cuộc Đời Steve Jobs : Tiểu Sử Steve Jobs ( 2020 ),5.0,4,449000,381000,17.0,843
277871084,sach-hoi-ky-nguyen-thi-binh-gia-dinh-ban-be-va-dat-nuoc-p277871084,https://tiki.vn/sach-hoi-ky-nguyen-thi-binh-gia-dinh-ban-be-va-dat-nuoc-p277871084.html,"Sách Gia Đình, Bạn Bè và Đất Nước - Bìa Cứng - Hồi Ký Nguyễn Thị Bình",5.0,2,224000,224000,32.0,843
274159944,hon-tuyet-lan-nhung-triet-ly-song-va-dau-tu-vuot-thoi-gian-cua-warren-buffett-tai-ban-2024-p274159944,https://tiki.vn/hon-tuyet-lan-nhung-triet-ly-song-va-dau-tu-vuot-thoi-gian-cua-warren-buffett-tai-ban-2024-p274159944.html,Hòn Tuyết Lăn - Những Triết Lý Sống Và Đầu Tư Vượt Thời Gian Của Warren Buffett (Tái Bản 2024),5.0,7,685000,602800,59.0,843
104723030,bui-nguyen-khiet-van-chuong-va-cuoc-doi-p104723030,https://tiki.vn/bui-nguyen-khiet-van-chuong-va-cuoc-doi-p104723030.html,Bùi Nguyên Khiết - văn chương và cuộc đời,0.0,0,50000,50000,1.0,843
278437841,nhin-lai-qua-khu-tan-tham-kich-va-nhung-bai-hoc-ve-viet-nam-p278437841,https://tiki.vn/nhin-lai-qua-khu-tan-tham-kich-va-nhung-bai-hoc-ve-viet-nam-p278437841.html,Nhìn Lại Quá Khứ - Tấn Thảm Kịch Và Những Bài Học Về Việt Nam,0.0,0,299000,299000,,843
276527591,sach-dien-bien-phu-dai-tuong-vo-nguyen-giap-p276527591,https://tiki.vn/sach-dien-bien-phu-dai-tuong-vo-nguyen-giap-p276527591.html,Sách - Điện Biên Phủ (Đại Tướng Võ Nguyên Giáp),0.0,0,360000,360000,1.0,843
68190508,sach-to-huu-ngon-co-dau-ve-vang-tho-ca-cach-mang-p68190508,https://tiki.vn/sach-to-huu-ngon-co-dau-ve-vang-tho-ca-cach-mang-p68190508.html,Sách Tố Hữu - Ngọn Cờ Đầu Vẻ Vang Thơ Ca Cách Mạng,0.0,0,160000,160000,2.0,843
278603752,nhung-chang-duong-doi-tham-trong-tao-tho-van-va-cuoc-doi-p278603752,https://tiki.vn/nhung-chang-duong-doi-tham-trong-tao-tho-van-va-cuoc-doi-p278603752.html,NHỮNG CHẶNG ĐƯỜNG ĐỜI - THẨM TRỌNG TẢO (THƠ VĂN VÀ CUỘC ĐỜI),0.0,0,220000,220000,,843
36374776,combo-sach-van-hoc-cam-dong-hay-cham-soc-me-mot-lit-nuoc-mat-tang-kem-bookmark-green-life-p36374776,https://tiki.vn/combo-sach-van-hoc-cam-dong-hay-cham-soc-me-mot-lit-nuoc-mat-tang-kem-bookmark-green-life-p36374776.html,Combo Sách Văn Học Cảm Động : Hãy chăm sóc mẹ + một lít nước mắt ( tặng kèm bookmark green life),0.0,0,205000,205000,,843
77717876,sach-su-ky-tu-ma-thien-p77717876,https://tiki.vn/sach-su-ky-tu-ma-thien-p77717876.html,Sách Sử Ký Tư Mã Thiên,5.0,1,279000,279000,3.0,843
145246666,hoi-ky-ve-gia-dinh-nguyen-tuong-p145246666,https://tiki.vn/hoi-ky-ve-gia-dinh-nguyen-tuong-p145246666.html,Hồi ký về gia đình Nguyễn Tường,5.0,1,179000,179000,1.0,843
278893081,hoi-ky-thuong-tuong-tran-van-tra-hanh-trinh-tu-ra-di-hai-ban-tay-trang-den-tro-ve-mot-dai-giang-san-va-nhung-trang-ban-thao-con-dang-do-ts-quach-thu-nguyet-tong-hop-va-tuyen-chon-nxb-chinh-tri-quoc-gia-su-that-p278893081,https://tiki.vn/hoi-ky-thuong-tuong-tran-van-tra-hanh-trinh-tu-ra-di-hai-ban-tay-trang-den-tro-ve-mot-dai-giang-san-va-nhung-trang-ban-thao-con-dang-do-ts-quach-thu-nguyet-tong-hop-va-tuyen-chon-nxb-chinh-tri-quoc-gia-su-that-p278893081.html,(Hồi ký) THƯỢNG TƯỚNG TRẦN VĂN TRÀ - Hành Trình Từ Ra Đi Hai Bàn Tay Trắng Đến Trở Về Một Dải Giang San Và Những Trang Bản Thảo Còn Dang Dở - TS. Quách Thu Nguyệt tổng hợp và tuyển chọn - Omega Plus - NXB Chính trị quốc gia sự thật,0.0,0,392000,392000,2.0,843
126949290,sinh-nam-1972-nguyen-canh-binh-p126949290,https://tiki.vn/sinh-nam-1972-nguyen-canh-binh-p126949290.html,Sinh năm 1972 - Nguyễn Cảnh Bình,4.8,10,199000,169000,63.0,843
272913164,du-ngoan-vong-quanh-chau-a-tren-lung-ngua-k-a-viazemski-ho-bat-khuat-nguyen-thi-nhu-nguyen-dich-p272913164,https://tiki.vn/du-ngoan-vong-quanh-chau-a-tren-lung-ngua-k-a-viazemski-ho-bat-khuat-nguyen-thi-nhu-nguyen-dich-p272913164.html,"Du Ngoạn Vòng Quanh Châu Á Trên Lưng Ngựa - K.A Viazemski - Hồ Bất Khuât, Nguyễn Thị Như Nguyện dịch",0.0,0,95000,71250,6.0,843
277924112,combo-diep-vien-hoan-hao-x6-pham-xuan-an-bia-mem-tu-song-ben-hai-den-dinh-doc-lap-p277924112,https://tiki.vn/combo-diep-vien-hoan-hao-x6-pham-xuan-an-bia-mem-tu-song-ben-hai-den-dinh-doc-lap-p277924112.html,Combo Điệp Viên Hoàn Hảo X6 - Phạm Xuân Ẩn (Bìa Mềm) + Từ Sông Bến Hải Đến Dinh Độc Lập ,0.0,0,397000,309000,,843
279081926,sach-song-nhu-anh-tac-gia-tran-dinh-van-p279081926,https://tiki.vn/sach-song-nhu-anh-tac-gia-tran-dinh-van-p279081926.html,"Sách - Sống như Anh, tác giả Trần Đình Vân",0.0,0,124000,124000,,843
534771,sach-hoang-ha-nho-hong-ha-thuong-p534771,https://tiki.vn/sach-hoang-ha-nho-hong-ha-thuong-p534771.html,Sách Hoàng Hà Nhớ Hồng Hà Thương,4.0,1,110000,110000,7.0,843
278538409,hoi-uc-hanh-trinh-vi-hoa-binh-thuong-tuong-nguyen-chi-vinh-p278538409,https://tiki.vn/hoi-uc-hanh-trinh-vi-hoa-binh-thuong-tuong-nguyen-chi-vinh-p278538409.html,Hồi Ức Hành Trình Vì Hòa Bình - Thượng Tướng Nguyễn Chí Vịnh,0.0,0,240000,204000,,843
74890754,combo-su-ky-tu-ma-thien-liet-truyen-quyen-thuong-quyen-ha-p74890754,https://tiki.vn/combo-su-ky-tu-ma-thien-liet-truyen-quyen-thuong-quyen-ha-p74890754.html,Combo Sử ký Tư Mã Thiên Liệt Truyện( Quyển Thượng+ Quyển Hạ),5.0,1,351500,351500,6.0,843
395818,sach-tap-but-nam-giap-tuat-1994-p395818,https://tiki.vn/sach-tap-but-nam-giap-tuat-1994-p395818.html,Sách Tạp Bút Năm Giáp Tuất 1994,5.0,2,175000,145250,12.0,843
113117339,sach-combo-ai-lay-mieng-pho-mat-cua-toi-dao-thoat-khoi-me-cung-first-news-p113117339,https://tiki.vn/sach-combo-ai-lay-mieng-pho-mat-cua-toi-dao-thoat-khoi-me-cung-first-news-p113117339.html,Sách - Combo Ai Lấy Miếng Pho Mát Của Tôi? + Đào Thoát Khỏi Mê Cung - First News,0.0,0,116000,116000,3.0,843
205705128,joe-biden-nhung-loi-hua-phai-giu-p205705128,https://tiki.vn/joe-biden-nhung-loi-hua-phai-giu-p205705128.html,Joe Biden: Những Lời Hứa Phải Giữ,0.0,0,279000,279000,,843
278788579,nguoi-chien-si-song-anh-dung-chet-ve-vang-truyen-ky-p278788579,https://tiki.vn/nguoi-chien-si-song-anh-dung-chet-ve-vang-truyen-ky-p278788579.html,"Người Chiến Sĩ ""Sống Anh Dũng Chết Vẻ Vang"" - Truyện Ký ",0.0,0,118000,118000,1.0,843
273119505,xuat-ban-lan-1-chinh-sua-bo-sung-nguyen-hoang-nguoi-mo-coi-phan-huy-le-do-bang-nxb-chinh-tri-quoc-gia-su-that-p273119505,https://tiki.vn/xuat-ban-lan-1-chinh-sua-bo-sung-nguyen-hoang-nguoi-mo-coi-phan-huy-le-do-bang-nxb-chinh-tri-quoc-gia-su-that-p273119505.html,NGUYỄN HOÀNG NGƯỜI MỞ CÕI- Phan Huy Lê & Đỗ Bang -NXB Chính trị Quốc gia Sự thật,4.0,1,171000,171000,39.0,843
242718051,toi-noi-gi-khi-noi-ve-chay-bo-tb-76-000-p242718051,https://tiki.vn/toi-noi-gi-khi-noi-ve-chay-bo-tb-76-000-p242718051.html,Tôi nói gì khi nói về chạy bộ (TB-76.000),0.0,0,92000,92000,,843
201308089,sach-chuyen-ma-am-o-trang-vien-bly-p201308089,https://tiki.vn/sach-chuyen-ma-am-o-trang-vien-bly-p201308089.html,Sách - Chuyện ma ám ở trang viên Bly,0.0,0,60000,60000,1.0,843
194769752,sach-su-ky-tu-ma-thien-ban-dich-quoc-ngu-dau-tien-nam-giap-than-1944-p194769752,https://tiki.vn/sach-su-ky-tu-ma-thien-ban-dich-quoc-ngu-dau-tien-nam-giap-than-1944-p194769752.html,Sách: Sử Ký Tư Mã Thiên - Bản Dịch Quốc Ngữ Đầu Tiên Năm Giáp Thân (1944),0.0,0,165000,165000,,843
263113175,diep-vien-hoan-hao-x6-pham-xuan-an-p263113175,https://tiki.vn/diep-vien-hoan-hao-x6-pham-xuan-an-p263113175.html,Điệp viên Hoàn Hảo X6 - Phạm Xuân Ẩn,0.0,0,178000,178000,1.0,843
278896946,nha-giao-tre-va-nhung-cau-chuyen-nghe-tac-gia-tran-thanh-vu-p278896946,https://tiki.vn/nha-giao-tre-va-nhung-cau-chuyen-nghe-tac-gia-tran-thanh-vu-p278896946.html,Nhà Giáo Trẻ Và Những Câu Chuyện Nghề (Tác giả: Trần Thanh Vũ),0.0,0,109000,109000,,843
273820766,madam-nhu-tran-le-xuan-quyen-luc-ba-rong-tai-ban-2021-p273820766,https://tiki.vn/madam-nhu-tran-le-xuan-quyen-luc-ba-rong-tai-ban-2021-p273820766.html,Madam Nhu Trần Lệ Xuân - Quyền Lực Bà Rồng (Tái Bản 2021),0.0,0,185000,185000,,843
137403600,sach-nuoc-my-trong-mat-trump-p137403600,https://tiki.vn/sach-nuoc-my-trong-mat-trump-p137403600.html,Sách Nước Mỹ Trong Mắt Trump,0.0,0,198000,188100,,843
276625019,dieu-nhay-moon-walk-p276625019,https://tiki.vn/dieu-nhay-moon-walk-p276625019.html,Điệu Nhảy Moon Walk,0.0,0,125000,125000,1.0,843
273471483,tram-doc-mot-nguoi-viet-tram-lang-pham-xuan-an-diep-vien-thach-thuc-nuoc-my-p273471483,https://tiki.vn/tram-doc-mot-nguoi-viet-tram-lang-pham-xuan-an-diep-vien-thach-thuc-nuoc-my-p273471483.html,Trạm Đọc | Một Người Việt Trầm Lặng : Phạm Xuân Ẩn - Điệp Viên Thách Thức Nước Mỹ,5.0,1,92000,87000,5.0,843
276123560,hoang-mac-tartar-bia-cung-p276123560,https://tiki.vn/hoang-mac-tartar-bia-cung-p276123560.html,Hoang Mạc Tartar (bìa cứng),5.0,3,239870,239870,22.0,843
278371069,bo-sach-kinh-dien-khai-pha-noi-tam-cung-carl-jung-ban-do-tam-hon-con-nguoi-cua-jung-hoi-uc-giac-mo-suy-ngam-omega-plus-p278371069,https://tiki.vn/bo-sach-kinh-dien-khai-pha-noi-tam-cung-carl-jung-ban-do-tam-hon-con-nguoi-cua-jung-hoi-uc-giac-mo-suy-ngam-omega-plus-p278371069.html,"Bộ Sách Kinh Điển Khai Phá Nội Tâm Cùng Carl Jung: Bản Đồ Tâm Hồn Con Người Của Jung + Hồi Ức, Giấc Mơ, Suy Ngẫm - Omega Plus",0.0,0,189000,170000,15.0,843
215110121,chau-chut-ta-tinh-tri-am-p215110121,https://tiki.vn/chau-chut-ta-tinh-tri-am-p215110121.html,"Châu, Chút Tạ Tình Tri Âm",5.0,1,100000,100000,2.0,843
276375185,sach-data-analysis-quyen-1-co-ban-ung-dung-thuc-te-co-tang-kem-video-huong-dan-p276375185,https://tiki.vn/sach-data-analysis-quyen-1-co-ban-ung-dung-thuc-te-co-tang-kem-video-huong-dan-p276375185.html,"Sách Data Analysis Quyển 1 Cơ Bản, Ứng Dụng Thực Tế, Có Tặng Kèm Video Hướng Dẫn",5.0,1,268000,218000,25.0,843
212993115,sach-sai-gon-chuyen-doi-cua-pho-2-tai-ban-nam-2021-p212993115,https://tiki.vn/sach-sai-gon-chuyen-doi-cua-pho-2-tai-ban-nam-2021-p212993115.html,Sách Sài Gòn Chuyện Đời Của Phố 2 (Tái bản năm 2021),0.0,0,315000,267750,13.0,843
273431480,hoi-ky-phong-vien-chien-truong-p273431480,https://tiki.vn/hoi-ky-phong-vien-chien-truong-p273431480.html,Hồi Ký Phóng Viên Chiến Trường,0.0,0,269000,228000,1.0,843
252560845,hoai-nam-tu-cuoc-doi-tu-tuong-va-toan-van-hoai-nam-hong-liet-2c-bo-2023-p252560845,https://tiki.vn/hoai-nam-tu-cuoc-doi-tu-tuong-va-toan-van-hoai-nam-hong-liet-2c-bo-2023-p252560845.html,"Hoài Nam Tử : Cuộc đời , tư tưởng và toàn văn Hoài Nam Hồng Liệt ( 2c/bộ) -(2023)",5.0,2,700000,700000,5.0,843
275059085,theo-dau-hoang-hau-nam-phuong-va-vua-bao-dai-nxb-phu-nu-vn-p275059085,https://tiki.vn/theo-dau-hoang-hau-nam-phuong-va-vua-bao-dai-nxb-phu-nu-vn-p275059085.html,Theo dấu hoàng hậu nam phương và vua Bảo Đại - NXB Phụ Nữ VN,5.0,1,185000,166500,21.0,843
278609813,sach-mai-mai-tuoi-hai-muoi-nhat-ky-thoi-chien-viet-nam-p278609813,https://tiki.vn/sach-mai-mai-tuoi-hai-muoi-nhat-ky-thoi-chien-viet-nam-p278609813.html,Sách - Mãi mãi tuổi hai mươi - Nhật ký thời chiến Việt Nam,5.0,1,80000,80000,3.0,843
278591059,hoi-uc-giac-mo-suy-ngam-p278591059,https://tiki.vn/hoi-uc-giac-mo-suy-ngam-p278591059.html,"Hồi Ức, GIấc Mơ, Suy Ngẫm",0.0,0,345000,345000,1.0,843
428464,sach-hoi-ky-alex-ferguson-p428464,https://tiki.vn/sach-hoi-ky-alex-ferguson-p428464.html,Sách Hồi Ký Alex Ferguson,4.5,2,177000,177000,13.0,843
247706985,ganh-ganh-gong-gong-xuan-phuong-hoi-ky-nguyen-thi-xuan-phuong-bia-mem-p247706985,https://tiki.vn/ganh-ganh-gong-gong-xuan-phuong-hoi-ky-nguyen-thi-xuan-phuong-bia-mem-p247706985.html,Gánh Gánh... Gồng Gồng... XUÂN PHƯỢNG (Hồi Ký) - Nguyễn Thị Xuân Phượng - (bìa mềm),0.0,0,160000,160000,2.0,843
197379476,renoir-cuoc-doi-va-tac-pham-qua-500-hinh-anh-p197379476,https://tiki.vn/renoir-cuoc-doi-va-tac-pham-qua-500-hinh-anh-p197379476.html,RENOIR: CUỘC ĐỜI VÀ TÁC PHẨM QUA 500 HÌNH ẢNH,0.0,0,599000,509000,,843
276629973,ky-uc-khong-phai-p276629973,https://tiki.vn/ky-uc-khong-phai-p276629973.html,Ký Ức Không Phai,0.0,0,200000,200000,10.0,843
189688268,cuoc-doi-van-gogh-p189688268,https://tiki.vn/cuoc-doi-van-gogh-p189688268.html,Cuộc Đời Van Gogh,0.0,0,789000,789000,,843
37216397,tu-truyen-benjamin-franklin-tai-ban-tang-kem-bookmark-p37216397,https://tiki.vn/tu-truyen-benjamin-franklin-tai-ban-tang-kem-bookmark-p37216397.html,Tự Truyện Benjamin Franklin (Tái Bản); Tặng Kèm BookMark,1.0,1,109000,109000,3.0,843
275148702,madam-nhu-tran-le-xuan-quyen-luc-ba-rong-tai-ban-nam-2024-p275148702,https://tiki.vn/madam-nhu-tran-le-xuan-quyen-luc-ba-rong-tai-ban-nam-2024-p275148702.html,Madam Nhu Trần Lệ Xuân - Quyền Lực Bà Rồng (Tái bản năm 2024),5.0,1,185000,185000,2.0,843
278539547,hoi-uc-hanh-trinh-vi-hoa-binh-nhung-cau-chuyen-ve-dai-tuong-nguyen-chi-thanh-thuong-tuong-gs-ts-nguyen-chi-vinh-p278539547,https://tiki.vn/hoi-uc-hanh-trinh-vi-hoa-binh-nhung-cau-chuyen-ve-dai-tuong-nguyen-chi-thanh-thuong-tuong-gs-ts-nguyen-chi-vinh-p278539547.html,Hồi Ức Hành Trình Vì Hòa Bình + Những Câu Chuyện Về Đại Tướng Nguyễn Chí Thanh - Thượng tướng GS-TS Nguyễn Chí Vịnh,0.0,0,219000,219000,8.0,843
276589488,co-chu-ky-tac-gia-ganh-ganh-gong-gong-nguyen-thi-xuan-phuong-nxb-tong-hop-tp-ho-chi-minh-p276589488,https://tiki.vn/co-chu-ky-tac-gia-ganh-ganh-gong-gong-nguyen-thi-xuan-phuong-nxb-tong-hop-tp-ho-chi-minh-p276589488.html,"[Sách Quốc Gia 2025, Bìa cứng] Gánh gánh … Gồng gồng – Xuân Phượng – Nxb Tổng Hợp Tp HCM",5.0,2,299000,299000,23.0,843
276506445,sach-ve-di-con-nghe-em-dem-dau-do-mong-doan-vien-moc-tram-thich-dao-quang-p276506445,https://tiki.vn/sach-ve-di-con-nghe-em-dem-dau-do-mong-doan-vien-moc-tram-thich-dao-quang-p276506445.html,Sách - Về Đi Con - Nghe Êm Đềm Đâu Đó Mộng Đoàn Viên - Mộc Trầm (Thích Đạo Quang),5.0,2,120000,110400,27.0,843
279112927,bia-cung-ganh-ganh-gong-gong-hoi-ky-xuan-phuong-p279112927,https://tiki.vn/bia-cung-ganh-ganh-gong-gong-hoi-ky-xuan-phuong-p279112927.html,BÌA CỨNG - Gánh gánh... Gồng gồng... - Hồi ký Xuân Phượng,0.0,0,280000,280000,,843
105740370,sach-sai-gon-chuyen-doi-cua-pho-1-tai-ban-nam-2021-p105740370,https://tiki.vn/sach-sai-gon-chuyen-doi-cua-pho-1-tai-ban-nam-2021-p105740370.html,Sách Sài Gòn - Chuyện Đời Của Phố 1 (Tái bản năm 2021),5.0,4,355000,301750,19.0,843
277007040,co-mot-thoi-o-cho-lon-p277007040,https://tiki.vn/co-mot-thoi-o-cho-lon-p277007040.html,Có Một Thời Ở Chợ Lớn,5.0,4,299000,299000,29.0,843
252062261,ganh-ganh-gong-gong-tai-ban-2023-p252062261,https://tiki.vn/ganh-ganh-gong-gong-tai-ban-2023-p252062261.html,Gánh Gánh Gồng Gồng (Tái Bản 2023),0.0,0,160000,160000,3.0,843
196813037,combo-2-cuon-sach-leonardo-da-vinci-cuoc-doi-va-tac-pham-qua-500-hinh-anh-cau-chuyen-nghe-thuat-tang-kem-bookmark-bamboo-books-p196813037,https://tiki.vn/combo-2-cuon-sach-leonardo-da-vinci-cuoc-doi-va-tac-pham-qua-500-hinh-anh-cau-chuyen-nghe-thuat-tang-kem-bookmark-bamboo-books-p196813037.html,Combo 2 Cuốn Sách: Leonardo da Vinci - Cuộc Đời Và Tác Phẩm Qua 500 Hình Ảnh + Câu Chuyện Nghệ Thuật (Tặng Kèm Bookmark Bamboo Books),0.0,0,849000,849000,3.0,843
271144990,nhung-canh-doi-tinh-le-tuoi-tho-p271144990,https://tiki.vn/nhung-canh-doi-tinh-le-tuoi-tho-p271144990.html,Những Cảnh Đời Tỉnh Lẻ - Tuổi Thơ,0.0,0,110000,110000,6.0,843
88057067,dang-thai-mai-hoi-ky-p88057067,https://tiki.vn/dang-thai-mai-hoi-ky-p88057067.html,Đặng Thai Mai Hồi Ký,4.8,4,124000,93000,79.0,843
273291311,truong-vinh-ky-bi-kich-muon-doi-p273291311,https://tiki.vn/truong-vinh-ky-bi-kich-muon-doi-p273291311.html,Trương vĩnh Ký - Bi Kịch Muôn Đời,5.0,2,138000,96600,28.0,843
272554910,hoi-uc-tuoi-tam-muoi-hanh-trinh-tu-dien-tu-den-vi-mach-p272554910,https://tiki.vn/hoi-uc-tuoi-tam-muoi-hanh-trinh-tu-dien-tu-den-vi-mach-p272554910.html,Hồi Ức Tuổi Tám Mươi - Hành Trình Từ Điện Tử Đến Vi Mạch,0.0,0,115000,115000,22.0,843
278804002,sach-lich-cat-tuong-bach-linh-binh-ngo-2026-thac-si-nguyen-manh-linh-p278804002,https://tiki.vn/sach-lich-cat-tuong-bach-linh-binh-ngo-2026-thac-si-nguyen-manh-linh-p278804002.html,Sách Lịch Cát Tường Bách Linh Bính Ngọ 2026 - Thạc sĩ Nguyễn Mạnh Linh,0.0,0,99000,99000,3.0,843
73609435,combo-3-cuon-day-du-su-ky-tu-ma-thien-su-ky-tu-ma-thien-liet-truyen-quyen-thuong-su-ky-tu-ma-thien-the-gia-bia-mem-su-ky-tu-ma-thien-ban-ky-p73609435,https://tiki.vn/combo-3-cuon-day-du-su-ky-tu-ma-thien-su-ky-tu-ma-thien-liet-truyen-quyen-thuong-su-ky-tu-ma-thien-the-gia-bia-mem-su-ky-tu-ma-thien-ban-ky-p73609435.html,Combo 3 cuốn đầy đủ Sử Ký Tư Mã Thiên : Sử Ký Tư Mã Thiên Liệt Truyện (Quyển Thượng) + Sử Ký Tư Mã Thiên Thế Gia (Bìa Mềm)+ Sử Ký Tư Mã Thiên - Bản Kỷ,1.0,1,413400,413400,5.0,843
276809055,sach-anabasis-hoi-ky-vien-chinh-xu-ba-tu-tai-ban-2024-p276809055,https://tiki.vn/sach-anabasis-hoi-ky-vien-chinh-xu-ba-tu-tai-ban-2024-p276809055.html,Sách - Anabasis - Hồi Ký Viễn Chinh Xứ Ba Tư (Tái Bản 2024),5.0,1,250000,200000,9.0,843
261835238,titan-gia-toc-rockefeller-p261835238,https://tiki.vn/titan-gia-toc-rockefeller-p261835238.html,Titan - Gia Tộc Rockefeller,0.0,0,499000,424000,,843
273420325,su-ky-thu-cuon-sach-ban-chay-nhat-p273420325,https://tiki.vn/su-ky-thu-cuon-sach-ban-chay-nhat-p273420325.html,Sử Ký - Thư-Cuốn Sách Bán Chạy Nhất,0.0,0,162000,162000,1.0,843
115150682,van-gogh-tieu-su-va-cuoc-doi-kem-tui-thu-p115150682,https://tiki.vn/van-gogh-tieu-su-va-cuoc-doi-kem-tui-thu-p115150682.html,Van Gogh - Tiểu Sử Và Cuộc Đời (Kèm túi thu),4.0,1,789000,789000,1.0,843
351051,cuon-sach-va-toi-tai-ban-2012-p351051,https://tiki.vn/cuon-sach-va-toi-tai-ban-2012-p351051.html,Cuốn Sách Và Tôi (Tái Bản 2012),0.0,0,120000,120000,6.0,843
276030360,combo-2c-tac-gia-xuan-phuong-ganh-ganh-gong-gong-va-khac-di-khac-den-p276030360,https://tiki.vn/combo-2c-tac-gia-xuan-phuong-ganh-ganh-gong-gong-va-khac-di-khac-den-p276030360.html,Combo 2c tác giả Xuân Phượng: Gánh gánh gồng gồng và Khắc đi khắc đến ,0.0,0,310000,310000,1.0,843
277865199,sach-nhung-la-thu-thoi-chien-viet-nam-tuyen-tap-p277865199,https://tiki.vn/sach-nhung-la-thu-thoi-chien-viet-nam-tuyen-tap-p277865199.html,Sách Những lá thư thời chiến Việt Nam (Tuyển tập) - Đặng Vương Hưng,0.0,0,137000,137000,10.0,843
164534834,nguyen-truong-to-con-nguoi-va-di-thao-truong-ba-can-p164534834,https://tiki.vn/nguyen-truong-to-con-nguoi-va-di-thao-truong-ba-can-p164534834.html,Nguyễn Trường Tộ - Con người và di thảo (Trương Bá Cần),0.0,0,285000,285000,9.0,843
278643549,tuoi-tho-lam-chuyen-buon-cuoi-p278643549,https://tiki.vn/tuoi-tho-lam-chuyen-buon-cuoi-p278643549.html,Tuổi Thơ Lắm Chuyện Buồn Cười,0.0,0,129000,129000,,843
279157847,sach-thu-bac-ho-gui-cho-thanh-nien-bac-ho-tam-guong-ve-tinh-than-yeu-nuoc-thu-chuc-tet-cua-bac-ho-p279157847,https://tiki.vn/sach-thu-bac-ho-gui-cho-thanh-nien-bac-ho-tam-guong-ve-tinh-than-yeu-nuoc-thu-chuc-tet-cua-bac-ho-p279157847.html,Combo 8 Cuốn Sách Sáng Mãi Tấm Gương Bác Hồ Tuyển Tập Những Câu Chuyện Và Lời Dạy Của Bác - ABBOOKS,0.0,0,50000,50000,,843
272076982,sach-thuat-yeu-duong-thu-giang-nguyen-duy-can-p272076982,https://tiki.vn/sach-thuat-yeu-duong-thu-giang-nguyen-duy-can-p272076982.html,Sách Thuật Yêu Đương - Thu Giang Nguyễn Duy Cần,0.0,0,120000,120000,3.0,843
249348709,sach-my-lai-viet-nam-1968-nhin-lai-cuoc-tham-sat-tai-ban-lan-thu-nhat-p249348709,https://tiki.vn/sach-my-lai-viet-nam-1968-nhin-lai-cuoc-tham-sat-tai-ban-lan-thu-nhat-p249348709.html,Sách - Mỹ Lai Việt Nam 1968 Nhìn lại cuộc thảm sát (Tái bản lần thứ nhất),0.0,0,336600,336600,,843
276636377,sach-ho-chi-minh-mot-con-nguoi-mot-dan-toc-mot-thoi-dai-mot-su-nghiep-p276636377,https://tiki.vn/sach-ho-chi-minh-mot-con-nguoi-mot-dan-toc-mot-thoi-dai-mot-su-nghiep-p276636377.html,"Sách Hồ Chí Minh - Một Con Người, Một Dân Tộc, Một Thời Đại, Một Sự Nghiệp",0.0,0,54000,54000,1.0,843
272422033,sach-yeu-nhung-dieu-khong-hoan-hao-p272422033,https://tiki.vn/sach-yeu-nhung-dieu-khong-hoan-hao-p272422033.html,SÁCH: Yêu Những Điều Không Hoàn Hảo,0.0,0,169000,160000,6.0,843
74895190,ky-uc-nguoi-linh-tap-09-de-tri-an-va-hanh-dong-nhan-nghia-nhieu-hon-p74895190,https://tiki.vn/ky-uc-nguoi-linh-tap-09-de-tri-an-va-hanh-dong-nhan-nghia-nhieu-hon-p74895190.html,Ký Ức Người Lính - Tập 09: Để Tri Ân Và Hành Động Nhân Nghĩa Nhiều Hơn,0.0,0,350000,280000,4.0,843
270307616,giac-mo-viet-nam-toi-tap-2-con-mai-huong-xa-nguyen-dang-hung-bia-mem-p270307616,https://tiki.vn/giac-mo-viet-nam-toi-tap-2-con-mai-huong-xa-nguyen-dang-hung-bia-mem-p270307616.html,Giấc Mơ Việt Nam Tôi - Tập 2: Còn Mãi Hương Xa -  Nguyễn Đăng Hưng - (bìa mềm),0.0,0,239000,239000,,843
259513345,pho-xua-nguoi-cu-tac-gia-hoang-nguyen-vu-ban-quyen-p259513345,https://tiki.vn/pho-xua-nguoi-cu-tac-gia-hoang-nguyen-vu-ban-quyen-p259513345.html,Phố xưa người cũ - Tác giả Hoàng Nguyên Vũ - Bản Quyền,0.0,0,179000,179000,,843
277608756,thu-vao-nam-xuat-ban-lan-thu-ba-p277608756,https://tiki.vn/thu-vao-nam-xuat-ban-lan-thu-ba-p277608756.html,Thư vào Nam (Xuất bản lần thứ ba),0.0,0,112000,112000,3.0,843
275925318,combo-ganh-ganh-gong-gong-khac-di-khac-den-hoi-ky-xuan-phuong-p275925318,https://tiki.vn/combo-ganh-ganh-gong-gong-khac-di-khac-den-hoi-ky-xuan-phuong-p275925318.html,Combo Gánh gánh... Gồng gồng - Khắc đi... Khắc đến (Hồi ký Xuân Phượng),0.0,0,310000,310000,,843
273953157,dong-y-chi-lo-qua-trinh-truong-thanh-cua-mot-bac-si-dong-y-truyen-thong-p273953157,https://tiki.vn/dong-y-chi-lo-qua-trinh-truong-thanh-cua-mot-bac-si-dong-y-truyen-thong-p273953157.html,Đông Y Chi Lộ - Quá trình trưởng thành của một bác sĩ Đông Y truyền thống,0.0,0,188000,178000,4.0,843
277841148,hoi-ky-nguyen-thi-binh-gia-dinh-ban-be-va-dat-nuoc-omega-plus-p277841148,https://tiki.vn/hoi-ky-nguyen-thi-binh-gia-dinh-ban-be-va-dat-nuoc-omega-plus-p277841148.html,"Hồi Ký Nguyễn Thị Bình - Gia Đình, Bạn Bè Và Đất Nước - Omega Plus",5.0,2,159000,151000,18.0,843
273621848,dau-cung-la-song-tu-truyen-cua-nguoi-30-nam-song-chung-voi-hiv-dong-duc-thanh-p273621848,https://tiki.vn/dau-cung-la-song-tu-truyen-cua-nguoi-30-nam-song-chung-voi-hiv-dong-duc-thanh-p273621848.html,Đau Cũng Là Sống – Tự Truyện Của Người 30 Năm Sống Chung Với HIV (Đồng Đức Thành),4.0,1,129000,109600,34.0,843
272555736,spare-ke-du-bi-bia-cung-p272555736,https://tiki.vn/spare-ke-du-bi-bia-cung-p272555736.html,Spare - Kẻ Dự Bị - Bìa Cứng,5.0,1,298000,268200,4.0,843
53771996,sach-nua-doi-con-lai-bia-cung-tai-ban-2020-p53771996,https://tiki.vn/sach-nua-doi-con-lai-bia-cung-tai-ban-2020-p53771996.html,Sách Nửa Đời Còn Lại,5.0,9,140000,126000,48.0,843
434168,sach-but-ky-linh-tang-hanh-trinh-den-dinh-doc-lap-p434168,https://tiki.vn/sach-but-ky-linh-tang-hanh-trinh-den-dinh-doc-lap-p434168.html,Sách Bút Ký Lính Tăng - Hành Trình Đến Dinh Độc Lập,0.0,0,185000,185000,,843
178583281,alex-ferguson-dan-dat-lanh-dao-chu-khong-quan-ly-tai-ban-moi-nhat-p178583281,https://tiki.vn/alex-ferguson-dan-dat-lanh-dao-chu-khong-quan-ly-tai-ban-moi-nhat-p178583281.html,Alex Ferguson: Dẫn Dắt - Lãnh Đạo Chứ Không Quản Lý (Tái Bản Mới Nhất),5.0,3,180000,180000,37.0,843
278630798,ho-chi-minh-tieu-su-bang-hinh-bia-cung-tang-kem-1-bookmark-4-postcard-p278630798,https://tiki.vn/ho-chi-minh-tieu-su-bang-hinh-bia-cung-tang-kem-1-bookmark-4-postcard-p278630798.html,Hồ Chí Minh - Tiểu Sử Bằng Hình - Bìa Cứng - Tặng Kèm 1 Bookmark + 4 Postcard,0.0,0,680000,680000,,843
174315565,combo-2-cuon-sach-chay-troi-khong-khoi-dau-nhat-ki-bi-mat-cua-mot-bac-si-tre-chu-hai-cau-hanh-phuc-p174315565,https://tiki.vn/combo-2-cuon-sach-chay-troi-khong-khoi-dau-nhat-ki-bi-mat-cua-mot-bac-si-tre-chu-hai-cau-hanh-phuc-p174315565.html,Combo 2 Cuốn sách: Chạy Trời Không Khỏi Đau - Nhật Kí Bí Mật Của Một Bác Sĩ Trẻ + Chú Hải Cẩu Hạnh Phúc,0.0,0,110000,110000,2.0,843
703659,sach-tedbooks-con-trai-ke-khung-bo-p703659,https://tiki.vn/sach-tedbooks-con-trai-ke-khung-bo-p703659.html,Sách TedBooks - Con Trai Kẻ Khủng Bố,0.0,0,49500,49500,,843
52278279,bo-02-cuon-linh-bay-tron-bo-p52278279,https://tiki.vn/bo-02-cuon-linh-bay-tron-bo-p52278279.html,Bộ 02 Cuốn Lính Bay (Trọn bộ),4.8,8,470000,470000,53.0,843
279158204,bac-ho-nhung-cau-chuyen-va-bai-hoc-xuat-ban-lan-thu-nam-p279158204,https://tiki.vn/bac-ho-nhung-cau-chuyen-va-bai-hoc-xuat-ban-lan-thu-nam-p279158204.html,Bác Hồ - Những câu chuyện và bài học (Xuất bản lần thứ năm),0.0,0,47000,47000,1.0,843
278788669,sach-danh-ngon-cua-chu-tich-ho-chi-minh-v2044t-p278788669,https://tiki.vn/sach-danh-ngon-cua-chu-tich-ho-chi-minh-v2044t-p278788669.html,Sách Danh Ngôn Của Chủ Tịch Hồ Chí Minh - V2044T,0.0,0,259000,259000,1.0,843
272035210,hawking-hawking-cau-chuyen-ve-mot-huyen-thoai-khoa-hoc-p272035210,https://tiki.vn/hawking-hawking-cau-chuyen-ve-mot-huyen-thoai-khoa-hoc-p272035210.html,Hawking Hawking - Câu Chuyện Về Một Huyền Thoại Khoa Học,0.0,0,399000,339000,,843
159724767,son-vuong-nha-van-nguoi-tu-the-ky-bo-2-cuon-p159724767,https://tiki.vn/son-vuong-nha-van-nguoi-tu-the-ky-bo-2-cuon-p159724767.html,"Sơn Vương - Nhà Văn, Người Tù Thế Kỷ (Bộ 2 Cuốn)",5.0,1,245000,245000,7.0,843
275157331,sach-trang-tan-day-nuoc-llb-p275157331,https://tiki.vn/sach-trang-tan-day-nuoc-llb-p275157331.html,Sách - Trăng Tan Đáy Nước ( LLB),0.0,0,97500,97500,,843
4255309,sach-nhat-ky-dang-thi-thuy-tram-tai-ban-p4255309,https://tiki.vn/sach-nhat-ky-dang-thi-thuy-tram-tai-ban-p4255309.html,Sách Nhật ký Đặng Thị Thùy Trâm (Tái Bản),5.0,12,90000,90000,61.0,843
279008817,sach-hanh-trinh-yeu-thuong-nhat-ki-thien-nhan-tai-ban-2025-p279008817,https://tiki.vn/sach-hanh-trinh-yeu-thuong-nhat-ki-thien-nhan-tai-ban-2025-p279008817.html,Sách - Hành Trình Yêu Thương - Nhật Kí Thiện Nhân (Tái Bản 2025),0.0,0,90000,85500,8.0,843
279059174,sach-truyen-thong-khuyen-hoc-o-nghe-an-qua-tu-lieu-han-nom-tac-gia-le-thi-thu-huong-tritthuctrebooks-p279059174,https://tiki.vn/sach-truyen-thong-khuyen-hoc-o-nghe-an-qua-tu-lieu-han-nom-tac-gia-le-thi-thu-huong-tritthuctrebooks-p279059174.html,Sách - Truyền Thống Khuyến Học Ở Nghệ An Qua Tư Liệu Hán Nôm - Tác giả Lê Thị Thu Hương - Tritthuctrebooks,0.0,0,250000,225000,,843
274660121,sach-ba-don-man-thuat-tram-doc-phan-phoi-p274660121,https://tiki.vn/sach-ba-don-man-thuat-tram-doc-phan-phoi-p274660121.html,Sách: Ba Đồn Mạn Thuật (  Trạm Đọc Phân Phối ),0.0,0,545000,490000,1.0,843
278229146,sach-hoi-ky-am-nhac-p278229146,https://tiki.vn/sach-hoi-ky-am-nhac-p278229146.html,Sách - Hồi Ký Âm Nhạc,0.0,0,395000,347600,1.0,843
194465026,ba-bac-thay-balzac-dickens-dostoevsky-stefan-zweig-nguoi-dich-nguyen-tuan-binh-binh-book-nxb-tri-thuc-bia-mem-p194465026,https://tiki.vn/ba-bac-thay-balzac-dickens-dostoevsky-stefan-zweig-nguoi-dich-nguyen-tuan-binh-binh-book-nxb-tri-thuc-bia-mem-p194465026.html,BA BẬC THẦY BALZAC * DICKENS * DOSTOEVSKY – Stefan Zweig – Người dịch Nguyễn Tuấn Bình – Bình Book - NXB Tri Thức (bìa mềm),0.0,0,159000,159000,3.0,843
279423366,sach-toi-den-duoc-day-la-nho-co-uoc-mo-ay-p279423366,https://tiki.vn/sach-toi-den-duoc-day-la-nho-co-uoc-mo-ay-p279423366.html,Sách - Tôi Đến Được Đây Là Nhờ Có Ước Mơ Ấy,5.0,1,260000,221000,1.0,843
278484898,sach-hanh-trinh-vi-hoa-binh-hoi-uc-nguyen-chi-vinh-bia-mem-p278484898,https://tiki.vn/sach-hanh-trinh-vi-hoa-binh-hoi-uc-nguyen-chi-vinh-bia-mem-p278484898.html,Sách - Hành Trình Vì Hòa Bình (Hồi Ức Nguyễn Chí Vịnh) - Bìa Mềm,0.0,0,240000,204000,,843
269957746,mot-nguoi-viet-tram-lang-pham-xuan-an-diep-vien-thach-thuc-nuoc-my-jean-claude-pomonti-nguyen-van-su-dich-first-news-p269957746,https://tiki.vn/mot-nguoi-viet-tram-lang-pham-xuan-an-diep-vien-thach-thuc-nuoc-my-jean-claude-pomonti-nguyen-van-su-dich-first-news-p269957746.html,"MỘT NGƯỜI VIỆT TRẦM LẶNG (Phạm Xuân Ẩn, Điệp viên thách thức nước Mỹ!) - Jean Claude Pomonti – Nguyễn Văn Sự dịch – First News",0.0,0,92000,87000,,843
109886094,manh-tu-bia-cung-p109886094,https://tiki.vn/manh-tu-bia-cung-p109886094.html,MẠNH TỬ (Bìa cứng),4.5,4,268000,268000,225.0,843
205809956,diep-vien-hoan-hao-x6-pham-xuan-an-tai-ban-nam-2022-bia-cung-p205809956,https://tiki.vn/diep-vien-hoan-hao-x6-pham-xuan-an-tai-ban-nam-2022-bia-cung-p205809956.html,Điệp Viên Hoàn Hảo X6 - Phạm Xuân Ẩn (Tái bản năm 2022) (Bìa cứng),0.0,0,188000,188000,1.0,843
247945499,giai-thuong-pulitzer-1998-binh-yen-nuoc-m-y-philip-roth-kieu-hoa-va-thuy-quynh-dich-bach-viet-nxb-lao-dong-bia-mem-p247945499,https://tiki.vn/giai-thuong-pulitzer-1998-binh-yen-nuoc-m-y-philip-roth-kieu-hoa-va-thuy-quynh-dich-bach-viet-nxb-lao-dong-bia-mem-p247945499.html,(Giải thưởng Pulitzer 1998) BÌNH YÊN NƯỚC M Ỹ – Philip Roth – Kiều Hòa và Thúy Quỳnh dịch – Bách Việt – NXB Lao Động (Bìa mềm),4.0,1,188000,188000,1.0,843
207642726,duoc-hoc-p207642726,https://tiki.vn/duoc-hoc-p207642726.html,Được Học,0.0,0,182000,163800,6.0,843
109875938,khong-tu-bia-cung-p109875938,https://tiki.vn/khong-tu-bia-cung-p109875938.html,KHỔNG TỬ (Bìa cứng),4.7,6,298000,298000,37.0,843
190353064,combo-2-cuon-nhat-ky-chien-tranh-nhat-ky-dang-thi-thuy-tram-nhat-ky-anne-frank-p190353064,https://tiki.vn/combo-2-cuon-nhat-ky-chien-tranh-nhat-ky-dang-thi-thuy-tram-nhat-ky-anne-frank-p190353064.html,Combo 2 cuốn Nhật Ký Chiến Tranh: Nhật ký Đặng Thị Thùy Trâm + Nhật Ký Anne Frank,0.0,0,188000,188000,,843
277865260,sach-dai-thang-mua-xuan-1975-ban-hung-ca-chien-thang-thoi-dai-ho-chi-minh-p277865260,https://tiki.vn/sach-dai-thang-mua-xuan-1975-ban-hung-ca-chien-thang-thoi-dai-ho-chi-minh-p277865260.html,Sách Đại thắng mùa Xuân 1975 - Bản hùng ca chiến thắng thời đại Hồ Chí Minh,5.0,1,231000,231000,2.0,843
278902968,sach-toi-den-gan-nhu-dem-tieu-thuyet-joanna-bator-p278902968,https://tiki.vn/sach-toi-den-gan-nhu-dem-tieu-thuyet-joanna-bator-p278902968.html,Sách - TỐI ĐEN GẦN NHƯ ĐÊM - Tiểu thuyết - Joanna Bator,0.0,0,236000,212400,,843
278687969,giac-mo-kangaroo-p278687969,https://tiki.vn/giac-mo-kangaroo-p278687969.html,Giấc Mơ Kangaroo,5.0,1,259000,259000,28.0,843
272731122,ong-tuong-tinh-bao-bi-an-va-nhung-diep-vu-sieu-hang-p272731122,https://tiki.vn/ong-tuong-tinh-bao-bi-an-va-nhung-diep-vu-sieu-hang-p272731122.html,Ông Tướng Tình Báo Bí Ẩn Và Những Điệp Vụ Siêu Hạng,0.0,0,118000,112000,1.0,843
278824154,dieu-ky-dieu-o-vuong-quoc-sach-naoki-matayoshi-shinsuke-yoshitake-min-trong-suot-dich-first-news-nxb-dan-tri-p278824154,https://tiki.vn/dieu-ky-dieu-o-vuong-quoc-sach-naoki-matayoshi-shinsuke-yoshitake-min-trong-suot-dich-first-news-nxb-dan-tri-p278824154.html,"ĐIỀU KỲ DIỆU Ở VƯƠNG QUỐC SÁCH – Naoki Matayoshi, Shinsuke Yoshitake - Min Trong Suốt dịch – First News – NXB Dân Trí",0.0,0,131000,131000,,843
279284384,combo-2-cuon-nguoi-thay-hanh-trinh-vi-hoa-binh-nguyen-chi-vinh-nxb-quan-doi-nhan-dan-p279284384,https://tiki.vn/combo-2-cuon-nguoi-thay-hanh-trinh-vi-hoa-binh-nguyen-chi-vinh-nxb-quan-doi-nhan-dan-p279284384.html,Combo 2 cuốn: NGƯỜI THẦY + HÀNH TRÌNH VÌ HÒA BÌNH – Nguyễn Chí Vịnh - NXB Quân đội Nhân dân,0.0,0,505000,505000,,843
253107892,tu-bach-thanh-augustine-p253107892,https://tiki.vn/tu-bach-thanh-augustine-p253107892.html,Tự Bạch - Thánh Augustine,0.0,0,258000,219000,33.0,843
277369757,mot-nu-cuoi-nao-do-p277369757,https://tiki.vn/mot-nu-cuoi-nao-do-p277369757.html,Một Nụ Cười Nào Đó,5.0,2,67080,67080,2.0,843
225971253,chiec-thia-bac-tac-pham-van-hoc-kinh-dien-vi-dai-nhat-ban-p225971253,https://tiki.vn/chiec-thia-bac-tac-pham-van-hoc-kinh-dien-vi-dai-nhat-ban-p225971253.html,Chiếc Thìa Bạc (Tác Phẩm Văn Học Kinh Điển Vĩ Đại Nhật Bản),0.0,0,169000,169000,,843
274957837,bo-ba-tieu-thuyet-dat-lanh-doi-con-ly-tan-dua-ta-ve-manh-dat-lanh-cua-pearl-s-buck-sau-20-nam-vang-bong-bestbooks-binh-book-p274957837,https://tiki.vn/bo-ba-tieu-thuyet-dat-lanh-doi-con-ly-tan-dua-ta-ve-manh-dat-lanh-cua-pearl-s-buck-sau-20-nam-vang-bong-bestbooks-binh-book-p274957837.html,"Bộ Ba Tiểu Thuyết (ĐẤT LÀNH - ĐỜI CON - LY TÁN) (Đưa ta về mảnh ""đất lành"" của PEARL S. BUCK sau 20 năm vắng bóng (BESTBOOKS - BÌNH BOOK)",0.0,0,717600,717600,,843
278351659,bo-sach-kinh-dien-khai-pha-noi-tam-cung-carl-jung-con-nguoi-va-bieu-tuong-bia-cung-nha-nam-ban-do-tam-hon-con-nguoi-cua-jung-hoi-uc-giac-mo-suy-ngam-omega-plus-p278351659,https://tiki.vn/bo-sach-kinh-dien-khai-pha-noi-tam-cung-carl-jung-con-nguoi-va-bieu-tuong-bia-cung-nha-nam-ban-do-tam-hon-con-nguoi-cua-jung-hoi-uc-giac-mo-suy-ngam-omega-plus-p278351659.html,"Bộ Sách Kinh Điển Khai Phá Nội Tâm Cùng Carl Jung: Con Người Và Biểu Tượng (Bìa Cứng) - Nhã Nam + Bản Đồ Tâm Hồn Con Người Của Jung + Hồi Ức, Giấc Mơ, Suy Ngẫm - Omega Plus",0.0,0,189000,170000,5.0,843
247717648,loan-tu-cuoc-doi-cua-mot-con-chim-phuong-hoang-isabelle-muller-truong-hong-quang-dich-bia-mem-p247717648,https://tiki.vn/loan-tu-cuoc-doi-cua-mot-con-chim-phuong-hoang-isabelle-muller-truong-hong-quang-dich-bia-mem-p247717648.html,LOAN - từ cuộc đời của một con chim Phượng Hoàng - Isabelle Muller - Trương Hồng Quang dịch - (bìa mềm),0.0,0,170000,170000,,843
278457995,chuyen-hoi-do-p278457995,https://tiki.vn/chuyen-hoi-do-p278457995.html,Chuyện Hồi Đó,5.0,2,315000,315000,25.0,843
206361297,nguoi-ba-tai-gioi-vung-saga-p206361297,https://tiki.vn/nguoi-ba-tai-gioi-vung-saga-p206361297.html,Người Bà Tài Giỏi Vùng Saga,0.0,0,128000,128000,5.0,843
176080849,cuoc-doi-ky-la-cua-nikola-tesla-tai-ban-2022-p176080849,https://tiki.vn/cuoc-doi-ky-la-cua-nikola-tesla-tai-ban-2022-p176080849.html,Cuộc Đời Kỳ Lạ Của Nikola Tesla (Tái Bản 2022),0.0,0,100000,95000,7.0,843
417251,sach-nam-thang-nhoc-nhan-nam-thang-nho-thuong-p417251,https://tiki.vn/sach-nam-thang-nhoc-nhan-nam-thang-nho-thuong-p417251.html,Sách Năm Tháng Nhọc Nhằn Năm Tháng Nhớ Thương,4.8,6,77000,77000,81.0,843
277608659,chu-tich-ho-chi-minh-tieu-su-va-su-nghiep-p277608659,https://tiki.vn/chu-tich-ho-chi-minh-tieu-su-va-su-nghiep-p277608659.html,Chủ tịch Hồ Chí Minh - Tiểu sử và sự nghiệp,5.0,1,72000,72000,3.0,843
253297510,on-writing-a-memoir-of-the-craft-chuyen-nghe-viet-va-goc-khuat-cuoc-doi-cua-ong-hoang-kinh-di-stephen-king-p253297510,https://tiki.vn/on-writing-a-memoir-of-the-craft-chuyen-nghe-viet-va-goc-khuat-cuoc-doi-cua-ong-hoang-kinh-di-stephen-king-p253297510.html,On Writing A Memoir Of The Craft - Chuyện Nghề Viết Và Góc Khuất Cuộc Đời Của Ông Hoàng Kinh Dị - Stephen King,5.0,7,219000,164250,119.0,843
279299393,chan-cung-da-mem-hoi-ky-xuan-phuong-nxb-tong-hop-tp-hcm-p279299393,https://tiki.vn/chan-cung-da-mem-hoi-ky-xuan-phuong-nxb-tong-hop-tp-hcm-p279299393.html,CHÂN CỨNG ĐÁ MỀM – Hồi ký – Xuân Phượng – NXB Tổng hợp TP.HCM,0.0,0,150000,150000,2.0,843
272181775,ho-i-ky-ly-quang-die-u-ta-p-2-the-gio-i-thu-ba-vuon-len-thu-nha-t-ly-quang-die-u-p272181775,https://tiki.vn/ho-i-ky-ly-quang-die-u-ta-p-2-the-gio-i-thu-ba-vuon-len-thu-nha-t-ly-quang-die-u-p272181775.html,Hồi Ký Lý Quang Diệu Tập 2 - Thế Giới Thứ Ba Vươn Lên Thứ Nhất (Lý Quang Diệu),0.0,0,459000,390000,8.0,843
263680598,hanh-trinh-mot-doi-nguoi-nhung-duc-ket-tu-15-nam-o-vi-tri-ceo-cong-ty-walt-disney_tre-p263680598,https://tiki.vn/hanh-trinh-mot-doi-nguoi-nhung-duc-ket-tu-15-nam-o-vi-tri-ceo-cong-ty-walt-disney_tre-p263680598.html,Hành Trình Một Đời Người: Những Đúc Kết Từ 15 Năm Ở Vị Trí Ceo Công Ty Walt Disney_TRE,0.0,0,160000,160000,1.0,843
277774827,gia-dinh-ban-be-va-dat-nuoc-hoi-ky-nguyen-thi-binh-bia-cung-ban-quyen-p277774827,https://tiki.vn/gia-dinh-ban-be-va-dat-nuoc-hoi-ky-nguyen-thi-binh-bia-cung-ban-quyen-p277774827.html,"Gia Đình, Bạn Bè Và Đất Nước (Hồi Ký Nguyễn Thị Bình) - Bìa Cứng - Bản Quyền",0.0,0,224000,212000,8.0,843
278296316,pham-xuan-an-ten-nguoi-nhu-cuoc-doi-tai-ban-nam-2024-p278296316,https://tiki.vn/pham-xuan-an-ten-nguoi-nhu-cuoc-doi-tai-ban-nam-2024-p278296316.html,Phạm Xuân Ẩn: Tên Người Như Cuộc Đời (Tái bản năm 2024),5.0,1,120000,114000,5.0,843
273511709,dang-thai-mai-hoi-ky-nhieu-tac-gia-bia-mem-p273511709,https://tiki.vn/dang-thai-mai-hoi-ky-nhieu-tac-gia-bia-mem-p273511709.html,ĐẶNG THAI MAI HỒI KÝ - Nhiều tác giả - (bìa mềm),0.0,0,124000,124000,,843
196028623,chop-mat-thay-doi-cuoc-doi-take-a-nap-change-your-life-p196028623,https://tiki.vn/chop-mat-thay-doi-cuoc-doi-take-a-nap-change-your-life-p196028623.html,Chợp Mắt! Thay Đổi Cuộc Đời - Take A Nap! Change Your Life,0.0,0,158000,158000,,843
252885503,thanh-nghiem-tu-truyen-p252885503,https://tiki.vn/thanh-nghiem-tu-truyen-p252885503.html,Thánh Nghiêm tự truyện,0.0,0,88000,88000,,843
274851866,nhung-mau-chuyen-ve-tam-guong-dao-duc-ho-chi-minhtap-2-ban-in-2024-p274851866,https://tiki.vn/nhung-mau-chuyen-ve-tam-guong-dao-duc-ho-chi-minhtap-2-ban-in-2024-p274851866.html,Những mẩu chuyện về tấm gương đạo đức Hồ Chí MinhTập 2 (bản in 2024),0.0,0,68000,68000,2.0,843
82387010,hon-tuyet-lan-cuoc-doi-va-su-nghiep-cua-warren-buffett-p82387010,https://tiki.vn/hon-tuyet-lan-cuoc-doi-va-su-nghiep-cua-warren-buffett-p82387010.html,Hòn Tuyết Lăn - Cuộc Đời Và Sự Nghiệp Của Warren Buffett,0.0,0,685000,685000,10.0,843
279136927,sach-day-ma-di-nhat-ky-song-va-chien-dau-p279136927,https://tiki.vn/sach-day-ma-di-nhat-ky-song-va-chien-dau-p279136927.html,Sách - Dậy mà đi - Nhật ký sống và chiến đấu,0.0,0,135000,135000,,843
207360246,ganh-ganh-gong-gong-nguyen-thi-xuan-phuong-nxb-tong-hop-tp-ho-chi-minh-bia-mem-p207360246,https://tiki.vn/ganh-ganh-gong-gong-nguyen-thi-xuan-phuong-nxb-tong-hop-tp-ho-chi-minh-bia-mem-p207360246.html,GÁNH GÁNH ... GỒNG GỒNG ... - Nguyễn Thị Xuân Phượng – Nxb Tổng hợp Tp Hồ Chí Minh (bìa mềm),0.0,0,160000,160000,1.0,843
273401486,viet-lai-ma-su-song-jennifer-doudna-chinh-sua-gen-va-tuong-lai-loai-nguoi-p273401486,https://tiki.vn/viet-lai-ma-su-song-jennifer-doudna-chinh-sua-gen-va-tuong-lai-loai-nguoi-p273401486.html,"Viết Lại Mã Sự Sống - Jennifer Doudna, Chỉnh Sửa Gen Và Tương Lai Loài Người",5.0,3,345000,293000,35.0,843
278129664,nhin-lai-qua-khu-hoi-ky-tan-tham-kich-va-nhung-bai-hoc-ve-viet-nam-p278129664,https://tiki.vn/nhin-lai-qua-khu-hoi-ky-tan-tham-kich-va-nhung-bai-hoc-ve-viet-nam-p278129664.html,Nhìn lại quá khứ ( Hồi ký) - Tấn thảm kịch và những bài học về Việt Nam,0.0,0,299000,284000,2.0,843
272406387,vuong-hong-sen-thu-choi-sach-nxbt-p272406387,https://tiki.vn/vuong-hong-sen-thu-choi-sach-nxbt-p272406387.html,Vương Hồng Sển - Thú chơi sách (NXBT),0.0,0,170000,170000,1.0,843
171625584,hoi-ky-alex-ferguson-p171625584,https://tiki.vn/hoi-ky-alex-ferguson-p171625584.html,Hồi ký Alex Ferguson,0.0,0,175000,175000,2.0,843
278863305,sach-dien-bien-phu-tren-khong-ban-anh-hung-ca-duoi-troi-ruc-lua-tang-kem-standee-doc-quyen-fahasa-p278863305,https://tiki.vn/sach-dien-bien-phu-tren-khong-ban-anh-hung-ca-duoi-troi-ruc-lua-tang-kem-standee-doc-quyen-fahasa-p278863305.html,Sách - Điện Biên Phủ Trên Không - Bản Anh Hùng Ca Dưới Trời Rực Lửa - Tặng Kèm Standee - Độc Quyền Fahasa,0.0,0,187000,158900,4.0,843
249535130,lich-su-viet-nam-bang-tranh-ban-mau-hop-16-cuon-p249535130,https://tiki.vn/lich-su-viet-nam-bang-tranh-ban-mau-hop-16-cuon-p249535130.html,Lịch Sử Việt Nam Bằng Tranh - Bản Màu (Hộp 16 Cuốn),0.0,0,1050000,1050000,,843
270223741,thi-nhan-viet-nam-1932-1941-p270223741,https://tiki.vn/thi-nhan-viet-nam-1932-1941-p270223741.html,Thi Nhân Việt Nam [1932-1941],0.0,0,110000,110000,,843
277865269,sach-ve-cac-tong-thong-my-trong-cuoc-chien-tranh-xam-luoc-viet-nam-xuat-ban-lan-thu-ba-co-sua-chua-p277865269,https://tiki.vn/sach-ve-cac-tong-thong-my-trong-cuoc-chien-tranh-xam-luoc-viet-nam-xuat-ban-lan-thu-ba-co-sua-chua-p277865269.html,"Sách Về các Tổng thống Mỹ trong cuộc chiến tranh xâm lược Việt Nam (Xuất bản lần thứ ba, có sửa chữa)",0.0,0,282000,282000,1.0,843
279257718,nhat-ky-chien-truong-p279257718,https://tiki.vn/nhat-ky-chien-truong-p279257718.html,Nhật ký chiến trường,5.0,1,86000,86000,4.0,843
176775793,trinh-cong-son-toi-la-ai-la-ai-p176775793,https://tiki.vn/trinh-cong-son-toi-la-ai-la-ai-p176775793.html,"Trịnh Công Sơn - Tôi Là Ai, Là Ai",5.0,2,240000,240000,11.0,843
279134461,doan-tu-huyen-mot-nghe-nhan-ban-gioi-han-h365-bia-cung-p279134461,https://tiki.vn/doan-tu-huyen-mot-nghe-nhan-ban-gioi-han-h365-bia-cung-p279134461.html,"Đoàn Tử Huyến - Một nghệ nhân (Bản giới hạn H365, Bìa cứng)",0.0,0,398000,398000,,843
278836644,hoi-ky-dwight-d-eisenhower-sach-mien-trung-p278836644,https://tiki.vn/hoi-ky-dwight-d-eisenhower-sach-mien-trung-p278836644.html,HỒI KÝ DWIGHT D. EISENHOWER – Sách Miền Trung,0.0,0,413000,413000,,843
274791259,mua-xuan-vang-lang-mua-thu-chet-choc-cua-chien-tranh-viet-nam-p274791259,https://tiki.vn/mua-xuan-vang-lang-mua-thu-chet-choc-cua-chien-tranh-viet-nam-p274791259.html,Mùa Xuân Vắng Lặng - Mùa Thu Chết Chóc Của Chiến Tranh Việt Nam,5.0,1,158000,158000,3.0,843
278508118,nu-nhan-pb-p278508118,https://tiki.vn/nu-nhan-pb-p278508118.html,Nữ Nhân (PB),0.0,0,386000,374420,,843
274820875,sach-tam-quoc-dien-nghia-quyen-2-p274820875,https://tiki.vn/sach-tam-quoc-dien-nghia-quyen-2-p274820875.html,SÁCH - tam quốc diễn nghĩa (quyển 2),0.0,0,175000,175000,1.0,843
99155775,sach-doi-toi-song-nhac-bay-len-p99155775,https://tiki.vn/sach-doi-toi-song-nhac-bay-len-p99155775.html,Sách Đời Tôi Sóng Nhạc Bay Lên,5.0,1,50000,48500,2.0,843
138334603,phut-89-tu-truyen-le-cong-vinh-p138334603,https://tiki.vn/phut-89-tu-truyen-le-cong-vinh-p138334603.html,Phút 89 - Tự Truyện Lê Công Vinh,0.0,0,155000,155000,13.0,843
278360442,sach-theo-dau-chan-nguoi-p278360442,https://tiki.vn/sach-theo-dau-chan-nguoi-p278360442.html,￼Sách - Theo dấu chân người,0.0,0,175000,175000,5.0,843
277327478,sach-song-de-phieu-luu-nhung-cuoc-tham-hiem-cua-ong-nam-yersin-nha-nam-hcm-p277327478,https://tiki.vn/sach-song-de-phieu-luu-nhung-cuoc-tham-hiem-cua-ong-nam-yersin-nha-nam-hcm-p277327478.html,Sách - Sống để phiêu lưu: Những cuộc thám hiểm của ông Năm Yersin (Nhã Nam HCM),5.0,1,90000,81000,2.0,843
251395040,ban-do-tam-hon-con-nguoi-cua-jung-p251395040,https://tiki.vn/ban-do-tam-hon-con-nguoi-cua-jung-p251395040.html,Bản Đồ Tâm Hồn Con Người Của Jung,0.0,0,189000,170000,39.0,843
205696908,ky-uc-theo-dong-doi-p205696908,https://tiki.vn/ky-uc-theo-dong-doi-p205696908.html,Ký Ức Theo Dòng Đời,5.0,1,218000,218000,7.0,843
219148110,sach-cac-buc-thu-hay-nhat-the-gioi-ky-niem-50-nam-cuoc-thi-viet-thu-quoc-te-upu-1971-2021-p219148110,https://tiki.vn/sach-cac-buc-thu-hay-nhat-the-gioi-ky-niem-50-nam-cuoc-thi-viet-thu-quoc-te-upu-1971-2021-p219148110.html,Sách Các bức thư hay nhất thế giới Kỷ niệm 50 năm cuộc thi viết thư Quốc tế UPU (1971-2021),0.0,0,106250,85000,4.0,843
275724224,xuan-phuong-khac-di-khac-den-p275724224,https://tiki.vn/xuan-phuong-khac-di-khac-den-p275724224.html,Xuân Phượng- Khắc đi...Khắc đến,0.0,0,150000,142000,2.0,843
278740037,combo-tam-long-voi-dat-nuoc-bia-cung-hoi-ky-nguyen-thi-binh-gia-dinh-ban-be-dat-nuoc-bia-cung-p278740037,https://tiki.vn/combo-tam-long-voi-dat-nuoc-bia-cung-hoi-ky-nguyen-thi-binh-gia-dinh-ban-be-dat-nuoc-bia-cung-p278740037.html,"Combo Tấm Lòng Với Đất Nước ( Bìa Cứng ) + Hồi Ký Nguyễn Thị Bình - Gia Đình, Bạn Bè, Đất Nước ( Bìa Cứng )",0.0,0,613000,582000,,843
278567426,sach-chu-nghia-duy-tam-duc-tu-i-kant-toi-g-w-f-hegel-p278567426,https://tiki.vn/sach-chu-nghia-duy-tam-duc-tu-i-kant-toi-g-w-f-hegel-p278567426.html,Sách - Chủ nghĩa duy tâm Đức - Từ I. KANT TỚI G.W.F. HEGEL,5.0,1,220000,220000,5.0,843
273468767,tram-doc-van-gogh-the-life-p273468767,https://tiki.vn/tram-doc-van-gogh-the-life-p273468767.html,Trạm Đọc | Van Gogh The Life,0.0,0,789000,789000,,843
274377570,hoi-uc-quang-tri-nguyen-thuy-kha-suu-tam-bien-soan-p274377570,https://tiki.vn/hoi-uc-quang-tri-nguyen-thuy-kha-suu-tam-bien-soan-p274377570.html,Hồi Ức Quảng Trị - Nguyễn Thụy Kha (sưu tầm & biên soạn),5.0,1,104000,98800,13.0,843
277772499,combo-hoi-ky-nguyen-thi-binh-gia-dinh-ban-be-dat-nuoc-bia-mem-tu-song-ben-hai-den-dinh-doc-lap-p277772499,https://tiki.vn/combo-hoi-ky-nguyen-thi-binh-gia-dinh-ban-be-dat-nuoc-bia-mem-tu-song-ben-hai-den-dinh-doc-lap-p277772499.html,"Combo Hồi Ký Nguyễn Thị Bình - Gia Đình, Bạn Bè, Đất Nước (Bìa Mềm) + Từ Sông Bến Hải Đến Dinh Độc Lập ",0.0,0,378000,313000,7.0,843
273365573,bia-cung-tieu-su-elon-musk-walter-isaacson-nhieu-dich-gia-ban-pho-thong-p273365573,https://tiki.vn/bia-cung-tieu-su-elon-musk-walter-isaacson-nhieu-dich-gia-ban-pho-thong-p273365573.html,(Bìa Cứng) TIỂU SỬ ELON MUSK - Walter Isaacson - Nhiều dịch giả - (bản phổ thông),0.0,0,499000,424000,1.0,843
277562582,tu-song-ben-hai-den-dinh-doc-lap-tac-gia-thieu-tuong-hoang-dan-p277562582,https://tiki.vn/tu-song-ben-hai-den-dinh-doc-lap-tac-gia-thieu-tuong-hoang-dan-p277562582.html,Từ Sông Bến Hải Đến Dinh Độc Lập (Tác giả: Thiếu Tướng Hoàng Đan),0.0,0,219000,153000,3.0,843
69248400,sach-chau-phi-nghin-trung-p69248400,https://tiki.vn/sach-chau-phi-nghin-trung-p69248400.html,Sách Châu Phi Nghìn Trùng,5.0,6,165000,148500,33.0,843
241628099,nguoi-thay-nguyen-chi-vinh-cuon-sach-ve-nha-tinh-bao-noi-tieng-ong-ba-quoc-p241628099,https://tiki.vn/nguoi-thay-nguyen-chi-vinh-cuon-sach-ve-nha-tinh-bao-noi-tieng-ong-ba-quoc-p241628099.html,"Người Thầy - Nguyễn Chí Vịnh (Cuốn sách về nhà tình báo nổi tiếng ""ông Ba Quốc"")",5.0,4,270000,270000,85.0,843
276376397,combo-le-tu-truyen-benjamin-franklin-tieu-su-elon-musk-tieu-su-steve-jobs-einstein-cuoc-doi-va-vu-tru-tieu-su-leonardo-da-vinci-p276376397,https://tiki.vn/combo-le-tu-truyen-benjamin-franklin-tieu-su-elon-musk-tieu-su-steve-jobs-einstein-cuoc-doi-va-vu-tru-tieu-su-leonardo-da-vinci-p276376397.html,Combo/Lẻ Sách Của Tác Giả Walter Isaacson: Tự Truyện Benjamin Franklin + Tiểu Sử Elon Musk + Tiểu Sử Steve Jobs + Einstein - Cuộc Đời Và Vũ Trụ + Tiểu Sử Leonardo Da Vinci,5.0,1,109000,92600,15.0,843
152875147,sach-mien-dat-hua-a-promised-land-barack-obama-bia-cung-p152875147,https://tiki.vn/sach-mien-dat-hua-a-promised-land-barack-obama-bia-cung-p152875147.html,Sách Miền Đất Hứa (A Promised Land) - Barack Obama (Bìa Cứng),0.0,0,768000,652800,,843
275970370,doc-thoai-khai-huyen-hamvas-bela-nguyen-hong-nhung-dich-nxb-tri-thuc-p275970370,https://tiki.vn/doc-thoai-khai-huyen-hamvas-bela-nguyen-hong-nhung-dich-nxb-tri-thuc-p275970370.html,ĐỘC THOẠI KHẢI HUYỀN - Hamvas Béla - Nguyễn Hồng Nhung dịch - NXB Tri Thức,0.0,0,238000,238000,,843
77222824,sach-thoai-thuc-ky-van-bia-cung-ban-co-chu-ky-p77222824,https://tiki.vn/sach-thoai-thuc-ky-van-bia-cung-ban-co-chu-ky-p77222824.html,Sách - Thoái thực ký văn (Bìa cứng) - BẢN CÓ CHỮ KÝ,0.0,0,345000,345000,1.0,843
214498501,mot-chien-dich-o-bac-ky-p214498501,https://tiki.vn/mot-chien-dich-o-bac-ky-p214498501.html,Một chiến dịch ở Bắc Kỳ,0.0,0,499000,499000,,843
1670617,sach-toi-noi-gi-khi-noi-ve-chay-bo-tai-ban-2018-p1670617,https://tiki.vn/sach-toi-noi-gi-khi-noi-ve-chay-bo-tai-ban-2018-p1670617.html,Sách Tôi Nói Gì Khi Nói Về Chạy Bộ (Tái Bản 2018),0.0,0,92000,92000,5.0,843
127031825,sach-lang-thang-trong-chu-ho-anh-thai-p127031825,https://tiki.vn/sach-lang-thang-trong-chu-ho-anh-thai-p127031825.html,Sách-Lang Thang Trong Chữ-Hồ Anh Thái,0.0,0,72000,72000,3.0,843
271336796,dong-doi-hoi-ky-elvis-phuong-p271336796,https://tiki.vn/dong-doi-hoi-ky-elvis-phuong-p271336796.html,Dòng Đời (Hồi ký Elvis Phương),5.0,2,279000,279000,11.0,843
242492705,nguyen-hien-le-cuoc-doi-va-tac-pham-chau-hai-ky-p242492705,https://tiki.vn/nguyen-hien-le-cuoc-doi-va-tac-pham-chau-hai-ky-p242492705.html,Nguyễn Hiến Lê Cuộc Đời Và Tác Phẩm -  Châu Hải Kỳ,0.0,0,165000,165000,3.0,843
247796640,combo-2-cuon-tac-gia-isabelle-m-ller-loan-tu-cuoc-doi-cua-mot-con-chim-phuong-hoang-con-gai-cua-chim-phuong-hoang-hy-vong-la-con-duong-cua-toi-truong-hong-quang-dich-nxb-tong-hop-tp-ho-chi-minh-bia-mem-p247796640,https://tiki.vn/combo-2-cuon-tac-gia-isabelle-m-ller-loan-tu-cuoc-doi-cua-mot-con-chim-phuong-hoang-con-gai-cua-chim-phuong-hoang-hy-vong-la-con-duong-cua-toi-truong-hong-quang-dich-nxb-tong-hop-tp-ho-chi-minh-bia-mem-p247796640.html,(Combo 2 cuốn tác giả Isabelle Müller) LOAN - TỪ CUỘC ĐỜI CỦA MỘT CON CHIM PHƯỢNG HOÀNG - CON GÁI CỦA CHIM PHƯỢNG HOÀNG - Hy vọng là con đường của tôi – Trương Hồng Quang dịch - Nxb Tổng hợp Tp Hồ Chí Minh (bìa mềm),0.0,0,320000,320000,,843
257609037,toi-biet-tai-sao-chim-trong-long-van-hot-tu-truyen-gioi-thieu-boi-oprah-winfrey-an-ban-2023-p257609037,https://tiki.vn/toi-biet-tai-sao-chim-trong-long-van-hot-tu-truyen-gioi-thieu-boi-oprah-winfrey-an-ban-2023-p257609037.html,Tôi Biết Tại Sao Chim Trong Lồng Vẫn Hót (Tự truyện) – Giới thiệu bởi Oprah Winfrey ( Ấn Bản 2023 ),0.0,0,159200,159200,5.0,843
267099374,ganh-ganh-gong-gong-p267099374,https://tiki.vn/ganh-ganh-gong-gong-p267099374.html,Gánh Gánh Gồng Gồng,0.0,0,160000,160000,,843
67869935,sach-khi-hoi-tho-hoa-thinh-khong-tang-kem-bo-bookmark-tiki-gia-dinh-yeu-thuong-p67869935,https://tiki.vn/sach-khi-hoi-tho-hoa-thinh-khong-tang-kem-bo-bookmark-tiki-gia-dinh-yeu-thuong-p67869935.html,Sách Khi Hơi Thở Hóa Thinh Không (Tặng Kèm Bộ Bookmark TiKi Gia Đình Yêu Thương),5.0,2,109000,109000,2.0,843
217522603,tinh-binh-tuong-nho-phi-nhung-bia-cung-p217522603,https://tiki.vn/tinh-binh-tuong-nho-phi-nhung-bia-cung-p217522603.html,Tịnh Bình - Tưởng nhớ Phi Nhung (Bìa cứng),0.0,0,450000,450000,,843
262060161,dinh-menh-chien-tranh-p262060161,https://tiki.vn/dinh-menh-chien-tranh-p262060161.html,Định Mệnh Chiến Tranh,0.0,0,246000,246000,,843
277941211,sach-chan-tran-chi-thep-tai-ban-2022-p277941211,https://tiki.vn/sach-chan-tran-chi-thep-tai-ban-2022-p277941211.html,Sách Chân Trần Chí Thép (Tái Bản 2022),0.0,0,172000,172000,3.0,843
191494268,thien-dia-hoi-an-nam-gian-tu-hai-p191494268,https://tiki.vn/thien-dia-hoi-an-nam-gian-tu-hai-p191494268.html, Thiên Địa Hội An Nam ( Giản Tư Hải ),0.0,0,168643,168643,,843
248977528,tuyen-tap-du-ky-dang-xuan-vien-bia-mem-p248977528,https://tiki.vn/tuyen-tap-du-ky-dang-xuan-vien-bia-mem-p248977528.html,Tuyển Tập Du Ký - Đặng Xuân Viện - (bìa mềm),0.0,0,110500,110500,,843
177999951,khoe-hon-10-tuoi-nho-uong-nuoc-dung-cach-p177999951,https://tiki.vn/khoe-hon-10-tuoi-nho-uong-nuoc-dung-cach-p177999951.html,Khỏe Hơn 10 Tuổi Nhờ Uống Nước Đúng Cách,0.0,0,189000,189000,,843
169887038,hoi-uc-mot-si-quan-tuy-vien-p169887038,https://tiki.vn/hoi-uc-mot-si-quan-tuy-vien-p169887038.html,Hồi Ức Một Sĩ Quan Tùy Viên,0.0,0,268000,241200,,843
279049309,sach-song-co-ich-first-news-p279049309,https://tiki.vn/sach-song-co-ich-first-news-p279049309.html,Sách Sống Có Ích - First News,0.0,0,148000,125800,4.0,843
277979460,sach-mot-thang-o-nam-ky-p277979460,https://tiki.vn/sach-mot-thang-o-nam-ky-p277979460.html,Sách - Một Tháng Ở Nam Kỳ,0.0,0,99000,84000,,843
248957293,tu-truyen-benjamin-franklin-p248957293,https://tiki.vn/tu-truyen-benjamin-franklin-p248957293.html,Tự Truyện Benjamin Franklin,0.0,0,109000,92600,1.0,843
214582233,sach-diem-bao-va-su-menh-tac-gia-michael-lewis-p214582233,https://tiki.vn/sach-diem-bao-va-su-menh-tac-gia-michael-lewis-p214582233.html,Điềm báo và sứ mệnh - Tác giả Michael Lewis,0.0,0,251900,251900,1.0,843
273354482,lien-va-dong-chay-nghia-tinh-p273354482,https://tiki.vn/lien-va-dong-chay-nghia-tinh-p273354482.html,Liên Và Dòng Chảy Nghĩa Tình,0.0,0,100000,100000,,843
278819808,sam-altman-nguoi-kien-tao-cuoc-choi-ai-toan-cau-chu-hang-tinh-linh-chi-dich-alpha-books-p278819808,https://tiki.vn/sam-altman-nguoi-kien-tao-cuoc-choi-ai-toan-cau-chu-hang-tinh-linh-chi-dich-alpha-books-p278819808.html,SAM ALTMAN - Người Kiến Tạo Cuộc Chơi AI Toàn Cầu - Chu Hằng Tinh - Linh Chi dịch - Alpha Books,0.0,0,249000,211000,2.0,843
278015335,hoi-ky-nguyen-thi-binh-gia-dinh-ban-be-va-dat-nuoc-st-p278015335,https://tiki.vn/hoi-ky-nguyen-thi-binh-gia-dinh-ban-be-va-dat-nuoc-st-p278015335.html,"Hồi Ký Nguyễn Thị Bình - Gia Đình, Bạn Bè Và Đất Nước - ST",0.0,0,159000,159000,1.0,843
277841246,combo-le-hoi-ky-nguyen-thi-binh-gia-dinh-ban-be-va-dat-nuoc-bia-mem-thanh-pho-ho-chi-minh-gio-khac-so-0-tu-song-ben-hai-den-dinh-doc-lap-p277841246,https://tiki.vn/combo-le-hoi-ky-nguyen-thi-binh-gia-dinh-ban-be-va-dat-nuoc-bia-mem-thanh-pho-ho-chi-minh-gio-khac-so-0-tu-song-ben-hai-den-dinh-doc-lap-p277841246.html,"Combo/Lẻ Hồi Ký Nguyễn Thị Bình - Gia Đình, Bạn Bè Và Đất Nước (Bìa Mềm) + Thành Phố Hồ Chí Minh - Giờ Khắc Số 0 + Từ Sông Bến Hải Đến Dinh Độc Lập",0.0,0,219000,153000,3.0,843
277183787,dai-tuong-vo-nguyen-giap-chuyen-thuong-ngay-cua-vo-dai-tuong-chi-phan-p277183787,https://tiki.vn/dai-tuong-vo-nguyen-giap-chuyen-thuong-ngay-cua-vo-dai-tuong-chi-phan-p277183787.html,Đại tướng Võ Nguyên Giáp - Chuyện thường ngày của Võ Đại tướng  (Chi Phan),0.0,0,210000,210000,,843
273011269,dieu-thu-vi-xay-ra-tren-duong-toi-stockholm-bac-si-robert-lefkowitz-p273011269,https://tiki.vn/dieu-thu-vi-xay-ra-tren-duong-toi-stockholm-bac-si-robert-lefkowitz-p273011269.html,Điều Thú Vị Xảy Ra Trên Đường Tới Stockholm - Bác sĩ Robert Lefkowitz,5.0,2,199000,199000,6.0,843
274064789,gia-dinh-toi-van-pham-giup-hieu-them-ve-hau-due-gia-dinh-nguyen-tuong-p274064789,https://tiki.vn/gia-dinh-toi-van-pham-giup-hieu-them-ve-hau-due-gia-dinh-nguyen-tuong-p274064789.html,Gia Đình Tôi - Văn Phẩm Giúp Hiểu Thêm Về Hậu Duệ Gia Đình Nguyễn Tường,0.0,0,108000,102600,1.0,843
278431577,hoi-uc-giac-mo-suy-ngam-hanh-trinh-vao-noi-tam-cua-carl-jung-noi-ky-uc-giac-mo-va-triet-ly-giao-thoa-omega-plus-p278431577,https://tiki.vn/hoi-uc-giac-mo-suy-ngam-hanh-trinh-vao-noi-tam-cua-carl-jung-noi-ky-uc-giac-mo-va-triet-ly-giao-thoa-omega-plus-p278431577.html,"Hồi Ức, Giấc Mơ, Suy Ngẫm - Hành Trình Vào Nội Tâm Của Carl Jung - Nơi Ký Ức, Giấc Mơ Và Triết Lý Giao Thoa - Omega Plus",0.0,0,345000,293000,3.0,843
192949822,ky-uc-theo-dong-doi-p192949822,https://tiki.vn/ky-uc-theo-dong-doi-p192949822.html,Ký Ức Theo Dòng Đời,5.0,3,218000,191800,57.0,843
273352083,tieu-su-elon-musk-ban-dac-biet-bia-cung-ar-p273352083,https://tiki.vn/tieu-su-elon-musk-ban-dac-biet-bia-cung-ar-p273352083.html,Tiểu Sử Elon Musk - Bản Đặc Biệt - Bìa Cứng AR,0.0,0,999000,899000,1.0,843
247406618,feynman-chuyen-that-nhu-dua-tai-ban-_tre-p247406618,https://tiki.vn/feynman-chuyen-that-nhu-dua-tai-ban-_tre-p247406618.html,Feynman Chuyện Thật Như Đùa (Tái Bản) _TRE,0.0,0,186350,186350,7.0,843
203288613,tieng-vong-deo-khau-chia-ky-uc-ve-cuoc-chien-bao-ve-bien-gioi-phia-bac-cua-to-quoc-p203288613,https://tiki.vn/tieng-vong-deo-khau-chia-ky-uc-ve-cuoc-chien-bao-ve-bien-gioi-phia-bac-cua-to-quoc-p203288613.html,Tiếng Vọng Đèo Khau Chỉa - Ký Ức Về Cuộc Chiến Bảo Vệ Biên Giới Phía Bắc Của Tổ Quốc,0.0,0,177000,177000,,843
276128204,trinh-cong-son-toi-la-ai-la-ai-ban-quyen-p276128204,https://tiki.vn/trinh-cong-son-toi-la-ai-la-ai-ban-quyen-p276128204.html,"Trịnh Công Sơn. Tôi Là Ai, Là Ai.. - Bản Quyền",0.0,0,240000,240000,1.0,843
55101289,khi-hoi-tho-hoa-thinh-khong-tai-ban-2020-p55101289,https://tiki.vn/khi-hoi-tho-hoa-thinh-khong-tai-ban-2020-p55101289.html,Khi Hơi Thở Hóa Thinh Không (Tái Bản 2020),4.8,4,109000,92600,15.0,843
414373,sach-tieu-su-steve-jobs-tai-ban-2014-bia-cung-p414373,https://tiki.vn/sach-tieu-su-steve-jobs-tai-ban-2014-bia-cung-p414373.html,Sách Tiểu Sử Steve Jobs (Tái Bản 2014) - Bìa Cứng,2.0,1,449000,449000,1.0,843
278713968,sach-nghe-viet-tieu-thuyet-p278713968,https://tiki.vn/sach-nghe-viet-tieu-thuyet-p278713968.html,Sách - Nghề Viết Tiểu Thuyết,0.0,0,156000,140400,1.0,843
248731987,coi-di-ve-p248731987,https://tiki.vn/coi-di-ve-p248731987.html,Cõi Đi Về,5.0,1,169000,143000,6.0,843
195971276,nhung-loi-hua-phai-giu-cuoc-doi-va-su-nghiep-chinh-tri-cua-toi-joe-biden-tran-trong-hai-minh-dich-nha-nam-nxb-the-gioi-bia-mem-p195971276,https://tiki.vn/nhung-loi-hua-phai-giu-cuoc-doi-va-su-nghiep-chinh-tri-cua-toi-joe-biden-tran-trong-hai-minh-dich-nha-nam-nxb-the-gioi-bia-mem-p195971276.html,NHỮNG LỜI HỨA PHẢI GIỮ - Cuộc đời và sự nghiệp chính trị của tôi – Joe Biden –  Trần Trọng Hải Minh dịch – Nhã Nam - NXB Thế Giới (bìa mềm),0.0,0,245000,245000,2.0,843
274290665,chuyen-doi-xua-tre-p274290665,https://tiki.vn/chuyen-doi-xua-tre-p274290665.html,Chuyện Đời Xưa - TRE,0.0,0,105000,105000,,843
274643446,nhung-nguoi-muon-nam-chua-cu-60-chan-dung-van-nghe-si-viet-nam-mot-thoi-tran-thi-truong-alphabooks-p274643446,https://tiki.vn/nhung-nguoi-muon-nam-chua-cu-60-chan-dung-van-nghe-si-viet-nam-mot-thoi-tran-thi-truong-alphabooks-p274643446.html,NHỮNG NGƯỜI MUÔN NĂM “CHƯA” CŨ - 60 chân dung văn nghệ sĩ Việt Nam một thời - Trần Thị Trường – Alphabooks,0.0,0,239000,239000,,843
204539812,sach-cu-ngoat-bong-cua-toi-tu-truyen-johan-cruyff-nxb-tre-bia-mem-p204539812,https://tiki.vn/sach-cu-ngoat-bong-cua-toi-tu-truyen-johan-cruyff-nxb-tre-bia-mem-p204539812.html,Sách - Cú Ngoặt Bóng Của Tôi - Tự Truyện Johan Cruyff - NXB Trẻ - Bìa Mềm,0.0,0,145000,145000,,843
178034555,vuong-hong-sen-chuyen-cu-o-soc-trang-di-cao-tap-1-p178034555,https://tiki.vn/vuong-hong-sen-chuyen-cu-o-soc-trang-di-cao-tap-1-p178034555.html,Vương Hồng Sển - Chuyện Cũ Ở Sốc-Trăng - Di Cảo (Tập 1) _BOOKCITY,0.0,0,205000,205000,,843
196159066,ba-bac-thay-balzac-dickens-dostoevsky-p196159066,https://tiki.vn/ba-bac-thay-balzac-dickens-dostoevsky-p196159066.html,Ba Bậc Thầy: Balzac - Dickens - Dostoevsky,1.0,1,199000,199000,6.0,843
269952429,bacon-chinh-la-shakespeare-edwin-durning-lawrence-dich-gia-mai-yen-thi-truong-phuong-books-p269952429,https://tiki.vn/bacon-chinh-la-shakespeare-edwin-durning-lawrence-dich-gia-mai-yen-thi-truong-phuong-books-p269952429.html,BACON CHÍNH LÀ SHAKESPEARE – Edwin Durning-Lawrence – dịch giả Mai Yên Thi – Trường Phương Books,0.0,0,138000,138000,,843
276437366,sach-thoat-khoi-dia-nguc-khmer-do-hoi-ky-cua-mot-nguoi-con-song-p276437366,https://tiki.vn/sach-thoat-khoi-dia-nguc-khmer-do-hoi-ky-cua-mot-nguoi-con-song-p276437366.html,Sách Thoát Khỏi Địa Ngục Khmer Đỏ - Hồi Ký Của Một Người Còn Sống,0.0,0,73000,73000,1.0,843
275832275,khac-di-khac-den-hoi-ky-p275832275,https://tiki.vn/khac-di-khac-den-hoi-ky-p275832275.html,Khắc Đi Khắc Đến - Hồi Ký,0.0,0,150000,142000,,843
201601722,tu-dien-cua-nhung-noi-buon-khong-ten-p201601722,https://tiki.vn/tu-dien-cua-nhung-noi-buon-khong-ten-p201601722.html,TỪ ĐIỂN CỦA NHỮNG NỖI BUỒN KHÔNG TÊN,0.0,0,129000,129000,,843
277772463,combo-hoi-ky-nguyen-thi-binh-gia-dinh-ban-be-dat-nuoc-bia-mem-thanh-pho-ho-chi-minh-gio-khac-so-0-tu-song-ben-hai-den-dinh-doc-lap-p277772463,https://tiki.vn/combo-hoi-ky-nguyen-thi-binh-gia-dinh-ban-be-dat-nuoc-bia-mem-thanh-pho-ho-chi-minh-gio-khac-so-0-tu-song-ben-hai-den-dinh-doc-lap-p277772463.html,"Combo Hồi Ký Nguyễn Thị Bình - Gia Đình, Bạn Bè, Đất Nước (Bìa Mềm) + Thành Phố Hồ Chí Minh - Giờ Khắc Số 0 + Từ Sông Bến Hải Đến Dinh Độc Lập",0.0,0,493000,428000,1.0,843
215748861,chau-chut-ta-tinh-tri-am-mot-chang-duong-thang-tram-cua-san-khau-cai-luong-viet-nam-p215748861,https://tiki.vn/chau-chut-ta-tinh-tri-am-mot-chang-duong-thang-tram-cua-san-khau-cai-luong-viet-nam-p215748861.html,"Châu, Chút Tạ Tình Tri Âm - một chặng đường thăng trầm của sân khấu cải lương Việt Nam",5.0,1,100000,100000,1.0,843
54432859,sach-chuyen-doi-xua-cua-truong-vinh-ky-nguoi-giu-lua-cho-tieng-viet-mien-nam-p54432859,https://tiki.vn/sach-chuyen-doi-xua-cua-truong-vinh-ky-nguoi-giu-lua-cho-tieng-viet-mien-nam-p54432859.html,Sách Chuyện Đời Xưa Của Trương Vĩnh Ký – Người Giữ Lửa Cho Tiếng Việt Miền Nam,4.6,7,79000,69520,42.0,843
171022626,sach-chong-chu-nghia-ca-nhan-xuat-ban-lan-thu-sau-p171022626,https://tiki.vn/sach-chong-chu-nghia-ca-nhan-xuat-ban-lan-thu-sau-p171022626.html,Sách - Chống chủ nghĩa cá nhân (Xuất bản lần thứ sáu),0.0,0,28942,28942,,843
253305073,nha-tien-tri-vanga-vu-tru-huyen-bi-p253305073,https://tiki.vn/nha-tien-tri-vanga-vu-tru-huyen-bi-p253305073.html,Nhà Tiên Tri Vanga - Vũ Trụ Huyền Bí,0.0,0,119000,119000,,843
274399970,hoc-sinh-chung-minh-2000-hoi-ay-trang-neko-loi-x-lan-minh-hoa-p274399970,https://tiki.vn/hoc-sinh-chung-minh-2000-hoi-ay-trang-neko-loi-x-lan-minh-hoa-p274399970.html,Học Sinh Chúng Mình 2000 Hồi Ấy - Trang Neko (Lời) - X-Lan (Minh Hoạ),0.0,0,120000,120000,1.0,843
277777302,gia-dinh-ban-be-dat-nuoc-hoi-ky-nguyen-thi-binh-bia-mem-p277777302,https://tiki.vn/gia-dinh-ban-be-dat-nuoc-hoi-ky-nguyen-thi-binh-bia-mem-p277777302.html,"Gia Đình, Bạn Bè, Đất Nước (Hồi Ký Nguyễn Thị Bình) - Bìa Mềm",5.0,3,189000,189000,8.0,843
278522731,hoi-uc-giac-mo-suy-ngam-hanh-trinh-vao-noi-tam-cua-carl-jung-noi-ky-uc-giac-mo-va-triet-ly-giao-thoa-omega-plus-p278522731,https://tiki.vn/hoi-uc-giac-mo-suy-ngam-hanh-trinh-vao-noi-tam-cua-carl-jung-noi-ky-uc-giac-mo-va-triet-ly-giao-thoa-omega-plus-p278522731.html,"Hồi Ức, Giấc Mơ, Suy Ngẫm - Hành Trình Vào Nội Tâm Của Carl Jung - Nơi Ký Ức, Giấc Mơ Và Triết Lý Giao Thoa - Omega Plus",0.0,0,345000,293000,2.0,843
185942363,fryderyk-chopin-cuoc-doi-va-thoi-dai-alan-walker-omega-plus-phat-hanh-bia-cung-p185942363,https://tiki.vn/fryderyk-chopin-cuoc-doi-va-thoi-dai-alan-walker-omega-plus-phat-hanh-bia-cung-p185942363.html,FRYDERYK CHOPIN CUỘC ĐỜI VÀ THỜI ĐẠI - ALAN WALKER – Omega Plus phát hành – bìa cứng,0.0,0,499000,424000,2.0,843
278238657,khu-vuon-bi-mat-frances-hodgson-burnett-le-thi-oanh-dich-dong-a-nxb-van-hoc-p278238657,https://tiki.vn/khu-vuon-bi-mat-frances-hodgson-burnett-le-thi-oanh-dich-dong-a-nxb-van-hoc-p278238657.html,KHU VƯỜN BÍ MẬT – Frances Hodgson Burnett – Lê Thị Oanh dich - Đông A - NXB Văn Học,0.0,0,105000,105000,,843
21543161,su-ky-tu-ma-thien-tang-e-book-10-cuon-sach-hay-nhat-ve-kinh-te-lich-su-va-doi-song-p21543161,https://tiki.vn/su-ky-tu-ma-thien-tang-e-book-10-cuon-sach-hay-nhat-ve-kinh-te-lich-su-va-doi-song-p21543161.html,"Sử ký Tư Mã Thiên (Tặng E-Book 10 Cuốn Sách Hay Nhất Về Kinh Tế, Lịch Sử Và Đời Sống)",5.0,3,268000,219760,9.0,843
274844966,cuon-cha-va-con-tieu-thuyet-ve-bac-ho-va-cu-pho-bang-nguyen-sinh-sac-p274844966,https://tiki.vn/cuon-cha-va-con-tieu-thuyet-ve-bac-ho-va-cu-pho-bang-nguyen-sinh-sac-p274844966.html,Cuốn Cha Và Con - Tiểu Thuyết Về Bác Hồ Và Cụ Phó Bảng Nguyễn Sinh Sắc ,0.0,0,100000,100000,1.0,843
272182978,chuyen-nghe-cua-thuy-hoi-ky-p272182978,https://tiki.vn/chuyen-nghe-cua-thuy-hoi-ky-p272182978.html,Chuyện Nghề Của Thủy - Hồi ký,5.0,7,268000,198000,37.0,843
263104483,ngoi-tu-kham-lon-p263104483,https://tiki.vn/ngoi-tu-kham-lon-p263104483.html,Ngồi Tù Khám Lớn,4.0,1,85000,85000,2.0,843
253297555,on-writing-a-memoir-of-the-craft-chuyen-nghe-viet-va-goc-khuat-cuoc-doi-cua-ong-hoang-kinh-di-stephen-king-p253297555,https://tiki.vn/on-writing-a-memoir-of-the-craft-chuyen-nghe-viet-va-goc-khuat-cuoc-doi-cua-ong-hoang-kinh-di-stephen-king-p253297555.html,On Writing A Memoir Of The Craft - Chuyện Nghề Viết Và Góc Khuất Cuộc Đời Của Ông Hoàng Kinh Dị - Stephen King,5.0,2,219000,164250,27.0,843
217476817,chuyen-cua-chung-toi-vo-hong-phuc-p217476817,https://tiki.vn/chuyen-cua-chung-toi-vo-hong-phuc-p217476817.html,Chuyện Của Chúng Tôi - Võ Hồng Phúc,5.0,8,199000,169000,98.0,843
273151181,combo-ong-tuong-tinh-bao-bi-an-va-nhung-diep-vu-sieu-hang-diep-vien-hoan-hao-x6-bia-mem-bo-2-cuon-_fn-p273151181,https://tiki.vn/combo-ong-tuong-tinh-bao-bi-an-va-nhung-diep-vu-sieu-hang-diep-vien-hoan-hao-x6-bia-mem-bo-2-cuon-_fn-p273151181.html,Combo Ông Tướng Tình Báo Bí Ẩn Và Những Điệp Vụ Siêu Hạng + Điệp Viên Hoàn Hảo X6 (Bìa Mềm) (Bộ 2 Cuốn) _FN,0.0,0,296000,281000,2.0,843
274678791,tieu-su-elon-musk-bia-cung-p274678791,https://tiki.vn/tieu-su-elon-musk-bia-cung-p274678791.html,Tiểu Sử Elon Musk - Bìa Cứng,0.0,0,499000,424000,,843
217500534,chim-noi-giua-paris-va-london-down-and-out-in-paris-and-london-p217500534,https://tiki.vn/chim-noi-giua-paris-va-london-down-and-out-in-paris-and-london-p217500534.html,Chìm Nổi Giữa Paris Và London - Down and Out in Paris and London,0.0,0,144000,122400,8.0,843
277004506,sach-tu-truyen-voi-rung-drogba-p277004506,https://tiki.vn/sach-tu-truyen-voi-rung-drogba-p277004506.html,"Sách - Tự Truyện ""Voi Rừng"" Drogba",0.0,0,219000,192700,3.0,843
275315489,sach-madam-nhu-tran-le-xuan-quyen-luc-ba-rong-tai-ban-nam-2024-p275315489,https://tiki.vn/sach-madam-nhu-tran-le-xuan-quyen-luc-ba-rong-tai-ban-nam-2024-p275315489.html,Sách Madam Nhu Trần Lệ Xuân - Quyền Lực Bà Rồng (Tái bản năm 2024),0.0,0,185000,157250,1.0,843
272830175,hoi-ky-ly-quang-dieu-tap-2-tu-the-gioi-thu-ba-vuon-len-thu-nhat-tai-ban-2023-p272830175,https://tiki.vn/hoi-ky-ly-quang-dieu-tap-2-tu-the-gioi-thu-ba-vuon-len-thu-nhat-tai-ban-2023-p272830175.html,Hồi Ký Lý Quang Diệu - Tập 2: Từ Thế Giới Thứ Ba Vươn Lên Thứ Nhất (Tái Bản 2023),0.0,0,459000,459000,,843
247681324,120-ngay-may-thi-tham-voi-gio-ghi-chep-tu-cuoc-chien-song-con-xua-duoi-co-vy-_tre-p247681324,https://tiki.vn/120-ngay-may-thi-tham-voi-gio-ghi-chep-tu-cuoc-chien-song-con-xua-duoi-co-vy-_tre-p247681324.html,120 Ngày Mây Thì Thầm Với Gió - Ghi Chép Từ Cuộc Chiến Sống Còn Xua Đuổi Cô Vy _TRE,0.0,0,110000,110000,,843
279073870,combo-3-cuon-doc-duong-nguyen-ngoc-nha-nam-p279073870,https://tiki.vn/combo-3-cuon-doc-duong-nguyen-ngoc-nha-nam-p279073870.html,(Combo 3 cuốn) DỌC ĐƯỜNG – Nguyên Ngọc – Nhã Nam,5.0,1,595000,595000,5.0,843
167614955,adolf-hitler-chan-dung-mot-trum-phat-xit-p167614955,https://tiki.vn/adolf-hitler-chan-dung-mot-trum-phat-xit-p167614955.html,Adolf Hitler - Chân Dung Một Trùm Phát Xít,5.0,1,599000,509000,12.0,843
274851822,nhung-mau-chuyen-ve-tam-guong-dao-duc-ho-chi-minh-bo-hai-tap-ban-in-2024-p274851822,https://tiki.vn/nhung-mau-chuyen-ve-tam-guong-dao-duc-ho-chi-minh-bo-hai-tap-ban-in-2024-p274851822.html,Những mẩu chuyện về tấm gương đạo đức Hồ Chí Minh (Bộ hai tập) bản in 2024,5.0,2,156000,156000,15.0,843
195548072,bo-sach-chan-dung-nhung-nguoi-thay-doi-the-gioi-galileo-la-ai-p195548072,https://tiki.vn/bo-sach-chan-dung-nhung-nguoi-thay-doi-the-gioi-galileo-la-ai-p195548072.html,Bộ Sách Chân Dung Những Người Thay Đổi Thế Giới - Galileo Là Ai?,0.0,0,59000,59000,,843
273571639,tieu-su-steve-jobs-_al-p273571639,https://tiki.vn/tieu-su-steve-jobs-_al-p273571639.html,Tiểu Sử Steve Jobs _AL,0.0,0,449000,449000,,843
206860997,vincent-van-gogh-alp-p206860997,https://tiki.vn/vincent-van-gogh-alp-p206860997.html,Vincent Van Gogh - ALP,0.0,0,299000,299000,,843
44640198,sach-hoa-si-ngo-manh-lan-mot-doi-mo-nhung-giac-mo-tho-tre-p44640198,https://tiki.vn/sach-hoa-si-ngo-manh-lan-mot-doi-mo-nhung-giac-mo-tho-tre-p44640198.html,Sách Họa Sĩ Ngô Mạnh Lân - Một Đời Mơ Những Giấc Mơ Thơ Trẻ,0.0,0,90000,90000,,843
214731896,chau-phi-nghin-trung-tai-ban-nam-2022-p214731896,https://tiki.vn/chau-phi-nghin-trung-tai-ban-nam-2022-p214731896.html,Châu Phi Nghìn Trùng (Tái bản năm 2022),0.0,0,148352,148352,,843
207988277,ha-noi-chuyen-xua-pho-cu-p207988277,https://tiki.vn/ha-noi-chuyen-xua-pho-cu-p207988277.html,Hà Nội Chuyện Xưa Phố Cũ,0.0,0,156000,140400,1.0,843
274592986,machiavelli-a-biography-miles-j-unger-p274592986,https://tiki.vn/machiavelli-a-biography-miles-j-unger-p274592986.html,Machiavelli A Biography - Miles J. Unger,0.0,0,249000,249000,,843
276601152,ho-chi-minh-ten-nguoi-song-mai-tai-ban-2024-p276601152,https://tiki.vn/ho-chi-minh-ten-nguoi-song-mai-tai-ban-2024-p276601152.html,Hồ Chí Minh Tên Người Sống Mãi (Tái Bản 2024),0.0,0,70000,70000,1.0,843
182308556,combo-mot-nguoi-viet-tram-lang-diep-vien-hoan-hao-x6-pham-xuan-an-bo-2-cuon-p182308556,https://tiki.vn/combo-mot-nguoi-viet-tram-lang-diep-vien-hoan-hao-x6-pham-xuan-an-bo-2-cuon-p182308556.html,Combo Một Người Việt Trầm Lặng + Điệp Viên Hoàn Hảo X6 - Phạm Xuân Ẩn (Bộ 2 Cuốn),5.0,1,270000,270000,3.0,843
278097705,sach-nhat-ky-nguyen-van-thien-hanh-trinh-ky-la-tu-harvard-den-ha-noi-p278097705,https://tiki.vn/sach-nhat-ky-nguyen-van-thien-hanh-trinh-ky-la-tu-harvard-den-ha-noi-p278097705.html,Sách - Nhật Ký Nguyễn Văn Thiện - Hành Trình Kỳ Lạ Từ Harvard Đến Hà Nội,0.0,0,73000,73000,,843
242749231,khong-guc-nga-tu-truyen-cua-nguyen-bich-lan-_fn-p242749231,https://tiki.vn/khong-guc-nga-tu-truyen-cua-nguyen-bich-lan-_fn-p242749231.html,Không Gục Ngã (Tự Truyện Của Nguyễn Bích Lan) _FN,0.0,0,128000,128000,,843
270810357,sach-chatter-tro-chuyen-voi-chinh-minh-tieng-noi-noi-tam-quyet-dinh-cuoc-doi-cua-ban-tac-gia-ethan-kross-sgb-p270810357,https://tiki.vn/sach-chatter-tro-chuyen-voi-chinh-minh-tieng-noi-noi-tam-quyet-dinh-cuoc-doi-cua-ban-tac-gia-ethan-kross-sgb-p270810357.html,Sách - Chatter - Trò chuyện với chính mình: Tiếng nói nội tâm quyết định cuộc đời của bạn - Tác giả: Ethan Kross SGB,0.0,0,179100,179100,2.0,843
278293761,sach-nhung-bo-oc-ty-do-ma-hoa-dang-nguoi-bien-muoi-xu-thanh-ty-do-trong-the-gioi-so-bizbooks-p278293761,https://tiki.vn/sach-nhung-bo-oc-ty-do-ma-hoa-dang-nguoi-bien-muoi-xu-thanh-ty-do-trong-the-gioi-so-bizbooks-p278293761.html,"Sách - Những Bộ Óc Tỷ Đô: Mã Hóa Đằng - Người biến ""mười xu"" thành tỷ đô trong thế giới số - Bizbooks",0.0,0,160000,123200,,843
274614511,cuon-ve-tieu-su-hoi-ky-hay-noi-di-ky-uc-p274614511,https://tiki.vn/cuon-ve-tieu-su-hoi-ky-hay-noi-di-ky-uc-p274614511.html,Cuốn Về Tiểu Sủ- Hồi Ký Hay: Nói Đi Ký Ức,0.0,0,151250,151250,,843
176509097,khi-hoi-tho-hoa-thinh-khong-paul-kalanithi-p176509097,https://tiki.vn/khi-hoi-tho-hoa-thinh-khong-paul-kalanithi-p176509097.html,Khi Hơi Thở Hóa Thinh Không - Paul Kalanithi,5.0,2,109000,92600,36.0,843
273904598,ke-khong-the-gia-tu-cuon-van-ho-hanh-dong-hay-p273904598,https://tiki.vn/ke-khong-the-gia-tu-cuon-van-ho-hanh-dong-hay-p273904598.html,Kẻ Không Thể Giã Từ- Cuốn Văn Họ Hành Động Hay,0.0,0,161150,161150,,843
187859837,michelangelo-cuoc-doi-va-tac-pham-qua-500-hinh-anh-p187859837,https://tiki.vn/michelangelo-cuoc-doi-va-tac-pham-qua-500-hinh-anh-p187859837.html,Michelangelo: Cuộc Đời Và Tác Phẩm Qua 500 Hình Ảnh,0.0,0,599000,509000,2.0,843
275695211,hoi-ky-50-nam-me-hat-nam-muoi-nam-cai-luong-vuong-hong-sen-nxb-tre-p275695211,https://tiki.vn/hoi-ky-50-nam-me-hat-nam-muoi-nam-cai-luong-vuong-hong-sen-nxb-tre-p275695211.html,HỒI KÝ 50 NĂM MÊ HÁT - Năm Mươi Năm Cải Lương - Vương Hồng Sển - NXB Trẻ,5.0,2,230000,190900,9.0,843
277416316,bia-cung-hon-nua-doi-hu-vuong-hong-sen-nxb-tre-p277416316,https://tiki.vn/bia-cung-hon-nua-doi-hu-vuong-hong-sen-nxb-tre-p277416316.html,(Bìa cứng) HƠN NỬA ĐỜI HƯ – Vương Hồng Sển – NXB Trẻ,0.0,0,550000,550000,,843
278530428,bo-sach-kinh-dien-khai-pha-noi-tam-cung-carl-jung-con-nguoi-va-bieu-tuong-bia-cung-nha-nam-ban-do-tam-hon-con-nguoi-cua-jung-hoi-uc-giac-mo-suy-ngam-bia-mem-cai-toi-chua-khai-pha-alpha-books-p278530428,https://tiki.vn/bo-sach-kinh-dien-khai-pha-noi-tam-cung-carl-jung-con-nguoi-va-bieu-tuong-bia-cung-nha-nam-ban-do-tam-hon-con-nguoi-cua-jung-hoi-uc-giac-mo-suy-ngam-bia-mem-cai-toi-chua-khai-pha-alpha-books-p278530428.html,"Bộ Sách Kinh Điển Khai Phá Nội Tâm Cùng Carl Jung: Con Người Và Biểu Tượng (Bìa Cứng) - Nhã Nam + Bản Đồ Tâm Hồn Con Người Của Jung + Hồi Ức, Giấc Mơ, Suy Ngẫm (Bìa Mềm)+ Cái Tôi Chưa Khai Phá - Alpha Books ",0.0,0,1055000,938000,4.0,843
13372809,sach-lao-gia-p13372809,https://tiki.vn/sach-lao-gia-p13372809.html,Sách Lão Già,5.0,1,90000,81000,11.0,843
731173,diep-vien-hoan-hao-x6-p731173,https://tiki.vn/diep-vien-hoan-hao-x6-p731173.html,Điệp Viên Hoàn Hảo X6,0.0,0,178000,178000,,843
276305427,nhung-mau-chuyen-ve-tam-guong-dao-duc-ho-chi-minh-tap-1-xuat-ban-lan-thu-tam-ban-in-2024-p276305427,https://tiki.vn/nhung-mau-chuyen-ve-tam-guong-dao-duc-ho-chi-minh-tap-1-xuat-ban-lan-thu-tam-ban-in-2024-p276305427.html,Những mẩu chuyện về tấm gương đạo đức Hồ Chí Minh tập 1 (Xuất bản lần thứ tám) - bản in 2024,0.0,0,80000,80000,3.0,843
129138336,sach-toi-la-beto-p129138336,https://tiki.vn/sach-toi-la-beto-p129138336.html,Sách - Tôi là Bêtô,0.0,0,85000,85000,1.0,843
548936,sach-diep-vien-hoan-hao-x6-tai-ban-p548936,https://tiki.vn/sach-diep-vien-hoan-hao-x6-tai-ban-p548936.html,Sách Điệp Viên Hoàn Hảo X6 (Tái Bản),4.2,6,160350,160350,36.0,843
277748735,hoi-ky-nguyen-thi-binh-gia-dinh-ban-be-dat-nuoc-omega-plus-p277748735,https://tiki.vn/hoi-ky-nguyen-thi-binh-gia-dinh-ban-be-dat-nuoc-omega-plus-p277748735.html,"Hồi Ký Nguyễn Thị Bình - Gia Đình, Bạn Bè, Đất Nước - Omega Plus",5.0,34,159000,151000,529.0,843
277271974,sach-doc-duong-2-nguyen-ngoc-nha-nam-hcm-p277271974,https://tiki.vn/sach-doc-duong-2-nguyen-ngoc-nha-nam-hcm-p277271974.html,Sách - Dọc đường 2 (Nguyên Ngọc) (Nhã Nam HCM),5.0,1,208000,197000,13.0,843
192781576,bi-mat-mua-he-nam-ay-p192781576,https://tiki.vn/bi-mat-mua-he-nam-ay-p192781576.html,  Bí Mật Mùa Hè Năm Ấy,0.0,0,162000,162000,,843
273896666,titan-gia-toc-rockefeller-p273896666,https://tiki.vn/titan-gia-toc-rockefeller-p273896666.html,Titan - Gia Tộc Rockefeller,5.0,4,499000,424000,55.0,843
271376384,pre-order-10-year-record-of-bts-beyond-the-story-bia-cung-tang-kem-1-pet-bookmark-8-photo-cards-1-poster-a3-p271376384,https://tiki.vn/pre-order-10-year-record-of-bts-beyond-the-story-bia-cung-tang-kem-1-pet-bookmark-8-photo-cards-1-poster-a3-p271376384.html,[Pre-Order] 10-Year Record Of BTS - Beyond The Story - Bìa Cứng - Tặng Kèm 1 PET Bookmark + 8 Photo Cards + 1 Poster A3,4.8,4,589000,482900,13.0,843
160671704,mien-dat-hua-a-promised-land-p160671704,https://tiki.vn/mien-dat-hua-a-promised-land-p160671704.html,Miền Đất Hứa - A Promised Land,0.0,0,605000,605000,1.0,843
247219306,song-nhu-anh-p247219306,https://tiki.vn/song-nhu-anh-p247219306.html,Sống Như Anh ,0.0,0,32000,32000,2.0,843
277513952,duoc-hoc-tac-gia-tara-westover-p277513952,https://tiki.vn/duoc-hoc-tac-gia-tara-westover-p277513952.html,Được Học (Tác giả: Tara Westover),0.0,0,182000,182000,2.0,843
210155782,sach-anabasis-hoi-ky-vien-chinh-xu-ba-tu-xenophon-p210155782,https://tiki.vn/sach-anabasis-hoi-ky-vien-chinh-xu-ba-tu-xenophon-p210155782.html,Sách - Anabasis - Hồi Ký Viễn Chinh Xứ Ba Tư - Xenophon,0.0,0,199900,199900,,843
77589053,sach-hoi-ky-cua-mot-ong-gia-viet-hoc-p77589053,https://tiki.vn/sach-hoi-ky-cua-mot-ong-gia-viet-hoc-p77589053.html,Sách Hồi Ký Của Một Ông Già Việt Học,4.8,12,259000,259000,128.0,843
270714868,hoi-ky-cua-mot-huyen-thoai-manchester-united-p270714868,https://tiki.vn/hoi-ky-cua-mot-huyen-thoai-manchester-united-p270714868.html,Hồi Ký Của Một Huyền Thoại Manchester United,5.0,1,199000,189050,3.0,843
552225,sach-diep-vien-hoan-hao-x6-tai-ban-p552225,https://tiki.vn/sach-diep-vien-hoan-hao-x6-tai-ban-p552225.html,Sách Điệp Viên Hoàn Hảo X6 (Tái Bản),5.0,5,161350,161350,40.0,843
127032020,sach-dao-tap-truyen-ngan-nguyen-ngoc-tu-p127032020,https://tiki.vn/sach-dao-tap-truyen-ngan-nguyen-ngoc-tu-p127032020.html,Sách-Đảo (Tập truyện ngắn Nguyễn Ngọc Tư),0.0,0,80000,80000,5.0,843
277555097,khuc-bi-ca-cua-ga-dan-que-ban-quyen-p277555097,https://tiki.vn/khuc-bi-ca-cua-ga-dan-que-ban-quyen-p277555097.html,Khúc Bi Ca Của Gã Dân Quê - Bản Quyền,0.0,0,199000,169000,4.0,843
278131354,sach-series-du-ky-cua-phan-viet-nha-nam-hcm-p278131354,https://tiki.vn/sach-series-du-ky-cua-phan-viet-nha-nam-hcm-p278131354.html,Sách - Series du ký của Phan Việt (Nhã Nam HCM),0.0,0,100000,90000,4.0,843
275163577,bo-3-tap-sai-gon-mot-thuo-dan-ong-ta-do-p275163577,https://tiki.vn/bo-3-tap-sai-gon-mot-thuo-dan-ong-ta-do-p275163577.html,Bộ 3 Tập: Sài Gòn Một Thuở - “Dân Ông Tạ Đó!”,0.0,0,414000,414000,11.0,843
58709545,sach-hoi-ky-tran-huy-lieu-p58709545,https://tiki.vn/sach-hoi-ky-tran-huy-lieu-p58709545.html,Sách Hồi Ký Trần Huy Liệu,5.0,5,299000,299000,48.0,843
274820839,sach-tam-quoc-dien-nghia-quyen-3-p274820839,https://tiki.vn/sach-tam-quoc-dien-nghia-quyen-3-p274820839.html,SÁCH - tam quốc diễn nghĩa (quyển 3),0.0,0,175000,175000,2.0,843
217383521,bao-tap-trieu-tran-tai-ban-2022-boxset-6-cuon-p217383521,https://tiki.vn/bao-tap-trieu-tran-tai-ban-2022-boxset-6-cuon-p217383521.html,Bão Táp Triều Trần (Tái Bản 2022 - Boxset 6 cuốn,0.0,0,750000,637500,4.0,843
279135740,sach-kim-van-kieu-nguyen-du-nha-nam-official-p279135740,https://tiki.vn/sach-kim-van-kieu-nguyen-du-nha-nam-official-p279135740.html,Sách - Kim Vân Kiều (Nguyễn Du) (Nhã Nam Official),5.0,1,230000,207000,2.0,843
203982574,the-gioi-nhung-ngay-qua-hoi-uc-cua-mot-nguoi-dan-chau-au-p203982574,https://tiki.vn/the-gioi-nhung-ngay-qua-hoi-uc-cua-mot-nguoi-dan-chau-au-p203982574.html,Thế Giới Những Ngày Qua - Hồi Ức Của Một Người Dân Châu Âu,0.0,0,350000,350000,4.0,843
188039908,nha-giao-van-nhu-cuong-va-nhung-dieu-con-mai-p188039908,https://tiki.vn/nha-giao-van-nhu-cuong-va-nhung-dieu-con-mai-p188039908.html,Nhà Giáo Văn Như Cương Và Những Điều Còn Mãi,0.0,0,125000,125000,,843
425190,sach-thu-vao-nam-p425190,https://tiki.vn/sach-thu-vao-nam-p425190.html,Sách Thư Vào Nam,0.0,0,150000,150000,,843
253040744,bac-ho-viet-di-chuc-va-di-chuc-cua-bac-ho-tai-ban-2023-p253040744,https://tiki.vn/bac-ho-viet-di-chuc-va-di-chuc-cua-bac-ho-tai-ban-2023-p253040744.html,Bác Hồ Viết Di Chúc Và Di Chúc Của Bác Hồ (Tái Bản 2023),0.0,0,55000,55000,,843
206688015,ganh-ganh-gong-gong-hoi-ky-p206688015,https://tiki.vn/ganh-ganh-gong-gong-hoi-ky-p206688015.html,Gánh gánh... gồng gồng... (Hồi ký),0.0,0,160000,160000,4.0,843
197951180,phong-thai-cua-bac-thay-thuyet-phuc-p197951180,https://tiki.vn/phong-thai-cua-bac-thay-thuyet-phuc-p197951180.html,Phong Thái Của Bậc Thầy Thuyết Phục,0.0,0,99000,99000,,843
273667136,tieu-su-elon-musk-p273667136,https://tiki.vn/tieu-su-elon-musk-p273667136.html,Tiểu Sử Elon Musk,0.0,0,499000,424000,3.0,843
273530623,tro-ve-phan-1-chau-au_al-p273530623,https://tiki.vn/tro-ve-phan-1-chau-au_al-p273530623.html,Trở Về - Phần 1: Châu Âu_AL,0.0,0,100000,100000,,843
199235024,pol-pot-mo-xe-mot-con-ac-mong-p199235024,https://tiki.vn/pol-pot-mo-xe-mot-con-ac-mong-p199235024.html,Pol Pot: Mổ xẻ một cơn ác mộng,0.0,0,306000,306000,3.0,843
277230657,ky-niem-50-nam-ngay-giai-phong-mien-nam-thong-nhat-dat-nuoc-1975-2025-nam-1975-ho-da-song-nhu-the-p277230657,https://tiki.vn/ky-niem-50-nam-ngay-giai-phong-mien-nam-thong-nhat-dat-nuoc-1975-2025-nam-1975-ho-da-song-nhu-the-p277230657.html,Năm 1975 Họ Đã Sống Như Thế,5.0,3,284000,221520,35.0,843
191148984,sach-ky-uc-theo-dong-doi-p191148984,https://tiki.vn/sach-ky-uc-theo-dong-doi-p191148984.html,Sách Ký Ức Theo Dòng Đời,0.0,0,218000,218000,7.0,843
279154040,sach-hao-quang-bong-toi-the-real-story-of-abba-p279154040,https://tiki.vn/sach-hao-quang-bong-toi-the-real-story-of-abba-p279154040.html,Sách - Hào Quang Bóng Tối - The Real Story Of ABBA,0.0,0,379000,322100,,843
205694709,a-promised-land-mien-dat-hua-p205694709,https://tiki.vn/a-promised-land-mien-dat-hua-p205694709.html,A Promised Land - Miền Đất Hứa,0.0,0,768000,729600,,843
172374665,con-duong-ty-phu-hoi-ky-rich-devos-p172374665,https://tiki.vn/con-duong-ty-phu-hoi-ky-rich-devos-p172374665.html,Con Đường Tỷ Phú - Hồi Ký Rich DeVos,5.0,1,268000,268000,4.0,843
276383570,tu-truyen-henry-ford-cuoc-doi-va-su-nghiep-cua-toi-tu-chiec-o-to-dau-tien-den-de-che-xe-hoi-vi-dai-nhat-the-ky-xx-p276383570,https://tiki.vn/tu-truyen-henry-ford-cuoc-doi-va-su-nghiep-cua-toi-tu-chiec-o-to-dau-tien-den-de-che-xe-hoi-vi-dai-nhat-the-ky-xx-p276383570.html,Tự Truyện Henry Ford: Cuộc Đời Và Sự Nghiệp Của Tôi - Từ Chiếc Ô Tô Đầu Tiên Đến Đế Chế Xe Hơi Vĩ Đại Nhất Thế Kỷ XX ,0.0,0,199000,169000,9.0,843
192987861,becoming-chat-michelle-tai-ban-p192987861,https://tiki.vn/becoming-chat-michelle-tai-ban-p192987861.html,Becoming - Chất Michelle (Tái Bản),0.0,0,520000,520000,,843
203945279,gia-toc-murdoch-p203945279,https://tiki.vn/gia-toc-murdoch-p203945279.html,Gia Tộc Murdoch,0.0,0,229000,229000,,843
279336607,sach-hat-cung-nguon-coi-chan-dung-khanh-ly-p279336607,https://tiki.vn/sach-hat-cung-nguon-coi-chan-dung-khanh-ly-p279336607.html,Sách - Hát Cùng Nguồn Cội - Chân Dung Khánh Ly,0.0,0,390000,343200,2.0,843
279242696,sach-sach-diep-vien-hoan-hao-x6-pham-xuan-an-tron-bo-p279242696,https://tiki.vn/sach-sach-diep-vien-hoan-hao-x6-pham-xuan-an-tron-bo-p279242696.html,Sách - Sách Điệp Viên Hoàn Hảo X6 - Phạm Xuân Ẩn (Trọn bộ),0.0,0,178000,160200,3.0,843
275747195,ngheo-la-von-lieng-p275747195,https://tiki.vn/ngheo-la-von-lieng-p275747195.html,Nghèo Là Vốn Liếng,4.7,3,168000,147800,45.0,843
215560907,am-muu-cau-ket-chinh-tri-hoa-ky-bi-thao-tung-tu-ben-ngoai-nhu-the-nao-p215560907,https://tiki.vn/am-muu-cau-ket-chinh-tri-hoa-ky-bi-thao-tung-tu-ben-ngoai-nhu-the-nao-p215560907.html,Âm Mưu Câu Kết - Chính Trị Hoa Kỳ Bị Thao Túng Từ Bên Ngoài Như Thế Nào?,0.0,0,189000,170100,3.0,843
274826607,cuon-tieu-thuyet-do-doc-p274826607,https://tiki.vn/cuon-tieu-thuyet-do-doc-p274826607.html,Cuốn Tiểu Thuyết: Đò Dọc,0.0,0,115000,115000,,843
110204781,sach-kien-thuc-can-ban-can-biet-theo-dong-lich-su-dien-anh-p110204781,https://tiki.vn/sach-kien-thuc-can-ban-can-biet-theo-dong-lich-su-dien-anh-p110204781.html,Sách Kiến Thức Căn Bản Cần Biết - Theo Dòng Lịch Sử Điện Ảnh,4.7,3,339000,315200,15.0,843
138181039,madam-nhu-tran-le-xuan-quyen-luc-ba-rong-tai-ban-nam-2021-p138181039,https://tiki.vn/madam-nhu-tran-le-xuan-quyen-luc-ba-rong-tai-ban-nam-2021-p138181039.html,Madam Nhu Trần Lệ Xuân - Quyền Lực Bà Rồng (Tái bản năm 2021),0.0,0,185000,111000,15.0,843
277472632,trinh-cong-son-toi-la-ai-la-ai-tai-ban-nam-2023-p277472632,https://tiki.vn/trinh-cong-son-toi-la-ai-la-ai-tai-ban-nam-2023-p277472632.html,"Trịnh Công Sơn: Tôi Là Ai, Là Ai... (Tái bản năm 2023)",0.0,0,240000,240000,,843
279106451,bia-mem-hanh-trinh-cua-do-la-nguyen-tran-thiet-mien-trung-books-p279106451,https://tiki.vn/bia-mem-hanh-trinh-cua-do-la-nguyen-tran-thiet-mien-trung-books-p279106451.html,(BÌA MỀM) HÀNH TRÌNH CỦA ĐÔ LA – NGUYỄN TRẦN THIẾT - Miền Trung Books ,0.0,0,176000,176000,1.0,843
216437144,chan-tran-tren-nui-da-p216437144,https://tiki.vn/chan-tran-tren-nui-da-p216437144.html,Sách - Chân trần trên núi đá,0.0,0,80000,80000,11.0,843
253043586,sach-az-ban-la-nhung-gi-ban-doc-p253043586,https://tiki.vn/sach-az-ban-la-nhung-gi-ban-doc-p253043586.html,Sách AZ - Bạn Là Những Gì Bạn Đọc,0.0,0,149000,149000,,843
241732756,ganh-ganh-gong-gong-hoi-ky-xuan-phuong-p241732756,https://tiki.vn/ganh-ganh-gong-gong-hoi-ky-xuan-phuong-p241732756.html,GÁNH GÁNH GỒNG GỒNG... HỒI KÝ XUÂN PHƯỢNG,0.0,0,160000,160000,,843
183484063,giua-hai-vuong-quoc-p183484063,https://tiki.vn/giua-hai-vuong-quoc-p183484063.html,Giữa Hai Vương Quốc,0.0,0,139000,139000,,843
252012502,dai-van-hao-lev-tolstoy-va-nghe-thuat-tieu-thuyet-pgs-ts-nguyen-truong-lich-bia-mem-p252012502,https://tiki.vn/dai-van-hao-lev-tolstoy-va-nghe-thuat-tieu-thuyet-pgs-ts-nguyen-truong-lich-bia-mem-p252012502.html,Đại Văn Hào Lev Tolstoy Và Nghệ Thuật Tiểu thuyết - PGS.TS. Nguyễn Trường Lịch - (bìa mềm),0.0,0,338322,338322,,843
279390982,truong-hoc-cuoc-doi-hoi-ky-xuat-ban-lan-thu-hai-co-chinh-sua-bo-sung-p279390982,https://tiki.vn/truong-hoc-cuoc-doi-hoi-ky-xuat-ban-lan-thu-hai-co-chinh-sua-bo-sung-p279390982.html,"Trường học cuộc đời (Hồi ký) (Xuất bản lần thứ hai, có chỉnh sửa, bổ sung)",0.0,0,148000,148000,,843
8316466,sach-adolf-hitler-chan-dung-mot-trum-phat-xit-tai-ban-2018-p8316466,https://tiki.vn/sach-adolf-hitler-chan-dung-mot-trum-phat-xit-tai-ban-2018-p8316466.html,Sách Adolf Hitler – Chân Dung Một Trùm Phát Xít (Tái Bản 2018),5.0,2,599000,509000,14.0,843
174830007,napoleon-bonaparte-ban-cung-cao-cap-p174830007,https://tiki.vn/napoleon-bonaparte-ban-cung-cao-cap-p174830007.html,Napoléon Bonaparte - Bản Cứng Cao Cấp,0.0,0,590000,590000,,843
274467852,tu-beirut-den-jerusalem-hanh-trinh-di-de-hieu-trung-dong-cua-mot-nha-bao-my-al-p274467852,https://tiki.vn/tu-beirut-den-jerusalem-hanh-trinh-di-de-hieu-trung-dong-cua-mot-nha-bao-my-al-p274467852.html,"Từ Beirut Đến Jerusalem - Hành Trình ""Đi Để Hiểu"" Trung Đông Của Một Nhà Báo Mỹ - AL",0.0,0,378000,378000,,843
163739494,hoi-ky-ve-gia-dinh-nguyen-tuong-p163739494,https://tiki.vn/hoi-ky-ve-gia-dinh-nguyen-tuong-p163739494.html,Hồi Ký Về Gia Đình Nguyễn Tường,5.0,1,179000,179000,1.0,843
251460617,bong-sen-vang-son-tung-nxb-chinh-tri-quoc-gia-su-that-bia-mem-p251460617,https://tiki.vn/bong-sen-vang-son-tung-nxb-chinh-tri-quoc-gia-su-that-bia-mem-p251460617.html,BÔNG SEN VÀNG – Sơn Tùng – NXB Chính trị quốc gia Sự thật – bìa mềm,0.0,0,159680,159680,1.0,843
278522557,doi-viet-nam-tuyen-truyen-giai-phong-quan-ky-niem-80-nam-thanh-lap-quan-doi-nhan-dan-viet-nam-1944-2024-p278522557,https://tiki.vn/doi-viet-nam-tuyen-truyen-giai-phong-quan-ky-niem-80-nam-thanh-lap-quan-doi-nhan-dan-viet-nam-1944-2024-p278522557.html,Đội Việt Nam Tuyên Truyền Giải Phóng Quân - Kỷ niệm 80 năm thành lập QUÂN ĐỘI NHÂN DÂN VIỆT NAM 1944-2024,0.0,0,168000,168000,1.0,843
278638403,thu-muc-nghien-cuu-nguyen-du-trung-tam-nghien-cuu-quoc-hoc-p278638403,https://tiki.vn/thu-muc-nghien-cuu-nguyen-du-trung-tam-nghien-cuu-quoc-hoc-p278638403.html,Thư mục nghiên cứu Nguyễn Du - Trung Tâm Nghiên Cứu Quốc Học,0.0,0,75000,75000,,843
38363559,sach-diep-vien-hoan-hao-x6-bia-mem-tai-ban-p38363559,https://tiki.vn/sach-diep-vien-hoan-hao-x6-bia-mem-tai-ban-p38363559.html,Sách Điệp Viên Hoàn Hảo X6 - Bìa Mềm (Tái Bản),5.0,9,178000,169000,160.0,843
247447655,ke-chuyen-cuoc-doi-cac-thien-tai-lev-tolstoy-nha-van-hien-thuc-thien-tai-p247447655,https://tiki.vn/ke-chuyen-cuoc-doi-cac-thien-tai-lev-tolstoy-nha-van-hien-thuc-thien-tai-p247447655.html,Kể Chuyện Cuộc Đời Các Thiên Tài: Lev Tolstoy - Nhà Văn Hiện Thực Thiên Tài,0.0,0,70000,61600,2.0,843
263104576,con-tau-ma-cua-the-chien-ii-p263104576,https://tiki.vn/con-tau-ma-cua-the-chien-ii-p263104576.html,Con Tàu Ma Của Thế Chiến II,0.0,0,229000,153400,,843
275707240,tu-truyen-benjamin-franklin-mot-trong-nhung-nha-lap-quoc-vi-dai-cua-nuoc-my-benjamin-franklin-nguyen-thuy-khanh-chuong-dich-omega-plus-nxb-lao-dong-p275707240,https://tiki.vn/tu-truyen-benjamin-franklin-mot-trong-nhung-nha-lap-quoc-vi-dai-cua-nuoc-my-benjamin-franklin-nguyen-thuy-khanh-chuong-dich-omega-plus-nxb-lao-dong-p275707240.html,TỰ TRUYỆN BENJAMIN FRANKLIN - Một Trong Những Nhà Lập Quốc Vĩ Đại Của Nước Mỹ – Benjamin Franklin – Nguyễn Thụy Khánh Chương dịch – Omega Plus – NXB Lao động,0.0,0,109000,109000,2.0,843
247902007,lich-su-viet-nam-bang-tranh-tran-hung-dao-ban-mau-tai-ban-2023-p247902007,https://tiki.vn/lich-su-viet-nam-bang-tranh-tran-hung-dao-ban-mau-tai-ban-2023-p247902007.html,Lịch Sử Việt Nam Bằng Tranh - Trần Hưng Đạo (Bản Màu) (Tái Bản 2023),0.0,0,185000,185000,,843
33807380,combo-ong-tram-tuoi-treo-qua-cua-so-va-bien-mat-co-gai-mu-chu-pha-bom-nguyen-tu-va-ander-sat-thu-cung-be-lu-3-cuon-p33807380,https://tiki.vn/combo-ong-tram-tuoi-treo-qua-cua-so-va-bien-mat-co-gai-mu-chu-pha-bom-nguyen-tu-va-ander-sat-thu-cung-be-lu-3-cuon-p33807380.html,"Combo Ông Trăm Tuổi Trèo Qua Cửa Sổ Và Biến Mất, Cô Gái Mù Chữ Phá Bom Nguyên Tử Và Ander Sát Thủ Cùng Bè Lũ (3 Cuốn)",0.0,0,477000,477000,1.0,843
73310461,sach-michelangelo-sau-kiet-tac-cuoc-doi-p73310461,https://tiki.vn/sach-michelangelo-sau-kiet-tac-cuoc-doi-p73310461.html,Sách Michelangelo- Sáu Kiệt Tác Cuộc Đời,0.0,0,299000,239200,,843
278809248,sach-di-san-ho-chi-minh-nhieu-chu-de-nxb-tre-p278809248,https://tiki.vn/sach-di-san-ho-chi-minh-nhieu-chu-de-nxb-tre-p278809248.html,Sách - Di Sản Hồ Chí Minh - Nhiều Chủ Đề - NXB Trẻ,0.0,0,55000,55000,5.0,843
160814415,trinh-cong-son-thu-tinh-gui-mot-nguoi-p160814415,https://tiki.vn/trinh-cong-son-thu-tinh-gui-mot-nguoi-p160814415.html,Trịnh Công Sơn - Thư Tình Gửi Một Người,5.0,15,195000,179400,94.0,843
431824,sach-bien-ban-chien-tranh-1-2-3-4-75-tai-ban-2015-p431824,https://tiki.vn/sach-bien-ban-chien-tranh-1-2-3-4-75-tai-ban-2015-p431824.html,Sách Biên Bản Chiến Tranh 1-2-3-4.75 (Tái Bản 2015),5.0,1,205000,205000,13.0,843
275971333,combo-ganh-ganh-gong-gong-khac-di-khac-den-p275971333,https://tiki.vn/combo-ganh-ganh-gong-gong-khac-di-khac-den-p275971333.html,COMBO GÁNH GÁNH GỒNG GỒNG + KHẮC ĐI KHẮC ĐẾN,0.0,0,310000,310000,,843
275820545,bup-sen-xanh-nxb-kim-dong-son-tung-p275820545,https://tiki.vn/bup-sen-xanh-nxb-kim-dong-son-tung-p275820545.html,Búp Sen Xanh (NXB Kim Đồng) - Sơn Tùng,5.0,3,72000,72000,14.0,843
196480044,sach-lon-roi-het-so-p196480044,https://tiki.vn/sach-lon-roi-het-so-p196480044.html,Sách - Lớn rồi hết sợ,0.0,0,110000,110000,1.0,843
214835895,50-hoi-ky-khong-dinh-xuat-ban-p214835895,https://tiki.vn/50-hoi-ky-khong-dinh-xuat-ban-p214835895.html,50 Hồi Ký Không Định Xuất Bản,0.0,0,80000,80000,,843
136482553,sach-sai-gon-ngoanh-lai-tram-nam-p136482553,https://tiki.vn/sach-sai-gon-ngoanh-lai-tram-nam-p136482553.html,Sách Sài Gòn Ngoảnh Lại Trăm Năm,5.0,2,218000,218000,13.0,843
263103786,phu-nu-viet-nam-nhung-khoanh-khac-p263103786,https://tiki.vn/phu-nu-viet-nam-nhung-khoanh-khac-p263103786.html,Phụ Nữ Việt Nam - Những Khoảnh Khắc,0.0,0,200000,200000,,843
207597100,tro-tan-cua-angela-p207597100,https://tiki.vn/tro-tan-cua-angela-p207597100.html,Tro Tàn Của Angela,0.0,0,197604,197604,,843
277555121,sach-duoc-hoc-qua-tang-so-lo-xo-p277555121,https://tiki.vn/sach-duoc-hoc-qua-tang-so-lo-xo-p277555121.html,Sách - Được học - Quà tặng Sổ lò xo,0.0,0,182000,182000,,843
152705168,fashion-stylist-ven-man-hau-truong-cua-nhung-buoc-chan-4-0-p152705168,https://tiki.vn/fashion-stylist-ven-man-hau-truong-cua-nhung-buoc-chan-4-0-p152705168.html,Fashion Stylist - Vén Màn Hậu Trường Của Những Bước Chân 4.0,0.0,0,120000,120000,,843
279293841,sach-nhip-cau-ky-uc-cua-mot-nha-giao-p279293841,https://tiki.vn/sach-nhip-cau-ky-uc-cua-mot-nha-giao-p279293841.html,Sách - Nhịp cầu - Ký ức của một nhà giáo,0.0,0,268000,268000,1.0,843
200616671,pham-duy-va-toi-nguyen-thuy-kha-p200616671,https://tiki.vn/pham-duy-va-toi-nguyen-thuy-kha-p200616671.html,Phạm Duy và Tôi - Nguyễn Thụy Kha,0.0,0,380000,380000,1.0,843
839925,sach-hoc-gia-nguyen-van-vinh-chuyen-nghiep-chuyen-doi-p839925,https://tiki.vn/sach-hoc-gia-nguyen-van-vinh-chuyen-nghiep-chuyen-doi-p839925.html,"Sách Học Giả Nguyễn Văn Vĩnh - Chuyện Nghiệp, Chuyện Đời",5.0,9,54000,40500,183.0,843
277923787,combo-le-diep-vien-hoan-hao-x6-pham-xuan-an-hoi-ky-nguyen-thi-binh-gia-dinh-ban-be-va-dat-nuoc-tu-song-ben-hai-den-dinh-doc-lap-p277923787,https://tiki.vn/combo-le-diep-vien-hoan-hao-x6-pham-xuan-an-hoi-ky-nguyen-thi-binh-gia-dinh-ban-be-va-dat-nuoc-tu-song-ben-hai-den-dinh-doc-lap-p277923787.html,"Combo/Lẻ Điệp Viên Hoàn Hảo X6 - Phạm Xuân Ẩn + Hồi Ký Nguyễn Thị Bình - Gia Đình, Bạn Bè Và Đất Nước + Từ Sông Bến Hải Đến Dinh Độc Lập",0.0,0,219000,153000,,843
355054,sach-tu-dia-nguc-tro-ve-tai-ban-p355054,https://tiki.vn/sach-tu-dia-nguc-tro-ve-tai-ban-p355054.html,Sách Từ Địa Ngục Trở Về (Tái Bản),5.0,1,54000,54000,3.0,843
279153068,bia-cung-in-mau-cho-dong-xuan-khong-gian-ky-uc-trung-tam-luu-tru-quoc-gia-1-p279153068,https://tiki.vn/bia-cung-in-mau-cho-dong-xuan-khong-gian-ky-uc-trung-tam-luu-tru-quoc-gia-1-p279153068.html,"(Bìa cứng, In màu) CHỢ ĐỒNG XUÂN - Không Gian Ký Ức - Trung tâm lưu trữ Quốc gia 1",0.0,0,646000,646000,,843
278866064,sach-elon-musk-khong-gioi-han-thien-tai-sieu-pham-cua-the-ky-21-p278866064,https://tiki.vn/sach-elon-musk-khong-gioi-han-thien-tai-sieu-pham-cua-the-ky-21-p278866064.html,Sách - Elon Musk - Không Giới Hạn - Thiên Tài Siêu Phàm Của Thế Kỷ 21,0.0,0,138000,121400,,843
599881,sach-hanh-trinh-xa-xu-giac-mo-quoc-gia-khoi-nghiep-p599881,https://tiki.vn/sach-hanh-trinh-xa-xu-giac-mo-quoc-gia-khoi-nghiep-p599881.html,Sách Hành Trình Xa Xứ - Giấc Mơ Quốc Gia Khởi Nghiệp,0.0,0,114000,102600,,843
278906973,sach-nhung-cau-chuyen-ve-dai-tuong-nguyen-chi-thanh-p278906973,https://tiki.vn/sach-nhung-cau-chuyen-ve-dai-tuong-nguyen-chi-thanh-p278906973.html,Sách - Những Câu Chuyện Về Đại Tướng Nguyễn Chí Thanh,0.0,0,219000,186100,,843
271376302,10-year-record-of-bts-beyond-the-story-bia-cung-ban-dac-biet-doc-quyen-tang-kem-1-pet-bookmark-8-photo-cards-1-poster-a3-1-binh-nuoc-bts-600-ml-p271376302,https://tiki.vn/10-year-record-of-bts-beyond-the-story-bia-cung-ban-dac-biet-doc-quyen-tang-kem-1-pet-bookmark-8-photo-cards-1-poster-a3-1-binh-nuoc-bts-600-ml-p271376302.html,10-Year Record Of BTS - Beyond The Story - Bìa Cứng - Bản Đặc Biệt Độc Quyền - Tặng Kèm 1 PET Bookmark + 8 Photo Cards + 1 Poster A3 + 1 Bình Nước BTS 600 ml,5.0,5,589000,530100,12.0,843
275947467,thu-gui-nha-tho-tre-p275947467,https://tiki.vn/thu-gui-nha-tho-tre-p275947467.html,Thư Gửi Nhà Thơ Trẻ,0.0,0,68000,68000,,843
97507929,sach-cuon-tieu-su-day-du-nhat-ve-danh-hoa-van-gogh-van-gogh-the-life-p97507929,https://tiki.vn/sach-cuon-tieu-su-day-du-nhat-ve-danh-hoa-van-gogh-van-gogh-the-life-p97507929.html,Sách Cuốn Tiểu Sử Đầy Đủ Nhất Về Danh Họa Van Gogh: Van Gogh The Life,0.0,0,789000,789000,1.0,843
92004405,sach-khi-hoi-tho-hoa-thinh-khong-p92004405,https://tiki.vn/sach-khi-hoi-tho-hoa-thinh-khong-p92004405.html,Sách - Khi Hơi Thở Hóa Thinh Không,0.0,0,109000,92600,2.0,843
274664588,van-chuong-nobel-bia-cung-mot-ngay-trong-doi-ivan-denisovich-aleksander-solzhenitsyn-thach-chuong-tran-luong-ngoc-dich-nha-nam-nha-xuat-ban-hoi-nha-van-p274664588,https://tiki.vn/van-chuong-nobel-bia-cung-mot-ngay-trong-doi-ivan-denisovich-aleksander-solzhenitsyn-thach-chuong-tran-luong-ngoc-dich-nha-nam-nha-xuat-ban-hoi-nha-van-p274664588.html,"[Văn chương Nobel - Bìa cứng] MỘT NGÀY TRONG ĐỜI IVAN DENISOVICH - Aleksander Solzhenitsyn - Thạch Chương, Trần Lương Ngọc dịch - Nhã Nam - Nhà xuất bản Hội Nhà Văn.",0.0,0,147000,147000,,843
68136938,combo-2-cuon-sach-nghiet-nga-thanh-cong-adolf-hitler-chan-dung-mot-trum-phat-xit-p68136938,https://tiki.vn/combo-2-cuon-sach-nghiet-nga-thanh-cong-adolf-hitler-chan-dung-mot-trum-phat-xit-p68136938.html,Combo 2 cuốn sách: Nghiệt Ngã & Thành Công + Adolf Hitler - Chân Dung Một Trùm Phát Xít,0.0,0,577000,577000,,843
274115389,chuyen-doi-xua-truong-vinh-ky-p274115389,https://tiki.vn/chuyen-doi-xua-truong-vinh-ky-p274115389.html,Chuyện đời xưa (Trương Vĩnh Ký),0.0,0,105000,87150,5.0,843
274770507,mua-xuan-vang-lang-mua-thu-chet-choc-cua-chien-tranh-viet-nam-hanh-trinh-dieu-tra-ve-chat-doc-da-cam-cua-mot-cuu-binh-my-patrick-hogan-nguyen-van-minh-dich-phuong-nam-books-p274770507,https://tiki.vn/mua-xuan-vang-lang-mua-thu-chet-choc-cua-chien-tranh-viet-nam-hanh-trinh-dieu-tra-ve-chat-doc-da-cam-cua-mot-cuu-binh-my-patrick-hogan-nguyen-van-minh-dich-phuong-nam-books-p274770507.html,MÙA XUÂN VẮNG LẶNG - MÙA THU CHẾT CHÓC CỦA CHIẾN TRANH VIỆT NAM (Hành trình điều tra về chất độc da cam của một cựu binh Mỹ) - Patrick Hogan - Nguyễn Văn Minh dịch - Phương Nam Books,0.0,0,159000,159000,,843
278160752,huu-chau-chiec-noi-vang-giong-bao-p278160752,https://tiki.vn/huu-chau-chiec-noi-vang-giong-bao-p278160752.html,Hữu Châu - Chiếc Nôi Vàng Giông Bão ,5.0,1,349000,349000,10.0,843
277007089,co-mot-thoi-o-cho-lon-bia-cung-p277007089,https://tiki.vn/co-mot-thoi-o-cho-lon-bia-cung-p277007089.html,Có Một Thời Ở Chợ Lớn (Bìa Cứng),0.0,0,399000,399000,11.0,843
275922893,nua-the-ky-van-tho-ho-chi-minh-tu-yeu-sach-cua-nhan-dan-an-nam-den-di-chuc-bac-ho-pace-p275922893,https://tiki.vn/nua-the-ky-van-tho-ho-chi-minh-tu-yeu-sach-cua-nhan-dan-an-nam-den-di-chuc-bac-ho-pace-p275922893.html, Nửa thế kỷ văn thơ Hồ Chí Minh Từ yêu sách của Nhân dân An Nam đến di chúc Bác Hồ ( pace),0.0,0,245000,245000,,843
208117091,sach-so-tay-viet-van-p208117091,https://tiki.vn/sach-so-tay-viet-van-p208117091.html,Sách - Sổ tay viết văn,0.0,0,60000,60000,2.0,843
57245134,mot-nguoi-nuoc-nam-ky-la-p57245134,https://tiki.vn/mot-nguoi-nuoc-nam-ky-la-p57245134.html,Một Người Nước Nam Kỳ Lạ,0.0,0,80000,80000,1.0,843
276797692,tu-truyen-nguyen-bich-lan-khong-guc-nga-tai-ban-p276797692,https://tiki.vn/tu-truyen-nguyen-bich-lan-khong-guc-nga-tai-ban-p276797692.html,Tự Truyện Nguyễn Bích Lan - Không Gục Ngã (Tái Bản),0.0,0,100000,100000,1.0,843
375318,sach-nguoi-lang-sui-ke-chuyen-cao-ba-quat-p375318,https://tiki.vn/sach-nguoi-lang-sui-ke-chuyen-cao-ba-quat-p375318.html,Sách Người Làng Sủi Kể Chuyện Cao Bá Quát,0.0,0,230000,230000,,843
9734633,sach-ngay-do-co-em-p9734633,https://tiki.vn/sach-ngay-do-co-em-p9734633.html,Sách Ngày đó có em,5.0,18,55000,55000,224.0,843
279108121,sach-chuyen-nguoi-ha-noi-tap-4-tac-gia-nhom-ha-noi-tri-thuc-tritthuctrebooks-kho-sach-16-24cm-p279108121,https://tiki.vn/sach-chuyen-nguoi-ha-noi-tap-4-tac-gia-nhom-ha-noi-tri-thuc-tritthuctrebooks-kho-sach-16-24cm-p279108121.html,Sách - Chuyện người Hà Nội (Tập 04) - Mỗi Trang Sách Là Một Góc Hà Nội Đầy Thương Nhớ,0.0,0,256000,235520,5.0,843
199109460,nhung-con-duong-den-tinh-hien-dai_pace-p199109460,https://tiki.vn/nhung-con-duong-den-tinh-hien-dai_pace-p199109460.html,NHỮNG CON ĐƯỜNG ĐẾN TÍNH HIỆN ĐẠI_PACE,0.0,0,125000,125000,3.0,843
276030569,hay-goi-ten-toi-hoi-ky-chanel-miller-p276030569,https://tiki.vn/hay-goi-ten-toi-hoi-ky-chanel-miller-p276030569.html,Hãy gọi tên tôi - Hồi ký Chanel Miller,5.0,1,169000,169000,1.0,843
199118664,nhung-mau-chuyen-ve-tam-guong-dao-duc-ho-chi-minh-tap-1-p199118664,https://tiki.vn/nhung-mau-chuyen-ve-tam-guong-dao-duc-ho-chi-minh-tap-1-p199118664.html,Những mẩu chuyện về tấm gương đạo đức Hồ Chí Minh - Tập 1,0.0,0,107000,107000,1.0,843
10972532,sai-gon-cho-lon-the-thao-va-bao-chi-truoc-1945-p10972532,https://tiki.vn/sai-gon-cho-lon-the-thao-va-bao-chi-truoc-1945-p10972532.html,Sài Gòn Chợ Lớn Thể Thao Và Báo Chí Trước 1945,0.0,0,125000,125000,,843
273219860,dai-hiep-hong-kong-chau-nhuan-phat-p273219860,https://tiki.vn/dai-hiep-hong-kong-chau-nhuan-phat-p273219860.html,Đại Hiệp Hồng Kông - Châu Nhuận Phát,0.0,0,168000,168000,,843
270704087,diep-vien-hoan-hao-x6-cuoc-doi-hai-mat-phi-thuong-cua-pham-xuan-an-tai-ban-nam-2020-p270704087,https://tiki.vn/diep-vien-hoan-hao-x6-cuoc-doi-hai-mat-phi-thuong-cua-pham-xuan-an-tai-ban-nam-2020-p270704087.html,Điệp Viên Hoàn Hảo X6 - Cuộc Đời Hai Mặt Phi Thường Của Phạm Xuân Ẩn (Tái bản năm 2020),0.0,0,178000,178000,1.0,843
74172715,phan-quang-90-tuoi-doi-70-tuoi-nghe-p74172715,https://tiki.vn/phan-quang-90-tuoi-doi-70-tuoi-nghe-p74172715.html,Phan Quang 90 Tuổi Đời 70 Tuổi Nghề,3.5,2,160000,160000,4.0,843
271535560,buoc-vao-cua-hieu-nhiem-mau-cau-chuyen-ky-dieu-ve-cuoc-doi-cua-mot-bac-si-phau-thuat-than-kinh-_fn-p271535560,https://tiki.vn/buoc-vao-cua-hieu-nhiem-mau-cau-chuyen-ky-dieu-ve-cuoc-doi-cua-mot-bac-si-phau-thuat-than-kinh-_fn-p271535560.html,Bước Vào Cửa Hiệu Nhiệm Màu - Câu Chuyện Kỳ Diệu Về Cuộc Đời Của Một Bác Sĩ Phẫu Thuật Thần Kinh _FN,0.0,0,148000,148000,,843
222662826,diep-vien-hoan-hao-x6-bia-cung-tai-ban-p222662826,https://tiki.vn/diep-vien-hoan-hao-x6-bia-cung-tai-ban-p222662826.html,Điệp Viên Hoàn Hảo X6 - Bìa Cứng (Tái Bản),0.0,0,198000,198000,,843
169377619,giua-hai-vuong-quoc-p169377619,https://tiki.vn/giua-hai-vuong-quoc-p169377619.html,Giữa Hai Vương Quốc,0.0,0,139000,139000,,843
247946268,combo-hanh-trinh-ve-phuong-dong-duong-may-qua-xu-tuyet-bo-2-cuon-tai-ban-p247946268,https://tiki.vn/combo-hanh-trinh-ve-phuong-dong-duong-may-qua-xu-tuyet-bo-2-cuon-tai-ban-p247946268.html,Combo Hành Trình Về Phương Đông + Đường May Qua Xứ Tuyết (Bộ 2 Cuốn) - Tái Bản,0.0,0,226000,226000,,843
799276,mot-nguoi-viet-tram-lang-p799276,https://tiki.vn/mot-nguoi-viet-tram-lang-p799276.html,Một Người Việt Trầm Lặng,0.0,0,92000,92000,1.0,843
273309246,hoi-ky-tu-binh-thuong-truong-p273309246,https://tiki.vn/hoi-ky-tu-binh-thuong-truong-p273309246.html,Hồi Ký Tù Binh Thương Trường,0.0,0,159000,159000,,843
205116938,nghiet-nga-va-thanh-cong-_fn-p205116938,https://tiki.vn/nghiet-nga-va-thanh-cong-_fn-p205116938.html,Nghiệt Ngã Và Thành Công _FN,0.0,0,88000,88000,,843
258379374,nguoi-truyen-ky-uc-p258379374,https://tiki.vn/nguoi-truyen-ky-uc-p258379374.html,Người Truyền Ký Ức,0.0,0,80000,80000,,843
202611319,an-emissary-from-heaven-dac-su-thien-duong-p202611319,https://tiki.vn/an-emissary-from-heaven-dac-su-thien-duong-p202611319.html,SÁCH - An Emissary from Heaven - Đặc Sứ Thiên Đường (Bản Tiếng Anh),0.0,0,350000,350000,,843
953254,vui-dap-tuoi-13-p953254,https://tiki.vn/vui-dap-tuoi-13-p953254.html,Vùi Dập Tuổi 13 ,0.0,0,88000,88000,,843
207566280,co-be-nhin-mua-p207566280,https://tiki.vn/co-be-nhin-mua-p207566280.html,Cô Bé Nhìn Mưa,0.0,0,120000,120000,,843
215141187,chau-chut-ta-tinh-tri-am-sgb-p215141187,https://tiki.vn/chau-chut-ta-tinh-tri-am-sgb-p215141187.html,"Châu, Chút Tạ Tình Tri Âm (SGB)",0.0,0,100000,100000,,843
255611998,combo-chan-tran-chi-thep-x6-diep-vien-hoan-hao-bia-mem-ban-quyen-p255611998,https://tiki.vn/combo-chan-tran-chi-thep-x6-diep-vien-hoan-hao-bia-mem-ban-quyen-p255611998.html,Combo Chân Trần Chí Thép + X6 Điệp Viên Hoàn Hảo (Bìa mềm) - Bản Quyền,0.0,0,366000,366000,,843
277873930,combo-hoi-ki-ve-bac-ho-2-cuon-tang-kem-bookmark-cu-meo-so-tay-xuong-rong-p277873930,https://tiki.vn/combo-hoi-ki-ve-bac-ho-2-cuon-tang-kem-bookmark-cu-meo-so-tay-xuong-rong-p277873930.html,Combo Hồi Kí Về Bác Hồ (2 Cuốn) (Tặng Kèm Bookmark CÚ MÈO + SỔ TAY XƯƠNG RỒNG),0.0,0,80000,80000,,843
137484723,sach-uzbekistan-giac-mo-mau-lam-ngoc-p137484723,https://tiki.vn/sach-uzbekistan-giac-mo-mau-lam-ngoc-p137484723.html,Sách Uzbekistan - Giấc Mơ Màu Lam Ngọc,0.0,0,60000,60000,7.0,843
214232022,chim-noi-giua-paris-va-london-george-orwell-p214232022,https://tiki.vn/chim-noi-giua-paris-va-london-george-orwell-p214232022.html, Chìm Nổi Giữa Paris Và London - George Orwell,0.0,0,144000,128160,6.0,843
253317471,coi-nguoi-dung-nomadland-p253317471,https://tiki.vn/coi-nguoi-dung-nomadland-p253317471.html,CÕI NGƯỜI DƯNG - NOMADLAND,5.0,1,180000,180000,6.0,843
275831799,thoat-khoi-dia-nguc-khmer-do-hoi-ky-cua-mot-nguoi-con-song-xuat-ban-lan-thu-ba-sach-tham-khao-p275831799,https://tiki.vn/thoat-khoi-dia-nguc-khmer-do-hoi-ky-cua-mot-nguoi-con-song-xuat-ban-lan-thu-ba-sach-tham-khao-p275831799.html,Thoát khỏi địa ngục Khmer đỏ- Hồi ký của một người còn sống (Xuất bản lần thứ ba) (Sách tham khảo),0.0,0,69350,69350,,843
192949956,fryderyk-chopin-cuoc-doi-va-thoi-dai-p192949956,https://tiki.vn/fryderyk-chopin-cuoc-doi-va-thoi-dai-p192949956.html,Fryderyk Chopin Cuộc Đời Và Thời Đại,0.0,0,499000,499000,,843
270770294,thanh-than-mot-cuoc-doi-p270770294,https://tiki.vn/thanh-than-mot-cuoc-doi-p270770294.html,Thanh thản một cuộc đời (xuất bản 2014),0.0,0,50000,50000,2.0,843
262060167,dinh-menh-chien-tranh-p262060167,https://tiki.vn/dinh-menh-chien-tranh-p262060167.html,Định Mệnh Chiến Tranh,0.0,0,246000,246000,,843
114895808,sach-combo-3-cuon-le-tuy-chon-tu-dien-tieng-em-vui-ve-khong-quau-nha-mot-cuon-sach-buon-cuoi-p114895808,https://tiki.vn/sach-combo-3-cuon-le-tuy-chon-tu-dien-tieng-em-vui-ve-khong-quau-nha-mot-cuon-sach-buon-cuoi-p114895808.html,"Sách - Combo 3 cuốn, lẻ tùy chọn: Từ Điển Tiếng “Em” + Vui Vẻ Không Quạu Nha + Một Cuốn Sách Buồn...Cười",0.0,0,69000,69000,,843
167019812,chau-phi-nghin-trung-tai-ban-2021-p167019812,https://tiki.vn/chau-phi-nghin-trung-tai-ban-2021-p167019812.html,Châu Phi Nghìn Trùng (Tái Bản 2021),0.0,0,148203,148203,,843
196186225,sch-tu-truyen-david-beckham-goc-canh-doi-toi-p196186225,https://tiki.vn/sch-tu-truyen-david-beckham-goc-canh-doi-toi-p196186225.html,Sch: Tự Truyện David Beckham - Góc Cạnh Đời Tôi,0.0,0,198400,198400,,843
270117858,sach-yeu-nhu-bau-troi-mua-he-day-bien-co-cua-g-baby-pn-p270117858,https://tiki.vn/sach-yeu-nhu-bau-troi-mua-he-day-bien-co-cua-g-baby-pn-p270117858.html,Sách- yêu như bầu trời - mùa hè đầy biến cố của G-Baby (pn),0.0,0,118563,118563,,843
214930618,sach-hinh-anh-chuyen-nghiep-nang-cao-vi-the-p214930618,https://tiki.vn/sach-hinh-anh-chuyen-nghiep-nang-cao-vi-the-p214930618.html, Hình ảnh chuyên nghiệp nâng cao vị thế,0.0,0,116900,116900,,843
230348283,combo-2-cuon-sach-my-vision-tam-nhin-thay-doi-quoc-gia-anh-chop-tu-duy-p230348283,https://tiki.vn/combo-2-cuon-sach-my-vision-tam-nhin-thay-doi-quoc-gia-anh-chop-tu-duy-p230348283.html,Combo 2 cuốn sách: My Vision - Tầm Nhìn Thay Đổi Quốc Gia + Ánh Chớp Tư Duy,0.0,0,456000,456000,,843
212961206,bi-danh-huynh-phuong-dong-p212961206,https://tiki.vn/bi-danh-huynh-phuong-dong-p212961206.html,Bí Danh Huỳnh Phương Đông,0.0,0,1495504,1495504,1.0,843
201599304,phu-nu-tung-thu-gioi-va-phat-trien-nguyen-van-vinh-van-de-phu-nu-o-nuoc-ta-pnu-p201599304,https://tiki.vn/phu-nu-tung-thu-gioi-va-phat-trien-nguyen-van-vinh-van-de-phu-nu-o-nuoc-ta-pnu-p201599304.html,Phụ nữ tùng thư: Giới và Phát triển Nguyễn Văn Vĩnh: Vấn đề phụ nữ ở nước ta (PNu),0.0,0,148352,148352,,843
127846237,qua-nhieu-va-khong-du-gia-dinh-toi-da-tao-nen-nguoi-dan-ong-nguy-hiem-nhat-the-gioi-nhu-the-nao-p127846237,https://tiki.vn/qua-nhieu-va-khong-du-gia-dinh-toi-da-tao-nen-nguoi-dan-ong-nguy-hiem-nhat-the-gioi-nhu-the-nao-p127846237.html,Quá Nhiều Và Không Đủ - Gia Đình Tôi Đã Tạo Nên Người Đàn Ông Nguy Hiểm Nhất Thế Giới Như Thế Nào ?,0.0,0,131107,131107,,843
90671178,lay-nuoc-duong-xa-tang-kem-bookmark-sat-p90671178,https://tiki.vn/lay-nuoc-duong-xa-tang-kem-bookmark-sat-p90671178.html,Lấy Nước Đường Xa - Tặng Kèm Bookmark Sắt,0.0,0,99000,99000,,843
217613220,nhung-cau-be-kem-p217613220,https://tiki.vn/nhung-cau-be-kem-p217613220.html,Những cậu bé Kẽm,0.0,0,180000,180000,,843
278579012,sach-dang-thuy-tram-va-cuon-nhat-ky-thu-ba-nxb-phu-nu-vn-van-hoc-viet-nam-p278579012,https://tiki.vn/sach-dang-thuy-tram-va-cuon-nhat-ky-thu-ba-nxb-phu-nu-vn-van-hoc-viet-nam-p278579012.html,Sách - Đặng Thùy Trâm và cuốn nhật ký thứ ba - NXB Phụ nữ VN (Văn học Việt Nam),0.0,0,165000,148500,5.0,843
278632697,hoi-uc-quang-tri-tac-gia-nguyen-thuy-kha-p278632697,https://tiki.vn/hoi-uc-quang-tri-tac-gia-nguyen-thuy-kha-p278632697.html,Hồi Ức Quảng Trị (Tác giả: Nguyễn Thụy Kha),0.0,0,114000,114000,1.0,843
270806595,sach-noi-tinh-sau-hon-nhan-after-the-affair-tac-gia-janis-abrahms-spring-michael-spring-sgb-p270806595,https://tiki.vn/sach-noi-tinh-sau-hon-nhan-after-the-affair-tac-gia-janis-abrahms-spring-michael-spring-sgb-p270806595.html,"Sách - Nội tình sau hôn nhân ( After the Affair ) - Tác giả Janis Abrahms Spring , Michael Spring SGB",0.0,0,200000,200000,1.0,843
278014580,nhung-buc-thu-ke-chuyen-bac-ho-xuat-ban-lan-thu-hai-p278014580,https://tiki.vn/nhung-buc-thu-ke-chuyen-bac-ho-xuat-ban-lan-thu-hai-p278014580.html,Những bức thư kể chuyện Bác Hồ (Xuất bản lần thứ hai),0.0,0,53000,53000,,843
200037783,tu-truyen-benjamin-franklin-tai-ban-2018-_al-p200037783,https://tiki.vn/tu-truyen-benjamin-franklin-tai-ban-2018-_al-p200037783.html,Tự Truyện Benjamin Franklin (Tái Bản 2018)_AL,0.0,0,109000,92600,1.0,843
277139003,ha-noi-nho-thuong-cua-toi-quan-the-dan-sdv-p277139003,https://tiki.vn/ha-noi-nho-thuong-cua-toi-quan-the-dan-sdv-p277139003.html,Hà Nội Nhớ Thương Của Tôi - Quan Thế Dân (SDV),0.0,0,85000,72000,1.0,843
274590491,cuoc-doi-bat-tu-cua-henrietta-lacks-p274590491,https://tiki.vn/cuoc-doi-bat-tu-cua-henrietta-lacks-p274590491.html,Cuộc đời bất tử của Henrietta Lacks,0.0,0,269000,228000,,843
271428962,alfred-nobel-va-ban-di-chuc-bat-hu-p271428962,https://tiki.vn/alfred-nobel-va-ban-di-chuc-bat-hu-p271428962.html,Alfred Nobel - Và Bản Di Chúc Bất Hủ,0.0,0,65000,65000,,843
198530642,bong-sen-vang-p198530642,https://tiki.vn/bong-sen-vang-p198530642.html,BÔNG SEN VÀNG,0.0,0,159000,151000,,843
195969780,sach-bong-sen-vang-p195969780,https://tiki.vn/sach-bong-sen-vang-p195969780.html,"Sách"" Bông Sen Vàng""",0.0,0,130000,130000,24.0,843
253234689,combo-2-cuon-diep-vien-hoan-hao-x6-ong-tuong-tinh-bao-va-cac-diep-vu-sieu-hang-p253234689,https://tiki.vn/combo-2-cuon-diep-vien-hoan-hao-x6-ong-tuong-tinh-bao-va-cac-diep-vu-sieu-hang-p253234689.html,Combo 2 cuốn: Điệp Viên Hoàn Hảo X6 + Ông Tướng Tình Báo Và Các Điệp Vụ Siêu Hạng,0.0,0,296000,296000,1.0,843
278015738,combo-sach-tuyet-ky-nghe-bao-hoi-ky-doi-ky-gia-chuyen-nghiep-hoi-ky-phong-vien-chien-truong-vong-quanh-chau-a-alpha-books-p278015738,https://tiki.vn/combo-sach-tuyet-ky-nghe-bao-hoi-ky-doi-ky-gia-chuyen-nghiep-hoi-ky-phong-vien-chien-truong-vong-quanh-chau-a-alpha-books-p278015738.html,Combo/Lẻ Sách Tuyệt Kỹ Nghề Báo: Hồi Ký Đời Ký Giả Chuyên Nghiệp + Hồi Ký Phóng Viên Chiến Trường + Vòng Quanh Châu Á - Alpha Books,0.0,0,239000,203000,,843
279261565,combo-3-cuon-tam-long-voi-dat-nuoc-bia-cung-hoi-ky-nguyen-thi-binh-gia-dinh-ban-be-va-dat-nuoc-hiep-dinh-paris-thang-loi-cua-y-chi-doc-lap-tu-chu-va-chinh-nghia-viet-nam-omega-plus-p279261565,https://tiki.vn/combo-3-cuon-tam-long-voi-dat-nuoc-bia-cung-hoi-ky-nguyen-thi-binh-gia-dinh-ban-be-va-dat-nuoc-hiep-dinh-paris-thang-loi-cua-y-chi-doc-lap-tu-chu-va-chinh-nghia-viet-nam-omega-plus-p279261565.html,"Combo 3 Cuốn: Tấm Lòng Với Đất Nước (Bìa Cứng) + Hồi Ký Nguyễn Thị Bình - Gia Đình, Bạn Bè Và Đất Nước + Hiệp Định Paris - Thắng Lợi Của Ý Chí Độc Lập, Tự Chủ Và Chính Nghĩa Việt Nam - Omega Plus",0.0,0,707000,650000,,843
278028528,dien-ro-va-hoan-my-inside-out-a-personal-history-of-pink-floyd-nick-mason-alpha-books-p278028528,https://tiki.vn/dien-ro-va-hoan-my-inside-out-a-personal-history-of-pink-floyd-nick-mason-alpha-books-p278028528.html,Điên Rồ Và Hoàn Mỹ - Inside Out - A Personal History of Pink Floyd - Nick Mason - Alpha Books ,0.0,0,299000,254000,2.0,843
275785997,khac-di-khac-den-hoi-ky-p275785997,https://tiki.vn/khac-di-khac-den-hoi-ky-p275785997.html,Khắc Đi ... Khắc Đến (Hồi Ký),5.0,3,150000,150000,39.0,843
272439470,ho-i-ky-tu-binh-thuong-truo-ng-nguye-n-phuo-c-bu-u-huy-p272439470,https://tiki.vn/ho-i-ky-tu-binh-thuong-truo-ng-nguye-n-phuo-c-bu-u-huy-p272439470.html,Hồi Ký Tù Binh Thương Trường (Nguyễn Phước Bửu Huy),0.0,0,159000,135000,3.0,843
273328444,tu-truyen-nguyen-bich-lan-khong-guc-nga-tai-ban-p273328444,https://tiki.vn/tu-truyen-nguyen-bich-lan-khong-guc-nga-tai-ban-p273328444.html, Tự Truyện Nguyễn Bích Lan - Không Gục Ngã (Tái Bản),0.0,0,128000,128000,,843
274618423,sach-ton-giao-sat-na-nay-la-thien-thu-p274618423,https://tiki.vn/sach-ton-giao-sat-na-nay-la-thien-thu-p274618423.html,Sách Tôn Giáo:  Sát-na Này Là Thiên Thu,0.0,0,68000,68000,,843
137440652,sach-napoleon-bonaparte-p137440652,https://tiki.vn/sach-napoleon-bonaparte-p137440652.html,Sách Napoléon Bonaparte,0.0,0,590000,590000,,843
275358382,hanh-phuc-that-gan-p275358382,https://tiki.vn/hanh-phuc-that-gan-p275358382.html,Hạnh Phúc Thật Gần,0.0,0,82000,69700,9.0,843
214651576,dau-mo-tien-bac-va-quyen-luc-bia-cung-p214651576,https://tiki.vn/dau-mo-tien-bac-va-quyen-luc-bia-cung-p214651576.html,"Dầu Mỏ, Tiền Bạc Và Quyền Lực (Bìa Cứng)",5.0,1,599000,509100,4.0,843
263703126,chuyen-ke-tu-lang-sen-p263703126,https://tiki.vn/chuyen-ke-tu-lang-sen-p263703126.html,Chuyện Kể Từ Làng Sen,0.0,0,54000,44200,2.0,843
276639738,vuong-ve-vi-ti-phu-khiem-nhuong-hanh-trinh-bien-sp-express-tro-thanh-fedex-cua-trung-quoc-p276639738,https://tiki.vn/vuong-ve-vi-ti-phu-khiem-nhuong-hanh-trinh-bien-sp-express-tro-thanh-fedex-cua-trung-quoc-p276639738.html,Vương Vệ - Vị Tỉ Phú Khiêm Nhường - Hành Trình Biến SP Express Trở Thành FedEx Của Trung Quốc,0.0,0,150000,135000,,843
213959221,mien-dat-hua-barack-obama-bia-cung-p213959221,https://tiki.vn/mien-dat-hua-barack-obama-bia-cung-p213959221.html,Miền Đất Hứa - Barack Obama (Bìa Cứng),0.0,0,605000,605000,,843
273986435,marco-polo-du-hanh-ve-phuong-dong-cuon-sach-ve-tam-linh-hay-p273986435,https://tiki.vn/marco-polo-du-hanh-ve-phuong-dong-cuon-sach-ve-tam-linh-hay-p273986435.html,Marco Polo - Du Hành Về Phương Đông- Cuốn Sách Về Tâm Linh Hay,0.0,0,152100,152100,,843
262701379,nhung-ke-mo-chu-trong-xuong-manga-fujino-chiya-nguyen-kim-hoang-dich-huy-hoang-nxb-phu-nu-p262701379,https://tiki.vn/nhung-ke-mo-chu-trong-xuong-manga-fujino-chiya-nguyen-kim-hoang-dich-huy-hoang-nxb-phu-nu-p262701379.html,NHỮNG KẺ MƠ CHỮ TRONG XƯỞNG MANGA – Fujino Chiya – Nguyễn Kim Hoàng dịch -  Huy Hoàng - NXB Phụ Nữ,0.0,0,176000,176000,,843
272270269,nguoi-thay-tai-ban-2023-nguyen-chi-vinh-p272270269,https://tiki.vn/nguoi-thay-tai-ban-2023-nguyen-chi-vinh-p272270269.html,Người Thầy (Tái Bản 2023) - Nguyễn Chí Vịnh,0.0,0,269000,269000,2.0,843
21574056,sach-madam-nhu-tran-le-xuan-quyen-luc-ba-rong-tai-ban-lan-3-p21574056,https://tiki.vn/sach-madam-nhu-tran-le-xuan-quyen-luc-ba-rong-tai-ban-lan-3-p21574056.html,Sách Madam Nhu Trần Lệ Xuân - Quyền Lực Bà Rồng (Tái Bản Lần 3),0.0,0,185000,179932,18.0,843
277042605,bo-ke-chuyen-doi-bo-huong-dan-viet-nhat-ky-danh-cho-bo-p277042605,https://tiki.vn/bo-ke-chuyen-doi-bo-huong-dan-viet-nhat-ky-danh-cho-bo-p277042605.html,Bố kể chuyện đời bố - Hướng dẫn viết nhật ký dành cho bố,0.0,0,69000,69000,,843
274028590,spare-ke-du-bi-p274028590,https://tiki.vn/spare-ke-du-bi-p274028590.html,Spare - Kẻ Dự Bị,0.0,0,241139,241139,,843
279260330,ho-chi-minh-trai-tim-qua-dat-tac-pham-doi-thoai-di-cao-cua-nha-van-son-tung-ve-bac-ho-p279260330,https://tiki.vn/ho-chi-minh-trai-tim-qua-dat-tac-pham-doi-thoai-di-cao-cua-nha-van-son-tung-ve-bac-ho-p279260330.html,HỒ CHÍ MINH TRÁI TIM QUẢ ĐẤT (Tác phẩm - Đối thoại - Di cảo của nhà văn Sơn Tùng về Bác Hồ),0.0,0,1520000,1520000,,843
210138622,chim-noi-giua-paris-va-london-p210138622,https://tiki.vn/chim-noi-giua-paris-va-london-p210138622.html,Chìm nổi giữa PARIS và LONDON,0.0,0,144000,128160,,843
279057896,tran-tien-nguoi-hat-tho-minh-ca-khuc-nhung-cau-chuyen-ho-anh-thai-nxb-hoi-nha-van-dong-a-p279057896,https://tiki.vn/tran-tien-nguoi-hat-tho-minh-ca-khuc-nhung-cau-chuyen-ho-anh-thai-nxb-hoi-nha-van-dong-a-p279057896.html,TRẦN TIẾN – NGƯỜI HÁT THƠ MÌNH – CA KHÚC & NHỮNG CÂU CHUYỆN – Hồ Anh Thái – NXB Hội Nhà Văn -  Đông A,0.0,0,960000,960000,,843
159668021,co-kho-lam-lo-muot-mua-p159668021,https://tiki.vn/co-kho-lam-lo-muot-mua-p159668021.html,Cỏ khô lầm lỡ muốt mùa,4.8,4,208000,148500,36.0,843
279288338,combo-tap-1-tap-2-hoi-ky-ly-quang-dieu-ly-quang-dieu-omega-p279288338,https://tiki.vn/combo-tap-1-tap-2-hoi-ky-ly-quang-dieu-ly-quang-dieu-omega-p279288338.html,[Combo Tập 1 & Tập 2] HỒI KÝ LÝ QUANG DIỆU - LÝ QUANG DIỆU - OMEGA ,0.0,0,858000,858000,,843
278860154,tam-huyet-trao-doi-tu-truyen-nguyen-ngoc-ky-tri-viet-p278860154,https://tiki.vn/tam-huyet-trao-doi-tu-truyen-nguyen-ngoc-ky-tri-viet-p278860154.html,TÂM HUYẾT TRAO ĐỜI – Tự Truyện Nguyễn Ngọc Ký – Trí Việt,0.0,0,118000,118000,,843
181659002,fear-trump-o-nha-trang-p181659002,https://tiki.vn/fear-trump-o-nha-trang-p181659002.html,Fear: Trump Ở Nhà Trắng,0.0,0,145000,145000,,843
278420983,boxset-bia-cung-in-mau-xuan-hinh-ke-choc-cuoi-dan-da-thanh-thuy-nhu-hoa-chap-but-thbooks-p278420983,https://tiki.vn/boxset-bia-cung-in-mau-xuan-hinh-ke-choc-cuoi-dan-da-thanh-thuy-nhu-hoa-chap-but-thbooks-p278420983.html,"(Boxset bìa cứng, chữ ký tác giả) XUÂN HINH - KẺ CHỌC CƯỜI DÂN DÃ - Thanh Thủy, Như Hoa chấp bút - THBooks",0.0,0,380000,380000,4.0,843
278891336,lorenzo-de-medici-cuoc-doi-ruc-ro-va-thoi-dai-du-doi-miles-j-unger-ho-hong-dang-dich-omega-plus-p278891336,https://tiki.vn/lorenzo-de-medici-cuoc-doi-ruc-ro-va-thoi-dai-du-doi-miles-j-unger-ho-hong-dang-dich-omega-plus-p278891336.html,LORENZO DE’ MEDICI - Cuộc Đời Rực Rỡ Và Thời Đại Dữ Dội - Miles J. Unger - Hồ Hồng Đăng dịch - Omega Plus,0.0,0,367000,367000,1.0,843
273083477,an-ban-2023-viet-nam-que-huong-thu-hai-cua-toi-kostas-sarantidis-nguyen-van-lap-quach-thanh-huong-ioanna-dich-nha-xuat-ban-chinh-tri-quoc-gia-su-that-p273083477,https://tiki.vn/an-ban-2023-viet-nam-que-huong-thu-hai-cua-toi-kostas-sarantidis-nguyen-van-lap-quach-thanh-huong-ioanna-dich-nha-xuat-ban-chinh-tri-quoc-gia-su-that-p273083477.html,[Ấn bản 2023] VIỆT NAM QUÊ HƯƠNG THỨ HAI CỦA TÔI - Kostas Sarantidis -Nguyễn Văn Lập - Quách Thanh Hương-Ioanna dịch - Nhà xuất bản Chính Trị Quốc Gia Sự Thật.,0.0,0,228000,228000,1.0,843
277575592,sach-sanctuary-by-william-faulkner-vintage-classics-sach-ngoai-van-p277575592,https://tiki.vn/sach-sanctuary-by-william-faulkner-vintage-classics-sach-ngoai-van-p277575592.html,Sách - Sanctuary by William Faulkner - Vintage Classics - Sách Ngoại Văn,0.0,0,350000,350000,,843
278474672,bo-sach-kinh-dien-khai-pha-noi-tam-cung-carl-jung-con-nguoi-va-bieu-tuong-nha-nam-ban-do-tam-hon-con-nguoi-cua-jung-p278474672,https://tiki.vn/bo-sach-kinh-dien-khai-pha-noi-tam-cung-carl-jung-con-nguoi-va-bieu-tuong-nha-nam-ban-do-tam-hon-con-nguoi-cua-jung-p278474672.html,Bộ Sách Kinh Điển Khai Phá Nội Tâm Cùng Carl Jung: Con Người Và Biểu Tượng - Nhã Nam + Bản Đồ Tâm Hồn Con Người Của Jung,0.0,0,714000,664000,,843
182993153,sach-nguyen-uoc-thang-nam-p182993153,https://tiki.vn/sach-nguyen-uoc-thang-nam-p182993153.html,Sách - Nguyện Ước Tháng Năm,0.0,0,71400,71400,,843
272964882,combo-cong-chua-dong-xuan-quyen-ha-quyen-thuong-tac-gia-tran-thuy-mai-p272964882,https://tiki.vn/combo-cong-chua-dong-xuan-quyen-ha-quyen-thuong-tac-gia-tran-thuy-mai-p272964882.html,Combo Công Chúa Đồng Xuân (Quyển Hạ & Quyển Thượng) - Tác Giả Trần Thùy Mai,5.0,1,320000,320000,7.0,843
276065460,thu-cho-em-p276065460,https://tiki.vn/thu-cho-em-p276065460.html,Thư Cho Em,0.0,0,140000,133000,1.0,843
181971206,aung-san-suu-kyi-so-hai-va-tu-do-p181971206,https://tiki.vn/aung-san-suu-kyi-so-hai-va-tu-do-p181971206.html,Aung San Suu Kyi - Sợ Hãi Và Tự Do,0.0,0,147740,147740,1.0,843
373453,sach-diep-vien-hoan-hao-x6-p373453,https://tiki.vn/sach-diep-vien-hoan-hao-x6-p373453.html,Sách Điệp Viên Hoàn Hảo X6,0.0,0,178000,169000,,843
273289429,khuat-nguyen-noi-buon-ly-tao-_ha-p273289429,https://tiki.vn/khuat-nguyen-noi-buon-ly-tao-_ha-p273289429.html,Khuất Nguyên - Nỗi Buồn Ly Tao _HA,0.0,0,70000,52500,,843
213943412,tu-truyen-nguyen-bich-lan-khong-guc-nga-tai-ban-p213943412,https://tiki.vn/tu-truyen-nguyen-bich-lan-khong-guc-nga-tai-ban-p213943412.html,Tự Truyện Nguyễn Bích Lan - Không Gục Ngã (Tái Bản),0.0,0,130000,130000,6.0,843
277589165,khuc-bi-ca-cua-ga-dan-que-hoi-uc-ve-mot-gia-dinh-va-mot-nen-van-hoa-trong-con-khung-hoang-p277589165,https://tiki.vn/khuc-bi-ca-cua-ga-dan-que-hoi-uc-ve-mot-gia-dinh-va-mot-nen-van-hoa-trong-con-khung-hoang-p277589165.html,Khúc Bi Ca Của Gã Dân Quê: Hồi Ức Về Một Gia Đình Và Một Nền Văn Hóa Trong Cơn Khủng Hoảng,0.0,0,199000,169000,,843
222723681,wayne-rooney-quy-dau-dan-so-10-vi-dai-tai-nha-hat-p222723681,https://tiki.vn/wayne-rooney-quy-dau-dan-so-10-vi-dai-tai-nha-hat-p222723681.html,Wayne Rooney - Quỷ Đầu Đàn Số 10 Vĩ Đại Tại Nhà Hát,0.0,0,228000,200600,1.0,843
276502279,canh-chim-bi-thuong-p276502279,https://tiki.vn/canh-chim-bi-thuong-p276502279.html,Cánh Chim Bị Thương,0.0,0,101147,101147,,843
279127817,sach-nhung-chuyen-bay-tim-ve-mien-ky-uc-p279127817,https://tiki.vn/sach-nhung-chuyen-bay-tim-ve-mien-ky-uc-p279127817.html,Sách - Những Chuyến Bay Tìm Về Miền Ký Ức,0.0,0,159000,139900,,843
275224255,gia-o-su-dang-hung-vo-va-nhung-nguoi-ban-nha-bao-p275224255,https://tiki.vn/gia-o-su-dang-hung-vo-va-nhung-nguoi-ban-nha-bao-p275224255.html,Giáo Sư Đặng Hùng Võ Và Những Người Bạn Nhà Báo,0.0,0,199000,169000,,843
278583499,tai-ban-2025-hoi-uc-quang-tri-nguyen-thuy-kha-omega-plus-p278583499,https://tiki.vn/tai-ban-2025-hoi-uc-quang-tri-nguyen-thuy-kha-omega-plus-p278583499.html,(Tái bản 2025) HỒI ỨC QUẢNG TRỊ - Nguyễn Thụy  Kha – Omega Plus,0.0,0,104000,98000,5.0,843
278761189,sach-hoi-ky-tham-hoa-everest-into-thin-air-khi-giac-mo-chinh-phuc-noc-nha-the-gioi-tro-thanh-ac-mong-kinh-hoang-p278761189,https://tiki.vn/sach-hoi-ky-tham-hoa-everest-into-thin-air-khi-giac-mo-chinh-phuc-noc-nha-the-gioi-tro-thanh-ac-mong-kinh-hoang-p278761189.html,Sách - Hồi Ký Thảm Hoạ Everest - Into Thin Air - Khi Giấc Mơ Chinh Phục Nóc Nhà Thế Giới Trở Thành Ác Mộng Kinh Hoàng,0.0,0,179000,157500,2.0,843
274664934,sach-nguoi-dan-ba-trong-toi-britney-spears-p274664934,https://tiki.vn/sach-nguoi-dan-ba-trong-toi-britney-spears-p274664934.html,Sách Người Đàn Bà Trong Tôi - Britney Spears,0.0,0,188000,169200,,843
279113580,sach-viet-tu-so-0-tac-gia-hai-duong-tritthuctrebooks-kho-sach-14-5-20-5cm-p279113580,https://tiki.vn/sach-viet-tu-so-0-tac-gia-hai-duong-tritthuctrebooks-kho-sach-14-5-20-5cm-p279113580.html,Sách - Viết từ số 0 - Hành Trình Chinh Phục Nghệ Thuật Viết Lách - Hải Dương,0.0,0,165000,151800,3.0,843
247484533,in-lan-thu-4-loan-tu-cuoc-doi-cua-mot-con-chim-phuong-hoang-isabelle-muller-truong-hong-quang-dich-nxb-tong-hop-tp-ho-chi-minh-bia-mem-p247484533,https://tiki.vn/in-lan-thu-4-loan-tu-cuoc-doi-cua-mot-con-chim-phuong-hoang-isabelle-muller-truong-hong-quang-dich-nxb-tong-hop-tp-ho-chi-minh-bia-mem-p247484533.html,(In lần thứ 4) LOAN - TỪ CUỘC ĐỜI CỦA MỘT CON CHIM PHƯỢNG HOÀNG - Isabelle Muller – Trương Hồng Quang dịch - Nxb Tổng hợp Tp Hồ Chí Minh (bìa mềm),0.0,0,170000,170000,1.0,843
279168814,dam-phuong-nang-cong-nu-buoi-giao-thoi-nguyen-thi-bich-hau-nha-nghien-cuu-lai-nguyen-an-gioi-thieu-hieu-dinh-nxb-phu-nu-p279168814,https://tiki.vn/dam-phuong-nang-cong-nu-buoi-giao-thoi-nguyen-thi-bich-hau-nha-nghien-cuu-lai-nguyen-an-gioi-thieu-hieu-dinh-nxb-phu-nu-p279168814.html,"ĐẠM PHƯƠNG - NÀNG CÔNG NỮ BUỔI GIAO THỜI - Nguyễn Thị Bích Hậu; nhà nghiên cứu Lại Nguyên Ân giới thiệu, hiệu đính – NXB Phụ Nữ",0.0,0,165000,165000,1.0,843
242410860,dam-phuong-nu-su-van-de-phu-nu-o-nuoc-ta-p242410860,https://tiki.vn/dam-phuong-nu-su-van-de-phu-nu-o-nuoc-ta-p242410860.html, Đạm Phương Nữ Sử - Vấn Đề Phụ Nữ Ở Nước Ta,0.0,0,199000,199000,3.0,843
208056259,co-truong-tu-buong-lai-p208056259,https://tiki.vn/co-truong-tu-buong-lai-p208056259.html,Cơ Trưởng Từ Buồng Lái,5.0,1,135000,121500,4.0,843
68136914,combo-2-cuon-sach-michelle-obama-chat-michelle-bia-cung-alexander-hamilton-p68136914,https://tiki.vn/combo-2-cuon-sach-michelle-obama-chat-michelle-bia-cung-alexander-hamilton-p68136914.html,Combo 2 cuốn sách: MICHELLE OBAMA - Chất MICHELLE (Bìa cứng) + Alexander Hamilton,0.0,0,639000,639000,,843
132075922,khi-hoi-tho-hoa-thinh-khong-p132075922,https://tiki.vn/khi-hoi-tho-hoa-thinh-khong-p132075922.html,Khi Hơi Thở Hóa Thinh Không,0.0,0,109000,92600,16.0,843
50301395,sach-vuong-hong-sen-chuyen-cu-o-soc-trang-di-cao-tap-1-p50301395,https://tiki.vn/sach-vuong-hong-sen-chuyen-cu-o-soc-trang-di-cao-tap-1-p50301395.html,Sách Vương Hồng Sển - Chuyện Cũ Ở Sốc-Trăng - Di Cảo (Tập 1),0.0,0,205000,205000,5.0,843
275020133,sach-trang-nha-nam-nha-nam-official-p275020133,https://tiki.vn/sach-trang-nha-nam-nha-nam-official-p275020133.html,Sách - Trắng (Nhã Nam) - Nhã Nam Official,4.7,3,110000,99000,90.0,843
275209063,cuon-sach-ve-ton-giao-tap-ngo-lo-duong-den-tam-an-p275209063,https://tiki.vn/cuon-sach-ve-ton-giao-tap-ngo-lo-duong-den-tam-an-p275209063.html,Cuốn Sách Về Tôn Giáo:  Tập Ngó Lơ - Đường Đến Tâm An,0.0,0,148500,148500,,843
274017874,combo-2-cuon-truyen-dac-sac-nhung-giac-mo-o-hieu-sach-morisaki-alan-lightman-nhung-giac-mo-cua-einstein-p274017874,https://tiki.vn/combo-2-cuon-truyen-dac-sac-nhung-giac-mo-o-hieu-sach-morisaki-alan-lightman-nhung-giac-mo-cua-einstein-p274017874.html,Combo 2 Cuốn Truyện Đặc Sắc - Những Giấc Mơ Ở Hiệu Sách Morisaki (Alan Lightman) + Những Giấc Mơ Của Einstein,0.0,0,135000,135000,,843
127032289,sach-buoi-chieu-windows-p127032289,https://tiki.vn/sach-buoi-chieu-windows-p127032289.html,Sách-Buổi Chiều Windows,0.0,0,70000,70000,,843
276814828,sach-nhat-ky-dang-thi-thuy-tram-nha-nam-hcm-p276814828,https://tiki.vn/sach-nhat-ky-dang-thi-thuy-tram-nha-nam-hcm-p276814828.html,Sách - Nhật ký Đặng Thùy Trâm (TB 2026) (Nhã Nam HCM),5.0,1,110000,99000,3.0,843
273357679,anh-hung-con-chi-di-cao-nguyen-huy-thiep-p273357679,https://tiki.vn/anh-hung-con-chi-di-cao-nguyen-huy-thiep-p273357679.html,Anh Hùng Còn Chi - Di Cảo Nguyễn Huy Thiệp,0.0,0,166000,166000,,843
138183905,tuy-but-hoi-ky-giai-thoai-tren-bao-xuan-sai-gon-xua-tap-2-p138183905,https://tiki.vn/tuy-but-hoi-ky-giai-thoai-tren-bao-xuan-sai-gon-xua-tap-2-p138183905.html,Tùy Bút - Hồi Ký - Giai Thoại Trên Báo Xuân Sài Gòn Xưa (Tập 2),5.0,1,179000,179000,10.0,843
263102643,kien-thuc-can-ban-can-biet-theo-dong-lich-su-van-hoa-p263102643,https://tiki.vn/kien-thuc-can-ban-can-biet-theo-dong-lich-su-van-hoa-p263102643.html,Kiến Thức Căn Bản Cần Biết - Theo Dòng Lịch Sử Văn Hóa,0.0,0,339000,339000,,843
199168146,adolf-hitler-chan-dung-mot-trum-phat-xit-phien-ban-bia-do-ki-niem-75-nam-ket-thuc-the-chien-thu-hai-p199168146,https://tiki.vn/adolf-hitler-chan-dung-mot-trum-phat-xit-phien-ban-bia-do-ki-niem-75-nam-ket-thuc-the-chien-thu-hai-p199168146.html,Adolf Hitler - Chân dung một trùm phát xít - Phiên bản bìa đỏ kỉ niệm 75 năm kết thúc thế chiến thứ hai,0.0,0,489000,489000,,843
127032492,sach-but-pha-gioi-han-nxb-tre-p127032492,https://tiki.vn/sach-but-pha-gioi-han-nxb-tre-p127032492.html,Sách-Bứt Phá Giới Hạn (NXB Trẻ),0.0,0,145500,145500,2.0,843
426709,sach-toi-noi-gi-khi-noi-ve-chay-bo-tai-ban-2015-p426709,https://tiki.vn/sach-toi-noi-gi-khi-noi-ve-chay-bo-tai-ban-2015-p426709.html,Sách Tôi Nói Gì Khi Nói Về Chạy Bộ (Tái Bản 2015),0.0,0,92000,92000,,843
277384148,sai-gon-di-qua-ky-uc-tre-p277384148,https://tiki.vn/sai-gon-di-qua-ky-uc-tre-p277384148.html,Sài Gòn - Đi Qua Ký Ức - TRE,0.0,0,95000,95000,,843
274777406,duoi-theo-anh-sang-p274777406,https://tiki.vn/duoi-theo-anh-sang-p274777406.html,Đuổi Theo Ánh Sáng,0.0,0,289000,289000,1.0,843
273246847,thay-loi-muon-noi-thanh-xuan-toi-p273246847,https://tiki.vn/thay-loi-muon-noi-thanh-xuan-toi-p273246847.html,Thay Lời Muốn Nói- Thanh Xuân Tôi,0.0,0,110000,110000,,843
274422534,sach-co-truong-tu-buong-lai-nha-nam-official-p274422534,https://tiki.vn/sach-co-truong-tu-buong-lai-nha-nam-official-p274422534.html,Sách - Cơ trưởng từ buồng lái - Nhã Nam Official,0.0,0,135000,121500,,843
277484479,sach-doi-mat-nhin-the-gioi-nha-nam-hcm-p277484479,https://tiki.vn/sach-doi-mat-nhin-the-gioi-nha-nam-hcm-p277484479.html,Sách - Đôi mắt nhìn thế giới (Nhã Nam HCM),0.0,0,109000,98100,1.0,843
277502543,sach-dot-pha-cuoc-doi-khoa-hoc-cua-toi-tu-truyen-cua-nha-khoa-hoc-da-mo-duong-cho-mrna-va-vac-xin-covid-19-bia-cung-p277502543,https://tiki.vn/sach-dot-pha-cuoc-doi-khoa-hoc-cua-toi-tu-truyen-cua-nha-khoa-hoc-da-mo-duong-cho-mrna-va-vac-xin-covid-19-bia-cung-p277502543.html,Sách - Đột Phá - Cuộc Đời Khoa Học Của Tôi - Tự Truyện Của Nhà Khoa Học Đã Mở Đường Cho mRNA Và Vắc Xin COVID-19 - Bìa Cứng,0.0,0,230000,207000,1.0,843
212356614,nhat-ky-phi-cong-tiem-kich-p212356614,https://tiki.vn/nhat-ky-phi-cong-tiem-kich-p212356614.html,Nhật Ký Phi Công Tiêm Kích,0.0,0,185000,185000,1.0,843
167613673,machiavelli-p167613673,https://tiki.vn/machiavelli-p167613673.html,Machiavelli,0.0,0,249000,249000,,843
274291158,tuyen-tap-viet-linh-keo-tro-bay-mat-viet-linh-nxb-tre-p274291158,https://tiki.vn/tuyen-tap-viet-linh-keo-tro-bay-mat-viet-linh-nxb-tre-p274291158.html,TUYỂN TẬP VIỆT LINH - KẺO TRO BAY MẤT – Việt Linh – NXB Trẻ,0.0,0,145000,145000,1.0,843
275721842,lich-su-viet-nam-bang-tranh-ban-mau-hop-16-cuon-p275721842,https://tiki.vn/lich-su-viet-nam-bang-tranh-ban-mau-hop-16-cuon-p275721842.html,Lịch Sử Việt Nam Bằng Tranh - Bản Màu (Hộp 16 Cuốn),0.0,0,1050000,1050000,,843
274777456,sach-mua-xuan-vang-lang-mua-thu-chet-choc-cua-chien-tranh-viet-nam-p274777456,https://tiki.vn/sach-mua-xuan-vang-lang-mua-thu-chet-choc-cua-chien-tranh-viet-nam-p274777456.html,Sách Mùa Xuân Vắng Lặng - Mùa Thu Chết Chóc Của Chiến Tranh Việt Nam,0.0,0,159000,159000,,843
127032340,sach-dat-gia-dinh-xua-ben-nghe-xua-nguoi-sai-gon-son-nam-p127032340,https://tiki.vn/sach-dat-gia-dinh-xua-ben-nghe-xua-nguoi-sai-gon-son-nam-p127032340.html,Sách-Đất Gia Định Xưa; Bến Nghề Xưa; Người Sài Gòn-Sơn Nam,0.0,0,118000,118000,4.0,843
36570274,hieu-ve-trump-tang-so-tay-gia-tri-kho-a6-day-200-trang-p36570274,https://tiki.vn/hieu-ve-trump-tang-so-tay-gia-tri-kho-a6-day-200-trang-p36570274.html,Hiểu Về Trump - Tặng Sổ Tay Giá Trị (Khổ A6 Dày 200 Trang),0.0,0,174000,174000,1.0,843
247902005,lich-su-viet-nam-bang-tranh-lam-son-day-nghia-ban-mau-tai-ban-2023-p247902005,https://tiki.vn/lich-su-viet-nam-bang-tranh-lam-son-day-nghia-ban-mau-tai-ban-2023-p247902005.html,Lịch Sử Việt Nam Bằng Tranh - Lam Sơn Dấy Nghĩa (Bản Màu) (Tái Bản 2023),0.0,0,65000,61700,,843
434209,sach-tu-buon-ma-thuot-den-sai-gon-p434209,https://tiki.vn/sach-tu-buon-ma-thuot-den-sai-gon-p434209.html,Sách Từ Buôn Ma Thuột Đến Sài Gòn,0.0,0,98000,98000,,843
423247,sach-viet-nam-sau-1975-doi-dieu-cam-nhan-p423247,https://tiki.vn/sach-viet-nam-sau-1975-doi-dieu-cam-nhan-p423247.html,Sách Việt Nam Sau 1975 - Đôi Điều Cảm Nhận,0.0,0,75000,75000,,843
247263355,combo-sach-machiavelli-quan-vuong-thuat-cai-tri-p247263355,https://tiki.vn/combo-sach-machiavelli-quan-vuong-thuat-cai-tri-p247263355.html,Combo Sách : MACHIAVELLI + Quân Vương - Thuật Cai Trị,0.0,0,358000,358000,,843
274664061,van-chuong-nobel-bia-cung-mot-ngay-trong-doi-ivan-denisovich-aleksander-solzhenitsyn-thach-chuong-tran-luong-ngoc-dich-nha-nam-nha-xuat-ban-hoi-nha-van-p274664061,https://tiki.vn/van-chuong-nobel-bia-cung-mot-ngay-trong-doi-ivan-denisovich-aleksander-solzhenitsyn-thach-chuong-tran-luong-ngoc-dich-nha-nam-nha-xuat-ban-hoi-nha-van-p274664061.html,"[Văn chương Nobel - Bìa cứng] MỘT NGÀY TRONG ĐỜI IVAN DENISOVICH - Aleksander Solzhenitsyn - Thạch Chương, Trần Lương Ngọc dịch - Nhã Nam - Nhà xuất bản Hội Nhà Văn.",5.0,1,150000,150000,3.0,843
277976522,sach-mon-qua-cua-sinh-menh-thuong-yeu-mat-mat-va-y-nghia-su-song-p277976522,https://tiki.vn/sach-mon-qua-cua-sinh-menh-thuong-yeu-mat-mat-va-y-nghia-su-song-p277976522.html,"Sách - Món Quà Của Sinh Mệnh - Thương Yêu, Mất Mát Và Ý Nghĩa Sự Sống",0.0,0,135000,125500,8.0,843
254079083,michelangelo-cuoc-doi-va-tac-pham-qua-500-hinh-anh-p254079083,https://tiki.vn/michelangelo-cuoc-doi-va-tac-pham-qua-500-hinh-anh-p254079083.html,Michelangelo: Cuộc Đời Và Tác Phẩm Qua 500 Hình Ảnh,0.0,0,599000,509000,,843
190252472,hon-ca-long-trung-thanh-james-comey-nha-nam-tai-ban-2022-p190252472,https://tiki.vn/hon-ca-long-trung-thanh-james-comey-nha-nam-tai-ban-2022-p190252472.html,HƠN CẢ LÒNG TRUNG THÀNH - James Comey - Nhã Nam (Tái bản 2022),0.0,0,155000,155000,11.0,843
8316467,sach-bong-ma-tren-mang-p8316467,https://tiki.vn/sach-bong-ma-tren-mang-p8316467.html,Sách Bóng Ma Trên Mạng,0.0,0,229000,229000,,843
277962180,vi-cha-chung-toi-noi-doi-p277962180,https://tiki.vn/vi-cha-chung-toi-noi-doi-p277962180.html,Vì Cha Chúng Tôi Nói Dối,5.0,2,150000,150000,3.0,843
29341024,khi-hoi-tho-hoa-thinh-khong-tang-kem-so-tay-p29341024,https://tiki.vn/khi-hoi-tho-hoa-thinh-khong-tang-kem-so-tay-p29341024.html,Khi Hơi Thở Hóa Thinh Không (Tặng kèm sổ tay),5.0,4,109000,109000,55.0,843
53107730,cuon-tieu-thuyet-chi-tiet-nhat-ve-cuoc-doi-tao-thao-tao-thao-thanh-nhan-de-tien-2-p53107730,https://tiki.vn/cuon-tieu-thuyet-chi-tiet-nhat-ve-cuoc-doi-tao-thao-tao-thao-thanh-nhan-de-tien-2-p53107730.html,Cuốn Tiểu Thuyết Chi Tiết Nhất Về Cuộc Đời Tào Tháo: Tào Tháo - Thánh Nhân Đê Tiện 2,0.0,0,219000,219000,,843
105740360,sach-tuy-but-hoi-ky-giai-thoai-tren-bao-xuan-sai-gon-xua-tap-2-p105740360,https://tiki.vn/sach-tuy-but-hoi-ky-giai-thoai-tren-bao-xuan-sai-gon-xua-tap-2-p105740360.html,Sách Tùy Bút - Hồi Ký - Giai Thoại Trên Báo Xuân Sài Gòn Xưa (Tập 2),5.0,4,179000,152150,12.0,843
213682896,chuyen-cua-chung-toi-p213682896,https://tiki.vn/chuyen-cua-chung-toi-p213682896.html,Chuyện Của Chúng Tôi,5.0,2,199000,169000,34.0,843
271245482,combo-2-cuon-son-nam-di-va-ghi-nho-nhung-goc-doi-rieng-la-nxb-tre-p271245482,https://tiki.vn/combo-2-cuon-son-nam-di-va-ghi-nho-nhung-goc-doi-rieng-la-nxb-tre-p271245482.html,Combo 2 cuốn SƠN NAM - ĐI VÀ GHI NHỚ – NHỮNG GÓC ĐỜI RIÊNG LẠ - NXB Trẻ,0.0,0,205000,205000,,843
127032536,sach-tay-doc-bep-vi-khong-the-song-ma-khong-an-gi-p127032536,https://tiki.vn/sach-tay-doc-bep-vi-khong-the-song-ma-khong-an-gi-p127032536.html,Sách-Tẩy Độc Bếp - Vì Không Thể Sống Mà Không Ăn Gì,0.0,0,180000,180000,,843
274844081,sach-lich-su-van-hoa-son-nam-lich-su-khan-hoang-mien-nam-p274844081,https://tiki.vn/sach-lich-su-van-hoa-son-nam-lich-su-khan-hoang-mien-nam-p274844081.html,Sách Lịch Sử- Văn Hóa:  Sơn Nam- Lịch Sử Khẩn Hoang Miền Nam,0.0,0,115000,115000,,843
279360068,sach-lap-ke-hoach-cho-su-hoan-my-p279360068,https://tiki.vn/sach-lap-ke-hoach-cho-su-hoan-my-p279360068.html,Sách - Lập kế hoạch cho sự hoàn mỹ,0.0,0,199000,199000,1.0,843
121264874,combo-sach-van-hanh-hon-mang-donald-trump-duoi-goc-do-tam-ly-hoc-p121264874,https://tiki.vn/combo-sach-van-hanh-hon-mang-donald-trump-duoi-goc-do-tam-ly-hoc-p121264874.html,Combo sách Vận Hành Hỗn Mang + Donald Trump Dưới Góc Độ Tâm Lý Học,0.0,0,460000,460000,,843
278458795,khi-hoi-tho-hoa-thinh-khong-p278458795,https://tiki.vn/khi-hoi-tho-hoa-thinh-khong-p278458795.html,Khi Hơi Thở Hóa Thinh Không,0.0,0,109000,109000,,843
275433453,dau-chan-chien-tranh-p275433453,https://tiki.vn/dau-chan-chien-tranh-p275433453.html,Dấu Chân Chiến Tranh,0.0,0,279000,279000,6.0,843
205879190,bar-a-lionel-messi-va-su-thang-tram-cua-cau-lac-bo-bong-da-vi-dai-nhat-the-gioi-p205879190,https://tiki.vn/bar-a-lionel-messi-va-su-thang-tram-cua-cau-lac-bo-bong-da-vi-dai-nhat-the-gioi-p205879190.html,Barça Lionel Messi Và Sự Thăng Trầm Của Câu Lạc Bộ Bóng Đá Vĩ Đại Nhất Thế Giới,0.0,0,230000,230000,,843
432255,sach-dien-bien-phu-tran-thang-the-ky-p432255,https://tiki.vn/sach-dien-bien-phu-tran-thang-the-ky-p432255.html,Sách Điện Biên Phủ Trận Thắng Thế Kỷ,4.0,2,360000,360000,11.0,843
278676871,hoi-uc-quang-tri-p278676871,https://tiki.vn/hoi-uc-quang-tri-p278676871.html,Hồi Ức Quảng Trị,0.0,0,104000,104000,1.0,843
179531182,nhung-dau-chan-thien-su-p179531182,https://tiki.vn/nhung-dau-chan-thien-su-p179531182.html,Những dấu chân Thiền sư,5.0,10,311000,311000,80.0,843
279127206,ganh-ganh-gong-gong-hoi-ky-bia-cung-p279127206,https://tiki.vn/ganh-ganh-gong-gong-hoi-ky-bia-cung-p279127206.html,Gánh Gánh Gồng Gồng - Hồi ký (Bìa Cứng),0.0,0,280000,280000,1.0,843
278474682,bo-sach-kinh-dien-khai-pha-noi-tam-cung-carl-jung-con-nguoi-va-bieu-tuong-nha-nam-cai-toi-chua-khai-pha-bach-viet-p278474682,https://tiki.vn/bo-sach-kinh-dien-khai-pha-noi-tam-cung-carl-jung-con-nguoi-va-bieu-tuong-nha-nam-cai-toi-chua-khai-pha-bach-viet-p278474682.html,Bộ Sách Kinh Điển Khai Phá Nội Tâm Cùng Carl Jung: Con Người Và Biểu Tượng - Nhã Nam + Cái Tôi Chưa Khai Phá - Bách Việt,0.0,0,618000,556000,2.0,843
276496278,nhung-mau-chuyen-ve-tam-guong-dao-duc-ho-chi-minh-tap-1-st-p276496278,https://tiki.vn/nhung-mau-chuyen-ve-tam-guong-dao-duc-ho-chi-minh-tap-1-st-p276496278.html,Những Mẩu Chuyện Về Tấm Gương Đạo Đức Hồ Chí Minh - Tập 1 - ST,0.0,0,107000,107000,,843
202904239,sach-oliver-twist-harriet-beecher-stowe-p202904239,https://tiki.vn/sach-oliver-twist-harriet-beecher-stowe-p202904239.html,Sách - Oliver Twist - Harriet Beecher Stowe,0.0,0,150000,150000,1.0,843
271003651,becoming-chat-michelle-p271003651,https://tiki.vn/becoming-chat-michelle-p271003651.html,Becoming - Chất Michelle,0.0,0,520000,520000,,843
222662859,diep-vien-hoan-hao-x6-pham-xuan-an-p222662859,https://tiki.vn/diep-vien-hoan-hao-x6-pham-xuan-an-p222662859.html,Điệp Viên Hoàn Hảo X6 - Phạm Xuân Ẩn,0.0,0,198000,198000,,843
252671963,nua-doi-con-lai-vuong-hong-sen-p252671963,https://tiki.vn/nua-doi-con-lai-vuong-hong-sen-p252671963.html,NỬA ĐỜI CÒN LẠI  - Vương Hồng Sển,0.0,0,140000,140000,2.0,843
273680324,toi-elton-john-p273680324,https://tiki.vn/toi-elton-john-p273680324.html,Tôi - Elton John,0.0,0,269000,269000,,843
137502258,sach-van-gogh-the-life-p137502258,https://tiki.vn/sach-van-gogh-the-life-p137502258.html,Sách Van Gogh: The Life,0.0,0,789000,789000,1.0,843
247806963,sach-donald-trump-khong-bao-gio-la-du-fn-p247806963,https://tiki.vn/sach-donald-trump-khong-bao-gio-la-du-fn-p247806963.html,Sách Donald Trump - Không Bao Giờ Là Đủ (FN),0.0,0,178000,178000,2.0,843
275887964,khac-di-khac-den-xuan-phuong-bia-mem-p275887964,https://tiki.vn/khac-di-khac-den-xuan-phuong-bia-mem-p275887964.html,KHẮC ĐI KHẮC ĐẾN - Xuân Phượng (bìa mềm),5.0,1,150000,142000,18.0,843
252011573,mot-chien-dich-o-bac-ky-bia-cung-alaphabooks-p252011573,https://tiki.vn/mot-chien-dich-o-bac-ky-bia-cung-alaphabooks-p252011573.html,Một Chiến Dịch Ở Bắc Kỳ - Bìa cứng - Alaphabooks,0.0,0,499000,499000,1.0,843
250063739,con-gai-cua-chim-phuong-hoang-p250063739,https://tiki.vn/con-gai-cua-chim-phuong-hoang-p250063739.html,Con gái của chim phượng hoàng,0.0,0,150000,150000,7.0,843
278119049,combo-le-nhung-cau-chuyen-ve-dai-tuong-nguyen-chi-thanh-hoi-ky-nguyen-thi-binh-gia-dinh-ban-be-va-dat-nuoc-p278119049,https://tiki.vn/combo-le-nhung-cau-chuyen-ve-dai-tuong-nguyen-chi-thanh-hoi-ky-nguyen-thi-binh-gia-dinh-ban-be-va-dat-nuoc-p278119049.html,"Combo/Lẻ: Những Câu Chuyện Về Đại Tướng Nguyễn Chí Thanh + Hồi Ký Nguyễn Thị Bình- Gia Đình, Bạn Bè Và Đất Nước",5.0,1,159000,159000,5.0,843
203401910,combo-mot-nguoi-viet-tram-lang-diep-vien-hoan-hao-x6-p203401910,https://tiki.vn/combo-mot-nguoi-viet-tram-lang-diep-vien-hoan-hao-x6-p203401910.html,COMBO MỘT NGƯỜI VIỆT TRẦM LẶNG + ĐIỆP VIÊN HOÀN HẢO X6,0.0,0,270000,256000,,843
277417546,duoc-hoc-p277417546,https://tiki.vn/duoc-hoc-p277417546.html,Được Học - Tara Westover- Dịch giả Nguyễn Bích Lan,0.0,0,182000,172000,1.0,843
225933984,tu-du-thai-hau-quyen-thuong-quyen-ha-bo-2-cuon-p225933984,https://tiki.vn/tu-du-thai-hau-quyen-thuong-quyen-ha-bo-2-cuon-p225933984.html,Từ Dụ Thái Hậu ( Quyển Thượng + Quyển Hạ - Bộ 2 cuốn ),5.0,2,375000,318750,5.0,843
272833931,nha-van-son-nam-nhung-goc-doi-rieng-la-nxb-tre-p272833931,https://tiki.vn/nha-van-son-nam-nhung-goc-doi-rieng-la-nxb-tre-p272833931.html,Nhà văn Sơn Nam : Những góc đời riêng lạ (NXB Trẻ),0.0,0,75000,75000,,843
273441626,xuong-khoa-hoc-cua-danh-hoa-leonardo-da-vinci-_al-p273441626,https://tiki.vn/xuong-khoa-hoc-cua-danh-hoa-leonardo-da-vinci-_al-p273441626.html,Xưởng Khoa Học - Của Danh Họa Leonardo Da Vinci _AL,0.0,0,149000,149000,,843
213997318,tinh-binh-tuong-nho-phi-nhung-bia-cung-p213997318,https://tiki.vn/tinh-binh-tuong-nho-phi-nhung-bia-cung-p213997318.html,Tịnh Bình - Tưởng Nhớ Phi Nhung (Bìa Cứng),0.0,0,450000,450000,,843
209275144,chuyen-nguoi-ha-noi-tap-3-p209275144,https://tiki.vn/chuyen-nguoi-ha-noi-tap-3-p209275144.html,Sách - Chuyện người Hà Nội (Tập 3) - Hơi Thở Hà Thành Trong Từng Câu Chữ,0.0,0,196000,176400,6.0,843
208675794,diep-vien-hoan-hao-x6-pham-xuan-an-bia-cung-_fn-p208675794,https://tiki.vn/diep-vien-hoan-hao-x6-pham-xuan-an-bia-cung-_fn-p208675794.html,Điệp Viên Hoàn Hảo X6 - Phạm Xuân Ẩn (Bìa Cứng)_FN,0.0,0,198000,198000,,843
271380445,tran-khat-chan-tieu-thuyet-lich-su-p271380445,https://tiki.vn/tran-khat-chan-tieu-thuyet-lich-su-p271380445.html,Trần Khát Chân ( Tiểu Thuyết Lịch Sử ),5.0,1,49000,49000,10.0,843
278445353,chuyen-hoi-do-do-hong-ngoc-phanbook-p278445353,https://tiki.vn/chuyen-hoi-do-do-hong-ngoc-phanbook-p278445353.html,CHUYỆN HỒI ĐÓ – Đỗ Hồng Ngọc - PHANBOOK,0.0,0,315000,315000,2.0,843
199078170,bo-sach-chan-dung-claude-monet-la-ai-tai-ban-2022-p199078170,https://tiki.vn/bo-sach-chan-dung-claude-monet-la-ai-tai-ban-2022-p199078170.html,Bộ Sách Chân Dung - Claude Monet Là Ai (Tái Bản 2022),0.0,0,49000,49000,,843
273243271,hoi-am-tu-phuong-nam-huynh-nhu-phuong-bia-mem-p273243271,https://tiki.vn/hoi-am-tu-phuong-nam-huynh-nhu-phuong-bia-mem-p273243271.html,HỒI ÂM TỪ PHƯƠNG NAM - Huỳnh Như Phương - (bìa mềm),0.0,0,153900,153900,,843
230125587,goc-nhin-cua-nguoi-thong-thai-p230125587,https://tiki.vn/goc-nhin-cua-nguoi-thong-thai-p230125587.html,Góc Nhìn Của Người Thông Thái,0.0,0,88000,88000,1.0,843
196161701,sach-pep-guardiola-mot-cach-thang-khac-p196161701,https://tiki.vn/sach-pep-guardiola-mot-cach-thang-khac-p196161701.html,Sách: Pep Guardiola - Một Cách Thắng Khác,0.0,0,182900,182900,6.0,843
170870017,tu-truyen-david-beckham-goc-canh-doi-toi-p170870017,https://tiki.vn/tu-truyen-david-beckham-goc-canh-doi-toi-p170870017.html,Tự Truyện David Beckham - Góc Cạnh Đời Tôi,0.0,0,198400,198400,,843
247261382,adolf-hitler-chan-dung-mot-trum-phat-xit-tai-ban-p247261382,https://tiki.vn/adolf-hitler-chan-dung-mot-trum-phat-xit-tai-ban-p247261382.html,Adolf Hitler - Chân Dung Một Trùm Phát Xít  (Tái bản),0.0,0,599000,599000,,843
247261409,adolf-hitler-chan-dung-mot-trum-phat-xit-tai-ban-p247261409,https://tiki.vn/adolf-hitler-chan-dung-mot-trum-phat-xit-tai-ban-p247261409.html,Adolf Hitler - Chân Dung Một Trùm Phát Xít  (Tái bản),0.0,0,599000,599000,1.0,843
214835903,50-hoi-ky-khong-dinh-xuat-ban-sgb-p214835903,https://tiki.vn/50-hoi-ky-khong-dinh-xuat-ban-sgb-p214835903.html,50 Hồi Ký Không Định Xuất Bản (SGB),0.0,0,80000,80000,,843
213517828,bao-tap-trieu-tran-boxset-6-cuon-tai-ban-2022-p213517828,https://tiki.vn/bao-tap-trieu-tran-boxset-6-cuon-tai-ban-2022-p213517828.html,Bão Táp Triều Trần (Boxset 6 Cuốn - Tái Bản 2022),0.0,0,750000,637500,3.0,843
118419930,sach-ranh-gioi-dinh-menh-p118419930,https://tiki.vn/sach-ranh-gioi-dinh-menh-p118419930.html,Sách - Ranh giới định mệnh,0.0,0,179000,179000,,843
270979837,brigitte-macron-phu-nhan-tong-thong-phap-nguoi-phu-nu-tu-do-pn-p270979837,https://tiki.vn/brigitte-macron-phu-nhan-tong-thong-phap-nguoi-phu-nu-tu-do-pn-p270979837.html,Brigitte Macron - Phu Nhân Tổng Thống Pháp - Người Phụ Nữ Tự Do (PN),0.0,0,92000,92000,,843
201040243,bao-tap-trieu-tran-tai-ban-2022-boxset-6-cuon-p201040243,https://tiki.vn/bao-tap-trieu-tran-tai-ban-2022-boxset-6-cuon-p201040243.html,Bão Táp Triều Trần (Tái Bản 2022) - Boxset 6 cuốn,5.0,1,750000,637500,4.0,843
252182582,coi-nguoi-dung-doi-du-dan-my-the-ky-21-p252182582,https://tiki.vn/coi-nguoi-dung-doi-du-dan-my-the-ky-21-p252182582.html,Cõi Người Dưng - Đời Du Dân Mỹ Thế Kỷ 21,0.0,0,161676,161676,,843
273244916,bia-cung-mot-cuoc-doi-dang-do-john-f-kennedy-1917-1963-robert-dallek-ts-nguyen-sy-hung-dich-p273244916,https://tiki.vn/bia-cung-mot-cuoc-doi-dang-do-john-f-kennedy-1917-1963-robert-dallek-ts-nguyen-sy-hung-dich-p273244916.html,"(Bìa cứng) MỘT CUỘC ĐỜI DANG DỞ: John F. Kennedy, 1917 - 1963 - Robert Dallek - TS. Nguyễn Sỹ Hưng dịch",0.0,0,269753,269753,,843
214932947,sach-diem-bao-va-su-menh-tac-gia-michael-lewis-p214932947,https://tiki.vn/sach-diem-bao-va-su-menh-tac-gia-michael-lewis-p214932947.html,SÁCH - Điềm báo và sứ mệnh - Tác giả Michael Lewis,0.0,0,251900,251900,,843
73222689,sach-pep-guardiola-mot-cach-thang-khac-p73222689,https://tiki.vn/sach-pep-guardiola-mot-cach-thang-khac-p73222689.html,Sách Pep Guardiola - Một Cách Thắng Khác,0.0,0,183200,183200,,843
118709943,chau-chut-ta-tinh-tri-am-tac-gia-thanh-thuy-p118709943,https://tiki.vn/chau-chut-ta-tinh-tri-am-tac-gia-thanh-thuy-p118709943.html,Châu - Chút tạ tình tri âm - Tác giả Thanh Thủy,0.0,0,100000,100000,,843
190608472,diep-vien-hoan-hao-x6-pham-xuan-an-p190608472,https://tiki.vn/diep-vien-hoan-hao-x6-pham-xuan-an-p190608472.html,Điệp Viên Hoàn Hảo X6 - Phạm Xuân Ẩn,0.0,0,188000,188000,1.0,843
277587185,bien-ban-chien-tranh-1-2-3-4-75-xuat-ban-lan-thu-sau-ban-in-2025-p277587185,https://tiki.vn/bien-ban-chien-tranh-1-2-3-4-75-xuat-ban-lan-thu-sau-ban-in-2025-p277587185.html,Biên bản chiến tranh 1-2-3-4.75 (Xuất bản lần thứ sáu) bản in 2025,0.0,0,205000,205000,5.0,843
278572015,cach-mang-thang-tam-nam-1945-o-viet-nam-khi-toan-dan-toc-quyet-dem-suc-ta-ma-tu-giai-phong-cho-ta-p278572015,https://tiki.vn/cach-mang-thang-tam-nam-1945-o-viet-nam-khi-toan-dan-toc-quyet-dem-suc-ta-ma-tu-giai-phong-cho-ta-p278572015.html,"Cách mạng Tháng Tám năm 1945 ở Việt Nam: Khi toàn dân tộc quyết ""đem sức ta mà tự giải phóng cho ta""",0.0,0,279000,279000,1.0,843
229714060,combo-buoc-vao-cua-hieu-nhiem-mau-tu-nuoc-mat-den-nu-cuoi-bo-2-cuon-_fn-p229714060,https://tiki.vn/combo-buoc-vao-cua-hieu-nhiem-mau-tu-nuoc-mat-den-nu-cuoi-bo-2-cuon-_fn-p229714060.html,Combo Bước Vào Cửa Hiệu Nhiệm Màu + Từ Nước Mắt Đến Nụ Cười (Bộ 2 Cuốn) _FN,0.0,0,296000,296000,,843
203845809,sach-giai-ha-noi-lan-loi-london-p203845809,https://tiki.vn/sach-giai-ha-noi-lan-loi-london-p203845809.html,Sách - Giai Hà Nội Lặn Lội London,0.0,0,99000,99000,,843
200848655,sach-de-sang-nam-tre-lai-p200848655,https://tiki.vn/sach-de-sang-nam-tre-lai-p200848655.html,Sách - Để Sang Năm Trẻ Lại ( Huy Hoàng ),0.0,0,116988,116988,,843
278756421,chu-tich-ho-chi-minh-tieu-su-va-su-nghiep-president-ho-chi-minh-biography-and-career-song-ngu-viet-anh-p278756421,https://tiki.vn/chu-tich-ho-chi-minh-tieu-su-va-su-nghiep-president-ho-chi-minh-biography-and-career-song-ngu-viet-anh-p278756421.html,Chủ tịch Hồ Chí Minh - Tiểu sử và sự nghiệp President Ho Chi Minh - Biography and Career (Song ngữ Việt - Anh),0.0,0,102000,102000,,843
270173301,tong-hanh-dinh-trong-mua-xuan-toan-thang-hoi-uc-p270173301,https://tiki.vn/tong-hanh-dinh-trong-mua-xuan-toan-thang-hoi-uc-p270173301.html,Tổng Hành Dinh Trong Mùa Xuân Toàn Thắng - Hồi Ức,5.0,2,135000,135000,4.0,843
276267055,sat-thu-chim-en-tham-an-giua-nam-mo-hat-nhan-chernobyl-morgan-audic-p276267055,https://tiki.vn/sat-thu-chim-en-tham-an-giua-nam-mo-hat-nhan-chernobyl-morgan-audic-p276267055.html,SÁT THỦ CHIM ÉN - Thảm án giữa nấm mồ hạt nhân Chernobyl - Morgan Audic,0.0,0,250000,225000,4.0,843
902571,sach-ba-dai-su-p902571,https://tiki.vn/sach-ba-dai-su-p902571.html,Sách Bà Đại Sứ,0.0,0,60000,60000,2.0,843
278854496,unlawful-killings-nhung-phien-xu-am-anh-tai-toa-hinh-su-trung-uong-anh-p278854496,https://tiki.vn/unlawful-killings-nhung-phien-xu-am-anh-tai-toa-hinh-su-trung-uong-anh-p278854496.html,Unlawful Killings: Những Phiên xử Ám Ảnh Tại Tòa Hình sự Trung ương Anh,0.0,0,199000,199000,,843
107467261,sach-napoleon-bonaparte-tang-bookmark-vadata-p107467261,https://tiki.vn/sach-napoleon-bonaparte-tang-bookmark-vadata-p107467261.html,Sách Napoléon Bonaparte Tặng bookmark Vadata,0.0,0,590000,590000,,843
373454,sach-diep-vien-hoan-hao-x6-p373454,https://tiki.vn/sach-diep-vien-hoan-hao-x6-p373454.html,Sách Điệp Viên Hoàn Hảo X6,0.0,0,156640,156640,4.0,843
375232,sach-toi-hoc-dai-hoc-p375232,https://tiki.vn/sach-toi-hoc-dai-hoc-p375232.html,Sách Tôi Học Đại Học,0.0,0,93000,93000,1.0,843
217118189,tu-truyen-nguyen-bich-lan-khong-guc-nga-p217118189,https://tiki.vn/tu-truyen-nguyen-bich-lan-khong-guc-nga-p217118189.html,Tự Truyện Nguyễn Bích Lan - Không Gục Ngã,0.0,0,128000,128000,,843
180854284,chau-nhuan-phat-dai-hiep-hong-kong-p180854284,https://tiki.vn/chau-nhuan-phat-dai-hiep-hong-kong-p180854284.html,Châu Nhuận Phát - Đại Hiệp Hồng Kông,5.0,1,147740,147740,1.0,843
198571374,sach-cuoc-phieu-luu-cua-thuyen-truong-corcoran-p198571374,https://tiki.vn/sach-cuoc-phieu-luu-cua-thuyen-truong-corcoran-p198571374.html,Sách - CUỘC PHIÊU LƯU CỦA  THUYỀN TRƯỞNG CORCORAN,0.0,0,219000,186000,,843
270702995,bong-ban-mot-doi-toi-dam-me-p270702995,https://tiki.vn/bong-ban-mot-doi-toi-dam-me-p270702995.html,Bóng Bàn - Một Đời Tôi Đam Mê,0.0,0,160000,152000,4.0,843
270703085,loi-thi-tham-cua-ba-nguoi-con-gai-hue-xua-p270703085,https://tiki.vn/loi-thi-tham-cua-ba-nguoi-con-gai-hue-xua-p270703085.html,Lời Thì Thầm Của Ba Người Con Gái Huế Xưa,0.0,0,260000,247000,10.0,843
276951250,sach-nua-ganh-suy-tu-tac-gia-hoang-manh-hai-p276951250,https://tiki.vn/sach-nua-ganh-suy-tu-tac-gia-hoang-manh-hai-p276951250.html,SÁCH - Nửa Gánh Suy Tư - Tác Giả Hoàng Mạnh Hải,0.0,0,150000,135000,9.0,843
252177765,khi-hoi-tho-hoa-thinh-khong-p252177765,https://tiki.vn/khi-hoi-tho-hoa-thinh-khong-p252177765.html,Khi Hơi Thở Hóa Thinh Không,0.0,0,109000,92600,10.0,843
262656105,sach-tieu-su-steve-jobs-p262656105,https://tiki.vn/sach-tieu-su-steve-jobs-p262656105.html,Tiểu Sử Steve Jobs,0.0,0,449000,381000,2.0,843
48212496,sach-thoi-khac-tuoi-dep-p48212496,https://tiki.vn/sach-thoi-khac-tuoi-dep-p48212496.html,Sách Thời Khắc Tươi Đẹp,0.0,0,159000,159000,,843
277989236,bo-sach-phong-cach-ho-chi-minh-4-cuon-phong-cach-tu-duy-phong-cach-song-phong-cach-ung-xu-phong-cach-lam-viec-p277989236,https://tiki.vn/bo-sach-phong-cach-ho-chi-minh-4-cuon-phong-cach-tu-duy-phong-cach-song-phong-cach-ung-xu-phong-cach-lam-viec-p277989236.html,"Bộ sách Phong cách Hồ Chí Minh (4 cuốn) (Phong cách tư duy, phong cách sống, phong cách ứng xử, phong cách làm việc)",0.0,0,147900,147900,,843
274917119,sach-tu-tri-thong-giam-tap-10-p274917119,https://tiki.vn/sach-tu-tri-thong-giam-tap-10-p274917119.html,Sách Tư Trị Thông Giám (Tập 10),0.0,0,359000,323100,1.0,843
274735431,maria-montessori-cuoc-doi-va-su-nghiep-tai-ban-2024-p274735431,https://tiki.vn/maria-montessori-cuoc-doi-va-su-nghiep-tai-ban-2024-p274735431.html,Maria Montessori - Cuộc Đời Và Sự Nghiệp (Tái Bản 2024),0.0,0,200000,176000,,843
257786959,alexander-dai-de-huyen-thoai-xu-macedonia-p257786959,https://tiki.vn/alexander-dai-de-huyen-thoai-xu-macedonia-p257786959.html,Alexander Đại Đế - Huyển Thoại Xứ Macedonia,0.0,0,168650,168650,1.0,843
262845343,mat-noi-nhung-tieng-noi-duoc-hoi-sinh-tu-anh-mat-le-thanh-ha-bia-mem-p262845343,https://tiki.vn/mat-noi-nhung-tieng-noi-duoc-hoi-sinh-tu-anh-mat-le-thanh-ha-bia-mem-p262845343.html,Mắt Nói - Những Tiếng Nói Được Hồi Sinh Từ Ánh Mắt -  Lê Thanh Hà - (bìa mềm),0.0,0,190000,190000,,843
179215185,doc-to-nam-cau-chuyen-ki-dieu-ve-nguoi-chong-lai-benh-dich-hach-p179215185,https://tiki.vn/doc-to-nam-cau-chuyen-ki-dieu-ve-nguoi-chong-lai-benh-dich-hach-p179215185.html,Đốc - Tờ Năm: Câu Chuyện Kì Diệu Về Người Chống Lại Bệnh Dịch Hạch,0.0,0,105000,105000,,843
190489420,tran-trieu-nhan-thoai-dong-lac-p190489420,https://tiki.vn/tran-trieu-nhan-thoai-dong-lac-p190489420.html,Trần Triều Nhàn Thoại ( Đồng Lạc ),0.0,0,104511,104511,,843
126755197,tu-truyen-nguyen-canh-binh-sinh-nam-1972-p126755197,https://tiki.vn/tu-truyen-nguyen-canh-binh-sinh-nam-1972-p126755197.html,Tự Truyện Nguyễn Cảnh Bình: Sinh Năm 1972,5.0,1,199000,169000,22.0,843
262473005,bia-cung-thong-kho-va-phieu-linh-irving-stone-nguyen-minh-dich-dong-a-nxb-van-hoc-p262473005,https://tiki.vn/bia-cung-thong-kho-va-phieu-linh-irving-stone-nguyen-minh-dich-dong-a-nxb-van-hoc-p262473005.html,(Bìa cứng) THỐNG KHỔ VÀ PHIÊU LINH - Irving Stone - Nguyễn Minh dịch – Đông A - NXB Văn học,0.0,0,450000,450000,,843
181699608,sach-nha-van-cuoc-doi-va-tac-pham-p181699608,https://tiki.vn/sach-nha-van-cuoc-doi-va-tac-pham-p181699608.html,Sách Nhà Văn: Cuộc Đời Và Tác Phẩm,0.0,0,515000,515000,1.0,843
270958756,tai-ban-lan-thu-2-nam-2023-combo-3c-thoi-gian-va-nhan-chung-hoi-ky-cua-cac-nha-bao-ha-minh-duc-nxb-chinh-tri-quoc-gia-su-that-p270958756,https://tiki.vn/tai-ban-lan-thu-2-nam-2023-combo-3c-thoi-gian-va-nhan-chung-hoi-ky-cua-cac-nha-bao-ha-minh-duc-nxb-chinh-tri-quoc-gia-su-that-p270958756.html,[Tái bản lần thứ 2 năm 2023] [combo 3 cuốn] THỜI GIAN VÀ NHÂN CHỨNG (HỒI KÝ CỦA CÁC NHÀ BÁO) - Hà Minh Đức - NXB Chính Trị Quốc Gia Sự Thật,5.0,1,513000,513000,2.0,843
255317228,a-promised-land-mien-dat-hua-ban-quyen-p255317228,https://tiki.vn/a-promised-land-mien-dat-hua-ban-quyen-p255317228.html,A Promised Land Miền Đất Hứa Bản Quyền,0.0,0,605000,605000,,843
278901127,nho-che-doi-toi-cung-che-guevara-aleida-march-minh-ha-dich-nxb-tre-p278901127,https://tiki.vn/nho-che-doi-toi-cung-che-guevara-aleida-march-minh-ha-dich-nxb-tre-p278901127.html,NHỚ CHE - ĐỜI TÔI CÙNG CHE GUEVARA – Aleida March – Minh Hà dịch – NXB Trẻ,0.0,0,99000,99000,,843
279201702,sach-diep-vien-hoan-hao-x6-bia-mem-p279201702,https://tiki.vn/sach-diep-vien-hoan-hao-x6-bia-mem-p279201702.html,Sách Điệp Viên Hoàn Hảo X6 (Bìa Mềm),0.0,0,175000,175000,,843
145393967,hanh-trinh-thau-hieu-ban-than-va-tim-thay-tu-do-the-mastery-of-self-tac-gia-don-miguel-ruiz-jr-p145393967,https://tiki.vn/hanh-trinh-thau-hieu-ban-than-va-tim-thay-tu-do-the-mastery-of-self-tac-gia-don-miguel-ruiz-jr-p145393967.html,Hành trình thấu hiểu bản thân và tìm thấy tự do (The mastery of self) - Tác giả Don Miguel Ruiz Jr,5.0,2,180000,162000,28.0,843
273891288,ngay-nang-dem-noi-buon-ra-phoi-cuon-sach-nghe-thuat-song-hay-p273891288,https://tiki.vn/ngay-nang-dem-noi-buon-ra-phoi-cuon-sach-nghe-thuat-song-hay-p273891288.html,Ngày Nắng Đem Nỗi Buồn Ra Phơi- Cuốn Sách Nghệ Thuật Sống Hay,0.0,0,88000,88000,1.0,843
247465635,nguoi-thay-nguyen-chi-vinh-p247465635,https://tiki.vn/nguoi-thay-nguyen-chi-vinh-p247465635.html,Người Thầy - Nguyễn Chí Vịnh,0.0,0,268000,268000,7.0,843
221250348,bia-cung-a-promised-land-mien-dat-hua-barack-obama-do-hung-dich-first-news-p221250348,https://tiki.vn/bia-cung-a-promised-land-mien-dat-hua-barack-obama-do-hung-dich-first-news-p221250348.html,[bìa cứng] A PROMISED LAND – MIỀN ĐẤT HỨA - Barack Obama - Đỗ Hùng dịch - First News,0.0,0,615000,615000,3.0,843
250338932,tai-ban-2021-madam-nhu-tran-le-xuan-quyen-luc-ba-rong-monique-brinson-demery-phuong-nam-book-bia-mem-p250338932,https://tiki.vn/tai-ban-2021-madam-nhu-tran-le-xuan-quyen-luc-ba-rong-monique-brinson-demery-phuong-nam-book-bia-mem-p250338932.html,(Tái bản 2021) MADAM NHU TRẦN LỆ XUÂN – QUYỀN LỰC BÀ RỒNG – Monique Brinson Demery - Phương Nam Book – bìa mềm,0.0,0,185000,185000,,843
872352,madam-nhu-tran-le-xuan-quyen-luc-ba-rong-p872352,https://tiki.vn/madam-nhu-tran-le-xuan-quyen-luc-ba-rong-p872352.html,Madam Nhu Trần Lệ Xuân - Quyền Lực Bà Rồng,0.0,0,185000,185000,,843
273094693,sach-kiem-soat-su-tap-trung-giua-con-bao-cong-nghe-tac-gia-johann-hari-p273094693,https://tiki.vn/sach-kiem-soat-su-tap-trung-giua-con-bao-cong-nghe-tac-gia-johann-hari-p273094693.html,SÁCH - Kiểm soát sự tập trung giữa cơn bão công nghệ - Tác giả Johann Hari,5.0,1,215000,193500,9.0,843
143171426,hoi-ky-ve-gia-dinh-nguyen-tuong-p143171426,https://tiki.vn/hoi-ky-ve-gia-dinh-nguyen-tuong-p143171426.html,Hồi ký về gia đình Nguyễn Tường,5.0,15,179000,124500,83.0,843
279346492,sach-tram-dung-sinh-tu-the-in-between-hadley-vlahos-p279346492,https://tiki.vn/sach-tram-dung-sinh-tu-the-in-between-hadley-vlahos-p279346492.html,Sách - Trạm Dừng Sinh Tử - The In-Between - Hadley Vlahos,0.0,0,168000,168000,,843
271994972,bao-lua-va-cuong-no-noi-tinh-nha-trang-thoi-trump-michael-wolff-p271994972,https://tiki.vn/bao-lua-va-cuong-no-noi-tinh-nha-trang-thoi-trump-michael-wolff-p271994972.html,Bão Lửa Và Cuồng Nộ - Nội Tình Nhà Trắng Thời Trump - Michael Wolff (Fire and Fury),0.0,0,167000,167000,3.0,843
278490599,bo-2-cuon-nguoi-thay-hanh-trinh-vi-hoa-binh-thuong-tuong-nguyen-chi-vinh-p278490599,https://tiki.vn/bo-2-cuon-nguoi-thay-hanh-trinh-vi-hoa-binh-thuong-tuong-nguyen-chi-vinh-p278490599.html,combo sách NGƯỜI THẦY (Nguyễn Chí Vịnh) + HÀNH TRÌNH VÌ HÒA BÌNH (THƯỢNG TƯỚNG NGUYỄN CHÍ VỊNH) - bộ 2 cuốn,0.0,0,507000,507000,,843
263098983,tro-tan-cua-angela-p263098983,https://tiki.vn/tro-tan-cua-angela-p263098983.html,Tro Tàn Của Angela,0.0,0,197604,197604,,843
276248097,the-gioi-nhu-toi-thay-the-world-as-i-see-it-bia-cung-p276248097,https://tiki.vn/the-gioi-nhu-toi-thay-the-world-as-i-see-it-bia-cung-p276248097.html,Thế Giới Như Tôi Thấy - The World As I See It - Bìa Cứng,0.0,0,155000,155000,,843
189492465,chan-tran-chi-thep-tai-ban-2022-p189492465,https://tiki.vn/chan-tran-chi-thep-tai-ban-2022-p189492465.html,Chân Trần Chí Thép (Tái Bản 2022),0.0,0,147740,147740,,843
278248082,dang-thuy-tram-va-cuon-nhat-ky-thu-ba-p278248082,https://tiki.vn/dang-thuy-tram-va-cuon-nhat-ky-thu-ba-p278248082.html,Đặng Thùy Trâm Và Cuốn Nhật Ký Thứ Ba,0.0,0,165000,140250,,843
274805366,tien-si-nguyen-ham-thoi-the-than-the-va-gia-dinh-p274805366,https://tiki.vn/tien-si-nguyen-ham-thoi-the-than-the-va-gia-dinh-p274805366.html,"Tiến Sĩ Nguyễn Hàm - Thời Thế, Thân Thế Và Gia Đình",0.0,0,100000,88000,,843
212259972,sach-sai-gon-mot-thuo-dan-ong-ta-do-tap-2-p212259972,https://tiki.vn/sach-sai-gon-mot-thuo-dan-ong-ta-do-tap-2-p212259972.html,Sách Sài Gòn Một Thuở - Dân Ông Tạ Đó! - Tập 2,5.0,14,148000,148000,101.0,843
146271649,nhung-ong-trum-tu-ban-cuoi-cung-o-thuong-hai-hai-de-che-kinh-te-do-thai-canh-tranh-giup-tao-nen-trung-quoc-hien-tai-p146271649,https://tiki.vn/nhung-ong-trum-tu-ban-cuoi-cung-o-thuong-hai-hai-de-che-kinh-te-do-thai-canh-tranh-giup-tao-nen-trung-quoc-hien-tai-p146271649.html,Những Ông Trùm Tư Bản Cuối Cùng Ở Thượng Hải - Hai Đế Chế Kinh Tế Do Thái Cạnh Tranh Giúp Tạo Nên Trung Quốc Hiện Tại,4.0,1,195000,175500,4.0,843
139984218,nuoc-my-chuyen-chua-ke-oliver-stone-peter-kuznick-p139984218,https://tiki.vn/nuoc-my-chuyen-chua-ke-oliver-stone-peter-kuznick-p139984218.html,Nước Mỹ Chuyện Chưa Kể - Oliver Stone & Peter Kuznick,5.0,1,479900,479900,1.0,843
279268901,sach-ky-uc-niem-tin-va-khat-vong-nhan-thuc-ve-mo-hinh-phat-trien-kinh-te-viet-nam-bia-cung-p279268901,https://tiki.vn/sach-ky-uc-niem-tin-va-khat-vong-nhan-thuc-ve-mo-hinh-phat-trien-kinh-te-viet-nam-bia-cung-p279268901.html,Sách - Ký Ức Niềm Tin Và Khát Vọng - Nhận Thức Về Mô Hình Phát Triển Kinh Tế Việt Nam - Bìa Cứng,0.0,0,350000,315000,2.0,843
194141260,rembrandt-cuoc-doi-va-tac-pham-qua-500-hinh-anh-p194141260,https://tiki.vn/rembrandt-cuoc-doi-va-tac-pham-qua-500-hinh-anh-p194141260.html,Rembrandt: Cuộc Đời Và Tác Phẩm Qua 500 Hình Ảnh,0.0,0,599000,509000,2.0,843
136482376,sach-sai-gon-chuyen-doi-cua-pho-3-tai-ban-nam-2021-p136482376,https://tiki.vn/sach-sai-gon-chuyen-doi-cua-pho-3-tai-ban-nam-2021-p136482376.html,Sách Sài Gòn Chuyện Đời Của Phố 3 (Tái bản năm 2021),4.7,3,395000,395000,28.0,843
14616763,sach-tu-du-thai-hau-quyen-thuong-p14616763,https://tiki.vn/sach-tu-du-thai-hau-quyen-thuong-p14616763.html,Sách Từ Dụ Thái Hậu - Quyển Thượng,5.0,1,185000,185000,4.0,843
253227433,hoi-uc-sai-gon-thoi-chien-tranh-trieu-quoc-manh-nxb-tre-bia-mem-p253227433,https://tiki.vn/hoi-uc-sai-gon-thoi-chien-tranh-trieu-quoc-manh-nxb-tre-bia-mem-p253227433.html,HỒI ỨC SÀI GÒN THỜI CHIẾN TRANH – Triệu Quốc Mạnh – NXB Trẻ (Bìa mềm),0.0,0,110000,110000,1.0,843
275086885,cuon-sach-van-hoc-hien-dai-truyen-ngan-hien-dai-han-quoc-tieu-bieu-kien-cuong-trong-gian-kho-p275086885,https://tiki.vn/cuon-sach-van-hoc-hien-dai-truyen-ngan-hien-dai-han-quoc-tieu-bieu-kien-cuong-trong-gian-kho-p275086885.html,Cuốn Sách Văn Học Hiện Đại: Truyện Ngắn Hiện Đại Hàn Quốc Tiêu Biểu - Kiên Cường Trong Gian Khó,0.0,0,180000,180000,,843
30886342,hieu-ve-trump-qua-tang-kem-special-tickbook-p30886342,https://tiki.vn/hieu-ve-trump-qua-tang-kem-special-tickbook-p30886342.html,Hiểu Về Trump (Quà Tặng Kèm: Special Tickbook),0.0,0,174000,174000,2.0,843
276438204,viet-ve-be-ban-bui-ngoc-tan-p276438204,https://tiki.vn/viet-ve-be-ban-bui-ngoc-tan-p276438204.html,Viết về bè bạn (Bùi Ngọc Tấn),5.0,1,156000,156000,5.0,843
273393635,nguyen-huy-thiep-anh-hung-con-chi-bia-mem-p273393635,https://tiki.vn/nguyen-huy-thiep-anh-hung-con-chi-bia-mem-p273393635.html,Nguyễn Huy Thiệp - Anh hùng còn chi - Bìa mềm,0.0,0,168000,168000,1.0,843
248799291,khoi-nghiep-phieu-luu-ky-start-up-truoc-tuoi-30-ta-minh-tuan-p248799291,https://tiki.vn/khoi-nghiep-phieu-luu-ky-start-up-truoc-tuoi-30-ta-minh-tuan-p248799291.html,Khởi Nghiệp Phiêu Lưu Ký: Start Up Trước Tuổi 30 ( Tạ Minh Tuấn,0.0,0,189000,160000,,843
209906142,fryderyk-chopin-cuoc-doi-va-thoi-dai-ban-quyen-p209906142,https://tiki.vn/fryderyk-chopin-cuoc-doi-va-thoi-dai-ban-quyen-p209906142.html,Fryderyk Chopin: Cuộc Đời Và Thời Đại - Bản Quyền,0.0,0,499000,499000,,843
184591764,combo-vuong-hong-sen-chuyen-cu-o-soc-trang-di-cao-tap-1-2-tang-so-tay-p184591764,https://tiki.vn/combo-vuong-hong-sen-chuyen-cu-o-soc-trang-di-cao-tap-1-2-tang-so-tay-p184591764.html,Combo Vương Hồng Sển - Chuyện Cũ Ở Sốc-Trăng - Di Cảo - Tập 1+2 ( Tặng sổ tay),0.0,0,425000,425000,,843
270945629,nha-van-son-nam-nhung-goc-doi-rieng-la-bia-mem-p270945629,https://tiki.vn/nha-van-son-nam-nhung-goc-doi-rieng-la-bia-mem-p270945629.html,Nhà Văn Sơn Nam - Những Góc Đời Riêng Lạ - (bìa mềm),5.0,1,75000,62250,17.0,843
127033058,sach-xom-bau-lang-son-nam-p127033058,https://tiki.vn/sach-xom-bau-lang-son-nam-p127033058.html,Sách-Xóm Bàu Láng-Sơn Nam,0.0,0,100000,100000,,843
127032798,sach-gay-nguoi-thi-lanh-tan-van-p127032798,https://tiki.vn/sach-gay-nguoi-thi-lanh-tan-van-p127032798.html,Sách-Gáy Người Thì Lạnh (Tản văn),0.0,0,80000,80000,,843
275320052,vuong-hong-sen-chuyen-cu-o-soc-trang-di-cao-tap-1-nxb-tre-p275320052,https://tiki.vn/vuong-hong-sen-chuyen-cu-o-soc-trang-di-cao-tap-1-nxb-tre-p275320052.html,Vương Hồng Sển - Chuyện Cũ Ở Sốc-Trăng - Di Cảo (Tập 1) (NXB Trẻ),0.0,0,205000,205000,1.0,843
125089619,product-p196183871,https://tiki.vn/product-p196183871.html,Tự Truyện Luka Modric,0.0,0,170000,170000,5.0,843
183229985,nen-tang-chung-p183229985,https://tiki.vn/nen-tang-chung-p183229985.html,Nền Tảng Chung,0.0,0,152000,152000,,843
37134842,hoi-ky-ly-quang-dieu-ii-tu-the-gioi-thu-ba-vuon-len-thu-nhat-tang-kem-bookmark-tuyet-dep-p37134842,https://tiki.vn/hoi-ky-ly-quang-dieu-ii-tu-the-gioi-thu-ba-vuon-len-thu-nhat-tang-kem-bookmark-tuyet-dep-p37134842.html,Hồi Ký Lý Quang Diệu II: Từ Thế Giới Thứ Ba Vươn Lên Thứ Nhất ( Tặng Kèm Bookmark Tuyệt Đẹp ),0.0,0,459000,390000,,843
213925301,cu-ngoat-bong-cua-toi-tu-truyen-johan-cruyff-p213925301,https://tiki.vn/cu-ngoat-bong-cua-toi-tu-truyen-johan-cruyff-p213925301.html,Cú ngoặt bóng của tôi - Tự truyện Johan Cruyff,0.0,0,145000,145000,,843
247808913,michelangelo-cuoc-doi-va-tac-pham-qua-500-hinh-anh-sach-ban-quyen-p247808913,https://tiki.vn/michelangelo-cuoc-doi-va-tac-pham-qua-500-hinh-anh-sach-ban-quyen-p247808913.html,Michelangelo: Cuộc Đời Và Tác Phẩm Qua 500 Hình Ảnh (*** Sách Bản Quyền ***),0.0,0,599000,599000,,843
276412215,luy-hoa-p276412215,https://tiki.vn/luy-hoa-p276412215.html,Lũy Hoa,5.0,1,119000,98770,2.0,843
195848422,trinh-cong-son-thu-tinh-gui-mot-nguoi-tai-ban-moi-nhat-p195848422,https://tiki.vn/trinh-cong-son-thu-tinh-gui-mot-nguoi-tai-ban-moi-nhat-p195848422.html,Trịnh Công Sơn - Thư Tình Gửi Một Người (Tái Bản Mới Nhất),0.0,0,195000,195000,,843
278833638,sach-nghe-thay-hoang-dao-thuy-nha-nam-hcm-p278833638,https://tiki.vn/sach-nghe-thay-hoang-dao-thuy-nha-nam-hcm-p278833638.html,Sách - Nghề Thầy - Hoàng Đạo Thúy (Nhã Nam HCM),0.0,0,85000,76500,,843
277553965,sai-gon-khau-lai-manh-thoi-gian-le-van-nghia-tb-2025-nxb-tre-p277553965,https://tiki.vn/sai-gon-khau-lai-manh-thoi-gian-le-van-nghia-tb-2025-nxb-tre-p277553965.html,Sài Gòn Khâu Lại Mảnh Thời Gian (Lê Văn Nghĩa) (TB 2025 NXB Trẻ),0.0,0,130000,107900,,843
273913639,sach-am-muu-cau-ket-chinh-tri-hoa-ky-bi-thao-tung-tu-ben-ngoai-nhu-the-nao-nha-nam-official-p273913639,https://tiki.vn/sach-am-muu-cau-ket-chinh-tri-hoa-ky-bi-thao-tung-tu-ben-ngoai-nhu-the-nao-nha-nam-official-p273913639.html,Sách - Âm mưu câu kết: Chính trị Hoa Kỳ bị thao túng từ bên ngoài như thế nào? - Nhã Nam Official,0.0,0,189000,189000,,843
276922382,tu-buon-ma-thuot-den-sai-gon-p276922382,https://tiki.vn/tu-buon-ma-thuot-den-sai-gon-p276922382.html,Từ Buôn Ma Thuột Đến Sài Gòn,0.0,0,98000,98000,,843
276743417,sach-bat-dau-cat-tieng-cuoi-nha-nam-hcm-p276743417,https://tiki.vn/sach-bat-dau-cat-tieng-cuoi-nha-nam-hcm-p276743417.html,Sách - Bắt đầu cất tiếng cười (Nhã Nam HCM),0.0,0,128000,115200,,843
274169524,sach-song-de-phieu-luu-nhung-cuoc-tham-hiem-cua-ong-nam-yersin-nguyen-vinh-nguyen-nha-nam-official-p274169524,https://tiki.vn/sach-song-de-phieu-luu-nhung-cuoc-tham-hiem-cua-ong-nam-yersin-nguyen-vinh-nguyen-nha-nam-official-p274169524.html,Sách - Sống để phiêu lưu: Những cuộc thám hiểm của ông Năm Yersin (Nguyễn Vĩnh Nguyên) (Nhã Nam Official),0.0,0,90000,90000,1.0,843
274990292,thu-cho-em-p274990292,https://tiki.vn/thu-cho-em-p274990292.html,Thư Cho Em,0.0,0,138000,138000,,843
167613665,nhung-bo-oc-vi-dai-than-dong-am-nhac-mozart-p167613665,https://tiki.vn/nhung-bo-oc-vi-dai-than-dong-am-nhac-mozart-p167613665.html,Những Bộ Óc Vĩ Đại - Thần Đồng Âm Nhạc Mozart,0.0,0,65000,65000,,843
177974762,khi-hoi-tho-hoa-thinh-khong-tai-ban-2022-p177974762,https://tiki.vn/khi-hoi-tho-hoa-thinh-khong-tai-ban-2022-p177974762.html,Khi Hơi Thở Hóa Thinh Không (Tái Bản 2022),0.0,0,109000,109000,,843
391913,sach-nhat-ky-dang-thuy-tram-tai-ban-2014-p391913,https://tiki.vn/sach-nhat-ky-dang-thuy-tram-tai-ban-2014-p391913.html,Sách Nhật Ký Đặng Thùy Trâm (Tái Bản 2014),0.0,0,90000,90000,,843
190726661,sach-michelangelo-cuoc-doi-va-tac-pham-qua-500-hinh-anh-ban-quyen-p190726661,https://tiki.vn/sach-michelangelo-cuoc-doi-va-tac-pham-qua-500-hinh-anh-ban-quyen-p190726661.html,Sách Michelangelo: Cuộc Đời Và Tác Phẩm Qua 500 Hình Ảnh - BẢN QUYỀN,0.0,0,599000,509000,,843
214087813,ts-thu-giang-cai-cuoi-cua-thanh-nhan-p214087813,https://tiki.vn/ts-thu-giang-cai-cuoi-cua-thanh-nhan-p214087813.html,Cái cười của Thánh nhân - TS Thu Giang,0.0,0,100000,100000,2.0,843
278089706,nguoi-ti-nan-p278089706,https://tiki.vn/nguoi-ti-nan-p278089706.html,Người Tị Nạn,0.0,0,132000,112200,,843
270700181,tieu-su-steve-jobs-bia-cung-tai-ban-2023-p270700181,https://tiki.vn/tieu-su-steve-jobs-bia-cung-tai-ban-2023-p270700181.html,Tiểu Sử Steve Jobs - Bìa Cứng (Tái Bản 2023),0.0,0,449000,404100,10.0,843
276831151,sach-viet-nam-hoi-uc-tu-chien-truong-1946-1954-p276831151,https://tiki.vn/sach-viet-nam-hoi-uc-tu-chien-truong-1946-1954-p276831151.html,Sách Việt Nam Hồi ức từ chiến trường 1946 - 1954,0.0,0,202000,202000,,843
253228492,sai-gon-cho-lon-ky-uc-do-thi-va-con-nguoi-tai-ban-2018-p253228492,https://tiki.vn/sai-gon-cho-lon-ky-uc-do-thi-va-con-nguoi-tai-ban-2018-p253228492.html,Sài Gòn Chợ Lớn Ký Ức Đô Thị Và Con Người (Tái Bản 2018),0.0,0,197000,197000,3.0,843
133940739,bac-ho-song-mai-nhung-mau-chuyen-hay-ve-bac-tap-5-p133940739,https://tiki.vn/bac-ho-song-mai-nhung-mau-chuyen-hay-ve-bac-tap-5-p133940739.html,Bác Hồ Sống Mãi: Những Mẩu Chuyện Hay Về Bác Tập 5,0.0,0,58000,58000,4.0,843
703262,sach-khi-to-quoc-goi-p703262,https://tiki.vn/sach-khi-to-quoc-goi-p703262.html,Sách Khi Tổ Quốc Gọi,0.0,0,120000,120000,4.0,843
713690,sach-sai-gon-ky-uc-vuot-thoi-gian-p713690,https://tiki.vn/sach-sai-gon-ky-uc-vuot-thoi-gian-p713690.html,Sách Sài Gòn - Ký Ức Vượt Thời Gian,0.0,0,90000,90000,2.0,843
278041266,combo-vi-cha-chung-toi-noi-doi-because-our-father-lied-craig-mcnamara-nhin-lai-qua-khu-tan-tham-kich-va-nhung-bai-hoc-ve-viet-nam-hoi-ky-robert-s-mcnamara-p278041266,https://tiki.vn/combo-vi-cha-chung-toi-noi-doi-because-our-father-lied-craig-mcnamara-nhin-lai-qua-khu-tan-tham-kich-va-nhung-bai-hoc-ve-viet-nam-hoi-ky-robert-s-mcnamara-p278041266.html,Combo Vì Cha Chúng Tôi Nói Dối - Because Our Father Lied (Craig McNamara) +  Nhìn Lại Quá Khứ - Tấn Thảm Kịch và Những Bài Học Về Việt Nam - Hồi Ký Robert S.McNamara,0.0,0,449000,435000,,843
276022802,than-em-hoi-ki-emily-ratajkowski-p276022802,https://tiki.vn/than-em-hoi-ki-emily-ratajkowski-p276022802.html,Thân Em - Hồi kí Emily Ratajkowski,0.0,0,150000,150000,3.0,843
279188231,mossad-chien-dich-tinh-bao-huyen-thoai-nhung-diep-vu-kinh-dien-lam-rung-dong-the-gioi-p279188231,https://tiki.vn/mossad-chien-dich-tinh-bao-huyen-thoai-nhung-diep-vu-kinh-dien-lam-rung-dong-the-gioi-p279188231.html,Mossad - Chiến Dịch Tình Báo Huyền Thoại - Những Điệp Vụ Kinh Điển Làm Rúng Động Thế Giới,0.0,0,229000,194000,2.0,843
278469908,tron-bo-2-tap-van-xuan-yveline-feray-nguyen-khac-duong-dich-nxb-phu-nu-viet-nam-p278469908,https://tiki.vn/tron-bo-2-tap-van-xuan-yveline-feray-nguyen-khac-duong-dich-nxb-phu-nu-viet-nam-p278469908.html,Trọn bộ 2 tập VẠN XUÂN - Yveline Féray – Nguyễn Khắc Dương dịch – NXB Phụ Nữ Việt Nam,0.0,0,500000,425000,,843
274372052,di-qua-tram-nam-nguyen-dinh-tu-tu-truyen-p274372052,https://tiki.vn/di-qua-tram-nam-nguyen-dinh-tu-tu-truyen-p274372052.html,Đi Qua Trăm Năm - Nguyễn Đình Tư (Tự Truyện),0.0,0,180000,180000,1.0,843
273725331,chuyen-cua-chung-toi-ban-quyen-p273725331,https://tiki.vn/chuyen-cua-chung-toi-ban-quyen-p273725331.html,Chuyện Của Chúng Tôi  - Bản Quyền,0.0,0,199000,199000,,843
168559490,sach-az-giua-hai-vuong-quoc-p168559490,https://tiki.vn/sach-az-giua-hai-vuong-quoc-p168559490.html,Sách AZ - Giữa Hai Vương Quốc,0.0,0,139000,139000,,843
273296814,gia-toc-morgan_al-p273296814,https://tiki.vn/gia-toc-morgan_al-p273296814.html,Gia Tộc Morgan_AL,0.0,0,499000,499000,,843
272834649,trinh-cong-son-toi-la-ai-la-ai-nxb-tre-p272834649,https://tiki.vn/trinh-cong-son-toi-la-ai-la-ai-nxb-tre-p272834649.html,"Trịnh Công Sơn - Tôi Là Ai, Là Ai (NXB Trẻ)",0.0,0,240000,240000,,843
271435048,song-doi-tu-do-_fn-p271435048,https://tiki.vn/song-doi-tu-do-_fn-p271435048.html,Sống Đời Tự Do _FN,0.0,0,148000,148000,,843
249957479,theo-dau-chan-bac-ho-p249957479,https://tiki.vn/theo-dau-chan-bac-ho-p249957479.html,Theo Dấu Chân Bác Hồ,0.0,0,65000,65000,,843
273478804,tram-doc-hawking-hawking-cau-chuyen-ve-mot-huyen-thoai-khoa-hoc-p273478804,https://tiki.vn/tram-doc-hawking-hawking-cau-chuyen-ve-mot-huyen-thoai-khoa-hoc-p273478804.html,Trạm Đọc | HAWKING HAWKING - Câu Chuyện Về Một Huyền Thoại Khoa Học,0.0,0,399000,399000,,843
245768129,ganh-ganh-gong-gong-hoi-ky-p245768129,https://tiki.vn/ganh-ganh-gong-gong-hoi-ky-p245768129.html,GÁNH GÁNH... GỒNG GỒNG... (HỒI KÝ) ,0.0,0,160000,160000,2.0,843
172476191,sach-thu-viet-cho-nguoi-diu-dang-cho-toi-p172476191,https://tiki.vn/sach-thu-viet-cho-nguoi-diu-dang-cho-toi-p172476191.html,"Sách - Thư Viết Cho Người, Dịu Dàng Cho Tôi",0.0,0,89000,89000,,843
176760992,tap-but-nam-nham-than-1992-di-cao-p176760992,https://tiki.vn/tap-but-nam-nham-than-1992-di-cao-p176760992.html,Tạp Bút Năm Nhâm Thân 1992 - Di Cảo,0.0,0,250000,250000,,843
273471105,tram-doc-diep-vien-hoan-hao-x6-bia-mem-p273471105,https://tiki.vn/tram-doc-diep-vien-hoan-hao-x6-bia-mem-p273471105.html,Trạm Đọc | Điệp Viên Hoàn Hảo X6 (Bìa Mềm),0.0,0,178000,178000,1.0,843
171580678,co-be-nhin-mua-p171580678,https://tiki.vn/co-be-nhin-mua-p171580678.html,Cô Bé Nhìn Mưa,0.0,0,135000,135000,1.0,843
261798988,hoi-ky-nguoi-thay-xay-truong-hanh-phuc-p261798988,https://tiki.vn/hoi-ky-nguoi-thay-xay-truong-hanh-phuc-p261798988.html,Hồi Ký Người Thầy Xây Trường Hạnh Phúc,0.0,0,139000,139000,,843
273503329,tram-doc-hoi-ky-phong-vien-chien-truong-p273503329,https://tiki.vn/tram-doc-hoi-ky-phong-vien-chien-truong-p273503329.html,Trạm Đọc | Hồi Ký Phóng Viên Chiến Trường,0.0,0,269000,269000,,843
277873916,bo-sach-ke-chuyen-thang-long-tang-kem-bookmark-cu-meo-so-tay-xuong-rong-p277873916,https://tiki.vn/bo-sach-ke-chuyen-thang-long-tang-kem-bookmark-cu-meo-so-tay-xuong-rong-p277873916.html,Bộ Sách Kể Chuyện Thăng Long (Tặng Kèm Bookmark CÚ MÈO + SỔ TAY XƯƠNG RỒNG),0.0,0,224000,224000,,843
278492502,combo-3-cuon-sach-ai-tao-sinh-ai-agent-thuc-chien-ai-agent-ung-dung-p278492502,https://tiki.vn/combo-3-cuon-sach-ai-tao-sinh-ai-agent-thuc-chien-ai-agent-ung-dung-p278492502.html,Combo 3 cuốn sách - AI tạo sinh + AI Agent thực chiến + AI Agent ứng dụng,0.0,0,717000,516240,12.0,843
276683849,sach-chuyen-nghe-cua-thuy-phan-book-nha-sach-an-thu-p276683849,https://tiki.vn/sach-chuyen-nghe-cua-thuy-phan-book-nha-sach-an-thu-p276683849.html,Sách - Chuyện Nghề Của Thủy - Phan Book - Nhà Sách An Thư,0.0,0,268000,268000,,843
276684072,sach-tham-phan-va-dao-phu-phan-book-nha-sach-an-thu-p276684072,https://tiki.vn/sach-tham-phan-va-dao-phu-phan-book-nha-sach-an-thu-p276684072.html,Sách - Thẩm Phán Và Đao Phủ - Phan Book - Nhà Sách An Thư,0.0,0,109000,109000,,843
276328857,sach-bac-ho-viet-di-chuc-p276328857,https://tiki.vn/sach-bac-ho-viet-di-chuc-p276328857.html,Sách - Bác Hồ viết di chúc,0.0,0,74000,74000,1.0,843
277967599,sach-cach-chung-toi-lam-chuong-trinh-bi-mat-xam-nhap-mien-bac-viet-nam-1961-1964-p277967599,https://tiki.vn/sach-cach-chung-toi-lam-chuong-trinh-bi-mat-xam-nhap-mien-bac-viet-nam-1961-1964-p277967599.html,Sách Cách chúng tôi làm: Chương trình bí mật xâm nhập miền Bắc Việt Nam (1961 – 1964),0.0,0,68000,68000,,843
248608700,sach-tron-bo-anh-hung-linh-nam-6-quyen-p248608700,https://tiki.vn/sach-tron-bo-anh-hung-linh-nam-6-quyen-p248608700.html,Sách - Trọn Bộ Anh Hùng Lĩnh Nam ( 6 Quyển ),0.0,0,1450000,1450000,,843
277004378,sach-tin-nguong-thanh-hoang-o-kien-thuy-hai-phong-truyen-thong-va-hien-dai-nxb-khxh-p277004378,https://tiki.vn/sach-tin-nguong-thanh-hoang-o-kien-thuy-hai-phong-truyen-thong-va-hien-dai-nxb-khxh-p277004378.html,"Sách - Tín ngưỡng thành hoàng ở Kiến Thụy, Hải Phòng truyền thống và hiện đại - NXB KHXH",0.0,0,133052,133052,,843
262060163,dinh-menh-chien-tranh-p262060163,https://tiki.vn/dinh-menh-chien-tranh-p262060163.html,Định Mệnh Chiến Tranh,0.0,0,246000,246000,,843
262060165,dinh-menh-chien-tranh-p262060165,https://tiki.vn/dinh-menh-chien-tranh-p262060165.html,Định Mệnh Chiến Tranh,0.0,0,246000,246000,,843
197595104,sach-y-nghia-cua-mariah-carey-p197595104,https://tiki.vn/sach-y-nghia-cua-mariah-carey-p197595104.html,Sách: Ý Nghĩa Của Mariah Carey,0.0,0,216512,216512,,843
117202671,sach-thong-diep-cua-nuoc-tai-ban-2020-p117202671,https://tiki.vn/sach-thong-diep-cua-nuoc-tai-ban-2020-p117202671.html,Sách - Thông Điệp Của Nước (Tái Bản 2020),0.0,0,89000,89000,,843
274539044,phan-huy-le-di-cao-nhan-thuc-lich-su-viet-nam-p274539044,https://tiki.vn/phan-huy-le-di-cao-nhan-thuc-lich-su-viet-nam-p274539044.html,Phan Huy Lê Di Cảo - Nhận thức lịch sử Việt Nam,0.0,0,411600,411600,,843
207566276,nhung-quai-nu-trong-lich-su-100-bong-hong-khong-phai-dang-vua-thay-doi-the-gioi-p207566276,https://tiki.vn/nhung-quai-nu-trong-lich-su-100-bong-hong-khong-phai-dang-vua-thay-doi-the-gioi-p207566276.html,Những Quái Nữ Trong Lịch Sử - 100 Bóng Hồng “Không Phải Dạng Vừa” Thay Đổi Thế Giới,0.0,0,169930,169930,,843
261835234,titan-gia-toc-rockefeller-p261835234,https://tiki.vn/titan-gia-toc-rockefeller-p261835234.html,Titan - Gia Tộc Rockefeller,0.0,0,499000,424000,,843
201843848,brigitte-macron-phu-nhan-tong-thong-phap-nguoi-phu-nu-tu-do_pnu-p201843848,https://tiki.vn/brigitte-macron-phu-nhan-tong-thong-phap-nguoi-phu-nu-tu-do_pnu-p201843848.html,Brigitte Macron - Phu Nhân Tổng Thống Pháp - Người Phụ Nữ Tự Do_PNU,0.0,0,90000,90000,,843
230217773,nha-tien-tri-vanga-vu-tru-huyen-bi-p230217773,https://tiki.vn/nha-tien-tri-vanga-vu-tru-huyen-bi-p230217773.html,Nhà Tiên Tri Vanga - Vũ Trụ Huyền Bí,0.0,0,119000,119000,,843
225208349,nham-mat-nhin-sao-tu-truyen-nhac-si-khiem-thi-ha-chuong-p225208349,https://tiki.vn/nham-mat-nhin-sao-tu-truyen-nhac-si-khiem-thi-ha-chuong-p225208349.html,Nhắm Mắt Nhìn Sao - Tự Truyện Nhạc Sĩ Khiếm Thị Hà Chương,0.0,0,148000,148000,,843
278983687,sach-thuoc-bao-duong-tac-gia-minh-minh-tritthuctrebooks-kho-sach-14-5-20-5cm-p278983687,https://tiki.vn/sach-thuoc-bao-duong-tac-gia-minh-minh-tritthuctrebooks-kho-sach-14-5-20-5cm-p278983687.html,"Sách - Thuốc bao đường - Tác giả Minh Minh - Tritthuctrebooks - Khổ sách 14,5*20,5cm",0.0,0,246000,221400,1.0,843
278735837,thu-tuong-phan-van-khai-va-nhung-quyet-sach-chien-luoc-tuyen-chon-tai-lieu-luu-tru-xuat-ban-lan-thu-hai-p278735837,https://tiki.vn/thu-tuong-phan-van-khai-va-nhung-quyet-sach-chien-luoc-tuyen-chon-tai-lieu-luu-tru-xuat-ban-lan-thu-hai-p278735837.html,Thủ tướng Phan Văn Khải và những quyết sách chiến lược (Tuyển chọn tài liệu lưu trữ) (Xuất bản lần thứ hai),0.0,0,358000,358000,,843
278700622,gia-dinh-ban-be-va-dat-nuoc-hoi-ky-xuat-ban-lan-thu-hai-p278700622,https://tiki.vn/gia-dinh-ban-be-va-dat-nuoc-hoi-ky-xuat-ban-lan-thu-hai-p278700622.html,"Gia đình, bạn bè và đất nước (Hồi ký) (Xuất bản lần thứ hai)",0.0,0,224000,224000,1.0,843
277967144,ho-chi-minh-vi-dai-mot-con-nguoi-tai-ban-co-chinh-sua-ban-in-2025-p277967144,https://tiki.vn/ho-chi-minh-vi-dai-mot-con-nguoi-tai-ban-co-chinh-sua-ban-in-2025-p277967144.html,"Hồ Chí Minh vĩ đại một con người (Tái bản, có chỉnh sửa) bản in 2025",0.0,0,119000,119000,1.0,843
191135148,abraham-lincoln-cac-tac-pham-va-suy-ngam-p191135148,https://tiki.vn/abraham-lincoln-cac-tac-pham-va-suy-ngam-p191135148.html,ABRAHAM LINCOLN - CÁC TÁC PHẨM VÀ SUY NGẪM,0.0,0,282589,282589,7.0,843
270447338,sach-tien-va-tinh-doi-nghe-thuat-buong-bo-sgb-p270447338,https://tiki.vn/sach-tien-va-tinh-doi-nghe-thuat-buong-bo-sgb-p270447338.html,Sách - Tiền Và Tình Đời - Nghệ Thuật Buông Bỏ SGB,0.0,0,89000,89000,,843
276350460,tieng-long-bac-si-tac-gia-yujiro-nakayama-p276350460,https://tiki.vn/tieng-long-bac-si-tac-gia-yujiro-nakayama-p276350460.html,Tiếng Lòng Bác Sĩ (Tác giả: Yujiro Nakayama),5.0,1,119000,119000,5.0,843
249861217,ganh-ganh-gong-gong-p249861217,https://tiki.vn/ganh-ganh-gong-gong-p249861217.html,Gánh Gánh... Gồng Gồng...,0.0,0,160000,160000,4.0,843
273967574,di-qua-tram-nam-nguyen-dinh-tu-tu-truyen-p273967574,https://tiki.vn/di-qua-tram-nam-nguyen-dinh-tu-tu-truyen-p273967574.html,Đi Qua Trăm Năm - Nguyễn Đình Tư (Tự Truyện),0.0,0,180000,180000,1.0,843
272362590,spare-ke-du-bi-bia-cung-p272362590,https://tiki.vn/spare-ke-du-bi-bia-cung-p272362590.html,Spare - Kẻ Dự Bị (Bìa Cứng),0.0,0,241115,241115,,843
278023448,sach-phong-cach-song-ho-chi-minh-p278023448,https://tiki.vn/sach-phong-cach-song-ho-chi-minh-p278023448.html,Sách Phong cách sống Hồ Chí Minh,0.0,0,40000,40000,5.0,843
274726965,nguoi-thay-nguyen-chi-vinh-bia-mem-p274726965,https://tiki.vn/nguoi-thay-nguyen-chi-vinh-bia-mem-p274726965.html,NGƯỜI THẦY – Nguyễn Chí Vịnh ( Bìa Mềm),0.0,0,268000,268000,,843
277777295,sach-hoi-ky-gia-dinh-ban-be-dat-nuoc-nguyen-thi-binh-p277777295,https://tiki.vn/sach-hoi-ky-gia-dinh-ban-be-dat-nuoc-nguyen-thi-binh-p277777295.html,Sách - HỒI KÝ GIA ĐÌNH – BẠN BÈ – ĐẤT NƯỚC – Nguyễn Thị Bình,0.0,0,159000,151000,4.0,843
115754203,combo-2-cuon-nhung-nha-khoa-hoc-thay-doi-lich-su-nhung-nha-lanh-dao-thay-doi-lich-su-p115754203,https://tiki.vn/combo-2-cuon-nhung-nha-khoa-hoc-thay-doi-lich-su-nhung-nha-lanh-dao-thay-doi-lich-su-p115754203.html,Combo 2 cuốn: Những Nhà Khoa Học Thay Đổi Lịch Sử + Những Nhà Lãnh Đạo Thay Đổi Lịch Sử,5.0,16,780000,702000,56.0,843
274943284,giao-su-da-ng-hu-ng-vo-va-nhu-ng-nguo-i-ba-n-nha-ba-o-al-p274943284,https://tiki.vn/giao-su-da-ng-hu-ng-vo-va-nhu-ng-nguo-i-ba-n-nha-ba-o-al-p274943284.html,Giáo Sư Đặng Hùng Võ Và Những Người Bạn Nhà Báo - AL,0.0,0,199000,169000,,843
274988714,cau-chuyen-nhan-loai-mot-luoc-su-song-dong-ve-loai-nguoi-p274988714,https://tiki.vn/cau-chuyen-nhan-loai-mot-luoc-su-song-dong-ve-loai-nguoi-p274988714.html,Câu chuyện nhân loại: Một lược sử sống động về loài người ,0.0,0,229000,194000,,843
261835232,titan-gia-toc-rockefeller-p261835232,https://tiki.vn/titan-gia-toc-rockefeller-p261835232.html,Titan - Gia Tộc Rockefeller,0.0,0,499000,424000,1.0,843
273638670,tieu-su-elon-musk-bia-cung-p273638670,https://tiki.vn/tieu-su-elon-musk-bia-cung-p273638670.html,Tiểu Sử Elon Musk - Bìa Cứng,0.0,0,499000,424000,3.0,843
203982690,combo-xay-dung-truong-hoc-hanh-phuc-nguoi-thay-xay-ngoi-truong-hanh-phuc-p203982690,https://tiki.vn/combo-xay-dung-truong-hoc-hanh-phuc-nguoi-thay-xay-ngoi-truong-hanh-phuc-p203982690.html,Combo: Xây Dựng Trường Học Hạnh Phúc + Người Thầy Xây Ngôi Trường Hạnh Phúc,5.0,1,318000,270000,8.0,843
274831357,sach-giai-ma-lich-su-van-ban-va-he-sinh-thai-van-ban-viet-dien-u-linh-tap-tu-chuc-nang-den-nghe-thuat-p274831357,https://tiki.vn/sach-giai-ma-lich-su-van-ban-va-he-sinh-thai-van-ban-viet-dien-u-linh-tap-tu-chuc-nang-den-nghe-thuat-p274831357.html,Sách Giải Mã Lịch Sử: Văn Bản Và Hệ Sinh Thái Văn Bản - Việt Điện U Linh Tập Từ Chức Năng Đến Nghệ Thuật,0.0,0,224800,224800,,843
273609648,chuyen-doi-chuyen-nghe-p273609648,https://tiki.vn/chuyen-doi-chuyen-nghe-p273609648.html,Chuyện Đời Chuyện Nghề,0.0,0,320000,320000,,843
274939978,combo-3-cuon-sai-gon-mot-thuo-dan-ong-ta-do-tap-1-2-3-cu-mai-cong-first-news-nxb-tong-hop-tphcm-p274939978,https://tiki.vn/combo-3-cuon-sai-gon-mot-thuo-dan-ong-ta-do-tap-1-2-3-cu-mai-cong-first-news-nxb-tong-hop-tphcm-p274939978.html,"(Combo 3 cuốn) SÀI GÒN MỘT THUỞ: “DÂN ÔNG TẠ ĐÓ!” – Tập 1, 2, 3 - Cù Mai Công - First News - NXB Tổng Hợp TPHCM",0.0,0,373000,373000,5.0,843
278700892,bac-cau-ky-niem-doc-sach-thoi-tho-au-hoang-hau-nhat-ban-michiko-p278700892,https://tiki.vn/bac-cau-ky-niem-doc-sach-thoi-tho-au-hoang-hau-nhat-ban-michiko-p278700892.html,Bắc Cầu - kỷ niệm đọc sách thời thơ ấu - Hoàng hậu Nhật Bản Michiko,0.0,0,100000,100000,,843
275970389,phien-ban-dac-biet-bia-cung-in-100-cuon-doc-thoai-khai-huyen-hamvas-bela-nguyen-hong-nhung-dich-nxb-tri-thuc-p275970389,https://tiki.vn/phien-ban-dac-biet-bia-cung-in-100-cuon-doc-thoai-khai-huyen-hamvas-bela-nguyen-hong-nhung-dich-nxb-tri-thuc-p275970389.html,(Phiên Bản Đặc Biệt - Bìa Cứng In 100 Cuốn) ĐỘC THOẠI KHẢI HUYỀN - Hamvas Béla - Nguyễn Hồng Nhung dịch - NXB Tri Thức,0.0,0,549000,549000,2.0,843
198081689,bia-men-gia-toc-murdoch-tom-roberts-nxb-tai-chinh-best-book-p198081689,https://tiki.vn/bia-men-gia-toc-murdoch-tom-roberts-nxb-tai-chinh-best-book-p198081689.html,[Bìa mềm]  Gia Tộc Murdoch - Tom Roberts – NXB Tài chính –Best Books,0.0,0,240000,240000,5.0,843
76834057,joe-biden-cuoc-doi-va-su-nghiep-p76834057,https://tiki.vn/joe-biden-cuoc-doi-va-su-nghiep-p76834057.html,JOE BIDEN - CUỘC ĐỜI VÀ SỰ NGHIỆP,5.0,5,139000,104250,63.0,843
198533305,my-lai-viet-nam-1968-nhin-lai-cuoc-tham-sat-p198533305,https://tiki.vn/my-lai-viet-nam-1968-nhin-lai-cuoc-tham-sat-p198533305.html,Mỹ Lai Việt Nam 1968 – Nhìn lại cuộc thảm sát,0.0,0,275000,275000,2.0,843
222661048,mien-dat-hua-barack-obama-bia-cung-p222661048,https://tiki.vn/mien-dat-hua-barack-obama-bia-cung-p222661048.html,Miền Đất Hứa - Barack Obama (Bìa Cứng),0.0,0,605000,605000,,843
278638385,bia-cung-nguyen-truong-to-va-van-de-canh-tan-bia-cung-bui-kha-trung-tam-nghien-cuu-quoc-hoc-p278638385,https://tiki.vn/bia-cung-nguyen-truong-to-va-van-de-canh-tan-bia-cung-bui-kha-trung-tam-nghien-cuu-quoc-hoc-p278638385.html,bìa cứng - NGUYỄN TRƯỜNG TỘ VÀ VẤN ĐỀ CANH TÂN - BÌA CỨNG (Bùi Kha - Trung Tâm Nghiên Cứu Quốc Học),0.0,0,80000,80000,,843
278089376,sach-thuc-hanh-manifest-p278089376,https://tiki.vn/sach-thuc-hanh-manifest-p278089376.html,Sách - Thực Hành Manifest,0.0,0,179000,134250,,843
278517528,chuyen-nhung-nguoi-an-nam-muu-loan-o-paris-phan-van-truong-trung-tam-nghien-cuu-quoc-hoc-p278517528,https://tiki.vn/chuyen-nhung-nguoi-an-nam-muu-loan-o-paris-phan-van-truong-trung-tam-nghien-cuu-quoc-hoc-p278517528.html,Chuyện Những Người An Nam Mưu Loạn Ở Paris - Phan Văn Trường (Trung Tâm Nghiên Cứu Quốc Học),0.0,0,140000,140000,1.0,843
278526748,benh-vien-danh-giac-nguyen-thien-thanh-ba-nhan-luu-phuoc-anh-le-binh-p278526748,https://tiki.vn/benh-vien-danh-giac-nguyen-thien-thanh-ba-nhan-luu-phuoc-anh-le-binh-p278526748.html,Bệnh viện đánh giặc - Nguyễn Thiện Thành (Ba Nhân) & Lưu Phước Anh (Lê Bình),0.0,0,145000,145000,1.0,843
274058201,nhat-ky-che-guevara-nhung-ngay-thang-cuoi-cung-p274058201,https://tiki.vn/nhat-ky-che-guevara-nhung-ngay-thang-cuoi-cung-p274058201.html,Nhật ký Che Guevara - Những ngày tháng cuối cùng,0.0,0,266000,266000,,843
249664000,de-nhat-the-chien-tai-ban-2023-p249664000,https://tiki.vn/de-nhat-the-chien-tai-ban-2023-p249664000.html,Đệ Nhất Thế Chiến ( Tái Bản 2023),5.0,1,138000,138000,5.0,843
120476155,bao-dai-hoang-de-cuoi-cung-tac-gia-ly-nhan-phan-thu-lang-p120476155,https://tiki.vn/bao-dai-hoang-de-cuoi-cung-tac-gia-ly-nhan-phan-thu-lang-p120476155.html,Bảo Đại - Hoàng đế cuối cùng - Tác giả: Lý Nhân Phan Thứ Lang,5.0,5,109000,98100,35.0,843
273287925,thang-tram-to-dong-pha-_ha-p273287925,https://tiki.vn/thang-tram-to-dong-pha-_ha-p273287925.html,Thăng Trầm - Tô Đông Pha _HA,0.0,0,70000,52500,,843
273652495,dau-cung-la-song-tu-truyen-cua-nguoi-30-nam-song-chung-voi-hiv-dong-duc-thanh-bia-mem-p273652495,https://tiki.vn/dau-cung-la-song-tu-truyen-cua-nguoi-30-nam-song-chung-voi-hiv-dong-duc-thanh-bia-mem-p273652495.html,ĐAU CŨNG LÀ SỐNG - Tự Truyện Của Người 30 Năm Sống Chung Với HIV - Đồng Đức Thành - (bìa mềm),0.0,0,129000,109600,,843
38363582,sach-diep-vien-hoan-hao-x6-tai-ban-p38363582,https://tiki.vn/sach-diep-vien-hoan-hao-x6-tai-ban-p38363582.html,Sách Điệp Viên Hoàn Hảo X6 (Tái Bản),5.0,4,178000,169000,21.0,843
22651601,sach-tam-chan-dung-p22651601,https://tiki.vn/sach-tam-chan-dung-p22651601.html,Sách Tâm - Chân Dung,5.0,42,219000,153000,122.0,843
163021257,nick-vujicic-song-cho-dieu-y-nghia-hon-tai-ban-p163021257,https://tiki.vn/nick-vujicic-song-cho-dieu-y-nghia-hon-tai-ban-p163021257.html,Nick Vujicic - Sống Cho Điều Ý Nghĩa Hơn (Tái Bản),5.0,1,88000,79200,4.0,843
171651779,noi-anh-sang-chieu-soi-hanh-trinh-xay-dung-gia-dinh-kham-pha-chinh-minh-p171651779,https://tiki.vn/noi-anh-sang-chieu-soi-hanh-trinh-xay-dung-gia-dinh-kham-pha-chinh-minh-p171651779.html,"Nơi Ánh Sáng Chiếu Soi - Hành Trình Xây Dựng Gia Đình, Khám Phá Chính Mình",0.0,0,135000,118800,,843
276719365,sach-cac-triet-gia-the-tuc-cuoc-doi-thoi-dai-va-tu-tuong-cua-cac-nha-kinh-te-vi-dai-p276719365,https://tiki.vn/sach-cac-triet-gia-the-tuc-cuoc-doi-thoi-dai-va-tu-tuong-cua-cac-nha-kinh-te-vi-dai-p276719365.html,"Sách - Các Triết Gia Thế Tục - Cuộc Đời, Thời Đại Và Tư Tưởng Của Các Nhà Kinh Tế Vĩ Đại",0.0,0,299000,254100,4.0,843
263702988,tram-nam-mot-thuo-giao-su-nha-giao-nhan-dan-nha-ly-luan-phe-binh-van-hoc-le-dinh-ky-p263702988,https://tiki.vn/tram-nam-mot-thuo-giao-su-nha-giao-nhan-dan-nha-ly-luan-phe-binh-van-hoc-le-dinh-ky-p263702988.html,Trăm Năm Một Thuở - Giáo Sư-Nhà Giáo Nhân Dân-Nhà Lý Luận-Phê Bình Văn Học Lê Đình Kỵ,0.0,0,250000,250000,,843
194451840,giai-ma-nganh-cong-nghiep-am-nhac-p194451840,https://tiki.vn/giai-ma-nganh-cong-nghiep-am-nhac-p194451840.html,Giải Mã Ngành Công Nghiệp Âm Nhạc,0.0,0,299000,239200,,843
279336545,sach-tram-dung-sinh-tu-the-in-between-p279336545,https://tiki.vn/sach-tram-dung-sinh-tu-the-in-between-p279336545.html,Sách - Trạm Dừng Sinh Tử - The In-Between,0.0,0,168000,146100,,843
184816754,cac-tac-gia-van-chuong-viet-nam-tran-manh-thuong-tron-bo-2-tap-bia-cung-p184816754,https://tiki.vn/cac-tac-gia-van-chuong-viet-nam-tran-manh-thuong-tron-bo-2-tap-bia-cung-p184816754.html,Các Tác Giả Văn Chương Việt Nam - Trần Mạnh Thường (Trọn Bộ 2 Tập Bìa Cứng),5.0,1,900000,900000,4.0,843
22652707,tu-truyen-benjamin-franklin-tai-ban-2018-p22652707,https://tiki.vn/tu-truyen-benjamin-franklin-tai-ban-2018-p22652707.html,Tự Truyện Benjamin Franklin (Tái Bản 2018),0.0,0,109000,109000,,843
242085150,nhat-ky-phi-cong-tiem-kich-bia-mem-p242085150,https://tiki.vn/nhat-ky-phi-cong-tiem-kich-bia-mem-p242085150.html,Nhật ký phi công tiêm kích (Bìa mềm),0.0,0,185000,185000,,843
207368032,bar-a-lionel-messi-va-su-thang-tram-cua-cau-lac-bo-bong-da-vi-dai-nhat-the-gioi-p207368032,https://tiki.vn/bar-a-lionel-messi-va-su-thang-tram-cua-cau-lac-bo-bong-da-vi-dai-nhat-the-gioi-p207368032.html,Barça Lionel Messi Và Sự Thăng Trầm Của Câu Lạc Bộ Bóng Đá Vĩ Đại Nhất Thế Giới,0.0,0,230000,190900,3.0,843
127033120,sach-national-geographic-dung-doc-luc-nua-dem-p127033120,https://tiki.vn/sach-national-geographic-dung-doc-luc-nua-dem-p127033120.html,Sách-National Geographic. Đừng đọc lúc nửa đêm,0.0,0,187000,187000,,843
274584136,nong-trai-ngo-nghinh-cuoc-song-day-bat-ngo-cua-toi-voi-600-con-vat-giai-cuu-p274584136,https://tiki.vn/nong-trai-ngo-nghinh-cuoc-song-day-bat-ngo-cua-toi-voi-600-con-vat-giai-cuu-p274584136.html,Nông Trại Ngộ Nghĩnh - Cuộc Sống Đầy Bất Ngờ Của Tôi Với 600 Con Vật Giải Cứu,0.0,0,140000,140000,,843
273886111,thang-long-books-sach-tieu-su-elon-musk-p273886111,https://tiki.vn/thang-long-books-sach-tieu-su-elon-musk-p273886111.html,THĂNG LONG BOOKS - Sách: Tiểu Sử Elon Musk,0.0,0,499000,499000,,843
277272321,ma-nguon-khoi-dau-cua-toi-p277272321,https://tiki.vn/ma-nguon-khoi-dau-cua-toi-p277272321.html,Mã Nguồn - Khởi Đầu Của Tôi,0.0,0,225000,225000,,843
277004740,hoi-ky-alex-ferguson-tai-ban-nam-2024-p277004740,https://tiki.vn/hoi-ky-alex-ferguson-tai-ban-nam-2024-p277004740.html,Hồi Ký Alex Ferguson (Tái bản năm 2024),0.0,0,195000,195000,,843
127032958,sach-cu-ngoat-bong-cua-toi-nxb-tre-p127032958,https://tiki.vn/sach-cu-ngoat-bong-cua-toi-nxb-tre-p127032958.html,Sách-Cú Ngoặt Bóng Của Tôi (NXB Trẻ),0.0,0,121000,121000,,843
109885836,ton-tu-bia-cung-p109885836,https://tiki.vn/ton-tu-bia-cung-p109885836.html,TÔN TỬ (Bìa cứng),4.7,3,198000,198000,20.0,843
271143502,dong-doi-hoi-ky-ca-sy-elvis-phuong-p271143502,https://tiki.vn/dong-doi-hoi-ky-ca-sy-elvis-phuong-p271143502.html,   Dòng Đời (Hồi ký ca sỹ Elvis Phương),5.0,1,279000,279000,13.0,843
271535870,de-tham-thoi-ky-huy-hoang-qua-bao-chi-va-ho-so-mat-tham-phap-o-dong-duong-nam-1909-e-maliverney-vu-mai-dich-bia-mem-p271535870,https://tiki.vn/de-tham-thoi-ky-huy-hoang-qua-bao-chi-va-ho-so-mat-tham-phap-o-dong-duong-nam-1909-e-maliverney-vu-mai-dich-bia-mem-p271535870.html,Đề Thám - Thời Kỳ Huy Hoàng (Qua Báo Chí Và Hồ Sơ Mật Thám Pháp Ở Đông Dương Năm 1909) - E. Maliverney -  Vũ Mai dịch - (bìa mềm),0.0,0,219000,219000,,843
211315090,nhat-ky-phi-cong-tiem-kich-tai-ban-2022-p211315090,https://tiki.vn/nhat-ky-phi-cong-tiem-kich-tai-ban-2022-p211315090.html,Nhật Ký Phi Công Tiêm Kích (Tái bản 2022),0.0,0,185000,185000,,843
261834839,dua-con-phi-phap-tu-truyen-ve-thoi-tho-au-o-nam-phi-trevor-noah-p261834839,https://tiki.vn/dua-con-phi-phap-tu-truyen-ve-thoi-tho-au-o-nam-phi-trevor-noah-p261834839.html,ĐỨA CON PHI PHÁP - Tự truyện về thời thơ ấu ở Nam Phi (Trevor Noah),0.0,0,180000,180000,,843
273393637,nguyen-huy-thiep-anh-hung-con-chi-bia-cung-p273393637,https://tiki.vn/nguyen-huy-thiep-anh-hung-con-chi-bia-cung-p273393637.html,Nguyễn Huy Thiệp - Anh hùng còn chi - Bìa cứng,0.0,0,217000,217000,2.0,843
277445346,hon-nua-doi-hu-bia-cung-p277445346,https://tiki.vn/hon-nua-doi-hu-bia-cung-p277445346.html,Hơn Nửa Đời Hư (Bìa Cứng),0.0,0,550000,550000,1.0,843
274932355,nong-trai-ngo-nghinh-cuoc-song-day-bat-ngo-cua-toi-voi-600-con-vat-giai-cuu-tre-p274932355,https://tiki.vn/nong-trai-ngo-nghinh-cuoc-song-day-bat-ngo-cua-toi-voi-600-con-vat-giai-cuu-tre-p274932355.html,Nông Trại Ngộ Nghĩnh - Cuộc Sống Đầy Bất Ngờ Của Tôi Với 600 Con Vật Giải Cứu  - TRE,0.0,0,155000,155000,,843
36701077,tu-truyen-benjamin-franklin-tai-ban-tang-notebook-tu-thiet-ke-p36701077,https://tiki.vn/tu-truyen-benjamin-franklin-tai-ban-tang-notebook-tu-thiet-ke-p36701077.html,Tự Truyện Benjamin Franklin (Tái Bản) (Tặng Notebook tự thiết kế),1.0,1,109000,109000,2.0,843
278076822,hoi-ky-nguyen-thi-binh-gia-dinh-ban-be-va-dat-nuoc-alphabooks-bia-mem-p278076822,https://tiki.vn/hoi-ky-nguyen-thi-binh-gia-dinh-ban-be-va-dat-nuoc-alphabooks-bia-mem-p278076822.html,"Hồi Ký Nguyễn Thị Bình: Gia Đình, Bạn Bè Và Đất Nước - Alphabooks (Bìa mềm)",5.0,2,159000,159000,8.0,843
271072655,tuy-but-hoi-ky-giai-thoai-tren-bao-xuan-sai-gon-xua-tap-1-p271072655,https://tiki.vn/tuy-but-hoi-ky-giai-thoai-tren-bao-xuan-sai-gon-xua-tap-1-p271072655.html,Tùy Bút - Hồi Ký - Giai Thoại Trên Báo Xuân Sài Gòn Xưa (Tập 1),0.0,0,189000,189000,7.0,843
167610678,nhung-bo-oc-vi-dai-danh-hoa-an-tuong-van-gogh-p167610678,https://tiki.vn/nhung-bo-oc-vi-dai-danh-hoa-an-tuong-van-gogh-p167610678.html,"Những Bộ Óc Vĩ Đại - Danh Họa ""Ấn Tượng"" Van Gogh",0.0,0,65000,65000,,843
53107726,cuon-tieu-thuyet-lot-ta-duoc-4-dac-trung-noi-bat-cua-tao-thao-bao-gom-muu-luoc-dao-duc-tinh-cam-va-tai-hoa-tao-thao-thanh-nhan-de-tien-tap-3-p53107726,https://tiki.vn/cuon-tieu-thuyet-lot-ta-duoc-4-dac-trung-noi-bat-cua-tao-thao-bao-gom-muu-luoc-dao-duc-tinh-cam-va-tai-hoa-tao-thao-thanh-nhan-de-tien-tap-3-p53107726.html,"Cuốn Tiểu Thuyết Lột Tả Được 4 Đặc Trưng Nổi Bật Của Tào Tháo Bao Gồm Mưu Lược, Đạo Đức, Tình Cảm Và Tài Hoa: Tào Tháo, Thánh Nhân Đê Tiện – Tập 3",5.0,1,199000,169000,4.0,843
274544272,sach-nguon-coi-chuyen-ve-nhung-nguoi-hai-que-huong-nha-nam-official-p274544272,https://tiki.vn/sach-nguon-coi-chuyen-ve-nhung-nguoi-hai-que-huong-nha-nam-official-p274544272.html,Sách - Nguồn cội: Chuyện về những người hai quê hương - Nhã Nam Official,0.0,0,82000,73800,,843
247750785,fryderyk-chopin-cuoc-doi-va-thoi-dai-sach-ban-quyen-p247750785,https://tiki.vn/fryderyk-chopin-cuoc-doi-va-thoi-dai-sach-ban-quyen-p247750785.html,Fryderyk Chopin: Cuộc Đời Và Thời Đại (*** Sách Bản Quyền ***),0.0,0,499000,499000,,843
129138512,sach-buoi-chieu-windows-tai-ban-2018-8084300943832-p129138512,https://tiki.vn/sach-buoi-chieu-windows-tai-ban-2018-8084300943832-p129138512.html,Sách - Buổi Chiều Windows (Tái Bản 2018) - 8084300943832,0.0,0,56000,56000,,843
37216338,tu-sach-hay-ve-nha-kien-tao-quoc-gia-kiet-xuat-hoi-ky-ly-quang-dieu-i-cau-chuyen-singapore-tang-kem-bookmark-p37216338,https://tiki.vn/tu-sach-hay-ve-nha-kien-tao-quoc-gia-kiet-xuat-hoi-ky-ly-quang-dieu-i-cau-chuyen-singapore-tang-kem-bookmark-p37216338.html,Tủ Sách Hay Về Nhà Kiến Tạo Quốc Gia Kiệt Xuất: Hồi Ký Lý Quang Diệu I (Câu Chuyện Singapore); Tặng Kèm BookMark,0.0,0,399000,339000,1.0,843
277392888,sai-gon-di-qua-ky-uc-p277392888,https://tiki.vn/sai-gon-di-qua-ky-uc-p277392888.html,Sài Gòn Đi Qua Ký Ức,0.0,0,95000,90250,,843
277029338,sach-viet-nam-cua-toi-nhung-cau-chuyen-nhan-con-nuoi-nha-nam-hcm-p277029338,https://tiki.vn/sach-viet-nam-cua-toi-nhung-cau-chuyen-nhan-con-nuoi-nha-nam-hcm-p277029338.html,Sách - Việt Nam của tôi: Những câu chuyện nhận con nuôi (Nhã Nam HCM),0.0,0,130000,117000,,843
202529323,sach-mot-doi-nhu-ke-tim-duong-p202529323,https://tiki.vn/sach-mot-doi-nhu-ke-tim-duong-p202529323.html,"Sách - Một Đời Như Kẻ Tìm Đường ( Ta Sẽ Về Tìm Lại Chính Ta , Xin Làm Một Chiếc Lá Đa Sân Đình ) - NXB Trẻ",0.0,0,175000,175000,,843
273357717,anh-hung-con-chi-di-cao-nguyen-huy-thiep-bia-cung-p273357717,https://tiki.vn/anh-hung-con-chi-di-cao-nguyen-huy-thiep-bia-cung-p273357717.html,Anh Hùng Còn Chi - Di Cảo Nguyễn Huy Thiệp (Bìa Cứng),0.0,0,199000,199000,,843
277463151,sach-vuong-hong-sen-hon-nua-doi-hu-bia-cung-p277463151,https://tiki.vn/sach-vuong-hong-sen-hon-nua-doi-hu-bia-cung-p277463151.html,Sách - Vương Hồng Sển - Hơn Nửa Đời Hư - Bìa Cứng,0.0,0,550000,550000,,843
128711507,sach-trinh-cong-son-thu-tinh-gui-mot-nguoi-p128711507,https://tiki.vn/sach-trinh-cong-son-thu-tinh-gui-mot-nguoi-p128711507.html,Sách - Trịnh Công Sơn Thư Tình Gửi Một Người,0.0,0,195000,195000,2.0,843
205744059,xay-dung-truong-hoc-hanh-phuc-con-duong-toi-di-nha-giao-nguyen-van-hoa-p205744059,https://tiki.vn/xay-dung-truong-hoc-hanh-phuc-con-duong-toi-di-nha-giao-nguyen-van-hoa-p205744059.html,Xây Dựng Trường Học Hạnh Phúc: Con đường tôi đi ( ( Nhà giáo: Nguyễn Văn Hòa ),0.0,0,179000,152000,,843
278022928,vi-cha-chung-toi-noi-doi-p278022928,https://tiki.vn/vi-cha-chung-toi-noi-doi-p278022928.html,Vì Cha Chúng Tôi Nói Dối,0.0,0,150000,142500,,843
7174059,giai-ha-noi-lan-loi-london-p7174059,https://tiki.vn/giai-ha-noi-lan-loi-london-p7174059.html,Giai Hà Nội Lặn Lội London,0.0,0,100000,100000,,843
200774156,sach-trong-day-mat-troi-xanh-la-vinh-vien-p200774156,https://tiki.vn/sach-trong-day-mat-troi-xanh-la-vinh-vien-p200774156.html,Sách: Trong Đáy Mắt Trời Xanh Là Vĩnh Viễn,0.0,0,155000,155000,,843
275315061,vuong-hong-sen-chuyen-cu-o-soc-trang-di-cao-tap-2-nxb-tre-p275315061,https://tiki.vn/vuong-hong-sen-chuyen-cu-o-soc-trang-di-cao-tap-2-nxb-tre-p275315061.html,Vương Hồng Sển - Chuyện Cũ Ở Sốc-Trăng - Di Cảo - Tập 2 (NXB Trẻ),0.0,0,220000,220000,,843
249822446,chuyen-cua-chung-toi-sach-ban-quyen-p249822446,https://tiki.vn/chuyen-cua-chung-toi-sach-ban-quyen-p249822446.html,Chuyện Của Chúng Tôi (*** Sách Bản Quyền ***),5.0,1,199000,169000,10.0,843
173016515,arsene-wenger-cuoc-doi-toi-qua-hai-mau-do-trang-p173016515,https://tiki.vn/arsene-wenger-cuoc-doi-toi-qua-hai-mau-do-trang-p173016515.html,ARSENE WENGER – CUỘC ĐỜI TÔI QUA HAI MÀU ĐỎ TRẮNG -,0.0,0,155000,155000,,843
275320168,tap-but-nam-giap-tuat-1994-nxb-tre-p275320168,https://tiki.vn/tap-but-nam-giap-tuat-1994-nxb-tre-p275320168.html,Tạp Bút Năm Giáp Tuất 1994 (NXB Trẻ),0.0,0,175000,175000,,843
203913481,combo-xay-dung-truong-hoc-hanh-phuc-nguoi-thay-xay-ngoi-truong-hanh-phuc-p203913481,https://tiki.vn/combo-xay-dung-truong-hoc-hanh-phuc-nguoi-thay-xay-ngoi-truong-hanh-phuc-p203913481.html,Combo: Xây Dựng Trường Học Hạnh Phúc + Người Thầy Xây Ngôi Trường Hạnh Phúc,0.0,0,318000,270000,,843
261840713,loi-hua-ve-mot-cay-but-chi-p261840713,https://tiki.vn/loi-hua-ve-mot-cay-but-chi-p261840713.html,Lời Hứa Về Một Cây Bút Chì,0.0,0,159000,135000,,843
184218174,michelangelo-cuoc-doi-va-tac-pham-qua-500-buc-anh-p184218174,https://tiki.vn/michelangelo-cuoc-doi-va-tac-pham-qua-500-buc-anh-p184218174.html,Michelangelo: Cuộc Đời Và Tác Phẩm Qua 500 Bức Ảnh,0.0,0,599000,509000,1.0,843
543067,sach-nhat-ky-dang-thuy-tram-tai-ban-p543067,https://tiki.vn/sach-nhat-ky-dang-thuy-tram-tai-ban-p543067.html,Sách Nhật Ký Đặng Thùy Trâm (Tái Bản),0.0,0,90000,90000,,843
36700776,tu-truyen-benjamin-franklin-tai-ban-qua-tang-tickbook-p36700776,https://tiki.vn/tu-truyen-benjamin-franklin-tai-ban-qua-tang-tickbook-p36700776.html,Tự Truyện Benjamin Franklin (Tái Bản) (Quà Tặng Tickbook),0.0,0,109000,109000,1.0,843
209867712,nam-thang-nhoc-nhan-nam-thang-nho-thuong-ban-quyen-p209867712,https://tiki.vn/nam-thang-nhoc-nhan-nam-thang-nho-thuong-ban-quyen-p209867712.html,Năm tháng nhọc nhằn năm tháng nhớ thương - Bản Quyền,0.0,0,169000,169000,,843
276127190,hoi-ky-50-nam-me-hat-nam-muoi-nam-cai-luong-ban-quyen-p276127190,https://tiki.vn/hoi-ky-50-nam-me-hat-nam-muoi-nam-cai-luong-ban-quyen-p276127190.html,Hồi Ký 50 Năm Mê Hát - Năm Mươi Năm Cải Lương - Bản Quyền,0.0,0,230000,230000,,843
172152596,tron-bo-2-tap-bia-cung-vuong-hong-sen-chuyen-cu-soc-trang-p172152596,https://tiki.vn/tron-bo-2-tap-bia-cung-vuong-hong-sen-chuyen-cu-soc-trang-p172152596.html,(trọn bộ 2 tập bìa cứng) VƯƠNG HỒNG SỂN - CHUYỆN CŨ SÓC TRĂNG -,0.0,0,425000,425000,,843
127031883,sach-toi-la-beto-nxb-tre-p127031883,https://tiki.vn/sach-toi-la-beto-nxb-tre-p127031883.html,Sách-Tôi Là BêTô (NXB Trẻ),0.0,0,85000,85000,,843
274403780,cuon-van-hoc-hay-cua-tac-gia-viet-linh-keo-tro-bay-mat-p274403780,https://tiki.vn/cuon-van-hoc-hay-cua-tac-gia-viet-linh-keo-tro-bay-mat-p274403780.html,Cuốn Văn Học Hay Của Tác Giả Việt Linh: Kẻo Tro Bay Mất,0.0,0,145000,145000,,843
197546266,trong-tan-phai-co-nu-hong-thom-len-phuong-nam-p197546266,https://tiki.vn/trong-tan-phai-co-nu-hong-thom-len-phuong-nam-p197546266.html,Trong Tàn Phai Có Nụ Hồng Thơm Lên - Phương Nam,0.0,0,125000,125000,,843
247942824,anh-hung-linh-nam-quan-anh-hoi-tu-p247942824,https://tiki.vn/anh-hung-linh-nam-quan-anh-hoi-tu-p247942824.html,Anh Hùng Lĩnh Nam- Quần Anh Hội Tụ,0.0,0,515000,515000,,843
275694239,24-gio-o-nam-cuc-_-bia-cung-p275694239,https://tiki.vn/24-gio-o-nam-cuc-_-bia-cung-p275694239.html, 24 giờ ở Nam Cực _ Bìa Cứng,0.0,0,119000,119000,2.0,843
272425528,giao-su-tran-van-khe-nhung-cau-chuyen-de-lai-p272425528,https://tiki.vn/giao-su-tran-van-khe-nhung-cau-chuyen-de-lai-p272425528.html,Giáo Sư Trần Văn Khê - Những Câu Chuyện Để Lại,0.0,0,65000,65000,4.0,843
273407612,sach-nanh-trang-ndb100-p273407612,https://tiki.vn/sach-nanh-trang-ndb100-p273407612.html,Sách - Nanh trắng (NDB100),0.0,0,100000,100000,,843
278963844,hanh-trinh-tu-ra-di-hai-ban-tay-trang-den-tro-ve-mot-dai-giang-san-va-nhung-trang-ban-thao-con-dang-do-p278963844,https://tiki.vn/hanh-trinh-tu-ra-di-hai-ban-tay-trang-den-tro-ve-mot-dai-giang-san-va-nhung-trang-ban-thao-con-dang-do-p278963844.html,Hành Trình Từ “Ra Đi Hai Bàn Tay Trắng” Đến “Trở Về Một Dải Giang San” Và Những Trang Bản Thảo Còn Dang Dở,0.0,0,356000,356000,,843
6430729,bac-cau-ky-niem-doc-sach-thoi-tho-au-p6430729,https://tiki.vn/bac-cau-ky-niem-doc-sach-thoi-tho-au-p6430729.html,Sách Bắc Cầu - Kỷ niệm Đọc sách Thời thơ ấu - Song ngữ Việt Nhật,5.0,2,200000,200000,48.0,843
189541227,sach-nhin-qua-kinh-nha-minh-tap-tieu-pham-p189541227,https://tiki.vn/sach-nhin-qua-kinh-nha-minh-tap-tieu-pham-p189541227.html,Sách - Nhìn Qua Kính Nhà Mình (Tập Tiểu Phẩm),0.0,0,145000,145000,,843
275866991,sach-nhap-mon-thuong-mai-dien-tu-stt-p275866991,https://tiki.vn/sach-nhap-mon-thuong-mai-dien-tu-stt-p275866991.html,Sách - Nhập Môn Thương Mại Điện Tử ( STT),0.0,0,245000,245000,1.0,843
201308063,sach-palestine-a-to-z-palestine-tu-a-den-z-p201308063,https://tiki.vn/sach-palestine-a-to-z-palestine-tu-a-den-z-p201308063.html,Sách - Palestine A to Z - Palestine từ A đến Z,0.0,0,70000,70000,,843
271336642,dong-doi-elvis-phuong-bia-mem-p271336642,https://tiki.vn/dong-doi-elvis-phuong-bia-mem-p271336642.html,Dòng Đời - Elvis Phương - (bìa mềm),0.0,0,279000,279000,,843
275664523,sach-crush-p275664523,https://tiki.vn/sach-crush-p275664523.html,Sách - CRUSH,0.0,0,55000,55000,,843
273719487,nhung-nguoi-phu-nu-sieu-ngau-trong-su-viet-tap-2-nu-anh-hung-trong-chien-tranh-p273719487,https://tiki.vn/nhung-nguoi-phu-nu-sieu-ngau-trong-su-viet-tap-2-nu-anh-hung-trong-chien-tranh-p273719487.html,Những người phụ nữ siêu ngầu trong sử Việt tập 2 - Nữ anh hùng trong chiến tranh,0.0,0,79000,79000,,843
274933912,nguoi-xua-canh-tinh-p274933912,https://tiki.vn/nguoi-xua-canh-tinh-p274933912.html,Người Xưa Cảnh Tỉnh,0.0,0,99000,99000,5.0,843
36314692,trinh-cong-son-va-bob-dylan-p36314692,https://tiki.vn/trinh-cong-son-va-bob-dylan-p36314692.html,Trịnh Công Sơn Và Bob Dylan,3.5,2,192000,192000,7.0,843
278572144,viet-cho-ngay-da-mat-p278572144,https://tiki.vn/viet-cho-ngay-da-mat-p278572144.html,Viết cho ngày đã mất,0.0,0,139000,139000,,843
279161574,vo-van-kiet-tri-tue-va-sang-tao-p279161574,https://tiki.vn/vo-van-kiet-tri-tue-va-sang-tao-p279161574.html,Võ Văn Kiệt - Trí Tuệ Và Sáng Tạo,0.0,0,382000,382000,,843
279317377,de-gio-cuon-di-john-c-schafer-bia-cung-p279317377,https://tiki.vn/de-gio-cuon-di-john-c-schafer-bia-cung-p279317377.html,Để Gió Cuốn Đi - John C. Schafer (Bìa Cứng),0.0,0,659000,626050,,843
259477762,sach-loi-nguyen-cau-hanh-phuc-the-happiness-prayer-p259477762,https://tiki.vn/sach-loi-nguyen-cau-hanh-phuc-the-happiness-prayer-p259477762.html,Sách - Lời Nguyện Cầu Hạnh Phúc - The Happiness Prayer,0.0,0,118000,118000,,843
278676834,nguyen-chi-thanh-nhung-goc-nhin-tu-hau-the-p278676834,https://tiki.vn/nguyen-chi-thanh-nhung-goc-nhin-tu-hau-the-p278676834.html,Nguyễn Chí Thanh - Những Góc Nhìn Từ Hậu Thế,0.0,0,165000,165000,,843
278590896,ho-chi-minh-tieu-su-bang-hinh-bia-cung-p278590896,https://tiki.vn/ho-chi-minh-tieu-su-bang-hinh-bia-cung-p278590896.html,Hồ Chí Minh - Tiểu Sử Bằng Hình (Bìa Cứng),0.0,0,680000,680000,,843
279303966,tam-huyet-trao-doi-tu-truyen-nguyen-ngoc-ky-p279303966,https://tiki.vn/tam-huyet-trao-doi-tu-truyen-nguyen-ngoc-ky-p279303966.html,Tâm Huyết Trao Đời - Tự Truyện Nguyễn Ngọc Ký,0.0,0,124000,124000,,843
279390546,bay-noi-ba-chim-p279390546,https://tiki.vn/bay-noi-ba-chim-p279390546.html, Bảy Nổi Ba Chìm,0.0,0,299000,284050,,843
278697826,hoi-ky-tham-hoa-everest-p278697826,https://tiki.vn/hoi-ky-tham-hoa-everest-p278697826.html,Hồi Ký Thảm Họa Everest,0.0,0,179000,179000,,843
133042560,bo-sach-ket-tinh-mot-doi-p133042560,https://tiki.vn/bo-sach-ket-tinh-mot-doi-p133042560.html,Bộ Sách Kết Tinh Một Đời,0.0,0,510000,510000,,843
116496471,sach-noi-anh-sang-chieu-roi-hanh-trinh-xay-dung-gia-dinh-kham-pha-chinh-minh-p116496471,https://tiki.vn/sach-noi-anh-sang-chieu-roi-hanh-trinh-xay-dung-gia-dinh-kham-pha-chinh-minh-p116496471.html,"Sách Nơi Anh Sáng Chiếu Rọi - Hành trình xây dựng gia đình, khám phá chính mình",0.0,0,135000,135000,,843
278474670,bo-sach-kinh-dien-khai-pha-noi-tam-cung-carl-jung-ban-do-tam-hon-con-nguoi-cua-jung-cai-toi-chua-khai-pha-bach-viet-p278474670,https://tiki.vn/bo-sach-kinh-dien-khai-pha-noi-tam-cung-carl-jung-ban-do-tam-hon-con-nguoi-cua-jung-cai-toi-chua-khai-pha-bach-viet-p278474670.html,Bộ Sách Kinh Điển Khai Phá Nội Tâm Cùng Carl Jung: Bản Đồ Tâm Hồn Con Người Của Jung + Cái Tôi Chưa Khai Phá - Bách Việt,0.0,0,282000,262000,2.0,843
1708911,sach-toi-da-tro-thanh-nha-van-nhu-the-nao-p1708911,https://tiki.vn/sach-toi-da-tro-thanh-nha-van-nhu-the-nao-p1708911.html,Sách Tôi Đã Trở Thành Nhà Văn Như Thế Nào,0.0,0,85000,85000,3.0,843
10911587,bao-chi-sai-gon-1954-1963-p10911587,https://tiki.vn/bao-chi-sai-gon-1954-1963-p10911587.html,Báo Chí Sài Gòn 1954 - 1963,0.0,0,78000,78000,2.0,843
249885473,nha-bao-nhat-ban-takano-isao-nhan-chung-qua-cam-p249885473,https://tiki.vn/nha-bao-nhat-ban-takano-isao-nhan-chung-qua-cam-p249885473.html,Nhà Báo Nhật Bản Takano Isao - Nhân Chứng Quả Cảm,0.0,0,160000,160000,2.0,843
249857414,nguyen-hien-le-cuoc-doi-va-tac-pham-p249857414,https://tiki.vn/nguyen-hien-le-cuoc-doi-va-tac-pham-p249857414.html,Nguyễn Hiến Lê cuộc đời và tác phẩm,0.0,0,165000,165000,,843
199999931,troi-tren-dong-thoi-gian-trang-xoa_ct-p199999931,https://tiki.vn/troi-tren-dong-thoi-gian-trang-xoa_ct-p199999931.html,TRÔI TRÊN DÒNG THỜI GIAN TRẮNG XÓA_CT,0.0,0,56000,56000,,843
253472088,alexander-dai-de-huyen-thoai-xu-macedonia-bia-cung-p253472088,https://tiki.vn/alexander-dai-de-huyen-thoai-xu-macedonia-bia-cung-p253472088.html,Alexander Đại Đế - Huyền Thoại Xứ Macedonia (Bìa Cứng),0.0,0,213000,213000,,843
277466553,sach-luc-van-tien-truyen-ban-nom-chep-nam-1876-tai-paris-bia-cung-p277466553,https://tiki.vn/sach-luc-van-tien-truyen-ban-nom-chep-nam-1876-tai-paris-bia-cung-p277466553.html,Sách - Lục Vân Tiên truyện - bản Nôm chép năm 1876 tại Paris (Bìa cứng),0.0,0,360000,360000,1.0,843
272244050,sach-combo-2-cuon-di-tim-le-song-va-tin-vao-chinh-minh-p272244050,https://tiki.vn/sach-combo-2-cuon-di-tim-le-song-va-tin-vao-chinh-minh-p272244050.html,Sách - Combo 2 Cuốn: Đi Tìm Lẽ Sống Và Tin Vào Chính Mình,0.0,0,166000,137280,1.0,843
197148677,nho-giao-quyen-ha-bia-cung-_kv-p197148677,https://tiki.vn/nho-giao-quyen-ha-bia-cung-_kv-p197148677.html,NHO GIÁO - QUYỂN HẠ (BÌA CỨNG)_KV,0.0,0,207500,207500,,843
270745052,tieng-vong-deo-khau-chia-p270745052,https://tiki.vn/tieng-vong-deo-khau-chia-p270745052.html,Tiếng Vọng Đèo Khau Chỉa,0.0,0,179000,179000,,843
279520822,sach-combo-2-cuon-minh-dao-nhan-sinh-suc-manh-cua-dao-first-news-p279520822,https://tiki.vn/sach-combo-2-cuon-minh-dao-nhan-sinh-suc-manh-cua-dao-first-news-p279520822.html,Sách Combo 2 Cuốn Minh Đạo Nhân Sinh + Sức Mạnh Của Đạo - First News ,0.0,0,336000,285600,,843
279521362,sach-combo-2-cuon-song-trong-coi-vo-thuong-nhe-nhang-ma-song-first-news-p279521362,https://tiki.vn/sach-combo-2-cuon-song-trong-coi-vo-thuong-nhe-nhang-ma-song-first-news-p279521362.html,Sách Combo 2 Cuốn Sống Trong Cõi Vô Thường + Nhẹ Nhàng Mà Sống - First News ,0.0,0,276000,234600,,843
279519433,sach-combo-2-cuon-the-four-tu-dai-quyen-luc-thuong-vu-fb-thau-tom-insta-first-news-p279519433,https://tiki.vn/sach-combo-2-cuon-the-four-tu-dai-quyen-luc-thuong-vu-fb-thau-tom-insta-first-news-p279519433.html,Sách Combo 2 Cuốn The Four Tứ Đại Quyền Lực + Thương Vụ FB Thâu Tóm Insta - First News,0.0,0,434000,368900,,843
279519716,sach-combo-2-cuon-don-gian-ma-noi-vui-voi-viec-minh-lam-first-news-p279519716,https://tiki.vn/sach-combo-2-cuon-don-gian-ma-noi-vui-voi-viec-minh-lam-first-news-p279519716.html,Sách Combo 2 Cuốn Đơn Giản Mà Nói + Vui Với Việc Mình Làm - First News ,0.0,0,306000,260100,,843
279444204,tu-duong-lang-ra-dai-lo-tap-2-anh-den-dai-lo-tac-gia-teo-p279444204,https://tiki.vn/tu-duong-lang-ra-dai-lo-tap-2-anh-den-dai-lo-tac-gia-teo-p279444204.html,Sách - Từ đường làng ra đại lộ Tập 2 - Ánh đèn đại lộ - Tác giả Tèo - Hành Trình Trưởng Thành Đầy Cảm Xúc,0.0,0,199000,175120,,843
276025636,chan-dung-linh-thoi-binh-nguyen-manh-thang-nxb-ctqg-su-that-p276025636,https://tiki.vn/chan-dung-linh-thoi-binh-nguyen-manh-thang-nxb-ctqg-su-that-p276025636.html,CHÂN DUNG LÍNH THỜI BÌNH - Nguyễn Mạnh Thắng - NXB CTQG Sự Thật,0.0,0,141000,141000,,843
279573729,sach-combo-2-cuon-nhe-nhang-ma-song-vui-voi-viec-minh-lam-first-news-p279573729,https://tiki.vn/sach-combo-2-cuon-nhe-nhang-ma-song-vui-voi-viec-minh-lam-first-news-p279573729.html,Sách Combo 2 Cuốn Nhẹ Nhàng Mà Sống + Vui Với Việc Mình Làm - First News ,0.0,0,326000,277100,,843
279573880,sach-combo-2-cuon-sao-ta-lam-dieu-ta-lam-nguoi-la-voi-chinh-ta-first-news-p279573880,https://tiki.vn/sach-combo-2-cuon-sao-ta-lam-dieu-ta-lam-nguoi-la-voi-chinh-ta-first-news-p279573880.html,Sách Combo 2  Cuốn Sao Ta Làm Điều Ta Làm + Người Lạ Với Chính Ta - First News,0.0,0,356000,302600,,843
279577012,sach-combo-2-cuon-thoi-dai-thu-tu-vu-tru-ky-dieu-su-that-toi-thuong-first-news-p279577012,https://tiki.vn/sach-combo-2-cuon-thoi-dai-thu-tu-vu-tru-ky-dieu-su-that-toi-thuong-first-news-p279577012.html,Sách Combo 2  Cuốn Thời Đại Thứ Tư + Vũ Trụ Kỳ Diệu Sự Thật Tối Thượng - First News,0.0,0,497000,422450,,843
1577237,danh-sach-uoc-nguyen-cua-gizelle-co-cho-khong-lo-cua-doi-toi-p1577237,https://tiki.vn/danh-sach-uoc-nguyen-cua-gizelle-co-cho-khong-lo-cua-doi-toi-p1577237.html,Danh Sách Ước Nguyện Của Gizelle - Cô Chó Khổng Lồ Của Đời Tôi,0.0,0,99000,99000,,843
272999261,bluelock-tap-15-p272999261,https://tiki.vn/bluelock-tap-15-p272999261.html,Tuổi Thơ Êm Đềm (Tủ Sách Vàng - Tác Phẩm Chọn Lọc Dành Cho Thiếu Nhi) [Tái Bản 2023] - Bản Quyền,0.0,0,50000,50000,5.0,843
278136285,so-tay-van-nang-p278136285,https://tiki.vn/so-tay-van-nang-p278136285.html,Sách - Sổ tay vạn năng: Thực hành thay đổi thói quen sống và ghi nhớ Tiếng Anh hiệu quả,0.0,0,129000,129000,,843
274770196,vang-trang-xanh-coi-mong-bui-trong-hien-p274770196,https://tiki.vn/vang-trang-xanh-coi-mong-bui-trong-hien-p274770196.html,VẦNG TRĂNG XANH CÕI MỘNG- BÙI TRỌNG HIỂN,0.0,0,68000,68000,1.0,843
149205370,ten-cua-cuon-sach-nay-la-bi-mat-tap-1-p149205370,https://tiki.vn/ten-cua-cuon-sach-nay-la-bi-mat-tap-1-p149205370.html,Tên Của Cuốn Sách Này Là Bí Mật - tập 1,0.0,0,110000,110000,,843
274669662,thoi-gian-trong-mat-toi-bs-tran-huu-nghiep-p274669662,https://tiki.vn/thoi-gian-trong-mat-toi-bs-tran-huu-nghiep-p274669662.html,THỜI GIAN TRONG MẮT TÔI - BS. Trần Hữu Nghiệp,0.0,0,160000,160000,,843
164265140,nhac-si-hoang-van-cho-muon-doi-sau-p164265140,https://tiki.vn/nhac-si-hoang-van-cho-muon-doi-sau-p164265140.html,Nhạc sĩ Hoàng Vân - Cho muôn đời sau,0.0,0,98000,98000,,843
160921261,sach-nhac-si-hoang-van-cho-muon-doi-sau-p160921261,https://tiki.vn/sach-nhac-si-hoang-van-cho-muon-doi-sau-p160921261.html,Sách Nhạc Sĩ Hoàng Vân - Cho Muôn Đời Sau,0.0,0,98000,98000,,843
113526017,sach-linh-nam-chich-quai-p113526017,https://tiki.vn/sach-linh-nam-chich-quai-p113526017.html,Sách - Lĩnh Nam chích quái,0.0,0,350000,350000,3.0,843
53806059,combo-nghin-nam-bia-mieng-tap-1-va-2-bo-2-tap-p53806059,https://tiki.vn/combo-nghin-nam-bia-mieng-tap-1-va-2-bo-2-tap-p53806059.html,Combo Nghìn Năm Bia Miệng: Tập 1 Và 2 (Bộ 2 Tập),5.0,1,234000,234000,12.0,843
271585521,giua-hai-vuong-quoc-p271585521,https://tiki.vn/giua-hai-vuong-quoc-p271585521.html,Giữa Hai Vương Quốc,0.0,0,139000,139000,,843
270702535,giai-ha-noi-lan-loi-london-p270702535,https://tiki.vn/giai-ha-noi-lan-loi-london-p270702535.html,Giai Hà Nội Lặn Lội London,0.0,0,100000,100000,,843
242088027,cho-di-la-con-mai-p242088027,https://tiki.vn/cho-di-la-con-mai-p242088027.html,Cho Đi Là Còn Mãi,0.0,0,78000,78000,,843
133940726,bac-ho-song-mai-nhung-mau-chuyen-hay-ve-bac-tap-4-p133940726,https://tiki.vn/bac-ho-song-mai-nhung-mau-chuyen-hay-ve-bac-tap-4-p133940726.html,Bác Hồ Sống Mãi: Những Mẩu Chuyện Hay Về Bác ( Tập 4 ),0.0,0,58000,58000,2.0,843
271959377,hawking-hawking-cau-chuyen-ve-mot-huyen-thoai-khoa-hoc-p271959377,https://tiki.vn/hawking-hawking-cau-chuyen-ve-mot-huyen-thoai-khoa-hoc-p271959377.html,Hawking Hawking - Câu Chuyện Về Một Huyền Thoại Khoa Học,4.5,2,399000,399000,2.0,843
176813536,combo-bang-dang-nua-dem-doi-ve-co-ban-la-buon-cuoi-bo-2-cuon-p176813536,https://tiki.vn/combo-bang-dang-nua-dem-doi-ve-co-ban-la-buon-cuoi-bo-2-cuon-p176813536.html,Combo Băng Đảng Nửa Đêm + Đời Về Cơ Bản Là Buồn Cười (Bộ 2 Cuốn),0.0,0,225000,225000,,843
205809708,tu-phu-dien-den-new-york-p205809708,https://tiki.vn/tu-phu-dien-den-new-york-p205809708.html,Từ Phú Điền Đến New York,0.0,0,215000,215000,,843
273471546,tram-doc-ong-tuong-tinh-bao-bi-an-va-nhung-diep-vu-sieu-hang-p273471546,https://tiki.vn/tram-doc-ong-tuong-tinh-bao-bi-an-va-nhung-diep-vu-sieu-hang-p273471546.html,Trạm Đọc | Ông Tướng Tình Báo Bí Ẩn Và Những Điệp Vụ Siêu Hạng,0.0,0,118000,118000,1.0,843
181184544,thiet-ke-mot-cuoc-doi-dang-song-p181184544,https://tiki.vn/thiet-ke-mot-cuoc-doi-dang-song-p181184544.html,Thiết Kế Một Cuộc Đời Đáng Sống,0.0,0,128000,128000,,843
124955616,nguoi-tien-phong-tac-gia-tran-trong-tu-p124955616,https://tiki.vn/nguoi-tien-phong-tac-gia-tran-trong-tu-p124955616.html,Người Tiên Phong - Tác Giả Trần Trọng Tú,0.0,0,500000,500000,2.0,843
177339552,ha-noi-chut-bui-tren-vai-nguoi-p177339552,https://tiki.vn/ha-noi-chut-bui-tren-vai-nguoi-p177339552.html,Hà Nội - Chút Bụi Trên Vai Người,0.0,0,88000,88000,1.0,843
138324903,phan-van-khai-nha-lanh-dao-ky-tri-doi-moi-va-nhan-hau-nhung-hoi-uc-dac-biet-p138324903,https://tiki.vn/phan-van-khai-nha-lanh-dao-ky-tri-doi-moi-va-nhan-hau-nhung-hoi-uc-dac-biet-p138324903.html,"Phan Văn Khải - Nhà Lãnh Đạo Kỹ Trị, Đổi Mới Và Nhân Hậu (Những hồi ức đặc biệt)",0.0,0,148000,148000,,843
276611991,viet-nam-y-ky-truong-vu-tu-p276611991,https://tiki.vn/viet-nam-y-ky-truong-vu-tu-p276611991.html,Việt Nam Y Ký - Trương Vũ Tu,0.0,0,185000,185000,,843
274028651,co-be-nhin-mua-tai-ban-nam-2023-p274028651,https://tiki.vn/co-be-nhin-mua-tai-ban-nam-2023-p274028651.html,Cô Bé Nhìn Mưa (Tái bản năm 2023),0.0,0,135000,135000,,843
271318632,sach-tu-giua-doi-thuong-fn-p271318632,https://tiki.vn/sach-tu-giua-doi-thuong-fn-p271318632.html,sách - tu giữa đời thường (FN),0.0,0,218000,218000,1.0,843
176909224,sach-nhat-ky-quang-tri-1972-p176909224,https://tiki.vn/sach-nhat-ky-quang-tri-1972-p176909224.html,Sách Nhật Ký Quảng Trị 1972,1.0,1,115000,115000,2.0,843
254093344,hoi-ky-rich-devos-con-duong-ty-phu-bia-cung-ba-n-quye-n-p254093344,https://tiki.vn/hoi-ky-rich-devos-con-duong-ty-phu-bia-cung-ba-n-quye-n-p254093344.html,Hồi Ký Rich DeVos Con Đường Tỷ Phú ( Bìa Cứng) - Bản Quyền,0.0,0,268000,268000,,843
247346469,cam-nang-sinh-ton-sieu-cap-mien-hoang-da-kinh-tom-dang-so-va-truong-hoc-cung-chang-tot-hon-la-bao-p247346469,https://tiki.vn/cam-nang-sinh-ton-sieu-cap-mien-hoang-da-kinh-tom-dang-so-va-truong-hoc-cung-chang-tot-hon-la-bao-p247346469.html,"Cẩm Nang Sinh Tồn Siêu Cấp: Miền Hoang Dã Kinh Tởm, Đáng Sợ Và Trường Học (Cũng Chẳng Tốt Hơn Là Bao)",0.0,0,169000,169000,,843
216462127,sach-de-co-mot-tuong-lai-p216462127,https://tiki.vn/sach-de-co-mot-tuong-lai-p216462127.html,Sách - Để Có Một Tương Lai,0.0,0,155000,155000,,843
177280459,national-geographic-kids-dung-doc-luc-nua-dem-p177280459,https://tiki.vn/national-geographic-kids-dung-doc-luc-nua-dem-p177280459.html,National Geographic Kids - Đừng Đọc Lúc Nửa Đêm,0.0,0,187000,187000,,843
215080466,ai-len-vu-khuc-mua-he-tac-gia-nhi-phan-p215080466,https://tiki.vn/ai-len-vu-khuc-mua-he-tac-gia-nhi-phan-p215080466.html,Ai-len - Vũ khúc mùa hè - Tác giả: Nhi Phan,0.0,0,130000,130000,,843
249954446,dang-sau-mat-bao-hoi-ky-chan-dung-bao-chi-viet-nam-buoi-ban-dau-den-1945-p249954446,https://tiki.vn/dang-sau-mat-bao-hoi-ky-chan-dung-bao-chi-viet-nam-buoi-ban-dau-den-1945-p249954446.html,Đằng sau mặt báo - Hồi ký chân dung báo chí Việt Nam buổi ban đầu đến 1945,0.0,0,220000,220000,,843
272860534,hoi-ky-tu-binh-thuong-truong-nguyen-phuoc-buu-huy-bia-mem-p272860534,https://tiki.vn/hoi-ky-tu-binh-thuong-truong-nguyen-phuoc-buu-huy-bia-mem-p272860534.html,Hồi Ký Tù Binh Thương Trường - Nguyễn Phước Bửu Huy - (bìa mềm),0.0,0,159000,159000,,843
248619633,quan-anh-hoi-tu-anh-hung-linh-nam-bo-2-tap-p248619633,https://tiki.vn/quan-anh-hoi-tu-anh-hung-linh-nam-bo-2-tap-p248619633.html,Quần Anh Hội Tụ - Anh Hùng Lĩnh Nam ( Bộ 2 Tập ) ,0.0,0,518000,518000,,843
196754003,cham-p196754003,https://tiki.vn/cham-p196754003.html,Chạm,0.0,0,249000,249000,,843
201916814,sach-sai-gon-va-dai-dich-p201916814,https://tiki.vn/sach-sai-gon-va-dai-dich-p201916814.html,Sách Sài Gòn và Đại Dịch,0.0,0,99000,99000,1.0,843
276587727,viet-nam-y-ky-truong-vu-tu-nguyen-phuc-an-dich-nha-xuat-ban-tong-hop-tphcm-p276587727,https://tiki.vn/viet-nam-y-ky-truong-vu-tu-nguyen-phuc-an-dich-nha-xuat-ban-tong-hop-tphcm-p276587727.html,VIỆT NAM Y KÝ - Trương Vũ Tu - Nguyễn Phúc An dịch - Nhà xuất bản Tổng hợp TPHCM,0.0,0,185000,185000,1.0,843
194150810,chuyen-xua-toi-nho-nguoi-cu-da-quen-p194150810,https://tiki.vn/chuyen-xua-toi-nho-nguoi-cu-da-quen-p194150810.html,"Chuyện Xưa Tôi Nhớ, Người Cũ Đã Quên",0.0,0,89000,89000,,843
262859263,combo-hoi-ky-nguoi-thay-xay-truong-hanh-phuc-xay-dung-truong-hoc-hanh-phuc-con-duong-toi-di-bo-2-cuon-_al-p262859263,https://tiki.vn/combo-hoi-ky-nguoi-thay-xay-truong-hanh-phuc-xay-dung-truong-hoc-hanh-phuc-con-duong-toi-di-bo-2-cuon-_al-p262859263.html,Combo Hồi Ký Người Thầy Xây Trường Hạnh Phúc + Xây Dựng Trường Học Hạnh Phúc - Con Đường Tôi Đi (Bộ 2 Cuốn) _AL,0.0,0,318000,318000,,843
273530595,xay-dung-thuong-hieu-tinh-gon-nguyen-thanh-tuan_al-p273530595,https://tiki.vn/xay-dung-thuong-hieu-tinh-gon-nguyen-thanh-tuan_al-p273530595.html,Xây Dựng Thương Hiệu Tinh Gọn - Nguyễn Thanh Tuấn_AL,0.0,0,229000,229000,,843
262386207,chau-nhuan-phat-dai-hiep-hong-kong-_fn-p262386207,https://tiki.vn/chau-nhuan-phat-dai-hiep-hong-kong-_fn-p262386207.html,Châu Nhuận Phát - Đại Hiệp Hồng Kông _FN,0.0,0,168000,168000,1.0,843
177274872,tu-phu-dien-den-new-york-p177274872,https://tiki.vn/tu-phu-dien-den-new-york-p177274872.html,Từ Phú Điền Đến New York,0.0,0,215000,215000,,843
390592,sach-hai-dau-chan-nho-tren-cat-am-p390592,https://tiki.vn/sach-hai-dau-chan-nho-tren-cat-am-p390592.html,Sách Hai Dấu Chân Nhỏ Trên Cát Ẩm,0.0,0,64000,64000,1.0,843
255605647,becoming-chat-michelle-ban-quyen-p255605647,https://tiki.vn/becoming-chat-michelle-ban-quyen-p255605647.html,BECOMING Chất Michelle - Bản Quyền,0.0,0,480000,480000,,843
278963549,lorenzo-de-medici-cuoc-doi-ruc-ro-va-thoi-dai-du-doi-p278963549,https://tiki.vn/lorenzo-de-medici-cuoc-doi-ruc-ro-va-thoi-dai-du-doi-p278963549.html,Lorenzo De’ Medici - Cuộc Đời Rực Rỡ Và Thời Đại Dữ Dội,0.0,0,386000,386000,,843
206482287,joe-biden-cuoc-doi-va-su-nghiep-p206482287,https://tiki.vn/joe-biden-cuoc-doi-va-su-nghiep-p206482287.html,Joe Biden - Cuộc Đời Và Sự Nghiệp,0.0,0,139000,139000,,843
272320219,hoi-ky-ly-quang-dieu-tap-2-tu-the-gioi-thu-ba-vuon-len-thu-nhat-p272320219,https://tiki.vn/hoi-ky-ly-quang-dieu-tap-2-tu-the-gioi-thu-ba-vuon-len-thu-nhat-p272320219.html,Hồi ký Lý Quang Diệu ( Tập 2 ) - Từ Thế Giới Thứ Ba Vươn Lên Thứ Nhất,0.0,0,459000,459000,,843
155046724,sach-sai-gon-va-dai-dich-1980books-p155046724,https://tiki.vn/sach-sai-gon-va-dai-dich-1980books-p155046724.html,Sách - Sài Gòn và Đại Dịch - 1980Books,0.0,0,99000,99000,,843
201622128,sa-ch-joe-biden-cuoc-doi-va-su-nghiep-p201622128,https://tiki.vn/sa-ch-joe-biden-cuoc-doi-va-su-nghiep-p201622128.html,Sách  Joe Biden  Cuộc đời và sự nghiệp,0.0,0,139000,139000,,843
277988980,diem-den-cua-cuoc-doi-dong-hanh-voi-nguoi-can-tu-va-nhung-bai-hoc-cho-cuoc-song-dang-hoang-giang-omega-plus-p277988980,https://tiki.vn/diem-den-cua-cuoc-doi-dong-hanh-voi-nguoi-can-tu-va-nhung-bai-hoc-cho-cuoc-song-dang-hoang-giang-omega-plus-p277988980.html,ĐIỂM ĐẾN CỦA CUỘC ĐỜI - Đồng hành với người cận tử và những bài học cho cuộc sống (Đặng Hoàng Giang) - Omega Plus,0.0,0,119000,119000,1.0,843
263083700,hoi-uc-do-duy-lien-cuoc-doi-cua-me-p263083700,https://tiki.vn/hoi-uc-do-duy-lien-cuoc-doi-cua-me-p263083700.html,Hồi Ức Đỗ Duy Liên - Cuộc Đời Của Mẹ,0.0,0,230000,230000,,843
213599752,ranh-gioi-dinh-menh-ban-quyen-p213599752,https://tiki.vn/ranh-gioi-dinh-menh-ban-quyen-p213599752.html,Ranh giới định mệnh - Bản Quyền,0.0,0,179000,179000,,843
251547407,bia-cung-ad-olf-hitler-chan-dung-mot-trum-phat-xit-john-toland-nguyen-hien-thu-nguyen-hong-hai-dich-p251547407,https://tiki.vn/bia-cung-ad-olf-hitler-chan-dung-mot-trum-phat-xit-john-toland-nguyen-hien-thu-nguyen-hong-hai-dich-p251547407.html,"(Bìa Cứng) Adolf Hitler - Chân Dung Một Trùm Phát Xít - John Toland - Nguyễn Hiền Thu, Nguyễn Hồng Hải dịch",0.0,0,599000,599000,,843
229714489,sach-chiec-thia-bac-p229714489,https://tiki.vn/sach-chiec-thia-bac-p229714489.html,Sách Chiếc Thìa Bạc,0.0,0,169000,169000,,843
177887523,chuyen-may-rui-the-thing-about-luck-p177887523,https://tiki.vn/chuyen-may-rui-the-thing-about-luck-p177887523.html,Chuyện May Rủi - The Thing About Luck,0.0,0,115000,115000,1.0,843
273379909,vanderbilt-tai-phiet-dau-tien-cua-nuoc-my-bia-cung-p273379909,https://tiki.vn/vanderbilt-tai-phiet-dau-tien-cua-nuoc-my-bia-cung-p273379909.html,Vanderbilt - Tài Phiệt Đầu Tiên Của Nước Mỹ (Bìa Cứng),0.0,0,499000,499000,,843
254896320,on-writing-a-memoir-of-the-craft-chuyen-nghe-viet-va-goc-khuat-cuoc-doi-cua-ong-hoang-kinh-di-stephen-king-p254896320,https://tiki.vn/on-writing-a-memoir-of-the-craft-chuyen-nghe-viet-va-goc-khuat-cuoc-doi-cua-ong-hoang-kinh-di-stephen-king-p254896320.html,On Writing A Memoir Of The Craft - Chuyện Nghề Viết Và Góc Khuất Cuộc Đời Của Ông Hoàng Kinh Dị - Stephen King,0.0,0,219000,219000,,843
270852758,bao-giong-moi-la-cuoc-doi-p270852758,https://tiki.vn/bao-giong-moi-la-cuoc-doi-p270852758.html,Bão Giông Mới Là Cuộc Đời,0.0,0,109000,109000,,843
272319441,sach-mot-doi-nhu-ke-tim-duong-p272319441,https://tiki.vn/sach-mot-doi-nhu-ke-tim-duong-p272319441.html,Sách Một Đời Như Kẻ Tìm Đường,0.0,0,175000,175000,,843
182541311,sach-goi-chu-thanh-thu-chang-chai-ao-trai-1980books-p182541311,https://tiki.vn/sach-goi-chu-thanh-thu-chang-chai-ao-trai-1980books-p182541311.html,Sách - Gói chữ thành thư - Chàng chai áo trái - 1980BOOKS,0.0,0,119000,119000,,843
186692383,sach-thu-tinh-gui-mot-nguoi-p186692383,https://tiki.vn/sach-thu-tinh-gui-mot-nguoi-p186692383.html,Sách Thư Tình Gửi Một Người,0.0,0,195000,195000,2.0,843
137483162,sach-the-space-barons-nhung-ba-chu-khong-gian-elon-musk-jeff-bezos-va-cong-cuoc-chinh-phuc-vu-tru-p137483162,https://tiki.vn/sach-the-space-barons-nhung-ba-chu-khong-gian-elon-musk-jeff-bezos-va-cong-cuoc-chinh-phuc-vu-tru-p137483162.html,"Sách The Space Barons - Những Bá Chủ Không Gian: Elon Musk, Jeff Bezos Và Công Cuộc Chinh Phục Vũ Trụ",0.0,0,239000,239000,,843
203845753,sach-su-ky-iii-the-gia-p203845753,https://tiki.vn/sach-su-ky-iii-the-gia-p203845753.html,Sách - Sử ký III - Thế gia,0.0,0,238000,238000,,843
275148275,den-noi-roi-cau-chuyen-truyen-cam-hung-cua-mot-gia-dinh-dung-cam-tim-anh-sang-tuong-lai-noi-dat-khach-tai-ban-2024-p275148275,https://tiki.vn/den-noi-roi-cau-chuyen-truyen-cam-hung-cua-mot-gia-dinh-dung-cam-tim-anh-sang-tuong-lai-noi-dat-khach-tai-ban-2024-p275148275.html,Đến Nơi Rồi - Câu Chuyện Truyền Cảm Hứng Của Một Gia Đình Dũng Cảm Tìm Ánh Sáng Tương Lai Nơi Đất Khách (Tái Bản 2024),0.0,0,179000,152000,,843
252766934,sach-giua-hai-vuong-quoc-ba-n-quye-n-p252766934,https://tiki.vn/sach-giua-hai-vuong-quoc-ba-n-quye-n-p252766934.html,Sách Giữa Hai Vương Quốc - Bản Quyền,0.0,0,139000,139000,,843
274143511,ho-xuan-huong-tieu-thuyet-lich-su-p274143511,https://tiki.vn/ho-xuan-huong-tieu-thuyet-lich-su-p274143511.html,HỒ XUÂN HƯƠNG - TIỂU THUYẾT LỊCH SỬ,0.0,0,200000,200000,,843
274153378,ho-xuan-huong-tieu-thuyet-lich-su-p274153378,https://tiki.vn/ho-xuan-huong-tieu-thuyet-lich-su-p274153378.html,Hồ Xuân Hương - Tiểu Thuyết Lịch Sử,0.0,0,200000,200000,,843
132302906,sach-tedbooks-con-trai-ke-khung-bo-tang-postcard-p132302906,https://tiki.vn/sach-tedbooks-con-trai-ke-khung-bo-tang-postcard-p132302906.html,Sách - TedBooks Con Trai Kẻ Khủng Bố ( Tặng Postcard ),0.0,0,55000,55000,,843
179170837,hat-mai-mot-minh-p179170837,https://tiki.vn/hat-mai-mot-minh-p179170837.html,Hát Mãi Một Mình,0.0,0,120000,120000,,843
273180315,sach-duong-toi-quoc-hoi-cua-nu-nghi-si-phap-goc-viet-dau-tien-phan-1-tieu-su-bia-cung-p273180315,https://tiki.vn/sach-duong-toi-quoc-hoi-cua-nu-nghi-si-phap-goc-viet-dau-tien-phan-1-tieu-su-bia-cung-p273180315.html,Sách - Đường Tới Quốc Hội Của Nữ Nghị Sĩ Pháp Gốc Việt Đầu Tiên - Phần 1: Tiểu Sử (Bìa Cứng),0.0,0,159000,159000,,843
12605517,sach-ve-thu-xep-lai-p12605517,https://tiki.vn/sach-ve-thu-xep-lai-p12605517.html,"Sách ""Về Thu Xếp Lại…""",0.0,0,65000,65000,2.0,843
23426085,ba-dai-su-p23426085,https://tiki.vn/ba-dai-su-p23426085.html,Bà Đại Sứ,0.0,0,60000,60000,1.0,843
242075367,sach-ranh-gioi-dinh-menh-p242075367,https://tiki.vn/sach-ranh-gioi-dinh-menh-p242075367.html,Sách - Ranh giới định mệnh - 1980Books,0.0,0,179000,179000,,843
136596789,sach-nha-tho-quang-dung-nguoi-mang-trong-trang-di-tim-thanh-cao-p136596789,https://tiki.vn/sach-nha-tho-quang-dung-nguoi-mang-trong-trang-di-tim-thanh-cao-p136596789.html,Sách Nhà Thơ Quang Dũng - Người Mang Trong Trắng Đi Tìm Thanh Cao,0.0,0,116000,116000,1.0,843
279317479,chan-cung-da-mem-hoi-ky-xuan-phuong-p279317479,https://tiki.vn/chan-cung-da-mem-hoi-ky-xuan-phuong-p279317479.html,Chân Cứng Đá Mềm - Hồi Ký - Xuân Phượng,0.0,0,150000,142500,7.0,843
277873892,dieu-nhay-moon-walk-tang-kem-bookmark-cu-meo-so-tay-xuong-rong-p277873892,https://tiki.vn/dieu-nhay-moon-walk-tang-kem-bookmark-cu-meo-so-tay-xuong-rong-p277873892.html,Điệu Nhảy Moon Walk (Tặng Kèm Bookmark CÚ MÈO + SỔ TAY XƯƠNG RỒNG),0.0,0,125000,125000,,843
410394,sach-lam-dau-nuoc-my-p410394,https://tiki.vn/sach-lam-dau-nuoc-my-p410394.html,Sách Làm Dâu Nước Mỹ,0.0,0,82000,82000,,843
21682921,combo-sach-hay-giet-con-chim-nhai-khi-hoi-tho-hoa-thinh-khong-tang-kem-postcard-greenlife-p21682921,https://tiki.vn/combo-sach-hay-giet-con-chim-nhai-khi-hoi-tho-hoa-thinh-khong-tang-kem-postcard-greenlife-p21682921.html,Combo Sách Hay: Giết Con Chim Nhại + Khi Hơi Thở Hóa Thinh Không - (Tặng Kèm Postcard Greenlife),4.3,7,274350,274350,66.0,843
275086012,truyen-ngan-viet-nam-ha-thanh-huong-xua-vi-cu-tap-2-mon-ngon-tu-lang-ra-pho-p275086012,https://tiki.vn/truyen-ngan-viet-nam-ha-thanh-huong-xua-vi-cu-tap-2-mon-ngon-tu-lang-ra-pho-p275086012.html,Truyện Ngắn Việt Nam: Hà Thành Hương Xưa Vị Cũ - Tập 2: Món Ngon Từ Làng Ra Phố,0.0,0,241524,241524,,843
274445065,ke-chuyen-su-than-viet-nam-ban-quyen-p274445065,https://tiki.vn/ke-chuyen-su-than-viet-nam-ban-quyen-p274445065.html,Kể Chuyện Sứ Thần Việt Nam - Bản Quyền,0.0,0,48000,48000,,843
279668706,sach-de-lai-gio-tren-doi-tu-truyen-ve-nghi-luc-song-luu-van-manh-alpha-books-p279668706,https://tiki.vn/sach-de-lai-gio-tren-doi-tu-truyen-ve-nghi-luc-song-luu-van-manh-alpha-books-p279668706.html,Sách Để Lại Gió Trên Đời - Tự Truyện Về Nghị Lực Sống - Lưu Văn Mạnh - Alpha Books,0.0,0,169000,152000,,843
121236003,truyen-doc-tieng-anh-deadly-sin-james-patterson-p121236003,https://tiki.vn/truyen-doc-tieng-anh-deadly-sin-james-patterson-p121236003.html,Truyện đọc tiếng Anh - 14th Deadly Sin - James Patterson,0.0,0,425250,425250,,843
206560923,nhan-trung-luc-hoi-uc-dau-thuong-cua-mot-cung-tan-p206560923,https://tiki.vn/nhan-trung-luc-hoi-uc-dau-thuong-cua-mot-cung-tan-p206560923.html,Nhàn Trung Lục - Hồi Ức Đau Thương Của Một Cung Tần,0.0,0,183000,183000,1.0,843
227474838,sach-chiec-thia-bac-1980books-p227474838,https://tiki.vn/sach-chiec-thia-bac-1980books-p227474838.html,Sách - Chiếc Thìa Bạc - 1980Books,0.0,0,169000,169000,,843
1940595,sach-chau-chut-ta-tinh-tri-am-p1940595,https://tiki.vn/sach-chau-chut-ta-tinh-tri-am-p1940595.html,"Sách Châu, Chút Tạ Tình Tri Âm",0.0,0,100000,100000,,843
194787294,sach-su-ky-tu-ma-thien-ban-dich-quoc-ngu-dau-tien-nam-giap-than-1944-p194787294,https://tiki.vn/sach-su-ky-tu-ma-thien-ban-dich-quoc-ngu-dau-tien-nam-giap-than-1944-p194787294.html,Sách: Sử Ký Tư Mã Thiên - Bản Dịch Quốc Ngữ Đầu Tiên Năm Giáp Thân (1944),0.0,0,125300,125300,,843
203016687,tro-tan-cua-angela-tang-so-tay-p203016687,https://tiki.vn/tro-tan-cua-angela-tang-so-tay-p203016687.html,Tro Tàn Của Angela (Tặng Sổ Tay),0.0,0,197802,197802,,843
277019991,sach-thien-truc-lam-duong-dai-trong-doi-song-xa-hoi-vung-nam-bo-hien-nay-p277019991,https://tiki.vn/sach-thien-truc-lam-duong-dai-trong-doi-song-xa-hoi-vung-nam-bo-hien-nay-p277019991.html,Sách - Thiền Trúc Lâm Đương Đại Trong Đời Sống Xã Hội Vùng Nam Bộ Hiện Nay,0.0,0,125860,125860,,843
3495011,sach-anh-vien-from-zero-to-hero-p3495011,https://tiki.vn/sach-anh-vien-from-zero-to-hero-p3495011.html,Sách Ánh Viên: From Zero To Hero,0.0,0,89900,89900,,843
249568628,luat-xua-an-cu-p249568628,https://tiki.vn/luat-xua-an-cu-p249568628.html,Luật xưa án cũ,0.0,0,331336,331336,1.0,843
179234096,chuyen-doi-toi-p179234096,https://tiki.vn/chuyen-doi-toi-p179234096.html,Chuyện Đời Tôi,0.0,0,359000,359000,1.0,843
138183950,chung-ta-thay-lai-nhung-vi-sao-p138183950,https://tiki.vn/chung-ta-thay-lai-nhung-vi-sao-p138183950.html,Chúng Ta Thấy Lại Những Vì Sao,0.0,0,128000,128000,,843
192678445,cay-vi-cam-cuong-no-cau-chuyen-ve-mot-nguoi-thay-ha-khac-va-nghe-thuat-hoan-thien-con-nguoi-joanne-lipman-va-melanie-kupchinsky-bia-mem-p192678445,https://tiki.vn/cay-vi-cam-cuong-no-cau-chuyen-ve-mot-nguoi-thay-ha-khac-va-nghe-thuat-hoan-thien-con-nguoi-joanne-lipman-va-melanie-kupchinsky-bia-mem-p192678445.html,CÂY VĨ CẦM CUỒNG NỘ Câu chuyện về một người thầy hà khắc và nghệ thuật hoàn thiện con người - Joanne Lipman và Melanie Kupchinsky – Bìa mềm,0.0,0,199000,199000,,843
222660996,bia-cung-a-promised-land-mien-dat-hua-barack-obama-do-hung-dich-first-news-p222660996,https://tiki.vn/bia-cung-a-promised-land-mien-dat-hua-barack-obama-do-hung-dich-first-news-p222660996.html,[bìa cứng] A PROMISED LAND – MIỀN ĐẤT HỨA - Barack Obama - Đỗ Hùng dịch - First News,0.0,0,601000,601000,,843
229972161,combo-2-cuon-sach-my-vision-tam-nhin-thay-doi-quoc-gia-anh-chop-tu-duy-p229972161,https://tiki.vn/combo-2-cuon-sach-my-vision-tam-nhin-thay-doi-quoc-gia-anh-chop-tu-duy-p229972161.html,Combo 2 cuốn sách: My Vision - Tầm Nhìn Thay Đổi Quốc Gia + Ánh Chớp Tư Duy,0.0,0,456000,456000,,843
273971844,hoi-uc-quang-tri-nguyen-thuy-kha-nxb-chinh-tri-quoc-gia-su-that-p273971844,https://tiki.vn/hoi-uc-quang-tri-nguyen-thuy-kha-nxb-chinh-tri-quoc-gia-su-that-p273971844.html,HỒI ỨC QUẢNG TRỊ - Nguyễn Thụy Kha - NXB Chính Trị Quốc Gia Sự Thật.,0.0,0,104000,98800,2.0,843
182848943,the-bomber-mafia-giac-mo-cam-do-va-dem-dai-nhat-trong-the-chien-ii-p182848943,https://tiki.vn/the-bomber-mafia-giac-mo-cam-do-va-dem-dai-nhat-trong-the-chien-ii-p182848943.html,"The Bomber Mafia: Giấc Mơ, Cám Dỗ Và Đêm Dài Nhất Trong Thế Chiến II",0.0,0,150000,150000,,843
261963908,tu-truyen-benjamin-franklin-tai-ban-p261963908,https://tiki.vn/tu-truyen-benjamin-franklin-tai-ban-p261963908.html,Tự Truyện Benjamin Franklin (Tái Bản),0.0,0,109000,109000,,843
279564755,sach-manifesting-101-viet-nen-cuoc-doi-nhu-y-p279564755,https://tiki.vn/sach-manifesting-101-viet-nen-cuoc-doi-nhu-y-p279564755.html,Sách - Manifesting 101 - Viết Nên Cuộc Đời Như Ý,0.0,0,75110,75110,,843
215739428,hinh-anh-chuyen-nghiep-nang-cao-vi-the-hanh-xu-sao-cho-hinh-anh-ban-tao-ra-co-the-dai-dien-cho-cong-ty-cua-ban-mot-cach-chuyen-nghiep-p215739428,https://tiki.vn/hinh-anh-chuyen-nghiep-nang-cao-vi-the-hanh-xu-sao-cho-hinh-anh-ban-tao-ra-co-the-dai-dien-cho-cong-ty-cua-ban-mot-cach-chuyen-nghiep-p215739428.html,Hình ảnh chuyên nghiệp nâng cao vị thế - Hành xử sao cho hình ảnh bạn tạo ra có thể đại diện cho công ty của bạn một cách chuyên nghiệp,0.0,0,130000,130000,,843
253526468,ngay-ve-ghi-lai-nhung-ky-niem-tai-lang-mai-bia-mem-thich-nguyen-tinh-p253526468,https://tiki.vn/ngay-ve-ghi-lai-nhung-ky-niem-tai-lang-mai-bia-mem-thich-nguyen-tinh-p253526468.html,"Ngày Về - Ghi Lại Những Kỷ Niệm Tại Làng Mai (Bìa mềm, Thích Nguyên Tịnh)",0.0,0,203810,203810,,843
224110419,combo-3-cuon-sach-chan-tran-chi-thep-tai-ban-2019-diep-vien-hoan-hao-x6-tai-ban-2019-mot-nguoi-viet-tram-lang-p224110419,https://tiki.vn/combo-3-cuon-sach-chan-tran-chi-thep-tai-ban-2019-diep-vien-hoan-hao-x6-tai-ban-2019-mot-nguoi-viet-tram-lang-p224110419.html,Combo 3 cuốn sách:  Chân Trần Chí Thép (Tái Bản 2019) +Điệp Viên Hoàn Hảo X6 (Tái Bản 2019) + Một Người Việt Trầm Lặng,0.0,0,438000,438000,,843
138127573,len-duong-voi-trai-tim-tran-trui-toi-la-mot-con-lua-tai-ban-nam-2018-p138127573,https://tiki.vn/len-duong-voi-trai-tim-tran-trui-toi-la-mot-con-lua-tai-ban-nam-2018-p138127573.html,Lên Đường Với Trái Tim Trần Trụi - Tôi Là Một Con Lừa (Tái bản năm 2018),0.0,0,80000,80000,1.0,843
271556717,doi-tong-giam-muc-puginier-p271556717,https://tiki.vn/doi-tong-giam-muc-puginier-p271556717.html,Đời Tổng Giám Mục PUGINIER,0.0,0,249000,249000,,843
249821261,lawrence-xu-a-rap-sach-ban-quyen-p249821261,https://tiki.vn/lawrence-xu-a-rap-sach-ban-quyen-p249821261.html,Lawrence Xứ Ả - Rập (*** Sách Bản Quyền ***),0.0,0,449000,449000,,843
214732026,du-hanh-cung-herodotus-p214732026,https://tiki.vn/du-hanh-cung-herodotus-p214732026.html,Du Hành Cùng Herodotus,0.0,0,135000,135000,1.0,843
186369588,lay-nuoc-duong-xa-tai-ban-p186369588,https://tiki.vn/lay-nuoc-duong-xa-tai-ban-p186369588.html,Lấy Nước Đường Xa (Tái Bản),0.0,0,99000,99000,1.0,843
278756423,cong-cuoc-mo-dat-tay-nam-bo-thoi-chua-nguyen-xuat-ban-lan-thu-hai-p278756423,https://tiki.vn/cong-cuoc-mo-dat-tay-nam-bo-thoi-chua-nguyen-xuat-ban-lan-thu-hai-p278756423.html,Công cuộc mở đất Tây Nam Bộ thời Chúa Nguyễn (Xuất bản lần thứ hai),0.0,0,243000,243000,,843
278746267,ve-dai-thang-mua-xuan-nam-1975-qua-tai-lieu-cua-chinh-quyen-sai-gon-sach-tham-khao-xuat-ban-lan-thu-ba-co-sua-chua-bo-sung-p278746267,https://tiki.vn/ve-dai-thang-mua-xuan-nam-1975-qua-tai-lieu-cua-chinh-quyen-sai-gon-sach-tham-khao-xuat-ban-lan-thu-ba-co-sua-chua-bo-sung-p278746267.html,"Về Đại thắng mùa Xuân năm 1975 qua tài liệu của chính quyền Sài Gòn (Sách tham khảo) (Xuất bản lần thứ ba, có sửa chữa, bổ sung)",0.0,0,101000,101000,,843
167613995,hoi-ky-rich-devos-con-duong-ty-phu-p167613995,https://tiki.vn/hoi-ky-rich-devos-con-duong-ty-phu-p167613995.html,Hồi Ký Rich Devos – Con Đường Tỷ Phú,0.0,0,268000,268000,,843
279479969,sach-dat-rung-phuong-nam-van-minh-chuyen-the-tu-tieu-thuyet-cung-ten-cua-nha-van-doan-gioi-p279479969,https://tiki.vn/sach-dat-rung-phuong-nam-van-minh-chuyen-the-tu-tieu-thuyet-cung-ten-cua-nha-van-doan-gioi-p279479969.html,Sách - Đất Rừng Phương Nam - Văn Minh - Chuyển Thể Từ Tiểu Thuyết Cùng Tên Của Nhà Văn Đoàn Giỏi,0.0,0,75000,75000,,843
32582988,sach-nguyen-uoc-yeu-thuong-p32582988,https://tiki.vn/sach-nguyen-uoc-yeu-thuong-p32582988.html,Sách Nguyện Ước Yêu Thương,0.0,0,118000,118000,,843
198651125,ke-chuyen-cuoc-doi-cac-thien-tai-alexander-popov-chinh-phuc-khoang-khong_tv-p198651125,https://tiki.vn/ke-chuyen-cuoc-doi-cac-thien-tai-alexander-popov-chinh-phuc-khoang-khong_tv-p198651125.html,KỂ CHUYỆN CUỘC ĐỜI CÁC THIÊN TÀI: ALEXANDER POPOV - CHINH PHỤC KHOẢNG KHÔNG_TV,5.0,2,50000,50000,7.0,843
177234580,hoi-uc-mot-si-quan-tuy-vien-p177234580,https://tiki.vn/hoi-uc-mot-si-quan-tuy-vien-p177234580.html,Hồi ức một sĩ quan tùy viên,0.0,0,227344,227344,,843
120183802,sach-khoe-hon-10-tuoi-nho-uong-nuoc-dung-cach-p120183802,https://tiki.vn/sach-khoe-hon-10-tuoi-nho-uong-nuoc-dung-cach-p120183802.html,Sách - Khoẻ hơn 10 tuổi nhờ uống nước đúng cách,0.0,0,189000,189000,,843
225209319,bia-cung-chat-michelle-michelle-obama-le-duy-khuong-dich-first-news-p225209319,https://tiki.vn/bia-cung-chat-michelle-michelle-obama-le-duy-khuong-dich-first-news-p225209319.html,(Bìa cứng) CHẤT MICHELLE - Michelle Obama - Lê Duy Khương dịch - First News,0.0,0,520000,520000,,843
248610510,anh-hung-linh-nam-cam-khe-di-han-phan-3-bo-2-quyen-p248610510,https://tiki.vn/anh-hung-linh-nam-cam-khe-di-han-phan-3-bo-2-quyen-p248610510.html,Anh Hùng Lĩnh Nam - Cẩm Khê Di Hận - Phần 3 (Bộ 2 Quyển),0.0,0,424575,424575,,843
262815722,tam-ly-hoc-ve-ky-uc-chung-ta-doi-mat-voi-nhung-ky-uc-xau-nhu-the-nao-_az-p262815722,https://tiki.vn/tam-ly-hoc-ve-ky-uc-chung-ta-doi-mat-voi-nhung-ky-uc-xau-nhu-the-nao-_az-p262815722.html,	Tâm Lý Học Về Ký Ức - Chúng Ta Đối Mặt Với Những Ký Ức Xấu Như Thế Nào? _AZ,0.0,0,118996,118996,,843
207553712,nhung-giac-mo-bay-tu-do-p207553712,https://tiki.vn/nhung-giac-mo-bay-tu-do-p207553712.html,Những Giấc Mơ Bay Tự Do,0.0,0,175000,175000,,843
279507819,di-san-maria-montessori-ly-thuyet-thuc-hanh-va-tac-dong-toan-cau-e-m-standing-lightbooks-p279507819,https://tiki.vn/di-san-maria-montessori-ly-thuyet-thuc-hanh-va-tac-dong-toan-cau-e-m-standing-lightbooks-p279507819.html,"Di sản Maria Montessori: Lý thuyết, thực hành và tác động toàn cầu - E.M.Standing - Lightbooks",0.0,0,221150,221150,,843
247899654,rembrandt-cuoc-doi-va-tac-pham-qua-500-hinh-anh-sach-ban-quyen-p247899654,https://tiki.vn/rembrandt-cuoc-doi-va-tac-pham-qua-500-hinh-anh-sach-ban-quyen-p247899654.html,Rembrandt Cuộc Đời Và Tác Phẩm Qua 500 Hình Ảnh (*** Sách Bản Quyền ***),0.0,0,599000,599000,,843
217411469,chim-noi-giua-paris-va-london-down-and-out-in-paris-and-london-_pnu-p217411469,https://tiki.vn/chim-noi-giua-paris-va-london-down-and-out-in-paris-and-london-_pnu-p217411469.html,Chìm Nổi Giữa Paris Và London - Down and Out in Paris and London _PNU,0.0,0,129341,129341,,843
207477122,xay-dung-truong-hoc-hanh-phuc-con-duong-toi-di-tang-so-tay-p207477122,https://tiki.vn/xay-dung-truong-hoc-hanh-phuc-con-duong-toi-di-tang-so-tay-p207477122.html,Xây Dựng Trường Học Hạnh Phúc - Con Đường Tôi Đi (Tặng Sổ Tay),0.0,0,179000,179000,,843
222662840,diep-vien-hoan-hao-x6-pham-xuan-an-p222662840,https://tiki.vn/diep-vien-hoan-hao-x6-pham-xuan-an-p222662840.html,Điệp Viên Hoàn Hảo X6 - Phạm Xuân Ẩn,0.0,0,198000,198000,,843
277277755,sach-suu-than-ky-p277277755,https://tiki.vn/sach-suu-than-ky-p277277755.html,Sách - Sưu Thần Ký,0.0,0,235592,235592,,843
197415317,duoi-tan-cho-nau-sai-gon-beneath-saigon-s-cho-nau-phuong-nam-p197415317,https://tiki.vn/duoi-tan-cho-nau-sai-gon-beneath-saigon-s-cho-nau-phuong-nam-p197415317.html,Dưới Tán Chò Nâu Sài Gòn - Beneath Saigon's Chò Nâu - Phương Nam,0.0,0,148702,148702,,843
113117557,sach-yeu-to-may-rui-the-luck-factor-p113117557,https://tiki.vn/sach-yeu-to-may-rui-the-luck-factor-p113117557.html,Sách: Yếu Tố May Rủi - The Luck Factor,0.0,0,94031,94031,,843
279445427,ho-chi-minh-mot-so-tac-pham-chinh-luan-tieu-bieu-p279445427,https://tiki.vn/ho-chi-minh-mot-so-tac-pham-chinh-luan-tieu-bieu-p279445427.html,Hồ Chí Minh - Một số tác phẩm chính luận tiêu biểu,0.0,0,119000,119000,,843
279435802,sau-cuoc-chien-la-cuoc-doi-p279435802,https://tiki.vn/sau-cuoc-chien-la-cuoc-doi-p279435802.html,Sau cuộc chiến là cuộc đời,0.0,0,116000,116000,,843
279601068,bac-ho-nhung-cau-chuyen-va-bai-hoc-xuat-ban-lan-thu-nam-p279601068,https://tiki.vn/bac-ho-nhung-cau-chuyen-va-bai-hoc-xuat-ban-lan-thu-nam-p279601068.html,Bác Hồ - Những câu chuyện và bài học (Xuất bản lần thứ năm),0.0,0,47000,47000,,843
278483937,thoat-khoi-dia-nguc-khmer-do-hoi-ky-cua-mot-nguoi-con-song-denise-affon-o-p278483937,https://tiki.vn/thoat-khoi-dia-nguc-khmer-do-hoi-ky-cua-mot-nguoi-con-song-denise-affon-o-p278483937.html,Thoát Khỏi Địa Ngục Khmer Đỏ - Hồi Ký Của Một Người Còn Sống - Denise Affonço ,0.0,0,69350,69350,,843
275332053,sach-lich-su-sach-james-raven-th-p275332053,https://tiki.vn/sach-lich-su-sach-james-raven-th-p275332053.html,Sách - Lịch Sử Sách - James Raven (TH),0.0,0,509201,509201,,843
253275968,hoi-uc-mot-si-quan-tuy-vien-bui-anh-tan-bia-mem-p253275968,https://tiki.vn/hoi-uc-mot-si-quan-tuy-vien-bui-anh-tan-bia-mem-p253275968.html,Hồi Ức Một Sĩ Quan Tùy Viên - Bùi Anh Tấn - (bìa mềm),0.0,0,227344,227344,,843
225208356,nham-mat-nhin-sao-tu-truyen-nhac-si-khiem-thi-ha-chuong-p225208356,https://tiki.vn/nham-mat-nhin-sao-tu-truyen-nhac-si-khiem-thi-ha-chuong-p225208356.html,Nhắm Mắt Nhìn Sao - Tự Truyện Nhạc Sĩ Khiếm Thị Hà Chương,0.0,0,148000,148000,,843
148692115,y-nghia-cua-mariah-carey-p148692115,https://tiki.vn/y-nghia-cua-mariah-carey-p148692115.html,Ý nghĩa của Mariah Carey,0.0,0,216728,216728,,843
277919585,cuu-chuoc-qua-khu-hanh-trinh-chien-binh-tu-do-den-nguoi-chua-lanh-ban-in-2025-p277919585,https://tiki.vn/cuu-chuoc-qua-khu-hanh-trinh-chien-binh-tu-do-den-nguoi-chua-lanh-ban-in-2025-p277919585.html,Cứu chuộc quá khứ. Hành trình chiến binh tự do đến người chữa lành - bản in 2025,0.0,0,210000,189000,2.0,843
273292883,chuyen-di-su-thoi-hoi-nhap-hoi-uc-cua-cac-dai-su-ban-in-2023-p273292883,https://tiki.vn/chuyen-di-su-thoi-hoi-nhap-hoi-uc-cua-cac-dai-su-ban-in-2023-p273292883.html,Chuyện “đi sứ” thời hội nhập (Hồi ức của các đại sứ) (bản in 2023),0.0,0,142000,142000,3.0,843
277575399,thu-vao-nam-xuat-ban-lan-thu-hai-ban-in-2025-p277575399,https://tiki.vn/thu-vao-nam-xuat-ban-lan-thu-hai-ban-in-2025-p277575399.html,Thư vào Nam (Xuất bản lần thứ ba) - bản in 2025,0.0,0,112000,112000,2.0,843
278023312,sach-phong-cach-song-tu-duy-ung-xu-lam-viec-ho-chi-minh-p278023312,https://tiki.vn/sach-phong-cach-song-tu-duy-ung-xu-lam-viec-ho-chi-minh-p278023312.html,Sách Phong cách: Sống – Tư duy – Ứng xử – Làm việc Hồ Chí Minh,0.0,0,174000,174000,,843
276384314,sach-di-theo-con-duong-cua-bac-p276384314,https://tiki.vn/sach-di-theo-con-duong-cua-bac-p276384314.html,Sách Đi theo con đường của Bác - Đại tướng Văn Tiến Dũng,0.0,0,75000,75000,,843
25980559,bac-ho-tam-guong-dao-duc-sang-ngoi-p25980559,https://tiki.vn/bac-ho-tam-guong-dao-duc-sang-ngoi-p25980559.html,Bác Hồ Tấm Gương Đạo Đức Sáng Ngời,0.0,0,41000,41000,,843
197653394,sach-renoir-cuoc-doi-va-tac-pham-qua-500-hinh-anh-tac-gia-susie-hodge-tang-kem-bookmark-bamboo-books-p197653394,https://tiki.vn/sach-renoir-cuoc-doi-va-tac-pham-qua-500-hinh-anh-tac-gia-susie-hodge-tang-kem-bookmark-bamboo-books-p197653394.html,Sách: Renoir - Cuộc Đời Và Tác Phẩm Qua 500 Hình Ảnh - Tác Giả: Susie Hodge (Tặng Kèm Bookmark Bamboo Books),0.0,0,599000,599000,,843
249408515,xay-dung-truong-hoc-hanh-phuc-p249408515,https://tiki.vn/xay-dung-truong-hoc-hanh-phuc-p249408515.html,Xây Dựng Trường Học Hạnh Phúc,0.0,0,179000,179000,,843
263103141,maria-montessori-cuoc-doi-va-su-nghiep-tai-ban-2021-p263103141,https://tiki.vn/maria-montessori-cuoc-doi-va-su-nghiep-tai-ban-2021-p263103141.html,Maria Montessori - Cuộc Đời Và Sự Nghiệp (Tái Bản 2021),0.0,0,179640,179640,,843
255430605,julius-caesar-nha-doc-tai-huyen-thoai-cua-la-ma-bia-cung-p255430605,https://tiki.vn/julius-caesar-nha-doc-tai-huyen-thoai-cua-la-ma-bia-cung-p255430605.html,Julius Caesar - Nhà Độc Tài Huyền Thoại Của La Mã (Bìa Cứng),0.0,0,161150,161150,3.0,843
174215065,sach-jurgen-klopp-thoi-bung-huyen-nao-p174215065,https://tiki.vn/sach-jurgen-klopp-thoi-bung-huyen-nao-p174215065.html,Sách - Jurgen Klopp - Thổi bùng huyên náo,0.0,0,135200,135200,2.0,843
214189370,sach-mien-dat-huyen-ao-p214189370,https://tiki.vn/sach-mien-dat-huyen-ao-p214189370.html,- Miền Đất Huyền Ảo,0.0,0,2220000,2220000,,843
200849295,sach-mui-hoai-vong-p200849295,https://tiki.vn/sach-mui-hoai-vong-p200849295.html,Sách - Mũi Hoài Vọng - Akio Morisawa - Huy Hoàng,0.0,0,131087,131087,,843
850607,sach-donald-trump-khong-bao-gio-la-du-p850607,https://tiki.vn/sach-donald-trump-khong-bao-gio-la-du-p850607.html,Sách Donald Trump - Không Bao Giờ Là Đủ,0.0,0,178000,178000,2.0,843
115254470,sach-tedbooks-con-trai-ke-khung-bo-tang-postcard-p115254470,https://tiki.vn/sach-tedbooks-con-trai-ke-khung-bo-tang-postcard-p115254470.html,Sách - TedBooks Con Trai Kẻ Khủng Bố ( Tặng Postcard ),0.0,0,55000,55000,,843
214189169,sach-de-sang-nam-tre-lai-p214189169,https://tiki.vn/sach-de-sang-nam-tre-lai-p214189169.html, Để Sang Năm Trẻ Lại,0.0,0,116988,116988,,843
215730414,nguyen-uoc-yeu-thuong-bi-kich-cua-nguoi-dan-syria-p215730414,https://tiki.vn/nguyen-uoc-yeu-thuong-bi-kich-cua-nguoi-dan-syria-p215730414.html,Nguyện Ước Yêu Thương - bi kịch của người dân Syria,0.0,0,75000,75000,,843
205129202,combo-buoc-vao-cua-hieu-nhiem-mau-tu-nuoc-mat-den-nu-cuoi-bo-2-cuon-_fn-p205129202,https://tiki.vn/combo-buoc-vao-cua-hieu-nhiem-mau-tu-nuoc-mat-den-nu-cuoi-bo-2-cuon-_fn-p205129202.html,Combo Bước Vào Cửa Hiệu Nhiệm Màu + Từ Nước Mắt Đến Nụ Cười (Bộ 2 Cuốn) _FN,0.0,0,296000,296000,,843
123832828,sach-tu-truyen-ken-langone-tu-so-0-den-ty-phu-i-love-capitalism-an-american-story-tac-gia-ken-langone-p123832828,https://tiki.vn/sach-tu-truyen-ken-langone-tu-so-0-den-ty-phu-i-love-capitalism-an-american-story-tac-gia-ken-langone-p123832828.html,SÁCH: Tự truyện Ken Langone: Từ số 0 đến tỷ phú (I Love Capitalism!: An American Story) - Tác giả: Ken Langone,0.0,0,153000,153000,,843
275048625,ke-chuyen-cuoc-doi-cac-thien-tai-alfred-nobel-va-ban-di-chuc-bat-hu-tv-p275048625,https://tiki.vn/ke-chuyen-cuoc-doi-cac-thien-tai-alfred-nobel-va-ban-di-chuc-bat-hu-tv-p275048625.html,Kể Chuyện Cuộc Đời Các Thiên Tài: Alfred Nobel Và Bản Di Chúc Bất Hủ (TV),0.0,0,79000,79000,,843
225208354,nham-mat-nhin-sao-tu-truyen-nhac-si-khiem-thi-ha-chuong-p225208354,https://tiki.vn/nham-mat-nhin-sao-tu-truyen-nhac-si-khiem-thi-ha-chuong-p225208354.html,Nhắm Mắt Nhìn Sao - Tự Truyện Nhạc Sĩ Khiếm Thị Hà Chương,0.0,0,148000,148000,,843
276889527,anabasis-hoi-ky-vien-chinh-xu-ba-tu-p276889527,https://tiki.vn/anabasis-hoi-ky-vien-chinh-xu-ba-tu-p276889527.html,Anabasis - Hồi Ký Viễn Chinh Xứ Ba Tư,0.0,0,199900,199900,,843
217411296,thu-viet-tu-ha-noi-bom-da-roi-tren-he-pho-thu-do-_pnu-p217411296,https://tiki.vn/thu-viet-tu-ha-noi-bom-da-roi-tren-he-pho-thu-do-_pnu-p217411296.html,Thư Viết Từ Hà Nội - Bom Đã Rơi Trên Hè Phố Thủ Đô _PNU,0.0,0,116883,116883,,843
155890273,salah-de-vuong-the-kop-p155890273,https://tiki.vn/salah-de-vuong-the-kop-p155890273.html,Salah - Đế Vương The Kop,0.0,0,143200,143200,,843
272353021,sach-spare-_ke-du-bi-bv-2023-p272353021,https://tiki.vn/sach-spare-_ke-du-bi-bv-2023-p272353021.html,Sách - Spare _Kẻ Dự Bị ( BV 2023),0.0,0,241115,241115,1.0,843
242434118,noi-di-ky-uc-vladimir-nabobov-orkid-dich-bach-viet-books-nxb-dan-tri-bia-mem-p242434118,https://tiki.vn/noi-di-ky-uc-vladimir-nabobov-orkid-dich-bach-viet-books-nxb-dan-tri-bia-mem-p242434118.html,"NÓI ĐI, KÝ ỨC - Vladimir Nabobov – Orkid dịch - Bách Việt Books – NXB Dân Trí (bìa mềm)",0.0,0,135930,135930,,843
246208114,lay-nuoc-duong-xa-bia-cung-p246208114,https://tiki.vn/lay-nuoc-duong-xa-bia-cung-p246208114.html,Lấy Nước Đường Xa (Bìa Cứng),0.0,0,99000,99000,,843
203840637,sach-trong-day-mat-troi-xanh-la-vinh-vien-p203840637,https://tiki.vn/sach-trong-day-mat-troi-xanh-la-vinh-vien-p203840637.html,Sách - Trong đáy mắt trời xanh là vĩnh viễn,0.0,0,155000,155000,,843
229972374,combo-2-cuon-sach-my-vision-tam-nhin-thay-doi-quoc-gia-anh-chop-tu-duy-p229972374,https://tiki.vn/combo-2-cuon-sach-my-vision-tam-nhin-thay-doi-quoc-gia-anh-chop-tu-duy-p229972374.html,Combo 2 cuốn sách: My Vision - Tầm Nhìn Thay Đổi Quốc Gia + Ánh Chớp Tư Duy,0.0,0,456000,456000,,843
53805994,hoi-ky-ly-quang-dieu-tap-2-tu-the-gioi-thu-ba-vuon-len-thu-nhat-2017-p53805994,https://tiki.vn/hoi-ky-ly-quang-dieu-tap-2-tu-the-gioi-thu-ba-vuon-len-thu-nhat-2017-p53805994.html,Hồi Ký Lý Quang Diệu - Tập 2: Từ Thế Giới Thứ Ba Vươn Lên Thứ Nhất (2017),0.0,0,459000,390000,2.0,843
270232048,ngay-ve-ghi-lai-nhung-ky-niem-tai-lang-mai-p270232048,https://tiki.vn/ngay-ve-ghi-lai-nhung-ky-niem-tai-lang-mai-p270232048.html,Ngày Về - Ghi Lại Những Kỷ Niệm Tại Làng Mai,0.0,0,203810,203810,,843
276008711,qua-nhieu-va-khong-du-gia-dinh-toi-da-tao-nen-nguoi-dan-ong-nguy-hiem-nhat-the-gioi-nhu-the-nao-p276008711,https://tiki.vn/qua-nhieu-va-khong-du-gia-dinh-toi-da-tao-nen-nguoi-dan-ong-nguy-hiem-nhat-the-gioi-nhu-the-nao-p276008711.html,Quá Nhiều Và Không Đủ - Gia Đình Tôi Đã Tạo Nên Người Đàn Ông Nguy Hiểm Nhất Thế Giới Như Thế Nào,0.0,0,131107,131107,,843
230217882,nha-tien-tri-vanga-vu-tru-huyen-bi-p230217882,https://tiki.vn/nha-tien-tri-vanga-vu-tru-huyen-bi-p230217882.html,Nhà Tiên Tri Vanga - Vũ Trụ Huyền Bí,0.0,0,119000,119000,,843
272457447,spare-ke-du-bi-bia-cung-_bv-p272457447,https://tiki.vn/spare-ke-du-bi-bia-cung-_bv-p272457447.html,Spare - Kẻ Dự Bị (Bìa Cứng) _BV,0.0,0,241139,241139,,843
193062674,chuyen-doi-toi-p193062674,https://tiki.vn/chuyen-doi-toi-p193062674.html,CHUYỆN ĐỜI TÔI,0.0,0,359000,359000,1.0,843
210438776,sach-thu-viet-tu-ha-noi-bom-da-roi-tren-he-pho-thu-do-p210438776,https://tiki.vn/sach-thu-viet-tu-ha-noi-bom-da-roi-tren-he-pho-thu-do-p210438776.html,Sách- Thư Viết Từ Hà Nội- Bom đã rơi trên hè phố thủ đô,0.0,0,116883,116883,,843
247238637,adolf-hitler-chan-dung-mot-trum-phat-xit-sach-ban-quyen-p247238637,https://tiki.vn/adolf-hitler-chan-dung-mot-trum-phat-xit-sach-ban-quyen-p247238637.html,Adolf Hitler - Chân Dung Một Trùm Phát Xít (*** Sách Bản Quyền ***),0.0,0,599000,599000,1.0,843
188040296,fryderyk-chopin-cuoc-doi-va-thoi-dai-tac-gia-alan-walker-tang-kem-bookmark-bamboo-books-p188040296,https://tiki.vn/fryderyk-chopin-cuoc-doi-va-thoi-dai-tac-gia-alan-walker-tang-kem-bookmark-bamboo-books-p188040296.html,Fryderyk Chopin: Cuộc Đời Và Thời Đại - Tác giả: Alan Walker (Tặng kèm bookmark Bamboo Books),0.0,0,499000,499000,,843
253244995,bong-nguoi-tren-cat-tac-gia-nhi-phan-p253244995,https://tiki.vn/bong-nguoi-tren-cat-tac-gia-nhi-phan-p253244995.html,Bóng người trên cát - Tác giả Nhi Phan,0.0,0,120000,120000,,843
270117886,sach-yeu-nhu-bau-troi-mua-he-day-bien-co-cua-g-baby-pn-p270117886,https://tiki.vn/sach-yeu-nhu-bau-troi-mua-he-day-bien-co-cua-g-baby-pn-p270117886.html,Sách- yêu như bầu trời - mùa hè đầy biến cố của G-Baby (pn),0.0,0,118563,118563,,843
247345144,duoi-tan-cho-nau-sai-gon-beneath-saigon-s-cho-nau-phuong-nam-p247345144,https://tiki.vn/duoi-tan-cho-nau-sai-gon-beneath-saigon-s-cho-nau-phuong-nam-p247345144.html,Dưới Tán Chò Nâu Sài Gòn - Beneath Saigon's Chò Nâu - Phương Nam,0.0,0,148702,148702,,843
205292356,brigitte-macron-phu-nhan-tong-thong-phap-nguoi-phu-nu-tu-do-p205292356,https://tiki.vn/brigitte-macron-phu-nhan-tong-thong-phap-nguoi-phu-nu-tu-do-p205292356.html,Brigitte Macron - Phu Nhân Tổng Thống Pháp - Người Phụ Nữ Tự Do,0.0,0,90000,90000,,843
190133040,fryderyk-chopin-cuoc-doi-va-thoi-dai-tang-so-tay-xuong-rong-p190133040,https://tiki.vn/fryderyk-chopin-cuoc-doi-va-thoi-dai-tang-so-tay-xuong-rong-p190133040.html,Fryderyk Chopin: Cuộc Đời Và Thời Đại ( Tặng sổ tay xương rồng),0.0,0,499000,499000,,843
273584396,sach-tieu-su-hoi-ky-hay-tu-truyen-ken-langone-tu-so-0-den-ty-phu-p273584396,https://tiki.vn/sach-tieu-su-hoi-ky-hay-tu-truyen-ken-langone-tu-so-0-den-ty-phu-p273584396.html,Sách Tiểu Sử Hồi Ký Hay- Tự Truyện Ken Langone: Từ Số 0 Đến Tỷ Phú,5.0,2,153000,153000,6.0,843
278672490,nguoi-bay-trong-gio-xanh-2025-p278672490,https://tiki.vn/nguoi-bay-trong-gio-xanh-2025-p278672490.html,Người Bay Trong Gió Xanh - 2025,0.0,0,160380,160380,,843
137569546,sach-phuc-ong-tu-truyen-nhung-tu-tuong-trac-viet-cua-nha-cach-tan-vi-dai-nhat-ban-thoi-ky-minh-tri-p137569546,https://tiki.vn/sach-phuc-ong-tu-truyen-nhung-tu-tuong-trac-viet-cua-nha-cach-tan-vi-dai-nhat-ban-thoi-ky-minh-tri-p137569546.html,Sách Phúc Ông Tự Truyện - Những Tư Tưởng Trác Việt Của Nhà Cách Tân Vĩ Đại Nhật Bản Thời Kỳ Minh Trị,0.0,0,175000,175000,,843
252387338,phuc-ong-tu-truyen-tai-ban-_al-p252387338,https://tiki.vn/phuc-ong-tu-truyen-tai-ban-_al-p252387338.html,Phúc Ông Tự Truyện (Tái Bản)_AL,0.0,0,175000,175000,,843
279580470,ban-ve-linh-hon-peri-psych-s-tac-pham-triet-hoc-kinh-dien-p279580470,https://tiki.vn/ban-ve-linh-hon-peri-psych-s-tac-pham-triet-hoc-kinh-dien-p279580470.html,Bàn Về Linh Hồn - Peri Psychēs - Tác Phẩm Triết Học Kinh Điển,0.0,0,95700,95700,,843
270702669,oppa-oi-dua-em-toi-han-quoc-p270702669,https://tiki.vn/oppa-oi-dua-em-toi-han-quoc-p270702669.html,"Oppa Ơi, Đưa Em Tới Hàn Quốc!",5.0,1,100000,100000,4.0,843
276602825,combo-hay-goi-ten-toi-muon-trung-su-that-p276602825,https://tiki.vn/combo-hay-goi-ten-toi-muon-trung-su-that-p276602825.html,Combo Hãy gọi tên tôi + Muôn trùng sự thật,0.0,0,365000,310250,,843
274831289,song-manh-liet-chung-ta-co-the-hoc-duoc-gi-tu-nhung-nguoi-khuyet-tat-thanh-cong-p274831289,https://tiki.vn/song-manh-liet-chung-ta-co-the-hoc-duoc-gi-tu-nhung-nguoi-khuyet-tat-thanh-cong-p274831289.html,SỐNG MÃNH LIỆT – Chúng ta có thể học được gì từ những người khuyết tật thành công?,0.0,0,186000,167400,6.0,843
278125339,sach-dang-thuy-tram-va-cuon-nhat-ky-thu-ba-nxb-phu-nu-vn-p278125339,https://tiki.vn/sach-dang-thuy-tram-va-cuon-nhat-ky-thu-ba-nxb-phu-nu-vn-p278125339.html,Sách - ĐẶNG THÙY TRÂM và CUỐN NHẬT KÝ THỨ BA - NXB Phụ Nữ VN,0.0,0,165000,148500,1.0,843
279197412,sach-dam-phuong-nang-cong-nu-buoi-giao-thoi-tieu-su-nhan-vat-p279197412,https://tiki.vn/sach-dam-phuong-nang-cong-nu-buoi-giao-thoi-tieu-su-nhan-vat-p279197412.html,Sách - Đạm Phương - Nàng Công nữ buổi giao thời - Tiểu sử nhân vật,0.0,0,165000,148500,3.0,843
279484552,sach-thanh-thien-de-tieu-thuyet-p279484552,https://tiki.vn/sach-thanh-thien-de-tieu-thuyet-p279484552.html,Sách - Thành thiên đế - Tiểu thuyết,0.0,0,199000,179100,,843
275513789,cam-thu-quan-p275513789,https://tiki.vn/cam-thu-quan-p275513789.html,Cầm thư quán,5.0,1,62000,55800,4.0,843
279695236,di-trong-cai-chet-de-tim-cai-song-vinh-quang-liet-si-duong-ngoc-buu-p279695236,https://tiki.vn/di-trong-cai-chet-de-tim-cai-song-vinh-quang-liet-si-duong-ngoc-buu-p279695236.html,Đi Trong Cái Chết Để Tìm Cái Sống Vinh Quang - Liệt sĩ Dương Ngọc Bửu,0.0,0,149000,141550,,843
270800154,sach-mat-ket-noi-lost-connections-tac-gia-johann-hari-sgb-p270800154,https://tiki.vn/sach-mat-ket-noi-lost-connections-tac-gia-johann-hari-sgb-p270800154.html,Sách - Mất Kết Nối (Lost Connections) - Tác giả Johann Hari SGB,0.0,0,250000,250000,,843
271441265,sach-cuoc-phieu-luu-cua-thuyen-truong-corcoran-ml-p271441265,https://tiki.vn/sach-cuoc-phieu-luu-cua-thuyen-truong-corcoran-ml-p271441265.html,Sách- Cuộc Phiêu Lưu Của Thuyền Trưởng Corcoran (ML),0.0,0,74000,74000,,843
270810599,sach-nghi-thong-suot-doi-nhe-nhu-may-sgb-p270810599,https://tiki.vn/sach-nghi-thong-suot-doi-nhe-nhu-may-sgb-p270810599.html,"Sách - Nghĩ thông suốt, đời nhẹ như mây (SGB)",0.0,0,150000,150000,,843
270810573,sach-an-nhien-nhu-nang-bia-cu-sgb-p270810573,https://tiki.vn/sach-an-nhien-nhu-nang-bia-cu-sgb-p270810573.html,Sách - An nhiên như nắng bìa cũ (SGB),0.0,0,80000,80000,,843
271373381,sach-yeu-to-may-rui-the-luck-factor-ml-p271373381,https://tiki.vn/sach-yeu-to-may-rui-the-luck-factor-ml-p271373381.html,Sách- Yếu Tố May Rủi - The Luck Factor (ML),0.0,0,99000,99000,,843
278053678,ho-chi-minh-qua-hoi-uc-cua-nhung-cuu-tu-con-dao-p278053678,https://tiki.vn/ho-chi-minh-qua-hoi-uc-cua-nhung-cuu-tu-con-dao-p278053678.html,Hồ Chí Minh Qua Hồi Ức Của Những Cựu Tù Côn Đảo,0.0,0,128000,128000,,843
276601109,tu-sach-ren-luyen-nhan-cach-song-bac-ho-voi-hoc-sinh-sinh-vien-tai-ban-2024-p276601109,https://tiki.vn/tu-sach-ren-luyen-nhan-cach-song-bac-ho-voi-hoc-sinh-sinh-vien-tai-ban-2024-p276601109.html,"Tủ Sách Rèn Luyện Nhân Cách Sống - Bác Hồ Với Học Sinh, Sinh Viên (Tái Bản 2024)",0.0,0,60000,60000,,843
278976738,nhung-bong-ma-tro-lai-thomas-bo-pedersen-p278976738,https://tiki.vn/nhung-bong-ma-tro-lai-thomas-bo-pedersen-p278976738.html,Những bóng ma trở lại – Thomas Bo Pedersen,0.0,0,200000,200000,,843
270904925,sach-bacon-chinh-la-shakespeare-edwin-durning-lawrence-p270904925,https://tiki.vn/sach-bacon-chinh-la-shakespeare-edwin-durning-lawrence-p270904925.html,Sách - Bacon Chính Là Shakespeare - Edwin Durning-Lawrence,0.0,0,138000,138000,,843
278483466,tieng-hat-trong-phong-mo-p278483466,https://tiki.vn/tieng-hat-trong-phong-mo-p278483466.html,Tiếng Hát Trong Phòng Mổ,5.0,2,199000,199000,23.0,843
186202650,mot-doi-tu-tai-p186202650,https://tiki.vn/mot-doi-tu-tai-p186202650.html,Một Đời Tự Tại,0.0,0,124175,124175,,843
176765023,tu-phu-dien-den-new-york-p176765023,https://tiki.vn/tu-phu-dien-den-new-york-p176765023.html,TỪ PHÚ ĐIỀN ĐẾN NEW YORK,0.0,0,215000,215000,,843
263048172,voi-toi-cha-chi-la-cha-p263048172,https://tiki.vn/voi-toi-cha-chi-la-cha-p263048172.html,"Với Tôi, Cha Chỉ Là Cha",0.0,0,129000,129000,6.0,843
274028769,tro-ve-phan-1-chau-au-p274028769,https://tiki.vn/tro-ve-phan-1-chau-au-p274028769.html,Trở Về - Phần 1: Châu Âu,0.0,0,100000,100000,,843
208118238,celine-dion-cau-chuyen-doi-toi-giac-mo-trong-toi-p208118238,https://tiki.vn/celine-dion-cau-chuyen-doi-toi-giac-mo-trong-toi-p208118238.html,"Celine Dion - Câu Chuyện Đời Tôi, Giấc Mơ Trong Tôi",0.0,0,162334,162334,,843
273287498,mot-cuoc-doi-dang-do-john-f-kennedy-1917-1963-p273287498,https://tiki.vn/mot-cuoc-doi-dang-do-john-f-kennedy-1917-1963-p273287498.html,Một Cuộc Đời Dang Dở - John F. Kennedy 1917-1963,0.0,0,269753,269753,,843
279479965,sach-trung-quang-tam-su-phan-boi-chau-p279479965,https://tiki.vn/sach-trung-quang-tam-su-phan-boi-chau-p279479965.html,Sách - Trùng Quang Tâm Sử - Phan Bội Châu,0.0,0,65000,65000,1.0,843
275008817,sach-25-tuong-linh-viet-nam-p275008817,https://tiki.vn/sach-25-tuong-linh-viet-nam-p275008817.html,Sách - 25 Tướng Lĩnh Việt Nam,0.0,0,165000,165000,1.0,843
275134364,sach-con-duong-dan-toi-tai-nang-p275134364,https://tiki.vn/sach-con-duong-dan-toi-tai-nang-p275134364.html,Sách - Con Đường Dẫn Tới Tài Năng,0.0,0,85000,85000,,843
279565665,sach-bang-danh-sach-tu-hinh-me-cung-ky-uc-p279565665,https://tiki.vn/sach-bang-danh-sach-tu-hinh-me-cung-ky-uc-p279565665.html,Sách - Bảng Danh Sách Tử Hình - Mê Cung Ký Ức,0.0,0,107250,107250,,843
279565663,sach-bang-danh-sach-tu-hinh-me-cung-ky-uc-p279565663,https://tiki.vn/sach-bang-danh-sach-tu-hinh-me-cung-ky-uc-p279565663.html,Sách - Bảng Danh Sách Tử Hình - Mê Cung Ký Ức,0.0,0,107150,107150,,843
278788521,diep-vien-nhay-du-thanh-giam-doc-cong-an-trung-bo-tu-truyen-cua-nguoi-tu-cong-san-duoc-quan-anh-huan-luyen-tinh-bao-p278788521,https://tiki.vn/diep-vien-nhay-du-thanh-giam-doc-cong-an-trung-bo-tu-truyen-cua-nguoi-tu-cong-san-duoc-quan-anh-huan-luyen-tinh-bao-p278788521.html,Điệp Viên Nhảy Dù Thành Giám Đốc Công An Trung Bộ - Tự Truyện Của Người Tù Cộng Sản Được Quân Anh Huấn Luyện Tình Báo ,5.0,2,155000,139500,7.0,843
279576322,sach-co-tich-cua-george-macdonald-p279576322,https://tiki.vn/sach-co-tich-cua-george-macdonald-p279576322.html,Sách Cổ tích của George MacDonald,0.0,0,95700,95700,,843
214770429,ha-thanh-huong-xua-vi-cu-tap-1-ky-uc-tu-can-bep-pho-co-p214770429,https://tiki.vn/ha-thanh-huong-xua-vi-cu-tap-1-ky-uc-tu-can-bep-pho-co-p214770429.html,Hà thành hương xưa vị cũ (Tập 1) : Ký ức từ căn bếp phố cổ,0.0,0,279000,251100,4.0,843
252564440,combo-2-quyen-nguoi-thay-tinh-bao-dang-tran-duc-ong-tuong-tinh-bao-bi-an-va-nhung-diep-vu-sieu-hang-nguoi-thay-hoang-hai-van-tan-tu-nguyen-chi-vinh-first-news-nxb-quan-doi-bia-mem-p252564440,https://tiki.vn/combo-2-quyen-nguoi-thay-tinh-bao-dang-tran-duc-ong-tuong-tinh-bao-bi-an-va-nhung-diep-vu-sieu-hang-nguoi-thay-hoang-hai-van-tan-tu-nguyen-chi-vinh-first-news-nxb-quan-doi-bia-mem-p252564440.html,(Combo 2 quyển người thầy tình báo Đặng Trần Đức) ÔNG TƯỚNG TÌNH BÁO BÍ ẨN VÀ NHỮNG ĐIỆP VỤ SIÊU HẠNG - NGƯỜI THẦY - Hoàng Hải Vân – Tấn Tú - Nguyễn Chí Vịnh - First News – Nxb quân đội - bìa mềm,0.0,0,395000,395000,,843
278109180,sach-nhung-ngay-tho-au-tai-ban-p278109180,https://tiki.vn/sach-nhung-ngay-tho-au-tai-ban-p278109180.html,Sách - Những ngày thơ ấu (tái bản),0.0,0,55000,55000,,843
279444502,phong-cach-tu-duy-ho-chi-minh-p279444502,https://tiki.vn/phong-cach-tu-duy-ho-chi-minh-p279444502.html,Phong cách tư duy Hồ Chí Minh,0.0,0,46000,46000,,843
278588068,ho-chi-minh-mot-con-nguoi-mot-dan-toc-mot-thoi-dai-mot-su-nghiep-p278588068,https://tiki.vn/ho-chi-minh-mot-con-nguoi-mot-dan-toc-mot-thoi-dai-mot-su-nghiep-p278588068.html,"Hồ Chí Minh - Một con người, một dân tộc, một thời đại, một sự nghiệp.",0.0,0,50000,50000,,843
279076499,sau-cuoc-chien-la-cuoc-doi-p279076499,https://tiki.vn/sau-cuoc-chien-la-cuoc-doi-p279076499.html,Sau cuộc chiến là cuộc đời,0.0,0,116000,116000,,843
279157755,bac-ho-nhung-cau-chuyen-va-bai-hoc-xuat-ban-lan-thu-nam-p279157755,https://tiki.vn/bac-ho-nhung-cau-chuyen-va-bai-hoc-xuat-ban-lan-thu-nam-p279157755.html,Bác Hồ - Những câu chuyện và bài học (Xuất bản lần thứ năm),0.0,0,47000,47000,,843
279283384,karl-marx-va-dong-suy-tu-chua-khep-lai-nhung-nam-cuoi-doi-marcello-musto-p279283384,https://tiki.vn/karl-marx-va-dong-suy-tu-chua-khep-lai-nhung-nam-cuoi-doi-marcello-musto-p279283384.html,Karl Marx Và Dòng Suy Tư Chưa Khép Lại - Những Năm Cuối Đời - Marcello Musto,0.0,0,180000,162000,,843
273441360,goc-nhin-su-viet-hoan-chau-ky-_al-p273441360,https://tiki.vn/goc-nhin-su-viet-hoan-chau-ky-_al-p273441360.html,Góc Nhìn Sử Việt - Hoan Châu Ký _AL,0.0,0,159000,135000,,843
273708432,tram-doc-official-tu-truyen-nguyen-canh-binh-sinh-nam-1972-khat-vong-song-cua-ke-di-nguoc-chieu-tai-ban-co-bo-sung-p273708432,https://tiki.vn/tram-doc-official-tu-truyen-nguyen-canh-binh-sinh-nam-1972-khat-vong-song-cua-ke-di-nguoc-chieu-tai-ban-co-bo-sung-p273708432.html,Trạm Đọc Official | Tự Truyện Nguyễn Cảnh Bình - Sinh Năm 1972 : Khát Vọng Sống Của Kẻ Đi Ngược Chiều ( Tái Bản Có Bổ Sung ),0.0,0,199000,169000,1.0,843
277750382,sach-hy-vong-duc-giao-hoang-phanxico-tu-truyen-dau-tien-cua-mot-vi-giao-hoang-trong-lich-su-p277750382,https://tiki.vn/sach-hy-vong-duc-giao-hoang-phanxico-tu-truyen-dau-tien-cua-mot-vi-giao-hoang-trong-lich-su-p277750382.html,Sách - Hy Vọng - Đức Giáo Hoàng PHANXICO - Tự Truyện Đầu Tiên Của Một Vị Giáo Hoàng Trong Lịch Sử,0.0,0,244000,244000,4.0,843
277979218,sach-ho-chi-minh-qua-hoi-uc-cua-nhung-cuu-tu-chinh-tri-con-dao-nhieu-tac-gia-p277979218,https://tiki.vn/sach-ho-chi-minh-qua-hoi-uc-cua-nhung-cuu-tu-chinh-tri-con-dao-nhieu-tac-gia-p277979218.html,Sách - Hồ Chí Minh qua hồi ức của những cựu tù chính trị Côn Đảo - Nhiều tác giả,0.0,0,118000,112000,,843
279395576,hoa-vuon-bac-nhung-dien-hinh-tieu-bieu-trong-hoc-tap-va-lam-theo-tu-tuong-dao-duc-phong-cach-ho-chi-minh-p279395576,https://tiki.vn/hoa-vuon-bac-nhung-dien-hinh-tieu-bieu-trong-hoc-tap-va-lam-theo-tu-tuong-dao-duc-phong-cach-ho-chi-minh-p279395576.html,"Hoa vườn Bác (Những điển hình tiêu biểu trong học tập và làm theo tư tưởng, đạo đức, phong cách Hồ Chí Minh)",0.0,0,193000,173700,,843
75455504,hoc-va-lam-theo-bac-danh-nhan-ho-chi-minh_cuoc-doi-va-nhung-chang-duong-lich-su-p75455504,https://tiki.vn/hoc-va-lam-theo-bac-danh-nhan-ho-chi-minh_cuoc-doi-va-nhung-chang-duong-lich-su-p75455504.html,Danh Nhân Hồ Chí Minh - Cuộc Đời Và Những Chặng Đường Lịch Sử,0.0,0,122000,91500,8.0,843
277777309,thanh-pho-ho-chi-minh-gio-khac-so-0-nhung-phong-su-ve-ket-thuc-cuoc-chien-tranh-30-nam-p277777309,https://tiki.vn/thanh-pho-ho-chi-minh-gio-khac-so-0-nhung-phong-su-ve-ket-thuc-cuoc-chien-tranh-30-nam-p277777309.html,THÀNH PHỐ HỒ CHÍ MINH GIỜ KHẮC SỐ 0 – Những phóng sự về kết thúc cuộc chiến tranh 30 năm,5.0,1,114000,102600,2.0,843
277925815,combo-diep-vien-hoan-hao-x6-pham-xuan-an-bia-mem-tu-song-ben-hai-den-dinh-doc-lap-p277925815,https://tiki.vn/combo-diep-vien-hoan-hao-x6-pham-xuan-an-bia-mem-tu-song-ben-hai-den-dinh-doc-lap-p277925815.html,Combo Điệp Viên Hoàn Hảo X6 - Phạm Xuân Ẩn (Bìa Mềm) + Từ Sông Bến Hải Đến Dinh Độc Lập ,0.0,0,397000,309000,1.0,843
208069704,kim-son-diep-vien-lang-tu-p208069704,https://tiki.vn/kim-son-diep-vien-lang-tu-p208069704.html, Kim Sơn - Điệp Viên Lãng Tử,0.0,0,99000,89100,,843
190546770,thang-huyen-con-hau-p190546770,https://tiki.vn/thang-huyen-con-hau-p190546770.html,Thằng Huyện Con Hầu,0.0,0,79860,79860,,843
278749451,cuoc-doi-va-cai-chet-cua-tien-si-goebbels-p278749451,https://tiki.vn/cuoc-doi-va-cai-chet-cua-tien-si-goebbels-p278749451.html,Cuộc Đời Và Cái Chết Của Tiến Sĩ Goebbels,5.0,1,195000,175500,3.0,843
40346444,combo-trinh-cong-son-thu-tinh-gui-mot-nguoi-va-toi-la-ai-la-ai-tang-kem-so-tay-xuong-rong-p40346444,https://tiki.vn/combo-trinh-cong-son-thu-tinh-gui-mot-nguoi-va-toi-la-ai-la-ai-tang-kem-so-tay-xuong-rong-p40346444.html,"Combo Trịnh Công Sơn : Thư Tình Gửi Một Người và Tôi Là Ai, Là Ai( Tặng Kèm Sổ Tay Xương Rồng)",0.0,0,435000,435000,7.0,843
262067783,sach-ong-tuong-tinh-bao-bi-an-va-nhung-diep-vu-sieu-hang-p262067783,https://tiki.vn/sach-ong-tuong-tinh-bao-bi-an-va-nhung-diep-vu-sieu-hang-p262067783.html,Sách - Ông Tướng Tình Báo Bí Ẩn Và Những Điệp Vụ Siêu Hạng,0.0,0,118000,112000,,843
274255135,combo-2-cuon-sai-gon-mot-thuo-dan-ong-ta-do-tap-2-3-tang-kem-so-tay-xuong-rong-p274255135,https://tiki.vn/combo-2-cuon-sai-gon-mot-thuo-dan-ong-ta-do-tap-2-3-tang-kem-so-tay-xuong-rong-p274255135.html,Combo 2 cuốn Sài Gòn Một Thuở: “Dân Ông Tạ Đó!” - Tập 2+3 ( Tặng kèm sổ tay xương rồng ),0.0,0,296000,296000,,843
954568,chan-tran-chi-thep-tai-ban-p954568,https://tiki.vn/chan-tran-chi-thep-tai-ban-p954568.html,Chân Trần Chí Thép (Tái Bản),0.0,0,168000,168000,,843
276764113,chung-ta-cua-nhung-ngay-tan-vo-tram-doc-p276764113,https://tiki.vn/chung-ta-cua-nhung-ngay-tan-vo-tram-doc-p276764113.html,Chúng Ta Của Những Ngày Tan Vỡ (Trạm Đọc),0.0,0,84147,84147,,843
224101190,chan-tran-chi-thep-tai-ban-p224101190,https://tiki.vn/chan-tran-chi-thep-tai-ban-p224101190.html,Chân Trần Chí Thép (Tái Bản),0.0,0,168000,168000,,843
247947888,tu-truyen-nguyen-bich-lan-khong-guc-nga-tai-ban-p247947888,https://tiki.vn/tu-truyen-nguyen-bich-lan-khong-guc-nga-tai-ban-p247947888.html,Tự Truyện Nguyễn Bích Lan - Không Gục Ngã (Tái Bản),0.0,0,128000,128000,,843
224100391,chan-tran-chi-thep-tai-ban-p224100391,https://tiki.vn/chan-tran-chi-thep-tai-ban-p224100391.html,Chân Trần Chí Thép (Tái Bản),0.0,0,168000,168000,,843
263196429,vui-buon-hoa-phuong-tran-dinh-chat-p263196429,https://tiki.vn/vui-buon-hoa-phuong-tran-dinh-chat-p263196429.html,Vui Buồn Hoa Phượng - Trần Đình Chất,0.0,0,189000,189000,,843
42843260,cuon-sach-kinh-dien-nha-tien-tri-vanga-vu-tru-huyen-bi-tieu-su-hoi-ky-tang-kem-bookmark-happy-life-p42843260,https://tiki.vn/cuon-sach-kinh-dien-nha-tien-tri-vanga-vu-tru-huyen-bi-tieu-su-hoi-ky-tang-kem-bookmark-happy-life-p42843260.html,Cuốn Sách Kinh Điển: Nhà Tiên Tri Vanga - Vũ Trụ Huyền Bí / Tiểu Sử - Hồi Ký (Tặng Kèm Bookmark Happy Life),0.0,0,99000,99000,1.0,843
252913584,combo-2-quyen-diep-vien-hoan-hao-x6-ong-tuong-tinh-bao-va-cac-diep-vu-sieu-hang-p252913584,https://tiki.vn/combo-2-quyen-diep-vien-hoan-hao-x6-ong-tuong-tinh-bao-va-cac-diep-vu-sieu-hang-p252913584.html,Combo 2 quyển: Điệp viên hoàn hảo X6 + Ông tướng tình báo và các điệp vụ siêu hạng,0.0,0,251348,251348,,843
123962042,combo-3-cuon-sach-chan-tran-chi-thep-tai-ban-2019-diep-vien-hoan-hao-x6-tai-ban-2019-mot-nguoi-viet-tram-lang-p123962042,https://tiki.vn/combo-3-cuon-sach-chan-tran-chi-thep-tai-ban-2019-diep-vien-hoan-hao-x6-tai-ban-2019-mot-nguoi-viet-tram-lang-p123962042.html, Combo 3 cuốn sách:  Chân Trần Chí Thép (Tái Bản 2019) +Điệp Viên Hoàn Hảo X6 (Tái Bản 2019) + Một Người Việt Trầm Lặng,0.0,0,346106,346106,,843
224102091,chan-tran-chi-thep-tai-ban-p224102091,https://tiki.vn/chan-tran-chi-thep-tai-ban-p224102091.html,Chân Trần Chí Thép (Tái Bản),0.0,0,168000,168000,,843
204381170,nha-tien-tri-vanga-va-vu-tru-huyen-bi-anna-marianis-thanh-thuy-dich-phuong-lien-hieu-dinh-thai-ha-books-nxb-the-gioi-p204381170,https://tiki.vn/nha-tien-tri-vanga-va-vu-tru-huyen-bi-anna-marianis-thanh-thuy-dich-phuong-lien-hieu-dinh-thai-ha-books-nxb-the-gioi-p204381170.html,NHÀ TIÊN TRI VANGA VÀ VŨ TRỤ HUYỀN BÍ - Anna Marianis – Thanh Thuý dịch – Phương Liên  hiệu đính – Thái Hà books – NXB Thế Giới,0.0,0,119000,119000,,843
263369966,mat-noi-nhung-tieng-noi-duoc-hoi-sinh-tu-anh-mat-p263369966,https://tiki.vn/mat-noi-nhung-tieng-noi-duoc-hoi-sinh-tu-anh-mat-p263369966.html,Mắt Nói - Những Tiếng Nói Được Hồi Sinh Từ Ánh Mắt,0.0,0,190000,190000,,843
270992909,marco-polo-du-hanh-ve-phuong-dong-p270992909,https://tiki.vn/marco-polo-du-hanh-ve-phuong-dong-p270992909.html,Marco Polo - Du Hành Về Phương Đông,0.0,0,155480,155480,,843
272449873,nha-tranh_-ly-tran_-hue-dich_-az-viet-nam-nxb-dan-tri-p272449873,https://tiki.vn/nha-tranh_-ly-tran_-hue-dich_-az-viet-nam-nxb-dan-tri-p272449873.html,NHÀ TRANH_ Ly Tran_ Huệ dịch_ AZ Việt Nam - NXB Dân Trí,0.0,0,155000,155000,,843
278757746,sach-phia-sau-con-la-bong-dang-cha-kita-books-p278757746,https://tiki.vn/sach-phia-sau-con-la-bong-dang-cha-kita-books-p278757746.html,Sách - Phía Sau Con Là Bóng Dáng Cha - Kita Books,0.0,0,294000,294000,4.0,843
278635070,hanh-trinh-vi-hoa-binh-tac-gia-tt-nguyen-chi-vinh-p278635070,https://tiki.vn/hanh-trinh-vi-hoa-binh-tac-gia-tt-nguyen-chi-vinh-p278635070.html,Hành Trình Vì Hòa Bình (Tác giả: TT Nguyễn Chí Vịnh),0.0,0,240000,240000,,843
11904387,sach-nha-tien-tri-vanga-vu-tru-huyen-bi-p11904387,https://tiki.vn/sach-nha-tien-tri-vanga-vu-tru-huyen-bi-p11904387.html,Sách Nhà Tiên Tri Vanga - Vũ Trụ Huyền Bí,0.0,0,119000,119000,,843
276089818,nhung-ten-goi-bi-danh-but-danh-cua-chu-tich-ho-chi-minh-p276089818,https://tiki.vn/nhung-ten-goi-bi-danh-but-danh-cua-chu-tich-ho-chi-minh-p276089818.html,"Những tên gọi bí danh, bút danh của Chủ tịch Hồ Chí Minh",0.0,0,45000,45000,5.0,843
242487264,tu-truyen-cua-johan-cruyff-cu-ngoat-bong-cua-toi-p242487264,https://tiki.vn/tu-truyen-cua-johan-cruyff-cu-ngoat-bong-cua-toi-p242487264.html,Tự Truyện Của Johan Cruyff - Cú Ngoặt Bóng Của Tôi,0.0,0,128000,128000,,843
179167742,thay-loi-muon-noi-thanh-xuan-toi-p179167742,https://tiki.vn/thay-loi-muon-noi-thanh-xuan-toi-p179167742.html,Thay Lời Muốn Nói - Thanh Xuân Tôi...,0.0,0,110000,110000,,843
252040966,tu-truyen-nguyen-bich-lan-khong-guc-nga-p252040966,https://tiki.vn/tu-truyen-nguyen-bich-lan-khong-guc-nga-p252040966.html,Tự Truyện Nguyễn Bích Lan - Không Gục Ngã,0.0,0,128000,128000,,843
249569667,sach-lam-phuong-tram-nho-ngan-thuong-nguyen-thanh-nha-chap-but-phanbook-tang-kem-bookmark-bamboo-books-p249569667,https://tiki.vn/sach-lam-phuong-tram-nho-ngan-thuong-nguyen-thanh-nha-chap-but-phanbook-tang-kem-bookmark-bamboo-books-p249569667.html,Sách - Lam Phương - Trăm Nhớ Ngàn Thương - Nguyễn Thanh Nhã chấp bút - Phanbook - Tặng Kèm Bookmark Bamboo Books,0.0,0,177000,177000,,843
271782351,hawking-hawking-cau-chuyen-ve-mot-huyen-thoai-khoa-hoc-_al-p271782351,https://tiki.vn/hawking-hawking-cau-chuyen-ve-mot-huyen-thoai-khoa-hoc-_al-p271782351.html,Hawking Hawking - Câu Chuyện Về Một Huyền Thoại Khoa Học _AL,0.0,0,399000,399000,,843
272178983,ho-i-ky-ly-quang-die-u-ta-p-1-cau-chuye-n-singapore-ly-quang-die-u-p272178983,https://tiki.vn/ho-i-ky-ly-quang-die-u-ta-p-1-cau-chuye-n-singapore-ly-quang-die-u-p272178983.html,Hồi Ký Lý Quang Diệu Tập 1 - Câu Chuyện Singapore (Lý Quang Diệu),0.0,0,399000,399000,,843
205019969,cuoc-doi-phia-truoc-_fn-p205019969,https://tiki.vn/cuoc-doi-phia-truoc-_fn-p205019969.html,Cuộc Đời Phía Trước _FN,0.0,0,168000,168000,,843
272032661,chuyen-nghe-cua-thuy-le-thanh-dung-tran-van-thuy-bia-mem-p272032661,https://tiki.vn/chuyen-nghe-cua-thuy-le-thanh-dung-tran-van-thuy-bia-mem-p272032661.html,"Chuyện Nghề Của Thủy - Lê Thanh Dũng, Trần Văn Thủy - (bìa mềm)",0.0,0,268000,268000,1.0,843
270441391,chuyen-cua-chung-toi-vo-hong-phuc-bia-mem-p270441391,https://tiki.vn/chuyen-cua-chung-toi-vo-hong-phuc-bia-mem-p270441391.html,Chuyện Của Chúng Tôi - Võ Hồng Phúc - (bìa mềm),0.0,0,197000,197000,,843
270441998,chuyen-cua-chung-toi-alp-p270441998,https://tiki.vn/chuyen-cua-chung-toi-alp-p270441998.html,Chuyện Của Chúng Tôi - ALP,0.0,0,197000,197000,,843
203878097,cau-chuyen-nghe-thuat-tai-ban-2022-p203878097,https://tiki.vn/cau-chuyen-nghe-thuat-tai-ban-2022-p203878097.html,Câu chuyện nghệ thuật (Tái bản 2022),0.0,0,300000,300000,,843
174830030,hanh-trinh-ve-phuong-dong-bia-cung-p174830030,https://tiki.vn/hanh-trinh-ve-phuong-dong-bia-cung-p174830030.html,Hành Trình Về Phương Đông - Bìa Cứng,0.0,0,138000,138000,,843
275289899,sach-quyet-liet-song-nguyen-ho-minh-hie-p275289899,https://tiki.vn/sach-quyet-liet-song-nguyen-ho-minh-hie-p275289899.html,"Sách - Quyết Liệt Sống - Nguyễn Hồ, Minh Hiề",0.0,0,290000,240700,3.0,843
229700262,sach-phong-cach-ho-chi-minh-ndbooks-p229700262,https://tiki.vn/sach-phong-cach-ho-chi-minh-ndbooks-p229700262.html,Sách -Combo 6 cuốn Phong Cách Hồ Chí Minh - ndbooks,5.0,1,50000,50000,3.0,843
279733570,bia-cung-in-mau-tuong-nguyen-son-nxb-thong-tan-p279733570,https://tiki.vn/bia-cung-in-mau-tuong-nguyen-son-nxb-thong-tan-p279733570.html,"(Bìa cứng, In màu) TƯỚNG NGUYỄN SƠN – NXB Thông Tấn",0.0,0,540000,540000,,843
142419033,sinh-nam-1972-khat-vong-song-tu-truyen-nguyen-canh-binh-p142419033,https://tiki.vn/sinh-nam-1972-khat-vong-song-tu-truyen-nguyen-canh-binh-p142419033.html,Sinh Năm 1972 - Khát Vọng Sống (Tự truyện Nguyễn Cảnh Bình),0.0,0,199000,199000,,843
273360159,hoi-ky-phong-vien-chien-truong-tren-nhung-neo-duong-chien-tranh-va-hoa-binh-tran-mai-huong-bia-mem-p273360159,https://tiki.vn/hoi-ky-phong-vien-chien-truong-tren-nhung-neo-duong-chien-tranh-va-hoa-binh-tran-mai-huong-bia-mem-p273360159.html,HỒI KÝ PHÓNG VIÊN CHIẾN TRƯỜNG (Trên Những Nẻo Đường Chiến Tranh Và Hòa Bình) - Trần Mai Hưởng - (bìa mềm),0.0,0,269000,228000,2.0,843
278538531,nhung-cau-chuyen-ve-dai-tuong-nguyen-chi-thanh-p278538531,https://tiki.vn/nhung-cau-chuyen-ve-dai-tuong-nguyen-chi-thanh-p278538531.html,Những Câu Chuyện Về Đại Tướng Nguyễn Chí Thanh ,0.0,0,219000,186000,,843
274028562,tieu-su-elon-musk-ban-pho-thong-p274028562,https://tiki.vn/tieu-su-elon-musk-ban-pho-thong-p274028562.html,Tiểu Sử Elon Musk (Bản phổ thông),0.0,0,499000,424000,1.0,843
202154657,khi-hoi-tho-hoa-thinh-khong-paul-kalanithi-omega-plus-nxb-lao-dong-bia-mem-p202154657,https://tiki.vn/khi-hoi-tho-hoa-thinh-khong-paul-kalanithi-omega-plus-nxb-lao-dong-bia-mem-p202154657.html,KHI HƠI THỞ HÓA THINH KHÔNG – Paul Kalanithi – Omega Plus – NXB Lao Động (Bìa mềm),0.0,0,109000,92600,2.0,843
273382651,combo-hoi-ky-tu-binh-thuong-truong-hoi-ky-phong-vien-chien-truong-bo-2-quyen-p273382651,https://tiki.vn/combo-hoi-ky-tu-binh-thuong-truong-hoi-ky-phong-vien-chien-truong-bo-2-quyen-p273382651.html,Combo Hồi Ký Tù Binh Thương Trường + Hồi Ký Phóng Viên Chiến Trường (Bộ 2 Quyển),0.0,0,428000,363000,,843
262656143,sach-duong-nguoc-chieu-tu-ban-nguoi-dao-den-hoc-bong-erasmus-p262656143,https://tiki.vn/sach-duong-nguoc-chieu-tu-ban-nguoi-dao-den-hoc-bong-erasmus-p262656143.html,Đường Ngược Chiều - Từ Bản Người Dao Đến Học Bổng Erasmus,0.0,0,129000,109600,2.0,843
273952946,sach-tu-truyen-benjamin-franklin-p273952946,https://tiki.vn/sach-tu-truyen-benjamin-franklin-p273952946.html,Sách - Tự truyện Benjamin Franklin,0.0,0,109000,92600,4.0,843
261975080,combo-nhung-nguoi-gan-nhu-hoan-hao-di-tim-si-su-noi-ria-the-gioi-p261975080,https://tiki.vn/combo-nhung-nguoi-gan-nhu-hoan-hao-di-tim-si-su-noi-ria-the-gioi-p261975080.html,COMBO NHỮNG NGƯỜI GẦN NHƯ HOÀN HẢO + ĐI TÌM SI SU + NƠI RÌA THẾ GIỚI,0.0,0,748000,635000,,843
92551829,sach-combo-toi-hoc-dai-hoc-38273-toi-di-hoc-49651-first-news-p92551829,https://tiki.vn/sach-combo-toi-hoc-dai-hoc-38273-toi-di-hoc-49651-first-news-p92551829.html,Sách - Combo Tôi học đại học 38273 + Tôi đi học 49651 - First News,5.0,1,165035,165035,1.0,843
276241918,tu-truyen-henry-ford-cuoc-doi-va-su-nghiep-cua-toi-tu-chiec-o-to-dau-tien-den-de-che-xe-hoi-vi-dai-nhat-the-ky-xx-p276241918,https://tiki.vn/tu-truyen-henry-ford-cuoc-doi-va-su-nghiep-cua-toi-tu-chiec-o-to-dau-tien-den-de-che-xe-hoi-vi-dai-nhat-the-ky-xx-p276241918.html,Tự Truyện Henry Ford: Cuộc Đời Và Sự Nghiệp Của Tôi - Từ Chiếc Ô Tô Đầu Tiên Đến Đế Chế Xe Hơi Vĩ Đại Nhất Thế Kỷ XX,0.0,0,199000,169000,,843
126949260,sinh-nam-1972-nguyen-canh-binh-p126949260,https://tiki.vn/sinh-nam-1972-nguyen-canh-binh-p126949260.html,Sinh Năm 1972 - Nguyễn Cảnh Bình,0.0,0,199000,169000,2.0,843
212992967,sach-nho-sao-xe-co-sai-gon-p212992967,https://tiki.vn/sach-nho-sao-xe-co-sai-gon-p212992967.html,Sách Nhớ Sao Xe Cộ Sài Gòn,0.0,0,88000,74800,,843
274174867,ho-xuan-huong-tieu-thuyet-lich-su-nguyen-the-quang-nxb-p274174867,https://tiki.vn/ho-xuan-huong-tieu-thuyet-lich-su-nguyen-the-quang-nxb-p274174867.html,Hồ Xuân Hương - Tiểu Thuyết Lịch Sử (Nguyễn Thế Quang) NXB,0.0,0,200000,200000,,843
275466162,dau-va-mau-p275466162,https://tiki.vn/dau-va-mau-p275466162.html,Dầu Và Máu,0.0,0,249000,211000,3.0,843
198495101,renoir-cuoc-doi-va-tac-pham-qua-500-hinh-anh-p198495101,https://tiki.vn/renoir-cuoc-doi-va-tac-pham-qua-500-hinh-anh-p198495101.html,Renoir - Cuộc Đời Và Tác Phẩm Qua 500 Hình Ảnh,0.0,0,599000,509100,,843
279086440,sach-song-nhu-anh-anh-hung-luc-luong-vu-trang-nhan-dan-nguyen-van-troi-ban-dac-biet-tang-kem-dai-sach-bookmark-bo-tem-sach-audio-album-anh-thu-tay-khan-mui-xoa-p279086440,https://tiki.vn/sach-song-nhu-anh-anh-hung-luc-luong-vu-trang-nhan-dan-nguyen-van-troi-ban-dac-biet-tang-kem-dai-sach-bookmark-bo-tem-sach-audio-album-anh-thu-tay-khan-mui-xoa-p279086440.html,Sách - Sống Như Anh - Anh Hùng Lực Lượng Vũ Trang Nhân Dân Nguyễn Văn Trỗi - Bản Đặc Biệt - Tặng Kèm Đai Sách + Bookmark + Bộ Tem + Sách Audio + Album Ảnh + Thư Tay + Khăn Mùi Xoa,0.0,0,159000,139900,,843
278761419,sach-tu-nhung-nam-sau-cua-doi-toi-out-of-my-later-years-bia-cung-p278761419,https://tiki.vn/sach-tu-nhung-nam-sau-cua-doi-toi-out-of-my-later-years-bia-cung-p278761419.html,Sách - Từ Những Năm Sau Của Đời Tôi - Out Of My Later Years - Bìa Cứng,0.0,0,290000,246500,1.0,843
275019547,mua-xuan-vang-lang-mua-thu-chet-choc-cua-chien-tranh-viet-nam-p275019547,https://tiki.vn/mua-xuan-vang-lang-mua-thu-chet-choc-cua-chien-tranh-viet-nam-p275019547.html,Mùa Xuân Vắng Lặng - Mùa Thu Chết Chóc Của Chiến Tranh Việt Nam (PNB),0.0,0,189000,189000,,843
189174216,thoi-toi-song-tran-mai-hanh-nxb-chinh-tri-quoc-gia-su-that-p189174216,https://tiki.vn/thoi-toi-song-tran-mai-hanh-nxb-chinh-tri-quoc-gia-su-that-p189174216.html,THỜI TÔI SỐNG – Trần Mai Hạnh – NXB Chính trị quốc gia sự thật,5.0,1,95000,95000,25.0,843
278123499,dang-thuy-tram-va-cuon-nhat-ky-thu-ba-p278123499,https://tiki.vn/dang-thuy-tram-va-cuon-nhat-ky-thu-ba-p278123499.html,Đặng Thùy Trâm Và Cuốn Nhật Ký Thứ Ba,0.0,0,148352,148352,,843
271848272,warren-buffett-chan-dung-qua-nhung-cau-noi-david-andrews-truong-thuy-ngan-dich-thai-ha-nxb-cong-thuong-p271848272,https://tiki.vn/warren-buffett-chan-dung-qua-nhung-cau-noi-david-andrews-truong-thuy-ngan-dich-thai-ha-nxb-cong-thuong-p271848272.html,WARREN BUFFETT – CHÂN DUNG QUA NHỮNG CÂU NÓI - David Andrews – Trương Thuý Ngân dịch – Thái Hà - NXB Công Thương,0.0,0,89000,89000,4.0,843
279576355,sach-tinh-thanh-trung-quoc-di-ra-the-gioi-bht-p279576355,https://tiki.vn/sach-tinh-thanh-trung-quoc-di-ra-the-gioi-bht-p279576355.html,Sách - Tỉnh thành Trung Quốc đi ra thế giới - BHT,0.0,0,175900,175900,1.0,843
278707318,my-vi-yeu-thuong-truong-man-quyen-rubik-books-p278707318,https://tiki.vn/my-vi-yeu-thuong-truong-man-quyen-rubik-books-p278707318.html,MỸ VỊ YÊU THƯƠNG – Trương Mạn Quyên – Rubik Books,0.0,0,132000,132000,,843
277354132,thuc-tinh-de-song-doi-tron-ven-ts-nguyen-huu-tuc-thai-ha-books-nxb-lao-dong-p277354132,https://tiki.vn/thuc-tinh-de-song-doi-tron-ven-ts-nguyen-huu-tuc-thai-ha-books-nxb-lao-dong-p277354132.html,THỨC TỈNH ĐỂ SỐNG ĐỜI TRỌN VẸN - TS. Nguyễn Hữu Túc – Thái Hà Books – NXB Lao Động,0.0,0,113000,113000,,843
214594095,celine-dion-cau-chuyen-doi-toi-giac-mo-trong-toi-p214594095,https://tiki.vn/celine-dion-cau-chuyen-doi-toi-giac-mo-trong-toi-p214594095.html,"Celine Dion - Câu Chuyện Đời Tôi, Giấc Mơ Trong Tôi",0.0,0,162334,162334,1.0,843
84992112,su-ky-tu-ma-thien-bia-cung-tai-ban-p84992112,https://tiki.vn/su-ky-tu-ma-thien-bia-cung-tai-ban-p84992112.html,Sử Ký Tư Mã Thiên (Bìa Cứng) (Tái Bản),4.7,3,211500,211500,13.0,843
273510606,giai-goncourt-nam-2018-con-chau-cua-ho-cung-the-thoi-nicolas-mathieu-tham-tuyen-thieu-nam-dich-nha-nam-nxb-hoi-nha-van-p273510606,https://tiki.vn/giai-goncourt-nam-2018-con-chau-cua-ho-cung-the-thoi-nicolas-mathieu-tham-tuyen-thieu-nam-dich-nha-nam-nxb-hoi-nha-van-p273510606.html,(GIẢI GONCOURT NĂM 2018) CON CHÁU CỦA HỌ CŨNG THẾ THÔI - Nicolas Mathieu -  Thẩm Tuyên; Thiệu Nam dịch – Nhã Nam –  NXB Hội nhà văn,0.0,0,248000,248000,2.0,843
278973476,song-nhu-anh-anh-hung-llvtnd-nguyen-van-troi-tran-dinh-van-waka-p278973476,https://tiki.vn/song-nhu-anh-anh-hung-llvtnd-nguyen-van-troi-tran-dinh-van-waka-p278973476.html,SỐNG NHƯ ANH - Anh hùng LLVTND Nguyễn Văn Trỗi - Trần Đình Vân - Waka,0.0,0,118000,118000,,843
273269098,bac-hana-alena-morn-tajnova-binh-slavicka-dich-nxb-phu-nu-p273269098,https://tiki.vn/bac-hana-alena-morn-tajnova-binh-slavicka-dich-nxb-phu-nu-p273269098.html,BÁC HANA - Alena Mornštajnová – Bình Slavická dịch – NXB Phụ nữ  ,0.0,0,109000,109000,,843
278730289,dung-chet-o-tuoi-20-p278730289,https://tiki.vn/dung-chet-o-tuoi-20-p278730289.html,Đừng Chết Ở Tuổi 20!,0.0,0,145000,145000,,843
147356894,song-doi-yeu-thuong-live-in-love-tac-gia-lauren-akins-mark-dagostino-p147356894,https://tiki.vn/song-doi-yeu-thuong-live-in-love-tac-gia-lauren-akins-mark-dagostino-p147356894.html," Sống đời yêu thương (Live In Love) - Tác giả Lauren Akins , Mark Dagostino",5.0,1,250000,225000,2.0,843
279637104,chuyen-trinh-sam-va-thoi-le-mat-phan-tran-chuc-nxb-chinh-tri-quoc-gia-su-that-p279637104,https://tiki.vn/chuyen-trinh-sam-va-thoi-le-mat-phan-tran-chuc-nxb-chinh-tri-quoc-gia-su-that-p279637104.html,CHUYỆN TRỊNH SÂM VÀ THỜI LÊ MẠT – Phan Trần Chúc – NXB Chính trị quốc gia Sự thật,0.0,0,63000,63000,,843
278055485,van-hoa-thoi-phuc-hung-the-renaissance-walter-pater-hunter-books-p278055485,https://tiki.vn/van-hoa-thoi-phuc-hung-the-renaissance-walter-pater-hunter-books-p278055485.html,Văn hóa thời Phục Hưng – The Renaissance - Walter Pater - Hunter Books,5.0,1,231900,231900,5.0,843
279200755,becoming-chat-michelle-p279200755,https://tiki.vn/becoming-chat-michelle-p279200755.html,Becoming - Chất Michelle,0.0,0,295000,295000,,843
279641292,combo-10-cuon-phan-tran-chuc-nxb-chinh-tri-quoc-gia-su-that-p279641292,https://tiki.vn/combo-10-cuon-phan-tran-chuc-nxb-chinh-tri-quoc-gia-su-that-p279641292.html,(Combo 10 cuốn Phan Trần Chúc) - NXB Chính Trị Quốc Gia Sự Thật,0.0,0,755000,755000,,843
278568736,dang-ba-giai-chuyen-cu-viet-lai-p278568736,https://tiki.vn/dang-ba-giai-chuyen-cu-viet-lai-p278568736.html,Đặng Bá Giai - Chuyện cũ viết lại,0.0,0,210000,178500,,843
249570266,will-hoi-ky-will-smith-p249570266,https://tiki.vn/will-hoi-ky-will-smith-p249570266.html,WILL - HỒI KÝ WILL SMITH,0.0,0,228000,228000,,843
279506725,rac-tri-tue-nhan-tao-ai-thach-thuc-trong-ky-nguyen-so-gs-ts-nguyen-van-thanh-ths-cu-xuan-vu-nxb-ctqgst-p279506725,https://tiki.vn/rac-tri-tue-nhan-tao-ai-thach-thuc-trong-ky-nguyen-so-gs-ts-nguyen-van-thanh-ths-cu-xuan-vu-nxb-ctqgst-p279506725.html,"RÁC TRÍ TUỆ NHÂN TẠO (AI)  - Thách thức trong kỷ nguyên số  – GS.TS. Nguyễn Văn Thành, ThS. Cù Xuân Vũ – NXB CTQGST",0.0,0,176000,176000,,843
125173562,song-o-the-chu-dong-tac-gia-nguyen-tuan-quynh-p125173562,https://tiki.vn/song-o-the-chu-dong-tac-gia-nguyen-tuan-quynh-p125173562.html,Sống ở thể chủ động - Tác giả: Nguyễn Tuấn Quỳnh,5.0,1,89000,80100,2.0,843
277972106,ho-chi-minh-qua-hoi-uc-cua-nhung-cuu-tu-chinh-tri-con-dao-nhieu-tac-gia-omega-nxb-chinh-tri-quoc-gia-su-that-p277972106,https://tiki.vn/ho-chi-minh-qua-hoi-uc-cua-nhung-cuu-tu-chinh-tri-con-dao-nhieu-tac-gia-omega-nxb-chinh-tri-quoc-gia-su-that-p277972106.html,HỒ CHÍ MINH QUA HỒI ỨC CỦA NHỮNG CỰU TÙ CHÍNH TRỊ CÔN ĐẢO - Nhiều tác giả - Omega – NXB Chính trị Quốc gia Sự thật,0.0,0,112000,112000,,843
124705400,thang-no-con-nha-ai-tac-gia-truong-dien-thang-p124705400,https://tiki.vn/thang-no-con-nha-ai-tac-gia-truong-dien-thang-p124705400.html,Thằng nớ con nhà ai - Tác giả Trương Điện Thắng,0.0,0,77000,77000,2.0,843
178108492,ha-noi-con-mot-chut-nay-p178108492,https://tiki.vn/ha-noi-con-mot-chut-nay-p178108492.html,Hà Nội Còn Một Chút Này,0.0,0,107000,107000,,843
230237551,noi-di-ky-uc-vladimir-nabobov-orkid-dich-bach-viet-books-nxb-dan-tri-bia-mem-p230237551,https://tiki.vn/noi-di-ky-uc-vladimir-nabobov-orkid-dich-bach-viet-books-nxb-dan-tri-bia-mem-p230237551.html,"NÓI ĐI, KÝ ỨC - Vladimir Nabobov – Orkid dịch - Bách Việt Books – NXB Dân Trí (bìa mềm)",0.0,0,178000,178000,11.0,843
279200910,sach-britney-spears-nguoi-dan-ba-trong-toi-p279200910,https://tiki.vn/sach-britney-spears-nguoi-dan-ba-trong-toi-p279200910.html,Sách - Britney Spears - Người Đàn Bà Trong Tôi,0.0,0,185000,185000,,843
249796269,noi-di-ky-uc-p249796269,https://tiki.vn/noi-di-ky-uc-p249796269.html,"Nói Đi, Ký Ức",0.0,0,135930,135930,9.0,843
263327046,bo-sach-ve-tuong-tinh-bao-ong-ba-quoc-thieu-tuong-tinh-bao-dang-tran-duc-ong-tuong-tinh-bao-bi-an-va-nhung-diep-vu-sieu-hang-hoang-hai-van-nguoi-thay-nguyen-chi-vinh-p263327046,https://tiki.vn/bo-sach-ve-tuong-tinh-bao-ong-ba-quoc-thieu-tuong-tinh-bao-dang-tran-duc-ong-tuong-tinh-bao-bi-an-va-nhung-diep-vu-sieu-hang-hoang-hai-van-nguoi-thay-nguyen-chi-vinh-p263327046.html,"Bộ sách về tướng tình báo ""ông Ba Quốc"": Thiếu tướng tình báo Đặng Trần Đức: Ông Tướng Tình Báo Bí Ẩn Và Những Điệp Vụ Siêu Hạng (Hoàng Hải Vân) + Người Thầy (Nguyễn Chí Vịnh)",0.0,0,395000,395000,4.0,843
90116454,an-nam-truyen-ghi-chep-ve-viet-nam-trong-chinh-su-trung-quoc-xua-p90116454,https://tiki.vn/an-nam-truyen-ghi-chep-ve-viet-nam-trong-chinh-su-trung-quoc-xua-p90116454.html,An Nam Truyện - Ghi Chép Về Việt Nam Trong Chính Sử Trung Quốc Xưa,0.0,0,176418,176418,1.0,843
278490838,giai-cuu-sach-hay-xa-kho-sach-e-45-thanh-long-chua-lon-da-gia-an-lac-group-huy-hoang-books-nxb-van-hoc-p278490838,https://tiki.vn/giai-cuu-sach-hay-xa-kho-sach-e-45-thanh-long-chua-lon-da-gia-an-lac-group-huy-hoang-books-nxb-van-hoc-p278490838.html,"[Giải cứu sách hay, xả kho sách ế 45%] THÀNH LONG CHƯA LỚN ĐÃ GIÀ – An Lạc Group – Huy Hoàng books - NXB Văn học",0.0,0,108000,108000,,843
197093593,combo-2-cuon-tu-truyen-cam-dong-khi-hoi-tho-hoa-thinh-khong-mot-lit-nuoc-mat-p197093593,https://tiki.vn/combo-2-cuon-tu-truyen-cam-dong-khi-hoi-tho-hoa-thinh-khong-mot-lit-nuoc-mat-p197093593.html,Combo 2 Cuốn Tự Truyện Cảm Động: Khi Hơi Thở Hóa Thinh Không + Một Lít Nước Mắt,0.0,0,188000,188000,,843
278610834,cha-con-toi-do-doc-elmo-zumwalt-jr-dai-uy-hai-quan-elmo-zumwalt-iii-john-pekkanen-nxb-ctqg-p278610834,https://tiki.vn/cha-con-toi-do-doc-elmo-zumwalt-jr-dai-uy-hai-quan-elmo-zumwalt-iii-john-pekkanen-nxb-ctqg-p278610834.html,"CHA CON TÔI - Đô đốc Elmo Zumwalt Jr., Đại úy Hải quân Elmo Zumwalt III, John Pekkanen – NXB CTQG",0.0,0,70000,70000,1.0,843
272107823,combo-nguoi-thay-nguyen-chi-vinh-ong-tuong-tinh-bao-bi-an-va-nhung-diep-vu-sieu-hang-sach-viet-ve-ong-ba-quoc-dang-tran-duc-3q-p272107823,https://tiki.vn/combo-nguoi-thay-nguyen-chi-vinh-ong-tuong-tinh-bao-bi-an-va-nhung-diep-vu-sieu-hang-sach-viet-ve-ong-ba-quoc-dang-tran-duc-3q-p272107823.html,Combo NGƯỜI THẦY - Nguyễn Chí Vịnh + Ông Tướng Tình Báo Bí Ẩn Và Những Điệp Vụ Siêu Hạng (Sách viết về ông Ba Quốc - Đặng Trần Đức - 3Q),5.0,4,390000,390000,36.0,843
278898293,hoi-uc-phi-cong-tiem-kich-dai-ta-anh-hung-luc-luong-vu-trang-nhan-dan-le-hai-waka-p278898293,https://tiki.vn/hoi-uc-phi-cong-tiem-kich-dai-ta-anh-hung-luc-luong-vu-trang-nhan-dan-le-hai-waka-p278898293.html,HỒI ỨC PHI CÔNG TIÊM KÍCH - Đại tá - Anh hùng Lực lượng vũ trang nhân dân Lê Hải - WAKA,0.0,0,178000,178000,2.0,843
279447028,bia-cung-tieu-su-steve-jobs-walter-isaacson-nguyet-minh-dich-nxb-lao-dong-alpha-books-p279447028,https://tiki.vn/bia-cung-tieu-su-steve-jobs-walter-isaacson-nguyet-minh-dich-nxb-lao-dong-alpha-books-p279447028.html,( Bìa Cứng) TIỂU SỬ STEVE JOBS- Walter Isaacson- Nguyệt Minh dịch- NXB Lao Động- Alpha Books,0.0,0,471000,471000,,843
276545871,cuoc-doi-troi-noi-va-dau-thuong-cua-vua-le-chieu-thong-truyen-ky-phan-tran-chuc-nxb-chinh-tri-quoc-gia-su-that-p276545871,https://tiki.vn/cuoc-doi-troi-noi-va-dau-thuong-cua-vua-le-chieu-thong-truyen-ky-phan-tran-chuc-nxb-chinh-tri-quoc-gia-su-that-p276545871.html,CUỘC ĐỜI TRÔI NỔI VÀ ĐAU THƯƠNG CỦA VUA LÊ CHIÊU THỐNG (Truyện ký) - Phan Trần Chúc - NXB Chính trị quốc gia Sự thật,0.0,0,92000,92000,2.0,843
276499280,cung-cha-toi-auschwits-bv-p276499280,https://tiki.vn/cung-cha-toi-auschwits-bv-p276499280.html,Cùng Cha Tới Auschwits - BV,0.0,0,168750,168750,,843
278859338,toi-di-hoc-co-nhung-con-nguoi-nhu-hat-giong-trong-ta-nha-gia-uu-tu-nguyen-ngoc-ky-first-news-p278859338,https://tiki.vn/toi-di-hoc-co-nhung-con-nguoi-nhu-hat-giong-trong-ta-nha-gia-uu-tu-nguyen-ngoc-ky-first-news-p278859338.html,TÔI ĐI HỌC – Có những con người như hạt giống trong ta – Nhà giá ưu tú Nguyễn Ngọc Ký – First News,0.0,0,76000,76000,,843
114945255,sach-tieu-thuyet-vo-de-vu-trong-phung-tsvh-p114945255,https://tiki.vn/sach-tieu-thuyet-vo-de-vu-trong-phung-tsvh-p114945255.html,Sách: Tiểu Thuyết Vỡ Đê (Vũ Trọng Phụng) - TSVH,5.0,1,66100,66100,4.0,843
278994768,sach-ngay-dep-troi-toi-muon-tra-thu-sep-ttr-p278994768,https://tiki.vn/sach-ngay-dep-troi-toi-muon-tra-thu-sep-ttr-p278994768.html,Sách - Ngày Đẹp Trời Tôi Muốn Trả Thù Sếp - TTR,0.0,0,209000,156750,,843
278702617,bao-dinh-giang-mot-doi-tho-mot-tam-long-bia-cung-p278702617,https://tiki.vn/bao-dinh-giang-mot-doi-tho-mot-tam-long-bia-cung-p278702617.html,Bảo Định Giang - Một đời thơ một tấm lòng (bìa cứng),0.0,0,145000,145000,,843
279637354,chuyen-bang-quan-cong-nguyen-huu-chinh-phan-tran-chuc-nxb-ctqgst-p279637354,https://tiki.vn/chuyen-bang-quan-cong-nguyen-huu-chinh-phan-tran-chuc-nxb-ctqgst-p279637354.html,CHUYỆN BẰNG QUẬN CÔNG NGUYỄN HỮU CHỈNH - Phan Trần Chúc - NXB CTQGST ,0.0,0,76000,76000,,843
279362598,sach-nam-phuong-hoang-hau-cuoi-cung-p279362598,https://tiki.vn/sach-nam-phuong-hoang-hau-cuoi-cung-p279362598.html,Sách - Nam Phương - Hoàng Hậu Cuối Cùng,0.0,0,100000,90000,,843
277976728,sach-bac-ho-cua-chung-em-tai-ban-2025-p277976728,https://tiki.vn/sach-bac-ho-cua-chung-em-tai-ban-2025-p277976728.html,Sách - Bác Hồ Của Chúng Em (Tái Bản 2025),0.0,0,58000,47500,1.0,843
279583969,hoi-ky-cua-hy-vong-hanh-trinh-di-tim-cong-ly-cua-co-gai-goc-viet-dau-tien-bay-vao-vu-tru-amanda-nguyen-nguyen-nhu-uyen-linh-dich-first-news-p279583969,https://tiki.vn/hoi-ky-cua-hy-vong-hanh-trinh-di-tim-cong-ly-cua-co-gai-goc-viet-dau-tien-bay-vao-vu-tru-amanda-nguyen-nguyen-nhu-uyen-linh-dich-first-news-p279583969.html,HỒI KÝ CỦA HY VỌNG – Hành trình đi tìm công lý của cô gái gốc Việt đầu tiên bay vào vũ trụ - Amanda Nguyen - Nguyễn Như Uyển Linh dịch – First News,0.0,0,155000,155000,,843
278619209,dung-chet-o-tuoi-20-nguyen-thien-times-p278619209,https://tiki.vn/dung-chet-o-tuoi-20-nguyen-thien-times-p278619209.html,ĐỪNG CHẾT Ở TUỔI 20 – Nguyễn Thiện  – TIMES,0.0,0,138000,138000,2.0,843
279643326,dang-dac-va-khong-co-duong-gwyneth-montenegro-nguyen-phuong-anh-dich-huy-hoang-bookstore-nxb-van-hoc-p279643326,https://tiki.vn/dang-dac-va-khong-co-duong-gwyneth-montenegro-nguyen-phuong-anh-dich-huy-hoang-bookstore-nxb-van-hoc-p279643326.html,"ĐẮNG, ĐẶC VÀ KHÔNG CÓ ĐƯỜNG - Gwyneth Montenegro - Nguyễn Phương Anh dịch - Huy Hoàng Bookstore – NXB Văn Học",0.0,0,88000,88000,1.0,843
184094120,nha-van-cuoc-doi-va-tac-pham-p184094120,https://tiki.vn/nha-van-cuoc-doi-va-tac-pham-p184094120.html,Nhà văn: Cuộc đời và tác phẩm,0.0,0,515000,515000,,843
278160576,huu-chau-chiec-noi-vang-giong-bao-sach-mau-p278160576,https://tiki.vn/huu-chau-chiec-noi-vang-giong-bao-sach-mau-p278160576.html,Hữu Châu - Chiếc Nôi Vàng Giông Bão (Sách Màu - Bìa Mềm),4.5,2,349000,268500,25.0,843
279672944,di-trong-cai-chet-de-tim-cai-song-vinh-quang-nxb-lao-dong-p279672944,https://tiki.vn/di-trong-cai-chet-de-tim-cai-song-vinh-quang-nxb-lao-dong-p279672944.html,Đi Trong Cái Chết Để Tìm Cái Sống Vinh Quang (NXB Lao Động),0.0,0,149000,131120,,843
279559738,giua-hai-the-gioi-loi-chao-cuoi-o-new-delhi-an-do-thich-buu-dac-omega-plus-p279559738,https://tiki.vn/giua-hai-the-gioi-loi-chao-cuoi-o-new-delhi-an-do-thich-buu-dac-omega-plus-p279559738.html,"GIỮA HAI THẾ GIỚI: Lời chào cuối ở New Delhi, Ấn Độ – Thích Bửu Đắc – Omega Plus",0.0,0,145000,145000,,843
272558676,tu-nha-ra-the-gioi-nhung-buoc-chan-dau-tien-cua-mot-cong-dan-toan-cau-p272558676,https://tiki.vn/tu-nha-ra-the-gioi-nhung-buoc-chan-dau-tien-cua-mot-cong-dan-toan-cau-p272558676.html,Từ Nhà Ra Thế Giới - Những Bước Chân Đầu Tiên Của Một Công Dân Toàn Cầu,0.0,0,79000,74260,,843
116645843,ai-len-vu-khuc-mua-he-tac-gia-nhi-phan-p116645843,https://tiki.vn/ai-len-vu-khuc-mua-he-tac-gia-nhi-phan-p116645843.html,Ai-len - Vũ khúc mùa hè - Tác giả: Nhi Phan,0.0,0,130000,117000,2.0,843
38075539,combo-2-cuon-sach-hay-einstein-cuoc-doi-va-vu-tru-luoc-su-thoi-gian-sach-kien-thuc-tong-hop-tang-kem-bookmark-happy-life-p38075539,https://tiki.vn/combo-2-cuon-sach-hay-einstein-cuoc-doi-va-vu-tru-luoc-su-thoi-gian-sach-kien-thuc-tong-hop-tang-kem-bookmark-happy-life-p38075539.html,Combo 2 Cuốn Sách Hay: Einstein - Cuộc Đời Và Vũ Trụ + Lược Sử Thời Gian / Sách Kiến Thức Tổng Hợp -Tặng Kèm Bookmark Happy Life,4.7,19,363500,363500,107.0,843
279485583,bia-cung-kieu-hanh-va-dinh-kien-jane-austen-nguyen-thi-linh-dich-huy-hoang-p279485583,https://tiki.vn/bia-cung-kieu-hanh-va-dinh-kien-jane-austen-nguyen-thi-linh-dich-huy-hoang-p279485583.html,(Bìa cứng) KIÊU HÃNH VÀ ĐỊNH KIẾN - Jane Austen - Nguyễn Thị Linh dịch - Huy Hoàng,0.0,0,226000,226000,,843
279437567,xuat-ban-lan-thu-hai-co-chinh-sua-bo-sung-hoi-ky-truong-hoc-cuoc-doi-dang-viet-chau-nxb-chinh-tri-quoc-gia-su-that-p279437567,https://tiki.vn/xuat-ban-lan-thu-hai-co-chinh-sua-bo-sung-hoi-ky-truong-hoc-cuoc-doi-dang-viet-chau-nxb-chinh-tri-quoc-gia-su-that-p279437567.html,"(Xuất bản lần thứ hai, có chỉnh sửa, bổ sung) Hồi Ký - TRƯỜNG HỌC CUỘC ĐỜI  - Đặng Việt Châu - NXB Chính Trị Quốc Gia Sự Thật",0.0,0,155000,155000,,843
275793130,hoi-ky-tu-binh-thuong-truong-thang-tram-hanh-trinh-nganh-ca-tra-ca-basa-viet-nam-vuon-ra-bien-lon-nguyen-phuoc-buu-huy-alpha-books-nxb-hoi-nha-van-p275793130,https://tiki.vn/hoi-ky-tu-binh-thuong-truong-thang-tram-hanh-trinh-nganh-ca-tra-ca-basa-viet-nam-vuon-ra-bien-lon-nguyen-phuoc-buu-huy-alpha-books-nxb-hoi-nha-van-p275793130.html,"HỒI KÝ TÙ BINH THƯƠNG TRƯỜNG - Thăng trầm hành trình ngành cá tra, cá basa Việt Nam vươn ra biển lớn - Nguyễn Phước Bửu Huy – Alpha books - NXB Hội Nhà Văn",0.0,0,159000,159000,,843
271197105,nghe-thay-ke-chuyen-giao-su-tran-van-giau-p271197105,https://tiki.vn/nghe-thay-ke-chuyen-giao-su-tran-van-giau-p271197105.html,Nghe Thầy Kể Chuyện - Giáo Sư Trần Văn Giàu,0.0,0,25000,22000,1.0,843
278314470,hoi-uc-giac-mo-suy-ngam-hanh-trinh-vao-noi-tam-cua-carl-jung-noi-ky-uc-giac-mo-va-triet-ly-giao-thoa-p278314470,https://tiki.vn/hoi-uc-giac-mo-suy-ngam-hanh-trinh-vao-noi-tam-cua-carl-jung-noi-ky-uc-giac-mo-va-triet-ly-giao-thoa-p278314470.html,"Hồi Ức, Giấc Mơ, Suy Ngẫm - Hành Trình Vào Nội Tâm Của Carl Jung - Nơi Ký Ức, Giấc Mơ Và Triết Lý Giao Thoa - Omega Plus",0.0,0,345000,345000,,843
275019546,duoi-theo-anh-sang-p275019546,https://tiki.vn/duoi-theo-anh-sang-p275019546.html,Đuổi Theo Ánh Sáng (PNB),0.0,0,289000,281082,4.0,843
270717029,nguoi-don-dep-hien-truong-an-mang-p270717029,https://tiki.vn/nguoi-don-dep-hien-truong-an-mang-p270717029.html,Người Dọn Dẹp Hiện Trường Án Mạng,0.0,0,94000,89300,,843
274777448,khi-toi-tinh-giac-p274777448,https://tiki.vn/khi-toi-tinh-giac-p274777448.html,Khi “Tôi” Tỉnh Giấc,0.0,0,109000,103550,,843
273238968,nha-tranh-p273238968,https://tiki.vn/nha-tranh-p273238968.html,Nhà Tranh,0.0,0,155000,147250,1.0,843
270744957,tuoi-thanh-xuan-con-mai-p270744957,https://tiki.vn/tuoi-thanh-xuan-con-mai-p270744957.html,Tuổi Thanh Xuân Còn Mãi,0.0,0,175000,166250,1.0,843
275838862,nguoi-hue-ke-chuyen-hue-p275838862,https://tiki.vn/nguoi-hue-ke-chuyen-hue-p275838862.html,Người Huế Kể Chuyện Huế,0.0,0,55000,52250,,843
205694707,keanu-reeves-ma-tran-cuoc-doi-p205694707,https://tiki.vn/keanu-reeves-ma-tran-cuoc-doi-p205694707.html,Keanu Reeves: Ma Trận Cuộc Đời,0.0,0,168000,159600,,843
273238992,mui-huong-tram-tai-ban-nam-2023-p273238992,https://tiki.vn/mui-huong-tram-tai-ban-nam-2023-p273238992.html,Mùi Hương Trầm (Tái bản năm 2023),0.0,0,248000,235600,1.0,843
273238914,nguoi-chet-biet-dieu-gi-p273238914,https://tiki.vn/nguoi-chet-biet-dieu-gi-p273238914.html,Người Chết Biết Điều Gì,0.0,0,159000,151050,,843
273467757,tram-doc-tu-truyen-benjamin-franklin-p273467757,https://tiki.vn/tram-doc-tu-truyen-benjamin-franklin-p273467757.html,Trạm Đọc | Tự Truyện Benjamin Franklin,0.0,0,109000,92600,4.0,843
277462326,doi-ky-gia-chuyen-nghiep-p277462326,https://tiki.vn/doi-ky-gia-chuyen-nghiep-p277462326.html,Đời Ký Giả Chuyên Nghiệp ,0.0,0,269000,228000,,843
173633215,the-bomber-mafia-giac-mo-cam-do-va-dem-dai-nhat-trong-the-chien-ii-tac-gia-malcolm-gladwell-p173633215,https://tiki.vn/the-bomber-mafia-giac-mo-cam-do-va-dem-dai-nhat-trong-the-chien-ii-tac-gia-malcolm-gladwell-p173633215.html,"The Bomber Mafia: Giấc mơ, cám dỗ và đêm dài nhất trong Thế chiến II - Tác giả Malcolm Gladwell",5.0,9,150000,150000,98.0,843
278041270,combo-vi-cha-chung-toi-noi-doi-because-our-father-lied-craig-mcnamara-nhin-lai-qua-khu-tan-tham-kich-va-nhung-bai-hoc-ve-viet-nam-hoi-ky-robert-s-mcnamara-p278041270,https://tiki.vn/combo-vi-cha-chung-toi-noi-doi-because-our-father-lied-craig-mcnamara-nhin-lai-qua-khu-tan-tham-kich-va-nhung-bai-hoc-ve-viet-nam-hoi-ky-robert-s-mcnamara-p278041270.html,Combo/Lẻ Vì Cha Chúng Tôi Nói Dối - Because Our Father Lied (Craig McNamara) +  Nhìn Lại Quá Khứ - Tấn Thảm Kịch và Những Bài Học Về Việt Nam - Hồi Ký Robert S.McNamara,5.0,1,299000,284000,6.0,843
277541764,khuc-bi-ca-cua-ga-dan-que-hoi-uc-ve-mot-gia-dinh-va-mot-nen-van-hoa-trong-con-khung-hoang-j-d-vance-omega-plus-p277541764,https://tiki.vn/khuc-bi-ca-cua-ga-dan-que-hoi-uc-ve-mot-gia-dinh-va-mot-nen-van-hoa-trong-con-khung-hoang-j-d-vance-omega-plus-p277541764.html,Khúc Bi Ca Của Gã Dân Quê - Hồi Ức Về Một Gia Đình Và Một Nền Văn Hoá Trong Cơn Khủng Hoảng - J.D. Vance - Omega Plus ,5.0,1,199000,169000,11.0,843
278226464,nhin-lai-qua-khu-tan-tham-kich-va-nhung-bai-hoc-ve-viet-nam-hoi-ky-robert-s-mcnamara-p278226464,https://tiki.vn/nhin-lai-qua-khu-tan-tham-kich-va-nhung-bai-hoc-ve-viet-nam-hoi-ky-robert-s-mcnamara-p278226464.html,Nhìn Lại Quá Khứ - Tấn Thảm Kịch và Những Bài Học Về Việt Nam - Hồi Ký Robert S.McNamara,0.0,0,299000,284000,3.0,843
215530661,will-hoi-ky-will-smith-p215530661,https://tiki.vn/will-hoi-ky-will-smith-p215530661.html,Will - Hồi ký Will Smith,0.0,0,272000,272000,,843
278360756,ky-an-phap-y-2-truy-tim-bang-chung-loi-thi-tham-cua-tu-thi-p278360756,https://tiki.vn/ky-an-phap-y-2-truy-tim-bang-chung-loi-thi-tham-cua-tu-thi-p278360756.html,Kỳ Án Pháp Y 2 - Truy Tìm Bằng Chứng: Lời Thì Thầm Của Tử Thi,0.0,0,125000,118750,,843
278740149,combo-tam-long-voi-dat-nuoc-bia-cung-hoi-ky-nguyen-thi-binh-gia-dinh-ban-be-dat-nuoc-bia-mem-p278740149,https://tiki.vn/combo-tam-long-voi-dat-nuoc-bia-cung-hoi-ky-nguyen-thi-binh-gia-dinh-ban-be-dat-nuoc-bia-mem-p278740149.html,"Combo Tấm Lòng Với Đất Nước ( Bìa Cứng ) + Hồi Ký Nguyễn Thị Bình - Gia Đình, Bạn Bè, Đất Nước ( Bìa Mềm )",5.0,1,548000,520000,1.0,843
273828424,dau-cung-la-song-tu-truyen-cua-nguoi-30-nam-song-chung-voi-hiv_al-p273828424,https://tiki.vn/dau-cung-la-song-tu-truyen-cua-nguoi-30-nam-song-chung-voi-hiv_al-p273828424.html,Đau Cũng Là Sống - Tự Truyện Của Người 30 Năm Sống Chung Với HIV_AL,0.0,0,129000,109600,,843
77230269,sach-khi-hoi-tho-hoa-thinh-khong-tai-ban-p77230269,https://tiki.vn/sach-khi-hoi-tho-hoa-thinh-khong-tai-ban-p77230269.html,Sách Khi Hơi Thở Hóa Thinh Không (Tái Bản),0.0,0,109000,92600,9.0,843
209319986,ao-xua-du-nhau-do-hong-ngoc-p209319986,https://tiki.vn/ao-xua-du-nhau-do-hong-ngoc-p209319986.html,Áo xưa dù nhàu - Đỗ Hồng Ngọc,5.0,3,198000,142500,19.0,843
252685427,ong-tuong-tinh-bao-bi-an-va-nhung-diep-vu-sieu-hang-hoang-hai-van-tan-tu-bia-mem-p252685427,https://tiki.vn/ong-tuong-tinh-bao-bi-an-va-nhung-diep-vu-sieu-hang-hoang-hai-van-tan-tu-bia-mem-p252685427.html,"Ông Tướng Tình Báo Bí Ẩn Và Những Điệp Vụ Siêu Hạng - Hoàng Hải Vân, Tấn Tú - (bìa mềm)",0.0,0,118000,112000,1.0,843
252673959,ong-tuong-tinh-bao-bi-an-va-nhung-diep-vu-sieu-hang-_fn-p252673959,https://tiki.vn/ong-tuong-tinh-bao-bi-an-va-nhung-diep-vu-sieu-hang-_fn-p252673959.html,Ông Tướng Tình Báo Bí Ẩn Và Những Điệp Vụ Siêu Hạng _FN,4.5,2,118000,118000,11.0,843
279396005,truong-hoc-cuoc-doi-hoi-ky-xuat-ban-lan-thu-hai-co-chinh-sua-bo-sung-p279396005,https://tiki.vn/truong-hoc-cuoc-doi-hoi-ky-xuat-ban-lan-thu-hai-co-chinh-sua-bo-sung-p279396005.html,"Trường học cuộc đời (Hồi ký) (Xuất bản lần thứ hai, có chỉnh sửa, bổ sung)",0.0,0,148000,148000,,843
181927794,tu-truyen-nguyen-ngoc-ky-tam-huyet-trao-doi-p181927794,https://tiki.vn/tu-truyen-nguyen-ngoc-ky-tam-huyet-trao-doi-p181927794.html,Tự Truyện Nguyễn Ngọc Ký - Tâm Huyết Trao Đời,0.0,0,113980,113980,4.0,843
92551293,sach-toi-di-hoc-first-news-p92551293,https://tiki.vn/sach-toi-di-hoc-first-news-p92551293.html,Sách - Tôi đi học - First News,0.0,0,75900,75900,4.0,843
123957222,combo-sach-chan-tran-chi-thep-tai-ban-2019-diep-vien-hoan-hao-x6-tai-ban-2019-p123957222,https://tiki.vn/combo-sach-chan-tran-chi-thep-tai-ban-2019-diep-vien-hoan-hao-x6-tai-ban-2019-p123957222.html,Combo sách Chân Trần Chí Thép (Tái Bản 2019) + Điệp Viên Hoàn Hảo X6 (Tái Bản 2019),0.0,0,304380,304380,,843
204420898,my-vision-tam-nhin-thay-doi-quoc-gia-tai-ban-2022-p204420898,https://tiki.vn/my-vision-tam-nhin-thay-doi-quoc-gia-tai-ban-2022-p204420898.html,My Vision - Tầm Nhìn Thay Đổi Quốc Gia (Tái Bản 2022),0.0,0,268000,268000,,843
272859049,john-lennon-mot-doi-khong-nghi-p272859049,https://tiki.vn/john-lennon-mot-doi-khong-nghi-p272859049.html,JOHN LENNON –  MỘT ĐỜI KHÔNG NGHỈ,5.0,1,360000,360000,13.0,843
74943727,su-ky-tu-ma-thien-liet-truyen-quyen-ha-bia-mem-p74943727,https://tiki.vn/su-ky-tu-ma-thien-liet-truyen-quyen-ha-bia-mem-p74943727.html,Sử Ký Tư Mã Thiên Liệt Truyện (Quyển Hạ)-(Bìa Mềm),0.0,0,139500,139500,,843
276016667,tran-huy-lieu-coi-nguoi-p276016667,https://tiki.vn/tran-huy-lieu-coi-nguoi-p276016667.html,Trần Huy Liệu - Cõi Người,0.0,0,95000,95000,,843
247931447,ke-chuyen-cuoc-doi-cac-thien-tai-thomas-edison-thien-tai-bat-dau-tu-tuoi-tho-p247931447,https://tiki.vn/ke-chuyen-cuoc-doi-cac-thien-tai-thomas-edison-thien-tai-bat-dau-tu-tuoi-tho-p247931447.html,Kể Chuyện Cuộc Đời Các Thiên Tài: Thomas Edison - Thiên Tài Bắt Đầu Từ Tuổi Thơ,0.0,0,99000,99000,,843
276744448,sach-thu-ki-bac-ho-ke-chuyen-p276744448,https://tiki.vn/sach-thu-ki-bac-ho-ke-chuyen-p276744448.html,Sách - Thư Kí Bác Hồ Kể Chuyện,5.0,1,50000,48500,8.0,843
276809081,sach-jesse-livermore-reminiscences-of-a-stock-operator-hoi-uc-cua-mot-thien-tai-dau-tu-chung-khoan-p276809081,https://tiki.vn/sach-jesse-livermore-reminiscences-of-a-stock-operator-hoi-uc-cua-mot-thien-tai-dau-tu-chung-khoan-p276809081.html,Sách - Jesse Livermore - Reminiscences Of A Stock Operator - Hồi Ức Của Một Thiên Tài Đầu Tư Chứng Khoán,0.0,0,199000,169000,,843
276502243,co-ba-pho-hoi-p276502243,https://tiki.vn/co-ba-pho-hoi-p276502243.html,Cô Ba Phố Hội,0.0,0,149000,149000,,843
146226354,arianna-huffington-ba-hoang-truyen-thong-va-chuyen-gia-cham-soc-suc-khoe-p146226354,https://tiki.vn/arianna-huffington-ba-hoang-truyen-thong-va-chuyen-gia-cham-soc-suc-khoe-p146226354.html,Arianna Huffington - Bà Hoàng Truyền Thông Và Chuyên Gia Chăm Sóc Sức Khỏe,0.0,0,139000,122300,1.0,843
278036714,sach-ho-chi-minh-qua-hoi-uc-cua-nhung-cuu-tu-chinh-tri-con-dao-p278036714,https://tiki.vn/sach-ho-chi-minh-qua-hoi-uc-cua-nhung-cuu-tu-chinh-tri-con-dao-p278036714.html,Sách - Hồ Chí Minh Qua Hồi Ức Của Những Cựu Tù Chính Trị Côn Đảo,0.0,0,118000,112000,,843
278969866,sach-daisy-jones-and-the-six-lua-ruc-va-tro-tan-p278969866,https://tiki.vn/sach-daisy-jones-and-the-six-lua-ruc-va-tro-tan-p278969866.html,Sách - Daisy Jones And The Six - Lửa Rực Và Tro Tàn,0.0,0,239000,239000,,843
275174727,sai-gon-p275174727,https://tiki.vn/sai-gon-p275174727.html,Sài Gòn,0.0,0,179000,179000,1.0,843
275111228,lich-su-cac-ly-thuyet-truyen-thong-histoire-des-theories-de-la-communication-p275111228,https://tiki.vn/lich-su-cac-ly-thuyet-truyen-thong-histoire-des-theories-de-la-communication-p275111228.html,Lịch Sử Các Lý Thuyết Truyền Thông - Histoire Des Théories De La Communication,0.0,0,175000,148700,,843
271041122,nguoi-chet-biet-dieu-gi-p271041122,https://tiki.vn/nguoi-chet-biet-dieu-gi-p271041122.html,Người Chết Biết Điều Gì,0.0,0,135150,135150,1.0,843
279472420,sach-nuoc-mat-va-nu-cuoi-cau-chuyen-cua-jim-va-jean-livingston-p279472420,https://tiki.vn/sach-nuoc-mat-va-nu-cuoi-cau-chuyen-cua-jim-va-jean-livingston-p279472420.html,Sách - Nước Mắt Và Nụ Cười - Câu Chuyện Của Jim Và Jean Livingston,0.0,0,80000,72000,,843
176522718,chuyen-doi-toi-p176522718,https://tiki.vn/chuyen-doi-toi-p176522718.html,Chuyện Đời Tôi,0.0,0,359000,359000,1.0,843
180399884,cai-chet-cua-nen-dan-chu-nhung-buoc-tien-quyen-luc-cua-hitler-p180399884,https://tiki.vn/cai-chet-cua-nen-dan-chu-nhung-buoc-tien-quyen-luc-cua-hitler-p180399884.html,Cái Chết Của Nền Dân Chủ: Những Bước Tiến Quyền Lực Của Hitler,0.0,0,278000,278000,,843
279017062,sach-lorenzo-de-medici-cuoc-doi-ruc-ro-va-thoi-dai-du-doi-p279017062,https://tiki.vn/sach-lorenzo-de-medici-cuoc-doi-ruc-ro-va-thoi-dai-du-doi-p279017062.html,Sách - Lorenzo De’ Medici - Cuộc Đời Rực Rỡ Và Thời Đại Dữ Dội,0.0,0,386000,328100,,843
217750952,linh-chien-p217750952,https://tiki.vn/linh-chien-p217750952.html,Lính Chiến,0.0,0,199000,199000,,843
175087124,combo-hoi-ky-alex-ferguson-dan-dat-lanh-dao-chu-khong-quan-ly-p175087124,https://tiki.vn/combo-hoi-ky-alex-ferguson-dan-dat-lanh-dao-chu-khong-quan-ly-p175087124.html,Combo Hồi Ký Alex Ferguson + Dẫn Dắt - Lãnh Đạo Chứ Không Quản Lý,0.0,0,375000,375000,4.0,843
279700464,sach-ngoai-van-the-inmate-freida-mcfadden-bookmedi-p279700464,https://tiki.vn/sach-ngoai-van-the-inmate-freida-mcfadden-bookmedi-p279700464.html,Sách ngoại văn The Inmate - Freida McFadden | Bookmedi,0.0,0,437000,437000,,843
205116913,combo-tay-khong-gay-dung-co-do-nghiet-nga-va-thanh-cong-bo-2-cuon-_fn-p205116913,https://tiki.vn/combo-tay-khong-gay-dung-co-do-nghiet-nga-va-thanh-cong-bo-2-cuon-_fn-p205116913.html,Combo Tay Không Gây Dựng Cơ Đồ + Nghiệt Ngã Và Thành Công (Bộ 2 Cuốn) _FN,0.0,0,186000,186000,4.0,843
124893027,sach-de-tam-khong-ban-de-doi-nhan-tenh-2-quyen-p124893027,https://tiki.vn/sach-de-tam-khong-ban-de-doi-nhan-tenh-2-quyen-p124893027.html,Sách - Để Tâm Không Bận - Để Đời Nhàn Tênh ( 2 Quyển ),0.0,0,136963,136963,4.0,843
52611196,sach-linh-bay-2-hoi-ky-p52611196,https://tiki.vn/sach-linh-bay-2-hoi-ky-p52611196.html,Sách Lính Bay 2 (Hồi Ký),4.0,1,219500,219500,1.0,843
196395466,com-nha-xu-quang-tu-sach-van-hoa-viet-sach-tang-kem-bo-postcard-6-tam-ve-quang-nam-do-hoa-si-nguyen-tan-hien-sang-tac-p196395466,https://tiki.vn/com-nha-xu-quang-tu-sach-van-hoa-viet-sach-tang-kem-bo-postcard-6-tam-ve-quang-nam-do-hoa-si-nguyen-tan-hien-sang-tac-p196395466.html,Cơm Nhà Xứ Quảng - Tủ sách Văn hóa Việt (Sách tặng kèm bộ postcard 6 tấm về Quảng Nam do họa sĩ Nguyễn Tấn Hiền sáng tác),0.0,0,130000,78000,10.0,843
198651072,brigitte-macron-phu-nhan-tong-thong-phap-nguoi-phu-nu-tu-do-maelle-brun-nguyen-thi-tuoi-dich-nxb-phu-nu-viet-nam-bia-mem-p198651072,https://tiki.vn/brigitte-macron-phu-nhan-tong-thong-phap-nguoi-phu-nu-tu-do-maelle-brun-nguyen-thi-tuoi-dich-nxb-phu-nu-viet-nam-bia-mem-p198651072.html,BRIGITTE MACRON - Phu nhân tổng thống Pháp - Người phụ nữ tự do - Maelle Brun - Nguyễn Thị Tươi dịch – Nxb Phụ Nữ Việt Nam (bìa mềm),0.0,0,92000,92000,,843
261963913,tu-truyen-benjamin-franklin-tai-ban-p261963913,https://tiki.vn/tu-truyen-benjamin-franklin-tai-ban-p261963913.html,Tự Truyện Benjamin Franklin (Tái Bản),0.0,0,109000,92600,1.0,843
274139761,tai-ban-nam-2024-cr7-hanh-trinh-len-dinh-the-gioi-guillem-balague-tran-quynh-dich-th-books-nxb-ha-noi-p274139761,https://tiki.vn/tai-ban-nam-2024-cr7-hanh-trinh-len-dinh-the-gioi-guillem-balague-tran-quynh-dich-th-books-nxb-ha-noi-p274139761.html,(Tái bản năm 2024) CR7 - HÀNH TRÌNH LÊN ĐỈNH THẾ GIỚI – Guillem Balague – Trần Quỳnh dịch – TH Books – NXB Hà Nội,0.0,0,239000,239000,2.0,843
277215316,rong-choi-giua-dong-doi-p277215316,https://tiki.vn/rong-choi-giua-dong-doi-p277215316.html,Rong chơi giữa dòng đời,0.0,0,369000,369000,1.0,843
277464366,combo-sach-mat-toi-cua-nuoc-my-p277464366,https://tiki.vn/combo-sach-mat-toi-cua-nuoc-my-p277464366.html,"Combo Sách ""Mặt Tối Của Nước Mỹ""",0.0,0,1195000,1195000,,843
278089549,nhung-buc-tranh-phu-the-p278089549,https://tiki.vn/nhung-buc-tranh-phu-the-p278089549.html,Những Bức Tranh Phù Thế,0.0,0,199000,169150,2.0,843
179135633,hanh-trinh-cua-mot-chu-cho-p179135633,https://tiki.vn/hanh-trinh-cua-mot-chu-cho-p179135633.html,Hành Trình Của Một Chú Chó,0.0,0,126000,126000,,843
279508133,sach-38-la-thu-rockefeller-gui-cho-con-trai-p279508133,https://tiki.vn/sach-38-la-thu-rockefeller-gui-cho-con-trai-p279508133.html,Sách 38 Lá Thư Rockefeller Gửi Cho Con Trai,0.0,0,175000,175000,1.0,843
279732518,sach-du-am-ngay-ve-echoes-of-returning-home-p279732518,https://tiki.vn/sach-du-am-ngay-ve-echoes-of-returning-home-p279732518.html,Sách - Dư Âm Ngày Về - Echoes Of Returning Home,0.0,0,300000,270000,,843
278694187,sach-dung-chet-o-tuoi-20-tac-gia-nguyen-thien-p278694187,https://tiki.vn/sach-dung-chet-o-tuoi-20-tac-gia-nguyen-thien-p278694187.html, Sách Đừng Chết ở Tuổi 20 - Tác giả Nguyễn Thiện,0.0,0,142000,142000,,843
278737435,sach-cuoc-doi-le-hoi-giang-ve-nam-phap-hoi-kinh-dai-bao-tich-p278737435,https://tiki.vn/sach-cuoc-doi-le-hoi-giang-ve-nam-phap-hoi-kinh-dai-bao-tich-p278737435.html,Sách - Cuộc đời lễ hội - Giảng về Năm Pháp Hội Kinh Đại Bảo Tích,0.0,0,108000,108000,1.0,843
8325631,sach-hoi-uc-tuoi-tam-muoi-hanh-trinh-tu-dien-tu-den-vi-mach-p8325631,https://tiki.vn/sach-hoi-uc-tuoi-tam-muoi-hanh-trinh-tu-dien-tu-den-vi-mach-p8325631.html,Sách Hồi Ức Tuổi Tám Mươi Hành Trình Từ Điện Tử Đến Vi Mạch,0.0,0,115000,115000,,843
279132483,sach-loan-tu-cuoc-doi-cua-mot-con-chim-phuong-hoang-tai-ban-2025-p279132483,https://tiki.vn/sach-loan-tu-cuoc-doi-cua-mot-con-chim-phuong-hoang-tai-ban-2025-p279132483.html,Sách - Loan - Từ Cuộc Đời Của Một Con Chim Phượng Hoàng (Tái Bản 2025),0.0,0,170000,153000,,843
270253595,hanh-trinh-viet-sach-p270253595,https://tiki.vn/hanh-trinh-viet-sach-p270253595.html,Hành Trình Viết Sách,0.0,0,199000,199000,,843
270541673,hoa-si-trinh-huu-ngoc-di-san-dac-biet-cua-my-thuat-dong-duong-bia-cung-p270541673,https://tiki.vn/hoa-si-trinh-huu-ngoc-di-san-dac-biet-cua-my-thuat-dong-duong-bia-cung-p270541673.html,Họa Sĩ Trịnh Hữu Ngọc - Di Sản Đặc Biệt Của Mỹ Thuật Đông Dương - Bìa Cứng,0.0,0,1350000,1350000,,843
270700091,truoc-binh-minh-luon-la-dem-toi-tai-ban-2023-p270700091,https://tiki.vn/truoc-binh-minh-luon-la-dem-toi-tai-ban-2023-p270700091.html,Trước Bình Minh Luôn Là Đêm Tối (Tái Bản 2023),0.0,0,199000,199000,,843
262037786,ke-chuyen-cuoc-doi-cac-thien-tai-heinrich-hermann-robert-koch-nha-vi-trung-hoc-tai-ba-p262037786,https://tiki.vn/ke-chuyen-cuoc-doi-cac-thien-tai-heinrich-hermann-robert-koch-nha-vi-trung-hoc-tai-ba-p262037786.html,Kể Chuyện Cuộc Đời Các Thiên Tài - Heinrich Hermann Robert Koch - Nhà Vi Trùng Học Tài Ba,0.0,0,55100,55100,,843
279005865,sach-hoi-ky-giao-su-vien-si-thieu-tuong-anh-hung-lao-dong-tran-dai-nghia-cuoc-doi-va-hanh-trinh-su-nghiep-p279005865,https://tiki.vn/sach-hoi-ky-giao-su-vien-si-thieu-tuong-anh-hung-lao-dong-tran-dai-nghia-cuoc-doi-va-hanh-trinh-su-nghiep-p279005865.html,Sách - Hồi Ký Giáo Sư-Viện Sĩ-Thiếu Tướng-Anh Hùng Lao Động Trần Đại Nghĩa - Cuộc Đời Và Hành Trình Sự Nghiệp,0.0,0,142000,142000,2.0,843
273688233,hoi-ky-phong-vien-hoi-ky-chien-truong-tren-nhung-neo-duong-chien-tranh-va-hoa-binh-p273688233,https://tiki.vn/hoi-ky-phong-vien-hoi-ky-chien-truong-tren-nhung-neo-duong-chien-tranh-va-hoa-binh-p273688233.html,Hồi Ký Phóng Viên Hồi Ký Chiến Trường - Trên Những Nẻo Đường Chiến Tranh Và Hòa Bình,0.0,0,269000,269000,,843
263303876,toi-biet-tai-sao-chim-trong-long-van-hot-tai-ban-2023-p263303876,https://tiki.vn/toi-biet-tai-sao-chim-trong-long-van-hot-tai-ban-2023-p263303876.html,Tôi Biết Tại Sao Chim Trong Lồng Vẫn Hót (Tái Bản 2023),0.0,0,199000,149200,3.0,843
274170453,co-be-nhin-mua-tai-ban-2023-p274170453,https://tiki.vn/co-be-nhin-mua-tai-ban-2023-p274170453.html,Cô Bé Nhìn Mưa (Tái Bản 2023),0.0,0,135000,135000,,843
279269224,sach-sai-gon-chuyen-nghe-bao-p279269224,https://tiki.vn/sach-sai-gon-chuyen-nghe-bao-p279269224.html,Sách - Sài Gòn Chuyện Nghề Báo,0.0,0,190000,171000,1.0,843
252687789,thuong-nhung-mien-qua-nguyen-thi-hau-bia-mem-p252687789,https://tiki.vn/thuong-nhung-mien-qua-nguyen-thi-hau-bia-mem-p252687789.html,Thương Những Miền Qua - Nguyễn Thị Hậu - (bìa mềm),0.0,0,105000,105000,1.0,843
278772418,sach-chi-can-ban-co-niem-tin-p278772418,https://tiki.vn/sach-chi-can-ban-co-niem-tin-p278772418.html,Sách - Chỉ Cần Bạn Có Niềm Tin,0.0,0,279000,245500,1.0,843
279008881,sach-song-nhu-anh-anh-hung-luc-luong-vu-trang-nhan-dan-nguyen-van-troi-tang-kem-dai-sach-ky-niem-bookmark-bo-tem-anh-nguyen-van-troi-doc-quyen-p279008881,https://tiki.vn/sach-song-nhu-anh-anh-hung-luc-luong-vu-trang-nhan-dan-nguyen-van-troi-tang-kem-dai-sach-ky-niem-bookmark-bo-tem-anh-nguyen-van-troi-doc-quyen-p279008881.html,Sách - Sống Như Anh - Anh Hùng Lực Lượng Vũ Trang Nhân Dân Nguyễn Văn Trỗi - Tặng Kèm Đai Sách Kỷ Niệm + Bookmark + Bộ Tem Anh Nguyễn Văn Trỗi Độc Quyền,0.0,0,124000,109100,1.0,843
279678779,sach-freud-nhung-ngay-sau-cuoi-p279678779,https://tiki.vn/sach-freud-nhung-ngay-sau-cuoi-p279678779.html,Sách - Freud - Những Ngày Sau Cuối,0.0,0,130000,126100,,843
279576868,buc-hoa-dorian-gray-p279576868,https://tiki.vn/buc-hoa-dorian-gray-p279576868.html,Bức Họa Dorian Gray,0.0,0,102000,102000,2.0,843
276869428,sach-huong-dan-su-dung-raspberry-p276869428,https://tiki.vn/sach-huong-dan-su-dung-raspberry-p276869428.html,Sách  Hướng Dẫn Sử Dụng RASPBERRY,0.0,0,204000,183600,,843
271585791,sach-hoi-uc-phu-nhuan-bia-mem-p271585791,https://tiki.vn/sach-hoi-uc-phu-nhuan-bia-mem-p271585791.html,Sách Hồi Ức Phú Nhuận (Bìa mềm),5.0,1,339000,288150,5.0,843
136482374,sach-sai-gon-chuyen-doi-cua-pho-2-tai-ban-nam-2021-p136482374,https://tiki.vn/sach-sai-gon-chuyen-doi-cua-pho-2-tai-ban-nam-2021-p136482374.html,Sách Sài Gòn Chuyện Đời Của Phố 2 (Tái bản năm 2021),5.0,4,315000,315000,14.0,843
271585793,sach-hoi-uc-phu-nhuan-bia-cung-p271585793,https://tiki.vn/sach-hoi-uc-phu-nhuan-bia-cung-p271585793.html,Sách Hồi Ức Phú Nhuận (Bìa cứng),0.0,0,459000,390150,,843
279428065,bia-cung-tang-kem-sticker-lionel-messi-dinh-cao-world-cup-nhung-tran-dau-vi-dai-nhat-chris-barish-nate-sweitzer-nxb-the-gioi-p279428065,https://tiki.vn/bia-cung-tang-kem-sticker-lionel-messi-dinh-cao-world-cup-nhung-tran-dau-vi-dai-nhat-chris-barish-nate-sweitzer-nxb-the-gioi-p279428065.html,"(Bìa mềm, tặng kèm sticker) LIONEL MESSI – ĐỈNH CAO WORLD CUP – Những Trận Đấu Vĩ Đại Nhất – Chris Barish, Nate Sweitzer – NXB Thế Giới",0.0,0,195000,195000,5.0,843
37134915,adolf-hitler-chan-dung-mot-trum-phat-xit-tai-ban-tang-kem-bookmark-tuyet-dep-p37134915,https://tiki.vn/adolf-hitler-chan-dung-mot-trum-phat-xit-tai-ban-tang-kem-bookmark-tuyet-dep-p37134915.html,Adolf Hitler – Chân Dung Một Trùm Phát Xít (Tái Bản) ( Tặng Kèm Bookmark Tuyệt Đẹp ),0.0,0,599000,599000,,843
262056743,dua-con-phi-phap-tu-truyen-ve-thoi-tho-au-o-nam-phi-_tre-p262056743,https://tiki.vn/dua-con-phi-phap-tu-truyen-ve-thoi-tho-au-o-nam-phi-_tre-p262056743.html,Đứa Con Phi Pháp - Tự Truyện Về Thời Thơ Ấu Ở Nam Phi _TRE,0.0,0,180000,180000,,843
275315026,vuong-hong-sen-tap-but-nam-nham-than-1992-di-cao-nxb-tre-p275315026,https://tiki.vn/vuong-hong-sen-tap-but-nam-nham-than-1992-di-cao-nxb-tre-p275315026.html,Vương Hồng Sển - Tạp Bút Năm Nhâm Thân 1992 (Di Cảo) (NXB Trẻ),0.0,0,250000,250000,,843
277252202,ma-nguon-khoi-dau-cua-toi-p277252202,https://tiki.vn/ma-nguon-khoi-dau-cua-toi-p277252202.html,Mã Nguồn - Khởi Đầu Của Tôi,0.0,0,225000,225000,,843
279394912,sach-de-tuoi-tre-la-hanh-trinh-dep-nhat-phan-the-anh-nha-nam-official-p279394912,https://tiki.vn/sach-de-tuoi-tre-la-hanh-trinh-dep-nhat-phan-the-anh-nha-nam-official-p279394912.html,Sách - Để tuổi trẻ là hành trình đẹp nhất (Phan Thế Anh) (Nhã Nam Official),0.0,0,139000,125100,,843
196156984,sach-mot-kieu-binh-thuong-khac-p196156984,https://tiki.vn/sach-mot-kieu-binh-thuong-khac-p196156984.html,Sách: Một Kiểu Bình Thường Khác,0.0,0,166000,166000,,843
273943716,bep-sach-lang-soyang-cuon-sach-ve-van-hoc-hay-p273943716,https://tiki.vn/bep-sach-lang-soyang-cuon-sach-ve-van-hoc-hay-p273943716.html,Bếp Sách Làng Soyang- Cuốn Sách Về Văn  Học Hay,0.0,0,121500,121500,,843
274593267,cuon-sach-ve-tieu-su-hoi-ky-thu-cho-em-p274593267,https://tiki.vn/cuon-sach-ve-tieu-su-hoi-ky-thu-cho-em-p274593267.html,Cuốn Sách Về Tiểu Sử Hồi Ký: Thư Cho Em,0.0,0,140000,133000,4.0,843
271245244,nha-van-son-nam-nhung-goc-doi-rieng-la-nhieu-tac-gia-nxb-tre-p271245244,https://tiki.vn/nha-van-son-nam-nhung-goc-doi-rieng-la-nhieu-tac-gia-nxb-tre-p271245244.html,NHÀ VĂN SƠN NAM - NHỮNG GÓC ĐỜI RIÊNG LẠ - Nhiều tác giả – NXB Trẻ,0.0,0,75000,75000,,843
277456837,sach-thu-gui-tu-mien-dien-nha-nam-hcm-p277456837,https://tiki.vn/sach-thu-gui-tu-mien-dien-nha-nam-hcm-p277456837.html,Sách - Thư gửi từ Miến Điện (Nhã Nam HCM),0.0,0,92000,82800,,843
247263336,combo-sach-machiavelli-quan-vuong-thuat-cai-tri-p247263336,https://tiki.vn/combo-sach-machiavelli-quan-vuong-thuat-cai-tri-p247263336.html,Combo Sách : MACHIAVELLI + Quân Vương - Thuật Cai Trị,0.0,0,358000,358000,,843
186452871,tieu-thuyet-hay-truc-thu-dao-2-nuoc-tan-gio-noi-cung-dinh-_tang-bookmark-p186452871,https://tiki.vn/tieu-thuyet-hay-truc-thu-dao-2-nuoc-tan-gio-noi-cung-dinh-_tang-bookmark-p186452871.html,Tiểu Thuyết Hay: Trúc Thư Dao 2 (Nước Tấn - Gió Nổi Cung Đình)_Tặng Bookmark ,0.0,0,218000,218000,,843
275358795,quyet-liet-song-p275358795,https://tiki.vn/quyet-liet-song-p275358795.html,Quyết Liệt Sống,0.0,0,290000,290000,,843
178034736,vuong-hong-sen-chuyen-cu-o-soc-trang-di-cao-tron-bo-tap-1-va-2-_bookcity-p178034736,https://tiki.vn/vuong-hong-sen-chuyen-cu-o-soc-trang-di-cao-tron-bo-tap-1-va-2-_bookcity-p178034736.html,Vương Hồng Sển - Chuyện Cũ Ở Sốc-Trăng - Di Cảo (Trọn bộ Tập 1 và 2) _BOOKCITY,0.0,0,425000,425000,1.0,843
273558913,hoi-ky-phong-vien-chien-truong-tren-nhung-neo-duong-chien-tranh-va-hoa-binh-ban-quyen-p273558913,https://tiki.vn/hoi-ky-phong-vien-chien-truong-tren-nhung-neo-duong-chien-tranh-va-hoa-binh-ban-quyen-p273558913.html,Hồi Ký Phóng Viên Chiến Trường - Trên Những Nẻo Đường Chiến Tranh Và Hòa Bình  - Bản Quyền,0.0,0,269000,269000,,843
274106165,tao-thao-thanh-nhan-de-tien-4-p274106165,https://tiki.vn/tao-thao-thanh-nhan-de-tien-4-p274106165.html,Tào Tháo - Thánh Nhân Đê Tiện 4,0.0,0,219000,186000,,843
247901958,lich-su-viet-nam-bang-tranh-co-lau-van-thang-vuong-ban-mau-tai-ban-2023-p247901958,https://tiki.vn/lich-su-viet-nam-bang-tranh-co-lau-van-thang-vuong-ban-mau-tai-ban-2023-p247901958.html,Lịch Sử Việt Nam Bằng Tranh - Cờ Lau Vạn Thắng Vương (Bản Màu) (Tái Bản 2023),0.0,0,70000,65100,,843
196579276,nhung-loi-hua-phai-giu-cuoc-doi-va-su-nghiep-chinh-tri-cua-toi-p196579276,https://tiki.vn/nhung-loi-hua-phai-giu-cuoc-doi-va-su-nghiep-chinh-tri-cua-toi-p196579276.html,Những Lời Hứa Phải Giữ - Cuộc Đời Và Sự Nghiệp Chính Trị Của Tôi,0.0,0,279000,279000,,843
174825579,sach-titan-gia-toc-rockefeller-ban-quyen-p174825579,https://tiki.vn/sach-titan-gia-toc-rockefeller-ban-quyen-p174825579.html,Sách Titan Gia Tộc Rockefeller - BẢN QUYỀN,0.0,0,499000,424000,6.0,843
214160508,sach-chuyen-cua-chung-toi-p214160508,https://tiki.vn/sach-chuyen-cua-chung-toi-p214160508.html,Sách Chuyện của chúng tôi,5.0,2,199000,169000,72.0,843
255222054,hoi-uc-sai-gon-thoi-chien-tranh-p255222054,https://tiki.vn/hoi-uc-sai-gon-thoi-chien-tranh-p255222054.html,HỒI ỨC SÀI GÒN THỜI CHIẾN TRANH,0.0,0,110000,110000,1.0,843
275341379,tap-but-nam-giap-tuat-1994-p275341379,https://tiki.vn/tap-but-nam-giap-tuat-1994-p275341379.html,Tạp Bút Năm Giáp Tuất 1994,0.0,0,175000,175000,,843
197595289,sach-di-khi-ta-con-tre-p197595289,https://tiki.vn/sach-di-khi-ta-con-tre-p197595289.html,Sách: Đi khi ta còn trẻ,0.0,0,120000,120000,5.0,843
254079111,michelangelo-cuoc-doi-va-tac-pham-qua-500-hinh-anh-p254079111,https://tiki.vn/michelangelo-cuoc-doi-va-tac-pham-qua-500-hinh-anh-p254079111.html,Michelangelo: Cuộc Đời Và Tác Phẩm Qua 500 Hình Ảnh,0.0,0,599000,509000,,843
278089370,ke-ly-huong-p278089370,https://tiki.vn/ke-ly-huong-p278089370.html,Kẻ Ly Hương,0.0,0,139000,118150,1.0,843
278328939,sach-bat-tay-cac-hoc-ba-thoi-xua-cap-cuoc-dai-su-nha-nam-official-p278328939,https://tiki.vn/sach-bat-tay-cac-hoc-ba-thoi-xua-cap-cuoc-dai-su-nha-nam-official-p278328939.html,Sách - Bắt tay các học bá thời xưa (Cấp Cước Đại Sư) (Nhã Nam Official),0.0,0,170000,153000,,843
277381834,ngay-ay-da-qua-roi-tre-p277381834,https://tiki.vn/ngay-ay-da-qua-roi-tre-p277381834.html,Ngày Ấy Đã Qua Rồi - TRE,0.0,0,150000,150000,,843
262514686,nhung-nguoi-muon-nam-chua-cu-p262514686,https://tiki.vn/nhung-nguoi-muon-nam-chua-cu-p262514686.html,NHỮNG NGƯỜI MUÔN NĂM CHƯA CŨ,0.0,0,239000,239000,1.0,843
137444767,sach-toi-nghi-toi-thich-nuoc-my-p137444767,https://tiki.vn/sach-toi-nghi-toi-thich-nuoc-my-p137444767.html,Sách Tôi Nghĩ Tôi Thích Nước Mỹ,0.0,0,118000,118000,,843
247446358,ha-noi-con-mot-chut-nay-p247446358,https://tiki.vn/ha-noi-con-mot-chut-nay-p247446358.html,Hà Nội Còn Một Chút Này,0.0,0,107000,107000,,843
247346479,di-khi-ta-con-tre-p247346479,https://tiki.vn/di-khi-ta-con-tre-p247346479.html,Đi Khi Ta Còn Trẻ,0.0,0,120000,120000,,843
272421645,sach-mot-lit-nuoc-mat-tai-ban-2019-p272421645,https://tiki.vn/sach-mot-lit-nuoc-mat-tai-ban-2019-p272421645.html,SÁCH: Một Lít Nước Mắt (Tái Bản 2019),0.0,0,120000,114000,,843
182557984,phong-tro-ba-nguoi-truyen-dai-p182557984,https://tiki.vn/phong-tro-ba-nguoi-truyen-dai-p182557984.html,Phòng Trọ Ba Người (Truyện Dài),5.0,1,110000,110000,1.0,843
247902032,lich-su-viet-nam-bang-tranh-le-quy-don-ban-mau-tai-ban-2023-p247902032,https://tiki.vn/lich-su-viet-nam-bang-tranh-le-quy-don-ban-mau-tai-ban-2023-p247902032.html,Lịch Sử Việt Nam Bằng Tranh - Lê Quý Đôn (Bản Màu) (Tái Bản 2023),0.0,0,65000,58500,2.0,843
217510377,combo-4-cuon-danh-nhan-duong-dai-nha-nam-p217510377,https://tiki.vn/combo-4-cuon-danh-nhan-duong-dai-nha-nam-p217510377.html,Combo 4 Cuốn: Danh Nhân Đương Đại - Nhã Nam,0.0,0,231500,231500,,843
278114104,sach-giai-ha-noi-lan-loi-london-nha-nam-hcm-p278114104,https://tiki.vn/sach-giai-ha-noi-lan-loi-london-nha-nam-hcm-p278114104.html,Sách - Giai Hà Nội Lặn Lội London (Nhã Nam HCM),0.0,0,100000,90000,,843
277540386,dot-pha-cuoc-doi-khoa-hoc-cua-toi-bia-cung-p277540386,https://tiki.vn/dot-pha-cuoc-doi-khoa-hoc-cua-toi-bia-cung-p277540386.html,Đột Phá - Cuộc Đời Khoa Học Của Tôi (Bìa Cứng),0.0,0,230000,230000,1.0,843
270715938,nhat-ky-dang-thuy-tram-tai-ban-nam-2022-p270715938,https://tiki.vn/nhat-ky-dang-thuy-tram-tai-ban-nam-2022-p270715938.html,Nhật Ký Đặng Thùy Trâm (Tái bản năm 2022),0.0,0,90000,85500,2.0,843
274777454,sach-duoi-theo-anh-sang-p274777454,https://tiki.vn/sach-duoi-theo-anh-sang-p274777454.html,Sách Đuổi Theo Ánh Sáng,0.0,0,289000,245650,1.0,843
138183423,thao-go-phep-mau-p138183423,https://tiki.vn/thao-go-phep-mau-p138183423.html,Tháo Gỡ Phép Màu,5.0,1,209000,167200,4.0,843
263114802,chuyen-xu-langbiang-02-bien-co-o-truong-damri-p263114802,https://tiki.vn/chuyen-xu-langbiang-02-bien-co-o-truong-damri-p263114802.html,CHUYỆN XỨ LANGBIANG 03 – CHỦ NHÂN NÚI LƯNG CHỪNG,0.0,0,230000,230000,,843
210525157,trong-day-mat-troi-xanh-la-vinh-vien-nhat-ky-ghi-chep-va-nhung-buc-thu-chua-tung-duoc-cong-bo-p210525157,https://tiki.vn/trong-day-mat-troi-xanh-la-vinh-vien-nhat-ky-ghi-chep-va-nhung-buc-thu-chua-tung-duoc-cong-bo-p210525157.html,Trong đáy mắt trời xanh là vĩnh viễn - Nhật ký ghi chép và những bức thư chưa từng được công bố,0.0,0,155000,155000,,843
274496983,sach-trong-day-mat-troi-xanh-la-vinh-vien-nha-nam-official-p274496983,https://tiki.vn/sach-trong-day-mat-troi-xanh-la-vinh-vien-nha-nam-official-p274496983.html,Sách - Trong đáy mắt trời xanh là vĩnh viễn - Nhã Nam Official,5.0,1,155000,139500,1.0,843
276309610,mot-lit-nuoc-mat-p276309610,https://tiki.vn/mot-lit-nuoc-mat-p276309610.html,Một Lít Nước Mắt,0.0,0,120000,114000,,843
274075672,thanh-cat-tu-han-la-ai-p274075672,https://tiki.vn/thanh-cat-tu-han-la-ai-p274075672.html,Thành Cát Tư Hãn Là Ai,0.0,0,59000,50000,,843
275818407,hoi-ky-50-nam-me-hat-nam-muoi-nam-cai-luong-ban-quyen-p275818407,https://tiki.vn/hoi-ky-50-nam-me-hat-nam-muoi-nam-cai-luong-ban-quyen-p275818407.html,Hồi ký 50 năm mê hát - Năm mươi năm Cải lương - Bản Quyền,0.0,0,230000,230000,,843
276593207,sach-ngoi-thu-nhat-so-it-nha-nam-hcm-p276593207,https://tiki.vn/sach-ngoi-thu-nhat-so-it-nha-nam-hcm-p276593207.html,Sách - Ngôi thứ nhất số ít (Nhã Nam HCM),0.0,0,108000,97200,4.0,843
36701995,adolf-hitler-chan-dung-mot-trum-phat-xit-tai-ban-tang-kem-tickbook-p36701995,https://tiki.vn/adolf-hitler-chan-dung-mot-trum-phat-xit-tai-ban-tang-kem-tickbook-p36701995.html,Adolf Hitler – Chân Dung Một Trùm Phát Xít (Tái Bản) (Tặng kèm Tickbook),0.0,0,599000,599000,,843
273256570,ong-tram-tuoi-treo-qua-cua-so-va-bien-mat-p273256570,https://tiki.vn/ong-tram-tuoi-treo-qua-cua-so-va-bien-mat-p273256570.html,Ông Trăm Tuổi Trèo Qua Cửa Sổ Và Biến Mất,0.0,0,190000,190000,,843
279427901,de-tuoi-tre-la-hanh-trinh-dep-nhat-phan-the-anh-p279427901,https://tiki.vn/de-tuoi-tre-la-hanh-trinh-dep-nhat-phan-the-anh-p279427901.html,Để Tuổi Trẻ Là Hành Trình Đẹp Nhất - Phan Thế Anh,0.0,0,139000,132050,,843
203392649,tieng-vong-deo-khau-chia-p203392649,https://tiki.vn/tieng-vong-deo-khau-chia-p203392649.html,Tiếng Vọng Đèo Khau Chỉa,0.0,0,179000,179000,,843
37134818,tu-truyen-benjamin-franklin-tai-ban-tang-kem-bookmark-tuyet-dep-p37134818,https://tiki.vn/tu-truyen-benjamin-franklin-tai-ban-tang-kem-bookmark-tuyet-dep-p37134818.html,Tự Truyện Benjamin Franklin (Tái Bản) ( Tặng Kèm Bookmark Tuyệt Đẹp ),0.0,0,109000,109000,1.0,843
202242083,sach-doi-moi-do-hoang-nhat-anh-p202242083,https://tiki.vn/sach-doi-moi-do-hoang-nhat-anh-p202242083.html,Sách - Đổi Mới ( Đỗ Hoàng Nhật Ánh ),0.0,0,99000,99000,,843
174013014,chuyen-doi-toi-hans-christian-andersen-p174013014,https://tiki.vn/chuyen-doi-toi-hans-christian-andersen-p174013014.html,Chuyện Đời Tôi - Hans Christian Andersen,0.0,0,359000,305000,4.0,843
279563952,giac-mo-pha-ky-luc-champions-league-carlo-ancelotti-chris-brady-p279563952,https://tiki.vn/giac-mo-pha-ky-luc-champions-league-carlo-ancelotti-chris-brady-p279563952.html,"Giấc Mơ - Phá Kỷ Lục Champions League - Carlo Ancelotti, Chris Brady",0.0,0,185000,175750,,843
434160,sach-khi-to-quoc-goi-ten-minh-p434160,https://tiki.vn/sach-khi-to-quoc-goi-ten-minh-p434160.html,Sách Khi Tổ Quốc Gọi Tên Mình,0.0,0,150000,150000,,843
253472195,hoi-uc-sai-gon-thoi-chien-tranh-p253472195,https://tiki.vn/hoi-uc-sai-gon-thoi-chien-tranh-p253472195.html,Hồi Ức Sài Gòn Thời Chiến Tranh,0.0,0,110000,110000,,843
278439943,sach-chuyen-ke-ve-tinh-yeu-va-bong-toi-nha-nam-hcm-p278439943,https://tiki.vn/sach-chuyen-ke-ve-tinh-yeu-va-bong-toi-nha-nam-hcm-p278439943.html,Sách - Chuyện Kể Về Tình Yêu Và Bóng Tối (Nhã Nam HCM),5.0,1,320000,288000,3.0,843
262897803,khi-hoi-tho-hoa-thinh-khong-paul-kalanithi-tai-ban-moi-nhat-2022-p262897803,https://tiki.vn/khi-hoi-tho-hoa-thinh-khong-paul-kalanithi-tai-ban-moi-nhat-2022-p262897803.html,Khi Hơi Thở Hóa Thinh Không - Paul Kalanithi - Tái Bản Mới Nhất 2022,0.0,0,109000,109000,,843
138317737,bat-hanh-la-mot-tai-san-mot-minh-o-chau-au-tai-ban-nam-2018-p138317737,https://tiki.vn/bat-hanh-la-mot-tai-san-mot-minh-o-chau-au-tai-ban-nam-2018-p138317737.html,Bất Hạnh Là Một Tài Sản - Một Mình Ở Châu Âu (Tái bản năm 2018),0.0,0,126000,126000,1.0,843
273331106,sach-anh-hung-con-chi-bia-cung-nguyen-huy-thiep-nha-nam-official-p273331106,https://tiki.vn/sach-anh-hung-con-chi-bia-cung-nguyen-huy-thiep-nha-nam-official-p273331106.html,Sách - Anh hùng còn chi (BÌA CỨNG) - Nguyễn Huy Thiệp - Nhã Nam Official,0.0,0,216000,216000,,843
277620520,sach-song-nhu-mot-dong-song-nha-nam-hcm-p277620520,https://tiki.vn/sach-song-nhu-mot-dong-song-nha-nam-hcm-p277620520.html,Sách - Sống như một dòng sông (Nhã Nam HCM),0.0,0,145000,130500,1.0,843
274101542,sach-doc-lolita-o-tehran-hoi-ky-qua-nhung-cuon-sach-nha-nam-official-p274101542,https://tiki.vn/sach-doc-lolita-o-tehran-hoi-ky-qua-nhung-cuon-sach-nha-nam-official-p274101542.html,Sách - Đọc Lolita ở Tehran: Hồi ký qua những cuốn sách - Nhã Nam Official,0.0,0,165000,165000,1.0,843
273475343,tram-doc-khoi-nghiep-phieu-luu-ky-start-up-truoc-tuoi-30-ta-minh-tuan-p273475343,https://tiki.vn/tram-doc-khoi-nghiep-phieu-luu-ky-start-up-truoc-tuoi-30-ta-minh-tuan-p273475343.html,Trạm Đọc | Khởi Nghiệp Phiêu Lưu Ký: Start Up Trước Tuổi 30 (Tạ Minh Tuấn),0.0,0,189000,189000,,843
274101912,tao-thao-thanh-nhan-de-tien-tap-4-p274101912,https://tiki.vn/tao-thao-thanh-nhan-de-tien-tap-4-p274101912.html,Tào Tháo - Thánh Nhân Đê Tiện Tập 4,5.0,1,219000,186000,8.0,843
192950097,tap-but-nam-giap-tuat-1994-di-cao-p192950097,https://tiki.vn/tap-but-nam-giap-tuat-1994-di-cao-p192950097.html,Tạp Bút Năm Giáp Tuất 1994 - Di Cảo,0.0,0,175000,175000,,843
276922470,tran-bach-dang-cuoc-doi-va-ky-uc-p276922470,https://tiki.vn/tran-bach-dang-cuoc-doi-va-ky-uc-p276922470.html,Trần Bạch Đằng Cuộc Đời Và Ký Ức,0.0,0,150000,150000,,843
255317043,hoi-uc-do-duy-lien-cuoc-doi-cua-me-p255317043,https://tiki.vn/hoi-uc-do-duy-lien-cuoc-doi-cua-me-p255317043.html,HỒI ỨC ĐỖ DUY LIÊN - CUỘC ĐỜI CỦA MẸ,0.0,0,230000,230000,,843
279449753,sach-hai-man-bi-kich-o-dong-duong-p279449753,https://tiki.vn/sach-hai-man-bi-kich-o-dong-duong-p279449753.html,Sách Hai Màn Bi Kịch Ở Đông Dương,0.0,0,279000,279000,,843
68136951,combo-2-cuon-sach-aung-san-suu-kyi-so-hai-tu-do-tieu-su-ben-gurion-p68136951,https://tiki.vn/combo-2-cuon-sach-aung-san-suu-kyi-so-hai-tu-do-tieu-su-ben-gurion-p68136951.html,Combo 2 cuốn sách: Aung San Suu Kyi - Sợ Hãi & Tự Do + Tiểu Sử  Ben-  Gurion,0.0,0,417000,417000,,843
195996564,mot-kieu-binh-thuong-khac-tac-gia-abigail-balfe-tang-kem-bookmark-bamboo-books-p195996564,https://tiki.vn/mot-kieu-binh-thuong-khac-tac-gia-abigail-balfe-tang-kem-bookmark-bamboo-books-p195996564.html,Một Kiểu Bình Thường Khác - Tác Giả: Abigail Balfe (Tặng Kèm Bookmark Bamboo Books),0.0,0,168000,168000,,843
253043598,sach-nha-nam-nguoi-truyen-tin-phan-thu-ba-cua-nguoi-truyen-ky-uc-p253043598,https://tiki.vn/sach-nha-nam-nguoi-truyen-tin-phan-thu-ba-cua-nguoi-truyen-ky-uc-p253043598.html,Sách Nhã Nam - Người Truyền Tin (Phần Thứ Ba Của Người Truyền Ký Ức),0.0,0,100000,100000,,843
278524981,sach-dong-tuyen-tap-xu-2-tran-le-khanh-nha-nam-official-p278524981,https://tiki.vn/sach-dong-tuyen-tap-xu-2-tran-le-khanh-nha-nam-official-p278524981.html,Sách - Đồng - tuyển tập xứ 2 (Trần Lê Khánh) (Nhã Nam Official),0.0,0,145000,130500,,843
274253022,sach-song-de-phieu-luu-nhung-cuoc-tham-hiem-cua-ong-nam-yersin-nguyen-vinh-nguyen-nha-nam-p274253022,https://tiki.vn/sach-song-de-phieu-luu-nhung-cuoc-tham-hiem-cua-ong-nam-yersin-nguyen-vinh-nguyen-nha-nam-p274253022.html,Sách - Sống Để Phiêu Lưu: Những Cuộc Thám Hiểm Của Ông Năm Yersin (Nguyễn Vĩnh Nguyên) (Nhã Nam),0.0,0,90000,90000,,843
36700768,adolf-hitler-chan-dung-mot-trum-phat-xit-tai-ban-qua-tang-tickbook-p36700768,https://tiki.vn/adolf-hitler-chan-dung-mot-trum-phat-xit-tai-ban-qua-tang-tickbook-p36700768.html,Adolf Hitler – Chân Dung Một Trùm Phát Xít (Tái Bản) (Quà Tặng Tickbook),0.0,0,599000,599000,,843
274845861,cuon-sach-kham-pha-ve-van-hoa-viet-nam-hay-pho-phuong-ha-noi-xua-p274845861,https://tiki.vn/cuon-sach-kham-pha-ve-van-hoa-viet-nam-hay-pho-phuong-ha-noi-xua-p274845861.html,Cuốn Sách Khám Phá Về Văn Hóa Việt Nam Hay:  Phố Phường Hà Nội Xưa,0.0,0,68000,68000,,843
271537226,tro-ve-chau-au-doc-lap-tu-do-hanh-phuc-phan-1-p271537226,https://tiki.vn/tro-ve-chau-au-doc-lap-tu-do-hanh-phuc-phan-1-p271537226.html,Trở Về - Châu Âu:  Độc Lập - Tự Do - Hạnh Phúc (Phần 1),0.0,0,100000,90000,,843
276121732,nuoc-my-trong-mat-trump-ban-quyen-p276121732,https://tiki.vn/nuoc-my-trong-mat-trump-ban-quyen-p276121732.html,Nước Mỹ Trong Mắt Trump - Bản Quyền,0.0,0,257400,257400,,843
247901946,lich-su-viet-nam-bang-tranh-ly-thuong-kiet-ban-mau-tai-ban-2023-p247901946,https://tiki.vn/lich-su-viet-nam-bang-tranh-ly-thuong-kiet-ban-mau-tai-ban-2023-p247901946.html,Lịch Sử Việt Nam Bằng Tranh - Lý Thường Kiệt (Bản Màu) (Tái Bản 2023),0.0,0,158000,158000,,843
181448858,anders-sat-thu-cung-be-lu-p181448858,https://tiki.vn/anders-sat-thu-cung-be-lu-p181448858.html,Anders Sát Thủ Cùng Bè Lũ,0.0,0,115000,115000,,843
242421059,thu-tinh-gui-mot-nguoi-trinh-cong-son-bia-mem-p242421059,https://tiki.vn/thu-tinh-gui-mot-nguoi-trinh-cong-son-bia-mem-p242421059.html,"Thư Tình Gửi Một Người (Trịnh Công Sơn, Bìa Mềm)",0.0,0,195000,195000,,843
277932410,vi-cha-chung-toi-noi-doi-because-our-fathers-lied-hoi-uc-ve-su-that-va-gia-dinh-tu-cuoc-chien-viet-nam-den-tan-hom-nay-p277932410,https://tiki.vn/vi-cha-chung-toi-noi-doi-because-our-fathers-lied-hoi-uc-ve-su-that-va-gia-dinh-tu-cuoc-chien-viet-nam-den-tan-hom-nay-p277932410.html,"Vì Cha Chúng Tôi Nói Dối - Because Our Fathers Lied - Hồi Ức Về Sự Thật Và Gia Đình, Từ Cuộc Chiến Việt Nam Đến Tận Hôm Nay",0.0,0,150000,150000,11.0,843
278903995,mot-thoi-va-ma-mai-nguyen-huy-tuong-nxb-tre-p278903995,https://tiki.vn/mot-thoi-va-ma-mai-nguyen-huy-tuong-nxb-tre-p278903995.html,MỘT THỜI VÀ MÃI MÃI - Nguyễn Huy Tưởng - NXB Trẻ,0.0,0,90000,90000,,843
202475533,sach-gay-nguoi-thi-lanh-tan-van-p202475533,https://tiki.vn/sach-gay-nguoi-thi-lanh-tan-van-p202475533.html,Sách - Nguyễn Ngọc Tư - Gáy Người Thì Lạnh (Tản văn),5.0,1,80000,80000,2.0,843
278969820,sach-nho-che-doi-toi-cung-che-guevara-cau-chuyen-ve-mot-huyen-thoai-va-mot-tinh-yeu-vi-dai-p278969820,https://tiki.vn/sach-nho-che-doi-toi-cung-che-guevara-cau-chuyen-ve-mot-huyen-thoai-va-mot-tinh-yeu-vi-dai-p278969820.html,Sách - Nhớ Che - Đời Tôi Cùng Che Guevara - Câu Chuyện Về Một Huyền Thoại Và Một Tình Yêu Vĩ Đại,0.0,0,100000,93000,1.0,843
253360829,mot-kieu-binh-thuong-khac-p253360829,https://tiki.vn/mot-kieu-binh-thuong-khac-p253360829.html,Một Kiểu Bình Thường Khác,0.0,0,168000,168000,,843
210455801,sach-trong-day-mat-troi-xanh-la-vinh-vien-p210455801,https://tiki.vn/sach-trong-day-mat-troi-xanh-la-vinh-vien-p210455801.html,Sách Trong Đáy Mắt Trời Xanh Là Vĩnh Viễn,0.0,0,155000,155000,,843
274421231,sach-viet-nam-cua-toi-nhung-cau-chuyen-nhan-con-nuoi-nha-nam-official-p274421231,https://tiki.vn/sach-viet-nam-cua-toi-nhung-cau-chuyen-nhan-con-nuoi-nha-nam-official-p274421231.html,Sách - Việt Nam của tôi: Những câu chuyện nhận con nuôi - Nhã Nam Official,0.0,0,130000,130000,,843
68138369,combo-2-cuon-sach-putin-logic-cua-quyen-luc-einstein-cuoc-doi-va-vu-tru-p68138369,https://tiki.vn/combo-2-cuon-sach-putin-logic-cua-quyen-luc-einstein-cuoc-doi-va-vu-tru-p68138369.html,Combo 2 cuốn sách: Putin Logic Của Quyền Lực + Einstein Cuộc Đời Và Vũ Trụ,0.0,0,487000,487000,,843
77221083,sach-con-cuong-musk-tang-kem-bookmark-thiet-ke-p77221083,https://tiki.vn/sach-con-cuong-musk-tang-kem-bookmark-thiet-ke-p77221083.html,Sách - Cơn Cuồng Musk (tặng kèm bookmark thiết kế),0.0,0,61500,61500,1.0,843
273990957,hoi-ky-nguoi-thay-xay-truong-hanh-phuc-ban-quyen-p273990957,https://tiki.vn/hoi-ky-nguoi-thay-xay-truong-hanh-phuc-ban-quyen-p273990957.html,Hồi Ký Người Thầy Xây Trường Hạnh Phúc - Bản Quyền,0.0,0,139000,139000,1.0,843
273458320,tram-doc-hoi-ky-nguoi-thay-xay-truong-hanh-phuc-nha-giao-nguyen-van-hoa-p273458320,https://tiki.vn/tram-doc-hoi-ky-nguoi-thay-xay-truong-hanh-phuc-nha-giao-nguyen-van-hoa-p273458320.html,Trạm Đọc | Hồi Ký Người Thầy Xây Trường Hạnh Phúc ( Nhà giáo: Nguyễn Văn Hòa ),0.0,0,139000,139000,,843
276579799,tai-ban-2024-tu-nhien-nhu-nguoi-ha-noi-nguyen-truong-quy-nxb-tre-p276579799,https://tiki.vn/tai-ban-2024-tu-nhien-nhu-nguoi-ha-noi-nguyen-truong-quy-nxb-tre-p276579799.html,(Tái bản 2024) TỰ NHIÊN NHƯ NGƯỜI HÀ NỘI – Nguyễn Trương Quý - NXB Trẻ,0.0,0,85000,85000,,843
276569625,tai-ban-2024-ha-noi-la-ha-noi-tan-van-nguyen-truong-quy-nxb-tre-p276569625,https://tiki.vn/tai-ban-2024-ha-noi-la-ha-noi-tan-van-nguyen-truong-quy-nxb-tre-p276569625.html,(Tái bản 2024) HÀ NỘI LÀ HÀ NỘI: Tản Văn – Nguyễn Trương Quý - NXB Trẻ,0.0,0,95000,95000,1.0,843
273427914,giai-man-booker-2014-duong-hep-len-mien-bac-tham-richard-flanagan-nguyen-an-ly-dich-nha-nam-p273427914,https://tiki.vn/giai-man-booker-2014-duong-hep-len-mien-bac-tham-richard-flanagan-nguyen-an-ly-dich-nha-nam-p273427914.html,(giải Man Booker 2014) ĐƯỜNG HẸP LÊN MIỀN BẮC THẲM - Richard Flanagan - Nguyễn An Lý dịch - Nhã Nam,5.0,1,218000,218000,4.0,843
251275847,sach-bo-tuyet-_nn-p251275847,https://tiki.vn/sach-bo-tuyet-_nn-p251275847.html,Sách Bọ Tuyết _NN,0.0,0,135000,135000,,843
273356410,sach-hoi-ky-hay-nhat-cua-tac-gia-ernest-hemingway-hoi-he-mien-man-tai-ban-2023-p273356410,https://tiki.vn/sach-hoi-ky-hay-nhat-cua-tac-gia-ernest-hemingway-hoi-he-mien-man-tai-ban-2023-p273356410.html,Sách Hồi Ký Hay Nhất Của Tác Gỉa Ernest Hemingway-Hội Hè Miên Man (Tái Bản 2023),0.0,0,103500,103500,5.0,843
57771206,thoi-khac-tuoi-dep-nina-riggs-p57771206,https://tiki.vn/thoi-khac-tuoi-dep-nina-riggs-p57771206.html,Thời khắc tươi đẹp (Nina Riggs),0.0,0,159000,159000,,843
206206041,1111-nhat-ky-sau-van-dam-tren-yen-xe-ca-tang-p206206041,https://tiki.vn/1111-nhat-ky-sau-van-dam-tren-yen-xe-ca-tang-p206206041.html,1111 - Nhật Ký Sáu Vạn Dặm Trên Yên Xe Cà Tàng,0.0,0,325000,325000,,843
247902013,lich-su-viet-nam-bang-tranh-ly-thanh-tong-va-nuoc-dai-viet-ban-mau-tai-ban-2023-p247902013,https://tiki.vn/lich-su-viet-nam-bang-tranh-ly-thanh-tong-va-nuoc-dai-viet-ban-mau-tai-ban-2023-p247902013.html,Lịch Sử Việt Nam Bằng Tranh - Lý Thánh Tông Và Nước Đại Việt (Bản Màu) (Tái Bản 2023),0.0,0,65000,58500,1.0,843
253362662,bo-tuyet-p253362662,https://tiki.vn/bo-tuyet-p253362662.html,Bọ Tuyết,0.0,0,135000,135000,,843
272186886,ngon-den-dau-lac-nguyen-tuan-viet-nam-danh-tac-ban-quyen-p272186886,https://tiki.vn/ngon-den-dau-lac-nguyen-tuan-viet-nam-danh-tac-ban-quyen-p272186886.html,Ngọn đèn Dầu Lạc (Nguyễn Tuân) (Việt Nam Danh Tác) - Bản Quyền,0.0,0,75000,75000,,843
172305572,aung-san-suu-kyi-vuot-qua-so-hai-p172305572,https://tiki.vn/aung-san-suu-kyi-vuot-qua-so-hai-p172305572.html,Aung San Suu Kyi - Vượt Qua Sợ Hãi ,0.0,0,269000,269000,,843
204539803,sach-pele-cuoc-doi-va-thoi-dai-harry-harris-nxb-tre-bia-mem-p204539803,https://tiki.vn/sach-pele-cuoc-doi-va-thoi-dai-harry-harris-nxb-tre-bia-mem-p204539803.html,Sách - Pelé - Cuộc Đời Và Thời Đại - Harry Harris - NXB Trẻ -  Bìa Mềm,5.0,1,175000,175000,1.0,843
275418622,quyet-liet-song-p275418622,https://tiki.vn/quyet-liet-song-p275418622.html,Quyết Liệt Sống,0.0,0,290000,232000,,843
277463181,sach-vuong-mien-xanh-p277463181,https://tiki.vn/sach-vuong-mien-xanh-p277463181.html,Sách - Vương Miện Xanh,0.0,0,95000,88300,,843
174553093,arsene-wenger-cuoc-doi-toi-qua-hai-mau-do-trang-p174553093,https://tiki.vn/arsene-wenger-cuoc-doi-toi-qua-hai-mau-do-trang-p174553093.html,ARSÉNE WENGER - CUỘC ĐỜI TÔI QUA HAI MÀU ĐỎ - TRẮNG,0.0,0,155000,155000,1.0,843
106348528,nhat-ky-phi-cong-tiem-kich-p106348528,https://tiki.vn/nhat-ky-phi-cong-tiem-kich-p106348528.html,Nhật Ký Phi Công Tiêm Kích,0.0,0,185000,153550,9.0,843
167615230,nhung-bo-oc-vi-dai-bac-hoc-giai-thuong-nobel-p167615230,https://tiki.vn/nhung-bo-oc-vi-dai-bac-hoc-giai-thuong-nobel-p167615230.html,Những Bộ Óc Vĩ Đại - Bác Học Giải Thưởng Nobel,0.0,0,55000,55000,,843
274833695,sach-van-hoc-lang-man-gaia-su-khoi-dau-vinh-vien-lam-p274833695,https://tiki.vn/sach-van-hoc-lang-man-gaia-su-khoi-dau-vinh-vien-lam-p274833695.html,Sách Văn Học Lãng Mạn: GAIA - Sự Khởi Đầu Vĩnh Viễn (Lam),0.0,0,107150,107150,,843
247405627,adolf-hitler-chan-dung-mot-trum-phat-xit-p247405627,https://tiki.vn/adolf-hitler-chan-dung-mot-trum-phat-xit-p247405627.html,Adolf Hitler – Chân Dung Một Trùm Phát Xít,0.0,0,599000,599000,,843
277271969,sach-the-gian-dai-hon-buoc-chan-nguoi-nha-nam-hcm-p277271969,https://tiki.vn/sach-the-gian-dai-hon-buoc-chan-nguoi-nha-nam-hcm-p277271969.html,Sách - Thế gian dài hơn bước chân người (Nhã Nam HCM),0.0,0,148000,133200,1.0,843
274592660,cuon-sach-ve-tieu-su-hoi-ky-thu-cho-em-p274592660,https://tiki.vn/cuon-sach-ve-tieu-su-hoi-ky-thu-cho-em-p274592660.html,Cuốn Sách Về Tiểu Sử Hồi Ký: Thư Cho Em,0.0,0,140000,133000,18.0,843
277279936,tu-truyen-henry-ford-cuoc-doi-va-su-nghiep-cua-toi-p277279936,https://tiki.vn/tu-truyen-henry-ford-cuoc-doi-va-su-nghiep-cua-toi-p277279936.html,Tự Truyện Henry Ford: Cuộc Đời Và Sự Nghiệp Của Tôi,0.0,0,199000,199000,,843
273943714,bep-sach-lang-soyang-cuon-sach-ve-van-hoc-hay-p273943714,https://tiki.vn/bep-sach-lang-soyang-cuon-sach-ve-van-hoc-hay-p273943714.html,Bếp Sách Làng Soyang- Cuốn Sách Về Văn  Học Hay,0.0,0,135000,135000,,843
279337031,sach-ke-lac-quan-sam-altman-openai-va-cuoc-dua-kien-tao-tuong-lai-p279337031,https://tiki.vn/sach-ke-lac-quan-sam-altman-openai-va-cuoc-dua-kien-tao-tuong-lai-p279337031.html,"Sách - Kẻ Lạc Quan - Sam Altman, OpenAI, Và Cuộc Đua Kiến Tạo Tương Lai",0.0,0,280000,280000,,843
278575956,tu-sach-thanh-nien-mai-mai-tuoi-hai-muoi-nhat-ky-thoi-chien-viet-nam-p278575956,https://tiki.vn/tu-sach-thanh-nien-mai-mai-tuoi-hai-muoi-nhat-ky-thoi-chien-viet-nam-p278575956.html,Tủ Sách Thanh Niên - Mãi Mãi Tuổi Hai Mươi (Nhật Ký Thời Chiến Việt Nam),0.0,0,90000,90000,2.0,843
276502247,hoi-ki-ve-bac-ho-mai-nho-on-nguoi-p276502247,https://tiki.vn/hoi-ki-ve-bac-ho-mai-nho-on-nguoi-p276502247.html,Hồi Kí Về Bác Hồ - Mãi Nhớ Ơn Người,0.0,0,40000,39200,1.0,843
159390257,chuyen-xu-langbiang-2-bien-co-o-damri-nxb-tre-p159390257,https://tiki.vn/chuyen-xu-langbiang-2-bien-co-o-damri-nxb-tre-p159390257.html,Chuyện xứ langbiang 2 - Biến cố ở Đămri - NXB Trẻ,0.0,0,180000,180000,,843
275359230,sach-hay-ve-tieu-su-hoi-ky-hay-quyet-liet-song-p275359230,https://tiki.vn/sach-hay-ve-tieu-su-hoi-ky-hay-quyet-liet-song-p275359230.html,Sách Hay Về Tiểu Sử Hồi Ký Hay: Quyết Liệt Sống ,0.0,0,261500,261500,,843
262837516,sach-thong-kho-va-phieu-linh-bia-cung-p262837516,https://tiki.vn/sach-thong-kho-va-phieu-linh-bia-cung-p262837516.html,Sách Thống khổ và phiêu linh (Bìa cứng),0.0,0,500000,500000,,843
278454941,thu-cho-em-tac-gia-hoang-nam-tien-p278454941,https://tiki.vn/thu-cho-em-tac-gia-hoang-nam-tien-p278454941.html,Thư Cho Em (Tác giả: Hoàng Nam Tiến),0.0,0,140000,140000,2.0,843
279423090,sach-mot-lit-nuoc-mat-tai-ban-2026-p279423090,https://tiki.vn/sach-mot-lit-nuoc-mat-tai-ban-2026-p279423090.html,Sách - Một Lít Nước Mắt (Tái Bản 2026),0.0,0,120000,111600,1.0,843
36700773,einstein-cuoc-doi-va-vu-tru-qua-tang-tickbook-p36700773,https://tiki.vn/einstein-cuoc-doi-va-vu-tru-qua-tang-tickbook-p36700773.html,Einstein - Cuộc Đời Và Vũ Trụ (Quà Tặng Tickbook),4.8,6,319000,271000,17.0,843
857347,sach-1987-p857347,https://tiki.vn/sach-1987-p857347.html,Sách 1987,0.0,0,98000,98000,3.0,843
162025583,an-toi-cung-chef-va-noi-chuyen-bep-p162025583,https://tiki.vn/an-toi-cung-chef-va-noi-chuyen-bep-p162025583.html,Ăn Tối Cùng Chef Và Nói Chuyện Bếp,4.5,2,170000,170000,20.0,843
159974181,moi-tinh-paris-p159974181,https://tiki.vn/moi-tinh-paris-p159974181.html,Mối tình Paris,0.0,0,75000,75000,,843
203606108,hoi-ky-nguoi-thay-xay-truong-hanh-phuc-p203606108,https://tiki.vn/hoi-ky-nguoi-thay-xay-truong-hanh-phuc-p203606108.html,Hồi Ký Người Thầy Xây Trường Hạnh Phúc,0.0,0,139000,118000,,843
212425046,ky-nu-go-on-khau-p212425046,https://tiki.vn/ky-nu-go-on-khau-p212425046.html,Kỳ nữ gò Ôn Khâu,0.0,0,170000,170000,,843
167613646,nhung-bo-oc-vi-dai-nha-soan-nhac-thien-tai-beethoven-p167613646,https://tiki.vn/nhung-bo-oc-vi-dai-nha-soan-nhac-thien-tai-beethoven-p167613646.html,Những Bộ Óc Vĩ Đại - Nhà Soạn Nhạc Thiên Tài Beethoven,0.0,0,65000,65000,1.0,843
272577444,gia-dinh-phong-canh-vinh-p272577444,https://tiki.vn/gia-dinh-phong-canh-vinh-p272577444.html,  GIA ĐỊNH PHONG CẢNH VỊNH,0.0,0,55000,55000,,843
273904596,ke-khong-the-gia-tu-cuon-van-ho-hanh-dong-hay-p273904596,https://tiki.vn/ke-khong-the-gia-tu-cuon-van-ho-hanh-dong-hay-p273904596.html,Kẻ Không Thể Giã Từ- Cuốn Văn Họ Hành Động Hay,0.0,0,179000,179000,,843
179445754,ha-noi-con-mot-chut-nay-p179445754,https://tiki.vn/ha-noi-con-mot-chut-nay-p179445754.html,Hà Nội Còn Một Chút Này,0.0,0,107000,107000,,843
272633175,chat-ngoc-vo-van-kiet-p272633175,https://tiki.vn/chat-ngoc-vo-van-kiet-p272633175.html,Chất Ngọc Võ Văn Kiêt,0.0,0,165000,165000,1.0,843
270790979,tu-truyen-luka-modric-ban-quyen-p270790979,https://tiki.vn/tu-truyen-luka-modric-ban-quyen-p270790979.html,Tự Truyện Luka modric - Bản Quyền,0.0,0,170000,170000,,843
271542062,ly-do-de-song-tiep-p271542062,https://tiki.vn/ly-do-de-song-tiep-p271542062.html,Lý Do Để Sống Tiếp,0.0,0,115000,115000,,843
208408602,bar-a-lionel-messi-va-su-thang-tram-cua-cau-lac-bo-bong-da-vi-dai-nhat-the-gioi-p208408602,https://tiki.vn/bar-a-lionel-messi-va-su-thang-tram-cua-cau-lac-bo-bong-da-vi-dai-nhat-the-gioi-p208408602.html,Barça Lionel Messi Và Sự Thăng Trầm Của Câu Lạc Bộ Bóng Đá Vĩ Đại Nhất Thế Giới,0.0,0,230000,230000,,843
204464321,sach-cuoc-doi-toi-qua-hai-mau-do-trang-arsene-wenger-nxb-tre-bia-mem-tang-kem-bookmark-bamboo-books-p204464321,https://tiki.vn/sach-cuoc-doi-toi-qua-hai-mau-do-trang-arsene-wenger-nxb-tre-bia-mem-tang-kem-bookmark-bamboo-books-p204464321.html,Sách - Cuộc Đời Tôi Qua Hai Màu Đỏ - Trắng - Arsene Wenger - NXB Trẻ - Bìa Mềm (Tặng Kèm Bookmark Bamboo Books),0.0,0,155000,155000,,843
127033402,sach-mua-xa-nha-nguyen-thanh-nhan-p127033402,https://tiki.vn/sach-mua-xa-nha-nguyen-thanh-nhan-p127033402.html,Sách-Mùa xa nhà (Nguyễn Thành Nhân),0.0,0,115000,115000,,843
276679783,feynman-chuyen-that-nhu-dua-tai-ban-2024-p276679783,https://tiki.vn/feynman-chuyen-that-nhu-dua-tai-ban-2024-p276679783.html,Feynman Chuyện Thật Như Đùa (Tái Bản 2024),0.0,0,220000,220000,2.0,843
274414357,bep-am-cua-me-tai-ban-2023-p274414357,https://tiki.vn/bep-am-cua-me-tai-ban-2023-p274414357.html,Bếp Ấm Của Mẹ (Tái Bản 2023),0.0,0,120000,120000,,843
11259257,sach-thanh-cat-tu-han-la-ai-tai-ban-2019-p11259257,https://tiki.vn/sach-thanh-cat-tu-han-la-ai-tai-ban-2019-p11259257.html,Sách Thành Cát Tư Hãn Là Ai? (Tái Bản 2019),0.0,0,59000,59000,1.0,843
251532718,hoi-ky-nguoi-thay-xay-truong-hanh-phuc-p251532718,https://tiki.vn/hoi-ky-nguoi-thay-xay-truong-hanh-phuc-p251532718.html,Hồi Ký Người Thầy Xây Trường Hạnh Phúc,0.0,0,139000,139000,,843
247902016,lich-su-viet-nam-bang-tranh-thang-long-buoi-dau-ban-mau-tai-ban-2023-p247902016,https://tiki.vn/lich-su-viet-nam-bang-tranh-thang-long-buoi-dau-ban-mau-tai-ban-2023-p247902016.html,Lịch Sử Việt Nam Bằng Tranh - Thăng Long Buổi Đầu (Bản Màu) (Tái Bản 2023),0.0,0,139000,139000,,843
128711528,sach-trump-101-con-duong-dan-den-thanh-cong-p128711528,https://tiki.vn/sach-trump-101-con-duong-dan-den-thanh-cong-p128711528.html,Sách Trump 101: Con Đường Dẫn Đến Thành Công,0.0,0,70000,70000,,843
117832477,sach-ban-linh-len-man-up-p117832477,https://tiki.vn/sach-ban-linh-len-man-up-p117832477.html,Sách - Bản lĩnh lên (Man up),0.0,0,128000,128000,,843
122521502,sach-lu-nguoi-quy-am-bia-cung-p122521502,https://tiki.vn/sach-lu-nguoi-quy-am-bia-cung-p122521502.html,Sách - Lũ người quỷ ám (Bìa cứng),0.0,0,450000,427000,,843
247799384,thu-vien-nua-dem-p247799384,https://tiki.vn/thu-vien-nua-dem-p247799384.html,Thư Viện Nửa Đêm,0.0,0,150000,150000,,843
272388695,di-tim-cuoc-doi-bi-danh-cap-cua-ong-ba-toi-ivan-jablonka-bao-chan-dich-nha-xuat-ban-tre-p272388695,https://tiki.vn/di-tim-cuoc-doi-bi-danh-cap-cua-ong-ba-toi-ivan-jablonka-bao-chan-dich-nha-xuat-ban-tre-p272388695.html,ĐI TÌM CUỘC ĐỜI BỊ ĐÁNH CẮP CỦA ÔNG BÀ TÔI - Ivan Jablonka - Bảo Chân dịch - Nhà xuất bản Trẻ.,0.0,0,220000,220000,,843
276719349,sach-hoi-ky-alex-ferguson-tai-ban-2024-p276719349,https://tiki.vn/sach-hoi-ky-alex-ferguson-tai-ban-2024-p276719349.html,Sách - Hồi Ký Alex Ferguson (Tái Bản 2024),0.0,0,195000,195000,,843
191681393,nhat-ky-dang-thuy-tram-tai-ban-2022-p191681393,https://tiki.vn/nhat-ky-dang-thuy-tram-tai-ban-2022-p191681393.html,Nhật Ký Đặng Thùy Trâm (Tái Bản 2022),0.0,0,90000,90000,,843
272309530,bat-hanh-la-mot-tai-san-mot-minh-o-chau-au-tb-2023-ban-quyen-p272309530,https://tiki.vn/bat-hanh-la-mot-tai-san-mot-minh-o-chau-au-tb-2023-ban-quyen-p272309530.html,Bất hạnh là một tài sản: Một mình ở châu Âu (TB 2023) - Bản Quyền,0.0,0,126000,126000,,843
212993105,sach-thao-go-phep-mau-p212993105,https://tiki.vn/sach-thao-go-phep-mau-p212993105.html,Sách Tháo Gỡ Phép Màu,0.0,0,209000,177650,,843
205704823,hon-do-thi-p205704823,https://tiki.vn/hon-do-thi-p205704823.html,Hồn Đô Thị,0.0,0,279000,223200,1.0,843
274034720,nhung-giac-mo-cua-einstein-alan-lightman-le-chu-cau-dich-bia-mem-p274034720,https://tiki.vn/nhung-giac-mo-cua-einstein-alan-lightman-le-chu-cau-dich-bia-mem-p274034720.html,NHỮNG GIẤC MƠ CỦA EINSTEIN - Alan Lightman - Lê Chu Cầu dịch - (bìa mềm),0.0,0,75000,75000,,843
169817986,nhat-ky-dang-thuy-tram-p169817986,https://tiki.vn/nhat-ky-dang-thuy-tram-p169817986.html,Nhật Ký Đặng Thùy Trâm,0.0,0,90000,90000,,843
275853599,chuyen-ke-ve-tinh-yeu-va-bong-toi-amos-oz-nguyen-an-ly-dich-bia-mem-p275853599,https://tiki.vn/chuyen-ke-ve-tinh-yeu-va-bong-toi-amos-oz-nguyen-an-ly-dich-bia-mem-p275853599.html,CHUYỆN KỂ VỀ TÌNH YÊU VÀ BÓNG TỐI - Amos Oz - Nguyễn An Lý dịch (bìa mềm),0.0,0,320000,320000,,843
167613685,nhung-bo-oc-vi-dai-vi-thanh-cua-nhung-nguoi-khon-kho-me-teresa-p167613685,https://tiki.vn/nhung-bo-oc-vi-dai-vi-thanh-cua-nhung-nguoi-khon-kho-me-teresa-p167613685.html,Những Bộ Óc Vĩ Đại - Vị Thánh Của Những Người Khốn Khổ Mẹ Teresa,0.0,0,65000,65000,3.0,843
270256745,khkp-cuoc-chien-lo-den-p270256745,https://tiki.vn/khkp-cuoc-chien-lo-den-p270256745.html,KHKP - Cuộc Chiến Lỗ Đen,0.0,0,198500,198500,,843
129138362,sach-nhung-chiec-dong-ho-ky-la-tai-ban-p129138362,https://tiki.vn/sach-nhung-chiec-dong-ho-ky-la-tai-ban-p129138362.html,Sách - Những chiếc đồng hồ kỳ lạ ( tái bản ),0.0,0,128000,128000,,843
116904747,sach-lu-nguoi-quy-am-bia-cung-p116904747,https://tiki.vn/sach-lu-nguoi-quy-am-bia-cung-p116904747.html,Sách - Lũ người quỷ ám (Bìa cứng),0.0,0,450000,427000,,843
279521737,sach-combo-vuon-tran-trui-vuon-thu-nguoi-hanh-vi-than-mat-desmond-morris-nha-nam-official-p279521737,https://tiki.vn/sach-combo-vuon-tran-trui-vuon-thu-nguoi-hanh-vi-than-mat-desmond-morris-nha-nam-official-p279521737.html,Sách - Combo:  Vượn trần trụi - Vườn thú người - Hành vi thân mật (Desmond Morris) (Nhã Nam Official),0.0,0,534000,480600,,843
277841378,combo-hoi-ky-nguyen-thi-binh-gia-dinh-ban-be-va-dat-nuoc-bia-mem-thanh-pho-ho-chi-minh-gio-khac-so-0-nhung-phong-su-ve-ket-thuc-cuoc-chien-tranh-30-nam-p277841378,https://tiki.vn/combo-hoi-ky-nguyen-thi-binh-gia-dinh-ban-be-va-dat-nuoc-bia-mem-thanh-pho-ho-chi-minh-gio-khac-so-0-nhung-phong-su-ve-ket-thuc-cuoc-chien-tranh-30-nam-p277841378.html,"Combo Hồi Ký Nguyễn Thị Bình - Gia Đình, Bạn Bè Và Đất Nước (Bìa Mềm) + Thành Phố Hồ Chí Minh - Giờ Khắc Số 0 - Những Phóng Sự Về Kết Thúc Cuộc Chiến Tranh 30 Năm",0.0,0,269000,269000,,843
278697589,tu-nhung-nam-sau-cua-doi-toi-p278697589,https://tiki.vn/tu-nhung-nam-sau-cua-doi-toi-p278697589.html,Từ Những Năm Sau Của Đời Tôi,0.0,0,300000,300000,,843
879690,sach-theo-chan-va-van-nguyen-ai-quoc-p879690,https://tiki.vn/sach-theo-chan-va-van-nguyen-ai-quoc-p879690.html,Sách Theo Chân Và Văn Nguyễn Ái Quốc,0.0,0,52000,52000,,843
242660508,cuoc-phieu-luu-cua-marie-de-nhat-quoc-vuong-xu-sedang-le-nguyen-p242660508,https://tiki.vn/cuoc-phieu-luu-cua-marie-de-nhat-quoc-vuong-xu-sedang-le-nguyen-p242660508.html,Cuộc Phiêu Lưu Của Marie Đệ Nhất - Quốc Vương Xứ Sedang - Lê Nguyễn,0.0,0,85000,85000,,843
272382822,chuyen-nghe-cua-thuy-p272382822,https://tiki.vn/chuyen-nghe-cua-thuy-p272382822.html,Chuyện Nghề Của Thủy,0.0,0,268000,268000,,843
117759406,aung-san-suu-kyi-dau-tranh-cho-tu-do-tai-ban-p117759406,https://tiki.vn/aung-san-suu-kyi-dau-tranh-cho-tu-do-tai-ban-p117759406.html,Aung San Suu Kyi Đấu Tranh Cho Tự Do (Tái Bản),0.0,0,80000,80000,,843
272236755,meo-con-phieu-luu-ky-the-adventures-of-a-curious-cat-p272236755,https://tiki.vn/meo-con-phieu-luu-ky-the-adventures-of-a-curious-cat-p272236755.html,Mèo Con Phiêu Lưu Ký - The Adventures Of A Curious Cat,0.0,0,85000,85000,,843
273407243,sach-viec-lang-ngo-tat-to-p273407243,https://tiki.vn/sach-viec-lang-ngo-tat-to-p273407243.html,Sách - Việc làng - Ngô Tất Tố,0.0,0,39000,39000,1.0,843
279259527,doi-nhu-chi-treo-manh-van-quyet-chi-khong-buong-p279259527,https://tiki.vn/doi-nhu-chi-treo-manh-van-quyet-chi-khong-buong-p279259527.html,Đời Như Chỉ Treo Mành Vẫn Quyết Chí Không Buông,0.0,0,220000,220000,,843
277987999,bong-sen-vang-p277987999,https://tiki.vn/bong-sen-vang-p277987999.html,Bông Sen Vàng,0.0,0,159000,159000,2.0,843
278676822,nhung-canh-thu-ra-bac-vao-nam-p278676822,https://tiki.vn/nhung-canh-thu-ra-bac-vao-nam-p278676822.html,Những Cánh Thư Ra Bắc Vào Nam,0.0,0,145000,145000,,843
276844611,bac-ho-viet-tuyen-ngon-doc-lap-p276844611,https://tiki.vn/bac-ho-viet-tuyen-ngon-doc-lap-p276844611.html,Bác Hồ viết Tuyên Ngôn Độc Lập,0.0,0,40000,40000,3.0,843
274893087,lien-quan-gi-den-em-p274893087,https://tiki.vn/lien-quan-gi-den-em-p274893087.html,Liên Quan Gì Đến Em ,0.0,0,48000,48000,,843
195722581,cau-chuyen-linh-hon-chuyen-du-ngoan-ky-bi-va-mau-nhiem-ve-muc-dich-cuoc-doi-p195722581,https://tiki.vn/cau-chuyen-linh-hon-chuyen-du-ngoan-ky-bi-va-mau-nhiem-ve-muc-dich-cuoc-doi-p195722581.html,Câu Chuyện Linh Hồn - Chuyến Du Ngoạn Kỳ Bí Và Mầu Nhiệm Về Mục Đích Cuộc Đời,0.0,0,128000,128000,1.0,843
253166119,nghe-si-dinh-nghia-chinh-minh-p253166119,https://tiki.vn/nghe-si-dinh-nghia-chinh-minh-p253166119.html,Nghệ Sĩ Định Nghĩa Chính Mình,0.0,0,75000,75000,,843
275303241,sach-ngan-mua-hoa-net-dep-que-huong-pn-p275303241,https://tiki.vn/sach-ngan-mua-hoa-net-dep-que-huong-pn-p275303241.html,Sách - Ngàn Mùa Hoa - Nét Đẹp Quê Hương (PN),0.0,0,48000,48000,,843
275303230,sach-ngan-mua-hoa-net-dep-que-huong-pn-p275303230,https://tiki.vn/sach-ngan-mua-hoa-net-dep-que-huong-pn-p275303230.html,Sách - Ngàn Mùa Hoa - Nét Đẹp Quê Hương (PN),0.0,0,48000,48000,,843
275959699,sach-hat-bui-lenh-denh-elena-pucillo-truong-nxb-tong-hop-p275959699,https://tiki.vn/sach-hat-bui-lenh-denh-elena-pucillo-truong-nxb-tong-hop-p275959699.html,Sách - Hạt Bụi Lênh Đênh - Elena Pucillo Truong - NXB Tổng Hợp,0.0,0,105000,105000,1.0,843
271073014,dong-doi-elvis-phuong-p271073014,https://tiki.vn/dong-doi-elvis-phuong-p271073014.html,Dòng Đời - Elvis Phương,0.0,0,279000,279000,,843
253118525,sach-ho-la-ai-sieu-con-nguoi-p253118525,https://tiki.vn/sach-ho-la-ai-sieu-con-nguoi-p253118525.html,Sách - Họ là ai? - Siêu con người,0.0,0,75000,75000,,843
253627640,soi-gia-pho-wall-phan-3-p253627640,https://tiki.vn/soi-gia-pho-wall-phan-3-p253627640.html,Sói Già Phố Wall - Phần 3,0.0,0,165000,165000,,843
271040647,nguoi-chet-biet-dieu-gi-p271040647,https://tiki.vn/nguoi-chet-biet-dieu-gi-p271040647.html,Người Chết Biết Điều Gì,0.0,0,159000,159000,,843
215511609,nguoi-linh-phi-cong-ke-chuyen-p215511609,https://tiki.vn/nguoi-linh-phi-cong-ke-chuyen-p215511609.html,Người lính phi công kể chuyện,0.0,0,35000,35000,6.0,843
194371172,ky-uc-theo-dong-doi-p194371172,https://tiki.vn/ky-uc-theo-dong-doi-p194371172.html,Ký Ức Theo Dòng Đời,5.0,1,218000,218000,14.0,843
271122030,hoi-uc-phu-nhuan-p271122030,https://tiki.vn/hoi-uc-phu-nhuan-p271122030.html,Hồi Ức Phú Nhuận ,0.0,0,339000,339000,,843
1708913,sach-van-chuong-sai-gon-1881-1924-tap-2-p1708913,https://tiki.vn/sach-van-chuong-sai-gon-1881-1924-tap-2-p1708913.html,Sách Văn Chương Sài Gòn 1881 - 1924 (Tập 2),0.0,0,149000,149000,1.0,843
279340680,song-tram-nam-va-toi-nhan-thay-p279340680,https://tiki.vn/song-tram-nam-va-toi-nhan-thay-p279340680.html,Sống Trăm Năm Và Tôi Nhận Thấy,0.0,0,139000,139000,,843
279292974,tram-dung-sinh-tu-p279292974,https://tiki.vn/tram-dung-sinh-tu-p279292974.html,Trạm Dừng Sinh Tử,0.0,0,168000,168000,,843
279300820,papillon-nguoi-tu-kho-sai-bia-cung-p279300820,https://tiki.vn/papillon-nguoi-tu-kho-sai-bia-cung-p279300820.html,Papillon Người Tù Khổ Sai (bìa cứng),0.0,0,379000,379000,,843
279289971,nhung-tuy-but-cuoi-cung-nhan-vat-van-nghe-sai-gon-mot-thuo-p279289971,https://tiki.vn/nhung-tuy-but-cuoi-cung-nhan-vat-van-nghe-sai-gon-mot-thuo-p279289971.html,"Những tuỳ bút cuối cùng - Nhân vật, văn nghệ Sài Gòn một thuở",0.0,0,189000,189000,,843
279315004,lam-phuong-tram-nho-ngan-thuong-p279315004,https://tiki.vn/lam-phuong-tram-nho-ngan-thuong-p279315004.html,Lam Phương - Trăm Nhớ Ngàn Thương,0.0,0,198000,198000,,843
278522500,tinh-cam-cua-nhan-dan-trong-nuoc-va-ban-be-quoc-te-voi-dai-tuong-vo-nguyen-giap-bao-quang-binh-tuyen-chon-p278522500,https://tiki.vn/tinh-cam-cua-nhan-dan-trong-nuoc-va-ban-be-quoc-te-voi-dai-tuong-vo-nguyen-giap-bao-quang-binh-tuyen-chon-p278522500.html,Tình cảm của nhân dân trong nước và bạn bè quốc tế với Đại tướng Võ Nguyên Giáp - báo Quảng Bình tuyển chọn,0.0,0,185000,185000,,843
124116797,combo-2-cuon-sach-gian-truan-chi-la-thu-thach-nghiet-nga-va-thanh-cong-tai-ban-2018-p124116797,https://tiki.vn/combo-2-cuon-sach-gian-truan-chi-la-thu-thach-nghiet-nga-va-thanh-cong-tai-ban-2018-p124116797.html,Combo 2 cuốn sách: Gian Truân Chỉ Là Thử Thách + Nghiệt Ngã Và Thành Công (Tái Bản 2018),0.0,0,186000,186000,,843
274397441,sach-rio-book-no-3-hinh-anh-dieu-khien-tam-tri-p274397441,https://tiki.vn/sach-rio-book-no-3-hinh-anh-dieu-khien-tam-tri-p274397441.html,Sách - RIO Book No.3 Hình ảnh điều khiển tâm trí,0.0,0,155000,155000,,843
340278,sach-di-tim-le-song-p340278,https://tiki.vn/sach-di-tim-le-song-p340278.html,Sách Đi Tìm Lẽ Sống,0.0,0,88000,83600,2.0,843
252383774,huong-duong-ve-voi-mat-troi-p252383774,https://tiki.vn/huong-duong-ve-voi-mat-troi-p252383774.html,Hướng Dương Về Với Mặt Trời,0.0,0,100000,100000,,843
114139386,sach-lien-nguoi-duoc-chon-p114139386,https://tiki.vn/sach-lien-nguoi-duoc-chon-p114139386.html,Sách LIÊN - NGƯỜI ĐƯỢC CHỌN,0.0,0,130000,130000,1.0,843
279421163,chua-ngot-doi-van-nguyen-manh-tuan-p279421163,https://tiki.vn/chua-ngot-doi-van-nguyen-manh-tuan-p279421163.html,Chua Ngọt Đời Văn - Nguyễn Mạnh Tuấn,0.0,0,225000,225000,,843
270825794,hoi-uc-phu-nhuan-pham-cong-luan-bia-mem-p270825794,https://tiki.vn/hoi-uc-phu-nhuan-pham-cong-luan-bia-mem-p270825794.html,Hồi Ức Phú Nhuận -  Phạm Công Luận - (bìa mềm),0.0,0,339000,339000,,843
272425559,chung-toi-mot-thoi-mu-rom-mu-coi-p272425559,https://tiki.vn/chung-toi-mot-thoi-mu-rom-mu-coi-p272425559.html,Chúng Tôi Một Thời Mũ Rơm Mũ Cối,0.0,0,120000,120000,,843
279519463,sach-combo-2-cuon-tu-giua-doi-thuong-song-doi-tu-do-first-news-p279519463,https://tiki.vn/sach-combo-2-cuon-tu-giua-doi-thuong-song-doi-tu-do-first-news-p279519463.html,Sách Combo 2 Cuốn Tu Giữa Đời Thường + Sống Đời Tự Do - First News ,0.0,0,366000,311100,,843
276588219,doc-thoai-chuyen-chia-tay-vui-cai-thu-that-tinh-p276588219,https://tiki.vn/doc-thoai-chuyen-chia-tay-vui-cai-thu-that-tinh-p276588219.html,Độc Thoại Chuyện Chia Tay - Vui Cái Thú Thất Tình,0.0,0,180000,180000,,843
263047126,chuyen-ke-cua-mot-dai-su-ky-p263047126,https://tiki.vn/chuyen-ke-cua-mot-dai-su-ky-p263047126.html,CHUYỆN KỂ CỦA MỘT ĐẠI SỨ (ký),5.0,2,168000,134400,31.0,843
276922218,duong-dau-voi-nhung-con-gio-nguoc-p276922218,https://tiki.vn/duong-dau-voi-nhung-con-gio-nguoc-p276922218.html,Đương Đầu Với Những Cơn Gió Ngược,0.0,0,159000,151000,,843
279059204,sach-tu-dien-than-thoai-hy-lap-la-ma-tac-gia-nguyen-van-dan-tritthuctrebooks-p279059204,https://tiki.vn/sach-tu-dien-than-thoai-hy-lap-la-ma-tac-gia-nguyen-van-dan-tritthuctrebooks-p279059204.html,Sách Từ điển thần thoại Hy Lạp - La Mã - Cẩm Nang Toàn Diện Về Các Vị Thần Và Huyền Thoại Phương Tây,0.0,0,240000,220800,,843
276112160,chan-dung-linh-thoi-binh-p276112160,https://tiki.vn/chan-dung-linh-thoi-binh-p276112160.html,Chân Dung Lính Thời Bình ,0.0,0,141000,141000,,843
279576872,sach-combo-2-cuon-du-duyen-ta-lai-tuong-phung-viet-va-song-first-news-p279576872,https://tiki.vn/sach-combo-2-cuon-du-duyen-ta-lai-tuong-phung-viet-va-song-first-news-p279576872.html,Sách Combo 2  Cuốn Đủ Duyên Ta Lại Tương Phùng + Viết Và Sống - First News,0.0,0,236000,200600,,843
279573866,sach-combo-2-cuon-nhu-ta-la-sao-ta-lam-dieu-ta-lam-first-news-p279573866,https://tiki.vn/sach-combo-2-cuon-nhu-ta-la-sao-ta-lam-dieu-ta-lam-first-news-p279573866.html,Sách Combo 2  Cuốn Như Ta Là + Sao Ta Làm Điều Ta Làm - First News,0.0,0,256000,217600,,843
279577035,sach-combo-2-cuon-dieu-ky-dieu-o-vuong-quoc-sach-nhe-nhang-ma-song-first-news-p279577035,https://tiki.vn/sach-combo-2-cuon-dieu-ky-dieu-o-vuong-quoc-sach-nhe-nhang-ma-song-first-news-p279577035.html,Sách Combo 2  Cuốn Điều Kỳ Diệu Ở Vương Quốc Sách + Nhẹ Nhàng Mà Sống - First News,0.0,0,286000,243100,,843
277827051,combo-thanh-pho-ho-chi-minh-gio-khac-so-0-tu-song-ben-hai-den-dinh-doc-lap-hoi-uc-chien-truong-cua-thieu-tuong-hoang-dan-p277827051,https://tiki.vn/combo-thanh-pho-ho-chi-minh-gio-khac-so-0-tu-song-ben-hai-den-dinh-doc-lap-hoi-uc-chien-truong-cua-thieu-tuong-hoang-dan-p277827051.html,Combo Thành Phố Hồ Chí Minh - Giờ Khắc Số 0 + Từ Sông Bến Hải Đến Dinh Độc Lập - Hồi Ức Chiến Trường Của Thiếu Tướng Hoàng Đan,0.0,0,334000,277000,1.0,843
205697189,diep-vien-hoan-hao-x6-pham-xuan-an-tai-ban-nam-2022-bia-mem-p205697189,https://tiki.vn/diep-vien-hoan-hao-x6-pham-xuan-an-tai-ban-nam-2022-bia-mem-p205697189.html,Điệp Viên Hoàn Hảo X6 - Phạm Xuân Ẩn (Tái bản năm 2022) (Bìa mềm),0.0,0,188000,188000,,843
135456523,bac-ho-kinh-yeu-p135456523,https://tiki.vn/bac-ho-kinh-yeu-p135456523.html,Bác Hồ Kính Yêu ,0.0,0,75000,75000,,843
272455174,bat-hanh-la-mot-tai-san-mot-minh-o-chau-au-p272455174,https://tiki.vn/bat-hanh-la-mot-tai-san-mot-minh-o-chau-au-p272455174.html,Bất Hạnh Là Một Tài Sản - Một Mình Ở Châu Âu,0.0,0,129000,129000,,843
272416127,diep-vien-hoan-hao-x6-larry-berman-do-hung-dich-bia-mem-p272416127,https://tiki.vn/diep-vien-hoan-hao-x6-larry-berman-do-hung-dich-bia-mem-p272416127.html,Điệp Viên Hoàn Hảo X6 - Larry Berman - Đỗ Hùng dịch - (bìa mềm),0.0,0,198000,198000,,843
213998053,to-bay-voi-nhan-gian-p213998053,https://tiki.vn/to-bay-voi-nhan-gian-p213998053.html,Tỏ Bày Với Nhân Gian,0.0,0,120000,120000,,843
113527050,sach-tu-truyen-to-hoai-p113527050,https://tiki.vn/sach-tu-truyen-to-hoai-p113527050.html,Sách - Tự truyện Tô Hoài,0.0,0,100000,100000,,843
273942025,di-qua-tram-nam-nguyen-dinh-tu-tu-truyen-p273942025,https://tiki.vn/di-qua-tram-nam-nguyen-dinh-tu-tu-truyen-p273942025.html,Đi qua trăm năm - Nguyễn Đình Tư (Tự truyện),0.0,0,180000,180000,,843
208196467,nguyen-du-thien-tai-van-de-da-quen-ma-con-la-gs-ngnd-nguyen-dinh-chu-tong-hop-hcm-p208196467,https://tiki.vn/nguyen-du-thien-tai-van-de-da-quen-ma-con-la-gs-ngnd-nguyen-dinh-chu-tong-hop-hcm-p208196467.html,NGUYỄN DU THIÊN TÀI - vấn đề đã quen mà còn lạ– GS. NGND. Nguyễn Đình Chú- Tổng hợp HCM ,0.0,0,150000,150000,,843
273238862,ly-do-de-song-tiep-p273238862,https://tiki.vn/ly-do-de-song-tiep-p273238862.html,Lý Do Để Sống Tiếp,0.0,0,115000,115000,,843
247938085,nha-tho-quang-dung-nguoi-mang-trong-trang-di-tim-thanh-cao-p247938085,https://tiki.vn/nha-tho-quang-dung-nguoi-mang-trong-trang-di-tim-thanh-cao-p247938085.html,Nhà Thơ Quang Dũng - Người Mang Trong Trắng Đi Tìm Thanh Cao,0.0,0,116000,116000,,843
279319365,sach-chu-tich-ho-chi-minh-ngay-nay-nam-xua-tap-ii-xuat-ban-lan-thu-ba-co-sua-chua-bo-sung-p279319365,https://tiki.vn/sach-chu-tich-ho-chi-minh-ngay-nay-nam-xua-tap-ii-xuat-ban-lan-thu-ba-co-sua-chua-bo-sung-p279319365.html,"Sách Chủ tịch Hồ Chí Minh ngày này năm xưa - Tập II (Xuất bản lần thứ ba, có sửa chữa, bổ sung)",0.0,0,207900,207900,,843
249535043,nguyen-hien-le-cuoc-doi-va-tac-pham-p249535043,https://tiki.vn/nguyen-hien-le-cuoc-doi-va-tac-pham-p249535043.html,Nguyễn Hiến Lê Cuộc Đời Và Tác Phẩm,0.0,0,165000,165000,,843
273890808,sach-nhat-ky-hanh-phuc-p273890808,https://tiki.vn/sach-nhat-ky-hanh-phuc-p273890808.html,"Sách - Nhật ký hạnh phúc, tác giả: Phùng Thị Bắc",0.0,0,109000,109000,,843
278739987,tam-long-voi-dat-nuoc-nguyen-thi-binh-omega-plus-bia-cung-p278739987,https://tiki.vn/tam-long-voi-dat-nuoc-nguyen-thi-binh-omega-plus-bia-cung-p278739987.html,Tấm Lòng Với Đất Nước - Nguyễn Thị Bình - Omega Plus (Bìa Cứng),0.0,0,389000,369000,1.0,843
277975582,combo-hoi-ky-nguyen-thi-binh-gia-dinh-ban-be-va-dat-nuoc-bia-mem-bong-sen-vang-thoi-nien-thieu-cua-chu-tich-ho-chi-minh-duoi-ngoi-but-son-tung-p277975582,https://tiki.vn/combo-hoi-ky-nguyen-thi-binh-gia-dinh-ban-be-va-dat-nuoc-bia-mem-bong-sen-vang-thoi-nien-thieu-cua-chu-tich-ho-chi-minh-duoi-ngoi-but-son-tung-p277975582.html,"Combo Hồi Ký Nguyễn Thị Bình - Gia Đình, Bạn Bè Và Đất Nước (Bìa Mềm) + Bông Sen Vàng - Thời Niên Thiếu Của Chủ Tịch Hồ Chí Minh Dưới Ngòi Bút Sơn Tùng",0.0,0,318000,302000,,843
277541370,ho-quy-ly-bia-cung-tac-gia-nguyen-xuan-khanh-p277541370,https://tiki.vn/ho-quy-ly-bia-cung-tac-gia-nguyen-xuan-khanh-p277541370.html,Hồ Quý Ly - Bìa Cứng (Tác giả: Nguyễn Xuân Khánh),0.0,0,280000,280000,2.0,843
180228428,thu-tinh-gui-mot-nguoi-p180228428,https://tiki.vn/thu-tinh-gui-mot-nguoi-p180228428.html,Thư Tình Gửi Một Người,0.0,0,195000,195000,,843
277873997,tran-huy-lieu-coi-nguoi-tang-kem-bookmark-cu-meo-so-tay-xuong-rong-p277873997,https://tiki.vn/tran-huy-lieu-coi-nguoi-tang-kem-bookmark-cu-meo-so-tay-xuong-rong-p277873997.html,Trần Huy Liệu - Cõi Người (Tặng Kèm Bookmark CÚ MÈO + SỔ TAY XƯƠNG RỒNG),0.0,0,95000,95000,,843
271790577,hawking-hawking-cau-chuyen-ve-mot-huyen-thoai-khoa-hoc-charles-seife-duong-quoc-van-dich-bia-mem-p271790577,https://tiki.vn/hawking-hawking-cau-chuyen-ve-mot-huyen-thoai-khoa-hoc-charles-seife-duong-quoc-van-dich-bia-mem-p271790577.html,HAWKING HAWKING - Câu Chuyện Về Một Huyền Thoại Khoa Học - Charles Seife - Dương Quốc Văn dịch - (bìa mềm),0.0,0,399000,399000,,843
248561766,sach-hanh-trinh-ve-phuong-dong-bia-mem-nguyen-phong-first-news-p248561766,https://tiki.vn/sach-hanh-trinh-ve-phuong-dong-bia-mem-nguyen-phong-first-news-p248561766.html,Sách Hành Trình Về Phương Đông (Bìa Mềm) - Nguyên Phong - First News,0.0,0,118000,118000,,843
273714547,tuoi-tre-lac-loi-ban-quyen-p273714547,https://tiki.vn/tuoi-tre-lac-loi-ban-quyen-p273714547.html,Tuổi Trẻ Lạc Lối  - Bản Quyền,0.0,0,129000,129000,,843
270949415,stephen-king-chuyen-nghe-viet-va-goc-khuat-cuoc-doi-cua-ong-hoang-sach-kinh-di-nguyen-ha-an-dich-bia-mem-p270949415,https://tiki.vn/stephen-king-chuyen-nghe-viet-va-goc-khuat-cuoc-doi-cua-ong-hoang-sach-kinh-di-nguyen-ha-an-dich-bia-mem-p270949415.html,Stephen King - Chuyện Nghề Viết Và Góc Khuất Cuộc Đời Của Ông Hoàng Sách Kinh Dị - Nguyễn Hà An dịch - (bìa mềm),0.0,0,219000,219000,,843
186690352,lay-nuoc-duong-xa-phien-ban-sinh-nhat-15-nam-thaihabooks-_ban-dac-biet_tha-p186690352,https://tiki.vn/lay-nuoc-duong-xa-phien-ban-sinh-nhat-15-nam-thaihabooks-_ban-dac-biet_tha-p186690352.html,Lấy Nước Đường Xa (Phiên Bản Sinh Nhật 15 Năm ThaihaBooks)_Bản đặc biệt_THA,0.0,0,99000,99000,,843
133159457,co-be-nhin-mua-hoi-ky-cua-dang-thi-hanh-p133159457,https://tiki.vn/co-be-nhin-mua-hoi-ky-cua-dang-thi-hanh-p133159457.html,CÔ BÉ NHÌN MƯA - Hồi ký của Đặng Thị Hạnh,0.0,0,129000,129000,30.0,843
276959912,tran-bach-dang-cuoc-doi-va-ky-uc-tre-p276959912,https://tiki.vn/tran-bach-dang-cuoc-doi-va-ky-uc-tre-p276959912.html,Trần Bạch Đằng - Cuộc Đời Và Ký Ức - TRẺ,0.0,0,150000,150000,,843
177915299,chan-dung-mot-gian-diep-p177915299,https://tiki.vn/chan-dung-mot-gian-diep-p177915299.html,Chân Dung Một Gián Điệp,0.0,0,190000,190000,,843
178536685,nhat-ky-cua-mot-co-nang-tu-lap-p178536685,https://tiki.vn/nhat-ky-cua-mot-co-nang-tu-lap-p178536685.html,Nhật Ký Của Một Cô Nàng Tự Lập,0.0,0,99000,99000,,843
273713418,duong-toi-quoc-hoi-cua-nu-nghi-si-phap-goc-viet-dau-tien-phan-1-tieu-su-ban-quyen-p273713418,https://tiki.vn/duong-toi-quoc-hoi-cua-nu-nghi-si-phap-goc-viet-dau-tien-phan-1-tieu-su-ban-quyen-p273713418.html,Đường Tới Quốc Hội Của Nữ Nghị Sĩ Pháp Gốc Việt Đầu Tiên - Phần 1 : Tiểu Sử  - Bản Quyền,0.0,0,159000,159000,,843
263263692,sach-first-news-buoc-vao-cua-hieu-nhiem-mau-p263263692,https://tiki.vn/sach-first-news-buoc-vao-cua-hieu-nhiem-mau-p263263692.html,Bước Vào Cửa Hiệu Nhiệm Màu,0.0,0,148000,148000,,843
197653591,sach-renoir-cuoc-doi-va-tac-pham-qua-500-hinh-anh-ban-quyen-p197653591,https://tiki.vn/sach-renoir-cuoc-doi-va-tac-pham-qua-500-hinh-anh-ban-quyen-p197653591.html,Sách RENOIR: CUỘC ĐỜI VÀ TÁC PHẨM QUA 500 HÌNH ẢNH - BẢN QUYỀN,0.0,0,599000,599000,2.0,843
180316307,combo-tay-khong-gay-dung-co-do-nghiet-nga-va-thanh-cong-bo-2-cuon-p180316307,https://tiki.vn/combo-tay-khong-gay-dung-co-do-nghiet-nga-va-thanh-cong-bo-2-cuon-p180316307.html,Combo Tay Không Gây Dựng Cơ Đồ + Nghiệt Ngã Và Thành Công (Bộ 2 Cuốn),0.0,0,186000,186000,,843
261983826,hoi-ky-nguoi-thay-xay-truong-hanh-phuc-p261983826,https://tiki.vn/hoi-ky-nguoi-thay-xay-truong-hanh-phuc-p261983826.html,HỒI KÝ NGƯỜI THẦY XÂY TRƯỜNG HẠNH PHÚC,0.0,0,139000,139000,,843
171125387,combo-tac-pham-van-hoc-vien-tuong-xuat-sac-ranh-gioi-dinh-menh-ke-la-hoan-hao-p171125387,https://tiki.vn/combo-tac-pham-van-hoc-vien-tuong-xuat-sac-ranh-gioi-dinh-menh-ke-la-hoan-hao-p171125387.html,Combo tác phẩm văn học viễn tưởng xuất sắc: Ranh giới định mệnh + Kẻ Lạ Hoàn Hảo,0.0,0,338000,338000,,843
273713547,hoi-ky-tu-binh-thuong-truong-ban-quyen-p273713547,https://tiki.vn/hoi-ky-tu-binh-thuong-truong-ban-quyen-p273713547.html,Hồi Ký Tù Binh Thương Trường - Bản Quyền,0.0,0,159000,159000,1.0,843
178500991,moi-ngay-deu-dong-vai-mot-nguoi-lon-diem-tinh-p178500991,https://tiki.vn/moi-ngay-deu-dong-vai-mot-nguoi-lon-diem-tinh-p178500991.html,Mỗi Ngày Đều Đóng Vai Một Người Lớn Điềm Tĩnh,0.0,0,129000,129000,,843
204317892,diep-vien-hoan-hao-x6-pham-xuan-an-bia-cung-tai-ban-2022-p204317892,https://tiki.vn/diep-vien-hoan-hao-x6-pham-xuan-an-bia-cung-tai-ban-2022-p204317892.html,Điệp Viên Hoàn Hảo X6 - Phạm Xuân Ẩn - Bìa Cứng (Tái Bản 2022),0.0,0,188000,188000,,843
213691627,joe-biden-cuoc-doi-va-su-nghiep-ban-quyen-p213691627,https://tiki.vn/joe-biden-cuoc-doi-va-su-nghiep-ban-quyen-p213691627.html,Joe Biden Cuộc Đời Và Sự Nghiệp - Bản Quyền,0.0,0,139000,139000,,843
270703839,thoi-khac-tuoi-dep-p270703839,https://tiki.vn/thoi-khac-tuoi-dep-p270703839.html,Thời Khắc Tươi Đẹp,0.0,0,159000,159000,,843
178566787,joe-biden-cuoc-doi-va-su-nghiep-p178566787,https://tiki.vn/joe-biden-cuoc-doi-va-su-nghiep-p178566787.html,Joe Biden - Cuộc Đời Và Sự Nghiệp,0.0,0,139000,139000,,843
180316336,nghiet-nga-va-thanh-cong-p180316336,https://tiki.vn/nghiet-nga-va-thanh-cong-p180316336.html,Nghiệt Ngã Và Thành Công,0.0,0,88000,88000,,843
279214422,dam-phuong-nang-cong-nu-buoi-giao-thoi-p279214422,https://tiki.vn/dam-phuong-nang-cong-nu-buoi-giao-thoi-p279214422.html,Đạm Phương - Nàng Công Nữ Buổi Giao Thời,0.0,0,165000,165000,1.0,843
273383882,chan-tran-chi-thep_fn-p273383882,https://tiki.vn/chan-tran-chi-thep_fn-p273383882.html,Chân Trần Chí Thép_FN,0.0,0,168000,168000,,843
154225361,sai-gon-va-dai-dich-nhung-manh-ki-uc-p154225361,https://tiki.vn/sai-gon-va-dai-dich-nhung-manh-ki-uc-p154225361.html,SÀI GÒN VÀ ĐẠI DỊCH: NHỮNG MẢNH KÍ ỨC,0.0,0,99000,99000,,843
201034210,hon-ca-long-trung-thanh-p201034210,https://tiki.vn/hon-ca-long-trung-thanh-p201034210.html,Hơn cả lòng trung thành,0.0,0,175000,175000,,843
203845402,sach-toi-la-mot-con-lua-p203845402,https://tiki.vn/sach-toi-la-mot-con-lua-p203845402.html,Sách - Tôi Là Một Con Lừa,0.0,0,80000,80000,,843
182112241,joe-biden-hanh-trinh-keo-dai-nam-thap-ky-p182112241,https://tiki.vn/joe-biden-hanh-trinh-keo-dai-nam-thap-ky-p182112241.html,Joe Biden - Hành Trình Kéo Dài Năm Thập Kỷ,0.0,0,159000,159000,,843
160814427,giac-mo-viet-nam-toi-tap-2-con-mai-huong-xa-p160814427,https://tiki.vn/giac-mo-viet-nam-toi-tap-2-con-mai-huong-xa-p160814427.html,Giấc Mơ Việt Nam Tôi - Tập 2: Còn Mãi Hương Xa,0.0,0,239000,239000,,843
253137236,sach-quan-su-nhung-vu-an-p253137236,https://tiki.vn/sach-quan-su-nhung-vu-an-p253137236.html,"Sách Quân Sư & Những ""Vụ Án""",0.0,0,75000,75000,,843
272964632,combo-tu-du-thai-hau-quyen-ha-quyen-thuong-tac-gia-tran-thuy-mai-p272964632,https://tiki.vn/combo-tu-du-thai-hau-quyen-ha-quyen-thuong-tac-gia-tran-thuy-mai-p272964632.html,Combo Từ Dụ Thái Hậu (Quyển Hạ & Quyển Thượng) - Tác Giả Trần Thùy Mai,0.0,0,375000,375000,,843
260819717,xay-dung-truong-hoc-hanh-phuc-con-duong-toi-di-_al-p260819717,https://tiki.vn/xay-dung-truong-hoc-hanh-phuc-con-duong-toi-di-_al-p260819717.html,Xây Dựng Trường Học Hạnh Phúc - Con Đường Tôi Đi _AL,0.0,0,179000,179000,,843
179232099,bi-vo-bong-a-p179232099,https://tiki.vn/bi-vo-bong-a-p179232099.html,Bỉ Vỏ (Bông A),0.0,0,320000,320000,,843
116025306,ranh-gioi-dinh-menh-p116025306,https://tiki.vn/ranh-gioi-dinh-menh-p116025306.html,Ranh giới định mệnh,0.0,0,179000,179000,,843
273472109,tram-doc-keanu-reeves-ma-tran-cuoc-doi-bi-an-dang-sau-nguoi-dan-ong-tu-te-nhat-hanh-tinh-p273472109,https://tiki.vn/tram-doc-keanu-reeves-ma-tran-cuoc-doi-bi-an-dang-sau-nguoi-dan-ong-tu-te-nhat-hanh-tinh-p273472109.html,Trạm Đọc |Keanu Reeves - Ma Trận Cuộc Đời (Bí Ẩn Đằng Sau Người Đàn Ông Tử Tế Nhất Hành Tinh),0.0,0,168000,168000,,843
273379857,vanderbilt-tai-phiet-dau-tien-cua-nuoc-my-bia-cung-p273379857,https://tiki.vn/vanderbilt-tai-phiet-dau-tien-cua-nuoc-my-bia-cung-p273379857.html,Vanderbilt - Tài Phiệt Đầu Tiên Của Nước Mỹ (Bìa Cứng),0.0,0,499000,499000,,843
270480445,tinh-binh-tuong-nho-phi-nhung-bia-cung-p270480445,https://tiki.vn/tinh-binh-tuong-nho-phi-nhung-bia-cung-p270480445.html,Tịnh Bình - Tưởng Nhớ Phi Nhung (Bìa Cứng),0.0,0,450000,450000,,843
154225472,sai-gon-va-dai-dich-nhung-manh-ki-uc-p154225472,https://tiki.vn/sai-gon-va-dai-dich-nhung-manh-ki-uc-p154225472.html,SÀI GÒN VÀ ĐẠI DỊCH: NHỮNG MẢNH KÍ ỨC,0.0,0,99000,99000,,843
273463775,tram-doc-chuyen-cua-chung-toi-vo-hong-phuc-p273463775,https://tiki.vn/tram-doc-chuyen-cua-chung-toi-vo-hong-phuc-p273463775.html,Trạm Đọc | Chuyện Của Chúng Tôi - Võ Hồng Phúc,0.0,0,199000,199000,1.0,843
270874376,sach-hon-ca-hanh-phuc-special-edition-th-p270874376,https://tiki.vn/sach-hon-ca-hanh-phuc-special-edition-th-p270874376.html,Sách - Hơn cả hạnh phúc - Special Edition (TH),0.0,0,499000,499000,,843
274882551,doi-co-yeu-toi-p274882551,https://tiki.vn/doi-co-yeu-toi-p274882551.html,"Đời, Có Yêu Tôi?",5.0,1,199000,199000,3.0,843
1511435,sach-tren-nhung-nga-duong-doi-p1511435,https://tiki.vn/sach-tren-nhung-nga-duong-doi-p1511435.html,Sách Trên Những Ngả Đường Đời,0.0,0,35000,35000,,843
270810424,sach-tu-100-can-den-100-diem-6-buoc-giam-can-hieu-qua-target-100-tac-gia-liz-josefsberg-sgb-p270810424,https://tiki.vn/sach-tu-100-can-den-100-diem-6-buoc-giam-can-hieu-qua-target-100-tac-gia-liz-josefsberg-sgb-p270810424.html,Sách - Từ 100 cân đến 100 điểm: 6 bước giảm cân hiệu quả (Target 100) - Tác giả: Liz Josefsberg (SGB),0.0,0,108000,108000,,843
278741848,tieng-hat-trong-phong-mo-tap-2-p278741848,https://tiki.vn/tieng-hat-trong-phong-mo-tap-2-p278741848.html,Tiếng Hát Trong Phòng Mổ - Tập 2,0.0,0,199000,199000,1.0,843
279601865,sach-noi-tui-nho-thay-mua-he-p279601865,https://tiki.vn/sach-noi-tui-nho-thay-mua-he-p279601865.html,Sách - Nơi tụi nhỏ giấu mùa hè,0.0,0,110000,110000,,843
276335070,long-toi-nhe-khi-me-roi-xa-p276335070,https://tiki.vn/long-toi-nhe-khi-me-roi-xa-p276335070.html,Lòng Tôi Nhẹ Khi Mẹ Rời Xa,0.0,0,198000,198000,,843
271580438,cau-chuyen-linh-hon-chuyen-du-ngoan-ky-bi-va-mau-nhiem-ve-muc-dich-cuoc-doi-p271580438,https://tiki.vn/cau-chuyen-linh-hon-chuyen-du-ngoan-ky-bi-va-mau-nhiem-ve-muc-dich-cuoc-doi-p271580438.html,Câu Chuyện Linh Hồn - Chuyến Du Ngoạn Kỳ Bí Và Mầu Nhiệm Về Mục Đích Cuộc Đời,0.0,0,128000,128000,,843
271580743,ngu-duoc-nhat-ky-trong-chau-ban-trieu-nguyen-p271580743,https://tiki.vn/ngu-duoc-nhat-ky-trong-chau-ban-trieu-nguyen-p271580743.html, Ngự Dược Nhật ký Trong Châu Bản Triều Nguyễn,0.0,0,240000,240000,3.0,843
176080845,nikola-tesla-thien-tai-hao-phong-va-cuoc-chien-dong-dien-tai-ban-2022-p176080845,https://tiki.vn/nikola-tesla-thien-tai-hao-phong-va-cuoc-chien-dong-dien-tai-ban-2022-p176080845.html,Nikola Tesla - Thiên Tài Hào Phóng Và Cuộc Chiến Dòng Điện (Tái Bản 2022),0.0,0,150000,150000,2.0,843
275937374,than-em-hoi-ki-emily-ratajkowski-san-ho-books-p275937374,https://tiki.vn/than-em-hoi-ki-emily-ratajkowski-san-ho-books-p275937374.html,Thân Em | Hồi Kí | Emily Ratajkowski | San Hô Books,0.0,0,150000,150000,1.0,843
215087186,bao-dai-hoang-de-cuoi-cung-tac-gia-ly-nhan-phan-thu-lang-p215087186,https://tiki.vn/bao-dai-hoang-de-cuoi-cung-tac-gia-ly-nhan-phan-thu-lang-p215087186.html,Bảo Đại - Hoàng đế cuối cùng - Tác giả: Lý Nhân Phan Thứ Lang,0.0,0,98000,98000,,843
3794479,sach-ngoi-tu-kham-lon-p3794479,https://tiki.vn/sach-ngoi-tu-kham-lon-p3794479.html,Sách Ngồi Tù Khám Lớn,0.0,0,86000,86000,,843
196186255,sach-tu-truyen-david-beckham-goc-canh-doi-toi-p196186255,https://tiki.vn/sach-tu-truyen-david-beckham-goc-canh-doi-toi-p196186255.html,Sách: Tự Truyện David Beckham - Góc Cạnh Đời Tôi,0.0,0,198100,198100,1.0,843
272481143,sach-khong-diet-khong-sinh-dung-so-hai-phien-ban-dac-biet-thien-su-thich-nhat-hanh-p272481143,https://tiki.vn/sach-khong-diet-khong-sinh-dung-so-hai-phien-ban-dac-biet-thien-su-thich-nhat-hanh-p272481143.html,Sách Không Diệt Không Sinh Đừng Sợ Hãi Phiên Bản Đặc Biệt - Thiền sư Thích Nhất Hạnh,0.0,0,260900,260900,,843
279562018,tro-choi-doat-mang-p279562018,https://tiki.vn/tro-choi-doat-mang-p279562018.html,Trò Chơi Đoạt Mạng,0.0,0,120150,120150,,843
279580349,nuoc-anh-qua-cac-thoi-dai-tu-cuoc-chien-chong-julius-caesar-toi-de-che-toan-cau-p279580349,https://tiki.vn/nuoc-anh-qua-cac-thoi-dai-tu-cuoc-chien-chong-julius-caesar-toi-de-che-toan-cau-p279580349.html,Nước Anh Qua Các Thời Đại - Từ Cuộc Chiến Chống Julius Caesar Tới Đế Chế Toàn Cầu - ,0.0,0,455900,455900,,843
222662808,combo-mot-nguoi-viet-tram-lang-diep-vien-hoan-hao-x6-pham-xuan-an-bo-2-cuon-p222662808,https://tiki.vn/combo-mot-nguoi-viet-tram-lang-diep-vien-hoan-hao-x6-pham-xuan-an-bo-2-cuon-p222662808.html,Combo Một Người Việt Trầm Lặng + Điệp Viên Hoàn Hảo X6 - Phạm Xuân Ẩn (Bộ 2 Cuốn),0.0,0,280000,280000,,843
249659256,xay-dung-truong-hoc-hanh-phuc-sach-ban-quyen-p249659256,https://tiki.vn/xay-dung-truong-hoc-hanh-phuc-sach-ban-quyen-p249659256.html,Xây Dựng Trường Học Hạnh Phúc (*** Sách Bản Quyền ***),0.0,0,179000,179000,,843
194586052,sach-su-ky-tu-ma-thien-ban-dich-quoc-ngu-dau-tien-nam-giap-than-1944-p194586052,https://tiki.vn/sach-su-ky-tu-ma-thien-ban-dich-quoc-ngu-dau-tien-nam-giap-than-1944-p194586052.html,Sách: Sử Ký Tư Mã Thiên - Bản Dịch Quốc Ngữ Đầu Tiên Năm Giáp Thân (1944),0.0,0,125300,125300,,843
186692828,fryderyk-chopin-cuoc-doi-va-thoi-dai-alan-walker-p186692828,https://tiki.vn/fryderyk-chopin-cuoc-doi-va-thoi-dai-alan-walker-p186692828.html,Fryderyk Chopin - Cuộc Đời Và Thời Đại (Alan Walker),0.0,0,499000,499000,,843
279576346,sach-tinh-thanh-trung-quoc-di-ra-the-gioi-bht-p279576346,https://tiki.vn/sach-tinh-thanh-trung-quoc-di-ra-the-gioi-bht-p279576346.html,Sách - Tỉnh thành Trung Quốc đi ra thế giới - BHT,0.0,0,176000,176000,,843
279580347,nuoc-anh-qua-cac-thoi-dai-tu-cuoc-chien-chong-julius-caesar-toi-de-che-toan-cau-p279580347,https://tiki.vn/nuoc-anh-qua-cac-thoi-dai-tu-cuoc-chien-chong-julius-caesar-toi-de-che-toan-cau-p279580347.html,Nước Anh Qua Các Thời Đại - Từ Cuộc Chiến Chống Julius Caesar Tới Đế Chế Toàn Cầu - ,0.0,0,456000,456000,,843
262734898,sach-ke-chuyen-cuoc-doi-cac-thien-tai-alexander-popov-chinh-phuc-khoang-khong-ban-quyen-p262734898,https://tiki.vn/sach-ke-chuyen-cuoc-doi-cac-thien-tai-alexander-popov-chinh-phuc-khoang-khong-ban-quyen-p262734898.html,Sách Kể Chuyện Cuộc Đời Các Thiên Tài: Alexander Popov - Chinh Phục Khoảng Không - Bàn Quyền,0.0,0,69000,69000,,843
279601070,ho-chi-minh-vi-dai-mot-con-nguoi-tai-ban-co-chinh-sua-p279601070,https://tiki.vn/ho-chi-minh-vi-dai-mot-con-nguoi-tai-ban-co-chinh-sua-p279601070.html,"Hồ Chí Minh - Vĩ đại một con người (Tái bản, có chỉnh sửa)",0.0,0,119000,119000,,843
279601080,viet-nam-que-huong-thu-hai-cua-toi-hoi-ky-xuat-ban-lan-thu-hai-p279601080,https://tiki.vn/viet-nam-que-huong-thu-hai-cua-toi-hoi-ky-xuat-ban-lan-thu-hai-p279601080.html,Việt Nam - Quê hương thứ hai của tôi (Hồi ký) (Xuất bản lần thứ hai),0.0,0,249000,249000,,843
201385942,sach-su-ky-tu-ma-thien-ban-dich-quoc-ngu-dau-tien-nam-giap-than-1944-p201385942,https://tiki.vn/sach-su-ky-tu-ma-thien-ban-dich-quoc-ngu-dau-tien-nam-giap-than-1944-p201385942.html,Sách - Sử ký Tư Mã Thiên - Bản Dịch Quốc Ngữ Đầu Tiên Năm Giáp Thân 1944 ( Bách Việt) - Sách lịch sử,0.0,0,125300,125300,,843
177617351,bot-dien-thoai-ben-ria-the-gioi-p177617351,https://tiki.vn/bot-dien-thoai-ben-ria-the-gioi-p177617351.html,Bốt Điện Thoại Bên Rìa Thế Giới,0.0,0,123225,123225,,843
224038763,combo-3-cuon-sach-chan-tran-chi-thep-diep-vien-hoan-hao-x6-mot-nguoi-viet-tram-lang-p224038763,https://tiki.vn/combo-3-cuon-sach-chan-tran-chi-thep-diep-vien-hoan-hao-x6-mot-nguoi-viet-tram-lang-p224038763.html,Combo 3 cuốn sách:  Chân Trần Chí Thép +Điệp Viên Hoàn Hảo X6 + Một Người Việt Trầm Lặng,0.0,0,438000,438000,,843
277272112,ha-noi-mot-thuo-pho-va-nguoi-p277272112,https://tiki.vn/ha-noi-mot-thuo-pho-va-nguoi-p277272112.html,Hà Nội Một Thuở Phố Và Người,0.0,0,143363,143363,,843
