id,url_key,url,name,rating_average,review_count,original_price,price,quantity_sold,category_id
602283,sach-gia-huan-ca-tuong-chu-p602283,https://tiki.vn/sach-gia-huan-ca-tuong-chu-p602283.html,Sách Gia Huấn Ca Tường Chú,4.7,27,75000,65000,342.0,5244
214756334,sach-nhung-nguoi-muon-nam-chua-cu-p214756334,https://tiki.vn/sach-nhung-nguoi-muon-nam-chua-cu-p214756334.html,Sách Những Người Muôn Năm Chưa Cũ,5.0,1,239000,143000,9.0,5244
216380594,xa-hoi-tinh-tao-p216380594,https://tiki.vn/xa-hoi-tinh-tao-p216380594.html,Xã Hội Tỉnh Táo,0.0,0,268000,227000,11.0,5244
221711313,xa-hoi-tinh-tao-erich-fromm-p221711313,https://tiki.vn/xa-hoi-tinh-tao-erich-fromm-p221711313.html,Xã Hội Tỉnh Táo - ERICH FROMM,0.0,0,268000,227000,2.0,5244
274163238,sach-tieng-viet-an-tinh-tap-1-p274163238,https://tiki.vn/sach-tieng-viet-an-tinh-tap-1-p274163238.html,Sách Tiếng Việt Ân Tình Tập 1,4.8,8,169000,118900,384.0,5244
278315429,sach-tieng-viet-giau-dep-tieng-viet-la-ma-quen-p278315429,https://tiki.vn/sach-tieng-viet-giau-dep-tieng-viet-la-ma-quen-p278315429.html,Sách Tiếng Việt Giàu Đẹp - Tiếng Việt - Lạ Mà Quen,4.0,1,125000,100000,44.0,5244
277923262,sach-tro-chuyen-voi-hoa-thuy-tien-va-p277923262,https://tiki.vn/sach-tro-chuyen-voi-hoa-thuy-tien-va-p277923262.html,Sách Trò chuyện với hoa thủy tiên và...,4.8,4,145000,118000,70.0,5244
249766452,sach-150-thuat-ngu-van-hoc-bia-mem-tai-ban-p249766452,https://tiki.vn/sach-150-thuat-ngu-van-hoc-bia-mem-tai-ban-p249766452.html,Sách 150 thuật ngữ văn học (bìa mềm) - tái bản,4.5,9,120000,80400,88.0,5244
107798677,sach-tieng-viet-van-viet-nguoi-viet-tai-ban-nam-2021-p107798677,https://tiki.vn/sach-tieng-viet-van-viet-nguoi-viet-tai-ban-nam-2021-p107798677.html,Sách Tiếng Việt - Văn Việt - Người Việt (Tái bản năm 2021),5.0,26,179000,135000,287.0,5244
53772001,ben-le-sach-cu-bia-cung-tai-ban-2020-p53772001,https://tiki.vn/ben-le-sach-cu-bia-cung-tai-ban-2020-p53772001.html,Bên Lề Sách Cũ - Bìa Cứng (Tái Bản 2020),4.8,44,130000,111150,254.0,5244
136235818,yeu-sach-cua-antigone-than-toc-giua-su-song-va-cai-chet-p136235818,https://tiki.vn/yeu-sach-cua-antigone-than-toc-giua-su-song-va-cai-chet-p136235818.html,Yêu Sách Của Antigone: Thân Tộc Giữa Sự Sống Và Cái Chết,5.0,25,130000,96200,220.0,5244
273573152,sach-papillon-nguoi-tu-kho-sai-bia-mem-p273573152,https://tiki.vn/sach-papillon-nguoi-tu-kho-sai-bia-mem-p273573152.html,Sách - PAPILLON - Người tù khổ sai (bìa mềm),5.0,1,250000,169700,12.0,5244
723861,sach-kinh-dich-p723861,https://tiki.vn/sach-kinh-dich-p723861.html,Sách Kinh Dịch,5.0,1,285000,193500,101.0,5244
13624070,sach-quoc-van-giao-khoa-thu-tai-ban-p13624070,https://tiki.vn/sach-quoc-van-giao-khoa-thu-tai-ban-p13624070.html,Sách Quốc Văn Giáo Khoa Thư ( Tái Bản ),4.8,83,165000,123000,814.0,5244
168303298,sach-ngon-ngu-va-than-xac-p168303298,https://tiki.vn/sach-ngon-ngu-va-than-xac-p168303298.html,Sách Ngôn Ngữ Và Thân Xác,5.0,14,65000,50000,160.0,5244
10075761,sach-nhung-tieu-luan-triet-hoc-philosophy-essays-bertrand-russell-ired-books-p10075761,https://tiki.vn/sach-nhung-tieu-luan-triet-hoc-philosophy-essays-bertrand-russell-ired-books-p10075761.html,Sách Những Tiểu Luận Triết Học (Philosophy Essays) - Bertrand Russell - IRED Books,4.3,7,130000,89300,483.0,5244
187827434,sach-bui-xuan-phai-con-mat-cua-trai-tim-p187827434,https://tiki.vn/sach-bui-xuan-phai-con-mat-cua-trai-tim-p187827434.html,Sách Bùi Xuân Phái - Con mắt của trái tim,5.0,10,180000,136000,103.0,5244
273921638,sach-my-hoc-cua-nguyen-du-p273921638,https://tiki.vn/sach-my-hoc-cua-nguyen-du-p273921638.html,Sách Mỹ học của Nguyễn Du,5.0,4,80000,66000,81.0,5244
101078280,sach-nguyen-hien-le-tac-pham-dang-bao-ben-le-con-chu-p101078280,https://tiki.vn/sach-nguyen-hien-le-tac-pham-dang-bao-ben-le-con-chu-p101078280.html,Sách Nguyễn Hiến Lê - Tác Phẩm Đăng Báo: Bên Lề Con Chữ,5.0,19,275000,210000,109.0,5244
168303291,sach-ca-tung-than-xac-p168303291,https://tiki.vn/sach-ca-tung-than-xac-p168303291.html,Sách Ca Tụng Thân Xác,4.8,12,70000,55000,145.0,5244
596632,sach-cuoc-phieu-luu-tu-tuong-van-hoc-chau-au-the-ky-xx-1900-1959-p596632,https://tiki.vn/sach-cuoc-phieu-luu-tu-tuong-van-hoc-chau-au-the-ky-xx-1900-1959-p596632.html,Sách Cuộc Phiêu Lưu Tư Tưởng Văn Học Châu Âu Thế Kỷ XX (1900-1959),4.5,4,120000,83900,130.0,5244
149531835,sach-ai-lam-dau-tieng-viet-p149531835,https://tiki.vn/sach-ai-lam-dau-tieng-viet-p149531835.html,Sách Ai Làm Đau Tiếng Việt?,5.0,16,55000,39000,190.0,5244
3858097,sach-phe-binh-ki-hieu-hoc-doc-van-nhu-la-hanh-trinh-tai-thiet-ngon-ngu-p3858097,https://tiki.vn/sach-phe-binh-ki-hieu-hoc-doc-van-nhu-la-hanh-trinh-tai-thiet-ngon-ngu-p3858097.html,Sách Phê Bình Kí Hiệu Học - Đọc Văn Như Là Hành Trình Tái Thiết Ngôn Ngữ,5.0,38,120000,91200,485.0,5244
279241447,sai-gon-chuyen-nghe-bao-bien-khao-p279241447,https://tiki.vn/sai-gon-chuyen-nghe-bao-bien-khao-p279241447.html,Sài Gòn Chuyện Nghề Báo - Biên Khảo,0.0,0,190000,147000,3.0,5244
77665538,sach-van-hoc-dan-gian-vinh-long-tap-2-p77665538,https://tiki.vn/sach-van-hoc-dan-gian-vinh-long-tap-2-p77665538.html,Sách Văn Học Dân Gian Vĩnh Long - Tập 2,5.0,3,130000,94000,21.0,5244
278169846,tu-sach-gioi-va-phat-trien-phu-nu-ban-ve-van-de-phu-nu-tren-phu-nu-tan-van-p278169846,https://tiki.vn/tu-sach-gioi-va-phat-trien-phu-nu-ban-ve-van-de-phu-nu-tren-phu-nu-tan-van-p278169846.html,Tủ Sách Giới Và Phát Triển: Phụ Nữ Bàn Về Vấn Đề Phụ Nữ Trên Phụ Nữ Tân Văn,5.0,1,279000,190300,12.0,5244
149531825,sach-van-hoc-nam-bo-1945-1954-p149531825,https://tiki.vn/sach-van-hoc-nam-bo-1945-1954-p149531825.html,Sách Văn Học Nam Bộ 1945 - 1954,5.0,8,150000,112000,52.0,5244
49723342,sach-lai-rai-chen-ruou-giang-ho-tan-man-ve-vo-hiep-kim-dung-tai-ban-lan-3-p49723342,https://tiki.vn/sach-lai-rai-chen-ruou-giang-ho-tan-man-ve-vo-hiep-kim-dung-tai-ban-lan-3-p49723342.html,Sách Lai Rai Chén Rượu Giang Hồ - Tản Mạn Về Võ Hiệp Kim Dung (Tái Bản Lần 3),5.0,57,145000,116850,303.0,5244
145092091,sach-co-hoc-tinh-hoa-bia-cung-tai-ban-p145092091,https://tiki.vn/sach-co-hoc-tinh-hoa-bia-cung-tai-ban-p145092091.html,Sách Cổ Học Tinh Hoa (Bìa Cứng) (Tái Bản),5.0,41,135000,95200,289.0,5244
101078287,sach-nguyen-hien-le-tac-pham-dang-bao-theo-dong-thoi-cuoc-p101078287,https://tiki.vn/sach-nguyen-hien-le-tac-pham-dang-bao-theo-dong-thoi-cuoc-p101078287.html,Sách Nguyễn Hiến Lê - Tác Phẩm Đăng Báo: Theo Dòng Thời Cuộc,5.0,23,250000,187000,99.0,5244
158745357,sach-cai-thien-hanh-trinh-kiem-tim-tu-nga-chan-chinh-p158745357,https://tiki.vn/sach-cai-thien-hanh-trinh-kiem-tim-tu-nga-chan-chinh-p158745357.html,Sách Cái Thiện - Hành Trình Kiếm Tìm Tự Ngã Chân Chính,4.2,9,120000,102600,85.0,5244
2158833,combo-chuyen-dong-chuyen-tay-tron-bo-4-cuon-p2158833,https://tiki.vn/combo-chuyen-dong-chuyen-tay-tron-bo-4-cuon-p2158833.html,Combo Chuyện Đông Chuyện Tây (Trọn Bộ 4 Cuốn),4.6,46,759000,593000,682.0,5244
63837859,sach-rong-choi-cung-u-mong-anh-p63837859,https://tiki.vn/sach-rong-choi-cung-u-mong-anh-p63837859.html,Sách Rong Chơi Cùng U Mộng Ảnh,4.5,18,135000,99000,114.0,5244
262477158,sach-150-thuat-ngu-van-hoc-p262477158,https://tiki.vn/sach-150-thuat-ngu-van-hoc-p262477158.html,Sách 150 Thuật Ngữ Văn Học,5.0,3,165000,156750,33.0,5244
49748162,truyen-kieu-ban-duy-minh-thi-1872-p49748162,https://tiki.vn/truyen-kieu-ban-duy-minh-thi-1872-p49748162.html,Truyện Kiều Bản Duy Minh Thị 1872,4.2,11,220000,170000,132.0,5244
278373370,sach-cuoc-tien-hoa-van-hoc-viet-nam-p278373370,https://tiki.vn/sach-cuoc-tien-hoa-van-hoc-viet-nam-p278373370.html,Sách Cuộc Tiến Hóa Văn Học Việt Nam,0.0,0,125000,94000,2.0,5244
274076164,sach-ho-tro-thanh-nhan-vat-cua-toi-ho-anh-thai-nxb-tre-p274076164,https://tiki.vn/sach-ho-tro-thanh-nhan-vat-cua-toi-ho-anh-thai-nxb-tre-p274076164.html,Sách HỌ TRỞ THÀNH NHÂN VẬT CỦA TÔI – Hồ Anh Thái - NXB Trẻ,5.0,2,175000,136000,11.0,5244
655956,sach-hop-tuyen-van-hoc-dan-gian-han-quoc-p655956,https://tiki.vn/sach-hop-tuyen-van-hoc-dan-gian-han-quoc-p655956.html,Sách Hợp Tuyển Văn Học Dân Gian Hàn Quốc,4.8,12,160000,130000,264.0,5244
275900061,truyen-kieu-o-nam-bo-p275900061,https://tiki.vn/truyen-kieu-o-nam-bo-p275900061.html,Truyện Kiều Ở Nam Bộ,5.0,7,170000,128000,8.0,5244
279076767,sach-doc-duong-3-p279076767,https://tiki.vn/sach-doc-duong-3-p279076767.html,Sách Dọc Đường 3,5.0,2,206000,148320,40.0,5244
126743457,sach-chuyen-chi-day-p126743457,https://tiki.vn/sach-chuyen-chi-day-p126743457.html,Sách Chuyện Chi Đây,5.0,2,129000,83850,12.0,5244
77665448,sach-van-hoc-dan-gian-vinh-long-t1-p77665448,https://tiki.vn/sach-van-hoc-dan-gian-vinh-long-t1-p77665448.html,Sách Văn Học Dân Gian Vĩnh Long T1,5.0,2,99000,72000,20.0,5244
158745365,sach-dung-lai-con-nguoi-loi-cua-ke-si-p158745365,https://tiki.vn/sach-dung-lai-con-nguoi-loi-cua-ke-si-p158745365.html,Sách Dựng Lại Con Người - Lời Của Kẻ Sĩ,5.0,4,130000,94000,33.0,5244
9948856,sach-van-dan-bao-giam-p9948856,https://tiki.vn/sach-van-dan-bao-giam-p9948856.html,Sách Văn Đàn Bảo Giám,4.6,18,250000,176000,275.0,5244
241911844,sach-tieng-viet-van-viet-nguoi-viet-p241911844,https://tiki.vn/sach-tieng-viet-van-viet-nguoi-viet-p241911844.html,Sách Tiếng Việt - Văn Việt - Người Việt,5.0,5,179000,135000,65.0,5244
206673082,sach-huong-sac-trong-vuon-van-p206673082,https://tiki.vn/sach-huong-sac-trong-vuon-van-p206673082.html,Sách Hương sắc trong vườn văn,5.0,9,228000,166000,75.0,5244
279237242,moi-truong-keu-cuu-van-chuong-dap-loi-van-hoc-su-viet-nam-p279237242,https://tiki.vn/moi-truong-keu-cuu-van-chuong-dap-loi-van-hoc-su-viet-nam-p279237242.html,"Môi Trường Kêu Cứu, Văn Chương Đáp Lời (Văn Học Sử Việt Nam) ",0.0,0,160000,124000,2.0,5244
85560152,sach-de-thanh-nha-van-tai-ban-2021-p85560152,https://tiki.vn/sach-de-thanh-nha-van-tai-ban-2021-p85560152.html,Sách Để Thành Nhà Văn (Tái Bản 2021),5.0,138,50000,39000,1028.0,5244
160542938,sach-tho-vua-va-suy-ngam-p160542938,https://tiki.vn/sach-tho-vua-va-suy-ngam-p160542938.html,Sách Thơ Vua Và Suy Ngẫm,5.0,2,329000,272000,29.0,5244
57913621,sach-viet-khi-tam-dac-tieu-luan-phe-binh-chan-dung-van-hoc-p57913621,https://tiki.vn/sach-viet-khi-tam-dac-tieu-luan-phe-binh-chan-dung-van-hoc-p57913621.html,"Sách Viết Khi Tâm Đắc (Tiểu Luận, Phê Bình, Chân Dung Văn Học)",5.0,35,139000,96000,222.0,5244
74542718,sach-tuong-kim-van-kieu-p74542718,https://tiki.vn/sach-tuong-kim-van-kieu-p74542718.html,Sách Tuồng Kim Vân Kiều,0.0,0,199000,152000,16.0,5244
277483587,sach-thi-nhan-viet-nam-p277483587,https://tiki.vn/sach-thi-nhan-viet-nam-p277483587.html,Sách Thi Nhân Việt Nam,0.0,0,150000,116800,12.0,5244
169490162,sach-hai-quoc-tu-chuong-tung-thu-van-hoc-bien-dao-viet-nam-p169490162,https://tiki.vn/sach-hai-quoc-tu-chuong-tung-thu-van-hoc-bien-dao-viet-nam-p169490162.html,Sách Hải Quốc Từ Chương (Tùng Thư Văn Học Biển Đảo Việt Nam),1.0,1,860000,702000,10.0,5244
272122717,sach-neo-chu-p272122717,https://tiki.vn/sach-neo-chu-p272122717.html,Sách Neo Chữ,5.0,1,200000,147000,17.0,5244
275238605,sach-ochna-in-the-front-yard-fascinating-stories-about-hue-an-ancient-poetic-and-glamorous-land-p275238605,https://tiki.vn/sach-ochna-in-the-front-yard-fascinating-stories-about-hue-an-ancient-poetic-and-glamorous-land-p275238605.html,"Sách Ochna in the front yard: Fascinating stories about Huế - an ancient, poetic and glamorous land",0.0,0,185000,130500,,5244
111582636,sach-90-chan-dung-van-hoa-van-chuong-viet-p111582636,https://tiki.vn/sach-90-chan-dung-van-hoa-van-chuong-viet-p111582636.html,Sách 90 Chân Dung Văn Hóa Văn Chương Việt,4.6,13,295000,253000,42.0,5244
263626788,tieng-viet-van-viet-nguoi-viet-tai-ban-nam-2023-p263626788,https://tiki.vn/tieng-viet-van-viet-nguoi-viet-tai-ban-nam-2023-p263626788.html,  Tiếng Việt - Văn Việt - Người Việt (Tái bản năm 2023),0.0,0,179000,179000,,5244
63126433,bui-giang-tuyen-tap-luan-de-p63126433,https://tiki.vn/bui-giang-tuyen-tap-luan-de-p63126433.html,Bùi Giáng-Tuyển Tập Luận Đề,4.8,38,238000,171000,219.0,5244
276636795,hanh-trinh-nguoi-viet-cau-truc-than-thoai-kinh-dien-trong-sang-tac-an-ban-ky-niem-25-nam-p276636795,https://tiki.vn/hanh-trinh-nguoi-viet-cau-truc-than-thoai-kinh-dien-trong-sang-tac-an-ban-ky-niem-25-nam-p276636795.html,Hành Trình Người Viết - Cấu Trúc Thần Thoại Kinh Điển Trong Sáng Tác (Ấn bản kỷ niệm 25 năm),0.0,0,369000,369000,13.0,5244
125924594,sach-tieng-nguoi-trong-van-hoi-uc-van-chuong-p125924594,https://tiki.vn/sach-tieng-nguoi-trong-van-hoi-uc-van-chuong-p125924594.html,Sách Tiếng Người Trong Văn (Hồi Ức Văn Chương),0.0,0,120000,120000,1.0,5244
184466402,haruki-murakami-va-am-nhac-cua-ngon-tu-p184466402,https://tiki.vn/haruki-murakami-va-am-nhac-cua-ngon-tu-p184466402.html,Haruki Murakami Và Âm Nhạc Của Ngôn Từ,5.0,9,448000,308500,76.0,5244
279134328,co-chu-ky-tac-gia-hau-chinh-danh-pham-luu-vu-nxb-hoi-nha-van-p279134328,https://tiki.vn/co-chu-ky-tac-gia-hau-chinh-danh-pham-luu-vu-nxb-hoi-nha-van-p279134328.html,(Có chữ ký tác giả) HẬU CHÍNH DANH – Phạm Lưu Vũ – NXB Hội Nhà Văn,4.0,1,379000,379000,6.0,5244
271088906,thien-ha-chi-vuong-tieu-thuyet-lich-su-p271088906,https://tiki.vn/thien-ha-chi-vuong-tieu-thuyet-lich-su-p271088906.html,Thiên hạ chi vương( Tiểu thuyết lịch sử),0.0,0,48000,48000,2.0,5244
16176301,tho-dieu-hon-cau-truc-binh-tho-tieu-luan-p16176301,https://tiki.vn/tho-dieu-hon-cau-truc-binh-tho-tieu-luan-p16176301.html,"Thơ điệu hồn & cấu trúc - Bình thơ, tiểu luận",4.7,187,179000,179000,1061.0,5244
278539273,sach-tu-sach-thanh-nien-mai-mai-tuoi-hai-muoi-nhat-ky-thoi-chien-viet-nam-p278539273,https://tiki.vn/sach-tu-sach-thanh-nien-mai-mai-tuoi-hai-muoi-nhat-ky-thoi-chien-viet-nam-p278539273.html,Sách - Tủ Sách Thanh Niên - Mãi Mãi Tuổi Hai Mươi - Nhật Ký Thời Chiến Việt Nam,5.0,1,80000,76000,27.0,5244
10917211,thi-phap-hoc-p10917211,https://tiki.vn/thi-phap-hoc-p10917211.html,Thi Pháp Học ,5.0,1,160000,160000,6.0,5244
15192190,xa-hoi-hoc-van-hoc-p15192190,https://tiki.vn/xa-hoi-hoc-van-hoc-p15192190.html,Xã hội học văn học ,5.0,7,100000,100000,110.0,5244
278744200,tu-su-hoc-hau-kinh-dien-o-viet-nam-nhung-chuyen-doi-he-hinh-trong-nghien-cuu-truyen-ke-tap-1-p278744200,https://tiki.vn/tu-su-hoc-hau-kinh-dien-o-viet-nam-nhung-chuyen-doi-he-hinh-trong-nghien-cuu-truyen-ke-tap-1-p278744200.html,Tự Sự Học Hậu Kinh Điển Ở Việt Nam : Những Chuyển Đổi Hệ Hình Trong Nghiên Cứu Truyện Kể - Tập 1,0.0,0,260000,247000,34.0,5244
51491718,sach-tu-thu-tron-bo-4-tap-dai-hoc-trung-dung-luan-ngu-manh-tu-p51491718,https://tiki.vn/sach-tu-thu-tron-bo-4-tap-dai-hoc-trung-dung-luan-ngu-manh-tu-p51491718.html,Sách Tứ Thư - Trọn Bộ 4 Tập : Đại Học - Trung Dung - Luận Ngữ - Mạnh Tử,4.8,5,290000,290000,27.0,5244
278051301,sach-tri-thuc-va-truong-thanh-p278051301,https://tiki.vn/sach-tri-thuc-va-truong-thanh-p278051301.html,Sách - Tri Thức Và Trưởng Thành,4.8,4,183000,164700,64.0,5244
275044610,nhap-mon-van-hoc-va-tre-em-kimberly-reynolds-tu-sach-phe-binh-van-hoc-p275044610,https://tiki.vn/nhap-mon-van-hoc-va-tre-em-kimberly-reynolds-tu-sach-phe-binh-van-hoc-p275044610.html,Nhập môn Văn học Trẻ em - Kimberly Reynolds (tủ sách Phê bình Văn học),3.0,2,131000,131000,50.0,5244
205161901,ly-do-cua-hy-vong-huu-thinh-tieu-luan-phe-binh-van-hoc-p205161901,https://tiki.vn/ly-do-cua-hy-vong-huu-thinh-tieu-luan-phe-binh-van-hoc-p205161901.html,Lý Do Của Hy Vọng - Hữu Thỉnh (Tiểu Luận Phê Bình Văn Học),3.0,2,86000,86000,14.0,5244
128955743,chu-nghia-thuc-dung-bia-mem-p128955743,https://tiki.vn/chu-nghia-thuc-dung-bia-mem-p128955743.html,Chủ nghĩa thực dụng - Bìa mềm,4.8,13,140400,140400,110.0,5244
262904704,tu-thu-tron-bo-dai-hoc-trung-dung-luan-ngu-manh-tu-p262904704,https://tiki.vn/tu-thu-tron-bo-dai-hoc-trung-dung-luan-ngu-manh-tu-p262904704.html,Tứ Thư (trọn bộ): Đại Học - Trung Dung - Luận Ngữ - Mạnh Tử,5.0,2,285000,285000,12.0,5244
276900176,nha-van-va-cuoc-song-so-24-xuan-at-ty-2025-p276900176,https://tiki.vn/nha-van-va-cuoc-song-so-24-xuan-at-ty-2025-p276900176.html,Nhà văn và Cuộc sống số 24 - Xuân Ất Tỵ 2025,0.0,0,99000,99000,6.0,5244
129666229,da-mang-mot-coi-long-khong-yen-dinh-tieu-luan-phe-binh-chan-dung-p129666229,https://tiki.vn/da-mang-mot-coi-long-khong-yen-dinh-tieu-luan-phe-binh-chan-dung-p129666229.html,Đa mang một cõi lòng không yên định (Tiểu luận - Phê bình - Chân dung),4.6,28,179000,179000,209.0,5244
46825302,su-that-va-dien-giai-p46825302,https://tiki.vn/su-that-va-dien-giai-p46825302.html,Sự Thật Và Diễn Giải,4.8,10,153000,153000,80.0,5244
279166472,rung-kho-suoi-can-bien-doc-va-van-chuong-nguyen-thi-tinh-thy-p279166472,https://tiki.vn/rung-kho-suoi-can-bien-doc-va-van-chuong-nguyen-thi-tinh-thy-p279166472.html,"RỪNG KHÔ, SUỐI CẠN, BIỂN ĐỘC… VÀ VĂN CHƯƠNG Nguyễn Thị Tịnh Thy",5.0,1,189000,189000,2.0,5244
12705534,nhu-thu-vui-tra-dao-p12705534,https://tiki.vn/nhu-thu-vui-tra-dao-p12705534.html,Như thú vui trà đạo,0.0,0,89000,89000,3.0,5244
275941092,phe-binh-van-hoc-tu-co-dien-den-hien-dai-bia-cung-mai-quoc-lien-p275941092,https://tiki.vn/phe-binh-van-hoc-tu-co-dien-den-hien-dai-bia-cung-mai-quoc-lien-p275941092.html,Phê Bình Văn Học Từ Cổ Điển Đến Hiện Đại (Bìa Cứng) - Mai Quốc Liên,0.0,0,220000,220000,14.0,5244
135457404,chuyen-cu-ha-noi-phan-2-p135457404,https://tiki.vn/chuyen-cu-ha-noi-phan-2-p135457404.html,Chuyện Cũ Hà Nội - Phần 2,0.0,0,88000,88000,3.0,5244
276598941,sach-hanh-trinh-nguoi-viet-cau-truc-than-thoai-kinh-dien-trong-sang-tac-an-ban-ky-niem-25-nam-p276598941,https://tiki.vn/sach-hanh-trinh-nguoi-viet-cau-truc-than-thoai-kinh-dien-trong-sang-tac-an-ban-ky-niem-25-nam-p276598941.html,Sách Hành Trình Người Viết - Cấu Trúc Thần Thoại Kinh Điển Trong Sáng Tác (Ấn bản kỷ niệm 25 năm),5.0,1,369000,313650,18.0,5244
16175517,ba-dinh-cao-tho-moi-xuan-dieu-nguyen-binh-han-mac-tu-p16175517,https://tiki.vn/ba-dinh-cao-tho-moi-xuan-dieu-nguyen-binh-han-mac-tu-p16175517.html,Ba đỉnh cao thơ mới (Xuân Diệu - Nguyễn Bính - Hàn Mặc Tử),4.7,214,139000,139000,1243.0,5244
276451051,nghien-cuu-van-hoc-trung-quoc-hai-thap-nien-dau-the-ky-xxi-ts-nguyen-thi-hien-chu-bien-p276451051,https://tiki.vn/nghien-cuu-van-hoc-trung-quoc-hai-thap-nien-dau-the-ky-xxi-ts-nguyen-thi-hien-chu-bien-p276451051.html,Nghiên Cứu Văn Học Trung Quốc Hai Thập Niên Đầu Thế Kỷ XXI -  TS. Nguyễn Thị Hiền chủ biên ,5.0,1,168000,151200,8.0,5244
279133811,sach-co-hoc-tinh-hoa-tai-ban-2025-p279133811,https://tiki.vn/sach-co-hoc-tinh-hoa-tai-ban-2025-p279133811.html,Sách - Cổ Học Tinh Hoa (Tái Bản 2025),0.0,0,120000,120000,1.0,5244
279334399,sach-tieng-viet-giau-dep-a-oi-tieng-nuoc-toi-p279334399,https://tiki.vn/sach-tieng-viet-giau-dep-a-oi-tieng-nuoc-toi-p279334399.html,"Sách - Tiếng Việt Giàu Đẹp - À Ơi, Tiếng Nước Tôi",0.0,0,105000,97600,6.0,5244
279122593,duong-tong-truyen-ky-2026-lo-tan-chau-hai-duong-dich-tao-dan-p279122593,https://tiki.vn/duong-tong-truyen-ky-2026-lo-tan-chau-hai-duong-dich-tao-dan-p279122593.html,ĐƯỜNG TỐNG TRUYỀN KỲ (2026) - Lỗ Tấn - Châu Hải Đường dịch – Tao Đàn,0.0,0,299000,299000,1.0,5244
3772629,van-hoa-kieu-p3772629,https://tiki.vn/van-hoa-kieu-p3772629.html,Văn Hóa Kiều,5.0,3,350000,350000,38.0,5244
207914870,nhung-huyen-thoai-bia-cung-p207914870,https://tiki.vn/nhung-huyen-thoai-bia-cung-p207914870.html,Những Huyền Thoại (Bìa Cứng),5.0,8,195000,195000,86.0,5244
278133281,nam-ong-mong-luc-bia-cung-p278133281,https://tiki.vn/nam-ong-mong-luc-bia-cung-p278133281.html,Nam Ông Mộng Lục (Bìa Cứng),0.0,0,250000,250000,3.0,5244
276089802,di-chuc-cua-chu-tich-ho-chi-minh-p276089802,https://tiki.vn/di-chuc-cua-chu-tich-ho-chi-minh-p276089802.html,Di chúc của Chủ tịch Hồ Chí Minh mãi soi sáng con đường cách mạng Việt Nam,0.0,0,50000,50000,8.0,5244
74571434,sach-viet-ngu-nghien-cuu-p74571434,https://tiki.vn/sach-viet-ngu-nghien-cuu-p74571434.html,Sách Việt Ngữ Nghiên Cứu,5.0,11,199000,199000,86.0,5244
275951128,canh-cua-mo-rong-nui-than-tap-2-ban-quyen-p275951128,https://tiki.vn/canh-cua-mo-rong-nui-than-tap-2-ban-quyen-p275951128.html,Cánh Cửa Mở Rộng - Núi Thần - Tập 2 - Bản Quyền,0.0,0,290000,290000,,5244
170466610,bo-sach-abraham-lincoln-tinh-than-vo-si-dao-leonardo-michelangelo-va-raphael-napoleon-nhung-cuon-so-tay-cua-leonardo-da-vinci-bo-5-cuon-p170466610,https://tiki.vn/bo-sach-abraham-lincoln-tinh-than-vo-si-dao-leonardo-michelangelo-va-raphael-napoleon-nhung-cuon-so-tay-cua-leonardo-da-vinci-bo-5-cuon-p170466610.html,Bộ Sách Abraham Lincoln + Tinh Thần Võ Sĩ Đạo + Leonardo Michelangelo Và Raphael + Napoleon + Những Cuốn Sổ Tay Của Leonardo Da Vinci (Bộ 5 Cuốn),0.0,0,1725000,1604200,,5244
2611963,sach-nguyen-tuan-bac-ky-tai-sang-lang-van-chuong-p2611963,https://tiki.vn/sach-nguyen-tuan-bac-ky-tai-sang-lang-van-chuong-p2611963.html,Sách Nguyễn Tuân - Bậc Kỳ Tài Sáng Láng Văn Chương,0.0,0,145000,145000,4.0,5244
279008890,sach-cac-nha-van-nu-doat-giai-nobel-song-va-viet-p279008890,https://tiki.vn/sach-cac-nha-van-nu-doat-giai-nobel-song-va-viet-p279008890.html,Sách - Các Nhà Văn Nữ Đoạt Giải Nobel - Sống Và Viết,5.0,1,238000,202300,4.0,5244
277976980,sach-danh-tac-van-hoc-viet-nam-tuyen-tap-nguyen-hong-tai-ban-2025-p277976980,https://tiki.vn/sach-danh-tac-van-hoc-viet-nam-tuyen-tap-nguyen-hong-tai-ban-2025-p277976980.html,Sách - Danh Tác Văn Học Việt Nam - Tuyển Tập Nguyên Hồng (Tái Bản 2025),0.0,0,115000,101200,3.0,5244
279123948,quy-chieu-trong-tieng-viet-tu-thoi-gian-den-khong-gian-le-thi-cam-van-p279123948,https://tiki.vn/quy-chieu-trong-tieng-viet-tu-thoi-gian-den-khong-gian-le-thi-cam-van-p279123948.html,QUY CHIẾU TRONG TIẾNG VIỆT - từ không gian đến thời gian - Lê Thị Cẩm Vân,0.0,0,249000,249000,,5244
277585732,tap-chi-van-nghe-tp-ho-chi-minh-bo-4-cuon-so-157-160-p277585732,https://tiki.vn/tap-chi-van-nghe-tp-ho-chi-minh-bo-4-cuon-so-157-160-p277585732.html,Tạp chí Văn Nghệ TP Hồ Chí Minh bộ 4 cuốn (số 157 - 160),5.0,1,80000,80000,3.0,5244
278467088,phan-tich-tac-pham-van-hoc-theo-dac-trung-the-loai-bia-cung-p278467088,https://tiki.vn/phan-tich-tac-pham-van-hoc-theo-dac-trung-the-loai-bia-cung-p278467088.html,Phân Tích Tác Phẩm Văn Học Theo Đặc Trưng Thể Loại (Bìa cứng),0.0,0,198000,198000,1.0,5244
274056521,van-chuong-phuong-nam-mot-vai-bo-khuyet-p274056521,https://tiki.vn/van-chuong-phuong-nam-mot-vai-bo-khuyet-p274056521.html,Văn Chương Phương Nam - Một Vài Bổ Khuyết,5.0,1,105000,105000,6.0,5244
205622252,van-hoc-co-viet-nam-va-trung-hoa-nhung-huong-tiep-can-p205622252,https://tiki.vn/van-hoc-co-viet-nam-va-trung-hoa-nhung-huong-tiep-can-p205622252.html,Văn học cổ Việt Nam và Trung Hoa những hướng tiếp cận,0.0,0,99000,99000,7.0,5244
3428321,sach-van-hoc-nga-hien-dai-nhung-van-de-ly-thuyet-va-lich-su-p3428321,https://tiki.vn/sach-van-hoc-nga-hien-dai-nhung-van-de-ly-thuyet-va-lich-su-p3428321.html,Sách Văn Học Nga Hiện Đại – Những Vấn Đề Lý Thuyết Và Lịch Sử,0.0,0,120000,120000,,5244
261798531,nhung-tuong-dai-va-hien-tuong-van-chuong-viet-nam-hien-dai-bia-cung-p261798531,https://tiki.vn/nhung-tuong-dai-va-hien-tuong-van-chuong-viet-nam-hien-dai-bia-cung-p261798531.html,Những Tượng Đài Và Hiện Tượng Văn Chương Việt Nam Hiện Đại (Bìa cứng),5.0,1,150000,147000,7.0,5244
205802242,nam-cao-lao-hac-tai-ban-p205802242,https://tiki.vn/nam-cao-lao-hac-tai-ban-p205802242.html,Nam Cao - Lão Hạc (Tái Bản),1.0,1,55000,49500,11.0,5244
278567667,sach-tu-sach-thanh-nien-mai-mai-tuoi-hai-muoi-nhat-ky-thoi-chien-viet-nam-bia-cung-doc-quyen-fahasa-p278567667,https://tiki.vn/sach-tu-sach-thanh-nien-mai-mai-tuoi-hai-muoi-nhat-ky-thoi-chien-viet-nam-bia-cung-doc-quyen-fahasa-p278567667.html,Sách - Tủ Sách Thanh Niên - Mãi Mãi Tuổi Hai Mươi - Nhật Ký Thời Chiến Việt Nam - Bìa Cứng - Độc Quyền Fahasa,5.0,3,135000,108000,20.0,5244
114447405,sach-ban-van-ban-minh-muoi-chin-chan-dung-nha-van-cung-thoi-p114447405,https://tiki.vn/sach-ban-van-ban-minh-muoi-chin-chan-dung-nha-van-cung-thoi-p114447405.html,Sách Bạn Văn Bạn Mình: Mười Chín Chân Dung Nhà Văn Cùng Thời,5.0,1,115000,109200,6.0,5244
276195600,bo-sach-tieng-viet-giau-dep-bo-11-cuon-p276195600,https://tiki.vn/bo-sach-tieng-viet-giau-dep-bo-11-cuon-p276195600.html,Bộ Sách Tiếng Việt Giàu Đẹp (Bộ 11 Cuốn),5.0,2,1138000,1138000,3.0,5244
278228860,sach-tac-pham-cua-viet-thanh-nguyen-ve-chien-tranh-viet-nam-duoi-goc-nhin-can-tinh-p278228860,https://tiki.vn/sach-tac-pham-cua-viet-thanh-nguyen-ve-chien-tranh-viet-nam-duoi-goc-nhin-can-tinh-p278228860.html,Sách - Tác Phẩm Của Viet Thanh Nguyen Về Chiến Tranh Việt Nam Dưới Góc Nhìn Căn Tính,0.0,0,200000,176000,10.0,5244
276273422,william-shakespeare-cuoc-doi-va-tac-pham-the-life-of-william-shakespeare-a-critical-biography-p276273422,https://tiki.vn/william-shakespeare-cuoc-doi-va-tac-pham-the-life-of-william-shakespeare-a-critical-biography-p276273422.html,William Shakespeare - Cuộc Đời Và Tác Phẩm - The Life Of William Shakespeare - A Critical Biography,0.0,0,535000,470800,6.0,5244
690017,sach-tu-thu-binh-giai-p690017,https://tiki.vn/sach-tu-thu-binh-giai-p690017.html,Sách Tứ Thư Bình Giải,5.0,2,890000,890000,8.0,5244
276414575,thach-lam-tuyen-tap-p276414575,https://tiki.vn/thach-lam-tuyen-tap-p276414575.html,Thạch Lam Tuyển Tập,5.0,1,136000,108800,5.0,5244
279164499,van-hoc-su-viet-nam-van-chuong-quoc-am-ve-the-ky-xix-p279164499,https://tiki.vn/van-hoc-su-viet-nam-van-chuong-quoc-am-ve-the-ky-xix-p279164499.html,Văn Học Sử Việt Nam - Văn Chương Quốc Âm Về Thế Kỷ XIX,0.0,0,109000,109000,,5244
275429866,101-bo-phim-viet-nam-hay-nhat-tai-ban-co-bo-sung-den-nam-2024-p275429866,https://tiki.vn/101-bo-phim-viet-nam-hay-nhat-tai-ban-co-bo-sung-den-nam-2024-p275429866.html,101 Bộ phim Việt Nam hay nhất (tái bản có bổ sung đến năm 2024),5.0,3,399000,359100,14.0,5244
214087946,ts-thu-giang-de-thanh-nha-van-p214087946,https://tiki.vn/ts-thu-giang-de-thanh-nha-van-p214087946.html,Để thành nhà văn (TS Thu Giang),0.0,0,54000,54000,6.0,5244
276127103,beartown-thi-tran-nho-giac-mo-lon-ban-quyen-p276127103,https://tiki.vn/beartown-thi-tran-nho-giac-mo-lon-ban-quyen-p276127103.html,"Beartown - Thị Trấn Nhỏ, Giấc Mơ Lớn - Bản Quyền",0.0,0,210000,210000,1.0,5244
186285978,haruki-murakami-va-am-nhac-cua-ngon-tu-p186285978,https://tiki.vn/haruki-murakami-va-am-nhac-cua-ngon-tu-p186285978.html,Haruki Murakami Và Âm Nhạc Của Ngôn Từ,0.0,0,319000,319000,,5244
207565697,tu-luc-van-doan-voi-van-de-phu-nu-o-nuoc-ta-p207565697,https://tiki.vn/tu-luc-van-doan-voi-van-de-phu-nu-o-nuoc-ta-p207565697.html,Tự Lực Văn Đoàn Với Vấn Đề Phụ Nữ Ở Nước Ta,5.0,1,100000,100000,8.0,5244
279112106,bia-mem-van-hoc-nhu-mot-dien-ngon-li-thuyet-dien-ngon-cua-m-foucault-va-van-hoc-su-viet-nam-tran-van-toan-nxb-dai-hoc-su-pham-p279112106,https://tiki.vn/bia-mem-van-hoc-nhu-mot-dien-ngon-li-thuyet-dien-ngon-cua-m-foucault-va-van-hoc-su-viet-nam-tran-van-toan-nxb-dai-hoc-su-pham-p279112106.html,(Bìa mềm) VĂN HỌC NHƯ MỘT DIỄN NGÔN - LÍ THUYẾT DIỄN NGÔN CỦA M.FOUCAULT VÀ VĂN HỌC SỬ VIỆT NAM – Trần Văn Toàn – NXB Đại Học Sư Phạm ,5.0,2,275000,275000,3.0,5244
274040893,hop-tuyen-van-hoc-dan-gian-han-quoc-p274040893,https://tiki.vn/hop-tuyen-van-hoc-dan-gian-han-quoc-p274040893.html,Hợp Tuyển Văn Học Dân Gian Hàn Quốc,0.0,0,160000,160000,3.0,5244
278825337,van-hoc-trung-dai-viet-nam-trong-khu-vuc-van-hoa-dong-a-doan-le-giang-nxb-dai-hoc-su-pham-p278825337,https://tiki.vn/van-hoc-trung-dai-viet-nam-trong-khu-vuc-van-hoa-dong-a-doan-le-giang-nxb-dai-hoc-su-pham-p278825337.html,VĂN HỌC TRUNG ĐẠI VIỆT NAM TRONG KHU VỰC VĂN HOÁ ĐÔNG Á – Đoàn Lê Giang – NXB Đại học Sư phạm,0.0,0,360000,360000,,5244
276423557,bia-cung-van-hoc-viet-nam-tu-dau-moc-doi-moi-1986-chuyen-dong-thanh-tuu-va-ban-sac-nghien-cuu-ly-luan-phe-binh-va-chan-dung-van-hoc-p276423557,https://tiki.vn/bia-cung-van-hoc-viet-nam-tu-dau-moc-doi-moi-1986-chuyen-dong-thanh-tuu-va-ban-sac-nghien-cuu-ly-luan-phe-binh-va-chan-dung-van-hoc-p276423557.html,"BÌA CỨNG - VĂN HỌC VIỆT NAM TỪ DẤU MỐC ĐỔI MỚI 1986 - CHUYỂN ĐỘNG, THÀNH TỰU VÀ BẢN SẮC (nghiên cứu, lý luận phê bình và chân dung văn học)",5.0,2,270000,270000,4.0,5244
257869288,chuyen-tinh-ma-nu-trong-truyen-ky-dong-a-p257869288,https://tiki.vn/chuyen-tinh-ma-nu-trong-truyen-ky-dong-a-p257869288.html,Chuyện Tình Ma Nữ Trong Truyền Kỳ Đông Á,0.0,0,86000,86000,6.0,5244
216368438,van-hoc-dan-gian-ben-tre-tap-2-p216368438,https://tiki.vn/van-hoc-dan-gian-ben-tre-tap-2-p216368438.html,Văn Học Dân Gian Bến Tre - Tập 2,0.0,0,155000,155000,,5244
163578403,phan-tam-hoc-va-van-hoa-nghe-thuat-tai-ban-p163578403,https://tiki.vn/phan-tam-hoc-va-van-hoa-nghe-thuat-tai-ban-p163578403.html,Phân Tâm Học Và Văn Hóa Nghệ Thuật (Tái bản),5.0,4,212000,159000,118.0,5244
270714220,su-luong-nan-cua-tinh-the-lam-nguoi-p270714220,https://tiki.vn/su-luong-nan-cua-tinh-the-lam-nguoi-p270714220.html,Sự Lưỡng Nan Của Tình Thế Làm Người,0.0,0,99000,99000,1.0,5244
178031683,luan-ve-yeu-p178031683,https://tiki.vn/luan-ve-yeu-p178031683.html,Luận Về Yêu,0.0,0,96000,96000,,5244
73887641,sach-may-van-de-van-hoa-suy-nghi-va-doi-thoai-p73887641,https://tiki.vn/sach-may-van-de-van-hoa-suy-nghi-va-doi-thoai-p73887641.html,Sách Mấy Vấn Đề Văn Hóa Suy Nghĩ Và Đối Thoại,5.0,1,115000,92000,1.0,5244
263992465,nha-van-va-cuoc-song-so-14-hoi-nha-van-viet-nam-p263992465,https://tiki.vn/nha-van-va-cuoc-song-so-14-hoi-nha-van-viet-nam-p263992465.html,Nhà văn và Cuộc sống số 14 - Hội Nhà Văn Việt Nam,5.0,1,98000,98000,8.0,5244
102686454,bo-sach-nguyen-hien-le-tac-pham-dang-bao-bo-2-cuon-p102686454,https://tiki.vn/bo-sach-nguyen-hien-le-tac-pham-dang-bao-bo-2-cuon-p102686454.html,Bộ sách: Nguyễn Hiến Lê - Tác phẩm đăng báo (Bộ 2 cuốn),0.0,0,470000,470000,,5244
277320283,sach-boxset-bo-sach-nhung-tac-pham-khao-cuu-hop-6-cuon-p277320283,https://tiki.vn/sach-boxset-bo-sach-nhung-tac-pham-khao-cuu-hop-6-cuon-p277320283.html,Sách - Boxset Bộ Sách Những Tác Phẩm Khảo Cứu (Hộp 6 Cuốn),0.0,0,520000,520000,,5244
192950083,thu-giang-nguyen-duy-can-nhung-bai-dang-bao-va-tieu-luan-p192950083,https://tiki.vn/thu-giang-nguyen-duy-can-nhung-bai-dang-bao-va-tieu-luan-p192950083.html,Thu Giang Nguyễn Duy Cần Những Bài Đăng Báo Và Tiểu Luận,5.0,2,180000,165600,15.0,5244
279077623,sach-danh-tac-van-hoc-viet-nam-tac-gia-le-luu-p279077623,https://tiki.vn/sach-danh-tac-van-hoc-viet-nam-tac-gia-le-luu-p279077623.html,Sách - Danh tác văn học Việt Nam - Tác giả Lê Lựu,0.0,0,179000,179000,2.0,5244
113004502,tuyen-tap-akutagawa-i-p113004502,https://tiki.vn/tuyen-tap-akutagawa-i-p113004502.html,Tuyển Tập Akutagawa I,0.0,0,338580,338580,1.0,5244
1007996,sach-duong-tong-truyen-ky-p1007996,https://tiki.vn/sach-duong-tong-truyen-ky-p1007996.html,Sách Đường Tống Truyền Kỳ,0.0,0,285000,285000,9.0,5244
137485543,sach-bui-giang-tuyen-tap-luan-de-truyen-kieu-luc-van-tien-ba-huyen-thanh-quan-p137485543,https://tiki.vn/sach-bui-giang-tuyen-tap-luan-de-truyen-kieu-luc-van-tien-ba-huyen-thanh-quan-p137485543.html,Sách Bùi Giáng Tuyển Tập Luận Đề: Truyện Kiều - Lục Vân Tiên - Bà Huyện Thanh Quan,0.0,0,238000,238000,4.0,5244
274106539,van-minh-tra-viet-p274106539,https://tiki.vn/van-minh-tra-viet-p274106539.html,Văn minh trà Việt,0.0,0,390000,351000,14.0,5244
76128070,sach-tong-tap-van-hoc-cac-dan-toc-thieu-so-viet-nam-tron-bo-6-cuon-p76128070,https://tiki.vn/sach-tong-tap-van-hoc-cac-dan-toc-thieu-so-viet-nam-tron-bo-6-cuon-p76128070.html,Sách Tổng Tập Văn Học Các Dân Tộc Thiểu Số Việt Nam (Trọn Bộ 6 Cuốn),5.0,1,2300000,1955000,7.0,5244
275258106,alain-doan-luan-van-chuong-p275258106,https://tiki.vn/alain-doan-luan-van-chuong-p275258106.html,Alain - Đoản luận văn chương,5.0,1,144000,144000,10.0,5244
276273474,hai-kich-cua-shakespeare-the-cambridge-companion-to-shakespearian-comedy-p276273474,https://tiki.vn/hai-kich-cua-shakespeare-the-cambridge-companion-to-shakespearian-comedy-p276273474.html,Hài Kịch Của Shakespeare - The Cambridge Companion to Shakespearian Comedy,0.0,0,395000,347600,8.0,5244
278638449,bia-cung-lich-su-van-hoc-the-gioi-tap-3-bia-cung-trung-tam-nghien-cuu-quoc-hoc-vien-han-lam-khoa-hoc-lien-xo-vien-van-hoc-the-gioi-a-m-gorky-p278638449,https://tiki.vn/bia-cung-lich-su-van-hoc-the-gioi-tap-3-bia-cung-trung-tam-nghien-cuu-quoc-hoc-vien-han-lam-khoa-hoc-lien-xo-vien-van-hoc-the-gioi-a-m-gorky-p278638449.html,bìa cứng-LỊCH SỬ VĂN HỌC THẾ GIỚI (tập 3) - bìa cứng - TRUNG TÂM NGHIÊN CỨU QUỐC HỌC - VIỆN HÀN LÂM KHOA HỌC LIÊN XÔ - VIỆN VĂN HỌC THẾ GIỚI A.M GORKY,0.0,0,280000,280000,,5244
138334018,kokoro-nhung-am-thi-va-am-vang-trong-doi-song-noi-tai-nhat-ban-p138334018,https://tiki.vn/kokoro-nhung-am-thi-va-am-vang-trong-doi-song-noi-tai-nhat-ban-p138334018.html,Kokoro - Những Ám Thị Và Âm Vang Trong Đời Sống Nội Tại Nhật Bản,4.8,5,159000,95400,26.0,5244
213860868,sach-rong-choi-mien-chu-nghia-tap-2-tb-12-2022-p213860868,https://tiki.vn/sach-rong-choi-mien-chu-nghia-tap-2-tb-12-2022-p213860868.html,Sách Rong chơi miền chữ nghĩa - Tập 2 (TB 12/2022),5.0,1,132000,132000,2.0,5244
141235125,nguyen-minh-chau-dau-chan-mo-duong-trong-tien-trinh-doi-moi-van-hoc-viet-nam-p141235125,https://tiki.vn/nguyen-minh-chau-dau-chan-mo-duong-trong-tien-trinh-doi-moi-van-hoc-viet-nam-p141235125.html,Nguyễn Minh Châu: Dấu chân mở đường - Trong tiến trình đổi mới văn học Việt Nam,0.0,0,505000,505000,,5244
278246097,tap-chi-van-nghe-tp-ho-chi-minh-so-dac-biet-gop-166-169-p278246097,https://tiki.vn/tap-chi-van-nghe-tp-ho-chi-minh-so-dac-biet-gop-166-169-p278246097.html,Tạp chí Văn Nghệ TP Hồ Chí Minh số đặc biệt (gộp 166 - 169),5.0,2,80000,80000,2.0,5244
202529474,sach-de-tro-thanh-nha-van-p202529474,https://tiki.vn/sach-de-tro-thanh-nha-van-p202529474.html,Sách - Để Trở Thành Nhà Văn ( Thu Giang - Nguyễn Duy Cần ) - NXB Trẻ,0.0,0,50000,50000,2.0,5244
242501479,nha-van-va-cuoc-song-tron-bo-12-so-bo-moi-tap-chi-cua-hoi-nha-van-viet-nam-p242501479,https://tiki.vn/nha-van-va-cuoc-song-tron-bo-12-so-bo-moi-tap-chi-cua-hoi-nha-van-viet-nam-p242501479.html,NHÀ VĂN và CUỘC SỐNG - TRỌN BỘ 12 SỐ - BỘ MỚI - TẠP CHÍ CỦA HỘI NHÀ VĂN VIỆT NAM,0.0,0,1010000,1010000,4.0,5244
279054499,truyen-kieu-hoi-ban-nguyen-du-ban-nom-cua-hoang-gia-trieu-nguyen-p279054499,https://tiki.vn/truyen-kieu-hoi-ban-nguyen-du-ban-nom-cua-hoang-gia-trieu-nguyen-p279054499.html,Truyện Kiều Hội Bản - Nguyễn Du  Bản Nôm của Hoàng gia triều Nguyễn,0.0,0,269000,269000,,5244
252631988,sach-phuong-phap-luan-giai-ma-van-ban-van-hoc-p252631988,https://tiki.vn/sach-phuong-phap-luan-giai-ma-van-ban-van-hoc-p252631988.html,Sách - Phương pháp luận giải mã văn bản Văn học,0.0,0,75000,75000,,5244
58708525,tong-tap-van-hoc-dan-gian-nam-bo-tap-1-p58708525,https://tiki.vn/tong-tap-van-hoc-dan-gian-nam-bo-tap-1-p58708525.html,Tổng Tập Văn Học Dân Gian Nam Bộ - Tập 1,4.7,6,149000,134100,21.0,5244
198933348,rong-choi-mien-chu-nghia-tap-5-p198933348,https://tiki.vn/rong-choi-mien-chu-nghia-tap-5-p198933348.html,Rong Chơi Miền Chữ Nghĩa - Tập 5,5.0,3,190000,190000,27.0,5244
279317534,tu-bat-tu-tu-lieu-va-khao-cuu-nguyen-xuan-dien-tri-thuc-tre-p279317534,https://tiki.vn/tu-bat-tu-tu-lieu-va-khao-cuu-nguyen-xuan-dien-tri-thuc-tre-p279317534.html,TỨ BẤT TỬ - Tư Liệu Và Khảo Cứu - Nguyễn Xuân Diện - Tri Thức Trẻ,0.0,0,399000,399000,,5244
278429460,phan-tich-tac-pham-van-hoc-theo-dac-trung-the-loai-p278429460,https://tiki.vn/phan-tich-tac-pham-van-hoc-theo-dac-trung-the-loai-p278429460.html,Phân tích tác phẩm văn học theo đặc trưng thể loại,0.0,0,168000,168000,3.0,5244
262656191,sach-alpha-books-cau-chuyen-nghe-thuat-the-story-of-art-p262656191,https://tiki.vn/sach-alpha-books-cau-chuyen-nghe-thuat-the-story-of-art-p262656191.html,Câu Chuyện Nghệ Thuật - The Story Of Art,0.0,0,1199000,1199000,,5244
183544605,haruki-murakami-va-am-nhac-cua-ngon-tu-jay-rubin-y-khuong-dich-phanbook-p183544605,https://tiki.vn/haruki-murakami-va-am-nhac-cua-ngon-tu-jay-rubin-y-khuong-dich-phanbook-p183544605.html,HARUKI MURAKAMI VÀ ÂM NHẠC CỦA NGÔN TỪ - Jay Rubin – Y Khương dịch – Phanbook,0.0,0,293000,293000,1.0,5244
147564397,van-hoc-nhat-ban-ve-dep-mong-manh-va-bat-tan-p147564397,https://tiki.vn/van-hoc-nhat-ban-ve-dep-mong-manh-va-bat-tan-p147564397.html,Văn Học Nhật Bản - Vẻ Đẹp Mong Manh Và Bất Tận,5.0,4,160000,144000,29.0,5244
278961352,bia-cung-tu-vi-tieng-noi-mien-nam-vuong-hong-sen-nxb-tre-p278961352,https://tiki.vn/bia-cung-tu-vi-tieng-noi-mien-nam-vuong-hong-sen-nxb-tre-p278961352.html,(Bìa cứng) TỰ VỊ TIẾNG NÓI MIỀN NAM – Vương Hồng Sển – NXB Trẻ,0.0,0,598000,598000,5.0,5244
275814270,bo-sach-dat-troi-viet-nam-liet-truyen-p275814270,https://tiki.vn/bo-sach-dat-troi-viet-nam-liet-truyen-p275814270.html,Bộ Sách Đất Trời Việt Nam Liệt Truyện,0.0,0,370000,370000,,5244
274598111,linh-tinh-va-ly-tri-edgar-allan-poe-p274598111,https://tiki.vn/linh-tinh-va-ly-tri-edgar-allan-poe-p274598111.html,Linh Tính Và Lý Trí - Edgar Allan Poe,0.0,0,95700,95700,2.0,5244
276273476,bi-kich-cua-shakespeare-the-cambridge-companion-to-shakespearean-tragedy-p276273476,https://tiki.vn/bi-kich-cua-shakespeare-the-cambridge-companion-to-shakespearean-tragedy-p276273476.html,Bi Kịch Của Shakespeare - The Cambridge Companion To Shakespearean Tragedy,0.0,0,425000,374000,8.0,5244
182301652,thu-phap-viet-ly-thuyet-va-thuc-hanh-p182301652,https://tiki.vn/thu-phap-viet-ly-thuyet-va-thuc-hanh-p182301652.html,THƯ PHÁP VIỆT - LÝ THUYẾT VÀ THỰC HÀNH,3.7,3,83000,83000,39.0,5244
272227406,ve-quyen-su-tich-va-nghe-thuat-hat-bo-cua-doan-nong-khao-chu-luan-p272227406,https://tiki.vn/ve-quyen-su-tich-va-nghe-thuat-hat-bo-cua-doan-nong-khao-chu-luan-p272227406.html,Về Quyển Sự Tích Và Nghệ Thuật Hát Bộ Của Đoàn Nồng (Khảo - Chú - Luận),0.0,0,150000,150000,5.0,5244
272369278,toi-la-mot-con-lua-tai-ban-2023-p272369278,https://tiki.vn/toi-la-mot-con-lua-tai-ban-2023-p272369278.html,Tôi Là Một Con Lừa (Tái Bản 2023),5.0,1,80000,73600,15.0,5244
277352669,dau-thuyet-dostoevsky-va-kant-trong-anh-em-nha-karamazov-va-phe-phan-ly-tinh-thuan-tuy-p277352669,https://tiki.vn/dau-thuyet-dostoevsky-va-kant-trong-anh-em-nha-karamazov-va-phe-phan-ly-tinh-thuan-tuy-p277352669.html,Đấu thuyết Dostoevsky và Kant: Trong “Anh em nhà Karamazov” và “Phê phán lý tính thuần túy”,0.0,0,185000,185000,2.0,5244
279409128,leo-tolstoy-nghe-thuat-la-gi-p279409128,https://tiki.vn/leo-tolstoy-nghe-thuat-la-gi-p279409128.html,Leo Tolstoy - Nghệ thuật là gì?,0.0,0,250000,250000,1.0,5244
274548258,cac-khia-canh-cua-tieu-thuyet-e-m-forster-phan-luong-dich-p274548258,https://tiki.vn/cac-khia-canh-cua-tieu-thuyet-e-m-forster-phan-luong-dich-p274548258.html,Các Khía Cạnh Của Tiểu Thuyết - E.M. Forster; Phan Lương dịch,0.0,0,81000,81000,,5244
222682787,tu-thu-binh-giai-luan-ngu-manh-tu-dai-hoc-trung-dung-p222682787,https://tiki.vn/tu-thu-binh-giai-luan-ngu-manh-tu-dai-hoc-trung-dung-p222682787.html,Tứ Thư Bình Giải: Luận Ngữ - Mạnh Tử - Đại Học - Trung Dung,4.0,4,890000,890000,14.0,5244
279423882,sach-nha-van-hien-dai-phe-binh-van-hoc-quyen-ba-p279423882,https://tiki.vn/sach-nha-van-hien-dai-phe-binh-van-hoc-quyen-ba-p279423882.html,Sách - Nhà Văn Hiện Đại - Phê Bình Văn Học - Quyển Ba,0.0,0,99000,94000,,5244
272898216,lat-nhung-manh-ghep-van-chuong-nghien-cuu-phe-binh-van-hoc-p272898216,https://tiki.vn/lat-nhung-manh-ghep-van-chuong-nghien-cuu-phe-binh-van-hoc-p272898216.html,Lật Những Mảnh Ghép Văn Chương (Nghiên cứu - Phê bình văn học),5.0,2,96000,74880,17.0,5244
277486047,heidi-tieu-thuyet-kinh-dien-dich-gia-nguyen-bich-lan-p277486047,https://tiki.vn/heidi-tieu-thuyet-kinh-dien-dich-gia-nguyen-bich-lan-p277486047.html,Heidi- Tiểu thuyết kinh điển- Dịch giả Nguyễn Bích Lan,0.0,0,108451,108451,2.0,5244
201106734,viet-va-doc-chuyen-de-mua-thu-2022-p201106734,https://tiki.vn/viet-va-doc-chuyen-de-mua-thu-2022-p201106734.html,Viết và Đọc - Chuyên đề Mùa Thu 2022,5.0,3,210000,210000,27.0,5244
275306049,linh-tinh-va-ly-tri-cac-tieu-luan-phe-binh-p275306049,https://tiki.vn/linh-tinh-va-ly-tri-cac-tieu-luan-phe-binh-p275306049.html,Linh Tính Và Lý Trí - Các Tiểu Luận Phê Bình,0.0,0,110000,88000,10.0,5244
68190516,sach-van-hoc-trung-dai-viet-nam-nhin-tu-the-loai-tieu-thuyet-truyen-ky-chu-han-p68190516,https://tiki.vn/sach-van-hoc-trung-dai-viet-nam-nhin-tu-the-loai-tieu-thuyet-truyen-ky-chu-han-p68190516.html,Sách Văn Học Trung Đại Việt Nam Nhìn Từ Thể Loại Tiểu Thuyết Truyền Kỳ Chữ Hán,5.0,1,160000,144000,7.0,5244
68332483,sach-chuyen-cu-ha-noi-phan-2-p68332483,https://tiki.vn/sach-chuyen-cu-ha-noi-phan-2-p68332483.html,Sách Chuyện Cũ Hà Nội - Phần 2,0.0,0,88000,88000,5.0,5244
271218834,tu-chu-van-chuong-va-su-menh-tu-do-phung-ngoc-kien-doan-anh-duong-tao-dan-p271218834,https://tiki.vn/tu-chu-van-chuong-va-su-menh-tu-do-phung-ngoc-kien-doan-anh-duong-tao-dan-p271218834.html,"TỰ CHỦ VĂN CHƯƠNG VÀ SỨ MỆNH TỰ DO – Phùng Ngọc Kiên, Đoàn Ánh Dương – Tao Đàn",5.0,1,270000,270000,2.0,5244
51348524,tho-tru-tinh-va-hai-truyen-tho-kapkaz-doan-nguoi-tsigan-p51348524,https://tiki.vn/tho-tru-tinh-va-hai-truyen-tho-kapkaz-doan-nguoi-tsigan-p51348524.html,"Thơ Trữ Tình Và Hai Truyện Thơ Kapkaz, Đoàn Người Tsigan",4.8,4,86350,86350,41.0,5244
278517491,tuyen-tap-cac-bai-viet-ve-giao-duc-va-van-hoc-bia-cung-tran-thanh-dam-trung-tam-nghien-cuu-quoc-hoc-p278517491,https://tiki.vn/tuyen-tap-cac-bai-viet-ve-giao-duc-va-van-hoc-bia-cung-tran-thanh-dam-trung-tam-nghien-cuu-quoc-hoc-p278517491.html,Tuyển Tập Các Bài Viết Về Giáo Dục Và Văn Học (bìa cứng) - Trần Thanh Đạm (Trung tâm Nghiên cứu Quốc Học),0.0,0,310000,310000,2.0,5244
276153314,sach-ngan-dan-deu-hoang-dang-khoa-p276153314,https://tiki.vn/sach-ngan-dan-deu-hoang-dang-khoa-p276153314.html,Sách Ngắn dần đều - Hoàng Đăng Khoa,0.0,0,250000,250000,3.0,5244
252970207,viet-nam-van-hoc-su-yeu-p252970207,https://tiki.vn/viet-nam-van-hoc-su-yeu-p252970207.html,Việt Nam Văn Học Sử Yếu,0.0,0,126650,126650,,5244
262451670,150-thuat-ngu-van-hoc-p262451670,https://tiki.vn/150-thuat-ngu-van-hoc-p262451670.html,150 Thuật Ngữ Văn Học,5.0,1,165000,156700,5.0,5244
271516748,van-hoc-trung-dai-viet-nam-nhin-tu-the-loai-tieu-thuyet-truyen-ky-chu-han-p271516748,https://tiki.vn/van-hoc-trung-dai-viet-nam-nhin-tu-the-loai-tieu-thuyet-truyen-ky-chu-han-p271516748.html,Văn Học Trung Đại Việt Nam Nhìn Từ Thể Loại Tiểu Thuyết Truyền Kỳ Chữ Hán,0.0,0,160000,160000,6.0,5244
274163809,nha-nguyen-bao-trung-p274163809,https://tiki.vn/nha-nguyen-bao-trung-p274163809.html,Nhà - Nguyễn Bảo Trung,0.0,0,120000,120000,2.0,5244
220911227,tu-thu-tron-bo-4-tap-dai-hoc-trung-dung-luan-ngu-manh-tu-bia-cung-p220911227,https://tiki.vn/tu-thu-tron-bo-4-tap-dai-hoc-trung-dung-luan-ngu-manh-tu-bia-cung-p220911227.html,Tứ Thư - Trọn Bộ 4 Tập : Đại Học - Trung Dung - Luận Ngữ - Mạnh Tử ( Bìa Cứng ),0.0,0,290000,290000,18.0,5244
277534545,nhat-ky-trong-tu-bang-tieng-nuoc-ngoai-p277534545,https://tiki.vn/nhat-ky-trong-tu-bang-tieng-nuoc-ngoai-p277534545.html,Nhật Ký Trong Tù Bằng Tiếng Nước Ngoài,0.0,0,110000,85800,4.0,5244
279078924,sach-tuyen-tap-thach-lam-tai-ban-2025-p279078924,https://tiki.vn/sach-tuyen-tap-thach-lam-tai-ban-2025-p279078924.html,Sách - Tuyển Tập Thạch Lam (Tái Bàn 2025),0.0,0,150000,124500,,5244
263209069,van-chuong-sai-gon-1881-1924-tap-5-den-dien-khi-van-van-p263209069,https://tiki.vn/van-chuong-sai-gon-1881-1924-tap-5-den-dien-khi-van-van-p263209069.html,Văn Chương Sài Gòn 1881 - 1924 - Tập 5: Đèn Điển Khí - Văn Vần,0.0,0,180000,180000,1.0,5244
279302957,bui-giang-tuyen-tap-luan-de-p279302957,https://tiki.vn/bui-giang-tuyen-tap-luan-de-p279302957.html,Bùi Giáng - Tuyển Tập Luận Đề,0.0,0,238000,238000,,5244
34440491,xa-hoi-hoc-van-hoc-p34440491,https://tiki.vn/xa-hoi-hoc-van-hoc-p34440491.html,Xã hội học Văn học,4.8,6,160000,160000,29.0,5244
277834213,sach-tet-o-lang-dia-nguc-phan-2-u-hon-tuong-dat-thao-trang-bia-mem-bia-cung-p277834213,https://tiki.vn/sach-tet-o-lang-dia-nguc-phan-2-u-hon-tuong-dat-thao-trang-bia-mem-bia-cung-p277834213.html,Sách - Tết Ở Làng Địa Ngục - Phần 2 - U Hồn Tượng Đất- Thảo Trang- Bìa Mềm /Bìa Cứng,0.0,0,319000,319000,4.0,5244
271073065,giao-si-thua-sai-va-chinh-sach-thuoc-dia-cua-phap-tai-viet-nam-1857-1914-tai-ban-nam-2017-p271073065,https://tiki.vn/giao-si-thua-sai-va-chinh-sach-thuoc-dia-cua-phap-tai-viet-nam-1857-1914-tai-ban-nam-2017-p271073065.html,Giáo Sĩ Thừa Sai Và Chính Sách Thuộc Địa Của Pháp Tại Việt Nam (1857-1914) (Tái bản năm 2017),5.0,3,176000,105600,89.0,5244
188487710,the-gioi-cua-truyen-nom-p188487710,https://tiki.vn/the-gioi-cua-truyen-nom-p188487710.html,Thế giới của truyện Nôm,0.0,0,170000,170000,,5244
274031558,dung-than-bat-tu-trong-ngu-hanh-so-menh-hoc-p274031558,https://tiki.vn/dung-than-bat-tu-trong-ngu-hanh-so-menh-hoc-p274031558.html,Dụng Thần Bát Tự Trong Ngũ Hành Số Mệnh Học - Vanlangbooks,5.0,3,165000,138600,210.0,5244
207313830,van-hoc-dan-gian-thanh-oai-la-duy-lan-p207313830,https://tiki.vn/van-hoc-dan-gian-thanh-oai-la-duy-lan-p207313830.html,Văn học dân gian Thanh Oai - Lã Duy Lan,5.0,2,125000,125000,2.0,5244
189540692,dien-mao-van-hoc-can-hien-dai-lao-tap-1-p189540692,https://tiki.vn/dien-mao-van-hoc-can-hien-dai-lao-tap-1-p189540692.html,Diện Mạo Văn Học Cận Hiện Đại Lào - Tập 1,0.0,0,175000,175000,1.0,5244
275863116,tu-thu-binh-giai-luan-ngu-manh-tu-dai-hoc-trung-dung-p275863116,https://tiki.vn/tu-thu-binh-giai-luan-ngu-manh-tu-dai-hoc-trung-dung-p275863116.html,Tứ Thư Bình Giải: Luận Ngữ - Mạnh Tử - Đại Học - Trung Dung,0.0,0,712000,712000,2.0,5244
74747564,bao-chi-truyen-thong-hien-dai-p74747564,https://tiki.vn/bao-chi-truyen-thong-hien-dai-p74747564.html,Báo Chí Truyền Thông Hiện Đại ,0.0,0,185000,185000,,5244
270716963,vu-an-truyen-kieu-p270716963,https://tiki.vn/vu-an-truyen-kieu-p270716963.html,Vụ Án Truyện Kiều,0.0,0,179000,170050,2.0,5244
263119065,nguoi-viet-noi-tieng-viet-p263119065,https://tiki.vn/nguoi-viet-noi-tieng-viet-p263119065.html,Người Việt Nói Tiếng Việt,0.0,0,150000,150000,1.0,5244
274031241,cuon-sach-van-hoc-hay-hoi-co-thi-nhan-p274031241,https://tiki.vn/cuon-sach-van-hoc-hay-hoi-co-thi-nhan-p274031241.html,Cuốn Sách Văn Học Hay- Hội Cố Thi Nhân,0.0,0,134150,134150,,5244
252637138,sach-li-luan-van-hoc-nhung-van-de-hien-dai-p252637138,https://tiki.vn/sach-li-luan-van-hoc-nhung-van-de-hien-dai-p252637138.html,Sách - Lí Luận Văn Học Những Vấn Đề Hiện Đại,0.0,0,175000,175000,,5244
137255644,sach-ly-van-phuc-va-nhi-thap-tu-hieu-dien-am-p137255644,https://tiki.vn/sach-ly-van-phuc-va-nhi-thap-tu-hieu-dien-am-p137255644.html,Sách Lý Văn Phức Và Nhị Thập Tứ Hiếu Diễn Âm,4.3,4,55000,55000,55.0,5244
276412814,tap-chi-van-nghe-tp-ho-chi-minh-bo-4-cuon-so-141-144-p276412814,https://tiki.vn/tap-chi-van-nghe-tp-ho-chi-minh-bo-4-cuon-so-141-144-p276412814.html,Tạp chí Văn Nghệ TP Hồ Chí Minh bộ 4 cuốn (số 141 - 144),0.0,0,80000,80000,4.0,5244
279301838,tieng-viet-an-tinh-p279301838,https://tiki.vn/tieng-viet-an-tinh-p279301838.html,Tiếng Việt Ân Tình,0.0,0,169000,169000,,5244
584999,sach-tuyen-tap-nguyen-dinh-chieu-p584999,https://tiki.vn/sach-tuyen-tap-nguyen-dinh-chieu-p584999.html,Sách Tuyển Tập Nguyễn Đình Chiểu,5.0,20,300000,300000,115.0,5244
279139004,the-loai-tu-viet-nam-thoi-trung-dai-van-ban-tac-gia-tac-pham-pham-van-anh-dich-nha-xuat-ban-dai-hoc-su-pham-p279139004,https://tiki.vn/the-loai-tu-viet-nam-thoi-trung-dai-van-ban-tac-gia-tac-pham-pham-van-anh-dich-nha-xuat-ban-dai-hoc-su-pham-p279139004.html,THỂ LOẠI TỪ VIỆT NAM THỜI TRUNG ĐẠI: VĂN BẢN-TÁC GIẢ-TÁC PHẨM – Phạm Văn Ánh dịch – Nhà xuất bản Đại học Sư phạm,0.0,0,320000,320000,1.0,5244
276744342,sach-khi-chat-nam-bo-qua-truyen-son-nam-p276744342,https://tiki.vn/sach-khi-chat-nam-bo-qua-truyen-son-nam-p276744342.html,Sách - Khí Chất Nam Bộ Qua Truyện Sơn Nam,0.0,0,140000,126000,6.0,5244
275385354,lich-su-khan-hoang-mien-nam-bien-khao-tai-ban-nam-2024-p275385354,https://tiki.vn/lich-su-khan-hoang-mien-nam-bien-khao-tai-ban-nam-2024-p275385354.html,Lịch Sử Khẩn Hoang Miền Nam: Biên Khảo (Tái bản năm 2024),0.0,0,115000,109250,3.0,5244
190301035,luc-van-tien-va-nhung-luan-de-ve-nguyen-dinh-chieu-p190301035,https://tiki.vn/luc-van-tien-va-nhung-luan-de-ve-nguyen-dinh-chieu-p190301035.html,Lục Vân Tiên Và Những Luận Đề Về Nguyễn Đình Chiểu,0.0,0,170000,170000,1.0,5244
274056526,tu-nguyen-p274056526,https://tiki.vn/tu-nguyen-p274056526.html,Từ Nguyên,0.0,0,160000,160000,8.0,5244
269973188,phuong-phap-nghien-cuu-tac-pham-van-hoc-p269973188,https://tiki.vn/phuong-phap-nghien-cuu-tac-pham-van-hoc-p269973188.html,Phương pháp nghiên cứu tác phẩm văn học,5.0,1,85000,85000,26.0,5244
279334831,thi-nhan-viet-nam-bia-cung-p279334831,https://tiki.vn/thi-nhan-viet-nam-bia-cung-p279334831.html,Thi Nhân Việt Nam (Bìa cứng),0.0,0,120000,120000,1.0,5244
273641690,tram-doc-official-the-story-of-art-cau-chuyen-nghe-thuat-p273641690,https://tiki.vn/tram-doc-official-the-story-of-art-cau-chuyen-nghe-thuat-p273641690.html,Trạm Đọc Official |The Story Of Art - Câu Chuyện Nghệ Thuật,0.0,0,1199000,1199000,1.0,5244
276120755,tieng-viet-an-tinh-tap-2-p276120755,https://tiki.vn/tieng-viet-an-tinh-tap-2-p276120755.html,Tiếng Việt Ân Tình - Tập 2,0.0,0,155496,155496,,5244
275527699,nghin-le-mot-dem-nhung-truyen-hay-chon-loc-bia-mem-kho-13-5-x-20-5-cm-p275527699,https://tiki.vn/nghin-le-mot-dem-nhung-truyen-hay-chon-loc-bia-mem-kho-13-5-x-20-5-cm-p275527699.html,"Nghìn lẻ một đêm - Những truyện hay chọn lọc (Bìa mềm, khổ 13.5 x 20.5 cm)",0.0,0,100000,95000,2.0,5244
278251588,van-hoc-viet-nam-dau-an-giao-luu-tac-dong-tieu-luan-phe-binh-van-hoc-cua-ton-thao-mien-p278251588,https://tiki.vn/van-hoc-viet-nam-dau-an-giao-luu-tac-dong-tieu-luan-phe-binh-van-hoc-cua-ton-thao-mien-p278251588.html,Văn học Việt Nam: Dấu ấn - Giao lưu - Tác động (Tiểu luận - Phê bình Văn học của Tôn Thảo Miên),0.0,0,126000,126000,11.0,5244
249955215,the-gioi-cua-truyen-nom-p249955215,https://tiki.vn/the-gioi-cua-truyen-nom-p249955215.html,Thế giới của truyện Nôm,0.0,0,170000,170000,2.0,5244
278732157,van-hoc-viet-nam-phap-ngu-1913-1986-di-biet-xung-dot-va-hoa-giai-p278732157,https://tiki.vn/van-hoc-viet-nam-phap-ngu-1913-1986-di-biet-xung-dot-va-hoa-giai-p278732157.html,"Văn Học Việt Nam Pháp Ngữ (1913-1986) - Dị Biệt, Xung Đột Và Hòa Giải",0.0,0,199000,199000,,5244
278320454,sach-van-hoc-phi-ly-nguyen-van-dan-sbooks-p278320454,https://tiki.vn/sach-van-hoc-phi-ly-nguyen-van-dan-sbooks-p278320454.html,Sách - Văn Học Phi Lý (Nguyễn Văn Dân) - SBOOKS,5.0,2,268000,268000,17.0,5244
279166476,du-hanh-giua-cac-van-ban-nguyen-huy-thiep-xa-hoi-viet-nam-sau-1975-p279166476,https://tiki.vn/du-hanh-giua-cac-van-ban-nguyen-huy-thiep-xa-hoi-viet-nam-sau-1975-p279166476.html,Du Hành Giữa Các Văn Bản - Nguyễn Huy Thiệp Xã Hội Việt Nam Sau 1975,0.0,0,145000,145000,,5244
114950134,ly-luan-va-phe-binh-van-hoc-p114950134,https://tiki.vn/ly-luan-va-phe-binh-van-hoc-p114950134.html,Lý luận và phê bình văn học,5.0,16,90000,90000,58.0,5244
194451567,tieng-viet-giau-dep-triet-ly-tieng-viet-p194451567,https://tiki.vn/tieng-viet-giau-dep-triet-ly-tieng-viet-p194451567.html,Tiếng Việt Giàu Đẹp - Triết Lý Tiếng Việt,5.0,3,90000,81000,23.0,5244
278598542,bia-cung-may-van-de-tu-tuong-ly-luan-van-nghe-viet-nam-thoi-trung-can-dai-the-ky-10-20-mai-quoc-lien-p278598542,https://tiki.vn/bia-cung-may-van-de-tu-tuong-ly-luan-van-nghe-viet-nam-thoi-trung-can-dai-the-ky-10-20-mai-quoc-lien-p278598542.html,(bìa cứng) Mấy Vấn Đề Tư Tưởng Lý Luận Văn Nghệ Việt Nam Thời Trung Cận Đại Thế Kỷ 10 - 20 (Mai Quốc Liên),0.0,0,220000,220000,1.0,5244
262972396,150-thuat-ngu-van-hoc-p262972396,https://tiki.vn/150-thuat-ngu-van-hoc-p262972396.html,150 Thuật Ngữ Văn Học,0.0,0,165000,165000,1.0,5244
4291931,van-hoc-hien-thuc-va-van-hoc-suy-doi-anh-the-ky-xix-p4291931,https://tiki.vn/van-hoc-hien-thuc-va-van-hoc-suy-doi-anh-the-ky-xix-p4291931.html,Văn Học Hiện Thực Và Văn Học Suy Đồi Anh Thế Kỷ XIX,5.0,13,100000,75000,139.0,5244
10603405,nghien-cuu-van-hoc-viet-nam-p10603405,https://tiki.vn/nghien-cuu-van-hoc-viet-nam-p10603405.html,Nghiên Cứu Văn Học Việt Nam - Những Khả Năng Và Thách Thức,5.0,9,269000,201750,130.0,5244
279268845,sach-dep-xua-p279268845,https://tiki.vn/sach-dep-xua-p279268845.html,Sách - Đẹp Xưa,0.0,0,150000,139500,,5244
137375166,sach-nghien-cuu-van-hoc-su-voi-hoa-bang-qua-tap-chi-tri-tan-p137375166,https://tiki.vn/sach-nghien-cuu-van-hoc-su-voi-hoa-bang-qua-tap-chi-tri-tan-p137375166.html,Sách Nghiên Cứu Văn Học Sử Với Hoa Bằng Qua Tạp Chí Tri Tân,5.0,1,140000,140000,1.0,5244
217577377,tuyen-tap-thach-lam-2023-p217577377,https://tiki.vn/tuyen-tap-thach-lam-2023-p217577377.html,Tuyển Tập Thạch Lam (2023),0.0,0,145000,145000,,5244
278819088,sach-con-nha-van-cam-but-p278819088,https://tiki.vn/sach-con-nha-van-cam-but-p278819088.html,Sách - Con nhà văn (Cầm bút),5.0,1,195000,195000,2.0,5244
277004347,sach-nghien-cuu-van-hoc-trung-quoc-hai-thap-nien-dau-the-ky-xxi-nxb-khxh-p277004347,https://tiki.vn/sach-nghien-cuu-van-hoc-trung-quoc-hai-thap-nien-dau-the-ky-xxi-nxb-khxh-p277004347.html,Sách - Nghiên cứu văn học Trung Quốc hai thập niên đầu thế kỷ XXI - NXB KHXH,0.0,0,151032,151032,2.0,5244
278228876,sach-van-hoc-thieu-nhi-viet-nam-dau-the-ky-21-nhung-dieu-dong-lai-trong-con-mat-nham-p278228876,https://tiki.vn/sach-van-hoc-thieu-nhi-viet-nam-dau-the-ky-21-nhung-dieu-dong-lai-trong-con-mat-nham-p278228876.html,Sách - Văn Học Thiếu Nhi Việt Nam - Đầu Thế Kỷ 21 - Những Điều Đọng Lại Trong Con Mắt Nhắm,0.0,0,70000,66500,1.0,5244
200792514,tieng-viet-giau-dep-ve-dep-ngon-ngu-ve-dep-van-chuong-p200792514,https://tiki.vn/tieng-viet-giau-dep-ve-dep-ngon-ngu-ve-dep-van-chuong-p200792514.html,Tiếng Việt Giàu Đẹp - Vẻ Đẹp Ngôn Ngữ - Vẻ Đẹp Văn Chương,0.0,0,90000,90000,1.0,5244
276556295,sach-mot-thu-nghiem-phe-binh-nha-nam-hcm-p276556295,https://tiki.vn/sach-mot-thu-nghiem-phe-binh-nha-nam-hcm-p276556295.html,Sách - Một thử nghiệm phê bình (Nhã Nam HCM),0.0,0,95000,85500,1.0,5244
155463714,ban-van-ban-minh-ban-van-p155463714,https://tiki.vn/ban-van-ban-minh-ban-van-p155463714.html,Bạn Văn Bạn Mình: Bạn Văn,0.0,0,75000,75000,1.0,5244
263280141,nguoi-viet-noi-tieng-viet-p263280141,https://tiki.vn/nguoi-viet-noi-tieng-viet-p263280141.html,Người Việt Nói Tiếng Việt,0.0,0,150000,150000,,5244
146274575,but-kiem-kim-dung-chuyen-luan-bia-cung-2021-p146274575,https://tiki.vn/but-kiem-kim-dung-chuyen-luan-bia-cung-2021-p146274575.html,Bút Kiếm Kim Dung (Chuyên Luận) - Bìa Cứng (2021),4.6,8,175000,175000,44.0,5244
186239295,the-gioi-cua-truyen-nom-p186239295,https://tiki.vn/the-gioi-cua-truyen-nom-p186239295.html,Thế Giới Của Truyện Nôm,5.0,2,170000,170000,7.0,5244
275861881,tieu-thuyet-viet-nam-hien-dai-1925-1945-khai-sinh-tien-trinh-bui-xuan-bao-p275861881,https://tiki.vn/tieu-thuyet-viet-nam-hien-dai-1925-1945-khai-sinh-tien-trinh-bui-xuan-bao-p275861881.html,Tiểu Thuyết Việt Nam Hiện Đại 1925 -1945 - Khai sinh & Tiến Trình - Bùi Xuân Bào,0.0,0,191250,191250,,5244
271315125,van-hoc-viet-nam-tu-nhung-manh-ghep-bia-mem-p271315125,https://tiki.vn/van-hoc-viet-nam-tu-nhung-manh-ghep-bia-mem-p271315125.html,Văn Học Việt Nam Từ Những Mảnh Ghép (Bìa mềm),0.0,0,199000,195020,6.0,5244
141260482,nguyen-minh-chau-trong-tien-trinh-doi-moi-van-hoc-viet-nam-p141260482,https://tiki.vn/nguyen-minh-chau-trong-tien-trinh-doi-moi-van-hoc-viet-nam-p141260482.html,NGUYỄN MINH CHÂU TRONG TIẾN TRÌNH ĐỔI MỚI VĂN HỌC VIỆT NAM,0.0,0,235000,235000,10.0,5244
207034748,phe-binh-sinh-thai-o-viet-nam-van-vat-thien-tai-va-lich-su-trong-tho-moi-viet-nam-p207034748,https://tiki.vn/phe-binh-sinh-thai-o-viet-nam-van-vat-thien-tai-va-lich-su-trong-tho-moi-viet-nam-p207034748.html,"Phê Bình Sinh Thái Ở Việt Nam: Vạn vật, thiên tai và lịch sử trong thơ mới Việt Nam",5.0,3,300000,300000,20.0,5244
66067661,sach-the-story-of-art-cau-chuyen-nghe-thuat-p66067661,https://tiki.vn/sach-the-story-of-art-cau-chuyen-nghe-thuat-p66067661.html,Sách The Story Of Art - Câu Chuyện Nghệ Thuật,0.0,0,1079000,1079000,5.0,5244
278774565,bia-mem-thi-phap-tho-to-huu-tran-dinh-su-nxb-dai-hoc-su-pham-p278774565,https://tiki.vn/bia-mem-thi-phap-tho-to-huu-tran-dinh-su-nxb-dai-hoc-su-pham-p278774565.html,(Bìa mềm) THI PHÁP THƠ TỐ HỮU – Trần Đình Sử – NXB Đại học Sư phạm,0.0,0,142000,142000,1.0,5244
193519290,tieu-luan-van-chuong-cua-stefan-zweig-ba-bac-thay-balzac-dickens-dostoevsky-nguyen-tuan-binh-dich-binh-book-nxb-tri-thuc-bia-mem-p193519290,https://tiki.vn/tieu-luan-van-chuong-cua-stefan-zweig-ba-bac-thay-balzac-dickens-dostoevsky-nguyen-tuan-binh-dich-binh-book-nxb-tri-thuc-bia-mem-p193519290.html,(Tiểu luận văn chương của Stefan Zweig) BA BẬC THẦY - BALZAC - DICKENS – DOSTOEVSKY - Nguyễn Tuấn Bình dịch – BÌNH BOOK – NXB Tri Thức (bìa mềm),5.0,2,159000,159000,18.0,5244
128825649,tap-chi-nha-van-va-cuoc-song-so-2-hoi-nha-van-viet-nam-p128825649,https://tiki.vn/tap-chi-nha-van-va-cuoc-song-so-2-hoi-nha-van-viet-nam-p128825649.html,Tạp chí Nhà Văn và Cuộc Sống số 2 (Hội Nhà Văn Việt Nam),2.0,1,70000,70000,3.0,5244
2345565,sach-van-thi-si-tien-chien-p2345565,https://tiki.vn/sach-van-thi-si-tien-chien-p2345565.html,Sách Văn Thi Sĩ Tiền Chiến,5.0,3,102000,102000,86.0,5244
273673735,cuon-sach-hay-dang-doc-cua-tac-gia-dao-duy-anh-khong-giao-phe-binh-tieu-luan-p273673735,https://tiki.vn/cuon-sach-hay-dang-doc-cua-tac-gia-dao-duy-anh-khong-giao-phe-binh-tieu-luan-p273673735.html,Cuốn Sách Hay Đáng Đọc Của Tác Giả Đào Duy Anh- Khổng Giáo Phê Bình Tiểu Luận,0.0,0,70000,70000,,5244
253467896,van-hoc-nga-hien-dai-nhung-van-de-ly-thuyet-va-lich-su-p253467896,https://tiki.vn/van-hoc-nga-hien-dai-nhung-van-de-ly-thuyet-va-lich-su-p253467896.html,Văn Học Nga Hiện Đại - Những Vấn Đề Lý Thuyết Và Lịch Sử,0.0,0,120000,120000,4.0,5244
252641041,combo-10-cuon-ban-van-ban-minh-p252641041,https://tiki.vn/combo-10-cuon-ban-van-ban-minh-p252641041.html,Combo 10 cuốn Bạn văn bạn mình -,0.0,0,765000,612000,,5244
263561057,mien-hoang-tuong-p263561057,https://tiki.vn/mien-hoang-tuong-p263561057.html,Miền hoang tưởng,0.0,0,75000,75000,,5244
270206284,lich-su-van-hoc-anh-quoc-p270206284,https://tiki.vn/lich-su-van-hoc-anh-quoc-p270206284.html,Lịch Sử Văn Học Anh Quốc - Vanlangbooks,5.0,4,120000,120000,25.0,5244
58971163,hiu-hat-que-huong-ben-co-hong-p58971163,https://tiki.vn/hiu-hat-que-huong-ben-co-hong-p58971163.html,Hiu Hắt Quê Hương Bến Cỏ Hồng,4.3,16,198000,132500,129.0,5244
278674483,tho-nguyen-de-tuyen-trung-tam-nghien-cuu-quoc-hoc-dich-tu-tai-lieu-han-nom-p278674483,https://tiki.vn/tho-nguyen-de-tuyen-trung-tam-nghien-cuu-quoc-hoc-dich-tu-tai-lieu-han-nom-p278674483.html,Thơ Nguyễn Đề (tuyển) - Trung tâm Nghiên Cứu Quốc Học dịch từ tài liệu Hán Nôm,0.0,0,170000,170000,1.0,5244
55283540,cac-tac-gia-van-chuong-viet-nam-tap-2-p55283540,https://tiki.vn/cac-tac-gia-van-chuong-viet-nam-tap-2-p55283540.html,Các Tác Giả Văn Chương Việt Nam - Tập 2,0.0,0,450000,450000,1.0,5244
252137019,hay-cham-soc-me-p252137019,https://tiki.vn/hay-cham-soc-me-p252137019.html,Hãy chăm sóc mẹ,0.0,0,126000,119700,,5244
276413776,dat-viet-troi-nam-liet-truyen-3-tap-p276413776,https://tiki.vn/dat-viet-troi-nam-liet-truyen-3-tap-p276413776.html,Đất Việt trời Nam liệt truyện (3 tập),0.0,0,329000,329000,,5244
276127059,beartown-2-chung-toi-dau-voi-cac-ban-ban-quyen-p276127059,https://tiki.vn/beartown-2-chung-toi-dau-voi-cac-ban-ban-quyen-p276127059.html,Beartown 2: Chúng Tôi Đấu Với Các Bạn - Bản Quyền,0.0,0,225000,213000,,5244
247960906,may-trong-day-coc-bia-cung-p247960906,https://tiki.vn/may-trong-day-coc-bia-cung-p247960906.html,Mây Trong Đáy Cốc (Bìa Cứng),0.0,0,230000,230000,3.0,5244
129670158,sach-ban-van-ban-minh-dot-lo-huong-cu-p129670158,https://tiki.vn/sach-ban-van-ban-minh-dot-lo-huong-cu-p129670158.html,Sách - BẠN VĂN BẠN MÌNH: Đốt lò hương cũ ,0.0,0,55000,55000,,5244
6568585,sach-dinh-nam-bo-xua-nay-p6568585,https://tiki.vn/sach-dinh-nam-bo-xua-nay-p6568585.html,Sách Đình Nam Bộ Xưa & Nay,5.0,1,129000,129000,2.0,5244
11580575,luan-chien-van-chuong-quyen-5-p11580575,https://tiki.vn/luan-chien-van-chuong-quyen-5-p11580575.html,Luận chiến văn chương quyển 5,4.5,2,98000,98000,48.0,5244
2921301,van-hoc-viet-nam-dong-rieng-giua-nguon-chung-p2921301,https://tiki.vn/van-hoc-viet-nam-dong-rieng-giua-nguon-chung-p2921301.html,Văn học Việt Nam - Dòng Riêng giữa Nguồn chung,5.0,1,119000,95200,8.0,5244
179912897,bo-gia-bia-mem-p179912897,https://tiki.vn/bo-gia-bia-mem-p179912897.html,Bố Già (Bìa Mềm),0.0,0,230000,230000,,5244
278814834,van-hoc-viet-nam-phap-ngu-1913-1986-ts-nguyen-giang-huong-do-ton-minh-khoa-dich-nxb-tong-hop-hcm-p278814834,https://tiki.vn/van-hoc-viet-nam-phap-ngu-1913-1986-ts-nguyen-giang-huong-do-ton-minh-khoa-dich-nxb-tong-hop-hcm-p278814834.html,VĂN HỌC VIỆT NAM PHÁP NGỮ (1913-1986) – TS. Nguyễn Giáng Hương – Đỗ Tôn Minh Khoa dịch – NXB Tổng hợp HCM,0.0,0,199000,199000,1.0,5244
195745701,binh-thu-yeu-luoc-bia-mem-p195745701,https://tiki.vn/binh-thu-yeu-luoc-bia-mem-p195745701.html,Binh Thư yếu lược (bìa mềm),0.0,0,165717,165717,1.0,5244
252640178,sach-li-thuyet-va-thi-phap-van-hoc-p252640178,https://tiki.vn/sach-li-thuyet-va-thi-phap-van-hoc-p252640178.html,Sách - Lí Thuyết Và Thi Pháp Văn Học,0.0,0,200000,200000,1.0,5244
278102053,sach-tinh-thuc-ve-nguon-p278102053,https://tiki.vn/sach-tinh-thuc-ve-nguon-p278102053.html,Sách - Tỉnh thức về nguồn,0.0,0,169000,169000,,5244
191076514,luc-van-tien-va-nhung-luan-de-ve-nguyen-dinh-chieu-tac-pham-ky-niem-200-nam-ngay-sinh-nguyen-dinh-chieu-p191076514,https://tiki.vn/luc-van-tien-va-nhung-luan-de-ve-nguyen-dinh-chieu-tac-pham-ky-niem-200-nam-ngay-sinh-nguyen-dinh-chieu-p191076514.html,LỤC VÂN TIÊN Và Những Luận Đề Về NGUYỄN ĐÌNH CHIỂU - Tác phẩm kỷ niệm 200 năm ngày sinh NGUYỄN ĐÌNH CHIỂU,0.0,0,170000,170000,,5244
274533405,thuc-hanh-khac-ky-william-b-irvine-thu-hang-dich-nha-nam-nxb-dan-tri-p274533405,https://tiki.vn/thuc-hanh-khac-ky-william-b-irvine-thu-hang-dich-nha-nam-nxb-dan-tri-p274533405.html,THỰC HÀNH KHẮC KỶ - William B. Irvine – Thu Hằng dịch – Nhã Nam - NXB Dân Trí,0.0,0,98000,98000,2.0,5244
272859994,hoc-tap-suot-doi-peter-hollins-tong-lien-anh-le-anh-thu-dich-times-book-p272859994,https://tiki.vn/hoc-tap-suot-doi-peter-hollins-tong-lien-anh-le-anh-thu-dich-times-book-p272859994.html,HỌC TẬP SUỐT ĐỜI – Peter Hollins – Tống Liên Anh - Lê Anh Thư dịch – Times Book,0.0,0,180000,180000,22.0,5244
276365555,sach-dan-giai-truyen-kim-van-kieu-p276365555,https://tiki.vn/sach-dan-giai-truyen-kim-van-kieu-p276365555.html,Sách Dẫn giải truyện Kim Vân Kiều,0.0,0,158000,158000,1.0,5244
271192009,tu-chu-van-chuong-va-su-menh-tu-do-p271192009,https://tiki.vn/tu-chu-van-chuong-va-su-menh-tu-do-p271192009.html,Tự Chủ Văn Chương và Sứ Mệnh Tự Do,0.0,0,264627,264627,,5244
206376227,nhung-dinh-nui-du-ca-mot-loi-tim-ve-ca-tinh-h-mong-tai-ban-nam-2021-p206376227,https://tiki.vn/nhung-dinh-nui-du-ca-mot-loi-tim-ve-ca-tinh-h-mong-tai-ban-nam-2021-p206376227.html,Những Đỉnh Núi Du Ca - Một Lối Tìm Về Cá Tính H'Mông (Tái bản năm 2021),0.0,0,209385,209385,1.0,5244
278865938,sach-van-hoc-phi-ly-p278865938,https://tiki.vn/sach-van-hoc-phi-ly-p278865938.html,Sách - Văn Học Phi Lý,0.0,0,268000,227800,1.0,5244
217577373,tuyen-tap-ngo-tat-to-2023-p217577373,https://tiki.vn/tuyen-tap-ngo-tat-to-2023-p217577373.html,Tuyển Tập Ngô Tất Tố (2023),5.0,1,165000,136900,4.0,5244
270118300,tu-dien-tieng-viet-cua-gs-nguyen-lan-phe-binh-va-khao-cuu-giai-sach-hay-2017-tai-ban-nam-2018-p270118300,https://tiki.vn/tu-dien-tieng-viet-cua-gs-nguyen-lan-phe-binh-va-khao-cuu-giai-sach-hay-2017-tai-ban-nam-2018-p270118300.html,Từ Điển Tiếng Việt Của GS. Nguyễn Lân - Phê Bình Và Khảo Cứu ,4.2,6,290000,290000,51.0,5244
278045166,sach-hoi-uc-den-tuong-lai-suy-ngam-ve-van-hoa-giao-duc-va-con-duong-phat-trien-cua-viet-nam-p278045166,https://tiki.vn/sach-hoi-uc-den-tuong-lai-suy-ngam-ve-van-hoa-giao-duc-va-con-duong-phat-trien-cua-viet-nam-p278045166.html,"Sách - Hồi Ức Đến Tương Lai - Suy Ngẫm Về Văn Hóa, Giáo Dục Và Con Đường Phát Triển Của Việt Nam",5.0,2,289000,245000,2.0,5244
208118188,dich-hoc-nhap-mon-p208118188,https://tiki.vn/dich-hoc-nhap-mon-p208118188.html,Dịch Học Nhập Môn,4.7,3,65000,61700,15.0,5244
277320285,sach-sai-gon-di-qua-ky-uc-p277320285,https://tiki.vn/sach-sai-gon-di-qua-ky-uc-p277320285.html,Sách - Sài Gòn - Đi Qua Ký Ức,0.0,0,95000,95000,,5244
260554506,dan-gian-triet-nghien-cuu-van-xuoi-tran-bao-dinh-vo-quoc-viet-nxb-tong-hop-tp-ho-chi-minh-p260554506,https://tiki.vn/dan-gian-triet-nghien-cuu-van-xuoi-tran-bao-dinh-vo-quoc-viet-nxb-tong-hop-tp-ho-chi-minh-p260554506.html,DÂN GIAN TRIẾT - Nghiên cứu văn xuôi Trần Bảo Định - Võ Quốc Việt – Nxb Tổng hợp Tp Hồ Chí Minh ,0.0,0,99000,99000,,5244
209302122,dich-hoc-nhap-mon-bia-mem-_tre-p209302122,https://tiki.vn/dich-hoc-nhap-mon-bia-mem-_tre-p209302122.html,Dịch Học Nhập Môn (Bìa Mềm) _TRE,0.0,0,65000,65000,,5244
210438281,van-hoc-dan-gian-ben-tre-bo-2-cuon-p210438281,https://tiki.vn/van-hoc-dan-gian-ben-tre-bo-2-cuon-p210438281.html,Văn Học Dân Gian Bến Tre (Bộ 2 cuốn),0.0,0,320000,320000,,5244
250069860,ngon-ngu-va-than-xac-p250069860,https://tiki.vn/ngon-ngu-va-than-xac-p250069860.html,Ngôn Ngữ Và Thân Xác,0.0,0,65000,65000,8.0,5244
274168903,sach-tieu-luan-ve-nghe-thuat-an-nam-nha-nam-official-p274168903,https://tiki.vn/sach-tieu-luan-ve-nghe-thuat-an-nam-nha-nam-official-p274168903.html,Sách - Tiểu luận về nghệ thuật An Nam - Nhã Nam Official,0.0,0,120000,120000,1.0,5244
278128618,cuoc-tien-hoa-van-hoc-viet-nam-p278128618,https://tiki.vn/cuoc-tien-hoa-van-hoc-viet-nam-p278128618.html,Cuộc Tiến Hóa Văn Học Việt Nam,5.0,2,125000,125000,3.0,5244
271293134,tuy-but-phe-binh-15-guong-mat-tho-hoang-lien-son-p271293134,https://tiki.vn/tuy-but-phe-binh-15-guong-mat-tho-hoang-lien-son-p271293134.html,Tùy Bút Phê Bình 15 Gương Mặt Thơ - Hoàng Liên Sơn (PHÊ BÌNH VĂN HỌC),0.0,0,199000,199000,1.0,5244
275138638,luan-anh-hung-p275138638,https://tiki.vn/luan-anh-hung-p275138638.html,Luận Anh Hùng,5.0,1,159000,159000,5.0,5244
155464457,ban-van-ban-minh-chan-dung-van-hoc-p155464457,https://tiki.vn/ban-van-ban-minh-chan-dung-van-hoc-p155464457.html,Bạn Văn Bạn Mình: Chân Dung Văn Học,0.0,0,65000,65000,,5244
155389891,ban-van-ban-minh-hinh-dung-va-tam-tuong-p155389891,https://tiki.vn/ban-van-ban-minh-hinh-dung-va-tam-tuong-p155389891.html,Bạn Văn Bạn Mình: Hình Dung Và Tâm Tưởng,0.0,0,45000,45000,1.0,5244
555506,sach-van-chuong-phuong-nam-mot-vai-bo-khuyet-p555506,https://tiki.vn/sach-van-chuong-phuong-nam-mot-vai-bo-khuyet-p555506.html,Sách Văn Chương Phương Nam Một Vài Bổ Khuyết,0.0,0,105000,105000,,5244
13817871,sach-nha-van-triet-gia-albert-camus-1913-1960-p13817871,https://tiki.vn/sach-nha-van-triet-gia-albert-camus-1913-1960-p13817871.html,Sách Nhà Văn- Triết Gia Albert Camus (1913-1960),0.0,0,60000,60000,,5244
49640890,nhung-cuoc-hoi-ngo-cua-van-chuong-the-gioi-p49640890,https://tiki.vn/nhung-cuoc-hoi-ngo-cua-van-chuong-the-gioi-p49640890.html,Những Cuộc Hội Ngộ Của Văn Chương Thế Giới,0.0,0,129000,129000,2.0,5244
204416883,rong-choi-mien-chu-nghia-tap-5-p204416883,https://tiki.vn/rong-choi-mien-chu-nghia-tap-5-p204416883.html,Rong Chơi Miền Chữ Nghĩa - Tập 5,0.0,0,190000,190000,,5244
252011664,tro-choi-va-thu-tieu-khien-cua-nguoi-hue-p252011664,https://tiki.vn/tro-choi-va-thu-tieu-khien-cua-nguoi-hue-p252011664.html,Trò Chơi Và Thú Tiêu Khiển Của Người Huế,0.0,0,139000,139000,,5244
200628249,bui-xuan-phai-con-mat-cua-trai-tim-p200628249,https://tiki.vn/bui-xuan-phai-con-mat-cua-trai-tim-p200628249.html,Bùi Xuân Phái - Con mắt của trái tim,0.0,0,180000,180000,,5244
278899680,truyen-thuy-kieu-doan-truong-tan-thanh-bui-ky-tran-trong-kim-hieu-khao-p278899680,https://tiki.vn/truyen-thuy-kieu-doan-truong-tan-thanh-bui-ky-tran-trong-kim-hieu-khao-p278899680.html,Truyện Thúy Kiều (Đoạn trường tân thanh) (Bùi Kỷ - Trần Trọng Kim hiệu khảo),0.0,0,91000,91000,,5244
163282399,tieng-nguoi-trong-van-hoi-uc-van-chuong-p163282399,https://tiki.vn/tieng-nguoi-trong-van-hoi-uc-van-chuong-p163282399.html,Tiếng Người Trong Văn (Hồi Ức Văn Chương),0.0,0,110290,110290,,5244
201628638,rac-roi-gioi-gender-trouble-p201628638,https://tiki.vn/rac-roi-gioi-gender-trouble-p201628638.html,RẮC RỐI GIỚI – GENDER TROUBLE,5.0,2,198000,178200,32.0,5244
273573253,sach-papillon-nguoi-tu-kho-sai-bia-cung-p273573253,https://tiki.vn/sach-papillon-nguoi-tu-kho-sai-bia-cung-p273573253.html,Sách - PAPILLON - Người tù khổ sai (Bìa cứng),0.0,0,290000,290000,,5244
262453387,sach-dan-luan-thi-phap-hoc-van-hoc-p262453387,https://tiki.vn/sach-dan-luan-thi-phap-hoc-van-hoc-p262453387.html,Sách - Dẫn luận Thi pháp học Văn học,0.0,0,185000,185000,3.0,5244
279296730,nha-van-hien-thuc-doi-song-va-ca-tinh-sang-tao-p279296730,https://tiki.vn/nha-van-hien-thuc-doi-song-va-ca-tinh-sang-tao-p279296730.html,"Nhà Văn, Hiện Thực Đời Sống Và Cá Tính Sáng Tạo",0.0,0,200000,196000,,5244
277502801,dat-truoc-khat-vong-to-quoc-trong-giai-dieu-viet-nam-nguyen-thuy-kha-p277502801,https://tiki.vn/dat-truoc-khat-vong-to-quoc-trong-giai-dieu-viet-nam-nguyen-thuy-kha-p277502801.html,Khát Vọng Tổ Quốc Trong Giai Điệu Việt Nam - Nguyễn Thụy Kha,0.0,0,69000,53820,4.0,5244
279083817,van-hoc-trung-dai-viet-nam-tap-1-p279083817,https://tiki.vn/van-hoc-trung-dai-viet-nam-tap-1-p279083817.html,Văn Học Trung Đại Việt Nam - Tập 1 ,0.0,0,78000,76440,,5244
653316,sach-but-kiem-kim-dung-chuyen-luan-p653316,https://tiki.vn/sach-but-kiem-kim-dung-chuyen-luan-p653316.html,Sách Bút Kiếm Kim Dung (Chuyên Luận),4.5,6,185000,185000,39.0,5244
214935174,lang-man-giai-ma-tho-tinh-solomon-ngo-duy-cuong-thai-ha-nxb-hoi-nha-van-p214935174,https://tiki.vn/lang-man-giai-ma-tho-tinh-solomon-ngo-duy-cuong-thai-ha-nxb-hoi-nha-van-p214935174.html,LÃNG MẠN – GIẢI MÃ THƠ TÌNH SOLOMON - Ngô Duy Cường – Thái Hà – NXB Hội Nhà Văn,0.0,0,134000,134000,,5244
248762424,den-khong-hat-bong-watanabe-p248762424,https://tiki.vn/den-khong-hat-bong-watanabe-p248762424.html,  Đèn Không Hắt Bóng  - Watanabe ,0.0,0,208000,208000,,5244
278678685,nhung-ky-niem-doc-duong-doi-thanh-que-tap-hoi-uc-va-chan-dung-trung-tam-nghien-cuu-quoc-hoc-p278678685,https://tiki.vn/nhung-ky-niem-doc-duong-doi-thanh-que-tap-hoi-uc-va-chan-dung-trung-tam-nghien-cuu-quoc-hoc-p278678685.html,NHỮNG KỶ NIỆM DỌC ĐƯỜNG ĐỜI – Thanh Quế (tập hồi ức và chân dung) - Trung tâm Nghiên cứu Quốc Học,0.0,0,82000,82000,1.0,5244
278751444,cam-nghi-mien-man-thu-tu-trung-tam-nghien-cuu-quoc-hoc-p278751444,https://tiki.vn/cam-nghi-mien-man-thu-tu-trung-tam-nghien-cuu-quoc-hoc-p278751444.html,Cảm Nghĩ Miên Man - Thu Tứ (Trung tâm Nghiên Cứu Quốc Học),0.0,0,79000,79000,2.0,5244
276900172,nha-van-va-cuoc-song-so-23-p276900172,https://tiki.vn/nha-van-va-cuoc-song-so-23-p276900172.html,Nhà văn và Cuộc sống số 23,0.0,0,99000,99000,6.0,5244
274526553,sach-duong-tong-truyen-ky-kv-p274526553,https://tiki.vn/sach-duong-tong-truyen-ky-kv-p274526553.html,Sách - Đường Tống Truyền Kỳ - KV,0.0,0,268000,268000,1.0,5244
273891355,chieu-em-dau-ca-trai-tim-cuon-sach-van-hoc-lang-man-hay-p273891355,https://tiki.vn/chieu-em-dau-ca-trai-tim-cuon-sach-van-hoc-lang-man-hay-p273891355.html,Chiều Em Đau Cả Trái Tim- Cuốn Sách Văn Học Lãng Mạn Hay,0.0,0,206150,206150,,5244
262337983,thi-nhan-viet-nam-p262337983,https://tiki.vn/thi-nhan-viet-nam-p262337983.html,Thi Nhân Việt Nam,0.0,0,110000,77000,2.0,5244
242504798,150-thuat-ngu-van-hoc-tai-ban-2023-p242504798,https://tiki.vn/150-thuat-ngu-van-hoc-tai-ban-2023-p242504798.html,150 Thuật Ngữ Văn Học (Tái Bản 2023),0.0,0,107989,107989,,5244
274448285,tan-man-ve-van-hoc-nghe-thuat-p274448285,https://tiki.vn/tan-man-ve-van-hoc-nghe-thuat-p274448285.html,Tản Mạn Về Văn Học Nghệ Thuật,0.0,0,93000,93000,5.0,5244
278069781,truyen-kieu-van-xuoi-danh-cho-nguoi-tre-tai-ban-nam-2024-p278069781,https://tiki.vn/truyen-kieu-van-xuoi-danh-cho-nguoi-tre-tai-ban-nam-2024-p278069781.html,Truyện Kiều Văn Xuôi Dành Cho Người Trẻ (Tái bản năm 2024),0.0,0,95000,95000,2.0,5244
253632098,motif-trong-nghien-cuu-truyen-ke-dan-gian-p253632098,https://tiki.vn/motif-trong-nghien-cuu-truyen-ke-dan-gian-p253632098.html,Motif Trong Nghiên Cứu Truyện Kể Dân Gian,5.0,1,139000,139000,18.0,5244
272555456,thu-choi-sach-p272555456,https://tiki.vn/thu-choi-sach-p272555456.html,Thú Chơi Sách,0.0,0,170000,170000,3.0,5244
272321334,van-hoc-dan-gian-vinh-long-tap-2-p272321334,https://tiki.vn/van-hoc-dan-gian-vinh-long-tap-2-p272321334.html,Văn Học Dân Gian Vĩnh Long - Tập 2,5.0,1,130000,130000,1.0,5244
208271049,tieng-viet-giau-dep-cuoc-song-o-trong-ngon-ngu-tai-ban-2022-p208271049,https://tiki.vn/tieng-viet-giau-dep-cuoc-song-o-trong-ngon-ngu-tai-ban-2022-p208271049.html,Tiếng Việt Giàu Đẹp - Cuộc Sống Ở Trong Ngôn Ngữ (Tái Bản 2022),5.0,4,80000,74400,33.0,5244
273174434,chuyen-thay-tro-p273174434,https://tiki.vn/chuyen-thay-tro-p273174434.html,Chuyện Thầy Trò,0.0,0,120000,120000,,5244
275687702,truyen-kieu-o-nam-bo-nguyen-thanh-phong-nxb-tong-hop-tp-hcm-p275687702,https://tiki.vn/truyen-kieu-o-nam-bo-nguyen-thanh-phong-nxb-tong-hop-tp-hcm-p275687702.html,TRUYỆN KIỀU Ở NAM BỘ - Nguyễn Thanh Phong – NXB Tổng hợp Tp HCM,0.0,0,170000,170000,,5244
189193820,van-hoc-viet-nam-dong-rieng-giua-nguon-chung-vn-p189193820,https://tiki.vn/van-hoc-viet-nam-dong-rieng-giua-nguon-chung-vn-p189193820.html,Văn học Việt Nam dòng riêng giữa nguồn chung ( VN),0.0,0,119000,119000,1.0,5244
138342326,tap-van-hoa-ky-niem-nguyen-du-p138342326,https://tiki.vn/tap-van-hoa-ky-niem-nguyen-du-p138342326.html,Tập Văn Họa Kỷ Niệm Nguyễn Du,5.0,1,156000,156000,2.0,5244
72332262,sach-dau-luoi-va-ngoi-but-lich-su-van-hoc-tieng-me-de-dai-loan-p72332262,https://tiki.vn/sach-dau-luoi-va-ngoi-but-lich-su-van-hoc-tieng-me-de-dai-loan-p72332262.html,Sách Đầu Lưỡi Và Ngòi Bút (Lịch Sử Văn Học Tiếng Mẹ Đẻ Đài Loan),0.0,0,250000,250000,1.0,5244
274508313,dau-an-thoi-gian-tieu-luan-p274508313,https://tiki.vn/dau-an-thoi-gian-tieu-luan-p274508313.html,Dấu Ấn Thời Gian - tiểu luận,0.0,0,180000,180000,1.0,5244
279092363,cac-nha-van-nu-doat-giai-nobel-song-va-viet-p279092363,https://tiki.vn/cac-nha-van-nu-doat-giai-nobel-song-va-viet-p279092363.html,Các Nhà Văn Nữ Đoạt Giải Nobel - Sống Và Viết,0.0,0,238000,238000,,5244
274323869,phac-thao-cua-phac-thao-nua-the-ky-van-hoc-viet-nam-trong-hoa-binh-doi-moi-va-hoi-nhap-1975-2025-p274323869,https://tiki.vn/phac-thao-cua-phac-thao-nua-the-ky-van-hoc-viet-nam-trong-hoa-binh-doi-moi-va-hoi-nhap-1975-2025-p274323869.html,Phác thảo của phác thảo: Nửa thế kỷ văn học Việt Nam trong hòa bình - đổi mới và hội nhập (1975 - 2025),0.0,0,180000,144000,5.0,5244
273714642,tram-doc-the-story-of-art-cau-chuyen-nghe-thuat-p273714642,https://tiki.vn/tram-doc-the-story-of-art-cau-chuyen-nghe-thuat-p273714642.html,Trạm Đọc | The Story Of Art - Câu Chuyện Nghệ Thuật,0.0,0,1199000,1199000,,5244
53978349,combo-so-do-bia-mem-giong-to-bia-mem-p53978349,https://tiki.vn/combo-so-do-bia-mem-giong-to-bia-mem-p53978349.html,Combo Số đỏ ( bìa mềm) + Giông Tố (bìa mềm) ,0.0,0,125000,125000,2.0,5244
274548420,phan-khoi-di-cao-nha-xuat-ban-tri-thuc-p274548420,https://tiki.vn/phan-khoi-di-cao-nha-xuat-ban-tri-thuc-p274548420.html,Phan Khôi di cảo - Nhà xuất bản Tri thức,0.0,0,153000,153000,,5244
207008378,tam-quoc-chi-binh-thoai-ban-in-nien-hieu-chi-tri-1321-1323-p207008378,https://tiki.vn/tam-quoc-chi-binh-thoai-ban-in-nien-hieu-chi-tri-1321-1323-p207008378.html,Tam Quốc Chí Bình Thoại (Bản In Niên Hiệu Chí Trị 1321 - 1323),0.0,0,189000,170100,4.0,5244
195746124,binh-thu-yeu-luoc-bia-mem-p195746124,https://tiki.vn/binh-thu-yeu-luoc-bia-mem-p195746124.html,Binh Thư yếu lược (bìa mềm),0.0,0,165717,165717,,5244
270137511,bong-hong-cho-ngay-thang-khong-ten-p270137511,https://tiki.vn/bong-hong-cho-ngay-thang-khong-ten-p270137511.html,Bông Hồng Cho Ngày Tháng Không Tên,0.0,0,169000,169000,,5244
272832358,thanh-am-hao-hung-cua-chien-tranh-bien-gioi-tay-nam-trong-van-hoc-phe-binh-tieu-luan-p272832358,https://tiki.vn/thanh-am-hao-hung-cua-chien-tranh-bien-gioi-tay-nam-trong-van-hoc-phe-binh-tieu-luan-p272832358.html,Thanh Âm Hào Hùng Của Chiến Tranh Biên Giới Tây Nam Trong Văn Học (Phê bình - Tiểu luận),5.0,1,114000,88920,8.0,5244
273609355,van-ban-va-he-sinh-thai-van-ban-viet-dien-u-linh-tap-tu-chuc-nang-den-nghe-thuat-p273609355,https://tiki.vn/van-ban-va-he-sinh-thai-van-ban-viet-dien-u-linh-tap-tu-chuc-nang-den-nghe-thuat-p273609355.html,Văn bản và hệ sinh thái văn bản: Việt điện u linh tập từ chức năng đến nghệ thuật,0.0,0,224800,224800,,5244
276440932,nha-van-va-cuoc-song-so-22-hoi-nha-van-viet-nam-p276440932,https://tiki.vn/nha-van-va-cuoc-song-so-22-hoi-nha-van-viet-nam-p276440932.html,Nhà văn và Cuộc sống số 22 - Hội Nhà Văn Việt Nam,0.0,0,99000,99000,7.0,5244
279299399,khac-thoi-dai-p279299399,https://tiki.vn/khac-thoi-dai-p279299399.html,Khác thời đại,0.0,0,132000,132000,2.0,5244
279121759,bia-mem-nha-van-hien-thuc-doi-song-va-ca-tinh-sang-tao-gs-ts-ngnd-tran-dang-suyen-nxb-dai-hoc-su-pham-p279121759,https://tiki.vn/bia-mem-nha-van-hien-thuc-doi-song-va-ca-tinh-sang-tao-gs-ts-ngnd-tran-dang-suyen-nxb-dai-hoc-su-pham-p279121759.html,"(Bìa mềm) NHÀ VĂN, HIỆN THỰC ĐỜI SỐNG VÀ CÁ TÍNH SÁNG TẠO - GS.TS.NGND. Trần Đăng Suyền - NXB Đại Học Sư Phạm ",0.0,0,171000,171000,1.0,5244
273888259,van-ban-va-he-sinh-thai-van-ban-viet-dien-u-linh-tap-tu-chuc-nang-den-nghe-thuat-p273888259,https://tiki.vn/van-ban-va-he-sinh-thai-van-ban-viet-dien-u-linh-tap-tu-chuc-nang-den-nghe-thuat-p273888259.html,Văn Bản Và Hệ Sinh Thái Văn Bản - Việt Điện U Linh Tập Từ Chức Năng Đến Nghệ Thuật (TTT),4.0,1,265000,249100,4.0,5244
275092922,sach-truyen-kieu-chu-giai-bia-mem-tai-ban-2021-p275092922,https://tiki.vn/sach-truyen-kieu-chu-giai-bia-mem-tai-ban-2021-p275092922.html,Sách - Truyện Kiều chú giải (bìa mềm) - tái bản 2021,0.0,0,127800,127800,6.0,5244
279132511,sach-tuyen-tap-pham-tuong-hanh-p279132511,https://tiki.vn/sach-tuyen-tap-pham-tuong-hanh-p279132511.html,Sách - Tuyển Tập Phạm Tường Hạnh,0.0,0,400000,372000,1.0,5244
116458792,nhung-tac-pham-van-hoc-viet-bang-tieng-phap-len-quan-den-dong-duong-thu-muc-phap-viet--p116458792,https://tiki.vn/nhung-tac-pham-van-hoc-viet-bang-tieng-phap-len-quan-den-dong-duong-thu-muc-phap-viet--p116458792.html,Những tác phẩm văn học viết bằng tiếng Pháp lên quan đến Đông Dương (Thư mục Pháp - Việt),0.0,0,26000,26000,,5244
201088289,van-hoc-trong-nha-truong-truyen-ngan-nguyen-minh-chau-p201088289,https://tiki.vn/van-hoc-trong-nha-truong-truyen-ngan-nguyen-minh-chau-p201088289.html,Văn Học Trong Nhà Trường: Truyện Ngắn Nguyễn Minh Châu,0.0,0,78000,71700,17.0,5244
262813040,xa-hoi-tinh-tao-p262813040,https://tiki.vn/xa-hoi-tinh-tao-p262813040.html,Xã Hội Tỉnh Táo,0.0,0,268000,227000,1.0,5244
276292537,bien-nien-hoat-dong-van-hoc-hoi-nha-van-viet-nam-1996-2001-tap-4-p276292537,https://tiki.vn/bien-nien-hoat-dong-van-hoc-hoi-nha-van-viet-nam-1996-2001-tap-4-p276292537.html,Biên Niên Hoạt Động Văn Học Hội Nhà Văn Việt Nam 1996 - 2001 (tập 4),0.0,0,250000,250000,,5244
58709021,phe-binh-ki-hieu-hoc-doc-van-nhu-la-hanh-trinh-tai-thiet-ngon-ngu-tai-ban-2019-p58709021,https://tiki.vn/phe-binh-ki-hieu-hoc-doc-van-nhu-la-hanh-trinh-tai-thiet-ngon-ngu-tai-ban-2019-p58709021.html,Phê Bình Kí Hiệu Học - Đọc Văn Như Là Hành Trình Tái Thiết Ngôn Ngữ (Tái Bản 2019),0.0,0,70000,70000,,5244
849985,sach-nhung-tieng-trong-qua-cua-cac-nha-sam-p849985,https://tiki.vn/sach-nhung-tieng-trong-qua-cua-cac-nha-sam-p849985.html,Sách Những Tiếng Trống Qua Cửa Các Nhà Sấm (Bản Thông Thường),0.0,0,215000,215000,,5244
193523861,viet-nam-danh-tac-tieu-son-trang-si-p193523861,https://tiki.vn/viet-nam-danh-tac-tieu-son-trang-si-p193523861.html,Việt Nam Danh Tác - Tiêu sơn tráng sĩ,0.0,0,139000,139000,,5244
272554896,dao-uyen-minh-p272554896,https://tiki.vn/dao-uyen-minh-p272554896.html,Đào Uyên Minh Toàn Tập,0.0,0,175000,175000,2.0,5244
277504788,bo-sach-nhung-tac-pham-khao-cuu-bo-6-cuon-p277504788,https://tiki.vn/bo-sach-nhung-tac-pham-khao-cuu-bo-6-cuon-p277504788.html,Bộ Sách Những Tác Phẩm Khảo Cứu (Bộ 6 cuốn),0.0,0,520000,494000,,5244
251460705,viet-nam-van-hoi-bia-cung-p251460705,https://tiki.vn/viet-nam-van-hoi-bia-cung-p251460705.html,Việt Nam Vận Hội - Bìa cứng,0.0,0,198000,198000,,5244
276597834,tu-nguyen-an-chi-tb2024-p276597834,https://tiki.vn/tu-nguyen-an-chi-tb2024-p276597834.html,Từ Nguyên - An Chi (TB2024),0.0,0,200000,200000,4.0,5244
276700286,franz-kafka-nguoi-tay-nao-nhan-loai-tb2024-p276700286,https://tiki.vn/franz-kafka-nguoi-tay-nao-nhan-loai-tb2024-p276700286.html,Franz Kafka - Người tẩy não nhân loại (TB2024),0.0,0,140000,140000,,5244
887781,sach-cac-tac-gia-nguoi-viet-viet-tieng-phap-p887781,https://tiki.vn/sach-cac-tac-gia-nguoi-viet-viet-tieng-phap-p887781.html,Sách Các Tác Giả Người Việt Viết Tiếng Pháp,0.0,0,104000,104000,7.0,5244
274022285,tieng-viet-van-viet-nguoi-viet-tai-ban-nam-2023-p274022285,https://tiki.vn/tieng-viet-van-viet-nguoi-viet-tai-ban-nam-2023-p274022285.html,Tiếng Việt - Văn Việt - Người Việt (Tái bản năm 2023),3.0,1,179000,152150,10.0,5244
188189357,thu-giang-nguyen-duy-can-nhung-bai-dang-bao-va-tieu-luan-nxb-tre-p188189357,https://tiki.vn/thu-giang-nguyen-duy-can-nhung-bai-dang-bao-va-tieu-luan-nxb-tre-p188189357.html,Thu Giang NGUYỄN DUY CẦN những bài đăng báo và tiểu luận – NXB Trẻ,0.0,0,180000,180000,,5244
278814992,chu-nghia-tieng-viet-va-ban-sac-ngon-ngu-nam-bo-huynh-cong-tin-nxb-tong-hop-hcm-p278814992,https://tiki.vn/chu-nghia-tieng-viet-va-ban-sac-ngon-ngu-nam-bo-huynh-cong-tin-nxb-tong-hop-hcm-p278814992.html,CHỮ NGHĨA TIẾNG VIỆT VÀ BẢN SẮC NGÔN NGỮ NAM BỘ – Huỳnh Công Tín – NXB Tổng hợp HCM,0.0,0,120000,120000,,5244
164161388,nha-van-va-cuoc-song-so-7-hoi-nha-van-viet-nam-p164161388,https://tiki.vn/nha-van-va-cuoc-song-so-7-hoi-nha-van-viet-nam-p164161388.html,Nhà Văn và Cuộc Sống số 7 (Hội Nhà Văn Việt Nam),0.0,0,99000,99000,2.0,5244
277466412,tu-thu-binh-giai-luan-ngu-manh-tu-dai-hoc-trung-dung-bia-cung-p277466412,https://tiki.vn/tu-thu-binh-giai-luan-ngu-manh-tu-dai-hoc-trung-dung-bia-cung-p277466412.html,Tứ Thư Bình Giải: Luận Ngữ - Mạnh Tử - Đại Học - Trung Dung (Bìa Cứng),0.0,0,890000,890000,1.0,5244
274903480,tay-buong-tay-va-tim-thoi-nho-p274903480,https://tiki.vn/tay-buong-tay-va-tim-thoi-nho-p274903480.html, Tay Buông Tay Và Tim Thôi Nhớ,0.0,0,75000,75000,,5244
276957544,phap-ngu-hoa-thuong-tuyen-hoa-p276957544,https://tiki.vn/phap-ngu-hoa-thuong-tuyen-hoa-p276957544.html,Pháp Ngữ - Hòa Thượng Tuyên Hóa,0.0,0,48000,48000,1.0,5244
253114013,ban-van-ban-minh-cay-but-doi-nguoi-p253114013,https://tiki.vn/ban-van-ban-minh-cay-but-doi-nguoi-p253114013.html,BẠN VĂN BẠN MÌNH: Cây bút đời người,0.0,0,85000,85000,1.0,5244
274068213,cuon-van-hoc-lang-man-hay-pho-dai-p274068213,https://tiki.vn/cuon-van-hoc-lang-man-hay-pho-dai-p274068213.html,Cuốn Văn Học Lãng Mạn Hay-Phố Dài,0.0,0,225000,225000,,5244
183262842,offline-song-tinh-thuc-trong-thoi-dai-cua-su-xao-nhang-p183262842,https://tiki.vn/offline-song-tinh-thuc-trong-thoi-dai-cua-su-xao-nhang-p183262842.html,Offline: Sống Tỉnh Thức Trong Thời Đại Của Sự Xao Nhãng,0.0,0,99000,99000,,5244
19791639,ho-chi-minh-hon-cach-mang-hon-tho-p19791639,https://tiki.vn/ho-chi-minh-hon-cach-mang-hon-tho-p19791639.html,"Hồ Chí Minh - Hồn cách mạng, hồn thơ",0.0,0,99000,99000,1.0,5244
2120579,sach-quan-dan-nam-ky-khang-phap-tren-mat-tran-quan-su-va-van-chuong-1859-1885-p2120579,https://tiki.vn/sach-quan-dan-nam-ky-khang-phap-tren-mat-tran-quan-su-va-van-chuong-1859-1885-p2120579.html,Sách Quân Dân Nam Kỳ Kháng Pháp Trên Mặt Trận Quân Sự Và Văn Chương (1859 - 1885),0.0,0,99000,99000,,5244
271378047,van-hoa-van-nghe-mien-nam-viet-nam-1954-1975-tran-trong-dang-dan-p271378047,https://tiki.vn/van-hoa-van-nghe-mien-nam-viet-nam-1954-1975-tran-trong-dang-dan-p271378047.html,Văn Hóa Văn Nghệ Miền Nam Việt Nam 1954 - 1975 (Trần Trọng Đăng Đàn),0.0,0,375000,375000,1.0,5244
19791346,gia-tri-nhan-van-trong-di-chuc-cua-chu-tich-ho-chi-minh-p19791346,https://tiki.vn/gia-tri-nhan-van-trong-di-chuc-cua-chu-tich-ho-chi-minh-p19791346.html,Giá trị nhân văn trong Di chúc của Chủ tịch Hồ Chí Minh,0.0,0,79000,79000,1.0,5244
275182680,giai-nghia-chu-han-trong-tho-duong-va-tho-trung-dai-viet-nam-nguyen-thi-thanh-chung-nxb-dh-su-pham-p275182680,https://tiki.vn/giai-nghia-chu-han-trong-tho-duong-va-tho-trung-dai-viet-nam-nguyen-thi-thanh-chung-nxb-dh-su-pham-p275182680.html,Giải nghĩa chữ Hán trong thơ Đường và thơ trung đại Việt Nam -– Nguyễn Thị Thanh Chung -NXB ĐH Sư Phạm,0.0,0,220000,220000,7.0,5244
129563314,cu-pho-bang-minh-xuyen-hoang-yen-tac-pham-cam-hoc-tam-nguyen-p129563314,https://tiki.vn/cu-pho-bang-minh-xuyen-hoang-yen-tac-pham-cam-hoc-tam-nguyen-p129563314.html,Cụ Phó Bảng Minh Xuyên Hoàng Yến & Tác Phẩm Cầm Học Tầm Nguyên ,0.0,0,180000,180000,1.0,5244
158745349,sach-van-hoa-viet-nhin-tu-tieng-viet-dich-dac-dat-diu-du-di-dom-p158745349,https://tiki.vn/sach-van-hoa-viet-nhin-tu-tieng-viet-dich-dac-dat-diu-du-di-dom-p158745349.html,Sách Văn Hóa Việt Nhìn Từ Tiếng Việt - Dích Dắc Dặt Dìu Dư Dí Dỏm,0.0,0,115000,115000,1.0,5244
274557943,cuon-van-hoc-hay-mau-va-trang-p274557943,https://tiki.vn/cuon-van-hoc-hay-mau-va-trang-p274557943.html,Cuốn Văn Học Hay: Máu và Trăng,0.0,0,108000,108000,,5244
213860875,sach-rong-choi-mien-chu-nghia-tap-1-tai-ban-12-2022-p213860875,https://tiki.vn/sach-rong-choi-mien-chu-nghia-tap-1-tai-ban-12-2022-p213860875.html,Sách Rong chơi miền chữ nghĩa - Tập 1 (Tái Bản 12/2022),5.0,1,120000,120000,8.0,5244
243086163,vo-quang-mot-doi-tho-van-p243086163,https://tiki.vn/vo-quang-mot-doi-tho-van-p243086163.html,Võ Quảng - Một Đời Thơ Văn,0.0,0,180000,180000,,5244
32219421,cu-pho-bang-minh-xuyen-hoang-yen-va-tac-pham-cam-hoc-tam-nguyen-p32219421,https://tiki.vn/cu-pho-bang-minh-xuyen-hoang-yen-va-tac-pham-cam-hoc-tam-nguyen-p32219421.html,Cụ Phó Bảng Minh Xuyên Hoàng Yến Và Tác Phẩm Cầm Học Tầm Nguyên,0.0,0,180000,180000,,5244
213886946,hanh-trinh-tu-than-ghi-chep-tu-nuoc-anh-p213886946,https://tiki.vn/hanh-trinh-tu-than-ghi-chep-tu-nuoc-anh-p213886946.html,Hành Trình Tử Thần Ghi Chép Từ Nước Anh,0.0,0,90000,90000,,5244
114459435,sach-ban-van-ban-minh-van-thi-si-hien-dai-p114459435,https://tiki.vn/sach-ban-van-ban-minh-van-thi-si-hien-dai-p114459435.html,Sách Bạn Văn Bạn Mình: Văn Thi Sĩ Hiện Đại,0.0,0,100000,100000,,5244
155435773,ban-van-ban-minh-muoi-chin-chan-dung-nha-van-cung-thoi-p155435773,https://tiki.vn/ban-van-ban-minh-muoi-chin-chan-dung-nha-van-cung-thoi-p155435773.html,Bạn Văn Bạn Mình: Mười Chín Chân Dung Nhà Văn Cùng Thời,0.0,0,115000,115000,,5244
257291215,dan-gian-triet-nghien-cuu-van-xuoi-tran-bao-dinh-p257291215,https://tiki.vn/dan-gian-triet-nghien-cuu-van-xuoi-tran-bao-dinh-p257291215.html,Dân Gian Triết - Nghiên cứu văn xuôi Trần Bảo Định,0.0,0,99000,99000,,5244
206715191,huong-sac-trong-vuon-van-p206715191,https://tiki.vn/huong-sac-trong-vuon-van-p206715191.html,Hương Sắc Trong Vườn Văn,0.0,0,228000,228000,,5244
272829991,ve-quyen-su-tich-va-nghe-thuat-hat-bo-cua-doan-nong-khao-chu-luan-p272829991,https://tiki.vn/ve-quyen-su-tich-va-nghe-thuat-hat-bo-cua-doan-nong-khao-chu-luan-p272829991.html,Về Quyển Sự Tích Và Nghệ Thuật Hát Bộ Của Đoàn Nồng (Khảo-Chú-Luận),0.0,0,150000,150000,,5244
263584318,tham-hoa-khi-hau-p263584318,https://tiki.vn/tham-hoa-khi-hau-p263584318.html,Thảm họa khí hậu,0.0,0,239000,239000,,5244
273891872,cau-chuyen-nghe-thuat-p273891872,https://tiki.vn/cau-chuyen-nghe-thuat-p273891872.html,Câu Chuyện Nghệ Thuật,5.0,1,1199000,1199000,3.0,5244
188542232,tu-sach-doi-nguoi-truyen-kieu-p188542232,https://tiki.vn/tu-sach-doi-nguoi-truyen-kieu-p188542232.html,Tủ Sách Đời Người - Truyện Kiều,0.0,0,139000,139000,,5244
273896867,sach-nha-nguyen-bao-trung-p273896867,https://tiki.vn/sach-nha-nguyen-bao-trung-p273896867.html,Sách - Nhà - Nguyễn Bảo Trung,0.0,0,109000,109000,,5244
273643374,tram-doc-nhung-nguoi-muon-nam-chua-cu-p273643374,https://tiki.vn/tram-doc-nhung-nguoi-muon-nam-chua-cu-p273643374.html,"Trạm Đọc | Những Người Muôn Năm ""Chưa Cũ""",0.0,0,239000,239000,,5244
207768129,an-yen-yeu-tha-p207768129,https://tiki.vn/an-yen-yeu-tha-p207768129.html,An Yên Yêu - THA,0.0,0,99000,99000,,5244
263082596,phia-truoc-la-bau-troi-p263082596,https://tiki.vn/phia-truoc-la-bau-troi-p263082596.html,Phía Trước Là Bầu Trời,0.0,0,88000,88000,,5244
263584130,tham-hoa-khi-hau-p263584130,https://tiki.vn/tham-hoa-khi-hau-p263584130.html,Thảm họa khí hậu,0.0,0,239000,239000,,5244
270903300,van-hoc-viet-nam-tu-nhung-manh-ghep-p270903300,https://tiki.vn/van-hoc-viet-nam-tu-nhung-manh-ghep-p270903300.html,Văn học việt nam từ những mảnh ghép,0.0,0,199000,199000,,5244
189252914,nguoi-hao-tam-thanh-tu-xuyen-p189252914,https://tiki.vn/nguoi-hao-tam-thanh-tu-xuyen-p189252914.html,Người Hảo Tâm Thành Tứ Xuyên,0.0,0,119000,119000,,5244
279668837,phe-binh-luan-li-hoc-van-hoc-li-thuyet-va-dien-giai-p279668837,https://tiki.vn/phe-binh-luan-li-hoc-van-hoc-li-thuyet-va-dien-giai-p279668837.html,PHÊ BÌNH LUÂN LÍ HỌC VĂN HỌC: LÍ THUYẾT VÀ DIỄN GIẢI,0.0,0,350000,350000,1.0,5244
275541253,thi-ca-luan-p275541253,https://tiki.vn/thi-ca-luan-p275541253.html,THI CA LUẬN,0.0,0,153900,153900,1.0,5244
195746005,binh-thu-yeu-luoc-bia-mem-p195746005,https://tiki.vn/binh-thu-yeu-luoc-bia-mem-p195746005.html,Binh Thư yếu lược (bìa mềm),0.0,0,165717,165717,,5244
215378579,cuon-sach-lang-man-giai-ma-tho-tinh-solomon-p215378579,https://tiki.vn/cuon-sach-lang-man-giai-ma-tho-tinh-solomon-p215378579.html,Cuốn sách: Lãng Mạn - Giải Mã Thơ Tình Solomon,0.0,0,137080,137080,,5244
137387593,sach-guong-phong-tuc-p137387593,https://tiki.vn/sach-guong-phong-tuc-p137387593.html,Sách Gương Phong Tục,0.0,0,143219,143219,,5244
88043395,truc-thu-ky-nien-p88043395,https://tiki.vn/truc-thu-ky-nien-p88043395.html,Trúc Thư Kỷ Niên,0.0,0,160168,160168,,5244
214658061,lang-man-giai-ma-tho-tinh-solomon-p214658061,https://tiki.vn/lang-man-giai-ma-tho-tinh-solomon-p214658061.html,Lãng Mạn - Giải Mã Thơ Tình Solomon ,0.0,0,134500,134500,,5244
278899656,kim-van-kieu-truyen-p278899656,https://tiki.vn/kim-van-kieu-truyen-p278899656.html,"Kim, Vân, Kiều truyện ",0.0,0,81000,81000,,5244
243051819,tieng-viet-van-viet-nguoi-viet-bia-mem-p243051819,https://tiki.vn/tieng-viet-van-viet-nguoi-viet-bia-mem-p243051819.html,Tiếng Việt - Văn Việt - Người Việt (Bìa mềm),0.0,0,179000,179000,,5244
205810826,tim-hieu-van-hoc-hien-dai-han-quoc-p205810826,https://tiki.vn/tim-hieu-van-hoc-hien-dai-han-quoc-p205810826.html,Tìm Hiểu Văn Học Hiện Đại Hàn Quốc,0.0,0,190000,190000,,5244
71553535,sach-cau-chuyen-nghe-thuat-phien-ban-co-hop-p71553535,https://tiki.vn/sach-cau-chuyen-nghe-thuat-phien-ban-co-hop-p71553535.html,Sách Câu Chuyện Nghệ Thuật (Phiên Bản Có Hộp),0.0,0,1199000,1199000,3.0,5244
277294697,sach-truc-thu-ky-nien-p277294697,https://tiki.vn/sach-truc-thu-ky-nien-p277294697.html,Sách - Trúc Thư Kỷ Niên,0.0,0,160168,160168,,5244
53980117,combo-buoc-duong-cung-bia-mem-doan-tuyet-bia-mem-p53980117,https://tiki.vn/combo-buoc-duong-cung-bia-mem-doan-tuyet-bia-mem-p53980117.html, Combo Bước đường cùng (bìa mềm) + Đoạn tuyệt (bìa mềm),0.0,0,92500,92500,1.0,5244
195993426,phu-nu-tung-thu-tu-sach-gioi-va-phat-trien-van-de-phu-nu-o-nuoc-ta-p195993426,https://tiki.vn/phu-nu-tung-thu-tu-sach-gioi-va-phat-trien-van-de-phu-nu-o-nuoc-ta-p195993426.html,Phụ Nữ Tùng Thư - Tủ Sách Giới Và Phát Triển - Vấn Đề Phụ Nữ Ở Nước Ta,0.0,0,148352,148352,,5244
273199863,nuoc-mat-an-phu-do-lenh-thien-va-kim-ma-an-phu-cam-tinh-le-tap-p273199863,https://tiki.vn/nuoc-mat-an-phu-do-lenh-thien-va-kim-ma-an-phu-cam-tinh-le-tap-p273199863.html,Nước mắt ẩn phu Đỗ Lệnh - Thiện và Kim Mã ẩn phu cảm tình lệ tập,0.0,0,216948,216948,,5244
215580015,lang-man-giai-ma-tho-tinh-solomon-muc-su-ngo-duy-cuong-p215580015,https://tiki.vn/lang-man-giai-ma-tho-tinh-solomon-muc-su-ngo-duy-cuong-p215580015.html,Lãng Mạn - Giải Mã Thơ Tình Solomon (Mục sư Ngô Duy Cường),0.0,0,137080,137080,1.0,5244
221014297,lang-man-giai-ma-tho-tinh-solomon-tha-p221014297,https://tiki.vn/lang-man-giai-ma-tho-tinh-solomon-tha-p221014297.html,Lãng Mạn - Giải Mã Thơ Tình Solomon - THA,0.0,0,137094,137094,,5244
270926031,van-de-phu-nu-o-nuoc-ta-nguyen-van-vinh-pn-p270926031,https://tiki.vn/van-de-phu-nu-o-nuoc-ta-nguyen-van-vinh-pn-p270926031.html,Vấn Đề Phụ Nữ ở Nước Ta - Nguyễn Văn Vĩnh (PN),0.0,0,148203,148203,,5244
177274776,ban-tinh-ca-khuc-khuyu-p177274776,https://tiki.vn/ban-tinh-ca-khuc-khuyu-p177274776.html,Bản Tình Ca Khúc Khuỷu,0.0,0,105000,105000,,5244
276039283,tieng-viet-an-tinh-tap-2-le-trong-nghia-thai-ha-nxb-the-gioi-p276039283,https://tiki.vn/tieng-viet-an-tinh-tap-2-le-trong-nghia-thai-ha-nxb-the-gioi-p276039283.html,TIẾNG VIỆT ÂN TÌNH (TẬP 2) – Lê Trọng Nghĩa – Thái Hà – NXB Thế giới,0.0,0,179000,179000,,5244
74457807,dien-mao-van-hoc-can-hien-dai-lao-tap-2-p74457807,https://tiki.vn/dien-mao-van-hoc-can-hien-dai-lao-tap-2-p74457807.html,Diện Mạo Văn Học Cận Hiện Đại Lào - Tập 2,0.0,0,175000,140000,1.0,5244
74457769,dien-mao-van-hoc-can-hien-dai-lao-tap-1-p74457769,https://tiki.vn/dien-mao-van-hoc-can-hien-dai-lao-tap-1-p74457769.html,Diện Mạo Văn Học Cận Hiện Đại Lào - Tập 1,0.0,0,175000,140000,2.0,5244
279509339,phuong-phap-luan-nghien-cuu-van-hoc-dan-gian-bia-cung-nguyen-thi-kim-ngan-p279509339,https://tiki.vn/phuong-phap-luan-nghien-cuu-van-hoc-dan-gian-bia-cung-nguyen-thi-kim-ngan-p279509339.html,Phương pháp luận nghiên cứu Văn học dân gian (Bìa cứng) - Nguyễn Thị Kim Ngân,0.0,0,420000,420000,1.0,5244
247858446,binh-dang-gioi-tai-noi-lam-viec-p247858446,https://tiki.vn/binh-dang-gioi-tai-noi-lam-viec-p247858446.html,BÌNH ĐẲNG GIỚI TẠI NƠI LÀM VIỆC,0.0,0,115000,103500,22.0,5244
183683316,nhung-do-vat-co-linh-hon-p183683316,https://tiki.vn/nhung-do-vat-co-linh-hon-p183683316.html,Những Đồ Vật Có Linh Hồn,0.0,0,126649,126649,,5244
276115164,thu-tinh-hoang-tu-be-ban-quyen-p276115164,https://tiki.vn/thu-tinh-hoang-tu-be-ban-quyen-p276115164.html,Thư Tình Hoàng Tử Bé - Bản Quyền,0.0,0,89247,89247,,5244
275254011,tu-chu-van-chuong-su-menh-tu-do-co-ky-tang-cua-cac-tac-gia-p275254011,https://tiki.vn/tu-chu-van-chuong-su-menh-tu-do-co-ky-tang-cua-cac-tac-gia-p275254011.html,TỰ CHỦ VĂN CHƯƠNG & SỨ MỆNH TỰ DO - CÓ KÝ TẶNG CỦA CÁC TÁC GIẢ,0.0,0,267300,267300,,5244
270446654,sach-gia-tri-cua-su-tu-te-sgb-p270446654,https://tiki.vn/sach-gia-tri-cua-su-tu-te-sgb-p270446654.html,Sách - Giá Trị Của Sự Tử Tế SGB,0.0,0,108000,108000,,5244
278819230,combo-hop-4-cuon-con-nha-van-thieu-nhi-nhap-mon-lap-than-cam-but-p278819230,https://tiki.vn/combo-hop-4-cuon-con-nha-van-thieu-nhi-nhap-mon-lap-than-cam-but-p278819230.html,Sách - Combo hộp 4 cuốn:  Con nhà văn (Thiếu Nhi - Nhập môn - Lập thân - Cầm bút),0.0,0,685000,685000,1.0,5244
137572713,sach-van-chuong-sai-gon-1881-1924-tap-2-van-xuoi-giai-phat-hien-moi-2018-p137572713,https://tiki.vn/sach-van-chuong-sai-gon-1881-1924-tap-2-van-xuoi-giai-phat-hien-moi-2018-p137572713.html,Sách Văn Chương Sài Gòn 1881-1924 - Tập 2: Văn Xuôi (Giải Phát Hiện Mới 2018),0.0,0,149000,149000,1.0,5244
279577026,luan-ve-su-tu-nguyen-no-le-cua-con-nguoi-p279577026,https://tiki.vn/luan-ve-su-tu-nguyen-no-le-cua-con-nguoi-p279577026.html,Luận Về Sự Tự Nguyện Nô Lệ Của Con Người,0.0,0,64400,64400,,5244
279577024,luan-ve-su-tu-nguyen-no-le-cua-con-nguoi-p279577024,https://tiki.vn/luan-ve-su-tu-nguyen-no-le-cua-con-nguoi-p279577024.html,Luận Về Sự Tự Nguyện Nô Lệ Của Con Người,0.0,0,64300,64300,,5244
262462996,sach-ma-van-khang-ve-tac-gia-va-tac-pham-p262462996,https://tiki.vn/sach-ma-van-khang-ve-tac-gia-va-tac-pham-p262462996.html,Sách Ma Văn Kháng về tác gia và tác phẩm,0.0,0,100000,100000,,5244
274398787,sach-li-luan-van-hoc-tap-2-p274398787,https://tiki.vn/sach-li-luan-van-hoc-tap-2-p274398787.html,Sách - Lí luận Văn học Tập 2,0.0,0,115000,115000,3.0,5244
272057365,neo-chu-p272057365,https://tiki.vn/neo-chu-p272057365.html,Neo Chữ,0.0,0,197000,197000,,5244
4291913,nhan-vat-phu-tro-trong-truyen-co-tich-than-ky-nguoi-viet-p4291913,https://tiki.vn/nhan-vat-phu-tro-trong-truyen-co-tich-than-ky-nguoi-viet-p4291913.html,Nhân Vật Phù Trợ Trong Truyện Cổ Tích Thần Kỳ Người Việt,5.0,4,70000,52500,59.0,5244
279098105,van-hoc-trao-phung-viet-nam-tu-the-ky-xviii-den-nua-dau-the-ky-xx-chuyen-luan-p279098105,https://tiki.vn/van-hoc-trao-phung-viet-nam-tu-the-ky-xviii-den-nua-dau-the-ky-xx-chuyen-luan-p279098105.html,Văn Học Trào Phúng Việt Nam (Từ Thế Kỷ XVIII Đến Nửa Đầu Thế Kỷ XX) (Chuyên luận),5.0,3,150000,142500,13.0,5244
1731771,phan-dang-luu-than-the-su-nghiep-va-suu-tap-tac-pham-p1731771,https://tiki.vn/phan-dang-luu-than-the-su-nghiep-va-suu-tap-tac-pham-p1731771.html,Phan Đăng Lưu - Thân Thế Sự Nghiệp Và Sưu Tập Tác Phẩm,0.0,0,298000,223500,20.0,5244
74732021,tieu-thuyet-tam-li-viet-nam-nua-dau-the-ki-xx-nhung-dang-co-ban-p74732021,https://tiki.vn/tieu-thuyet-tam-li-viet-nam-nua-dau-the-ki-xx-nhung-dang-co-ban-p74732021.html,Tiểu Thuyết Tâm Lí Việt Nam Nửa Đầu Thế Kỉ Xx (Những Dạng Cơ Bản),4.8,6,59000,57820,28.0,5244
206205018,rong-choi-mien-chu-nghia-tap-5-an-chi-p206205018,https://tiki.vn/rong-choi-mien-chu-nghia-tap-5-an-chi-p206205018.html,Rong Chơi Miền Chữ Nghĩa Tập 5 - An Chi,5.0,2,190000,190000,3.0,5244
279580466,khoa-hoc-cua-nghe-thuat-tra-p279580466,https://tiki.vn/khoa-hoc-cua-nghe-thuat-tra-p279580466.html,Khoa Học Của Nghệ Thuật Trà,0.0,0,199900,199900,,5244
68332481,sach-chuyen-cu-ha-noi-phan-1-p68332481,https://tiki.vn/sach-chuyen-cu-ha-noi-phan-1-p68332481.html,Sách Chuyện Cũ Hà Nội - Phần 1,0.0,0,88000,88000,5.0,5244
279706438,vysachqv-sach-thi-nhan-viet-nam-p279706438,https://tiki.vn/vysachqv-sach-thi-nhan-viet-nam-p279706438.html,Sách Thi Nhân Việt Nam,0.0,0,96000,96000,,5244
163021220,nhac-si-hoang-van-cho-muon-doi-sau-p163021220,https://tiki.vn/nhac-si-hoang-van-cho-muon-doi-sau-p163021220.html,Nhạc Sĩ Hoàng Vân - Cho Muôn Đời Sau,0.0,0,98000,93100,3.0,5244
278616620,sach-chuyen-hoi-do-p278616620,https://tiki.vn/sach-chuyen-hoi-do-p278616620.html,Sách - Chuyện Hồi Đó,0.0,0,315000,277200,7.0,5244
274032989,cuon-van-hoc-dac-sac-tang-nguoi-nguoi-ay-em-thuong-p274032989,https://tiki.vn/cuon-van-hoc-dac-sac-tang-nguoi-nguoi-ay-em-thuong-p274032989.html,"Cuốn Văn Học Đặc Sắc- Tặng Người, Người Ấy Em Thương",0.0,0,69000,69000,,5244
198592839,viet-va-doc-chuyen-de-mua-thu-2022-nhieu-tac-gia-nxb-hoi-nha-van-bia-mem-p198592839,https://tiki.vn/viet-va-doc-chuyen-de-mua-thu-2022-nhieu-tac-gia-nxb-hoi-nha-van-bia-mem-p198592839.html,VIẾT VÀ ĐỌC - CHUYÊN ĐỀ MÙA THU 2022 – Nhiều tác giả - NXB Hội Nhà Văn (bìa mềm),5.0,1,210000,210000,10.0,5244
275417262,nha-van-va-cuoc-song-so-20-hoi-nha-van-viet-nam-p275417262,https://tiki.vn/nha-van-va-cuoc-song-so-20-hoi-nha-van-viet-nam-p275417262.html,Nhà văn và Cuộc sống số 20 - Hội Nhà Văn Việt Nam,5.0,1,99000,99000,9.0,5244
271165890,nguyen-binh-phuong-nhung-me-lo-nghe-thuat-tieu-luan-phe-binh-van-hoc-p271165890,https://tiki.vn/nguyen-binh-phuong-nhung-me-lo-nghe-thuat-tieu-luan-phe-binh-van-hoc-p271165890.html,Nguyễn Bình Phương - Những Mê Lộ Nghệ Thuật - TIỂU LUẬN PHÊ BÌNH VĂN HỌC,5.0,1,210000,210000,48.0,5244
196515180,nguyen-van-vinh-van-de-phu-nu-o-nuoc-ta-p196515180,https://tiki.vn/nguyen-van-vinh-van-de-phu-nu-o-nuoc-ta-p196515180.html,Nguyễn Văn Vĩnh - Vấn đề phụ nữ ở nước ta,0.0,0,148352,148352,2.0,5244
279121755,bia-cung-nha-van-hien-thuc-doi-song-va-ca-tinh-sang-tao-gs-ts-ngnd-tran-dang-suyen-nxb-dai-hoc-su-pham-p279121755,https://tiki.vn/bia-cung-nha-van-hien-thuc-doi-song-va-ca-tinh-sang-tao-gs-ts-ngnd-tran-dang-suyen-nxb-dai-hoc-su-pham-p279121755.html,"(Bìa cứng) NHÀ VĂN, HIỆN THỰC ĐỜI SỐNG VÀ CÁ TÍNH SÁNG TẠO - GS.TS.NGND. Trần Đăng Suyền - NXB Đại Học Sư Phạm ",0.0,0,209000,209000,1.0,5244
227473870,giot-nuoc-tham-giua-nhung-thoi-dai-thi-ca-chan-dung-van-hoc-p227473870,https://tiki.vn/giot-nuoc-tham-giua-nhung-thoi-dai-thi-ca-chan-dung-van-hoc-p227473870.html,Giọt nước thầm giữa những thời đại thi ca (Chân dung văn học),0.0,0,162000,162000,,5244
279366201,chan-dung-cac-kieu-nguoi-p279366201,https://tiki.vn/chan-dung-cac-kieu-nguoi-p279366201.html,Chân dung các kiểu người,5.0,1,329000,296100,11.0,5244
277938556,sach-rong-ran-len-may-ly-tu-bia-mem-p277938556,https://tiki.vn/sach-rong-ran-len-may-ly-tu-bia-mem-p277938556.html,Sách - Rồng Rắn Lên Mây (Lý tứ) bìa mềm,0.0,0,107989,107989,,5244
274143415,song-doi-binh-an-p274143415,https://tiki.vn/song-doi-binh-an-p274143415.html,Sách - Sống Đời Bình An - Suối Thông,0.0,0,110000,110000,,5244
176897631,combo-buoc-cham-lai-giua-the-gian-voi-va-long-tot-cua-ban-can-them-doi-phan-sac-sao-bo-2-cuon-p176897631,https://tiki.vn/combo-buoc-cham-lai-giua-the-gian-voi-va-long-tot-cua-ban-can-them-doi-phan-sac-sao-bo-2-cuon-p176897631.html,Combo Bước Chậm Lại Giữa Thế Gian Vội Vã + Lòng Tốt Của Bạn Cần Thêm Đôi Phần Sắc Sảo (Bộ 2 Cuốn),0.0,0,196000,196000,,5244
249688879,giot-nuoc-canh-duong-p249688879,https://tiki.vn/giot-nuoc-canh-duong-p249688879.html,GIỌT NƯỚC CÀNH DƯƠNG,0.0,0,70000,70000,,5244
278774586,bia-cung-thi-phap-tho-to-huu-tran-dinh-su-nxb-dai-hoc-su-pham-p278774586,https://tiki.vn/bia-cung-thi-phap-tho-to-huu-tran-dinh-su-nxb-dai-hoc-su-pham-p278774586.html,(Bìa cứng) THI PHÁP THƠ TỐ HỮU – Trần Đình Sử – NXB Đại học Sư phạm,0.0,0,171000,171000,1.0,5244
272443832,thi-nhan-viet-nam-tai-ban-2022-p272443832,https://tiki.vn/thi-nhan-viet-nam-tai-ban-2022-p272443832.html,THI NHÂN VIỆT NAM (TÁI BẢN 2022),0.0,0,120000,120000,,5244
274447442,nha-van-va-cuoc-song-so-18-so-xuan-giap-thin-2024-hoi-nha-van-viet-nam-p274447442,https://tiki.vn/nha-van-va-cuoc-song-so-18-so-xuan-giap-thin-2024-hoi-nha-van-viet-nam-p274447442.html,Nhà văn và Cuộc sống số 18 -  số Xuân Giáp Thìn 2024 - Hội Nhà Văn Việt Nam,5.0,1,99000,99000,8.0,5244
274182363,bon-muoi-lam-chan-dung-thay-va-ban-phong-le-nxb-chinh-tri-quoc-gia-su-that-p274182363,https://tiki.vn/bon-muoi-lam-chan-dung-thay-va-ban-phong-le-nxb-chinh-tri-quoc-gia-su-that-p274182363.html,BỐN MƯƠI LĂM CHÂN DUNG THẦY VÀ BẠN - Phong Lê - NXB Chính Trị Quốc Gia Sự Thật.,0.0,0,122000,122000,1.0,5244
118082192,bien-nien-hoat-dong-van-hoc-hoi-nha-van-viet-nam-1986-1995-tap-3-p118082192,https://tiki.vn/bien-nien-hoat-dong-van-hoc-hoi-nha-van-viet-nam-1986-1995-tap-3-p118082192.html,Biên Niên Hoạt Động Văn Học Hội Nhà Văn Việt Nam 1986-1995 (tập 3),0.0,0,320000,320000,,5244
279676276,vysachqv-sach-tinh-dan-toc-trong-am-nhac-pham-duy-va-tinh-ban-duy-khe-tai-ban-nam-2017-p279676276,https://tiki.vn/vysachqv-sach-tinh-dan-toc-trong-am-nhac-pham-duy-va-tinh-ban-duy-khe-tai-ban-nam-2017-p279676276.html,Sách Tính Dân Tộc Trong Âm Nhạc Phạm Duy Và Tình Bạn Duy - Khê (Tái bản năm 2017),0.0,0,82000,69700,,5244
279380945,sach-chien-tranh-bien-gioi-tay-nam-duoi-goc-nhin-phe-binh-phan-tam-hoc-p279380945,https://tiki.vn/sach-chien-tranh-bien-gioi-tay-nam-duoi-goc-nhin-phe-binh-phan-tam-hoc-p279380945.html,Sách - Chiến Tranh Biên Giới Tây Nam Dưới Góc Nhìn Phê Bình Phân Tâm Học,0.0,0,136000,122400,,5244
279409004,truyen-kieu-ban-tien-dien-bia-mem-danh-so-p279409004,https://tiki.vn/truyen-kieu-ban-tien-dien-bia-mem-danh-so-p279409004.html,Truyện Kiều-Bản Tiên Điền (Bìa mềm đánh số),0.0,0,450000,450000,1.0,5244
274140941,khong-giao-phe-binh-tieu-luan-p274140941,https://tiki.vn/khong-giao-phe-binh-tieu-luan-p274140941.html,Khổng Giáo Phê Bình Tiểu Luận,0.0,0,70000,70000,,5244
262086757,thi-nhan-viet-nam-1932-1941-ha-p262086757,https://tiki.vn/thi-nhan-viet-nam-1932-1941-ha-p262086757.html,Thi Nhân Việt Nam 1932 - 1941 (HA) ,0.0,0,110000,77000,2.0,5244
279715918,allsachqv-sach-ven-may-p279715918,https://tiki.vn/allsachqv-sach-ven-may-p279715918.html,Sách Vén Mây,0.0,0,97000,92150,,5244
262813036,xa-hoi-tinh-tao-p262813036,https://tiki.vn/xa-hoi-tinh-tao-p262813036.html,Xã Hội Tỉnh Táo,0.0,0,268000,227000,,5244
279706674,vysachqv-sach-tinh-dan-toc-trong-am-nhac-pham-duy-va-tinh-ban-duy-khe-tai-ban-nam-2017-p279706674,https://tiki.vn/vysachqv-sach-tinh-dan-toc-trong-am-nhac-pham-duy-va-tinh-ban-duy-khe-tai-ban-nam-2017-p279706674.html,Sách Tính Dân Tộc Trong Âm Nhạc Phạm Duy Và Tình Bạn Duy - Khê (Tái bản năm 2017),0.0,0,82000,82000,,5244
277374933,tac-gia-va-tac-pham-van-hoc-1945-1975-p277374933,https://tiki.vn/tac-gia-va-tac-pham-van-hoc-1945-1975-p277374933.html,Tác Giả Và Tác Phẩm Văn Học 1945 - 1975,0.0,0,212000,212000,,5244
276558665,buc-xuc-khong-lam-ta-vo-can-tai-ban-2024-p276558665,https://tiki.vn/buc-xuc-khong-lam-ta-vo-can-tai-ban-2024-p276558665.html,Bức Xúc Không Làm Ta Vô Can (Tái Bản 2024),5.0,2,119000,107100,8.0,5244
279268775,sach-van-chuong-quoc-am-ve-the-ky-xix-p279268775,https://tiki.vn/sach-van-chuong-quoc-am-ve-the-ky-xix-p279268775.html,Sách - Văn Chương Quốc Âm Về Thế Kỷ XIX,0.0,0,109000,100200,,5244
279472770,sach-luc-xi-dem-song-huong-xom-ra-p279472770,https://tiki.vn/sach-luc-xi-dem-song-huong-xom-ra-p279472770.html,Sách - Lục Xì - Đêm Sông Hương - Xóm Rá,0.0,0,199000,169100,4.0,5244
279472736,sach-chu-nghia-nhan-dao-trong-van-hoc-viet-nam-p279472736,https://tiki.vn/sach-chu-nghia-nhan-dao-trong-van-hoc-viet-nam-p279472736.html,Sách - Chủ Nghĩa Nhân Đạo Trong Văn Học Việt Nam,0.0,0,130000,114400,2.0,5244
194451739,pho-xua-nguoi-cu-p194451739,https://tiki.vn/pho-xua-nguoi-cu-p194451739.html,Phố Xưa Người Cũ,0.0,0,179000,179000,,5244
273729044,hoi-am-tu-phuong-nam-p273729044,https://tiki.vn/hoi-am-tu-phuong-nam-p273729044.html,Hồi Âm Từ Phương Nam,5.0,4,190000,152000,23.0,5244
147570697,lan-duong-theo-bong-chan-dung-van-hoc-p147570697,https://tiki.vn/lan-duong-theo-bong-chan-dung-van-hoc-p147570697.html,Lần Đường Theo Bóng - Chân Dung Văn Học,0.0,0,95000,95000,,5244
270253567,nhung-nguoi-muon-nam-chua-cu-p270253567,https://tiki.vn/nhung-nguoi-muon-nam-chua-cu-p270253567.html,Những Người Muôn Năm “Chưa” Cũ,0.0,0,239000,239000,,5244
272830332,trung-so-doc-dac-p272830332,https://tiki.vn/trung-so-doc-dac-p272830332.html,Trúng Số Độc Đắc,0.0,0,94481,94481,,5244
257835559,thuong-nhung-mien-qua-p257835559,https://tiki.vn/thuong-nhung-mien-qua-p257835559.html,Thương Những Miền Qua,0.0,0,105000,105000,,5244
263702992,dan-gian-triet-nghien-cuu-van-xuoi-tran-bao-dinh-p263702992,https://tiki.vn/dan-gian-triet-nghien-cuu-van-xuoi-tran-bao-dinh-p263702992.html,Dân Gian Triết - Nghiên Cứu Văn Xuôi Trần Bảo Định,0.0,0,99000,99000,,5244
195573593,the-gioi-cua-truyen-nom-p195573593,https://tiki.vn/the-gioi-cua-truyen-nom-p195573593.html,Thế Giới Của Truyện Nôm,0.0,0,170000,170000,,5244
274372073,tieng-viet-an-tinh-p274372073,https://tiki.vn/tieng-viet-an-tinh-p274372073.html,Tiếng Việt Ân Tình,0.0,0,155480,155480,,5244
279232595,tap-chi-van-nghe-tp-ho-chi-minh-bo-5-cuon-so-189-193-p279232595,https://tiki.vn/tap-chi-van-nghe-tp-ho-chi-minh-bo-5-cuon-so-189-193-p279232595.html,Tạp chí Văn Nghệ TP Hồ Chí Minh bộ 5 cuốn (số 189 - 193),5.0,1,100000,100000,3.0,5244
52393313,sach-60-nam-van-hoc-duong-dai-trung-quoc-p52393313,https://tiki.vn/sach-60-nam-van-hoc-duong-dai-trung-quoc-p52393313.html,Sách 60 Năm Văn Học Đương Đại Trung Quốc,0.0,0,136000,136000,1.0,5244
272554888,luoc-khao-van-hoc-iii-nghien-cuu-va-phe-binh-van-hoc-p272554888,https://tiki.vn/luoc-khao-van-hoc-iii-nghien-cuu-va-phe-binh-van-hoc-p272554888.html,Lược Khảo Văn Học III: Nghiên Cứu Và Phê Bình Văn Học,5.0,1,95000,95000,4.0,5244
270703165,tieng-viet-van-viet-nguoi-viet-tai-ban-nam-2019-p270703165,https://tiki.vn/tieng-viet-van-viet-nguoi-viet-tai-ban-nam-2019-p270703165.html,Tiếng Việt - Văn Việt - Người Việt (Tái bản năm 2019),0.0,0,179000,179000,1.0,5244
171580942,tieng-viet-phuong-nam-tieng-viet-giau-dep-p171580942,https://tiki.vn/tieng-viet-phuong-nam-tieng-viet-giau-dep-p171580942.html,Tiếng Việt Phương Nam - Tiếng Việt Giàu Đẹp,5.0,10,85000,76500,58.0,5244
271967406,gia-ham-sach-mo-giac-mo-chu-nghia-tran-bao-dinh-p271967406,https://tiki.vn/gia-ham-sach-mo-giac-mo-chu-nghia-tran-bao-dinh-p271967406.html,GIÀ HAM SÁCH (Mơ giấc mơ chữ nghĩa) - Trần Bảo Định,0.0,0,160000,160000,1.0,5244
277320311,sach-sai-gon-tap-pin-lu-p277320311,https://tiki.vn/sach-sai-gon-tap-pin-lu-p277320311.html,Sách - Sài Gòn Tạp Pín Lù,0.0,0,305000,305000,,5244
271515293,hop-tuyen-van-hoc-co-dien-han-quoc-p271515293,https://tiki.vn/hop-tuyen-van-hoc-co-dien-han-quoc-p271515293.html,Hợp tuyển văn học cổ điển Hàn Quốc,0.0,0,190000,190000,,5244
270253546,mon-hang-quy-gia-nhat-mot-truyen-co-tich-p270253546,https://tiki.vn/mon-hang-quy-gia-nhat-mot-truyen-co-tich-p270253546.html,Món Hàng Quý Giá Nhất - Một Truyện Cổ Tích,0.0,0,68000,68000,,5244
67156634,sach-di-chuc-cua-chu-tich-ho-chi-minh-19-5-1890-02-9-1969-p67156634,https://tiki.vn/sach-di-chuc-cua-chu-tich-ho-chi-minh-19-5-1890-02-9-1969-p67156634.html,Sách Di Chúc Của Chủ Tịch Hồ Chí Minh (19.5.1890 - 02.9.1969),5.0,1,25000,25000,3.0,5244
192949612,nhu-cay-phong-ba-tren-dao-hoang-sa-tap-3-dung-bo-chay-khi-thay-tau-hai-giam-2022-p192949612,https://tiki.vn/nhu-cay-phong-ba-tren-dao-hoang-sa-tap-3-dung-bo-chay-khi-thay-tau-hai-giam-2022-p192949612.html,"Như Cây Phong Ba Trên Đảo Hoàng Sa - Tập 3: ""Đừng Bỏ Chạy Khi Thấy Tàu Hải Giám"" (2022)",0.0,0,110000,110000,,5244
277983620,nguyen-nhat-anh-nguoi-giu-lua-cho-van-hoc-thieu-nhi-p277983620,https://tiki.vn/nguyen-nhat-anh-nguoi-giu-lua-cho-van-hoc-thieu-nhi-p277983620.html,Nguyễn Nhật Ánh - Người Giữ Lửa Cho Văn Học Thiếu Nhi,0.0,0,330000,330000,,5244
272321341,van-hoc-dan-gian-vinh-long-tap-1-p272321341,https://tiki.vn/van-hoc-dan-gian-vinh-long-tap-1-p272321341.html,Văn Học Dân Gian Vĩnh Long - Tập 1,5.0,1,99000,99000,1.0,5244
273868399,chuyen-dong-chuyen-tay-tap-3-tai-ban-2019-p273868399,https://tiki.vn/chuyen-dong-chuyen-tay-tap-3-tai-ban-2019-p273868399.html,Chuyện Đông Chuyện Tây - Tập 3 (Tái bản 2022),0.0,0,185000,185000,,5244
279631322,vysachqv-sach-tieng-viet-giau-dep-ve-dep-ngon-ngu-ve-dep-van-chuong-tai-ban-nam-2022-p279631322,https://tiki.vn/vysachqv-sach-tieng-viet-giau-dep-ve-dep-ngon-ngu-ve-dep-van-chuong-tai-ban-nam-2022-p279631322.html,"Sách Tiếng Việt Giàu Đẹp - Vẻ Đẹp Ngôn Ngữ, Vẻ Đẹp Văn Chương (Tái bản năm 2022)",0.0,0,90000,90000,,5244
249954166,kinh-chao-the-he-thu-4-kho-nho-p249954166,https://tiki.vn/kinh-chao-the-he-thu-4-kho-nho-p249954166.html,Kính chào thế hệ thứ 4 (khổ nhỏ),0.0,0,48000,48000,,5244
277320291,sach-sai-gon-nam-xua-p277320291,https://tiki.vn/sach-sai-gon-nam-xua-p277320291.html,Sách - Sài Gòn Năm Xưa,0.0,0,250000,250000,,5244
275215930,tieng-viet-giau-dep-tinh-ca-tieng-nuoc-ta-p275215930,https://tiki.vn/tieng-viet-giau-dep-tinh-ca-tieng-nuoc-ta-p275215930.html,Tiếng Việt Giàu Đẹp - Tình Ca Tiếng Nước Ta,0.0,0,145000,145000,,5244
277774998,sach-luoc-su-tam-ly-hoc-nicky-hayes-nha-nam-official-p277774998,https://tiki.vn/sach-luoc-su-tam-ly-hoc-nicky-hayes-nha-nam-official-p277774998.html,Sách - Lược sử tâm lý học (Nicky Hayes) (Nhã Nam Official),0.0,0,209000,188100,2.0,5244
249680942,phan-khoi-di-cao-bia-mem-p249680942,https://tiki.vn/phan-khoi-di-cao-bia-mem-p249680942.html,Phan Khôi Di Cảo - (bìa mềm),0.0,0,153000,153000,,5244
277184393,sach-bac-dau-nho-ma-p277184393,https://tiki.vn/sach-bac-dau-nho-ma-p277184393.html,Sách - Bạc Đầu Nhớ Má,0.0,0,110000,110000,,5244
274990599,cuon-tieu-thuyet-hay-cua-ho-anh-thai-nam-la-quoc-thu-p274990599,https://tiki.vn/cuon-tieu-thuyet-hay-cua-ho-anh-thai-nam-la-quoc-thu-p274990599.html,Cuốn Tiểu Thuyết Hay Của Hồ Anh Thái: Năm Lá Quốc Thư,0.0,0,126500,126500,,5244
274078071,cuon-sach-van-hoc-hay-cong-tu-mo-coi-p274078071,https://tiki.vn/cuon-sach-van-hoc-hay-cong-tu-mo-coi-p274078071.html,Cuốn Sách Văn Học Hay- Công Tử Mồ Côi,0.0,0,100000,100000,,5244
114447393,sach-ban-van-ban-minh-dot-lo-huong-cu-p114447393,https://tiki.vn/sach-ban-van-ban-minh-dot-lo-huong-cu-p114447393.html,Sách Bạn Văn Bạn Mình: Đốt Lò Hương Cũ,0.0,0,55000,55000,,5244
257646230,giay-khong-goi-duoc-than-chay-do-p257646230,https://tiki.vn/giay-khong-goi-duoc-than-chay-do-p257646230.html,Giấy Không Gói Được Than Cháy Dở,0.0,0,85000,85000,20.0,5244
270060199,nghe-thuat-tieu-thuyet-p270060199,https://tiki.vn/nghe-thuat-tieu-thuyet-p270060199.html,Nghệ Thuật Tiểu Thuyết,0.0,0,116000,116000,1.0,5244
273733157,diep-vien-khong-khong-thay-va-nha-tho-than-giang-p273733157,https://tiki.vn/diep-vien-khong-khong-thay-va-nha-tho-than-giang-p273733157.html,Điệp viên không không thấy và Nhà thơ thần giáng,0.0,0,85000,85000,,5244
273891483,xep-hinh-su-ket-doi-thu-vi-giua-khoa-hoc-va-tinh-duc-p273891483,https://tiki.vn/xep-hinh-su-ket-doi-thu-vi-giua-khoa-hoc-va-tinh-duc-p273891483.html,Xếp Hình - Sự Kết Đôi Thú Vị Giữa Khoa Học Và Tình Dục,0.0,0,188000,188000,,5244
270253644,nghe-thuat-tieu-thuyet-p270253644,https://tiki.vn/nghe-thuat-tieu-thuyet-p270253644.html,Nghệ Thuật Tiểu Thuyết,0.0,0,116000,116000,,5244
272269602,nguoi-my-da-den-trong-ban-do-van-hoc-my-nguyen-thi-tuyet-bia-mem-p272269602,https://tiki.vn/nguoi-my-da-den-trong-ban-do-van-hoc-my-nguyen-thi-tuyet-bia-mem-p272269602.html,Người Mỹ Da Đen Trong Bản Đồ Văn Học Mỹ - Nguyễn Thị Tuyết - (bìa mềm),0.0,0,135000,135000,,5244
253465905,doi-thoai-voi-hoa-p253465905,https://tiki.vn/doi-thoai-voi-hoa-p253465905.html,Đối Thoại Với Hoa,0.0,0,129000,129000,2.0,5244
276129233,suoi-nguon-ban-quyen-p276129233,https://tiki.vn/suoi-nguon-ban-quyen-p276129233.html,Suối Nguồn - Bản Quyền,0.0,0,380000,380000,2.0,5244
276387233,mot-thu-nghiem-phe-binh-c-s-lewis-nguyen-cong-nam-dich-nha-nam-p276387233,https://tiki.vn/mot-thu-nghiem-phe-binh-c-s-lewis-nguyen-cong-nam-dich-nha-nam-p276387233.html,MỘT THỬ NGHIỆM PHÊ BÌNH - C. S. Lewis – Nguyễn Công Nam dịch - Nhã Nam ,0.0,0,95000,95000,1.0,5244
252685060,nhung-con-chu-ngoai-trang-sach-tran-dinh-ba-bia-mem-p252685060,https://tiki.vn/nhung-con-chu-ngoai-trang-sach-tran-dinh-ba-bia-mem-p252685060.html,Những Con Chữ Ngoài Trang Sách - Trần Đình Ba - (bìa mềm),0.0,0,165000,165000,,5244
273690323,khong-giao-phe-binh-tieu-luan-p273690323,https://tiki.vn/khong-giao-phe-binh-tieu-luan-p273690323.html,Khổng Giáo Phê Bình Tiểu Luận,0.0,0,70000,70000,,5244
279643330,tieu-luan-chan-dung-cua-ruou-pham-ngoc-tien-nha-nam-p279643330,https://tiki.vn/tieu-luan-chan-dung-cua-ruou-pham-ngoc-tien-nha-nam-p279643330.html,(Tiểu Luận) CHÂN DUNG CỦA RƯỢU - Phạm Ngọc Tiến - Nhã Nam,0.0,0,348000,348000,,5244
109369141,tong-bien-tap-chuyen-nguoi-trong-cuoc-p109369141,https://tiki.vn/tong-bien-tap-chuyen-nguoi-trong-cuoc-p109369141.html,Tổng Biên Tập - Chuyện Người Trong Cuộc,0.0,0,285000,285000,,5244
272074197,nguoi-my-da-den-trong-ban-do-van-hoc-my-p272074197,https://tiki.vn/nguoi-my-da-den-trong-ban-do-van-hoc-my-p272074197.html,NGƯỜI MỸ DA DEN TRONG BẢN ĐỒ VĂN HỌC MỸ,0.0,0,135000,135000,,5244
273868422,bo-chuyen-dong-chuyen-tay-tai-ban-2019-tap-1-tap-4-p273868422,https://tiki.vn/bo-chuyen-dong-chuyen-tay-tai-ban-2019-tap-1-tap-4-p273868422.html,Bộ Chuyện Đông Chuyện Tây - Tái bản 2019 (Tập 1 - Tập 4),0.0,0,759000,759000,3.0,5244
278788054,tong-tap-van-hoc-dan-gian-nam-bo-tap-4-tuong-tich-san-khau-va-dien-xuong-dan-gian-nam-bo-quyen-2-p278788054,https://tiki.vn/tong-tap-van-hoc-dan-gian-nam-bo-tap-4-tuong-tich-san-khau-va-dien-xuong-dan-gian-nam-bo-quyen-2-p278788054.html,Tổng Tập Văn Học Dân Gian Nam Bộ - Tập 4: Tuồng Tích Sân Khấu Và Diễn Xướng Dân Gian Nam Bộ - Quyển 2,0.0,0,260000,260000,,5244
276404911,mot-thu-nghiem-phe-binh-p276404911,https://tiki.vn/mot-thu-nghiem-phe-binh-p276404911.html,Một Thử Nghiệm Phê Bình,0.0,0,95000,95000,1.0,5244
203204620,viet-nam-cua-toi-nhung-cau-chuyen-nhan-con-nuoi-p203204620,https://tiki.vn/viet-nam-cua-toi-nhung-cau-chuyen-nhan-con-nuoi-p203204620.html,Việt Nam Của Tôi - Những Câu Chuyện Nhận Con Nuôi,0.0,0,130000,130000,,5244
270975645,truyen-kieu-ban-duy-minh-thi-p270975645,https://tiki.vn/truyen-kieu-ban-duy-minh-thi-p270975645.html,Truyện Kiều Bản Duy Minh Thị,0.0,0,220000,220000,3.0,5244
208271047,tieng-viet-giau-dep-di-tim-ban-sac-tieng-viet-tai-ban-2022-p208271047,https://tiki.vn/tieng-viet-giau-dep-di-tim-ban-sac-tieng-viet-tai-ban-2022-p208271047.html,Tiếng Việt Giàu Đẹp - Đi Tìm Bản Sắc Tiếng Việt (Tái Bản 2022),0.0,0,105000,105000,,5244
193002435,nhung-nga-tu-va-nhung-cot-den-p193002435,https://tiki.vn/nhung-nga-tu-va-nhung-cot-den-p193002435.html,Những ngã tư và những cột đèn,0.0,0,200000,200000,,5244
275951126,canh-cua-mo-rong-nui-than-tap-1-ban-quyen-p275951126,https://tiki.vn/canh-cua-mo-rong-nui-than-tap-1-ban-quyen-p275951126.html,Cánh Cửa Mở Rộng - Núi Thần ( Combo 2 Tập) - Bản Quyền,0.0,0,550000,550000,,5244
279078926,sach-tuyen-tap-vu-trong-phung-tai-ban-2025-p279078926,https://tiki.vn/sach-tuyen-tap-vu-trong-phung-tai-ban-2025-p279078926.html,Sách - Tuyển Tập Vũ Trọng Phụng (Tái Bản 2025),0.0,0,168500,168500,,5244
279360263,huong-sac-trong-vuon-van-p279360263,https://tiki.vn/huong-sac-trong-vuon-van-p279360263.html,Hương Sắc Trong Vườn Văn,0.0,0,228000,228000,,5244
212326821,huong-sac-trong-vuon-van-p212326821,https://tiki.vn/huong-sac-trong-vuon-van-p212326821.html,Hương Sắc Trong Vườn Văn,0.0,0,225000,225000,,5244
164160937,nha-van-va-cuoc-song-so-5-hoi-nha-van-viet-nam-p164160937,https://tiki.vn/nha-van-va-cuoc-song-so-5-hoi-nha-van-viet-nam-p164160937.html,Nhà văn và Cuộc sống số 5 (Hội Nhà Văn Việt Nam),0.0,0,70000,70000,,5244
204663432,nha-van-va-cuoc-song-so-10-p204663432,https://tiki.vn/nha-van-va-cuoc-song-so-10-p204663432.html,Nhà văn và Cuộc sống số 10,5.0,1,99000,99000,5.0,5244
155443723,ban-van-ban-minh-cay-but-doi-nguoi-p155443723,https://tiki.vn/ban-van-ban-minh-cay-but-doi-nguoi-p155443723.html,Bạn Văn Bạn Mình: Cây Bút Đời Người,0.0,0,85000,85000,,5244
129708874,sach-ban-van-ban-minh-cay-but-doi-nguoi-p129708874,https://tiki.vn/sach-ban-van-ban-minh-cay-but-doi-nguoi-p129708874.html,Sách - BẠN VĂN BẠN MÌNH: Cây bút đời người ,0.0,0,85000,85000,,5244
213860872,sach-van-hoc-dan-gian-ben-tre-tap-1-p213860872,https://tiki.vn/sach-van-hoc-dan-gian-ben-tre-tap-1-p213860872.html,Sách Văn học dân gian Bến Tre - Tập 1,0.0,0,165000,165000,,5244
276051104,chuyen-dong-chuyen-tay-an-chi-bo-4-tap-p276051104,https://tiki.vn/chuyen-dong-chuyen-tay-an-chi-bo-4-tap-p276051104.html,Chuyện Đông Chuyện Tây - An Chi (Bộ 4 Tập),0.0,0,759000,759000,,5244
205945393,gia-tri-nhan-van-trong-di-chuc-cua-chu-tich-ho-chi-minh-p205945393,https://tiki.vn/gia-tri-nhan-van-trong-di-chuc-cua-chu-tich-ho-chi-minh-p205945393.html,Giá Trị Nhân Văn Trong Di Chúc của Chủ Tịch Hồ Chí Minh,0.0,0,79000,79000,,5244
275869519,bao-chi-cua-nguoi-hoa-tai-sai-gon-1955-1975-p275869519,https://tiki.vn/bao-chi-cua-nguoi-hoa-tai-sai-gon-1955-1975-p275869519.html,Báo Chí Của Người Hoa Tại Sài Gòn (1955-1975),0.0,0,135000,135000,,5244
276348727,tieng-viet-cac-co-cung-cung-cua-tieng-nuoc-ta-p276348727,https://tiki.vn/tieng-viet-cac-co-cung-cung-cua-tieng-nuoc-ta-p276348727.html,Tiếng Việt Cắc Cớ Cũng Cứng Cựa - Tiếng Nước Ta ,0.0,0,160000,160000,,5244
279198743,van-hoc-su-viet-nam-moi-truong-keu-cuu-van-chuong-dap-loi-p279198743,https://tiki.vn/van-hoc-su-viet-nam-moi-truong-keu-cuu-van-chuong-dap-loi-p279198743.html,Văn Học Sử Việt Nam - Môi Trường Kêu Cứu Văn Chương Đáp Lời,0.0,0,160000,160000,1.0,5244
158745342,truyen-kieu-o-nam-bo-p158745342,https://tiki.vn/truyen-kieu-o-nam-bo-p158745342.html,Truyện Kiều Ở Nam Bộ,0.0,0,160000,160000,1.0,5244
134349645,lan-duong-theo-bong-chan-dung-van-hoc-p134349645,https://tiki.vn/lan-duong-theo-bong-chan-dung-van-hoc-p134349645.html,Lần Đường Theo Bóng - Chân Dung Văn Học,5.0,1,95000,95000,1.0,5244
199527176,rong-choi-mien-chu-nghia-tap-5-an-chi-nxb-tong-hop-thanh-pho-ho-chi-minh-bia-mem-p199527176,https://tiki.vn/rong-choi-mien-chu-nghia-tap-5-an-chi-nxb-tong-hop-thanh-pho-ho-chi-minh-bia-mem-p199527176.html,RONG CHƠI MIỀN CHỮ NGHĨA tập 5 – An Chi – Nxb Tổng hợp Thành phố Hồ Chí Minh (bìa mềm),0.0,0,190000,190000,,5244
207729681,nguyen-du-thien-tai-van-de-da-quen-ma-con-la-p207729681,https://tiki.vn/nguyen-du-thien-tai-van-de-da-quen-ma-con-la-p207729681.html,Nguyễn Du Thiên Tài - Vấn Đề Đã Quen Mà Còn Lạ,0.0,0,150000,150000,,5244
155448321,ban-van-ban-minh-van-thi-si-hien-dai-p155448321,https://tiki.vn/ban-van-ban-minh-van-thi-si-hien-dai-p155448321.html,Bạn Văn Bạn Mình: Văn Thi Sĩ Hiện Đại,0.0,0,100000,100000,,5244
54715215,khao-ve-tieu-thuyet-tuc-ngu-ca-dao-p54715215,https://tiki.vn/khao-ve-tieu-thuyet-tuc-ngu-ca-dao-p54715215.html,Khảo về tiểu thuyết - Tục ngữ - Ca dao,0.0,0,95000,95000,,5244
255299284,truong-thanh-osho-bia-mem-p255299284,https://tiki.vn/truong-thanh-osho-bia-mem-p255299284.html,"Trưởng Thành - Osho, Bìa mềm",0.0,0,128000,128000,,5244
178329768,tu-tan-the-gioi-quyen-trung-bia-cung-p178329768,https://tiki.vn/tu-tan-the-gioi-quyen-trung-bia-cung-p178329768.html,Từ Tân Thế Giới - Quyển Trung (Bìa Cứng),0.0,0,155000,155000,,5244
160940821,tuyen-tap-hanh-trinh-giao-thoa-giua-van-hoc-phap-va-van-hoc-viet-nam-p160940821,https://tiki.vn/tuyen-tap-hanh-trinh-giao-thoa-giua-van-hoc-phap-va-van-hoc-viet-nam-p160940821.html,Tuyển Tập Hành Trình Giao Thoa Giữa Văn Học Pháp Và Văn Học Việt Nam,0.0,0,383000,383000,,5244
203844183,sach-tim-hieu-van-hoc-hien-dai-han-quoc-p203844183,https://tiki.vn/sach-tim-hieu-van-hoc-hien-dai-han-quoc-p203844183.html,Sách - Tìm hiểu văn học hiện đại Hàn Quốc,0.0,0,190000,190000,,5244
263584530,tham-hoa-khi-hau-p263584530,https://tiki.vn/tham-hoa-khi-hau-p263584530.html,Thảm họa khí hậu,0.0,0,239000,239000,,5244
274031239,cuon-sach-van-hoc-hay-hoi-co-thi-nhan-p274031239,https://tiki.vn/cuon-sach-van-hoc-hay-hoi-co-thi-nhan-p274031239.html,Cuốn Sách Văn Học Hay- Hội Cố Thi Nhân,0.0,0,149000,149000,,5244
169307916,nhat-chuyen-van-nhan-chan-dung-van-hoc-p169307916,https://tiki.vn/nhat-chuyen-van-nhan-chan-dung-van-hoc-p169307916.html,Nhặt chuyện văn nhân (Chân dung văn học),5.0,3,145000,116000,20.0,5244
279562587,sach-van-hoc-trung-dai-viet-nam-tap-2-p279562587,https://tiki.vn/sach-van-hoc-trung-dai-viet-nam-tap-2-p279562587.html,Sách - Văn học Trung đại Việt Nam tập 2,0.0,0,125000,125000,1.0,5244
277874308,150-thuat-ngu-van-hoc-tang-kem-bookmark-cu-meo-so-tay-xuong-rong-p277874308,https://tiki.vn/150-thuat-ngu-van-hoc-tang-kem-bookmark-cu-meo-so-tay-xuong-rong-p277874308.html,150 Thuật Ngữ Văn Học (Tặng Kèm Bookmark CÚ MÈO + SỔ TAY XƯƠNG RỒNG),0.0,0,165000,165000,,5244
279631694,vysachqv-sach-van-hoc-sai-gon-1954-1975-nhung-chuyen-ben-le-p279631694,https://tiki.vn/vysachqv-sach-van-hoc-sai-gon-1954-1975-nhung-chuyen-ben-le-p279631694.html,Sách Văn Học Sài Gòn 1954-1975: Những Chuyện Bên Lề,0.0,0,190000,190000,,5244
279666042,sach-van-hoc-au-my-p279666042,https://tiki.vn/sach-van-hoc-au-my-p279666042.html,Sách - Văn học Âu Mỹ,0.0,0,140000,140000,,5244
53980357,combo-viet-nam-phong-tuc-bia-mem-dat-le-que-thoi-phong-tuc-viet-nam-bia-mem-p53980357,https://tiki.vn/combo-viet-nam-phong-tuc-bia-mem-dat-le-que-thoi-phong-tuc-viet-nam-bia-mem-p53980357.html," Combo Việt Nam phong tục (bìa mềm) , Đất lề quê thói  Phong tục Việt Nam (bìa mềm)",0.0,0,202250,202250,4.0,5244
216407320,tuyen-tap-vu-trong-phung-ml-p216407320,https://tiki.vn/tuyen-tap-vu-trong-phung-ml-p216407320.html,Tuyển tập Vũ Trọng Phụng - ML,0.0,0,175000,175000,,5244
214655281,lang-man-giai-ma-tho-tinh-solomon-p214655281,https://tiki.vn/lang-man-giai-ma-tho-tinh-solomon-p214655281.html,Lãng Mạn - Giải Mã Thơ Tình Solomon,0.0,0,137080,137080,,5244
270988411,dai-hoa-tim-chuyen-10-co-gai-nga-ba-dong-loc-p270988411,https://tiki.vn/dai-hoa-tim-chuyen-10-co-gai-nga-ba-dong-loc-p270988411.html,Đài Hoa Tím - Chuyện 10 Cô Gái Ngã Ba Đồng Lộc,0.0,0,150000,150000,,5244
249824399,nhung-nguoi-muon-nam-chua-cu-sach-ban-quyen-p249824399,https://tiki.vn/nhung-nguoi-muon-nam-chua-cu-sach-ban-quyen-p249824399.html,Những Người Muôn Năm Chưa Cũ (*** Sách Bản Quyền ***),0.0,0,239000,239000,1.0,5244
272165486,tu-chu-van-chuong-va-su-menh-tu-do-p272165486,https://tiki.vn/tu-chu-van-chuong-va-su-menh-tu-do-p272165486.html,Tự Chủ Văn Chương Và Sứ Mệnh Tự Do,0.0,0,264627,264627,,5244
215378563,lang-man-giai-ma-tho-tinh-solomon-cuon-tieu-luan-phe-binh-cua-muc-su-ngo-duy-cuong-p215378563,https://tiki.vn/lang-man-giai-ma-tho-tinh-solomon-cuon-tieu-luan-phe-binh-cua-muc-su-ngo-duy-cuong-p215378563.html,Lãng Mạn - Giải Mã Thơ Tình Solomon  - Cuốn tiểu luận phê bình của Mục sư Ngô Duy Cường,0.0,0,137080,137080,,5244
273236695,hoi-am-tu-phuong-nam-huynh-nhu-phuong-ly-luan-phe-binh-van-hoc-p273236695,https://tiki.vn/hoi-am-tu-phuong-nam-huynh-nhu-phuong-ly-luan-phe-binh-van-hoc-p273236695.html,Hồi âm từ phương Nam – Huỳnh Như Phương - LÝ LUẬN PHÊ BÌNH VĂN HỌC,0.0,0,190000,190000,2.0,5244
271057077,troi-nay-qua-dep-de-buon-doi-nay-qua-dep-lai-buon-le-hoai-dang-dich-bia-mem-p271057077,https://tiki.vn/troi-nay-qua-dep-de-buon-doi-nay-qua-dep-lai-buon-le-hoai-dang-dich-bia-mem-p271057077.html,Trời Này Quá Đẹp Để Buồn - Đời Này Quá Đẹp Lại Buồn - Lê Hoài Đăng dịch - (bìa mềm),0.0,0,81000,81000,,5244
279479971,sach-thuong-kinh-ki-su-hai-thuong-lan-ong-le-huu-trac-p279479971,https://tiki.vn/sach-thuong-kinh-ki-su-hai-thuong-lan-ong-le-huu-trac-p279479971.html,Sách - Thượng Kinh Kí Sự - Hải Thượng Lãn Ông Lê Hữu Trác,0.0,0,60000,60000,,5244
257855793,ne-va-ne-p257855793,https://tiki.vn/ne-va-ne-p257855793.html,Nể Và Né,0.0,0,88000,88000,2.0,5244
278898774,kieu-truyen-dan-giai-ho-dac-ham-dan-giai-p278898774,https://tiki.vn/kieu-truyen-dan-giai-ho-dac-ham-dan-giai-p278898774.html,Kiều truyện dẫn giải (Hồ Đắc Hàm dẫn giải),0.0,0,133000,133000,,5244
276162432,ngan-dan-deu-hoang-dang-khoa-book-hunter-p276162432,https://tiki.vn/ngan-dan-deu-hoang-dang-khoa-book-hunter-p276162432.html,NGẮN DẦN ĐỀU – Hoàng Đăng Khoa – Book Hunter,0.0,0,200000,200000,,5244
275238449,truoc-nha-co-cay-hoang-mai-nhung-ghi-chep-ve-hue-xu-so-phong-reu-kieu-sa-p275238449,https://tiki.vn/truoc-nha-co-cay-hoang-mai-nhung-ghi-chep-ve-hue-xu-so-phong-reu-kieu-sa-p275238449.html,Trước nhà có cây hoàng mai: Những ghi chép về Huế - xứ sở phong rêu kiêu sa ,0.0,0,130000,117000,6.0,5244
261037167,nam-phong-tap-chi-van-de-phu-nu-o-nuoc-ta-p261037167,https://tiki.vn/nam-phong-tap-chi-van-de-phu-nu-o-nuoc-ta-p261037167.html,Nam Phong tạp chí: Vấn đề phụ nữ ở nước ta,5.0,1,181000,162900,16.0,5244
162994063,yeu-sach-cua-antigone-than-toc-giua-su-song-va-cai-chet-p162994063,https://tiki.vn/yeu-sach-cua-antigone-than-toc-giua-su-song-va-cai-chet-p162994063.html,Yêu Sách Của Antigone: Thân Tộc Giữa Sự Sống Và Cái Chết,0.0,0,130000,117000,4.0,5244
270446915,sach-gieo-mam-hanh-phuc-sgb-p270446915,https://tiki.vn/sach-gieo-mam-hanh-phuc-sgb-p270446915.html,Sách - Gieo mầm hạnh phúc SGB,0.0,0,90000,90000,,5244
252643838,sach-khao-luan-ho-so-tac-gia-van-hoc-han-nom-viet-nam-p252643838,https://tiki.vn/sach-khao-luan-ho-so-tac-gia-van-hoc-han-nom-viet-nam-p252643838.html,Sách - Khảo luận hồ sơ tác giả Văn học Hán Nôm Việt Nam,0.0,0,165000,165000,,5244
252638445,sach-nam-viet-than-ky-hoi-luc-bia-mem-p252638445,https://tiki.vn/sach-nam-viet-than-ky-hoi-luc-bia-mem-p252638445.html,Sách - Nam Việt thần kỳ hội lục - bìa mềm,0.0,0,270000,270000,,5244
279076256,van-hoc-va-y-hoc-ts-nguyen-thi-thuy-trang-p279076256,https://tiki.vn/van-hoc-va-y-hoc-ts-nguyen-thi-thuy-trang-p279076256.html,Văn học và y học - TS Nguyễn Thùy Trang,0.0,0,237000,237000,5.0,5244
11493525,nguoi-ban-tai-hoa-va-chi-tinh-p11493525,https://tiki.vn/nguoi-ban-tai-hoa-va-chi-tinh-p11493525.html,Người Bạn Tài Hoa Và Chí Tình,5.0,1,165000,123750,9.0,5244
72933498,tu-tuong-va-phong-cach-nha-van-nhung-van-de-ly-luan-va-thuc-tien-ban-in-nam-2020-p72933498,https://tiki.vn/tu-tuong-va-phong-cach-nha-van-nhung-van-de-ly-luan-va-thuc-tien-ban-in-nam-2020-p72933498.html,Tư Tưởng Và Phong Cách Nhà Văn - Những Vấn Đề Lý Luận Và Thực Tiễn (Bản in năm 2020),5.0,28,170000,166600,107.0,5244
2790107,sach-tieu-su-hoc-nhung-nguyen-tac-thuc-hanh-p2790107,https://tiki.vn/sach-tieu-su-hoc-nhung-nguyen-tac-thuc-hanh-p2790107.html,Sách Tiểu Sử Học – Những Nguyên Tắc Thực Hành,5.0,1,77000,77000,31.0,5244
270171366,su-pham-khai-phong-the-gioi-viet-nam-toi-p270171366,https://tiki.vn/su-pham-khai-phong-the-gioi-viet-nam-toi-p270171366.html," Sư phạm khai phóng: Thế giới, Việt Nam & tôi",0.0,0,225000,225000,,5244
180001155,tu-u-minh-den-can-tho-o-chien-khu-9-20-nam-giua-long-do-thi-binh-an-p180001155,https://tiki.vn/tu-u-minh-den-can-tho-o-chien-khu-9-20-nam-giua-long-do-thi-binh-an-p180001155.html,"Từ U Minh Đến Cần Thơ, Ở Chiến Khu 9, 20 Năm Giữa Lòng Đô Thị, Bình An",0.0,0,138000,138000,,5244
163544219,nguyen-xuan-khanh-mot-nu-cuoi-mim-mot-nghiep-van-xuoi-p163544219,https://tiki.vn/nguyen-xuan-khanh-mot-nu-cuoi-mim-mot-nghiep-van-xuoi-p163544219.html,"Nguyễn Xuân Khánh - Một nụ cười mỉm, một nghiệp văn xuôi",0.0,0,220000,198000,13.0,5244
279580464,khoa-hoc-cua-nghe-thuat-tra-p279580464,https://tiki.vn/khoa-hoc-cua-nghe-thuat-tra-p279580464.html,Khoa Học Của Nghệ Thuật Trà,0.0,0,200000,200000,,5244
274052808,linh-tinh-va-ly-tri-cac-tieu-luan-phe-binh-edgar-allan-poe-p274052808,https://tiki.vn/linh-tinh-va-ly-tri-cac-tieu-luan-phe-binh-edgar-allan-poe-p274052808.html,LINH TÍNH VÀ LÝ TRÍ: Các tiểu luận phê bình - Edgar Allan Poe,0.0,0,95600,95600,,5244
274032605,linh-tinh-va-ly-tri-cac-tieu-luan-phe-binh-edgar-allan-poe-bia-mem-p274032605,https://tiki.vn/linh-tinh-va-ly-tri-cac-tieu-luan-phe-binh-edgar-allan-poe-bia-mem-p274032605.html,LINH TÍNH VÀ LÝ TRÍ - Các Tiểu Luận Phê Bình - Edgar Allan Poe - (bìa mềm),0.0,0,95600,95600,,5244
274036913,sach-linh-tinh-va-ly-tri-edgar-allan-poe-book-hunter-p274036913,https://tiki.vn/sach-linh-tinh-va-ly-tri-edgar-allan-poe-book-hunter-p274036913.html,Sách - Linh Tính Và Lý Trí - Edgar Allan Poe - Book Hunter,0.0,0,110000,110000,3.0,5244
274398810,sach-li-luan-van-hoc-tap-3-tien-trinh-van-hoc-p274398810,https://tiki.vn/sach-li-luan-van-hoc-tap-3-tien-trinh-van-hoc-p274398810.html,Sách - Lí luận Văn học Tập 3: Tiến trình văn học,0.0,0,119000,119000,3.0,5244
206474259,trinh-lu-ghi-chep-p206474259,https://tiki.vn/trinh-lu-ghi-chep-p206474259.html,Trịnh Lữ: Ghi Chép,0.0,0,199000,169000,,5244
274398785,sach-li-luan-van-hoc-tap-1-p274398785,https://tiki.vn/sach-li-luan-van-hoc-tap-1-p274398785.html,Sách - Lí luận Văn học Tập 1,0.0,0,119000,119000,6.0,5244
274989572,tu-sach-doi-nguoi-ngon-su-p274989572,https://tiki.vn/tu-sach-doi-nguoi-ngon-su-p274989572.html, Tủ Sách Đời Người: Ngôn Sứ,0.0,0,96350,96350,3.0,5244
273926200,cuon-van-hoc-hay-cam-khong-phai-loai-qua-duy-nhat-p273926200,https://tiki.vn/cuon-van-hoc-hay-cam-khong-phai-loai-qua-duy-nhat-p273926200.html,Cuốn Văn Học Hay- Cam Không Phải Loại Quả Duy Nhất,0.0,0,161150,161150,,5244
273175386,bo-2-cuon-nha-van-va-cuoc-song-so-15-nha-van-va-cuoc-song-so-16-hoi-nha-van-viet-nam-p273175386,https://tiki.vn/bo-2-cuon-nha-van-va-cuoc-song-so-15-nha-van-va-cuoc-song-so-16-hoi-nha-van-viet-nam-p273175386.html,Bộ 2 cuốn: Nhà văn và Cuộc sống số 15 + Nhà văn và Cuộc sống số 16 - Hội Nhà Văn Việt Nam,5.0,1,198000,198000,2.0,5244
131195583,nguyen-minh-chau-dau-chan-mo-duong-p131195583,https://tiki.vn/nguyen-minh-chau-dau-chan-mo-duong-p131195583.html,Nguyễn Minh Châu - Dấu Chân Mở Đường,0.0,0,340000,340000,9.0,5244
189234677,nha-van-va-cuoc-song-so-9-hoi-nha-van-viet-nam-p189234677,https://tiki.vn/nha-van-va-cuoc-song-so-9-hoi-nha-van-viet-nam-p189234677.html,Nhà Văn và Cuộc Sống số 9 (Hội Nhà Văn Việt Nam),5.0,1,99000,99000,7.0,5244
263082562,phia-truoc-la-bau-troi-ban-dac-biet-bia-cung-p263082562,https://tiki.vn/phia-truoc-la-bau-troi-ban-dac-biet-bia-cung-p263082562.html,Phía Trước Là Bầu Trời - Bản Đặc Biệt - Bìa Cứng,0.0,0,88000,88000,,5244
275064579,duong-xa-nang-moi-p275064579,https://tiki.vn/duong-xa-nang-moi-p275064579.html,Đường Xa Nắng Mới,0.0,0,223000,196200,4.0,5244
19920368,chuyen-tinh-ke-si-viet-nam-p19920368,https://tiki.vn/chuyen-tinh-ke-si-viet-nam-p19920368.html,Chuyện tình kẻ sĩ Việt Nam,0.0,0,88000,88000,1.0,5244
277004345,sach-nghien-cuu-van-hoc-trung-quoc-hai-thap-nien-dau-the-ky-xxi-nxb-khxh-p277004345,https://tiki.vn/sach-nghien-cuu-van-hoc-trung-quoc-hai-thap-nien-dau-the-ky-xxi-nxb-khxh-p277004345.html,Sách - Nghiên cứu văn học Trung Quốc hai thập niên đầu thế kỷ XXI - NXB KHXH,0.0,0,151049,151049,1.0,5244
3021811,sach-su-luong-nan-cua-tinh-the-lam-nguoi-p3021811,https://tiki.vn/sach-su-luong-nan-cua-tinh-the-lam-nguoi-p3021811.html,Sách Sự Lưỡng Nan Của Tình Thế Làm Người,0.0,0,98000,98000,2.0,5244
273815194,nha-van-va-cuoc-song-so-17-hoi-nha-van-viet-nam-p273815194,https://tiki.vn/nha-van-va-cuoc-song-so-17-hoi-nha-van-viet-nam-p273815194.html,Nhà văn và Cuộc sống số 17- Hội nhà văn Việt Nam,5.0,1,99000,99000,5.0,5244
279706652,vysachqv-sach-tan-nhac-viet-nam-thuo-ban-dau-tai-ban-lan-1-p279706652,https://tiki.vn/vysachqv-sach-tan-nhac-viet-nam-thuo-ban-dau-tai-ban-lan-1-p279706652.html,Sách Tân Nhạc Việt Nam Thuở Ban Đầu (Tái bản lần 1),0.0,0,80000,80000,,5244
273457225,phe-binh-ki-hieu-hoc-doc-van-nhu-la-hanh-trinh-tai-thiet-ngon-ngu-mot-cuon-sach-van-hoc-kinh-dien-p273457225,https://tiki.vn/phe-binh-ki-hieu-hoc-doc-van-nhu-la-hanh-trinh-tai-thiet-ngon-ngu-mot-cuon-sach-van-hoc-kinh-dien-p273457225.html,Phê Bình Kí Hiệu Học - Đọc Văn Như Là Hành Trình Tái Thiết Ngôn Ngữ- Một Cuốn Sách Văn Học Kinh Điển,0.0,0,102000,102000,1.0,5244
273236693,hoi-am-tu-phuong-nam-huynh-nhu-phuong-tieu-luan-phe-binh-van-hoc-p273236693,https://tiki.vn/hoi-am-tu-phuong-nam-huynh-nhu-phuong-tieu-luan-phe-binh-van-hoc-p273236693.html,HỒI ÂM TỪ PHƯƠNG NAM - HUỲNH NHƯ PHƯƠNG - TIỂU LUẬN PHÊ BÌNH VĂN HỌC,0.0,0,153900,153900,,5244
164161331,nha-van-va-cuoc-song-so-6-hoi-nha-van-viet-nam-p164161331,https://tiki.vn/nha-van-va-cuoc-song-so-6-hoi-nha-van-viet-nam-p164161331.html,Nhà Văn và Cuộc Sống số 6 (Hội Nhà Văn Việt Nam),0.0,0,99000,99000,1.0,5244
188416025,tuyen-tap-11-tac-pham-bao-chi-but-chien-huu-tho-o-du-long-ne-va-ne-chay-ghe-xiec-va-cac-tieu-pham-khac-nxb-ctqg-su-that-p188416025,https://tiki.vn/tuyen-tap-11-tac-pham-bao-chi-but-chien-huu-tho-o-du-long-ne-va-ne-chay-ghe-xiec-va-cac-tieu-pham-khac-nxb-ctqg-su-that-p188416025.html,"[tuyển tập 11 tác phẩm báo chí bút chiến HỮU THỌ] Ô DÙ LỌNG, NỂ và NÉ, CHẠY, GHẾ, XIẾC và các tiểu phẩm khác – NXB CTQG Sự Thật",0.0,0,799000,799000,5.0,5244
279676282,vysachqv-sach-su-that-dat-ten-toi-p279676282,https://tiki.vn/vysachqv-sach-su-that-dat-ten-toi-p279676282.html,Sách Sự Thật Đặt Tên Tôi,0.0,0,75000,63750,,5244
276224083,huynh-thi-bao-hoa-van-de-phu-nu-o-nuoc-ta-p276224083,https://tiki.vn/huynh-thi-bao-hoa-van-de-phu-nu-o-nuoc-ta-p276224083.html,Huỳnh Thị Bảo Hòa: Vấn Đề Phụ Nữ Ở Nước Ta,0.0,0,150000,142500,1.0,5244
279733912,vysachqv-sach-phuong-phap-nghien-cuu-luat-hoc-p279733912,https://tiki.vn/vysachqv-sach-phuong-phap-nghien-cuu-luat-hoc-p279733912.html,Sách Phương Pháp Nghiên Cứu Luật Học,0.0,0,119000,113050,,5244
279676878,vysachqv-sach-tu-dien-tieng-viet-cua-gs-nguyen-lan-phe-binh-va-khao-cuu-giai-sach-hay-2017-hang-muc-phat-hien-moi-p279676878,https://tiki.vn/vysachqv-sach-tu-dien-tieng-viet-cua-gs-nguyen-lan-phe-binh-va-khao-cuu-giai-sach-hay-2017-hang-muc-phat-hien-moi-p279676878.html,Sách Từ Điển Tiếng Việt Của GS. Nguyễn Lân - Phê Bình Và Khảo Cứu (Giải Sách Hay 2017 - Hạng Mục Phát Hiện Mới),0.0,0,235000,235000,,5244
262813034,xa-hoi-tinh-tao-p262813034,https://tiki.vn/xa-hoi-tinh-tao-p262813034.html,Xã Hội Tỉnh Táo,0.0,0,268000,227000,,5244
703218,sach-phieu-luu-chu-p703218,https://tiki.vn/sach-phieu-luu-chu-p703218.html,Sách Phiêu Lưu Chữ,5.0,5,70000,66500,32.0,5244
257835573,nhung-con-chu-ngoai-trang-sach-p257835573,https://tiki.vn/nhung-con-chu-ngoai-trang-sach-p257835573.html,Những Con Chữ Ngoài Trang Sách,0.0,0,165000,148500,,5244
279423230,sach-co-con-song-chay-qua-so-phan-p279423230,https://tiki.vn/sach-co-con-song-chay-qua-so-phan-p279423230.html,Sách - Có Con Sông Chảy Qua Số Phận,0.0,0,288000,253400,,5244
279523417,sach-viet-nam-ngay-va-dem-hoa-ky-chien-tranh-bia-cung-p279523417,https://tiki.vn/sach-viet-nam-ngay-va-dem-hoa-ky-chien-tranh-bia-cung-p279523417.html,Sách - Việt Nam Ngày Và Đêm - Họa Ký Chiến Tranh - Bìa Cứng,0.0,0,179000,161100,,5244
279269386,sach-essay-says-a-collection-of-essays-p279269386,https://tiki.vn/sach-essay-says-a-collection-of-essays-p279269386.html,Sách - Essay Says - A Collection Of Essays,0.0,0,225000,191200,,5244
279268799,sach-moi-truong-keu-cuu-van-chuong-dap-loi-p279268799,https://tiki.vn/sach-moi-truong-keu-cuu-van-chuong-dap-loi-p279268799.html,Sách - Môi Trường Kêu Cứu - Văn Chương Đáp Lời,0.0,0,160000,144000,1.0,5244
279744913,van-hoc-nghe-thuat-voi-nhung-van-de-quan-trong-cap-thiet-cua-dat-nuoc-bia-cung-hoi-dong-ly-luan-trung-uong-p279744913,https://tiki.vn/van-hoc-nghe-thuat-voi-nhung-van-de-quan-trong-cap-thiet-cua-dat-nuoc-bia-cung-hoi-dong-ly-luan-trung-uong-p279744913.html,"Văn học, nghệ thuật với những vấn đề quan trọng, cấp thiết của đất nước - bìa cứng - Hội đồng Lý luận Trung Uơng",0.0,0,245000,245000,,5244
279676844,vysachqv-sach-ven-may-p279676844,https://tiki.vn/vysachqv-sach-ven-may-p279676844.html,Sách Vén Mây,0.0,0,97000,97000,,5244
263105104,doc-lai-truyen-kieu-p263105104,https://tiki.vn/doc-lai-truyen-kieu-p263105104.html,Đọc Lại Truyện Kiều,0.0,0,70000,70000,,5244
101096909,sach-hat-phu-sa-song-nuoc-cuu-long-buoc-dau-tim-hieu-van-xuoi-tran-bao-dinh-p101096909,https://tiki.vn/sach-hat-phu-sa-song-nuoc-cuu-long-buoc-dau-tim-hieu-van-xuoi-tran-bao-dinh-p101096909.html,Sách Hạt Phù Sa Sông Nước Cửu Long (Bước Đầu Tìm Hiểu Văn Xuôi Trần Bảo Định),0.0,0,99000,99000,,5244
114459436,sach-ban-van-ban-minh-ban-van-p114459436,https://tiki.vn/sach-ban-van-ban-minh-ban-van-p114459436.html,Sách Bạn Văn Bạn Mình: Bạn Văn,0.0,0,75000,75000,,5244
276744307,sach-tu-nguyen-p276744307,https://tiki.vn/sach-tu-nguyen-p276744307.html,Sách - Từ Nguyên,0.0,0,200000,200000,,5244
263097251,rong-choi-mien-chu-nghia-tap-2-2022-p263097251,https://tiki.vn/rong-choi-mien-chu-nghia-tap-2-2022-p263097251.html,Rong Chơi Miền Chữ Nghĩa - Tập 2 (2022),0.0,0,190000,190000,,5244
216297475,van-hoc-dan-gian-ben-tre-tap-1-p216297475,https://tiki.vn/van-hoc-dan-gian-ben-tre-tap-1-p216297475.html,Văn Học Dân Gian Bến Tre - Tập 1,0.0,0,165000,165000,,5244
161541360,chung-toi-la-viet-nam-tap-1-p161541360,https://tiki.vn/chung-toi-la-viet-nam-tap-1-p161541360.html,Chúng Tôi Là Việt Nam - Tập 1,0.0,0,750000,727500,,5244
194183427,giong-to-tai-ban-2022-p194183427,https://tiki.vn/giong-to-tai-ban-2022-p194183427.html,Giông Tố (Tái Bản 2022),0.0,0,71100,71100,,5244
276350704,ky-su-nguoi-nuoi-cho-p276350704,https://tiki.vn/ky-su-nguoi-nuoi-cho-p276350704.html,Ký Sự Người Nuôi Chó,0.0,0,80000,80000,,5244
273432125,60-nam-van-hoc-duong-dai-trung-quoc-cuon-tai-lieu-tham-khao-huu-ich-p273432125,https://tiki.vn/60-nam-van-hoc-duong-dai-trung-quoc-cuon-tai-lieu-tham-khao-huu-ich-p273432125.html,60 Năm Văn Học Đương Đại Trung Quốc-Cuốn Tài Liệu Tham Khảo Hữu Ích,0.0,0,122400,122400,,5244
181998071,quan-thanh-p181998071,https://tiki.vn/quan-thanh-p181998071.html,Quán Thánh,0.0,0,305388,305388,,5244
279706594,vysachqv-sach-gia-huan-ca-tuong-chu-p279706594,https://tiki.vn/vysachqv-sach-gia-huan-ca-tuong-chu-p279706594.html,Sách Gia Huấn Ca Tường Chú,0.0,0,75000,45000,,5244
263367076,dam-ngoai-dau-nhin-lai-nguyen-thi-tinh-thi-p263367076,https://tiki.vn/dam-ngoai-dau-nhin-lai-nguyen-thi-tinh-thi-p263367076.html,DÁM NGOÁI ĐẦU NHÌN LẠI - Nguyễn Thị Tịnh Thy,5.0,2,179000,179000,25.0,5244
273927635,sach-tim-mach-nguy-co-va-giai-phap-p273927635,https://tiki.vn/sach-tim-mach-nguy-co-va-giai-phap-p273927635.html,Sách Tim Mạch - Nguy Cơ Và Giải Thoát,0.0,0,170000,170000,10.0,5244
270766702,khoai-khau-va-khat-vong-p270766702,https://tiki.vn/khoai-khau-va-khat-vong-p270766702.html,Khoái Khẩu Và Khát Vọng,0.0,0,180000,180000,,5244
273649745,chuyen-doi-chuyen-nghe-p273649745,https://tiki.vn/chuyen-doi-chuyen-nghe-p273649745.html,Chuyện Đời Chuyện Nghề,0.0,0,320000,320000,,5244
8325633,sach-nha-van-nhat-ban-the-ky-xx-p8325633,https://tiki.vn/sach-nha-van-nhat-ban-the-ky-xx-p8325633.html,Sách Nhà Văn Nhật Bản Thế Kỷ XX,0.0,0,99000,99000,,5244
279423982,sach-nha-van-hien-dai-phe-binh-van-hoc-quyen-hai-p279423982,https://tiki.vn/sach-nha-van-hien-dai-phe-binh-van-hoc-quyen-hai-p279423982.html,Sách - Nhà Văn Hiện Đại - Phê Bình Văn Học - Quyển Hai,0.0,0,75000,71200,,5244
279423932,sach-nha-van-hien-dai-phe-binh-van-hoc-quyen-tu-tap-thuong-p279423932,https://tiki.vn/sach-nha-van-hien-dai-phe-binh-van-hoc-quyen-tu-tap-thuong-p279423932.html,Sách - Nhà Văn Hiện Đại - Phê Bình Văn Học - Quyển Tư - Tập Thượng,0.0,0,65000,63000,,5244
279676922,vysachqv-sach-gia-huan-ca-tuong-chu-p279676922,https://tiki.vn/vysachqv-sach-gia-huan-ca-tuong-chu-p279676922.html,Sách Gia Huấn Ca Tường Chú,0.0,0,75000,63750,,5244
203422539,tim-hieu-van-hoc-hien-dai-han-quoc-p203422539,https://tiki.vn/tim-hieu-van-hoc-hien-dai-han-quoc-p203422539.html,Tìm Hiểu Văn Học Hiện Đại Hàn Quốc,0.0,0,188000,188000,,5244
207933137,tieng-viet-giau-dep-noi-oan-thi-la-ma-tai-ban-2022-p207933137,https://tiki.vn/tieng-viet-giau-dep-noi-oan-thi-la-ma-tai-ban-2022-p207933137.html,"Tiếng Việt Giàu Đẹp - Nỗi Oan Thì, Là, Mà (Tái Bản 2022)",0.0,0,105000,105000,1.0,5244
243045551,tai-ban-2023-nguyen-hien-le-cuoc-doi-va-tac-pham-chau-hai-ky-nxb-tong-hop-thanh-pho-ho-chi-minh-bia-mem-p243045551,https://tiki.vn/tai-ban-2023-nguyen-hien-le-cuoc-doi-va-tac-pham-chau-hai-ky-nxb-tong-hop-thanh-pho-ho-chi-minh-bia-mem-p243045551.html,(Tái bản 2023) NGUYỄN HIẾN LÊ CUỘC ĐỜI VÀ TÁC PHẨM – Châu Hải Kỳ – Nxb Tổng hợp Thành phố Hồ Chí Minh (bìa mềm),0.0,0,165000,165000,,5244
251445026,van-hoc-nghe-thuat-doi-dieu-noi-lai-p251445026,https://tiki.vn/van-hoc-nghe-thuat-doi-dieu-noi-lai-p251445026.html,Văn Học Nghệ Thuật - Đôi Điều Nói Lại,0.0,0,79000,79000,,5244
278022920,nguyen-nhat-anh-nguoi-giu-lua-cho-van-hoc-thieu-nhi-p278022920,https://tiki.vn/nguyen-nhat-anh-nguoi-giu-lua-cho-van-hoc-thieu-nhi-p278022920.html,Nguyễn Nhật Ánh - Người Giữ Lửa Cho Văn Học Thiếu Nhi,0.0,0,330000,313500,,5244
279729137,vysachqv-sach-bieu-tuong-phu-hieu-va-do-tho-cua-nguoi-an-nam-p279729137,https://tiki.vn/vysachqv-sach-bieu-tuong-phu-hieu-va-do-tho-cua-nguoi-an-nam-p279729137.html,"Sách Biểu Tượng, Phù Hiệu Và Đồ Thờ Của Người An Nam",0.0,0,135000,128250,,5244
252050555,gia-tri-nhan-van-trong-di-chuc-cua-chu-tich-ho-chi-minh-p252050555,https://tiki.vn/gia-tri-nhan-van-trong-di-chuc-cua-chu-tich-ho-chi-minh-p252050555.html,Giá Trị Nhân Văn Trong Di Chúc Của Chủ Tịch Hồ Chí Minh,0.0,0,79000,79000,1.0,5244
262053136,van-hoa-viet-nhin-tu-tieng-viet-luoi-luon-leo-le-lang-lat-leo-p262053136,https://tiki.vn/van-hoa-viet-nhin-tu-tieng-viet-luoi-luon-leo-le-lang-lat-leo-p262053136.html,Văn Hóa Việt Nhìn Từ Tiếng Việt - Lưỡi Lươn Lẹo Lẹ Làng Lắt Léo,0.0,0,125000,125000,4.0,5244
276581057,di-ngang-ha-noi-tai-ban-2024-p276581057,https://tiki.vn/di-ngang-ha-noi-tai-ban-2024-p276581057.html,Đi Ngang Hà Nội (Tái Bản 2024),5.0,1,120000,120000,1.0,5244
279619191,bau-vat-cua-doi-mot-hien-tuong-cua-van-hoc-trung-quoc-bia-cung-p279619191,https://tiki.vn/bau-vat-cua-doi-mot-hien-tuong-cua-van-hoc-trung-quoc-bia-cung-p279619191.html,Báu Vật Của Đời (Một Hiện Tượng Của Văn Học Trung Quốc) - Bìa Cứng,0.0,0,390000,390000,,5244
276046541,ong-noi-phieu-luu-ky-ban-quyen-p276046541,https://tiki.vn/ong-noi-phieu-luu-ky-ban-quyen-p276046541.html,Ông nội phiêu lưu ký - Bản Quyền,0.0,0,149000,149000,,5244
276581059,di-doc-ha-noi-tai-ban-2024-p276581059,https://tiki.vn/di-doc-ha-noi-tai-ban-2024-p276581059.html,Đi Dọc Hà Nội (Tái Bản 2024),0.0,0,120000,111600,1.0,5244
273461721,ngon-ngu-va-than-xac-p273461721,https://tiki.vn/ngon-ngu-va-than-xac-p273461721.html,Ngôn ngữ và thân xác,0.0,0,65000,65000,,5244
242077939,90-chan-dung-van-hoa-van-chuong-viet-p242077939,https://tiki.vn/90-chan-dung-van-hoa-van-chuong-viet-p242077939.html,90 Chân Dung Văn Hóa Văn Chương Việt,0.0,0,295000,295000,,5244
272454785,thu-choi-sach-p272454785,https://tiki.vn/thu-choi-sach-p272454785.html,Thú Chơi Sách,0.0,0,170000,156400,15.0,5244
247328396,di-tim-ban-sac-tieng-viet-_tre-p247328396,https://tiki.vn/di-tim-ban-sac-tieng-viet-_tre-p247328396.html,	Đi tìm Bản Sắc Tiếng Việt _TRE,0.0,0,105000,105000,,5244
278788127,tong-tap-van-hoc-dan-gian-nam-bo-tap-4-tuong-tich-san-khau-va-dien-xuong-dan-gian-nam-bo-quyen-1-p278788127,https://tiki.vn/tong-tap-van-hoc-dan-gian-nam-bo-tap-4-tuong-tich-san-khau-va-dien-xuong-dan-gian-nam-bo-quyen-1-p278788127.html,Tổng Tập Văn Học Dân Gian Nam Bộ - Tập 4: Tuồng Tích Sân Khấu Và Diễn Xướng Dân Gian Nam Bộ - Quyển 1,0.0,0,240000,240000,,5244
273891469,xep-hinh-su-ket-doi-thu-vi-giua-khoa-hoc-va-tinh-duc-p273891469,https://tiki.vn/xep-hinh-su-ket-doi-thu-vi-giua-khoa-hoc-va-tinh-duc-p273891469.html,Xếp Hình - Sự Kết Đôi Thú Vị Giữa Khoa Học Và Tình Dục,0.0,0,169250,169250,,5244
273461709,ca-tung-than-xac-p273461709,https://tiki.vn/ca-tung-than-xac-p273461709.html,Ca tụng thân xác,0.0,0,70000,70000,,5244
247718840,tho-chu-han-nguyen-ham-ninh-nguyen-thi-bich-dao-bia-mem-p247718840,https://tiki.vn/tho-chu-han-nguyen-ham-ninh-nguyen-thi-bich-dao-bia-mem-p247718840.html,Thơ chữ Hán Nguyễn Hàm Ninh - Nguyễn Thị Bích Đào - (bìa mềm),0.0,0,120000,120000,,5244
259389006,dan-gian-triet-nghien-cuu-van-xuoi-tran-bao-dinh-p259389006,https://tiki.vn/dan-gian-triet-nghien-cuu-van-xuoi-tran-bao-dinh-p259389006.html,Dân Gian Triết - Nghiên Cứu Văn Xuôi Trần Bảo Định,0.0,0,99000,99000,2.0,5244
127033082,sach-tu-cau-sai-den-cau-hay-tieng-viet-giau-dep-p127033082,https://tiki.vn/sach-tu-cau-sai-den-cau-hay-tieng-viet-giau-dep-p127033082.html,Sách-Từ Câu Sai Đến Câu Hay-Tiếng Việt Giàu Đẹp,5.0,1,128000,128000,6.0,5244
272301125,nguoi-my-da-den-trong-ban-do-van-hoc-my-p272301125,https://tiki.vn/nguoi-my-da-den-trong-ban-do-van-hoc-my-p272301125.html,Người Mỹ Da Đen Trong Bản Đồ Văn Học Mỹ,0.0,0,135000,135000,1.0,5244
272918117,tan-den-dau-lac-p272918117,https://tiki.vn/tan-den-dau-lac-p272918117.html,Tàn Đèn Dầu Lạc,0.0,0,75000,75000,,5244
276126887,ba-ngoai-toi-gui-loi-xin-loi-fredrik-backman-ban-quyen-p276126887,https://tiki.vn/ba-ngoai-toi-gui-loi-xin-loi-fredrik-backman-ban-quyen-p276126887.html,Bà Ngoại Tôi Gửi Lời Xin Lỗi (Fredrik Backman) - Bản Quyền,0.0,0,190000,190000,,5244
192950749,tuong-ve-huu-nhung-truyen-khac-p192950749,https://tiki.vn/tuong-ve-huu-nhung-truyen-khac-p192950749.html,Tướng Về Hưu & Những Truyện Khác,0.0,0,358000,358000,,5244
272412158,buoc-duong-cua-cai-luong-p272412158,https://tiki.vn/buoc-duong-cua-cai-luong-p272412158.html,Bước Đường Của Cải Lương,0.0,0,85000,85000,4.0,5244
183541523,de-thanh-nha-van-p183541523,https://tiki.vn/de-thanh-nha-van-p183541523.html,Để Thành Nhà Văn,0.0,0,50000,50000,5.0,5244
276046545,biet-thu-buon-ban-quyen-p276046545,https://tiki.vn/biet-thu-buon-ban-quyen-p276046545.html,Biệt thự buồn - Bản Quyền,0.0,0,118000,118000,,5244
275826685,bao-chi-cua-nguoi-hoa-tai-sai-gon-1955-1975-p275826685,https://tiki.vn/bao-chi-cua-nguoi-hoa-tai-sai-gon-1955-1975-p275826685.html,Báo Chí Của Người Hoa Tại Sài Gòn (1955-1975),0.0,0,135000,135000,3.0,5244
270975637,ai-lam-dau-tieng-viet-p270975637,https://tiki.vn/ai-lam-dau-tieng-viet-p270975637.html,Ai Làm Đau Tiếng Việt?,0.0,0,55000,55000,2.0,5244
273868415,chuyen-dong-chuyen-tay-tap-4-tai-ban-2019-p273868415,https://tiki.vn/chuyen-dong-chuyen-tay-tap-4-tai-ban-2019-p273868415.html,Chuyện Đông Chuyện Tây - Tập 4 (Tái bản 2019),0.0,0,199000,199000,,5244
279642915,bia-cung-in-200-cuon-gioi-han-tac-gia-ky-tang-tieu-luan-chan-dung-cua-ruou-pham-ngoc-tien-nha-nam-p279642915,https://tiki.vn/bia-cung-in-200-cuon-gioi-han-tac-gia-ky-tang-tieu-luan-chan-dung-cua-ruou-pham-ngoc-tien-nha-nam-p279642915.html,"(Bìa cứng, in 200 cuốn giới hạn, tác giả ký tặng) (Tiểu luận) CHÂN DUNG CỦA RƯỢU - Phạm Ngọc Tiến - Nhã Nam",0.0,0,495000,495000,,5244
272554882,luoc-khao-van-hoc-ii-ngon-ngu-van-chuong-va-kich-p272554882,https://tiki.vn/luoc-khao-van-hoc-ii-ngon-ngu-van-chuong-va-kich-p272554882.html,Lược Khảo Văn Học II: Ngôn Ngữ Văn Chương Và Kịch,0.0,0,100000,100000,5.0,5244
276944787,da-lat-thanh-pho-trong-album-phong-canh-phong-vi-con-nguoi-va-thoi-cuoc-p276944787,https://tiki.vn/da-lat-thanh-pho-trong-album-phong-canh-phong-vi-con-nguoi-va-thoi-cuoc-p276944787.html,"Đà Lạt, Thành Phố Trong Album: Phong Cảnh, Phong Vị, Con Người Và Thời Cuộc",0.0,0,190000,180500,,5244
253665217,van-chuong-sai-gon-1881-1924-van-xuoi-tap-2-p253665217,https://tiki.vn/van-chuong-sai-gon-1881-1924-van-xuoi-tap-2-p253665217.html,Văn Chương Sài Gòn 1881 - 1924: Văn Xuôi - Tập 2,0.0,0,149000,149000,3.0,5244
253044301,phac-thao-dan-toc-hoc-hang-hai-viet-nam-p253044301,https://tiki.vn/phac-thao-dan-toc-hoc-hang-hai-viet-nam-p253044301.html,Phác Thảo Dân Tộc Học Hàng Hải Việt Nam,5.0,1,120000,120000,2.0,5244
144516100,van-hoc-nam-bo-1945-1954-p144516100,https://tiki.vn/van-hoc-nam-bo-1945-1954-p144516100.html,Văn Học Nam Bộ 1945 - 1954,0.0,0,150000,150000,,5244
278620577,sach-nguoi-phu-nu-lua-ca-the-gioi-chan-tuong-cua-belle-gibson-mot-chuyen-gia-suc-khoe-gia-mao-p278620577,https://tiki.vn/sach-nguoi-phu-nu-lua-ca-the-gioi-chan-tuong-cua-belle-gibson-mot-chuyen-gia-suc-khoe-gia-mao-p278620577.html,Sách - Người Phụ Nữ Lừa Cả Thế Giới - Chân Tướng Của Belle Gibson - Một Chuyên Gia Sức Khỏe Giả Mạo,0.0,0,165000,165000,,5244
276449398,bo-sach-van-hoc-mien-nam-luc-tinh-bo-hop-3-tap-p276449398,https://tiki.vn/bo-sach-van-hoc-mien-nam-luc-tinh-bo-hop-3-tap-p276449398.html,Bộ Sách Văn Học Miền Nam Lục Tỉnh (Bộ Hộp 3 Tập),0.0,0,630000,630000,2.0,5244
278856634,chu-nghia-tieng-viet-va-ban-sac-ngon-ngu-nam-bo-p278856634,https://tiki.vn/chu-nghia-tieng-viet-va-ban-sac-ngon-ngu-nam-bo-p278856634.html,Chữ Nghĩa Tiếng Việt Và Bản Sắc Ngôn Ngữ Nam Bộ,0.0,0,120000,120000,,5244
272369211,viet-nam-danh-tac-ngon-den-dau-lac-p272369211,https://tiki.vn/viet-nam-danh-tac-ngon-den-dau-lac-p272369211.html,Việt Nam Danh Tác - Ngọn Đèn Dầu Lạc,0.0,0,75000,75000,,5244
276734421,khi-chat-nam-bo-qua-truyen-son-nam-p276734421,https://tiki.vn/khi-chat-nam-bo-qua-truyen-son-nam-p276734421.html,Khí chất Nam Bộ qua truyện Sơn Nam,3.0,2,140000,140000,19.0,5244
276138947,tap-chi-van-nghe-tp-ho-chi-minh-bo-4-cuon-so-137-140-p276138947,https://tiki.vn/tap-chi-van-nghe-tp-ho-chi-minh-bo-4-cuon-so-137-140-p276138947.html,Tạp chí Văn Nghệ TP Hồ Chí Minh bộ 4 cuốn (số 137 - 140) ,0.0,0,80000,80000,2.0,5244
262086076,sach-su-pham-khai-phong-the-gioi-viet-nam-toi-p262086076,https://tiki.vn/sach-su-pham-khai-phong-the-gioi-viet-nam-toi-p262086076.html,"Sách - Sư phạm khai phóng: Thế giới, Việt Nam & tôi",0.0,0,225000,225000,6.0,5244
189234400,nhung-buc-thu-huong-toi-muc-tieu-thien-nien-ky-nhung-buc-thu-doat-giai-cuoc-thi-viet-thu-quoc-te-upu-lan-thu-46-p189234400,https://tiki.vn/nhung-buc-thu-huong-toi-muc-tieu-thien-nien-ky-nhung-buc-thu-doat-giai-cuoc-thi-viet-thu-quoc-te-upu-lan-thu-46-p189234400.html,Những bức thư hướng tới mục tiêu thiên niên kỷ (Những bức thư đoạt giải Cuộc thi Viết thư Quốc tế UPU lần thứ 46),0.0,0,39000,39000,1.0,5244
155462039,ban-van-ban-minh-dot-lo-huong-cu-p155462039,https://tiki.vn/ban-van-ban-minh-dot-lo-huong-cu-p155462039.html,Bạn Văn Bạn Mình: Đốt Lò Hương Cũ,0.0,0,55000,55000,,5244
189539721,dien-mao-van-hoc-can-hien-dai-lao-tap-2-p189539721,https://tiki.vn/dien-mao-van-hoc-can-hien-dai-lao-tap-2-p189539721.html,Diện Mạo Văn Học Cận Hiện Đại Lào - Tập 2,0.0,0,175000,175000,,5244
129666437,sach-ban-van-ban-minh-hinh-dung-va-tam-tuong-p129666437,https://tiki.vn/sach-ban-van-ban-minh-hinh-dung-va-tam-tuong-p129666437.html,Sách - BẠN VĂN BẠN MÌNH: Hình dung và tâm tưởng,0.0,0,45000,45000,,5244
155390331,ban-van-ban-minh-phe-binh-va-cao-luan-p155390331,https://tiki.vn/ban-van-ban-minh-phe-binh-va-cao-luan-p155390331.html,Bạn Văn Bạn Mình: Phê Bình Và Cảo Luận,0.0,0,50000,50000,,5244
73656813,van-hoc-co-viet-nam-va-trung-hoa-nhung-huong-tiep-can-p73656813,https://tiki.vn/van-hoc-co-viet-nam-va-trung-hoa-nhung-huong-tiep-can-p73656813.html, Văn Học Cổ Việt Nam Và Trung Hoa - Những Hướng Tiếp Cận,0.0,0,99000,99000,2.0,5244
278785784,tong-tap-van-hoc-dan-gian-nam-bo-tap-4-tuong-tich-san-khau-va-dien-xuong-dan-gian-nam-bo-quyen-1-p278785784,https://tiki.vn/tong-tap-van-hoc-dan-gian-nam-bo-tap-4-tuong-tich-san-khau-va-dien-xuong-dan-gian-nam-bo-quyen-1-p278785784.html,Tổng Tập Văn Học Dân Gian Nam Bộ - Tập 4: Tuồng Tích Sân Khấu Và Diễn Xướng Dân Gian Nam Bộ - Quyển 1,0.0,0,240000,240000,,5244
261985952,sach-dan-gian-triet-nghien-cuu-van-xuoi-tran-bao-dinh-p261985952,https://tiki.vn/sach-dan-gian-triet-nghien-cuu-van-xuoi-tran-bao-dinh-p261985952.html,Sách Dân gian triết - Nghiên cứu văn xuôi Trần Bảo Định,0.0,0,99000,99000,,5244
213860876,sach-van-hoc-dan-gian-ben-tre-tap-2-p213860876,https://tiki.vn/sach-van-hoc-dan-gian-ben-tre-tap-2-p213860876.html,Sách Văn học dân gian Bến Tre - Tập 2,0.0,0,155000,155000,,5244
278246095,tap-chi-van-nghe-tp-ho-chi-minh-bo-5-cuon-so-161-165-p278246095,https://tiki.vn/tap-chi-van-nghe-tp-ho-chi-minh-bo-5-cuon-so-161-165-p278246095.html,Tạp chí Văn Nghệ TP Hồ Chí Minh bộ 5 cuốn (số 161- 165),5.0,2,100000,100000,2.0,5244
181372064,chu-nghia-thuc-dung-bia-mem-p181372064,https://tiki.vn/chu-nghia-thuc-dung-bia-mem-p181372064.html,Chủ nghĩa thực dụng - Bìa mềm,0.0,0,216000,216000,1.0,5244
279339741,nam-thi-hop-tuyen-bia-mem-p279339741,https://tiki.vn/nam-thi-hop-tuyen-bia-mem-p279339741.html,Nam Thi Hợp Tuyển (Bìa mềm),0.0,0,99000,99000,,5244
278785793,tong-tap-van-hoc-dan-gian-nam-bo-tap-4-tuong-tich-san-khau-va-dien-xuong-dan-gian-nam-bo-quyen-2-p278785793,https://tiki.vn/tong-tap-van-hoc-dan-gian-nam-bo-tap-4-tuong-tich-san-khau-va-dien-xuong-dan-gian-nam-bo-quyen-2-p278785793.html,Tổng Tập Văn Học Dân Gian Nam Bộ - Tập 4: Tuồng Tích Sân Khấu Và Diễn Xướng Dân Gian Nam Bộ - Quyển 2,0.0,0,260000,260000,,5244
173086973,nha-van-va-cuoc-song-so-8-hoi-nha-van-viet-nam-p173086973,https://tiki.vn/nha-van-va-cuoc-song-so-8-hoi-nha-van-viet-nam-p173086973.html,Nhà văn và Cuộc sống số 8 (Hội Nhà Văn Việt Nam),5.0,1,99000,99000,3.0,5244
206987823,marian-tkachev-nguoi-ban-tai-hoa-va-chi-tinh-trung-tam-nghien-cuu-quoc-hoc-thuy-toan-va-pham-vinh-cu-chu-bien-p206987823,https://tiki.vn/marian-tkachev-nguoi-ban-tai-hoa-va-chi-tinh-trung-tam-nghien-cuu-quoc-hoc-thuy-toan-va-pham-vinh-cu-chu-bien-p206987823.html,Marian Tkachev - Người Bạn Tài Hoa Và Chí Tình - Trung Tâm Nghiên Cứu Quốc Học - Thuý Toàn và Phạm Vĩnh Cư chủ biên,0.0,0,105000,105000,,5244
139987654,combo-do-anh-vu-lao-dao-giua-nhan-gian-ve-dep-cua-yeu-tinh-p139987654,https://tiki.vn/combo-do-anh-vu-lao-dao-giua-nhan-gian-ve-dep-cua-yeu-tinh-p139987654.html,Combo Đỗ Anh Vũ: Lảo Đảo Giữa Nhân Gian + Vẻ Đẹp Của Yêu Tinh,0.0,0,245000,245000,2.0,5244
164195773,nha-van-va-cuoc-song-so-5-6-7-hoi-nha-van-viet-nam-p164195773,https://tiki.vn/nha-van-va-cuoc-song-so-5-6-7-hoi-nha-van-viet-nam-p164195773.html,Tạp chí Nhà văn và Cuộc sống số 5 - 6 - 7 (Hội Nhà Văn Việt Nam),0.0,0,238000,238000,2.0,5244
149781059,tuyen-tap-akutagawa-ii-p149781059,https://tiki.vn/tuyen-tap-akutagawa-ii-p149781059.html,Tuyển Tập Akutagawa II,0.0,0,380000,380000,,5244
6568589,sach-phac-thao-dan-toc-hoc-hang-hai-viet-nam-p6568589,https://tiki.vn/sach-phac-thao-dan-toc-hoc-hang-hai-viet-nam-p6568589.html,Sách Phác Thảo Dân Tộc Học Hàng Hải Việt Nam,0.0,0,120000,120000,1.0,5244
278048936,su-tuong-dong-giua-goethe-va-tolstoy-p278048936,https://tiki.vn/su-tuong-dong-giua-goethe-va-tolstoy-p278048936.html,Sự tương đồng giữa Goethe và Tolstoy,0.0,0,96000,96000,8.0,5244
279562600,sach-van-hoc-nga-p279562600,https://tiki.vn/sach-van-hoc-nga-p279562600.html,Sách - Văn học Nga,0.0,0,80000,80000,,5244
273006465,ly-thuyet-lien-van-ban-ts-nguyen-van-thuan-p273006465,https://tiki.vn/ly-thuyet-lien-van-ban-ts-nguyen-van-thuan-p273006465.html,LÝ THUYẾT LIÊN VĂN BẢN - TS Nguyễn Văn Thuấn,5.0,1,145000,145000,45.0,5244
6568553,motif-trong-nghien-cuu-truyen-ke-dan-gian-ly-thuyet-va-ung-dung-p6568553,https://tiki.vn/motif-trong-nghien-cuu-truyen-ke-dan-gian-ly-thuyet-va-ung-dung-p6568553.html,Motif Trong Nghiên Cứu Truyện Kể Dân Gian - Lý Thuyết Và Ứng Dụng,0.0,0,139000,139000,,5244
69931929,sach-van-hoc-sai-gon-1954-1975-nhung-chuyen-ben-le-p69931929,https://tiki.vn/sach-van-hoc-sai-gon-1954-1975-nhung-chuyen-ben-le-p69931929.html,Sách Văn Học Sài Gòn 1954 - 1975 (Những Chuyện Bên Lề),0.0,0,199000,199000,,5244
169376050,dung-lai-con-nguoi-loi-cua-ke-si-p169376050,https://tiki.vn/dung-lai-con-nguoi-loi-cua-ke-si-p169376050.html,Dựng Lại Con Người - Lời Của Kẻ Sĩ,0.0,0,130000,130000,,5244
272497470,nghe-thuat-tieu-thuyet-p272497470,https://tiki.vn/nghe-thuat-tieu-thuyet-p272497470.html,Nghệ Thuật Tiểu Thuyết,0.0,0,116000,116000,,5244
128114161,nhu-thu-vui-tra-dao-p128114161,https://tiki.vn/nhu-thu-vui-tra-dao-p128114161.html,Như Thú Vui Trà  Đạo,0.0,0,89000,89000,1.0,5244
129708586,sach-ban-van-ban-minh-van-thi-si-tien-chien-p129708586,https://tiki.vn/sach-ban-van-ban-minh-van-thi-si-tien-chien-p129708586.html,Sách - BẠN VĂN BẠN MÌNH: Văn thi sĩ tiền chiến ,0.0,0,100000,100000,,5244
217577375,tuyen-tap-vu-trong-phung-2023-p217577375,https://tiki.vn/tuyen-tap-vu-trong-phung-2023-p217577375.html,Tuyển Tập Vũ Trọng Phụng (2023),0.0,0,175000,175000,,5244
102691371,rong-choi-mien-chu-nghia-tap-4-an-chi-p102691371,https://tiki.vn/rong-choi-mien-chu-nghia-tap-4-an-chi-p102691371.html,Rong Chơi Miền Chữ Nghĩa (tập 4) - An Chi,5.0,1,183000,183000,8.0,5244
155392938,ban-van-ban-minh-van-thi-si-tien-chien-p155392938,https://tiki.vn/ban-van-ban-minh-van-thi-si-tien-chien-p155392938.html,Bạn Văn Bạn Mình: Văn Thi Sĩ Tiền Chiến,0.0,0,100000,100000,,5244
129707620,sach-ban-van-ban-minh-muoi-chin-chan-dung-nha-van-cung-thoi-p129707620,https://tiki.vn/sach-ban-van-ban-minh-muoi-chin-chan-dung-nha-van-cung-thoi-p129707620.html,Sách - BẠN VĂN BẠN MÌNH: Mười chín chân dung nhà văn cùng thời,0.0,0,115000,115000,1.0,5244
129666364,sach-ban-van-ban-minh-van-thi-si-hien-dai-p129666364,https://tiki.vn/sach-ban-van-ban-minh-van-thi-si-hien-dai-p129666364.html,Sách - BẠN VĂN BẠN MÌNH: Văn thi sĩ hiện đại,0.0,0,100000,100000,,5244
142783638,truyen-kieu-o-nam-bo-p142783638,https://tiki.vn/truyen-kieu-o-nam-bo-p142783638.html,TRUYỆN KIỀU Ở NAM BỘ,0.0,0,160000,160000,,5244
207895143,nguyen-du-thien-tai-van-de-da-quen-ma-con-la-p207895143,https://tiki.vn/nguyen-du-thien-tai-van-de-da-quen-ma-con-la-p207895143.html,Nguyễn Du Thiên Tài - Vấn Đề Đã Quen Mà Còn Lạ,0.0,0,150000,150000,,5244
198044010,co-hoc-tinh-hoa-on-nhu-nguyen-van-ngoc-tu-an-tran-le-nhan-p198044010,https://tiki.vn/co-hoc-tinh-hoa-on-nhu-nguyen-van-ngoc-tu-an-tran-le-nhan-p198044010.html,CỔ HỌC TINH HOA - Ôn Như Nguyễn Văn Ngọc + Từ An Trần Lê Nhân,0.0,0,168000,168000,2.0,5244
217577383,tuyen-tap-nam-cao-2023-p217577383,https://tiki.vn/tuyen-tap-nam-cao-2023-p217577383.html,Tuyển Tập Nam Cao (2023),0.0,0,155000,155000,,5244
263106947,bui-xuan-phai-con-mat-cua-trai-tim-p263106947,https://tiki.vn/bui-xuan-phai-con-mat-cua-trai-tim-p263106947.html,Bùi Xuân Phái - Con mắt của trái tim,0.0,0,180000,180000,,5244
273461953,tram-doc-nhung-nguoi-muon-nam-chua-cu-p273461953,https://tiki.vn/tram-doc-nhung-nguoi-muon-nam-chua-cu-p273461953.html,"Trạm Đọc | Những Người Muôn Năm ""Chưa Cũ""",0.0,0,239000,239000,,5244
139288520,bat-dau-cat-len-tieng-cuoi-p139288520,https://tiki.vn/bat-dau-cat-len-tieng-cuoi-p139288520.html,Bắt Đầu Cất Lên Tiếng Cười,0.0,0,128000,128000,,5244
263106945,bui-xuan-phai-con-mat-cua-trai-tim-p263106945,https://tiki.vn/bui-xuan-phai-con-mat-cua-trai-tim-p263106945.html,Bùi Xuân Phái - Con mắt của trái tim,0.0,0,180000,180000,,5244
263096635,tieng-viet-giau-dep-noi-oan-thi-la-ma-p263096635,https://tiki.vn/tieng-viet-giau-dep-noi-oan-thi-la-ma-p263096635.html,"Tiếng Việt Giàu Đẹp - Nỗi Oan Thì, Là, Mà",0.0,0,105000,105000,,5244
263096632,tieng-viet-giau-dep-noi-oan-thi-la-ma-p263096632,https://tiki.vn/tieng-viet-giau-dep-noi-oan-thi-la-ma-p263096632.html,"Tiếng Việt Giàu Đẹp - Nỗi Oan Thì, Là, Mà",0.0,0,105000,105000,,5244
253114012,ban-van-ban-minh-chan-dung-van-hoc-p253114012,https://tiki.vn/ban-van-ban-minh-chan-dung-van-hoc-p253114012.html,BẠN VĂN BẠN MÌNH: Chân dung văn học,0.0,0,65000,65000,1.0,5244
163739537,lao-hac-tap-truyen-ngan-tai-ban-p163739537,https://tiki.vn/lao-hac-tap-truyen-ngan-tai-ban-p163739537.html,Lão Hạc (Tập Truyện Ngắn) - Tái Bản,0.0,0,53889,53889,1.0,5244
279424131,sach-nha-van-hien-dai-phe-binh-van-hoc-vu-ngoc-phan-p279424131,https://tiki.vn/sach-nha-van-hien-dai-phe-binh-van-hoc-vu-ngoc-phan-p279424131.html,Sách - Nhà Văn Hiện Đại - Phê Bình Văn Học - Vũ Ngọc Phan,0.0,0,60000,60000,,5244
278870892,truyen-kieu-doan-truong-tan-thanh-p278870892,https://tiki.vn/truyen-kieu-doan-truong-tan-thanh-p278870892.html,Truyện Kiều (Đoạn trường tân thanh) (Nông sơn Nguyễn Can Mộng hiệu đính và chú thích),0.0,0,70000,70000,1.0,5244
278899709,kim-van-kieu-chu-thich-bui-khanh-dien-chu-thich-p278899709,https://tiki.vn/kim-van-kieu-chu-thich-bui-khanh-dien-chu-thich-p278899709.html,Kim Vân Kiều chú thích (Bùi Khánh Diễn chú thích),0.0,0,88000,88000,1.0,5244
278068611,ban-chi-thien-tap-tieu-pham-_-ta-ngoc-tan-p278068611,https://tiki.vn/ban-chi-thien-tap-tieu-pham-_-ta-ngoc-tan-p278068611.html,Bắn chỉ thiên (Tập tiểu phẩm) _ Tạ Ngọc Tấn,0.0,0,174000,174000,1.0,5244
189603883,chuyen-nguoi-ha-noi-tap-1-vn-p189603883,https://tiki.vn/chuyen-nguoi-ha-noi-tap-1-vn-p189603883.html,Chuyện Người Hà Nội - Tập 1 - (VN),0.0,0,169000,152100,,5244
176935161,cuoc-doi-la-mot-tieu-thuyet-p176935161,https://tiki.vn/cuoc-doi-la-mot-tieu-thuyet-p176935161.html,Cuộc Đời Là Một Tiểu Thuyết,0.0,0,140000,140000,,5244
183523984,bot-dien-thoai-ben-ria-the-gioi-p183523984,https://tiki.vn/bot-dien-thoai-ben-ria-the-gioi-p183523984.html,Bốt Điện Thoại Bên Rìa Thế Giới,0.0,0,123225,123225,,5244
206335172,truyen-thuyet-cac-nhan-vat-tam-quoc-p206335172,https://tiki.vn/truyen-thuyet-cac-nhan-vat-tam-quoc-p206335172.html,Truyền Thuyết Các Nhân Vật Tam Quốc,0.0,0,152694,152694,,5244
188415453,tuyen-tap-bao-chi-but-chien-huu-tho-ne-va-ne-tieu-pham-bao-chi-nxb-ctqg-su-that-p188415453,https://tiki.vn/tuyen-tap-bao-chi-but-chien-huu-tho-ne-va-ne-tieu-pham-bao-chi-nxb-ctqg-su-that-p188415453.html,[tuyển tập báo chí bút chiến HỮU THỌ] NỂ VÀ NÉ – Tiểu phẩm báo chí – NXB CTQG Sự Thật,0.0,0,79000,79000,3.0,5244
71957067,sach-mi-pham-tri-tue-p71957067,https://tiki.vn/sach-mi-pham-tri-tue-p71957067.html,Sách Mĩ Phẩm Trí Tuệ,0.0,0,73000,73000,,5244
189179256,logic-kho-ly-giai-cua-doi-toi_bv-p189179256,https://tiki.vn/logic-kho-ly-giai-cua-doi-toi_bv-p189179256.html,Logic Khó Lý Giải Của Đời Tôi_BV,0.0,0,155000,155000,,5244
215539282,chuyen-nguoi-ha-noi-tap-3-p215539282,https://tiki.vn/chuyen-nguoi-ha-noi-tap-3-p215539282.html,Chuyện người Hà Nội (Tập 3),0.0,0,196000,176400,,5244
176021597,combo-2-cuon-sach-ngay-tro-ve-son-nam-dbscl-net-sinh-hoat-xua-van-minh-miet-vuon-moi-p176021597,https://tiki.vn/combo-2-cuon-sach-ngay-tro-ve-son-nam-dbscl-net-sinh-hoat-xua-van-minh-miet-vuon-moi-p176021597.html,"Combo 2 Cuốn sách: Ngày Trở Về + Sơn Nam - ĐBSCL - Nét Sinh Hoạt Xưa, Văn Minh Miệt Vườn (Mới)",0.0,0,180000,180000,,5244
274383982,cuon-sach-ve-y-hoc-bien-nien-su-am-vat-p274383982,https://tiki.vn/cuon-sach-ve-y-hoc-bien-nien-su-am-vat-p274383982.html,Cuốn Sách Về Y Học: Biên Niên Sử Âm Vật,0.0,0,152985,152985,,5244
272111936,neo-chu-nguyen-hoai-nam-phe-binh-ly-luan-van-hoc-p272111936,https://tiki.vn/neo-chu-nguyen-hoai-nam-phe-binh-ly-luan-van-hoc-p272111936.html,Neo Chữ - Nguyễn Hoài Nam (Phê bình Lý luận Văn học),0.0,0,197000,197000,2.0,5244
215579981,lang-man-giai-ma-tho-tinh-solomon-thai-ha-p215579981,https://tiki.vn/lang-man-giai-ma-tho-tinh-solomon-thai-ha-p215579981.html,Lãng Mạn - Giải Mã Thơ Tình Solomon (Thái Hà),0.0,0,137080,137080,,5244
215378581,lang-man-giai-ma-tho-tinh-solomon-p215378581,https://tiki.vn/lang-man-giai-ma-tho-tinh-solomon-p215378581.html,Lãng Mạn - Giải Mã Thơ Tình Solomon,0.0,0,137094,137094,,5244
53980415,combo-so-do-bia-mem-cai-thu-lon-bia-mem-p53980415,https://tiki.vn/combo-so-do-bia-mem-cai-thu-lon-bia-mem-p53980415.html,"Combo Số đỏ ( bìa mềm) , Cái thủ lợn (bìa mềm)",0.0,0,90500,90500,,5244
53980200,combo-tuc-ngu-phong-dao-150-thuat-ngu-van-hoc-bia-mem-p53980200,https://tiki.vn/combo-tuc-ngu-phong-dao-150-thuat-ngu-van-hoc-bia-mem-p53980200.html,Combo Tục ngữ phong dao + 150 thuật ngữ văn học (bìa mềm),0.0,0,204500,204500,3.0,5244
275238636,truoc-nha-co-cay-hoang-mai-2-quyen-nhung-ghi-chep-ve-hue-xu-so-phong-reu-kieu-sa-p275238636,https://tiki.vn/truoc-nha-co-cay-hoang-mai-2-quyen-nhung-ghi-chep-ve-hue-xu-so-phong-reu-kieu-sa-p275238636.html,Trước nhà có cây hoàng mai ( 2 quyển ) : Những ghi chép về Huế - xứ sở phong rêu kiêu sa,0.0,0,315000,283500,2.0,5244
247858755,phan-thi-bach-van-van-de-phu-nu-o-nuoc-ta-p247858755,https://tiki.vn/phan-thi-bach-van-van-de-phu-nu-o-nuoc-ta-p247858755.html,PHAN THỊ BẠCH VÂN: VẤN ĐỀ PHỤ NỮ Ở NƯỚC TA,5.0,1,181000,162900,3.0,5244
270747050,con-gai-fille-p270747050,https://tiki.vn/con-gai-fille-p270747050.html,CON GÁI - FILLE,0.0,0,132000,118800,4.0,5244
251768685,tro-thanh-nguoi-phu-nu-ai-cung-muon-lai-gan-to-man-p251768685,https://tiki.vn/tro-thanh-nguoi-phu-nu-ai-cung-muon-lai-gan-to-man-p251768685.html,Trở Thành Người Phụ Nữ Ai Cũng Muốn Lại Gần - Tô Mạn,0.0,0,117296,117296,1.0,5244
279708826,linhsachqv-sach-thi-nhan-viet-nam-tai-ban-nam-2022-p279708826,https://tiki.vn/linhsachqv-sach-thi-nhan-viet-nam-tai-ban-nam-2022-p279708826.html,Sách Thi Nhân Việt Nam (Tái bản năm 2022),0.0,0,102000,102000,,5244
262813054,xa-hoi-tinh-tao-p262813054,https://tiki.vn/xa-hoi-tinh-tao-p262813054.html,Xã Hội Tỉnh Táo,0.0,0,268000,227000,,5244
180864263,quyen-tach-khoi-dam-dong-p180864263,https://tiki.vn/quyen-tach-khoi-dam-dong-p180864263.html,Quyền Tách Khỏi Đám Đông,0.0,0,174140,174140,,5244
170265858,chu-nghia-hien-thuc-nam-cao-bia-mem-p170265858,https://tiki.vn/chu-nghia-hien-thuc-nam-cao-bia-mem-p170265858.html,Chủ Nghĩa Hiện Thực Nam Cao - Bìa mềm,5.0,3,120000,117600,10.0,5244
279145542,tu-su-hoc-tu-kinh-dien-den-hau-kinh-dien-p279145542,https://tiki.vn/tu-su-hoc-tu-kinh-dien-den-hau-kinh-dien-p279145542.html,Tự sự học từ kinh điển đến hậu kinh điển,4.0,1,285000,285000,13.0,5244
116132656,the-story-of-art-cau-chuyen-nghe-thuat-p116132656,https://tiki.vn/the-story-of-art-cau-chuyen-nghe-thuat-p116132656.html,The Story Of Art - Câu Chuyện Nghệ Thuật (,0.0,0,1199000,1019000,3.0,5244
252641037,nha-tho-quang-dung-nguoi-mang-trong-trang-di-tim-thanh-cao-p252641037,https://tiki.vn/nha-tho-quang-dung-nguoi-mang-trong-trang-di-tim-thanh-cao-p252641037.html,Nhà thơ Quang Dũng - người mang trong trắng đi tìm thanh cao,0.0,0,116000,98600,2.0,5244
252641074,truyen-kieu-tu-ke-p252641074,https://tiki.vn/truyen-kieu-tu-ke-p252641074.html,Truyện Kiều tự kể,0.0,0,190000,161500,,5244
178078817,sa-ch-so-tay-sua-loi-hanh-van-tai-ban-nam-2021-p178078817,https://tiki.vn/sa-ch-so-tay-sua-loi-hanh-van-tai-ban-nam-2021-p178078817.html,Sách Sổ Tay Sửa Lỗi Hành Văn (Tái bản năm 2021),5.0,10,48000,28800,125.0,5244
274172733,sach-thai-can-dam-tinh-hoa-doi-nhan-xu-the-cua-co-nhan-bia-mem-p274172733,https://tiki.vn/sach-thai-can-dam-tinh-hoa-doi-nhan-xu-the-cua-co-nhan-bia-mem-p274172733.html,Sách - Thái căn đàm (Tinh hoa đối nhân xử thế của cổ nhân) - bìa mềm,0.0,0,110000,110000,,5244
278099083,ban-chi-thien-tap-tieu-pham-p278099083,https://tiki.vn/ban-chi-thien-tap-tieu-pham-p278099083.html,Bắn chỉ thiên (Tập tiểu phẩm),0.0,0,156600,156600,,5244
274782486,sach-viet-nam-su-luoc-bia-mem-p274782486,https://tiki.vn/sach-viet-nam-su-luoc-bia-mem-p274782486.html,Sách - Việt Nam sử lược (bìa mềm),0.0,0,155000,155000,,5244
38454407,van-hoc-di-dan-phac-thao-dien-mao-nu-nha-van-viet-nam-tai-hoa-ky-p38454407,https://tiki.vn/van-hoc-di-dan-phac-thao-dien-mao-nu-nha-van-viet-nam-tai-hoa-ky-p38454407.html,Văn học di dân,5.0,3,153000,153000,93.0,5244
248703306,phu-nu-tung-thu-gioi-va-phat-trien-phan-thi-bach-van-van-de-phu-nu-o-nuoc-ta-p248703306,https://tiki.vn/phu-nu-tung-thu-gioi-va-phat-trien-phan-thi-bach-van-van-de-phu-nu-o-nuoc-ta-p248703306.html,Phụ Nữ Tùng Thư - Giới Và Phát Triển : Phan Thị Bạch Vân - Vấn Đề Phụ Nữ Ở Nước Ta,0.0,0,162574,162574,,5244
263096626,tieng-viet-giau-dep-noi-oan-thi-la-ma-p263096626,https://tiki.vn/tieng-viet-giau-dep-noi-oan-thi-la-ma-p263096626.html,"Tiếng Việt Giàu Đẹp - Nỗi Oan Thì, Là, Mà",0.0,0,105000,105000,,5244
176779882,ba-tung-long-nghia-tinh-rang-buoc-p176779882,https://tiki.vn/ba-tung-long-nghia-tinh-rang-buoc-p176779882.html,Bà Tùng Long - Nghĩa Tình Ràng Buộc,0.0,0,140000,140000,,5244
273694954,van-ban-va-he-sinh-thai-van-ban-viet-dien-u-linh-tap-tu-chuc-nang-den-nghe-thuat-p273694954,https://tiki.vn/van-ban-va-he-sinh-thai-van-ban-viet-dien-u-linh-tap-tu-chuc-nang-den-nghe-thuat-p273694954.html,Văn Bản Và Hệ Sinh Thái Văn Bản - Việt Điện U Linh Tập Từ Chức Năng Đến Nghệ Thuật,0.0,0,224575,224575,,5244
274454236,nguon-goc-cam-xuc-bi-an-song-dong-cua-bo-nao-lisa-feldman-barrett-p274454236,https://tiki.vn/nguon-goc-cam-xuc-bi-an-song-dong-cua-bo-nao-lisa-feldman-barrett-p274454236.html,Nguồn Gốc Cảm Xúc - Bí Ẩn Sống Động Của Bộ Não,0.0,0,388000,388000,,5244
278491232,giai-cuu-sach-hay-xa-kho-chong-e-phap-su-va-nha-tien-tri-charles-c-mann-tung-vu-dich-huy-hoang-books-p278491232,https://tiki.vn/giai-cuu-sach-hay-xa-kho-chong-e-phap-su-va-nha-tien-tri-charles-c-mann-tung-vu-dich-huy-hoang-books-p278491232.html,"[Giải cứu sách hay, xả kho chống ế] PHÁP SƯ VÀ NHÀ TIÊN TRI - Charles C. Mann - Tùng Vũ dịch – Huy Hoàng Books",0.0,0,165000,165000,,5244
279235242,sach-van-hoc-yeu-lai-tu-dau-nghe-thuat-trong-cac-tac-pham-van-xuoi-p279235242,https://tiki.vn/sach-van-hoc-yeu-lai-tu-dau-nghe-thuat-trong-cac-tac-pham-van-xuoi-p279235242.html,Sách - Văn Học - Yêu Lại Từ Đầu - Nghệ Thuật Trong Các Tác Phẩm Văn Xuôi,0.0,0,99000,99000,,5244
184591235,haruki-murakami-va-am-nhac-cua-ngon-tu-p184591235,https://tiki.vn/haruki-murakami-va-am-nhac-cua-ngon-tu-p184591235.html,Haruki Murakami Và Âm Nhạc Của Ngôn Từ,0.0,0,366000,366000,,5244
276186951,ngan-dan-deu-hoang-dang-khoa-phe-binh-van-hoc-p276186951,https://tiki.vn/ngan-dan-deu-hoang-dang-khoa-phe-binh-van-hoc-p276186951.html,NGẮN DẦN ĐỀU – Hoàng Đăng Khoa - PHÊ BÌNH VĂN HỌC,0.0,0,199900,199900,,5244
80657323,nhung-buoc-dau-cua-bao-chi-truyen-ngan-tieu-thuyet-va-tho-moi-1865-1932-p80657323,https://tiki.vn/nhung-buoc-dau-cua-bao-chi-truyen-ngan-tieu-thuyet-va-tho-moi-1865-1932-p80657323.html,"Những Bước Đầu Của Báo Chí Truyện Ngắn, Tiểu Thuyết Và Thơ Mới (1865-1932)",5.0,1,150000,135000,9.0,5244
274458406,tieu-thuyet-viet-nam-hien-dai-1925-1945-khai-sinh-tien-trinh-bui-xuan-bao-ngan-xuyen-dich-nxb-tri-thuc-p274458406,https://tiki.vn/tieu-thuyet-viet-nam-hien-dai-1925-1945-khai-sinh-tien-trinh-bui-xuan-bao-ngan-xuyen-dich-nxb-tri-thuc-p274458406.html,TIỂU THUYẾT VIỆT NAM HIỆN ĐẠI 1925 -1945 (KHAI SINH & TIẾN TRÌNH) - Bùi Xuân Bào - Ngân Xuyên dịch - NXB Tri Thức,0.0,0,199000,199000,3.0,5244
275541456,linh-tinh-va-ly-tri-cac-tieu-luan-phe-binh-p275541456,https://tiki.vn/linh-tinh-va-ly-tri-cac-tieu-luan-phe-binh-p275541456.html,LINH TÍNH VÀ LÝ TRÍ - CÁC TIỂU LUẬN PHÊ BÌNH,0.0,0,95700,95700,1.0,5244
279438063,combo-5-cuon-nha-van-hien-dai-phe-binh-van-hoc-vu-ngoc-phan-nxb-kim-dong-p279438063,https://tiki.vn/combo-5-cuon-nha-van-hien-dai-phe-binh-van-hoc-vu-ngoc-phan-nxb-kim-dong-p279438063.html,(Trọn bộ 5 tập)  NHÀ VĂN HIỆN ĐẠI - PHÊ BÌNH VĂN HỌC- Vũ Ngọc Phan- NXB Kim Đồng,0.0,0,406000,406000,1.0,5244
74571432,sach-xuan-thu-nha-tap-p74571432,https://tiki.vn/sach-xuan-thu-nha-tap-p74571432.html,Sách Xuân Thu Nhã Tập,5.0,9,92000,92000,83.0,5244
243319656,pham-chat-cua-nhung-nha-giao-uu-tu-ken-bain-hai-anh-va-le-thao-dich-iper-quang-van-nxb-dan-tri-bia-mem-p243319656,https://tiki.vn/pham-chat-cua-nhung-nha-giao-uu-tu-ken-bain-hai-anh-va-le-thao-dich-iper-quang-van-nxb-dan-tri-bia-mem-p243319656.html,PHẨM CHẤT CỦA NHỮNG NHÀ GIÁO ƯU TÚ – Ken Bain – Hải Anh và Lê Thảo dịch – IPER – Quảng Văn – NXB Dân Trí (Bìa mềm),5.0,1,148000,148000,30.0,5244
2462903,sach-song-trong-thoi-vien-tuong-p2462903,https://tiki.vn/sach-song-trong-thoi-vien-tuong-p2462903.html,Sách Sống Trong Thời Viễn Tưởng,4.6,7,119000,79500,229.0,5244
272815580,sach-thai-can-dam-tinh-hoa-doi-nhan-xu-the-cua-co-nhan-bia-mem-mt-p272815580,https://tiki.vn/sach-thai-can-dam-tinh-hoa-doi-nhan-xu-the-cua-co-nhan-bia-mem-mt-p272815580.html,Sách- Thái căn đàm (Tinh hoa đối nhân xử thế của cổ nhân) - bìa mềm (MT),0.0,0,94491,94491,2.0,5244
152568020,ly-luan-phe-binh-van-nghe-co-viet-nam-tap-1-p152568020,https://tiki.vn/ly-luan-phe-binh-van-nghe-co-viet-nam-tap-1-p152568020.html,Lý Luận Phê Bình Văn Nghệ Cổ Việt Nam - Tập 1,0.0,0,258000,258000,,5244
274826236,nha-van-va-cuoc-song-so-19-hoi-nha-van-viet-nam-p274826236,https://tiki.vn/nha-van-va-cuoc-song-so-19-hoi-nha-van-viet-nam-p274826236.html,Nhà văn và Cuộc sống số 19 - Hội nhà văn Việt Nam,0.0,0,99000,99000,6.0,5244
273602423,viet-va-doc-mua-dong-2023-nxb-hoi-nha-van-viet-nam-phe-binh-ly-luan-van-hoc-p273602423,https://tiki.vn/viet-va-doc-mua-dong-2023-nxb-hoi-nha-van-viet-nam-phe-binh-ly-luan-van-hoc-p273602423.html,VIẾT VÀ ĐỌC MÙA ĐÔNG 2023 - NXB HỘI NHÀ VĂN VIỆT NAM - PHÊ BÌNH LÝ LUẬN VĂN HỌC,5.0,1,210000,210000,10.0,5244
275228574,cac-khia-canh-cua-tieu-thuyet-e-m-forster-p275228574,https://tiki.vn/cac-khia-canh-cua-tieu-thuyet-e-m-forster-p275228574.html,Các khía cạnh của tiểu thuyết - E. M. Forster,0.0,0,81000,81000,2.0,5244
251091193,nha-van-va-cuoc-song-so-13-hoi-nha-van-viet-nam-p251091193,https://tiki.vn/nha-van-va-cuoc-song-so-13-hoi-nha-van-viet-nam-p251091193.html,Nhà văn và Cuộc sống số 13 - Hội nhà văn Việt Nam,5.0,1,99000,99000,4.0,5244
278638590,nghien-cuu-van-chuong-suy-ngam-thoi-su-mai-quoc-lien-trung-tam-nghien-cuu-quoc-hoc-p278638590,https://tiki.vn/nghien-cuu-van-chuong-suy-ngam-thoi-su-mai-quoc-lien-trung-tam-nghien-cuu-quoc-hoc-p278638590.html,NGHIÊN CỨU VĂN CHƯƠNG SUY NGẪM THỜI SỰ - MAI QUỐC LIÊN (trung tâm Nghiên Cứu Quốc Học),0.0,0,158000,158000,1.0,5244
276108881,108-ngay-song-trong-gian-cach-p276108881,https://tiki.vn/108-ngay-song-trong-gian-cach-p276108881.html,108 Ngày Sống Trong Giãn Cách,4.0,1,120000,105600,4.0,5244
279677054,vysachqv-sach-tan-nhac-viet-nam-thuo-ban-dau-tai-ban-lan-1-p279677054,https://tiki.vn/vysachqv-sach-tan-nhac-viet-nam-thuo-ban-dau-tai-ban-lan-1-p279677054.html,Sách Tân Nhạc Việt Nam Thuở Ban Đầu (Tái bản lần 1),0.0,0,80000,68000,,5244
279676952,vysachqv-sach-bong-hong-cho-ngay-thang-khong-ten-p279676952,https://tiki.vn/vysachqv-sach-bong-hong-cho-ngay-thang-khong-ten-p279676952.html,Sách Bông Hồng Cho Ngày Tháng Không Tên,0.0,0,169000,143650,,5244
279737596,chuyen-ke-ha-noi-nguyen-duy-ngoc-lien-viet-nxb-van-hoc-p279737596,https://tiki.vn/chuyen-ke-ha-noi-nguyen-duy-ngoc-lien-viet-nxb-van-hoc-p279737596.html,CHUYỆN KỂ HÀ NỘI - Nguyễn Duy Ngọc - Liên Việt - NXB Văn Học,0.0,0,195000,195000,,5244
275229576,cac-khia-canh-cua-tieu-thuyet-p275229576,https://tiki.vn/cac-khia-canh-cua-tieu-thuyet-p275229576.html,Các khía cạnh của tiểu thuyết,0.0,0,81000,81000,,5244
275838896,ac-mong-nguoi-xuat-chung-va-nhung-cau-chuyen-khac-p275838896,https://tiki.vn/ac-mong-nguoi-xuat-chung-va-nhung-cau-chuyen-khac-p275838896.html,Ác Mộng Người Xuất Chúng Và Những Câu Chuyện Khác,0.0,0,110000,104500,1.0,5244
212324100,so-tay-viet-van-p212324100,https://tiki.vn/so-tay-viet-van-p212324100.html,Sổ Tay Viết Văn,0.0,0,60000,57000,2.0,5244
77665542,sach-huong-gio-phuong-nam-tap-2-p77665542,https://tiki.vn/sach-huong-gio-phuong-nam-tap-2-p77665542.html,Sách Hương Gió Phương Nam - Tập 2,0.0,0,155000,155000,,5244
77665544,sach-huong-gio-phuong-nam-tap-1-p77665544,https://tiki.vn/sach-huong-gio-phuong-nam-tap-1-p77665544.html,Sách Hương Gió Phương Nam - Tập 1,0.0,0,145000,145000,,5244
276350629,ngan-dan-deu-p276350629,https://tiki.vn/ngan-dan-deu-p276350629.html,Ngắn Dần Đều,0.0,0,199900,199900,,5244
276429217,cai-voi-cua-nguoi-minh-p276429217,https://tiki.vn/cai-voi-cua-nguoi-minh-p276429217.html,Cái Vội Của Người Mình,0.0,0,159000,159000,,5244
114459432,sach-ban-van-ban-minh-van-thi-si-tien-chien-p114459432,https://tiki.vn/sach-ban-van-ban-minh-van-thi-si-tien-chien-p114459432.html,Sách Bạn Văn Bạn Mình: Văn Thi Sĩ Tiền Chiến,0.0,0,100000,100000,,5244
114447385,sach-ban-van-ban-minh-cay-but-doi-nguoi-p114447385,https://tiki.vn/sach-ban-van-ban-minh-cay-but-doi-nguoi-p114447385.html,Sách Bạn Văn Bạn Mình: Cây Bút Đời Người,0.0,0,85000,85000,,5244
114447397,sach-ban-van-ban-minh-phe-binh-va-cao-luan-p114447397,https://tiki.vn/sach-ban-van-ban-minh-phe-binh-va-cao-luan-p114447397.html,Sách Bạn Văn Bạn Mình: Phê Bình Và Cảo Luận,0.0,0,50000,50000,,5244
278967277,sach-tong-tap-van-hoc-dan-gian-nam-bo-tap-iv-tuong-tich-san-khau-va-dien-xuong-dan-gian-nam-bo-quyen-2-p278967277,https://tiki.vn/sach-tong-tap-van-hoc-dan-gian-nam-bo-tap-iv-tuong-tich-san-khau-va-dien-xuong-dan-gian-nam-bo-quyen-2-p278967277.html,Sách - Tổng Tập Văn Học Dân Gian Nam Bộ - Tập IV - Tuồng Tích Sân Khấu Và Diễn Xướng Dân Gian Nam Bộ - Quyển 2,0.0,0,260000,260000,,5244
152705105,co-hoc-tinh-hoa-bia-cung-p152705105,https://tiki.vn/co-hoc-tinh-hoa-bia-cung-p152705105.html,Cổ Học Tinh Hoa (Bìa Cứng),0.0,0,121000,121000,,5244
269982791,tu-dien-tieng-viet-cua-gs-nguyen-lan-phe-binh-va-khao-cuu-giai-sach-hay-2017-hang-muc-phat-hien-moi-p269982791,https://tiki.vn/tu-dien-tieng-viet-cua-gs-nguyen-lan-phe-binh-va-khao-cuu-giai-sach-hay-2017-hang-muc-phat-hien-moi-p269982791.html,Từ Điển Tiếng Việt Của GS. Nguyễn Lân - Phê Bình Và Khảo Cứu (Giải Sách Hay 2017 - Hạng Mục Phát Hiện Mới),0.0,0,235000,164500,17.0,5244
279423812,sach-5-guong-mat-van-chuong-lang-mai-xa-p279423812,https://tiki.vn/sach-5-guong-mat-van-chuong-lang-mai-xa-p279423812.html,Sách - 5 Gương Mặt Văn Chương Làng Mai Xá,0.0,0,168000,147800,,5244
278228932,sach-dang-thuy-tram-va-cuon-nhat-ky-thu-ba-p278228932,https://tiki.vn/sach-dang-thuy-tram-va-cuon-nhat-ky-thu-ba-p278228932.html,Sách - Đặng Thùy Trâm Và Cuốn Nhật Ký Thứ Ba,0.0,0,148352,148352,,5244
204301985,doan-binh-tay-tien-doan-vo-trang-tuyen-truyen-bien-khu-lao-viet-tai-ban-2022-p204301985,https://tiki.vn/doan-binh-tay-tien-doan-vo-trang-tuyen-truyen-bien-khu-lao-viet-tai-ban-2022-p204301985.html,Đoàn Binh Tây Tiến (Đoàn Võ Trang Tuyên Truyền Biên Khu Lào - Việt) (Tái Bản 2022),0.0,0,45000,45000,,5244
278012938,sach-theo-dau-chan-nguoi-p278012938,https://tiki.vn/sach-theo-dau-chan-nguoi-p278012938.html,Sách - Theo Dấu Chân Người,0.0,0,175000,175000,,5244
247239940,nhung-mien-luu-dau-canh-viet-trong-van-chuong-p247239940,https://tiki.vn/nhung-mien-luu-dau-canh-viet-trong-van-chuong-p247239940.html,Những Miền Lưu Dấu - Cảnh Việt Trong Văn Chương,0.0,0,250000,250000,,5244
248703287,tu-sach-phu-nu-tung-thu-gioi-va-phat-trien-nam-phong-tap-chi-van-de-phu-nu-o-nuoc-ta-p248703287,https://tiki.vn/tu-sach-phu-nu-tung-thu-gioi-va-phat-trien-nam-phong-tap-chi-van-de-phu-nu-o-nuoc-ta-p248703287.html,Tủ Sách Phụ Nữ Tùng Thư - Giới Và Phát Triển - Nam Phong Tạp Chí - Vấn Đề Phụ Nữ Ở Nước Ta,0.0,0,181000,181000,,5244
195283664,tuyen-tap-nam-cao-bia-cung-tai-ban-2022-p195283664,https://tiki.vn/tuyen-tap-nam-cao-bia-cung-tai-ban-2022-p195283664.html,Tuyển Tập Nam Cao - Bìa Cứng (Tái Bản 2022),0.0,0,140786,140786,,5244
176522628,abraham-lincoln-cac-tac-pham-va-suy-ngam-p176522628,https://tiki.vn/abraham-lincoln-cac-tac-pham-va-suy-ngam-p176522628.html,Abraham Lincoln - Các Tác Phẩm Và Suy Ngẫm,0.0,0,282872,282872,,5244
186369296,nha-van-cuoc-doi-va-tac-pham-p186369296,https://tiki.vn/nha-van-cuoc-doi-va-tac-pham-p186369296.html,Nhà Văn - Cuộc Đời Và Tác Phẩm,0.0,0,750000,750000,,5244
199970463,haruki-murakami-va-am-nhac-cua-ngon-tu-p199970463,https://tiki.vn/haruki-murakami-va-am-nhac-cua-ngon-tu-p199970463.html,Haruki Murakami Và Âm Nhạc Của Ngôn Từ,0.0,0,315000,315000,,5244
279047513,sach-nguyen-nhat-anh-va-kinh-van-hoa-chuyen-tu-a-den-z-p279047513,https://tiki.vn/sach-nguyen-nhat-anh-va-kinh-van-hoa-chuyen-tu-a-den-z-p279047513.html,Sách - Nguyễn Nhật Ánh Và Kính Vạn Hoa - Chuyện Từ A Đến Z,0.0,0,80000,80000,,5244
178071235,sa-ch-xu-thang-muoi-p178071235,https://tiki.vn/sa-ch-xu-thang-muoi-p178071235.html,Sách Xứ Tháng Mười,0.0,0,219000,186150,1.0,5244
279423962,sach-nha-van-hien-dai-phe-binh-van-hoc-quyen-nhat-p279423962,https://tiki.vn/sach-nha-van-hien-dai-phe-binh-van-hoc-quyen-nhat-p279423962.html,Sách - Nhà Văn Hiện Đại - Phê Bình Văn Học - Quyển Nhất,0.0,0,60000,58200,,5244
279423810,sach-nha-van-hien-dai-phe-binh-van-hoc-quyen-tu-tap-ha-p279423810,https://tiki.vn/sach-nha-van-hien-dai-phe-binh-van-hoc-quyen-tu-tap-ha-p279423810.html,Sách - Nhà Văn Hiện Đại - Phê Bình Văn Học - Quyển Tư - Tập Hạ,0.0,0,70000,66500,,5244
271222797,sach-tu-chu-van-chuong-va-su-menh-tu-do-p271222797,https://tiki.vn/sach-tu-chu-van-chuong-va-su-menh-tu-do-p271222797.html,Sách Tự Chủ Văn Chương và Sứ Mệnh Tự Do,0.0,0,264627,264627,,5244
278076702,michelangelo-cuoc-doi-va-tac-pham-qua-500-hinh-anh-p278076702,https://tiki.vn/michelangelo-cuoc-doi-va-tac-pham-qua-500-hinh-anh-p278076702.html,Michelangelo: Cuộc Đời Và Tác Phẩm Qua 500 Hình Ảnh,0.0,0,599000,599000,,5244
126676467,sach-nguyen-xuan-khanh-mot-nu-cuoi-mim-mot-nghiep-van-xuoi-p126676467,https://tiki.vn/sach-nguyen-xuan-khanh-mot-nu-cuoi-mim-mot-nghiep-van-xuoi-p126676467.html,"Sách Nguyễn Xuân Khánh - Một Nụ Cười Mỉm, Một Nghiệp Văn Xuôi",0.0,0,220000,220000,,5244
11123190,sach-khuc-hoan-ca-cua-van-chuong-p11123190,https://tiki.vn/sach-khuc-hoan-ca-cua-van-chuong-p11123190.html,Sách Khúc Hoan Ca Của Văn Chương,0.0,0,60000,60000,1.0,5244
279472568,sach-nghe-thuat-la-gi-p279472568,https://tiki.vn/sach-nghe-thuat-la-gi-p279472568.html,Sách - Nghệ Thuật Là Gì,0.0,0,250000,200000,11.0,5244
279636236,sach-danh-tac-van-hoc-viet-nam-thi-nhan-viet-nam-tai-ban-2026-p279636236,https://tiki.vn/sach-danh-tac-van-hoc-viet-nam-thi-nhan-viet-nam-tai-ban-2026-p279636236.html,Sách - Danh Tác Văn Học Việt Nam - Thi Nhân Việt Nam (Tái Bản 2026),0.0,0,110000,96800,,5244
279636026,sach-giua-hai-the-gioi-loi-chao-cuoi-o-new-delhi-an-do-p279636026,https://tiki.vn/sach-giua-hai-the-gioi-loi-chao-cuoi-o-new-delhi-an-do-p279636026.html,"Sách - Giữa Hai Thế Giới - Lời Chào Cuối Ở New Delhi, Ấn Độ",0.0,0,135000,128200,,5244
202769950,tieng-viet-giau-dep-ve-dep-ngon-ngu-ve-dep-van-chuong-tai-ban-2022-p202769950,https://tiki.vn/tieng-viet-giau-dep-ve-dep-ngon-ngu-ve-dep-van-chuong-tai-ban-2022-p202769950.html,"Tiếng Việt Giàu Đẹp - Vẻ Đẹp Ngôn Ngữ, Vẻ Đẹp Văn Chương (Tái Bản 2022)",0.0,0,90000,74700,2.0,5244
253136525,tram-nam-mot-thuo-giao-su-nha-giao-nhan-dan-nha-ly-luan-phe-binh-van-hoc-le-dinh-ky-p253136525,https://tiki.vn/tram-nam-mot-thuo-giao-su-nha-giao-nhan-dan-nha-ly-luan-phe-binh-van-hoc-le-dinh-ky-p253136525.html,Trăm năm một thuở - Giáo sư - Nhà giáo nhân dân - Nhà lý luận - Phê bình văn học Lê Đình Kỵ,0.0,0,250000,250000,1.0,5244
251550034,doc-lai-truyen-kieu-p251550034,https://tiki.vn/doc-lai-truyen-kieu-p251550034.html,Đọc Lại Truyện Kiều,0.0,0,70000,70000,4.0,5244
270975659,nguyen-hien-le-nhung-loi-tua-va-bai-gioi-thieu-sach-p270975659,https://tiki.vn/nguyen-hien-le-nhung-loi-tua-va-bai-gioi-thieu-sach-p270975659.html,Nguyễn Hiến Lê - Những Lời Tựa Và Bài Giới Thiệu Sách,0.0,0,150000,150000,1.0,5244
179539942,vuot-qua-so-hai-p179539942,https://tiki.vn/vuot-qua-so-hai-p179539942.html,Vượt Qua Sợ Hãi,0.0,0,269000,269000,,5244
274557431,cuon-van-hoc-kinh-dien-canh-tu-p274557431,https://tiki.vn/cuon-van-hoc-kinh-dien-canh-tu-p274557431.html,Cuốn Văn Học Kinh Điển: Cánh Tư,0.0,0,267250,267250,,5244
278058853,sach-bai-hoc-mon-hoa-bonnie-garmus-nha-nam-official-p278058853,https://tiki.vn/sach-bai-hoc-mon-hoa-bonnie-garmus-nha-nam-official-p278058853.html,Sách - Bài học môn Hóa (Bonnie Garmus) (Nhã Nam Official),0.0,0,220000,198000,2.0,5244
275276722,sach-ve-van-hoc-tieng-viet-giau-dep-tinh-ca-tieng-nuoc-ta-p275276722,https://tiki.vn/sach-ve-van-hoc-tieng-viet-giau-dep-tinh-ca-tieng-nuoc-ta-p275276722.html,Sách Về Văn Học: Tiếng Việt Giàu Đẹp - Tình Ca Tiếng Nước Ta,0.0,0,130500,130500,,5244
272786652,thu-choi-sach-_tre-p272786652,https://tiki.vn/thu-choi-sach-_tre-p272786652.html,Thú Chơi Sách _TRE,0.0,0,170000,170000,,5244
202763163,thung-lung-dong-vang-p202763163,https://tiki.vn/thung-lung-dong-vang-p202763163.html,Thung Lũng Đồng Vang,0.0,0,110000,110000,,5244
276623366,khi-chat-nam-bo-qua-truyen-son-nam-dinh-thi-thanh-thuy-p276623366,https://tiki.vn/khi-chat-nam-bo-qua-truyen-son-nam-dinh-thi-thanh-thuy-p276623366.html,Khí chất Nam Bộ qua truyện Sơn Nam - Đinh Thị Thanh Thủy,0.0,0,140000,140000,3.0,5244
273971780,my-hoc-cua-nguyen-du-p273971780,https://tiki.vn/my-hoc-cua-nguyen-du-p273971780.html,Mỹ Học Của Nguyễn Du,0.0,0,72000,72000,,5244
259479273,dan-gian-triet-nghien-cuu-van-xuoi-tran-bao-dinh-p259479273,https://tiki.vn/dan-gian-triet-nghien-cuu-van-xuoi-tran-bao-dinh-p259479273.html,Dân Gian Triết - Nghiên Cứu Văn Xuôi Trần Bảo Định,0.0,0,99000,99000,,5244
279335730,sach-viet-nam-danh-tac-ha-noi-bam-sau-pho-phuong-tai-ban-2026-p279335730,https://tiki.vn/sach-viet-nam-danh-tac-ha-noi-bam-sau-pho-phuong-tai-ban-2026-p279335730.html,Sách - Việt Nam Danh Tác - Hà Nội Băm Sáu Phố Phường (Tái Bản 2026),0.0,0,60000,55800,,5244
200673157,trong-day-mat-troi-xanh-la-vinh-vien-p200673157,https://tiki.vn/trong-day-mat-troi-xanh-la-vinh-vien-p200673157.html,Trong Đáy Mắt Trời Xanh Là Vĩnh Viễn,0.0,0,155000,139500,3.0,5244
200793401,tieng-viet-giau-dep-noi-oan-thi-la-ma-p200793401,https://tiki.vn/tieng-viet-giau-dep-noi-oan-thi-la-ma-p200793401.html,"Tiếng Việt Giàu Đẹp - Nỗi Oan Thì, Là, Mà",5.0,2,105000,105000,24.0,5244
190782740,luc-van-tien-va-nhung-luan-de-ve-nguyen-dinh-chieu-p190782740,https://tiki.vn/luc-van-tien-va-nhung-luan-de-ve-nguyen-dinh-chieu-p190782740.html,Lục Vân Tiên Và Những Luận Đề Về Nguyễn Đình Chiểu,0.0,0,170000,170000,,5244
273789481,kho-ng-gia-o-phe-bi-nh-tie-u-lua-n-p273789481,https://tiki.vn/kho-ng-gia-o-phe-bi-nh-tie-u-lua-n-p273789481.html,Khổng Giáo Phê Bình Tiểu Luận,0.0,0,70000,70000,,5244
276289553,tieng-viet-cac-co-cung-cung-cua-p276289553,https://tiki.vn/tieng-viet-cac-co-cung-cung-cua-p276289553.html,Tiếng Viêt Cắc Cớ Cũng Cứng Cựa,0.0,0,160000,160000,,5244
199171138,sach-tro-choi-cua-tre-em-o-bac-ky-tac-gia-ngo-quy-son-tang-kem-bookmark-bamboo-books-p199171138,https://tiki.vn/sach-tro-choi-cua-tre-em-o-bac-ky-tac-gia-ngo-quy-son-tang-kem-bookmark-bamboo-books-p199171138.html,Sách - Trò Chơi Của Trẻ Em Ở Bắc Kỳ - Tác Giả: Ngô Quý Sơn (Tặng Kèm Bookmark Bamboo Books),0.0,0,200000,200000,,5244
252002774,nhung-cuoc-hoi-ngo-cua-van-chuong-the-gioi-p252002774,https://tiki.vn/nhung-cuoc-hoi-ngo-cua-van-chuong-the-gioi-p252002774.html,Những Cuộc Hội Ngộ Của Văn Chương Thế Giới,0.0,0,129000,129000,12.0,5244
167019770,vuong-hong-sen-tap-but-nam-nham-than-1992-di-cao-tai-ban-p167019770,https://tiki.vn/vuong-hong-sen-tap-but-nam-nham-than-1992-di-cao-tai-ban-p167019770.html,Vương Hồng Sển - Tạp Bút Năm Nhâm Thân 1992 - Di Cảo (Tái Bản),0.0,0,250000,250000,,5244
263495389,thu-gui-nha-tieu-thuyet-tre-p263495389,https://tiki.vn/thu-gui-nha-tieu-thuyet-tre-p263495389.html,Thư Gửi Nhà Tiểu Thuyết Trẻ,0.0,0,109000,109000,,5244
276414739,luy-hoa-p276414739,https://tiki.vn/luy-hoa-p276414739.html,Lũy Hoa,0.0,0,119000,119000,,5244
279445728,sach-lich-su-tinh-duc-ii-su-dung-khoai-lac-michel-foucault-nha-nam-official-p279445728,https://tiki.vn/sach-lich-su-tinh-duc-ii-su-dung-khoai-lac-michel-foucault-nha-nam-official-p279445728.html,Sách - Lịch sử tính dục II: Sử dụng khoái lạc (Michel Foucault) (Nhã Nam Official),0.0,0,290000,261000,4.0,5244
272554864,luoc-khao-van-hoc-i-nhung-van-de-tong-quat-p272554864,https://tiki.vn/luoc-khao-van-hoc-i-nhung-van-de-tong-quat-p272554864.html,Lược Khảo Văn Học I: Những Vấn Đề Tổng Quát,0.0,0,90000,90000,5.0,5244
273351972,sach-van-hoc-lang-man-bat-hanh-la-mot-tai-san-mot-minh-o-chau-au-p273351972,https://tiki.vn/sach-van-hoc-lang-man-bat-hanh-la-mot-tai-san-mot-minh-o-chau-au-p273351972.html,Sách Văn Học Lãng Mạn-Bất Hạnh Là Một Tài Sản - Một Mình Ở Châu Âu,0.0,0,129000,129000,,5244
274040859,hop-tuyen-van-hoc-van-hoc-co-dien-han-quoc-p274040859,https://tiki.vn/hop-tuyen-van-hoc-van-hoc-co-dien-han-quoc-p274040859.html,Hợp Tuyển Văn Học Văn Học Dân Gian Hàn Quốc,0.0,0,190000,190000,,5244
274078073,cuon-sach-van-hoc-hay-cong-tu-mo-coi-p274078073,https://tiki.vn/cuon-sach-van-hoc-hay-cong-tu-mo-coi-p274078073.html,Cuốn Sách Văn Học Hay- Công Tử Mồ Côi,0.0,0,99000,99000,,5244
252038387,phe-binh-sinh-thai-voi-van-xuoi-nam-bo-tai-ban-2019-p252038387,https://tiki.vn/phe-binh-sinh-thai-voi-van-xuoi-nam-bo-tai-ban-2019-p252038387.html,Phê Bình Sinh Thái Với Văn Xuôi Nam Bộ (Tái Bản 2019),5.0,1,135000,135000,17.0,5244
274460414,doc-lai-truyen-kieu-vu-hanh-vhvn-p274460414,https://tiki.vn/doc-lai-truyen-kieu-vu-hanh-vhvn-p274460414.html,Đọc Lại Truyện Kiều - Vũ Hạnh (VHVN),0.0,0,70000,70000,,5244
225298288,tieng-viet-giau-dep-noi-oan-thi-la-ma-nguyen-duc-dan-nxb-tre-bia-mem-p225298288,https://tiki.vn/tieng-viet-giau-dep-noi-oan-thi-la-ma-nguyen-duc-dan-nxb-tre-bia-mem-p225298288.html,"(Tiếng Việt giàu đẹp) NỖI OAN THÌ, LÀ, MÀ – Nguyễn Đức Dân – NXB Trẻ (bìa mềm) ",0.0,0,105000,105000,,5244
270179168,thu-gui-nha-tieu-thuyet-tre-p270179168,https://tiki.vn/thu-gui-nha-tieu-thuyet-tre-p270179168.html,Thư Gửi Nhà Tiểu Thuyết Trẻ,0.0,0,109000,109000,,5244
208271051,tieng-viet-giau-dep-an-uong-noi-cuoi-va-khoc-tai-ban-2022-p208271051,https://tiki.vn/tieng-viet-giau-dep-an-uong-noi-cuoi-va-khoc-tai-ban-2022-p208271051.html,"Tiếng Việt Giàu Đẹp - Ăn, Uống, Nói, Cười Và Khóc (Tái Bản 2022)",0.0,0,80000,80000,,5244
273505987,the-gioi-cua-truyen-nom-maurice-durand-nhieu-dich-gia-bia-mem-p273505987,https://tiki.vn/the-gioi-cua-truyen-nom-maurice-durand-nhieu-dich-gia-bia-mem-p273505987.html,THẾ GIỚI CỦA TRUYỆN NÔM - Maurice Durand - Nhiều dịch giả - (bìa mềm),0.0,0,170000,170000,,5244
193523736,viet-nam-danh-tac-song-mon-p193523736,https://tiki.vn/viet-nam-danh-tac-song-mon-p193523736.html,Việt Nam Danh Tác - Sống mòn,0.0,0,135000,135000,,5244
273714771,luc-van-tien-va-nhung-luan-de-ve-nguyen-dinh-chieu-p273714771,https://tiki.vn/luc-van-tien-va-nhung-luan-de-ve-nguyen-dinh-chieu-p273714771.html,Lục Vân Tiên Và Những Luận Đề Về Nguyễn Đình Chiểu,0.0,0,170000,170000,,5244
274668249,con-day-noi-nho-bui-nguyen-truong-kien-p274668249,https://tiki.vn/con-day-noi-nho-bui-nguyen-truong-kien-p274668249.html,Còn Đây Nỗi Nhớ - Bùi Nguyễn Trường Kiên,0.0,0,119000,119000,,5244
272156744,tram-nam-mot-thuo-giao-su-nha-giao-nhan-dan-nha-ly-luan-phe-binh-van-hoc-le-dinh-ky-p272156744,https://tiki.vn/tram-nam-mot-thuo-giao-su-nha-giao-nhan-dan-nha-ly-luan-phe-binh-van-hoc-le-dinh-ky-p272156744.html,Trăm Năm Một Thuở - Giáo Sư-Nhà Giáo Nhân Dân-Nhà Lý Luận-Phê Bình Văn Học Lê Đình Kỵ,0.0,0,250000,250000,,5244
200793064,tieng-viet-giau-dep-cuoc-song-o-trong-ngon-ngu-p200793064,https://tiki.vn/tieng-viet-giau-dep-cuoc-song-o-trong-ngon-ngu-p200793064.html,Tiếng Việt Giàu Đẹp - Cuộc Sống Ở Trong Ngôn Ngữ,5.0,1,80000,80000,5.0,5244
274364564,cuon-sach-hay-cua-tac-gia-le-ngoc-tra-my-hoc-cua-nguyen-du-p274364564,https://tiki.vn/cuon-sach-hay-cua-tac-gia-le-ngoc-tra-my-hoc-cua-nguyen-du-p274364564.html,Cuốn Sách Hay Của Tác Giả Lê Ngọc Trà: Mỹ Học Của Nguyễn Du,0.0,0,80000,80000,,5244
274063723,my-hoc-cua-nguyen-du-le-ngoc-tra-bia-mem-p274063723,https://tiki.vn/my-hoc-cua-nguyen-du-le-ngoc-tra-bia-mem-p274063723.html,MỸ HỌC CỦA NGUYỄN DU - Lê Ngọc Trà - (bìa mềm),0.0,0,80000,80000,1.0,5244
213787725,thoi-thanh-xuan-cua-tan-nhac-ai-quoc-p213787725,https://tiki.vn/thoi-thanh-xuan-cua-tan-nhac-ai-quoc-p213787725.html,Thời Thanh Xuân Của Tân Nhạc Ái Quốc,0.0,0,240000,240000,,5244
279660606,chan-dung-cua-ruou-tieu-luan-pham-ngoc-tien-p279660606,https://tiki.vn/chan-dung-cua-ruou-tieu-luan-pham-ngoc-tien-p279660606.html,Chân Dung Của Rượu - Tiểu Luận - Phạm Ngọc Tiến,0.0,0,325000,308750,2.0,5244
273874202,van-hoc-sai-gon-1954-1975-nhung-chuyen-ben-le-p273874202,https://tiki.vn/van-hoc-sai-gon-1954-1975-nhung-chuyen-ben-le-p273874202.html,Văn Học Sài Gòn 1954-1975 - Những Chuyện Bên Lề,0.0,0,190000,190000,,5244
274417177,tieu-luan-ve-nghe-thuat-an-nam-p274417177,https://tiki.vn/tieu-luan-ve-nghe-thuat-an-nam-p274417177.html,Tiểu Luận Về Nghệ Thuật An Nam,0.0,0,120000,120000,,5244
262338113,to-giang-to-den-p262338113,https://tiki.vn/to-giang-to-den-p262338113.html,Tỏ Giăng Tỏ Đèn,0.0,0,105000,105000,,5244
275890830,moi-tu-la-mot-chu-chim-dang-cho-ta-day-hot-p275890830,https://tiki.vn/moi-tu-la-mot-chu-chim-dang-cho-ta-day-hot-p275890830.html,Mỗi Từ Là Một Chú Chim Đang Chờ Ta Dạy Hót,0.0,0,160000,152000,,5244
273868393,chuyen-dong-chuyen-tay-tap-1-tai-ban-2019-p273868393,https://tiki.vn/chuyen-dong-chuyen-tay-tap-1-tai-ban-2019-p273868393.html,Chuyện Đông Chuyện Tây - Tập 1 (Tái bản 2019),0.0,0,190000,190000,1.0,5244
274819286,lich-su-khan-hoang-mien-nam-bien-khao-p274819286,https://tiki.vn/lich-su-khan-hoang-mien-nam-bien-khao-p274819286.html,Lịch Sử Khẩn Hoang Miền Nam - Biên Khảo,0.0,0,115000,115000,,5244
273166108,chuyen-thay-tro-p273166108,https://tiki.vn/chuyen-thay-tro-p273166108.html, Chuyện Thầy Trò,0.0,0,122000,122000,5.0,5244
192950056,tap-but-nam-at-hoi-1995-di-cao-p192950056,https://tiki.vn/tap-but-nam-at-hoi-1995-di-cao-p192950056.html,Tạp Bút Năm Ất Hợi 1995: Di Cảo,0.0,0,220000,220000,,5244
272351096,nguoi-my-da-den-trong-ban-do-van-hoc-my-nguyen-thi-tuyet-nxb-tong-hop-tp-ho-chi-minh-p272351096,https://tiki.vn/nguoi-my-da-den-trong-ban-do-van-hoc-my-nguyen-thi-tuyet-nxb-tong-hop-tp-ho-chi-minh-p272351096.html,NGƯỜI MỸ DA ĐEN TRONG BẢN ĐỒ VĂN HỌC MỸ –  Nguyễn Thị Tuyết – NXB Tổng hợp TP. Hồ Chí Minh,0.0,0,135000,135000,,5244
273868389,chuyen-dong-chuyen-tay-tap-2-tai-ban-2019-p273868389,https://tiki.vn/chuyen-dong-chuyen-tay-tap-2-tai-ban-2019-p273868389.html,Chuyện Đông Chuyện Tây - Tập 2 (Tái bản 2019),0.0,0,185000,185000,1.0,5244
274113626,mot-ngay-cung-chef-cuoc-song-cua-nguoi-tao-ra-huong-vi-p274113626,https://tiki.vn/mot-ngay-cung-chef-cuoc-song-cua-nguoi-tao-ra-huong-vi-p274113626.html,Một Ngày Cùng Chef - Cuộc Sống Của Người Tạo Ra Hương Vị,0.0,0,195000,195000,,5244
