id,url_key,url,name,rating_average,review_count,original_price,price,quantity_sold,category_id
53545654,sach-titan-gia-toc-rockefeller-p53545654,https://tiki.vn/sach-titan-gia-toc-rockefeller-p53545654.html,Sách Titan – Gia Tộc Rockefeller,4.7,231,499000,339400,1751.0,67994
276750755,sach-toi-ac-va-hinh-phat-p276750755,https://tiki.vn/sach-toi-ac-va-hinh-phat-p276750755.html,Sách TỘI ÁC VÀ HÌNH PHẠT,5.0,109,399000,320000,302.0,67994
189572584,sach-khong-gia-dinh-tai-ban-2022-p189572584,https://tiki.vn/sach-khong-gia-dinh-tai-ban-2022-p189572584.html,Sách Không Gia Đình (Tái Bản 2022),4.6,22,150000,132000,373.0,67994
200764124,sach-cam-khong-phai-loai-qua-duy-nhat-p200764124,https://tiki.vn/sach-cam-khong-phai-loai-qua-duy-nhat-p200764124.html,Sách Cam Không Phải Loại Quả Duy Nhất,4.8,19,179000,78700,209.0,67994
198569578,tu-sach-doi-nguoi-cuoc-phieu-luu-cua-thuyen-truong-corcoran-p198569578,https://tiki.vn/tu-sach-doi-nguoi-cuoc-phieu-luu-cua-thuyen-truong-corcoran-p198569578.html,Tủ Sách Đời Người: Cuộc Phiêu Lưu Của Thuyền Trưởng Corcoran,5.0,6,219000,145000,63.0,67994
276019606,sach-khong-gia-dinh-tai-ban-p276019606,https://tiki.vn/sach-khong-gia-dinh-tai-ban-p276019606.html,Sách Không Gia Đình (Tái Bản),4.8,223,175000,120000,585.0,67994
52789367,sach-nha-gia-kim-tai-ban-2020-p52789367,https://tiki.vn/sach-nha-gia-kim-tai-ban-2020-p52789367.html,Sách Nhà Giả Kim (Tái Bản),5.0,6089,95000,78000,40647.0,67994
276526058,sach-jane-eyre-p276526058,https://tiki.vn/sach-jane-eyre-p276526058.html,Sách Jane Eyre,4.8,43,285000,214000,107.0,67994
110883359,sach-lu-nguoi-quy-am-p110883359,https://tiki.vn/sach-lu-nguoi-quy-am-p110883359.html,Sách Lũ Người Quỷ Ám,4.5,167,450000,337500,700.0,67994
270438217,sach-maurice-p270438217,https://tiki.vn/sach-maurice-p270438217.html,Sách Maurice,4.8,11,120000,108000,119.0,67994
191148988,sach-den-khong-hat-bong-tai-ban-lan-8-p191148988,https://tiki.vn/sach-den-khong-hat-bong-tai-ban-lan-8-p191148988.html,Sách Đèn Không Hắt Bóng (Tái Bản Lần 8),5.0,58,219000,184000,525.0,67994
212212328,tu-sach-doi-nguoi-chang-hai-au-ky-dieu-p212212328,https://tiki.vn/tu-sach-doi-nguoi-chang-hai-au-ky-dieu-p212212328.html,Tủ Sách Đời Người Chàng Hải Âu Kỳ Diệu,5.0,9,109000,65000,211.0,67994
174605347,tu-sach-doi-nguoi-truyen-kieu-p174605347,https://tiki.vn/tu-sach-doi-nguoi-truyen-kieu-p174605347.html,Tủ Sách Đời Người: Truyện Kiều,5.0,16,139000,83400,125.0,67994
198569576,tu-sach-doi-nguoi-khong-gia-dinh-p198569576,https://tiki.vn/tu-sach-doi-nguoi-khong-gia-dinh-p198569576.html,Tủ Sách Đời Người: Không Gia Đình,5.0,8,319000,214400,66.0,67994
276933741,sach-tra-hoa-nu-p276933741,https://tiki.vn/sach-tra-hoa-nu-p276933741.html,Sách Trà hoa nữ,5.0,16,86000,62000,125.0,67994
273457566,sach-thep-da-toi-the-day-ban-dich-day-du-nhat-bia-mem-p273457566,https://tiki.vn/sach-thep-da-toi-the-day-ban-dich-day-du-nhat-bia-mem-p273457566.html,Sách Thép đã tôi thế đấy (Bản dịch đầy đủ nhất) - Bìa mềm,4.7,142,140000,90700,1048.0,67994
271087469,sach-80-ngay-vong-quanh-the-gioi-p271087469,https://tiki.vn/sach-80-ngay-vong-quanh-the-gioi-p271087469.html,Sách 80 ngày vòng quanh thế giới,5.0,3,139000,86900,114.0,67994
195545263,sach-trong-gia-dinh-p195545263,https://tiki.vn/sach-trong-gia-dinh-p195545263.html,Sách Trong Gia Đình,4.7,7,100000,77400,94.0,67994
278619742,sach-danh-tac-the-gioi-lay-loi-p278619742,https://tiki.vn/sach-danh-tac-the-gioi-lay-loi-p278619742.html,Sách Danh Tác Thế Giới Lầy Lội,0.0,0,208000,160160,39.0,67994
162832796,sach-rilla-duoi-mai-nha-ben-anh-lua-p162832796,https://tiki.vn/sach-rilla-duoi-mai-nha-ben-anh-lua-p162832796.html,Sách Rilla Dưới Mái Nhà Bên Ánh Lửa,5.0,128,200000,150000,748.0,67994
278170006,sach-coi-re-bia-mem-p278170006,https://tiki.vn/sach-coi-re-bia-mem-p278170006.html,Sách Cội Rễ (Bìa Mềm),5.0,17,380000,285000,144.0,67994
175146842,sach-ruoi-trau-bia-mem-p175146842,https://tiki.vn/sach-ruoi-trau-bia-mem-p175146842.html,Sách Ruồi Trâu ( Bìa Mềm ),5.0,11,110000,79300,83.0,67994
52805060,sach-chua-ruoi-tieu-thuyet-nobel-van-chuong-1983-tai-ban-2020-p52805060,https://tiki.vn/sach-chua-ruoi-tieu-thuyet-nobel-van-chuong-1983-tai-ban-2020-p52805060.html,Sách Chúa Ruồi - Tiểu Thuyết (Nobel Văn Chương 1983)(Tái Bản 2020),4.8,952,118000,88500,5728.0,67994
278279752,sach-nhung-cuoc-phieu-luu-cua-tom-sawyer-p278279752,https://tiki.vn/sach-nhung-cuoc-phieu-luu-cua-tom-sawyer-p278279752.html,Sách Những Cuộc Phiêu Lưu Của Tom Sawyer,5.0,1,110000,80000,37.0,67994
279416552,sach-mau-tim-alice-wilker-bia-mem-p279416552,https://tiki.vn/sach-mau-tim-alice-wilker-bia-mem-p279416552.html,Sách Màu Tím (Alice Wilker) Bìa Mềm,5.0,2,168000,126000,43.0,67994
2496281,sach-doi-gio-hu-tai-ban-p2496281,https://tiki.vn/sach-doi-gio-hu-tai-ban-p2496281.html,Sách Đồi Gió Hú (Tái Bản),4.8,642,148000,111000,5059.0,67994
279214544,sach-ngon-den-trong-tim-p279214544,https://tiki.vn/sach-ngon-den-trong-tim-p279214544.html,Sách Ngọn Đèn Trong Tim,5.0,5,159000,119250,50.0,67994
279214555,sach-lieu-linh-reckless-p279214555,https://tiki.vn/sach-lieu-linh-reckless-p279214555.html,Sách Liều Lĩnh (Reckless),5.0,5,209000,156750,134.0,67994
219148748,sach-chu-be-mang-pyjama-soc-p219148748,https://tiki.vn/sach-chu-be-mang-pyjama-soc-p219148748.html,Sách Chú bé mang Pyjama sọc,5.0,161,102000,76500,1795.0,67994
275946529,sach-nhung-tam-long-cao-ca-p275946529,https://tiki.vn/sach-nhung-tam-long-cao-ca-p275946529.html,Sách Những Tấm Lòng Cao Cả,4.8,31,139000,111200,370.0,67994
52785564,sach-dich-hach-nobel-van-chuong-1957-p52785564,https://tiki.vn/sach-dich-hach-nobel-van-chuong-1957-p52785564.html,Sách Dịch Hạch (Nobel Văn Chương 1957),4.6,622,160000,124800,3863.0,67994
275335283,sach-xu-tuyet-p275335283,https://tiki.vn/sach-xu-tuyet-p275335283.html,Sách Xứ tuyết,4.6,25,112000,86240,430.0,67994
193099631,sach-dai-gia-gatsby-p193099631,https://tiki.vn/sach-dai-gia-gatsby-p193099631.html,Sách Đại Gia Gatsby,4.8,111,105000,78750,1159.0,67994
278873317,combo-2-cuon-mac-ngon-dan-huong-hinh-bau-vat-cua-doi-bia-cung-tac-gia-doat-giai-nobel-van-chuong-2012-tran-dinh-hien-dich-huy-hoang-bookstore-p278873317,https://tiki.vn/combo-2-cuon-mac-ngon-dan-huong-hinh-bau-vat-cua-doi-bia-cung-tac-gia-doat-giai-nobel-van-chuong-2012-tran-dinh-hien-dich-huy-hoang-bookstore-p278873317.html,Combo 2 cuốn Mạc Ngôn: ĐÀN HƯƠNG HÌNH + BÁU VẬT CỦA ĐỜI – Bìa cứng – Tác giả đoạt giải Nobel văn chương 2012 – Trần Đình Hiến dịch – Huy Hoàng Bookstore,5.0,7,650000,489000,84.0,67994
275882947,sach-van-hoc-kinh-dien-vang-trang-va-sau-xu-p275882947,https://tiki.vn/sach-van-hoc-kinh-dien-vang-trang-va-sau-xu-p275882947.html,Sách Văn học kinh điển. Vầng trăng và sáu xu,4.8,17,190000,139000,167.0,67994
195545332,sach-khong-gia-dinh-p195545332,https://tiki.vn/sach-khong-gia-dinh-p195545332.html,Sách Không Gia Đình,5.0,37,175000,113800,452.0,67994
276077657,sach-nam-dieu-uoc-cua-ong-murray-mcbride-p276077657,https://tiki.vn/sach-nam-dieu-uoc-cua-ong-murray-mcbride-p276077657.html,Sách Năm Điều Ước Của Ông Murray Mcbride,4.8,42,139000,102860,369.0,67994
441373,sach-nhung-cuoc-phieu-luu-cua-tom-sawyer-dinh-ti-p441373,https://tiki.vn/sach-nhung-cuoc-phieu-luu-cua-tom-sawyer-dinh-ti-p441373.html,Sách Những Cuộc Phiêu Lưu Của Tom Sawyer (Đinh Tị),4.5,102,89000,51700,5116.0,67994
111290700,sach-bo-gia-bia-cung-tai-ban-p111290700,https://tiki.vn/sach-bo-gia-bia-cung-tai-ban-p111290700.html,Sách Bố Già (Bìa Cứng) (Tái Bản),5.0,356,250000,177000,2059.0,67994
164583219,sach-loi-hieu-trieu-cua-cthulhu-tuyen-tap-h-p-lovecraft-tang-kem-postcard-p164583219,https://tiki.vn/sach-loi-hieu-trieu-cua-cthulhu-tuyen-tap-h-p-lovecraft-tang-kem-postcard-p164583219.html,Sách Lời Hiệu Triệu Của Cthulhu (Tuyển Tập H.P.Lovecraft) – Tặng Kèm Postcard,5.0,40,80000,57600,233.0,67994
205694860,sach-doi-gio-hu-bia-cung-tai-ban-p205694860,https://tiki.vn/sach-doi-gio-hu-bia-cung-tai-ban-p205694860.html,Sách Đồi Gió Hú (Bìa Cứng) - Tái Bản,4.5,47,128000,84100,343.0,67994
273978196,sach-canh-buom-do-tham-tai-ban-p273978196,https://tiki.vn/sach-canh-buom-do-tham-tai-ban-p273978196.html,Sách Cánh buồm đỏ thắm (Tái bản),4.8,18,42000,32000,254.0,67994
542585,sach-hong-lau-mong-huy-hoang-p542585,https://tiki.vn/sach-hong-lau-mong-huy-hoang-p542585.html,Sách Hồng Lâu Mộng (Huy Hoàng),4.6,19,78000,58000,293.0,67994
271806587,sach-hai-van-dam-duoi-day-bien-p271806587,https://tiki.vn/sach-hai-van-dam-duoi-day-bien-p271806587.html,Sách Hai vạn dặm dưới đáy biển,4.8,13,110000,79000,132.0,67994
463348,sach-thep-da-toi-the-day-dinh-ti-p463348,https://tiki.vn/sach-thep-da-toi-the-day-dinh-ti-p463348.html,Sách Thép Đã Tôi Thế Đấy (Đinh Tị),4.8,488,139000,98000,4937.0,67994
277008730,sach-ba-tuoc-monte-cristo-p277008730,https://tiki.vn/sach-ba-tuoc-monte-cristo-p277008730.html,Sách Bá tước Monte Cristo,4.6,32,235000,160950,258.0,67994
274242104,sach-bat-tre-dong-xanh-p274242104,https://tiki.vn/sach-bat-tre-dong-xanh-p274242104.html,Sách Bắt trẻ đồng xanh,5.0,17,100000,85500,392.0,67994
195545286,sach-hai-van-dam-duoi-day-bien-p195545286,https://tiki.vn/sach-hai-van-dam-duoi-day-bien-p195545286.html,Sách Hai Vạn Dặm Dưới Đáy Biển,4.8,28,102000,64300,485.0,67994
6932319,sach-tup-leu-cua-bac-tom-p6932319,https://tiki.vn/sach-tup-leu-cua-bac-tom-p6932319.html,Sách Túp Lều Của Bác Tôm,5.0,1,118000,83000,12.0,67994
56226544,sach-tam-quoc-dien-nghia-2-tap-bia-cung-tai-ban-2020-p56226544,https://tiki.vn/sach-tam-quoc-dien-nghia-2-tap-bia-cung-tai-ban-2020-p56226544.html,Sách Tam Quốc Diễn Nghĩa - 2 Tập (Bìa Cứng - Tái Bản),4.8,410,550000,442000,1684.0,67994
253398071,sach-than-thoai-hy-lap-p253398071,https://tiki.vn/sach-than-thoai-hy-lap-p253398071.html,Sách Thần Thoại Hy Lạp,4.8,32,295000,227000,354.0,67994
279135168,sach-cu-roi-dat-xanh-1-nguoi-nha-cho-p279135168,https://tiki.vn/sach-cu-roi-dat-xanh-1-nguoi-nha-cho-p279135168.html,Sách - Cú Rời Đất Xanh 1 - Người nhà chó,5.0,1,320000,230400,26.0,67994
253471984,sach-tay-du-ky-bia-cung-tron-bo-2-tap-p253471984,https://tiki.vn/sach-tay-du-ky-bia-cung-tron-bo-2-tap-p253471984.html,Sách Tây du ký (bìa cứng) (trọn bộ 2 tập),4.7,22,420000,275500,161.0,67994
195545297,sach-thep-da-toi-the-day-p195545297,https://tiki.vn/sach-thep-da-toi-the-day-p195545297.html,Sách Thép Đã Tôi Thế Đấy,4.7,20,165000,105100,231.0,67994
273457383,sach-thep-da-toi-the-day-ban-dich-day-du-nhat-bia-cung-p273457383,https://tiki.vn/sach-thep-da-toi-the-day-ban-dich-day-du-nhat-bia-cung-p273457383.html,Sách Thép đã tôi thế đấy (Bản dịch đầy đủ nhất) - Bìa cứng,4.5,44,150000,112000,164.0,67994
168234720,sach-anne-toc-do-lang-avonlea-p168234720,https://tiki.vn/sach-anne-toc-do-lang-avonlea-p168234720.html,Sách Anne Tóc Đỏ Làng Avonlea,4.7,68,150000,108000,549.0,67994
7034499,sach-nhung-cuoc-phieu-luu-cua-huckleberry-finn-tai-ban-2018-p7034499,https://tiki.vn/sach-nhung-cuoc-phieu-luu-cua-huckleberry-finn-tai-ban-2018-p7034499.html,Sách Những Cuộc Phiêu Lưu Của Huckleberry Finn ( Tái Bản 2018 ),4.7,113,99000,64700,592.0,67994
56908125,sach-lu-tre-duong-ray-tai-ban-2020-p56908125,https://tiki.vn/sach-lu-tre-duong-ray-tai-ban-2020-p56908125.html,Sách Lũ Trẻ Đường Ray (Tái Bản 2020),5.0,102,90000,66000,603.0,67994
263391841,sach-hai-van-dam-duoi-bien-p263391841,https://tiki.vn/sach-hai-van-dam-duoi-bien-p263391841.html,Sách Hai Vạn Dặm Dưới Biển,4.8,101,99000,79800,413.0,67994
278872464,sach-con-hui-bia-cung-p278872464,https://tiki.vn/sach-con-hui-bia-cung-p278872464.html,Sách Con hủi (Bìa cứng),4.8,23,245000,172000,87.0,67994
278746403,sach-di-chuc-cua-mot-ke-lap-di-dinh-ti-books-p278746403,https://tiki.vn/sach-di-chuc-cua-mot-ke-lap-di-dinh-ti-books-p278746403.html,Sách - Di chúc của một kẻ lập dị - Đinh Tị Books,5.0,1,189000,149600,22.0,67994
165956557,sach-thoi-tho-au-bia-mem-tai-ban-p165956557,https://tiki.vn/sach-thoi-tho-au-bia-mem-tai-ban-p165956557.html,Sách Thời Thơ Ấu (Bìa Mềm) - Tái Bản,4.8,12,85000,59900,136.0,67994
174038839,sach-hanh-trinh-vao-tam-trai-dat-bia-mem-tai-ban-p174038839,https://tiki.vn/sach-hanh-trinh-vao-tam-trai-dat-bia-mem-tai-ban-p174038839.html,Sách Hành Trình Vào Tâm Trái Đất (Bìa Mềm) - Tái Bản,4.8,12,90000,63300,115.0,67994
202854399,sach-ba-tuoc-dracula-bia-mem-tai-ban-p202854399,https://tiki.vn/sach-ba-tuoc-dracula-bia-mem-tai-ban-p202854399.html,Sách Bá Tước Dracula (Bìa mềm) - Tái bản,5.0,2,145000,102200,16.0,67994
278523236,sach-khu-vuon-bi-mat-bia-vai-dong-a-p278523236,https://tiki.vn/sach-khu-vuon-bi-mat-bia-vai-dong-a-p278523236.html,Sách Khu Vườn Bí Mật - Bìa vải (Đông A),4.7,3,340000,306000,41.0,67994
273524641,sach-anna-karenina-tap-2-p273524641,https://tiki.vn/sach-anna-karenina-tap-2-p273524641.html,Sách Anna Karenina - Tập 2,4.8,14,190000,142500,175.0,67994
276933583,sach-cuon-theo-chieu-gio-p276933583,https://tiki.vn/sach-cuon-theo-chieu-gio-p276933583.html,Sách Cuốn Theo Chiều Gió,5.0,47,265000,186900,150.0,67994
195545372,sach-ong-gia-va-bien-ca-p195545372,https://tiki.vn/sach-ong-gia-va-bien-ca-p195545372.html,Sách Ông Già Và Biển Cả,5.0,61,42000,30200,537.0,67994
277381908,sach-le-thoi-thi-thanh-p277381908,https://tiki.vn/sach-le-thoi-thi-thanh-p277381908.html,Sách Lề thói thị thành,5.0,7,205000,168000,104.0,67994
275882938,sach-van-hoc-kinh-dien-suy-doi-va-sup-do-p275882938,https://tiki.vn/sach-van-hoc-kinh-dien-suy-doi-va-sup-do-p275882938.html,Sách Văn học kinh điển. Suy đồi và sụp đổ,5.0,14,160000,120000,199.0,67994
192475875,sach-sau-nguoi-di-khap-the-gian-tap-1-p192475875,https://tiki.vn/sach-sau-nguoi-di-khap-the-gian-tap-1-p192475875.html,Sách Sáu Người Đi Khắp Thế Gian - Tập 1,4.7,13,115000,82800,244.0,67994
277923265,sach-neu-con-co-ngay-mai-the-1-new-york-times-bestseller-p277923265,https://tiki.vn/sach-neu-con-co-ngay-mai-the-1-new-york-times-bestseller-p277923265.html,Sách Nếu còn có ngày mai - The #1 New York Times Bestseller,5.0,1,280000,206000,17.0,67994
104468895,sach-olivia-p104468895,https://tiki.vn/sach-olivia-p104468895.html,Sách Olivia,4.8,106,50000,39200,321.0,67994
278169994,sach-ong-gia-va-bien-ca-tai-ban-p278169994,https://tiki.vn/sach-ong-gia-va-bien-ca-tai-ban-p278169994.html,Sách Ông Già Và Biển Cả (Tái bản),5.0,2,45000,30150,23.0,67994
21032159,sach-nanh-trang-p21032159,https://tiki.vn/sach-nanh-trang-p21032159.html,Sách Nanh Trắng ,4.8,131,78000,44200,889.0,67994
274923685,combo-nhung-nguoi-khon-kho-3-quyen-tap-1-2-3-p274923685,https://tiki.vn/combo-nhung-nguoi-khon-kho-3-quyen-tap-1-2-3-p274923685.html,"Combo Những người khốn khổ (3 quyển - tập 1, 2 ,3)",4.8,33,545000,418000,223.0,67994
116397448,sach-tup-leu-bac-tom-p116397448,https://tiki.vn/sach-tup-leu-bac-tom-p116397448.html,Sách Túp Lều Bác Tom,4.8,109,205000,147600,474.0,67994
1566837,sach-anna-karenina-tron-bo-2-tap-p1566837,https://tiki.vn/sach-anna-karenina-tron-bo-2-tap-p1566837.html,Sách Anna Karenina (Trọn Bộ 2 Tập),5.0,1,410000,328000,8.0,67994
275820932,sach-ong-molloy-p275820932,https://tiki.vn/sach-ong-molloy-p275820932.html,Sách Ông Molloy,5.0,7,190000,146300,98.0,67994
276259743,sach-con-cho-cua-dong-ho-baskerville-bia-mem-p276259743,https://tiki.vn/sach-con-cho-cua-dong-ho-baskerville-bia-mem-p276259743.html,Sách Con Chó Của Dòng Họ BASKERVILLE (Bìa mềm),5.0,1,110000,75600,11.0,67994
201004711,sach-don-quixote-nha-quy-toc-tai-ba-xu-mancha-tap-2-p201004711,https://tiki.vn/sach-don-quixote-nha-quy-toc-tai-ba-xu-mancha-tap-2-p201004711.html,Sách Don Quixote Nhà quý tộc tài ba xứ Mancha - Tập 2,4.8,13,215000,161250,110.0,67994
275945038,sach-mat-trang-va-dong-xu-p275945038,https://tiki.vn/sach-mat-trang-va-dong-xu-p275945038.html,Sách Mặt trăng và đồng xu,5.0,2,126000,97020,69.0,67994
275882939,sach-van-hoc-kinh-dien-xuan-tinh-p275882939,https://tiki.vn/sach-van-hoc-kinh-dien-xuan-tinh-p275882939.html,Sách Văn học kinh điển. Xuân tình,5.0,12,75000,57000,155.0,67994
278777848,sach-hai-van-dam-duoi-bien-an-ban-day-du-nhat-p278777848,https://tiki.vn/sach-hai-van-dam-duoi-bien-an-ban-day-du-nhat-p278777848.html,Sách Hai Vạn Dặm Dưới Biển - Ấn Bản Đầy Đủ Nhất,5.0,4,215000,150000,18.0,67994
267340213,sach-hoang-le-nhat-thong-chi-bia-mem-tai-ban-p267340213,https://tiki.vn/sach-hoang-le-nhat-thong-chi-bia-mem-tai-ban-p267340213.html,Sách Hoàng lê nhất thống chí (bìa mềm) - tái bản,5.0,9,115000,81100,94.0,67994
275737926,sach-tam-hon-cao-thuong-an-ban-cao-cap-bia-vai-p275737926,https://tiki.vn/sach-tam-hon-cao-thuong-an-ban-cao-cap-bia-vai-p275737926.html,Sách Tâm hồn cao thượng - Ấn bản cao cấp - Bìa vải,5.0,13,400000,352000,81.0,67994
267340208,sach-dao-giau-vang-bia-cung-tai-ban-p267340208,https://tiki.vn/sach-dao-giau-vang-bia-cung-tai-ban-p267340208.html,Sách Đảo giấu vàng (bìa cứng) - tái bản,5.0,7,100000,67900,69.0,67994
278169559,sach-nhung-tam-long-cao-ca-p278169559,https://tiki.vn/sach-nhung-tam-long-cao-ca-p278169559.html,Sách Những Tấm Lòng Cao Cả,0.0,0,118000,79060,7.0,67994
271456498,sach-lon-len-tren-dao-vang-p271456498,https://tiki.vn/sach-lon-len-tren-dao-vang-p271456498.html,Sách Lớn Lên Trên Đảo Vắng,5.0,5,155000,89900,141.0,67994
273835826,sach-robinson-crusoe-p273835826,https://tiki.vn/sach-robinson-crusoe-p273835826.html,Sách Robinson Crusoe,0.0,0,189000,107300,14.0,67994
249771968,sach-nanh-trang-bia-mem-tai-ban-p249771968,https://tiki.vn/sach-nanh-trang-bia-mem-tai-ban-p249771968.html,Sách Nanh Trắng (Bìa Mềm) - Tái Bản,5.0,2,75000,52900,27.0,67994
278279757,sach-gia-dinh-robinson-thuy-sy-p278279757,https://tiki.vn/sach-gia-dinh-robinson-thuy-sy-p278279757.html,Sách Gia Đình Robinson Thụy Sỹ,4.3,3,120000,87000,49.0,67994
192733741,sach-mui-huong-tai-ban-p192733741,https://tiki.vn/sach-mui-huong-tai-ban-p192733741.html,Sách Mùi hương - Tái Bản,5.0,49,115000,88550,425.0,67994
73923128,sach-eugenie-grandet-p73923128,https://tiki.vn/sach-eugenie-grandet-p73923128.html,Sách Eugénie Grandet,5.0,8,86000,57620,36.0,67994
279416614,sach-nha-thuyen-nobel-van-chuong-2023-jon-fosse-p279416614,https://tiki.vn/sach-nha-thuyen-nobel-van-chuong-2023-jon-fosse-p279416614.html,Sách Nhà Thuyền (Nobel Văn Chương 2023 - Jon Fosse),0.0,0,112000,84000,15.0,67994
271456506,sach-nam-tuan-tren-khinh-khi-cau-p271456506,https://tiki.vn/sach-nam-tuan-tren-khinh-khi-cau-p271456506.html,Sách Năm Tuần Trên Khinh Khí Cầu,4.7,3,169000,112500,70.0,67994
276526111,sach-cau-chuyen-doi-toi-p276526111,https://tiki.vn/sach-cau-chuyen-doi-toi-p276526111.html,Sách Câu Chuyện Đời Tôi,4.8,32,108000,78000,65.0,67994
50704001,sach-thien-than-sa-nga-p50704001,https://tiki.vn/sach-thien-than-sa-nga-p50704001.html,Sách Thiên Thần Sa Ngã,4.7,38,160000,126000,352.0,67994
279070501,dinh-gio-hu-emily-jane-bront-dong-a-p279070501,https://tiki.vn/dinh-gio-hu-emily-jane-bront-dong-a-p279070501.html,Đỉnh Gió Hú – Emily Jane Brontë – Đông A,5.0,3,130000,95000,30.0,67994
278619830,sach-nhung-nguoi-khon-kho-kiet-tac-van-hoc-bang-tranh-p278619830,https://tiki.vn/sach-nhung-nguoi-khon-kho-kiet-tac-van-hoc-bang-tranh-p278619830.html,Sách Những Người Khốn Khổ (Kiệt Tác Văn Học Bằng Tranh),0.0,0,120000,92400,44.0,67994
197657911,sach-tieng-nui-p197657911,https://tiki.vn/sach-tieng-nui-p197657911.html,Sách Tiếng Núi,4.8,146,250000,180000,1253.0,67994
110448031,sach-toi-ac-va-hinh-phat-p110448031,https://tiki.vn/sach-toi-ac-va-hinh-phat-p110448031.html,Sách Tội Ác Và Hình Phạt,4.7,251,370000,277500,1018.0,67994
278523188,sach-nhung-cuoc-phieu-luu-cua-tom-sawyer-bia-vai-dong-a-p278523188,https://tiki.vn/sach-nhung-cuoc-phieu-luu-cua-tom-sawyer-bia-vai-dong-a-p278523188.html,Sách Những Cuộc Phiêu Lưu Của Tom Sawyer - Bìa vải (Đông A),4.7,3,330000,307000,44.0,67994
277045431,sach-neu-con-co-ngay-mai-p277045431,https://tiki.vn/sach-neu-con-co-ngay-mai-p277045431.html,Sách Nếu còn có ngày mai,5.0,6,235000,181000,109.0,67994
279657249,sach-ton-tu-binh-phap-va-36-ke-chon-bia-p279657249,https://tiki.vn/sach-ton-tu-binh-phap-va-36-ke-chon-bia-p279657249.html,Sách Tôn Tử Binh Pháp Và 36 Kế (Chọn bìa),4.8,5,150000,101900,74.0,67994
277963727,sach-than-thoai-nhung-cau-chuyen-vuot-thoi-gian-ve-cac-vi-than-va-anh-hung-p277963727,https://tiki.vn/sach-than-thoai-nhung-cau-chuyen-vuot-thoi-gian-ve-cac-vi-than-va-anh-hung-p277963727.html,Sách Thần Thoại - Những Câu Chuyện Vượt Thời Gian Về Các Vị Thần Và Anh Hùng,4.5,4,230000,177100,62.0,67994
273179726,sach-chuyen-du-hanh-vao-long-dat-p273179726,https://tiki.vn/sach-chuyen-du-hanh-vao-long-dat-p273179726.html,Sách Chuyến Du Hành Vào Lòng Đất,5.0,3,139000,79900,77.0,67994
430126,sach-hoa-tuylip-den-p430126,https://tiki.vn/sach-hoa-tuylip-den-p430126.html,Sách Hoa Tuylip Đen,4.6,41,86000,61000,617.0,67994
175146839,sach-chuong-nguyen-hon-ai-bia-cung-p175146839,https://tiki.vn/sach-chuong-nguyen-hon-ai-bia-cung-p175146839.html,Sách Chuông Nguyện Hồn Ai (Bìa Cứng),5.0,53,160000,105600,304.0,67994
277565296,sach-vi-khach-xuyen-khong-cuoc-dung-do-giua-hai-the-gioi-p277565296,https://tiki.vn/sach-vi-khach-xuyen-khong-cuoc-dung-do-giua-hai-the-gioi-p277565296.html,Sách Vị khách xuyên không - Cuộc đụng độ giữa hai thế giới,4.8,9,215000,159000,44.0,67994
274099743,sach-classic-con-bim-trang-tai-den-tai-ban-p274099743,https://tiki.vn/sach-classic-con-bim-trang-tai-den-tai-ban-p274099743.html,Sách Classic - Con Bim trắng tai đen (Tái bản),4.7,6,100000,74000,72.0,67994
271414259,sach-cuoc-doi-va-so-phan-p271414259,https://tiki.vn/sach-cuoc-doi-va-so-phan-p271414259.html,Sách Cuộc đời và số phận,5.0,31,460000,230000,250.0,67994
253656610,sach-dong-mau-cao-quy-p253656610,https://tiki.vn/sach-dong-mau-cao-quy-p253656610.html,Sách Dòng máu cao quý,4.7,14,80000,57600,222.0,67994
46849710,sach-robinson-crusoe-p46849710,https://tiki.vn/sach-robinson-crusoe-p46849710.html,Sách Robinson Crusoe,4.8,328,190000,129000,1532.0,67994
196856119,sach-boxset-taiko-tram-nam-mot-giac-co-do-tron-bo-2-tap-p196856119,https://tiki.vn/sach-boxset-taiko-tram-nam-mot-giac-co-do-tron-bo-2-tap-p196856119.html,Sách Boxset Taiko - Trăm năm một giấc cơ đồ (Trọn bộ 2 tập),4.8,57,680000,486000,393.0,67994
253058449,sach-ba-tuoc-monte-cristo-tap-2-p253058449,https://tiki.vn/sach-ba-tuoc-monte-cristo-tap-2-p253058449.html,Sách Bá tước Monte-Cristo Tập 2,4.7,3,208000,122300,39.0,67994
493004,sach-ba-dalloway-p493004,https://tiki.vn/sach-ba-dalloway-p493004.html,Sách Bà Dalloway,5.0,31,80000,65000,506.0,67994
2612577,sach-tup-leu-cua-bac-tom-tai-ban-2018-p2612577,https://tiki.vn/sach-tup-leu-cua-bac-tom-tai-ban-2018-p2612577.html,Sách Túp Lều Của Bác Tom (Tái Bản 2018),4.8,125,109000,61100,1218.0,67994
205033951,sach-mot-cho-trong-doi-p205033951,https://tiki.vn/sach-mot-cho-trong-doi-p205033951.html,Sách Một chỗ trong đời,5.0,145,69000,49680,1602.0,67994
195545292,sach-nhung-tam-long-cao-ca-p195545292,https://tiki.vn/sach-nhung-tam-long-cao-ca-p195545292.html,Sách Những Tấm Lòng Cao Cả,4.8,14,85000,65400,212.0,67994
271950437,sach-nhung-loi-di-duoi-hang-cay-tam-toi-p271950437,https://tiki.vn/sach-nhung-loi-di-duoi-hang-cay-tam-toi-p271950437.html,Sách Những Lối Đi Dưới Hàng Cây Tăm Tối,5.0,10,85000,68875,71.0,67994
276485037,chuyen-ke-luc-hoang-hon-tuyen-tap-truyen-ma-charles-dickens-tang-postcard-p276485037,https://tiki.vn/chuyen-ke-luc-hoang-hon-tuyen-tap-truyen-ma-charles-dickens-tang-postcard-p276485037.html,Chuyện Kể Lúc Hoàng Hôn - Tuyển Tập Truyện Ma Charles Dickens [Tặng Postcard],4.8,6,60000,48000,41.0,67994
279186815,sach-bo-sach-tam-quoc-dien-nghia-bo-3-tap-bia-cung-p279186815,https://tiki.vn/sach-bo-sach-tam-quoc-dien-nghia-bo-3-tap-bia-cung-p279186815.html,Sách - Bộ Sách Tam Quốc Diễn Nghĩa (Bộ 3 Tập) - Bìa Cứng,5.0,1,720000,499000,7.0,67994
195545288,sach-tup-leu-bac-tom-p195545288,https://tiki.vn/sach-tup-leu-bac-tom-p195545288.html,Sách Túp Lều Bác Tôm,5.0,12,110000,69200,123.0,67994
195961288,sach-tra-hoa-nu-bia-mem-tai-ban-p195961288,https://tiki.vn/sach-tra-hoa-nu-bia-mem-tai-ban-p195961288.html,Sách Trà Hoa Nữ (Bìa Mềm) - Tái Bản,3.0,2,80000,53600,18.0,67994
253471957,sach-nanh-trang-bia-cung-tai-bban-p253471957,https://tiki.vn/sach-nanh-trang-bia-cung-tai-bban-p253471957.html,Sách Nanh Trắng (Bìa Cứng) - Tái Bbản,5.0,2,97000,65800,17.0,67994
221230156,sach-sherlock-holmes-toan-tap-3-tap-p221230156,https://tiki.vn/sach-sherlock-holmes-toan-tap-3-tap-p221230156.html,Sách Sherlock Holmes toàn tập ( 3 tập),5.0,2,450000,281000,51.0,67994
253656624,sach-momo-michael-ende-p253656624,https://tiki.vn/sach-momo-michael-ende-p253656624.html,Sách Momo (Michael Ende),5.0,14,90000,69300,220.0,67994
276841070,sach-robinson-crusoe-lac-tren-hoang-dao-tit-phu-danh-tac-trong-nha-truong-p276841070,https://tiki.vn/sach-robinson-crusoe-lac-tren-hoang-dao-tit-phu-danh-tac-trong-nha-truong-p276841070.html,"Sách ROBINSON CRUSOE LẠC TRÊN HOANG ĐẢO 
Tít phụ: Danh tác trong nhà trường",0.0,0,108000,82000,36.0,67994
56908132,sach-dao-giau-vang-tai-ban-2020-p56908132,https://tiki.vn/sach-dao-giau-vang-tai-ban-2020-p56908132.html,Sách Đảo Giấu Vàng (Tái Bản 2020),4.8,103,100000,69000,662.0,67994
273596517,sach-bon-mua-troi-va-dat-p273596517,https://tiki.vn/sach-bon-mua-troi-va-dat-p273596517.html,"Sách Bốn mùa, trời và đất",5.0,4,170000,130900,106.0,67994
253058445,sach-ba-tuoc-monte-cristo-tap-3-p253058445,https://tiki.vn/sach-ba-tuoc-monte-cristo-tap-3-p253058445.html,Sách Bá tước Monte-Cristo Tập 3,5.0,3,199000,129000,41.0,67994
276749831,sach-o-xu-tu-do-p276749831,https://tiki.vn/sach-o-xu-tu-do-p276749831.html,Sách Ở Xứ Tự Do,5.0,8,168000,129360,92.0,67994
277381891,sach-chan-dung-mot-cuoc-hon-nhan-p277381891,https://tiki.vn/sach-chan-dung-mot-cuoc-hon-nhan-p277381891.html,Sách Chân dung một cuộc hôn nhân,5.0,7,135000,101000,98.0,67994
273787211,bep-sach-lang-soyang-p273787211,https://tiki.vn/bep-sach-lang-soyang-p273787211.html,Bếp sách làng Soyang,0.0,0,135000,103950,49.0,67994
278451451,sach-banh-ngot-va-ruou-bia-p278451451,https://tiki.vn/sach-banh-ngot-va-ruou-bia-p278451451.html,Sách Bánh Ngọt Và Rượu Bia,4.2,6,125000,90000,42.0,67994
278154529,sach-ba-nguoi-linh-ngu-lam-p278154529,https://tiki.vn/sach-ba-nguoi-linh-ngu-lam-p278154529.html,Sách Ba Người Lính Ngự Lâm,5.0,168,295000,220000,34.0,67994
271381411,sach-tao-thao-bia-cung-p271381411,https://tiki.vn/sach-tao-thao-bia-cung-p271381411.html,Sách Tào Tháo (Bìa Cứng),4.7,59,275000,184300,88.0,67994
277520160,sach-tieng-goi-cua-hoang-da-jack-london-tieu-thuyet-p277520160,https://tiki.vn/sach-tieng-goi-cua-hoang-da-jack-london-tieu-thuyet-p277520160.html,Sách Tiếng Gọi Của Hoang Dã - Jack London (Tiểu Thuyết ),0.0,0,75000,47200,4.0,67994
212213977,sach-hoang-tu-be-p212213977,https://tiki.vn/sach-hoang-tu-be-p212213977.html,Sách Hoàng Tử Bé,5.0,2,89000,66750,38.0,67994
32916374,sach-nguoi-bi-an-khoac-ao-hong-y-p32916374,https://tiki.vn/sach-nguoi-bi-an-khoac-ao-hong-y-p32916374.html,Sách Người Bí Ẩn Khoác Áo Hồng Y,4.6,279,320000,223000,1577.0,67994
273787209,sach-ma-gien-toi-ac-phan-tiep-theo-cua-hoi-chung-e-p273787209,https://tiki.vn/sach-ma-gien-toi-ac-phan-tiep-theo-cua-hoi-chung-e-p273787209.html,Sách Mã gien tội ác (Phần tiếp theo của hội chứng E),5.0,21,269000,207130,155.0,67994
273623414,sach-cuoc-dieu-tra-mau-do-dau-bo-tu-sherlock-holmes-1-tang-postcard-p273623414,https://tiki.vn/sach-cuoc-dieu-tra-mau-do-dau-bo-tu-sherlock-holmes-1-tang-postcard-p273623414.html,Sách Cuộc Điều Tra Màu Đỏ & Dấu Bộ Tứ (Sherlock Holmes – 1) [Tặng Postcard],0.0,0,120000,108000,10.0,67994
836114,sach-cai-bong-cua-bi-mat-p836114,https://tiki.vn/sach-cai-bong-cua-bi-mat-p836114.html,Sách Cái Bóng Của Bí Mật,4.6,23,108000,81000,364.0,67994
273596561,sach-ngay-cuoi-cung-cua-nguoi-bi-ket-an-p273596561,https://tiki.vn/sach-ngay-cuoi-cung-cua-nguoi-bi-ket-an-p273596561.html,Sách Ngày cuối cùng của người bị kết án,5.0,6,95000,73150,97.0,67994
271950440,sach-doi-tho-p271950440,https://tiki.vn/sach-doi-tho-p271950440.html,Sách Đồi Thỏ,5.0,11,169000,130130,171.0,67994
21853767,sach-tieng-goi-cua-hoang-da-tai-ban-2019-p21853767,https://tiki.vn/sach-tieng-goi-cua-hoang-da-tai-ban-2019-p21853767.html,Sách Tiếng Gọi Của Hoang Dã (Tái Bản 2019),4.7,32,50000,35300,477.0,67994
512977,sach-tren-sa-mac-va-trong-rung-tham-p512977,https://tiki.vn/sach-tren-sa-mac-va-trong-rung-tham-p512977.html,Sách Trên Sa Mạc Và Trong Rừng Thẳm,4.6,9,90000,69231,249.0,67994
196394981,sach-nhung-nguoi-vo-tot-tac-pham-kinh-dien-p196394981,https://tiki.vn/sach-nhung-nguoi-vo-tot-tac-pham-kinh-dien-p196394981.html,Sách Những Người Vợ Tốt - Tác Phẩm Kinh Điển,5.0,11,145000,74300,108.0,67994
74267452,sach-su-ky-tu-ma-thien-ban-ky-bia-mem-p74267452,https://tiki.vn/sach-su-ky-tu-ma-thien-ban-ky-bia-mem-p74267452.html,Sách Sử Ký Tư Mã Thiên - Bản Kỷ (Bìa Mềm),4.7,16,120000,84600,113.0,67994
216090596,sach-tri-tue-bang-giam-bia-mem-tai-ban-p216090596,https://tiki.vn/sach-tri-tue-bang-giam-bia-mem-tai-ban-p216090596.html,Sách Trí tuệ băng giám - bìa mềm (tái bản),4.8,13,175000,123400,175.0,67994
444407,sach-hai-van-dam-duoi-bien-p444407,https://tiki.vn/sach-hai-van-dam-duoi-bien-p444407.html,Sách Hai Vạn Dặm Dưới Biển,4.7,438,99000,57500,7378.0,67994
273787212,sach-moi-ngay-deu-la-giang-sinh-p273787212,https://tiki.vn/sach-moi-ngay-deu-la-giang-sinh-p273787212.html,Sách Mỗi ngày đều là Giáng sinh,0.0,0,100000,77000,24.0,67994
214496612,sach-ong-gia-va-bien-ca-hanh-phuc-ngan-ngui-cua-francis-macomber-p214496612,https://tiki.vn/sach-ong-gia-va-bien-ca-hanh-phuc-ngan-ngui-cua-francis-macomber-p214496612.html,Sách Ông Già Và Biển Cả & Hạnh Phúc Ngắn Ngủi Của Francis Macomber,5.0,14,45000,32000,105.0,67994
278169563,sach-canh-buom-do-tham-p278169563,https://tiki.vn/sach-canh-buom-do-tham-p278169563.html,Sách Cánh Buồm Đỏ Thắm,5.0,1,45000,36000,11.0,67994
271087463,sach-su-ky-thu-p271087463,https://tiki.vn/sach-su-ky-thu-p271087463.html,Sách Sử ký - Thư,5.0,1,180000,142500,40.0,67994
225267735,sach-lau-dai-otranto-the-catsle-of-otranto-tang-postcard-p225267735,https://tiki.vn/sach-lau-dai-otranto-the-catsle-of-otranto-tang-postcard-p225267735.html,Sách Lâu Đài Otranto – The Catsle of Otranto [Tặng Postcard],5.0,7,60000,44160,57.0,67994
276653134,sach-lau-dai-than-bi-p276653134,https://tiki.vn/sach-lau-dai-than-bi-p276653134.html,Sách Lâu Đài Thần Bí,4.8,5,119000,80100,25.0,67994
271456508,sach-sherlock-holmes-toan-tap-1-p271456508,https://tiki.vn/sach-sherlock-holmes-toan-tap-1-p271456508.html,Sách Sherlock Holmes Toàn Tập 1,5.0,2,189000,130500,33.0,67994
278619741,sach-ba-chang-linh-ngu-lam-kiet-tac-van-hoc-bang-tranh-p278619741,https://tiki.vn/sach-ba-chang-linh-ngu-lam-kiet-tac-van-hoc-bang-tranh-p278619741.html,Sách Ba Chàng Lính Ngự Lâm (Kiệt Tác Văn Học Bằng Tranh),1.0,1,120000,86400,25.0,67994
276841075,sach-cuoc-phieu-luu-cua-pinocchio-tit-phu-danh-tac-trong-nha-truong-p276841075,https://tiki.vn/sach-cuoc-phieu-luu-cua-pinocchio-tit-phu-danh-tac-trong-nha-truong-p276841075.html,"Sách CUỘC PHIÊU LƯU CỦA PINOCCHIO 
Tít phụ: Danh tác trong nhà trường",5.0,1,108000,81000,8.0,67994
247858747,sach-quy-luat-p247858747,https://tiki.vn/sach-quy-luat-p247858747.html,Sách Quy Luật,4.8,4,139000,100080,80.0,67994
173479580,sach-hoang-tu-be-p173479580,https://tiki.vn/sach-hoang-tu-be-p173479580.html,Sách Hoàng Tử Bé,5.0,2,79000,60400,33.0,67994
278579119,sach-thep-da-toi-the-day-p278579119,https://tiki.vn/sach-thep-da-toi-the-day-p278579119.html,Sách Thép Đã Tôi Thế Đấy,5.0,1,150000,112500,11.0,67994
174038857,sach-hai-van-dam-duoi-bien-bia-cung-p174038857,https://tiki.vn/sach-hai-van-dam-duoi-bien-bia-cung-p174038857.html,Sách Hai Vạn Dặm Dưới Biển (Bìa Cứng),4.8,58,145000,102200,348.0,67994
273596547,sach-to-tien-cua-chung-ta-tu-tuoc-bi-che-doi-nguoi-nam-tuoc-o-tren-cay-hiep-si-khong-hien-huu-p273596547,https://tiki.vn/sach-to-tien-cua-chung-ta-tu-tuoc-bi-che-doi-nguoi-nam-tuoc-o-tren-cay-hiep-si-khong-hien-huu-p273596547.html,"Sách Tổ tiên của chúng ta (Tử tước bị chẻ đôi người, Nam tước ở trên cây, Hiệp sĩ không hiện hữu)",4.7,10,235000,180950,123.0,67994
278170002,sach-buc-thu-cua-nguoi-dan-ba-khong-quen-p278170002,https://tiki.vn/sach-buc-thu-cua-nguoi-dan-ba-khong-quen-p278170002.html,Sách Bức Thư Của Người Đàn Bà Không Quen,5.0,2,98000,73500,38.0,67994
95071281,sach-van-hue-lau-dien-nghia-tieu-thuyet-lich-su-trung-quoc-p95071281,https://tiki.vn/sach-van-hue-lau-dien-nghia-tieu-thuyet-lich-su-trung-quoc-p95071281.html,Sách Vạn Huê Lầu Diễn Nghĩa (Tiểu Thuyết Lịch Sử Trung Quốc),4.6,52,135000,91600,204.0,67994
273978194,sach-boxset-chien-quoc-tung-hoanh-the-cuc-quy-coc-tu-boxset-13-tap-p273978194,https://tiki.vn/sach-boxset-chien-quoc-tung-hoanh-the-cuc-quy-coc-tu-boxset-13-tap-p273978194.html,Sách Boxset Chiến quốc tung hoành - Thế cục quỷ cốc tử (Boxset 13 tập),4.3,3,3868000,3305000,32.0,67994
273623422,sach-su-tro-ve-cua-sherlock-holmes-sherlock-holmes-4-tang-postcard-p273623422,https://tiki.vn/sach-su-tro-ve-cua-sherlock-holmes-sherlock-holmes-4-tang-postcard-p273623422.html,Sách Sự Trở Về Của Sherlock Holmes (Sherlock Holmes – 4) [Tặng Postcard],0.0,0,155000,132525,6.0,67994
275912252,sach-tup-leu-bac-tom-p275912252,https://tiki.vn/sach-tup-leu-bac-tom-p275912252.html,Sách Túp lều bác Tom,5.0,5,158000,120000,48.0,67994
278894298,hai-van-dam-duoi-day-bien-p278894298,https://tiki.vn/hai-van-dam-duoi-day-bien-p278894298.html,Hai Vạn Dặm Dưới Đáy Biển,5.0,1,169000,125666,13.0,67994
188535523,sach-tra-hoa-nu-bia-cung-tai-ban-p188535523,https://tiki.vn/sach-tra-hoa-nu-bia-cung-tai-ban-p188535523.html,Sách Trà Hoa Nữ (Bìa Cứng) - Tái Bản,5.0,55,115000,75000,364.0,67994
277381898,sach-nha-tai-phiet-cuoi-cung-p277381898,https://tiki.vn/sach-nha-tai-phiet-cuoi-cung-p277381898.html,Sách Nhà tài phiệt cuối cùng,5.0,5,135000,102000,101.0,67994
207427379,sach-hanzawa-naoki-bo-2-tap-p207427379,https://tiki.vn/sach-hanzawa-naoki-bo-2-tap-p207427379.html,Sách Hanzawa Naoki (Bộ 2 Tập),5.0,27,390000,271000,202.0,67994
276841085,sach-tieng-goi-noi-hoang-da-tac-pham-chon-loc-van-hoc-mi-p276841085,https://tiki.vn/sach-tieng-goi-noi-hoang-da-tac-pham-chon-loc-van-hoc-mi-p276841085.html,Sách Tiếng Gọi Nơi Hoang Dã (Tác Phẩm Chọn Lọc – Văn Học Mĩ),5.0,3,55000,40320,58.0,67994
253642367,sach-quai-dam-p253642367,https://tiki.vn/sach-quai-dam-p253642367.html,Sách Quái Đàm,4.8,9,99000,73260,95.0,67994
165956567,sach-han-so-tranh-hung-bia-cung-tai-ban-p165956567,https://tiki.vn/sach-han-so-tranh-hung-bia-cung-tai-ban-p165956567.html,Sách Hán Sở Tranh Hùng (Bìa Cứng) - Tái Bản,4.8,60,190000,134000,423.0,67994
56696849,sach-nhung-chang-trai-baltimore-tieu-thuyet-p56696849,https://tiki.vn/sach-nhung-chang-trai-baltimore-tieu-thuyet-p56696849.html,Sách Những Chàng Trai Baltimore - Tiểu Thuyết,4.3,3,189000,113400,49.0,67994
273787219,sach-tu-do-khong-yeu-duong-p273787219,https://tiki.vn/sach-tu-do-khong-yeu-duong-p273787219.html,Sách Tự do không yêu đương,4.5,2,169000,152100,16.0,67994
55881498,sach-tam-quoc-su-ky-ii-p55881498,https://tiki.vn/sach-tam-quoc-su-ky-ii-p55881498.html,Sách Tam Quốc Sử Ký II,4.8,13,218000,161025,86.0,67994
153922884,sach-trai-tim-mu-loa-p153922884,https://tiki.vn/sach-trai-tim-mu-loa-p153922884.html,Sách Trái Tim Mù Loà,5.0,8,186000,137700,93.0,67994
276841069,sach-nhung-cuoc-phieu-luu-cua-tom-sawyer-tit-phu-danh-tac-trong-nha-truong-p276841069,https://tiki.vn/sach-nhung-cuoc-phieu-luu-cua-tom-sawyer-tit-phu-danh-tac-trong-nha-truong-p276841069.html,"Sách NHỮNG CUỘC PHIÊU LƯU CỦA TOM SAWYER 
Tít phụ: Danh tác trong nhà trường",5.0,1,108000,82000,14.0,67994
1566833,sach-anna-karenina-tap-1-p1566833,https://tiki.vn/sach-anna-karenina-tap-1-p1566833.html,Sách Anna Karenina (Tập 1),4.5,38,220000,176000,1082.0,67994
249374029,sach-tham-tu-hoang-da-p249374029,https://tiki.vn/sach-tham-tu-hoang-da-p249374029.html,Sách Thám Tử Hoang Dã,4.8,9,390000,314450,80.0,67994
276485011,sach-lo-so-249-nhung-cau-chuyen-hai-hung-va-ki-bi-i-tang-postcard-p276485011,https://tiki.vn/sach-lo-so-249-nhung-cau-chuyen-hai-hung-va-ki-bi-i-tang-postcard-p276485011.html,Sách Lô Số 249 (Những Câu Chuyện Hãi Hùng Và Kì Bí - I) [Tặng Postcard],5.0,1,145000,104000,24.0,67994
195545326,sach-dao-giau-vang-p195545326,https://tiki.vn/sach-dao-giau-vang-p195545326.html,Sách Đảo Giấu Vàng,5.0,8,72000,54000,81.0,67994
272853928,sach-dat-mau-sicily-tb-2023-p272853928,https://tiki.vn/sach-dat-mau-sicily-tb-2023-p272853928.html,Sách Đất máu Sicily (TB 2023),5.0,6,180000,140000,59.0,67994
69162913,sach-phan-trang-lau-dien-nghia-bia-cung-p69162913,https://tiki.vn/sach-phan-trang-lau-dien-nghia-bia-cung-p69162913.html,Sách Phấn Trang Lâu Diễn Nghĩa (Bìa Cứng),5.0,47,300000,204000,148.0,67994
273787217,sach-mat-troi-va-thep-p273787217,https://tiki.vn/sach-mat-troi-va-thep-p273787217.html,Sách Mặt trời và Thép,5.0,6,105000,80850,122.0,67994
198197154,sach-boxset-tam-quoc-dien-nghia-3-tap-p198197154,https://tiki.vn/sach-boxset-tam-quoc-dien-nghia-3-tap-p198197154.html,Sách Boxset Tam Quốc Diễn Nghĩa (3 tập),4.8,13,450000,270000,97.0,67994
278896973,hoang-tu-be-p278896973,https://tiki.vn/hoang-tu-be-p278896973.html,Hoàng Tử Bé,0.0,0,119000,92000,4.0,67994
277742366,sach-hop-sach-6-tap-tuyen-tap-nghin-le-mot-dem-dinh-ti-books-p277742366,https://tiki.vn/sach-hop-sach-6-tap-tuyen-tap-nghin-le-mot-dem-dinh-ti-books-p277742366.html,Sách - Hộp sách (6 tập): Tuyển tập Nghìn lẻ một đêm Đinh Tị Books,0.0,0,370000,229400,1.0,67994
196932364,sach-den-doan-dau-dai-p196932364,https://tiki.vn/sach-den-doan-dau-dai-p196932364.html,Sách Đến đoạn đầu đài,4.8,22,269000,207130,245.0,67994
548697,sach-tuy-duong-dien-nghia-p548697,https://tiki.vn/sach-tuy-duong-dien-nghia-p548697.html,Sách Tùy Đường Diễn Nghĩa,4.6,35,78000,58000,436.0,67994
556868,sach-nhung-tam-long-cao-ca-bia-mem-p556868,https://tiki.vn/sach-nhung-tam-long-cao-ca-bia-mem-p556868.html,Sách Những Tấm Lòng Cao Cả (Bìa Mềm),5.0,2,100000,67900,312.0,67994
278170052,sach-hai-muoi-tu-gio-trong-doi-nguoi-dan-ba-p278170052,https://tiki.vn/sach-hai-muoi-tu-gio-trong-doi-nguoi-dan-ba-p278170052.html,Sách Hai Mươi Tư Giờ Trong Đời Người Đàn Bà,5.0,3,145000,108750,23.0,67994
278636706,sach-tac-pham-chon-loc-van-hoc-my-nhung-cuoc-phieu-luu-cua-huck-finn-p278636706,https://tiki.vn/sach-tac-pham-chon-loc-van-hoc-my-nhung-cuoc-phieu-luu-cua-huck-finn-p278636706.html,Sách Tác Phẩm Chọn Lọc - Văn Học Mỹ - Những Cuộc Phiêu Lưu Của Huck Finn,0.0,0,140000,97600,7.0,67994
260803527,sach-boxset-nhung-cuoc-phieu-luu-cua-giao-su-challenger-2-tap-tang-02-postcard-p260803527,https://tiki.vn/sach-boxset-nhung-cuoc-phieu-luu-cua-giao-su-challenger-2-tap-tang-02-postcard-p260803527.html,Sách Boxset Những Cuộc Phiêu Lưu Của Giáo Sư Challenger (2 Tập) [Tặng 02 Postcard],4.8,6,240000,180960,68.0,67994
263980371,sach-sau-nguoi-di-khap-the-gian-tap-2-p263980371,https://tiki.vn/sach-sau-nguoi-di-khap-the-gian-tap-2-p263980371.html,Sách Sáu người đi khắp thế gian - Tập 2,5.0,6,165000,118800,105.0,67994
271414273,sach-tieng-ken-thien-nga-p271414273,https://tiki.vn/sach-tieng-ken-thien-nga-p271414273.html,Sách Tiếng kèn thiên nga,5.0,2,80000,61600,62.0,67994
273623420,sach-cung-dan-sau-cuoi-tang-thu-cua-sherlock-holmes-sherlock-holmes-6-tang-postcard-p273623420,https://tiki.vn/sach-cung-dan-sau-cuoi-tang-thu-cua-sherlock-holmes-sherlock-holmes-6-tang-postcard-p273623420.html,Sách Cung Đàn Sau Cuối & Tàng Thư Của Sherlock Holmes (Sherlock Holmes – 6) [Tặng Postcard],0.0,0,180000,135000,4.0,67994
276912997,sach-nanh-trang-tac-pham-chon-loc-van-hoc-mi-p276912997,https://tiki.vn/sach-nanh-trang-tac-pham-chon-loc-van-hoc-mi-p276912997.html,Sách Nanh Trắng (Tác Phẩm Chọn Lọc – Văn Học Mĩ),4.0,1,90000,66400,8.0,67994
271456500,sach-sherlock-holmes-toan-tap-2-p271456500,https://tiki.vn/sach-sherlock-holmes-toan-tap-2-p271456500.html,Sách Sherlock Holmes Toàn Tập 2,0.0,0,218000,159800,25.0,67994
276928992,sach-mot-xu-mot-ngay-tac-pham-chon-loc-van-hoc-anh-tai-ban-2024-p276928992,https://tiki.vn/sach-mot-xu-mot-ngay-tac-pham-chon-loc-van-hoc-anh-tai-ban-2024-p276928992.html,Sách Một Xu Một Ngày (Tác Phẩm Chọn Lọc - Văn Học Anh) [Tái Bản 2024],5.0,1,150000,105600,27.0,67994
273623416,sach-hoi-uc-ve-sherlock-holmes-sherlock-holmes-3-tang-postcard-p273623416,https://tiki.vn/sach-hoi-uc-ve-sherlock-holmes-sherlock-holmes-3-tang-postcard-p273623416.html,Sách Hồi Ức Về Sherlock Holmes (Sherlock Holmes – 3) [Tặng Postcard],5.0,1,130000,93600,8.0,67994
271456504,sach-sherlock-holmes-toan-tap-3-p271456504,https://tiki.vn/sach-sherlock-holmes-toan-tap-3-p271456504.html,Sách Sherlock Holmes Toàn Tập 3,0.0,0,198000,139200,18.0,67994
43950714,sach-thanh-cat-tu-han-bia-cung-p43950714,https://tiki.vn/sach-thanh-cat-tu-han-bia-cung-p43950714.html,Sách Thành Cát Tư Hãn (Bìa Cứng),3.0,1,160000,107300,10.0,67994
188057285,sach-dao-giau-vang-tac-pham-chon-loc-van-hoc-scotland-p188057285,https://tiki.vn/sach-dao-giau-vang-tac-pham-chon-loc-van-hoc-scotland-p188057285.html,Sách Đảo Giấu Vàng (Tác Phẩm Chọn Lọc - Văn Học Scotland),5.0,3,45000,35280,31.0,67994
279365750,sach-nhung-cuoc-phieu-luu-ki-thu-robinson-crusoe-p279365750,https://tiki.vn/sach-nhung-cuoc-phieu-luu-ki-thu-robinson-crusoe-p279365750.html,Sách Những Cuộc Phiêu Lưu Kì Thú Robinson Crusoe,0.0,0,120000,73400,,67994
279666130,sach-tren-sa-mac-va-trong-rung-tham-in-desert-and-wilderness-p279666130,https://tiki.vn/sach-tren-sa-mac-va-trong-rung-tham-in-desert-and-wilderness-p279666130.html,Sách Trên Sa Mạc Và Trong Rừng Thẳm In Desert and Wilderness,0.0,0,139000,111200,,67994
279416607,sach-tu-vien-northanger-p279416607,https://tiki.vn/sach-tu-vien-northanger-p279416607.html,Sách Tu Viện Northanger,0.0,0,176000,132000,6.0,67994
279666126,sach-song-ngu-bilingual-nghi-giau-lam-giau-think-and-grow-rich-the-classic-best-selling-guide-to-success-and-wealth-p279666126,https://tiki.vn/sach-song-ngu-bilingual-nghi-giau-lam-giau-think-and-grow-rich-the-classic-best-selling-guide-to-success-and-wealth-p279666126.html,Sách Song Ngữ Bilingual Nghĩ Giàu & Làm Giàu - Think and Grow Rich The Classic Best - Selling Guide to Success and Wealth,0.0,0,139000,111200,,67994
279392330,sach-trong-gia-dinh-nobody-s-girl-p279392330,https://tiki.vn/sach-trong-gia-dinh-nobody-s-girl-p279392330.html,Sách Trong Gia Đình - Nobody's Girl,0.0,0,119000,79730,,67994
279666161,sach-gulliver-du-ky-gulliver-s-travels-song-ngu-bilingual-p279666161,https://tiki.vn/sach-gulliver-du-ky-gulliver-s-travels-song-ngu-bilingual-p279666161.html,Sách Gulliver Du Ký - Gulliver's Travels Song Ngữ Bilingual,0.0,0,139000,111200,,67994
279416554,sach-ben-nay-dia-dang-p279416554,https://tiki.vn/sach-ben-nay-dia-dang-p279416554.html,Sách Bên Này Địa Đàng,0.0,0,192000,144000,,67994
279005220,cac-nha-van-nu-doat-giai-nobel-song-va-viet-p279005220,https://tiki.vn/cac-nha-van-nu-doat-giai-nobel-song-va-viet-p279005220.html,Các Nhà Văn Nữ Đoạt Giải Nobel – Sống và Viết,0.0,0,238000,178500,13.0,67994
278998287,sach-nhung-chu-nhat-cua-mot-thi-dan-paris-p278998287,https://tiki.vn/sach-nhung-chu-nhat-cua-mot-thi-dan-paris-p278998287.html,Sách Những Chủ Nhật Của Một Thị Dân Paris,4.8,6,129000,99330,73.0,67994
279202304,truyen-co-andersen-thai-ha-p279202304,https://tiki.vn/truyen-co-andersen-thai-ha-p279202304.html,Truyện cổ Andersen (Thái Hà),5.0,1,168000,124900,2.0,67994
279371605,sach-tiem-giat-la-nua-dem-p279371605,https://tiki.vn/sach-tiem-giat-la-nua-dem-p279371605.html,Sách Tiệm Giặt Là Nửa Đêm,0.0,0,200000,160000,25.0,67994
279658205,sach-tren-sa-mac-va-trong-rung-tham-p279658205,https://tiki.vn/sach-tren-sa-mac-va-trong-rung-tham-p279658205.html,Sách Trên Sa Mạc Và Trong Rừng Thẳm,0.0,0,120000,85700,,67994
279416612,sach-babel-hay-su-can-thiet-cua-bao-luc-in-lan-2-p279416612,https://tiki.vn/sach-babel-hay-su-can-thiet-cua-bao-luc-in-lan-2-p279416612.html,Sách Babel Hay Sự Cần Thiết Của Bạo Lực,5.0,12,336000,252000,189.0,67994
279666159,sach-anne-toc-do-duoi-chai-nha-xanh-anne-of-green-gables-p279666159,https://tiki.vn/sach-anne-toc-do-duoi-chai-nha-xanh-anne-of-green-gables-p279666159.html,Sách Anne Tóc Đỏ Dưới Chái Nhà Xanh - Anne of Green Gables,0.0,0,145000,116000,,67994
279416606,sach-aliss-ben-dam-lua-p279416606,https://tiki.vn/sach-aliss-ben-dam-lua-p279416606.html,Sách Aliss Bên Đám Lửa,0.0,0,79000,59250,3.0,67994
279666132,sach-thuyen-truong-tuoi-15-dick-sand-or-a-captain-at-fifteen-p279666132,https://tiki.vn/sach-thuyen-truong-tuoi-15-dick-sand-or-a-captain-at-fifteen-p279666132.html,"Sách Thuyền trưởng tuổi 15 Dick Sand, or A Captain at Fifteen",0.0,0,139000,111200,,67994
275917196,sach-lao-tu-dao-duc-kinh-in-theo-ban-cua-nxb-mai-linh-1942-p275917196,https://tiki.vn/sach-lao-tu-dao-duc-kinh-in-theo-ban-cua-nxb-mai-linh-1942-p275917196.html,"Sách Lão Tử Đạo Đức Kinh (In theo bản của NXB Mai Lĩnh , 1942)",5.0,2,65000,45125,39.0,67994
279657964,sach-boi-giua-ao-mua-doc-viet-va-song-cung-bon-van-hao-nga-p279657964,https://tiki.vn/sach-boi-giua-ao-mua-doc-viet-va-song-cung-bon-van-hao-nga-p279657964.html,"Sách Bơi Giữa Ao Mưa - Đọc, Viết Và Sống Cùng Bốn Văn Hào Nga",0.0,0,245000,193000,12.0,67994
182972780,sach-kim-cac-tu-p182972780,https://tiki.vn/sach-kim-cac-tu-p182972780.html,Sách Kim Các Tự,4.8,224,230000,172500,1546.0,67994
279076703,de-profundis-bai-ballad-ve-nha-nguc-reading-p279076703,https://tiki.vn/de-profundis-bai-ballad-ve-nha-nguc-reading-p279076703.html,De Profundis & Bài Ballad Về Nhà Ngục Reading,5.0,3,110000,88000,31.0,67994
279597184,sach-dieu-uoc-dau-tien-cua-ong-murray-mcbride-p279597184,https://tiki.vn/sach-dieu-uoc-dau-tien-cua-ong-murray-mcbride-p279597184.html,Sách Điều ước đầu tiên của ông Murray Mcbride,0.0,0,169000,135200,16.0,67994
111580004,sach-frankenstein-hay-prometheus-thoi-hien-dai-p111580004,https://tiki.vn/sach-frankenstein-hay-prometheus-thoi-hien-dai-p111580004.html,Sách Frankenstein - Hay Prometheus Thời Hiện Đại,5.0,55,140000,105000,279.0,67994
279416660,sach-vo-nguoi-du-hanh-thoi-gian-p279416660,https://tiki.vn/sach-vo-nguoi-du-hanh-thoi-gian-p279416660.html,Sách Vợ Người Du Hành Thời Gian,0.0,0,278000,208500,2.0,67994
216090638,sach-sherlock-holmes-toan-tap-2-tap-tai-ban-p216090638,https://tiki.vn/sach-sherlock-holmes-toan-tap-2-tap-tai-ban-p216090638.html,Sách Sherlock Holmes toàn tập (2 tập) - tái bản,3.0,2,285000,193500,15.0,67994
279416602,sach-buoi-sang-va-buoi-toi-p279416602,https://tiki.vn/sach-buoi-sang-va-buoi-toi-p279416602.html,Sách Buổi Sáng Và Buổi Tối,0.0,0,98000,73500,7.0,67994
279416610,sach-james-p279416610,https://tiki.vn/sach-james-p279416610.html,Sách James,0.0,0,208000,156000,3.0,67994
279666128,sach-song-ngu-bilingual-chien-thang-con-quy-trong-ban-outwitting-the-devil-the-hidden-secret-to-breaking-fear-and-achieving-success-bi-mat-an-dau-de-vuot-qua-so-hai-va-cham-toi-thanh-cong-p279666128,https://tiki.vn/sach-song-ngu-bilingual-chien-thang-con-quy-trong-ban-outwitting-the-devil-the-hidden-secret-to-breaking-fear-and-achieving-success-bi-mat-an-dau-de-vuot-qua-so-hai-va-cham-toi-thanh-cong-p279666128.html,Sách Song Ngữ Bilingual Chiến Thắng Con Quỷ Trong Bạn - Outwitting the Devil The Hidden Secret to Breaking Fear and Achieving Success Bí mật ẩn dấu để vượt qua sợ hãi và chạm tới thành công,0.0,0,139000,111200,,67994
279676458,bia-cung-boc-vai-tieng-goi-noi-hoang-da-jack-london-nguyen-minh-dich-duc-lam-minh-hoa-dong-a-nxb-van-hoc-p279676458,https://tiki.vn/bia-cung-boc-vai-tieng-goi-noi-hoang-da-jack-london-nguyen-minh-dich-duc-lam-minh-hoa-dong-a-nxb-van-hoc-p279676458.html,TIẾNG GỌI NƠI HOANG DÃ - (Bìa cứng bọc vải) - Jack London - Đông A,5.0,1,220000,206000,9.0,67994
279578599,sach-ghi-chep-tu-nha-chet-p279578599,https://tiki.vn/sach-ghi-chep-tu-nha-chet-p279578599.html,Sách Ghi Chép Từ Nhà Chết,4.0,5,250000,180000,58.0,67994
279135159,sach-thanh-pho-luoi-liem-dong-toc-dat-va-mau-p279135159,https://tiki.vn/sach-thanh-pho-luoi-liem-dong-toc-dat-va-mau-p279135159.html,Sách - Thành Phố Lưỡi Liềm - Dòng tộc đất và máu,5.0,1,438000,315360,16.0,67994
279737521,sach-co-do-p279737521,https://tiki.vn/sach-co-do-p279737521.html,Sách Cố Đô,0.0,0,145000,145000,,67994
279578601,sach-suy-tuong-p279578601,https://tiki.vn/sach-suy-tuong-p279578601.html,Sách Suy Tưởng - Marcus Aurelius,5.0,2,220000,170400,76.0,67994
198589623,cuoc-phieu-luu-cua-thuyen-truong-corcoran-p198589623,https://tiki.vn/cuoc-phieu-luu-cua-thuyen-truong-corcoran-p198589623.html,Cuộc Phiêu Lưu Của Thuyền Trưởng Corcoran,0.0,0,219000,186000,2.0,67994
201088283,tu-sach-doi-nguoi-cuoc-phieu-luu-cua-thuyen-truong-corcoran-p201088283,https://tiki.vn/tu-sach-doi-nguoi-cuoc-phieu-luu-cua-thuyen-truong-corcoran-p201088283.html,Tủ Sách Đời Người: Cuộc Phiêu Lưu Của Thuyền Trưởng Corcoran,0.0,0,219000,186000,,67994
200763611,tu-sach-doi-nguoi-co-hinh-minh-hoa-cuoc-phieu-luu-cua-thuyen-truong-corcoran-alfred-assollant-mai-huong-dich-omegaplus-nxb-van-hoc-bia-mem-p200763611,https://tiki.vn/tu-sach-doi-nguoi-co-hinh-minh-hoa-cuoc-phieu-luu-cua-thuyen-truong-corcoran-alfred-assollant-mai-huong-dich-omegaplus-nxb-van-hoc-bia-mem-p200763611.html,(Tủ sách Đời người) (Có hình minh họa)  CUỘC PHIÊU LƯU CỦA THUYỀN TRƯỞNG CORCORAN - Alfred Assollant – Mai Hương dịch – Omegaplus - NXB Văn Học (Bìa mềm),0.0,0,110000,110000,,67994
205256951,tu-sach-doi-nguoi-cuoc-phieu-luu-cua-thuyen-truong-corcoran-p205256951,https://tiki.vn/tu-sach-doi-nguoi-cuoc-phieu-luu-cua-thuyen-truong-corcoran-p205256951.html,Tủ Sách Đời Người - Cuộc Phiêu Lưu Của Thuyền Trưởng Corcoran,0.0,0,110000,110000,,67994
278279383,sach-trong-gia-dinh-p278279383,https://tiki.vn/sach-trong-gia-dinh-p278279383.html,Sách Trong Gia Đình,0.0,0,120000,87000,42.0,67994
279166631,mong-manh-hoa-tuyet-tanizaki-junichiro-p279166631,https://tiki.vn/mong-manh-hoa-tuyet-tanizaki-junichiro-p279166631.html,Mong Manh Hoa Tuyết - Tanizaki Junichiro,5.0,6,380000,298300,34.0,67994
279378999,ta-la-meo-natsume-soseki-p279378999,https://tiki.vn/ta-la-meo-natsume-soseki-p279378999.html,Ta Là Mèo - Natsume Soseki,5.0,2,380000,279000,88.0,67994
279314938,jane-eyre-dong-a-p279314938,https://tiki.vn/jane-eyre-dong-a-p279314938.html,Jane Eyre - Đông A,4.8,6,220000,162000,55.0,67994
102379714,sach-anh-em-nha-karamazov-bia-cung-p102379714,https://tiki.vn/sach-anh-em-nha-karamazov-bia-cung-p102379714.html,Sách Anh Em Nhà Karamazov (Bìa Cứng),4.7,175,490000,367500,705.0,67994
184226418,sach-nhung-cuoc-phieu-luu-ki-thu-robinson-crusoe-p184226418,https://tiki.vn/sach-nhung-cuoc-phieu-luu-ki-thu-robinson-crusoe-p184226418.html,Sách Những Cuộc Phiêu Lưu Kì Thú Robinson Crusoe,5.0,24,120000,81400,182.0,67994
2644375,sach-trong-gia-dinh-p2644375,https://tiki.vn/sach-trong-gia-dinh-p2644375.html,Sách Trong Gia Đình,4.8,91,108000,72360,1353.0,67994
184633072,sach-tu-tri-thong-giam-tap-8-p184633072,https://tiki.vn/sach-tu-tri-thong-giam-tap-8-p184633072.html,Sách Tư Trị Thông Giám - Tập 8,4.7,56,389000,286000,281.0,67994
272853938,sach-luat-im-lang-tb-2023-p272853938,https://tiki.vn/sach-luat-im-lang-tb-2023-p272853938.html,Sách Luật im lặng (TB 2023),4.5,6,150000,104000,69.0,67994
271414269,sach-bac-si-jekyll-va-ong-hyde-p271414269,https://tiki.vn/sach-bac-si-jekyll-va-ong-hyde-p271414269.html,Sách Bác sĩ Jekyll và ông Hyde,5.0,8,62000,47740,65.0,67994
262837512,sach-thai-binh-thien-quoc-dien-nghia-p262837512,https://tiki.vn/sach-thai-binh-thien-quoc-dien-nghia-p262837512.html,Sách Thái Bình Thiên Quốc diễn nghĩa,5.0,44,420000,293000,233.0,67994
174038853,sach-hanh-trinh-vao-tam-trai-dat-bia-cung-p174038853,https://tiki.vn/sach-hanh-trinh-vao-tam-trai-dat-bia-cung-p174038853.html,Sách Hành Trình Vào Tâm Trái Đất (Bìa Cứng),4.8,45,115000,84300,315.0,67994
272057413,sach-than-thoai-bac-au-van-xuoi-edda-va-tho-edda-p272057413,https://tiki.vn/sach-than-thoai-bac-au-van-xuoi-edda-va-tho-edda-p272057413.html,Sách Thần thoại Bắc Âu – Văn xuôi Edda và thơ Edda,5.0,4,200000,163000,49.0,67994
53545644,sach-50-sac-thai-xam-tai-ban-2020-p53545644,https://tiki.vn/sach-50-sac-thai-xam-tai-ban-2020-p53545644.html,Sách 50 Sắc Thái – Xám (Tái Bản 2020),4.5,37,199000,141550,152.0,67994
195306005,sach-nha-tho-duc-ba-paris-bia-cung-p195306005,https://tiki.vn/sach-nha-tho-duc-ba-paris-bia-cung-p195306005.html,Sách Nhà thờ Đức Bà Paris (Bìa Cứng),4.8,93,650000,524875,473.0,67994
271806585,sach-ong-gia-khottabych-p271806585,https://tiki.vn/sach-ong-gia-khottabych-p271806585.html,Sách Ông già khottabych,4.8,10,120000,90000,86.0,67994
278014718,sach-pham-tam-quoc-bia-cung-p278014718,https://tiki.vn/sach-pham-tam-quoc-bia-cung-p278014718.html,Sách Phẩm Tam Quốc - Bìa Cứng,5.0,3,499000,360700,25.0,67994
273119803,sach-cha-con-giao-hoang-mario-puzo-p273119803,https://tiki.vn/sach-cha-con-giao-hoang-mario-puzo-p273119803.html,Sách Cha Con Giáo Hoàng (Mario Puzo),4.7,345,200000,146000,50.0,67994
263109178,sach-nhung-tam-long-cao-ca-bia-cung-tai-ban-p263109178,https://tiki.vn/sach-nhung-tam-long-cao-ca-bia-cung-tai-ban-p263109178.html,Sách Những Tấm Lòng Cao Cả (Bìa Cứng) (Tái Bản),4.8,6,135000,92000,51.0,67994
49549966,sach-ba-nguoi-linh-ngu-lam-dong-a-tai-ban-p49549966,https://tiki.vn/sach-ba-nguoi-linh-ngu-lam-dong-a-tai-ban-p49549966.html,Sách Ba Người Lính Ngự Lâm (Đông A) (Tái Bản),4.8,200,250000,190000,1014.0,67994
214617629,sach-nhung-di-chuc-bi-phan-boi-p214617629,https://tiki.vn/sach-nhung-di-chuc-bi-phan-boi-p214617629.html,Sách Những Di Chúc Bị Phản Bội,5.0,33,188000,144760,349.0,67994
205033835,sach-mot-nam-song-tu-te-p205033835,https://tiki.vn/sach-mot-nam-song-tu-te-p205033835.html,Sách Một năm sống tử tế,5.0,14,168000,126000,294.0,67994
192333856,sach-con-bim-trang-tai-den-bia-cung-p192333856,https://tiki.vn/sach-con-bim-trang-tai-den-bia-cung-p192333856.html,Sách Con Bim trắng tai đen - Bìa cứng,5.0,23,320000,226000,144.0,67994
275917192,sach-mac-tu-in-theo-ban-cua-nxb-mai-linh-1942-p275917192,https://tiki.vn/sach-mac-tu-in-theo-ban-cua-nxb-mai-linh-1942-p275917192.html,"Sách Mặc Tử (In theo bản của NXB Mai Lĩnh , 1942)",5.0,1,75000,50300,9.0,67994
880688,sach-cay-lon-o-phuong-nam-p880688,https://tiki.vn/sach-cay-lon-o-phuong-nam-p880688.html,Sách Cây Lớn Ở Phương Nam,4.5,14,129000,89100,543.0,67994
279071399,thep-da-toi-the-day-p279071399,https://tiki.vn/thep-da-toi-the-day-p279071399.html,Sách Thép đã tôi thế đấy - Đông A,5.0,2,190000,133000,18.0,67994
43362827,sach-ngu-ho-binh-tay-bia-cung-p43362827,https://tiki.vn/sach-ngu-ho-binh-tay-bia-cung-p43362827.html,Sách Ngũ Hổ Bình Tây (Bìa Cứng),4.8,30,300000,203700,181.0,67994
213861834,sach-u-mong-anh-p213861834,https://tiki.vn/sach-u-mong-anh-p213861834.html,Sách U Mộng Ảnh,5.0,24,180000,132000,203.0,67994
279322970,tuyen-tap-kich-no-hien-dai-p279322970,https://tiki.vn/tuyen-tap-kich-no-hien-dai-p279322970.html,Tuyển tập Kịch Nô Hiện Đại,5.0,5,180000,125900,33.0,67994
87236132,sach-truyen-thuyet-cac-nhan-vat-tam-quoc-p87236132,https://tiki.vn/sach-truyen-thuyet-cac-nhan-vat-tam-quoc-p87236132.html,Sách Truyền Thuyết Các Nhân Vật Tam Quốc,4.8,76,180000,155000,280.0,67994
279696127,sach-nhung-cuoc-phieu-luu-cua-tom-sawyer-p279696127,https://tiki.vn/sach-nhung-cuoc-phieu-luu-cua-tom-sawyer-p279696127.html,Sách Những cuộc phiêu lưu của Tom Sawyer,0.0,0,85000,85000,2.0,67994
260803529,sach-vanh-dai-khi-doc-nhung-cau-chuyen-khac-nhung-cuoc-phieu-luu-cua-giao-su-challenger-ii-tang-postcard-p260803529,https://tiki.vn/sach-vanh-dai-khi-doc-nhung-cau-chuyen-khac-nhung-cuoc-phieu-luu-cua-giao-su-challenger-ii-tang-postcard-p260803529.html,Sách Vành Đai Khí Độc & Những Câu Chuyện Khác (Những Cuộc Phiêu Lưu Của Giáo Sư Challenger – II) [Tặng Postcard],0.0,0,95000,69600,11.0,67994
476199,sach-than-thoai-hy-lap-chuyen-ve-cac-vi-nam-than-nu-than-anh-hung-va-ac-quy-p476199,https://tiki.vn/sach-than-thoai-hy-lap-chuyen-ve-cac-vi-nam-than-nu-than-anh-hung-va-ac-quy-p476199.html,"Sách Thần Thoại Hy Lạp - Chuyện Về Các Vị Nam Thần , Nữ Thần , Anh Hùng Và Ác Quỷ",4.5,62,198000,158401,946.0,67994
252011530,machiavelli-p252011530,https://tiki.vn/machiavelli-p252011530.html,Machiavelli,0.0,0,249000,249000,2.0,67994
277949909,hamlet-hoang-tu-dan-mach-kich-shakespeare-p277949909,https://tiki.vn/hamlet-hoang-tu-dan-mach-kich-shakespeare-p277949909.html,Hamlet Hoàng Tử Đan Mạch - Kịch Shakespeare,5.0,8,349000,286180,82.0,67994
279288353,an-ban-gioi-han-bia-cung-danh-so-500-cuon-chu-ky-in-va-trien-cua-tac-gia-chu-ky-va-trien-cua-dich-gia-vu-cong-hoan-nguoi-tinh-phu-nhan-su-truong-diem-lien-khoa-vu-cong-hoan-dich-nxb-van-hoc-p279288353,https://tiki.vn/an-ban-gioi-han-bia-cung-danh-so-500-cuon-chu-ky-in-va-trien-cua-tac-gia-chu-ky-va-trien-cua-dich-gia-vu-cong-hoan-nguoi-tinh-phu-nhan-su-truong-diem-lien-khoa-vu-cong-hoan-dich-nxb-van-hoc-p279288353.html,"(Ấn bản giới hạn, bìa cứng, đánh số 500 cuốn; chữ ký in và triện của tác giả; chữ ký và triện của dịch giả Vũ Công Hoan) NGƯỜI TÌNH PHU NHÂN SƯ TRƯỞNG - Diêm Liên Khoa - Vũ Công Hoan dịch - NXB Văn Học ",5.0,4,368000,368000,38.0,67994
275592089,combo-le-sach-cua-dan-brown-ph-ao-dai-so-diem-doi-lua-nguon-coi-thien-than-va-ac-quy-bieu-tuong-that-truyen-hoa-nguc-p275592089,https://tiki.vn/combo-le-sach-cua-dan-brown-ph-ao-dai-so-diem-doi-lua-nguon-coi-thien-than-va-ac-quy-bieu-tuong-that-truyen-hoa-nguc-p275592089.html,Combo/Lẻ Sách của Dan Brown: Ph. áo Đài Số - Điểm Dối Lừa - Nguồn Cội - Thiên Thần và Ác Quỷ - Biểu Tượng Thất Truyền - Hỏa Ngục,5.0,4,185000,157250,59.0,67994
250478988,tai-ban-2023-dem-trang-fyodor-dostoyevsky-doan-tu-huyen-dich-dong-tay-nxb-ha-noi-p250478988,https://tiki.vn/tai-ban-2023-dem-trang-fyodor-dostoyevsky-doan-tu-huyen-dich-dong-tay-nxb-ha-noi-p250478988.html,"(Tái bản 2024 - Logo ""Những bản thảo không cháy"") ĐÊM TRẮNG – Fyodor Dostoyevsky – Đoàn Tử Huyến dịch – Đông Tây – Nxb hà Nội",5.0,4,60000,60000,79.0,67994
249399028,khong-minh-toan-truyen-bia-cung-p249399028,https://tiki.vn/khong-minh-toan-truyen-bia-cung-p249399028.html,KHỔNG MINH TOÀN TRUYỆN (Bìa cứng),4.8,16,438000,219000,130.0,67994
279288355,nguoi-tinh-phu-nhan-su-truong-diem-lien-khoa-vu-cong-hoan-dich-nxb-van-hoc-p279288355,https://tiki.vn/nguoi-tinh-phu-nhan-su-truong-diem-lien-khoa-vu-cong-hoan-dich-nxb-van-hoc-p279288355.html,NGƯỜI TÌNH PHU NHÂN SƯ TRƯỞNG - Diêm Liên Khoa - Vũ Công Hoan dịch - NXB Văn Học ,0.0,0,268000,268000,8.0,67994
248989445,la-thi-xuan-thu-bia-cung-p248989445,https://tiki.vn/la-thi-xuan-thu-bia-cung-p248989445.html,LÃ THỊ XUÂN THU (Bìa Cứng),4.8,69,328000,164000,638.0,67994
568762,sach-tam-quoc-dien-nghia-tron-bo-04-tap-p568762,https://tiki.vn/sach-tam-quoc-dien-nghia-tron-bo-04-tap-p568762.html,Sách Tam Quốc Diễn Nghĩa (Trọn Bộ 04 Tập),4.7,762,350000,350000,3223.0,67994
10209512,sach-han-so-tranh-hung-p10209512,https://tiki.vn/sach-han-so-tranh-hung-p10209512.html,Sách Hán Sở Tranh Hùng,0.0,0,153969,153969,1.0,67994
279424123,sach-van-hoc-kinh-dien-hung-dong-eleanor-h-porter-phuc-minh-books-p279424123,https://tiki.vn/sach-van-hoc-kinh-dien-hung-dong-eleanor-h-porter-phuc-minh-books-p279424123.html,Sách Văn Học Kinh Điển - Hừng Đông - Eleanor H. Porter - Phuc Minh Books,5.0,1,180000,180000,5.0,67994
277400587,tron-bo-sach-chien-tranh-va-hoa-binh-lev-nikolaievitch-tolstoi-p277400587,https://tiki.vn/tron-bo-sach-chien-tranh-va-hoa-binh-lev-nikolaievitch-tolstoi-p277400587.html,TRỌN BỘ SÁCH: CHIẾN TRANH VÀ HÒA BÌNH - Lev Nikolaievitch Tolstoi,5.0,13,1768000,1768000,65.0,67994
278850068,sach-me-cung-co-doc-octavio-paz-nobel-van-hoc-1990-nha-nam-hcm-p278850068,https://tiki.vn/sach-me-cung-co-doc-octavio-paz-nobel-van-hoc-1990-nha-nam-hcm-p278850068.html,Sách - Mê cung cô độc (Octavio Paz) (Nobel Văn học 1990) (Nhã Nam HCM),0.0,0,170000,153000,7.0,67994
248767695,ben-nay-dia-dang-f-scott-fitzgerald-ban-cung-ao-boc-p248767695,https://tiki.vn/ben-nay-dia-dang-f-scott-fitzgerald-ban-cung-ao-boc-p248767695.html,"""BÊN NÀY ĐỊA ĐÀNG"" - F. SCOTT FITZGERALD (Bản cứng áo bọc)",5.0,2,292000,233600,19.0,67994
278569594,sach-van-hoc-kinh-dien-nguoi-tho-det-o-raveloe-george-eliot-phuc-minh-books-p278569594,https://tiki.vn/sach-van-hoc-kinh-dien-nguoi-tho-det-o-raveloe-george-eliot-phuc-minh-books-p278569594.html,Sách Văn Học Kinh Điển - Người Thợ Dệt Ở Raveloe - George Eliot - Phuc Minh Books,5.0,5,145000,145000,47.0,67994
58973838,sach-doi-gio-hu-bia-cung-tai-ban-2020-p58973838,https://tiki.vn/sach-doi-gio-hu-bia-cung-tai-ban-2020-p58973838.html,Sách Đồi Gió Hú (Bìa Cứng)(Tái Bản 2020),5.0,23,115000,115000,76.0,67994
270490284,ruoi-trau-tai-ban-p270490284,https://tiki.vn/ruoi-trau-tai-ban-p270490284.html,Ruồi Trâu (Tái Bản),0.0,0,108500,108500,1.0,67994
276857392,ford-madox-ford-nguoi-linh-tot-p276857392,https://tiki.vn/ford-madox-ford-nguoi-linh-tot-p276857392.html,Ford Madox Ford - Người lính tốt,0.0,0,66000,66000,5.0,67994
278064774,sach-tu-do-dich-thuc-la-nhay-mua-voi-co-don-p278064774,https://tiki.vn/sach-tu-do-dich-thuc-la-nhay-mua-voi-co-don-p278064774.html,Sách - Tự Do Đích Thực Là Nhảy Múa Với Cô Đơn,0.0,0,168000,100000,28.0,67994
279058878,ban-2025-nghe-nhan-va-margarita-mikhail-bulgakov-dong-a-p279058878,https://tiki.vn/ban-2025-nghe-nhan-va-margarita-mikhail-bulgakov-dong-a-p279058878.html,(Bản 2025) NGHỆ NHÂN VÀ MARGARITA – Mikhail Bulgakov – Đông Tây,0.0,0,379000,379000,7.0,67994
652647,sach-khong-gia-dinh-bia-cung-p652647,https://tiki.vn/sach-khong-gia-dinh-bia-cung-p652647.html,Sách Không Gia Đình (Bìa Cứng),0.0,0,191350,191350,3.0,67994
276963665,sach-combo-sherlock-holmes-ban-dich-day-du-4-tieu-thuyet-va-56-truyen-ngan-tron-bo-3-tap-bia-cung-ep-kim-my-thuat-p276963665,https://tiki.vn/sach-combo-sherlock-holmes-ban-dich-day-du-4-tieu-thuyet-va-56-truyen-ngan-tron-bo-3-tap-bia-cung-ep-kim-my-thuat-p276963665.html,Sách - Combo Sherlock Holmes Bản Dịch Đầy Đủ 4 Tiểu Thuyết Và 56 Truyện Ngắn Trọn Bộ 3 Tập (Bìa Cứng Ép Kim Mỹ Thuật),5.0,5,438000,350000,19.0,67994
273525119,rumi-nha-huyen-mon-va-ke-say-coleman-barks-p273525119,https://tiki.vn/rumi-nha-huyen-mon-va-ke-say-coleman-barks-p273525119.html,Rumi - Nhà Huyền Môn Và Kẻ Say - Coleman Barks,5.0,2,190000,190000,11.0,67994
488166,sach-nhung-tam-long-cao-ca-p488166,https://tiki.vn/sach-nhung-tam-long-cao-ca-p488166.html,Sách Những Tấm Lòng Cao Cả,5.0,2,85000,68000,44.0,67994
276646820,sach-va-roi-nui-vong-tb-2021-nha-nam-hcm-p276646820,https://tiki.vn/sach-va-roi-nui-vong-tb-2021-nha-nam-hcm-p276646820.html,Sách - Và rồi núi vọng (TB 2026) (Nhã Nam HCM),5.0,1,180000,162000,8.0,67994
279066588,tai-ban-tieng-nui-kawabata-yasunari-nxb-ha-noi-nha-nam-p279066588,https://tiki.vn/tai-ban-tieng-nui-kawabata-yasunari-nxb-ha-noi-nha-nam-p279066588.html,(Tái bản) TIẾNG NÚI – Kawabata Yasunari – NXB Hà Nội – Nhã Nam,0.0,0,259000,259000,1.0,67994
34471386,sach-nghin-le-mot-dem-tai-ban-2019-p34471386,https://tiki.vn/sach-nghin-le-mot-dem-tai-ban-2019-p34471386.html,Sách Nghìn Lẻ Một Đêm (Tái Bản 2019),0.0,0,233727,233727,1.0,67994
278294932,sach-ke-khac-guillaume-musso-nha-nam-hcm-p278294932,https://tiki.vn/sach-ke-khac-guillaume-musso-nha-nam-hcm-p278294932.html,Sách - Kẻ khác (Guillaume Musso) (Nhã Nam HCM),5.0,1,188000,178000,14.0,67994
273698501,tranh-in-mau-phat-tai-don-hoang-doan-van-kiet-bui-ba-quan-dich-nxb-dhqg-p273698501,https://tiki.vn/tranh-in-mau-phat-tai-don-hoang-doan-van-kiet-bui-ba-quan-dich-nxb-dhqg-p273698501.html,"(Tranh in màu, Bìa cứng) PHẬT TẠI ĐÔN HOÀNG – Đoàn Văn Kiệt – Bùi Bá Quân dịch – NXB ĐHQG",5.0,2,208000,208000,21.0,67994
277946722,vua-lear-kich-cua-shakespeare-p277946722,https://tiki.vn/vua-lear-kich-cua-shakespeare-p277946722.html,Vua Lear - Kịch Shakespeare,5.0,1,199000,163180,18.0,67994
278115917,sach-to-thu-thai-cong-binh-phap-khuong-lu-vong-hoang-thach-cong-p278115917,https://tiki.vn/sach-to-thu-thai-cong-binh-phap-khuong-lu-vong-hoang-thach-cong-p278115917.html,Sách - Tố Thư & Thái Công Binh Pháp - Khương Lữ Vọng - Hoàng Thạch Công,0.0,0,150000,150000,12.0,67994
278614892,sach-emma-jane-austen-bia-mem-p278614892,https://tiki.vn/sach-emma-jane-austen-bia-mem-p278614892.html,Sách - Emma - Jane Austen (Bìa mềm),5.0,1,199000,179100,2.0,67994
277445766,nam-nguoi-dan-ba-si-tinh-ihara-saikaku-p277445766,https://tiki.vn/nam-nguoi-dan-ba-si-tinh-ihara-saikaku-p277445766.html,Năm Người Đàn Bà Si Tình -  Ihara Saikaku,0.0,0,55000,55000,4.0,67994
275197082,baudelaire-le-spleen-de-paris-p275197082,https://tiki.vn/baudelaire-le-spleen-de-paris-p275197082.html,Baudelaire - Le spleen de Paris,0.0,0,99000,99000,3.0,67994
276405536,sach-nhung-nguoi-khon-kho-bo-3c-hh-hh-p276405536,https://tiki.vn/sach-nhung-nguoi-khon-kho-bo-3c-hh-hh-p276405536.html,Những Người Khốn Khổ - Bộ 3 Cuốn (HH),0.0,0,545000,490500,1.0,67994
270832161,ke-nhac-tuong-tai-ban-p270832161,https://tiki.vn/ke-nhac-tuong-tai-ban-p270832161.html,Kẻ Nhắc Tuồng (Tái Bản),0.0,0,155000,147000,2.0,67994
278122965,sach-co-hoang-william-faulkner-tai-ban-2025-p278122965,https://tiki.vn/sach-co-hoang-william-faulkner-tai-ban-2025-p278122965.html,Sách - Cọ Hoang - William Faulkner (Tái bản 2025),5.0,3,178000,124600,43.0,67994
275773683,sach-tac-pham-kinh-dien-thi-truong-tran-cau-da-thomas-hardy-anh-tram-dich-phuc-minh-books-p275773683,https://tiki.vn/sach-tac-pham-kinh-dien-thi-truong-tran-cau-da-thomas-hardy-anh-tram-dich-phuc-minh-books-p275773683.html,Sách Tiểu Thuyết Kinh Điển - Thị Trưởng Trấn Cầu Đá - Thomas Hardy (Anh Trâm dịch) - Phuc Minh Books,5.0,9,220000,220000,110.0,67994
274896333,combo-muu-luoc-quy-coc-tu-muu-luoc-gia-cat-luong-muu-luoc-tao-thao-bia-cung-bo-3-cuon-kv-p274896333,https://tiki.vn/combo-muu-luoc-quy-coc-tu-muu-luoc-gia-cat-luong-muu-luoc-tao-thao-bia-cung-bo-3-cuon-kv-p274896333.html,Mưu Lược Trung Hoa: Quỷ Cốc Tử - Gia Cát Lượng + Tào Tháo (Bìa Cứng) - KV,5.0,1,168000,168000,6.0,67994
85029037,sach-khong-gia-dinh-bia-cung-p85029037,https://tiki.vn/sach-khong-gia-dinh-bia-cung-p85029037.html,Sách Không Gia Đình (Bìa Cứng),0.0,0,201250,201250,3.0,67994
571210,combo-nhung-nguoi-khon-kho-tron-bo-3-tap-p571210,https://tiki.vn/combo-nhung-nguoi-khon-kho-tron-bo-3-tap-p571210.html,Combo Những Người Khốn Khổ (Trọn Bộ 3 Tập),4.7,342,423000,423000,1228.0,67994
1725947,combo-hong-lau-mong-tron-bo-4-tap-bia-cung-p1725947,https://tiki.vn/combo-hong-lau-mong-tron-bo-4-tap-bia-cung-p1725947.html,Combo Hồng Lâu Mộng (Trọn Bộ 4 Tập Bìa Cứng),4.7,164,499000,499000,735.0,67994
273442708,heidi-cuon-sach-danh-cho-tre-em-va-nhung-ai-yeu-tre-em-p273442708,https://tiki.vn/heidi-cuon-sach-danh-cho-tre-em-va-nhung-ai-yeu-tre-em-p273442708.html,Heidi - Cuốn Sách Dành Cho Trẻ Em Và Những Ai Yêu Trẻ Em,5.0,2,118000,106200,29.0,67994
279640257,sach-chua-ruoi-nobel-van-chuong-1983-p279640257,https://tiki.vn/sach-chua-ruoi-nobel-van-chuong-1983-p279640257.html,Sách - Chúa ruồi (Nobel văn chương 1983),0.0,0,118000,106200,4.0,67994
279164394,sach-chu-a-mau-do-nathaniel-hawthorne-nha-nam-official-p279164394,https://tiki.vn/sach-chu-a-mau-do-nathaniel-hawthorne-nha-nam-official-p279164394.html,Sách - Chữ A màu đỏ (Nathaniel Hawthorne) (Nhã Nam Official),5.0,1,160000,144000,4.0,67994
626519,sach-harry-potter-va-chiec-coc-lua-tap-4-tai-ban-2017-p626519,https://tiki.vn/sach-harry-potter-va-chiec-coc-lua-tap-4-tai-ban-2017-p626519.html,Sách Harry Potter Và Chiếc Cốc Lửa - Tập 4 (Tái Bản 2017),4.6,11,315425,315425,73.0,67994
626886,sach-nhung-tam-long-cao-ca-p626886,https://tiki.vn/sach-nhung-tam-long-cao-ca-p626886.html,Sách Những Tấm Lòng Cao Cả,5.0,1,93350,93350,51.0,67994
262066003,gatsby-vi-dai-song-ngu-anh-viet-tai-ban-2023-p262066003,https://tiki.vn/gatsby-vi-dai-song-ngu-anh-viet-tai-ban-2023-p262066003.html,Gatsby Vĩ Đại (Song Ngữ Anh-Việt) (Tái Bản 2023),5.0,6,169000,148700,88.0,67994
275583837,sach-chum-nho-phan-no-the-grapes-of-warth-p275583837,https://tiki.vn/sach-chum-nho-phan-no-the-grapes-of-warth-p275583837.html,Sách - Chùm nho phẫn nộ - The Grapes of Warth ,0.0,0,183750,183750,1.0,67994
250355858,tao-thao-chi-it-la-mot-anh-hung-bia-cung-p250355858,https://tiki.vn/tao-thao-chi-it-la-mot-anh-hung-bia-cung-p250355858.html,TÀO THÁO - Chí Ít Là Một Anh Hùng (Bìa Cứng),4.5,12,468000,234000,100.0,67994
171255652,ton-tu-binh-phap-bia-cung-p171255652,https://tiki.vn/ton-tu-binh-phap-bia-cung-p171255652.html,Tôn Tử binh pháp - Bìa cứng,5.0,15,250000,237500,147.0,67994
278832859,sach-tau-cuu-ho-roger-vercel-phuc-minh-books-p278832859,https://tiki.vn/sach-tau-cuu-ho-roger-vercel-phuc-minh-books-p278832859.html,Sách Tàu Cứu Hộ - Roger Vercel- Phúc Minh Books,0.0,0,150000,150000,11.0,67994
279281910,giai-booker-2023-khuc-ca-tien-tri-paul-lynch-thien-nga-dich-lightbooks-p279281910,https://tiki.vn/giai-booker-2023-khuc-ca-tien-tri-paul-lynch-thien-nga-dich-lightbooks-p279281910.html,[GIẢI BOOKER 2023] KHÚC CA TIÊN TRI - Paul Lynch - Thiên Nga dịch - Lightbooks,0.0,0,164000,164000,14.0,67994
6921835,sach-don-quixote-tron-bo-2-tap-tai-ban-p6921835,https://tiki.vn/sach-don-quixote-tron-bo-2-tap-tai-ban-p6921835.html,Sách Don Quixote (Trọn Bộ 2 Tập) - Tái Bản,5.0,5,422350,422350,47.0,67994
276065498,truong-an-12-canh-gio-tap-2-p276065498,https://tiki.vn/truong-an-12-canh-gio-tap-2-p276065498.html,Trường An 12 Canh Giờ - Tập 2,0.0,0,199000,199000,6.0,67994
3001993,hop-sach-tay-du-ky-tai-ban-2018-p3001993,https://tiki.vn/hop-sach-tay-du-ky-tai-ban-2018-p3001993.html,Hộp Sách: Tây Du Ký (Tái Bản 2018),4.5,8,423350,423350,49.0,67994
275885360,sach-tu-vien-northanger-northanger-abbey-jane-austen-rainbow-books-p275885360,https://tiki.vn/sach-tu-vien-northanger-northanger-abbey-jane-austen-rainbow-books-p275885360.html,Sách - Tu viện Northanger (Northanger Abbey) - Jane Austen - Rainbow Books,5.0,2,148000,133200,34.0,67994
107015960,nguoi-tinh-cua-phu-nhan-chatterley-p107015960,https://tiki.vn/nguoi-tinh-cua-phu-nhan-chatterley-p107015960.html,Người Tình Của Phu Nhân Chatterley,4.7,40,186000,148800,244.0,67994
278760699,sach-hoa-tulip-den-tai-ban-2025-p278760699,https://tiki.vn/sach-hoa-tulip-den-tai-ban-2025-p278760699.html,Sách - Hoa Tulip Đen (Tái Bản 2025),0.0,0,86000,77400,2.0,67994
3076657,sach-bo-su-ky-tu-ma-thien-2-tap-p3076657,https://tiki.vn/sach-bo-su-ky-tu-ma-thien-2-tap-p3076657.html,Sách Bộ Sử ký - Tư Mã Thiên (2 tập ),4.6,17,324000,324000,104.0,67994
262800996,gatsby-vi-dai-song-ngu-anh-viet-tai-ban-nam-2023-p262800996,https://tiki.vn/gatsby-vi-dai-song-ngu-anh-viet-tai-ban-nam-2023-p262800996.html,Gatsby Vĩ Đại ( Song Ngữ Anh - Việt tái bản năm 2023 ),0.0,0,169000,169000,6.0,67994
75310289,combo-tron-bo-4-cuon-su-ky-tu-ma-thien-p75310289,https://tiki.vn/combo-tron-bo-4-cuon-su-ky-tu-ma-thien-p75310289.html,Combo Trọn Bộ 4 Cuốn: Sử Ký Tư Mã Thiên,5.0,3,701350,701350,50.0,67994
252357173,tram-nam-nobel-toi-ac-cua-sylvestre-bonnard-va-dao-chim-canh-cut-an-ban-gioi-han-bia-cung-p252357173,https://tiki.vn/tram-nam-nobel-toi-ac-cua-sylvestre-bonnard-va-dao-chim-canh-cut-an-ban-gioi-han-bia-cung-p252357173.html,Trăm Năm Nobel - Tội Ác Của Sylvestre Bonnard Và Đảo Chim Cánh Cụt - Ấn Bản Giới Hạn - Bìa Cứng,5.0,3,1500000,1500000,5.0,67994
198097417,phia-tay-khong-co-gi-la-tai-ban-p198097417,https://tiki.vn/phia-tay-khong-co-gi-la-tai-ban-p198097417.html,Phía Tây Không Có Gì Lạ (Tái Bản),5.0,21,100000,95000,159.0,67994
274020592,nha-tho-duc-ba-paris-bia-cung-tai-ban-2024-p274020592,https://tiki.vn/nha-tho-duc-ba-paris-bia-cung-tai-ban-2024-p274020592.html,Nhà Thờ Đức Bà Paris - Bìa Cứng (Tái Bản 2024),5.0,3,155000,136400,12.0,67994
276857192,joseph-conrad-may-p276857192,https://tiki.vn/joseph-conrad-may-p276857192.html,Joseph Conrad - May,0.0,0,133000,133000,13.0,67994
277810636,vo-ngot-tap-2-p277810636,https://tiki.vn/vo-ngot-tap-2-p277810636.html,Vợ Ngọt - Tập 2,3.5,2,199000,199000,11.0,67994
275688904,nghe-nhan-va-magarita-p275688904,https://tiki.vn/nghe-nhan-va-magarita-p275688904.html,Nghệ nhân và Margarita,5.0,5,389000,389000,42.0,67994
271971007,nhung-tam-long-cao-ca-p271971007,https://tiki.vn/nhung-tam-long-cao-ca-p271971007.html,Những Tấm Lòng Cao Cả,5.0,1,95350,95350,26.0,67994
276525122,sach-hoa-than-franz-kafka-tb-2023-p276525122,https://tiki.vn/sach-hoa-than-franz-kafka-tb-2023-p276525122.html,Sách - Hóa thân (Franz Kafka) (TB 2026),5.0,1,65000,65000,18.0,67994
11492076,trai-tim-yeu-mem-p11492076,https://tiki.vn/trai-tim-yeu-mem-p11492076.html,Trái Tim Yếu Mềm,5.0,24,145000,108750,196.0,67994
276295509,sach-khuyen-hoc-fukuzawa-yukichi-nha-nam-p276295509,https://tiki.vn/sach-khuyen-hoc-fukuzawa-yukichi-nha-nam-p276295509.html,Sách - Khuyến học (Fukuzawa Yukichi) (Nhã Nam),4.7,3,80000,72000,33.0,67994
176024921,chu-tu-tinh-tuyen-trang-tu-p176024921,https://tiki.vn/chu-tu-tinh-tuyen-trang-tu-p176024921.html,Chư Tử Tinh Tuyển - Trang Tử,0.0,0,168000,168000,12.0,67994
276856622,thoreau-nhung-chuyen-dao-choi-p276856622,https://tiki.vn/thoreau-nhung-chuyen-dao-choi-p276856622.html,Thoreau - Những chuyến dạo chơi,5.0,2,77000,77000,8.0,67994
263303987,khong-gia-dinh-bia-cung-p263303987,https://tiki.vn/khong-gia-dinh-bia-cung-p263303987.html,Không Gia Đình - Bìa Cứng,0.0,0,158000,123200,15.0,67994
271963405,tam-quoc-chi-boxset-tron-bo-5-tap-p271963405,https://tiki.vn/tam-quoc-chi-boxset-tron-bo-5-tap-p271963405.html,Tam Quốc chí (Boxset trọn bộ 5 tập),5.0,8,1590000,1431000,43.0,67994
221255594,chu-be-mang-pyjama-soc-tai-ban-2023-p221255594,https://tiki.vn/chu-be-mang-pyjama-soc-tai-ban-2023-p221255594.html,Chú Bé Mang Pyjama Sọc - Tái Bản 2023,5.0,1,79000,79000,8.0,67994
276522434,sach-nguoi-me-macxim-gorky-sbooks-p276522434,https://tiki.vn/sach-nguoi-me-macxim-gorky-sbooks-p276522434.html,Sách - Người Mẹ ( Macxim Gorky ) - SBOOKS,5.0,3,138000,138000,17.0,67994
190546801,vanh-dai-sao-tho-p190546801,https://tiki.vn/vanh-dai-sao-tho-p190546801.html,Vành đai Sao Thổ,4.8,9,239000,174000,80.0,67994
395280,sach-don-quixote-tron-bo-2-tap-p395280,https://tiki.vn/sach-don-quixote-tron-bo-2-tap-p395280.html,Sách Don Quixote (Trọn Bộ 2 Tập),5.0,20,420250,420250,74.0,67994
277945487,shakespeare-dia-dang-tim-thay-p277945487,https://tiki.vn/shakespeare-dia-dang-tim-thay-p277945487.html,Shakespeare - Địa đàng tìm thấy,5.0,1,189000,154980,14.0,67994
451932,sach-ba-nguoi-linh-ngu-lam-dong-a-p451932,https://tiki.vn/sach-ba-nguoi-linh-ngu-lam-dong-a-p451932.html,Sách Ba Người Lính Ngự Lâm (Đông A),5.0,14,241500,241500,77.0,67994
571883,sach-thoi-tho-au-bia-cung-p571883,https://tiki.vn/sach-thoi-tho-au-bia-cung-p571883.html,Sách Thời Thơ Ấu (Bìa Cứng),5.0,7,93500,93500,53.0,67994
279232087,sach-kim-cac-tu-bia-cung-nha-nam-hcm-p279232087,https://tiki.vn/sach-kim-cac-tu-bia-cung-nha-nam-hcm-p279232087.html,Sách - Kim Các Tự (bìa cứng) (Nhã Nam HCM),5.0,1,230000,207000,5.0,67994
200726039,coi-troi-linh-hon-p200726039,https://tiki.vn/coi-troi-linh-hon-p200726039.html,Cởi Trói Linh Hồn,0.0,0,112000,112000,6.0,67994
57380875,sach-thep-da-toi-the-day-tai-ban-2020-p57380875,https://tiki.vn/sach-thep-da-toi-the-day-tai-ban-2020-p57380875.html,Sách Thép Đã Tôi Thế Đấy,4.0,1,126000,126000,8.0,67994
166073424,buc-thu-cua-nguoi-dan-ba-khong-quen-p166073424,https://tiki.vn/buc-thu-cua-nguoi-dan-ba-khong-quen-p166073424.html,Bức thư của người đàn bà không quen,5.0,28,98000,83300,176.0,67994
191374306,ban-dich-moi-va-day-du-kem-200-minh-hoa-tuyet-dep-nha-tho-duc-ba-paris-victor-hugo-dong-a-bia-cung-co-ao-p191374306,https://tiki.vn/ban-dich-moi-va-day-du-kem-200-minh-hoa-tuyet-dep-nha-tho-duc-ba-paris-victor-hugo-dong-a-bia-cung-co-ao-p191374306.html,"[Bản dịch mới và đầy đủ, kèm 200 minh họa tuyệt đẹp] NHÀ THỜ ĐỨC BÀ PARIS – Victor Hugo – Đông A – Bìa cứng có áo",5.0,1,525000,525000,6.0,67994
543996,sach-jane-eyre-p543996,https://tiki.vn/sach-jane-eyre-p543996.html,Sách Jane Eyre,0.0,0,201350,201350,40.0,67994
41016104,tac-pham-kinh-dien-nghin-le-mot-dem-bia-cung-tai-ban-2019-sach-van-hoc-hay-tang-kem-bookmark-happy-life-p41016104,https://tiki.vn/tac-pham-kinh-dien-nghin-le-mot-dem-bia-cung-tai-ban-2019-sach-van-hoc-hay-tang-kem-bookmark-happy-life-p41016104.html,Tác Phẩm Kinh Điển -  Nghìn Lẻ Một Đêm (Bìa Cứng - Tái Bản 2019) / Sách Văn Học Hay (Tặng Kèm Bookmark Happy Life),0.0,0,194400,194400,2.0,67994
276162785,bach-khoa-thu-van-hoa-co-dien-trung-quoc-nguyen-ton-nhan-p276162785,https://tiki.vn/bach-khoa-thu-van-hoa-co-dien-trung-quoc-nguyen-ton-nhan-p276162785.html,Bách Khoa Thư Văn Hóa Cổ Điển Trung Quốc - Nguyễn Tôn Nhan,0.0,0,550000,550000,4.0,67994
1694137,sach-mieng-da-lua-p1694137,https://tiki.vn/sach-mieng-da-lua-p1694137.html,Sách Miếng Da Lừa,5.0,2,92650,92650,40.0,67994
51574033,sach-tay-du-ky-tron-bo-4-tap-p51574033,https://tiki.vn/sach-tay-du-ky-tron-bo-4-tap-p51574033.html,Sách Tây Du Ký Trọn Bộ 4 Tập,4.7,190,524000,524000,918.0,67994
278226970,sach-totto-chan-ben-cua-so-nhung-chuyen-tiep-theo-nha-nam-hcm-p278226970,https://tiki.vn/sach-totto-chan-ben-cua-so-nhung-chuyen-tiep-theo-nha-nam-hcm-p278226970.html,Sách - Totto-chan bên cửa sổ những chuyện tiếp theo (Nhã Nam HCM),5.0,2,155000,147000,6.0,67994
279064112,sach-tay-nguoi-lanh-gia-han-kang-nha-nam-hcm-p279064112,https://tiki.vn/sach-tay-nguoi-lanh-gia-han-kang-nha-nam-hcm-p279064112.html,Sách - Tay người lạnh giá (Han Kang) (Nhã Nam HCM),0.0,0,195000,167700,4.0,67994
263207844,phong-than-dien-nghia-tron-bo-3-cuon-p263207844,https://tiki.vn/phong-than-dien-nghia-tron-bo-3-cuon-p263207844.html,Phong Thần Diễn Nghĩa (Trọn Bộ 3 Cuốn),5.0,1,468000,411800,8.0,67994
276931784,khi-moi-dieu-khong-nhu-y-p276931784,https://tiki.vn/khi-moi-dieu-khong-nhu-y-p276931784.html,Khi Mọi Điều Không Như Ý,5.0,1,135000,128000,13.0,67994
278238505,nu-sinh-tai-ban-nam-2025-p278238505,https://tiki.vn/nu-sinh-tai-ban-nam-2025-p278238505.html, Nữ Sinh (Tái bản năm 2025),0.0,0,139000,139000,5.0,67994
656342,sach-than-thoai-hy-lap-tron-bo-2-tap-p656342,https://tiki.vn/sach-than-thoai-hy-lap-tron-bo-2-tap-p656342.html,Sách Thần Thoại Hy Lạp (Trọn Bộ 2 Tập),4.6,668,219000,219000,2864.0,67994
217750958,ho-ng-lau-mo-ng-bo-3-cuon-p217750958,https://tiki.vn/ho-ng-lau-mo-ng-bo-3-cuon-p217750958.html,Hồng Lâu Mộng (Bộ 3 Cuốn),4.2,5,420450,420450,20.0,67994
278351220,sach-ke-khac-guillaume-musso-nha-nam-official-p278351220,https://tiki.vn/sach-ke-khac-guillaume-musso-nha-nam-official-p278351220.html,Sách - Kẻ khác (Guillaume Musso) (Nhã Nam Official),0.0,0,188000,169200,82.0,67994
279302965,ba-palfrey-va-dua-chau-trai-gia-mao-p279302965,https://tiki.vn/ba-palfrey-va-dua-chau-trai-gia-mao-p279302965.html,Bà Palfrey Và Đứa Cháu Trai Giả Mạo,0.0,0,189000,141750,8.0,67994
252092847,la-thi-xuan-thu-ban-dich-tron-bo-la-bat-vi-ngo-tran-trung-nghia-dich-khang-viet-book-nxb-van-hoc-p252092847,https://tiki.vn/la-thi-xuan-thu-ban-dich-tron-bo-la-bat-vi-ngo-tran-trung-nghia-dich-khang-viet-book-nxb-van-hoc-p252092847.html,LÃ THỊ XUÂN THU (Bản dịch trọn bộ) -  Lã Bất Vi –  Ngô Trần Trung Nghĩa dịch - Khang Việt Book - NXB Văn Học,1.0,1,327000,327000,5.0,67994
271739685,sach-tuyen-tap-vu-trong-phung-p271739685,https://tiki.vn/sach-tuyen-tap-vu-trong-phung-p271739685.html,Sách: Tuyển Tập Vũ Trọng Phụng,5.0,1,180000,144000,11.0,67994
278737177,tac-pham-doat-nobel-van-chuong-2025-vu-dieu-quy-satan-krasznahorkai-laszlo-giap-van-chung-dich-nha-nam-nxb-van-hoc-p278737177,https://tiki.vn/tac-pham-doat-nobel-van-chuong-2025-vu-dieu-quy-satan-krasznahorkai-laszlo-giap-van-chung-dich-nha-nam-nxb-van-hoc-p278737177.html,(Tác phẩm đoạt Nobel Văn Chương 2025) VŨ ĐIỆU QUỶ SATAN – Krasznahorkai László – Giáp Văn Chung dịch - Nhã Nam - NXB Văn Học,0.0,0,150000,150000,28.0,67994
273458767,sach-series-tac-gia-franz-kafka-cap-nhat-nha-nam-official-p273458767,https://tiki.vn/sach-series-tac-gia-franz-kafka-cap-nhat-nha-nam-official-p273458767.html,Sách - Series tác giả Franz Kafka (cập nhật) - Nhã Nam Official,0.0,0,65000,58500,2.0,67994
50047485,tac-pham-lot-vao-danh-sach-nhung-tieu-thuyet-hay-nhat-moi-thoi-dai-cua-van-hoc-my-nhung-cuoc-phieu-luu-cua-huckleberry-finn-p50047485,https://tiki.vn/tac-pham-lot-vao-danh-sach-nhung-tieu-thuyet-hay-nhat-moi-thoi-dai-cua-van-hoc-my-nhung-cuoc-phieu-luu-cua-huckleberry-finn-p50047485.html,Tác phẩm  lọt vào danh sách những tiểu thuyết hay nhất mọi thời đại của văn học Mỹ:  Những Cuộc Phiêu Lưu Của Huckleberry Finn,4.8,5,89350,89350,56.0,67994
274871562,tron-bo-3-tap-van-chuong-nobel-tang-postcchochooard-dat-lanh-doi-con-ly-tan-pearl-s-buck-nguyen-van-ha-nguyen-tuan-binh-nguyen-quang-huy-dich-nxb-phu-nu-p274871562,https://tiki.vn/tron-bo-3-tap-van-chuong-nobel-tang-postcchochooard-dat-lanh-doi-con-ly-tan-pearl-s-buck-nguyen-van-ha-nguyen-tuan-binh-nguyen-quang-huy-dich-nxb-phu-nu-p274871562.html,"[trọn bộ 3 tập văn chương Nobel tặng postcard] ĐẤT LÀNH ĐỜI CON LY TÁN – Pearl S. Buck Nguyễn Vân Hà, Nguyễn Tuấn Bình, Nguyễn Quang Huy dịch – NXB Phụ Nữ",4.0,4,599000,599000,23.0,67994
279120586,than-thoai-nhung-cau-chuyen-vuot-thoi-gian-ve-cac-vi-than-va-anh-hung-edith-hamilton-p279120586,https://tiki.vn/than-thoai-nhung-cau-chuyen-vuot-thoi-gian-ve-cac-vi-than-va-anh-hung-edith-hamilton-p279120586.html,THẦN THOẠI - Những câu chuyện vượt thời gian về các vị thần và anh hùng – Edith Hamilton,0.0,0,225000,225000,1.0,67994
273166531,sach-dam-song-doi-dung-cam-ban-quyen-p273166531,https://tiki.vn/sach-dam-song-doi-dung-cam-ban-quyen-p273166531.html,Sách Dám Sống Đời Dũng Cảm - Bản Quyền,0.0,0,100300,100300,1.0,67994
279076190,sach-de-profundis-bai-ballad-ve-nha-nguc-reading-oscar-wilde-nha-nam-hcm-p279076190,https://tiki.vn/sach-de-profundis-bai-ballad-ve-nha-nguc-reading-oscar-wilde-nha-nam-hcm-p279076190.html,Sách - De Profundis & Bài ballad về nhà ngục Reading (Oscar Wilde) (Nhã Nam HCM),0.0,0,110000,99000,5.0,67994
274121338,sach-thang-gu-nha-tho-duc-ba-tap-2-ha-p274121338,https://tiki.vn/sach-thang-gu-nha-tho-duc-ba-tap-2-ha-p274121338.html,Sách - thằng gù nhà thờ đức bà - tập 2 ( HA),5.0,2,135000,94500,8.0,67994
273892333,sach-dep-va-buon-kawabata-yasunari-nha-nam-official-p273892333,https://tiki.vn/sach-dep-va-buon-kawabata-yasunari-nha-nam-official-p273892333.html,Sách - Đẹp và buồn (Kawabata Yasunari) - Nhã Nam Official,0.0,0,118000,118000,4.0,67994
42843093,tieu-thuyet-kinh-dien-quo-vadis-bia-cung-top-sach-van-hoc-nuoc-ngoai-ban-chay-nhat-moi-thoi-dai-tang-kem-bookmark-green-life-p42843093,https://tiki.vn/tieu-thuyet-kinh-dien-quo-vadis-bia-cung-top-sach-van-hoc-nuoc-ngoai-ban-chay-nhat-moi-thoi-dai-tang-kem-bookmark-green-life-p42843093.html,Tiểu Thuyết Kinh Điển: QUO VADIS (BÌA CỨNG) - Top Sách Văn Học Nước Ngoài Bán Chạy Nhất Mọi Thời Đại / Tặng Kèm Bookmark Green Life,5.0,2,175200,175200,34.0,67994
26222265,ba-nguoi-linh-ngu-lam-p26222265,https://tiki.vn/ba-nguoi-linh-ngu-lam-p26222265.html,Ba Người Lính Ngự Lâm,0.0,0,210000,210000,1.0,67994
277012670,tieng-goi-noi-hoang-da-jack-london-p277012670,https://tiki.vn/tieng-goi-noi-hoang-da-jack-london-p277012670.html,Tiếng Gọi Nơi Hoang Dã - Jack London,0.0,0,55000,55000,1.0,67994
192117338,nha-gia-kim-p192117338,https://tiki.vn/nha-gia-kim-p192117338.html,Nhà giả kim ,0.0,0,95000,95000,1.0,67994
279112348,sach-bach-gia-tranh-minh-lao-tu-dao-duc-kinh-tai-ban-2025-p279112348,https://tiki.vn/sach-bach-gia-tranh-minh-lao-tu-dao-duc-kinh-tai-ban-2025-p279112348.html,Sách - Bách Gia Tranh Minh - Lão Tử Đạo Đức Kinh (Tái Bản 2025),5.0,1,179000,157500,5.0,67994
270701629,combo-sach-tam-quoc-dien-nghia-3-tap-bo-tb-p270701629,https://tiki.vn/combo-sach-tam-quoc-dien-nghia-3-tap-bo-tb-p270701629.html,Combo sách: Tam quốc diễn nghĩa ( 3 Tập/ bộ) TB,0.0,0,450000,450000,1.0,67994
186142233,rumi-tinh-tuyet-p186142233,https://tiki.vn/rumi-tinh-tuyet-p186142233.html,Sách - Rumi Tinh Tuyệt,5.0,1,360000,360000,29.0,67994
275280953,sach-xu-tuyet-bia-cung-kawabata-yasunari-nha-nam-official-p275280953,https://tiki.vn/sach-xu-tuyet-bia-cung-kawabata-yasunari-nha-nam-official-p275280953.html,Sách - Xứ tuyết (Bìa cứng) (Kawabata Yasunari) (Nhã Nam Official),5.0,2,112000,100800,12.0,67994
177274835,hanh-trinh-vao-tam-trai-dat-bia-cung-tai-ban-p177274835,https://tiki.vn/hanh-trinh-vao-tam-trai-dat-bia-cung-tai-ban-p177274835.html,Hành Trình Vào Tâm Trái Đất (Bìa Cứng) (Tái Bản),4.7,3,115000,101200,9.0,67994
368019,sach-ngoi-nha-nho-tren-thao-nguyen-tap-1-giua-dai-ngan-p368019,https://tiki.vn/sach-ngoi-nha-nho-tren-thao-nguyen-tap-1-giua-dai-ngan-p368019.html,Sách Ngôi Nhà Nhỏ Trên Thảo Nguyên - Tập 1: Giữa Đại Ngàn,0.0,0,40000,40000,13.0,67994
427940,sach-nhung-con-chim-an-minh-cho-chet-p427940,https://tiki.vn/sach-nhung-con-chim-an-minh-cho-chet-p427940.html,Sách Những Con Chim Ẩn Mình Chờ Chết,5.0,5,160000,160000,18.0,67994
47504730,sach-ngua-o-yeu-dau-tai-ban-p47504730,https://tiki.vn/sach-ngua-o-yeu-dau-tai-ban-p47504730.html,Sách Ngựa Ô Yêu Dấu (Tái Bản),5.0,10,100000,95000,36.0,67994
273045473,harry-potter-tap-4-harry-potter-va-chiec-coc-lua-p273045473,https://tiki.vn/harry-potter-tap-4-harry-potter-va-chiec-coc-lua-p273045473.html,Harry Potter - Tập 4 - Harry Potter và chiếc cốc lửa,0.0,0,310000,310000,2.0,67994
53988212,combo-dao-giau-vang-bia-mem-nhung-cuoc-phieu-luu-cua-huckleberry-finn-bia-mem-p53988212,https://tiki.vn/combo-dao-giau-vang-bia-mem-nhung-cuoc-phieu-luu-cua-huckleberry-finn-bia-mem-p53988212.html,"Combo Đảo giấu vàng (bìa mềm) , Những cuộc phiêu lưu của Huckleberry Finn (bìa mềm)",0.0,0,171500,171500,3.0,67994
543206,sach-khong-gia-dinh-bia-cung-p543206,https://tiki.vn/sach-khong-gia-dinh-bia-cung-p543206.html,Sách Không Gia Đình (Bìa Cứng),0.0,0,99650,99650,3.0,67994
276856678,cesare-pavese-nghe-song-p276856678,https://tiki.vn/cesare-pavese-nghe-song-p276856678.html,Cesare Pavese - Nghề sống,5.0,1,133000,133000,5.0,67994
271224951,chuyen-ky-la-o-tiem-sach-cu-tanabe-p271224951,https://tiki.vn/chuyen-ky-la-o-tiem-sach-cu-tanabe-p271224951.html,Chuyện Kỳ Lạ Ở Tiệm Sách Cũ Tanabe,0.0,0,179000,179000,1.0,67994
276191160,thu-doc-sach-p276191160,https://tiki.vn/thu-doc-sach-p276191160.html,THÚ ĐỌC SÁCH Tái Bản 2025 ( Bìa Cứng ),5.0,2,320000,320000,13.0,67994
262905972,combo-hai-muoi-tu-gio-trong-doi-nguoi-dan-ba-buc-thu-cua-nguoi-dan-ba-khong-quen-p262905972,https://tiki.vn/combo-hai-muoi-tu-gio-trong-doi-nguoi-dan-ba-buc-thu-cua-nguoi-dan-ba-khong-quen-p262905972.html,Combo Hai mươi tư giờ trong đời người đàn bà + Bức thư của người đàn bà không quen,5.0,1,243000,206550,11.0,67994
34749035,combo-sach-bat-tre-dong-xanh-giet-con-chim-nhai-bo-2-cuon-p34749035,https://tiki.vn/combo-sach-bat-tre-dong-xanh-giet-con-chim-nhai-bo-2-cuon-p34749035.html,Combo Sách Bắt Trẻ Đồng Xanh + Giết Con Chim Nhại (Bộ 2 Cuốn),0.0,0,228000,228000,4.0,67994
278057924,sach-tieng-goi-cua-hoang-da-p278057924,https://tiki.vn/sach-tieng-goi-cua-hoang-da-p278057924.html,Sách: Tiếng Gọi Của Hoang Dã,0.0,0,48000,38400,7.0,67994
459667,combo-dao-giau-vang-hai-van-dam-duoi-day-bien-tren-sa-mac-va-trong-rung-tham-p459667,https://tiki.vn/combo-dao-giau-vang-hai-van-dam-duoi-day-bien-tren-sa-mac-va-trong-rung-tham-p459667.html,Combo Đảo Giấu Vàng + Hai Vạn Dặm Dưới Đáy Biển + Trên Sa mạc và Trong Rừng Thẳm,0.0,0,244975,244975,11.0,67994
1914983,sach-ivanhoe-p1914983,https://tiki.vn/sach-ivanhoe-p1914983.html,Sách Ivanhoe,2.7,3,175000,143500,11.0,67994
105224525,tho-wislawa-szymborska-nobel-van-chuong-1996-p105224525,https://tiki.vn/tho-wislawa-szymborska-nobel-van-chuong-1996-p105224525.html,Thơ Wislawa Szymborska - Nobel Văn Chương 1996,5.0,11,90000,90000,86.0,67994
197690017,loi-bien-giai-va-nhung-dieu-dang-nho-xenophon-p197690017,https://tiki.vn/loi-bien-giai-va-nhung-dieu-dang-nho-xenophon-p197690017.html,Lời biện giải và những điều đáng nhớ - Xenophon,4.8,5,83000,83000,82.0,67994
279017900,tay-nguoi-lanh-gia-han-kang-nxb-hoi-nha-van-nha-nam-p279017900,https://tiki.vn/tay-nguoi-lanh-gia-han-kang-nxb-hoi-nha-van-nha-nam-p279017900.html,(Nobel văn chương 2024) TAY NGƯỜI LẠNH GIÁ – Han Kang – NXB Hội Nhà Văn - Nhã Nam,0.0,0,185000,185000,10.0,67994
242443711,cay-cam-ngot-cua-toi-p242443711,https://tiki.vn/cay-cam-ngot-cua-toi-p242443711.html,Cây cam ngọt của tôi,0.0,0,108000,108000,1.0,67994
277996731,coi-re-eugenie-grandet-p277996731,https://tiki.vn/coi-re-eugenie-grandet-p277996731.html,Cội Rễ + Eugénie Grandet,5.0,1,466000,396100,3.0,67994
273657351,rumi-nha-huyen-mon-va-ke-say-p273657351,https://tiki.vn/rumi-nha-huyen-mon-va-ke-say-p273657351.html,Rumi Nhà Huyền Môn Và Kẻ Say,0.0,0,190000,190000,1.0,67994
74166759,sach-bo-2-cuon-ve-hai-gia-toc-lung-lay-gia-toc-morgan-titan-gia-toc-rockefeller-bia-den-p74166759,https://tiki.vn/sach-bo-2-cuon-ve-hai-gia-toc-lung-lay-gia-toc-morgan-titan-gia-toc-rockefeller-bia-den-p74166759.html,Sách Bộ 2 Cuốn Về Hai Gia Tộc Lừng Lẫy : Gia Tộc Morgan + TiTan - Gia Tộc Rockefeller (Bìa Đen),5.0,7,998000,848000,46.0,67994
200725417,bo-gia-p200725417,https://tiki.vn/bo-gia-p200725417.html,Bố Già,0.0,0,230000,230000,,67994
271433568,tieng-goi-noi-hoang-da-tai-ban-2023-p271433568,https://tiki.vn/tieng-goi-noi-hoang-da-tai-ban-2023-p271433568.html,Tiếng Gọi Nơi Hoang Dã (Tái Bản 2023),0.0,0,80000,70400,10.0,67994
279006061,sach-tra-hoa-nu-tai-ban-2025-p279006061,https://tiki.vn/sach-tra-hoa-nu-tai-ban-2025-p279006061.html,Sách - Trà Hoa Nữ (Tái Bản 2025),0.0,0,86000,77400,1.0,67994
249208065,sach-tam-the-tap-3-tu-than-song-mai-nha-nam-ban-quyen-p249208065,https://tiki.vn/sach-tam-the-tap-3-tu-than-song-mai-nha-nam-ban-quyen-p249208065.html,Sách Tam Thể (Tập 3) - Tử thần sống mãi - Nhã Nam - BẢN QUYỀN,0.0,0,290000,290000,,67994
277992501,coi-re-buc-thu-cua-nguoi-dan-ba-khong-quen-p277992501,https://tiki.vn/coi-re-buc-thu-cua-nguoi-dan-ba-khong-quen-p277992501.html,Cội Rễ + Bức Thư Của Người Đàn Bà Không Quen,0.0,0,478000,406300,2.0,67994
539037,sach-su-ky-tu-ma-thien-bia-mem-p539037,https://tiki.vn/sach-su-ky-tu-ma-thien-bia-mem-p539037.html,Sách Sử Ký Tư Mã Thiên (Bìa Mềm),0.0,0,178482,178482,1.0,67994
274919713,nguoi-do-thai-co-dai-tron-bo-2-tap-bia-cung-p274919713,https://tiki.vn/nguoi-do-thai-co-dai-tron-bo-2-tap-bia-cung-p274919713.html,Sách- Người Do Thái Cổ Đại Trọn bộ 2 tập (Bìa Cứng),5.0,12,328000,213200,106.0,67994
275199544,baudelaire-hoa-si-cua-cuoc-song-hien-tai-p275199544,https://tiki.vn/baudelaire-hoa-si-cua-cuoc-song-hien-tai-p275199544.html,Baudelaire - Họa sĩ của cuộc sống hiện tại,0.0,0,64000,64000,7.0,67994
277600830,sach-go-mun-tb-2022-nha-nam-hcm-p277600830,https://tiki.vn/sach-go-mun-tb-2022-nha-nam-hcm-p277600830.html,Sách - Gỗ mun (TB 2022) (Nhã Nam HCM),0.0,0,160000,144000,2.0,67994
279021451,sach-nhung-chu-nhat-cua-mot-thi-dan-paris-guy-de-maupassant-nha-nam-official-p279021451,https://tiki.vn/sach-nhung-chu-nhat-cua-mot-thi-dan-paris-guy-de-maupassant-nha-nam-official-p279021451.html,Sách - Những Chủ nhật của một thị dân Paris (GUY De MAUPASSANT) (Nhã Nam Official),0.0,0,129000,116100,25.0,67994
279073799,de-profundis-bai-ballad-ve-nha-nguc-reading-oscar-wilde-nha-nam-p279073799,https://tiki.vn/de-profundis-bai-ballad-ve-nha-nguc-reading-oscar-wilde-nha-nam-p279073799.html,DE PROFUNDIS & BÀI BALLAD VỀ NHÀ NGỤC READING – Oscar Wilde – Nhã Nam,5.0,1,104500,104500,2.0,67994
276502478,tro-thanh-chang-vo-lam-nen-cua-nhan-vat-phan-dien-tap-2-p276502478,https://tiki.vn/tro-thanh-chang-vo-lam-nen-cua-nhan-vat-phan-dien-tap-2-p276502478.html,Trở Thành Chàng Vợ Làm Nền Của Nhân Vật Phản Diện - Tập 2,2.0,1,215000,204250,5.0,67994
261986176,dinh-gio-hu-p261986176,https://tiki.vn/dinh-gio-hu-p261986176.html,Đỉnh Gió Hú ,0.0,0,130000,126100,5.0,67994
274947003,tieng-goi-cua-hoang-da-p274947003,https://tiki.vn/tieng-goi-cua-hoang-da-p274947003.html,Tiếng Gọi Của Hoang Dã,0.0,0,118000,103800,6.0,67994
209905715,combo-gia-toc-morgan-titan-gia-toc-rockefeller-kochland-de-che-koch-ban-quyen-p209905715,https://tiki.vn/combo-gia-toc-morgan-titan-gia-toc-rockefeller-kochland-de-che-koch-ban-quyen-p209905715.html,Combo: Gia Tộc Morgan + Titan - Gia tộc Rockefeller + Kochland - Đế Chế Koch - Bản Quyền - Titan - Rockefeller,4.5,2,499000,424000,10.0,67994
444742,sach-tup-leu-bac-tom-p444742,https://tiki.vn/sach-tup-leu-bac-tom-p444742.html,Sách Túp Lều Bác Tom,4.7,20,93350,93350,110.0,67994
278248026,arya-ban-ben-thinh-thoang-lai-treu-gheo-toi-bang-tieng-nga-tap-7-p278248026,https://tiki.vn/arya-ban-ben-thinh-thoang-lai-treu-gheo-toi-bang-tieng-nga-tap-7-p278248026.html,Arya Bàn Bên Thỉnh Thoảng Lại Trêu Ghẹo Tôi Bằng Tiếng Nga - Tập 7,0.0,0,95000,95000,2.0,67994
278022656,arya-ban-ben-thinh-thoang-lai-treu-gheo-toi-bang-tieng-nga-tap-6-p278022656,https://tiki.vn/arya-ban-ben-thinh-thoang-lai-treu-gheo-toi-bang-tieng-nga-tap-6-p278022656.html,Arya Bàn Bên Thỉnh Thoảng Lại Trêu Ghẹo Tôi Bằng Tiếng Nga - Tập 6,0.0,0,95000,95000,1.0,67994
275234555,herzog-saul-bellow-nobel-van-chuong-nam-1976-mot-trong-nhung-tieu-thuyet-van-hoc-vi-dai-nhat-cua-nuoc-my-thoi-hau-chien-p275234555,https://tiki.vn/herzog-saul-bellow-nobel-van-chuong-nam-1976-mot-trong-nhung-tieu-thuyet-van-hoc-vi-dai-nhat-cua-nuoc-my-thoi-hau-chien-p275234555.html,Herzog - Saul Bellow (Nobel Văn Chương năm 1976) - một trong những tiểu thuyết văn học vĩ đại nhất của nước Mỹ thời hậu chiến,5.0,2,186000,186000,5.0,67994
277837335,sach-tay-du-lay-loi-ky-nha-nam-hcm-p277837335,https://tiki.vn/sach-tay-du-lay-loi-ky-nha-nam-hcm-p277837335.html,Sách - Tây Du Lầy Lội Ký (Nhã Nam HCM),0.0,0,225000,202500,2.0,67994
559552,sach-cuoc-phieu-luu-cua-tom-sawyer-tai-ban-2016-p559552,https://tiki.vn/sach-cuoc-phieu-luu-cua-tom-sawyer-tai-ban-2016-p559552.html,Sách Cuộc Phiêu Lưu Của Tom Sawyer (Tái Bản 2016),0.0,0,72000,72000,2.0,67994
453668,sach-thep-da-toi-the-day-p453668,https://tiki.vn/sach-thep-da-toi-the-day-p453668.html,Sách Thép Đã Tôi Thế Đấy,5.0,23,165000,132000,141.0,67994
279465301,tap-i-anna-karenina-lev-tolstoy-nha-nam-nxb-hoi-nha-van-p279465301,https://tiki.vn/tap-i-anna-karenina-lev-tolstoy-nha-nam-nxb-hoi-nha-van-p279465301.html,(Bô 2 Tập) ANNA KARENINA - Lev Tolstoy - Dương Tường - Nhị Ca dịch – Nhã Nam – NXB Hội Nhà Văn,0.0,0,451000,451000,,67994
279288351,kien-nganh-nhu-thuy-diem-lien-khoa-minh-thuong-dich-nxb-van-hoc-p279288351,https://tiki.vn/kien-nganh-nhu-thuy-diem-lien-khoa-minh-thuong-dich-nxb-van-hoc-p279288351.html,KIÊN NGẠNH NHƯ THỦY - Diêm Liên Khoa - Minh Thương dịch - NXB Văn Học ,4.0,1,398000,398000,7.0,67994
278713776,sach-kieu-hanh-va-dinh-kien-bia-cung-p278713776,https://tiki.vn/sach-kieu-hanh-va-dinh-kien-bia-cung-p278713776.html,Sách - Kiêu Hãnh Và Định Kiến - Bìa Cứng,5.0,2,215000,189200,4.0,67994
273698463,khong-gia-dinh-bia-hoa-p273698463,https://tiki.vn/khong-gia-dinh-bia-hoa-p273698463.html,Không gia đình (Bìa hoa),5.0,2,180000,171000,15.0,67994
166033459,sach-toi-ac-va-hinh-phat-tai-ban-lan-3-bia-cung-p166033459,https://tiki.vn/sach-toi-ac-va-hinh-phat-tai-ban-lan-3-bia-cung-p166033459.html,Sách Tội Ác Và Hình Phạt (Tái Bản Lần 3 - Bìa Cứng),5.0,1,399000,399000,12.0,67994
417852,sach-nhung-nguoi-khon-kho-tron-bo-3-tap-p417852,https://tiki.vn/sach-nhung-nguoi-khon-kho-tron-bo-3-tap-p417852.html,Sách Những Người Khốn Khổ (Trọn Bộ 3 Tập),0.0,0,463157,463157,1.0,67994
270134765,suoi-nguon-tai-ban-2023-p270134765,https://tiki.vn/suoi-nguon-tai-ban-2023-p270134765.html,Suối Nguồn (Tái Bản 2023),4.0,1,380000,311600,32.0,67994
278685996,ban-dac-biet-bia-da-s333-chuyen-rung-xanh-rudyard-kipling-p278685996,https://tiki.vn/ban-dac-biet-bia-da-s333-chuyen-rung-xanh-rudyard-kipling-p278685996.html,bản đặc biệt bìa da S333 - CHUYỆN RỪNG XANH - RUDYARD KIPLING,0.0,0,1250000,1250000,,67994
176029949,chu-tu-tinh-tuyen-tuan-tu-trang-tu-han-phi-tu-p176029949,https://tiki.vn/chu-tu-tinh-tuyen-tuan-tu-trang-tu-han-phi-tu-p176029949.html,Chư Tử Tinh Tuyển - Tuân Tử - Trang Tử - Hàn Phi Tử,5.0,4,504000,504000,12.0,67994
275248918,giong-nhu-la-chet-guy-de-maupassant-p275248918,https://tiki.vn/giong-nhu-la-chet-guy-de-maupassant-p275248918.html,Giống như là chết - Guy De Maupassant,5.0,1,171000,171000,10.0,67994
140143937,nhung-nguoi-khon-kho-hop-3-cuon-p140143937,https://tiki.vn/nhung-nguoi-khon-kho-hop-3-cuon-p140143937.html,Những Người Khốn Khổ (Hộp 3 Cuốn),0.0,0,490350,490350,1.0,67994
276290001,bo-gia-an-ban-ky-niem-55-nam-xuat-ban-lan-dau-p276290001,https://tiki.vn/bo-gia-an-ban-ky-niem-55-nam-xuat-ban-lan-dau-p276290001.html,Bố Già - Ấn bản kỷ niệm 55 năm xuất bản lần đầu,4.8,5,200000,190000,24.0,67994
274033293,cuon-sach-van-hoc-lang-man-hay-nang-xuyen-qua-vom-la-p274033293,https://tiki.vn/cuon-sach-van-hoc-lang-man-hay-nang-xuyen-qua-vom-la-p274033293.html,Cuốn Sách Văn Học Lãng Mạn Hay- Nắng Xuyên Qua Vòm Lá,0.0,0,249000,249000,,67994
274033051,rap-ron-canh-hac-p274033051,https://tiki.vn/rap-ron-canh-hac-p274033051.html,Rập rờn cánh hạc ,0.0,0,79000,79000,,67994
55604520,sach-phong-than-dien-nghia-tron-bo-2-tap-tai-ban-2020-p55604520,https://tiki.vn/sach-phong-than-dien-nghia-tron-bo-2-tap-tai-ban-2020-p55604520.html,Sách Phong Thần Diễn Nghĩa Trọn Bộ 2 Tập (Tái Bản 2020),0.0,0,306539,306539,3.0,67994
52207304,sach-quo-vadis-bia-mem-tac-pham-doat-giai-nobel-van-hoc-1905-dong-a-p52207304,https://tiki.vn/sach-quo-vadis-bia-mem-tac-pham-doat-giai-nobel-van-hoc-1905-dong-a-p52207304.html,Sách Quo Vadis (Bìa Mềm) - Tác Phẩm Đoạt Giải Nobel Văn học 1905 (Đông A),0.0,0,201900,201900,1.0,67994
277450969,sach-james-the-booker-prize-percival-everett-p277450969,https://tiki.vn/sach-james-the-booker-prize-percival-everett-p277450969.html,Sách JAMES (Booker Prize Shortlisted) - Percival Everett,5.0,4,208000,156000,34.0,67994
176943532,combo-2q-cuon-theo-chieu-gio-2t-bia-mem-p176943532,https://tiki.vn/combo-2q-cuon-theo-chieu-gio-2t-bia-mem-p176943532.html,Combo 2Q: Cuốn theo chiều gió 2T - Bìa mềm,0.0,0,410250,410250,20.0,67994
573720,sach-kieu-hanh-va-dinh-kien-p573720,https://tiki.vn/sach-kieu-hanh-va-dinh-kien-p573720.html,Sách Kiêu Hãnh Và Định Kiến,0.0,0,116000,116000,,67994
257865334,sach-julius-caesar-bv-2023-p257865334,https://tiki.vn/sach-julius-caesar-bv-2023-p257865334.html,Sách - Julius Caesar (BV 2023),5.0,1,161250,161250,2.0,67994
518100,sach-nhung-nguoi-khon-kho-tron-bo-5-tap-p518100,https://tiki.vn/sach-nhung-nguoi-khon-kho-tron-bo-5-tap-p518100.html,Sách Những Người Khốn Khổ (Trọn Bộ 5 Tập),0.0,0,639500,639500,17.0,67994
277438182,sach-son-ca-van-hot-kristin-hannah-nha-xuat-ban-phu-nu-viet-nam-p277438182,https://tiki.vn/sach-son-ca-van-hot-kristin-hannah-nha-xuat-ban-phu-nu-viet-nam-p277438182.html,Sách - Sơn Ca Vẫn Hót - Kristin Hannah - Nhà Xuất Bản Phụ Nữ Việt Nam,5.0,2,191150,191150,22.0,67994
275107113,sach-thep-da-toi-the-day-nicolai-a-ostrovsky-sbooks-p275107113,https://tiki.vn/sach-thep-da-toi-the-day-nicolai-a-ostrovsky-sbooks-p275107113.html,Sách - Thép Đã Tôi Thế Đấy (Nicolai A. Ostrovsky) - SBOOKS,5.0,7,168000,168000,62.0,67994
181232802,sach-khong-gia-dinh-tai-ban-2021-tac-gia-hector-malot-p181232802,https://tiki.vn/sach-khong-gia-dinh-tai-ban-2021-tac-gia-hector-malot-p181232802.html,Sách - Không Gia Đình - Tái Bản 2021 (Tác giả: Hector Malot),5.0,16,185350,185350,190.0,67994
278453864,khu-vuon-bi-mat-bia-vai-p278453864,https://tiki.vn/khu-vuon-bi-mat-bia-vai-p278453864.html,Khu vườn bí mật (bìa vải),0.0,0,340000,323000,18.0,67994
279272722,sach-lu-nguoi-quy-am-fyodor-dostoevsky-tb-2026-nha-nam-hcm-p279272722,https://tiki.vn/sach-lu-nguoi-quy-am-fyodor-dostoevsky-tb-2026-nha-nam-hcm-p279272722.html,Sách - Lũ người quỷ ám (Fyodor Dostoevsky) (TB 2026) (Nhã Nam HCM),0.0,0,450000,427000,,67994
278054155,sach-don-quixote-nha-quy-toc-tai-ba-xu-mancha-tap-2-tb-2022-nha-nam-hcm-p278054155,https://tiki.vn/sach-don-quixote-nha-quy-toc-tai-ba-xu-mancha-tap-2-tb-2022-nha-nam-hcm-p278054155.html,Sách - Don Quixote - Nhà quý tộc tài ba xứ Mancha (Tập 2) (TB 2026) (Nhã Nam HCM),0.0,0,215000,193500,3.0,67994
475139,sach-nhung-tac-pham-van-hoc-kinh-dien-noi-tieng-the-gioi-buc-thu-gui-nguoi-dan-ba-khong-quen-p475139,https://tiki.vn/sach-nhung-tac-pham-van-hoc-kinh-dien-noi-tieng-the-gioi-buc-thu-gui-nguoi-dan-ba-khong-quen-p475139.html,Sách Những Tác Phẩm Văn Học Kinh Điển Nổi Tiếng Thế Giới - Bức Thư Gửi Người Đàn Bà Không Quen,5.0,20,99000,59400,167.0,67994
216199941,an-ban-gioi-han-bia-microfiber-dot-2-than-khuc-dante-alighieri-nguyen-van-hoan-dich-dong-a-p216199941,https://tiki.vn/an-ban-gioi-han-bia-microfiber-dot-2-than-khuc-dante-alighieri-nguyen-van-hoan-dich-dong-a-p216199941.html,[Ấn bản giới hạn] [Bìa microfiber] (Đợt 2) THẦN KHÚC - Dante Alighieri - Nguyễn Văn Hoàn dịch – Đông A,5.0,2,2860000,2860000,5.0,67994
270097341,an-ban-gioi-han-500-cuon-bia-da-microfiber-con-bim-trang-tai-den-gavriil-troyepolsky-minh-hoa-moi-cua-hoa-si-duc-lam-dong-a-p270097341,https://tiki.vn/an-ban-gioi-han-500-cuon-bia-da-microfiber-con-bim-trang-tai-den-gavriil-troyepolsky-minh-hoa-moi-cua-hoa-si-duc-lam-dong-a-p270097341.html,(Ấn bản giới hạn 500 cuốn) (bìa da microfiber) CON BIM TRẮNG TAI ĐEN – Gavriil Troyepolsky – minh họa mới của họa sĩ Đức Lâm – Đông A,0.0,0,1650000,1650000,4.0,67994
263044376,khong-gia-dinh-hector-malot-bia-da-cung-p263044376,https://tiki.vn/khong-gia-dinh-hector-malot-bia-da-cung-p263044376.html,KHÔNG GIA ĐÌNH - Hector Malot (Bìa Da Cứng),4.0,4,268000,160000,49.0,67994
253228818,doi-thoai-voi-thuong-de-ba-n-quye-n-p253228818,https://tiki.vn/doi-thoai-voi-thuong-de-ba-n-quye-n-p253228818.html,Đối thoại với thượng đế  -  Bản Quyền,5.0,3,128000,121000,10.0,67994
192908852,dai-gia-gatsby-p192908852,https://tiki.vn/dai-gia-gatsby-p192908852.html,ĐẠI GIA GATSBY,0.0,0,82000,82000,,67994
209387158,gatsby-vi-dai-phien-ban-cao-cap-bia-cung-in-mau-p209387158,https://tiki.vn/gatsby-vi-dai-phien-ban-cao-cap-bia-cung-in-mau-p209387158.html,Gatsby vĩ đại - Phiên bản cao cấp bìa cứng in màu,0.0,0,280000,280000,,67994
279249023,dam-xanh-sach-bo-tui-p279249023,https://tiki.vn/dam-xanh-sach-bo-tui-p279249023.html,Dặm Xanh (Sách bỏ túi),0.0,0,179000,179000,,67994
50215294,combo-don-quixote-nha-quy-toc-tai-ba-xu-mancha-tap-1-va-2-bo-2-tap-p50215294,https://tiki.vn/combo-don-quixote-nha-quy-toc-tai-ba-xu-mancha-tap-1-va-2-bo-2-tap-p50215294.html,Combo Don Quixote - Nhà Quý Tộc Tài Ba Xứ Mancha - Tập 1 Và 2 (Bộ 2 Tập),4.8,30,425350,425350,140.0,67994
2880399,mieng-da-lua-p2880399,https://tiki.vn/mieng-da-lua-p2880399.html,Miếng da lừa,4.0,13,58000,58000,207.0,67994
195774701,chu-ky-dich-gia-ba-bac-thay-balzac-dickens-dostoevsky-stefan-zweig-nguoi-dich-nguyen-tuan-binh-binh-book-nxb-tri-thuc-bia-mem-p195774701,https://tiki.vn/chu-ky-dich-gia-ba-bac-thay-balzac-dickens-dostoevsky-stefan-zweig-nguoi-dich-nguyen-tuan-binh-binh-book-nxb-tri-thuc-bia-mem-p195774701.html,"[GIẢI CỨU SÁCH HAY, XẢ KHO CHỐNG Ế] BA BẬC THẦY BALZAC * DICKENS * DOSTOEVSKY – Stefan Zweig – Người dịch Nguyễn Tuấn Bình – Bình Book - NXB Tri Thức (bìa mềm)",5.0,4,129000,129000,14.0,67994
274866771,tron-bo-3-tap-van-chuong-nobel-tam-bo-dat-lanh-pearl-s-buck-nxb-phu-nu-p274866771,https://tiki.vn/tron-bo-3-tap-van-chuong-nobel-tam-bo-dat-lanh-pearl-s-buck-nxb-phu-nu-p274866771.html,[trọn bộ 3 tập văn chương Nobel] Tam bộ ĐẤT LÀNH – Pearl S. Buck – NXB Phụ Nữ,0.0,0,897000,897000,2.0,67994
275688463,c-s-lewis-bon-tinh-yeu-p275688463,https://tiki.vn/c-s-lewis-bon-tinh-yeu-p275688463.html,C. S. Lewis - Bốn tình yêu,5.0,1,88900,88900,14.0,67994
273585249,sach-van-hoc-hay-con-hui-bia-cung-p273585249,https://tiki.vn/sach-van-hoc-hay-con-hui-bia-cung-p273585249.html,Sách Văn Học Hay - Con Hủi - Bìa Cứng,0.0,0,260500,260500,4.0,67994
278462768,sach-80-ngay-vong-quanh-the-gioi-jules-verne-p278462768,https://tiki.vn/sach-80-ngay-vong-quanh-the-gioi-jules-verne-p278462768.html,Sách: 80 Ngày Vòng Quanh Thế Giới - Jules Verne,5.0,1,95000,76000,11.0,67994
176021592,chu-tu-tinh-tuyen-han-phi-tu-p176021592,https://tiki.vn/chu-tu-tinh-tuyen-han-phi-tu-p176021592.html,Chư Tử Tinh Tuyển - Hàn Phi Tử,0.0,0,168000,168000,13.0,67994
196021654,toi-ac-va-hinh-phat-p196021654,https://tiki.vn/toi-ac-va-hinh-phat-p196021654.html,Tội Ác Và Hình Phạt,5.0,1,399000,399000,2.0,67994
203995857,bach-ve-p203995857,https://tiki.vn/bach-ve-p203995857.html,Bạch vệ,5.0,7,300000,225000,52.0,67994
201423172,canh-cua-mo-rong-than-thoai-sisyphus-tai-ban-2022-p201423172,https://tiki.vn/canh-cua-mo-rong-than-thoai-sisyphus-tai-ban-2022-p201423172.html,Cánh Cửa Mở Rộng - Thần Thoại Sisyphus - Tái Bản 2022,0.0,0,95000,95000,8.0,67994
275248319,doc-to-heraclius-gloss-p275248319,https://tiki.vn/doc-to-heraclius-gloss-p275248319.html,Đốc tờ Héraclius Gloss,0.0,0,72000,72000,6.0,67994
276928152,sach-maus-chuyen-mot-ke-song-sot-nha-nam-hcm-p276928152,https://tiki.vn/sach-maus-chuyen-mot-ke-song-sot-nha-nam-hcm-p276928152.html,Sách - Maus: chuyện một kẻ sống sót (Nhã Nam HCM),0.0,0,250000,250000,1.0,67994
278278704,sach-451-do-f-bia-cung-nha-nam-hcm-p278278704,https://tiki.vn/sach-451-do-f-bia-cung-nha-nam-hcm-p278278704.html,Sách - 451 độ F (Bìa cứng) (Nhã Nam HCM),0.0,0,120000,108000,1.0,67994
279064114,sach-tieng-nui-kawabata-yasunari-nha-nam-hcm-p279064114,https://tiki.vn/sach-tieng-nui-kawabata-yasunari-nha-nam-hcm-p279064114.html,Sách - Tiếng núi (Kawabata Yasunari) (Nhã Nam HCM),0.0,0,250000,225000,23.0,67994
278576017,sach-van-hoc-kinh-dien-hai-muoi-tu-con-mat-tai-ban-bia-cung-tang-postcard-sakae-tsuboi-phuc-minh-books-p278576017,https://tiki.vn/sach-van-hoc-kinh-dien-hai-muoi-tu-con-mat-tai-ban-bia-cung-tang-postcard-sakae-tsuboi-phuc-minh-books-p278576017.html,"Sách Văn Học Kinh Điển - Hai Mươi Tư Con Mắt (Tái Bản/ Bìa Cứng, Tặng Postcard) - Sakae Tsuboi - Phúc Minh Books",5.0,1,260000,260000,42.0,67994
277429834,sach-bang-bia-mem-anna-kavan-nxb-hoi-nha-van-tao-dan-p277429834,https://tiki.vn/sach-bang-bia-mem-anna-kavan-nxb-hoi-nha-van-tao-dan-p277429834.html,Sách - Băng (bìa mềm) - Anna Kavan - NXB Hội Nhà Văn - Tao Đàn,0.0,0,158776,158776,1.0,67994
276856837,joseph-conrad-bao-lon-p276856837,https://tiki.vn/joseph-conrad-bao-lon-p276856837.html,Joseph Conrad - Bão lớn,0.0,0,122000,122000,14.0,67994
53095307,sach-nang-toc-do-nobel-van-chuong-2006-p53095307,https://tiki.vn/sach-nang-toc-do-nobel-van-chuong-2006-p53095307.html,Sách Nàng Tóc Đỏ (Nobel Văn Chương 2006),0.0,0,118000,118000,,67994
270121050,tam-the-tap-2-p270121050,https://tiki.vn/tam-the-tap-2-p270121050.html, Tam Thể (Tập 2) ,0.0,0,280000,280000,2.0,67994
184226852,thep-da-toi-the-day-ban-dich-day-du-nhat-bia-mem-p184226852,https://tiki.vn/thep-da-toi-the-day-ban-dich-day-du-nhat-bia-mem-p184226852.html,Thép đã tôi thế đấy (Bản dịch đầy đủ nhất) - Bìa mềm,5.0,2,112489,112489,11.0,67994
398595,sach-khong-gia-dinh-tai-ban-p398595,https://tiki.vn/sach-khong-gia-dinh-tai-ban-p398595.html,Sách Không Gia Đình (Tái Bản),5.0,4,161350,161350,41.0,67994
272895604,combo-9-tieu-thuyet-cua-mario-puzo-mario-puzo-dong-a-nxb-van-hoc-p272895604,https://tiki.vn/combo-9-tieu-thuyet-cua-mario-puzo-mario-puzo-dong-a-nxb-van-hoc-p272895604.html,COMBO 9 TIỂU THUYẾT CỦA MARIO PUZO– Mario Puzo – Đông A- NXB Văn Học,0.0,0,1555000,1555000,,67994
249764530,tay-du-ky-bia-cung-tron-bo-2-tap-p249764530,https://tiki.vn/tay-du-ky-bia-cung-tron-bo-2-tap-p249764530.html,Tây du ký (bìa cứng) (trọn bộ 2 tập),0.0,0,352765,352765,,67994
276105317,ban-dac-biet-bia-lua-thuy-an-nhung-nguoi-phu-nu-be-nho-louisa-may-alcott-p276105317,https://tiki.vn/ban-dac-biet-bia-lua-thuy-an-nhung-nguoi-phu-nu-be-nho-louisa-may-alcott-p276105317.html,BẢN ĐẶC BIỆT - BÌA LỤA THỦY ẤN - NHỮNG NGƯỜI PHỤ NỮ BÉ NHỎ - Louisa May Alcott,0.0,0,2850000,2850000,,67994
262701156,sach-thai-binh-thien-quoc-dien-nghia-bia-cung-hoang-tieu-phoi-dong-a-tang-kem-bookmark-bamboo-books-p262701156,https://tiki.vn/sach-thai-binh-thien-quoc-dien-nghia-bia-cung-hoang-tieu-phoi-dong-a-tang-kem-bookmark-bamboo-books-p262701156.html,Sách - Thái Bình Thiên Quốc Diễn Nghĩa - Bìa Cứng - Hoàng Tiểu Phối - Đông A - Tặng Kèm Bookmark Bamboo Books,0.0,0,420000,420000,,67994
273524921,rumi-nha-huyen-mon-va-ke-say-coleman-barks-ha-thuy-nguyen-dich-p273524921,https://tiki.vn/rumi-nha-huyen-mon-va-ke-say-coleman-barks-ha-thuy-nguyen-dich-p273524921.html,Rumi - Nhà Huyền Môn Và Kẻ Say - Coleman Barks - Hà Thủy Nguyên dịch,0.0,0,153800,153800,5.0,67994
278096237,ve-voi-gia-dinh-bia-vai-p278096237,https://tiki.vn/ve-voi-gia-dinh-bia-vai-p278096237.html,Về với gia đình (bìa vải),0.0,0,320000,304000,8.0,67994
273356139,sach-van-hoc-kinh-dien-romeo-va-juliet-p273356139,https://tiki.vn/sach-van-hoc-kinh-dien-romeo-va-juliet-p273356139.html,Sách Văn Học Kinh Điển-Romeo Và Juliet,0.0,0,52200,52200,1.0,67994
271041026,cuon-theo-chieu-gio-bia-cung-tai-ban-2023-p271041026,https://tiki.vn/cuon-theo-chieu-gio-bia-cung-tai-ban-2023-p271041026.html,Cuốn Theo Chiều Gió - Bìa Cứng (Tái Bản 2023),0.0,0,338000,270400,1.0,67994
389036,sach-nguoi-doc-p389036,https://tiki.vn/sach-nguoi-doc-p389036.html,Sách Người Đọc,0.0,0,84000,84000,3.0,67994
198193764,dau-truong-u-am-p198193764,https://tiki.vn/dau-truong-u-am-p198193764.html,Đấu trường u ám,0.0,0,150000,150000,,67994
409890,sach-anne-toc-do-o-dao-hoang-tu-edward-tai-ban-2014-p409890,https://tiki.vn/sach-anne-toc-do-o-dao-hoang-tu-edward-tai-ban-2014-p409890.html,Sách Anne Tóc Đỏ Ở Đảo Hoàng Tử Edward (Tái Bản 2014),0.0,0,120000,120000,1.0,67994
198283298,bo-5-tac-pham-cua-mario-puzo-ve-the-gioi-ngam-luat-im-lang-dat-mau-sicily-cha-con-giao-hoang-ong-trum-cuoi-cung-bo-gia-p198283298,https://tiki.vn/bo-5-tac-pham-cua-mario-puzo-ve-the-gioi-ngam-luat-im-lang-dat-mau-sicily-cha-con-giao-hoang-ong-trum-cuoi-cung-bo-gia-p198283298.html,"Bộ 5 tác phẩm của Mario Puzo về thế giới ngầm - Luật im lặng, Đất máu Sicily, Cha con giáo hoàng, Ông trùm cuối cùng, Bố già",0.0,0,665000,665000,,67994
273698503,khong-gia-dinh-tb180-bia-hoa-p273698503,https://tiki.vn/khong-gia-dinh-tb180-bia-hoa-p273698503.html,Không gia đình TB180 (Bìa hoa),0.0,0,180000,171000,2.0,67994
276944805,cuon-theo-chieu-gio-tai-ban-nam-2024-p276944805,https://tiki.vn/cuon-theo-chieu-gio-tai-ban-nam-2024-p276944805.html,Cuốn Theo Chiều Gió (Tái bản năm 2024),0.0,0,395000,375250,3.0,67994
278148758,sach-tam-quoc-dien-nghia-bo-3-cuon-2022-p278148758,https://tiki.vn/sach-tam-quoc-dien-nghia-bo-3-cuon-2022-p278148758.html,Sách - Tam Quốc Diễn Nghĩa (Bộ 3 Cuốn) (2022),5.0,1,456000,377200,8.0,67994
1392945,sach-tren-sa-mac-va-trong-rung-tham-p1392945,https://tiki.vn/sach-tren-sa-mac-va-trong-rung-tham-p1392945.html,Sách Trên Sa Mạc Và Trong Rừng Thẳm,4.8,40,120000,120000,284.0,67994
539972,sach-jane-eyre-huy-hoang-p539972,https://tiki.vn/sach-jane-eyre-huy-hoang-p539972.html,Sách Jane Eyre (Huy Hoàng),0.0,0,211350,211350,,67994
275971301,sach-bia-cung-tuyen-tap-kawabata-hoi-uc-tieu-luan-thu-tu-kawabata-yasunari-sach-tao-dan-p275971301,https://tiki.vn/sach-bia-cung-tuyen-tap-kawabata-hoi-uc-tieu-luan-thu-tu-kawabata-yasunari-sach-tao-dan-p275971301.html,[Sách bìa cứng] Tuyển tập Kawabata: Hồi Ức - Tiểu Luận - Thư Từ - Kawabata Yasunari - Sách Tao Đàn,0.0,0,338580,338580,2.0,67994
253298671,tram-tap-4-chim-lien-canh-ba-n-quye-n-p253298671,https://tiki.vn/tram-tap-4-chim-lien-canh-ba-n-quye-n-p253298671.html,Trâm (Tập 4) - Chim liền cánh - Bản Quyền,0.0,0,135000,135000,,67994
80970604,ong-gia-va-bien-ca-p80970604,https://tiki.vn/ong-gia-va-bien-ca-p80970604.html,Ông Già Và Biển Cả,5.0,83,45000,45000,419.0,67994
253285643,nhat-ky-anne-frank-tai-ban-ba-n-quye-n-p253285643,https://tiki.vn/nhat-ky-anne-frank-tai-ban-ba-n-quye-n-p253285643.html,Nhật Ký Anne Frank (Tái Bản) - Bản Quyền,0.0,0,98000,98000,,67994
277353831,sach-tam-quoc-dien-nghia-tron-bo-4-tap-khang-viet-book-p277353831,https://tiki.vn/sach-tam-quoc-dien-nghia-tron-bo-4-tap-khang-viet-book-p277353831.html,Sách - Tam Quốc Diễn Nghĩa - Trọn Bộ 4 Tập - Khang Việt Book,0.0,0,350000,350000,,67994
158741267,sach-dao-giau-vang-bia-cung-tai-ban-p158741267,https://tiki.vn/sach-dao-giau-vang-bia-cung-tai-ban-p158741267.html,Sách Đảo Giấu Vàng (Bìa Cứng) (Tái Bản),5.0,6,87000,87000,19.0,67994
17371076,sach-anh-em-nha-karamazov-bia-cung-p17371076,https://tiki.vn/sach-anh-em-nha-karamazov-bia-cung-p17371076.html,Sách Anh Em Nhà Karamazov (Bìa Cứng),4.7,3,493500,493500,13.0,67994
270102086,sach-an-ban-gioi-han-con-bim-trang-tai-den-bia-da-microfiber-dong-a-p270102086,https://tiki.vn/sach-an-ban-gioi-han-con-bim-trang-tai-den-bia-da-microfiber-dong-a-p270102086.html,Sách - Ấn bản giới hạn Con Bim trắng tai đen - Bìa da microfiber - Đông A,0.0,0,1500000,1500000,2.0,67994
50246115,sach-tam-quoc-dien-nghia-tron-bo-2-tap-p50246115,https://tiki.vn/sach-tam-quoc-dien-nghia-tron-bo-2-tap-p50246115.html,Sách Tam Quốc Diễn Nghĩa (Trọn Bộ 2 Tập),0.0,0,329250,329250,6.0,67994
2442161,sach-tron-bo-3-tap-sherlock-holmes-toan-tap-tai-ban-p2442161,https://tiki.vn/sach-tron-bo-3-tap-sherlock-holmes-toan-tap-tai-ban-p2442161.html,Sách Trọn Bộ 3 Tập Sherlock Holmes Toàn Tập (Tái Bản),4.6,14,450000,360000,64.0,67994
383618,sach-bat-tre-dong-xanh-tai-ban-2013-p383618,https://tiki.vn/sach-bat-tre-dong-xanh-tai-ban-2013-p383618.html,Sách Bắt Trẻ Đồng Xanh (Tái Bản 2013),0.0,0,88000,88000,5.0,67994
188947465,combo-sach-van-hoc-hay-lau-dai-bay-cua-phap-su-howl-hoang-tu-be-tang-kem-bookmark-thiet-ke-p188947465,https://tiki.vn/combo-sach-van-hoc-hay-lau-dai-bay-cua-phap-su-howl-hoang-tu-be-tang-kem-bookmark-thiet-ke-p188947465.html,Combo sách văn học hay : Lâu đài bay của pháp sư Howl + Hoàng tử bé - Tặng kèm bookmark thiết kế,0.0,0,179000,179000,,67994
272837165,cha-con-giao-hoang-tb200-p272837165,https://tiki.vn/cha-con-giao-hoang-tb200-p272837165.html,Cha con Giáo hoàng TB200,0.0,0,200000,190000,7.0,67994
275114181,sach-doi-gio-hu-emily-bronte-sbooks-p275114181,https://tiki.vn/sach-doi-gio-hu-emily-bronte-sbooks-p275114181.html,Sách - Đồi Gió Hú (Emily Bronte) - SBOOKS,5.0,2,138000,138000,17.0,67994
275664533,sach-dua-con-gai-hoang-dang-jeffrey-archer-p275664533,https://tiki.vn/sach-dua-con-gai-hoang-dang-jeffrey-archer-p275664533.html,Sách - Đứa con gái hoang đàng (Jeffrey Archer) - Bách việt,5.0,2,209000,177650,6.0,67994
214189460,sach-neu-con-co-ngay-mai-bia-cung-tai-ban-p214189460,https://tiki.vn/sach-neu-con-co-ngay-mai-bia-cung-tai-ban-p214189460.html,- Nếu Còn Có Ngày Mai (Bìa Cứng) - Sidney Sheldon,5.0,1,199730,199730,13.0,67994
278372408,trong-gia-dinh-p278372408,https://tiki.vn/trong-gia-dinh-p278372408.html,Trong Gia Đình,0.0,0,121488,121488,,67994
279419662,percival-everett-james-p279419662,https://tiki.vn/percival-everett-james-p279419662.html,Percival Everett - James,0.0,0,208000,208000,,67994
278453875,nhung-cuoc-phieu-luu-cua-tom-sawyer-bia-vai-p278453875,https://tiki.vn/nhung-cuoc-phieu-luu-cua-tom-sawyer-bia-vai-p278453875.html,Những cuộc phiêu lưu của Tom Sawyer (bìa vải),5.0,1,330000,313500,5.0,67994
276745009,tiem-sach-cua-nang-ban-dac-biet-bia-cung-tang-kem-1-bookmark-photostrip-1-so-tay-tiem-sach-cua-nang-p276745009,https://tiki.vn/tiem-sach-cua-nang-ban-dac-biet-bia-cung-tang-kem-1-bookmark-photostrip-1-so-tay-tiem-sach-cua-nang-p276745009.html,"Tiệm Sách Của Nàng (Bản đặc biệt - Bìa cứng) (Tặng kèm 1 bookmark photostrip & 1 sổ tay ""Tiệm sách của nàng"")",5.0,1,225000,213750,2.0,67994
197406401,tam-quoc-dien-nghia-tron-bo-3-tap-p197406401,https://tiki.vn/tam-quoc-dien-nghia-tron-bo-3-tap-p197406401.html,Tam Quốc Diễn Nghĩa (Trọn Bộ 3 Tập),0.0,0,371500,371500,,67994
279421143,jon-fosse-nha-thuyen-p279421143,https://tiki.vn/jon-fosse-nha-thuyen-p279421143.html,Jon Fosse - Nhà thuyền,0.0,0,112000,112000,2.0,67994
275890844,hai-van-dam-duoi-bien-song-ngu-viet-anh-p275890844,https://tiki.vn/hai-van-dam-duoi-bien-song-ngu-viet-anh-p275890844.html,Hai Vạn Dặm Dưới Biển (Song ngữ Việt-Anh),5.0,1,129000,122550,6.0,67994
172066070,chuong-nguyen-hon-ai-bia-cung-tai-ban-p172066070,https://tiki.vn/chuong-nguyen-hon-ai-bia-cung-tai-ban-p172066070.html,Chuông Nguyện Hồn Ai. Bìa Cứng. Tái bản,0.0,0,131974,131974,,67994
263932636,nhung-hieu-que-bruno-schulz-p263932636,https://tiki.vn/nhung-hieu-que-bruno-schulz-p263932636.html, Những hiệu quế – Bruno Schulz,0.0,0,68300,68300,2.0,67994
271245734,boxset-taiko-tram-nam-mot-giac-co-do-p271245734,https://tiki.vn/boxset-taiko-tram-nam-mot-giac-co-do-p271245734.html,Boxset Taiko - Trăm Năm Một Giấc Cơ Đồ,0.0,0,680000,639200,2.0,67994
136712964,kim-van-kieu-truyen-p136712964,https://tiki.vn/kim-van-kieu-truyen-p136712964.html,Kim Vân Kiều Truyện,4.5,2,190000,190000,10.0,67994
274933002,tam-quoc-dien-nghia-3-cuon-ha-p274933002,https://tiki.vn/tam-quoc-dien-nghia-3-cuon-ha-p274933002.html,Tam Quốc Diễn Nghĩa - HA,0.0,0,175000,175000,1.0,67994
263705277,combo-tam-the-bo-3-cuon-tu-chon-ban-quyen-p263705277,https://tiki.vn/combo-tam-the-bo-3-cuon-tu-chon-ban-quyen-p263705277.html,Combo Tam thể ( Tự Chọn) - Bản Quyền,0.0,0,280000,266000,,67994
148636692,dam-xanh-p148636692,https://tiki.vn/dam-xanh-p148636692.html,DẶM XANH,0.0,0,289000,289000,1.0,67994
276273962,date-a-live-tap-15-p276273962,https://tiki.vn/date-a-live-tap-15-p276273962.html,Date A Live - Tập 15,0.0,0,128000,128000,,67994
143144276,sach-den-mang-nxb-tre-p143144276,https://tiki.vn/sach-den-mang-nxb-tre-p143144276.html,Sách-Đền Mạng (NXB Trẻ),0.0,0,255000,255000,,67994
2939819,sach-tam-quoc-dien-nghia-tron-bo-2-tap-tai-ban-p2939819,https://tiki.vn/sach-tam-quoc-dien-nghia-tron-bo-2-tap-tai-ban-p2939819.html,Sách Tam Quốc Diễn Nghĩa (Trọn Bộ 2 Tập) (Tái Bản),0.0,0,276195,276195,,67994
158741245,tieng-goi-noi-hoang-da-bia-mem-tai-ban-p158741245,https://tiki.vn/tieng-goi-noi-hoang-da-bia-mem-tai-ban-p158741245.html,Tiếng Gọi Nơi Hoang Dã (Bìa Mềm) (Tái Bản),0.0,0,73593,73593,,67994
279260550,tam-quoc-chi-tran-tho-boxset-tam-quoc-chi-bo-5-cuon-p279260550,https://tiki.vn/tam-quoc-chi-tran-tho-boxset-tam-quoc-chi-bo-5-cuon-p279260550.html,TAM QUÔC CHÍ - TRẦN THỌ. Boxset Tam Quốc Chí (Bộ 5 Cuốn),0.0,0,1510000,1510000,,67994
278076708,chien-tranh-khong-co-mot-khuon-mat-phu-nu-tai-ban-nam-2024-p278076708,https://tiki.vn/chien-tranh-khong-co-mot-khuon-mat-phu-nu-tai-ban-nam-2024-p278076708.html,Chiến Tranh Không Có Một Khuôn Mặt Phụ Nữ (Tái bản năm 2024),0.0,0,158776,158776,1.0,67994
274090994,sach-vu-dieu-quy-satan-nha-nam-official-p274090994,https://tiki.vn/sach-vu-dieu-quy-satan-nha-nam-official-p274090994.html,Sách - Vũ điệu quỷ Satan - Nhã Nam Official,5.0,1,158000,158000,7.0,67994
275212106,dinh-kien-va-kieu-hanh-danh-tac-rut-gon-cua-pegasus-jane-austen-sonal-talwar-tom-luoc-tran-giang-son-dich-p275212106,https://tiki.vn/dinh-kien-va-kieu-hanh-danh-tac-rut-gon-cua-pegasus-jane-austen-sonal-talwar-tom-luoc-tran-giang-son-dich-p275212106.html,Định Kiến Và Kiêu Hãnh (Danh tác rút gọn của Pegasus) - Jane Austen; Sonal Talwar tóm lược; Trần Giang Sơn dịch,0.0,0,65000,50700,1.0,67994
451370,combo-nhung-nguoi-khon-kho-p451370,https://tiki.vn/combo-nhung-nguoi-khon-kho-p451370.html,Combo Những Người Khốn Khổ,0.0,0,495000,495000,,67994
143675074,truyen-loai-vat-tai-ban-2021-p143675074,https://tiki.vn/truyen-loai-vat-tai-ban-2021-p143675074.html,Truyện Loài Vật (Tái Bản 2021),0.0,0,150000,150000,1.0,67994
546622,sach-bo-gia-dong-a-p546622,https://tiki.vn/sach-bo-gia-dong-a-p546622.html,Sách Bố Già (Đông A),0.0,0,230000,230000,2.0,67994
273705611,thep-da-toi-the-day-tai-ban-2023-p273705611,https://tiki.vn/thep-da-toi-the-day-tai-ban-2023-p273705611.html,Thép Đã Tôi Thế Đấy! (Tái Bản 2023),5.0,1,168000,147800,17.0,67994
275942240,van-hoc-kinh-dien-vang-trang-va-sau-xu-p275942240,https://tiki.vn/van-hoc-kinh-dien-vang-trang-va-sau-xu-p275942240.html,Văn Học Kinh Điển - Vầng Trăng Và Sáu Xu,0.0,0,190000,190000,,67994
270490836,phuc-sinh-tri-viet-p270490836,https://tiki.vn/phuc-sinh-tri-viet-p270490836.html,Phục Sinh (Trí Việt),0.0,0,156950,156950,1.0,67994
278853325,van-hoc-co-dien-dong-a-classic-hai-van-dam-duoi-bien-p278853325,https://tiki.vn/van-hoc-co-dien-dong-a-classic-hai-van-dam-duoi-bien-p278853325.html,Văn Học Cổ Điển Đông A Classic: Hai Vạn Dặm Dưới Biển,0.0,0,110000,110000,,67994
251984608,khong-gia-dinh-bia-cung-tb-2022-p251984608,https://tiki.vn/khong-gia-dinh-bia-cung-tb-2022-p251984608.html,Không Gia Đình (Bìa Cứng),0.0,0,134000,134000,,67994
157984765,toi-ac-cua-sylvestre-bonnard-va-dao-chim-canh-cut-tu-sach-tram-nam-nobel-dong-a-bia-vai-p157984765,https://tiki.vn/toi-ac-cua-sylvestre-bonnard-va-dao-chim-canh-cut-tu-sach-tram-nam-nobel-dong-a-bia-vai-p157984765.html,TỘI ÁC CỦA SYLVESTRE BONNARD và ĐẢO CHIM CÁNH CỤT - TỦ SÁCH TRĂM NĂM NOBEL  - ĐÔNG A - BÌA VẢI -,5.0,7,1650000,1650000,15.0,67994
263103813,gatsby-vi-dai-p263103813,https://tiki.vn/gatsby-vi-dai-p263103813.html,Gatsby Vĩ Đại,0.0,0,63450,63450,3.0,67994
248766944,ben-nay-dia-dang-f-scott-fitzgerald-ban-bia-mem-tay-gap-p248766944,https://tiki.vn/ben-nay-dia-dang-f-scott-fitzgerald-ban-bia-mem-tay-gap-p248766944.html,"""BÊN NÀY ĐỊA ĐÀNG"" - F. SCOTT FITZGERALD (Bản bìa mềm tay gập)",5.0,1,120000,114000,32.0,67994
278638284,kiet-tac-van-hoc-bang-tranh-ba-chang-linh-ngu-lam-alexandre-dumas-fabrizio-lo-bianco-andres-jose-mossa-nha-nam-p278638284,https://tiki.vn/kiet-tac-van-hoc-bang-tranh-ba-chang-linh-ngu-lam-alexandre-dumas-fabrizio-lo-bianco-andres-jose-mossa-nha-nam-p278638284.html,(Kiệt tác văn học bằng tranh) BA CHÀNG LÍNH NGỰ LÂM – Alexandre Dumas - Fabrizio Lo Bianco - Andres José Mossa  - Nhã Nam ,0.0,0,114000,114000,,67994
271661237,ly-do-de-song-tiep-matt-haig-ban-quyen-p271661237,https://tiki.vn/ly-do-de-song-tiep-matt-haig-ban-quyen-p271661237.html,Lý do để sống tiếp (Matt Haig) - Bản Quyền,0.0,0,114000,114000,,67994
191675200,combo-2-cuon-tieu-thuyet-cua-albert-camus-dich-hach-ke-ngoai-cuoc-p191675200,https://tiki.vn/combo-2-cuon-tieu-thuyet-cua-albert-camus-dich-hach-ke-ngoai-cuoc-p191675200.html,Combo 2 Cuốn Tiểu Thuyết Của Albert Camus: Dịch Hạch + Kẻ Ngoại Cuộc,0.0,0,276350,276350,2.0,67994
242101810,sach-dich-hach-nha-nam-p242101810,https://tiki.vn/sach-dich-hach-nha-nam-p242101810.html,Sách - Dịch hạch - Nhã Nam,0.0,0,128000,128000,,67994
251984574,nanh-trang-tai-ban-tri-viet-p251984574,https://tiki.vn/nanh-trang-tai-ban-tri-viet-p251984574.html,Nanh Trắng (Tái Bản ),0.0,0,77900,77900,,67994
13290513,sach-nhung-tam-long-cao-ca-bia-mem-tai-ban-2019-p13290513,https://tiki.vn/sach-nhung-tam-long-cao-ca-bia-mem-tai-ban-2019-p13290513.html,Sách Những Tấm Lòng Cao Cả (Bìa Mềm Tái Bản 2019),0.0,0,90000,90000,,67994
275341109,sach-su-im-lang-cua-bay-cuu-tap-1-series-hannibal-thomas-harris-p275341109,https://tiki.vn/sach-su-im-lang-cua-bay-cuu-tap-1-series-hannibal-thomas-harris-p275341109.html,Sách - Sự im lặng của bầy cừu (Tập 1 series Hannibal) (Thomas Harris),0.0,0,115000,115000,1.0,67994
279484941,sach-van-hoc-kinh-dien-leu-chong-p279484941,https://tiki.vn/sach-van-hoc-kinh-dien-leu-chong-p279484941.html,Sách - Văn Học Kinh Điển - Lều Chõng,0.0,0,150000,135000,,67994
253275137,anne-toc-do-duoi-chai-nha-xanh-tb-2021-ba-n-quye-n-p253275137,https://tiki.vn/anne-toc-do-duoi-chai-nha-xanh-tb-2021-ba-n-quye-n-p253275137.html,Anne tóc đỏ dưới chái nhà xanh (TB 2021) - Bản Quyền,0.0,0,138000,138000,3.0,67994
273896135,bo-sach-virginia-woolf-ba-dong-ghi-ne-nhung-lop-song-ba-dalloway-orlando-can-phong-cua-jacob-p273896135,https://tiki.vn/bo-sach-virginia-woolf-ba-dong-ghi-ne-nhung-lop-song-ba-dalloway-orlando-can-phong-cua-jacob-p273896135.html,Bộ Sách Virginia Woolf (Ba Đồng Ghi-nê + Những Lớp Sóng + Bà Dalloway + Orlando + Căn Phòng Của Jacob),5.0,1,560000,560000,9.0,67994
209867714,le-la-quan-xa-que-nha-ban-quyen-p209867714,https://tiki.vn/le-la-quan-xa-que-nha-ban-quyen-p209867714.html,Lê La Quán Xa Quê Nhà - Bản Quyền,0.0,0,99000,99000,,67994
167019788,cuon-theo-chieu-gio-tai-ban-p167019788,https://tiki.vn/cuon-theo-chieu-gio-tai-ban-p167019788.html,Cuốn Theo Chiều Gió (Tái Bản),0.0,0,225205,225205,,67994
272112904,nanh-trang-van-hoc-co-dien-chon-loc-tai-ban-p272112904,https://tiki.vn/nanh-trang-van-hoc-co-dien-chon-loc-tai-ban-p272112904.html,Nanh Trắng - Văn Học Cổ Điển Chọn Lọc - Tái Bản,0.0,0,59000,59000,5.0,67994
2884129,van-hoc-co-dien-tom-luoc-jen-ero-p2884129,https://tiki.vn/van-hoc-co-dien-tom-luoc-jen-ero-p2884129.html,Văn Học Cổ Điển Tóm Lược - Jên Erơ,5.0,2,52000,39000,18.0,67994
277437115,sach-hon-nua-doi-hu-bia-cung-vuong-hong-sen-nxb-tre-p277437115,https://tiki.vn/sach-hon-nua-doi-hu-bia-cung-vuong-hong-sen-nxb-tre-p277437115.html,Sách - Hơn Nửa Đời Hư - Bìa Cứng - Vương Hồng Sển - NXB Trẻ,0.0,0,550000,550000,,67994
11482677,sach-cuon-theo-chieu-gio-tieu-thuyet-p11482677,https://tiki.vn/sach-cuon-theo-chieu-gio-tieu-thuyet-p11482677.html,Sách Cuốn Theo Chiều Gió (Tiểu Thuyết),5.0,2,225000,225000,48.0,67994
279419538,sach-nhat-ky-cua-albert-camus-p279419538,https://tiki.vn/sach-nhat-ky-cua-albert-camus-p279419538.html,Sách : NHẬT KÝ CỦA ALBERT CAMUS,5.0,1,195000,195000,6.0,67994
278022664,wireless-life-p278022664,https://tiki.vn/wireless-life-p278022664.html,Wireless Life,0.0,0,175000,166250,,67994
276931852,doi-bung-sang-khi-ta-biet-lang-quen-p276931852,https://tiki.vn/doi-bung-sang-khi-ta-biet-lang-quen-p276931852.html,Đời Bừng Sáng Khi Ta Biết Lãng Quên,0.0,0,100000,100000,2.0,67994
273892216,sach-series-tac-gia-tim-marshall-bia-cung-cap-nhat-nha-nam-official-p273892216,https://tiki.vn/sach-series-tac-gia-tim-marshall-bia-cung-cap-nhat-nha-nam-official-p273892216.html,Sách - Series tác giả Tim Marshall (Bìa cứng) (cập nhật) - Nhã Nam Official,0.0,0,200000,200000,1.0,67994
279184924,chu-a-mau-do-nathailie-hawthorne-nguyen-bich-lan-dich-nha-nam-p279184924,https://tiki.vn/chu-a-mau-do-nathailie-hawthorne-nguyen-bich-lan-dich-nha-nam-p279184924.html,CHỮ A MÀU ĐỎ - Nathailie Hawthorne - Nguyễn Bích Lan dịch – Nhã Nam,0.0,0,160000,160000,,67994
277948817,giac-mong-dem-he-kich-shakespeare-p277948817,https://tiki.vn/giac-mong-dem-he-kich-shakespeare-p277948817.html,Giấc mộng đêm hè - Kịch Shakespeare,4.0,4,199000,163180,30.0,67994
186497020,ba-tuoc-monte-cristo-bia-cung-p186497020,https://tiki.vn/ba-tuoc-monte-cristo-bia-cung-p186497020.html,Bá Tước Monte Cristo (Bìa Cứng),5.0,1,280000,280000,15.0,67994
431244,sach-toi-ac-va-trung-phat-p431244,https://tiki.vn/sach-toi-ac-va-trung-phat-p431244.html,Sách Tội Ác Và Trừng Phạt,0.0,0,420350,420350,9.0,67994
14044905,sach-nha-tho-duc-ba-paris-bia-cung-p14044905,https://tiki.vn/sach-nha-tho-duc-ba-paris-bia-cung-p14044905.html,Sách Nhà Thờ Đức Bà Paris (Bìa Cứng),0.0,0,136373,136373,1.0,67994
1672463,sach-doi-gio-hu-bia-cung-p1672463,https://tiki.vn/sach-doi-gio-hu-bia-cung-p1672463.html,Sách Đồi Gió Hú (Bìa Cứng),5.0,2,115000,115000,5.0,67994
127360731,nghin-le-mot-dem-an-ban-bia-cung-p127360731,https://tiki.vn/nghin-le-mot-dem-an-ban-bia-cung-p127360731.html,NGHÌN LẺ MỘT ĐÊM (Ấn bản bìa cứng),5.0,32,999000,999000,90.0,67994
43362821,sach-tay-du-ky-tron-bo-2-tap-p43362821,https://tiki.vn/sach-tay-du-ky-tron-bo-2-tap-p43362821.html,Sách Tây Du Ký (Trọn Bộ 2 Tập),5.0,8,420500,420500,54.0,67994
111657304,combo-sach-toi-ac-va-hinh-phat-anh-em-nha-karamazov-lu-nguoi-quy-am-p111657304,https://tiki.vn/combo-sach-toi-ac-va-hinh-phat-anh-em-nha-karamazov-lu-nguoi-quy-am-p111657304.html,Combo Sách - Tội Ác Và Hình Phạt + Anh Em Nhà Karamazov + Lũ Người Quỷ Ám,4.3,7,1561650,1561650,26.0,67994
278240588,sach-nguoi-an-chay-han-kang-nha-nam-hcm-p278240588,https://tiki.vn/sach-nguoi-an-chay-han-kang-nha-nam-hcm-p278240588.html,Sách - Người ăn chay (Han Kang) (Nhã Nam HCM),5.0,1,147350,147350,11.0,67994
199878536,anna-karenina-tap-1-p199878536,https://tiki.vn/anna-karenina-tap-1-p199878536.html,Anna Karenina - Tập 1,0.0,0,220000,220000,2.0,67994
277604403,sach-nguoi-mohican-cuoi-cung-p277604403,https://tiki.vn/sach-nguoi-mohican-cuoi-cung-p277604403.html,Sách - Người Mohican cuối cùng,0.0,0,180000,180000,1.0,67994
13602785,sach-nha-tho-duc-ba-paris-tai-ban-2019-p13602785,https://tiki.vn/sach-nha-tho-duc-ba-paris-tai-ban-2019-p13602785.html,Sách Nhà thờ Đức Bà Paris (Tái Bản 2019),0.0,0,129350,129350,1.0,67994
982877,sach-chuong-nguyen-hon-ai-p982877,https://tiki.vn/sach-chuong-nguyen-hon-ai-p982877.html,Sách Chuông Nguyện Hồn Ai,0.0,0,108100,108100,4.0,67994
279371850,sach-jane-eyre-p279371850,https://tiki.vn/sach-jane-eyre-p279371850.html,Sách - Jane Eyre,0.0,0,220000,193600,2.0,67994
279340963,ethan-frome-edith-wharton-p279340963,https://tiki.vn/ethan-frome-edith-wharton-p279340963.html,Ethan Frome - Edith Wharton,5.0,1,105000,105000,8.0,67994
137941382,sach-nxb-tre-bo-tieu-thuyet-chang-vang-hop-5-cuon-p137941382,https://tiki.vn/sach-nxb-tre-bo-tieu-thuyet-chang-vang-hop-5-cuon-p137941382.html,Sách - NXB Trẻ - Bộ tiểu thuyết Chạng vạng (Hộp 5 cuốn),5.0,2,1170000,1170000,3.0,67994
278866120,sach-nguoi-me-tai-ban-2024-p278866120,https://tiki.vn/sach-nguoi-me-tai-ban-2024-p278866120.html,Sách - Người Mẹ (Tái Bản 2024),0.0,0,138000,121400,1.0,67994
277927175,coi-re-bia-mem-p277927175,https://tiki.vn/coi-re-bia-mem-p277927175.html,Cội Rễ (Bìa mềm),5.0,1,380000,323000,8.0,67994
181673835,kim-rudyard-kipling-bia-cung-xuan-hong-dich-an-ban-ky-niem-65-nam-thanh-lap-nxb-kim-dong-tu-sach-tac-pham-chon-loc-p181673835,https://tiki.vn/kim-rudyard-kipling-bia-cung-xuan-hong-dich-an-ban-ky-niem-65-nam-thanh-lap-nxb-kim-dong-tu-sach-tac-pham-chon-loc-p181673835.html,KIM – Rudyard Kipling – bìa cứng – Xuân Hồng dịch – ấn bản kỷ niệm 65 năm thành lập NXB Kim Đồng – tủ sách Tác phẩm chọn lọc,5.0,2,190000,190000,4.0,67994
214189254,sach-than-thoai-hy-lap-p214189254,https://tiki.vn/sach-than-thoai-hy-lap-p214189254.html, - Thần Thoại Hy Lạp,0.0,0,250725,250725,2.0,67994
510195,sach-tieng-goi-noi-hoang-da-khang-viet-p510195,https://tiki.vn/sach-tieng-goi-noi-hoang-da-khang-viet-p510195.html,Sách Tiếng Gọi Nơi Hoang Dã (Khang Việt),4.8,432,72000,60000,2187.0,67994
202619582,ngoi-nha-cua-matryona-nobel-van-chuong-1970-an-ban-gioi-han-co-ky-tang-cua-dich-gia-p202619582,https://tiki.vn/ngoi-nha-cua-matryona-nobel-van-chuong-1970-an-ban-gioi-han-co-ky-tang-cua-dich-gia-p202619582.html,NGÔI NHÀ CỦA MATRYONA - (NOBEL VĂN CHƯƠNG 1970) ẤN BẢN GIỚI HẠN CÓ KÝ TẶNG CỦA DỊCH GIA,5.0,1,368000,368000,10.0,67994
56908123,sach-tren-sa-mac-va-trong-rung-tham-tai-ban-2020-p56908123,https://tiki.vn/sach-tren-sa-mac-va-trong-rung-tham-tai-ban-2020-p56908123.html,Sách Trên Sa Mạc Và Trong Rừng Thẳm (Tái Bản 2020),0.0,0,106350,106350,8.0,67994
276641110,sach-series-tac-gia-du-hoa-cap-nhat-nha-nam-official-p276641110,https://tiki.vn/sach-series-tac-gia-du-hoa-cap-nhat-nha-nam-official-p276641110.html,Sách - Series tác giả Dư Hoa (cập nhật) (Nhã Nam Official),0.0,0,130000,117000,2.0,67994
255173063,than-thoai-hy-lap-bia-cung-tai-ban-2023-p255173063,https://tiki.vn/than-thoai-hy-lap-bia-cung-tai-ban-2023-p255173063.html,Thần Thoại Hy Lạp - Bìa Cứng (Tái Bản 2023),5.0,2,295000,259600,39.0,67994
277810564,ky-an-phap-y-mat-ma-tu-vong-chuyen-chua-ke-sau-canh-cua-phong-phap-y-p277810564,https://tiki.vn/ky-an-phap-y-mat-ma-tu-vong-chuyen-chua-ke-sau-canh-cua-phong-phap-y-p277810564.html,Kỳ Án Pháp Y - Mật Mã Tử Vong: Chuyện Chưa Kể Sau Cánh Cửa Phòng Pháp Y,0.0,0,125000,118750,4.0,67994
275062837,combo-sach-anh-sang-trang-va-ba-man-kich-jon-fosse-nobel-van-chuong-2023-p275062837,https://tiki.vn/combo-sach-anh-sang-trang-va-ba-man-kich-jon-fosse-nobel-van-chuong-2023-p275062837.html,Combo sách Ánh Sáng Trắng và Ba Màn Kịch - Jon Fosse Nobel Văn chương 2023,5.0,2,268000,268000,2.0,67994
276658878,sach-xu-tuyet-kawabata-yasunari-nha-nam-hcm-p276658878,https://tiki.vn/sach-xu-tuyet-kawabata-yasunari-nha-nam-hcm-p276658878.html,Sách - Xứ tuyết (Kawabata Yasunari) (Nhã Nam HCM),0.0,0,112000,100800,2.0,67994
275527947,nghin-le-mot-dem-nhung-truyen-hay-chon-loc-bia-mem-kho-13-5-x-20-5-cm-p275527947,https://tiki.vn/nghin-le-mot-dem-nhung-truyen-hay-chon-loc-bia-mem-kho-13-5-x-20-5-cm-p275527947.html,"Nghìn lẻ một đêm - Những truyện hay chọn lọc (Bìa mềm, khổ 13.5 x 20.5 cm)",0.0,0,100000,95000,7.0,67994
278054159,sach-tron-bo-don-quixote-nha-quy-toc-tai-ba-xu-mancha-2-tap-tb-2022-nha-nam-hcm-p278054159,https://tiki.vn/sach-tron-bo-don-quixote-nha-quy-toc-tai-ba-xu-mancha-2-tap-tb-2022-nha-nam-hcm-p278054159.html,Sách - Trọn bộ Don Quixote - Nhà quý tộc tài ba xứ Mancha (2 tập) (TB 2026) (Nhã Nam HCM),5.0,1,420000,378000,10.0,67994
276104146,sherlock-holmes-bo-3-tap-tai-ban-nam-2023-p276104146,https://tiki.vn/sherlock-holmes-bo-3-tap-tai-ban-nam-2023-p276104146.html,Sherlock Holmes (Bộ 3 tập) (Tái bản năm 2023),5.0,1,450000,427500,3.0,67994
277488952,sach-muoi-ngay-gia-dien-trong-trai-tam-than-tac-gia-nellie-bly-sach-kinh-dien-nha-sach-the-hitcher-p277488952,https://tiki.vn/sach-muoi-ngay-gia-dien-trong-trai-tam-than-tac-gia-nellie-bly-sach-kinh-dien-nha-sach-the-hitcher-p277488952.html,[Sách] Mười Ngày Giả Điên Trong Trại Tâm Thần - Tác giả Nellie Bly - Sách Kinh Điển - Nhà Sách The Hitcher,5.0,3,99000,99000,25.0,67994
273360307,sach-con-hui-bia-cung-p273360307,https://tiki.vn/sach-con-hui-bia-cung-p273360307.html,Sách Con hủi (Bìa cứng),0.0,0,220000,220000,2.0,67994
874800,sach-ong-gia-va-bien-ca-p874800,https://tiki.vn/sach-ong-gia-va-bien-ca-p874800.html,Sách Ông Già Và Biển Cả,4.8,29,42000,33600,307.0,67994
278792878,macbeth-kich-shakespeare-p278792878,https://tiki.vn/macbeth-kich-shakespeare-p278792878.html,MACBETH - Kịch Shakespeare,5.0,1,269000,220580,15.0,67994
275026199,boxset-nhung-nguoi-khon-kho-bo-3-tap-p275026199,https://tiki.vn/boxset-nhung-nguoi-khon-kho-bo-3-tap-p275026199.html, Boxset Những Người Khốn Khổ (Bộ 3 Tập),0.0,0,490500,490500,2.0,67994
543312,combo-nhung-nguoi-khon-kho-hop-3-tap-p543312,https://tiki.vn/combo-nhung-nguoi-khon-kho-hop-3-tap-p543312.html,Combo Những Người Khốn Khổ (Hộp 3 Tập),5.0,18,490250,490250,68.0,67994
278570086,sach-van-hoc-kinh-dien-khong-khuat-phuc-constance-elizabeth-maud-p278570086,https://tiki.vn/sach-van-hoc-kinh-dien-khong-khuat-phuc-constance-elizabeth-maud-p278570086.html,Sách Văn Học Kinh Điển - Không Khuất Phục (Constance Elizabeth Maud),0.0,0,195000,195000,6.0,67994
276386335,sach-giet-chi-huy-doi-ky-si-tap-1-y-tuong-xuat-hien-haruki-murakami-nha-nam-official-p276386335,https://tiki.vn/sach-giet-chi-huy-doi-ky-si-tap-1-y-tuong-xuat-hien-haruki-murakami-nha-nam-official-p276386335.html,Sách - Giết chỉ huy đội kỵ sĩ (Tập 1) - Ý tưởng xuất hiện (Haruki Murakami) - Nhã Nam Official,0.0,0,200000,200000,1.0,67994
279070508,sach-kim-van-kieu-luc-1876-ban-cam-van-duong-luu-tru-tai-thu-vien-dai-hoc-leiden-ha-lan-p279070508,https://tiki.vn/sach-kim-van-kieu-luc-1876-ban-cam-van-duong-luu-tru-tai-thu-vien-dai-hoc-leiden-ha-lan-p279070508.html,"Sách - Kim Vân Kiều Lục 1876 (Bản Cẩm Văn Đường Lưu Trữ Tại Thư Viện Đại Học Leiden, Hà Lan)",0.0,0,315000,315000,,67994
277353905,sach-hong-lau-mong-tron-bo-4-tap-bia-cung-khang-viet-book-p277353905,https://tiki.vn/sach-hong-lau-mong-tron-bo-4-tap-bia-cung-khang-viet-book-p277353905.html,Sách - Hồng Lâu Mộng - Trọn Bộ 4 Tập - Bìa Cứng - Khang Việt Book,0.0,0,499000,499000,1.0,67994
172474995,combo-hai-so-phan-dua-con-gai-hoang-dang-ba-tong-thong-truoc-hong-sung-phan-2-phan-3-bo-2-cuon-p172474995,https://tiki.vn/combo-hai-so-phan-dua-con-gai-hoang-dang-ba-tong-thong-truoc-hong-sung-phan-2-phan-3-bo-2-cuon-p172474995.html,Combo Hai Số Phận Đứa Con Gái Hoang Đàng+ Bà Tổng Thống Trước Họng Súng. Phần 2+ phần 3. Bộ 2 cuốn,0.0,0,400350,400350,6.0,67994
279209359,tai-ban-kim-cac-tu-mishima-yukio-nguyen-van-thuc-dich-nxb-dan-tri-nha-nam-p279209359,https://tiki.vn/tai-ban-kim-cac-tu-mishima-yukio-nguyen-van-thuc-dich-nxb-dan-tri-nha-nam-p279209359.html,"(TÁI BẢN 2026, BÌA CỨNG) KIM CÁC TỰ – Mishima Yukio - Nguyễn Văn Thực dịch – NXB Dân Trí - Nhã Nam",0.0,0,230000,230000,1.0,67994
275741657,tam-hon-cao-thuong-bia-vai-p275741657,https://tiki.vn/tam-hon-cao-thuong-bia-vai-p275741657.html,Tâm hồn cao thượng (bìa vải),5.0,1,400000,380000,3.0,67994
276074080,hoang-mac-tartar-p276074080,https://tiki.vn/hoang-mac-tartar-p276074080.html,Hoang mạc Tartar (Bìa cứng),4.7,3,280000,280000,23.0,67994
272421669,khong-gia-dinh-p272421669,https://tiki.vn/khong-gia-dinh-p272421669.html,KHÔNG GIA ĐÌNH,0.0,0,150350,150350,,67994
174038842,sach-chuong-nguyen-hon-ai-bia-mem-p174038842,https://tiki.vn/sach-chuong-nguyen-hon-ai-bia-mem-p174038842.html,Sách Chuông Nguyện Hồn Ai (Bìa Mềm),0.0,0,109100,109100,1.0,67994
279133588,sach-hai-van-dam-duoi-day-bien-p279133588,https://tiki.vn/sach-hai-van-dam-duoi-day-bien-p279133588.html,Sách - Hai Vạn Dặm Dưới Đáy Biển,0.0,0,76000,76000,1.0,67994
485326,sach-nhung-cuoc-phieu-luu-cua-sherlock-holmes-p485326,https://tiki.vn/sach-nhung-cuoc-phieu-luu-cua-sherlock-holmes-p485326.html,Sách Những Cuộc Phiêu Lưu Của Sherlock Holmes,4.8,25,79000,63200,142.0,67994
276009696,nguoi-ke-chuyen-cuoi-cung-p276009696,https://tiki.vn/nguoi-ke-chuyen-cuoi-cung-p276009696.html,Người Kể Chuyện Cuối Cùng,0.0,0,99000,99000,1.0,67994
278812224,combo-5-ban-sao-ruou-doc-nhung-ke-nguoc-doi-hoi-do-chung-ta-la-nhung-ke-ngoc-nguoi-giao-vien-tan-nhan-p278812224,https://tiki.vn/combo-5-ban-sao-ruou-doc-nhung-ke-nguoc-doi-hoi-do-chung-ta-la-nhung-ke-ngoc-nguoi-giao-vien-tan-nhan-p278812224.html,Combo 5: Bản Sao + Rượu Độc + Những Kẻ Ngược Đời + Hồi Đó Chúng Ta Là Những Kẻ Ngốc +Người GIáo Viên Tàn Nhẫn,0.0,0,1065000,798750,1.0,67994
278836321,45-nguoi-linh-tac-gia-alexandre-dumas-bia-cung-p278836321,https://tiki.vn/45-nguoi-linh-tac-gia-alexandre-dumas-bia-cung-p278836321.html,45 Người Lính (Tác giả: Alexandre Dumas) - Bìa Cứng,0.0,0,420000,420000,,67994
444696,sach-tieng-goi-noi-hoang-da-p444696,https://tiki.vn/sach-tieng-goi-noi-hoang-da-p444696.html,Sách Tiếng Gọi Nơi Hoang Dã,3.9,12,43000,43000,432.0,67994
217481427,emma-jane-austen-tv-p217481427,https://tiki.vn/emma-jane-austen-tv-p217481427.html,Emma - Jane Austen (TV),5.0,1,199000,199000,8.0,67994
278570084,sach-van-hoc-kinh-dien-truong-mau-giao-gaiir-goncourt-1904-p278570084,https://tiki.vn/sach-van-hoc-kinh-dien-truong-mau-giao-gaiir-goncourt-1904-p278570084.html,Sách Văn Học Kinh Điển - Trường Mẫu Giáo (Gaiir Goncourt 1904),5.0,2,160000,160000,15.0,67994
278569929,sach-van-hoc-kinh-dien-duong-dau-voi-lua-r-m-ballantyne-phuc-minh-books-p278569929,https://tiki.vn/sach-van-hoc-kinh-dien-duong-dau-voi-lua-r-m-ballantyne-phuc-minh-books-p278569929.html,Sách Văn Học Kinh Điển - Đương Đầu Với Lửa - R. M. Ballantyne - Phuc Minh Books,0.0,0,168000,168000,9.0,67994
277382622,sach-van-hoc-kinh-dien-hon-da-ven-duong-yuzo-yamamoto-p277382622,https://tiki.vn/sach-van-hoc-kinh-dien-hon-da-ven-duong-yuzo-yamamoto-p277382622.html,Sách Văn Học Kinh Điển - Hòn Đá Ven Đường (Yuzo Yamamoto),4.7,3,140000,140000,38.0,67994
278793047,nguoi-lai-buon-thanh-venice-kich-shakespeare-p278793047,https://tiki.vn/nguoi-lai-buon-thanh-venice-kich-shakespeare-p278793047.html,Người lái buôn thành Venice - Kịch Shakespeare,0.0,0,239000,195980,6.0,67994
273586090,sach-van-hoc-nuoc-ngoai-hai-so-phan-tai-ban-2023-p273586090,https://tiki.vn/sach-van-hoc-nuoc-ngoai-hai-so-phan-tai-ban-2023-p273586090.html,Sách Văn Học Nước Ngoài- Hai Số Phận (Bìa mềm),0.0,0,241350,241350,3.0,67994
208103008,sach-cuoc-phieu-luu-cua-augie-march-saul-bellow-nobel-van-hoc-1976-tang-kem-bookmark-bamboo-books-p208103008,https://tiki.vn/sach-cuoc-phieu-luu-cua-augie-march-saul-bellow-nobel-van-hoc-1976-tang-kem-bookmark-bamboo-books-p208103008.html,Sách - Cuộc Phiêu Lưu Của Augie March - Saul Bellow - Nobel Văn Học 1976 - Tặng Kèm Bookmark Bamboo Books,5.0,1,350000,350000,1.0,67994
279017056,sach-hai-van-dam-duoi-day-bien-p279017056,https://tiki.vn/sach-hai-van-dam-duoi-day-bien-p279017056.html,Sách - Hai Vạn Dặm Dưới Đáy Biển,0.0,0,169000,148700,3.0,67994
35303884,ong-trum-cuoi-cung-mario-puzo-tang-kem-so-tay-p35303884,https://tiki.vn/ong-trum-cuoi-cung-mario-puzo-tang-kem-so-tay-p35303884.html,Ông Trùm Cuối Cùng (Mario Puzo) - Tặng Kèm Sổ Tay,0.0,0,150000,150000,4.0,67994
196180774,dai-gia-gatsby-tai-ban-2022-p196180774,https://tiki.vn/dai-gia-gatsby-tai-ban-2022-p196180774.html,Đại Gia Gatsby (Tái Bản 2022),5.0,1,86000,79100,15.0,67994
273219415,tram-nam-co-don-gabriel-garcia-marquez-p273219415,https://tiki.vn/tram-nam-co-don-gabriel-garcia-marquez-p273219415.html,Trăm Năm Cô Đơn - Gabriel Garcia Marquez,0.0,0,235000,199000,2.0,67994
277406242,sach-van-hoc-kinh-dien-ve-voi-gia-dinh-hector-malot-p277406242,https://tiki.vn/sach-van-hoc-kinh-dien-ve-voi-gia-dinh-hector-malot-p277406242.html,Sách Văn Học Kinh Điển - Về Với Gia Đình - Hector Malot (Tặng kèm Booklet Gốc tiếng Pháp),5.0,3,140000,140000,21.0,67994
273281850,boxset-nhung-nguoi-khon-kho-bo-5-tap-p273281850,https://tiki.vn/boxset-nhung-nguoi-khon-kho-bo-5-tap-p273281850.html,Boxset Những Người Khốn Khổ (Bộ 5 Tập),0.0,0,650000,650000,,67994
276412143,tinh-yeu-dau-da-day-p276412143,https://tiki.vn/tinh-yeu-dau-da-day-p276412143.html,Tình Yêu Đau Dạ Dày,0.0,0,249000,236550,,67994
247566100,thep-da-toi-the-day-tai-ban-2023-p247566100,https://tiki.vn/thep-da-toi-the-day-tai-ban-2023-p247566100.html,Thép Đã Tôi Thế Đấy (Tái Bản 2023),5.0,18,139000,104200,96.0,67994
276908624,sach-combo-cay-cam-ngot-cua-toi-2-tap-nha-nam-hcm-p276908624,https://tiki.vn/sach-combo-cay-cam-ngot-cua-toi-2-tap-nha-nam-hcm-p276908624.html,Sách - Combo Cây cam ngọt của tôi (2 tập) (Nhã Nam HCM),5.0,1,285000,247950,12.0,67994
277947823,an-mieng-tra-mieng-kich-shakespeare-p277947823,https://tiki.vn/an-mieng-tra-mieng-kich-shakespeare-p277947823.html,Ăn miếng trả miếng - Kịch Shakespeare,5.0,1,219000,179580,5.0,67994
277040880,combo-nghe-thuat-va-tho-thu-cong-thi-ca-luan-linh-tinh-va-ly-tri-p277040880,https://tiki.vn/combo-nghe-thuat-va-tho-thu-cong-thi-ca-luan-linh-tinh-va-ly-tri-p277040880.html,Combo “Nghệ thuật và thợ thủ công” + “Thi ca luận” + “Linh tính và Lý trí”,0.0,0,153900,153900,1.0,67994
273584810,tac-pham-van-hoc-kinh-dien-con-hui-bia-cung-tai-ban-2023-p273584810,https://tiki.vn/tac-pham-van-hoc-kinh-dien-con-hui-bia-cung-tai-ban-2023-p273584810.html,Tác Phẩm Văn Học Kinh Điển-Con Hủi - Bìa Cứng (Tái Bản 2023),0.0,0,245350,245350,,67994
279222068,combo-coi-re-thanh-nu-tinh-nhan-hai-dang-books-p279222068,https://tiki.vn/combo-coi-re-thanh-nu-tinh-nhan-hai-dang-books-p279222068.html,Combo Cội rễ + Thánh nữ tình nhân (Hải Đăng books),0.0,0,659000,560150,,67994
279170736,sach-van-hoc-kinh-dien-ba-chi-em-may-sinclair-phuc-minh-books-p279170736,https://tiki.vn/sach-van-hoc-kinh-dien-ba-chi-em-may-sinclair-phuc-minh-books-p279170736.html,Sách Văn Học Kinh Điển - Ba Chị Em - May Sinclair - Phuc Minh Books,0.0,0,215000,215000,4.0,67994
278069785,co-da-nguoi-phap-phoi-curzio-malaparte-thanh-thu-dich-sap-phat-hanh-p278069785,https://tiki.vn/co-da-nguoi-phap-phoi-curzio-malaparte-thanh-thu-dich-sap-phat-hanh-p278069785.html,Cờ Da Người Phấp Phới - Curzio Malaparte - Thanh Thư dịch,0.0,0,300000,240000,3.0,67994
278246679,ba-nguoi-linh-ngu-lam-bia-cung-p278246679,https://tiki.vn/ba-nguoi-linh-ngu-lam-bia-cung-p278246679.html,Ba Người Lính Ngự Lâm (Bìa Cứng),0.0,0,295000,295000,1.0,67994
466710,sach-gatsby-vi-dai-song-ngu-anh-viet-p466710,https://tiki.vn/sach-gatsby-vi-dai-song-ngu-anh-viet-p466710.html,Sách Gatsby Vĩ Đại (Song Ngữ Anh - Việt),4.7,157,169000,152100,978.0,67994
276800108,combo-2-cuon-duong-chan-troi-da-mat-canh-buom-do-tham-p276800108,https://tiki.vn/combo-2-cuon-duong-chan-troi-da-mat-canh-buom-do-tham-p276800108.html,Combo 2 cuốn Đường Chân Trời Đã Mất - Cánh Buồm Đỏ Thắm ,0.0,0,290000,153700,17.0,67994
1392941,sach-ong-gia-va-bien-ca-p1392941,https://tiki.vn/sach-ong-gia-va-bien-ca-p1392941.html,Sách Ông Già Và Biển Cả,4.8,113,78000,66000,512.0,67994
276699636,sach-artemis-cuoc-chien-tren-mat-trang-nha-nam-hcm-p276699636,https://tiki.vn/sach-artemis-cuoc-chien-tren-mat-trang-nha-nam-hcm-p276699636.html,Sách - Artemis: Cuộc chiến trên Mặt Trăng  (Nhã Nam HCM),5.0,1,169000,152100,2.0,67994
76779783,dao-giau-vang-p76779783,https://tiki.vn/dao-giau-vang-p76779783.html,Đảo Giấu Vàng,4.3,6,100000,95000,29.0,67994
278519264,bia-cung-boc-vai-nhung-cuoc-phieu-luu-cua-tom-sawyer-mark-twain-dang-thu-dich-dong-a-nxb-van-hoc-p278519264,https://tiki.vn/bia-cung-boc-vai-nhung-cuoc-phieu-luu-cua-tom-sawyer-mark-twain-dang-thu-dich-dong-a-nxb-van-hoc-p278519264.html,"(Bìa cứng, bọc vải) NHỮNG CUỘC PHIÊU LƯU CỦA TOM SAWYER – Mark Twain – Đăng Thư dịch – Đông A – NXB Văn học",0.0,0,340000,340000,,67994
274011605,tuyen-tap-dino-buzzati-1-dino-buzzati-tran-duong-hiep-dich-tao-dan-nxb-hoi-nha-van-p274011605,https://tiki.vn/tuyen-tap-dino-buzzati-1-dino-buzzati-tran-duong-hiep-dich-tao-dan-nxb-hoi-nha-van-p274011605.html,TUYỂN TẬP DINO BUZZATI 1 – Dino Buzzati - Trần Dương Hiệp dịch – Tao Đàn - NXB Hội nhà văn,0.0,0,253935,253935,,67994
176133531,chu-tu-tinh-tuyen-khong-tu-lao-tu-tuan-tu-trang-tu-han-phi-tu-ton-tu-manh-tu-7-cuon-p176133531,https://tiki.vn/chu-tu-tinh-tuyen-khong-tu-lao-tu-tuan-tu-trang-tu-han-phi-tu-ton-tu-manh-tu-7-cuon-p176133531.html,"Sách - Chư Tử Tinh Tuyển - Khổng tử, Lão Tử, Tuân Tử, Trang Tử, Hàn Phi Tử, Tôn Tử, Mạnh Tử (7 cuốn)",5.0,3,1456000,1456000,29.0,67994
278427752,doat-giai-thuong-pulitzer-2021-nguoi-giu-bong-dem-louise-erdrich-hoai-anh-dich-rubik-viet-nam-nxb-phu-nu-p278427752,https://tiki.vn/doat-giai-thuong-pulitzer-2021-nguoi-giu-bong-dem-louise-erdrich-hoai-anh-dich-rubik-viet-nam-nxb-phu-nu-p278427752.html,(Đoạt giải thưởng Pulitzer 2021) NGƯỜI GIỮ BÓNG ĐÊM – Louise Erdrich – Hoài Anh dịch - Rubik Việt Nam – NXB Phụ Nữ,0.0,0,218000,218000,3.0,67994
278246795,sach-hai-kinh-muoi-lam-ngay-ma-ba-dung-nha-nam-hcm-p278246795,https://tiki.vn/sach-hai-kinh-muoi-lam-ngay-ma-ba-dung-nha-nam-hcm-p278246795.html,Sách - Hai kinh mười lăm ngày (Mã Bá Dung) (Nhã Nam HCM),0.0,0,245000,220500,4.0,67994
216264891,khong-gia-dinh-hector-malot-p216264891,https://tiki.vn/khong-gia-dinh-hector-malot-p216264891.html,Không Gia Đình - hector Malot,0.0,0,130000,91000,2.0,67994
229732147,martin-eden-jack-london-p229732147,https://tiki.vn/martin-eden-jack-london-p229732147.html,Martin Eden - Jack London,4.6,5,250000,250000,43.0,67994
251573836,su-ky-ban-ky-tu-ma-thien-p251573836,https://tiki.vn/su-ky-ban-ky-tu-ma-thien-p251573836.html,SỬ KÝ BẢN KỶ - Tư Mã Thiên,4.5,4,328000,164000,29.0,67994
208913546,sach-nam-muoi-sac-thai-xam-alphabooks-ban-quyen-p208913546,https://tiki.vn/sach-nam-muoi-sac-thai-xam-alphabooks-ban-quyen-p208913546.html,Sách Năm mươi sắc thái (Xám) - Alphabooks - BẢN QUYỀN,0.0,0,199000,199000,,67994
270773560,chet-o-venice-canh-cua-mo-rong-tai-ban-2022-ban-quyen-p270773560,https://tiki.vn/chet-o-venice-canh-cua-mo-rong-tai-ban-2022-ban-quyen-p270773560.html,Chết Ở Venice - Cánh Cửa Mở Rộng - Tái Bản 2022 - Bản Quyền,0.0,0,73000,73000,,67994
278812330,combo-3-cuon-nhung-ke-nguoc-doi-hoi-do-chung-ta-la-nhung-ke-ngoc-nguoi-giao-vien-tan-nhan-p278812330,https://tiki.vn/combo-3-cuon-nhung-ke-nguoc-doi-hoi-do-chung-ta-la-nhung-ke-ngoc-nguoi-giao-vien-tan-nhan-p278812330.html,Combo 3 cuốn: Những Kẻ Ngược Đời + Hồi Đó Chúng Ta Là Những Kẻ Ngốc + Người Giáo Viên Tàn Nhẫn,5.0,1,617000,462750,5.0,67994
278967798,sach-con-hui-bia-cung-tai-ban-2025-p278967798,https://tiki.vn/sach-con-hui-bia-cung-tai-ban-2025-p278967798.html,Sách - Con Hủi - Bìa Cứng (Tái Bản 2025),0.0,0,245000,215600,1.0,67994
279262067,lu-nguoi-quy-am-bia-cung-p279262067,https://tiki.vn/lu-nguoi-quy-am-bia-cung-p279262067.html,Lũ Người Quỷ Ám (Bìa Cứng),0.0,0,450000,450000,,67994
195891807,anne-toc-do-duoi-chai-nha-xanh-p195891807,https://tiki.vn/anne-toc-do-duoi-chai-nha-xanh-p195891807.html,Anne tóc đỏ dưới chái nhà xanh,0.0,0,138000,138000,7.0,67994
272237048,sach-series-tac-gia-milan-kundera-cap-nhat-nha-nam-official-p272237048,https://tiki.vn/sach-series-tac-gia-milan-kundera-cap-nhat-nha-nam-official-p272237048.html,Sách - Series tác giả Milan Kundera (cập nhật) - Nhã Nam Official,0.0,0,116000,104400,2.0,67994
242101784,sach-dao-giau-vang-p242101784,https://tiki.vn/sach-dao-giau-vang-p242101784.html,Sách - Đảo Giấu Vàng - Nhã nam,0.0,0,78000,78000,,67994
277413466,sach-bo-2-cuon-vuot-nghich-canh-hon-da-ven-duong-ve-voi-gia-dinh-p277413466,https://tiki.vn/sach-bo-2-cuon-vuot-nghich-canh-hon-da-ven-duong-ve-voi-gia-dinh-p277413466.html,Sách - Bộ 2 Cuốn Vượt Nghịch Cảnh (Hòn Đá Ven Đường + Về Với Gia Đình,0.0,0,280000,280000,9.0,67994
277715950,khong-gia-dinh-p277715950,https://tiki.vn/khong-gia-dinh-p277715950.html,Không Gia Đình,0.0,0,125000,125000,,67994
253282688,lai-lich-ba-n-quye-n-p253282688,https://tiki.vn/lai-lich-ba-n-quye-n-p253282688.html,Lai lịch  -  Bản Quyền,0.0,0,79000,79000,,67994
276745033,ghi-chep-phap-y-lat-lai-ho-so-toi-ac-p276745033,https://tiki.vn/ghi-chep-phap-y-lat-lai-ho-so-toi-ac-p276745033.html,Ghi Chép Pháp Y - Lật Lại Hồ Sơ Tội Ác,0.0,0,105000,84000,6.0,67994
23251450,combo-2-cuon-sach-van-hoc-hay-nhat-nguoi-dua-dieu-chien-binh-cau-vong-tang-so-tay-vdt-p23251450,https://tiki.vn/combo-2-cuon-sach-van-hoc-hay-nhat-nguoi-dua-dieu-chien-binh-cau-vong-tang-so-tay-vdt-p23251450.html,Combo 2 cuốn sách văn học hay nhất: Người Đua Diều + Chiến Binh Cầu Vồng Tặng sổ tay VDT,0.0,0,209000,209000,1.0,67994
270302128,sach-papillon-nguoi-tu-kho-sai-tai-ban-nam-2023-p270302128,https://tiki.vn/sach-papillon-nguoi-tu-kho-sai-tai-ban-nam-2023-p270302128.html,Sách Papillon Người Tù Khổ Sai (Tái bản năm 2023),5.0,2,379000,322150,8.0,67994
278230326,nhung-cuoc-phieu-luu-cua-tom-sawyer-bia-mem-p278230326,https://tiki.vn/nhung-cuoc-phieu-luu-cua-tom-sawyer-bia-mem-p278230326.html,Những cuộc phiêu lưu của Tom Sawyer (Bìa mềm),0.0,0,110000,104500,4.0,67994
278475500,sach-tu-tri-thong-giam-tap-11-chu-bien-tu-ma-quang-dich-gia-pham-thanh-long-trithuctrebooks-p278475500,https://tiki.vn/sach-tu-tri-thong-giam-tap-11-chu-bien-tu-ma-quang-dich-gia-pham-thanh-long-trithuctrebooks-p278475500.html,Sách - Tư trị thông giám - Tập 11 Những Cuộc Đấu Trí Làm Thay Đổi Lịch Sử - Chủ biên Tư Mã Quang,5.0,2,389000,350100,6.0,67994
242075302,sach-hoc-vien-the-institute-ban-thuong-1980books-p242075302,https://tiki.vn/sach-hoc-vien-the-institute-ban-thuong-1980books-p242075302.html,Sách - Học Viện The Institute bản thường - 1980books,0.0,0,299000,299000,,67994
277992423,coi-re-ngoi-nha-cua-nguoi-ha-lan-p277992423,https://tiki.vn/coi-re-ngoi-nha-cua-nguoi-ha-lan-p277992423.html,Cội Rễ + Ngôi Nhà Của Người Hà Lan,5.0,1,629000,534650,2.0,67994
275196497,balzac-mieng-da-lua-p275196497,https://tiki.vn/balzac-mieng-da-lua-p275196497.html,Balzac - Miếng da lừa,0.0,0,153000,153000,11.0,67994
279316979,sach-thep-da-toi-the-day-tai-ban-2026-p279316979,https://tiki.vn/sach-thep-da-toi-the-day-tai-ban-2026-p279316979.html,Sách - Thép Đã Tôi Thế Đấy (Tái Bản 2026),0.0,0,140000,140000,1.0,67994
279165647,sach-nguoi-tot-lau-tren-kevin-chen-nha-nam-hcm-p279165647,https://tiki.vn/sach-nguoi-tot-lau-tren-kevin-chen-nha-nam-hcm-p279165647.html,Sách - Người tốt lầu trên (Kevin Chen) (Nhã Nam HCM),0.0,0,210000,189000,1.0,67994
429149,sach-bo-gia-tai-ban-2015-mario-puzo-p429149,https://tiki.vn/sach-bo-gia-tai-ban-2015-mario-puzo-p429149.html,Sách Bố Già (Tái Bản 2015) - Mario Puzo,0.0,0,208500,208500,,67994
190608663,han-quoc-chat-luong-cao-p190608663,https://tiki.vn/han-quoc-chat-luong-cao-p190608663.html,Hàn Quốc Chất Lượng Cao,0.0,0,260000,260000,1.0,67994
276678042,ta-duong-tai-ban-nam-2024-p276678042,https://tiki.vn/ta-duong-tai-ban-nam-2024-p276678042.html,Tà Dương (Tái bản năm 2024),5.0,1,129000,109650,11.0,67994
279283466,sach-bo-tui-dam-xanh-stephen-king-1980novel-anh-tuan-dich-nxb-ha-noi-1980-books-p279283466,https://tiki.vn/sach-bo-tui-dam-xanh-stephen-king-1980novel-anh-tuan-dich-nxb-ha-noi-1980-books-p279283466.html,(SÁCH BỎ TÚI) DẶM XANH – Stephen King – 1980Novel (Anh Tuấn) dịch - NXB Hà Nội - 1980 Books,0.0,0,179000,179000,,67994
278121820,sach-combo-4-cuon-cay-brooklyn-xanh-biec-ky-vat-vo-gia-binh-minh-tren-pho-brooklyn-ba-dua-tre-va-nguoi-thu-thu-p278121820,https://tiki.vn/sach-combo-4-cuon-cay-brooklyn-xanh-biec-ky-vat-vo-gia-binh-minh-tren-pho-brooklyn-ba-dua-tre-va-nguoi-thu-thu-p278121820.html,Sách - Combo 4 cuốn: Cây Brooklyn Xanh Biếc + Kỷ Vật Vô Giá + Bình Minh Trên Phố Brooklyn+Ba Đứa Trẻ Và Người Thủ Thư ..,0.0,0,862000,646500,2.0,67994
276944675,rung-nauy-tai-ban-nam-2024-p276944675,https://tiki.vn/rung-nauy-tai-ban-nam-2024-p276944675.html,Rừng Nauy (Tái bản năm 2024),0.0,0,180000,171000,1.0,67994
277810634,vo-ngot-tap-1-p277810634,https://tiki.vn/vo-ngot-tap-1-p277810634.html,Vợ Ngọt - Tập 1,4.0,2,209000,209000,8.0,67994
136596503,tam-quoc-dien-nghia-tron-bo-6-tap-tai-ban-2021-p136596503,https://tiki.vn/tam-quoc-dien-nghia-tron-bo-6-tap-tai-ban-2021-p136596503.html,Tam Quốc Diễn Nghĩa (Trọn Bộ 6 Tập) - Tái Bản 2021,0.0,0,540000,540000,,67994
253265030,anne-toc-do-lang-avonlea-tb-2022-ba-n-quye-n-p253265030,https://tiki.vn/anne-toc-do-lang-avonlea-tb-2022-ba-n-quye-n-p253265030.html,Anne tóc đỏ làng Avonlea (TB 2022) -  Bản Quyền,0.0,0,112000,112000,1.0,67994
276550805,sach-kieu-hanh-va-dinh-kien-nha-nam-hcm-p276550805,https://tiki.vn/sach-kieu-hanh-va-dinh-kien-nha-nam-hcm-p276550805.html,Sách - Kiêu Hãnh và Định Kiến (TB 2026) (Nhã Nam HCM),0.0,0,150000,135000,1.0,67994
50269847,sach-ban-hoa-tau-hon-nhan-2-tap-p50269847,https://tiki.vn/sach-ban-hoa-tau-hon-nhan-2-tap-p50269847.html,Sách Bản Hòa Tấu Hôn Nhân (2 Tập),5.0,1,161150,161150,2.0,67994
277014374,sach-rumi-tinh-tuyet-bia-cung-p277014374,https://tiki.vn/sach-rumi-tinh-tuyet-bia-cung-p277014374.html,Sách - Rumi Tinh Tuyệt - Bìa Cứng,0.0,0,359900,359900,,67994
376720,sach-ngoi-nha-nho-tren-thao-nguyen-tap-5-ven-bo-ho-bac-p376720,https://tiki.vn/sach-ngoi-nha-nho-tren-thao-nguyen-tap-5-ven-bo-ho-bac-p376720.html,Sách Ngôi Nhà Nhỏ Trên Thảo Nguyên - Tập 5 - Ven Bờ Hồ Bạc,0.0,0,73832,73832,1.0,67994
277392946,thien-su-nha-ben-tap-9-p277392946,https://tiki.vn/thien-su-nha-ben-tap-9-p277392946.html,Thiên Sứ Nhà Bên - Tập 9,0.0,0,95000,95000,1.0,67994
129028654,thien-hoang-minh-tri-bia-cung-p129028654,https://tiki.vn/thien-hoang-minh-tri-bia-cung-p129028654.html,THIÊN HOÀNG MINH TRỊ - BÌA CỨNG,0.0,0,350000,350000,1.0,67994
214072291,sach-thanh-ly-shosha-isaac-bashevis-singer-nobel-van-hoc-1978-p214072291,https://tiki.vn/sach-thanh-ly-shosha-isaac-bashevis-singer-nobel-van-hoc-1978-p214072291.html,Sách Thanh Lý - Shosha - Isaac Bashevis Singer - Nobel Văn Học 1978,0.0,0,168000,168000,,67994
109109553,sach-dua-con-gai-hoang-dang-p109109553,https://tiki.vn/sach-dua-con-gai-hoang-dang-p109109553.html,Sách - Đứa con gái hoang đàng,0.0,0,156750,156750,1.0,67994
276857061,josephroth-hanh-khuc-radetzky-p276857061,https://tiki.vn/josephroth-hanh-khuc-radetzky-p276857061.html,Josephroth - Hành khúc Radetzky,0.0,0,155000,155000,12.0,67994
275890848,khong-gia-dinh-tap-1-song-ngu-viet-anh-p275890848,https://tiki.vn/khong-gia-dinh-tap-1-song-ngu-viet-anh-p275890848.html,Không Gia Đình - Tập 1 (Song ngữ Việt-Anh),0.0,0,89000,84550,7.0,67994
261965907,truyen-ma-m-r-james-cha-de-cua-the-loai-truyen-ma-hien-dai-p261965907,https://tiki.vn/truyen-ma-m-r-james-cha-de-cua-the-loai-truyen-ma-hien-dai-p261965907.html,Truyện Ma - M.R.James - Cha Đẻ Của Thể Loại Truyện Ma Hiện Đại,0.0,0,147000,147000,1.0,67994
395417,sach-noi-dau-cua-chang-werther-p395417,https://tiki.vn/sach-noi-dau-cua-chang-werther-p395417.html,Sách Nỗi Đau Của Chàng Werther,0.0,0,100000,100000,,67994
378227,sach-doi-gio-hu-nha-nam-p378227,https://tiki.vn/sach-doi-gio-hu-nha-nam-p378227.html,Sách Đồi Gió Hú (Nhã Nam),0.0,0,148000,140000,2.0,67994
198119997,ngoi-nha-nho-tren-thao-nguyen-tap-3-tren-thao-nguyen-p198119997,https://tiki.vn/ngoi-nha-nho-tren-thao-nguyen-tap-3-tren-thao-nguyen-p198119997.html,Ngôi nhà nhỏ trên thảo nguyên - Tập 3 - Trên thảo nguyên,0.0,0,70000,70000,3.0,67994
277873833,circe-madeline-miller-tac-gia-cua-truong-ca-achilles-tang-kem-bookmark-cu-meo-so-tay-xuong-rong-p277873833,https://tiki.vn/circe-madeline-miller-tac-gia-cua-truong-ca-achilles-tang-kem-bookmark-cu-meo-so-tay-xuong-rong-p277873833.html,CIRCE - Madeline Miller (Tác giả của Trường ca Achilles) (Tặng Kèm Bookmark CÚ MÈO + SỔ TAY XƯƠNG RỒNG),0.0,0,200000,200000,,67994
422118,sach-thep-da-toi-the-day-p422118,https://tiki.vn/sach-thep-da-toi-the-day-p422118.html,Sách Thép Đã Tôi Thế Đấy,5.0,1,123500,123500,12.0,67994
276314601,harry-potter-va-hon-da-phu-thuy-ban-dac-biet-co-tranh-minh-hoa-mau-ban-quyen-p276314601,https://tiki.vn/harry-potter-va-hon-da-phu-thuy-ban-dac-biet-co-tranh-minh-hoa-mau-ban-quyen-p276314601.html,Harry Potter Và Hòn Đá Phù Thủy (Bản Đặc Biệt Có Tranh Minh Họa Màu) - Bản Quyền,0.0,0,830000,830000,,67994
191814294,vanh-dai-sao-tho-p191814294,https://tiki.vn/vanh-dai-sao-tho-p191814294.html,Vành đai Sao Thổ,0.0,0,204000,204000,,67994
571634,sach-thoi-tho-au-p571634,https://tiki.vn/sach-thoi-tho-au-p571634.html,Sách Thời Thơ Ấu,0.0,0,76485,76485,,67994
143667760,oliver-twist-tai-ban-p143667760,https://tiki.vn/oliver-twist-tai-ban-p143667760.html,Oliver Twist (Tái Bản),5.0,8,150000,142500,41.0,67994
278409087,45-nguoi-linh-bia-cung-p278409087,https://tiki.vn/45-nguoi-linh-bia-cung-p278409087.html,45 Người Lính (Bìa Cứng),5.0,1,420000,420000,11.0,67994
253237673,anne-toc-do-va-ngoi-nha-mo-uoc-ba-n-quye-n-p253237673,https://tiki.vn/anne-toc-do-va-ngoi-nha-mo-uoc-ba-n-quye-n-p253237673.html,Anne Tóc Đỏ Và Ngôi Nhà Mơ Ước -  Bản Quyền,0.0,0,98000,98000,,67994
249303027,con-bim-trang-tai-den-gavriil-troyepolsky-p249303027,https://tiki.vn/con-bim-trang-tai-den-gavriil-troyepolsky-p249303027.html,Con Bim Trắng Tai Đen - Gavriil Troyepolsky,0.0,0,100000,100000,,67994
276079567,sach-khong-gia-dinh-bia-cung-tai-ban-2024-p276079567,https://tiki.vn/sach-khong-gia-dinh-bia-cung-tai-ban-2024-p276079567.html,Không Gia Đình - Bìa Cứng (Tái Bản 2024),0.0,0,193000,193000,,67994
884432,sach-tron-bo-nhung-nguoi-khon-kho-3-cuon-p884432,https://tiki.vn/sach-tron-bo-nhung-nguoi-khon-kho-3-cuon-p884432.html,Sách Trọn Bộ: Những Người Khốn Khổ (3 cuốn),0.0,0,463157,463157,,67994
77036019,mot-kiet-tac-van-hoc-kinh-dien-hao-ton-giay-muc-cua-gioi-phe-binh-van-hoc-chua-ruoi-p77036019,https://tiki.vn/mot-kiet-tac-van-hoc-kinh-dien-hao-ton-giay-muc-cua-gioi-phe-binh-van-hoc-chua-ruoi-p77036019.html,Một kiệt tác văn học kinh điển  hao tổn giấy mực của giới phê bình văn học: Chúa ruồi,5.0,1,88000,88000,1.0,67994
170741334,sach-tren-sa-mac-va-trong-rung-tham-p170741334,https://tiki.vn/sach-tren-sa-mac-va-trong-rung-tham-p170741334.html,Sách - Trên sa mạc và trong rừng thẳm,0.0,0,98000,98000,11.0,67994
278022700,toi-yeu-nu-phan-dien-tap-4-p278022700,https://tiki.vn/toi-yeu-nu-phan-dien-tap-4-p278022700.html,Tôi Yêu Nữ Phản Diện - Tập 4,0.0,0,145000,145000,1.0,67994
279229130,thanh-nu-tinh-nhan-p279229130,https://tiki.vn/thanh-nu-tinh-nhan-p279229130.html,Thánh Nữ Tình Nhân,0.0,0,279000,237150,2.0,67994
134222686,tieu-luan-cua-oscar-wilde-nghe-thuat-va-tho-thu-cong-p134222686,https://tiki.vn/tieu-luan-cua-oscar-wilde-nghe-thuat-va-tho-thu-cong-p134222686.html,Tiểu luận của Oscar Wilde - Nghệ Thuật Và Thợ Thủ Công,0.0,0,95700,95700,3.0,67994
277417038,van-tam-dieu-long-tu-tuong-my-hoc-kinh-dien-trung-hoa-luu-hiep-tran-thanh-dam-pham-thi-hao-dich-lyceum-p277417038,https://tiki.vn/van-tam-dieu-long-tu-tuong-my-hoc-kinh-dien-trung-hoa-luu-hiep-tran-thanh-dam-pham-thi-hao-dich-lyceum-p277417038.html,"VĂN TÂM ĐIÊU LONG - Tư Tưởng Mỹ Học Kinh Điển Trung Hoa - Lưu Hiệp - Trần Thanh Đạm, Phạm Thị Hảo dịch - Lyceum",0.0,0,249000,249000,4.0,67994
90117211,diet-vong-p90117211,https://tiki.vn/diet-vong-p90117211.html,Diệt Vong,0.0,0,148000,148000,1.0,67994
249610732,nanh-trang-tai-ban-2023-p249610732,https://tiki.vn/nanh-trang-tai-ban-2023-p249610732.html,Nanh Trắng (Tái Bản 2023),0.0,0,75000,66000,1.0,67994
276314200,harry-potter-va-hon-da-phu-thuy-ban-dac-biet-co-tranh-minh-hoa-mau-ban-quyen-p276314200,https://tiki.vn/harry-potter-va-hon-da-phu-thuy-ban-dac-biet-co-tranh-minh-hoa-mau-ban-quyen-p276314200.html,Harry Potter Và Hòn Đá Phù Thủy (Bản Đặc Biệt Có Tranh Minh Họa Màu) - Bản Quyền,0.0,0,830000,830000,,67994
275015968,sach-minh-am-bia-cung-natsume-soseki-nha-nam-official-p275015968,https://tiki.vn/sach-minh-am-bia-cung-natsume-soseki-nha-nam-official-p275015968.html,Sách - Minh Ám (Bìa cứng) (Natsume Soseki) (Nhã Nam Official),5.0,1,290000,261000,6.0,67994
270384215,truyen-ma-m-r-james-nna-p270384215,https://tiki.vn/truyen-ma-m-r-james-nna-p270384215.html,Truyện Ma - M. R. James - NNA,0.0,0,147000,147000,,67994
242625479,sach-trieu-phu-khu-o-chuot-tb-2022-nha-nam-ban-quyen-p242625479,https://tiki.vn/sach-trieu-phu-khu-o-chuot-tb-2022-nha-nam-ban-quyen-p242625479.html,Sách Triệu phú khu ổ chuột (TB 2022) - Nhã Nam - BẢN QUYỀN,0.0,0,168000,168000,3.0,67994
279112160,sach-doc-duong-3-nguyen-ngoc-nha-nam-hcm-p279112160,https://tiki.vn/sach-doc-duong-3-nguyen-ngoc-nha-nam-hcm-p279112160.html,Sách - Dọc đường 3 (Nguyên Ngọc) (Nhã Nam HCM),4.0,1,206000,185400,3.0,67994
272408255,con-hui-tai-ban-2020-p272408255,https://tiki.vn/con-hui-tai-ban-2020-p272408255.html,CON HỦI (TÁI BẢN 2020),0.0,0,260350,260350,,67994
273466557,tac-pham-van-hoc-trong-nha-truong-tho-han-mac-tu-dai-mai-p273466557,https://tiki.vn/tac-pham-van-hoc-trong-nha-truong-tho-han-mac-tu-dai-mai-p273466557.html,Tác phẩm văn học trong nhà trường : Thơ Hàn Mặc Tử ( Đại Mai ),0.0,0,48000,48000,,67994
276745001,nang-idol-doi-bung-gap-duoc-chang-noi-tro-dam-dang-tap-1-p276745001,https://tiki.vn/nang-idol-doi-bung-gap-duoc-chang-noi-tro-dam-dang-tap-1-p276745001.html,Nàng Idol Đói Bụng Gặp Được Chàng Nội Trợ Đảm Đang - Tập 1,0.0,0,139000,132050,,67994
488181,sach-tup-leu-bac-tom-p488181,https://tiki.vn/sach-tup-leu-bac-tom-p488181.html,Sách Túp Lều Bác Tom,5.0,8,110000,88000,34.0,67994
275200129,sach-vai-tien-truong-an-ma-ba-dung-tac-gia-cua-danh-gia-co-vat-nha-nam-official-p275200129,https://tiki.vn/sach-vai-tien-truong-an-ma-ba-dung-tac-gia-cua-danh-gia-co-vat-nha-nam-official-p275200129.html,Sách - Vải tiến Trường An (Mã Bá Dung - Tác giả của Danh gia cổ vật) (Nhã Nam Official),0.0,0,149000,134100,5.0,67994
406738,sach-hoi-he-mien-man-tai-ban-2014-p406738,https://tiki.vn/sach-hoi-he-mien-man-tai-ban-2014-p406738.html,Sách Hội Hè Miên Man (Tái Bản 2014),0.0,0,115000,115000,1.0,67994
278103386,bia-cung-boc-vai-ve-voi-gia-dinh-hector-malot-le-dinh-chi-dich-dong-a-p278103386,https://tiki.vn/bia-cung-boc-vai-ve-voi-gia-dinh-hector-malot-le-dinh-chi-dich-dong-a-p278103386.html,"(Bìa cứng, bọc vải) VỀ VỚI GIA ĐÌNH - Hector Malot - Lê Đình Chi dịch - Đông A",0.0,0,320000,320000,,67994
273483837,tram-doc-chang-hai-au-ky-dieu-ban-quyen-p273483837,https://tiki.vn/tram-doc-chang-hai-au-ky-dieu-ban-quyen-p273483837.html,Trạm Đọc | Chàng hải âu kỳ diệu - Bản Quyền,0.0,0,109000,109000,,67994
32907927,sach-quo-vadis-bia-cung-p32907927,https://tiki.vn/sach-quo-vadis-bia-cung-p32907927.html,Sách Quo Vadis (Bìa Cứng),0.0,0,169966,169966,1.0,67994
194198696,thuy-hu-lien-hoan-hoa-bo-26-tap-p194198696,https://tiki.vn/thuy-hu-lien-hoan-hoa-bo-26-tap-p194198696.html,Thuỷ Hử Liên Hoàn Hoạ (Bộ 26 Tập),5.0,1,469000,422100,8.0,67994
278379956,sach-anne-toc-do-duoi-mai-nha-bach-duong-tb-2025-nha-nam-hcm-p278379956,https://tiki.vn/sach-anne-toc-do-duoi-mai-nha-bach-duong-tb-2025-nha-nam-hcm-p278379956.html,Sách - Anne tóc đỏ dưới mái nhà Bạch Dương (TB 2025) (Nhã Nam HCM),0.0,0,119000,107100,1.0,67994
276586804,chu-ky-dich-gia-ngay-thu-bay-du-hoa-luc-huong-dich-nha-nam-p276586804,https://tiki.vn/chu-ky-dich-gia-ngay-thu-bay-du-hoa-luc-huong-dich-nha-nam-p276586804.html,NGÀY THỨ BẢY - Dư Hoa – Lục Hương dịch - Nhã Nam,0.0,0,142000,142000,,67994
9729890,sach-tam-quoc-dien-nghia-bo-3-tap-tai-ban-p9729890,https://tiki.vn/sach-tam-quoc-dien-nghia-bo-3-tap-tai-ban-p9729890.html,Sách Tam Quốc Diễn Nghĩa - Bộ 3 Tập (Tái bản ),0.0,0,390000,390000,,67994
274029306,den-khong-hat-bong-tai-ban-nam-2022-p274029306,https://tiki.vn/den-khong-hat-bong-tai-ban-nam-2022-p274029306.html,Đèn Không Hắt Bóng (Tái bản năm 2022),0.0,0,219000,153300,6.0,67994
278173167,heidi-tac-gia-johanna-spyri-da-p278173167,https://tiki.vn/heidi-tac-gia-johanna-spyri-da-p278173167.html,Heidi (Tác giả: Johanna Spyri) - ĐA,0.0,0,100000,100000,1.0,67994
183506916,tac-pham-kinh-dien-thien-tai-ben-trai-ke-dien-ben-phai-sach-van-hoc-hay-tang-kem-bookmark-thiet-ke-bookmark-happy-life-p183506916,https://tiki.vn/tac-pham-kinh-dien-thien-tai-ben-trai-ke-dien-ben-phai-sach-van-hoc-hay-tang-kem-bookmark-thiet-ke-bookmark-happy-life-p183506916.html,"Tác Phẩm Kinh Điển: Thiên Tài Bên Trái, Kẻ Điên Bên Phải / Sách Văn Học Hay (Tặng Kèm Bookmark Thiết Kế Bookmark Happy Life)",0.0,0,171350,171350,4.0,67994
217535543,harry-potter-va-phong-chua-bi-mat-tap-2-p217535543,https://tiki.vn/harry-potter-va-phong-chua-bi-mat-tap-2-p217535543.html,Harry Potter Và Phòng Chứa Bí Mật - Tập 2,5.0,1,170000,170000,2.0,67994
73230274,sach-khong-gia-dinh-bia-cung-tai-ban-2020-p73230274,https://tiki.vn/sach-khong-gia-dinh-bia-cung-tai-ban-2020-p73230274.html,Sách Không Gia Đình (Bìa Cứng)(Tái Bản 2020),5.0,1,109350,109350,29.0,67994
116669021,combo-nobel-van-chuong-vien-ngoc-trai-bitna-duoi-bau-troi-seoul-tang-kem-bookmark-p116669021,https://tiki.vn/combo-nobel-van-chuong-vien-ngoc-trai-bitna-duoi-bau-troi-seoul-tang-kem-bookmark-p116669021.html,Combo sách đoạt giải Nobel Văn Chương: VIÊN NGỌC TRAI + BITNA DƯỚI BẦU TRỜI SEOUL,5.0,2,197000,197000,7.0,67994
278247948,ngay-xua-ngay-xua-co-mot-trai-tim-vun-vo-p278247948,https://tiki.vn/ngay-xua-ngay-xua-co-mot-trai-tim-vun-vo-p278247948.html,Ngày Xửa Ngày Xưa Có Một Trái Tim Vụn Vỡ,5.0,2,159000,151050,7.0,67994
275106940,sach-tup-leu-bac-tom-harriet-beecher-stowe-sbooks-p275106940,https://tiki.vn/sach-tup-leu-bac-tom-harriet-beecher-stowe-sbooks-p275106940.html,Sách - Túp Lều Bác Tom (Harriet Beecher Stowe) - SBOOKS,5.0,2,138000,138000,14.0,67994
184475583,tieng-anh-the-divine-comedy-p184475583,https://tiki.vn/tieng-anh-the-divine-comedy-p184475583.html, tiếng Anh: The Divine Comedy,0.0,0,561600,561600,9.0,67994
278147059,sach-khong-gia-dinh-bia-cung-tai-ban-2025-p278147059,https://tiki.vn/sach-khong-gia-dinh-bia-cung-tai-ban-2025-p278147059.html,Sách - Không Gia Đình - Bìa Cứng (Tái Bản 2025),0.0,0,136000,119600,,67994
108201656,nghin-le-mot-dem-p108201656,https://tiki.vn/nghin-le-mot-dem-p108201656.html,NGHÌN LẺ MỘT ĐÊM,0.0,0,980400,980400,,67994
275045848,ba-man-kich-p275045848,https://tiki.vn/ba-man-kich-p275045848.html,Ba Màn Kịch - Jon Fosse Nobel Văn chương 2023,0.0,0,149000,149000,9.0,67994
277015374,bia-cung-tuyen-tap-kich-chekhov-anton-chekhov-tao-dan-p277015374,https://tiki.vn/bia-cung-tuyen-tap-kich-chekhov-anton-chekhov-tao-dan-p277015374.html,[Bìa cứng] TUYỂN TẬP KỊCH CHEKHOV – Anton Chekhov - Tao Đàn,0.0,0,658000,658000,1.0,67994
176024195,chu-tu-tinh-tuyen-tuan-tu-p176024195,https://tiki.vn/chu-tu-tinh-tuyen-tuan-tu-p176024195.html,Chư Tử Tinh Tuyển - Tuân Tử,5.0,2,168000,168000,19.0,67994
467896,sach-tra-hoa-nu-tai-ban-p467896,https://tiki.vn/sach-tra-hoa-nu-tai-ban-p467896.html,Sách Trà Hoa Nữ (Tái Bản),0.0,0,80000,80000,,67994
273151283,anna-karenina-tap-2-lev-tolstoy-ban-quyen-p273151283,https://tiki.vn/anna-karenina-tap-2-lev-tolstoy-ban-quyen-p273151283.html,Anna Karenina (Tập 2) (Lev Tolstoy) - Bản Quyền,0.0,0,190000,190000,1.0,67994
21573553,combo-han-so-tranh-hung-su-ky-tu-ma-thien-p21573553,https://tiki.vn/combo-han-so-tranh-hung-su-ky-tu-ma-thien-p21573553.html,Combo Hán Sở Tranh Hùng + Sử Ký Tư Mã Thiên,0.0,0,327150,327150,1.0,67994
273685861,sach-canh-bac-cuoi-cung-the-final-gambit-jennifer-lynn-barnes-p273685861,https://tiki.vn/sach-canh-bac-cuoi-cung-the-final-gambit-jennifer-lynn-barnes-p273685861.html,Sách - Canh Bạc Cuối Cùng The Final Gambit -  Jennifer Lynn Barnes,0.0,0,195000,146250,8.0,67994
278439542,sach-minh-am-natsume-soseki-nha-nam-hcm-p278439542,https://tiki.vn/sach-minh-am-natsume-soseki-nha-nam-hcm-p278439542.html,Sách - Minh ám (Natsume Soseki) (Nhã Nam HCM),0.0,0,290000,261000,1.0,67994
276406030,nha-gia-kim-nha-nam-hcm-p276406030,https://tiki.vn/nha-gia-kim-nha-nam-hcm-p276406030.html,Nhà giả kim (Nhã Nam HCM),5.0,1,95000,85500,27.0,67994
1891217,sach-chuong-nguyen-hon-ai-p1891217,https://tiki.vn/sach-chuong-nguyen-hon-ai-p1891217.html,Sách Chuông Nguyện Hồn Ai,0.0,0,125000,125000,1.0,67994
391898,sach-anne-toc-do-duoi-chai-nha-xanh-tai-ban-2014-p391898,https://tiki.vn/sach-anne-toc-do-duoi-chai-nha-xanh-tai-ban-2014-p391898.html,Sách Anne Tóc Đỏ Dưới Chái Nhà Xanh (Tái Bản 2014),0.0,0,131500,131500,,67994
273045514,harry-potter-tap-2-harry-potter-va-phong-chua-bi-mat-p273045514,https://tiki.vn/harry-potter-tap-2-harry-potter-va-phong-chua-bi-mat-p273045514.html,Harry Potter - Tập 2 - Harry Potter và phòng chứa bí mật,0.0,0,170000,170000,,67994
247239906,chiec-thia-bac-p247239906,https://tiki.vn/chiec-thia-bac-p247239906.html,Chiếc Thìa Bạc,0.0,0,169000,169000,,67994
22534460,sach-thanh-lau-mong-p22534460,https://tiki.vn/sach-thanh-lau-mong-p22534460.html,Sách Thanh Lâu Mộng,0.0,0,275000,275000,,67994
270330077,sach-nhung-la-thu-come-out-ban-quyen-p270330077,https://tiki.vn/sach-nhung-la-thu-come-out-ban-quyen-p270330077.html,Sách Những Lá Thư Come Out - Bản Quyền,0.0,0,102000,102000,,67994
212598127,trong-gia-dinh-p212598127,https://tiki.vn/trong-gia-dinh-p212598127.html,Trong gia đình,5.0,4,108000,91800,43.0,67994
278877446,winnie-the-pooh-gau-pooh-xinh-xan-pooh-s-little-whispers-loi-thi-tham-cua-pooh-song-ngu-p278877446,https://tiki.vn/winnie-the-pooh-gau-pooh-xinh-xan-pooh-s-little-whispers-loi-thi-tham-cua-pooh-song-ngu-p278877446.html,Winnie The Pooh: Gấu Pooh Xinh Xắn - Pooh's Little Whispers - Lời Thì Thầm Của Pooh (Song Ngữ),0.0,0,88000,88000,,67994
275198792,ba-nguoi-linh-ngu-lam-p275198792,https://tiki.vn/ba-nguoi-linh-ngu-lam-p275198792.html,Ba người lính ngự lâm,0.0,0,189000,189000,1.0,67994
242101875,sach-doi-gio-hu-tai-ban-p242101875,https://tiki.vn/sach-doi-gio-hu-tai-ban-p242101875.html,Sách - Đồi Gió Hú (Tái Bản) - Nhã nam,0.0,0,118000,118000,,67994
271628416,sach-sherlock-holmes-toan-tap-tap-1-2-3-dinh-ti-books-p271628416,https://tiki.vn/sach-sherlock-holmes-toan-tap-tap-1-2-3-dinh-ti-books-p271628416.html,Sách - Sherlock Holmes Toàn Tập (Tập 1-2-3)  - Đinh Tị Books,0.0,0,189000,189000,3.0,67994
247799385,dao-giau-vang-p247799385,https://tiki.vn/dao-giau-vang-p247799385.html,Đảo giấu vàng,0.0,0,78000,78000,2.0,67994
278360691,chua-te-nhung-chiec-nhan-1-doan-ho-nhan-tai-ban-nam-2025-p278360691,https://tiki.vn/chua-te-nhung-chiec-nhan-1-doan-ho-nhan-tai-ban-nam-2025-p278360691.html,Chúa Tể Những Chiếc Nhẫn 1 - Đoàn Hộ Nhẫn (Tái bản năm 2025),0.0,0,190000,180500,2.0,67994
217329335,khong-gia-dinh-hong-an-p217329335,https://tiki.vn/khong-gia-dinh-hong-an-p217329335.html,Không Gia Đình (Hồng Ân) ,0.0,0,130000,91000,,67994
275938983,van-hoc-kinh-dien-nxb-tre-2024-combo-3c-xuan-tinh-vang-trang-va-sau-xu-suy-doi-va-sup-do-p275938983,https://tiki.vn/van-hoc-kinh-dien-nxb-tre-2024-combo-3c-xuan-tinh-vang-trang-va-sau-xu-suy-doi-va-sup-do-p275938983.html,(Văn học kinh điển NXB Trẻ 2024 – Combo 3c) XUÂN TÌNH - VẦNG TRĂNG VÀ SÁU XU - SUY ĐỒI VÀ SỤP ĐỔ,0.0,0,425000,425000,1.0,67994
533107,sach-khong-gia-dinh-minh-thang-p533107,https://tiki.vn/sach-khong-gia-dinh-minh-thang-p533107.html,Sách Không Gia Đình (Minh Thắng),0.0,0,108500,108500,4.0,67994
278148805,sach-80-ngay-vong-quanh-the-gioi-bia-cung-p278148805,https://tiki.vn/sach-80-ngay-vong-quanh-the-gioi-bia-cung-p278148805.html,Sách - 80 Ngày Vòng Quanh Thế Giới - Bìa Cứng,0.0,0,114000,114000,,67994
15127205,combo-nhung-cuoc-phieu-luu-cua-huckleberry-finn-tup-leu-bac-tom-tang-kem-bookmark-aha-p15127205,https://tiki.vn/combo-nhung-cuoc-phieu-luu-cua-huckleberry-finn-tup-leu-bac-tom-tang-kem-bookmark-aha-p15127205.html,Combo Những Cuộc Phiêu Lưu Của Huckleberry Finn + Túp Lều Bác Tôm (tặng kèm bookmark AHA),5.0,1,185500,185500,4.0,67994
278861672,me-cung-co-doc-p278861672,https://tiki.vn/me-cung-co-doc-p278861672.html,Mê Cung Cô Độc,0.0,0,170000,170000,,67994
248459220,sach-1q84-tap-1-haruki-murakami-nha-nam-ban-quyen-p248459220,https://tiki.vn/sach-1q84-tap-1-haruki-murakami-nha-nam-ban-quyen-p248459220.html,Sách 1Q84 (Tập 1) (Haruki Murakami) - Nhã Nam - BẢN QUYỀN,0.0,0,160000,160000,,67994
278566353,nu-nhan-kristin-hannah-p278566353,https://tiki.vn/nu-nhan-kristin-hannah-p278566353.html,Nữ Nhân (Kristin Hannah),0.0,0,386000,366700,2.0,67994
279023585,sach-bi-an-cua-su-den-nobel-van-chuong-nha-nam-hcm-p279023585,https://tiki.vn/sach-bi-an-cua-su-den-nobel-van-chuong-nha-nam-hcm-p279023585.html,Sách - Bí ẩn của sự đến (Nobel Văn chương) (Nhã Nam HCM),0.0,0,316000,300000,,67994
203950120,tu-sach-van-hoc-my-ong-gia-va-bien-ca-p203950120,https://tiki.vn/tu-sach-van-hoc-my-ong-gia-va-bien-ca-p203950120.html,Tủ sách văn học Mỹ - Ông già và biển cả,0.0,0,45000,45000,5.0,67994
271630045,beartown-2-chung-toi-dau-voi-cac-ban-ban-quyen-p271630045,https://tiki.vn/beartown-2-chung-toi-dau-voi-cac-ban-ban-quyen-p271630045.html,Beartown 2 - Chúng Tôi Đấu Với Các Bạn - Bản Quyền,0.0,0,225000,213000,,67994
270481103,khong-gia-dinh-bia-da-bia-cung-_kv-p270481103,https://tiki.vn/khong-gia-dinh-bia-da-bia-cung-_kv-p270481103.html,Không Gia Đình Bìa Da (Bìa Cứng) _KV,5.0,1,268000,268000,3.0,67994
24999947,cai-chet-cua-3-chang-linh-ngu-lam-p24999947,https://tiki.vn/cai-chet-cua-3-chang-linh-ngu-lam-p24999947.html,Cái Chết Của 3 Chàng Lính Ngự Lâm,4.5,4,48000,48000,16.0,67994
58932964,sach-doi-gio-hu-bia-mem-p58932964,https://tiki.vn/sach-doi-gio-hu-bia-mem-p58932964.html,Sách Đồi Gió Hú (Bìa Mềm),5.0,1,94000,94000,5.0,67994
276587248,song-du-hoa-vu-cong-hoan-dich-nha-nam-p276587248,https://tiki.vn/song-du-hoa-vu-cong-hoan-dich-nha-nam-p276587248.html,SỐNG - Dư Hoa – Vũ Công Hoan dịch - Nhã Nam ,5.0,2,143000,143000,11.0,67994
271080071,thu-toi-minato-kanae-tai-ban-2023-p271080071,https://tiki.vn/thu-toi-minato-kanae-tai-ban-2023-p271080071.html,Thú Tội - Minato Kanae (Tái Bản 2023),0.0,0,97000,97000,,67994
276598757,bay-chuyen-ke-gothic-p276598757,https://tiki.vn/bay-chuyen-ke-gothic-p276598757.html,Bảy Chuyện Kể Gothic,0.0,0,300000,300000,2.0,67994
277472216,sach-the-stand-dai-dich-huy-diet-combo-2-tap-stephen-king-1980-books-p277472216,https://tiki.vn/sach-the-stand-dai-dich-huy-diet-combo-2-tap-stephen-king-1980-books-p277472216.html,Sách - The Stand - Đại Dịch Hủy Diệt - Combo 2 Tập - Stephen King - 1980 Books,0.0,0,798000,798000,,67994
55503383,combo-sach-van-hoc-the-gioi-trong-gia-dinh-khong-gia-dinh-tac-pham-kinh-dien-dac-sac-bo-2-cuon-p55503383,https://tiki.vn/combo-sach-van-hoc-the-gioi-trong-gia-dinh-khong-gia-dinh-tac-pham-kinh-dien-dac-sac-bo-2-cuon-p55503383.html,Combo Sách Văn Học Thế Giới: Trong Gia Đình + Không Gia Đình (Tác Phẩm Kinh Điển Đặc Sắc / Bộ 2 Cuốn),5.0,5,211650,211650,29.0,67994
278360852,ghost-hunt-tap-3-loi-nguyen-cau-cua-thieu-nu-p278360852,https://tiki.vn/ghost-hunt-tap-3-loi-nguyen-cau-cua-thieu-nu-p278360852.html,Ghost Hunt - Tập 3: Lời Nguyện Cầu Của Thiếu Nữ,0.0,0,105000,105000,4.0,67994
251984722,combo-nhung-nguoi-khon-kho-p251984722,https://tiki.vn/combo-nhung-nguoi-khon-kho-p251984722.html,Những Người Khốn Khổ,0.0,0,424050,424050,,67994
273956514,sat-nhan-mang-cuon-sach-van-hoc-hanh-dong-hay-p273956514,https://tiki.vn/sat-nhan-mang-cuon-sach-van-hoc-hanh-dong-hay-p273956514.html,Sát Nhân Mạng- Cuốn Sách Văn Học Hành Động Hay,0.0,0,143150,143150,,67994
273896981,trong-gia-dinh-cuon-sach-ve-gia-dinh-hay-p273896981,https://tiki.vn/trong-gia-dinh-cuon-sach-ve-gia-dinh-hay-p273896981.html, Trong Gia Đình- Cuốn Sách Về Gia Đình Hay,0.0,0,99000,99000,1.0,67994
276745007,tiem-sach-cua-nang-bia-mem-tang-kem-1-bookmark-photostrip-1-so-tay-tiem-sach-cua-nang-p276745007,https://tiki.vn/tiem-sach-cua-nang-bia-mem-tang-kem-1-bookmark-photostrip-1-so-tay-tiem-sach-cua-nang-p276745007.html,"Tiệm Sách Của Nàng (Bìa mềm) (Tặng kèm 1 bookmark photostrip & 1 sổ tay ""Tiệm sách của nàng"")",0.0,0,125000,118750,4.0,67994
278567249,sach-trong-gia-dinh-nobody-s-girl-song-ngu-anh-viet-p278567249,https://tiki.vn/sach-trong-gia-dinh-nobody-s-girl-song-ngu-anh-viet-p278567249.html,Sách - Trong Gia Đình - Nobody's Girl - Song Ngữ Anh-Việt,0.0,0,119000,89200,4.0,67994
165956569,cuon-theo-chieu-gio-tai-ban-p165956569,https://tiki.vn/cuon-theo-chieu-gio-tai-ban-p165956569.html,Cuốn Theo Chiều Gió (Tái Bản),0.0,0,225000,225000,1.0,67994
272421015,hai-so-phan-bia-mem-tai-ban-2023-p272421015,https://tiki.vn/hai-so-phan-bia-mem-tai-ban-2023-p272421015.html,HAI SỐ PHẬN (BÌA MỀM) - TÁI BẢN 2023,0.0,0,240350,240350,,67994
276555511,sach-nhung-dua-con-cua-nua-dem-nha-nam-hcm-p276555511,https://tiki.vn/sach-nhung-dua-con-cua-nua-dem-nha-nam-hcm-p276555511.html,Sách - Những đứa con của nửa đêm (Nhã Nam HCM),5.0,1,240000,216000,7.0,67994
77222728,sach-oliver-twist-nha-nam-p77222728,https://tiki.vn/sach-oliver-twist-nha-nam-p77222728.html,Sách - Oliver Twist (Nhã Nam),0.0,0,160000,160000,,67994
279081331,tai-ban-2026-dich-hach-albert-camus-vo-van-dung-dich-nha-nam-p279081331,https://tiki.vn/tai-ban-2026-dich-hach-albert-camus-vo-van-dung-dich-nha-nam-p279081331.html, (Tái bản 2026) DỊCH HẠCH - Albert Camus – Võ Văn Dung dịch – Nhã Nam,0.0,0,160000,160000,1.0,67994
198283221,bo-4-tac-pham-cua-mario-puzo-nhung-chuyen-li-ki-ben-ngoai-the-gioi-ngam-dat-tien-dat-bac-dau-truong-u-am-dai-thi-chet-tong-thong-k-thu-tu-p198283221,https://tiki.vn/bo-4-tac-pham-cua-mario-puzo-nhung-chuyen-li-ki-ben-ngoai-the-gioi-ngam-dat-tien-dat-bac-dau-truong-u-am-dai-thi-chet-tong-thong-k-thu-tu-p198283221.html,"Bộ 4 tác phẩm của Mario Puzo - Những chuyện li kì bên ngoài thế giới ngầm - Đất tiền đất bạc, Đấu trường u ám, Dại thì chết, Tổng thống K. thứ tư",0.0,0,745000,745000,,67994
273853499,messi-vs-ronaldo-su-doi-dau-cua-hai-cau-thu-vi-dai-va-ky-nguyen-tai-tao-bong-da-the-gioi-nhieu-tac-gia-nguyen-duong-hieu-pham-hoang-lan-dich-nxb-tre-p273853499,https://tiki.vn/messi-vs-ronaldo-su-doi-dau-cua-hai-cau-thu-vi-dai-va-ky-nguyen-tai-tao-bong-da-the-gioi-nhieu-tac-gia-nguyen-duong-hieu-pham-hoang-lan-dich-nxb-tre-p273853499.html,MESSI VS. RONALDO SỰ ĐỐI ĐẦU CỦA HAI CẦU THỦ VĨ ĐẠI VÀ KỶ NGUYÊN TÁI TẠO BÓNG ĐÁ THẾ GIỚI – Nhiều tác giả -Nguyễn Dương Hiếu & Phạm Hoàng Lan dịch-  NXB Trẻ,0.0,0,200000,200000,,67994
211948543,sach-tao-thao-t2-alphabooks-ban-quyen-p211948543,https://tiki.vn/sach-tao-thao-t2-alphabooks-ban-quyen-p211948543.html,Sách Tào tháo T2 - Alphabooks - BẢN QUYỀN,0.0,0,219000,219000,,67994
197590667,sach-nhung-nguoi-vo-tot-p197590667,https://tiki.vn/sach-nhung-nguoi-vo-tot-p197590667.html,Sách: Những Người Vợ Tốt,0.0,0,127460,127460,,67994
836773,sach-ruoi-trau-p836773,https://tiki.vn/sach-ruoi-trau-p836773.html,Sách Ruồi Trâu,0.0,0,108500,108500,,67994
276121366,hp-04-harry-potter-va-chiec-coc-lua-set-6-cuon-kho-nho-ban-quyen-p276121366,https://tiki.vn/hp-04-harry-potter-va-chiec-coc-lua-set-6-cuon-kho-nho-ban-quyen-p276121366.html,Hp 04. Harry Potter Và Chiếc Cốc Lửa (Set 6 Cuốn) - Khổ Nhỏ - Bản Quyền,0.0,0,341000,272800,,67994
443997,truyen-co-grim-p443997,https://tiki.vn/truyen-co-grim-p443997.html,Truyện Cổ Grim,0.0,0,158650,158650,9.0,67994
275247139,chau-trai-cua-wittgenstein-p275247139,https://tiki.vn/chau-trai-cua-wittgenstein-p275247139.html,Cháu trai của Wittgenstein,0.0,0,63000,63000,5.0,67994
550534,sach-doi-gio-hu-p550534,https://tiki.vn/sach-doi-gio-hu-p550534.html,Sách Đồi Gió Hú,0.0,0,148000,140000,,67994
273426968,xoan-oc-vo-hinh-higashino-keigo-mai-khanh-dich-nha-nam-p273426968,https://tiki.vn/xoan-oc-vo-hinh-higashino-keigo-mai-khanh-dich-nha-nam-p273426968.html,XOẮN ỐC VÔ HÌNH - Higashino Keigo – Mai Khanh dịch - Nhã Nam,5.0,1,125000,125000,3.0,67994
462097,sach-faust-p462097,https://tiki.vn/sach-faust-p462097.html,Sách Faust,0.0,0,197000,197000,,67994
275024262,tieng-goi-cua-hoang-da-p275024262,https://tiki.vn/tieng-goi-cua-hoang-da-p275024262.html,Tiếng Gọi Của Hoang Dã (HH),0.0,0,45000,42300,,67994
271993499,hen-voi-than-chet-agatha-christie-ban-quyen-p271993499,https://tiki.vn/hen-voi-than-chet-agatha-christie-ban-quyen-p271993499.html,Hẹn Với Thần Chết (Agatha Christie) - Bản Quyền,0.0,0,120000,120000,,67994
186187156,do-va-den-danh-tac-van-hoc-phap-p186187156,https://tiki.vn/do-va-den-danh-tac-van-hoc-phap-p186187156.html,Đỏ Và Đen - Danh tác văn học Pháp,0.0,0,156950,156950,1.0,67994
177633738,tu-sach-doi-nguoi-truyen-co-nuoc-nam-2-tap-truyen-co-dan-gian-nga-truyen-ngu-ngon-aesop-truyen-ngu-ngon-la-fontaine-truyen-kieu-gia-le-chi-nam-tang-con-dau-tu-sach-khi-mua-combo-7-cuon-duoc-chon-le-tap-p177633738,https://tiki.vn/tu-sach-doi-nguoi-truyen-co-nuoc-nam-2-tap-truyen-co-dan-gian-nga-truyen-ngu-ngon-aesop-truyen-ngu-ngon-la-fontaine-truyen-kieu-gia-le-chi-nam-tang-con-dau-tu-sach-khi-mua-combo-7-cuon-duoc-chon-le-tap-p177633738.html,Tủ sách ĐỜI NGƯỜI – OMEGA PLUS + (combo 7 cuốn TÁC PHẨM KINH ĐIỂN) (được chọn lẻ tập),0.0,0,79000,79000,3.0,67994
274146100,chuyen-giai-buon-p274146100,https://tiki.vn/chuyen-giai-buon-p274146100.html,Chuyện Giải Buồn,0.0,0,140000,112000,7.0,67994
179368325,con-bim-trang-tai-den-d-a-bia-hoa-p179368325,https://tiki.vn/con-bim-trang-tai-den-d-a-bia-hoa-p179368325.html,Con Bim Trắng Tai Đen (Đ- A) (Bìa Hoa),0.0,0,80000,80000,1.0,67994
193268643,nha-tho-duc-ba-paris-bia-cung-p193268643,https://tiki.vn/nha-tho-duc-ba-paris-bia-cung-p193268643.html,Nhà Thờ Đức Bà Paris (Bìa Cứng),0.0,0,650000,650000,,67994
1387569,sach-nhung-cuoc-phieu-luu-cua-tom-sawyer-p1387569,https://tiki.vn/sach-nhung-cuoc-phieu-luu-cua-tom-sawyer-p1387569.html,Sách Những Cuộc Phiêu Lưu Của Tom Sawyer,0.0,0,68000,65520,7.0,67994
279018291,sach-chang-trai-dieu-khien-cau-vong-higashino-keigo-p279018291,https://tiki.vn/sach-chang-trai-dieu-khien-cau-vong-higashino-keigo-p279018291.html,Chàng Trai Điều Khiển Cầu Vồng (Higashino Keigo),5.0,1,229000,171750,8.0,67994
176926942,tram-nam-co-don-nha-nam-p176926942,https://tiki.vn/tram-nam-co-don-nha-nam-p176926942.html,Trăm Năm Cô Đơn (Nhã Nam),0.0,0,235000,199000,2.0,67994
270477980,gatsby-vi-dai-tri-viet-p270477980,https://tiki.vn/gatsby-vi-dai-tri-viet-p270477980.html,Gatsby vĩ đại ( Trí Việt),0.0,0,63750,63750,1.0,67994
276581007,van-hoc-co-dien-dong-a-classic-nghin-le-mot-dem-nhung-truyen-hay-chon-loc-p276581007,https://tiki.vn/van-hoc-co-dien-dong-a-classic-nghin-le-mot-dem-nhung-truyen-hay-chon-loc-p276581007.html,Văn Học Cổ Điển Đông A Classic: Nghìn Lẻ Một Đêm - Những Truyện Hay Chọn Lọc,0.0,0,100000,100000,1.0,67994
276002531,bia-cung-co-hinh-minh-hoa-ga-he-chicot-alexandre-dumas-nguyen-dang-thuan-dich-huy-hoang-nxb-van-hoc-p276002531,https://tiki.vn/bia-cung-co-hinh-minh-hoa-ga-he-chicot-alexandre-dumas-nguyen-dang-thuan-dich-huy-hoang-nxb-van-hoc-p276002531.html,(Bìa cứng có hình minh hoạ) GÃ HỀ CHICOT – Alexandre Dumas – Nguyễn Đăng Thuần dịch – Huy Hoàng – NXB Văn học,0.0,0,320000,320000,,67994
279067203,bi-an-cua-su-den-nobel-van-chuong-v-s-naipaul-duc-anh-dich-nha-nam-p279067203,https://tiki.vn/bi-an-cua-su-den-nobel-van-chuong-v-s-naipaul-duc-anh-dich-nha-nam-p279067203.html,BÍ ẨN CỦA SỰ ĐẾN (Nobel văn chương) - V. S. Naipaul – Đức Anh dịch -  Nhã Nam,0.0,0,316000,300000,,67994
116522557,combo-sach-van-hoc-brazil-nha-gia-kim-paulo-coelho-cay-cam-ngot-cua-toi-jose-mauro-de-vasconcelos-p116522557,https://tiki.vn/combo-sach-van-hoc-brazil-nha-gia-kim-paulo-coelho-cay-cam-ngot-cua-toi-jose-mauro-de-vasconcelos-p116522557.html,Combo sách văn học Brazil: NHÀ GIẢ KIM (PAULO COELHO) + CÂY CAM NGỌT CỦA TÔI (JOSÉ MAURO DE VASCONCELOS),0.0,0,230000,230000,4.0,67994
276503410,sach-cuu-tinh-xu-cat-nha-nam-hcm-p276503410,https://tiki.vn/sach-cuu-tinh-xu-cat-nha-nam-hcm-p276503410.html,Sách - Cứu tinh xứ cát (TB 2026) (Nhã Nam HCM),0.0,0,185000,166500,2.0,67994
278462544,sach-banh-ngot-va-ruou-bia-w-somerset-maugham-nha-nam-official-p278462544,https://tiki.vn/sach-banh-ngot-va-ruou-bia-w-somerset-maugham-nha-nam-official-p278462544.html,Sách - Bánh ngọt và rượu bia (W.Somerset Maugham) (Nhã Nam Official),0.0,0,125000,112500,1.0,67994
76779791,tieng-goi-cua-hoang-da-p76779791,https://tiki.vn/tieng-goi-cua-hoang-da-p76779791.html,Tiếng Gọi Của Hoang Dã,5.0,6,90000,85500,31.0,67994
252358036,sach-con-cuong-si-annie-ernaux-nobel-van-hoc-2022-nha-nam-tang-kem-bookmark-bamboo-books-p252358036,https://tiki.vn/sach-con-cuong-si-annie-ernaux-nobel-van-hoc-2022-nha-nam-tang-kem-bookmark-bamboo-books-p252358036.html,Sách - Cơn Cuồng Si - Annie Ernaux - Nobel Văn Học 2022 - Nhã Nam - Tặng Kèm Bookmark Bamboo Books,5.0,3,68000,68000,33.0,67994
277588097,sach-tham-tu-hoang-da-roberto-bola-o-nha-nam-hcm-p277588097,https://tiki.vn/sach-tham-tu-hoang-da-roberto-bola-o-nha-nam-hcm-p277588097.html,Sách - Thám tử hoang dã (Roberto Bolaño) (Nhã Nam HCM),0.0,0,390000,351000,4.0,67994
278238533,nu-sinh-tai-ban-nam-2025-p278238533,https://tiki.vn/nu-sinh-tai-ban-nam-2025-p278238533.html,Nữ Sinh (Tái bản năm 2025),0.0,0,139000,118150,1.0,67994
271820566,ong-gia-khottabych-lazar-lagin-minh-dang-khanh-dich-bia-mem-p271820566,https://tiki.vn/ong-gia-khottabych-lazar-lagin-minh-dang-khanh-dich-bia-mem-p271820566.html,Ông Già Khottabych - Lazar Lagin - Minh Đăng Khánh dịch - (bìa mềm),0.0,0,120000,120000,,67994
261963794,hiep-si-thanh-chien-bo-hop-2-tap-p261963794,https://tiki.vn/hiep-si-thanh-chien-bo-hop-2-tap-p261963794.html,Hiệp Sĩ Thánh Chiến (Bộ Hộp 2 Tập),0.0,0,450000,450000,,67994
242101716,sach-hannibal-troi-day-p242101716,https://tiki.vn/sach-hannibal-troi-day-p242101716.html,Sách - Hannibal Trỗi Dậy - Nhã nam,0.0,0,138000,138000,,67994
48330197,sach-danh-tac-rut-gon-lu-tre-duong-tau-p48330197,https://tiki.vn/sach-danh-tac-rut-gon-lu-tre-duong-tau-p48330197.html,Sách Danh Tác Rút Gọn - Lũ Trẻ Đường Tàu,0.0,0,39000,33150,1.0,67994
277961996,sach-cau-chuyen-rung-xanh-song-ngu-anh-viet-truyen-thieu-nhi-kinh-dien-the-jungle-book-p277961996,https://tiki.vn/sach-cau-chuyen-rung-xanh-song-ngu-anh-viet-truyen-thieu-nhi-kinh-dien-the-jungle-book-p277961996.html,Sách Câu Chuyện Rừng Xanh – Song ngữ Việt Anh | Truyện thiếu nhi kinh điển – The Jungle Book,0.0,0,99000,84150,2.0,67994
53982177,combo-khong-gia-dinh-bia-cung-nguoi-me-bia-mem-p53982177,https://tiki.vn/combo-khong-gia-dinh-bia-cung-nguoi-me-bia-mem-p53982177.html,"Combo Không gia đình (bìa cứng) , Người mẹ (bìa mềm)",0.0,0,171500,171500,1.0,67994
249534777,hai-van-dam-duoi-day-bien-p249534777,https://tiki.vn/hai-van-dam-duoi-day-bien-p249534777.html,Hai Vạn Dặm Dưới Đáy Biển,0.0,0,102000,102000,1.0,67994
270252673,tay-du-ky-tap-11-xa-tri-hon-chien-p270252673,https://tiki.vn/tay-du-ky-tap-11-xa-tri-hon-chien-p270252673.html,Tây Du Ký Tập 11 - Xa Trì Hỗn Chiến,0.0,0,25000,15000,5.0,67994
252011547,mozart-bia-cung-p252011547,https://tiki.vn/mozart-bia-cung-p252011547.html,Mozart - Bìa cứng,0.0,0,459000,459000,1.0,67994
249149795,britt-marie-da-o-day-fredrid-backman-p249149795,https://tiki.vn/britt-marie-da-o-day-fredrid-backman-p249149795.html,Britt-Marie Đã Ở Đây (Fredrid Backman),0.0,0,165000,165000,,67994
34922821,sach-cuon-theo-chieu-gio-p34922821,https://tiki.vn/sach-cuon-theo-chieu-gio-p34922821.html,Sách Cuốn Theo Chiều Gió,0.0,0,287000,287000,,67994
270472292,tieu-thuyet-cuon-theo-chieu-gio-p270472292,https://tiki.vn/tieu-thuyet-cuon-theo-chieu-gio-p270472292.html,Tiểu thuyết : Cuốn Theo Chiều Gió,0.0,0,287000,287000,,67994
277504677,van-tam-dieu-long-tu-tuong-my-hoc-kinh-dien-trung-hoa-luu-hiep-tran-thanh-dam-pham-thi-hao-dich-lyceum-p277504677,https://tiki.vn/van-tam-dieu-long-tu-tuong-my-hoc-kinh-dien-trung-hoa-luu-hiep-tran-thanh-dam-pham-thi-hao-dich-lyceum-p277504677.html,"Văn Tâm Điêu Long - Tư Tưởng Mỹ Học Kinh Điển Trung Hoa - Lưu Hiệp - Trần Thanh Đạm, Phạm Thị Hảo dịch - Lyceum",0.0,0,192000,192000,,67994
250549006,sach-trong-gia-dinh-p250549006,https://tiki.vn/sach-trong-gia-dinh-p250549006.html,Trong Gia Đình,0.0,0,79600,79600,,67994
278173190,ong-gia-khottabych-tac-gia-lazar-lagin-p278173190,https://tiki.vn/ong-gia-khottabych-tac-gia-lazar-lagin-p278173190.html,Ông Già Khottabych (Tác giả: Lazar Lagin),0.0,0,120000,120000,,67994
270789401,quidditch-qua-cac-thoi-dai-ban-quyen-p270789401,https://tiki.vn/quidditch-qua-cac-thoi-dai-ban-quyen-p270789401.html,Quidditch Qua Các Thời Đại  - Bản Quyền,0.0,0,110000,110000,,67994
198465767,hiep-si-thanh-chien-bo-2-quyen-p198465767,https://tiki.vn/hiep-si-thanh-chien-bo-2-quyen-p198465767.html,Hiệp Sĩ Thánh Chiến (Bộ 2 Quyển),0.0,0,450000,450000,2.0,67994
271663125,sach-80-ngay-vong-quanh-the-gioi-dinh-ti-books-p271663125,https://tiki.vn/sach-80-ngay-vong-quanh-the-gioi-dinh-ti-books-p271663125.html,Sách - 80 ngày vòng quanh thế giới - Đinh Tị Books,4.0,1,119000,119000,10.0,67994
273952739,combo-3-cuon-van-hoc-hanh-dong-hay-ghi-chep-phap-y-tap-1-2-3-p273952739,https://tiki.vn/combo-3-cuon-van-hoc-hanh-dong-hay-ghi-chep-phap-y-tap-1-2-3-p273952739.html,Combo 3 Cuốn Văn Học Hành Động Hay- Ghi Chép Pháp Y (Tập 1+2+3),0.0,0,382250,382250,4.0,67994
251984759,khong-gia-dinh-p251984759,https://tiki.vn/khong-gia-dinh-p251984759.html,Không Gia Đình,0.0,0,125800,125800,2.0,67994
178779235,combo-2q-cuon-theo-chieu-gio-tap-1-tap-2-bia-mem-p178779235,https://tiki.vn/combo-2q-cuon-theo-chieu-gio-tap-1-tap-2-bia-mem-p178779235.html,Combo 2Q: Cuốn theo chiều gió (Tập 1 + Tập 2) - Bìa mềm,0.0,0,363350,363350,6.0,67994
278902930,sach-hai-van-dam-duoi-bien-p278902930,https://tiki.vn/sach-hai-van-dam-duoi-bien-p278902930.html,Sách - Hai vạn dặm dưới biển,0.0,0,169000,169000,,67994
275603345,tai-ban-moi-nhat-chum-nho-phan-no-the-grapes-of-wrath-john-steinbeck-giai-nobel-van-chuong-1962-p275603345,https://tiki.vn/tai-ban-moi-nhat-chum-nho-phan-no-the-grapes-of-wrath-john-steinbeck-giai-nobel-van-chuong-1962-p275603345.html,(Tái bản mới nhất) CHÙM NHO PHẪN NỘ (The Grapes Of Wrath) - John Steinbeck - Giải Nobel Văn Chương 1962,0.0,0,232000,232000,,67994
10187418,sach-thep-da-toi-the-day-p10187418,https://tiki.vn/sach-thep-da-toi-the-day-p10187418.html,Sách Thép Đã Tôi Thế Đấy,0.0,0,143350,143350,3.0,67994
277774397,bia-cung-tuyen-tap-chekhov-anton-chekhov-dao-tuan-anh-dich-tao-dan-p277774397,https://tiki.vn/bia-cung-tuyen-tap-chekhov-anton-chekhov-dao-tuan-anh-dich-tao-dan-p277774397.html,(Bìa cứng) TUYỂN TẬP TRUYỆN NGẮN CHEKHOV - Anton Chekhov - Đào Tuấn Ảnh dịch – Tao Đàn,5.0,1,658000,658000,5.0,67994
202525805,sach-doa-hong-quy-quyet-skybooks-ban-quyen-p202525805,https://tiki.vn/sach-doa-hong-quy-quyet-skybooks-ban-quyen-p202525805.html,Sách Đóa Hồng Quỷ Quyệt - Skybooks - BẢN QUYỀN,0.0,0,159000,159000,,67994
278022603,tran-hon-tap-2-p278022603,https://tiki.vn/tran-hon-tap-2-p278022603.html,Trấn Hồn - Tập 2,0.0,0,149000,141550,,67994
270252810,tay-du-kytap16-loi-am-tu-ngo-nan-p270252810,https://tiki.vn/tay-du-kytap16-loi-am-tu-ngo-nan-p270252810.html,Tây Du Ký Tập16 - Lôi Âm Tự Ngộ Nan - Vanlangbooks,5.0,1,25000,15000,5.0,67994
278022768,ve-voi-gia-dinh-p278022768,https://tiki.vn/ve-voi-gia-dinh-p278022768.html,Về Với Gia Đình,0.0,0,100000,95000,,67994
261971182,combo-3-cuon-bac-au-di-tim-sisu-nhung-nguoi-gan-nhu-hoan-hao-noi-ria-the-gioi-alphabooks-nxb-ha-noi-p261971182,https://tiki.vn/combo-3-cuon-bac-au-di-tim-sisu-nhung-nguoi-gan-nhu-hoan-hao-noi-ria-the-gioi-alphabooks-nxb-ha-noi-p261971182.html,(Combo 3 cuốn Bắc Âu) ĐI TÌM SISU- NHỮNG NGƯỜI GẦN NHƯ HOÀN HẢO -NƠI RÌA THẾ GIỚI – Alphabooks - NXB Hà Nội,5.0,2,555000,555000,9.0,67994
278229296,sach-co-hoang-p278229296,https://tiki.vn/sach-co-hoang-p278229296.html,Sách - Cọ Hoang,0.0,0,178000,156600,3.0,67994
269973490,dua-tre-cat-p269973490,https://tiki.vn/dua-tre-cat-p269973490.html,Đứa Trẻ Cát,5.0,1,169000,135200,12.0,67994
276224191,khong-gia-dinh-tai-ban-nam-2024-sach-huy-hoang-bia-cung-p276224191,https://tiki.vn/khong-gia-dinh-tai-ban-nam-2024-sach-huy-hoang-bia-cung-p276224191.html,Không Gia Đình (Tái bản năm 2024) (Sách Huy Hoàng - Bìa cứng),0.0,0,215000,204250,2.0,67994
279445972,jakob-von-gunten-p279445972,https://tiki.vn/jakob-von-gunten-p279445972.html,Jakob Von Gunten,0.0,0,111000,111000,2.0,67994
276596458,sach-nhung-giac-mo-o-hieu-sach-morisaki-2-tap-nha-nam-hcm-p276596458,https://tiki.vn/sach-nhung-giac-mo-o-hieu-sach-morisaki-2-tap-nha-nam-hcm-p276596458.html,Sách - Những giấc mơ ở hiệu sách Morisaki (2 tập) (Nhã Nam HCM),0.0,0,90000,81000,3.0,67994
600382,sach-ba-nguoi-linh-ngu-lam-p600382,https://tiki.vn/sach-ba-nguoi-linh-ngu-lam-p600382.html,Sách Ba Người Lính Ngự Lâm,0.0,0,250700,250700,,67994
278957212,boxset-2-tap-song-dong-em-dem-nobel-van-hoc-m-a-sholokhov-thuy-ung-dich-huy-hoang-bookstore-p278957212,https://tiki.vn/boxset-2-tap-song-dong-em-dem-nobel-van-hoc-m-a-sholokhov-thuy-ung-dich-huy-hoang-bookstore-p278957212.html,BOXSET 2 TẬP SÔNG ĐÔNG ÊM ĐỀM - Nobel Văn Học - M. A. Sholokhov - Thụy Ứng dịch - Huy Hoàng Bookstore,0.0,0,523000,523000,,67994
276607966,sach-sau-nguoi-di-khap-the-gian-2-tap-nha-nam-hcm-p276607966,https://tiki.vn/sach-sau-nguoi-di-khap-the-gian-2-tap-nha-nam-hcm-p276607966.html,Sách - Sáu Người Đi Khắp Thế Gian (2 tập) (Nhã Nam HCM),0.0,0,115000,103500,1.0,67994
253237715,anne-toc-do-duoi-mai-nha-bach-duong-tb-2019-ba-n-quye-n-p253237715,https://tiki.vn/anne-toc-do-duoi-mai-nha-bach-duong-tb-2019-ba-n-quye-n-p253237715.html,Anne tóc đỏ dưới mái nhà Bạch Dương (TB 2019) -  Bản Quyền,0.0,0,119000,119000,,67994
253252653,hieu-sach-nho-o-paris-ba-n-quye-n-p253252653,https://tiki.vn/hieu-sach-nho-o-paris-ba-n-quye-n-p253252653.html,Hiệu sách nhỏ ở Paris -  Bản Quyền,0.0,0,149000,149000,,67994
200726916,nguoi-nuoi-ong-thanh-aleppo-p200726916,https://tiki.vn/nguoi-nuoi-ong-thanh-aleppo-p200726916.html,Người Nuôi Ong Thành Aleppo,0.0,0,159000,159000,,67994
274023840,sach-cong-tu-mo-coi-frances-hodgson-burnett-nha-nam-official-p274023840,https://tiki.vn/sach-cong-tu-mo-coi-frances-hodgson-burnett-nha-nam-official-p274023840.html,Sách - Công tử mồ côi - Frances Hodgson Burnett - Nhã Nam Official,0.0,0,99000,99000,1.0,67994
191808581,nhat-ky-dang-thuy-tram-p191808581,https://tiki.vn/nhat-ky-dang-thuy-tram-p191808581.html,Nhật Ký Đặng Thùy Trâm,0.0,0,90000,90000,1.0,67994
253306318,nguoi-giao-sua-ba-n-quye-n-p253306318,https://tiki.vn/nguoi-giao-sua-ba-n-quye-n-p253306318.html,Người giao sữa -  Bản Quyền,0.0,0,162000,162000,,67994
276368469,sach-frankenstein-o-baghdad-nha-nam-official-p276368469,https://tiki.vn/sach-frankenstein-o-baghdad-nha-nam-official-p276368469.html,Sách - Frankenstein ở Baghdad - Nhã Nam Official,5.0,1,148000,133200,2.0,67994
148925988,nghin-le-mot-dem-bia-cung-tai-ban-an-ban-dong-a-p148925988,https://tiki.vn/nghin-le-mot-dem-bia-cung-tai-ban-an-ban-dong-a-p148925988.html,"Nghìn Lẻ Một Đêm (Bìa cứng tái bản, ấn bản Đông A)",5.0,2,990000,990000,4.0,67994
276661372,sach-ali-va-nino-nha-nam-hcm-p276661372,https://tiki.vn/sach-ali-va-nino-nha-nam-hcm-p276661372.html,Sách - Ali và Nino (Nhã Nam HCM),0.0,0,125000,112500,1.0,67994
136979153,hoang-tu-be-bia-mem-p136979153,https://tiki.vn/hoang-tu-be-bia-mem-p136979153.html,HOÀNG TỬ BÉ - BÌA MỀM,0.0,0,87000,87000,,67994
195915994,bac-sy-ai-bo-lit-tai-ban-moi-nhat-p195915994,https://tiki.vn/bac-sy-ai-bo-lit-tai-ban-moi-nhat-p195915994.html,Bác Sỹ Ai Bô Lít (Tái Bản Mới Nhất),0.0,0,30000,30000,1.0,67994
600713,sach-tho-peter-chuyen-bay-gio-moi-ke-hut-chet-o-hoi-cho-p600713,https://tiki.vn/sach-tho-peter-chuyen-bay-gio-moi-ke-hut-chet-o-hoi-cho-p600713.html,Sách Thỏ Peter - Chuyện Bây Giờ Mới Kể - Hút Chết Ở Hội Chợ,0.0,0,75000,75000,,67994
242102034,sach-chuyen-con-meo-va-con-chuot-ban-than-cua-no-p242102034,https://tiki.vn/sach-chuyen-con-meo-va-con-chuot-ban-than-cua-no-p242102034.html,Sách - Chuyện Con Mèo Và Con Chuột Bạn Thân Của Nó - Nhã nam,0.0,0,52000,52000,8.0,67994
270123020,so-phan-khong-dinh-truoc-ban-quyen-p270123020,https://tiki.vn/so-phan-khong-dinh-truoc-ban-quyen-p270123020.html,Số Phận Không Định Trước -  Bản Quyền,0.0,0,99000,99000,,67994
259403097,anton-pavlovich-chekhov-truyen-ngan-chon-loc-p259403097,https://tiki.vn/anton-pavlovich-chekhov-truyen-ngan-chon-loc-p259403097.html,Anton Pavlovich Chekhov – Truyện ngắn chọn lọc,0.0,0,120000,120000,6.0,67994
273913818,canh-bac-cuoi-cung-the-final-gambit-jennifer-lynn-barnes-ban-quyen-p273913818,https://tiki.vn/canh-bac-cuoi-cung-the-final-gambit-jennifer-lynn-barnes-ban-quyen-p273913818.html,Canh Bạc Cuối Cùng The Final Gambit - Jennifer Lynn Barnes  - Bản Quyền,0.0,0,195000,195000,,67994
275543635,hanh-trinh-cua-elaina-tap-14-p275543635,https://tiki.vn/hanh-trinh-cua-elaina-tap-14-p275543635.html,Hành Trình Của Elaina - Tập 14,0.0,0,115000,115000,,67994
199039301,combo-3-cuon-sach-nhung-nguoi-khon-kho-hop-3-cuon-p199039301,https://tiki.vn/combo-3-cuon-sach-nhung-nguoi-khon-kho-hop-3-cuon-p199039301.html,Combo 3 Cuốn sách: Những Người Khốn Khổ (Hộp 3 Cuốn),0.0,0,463157,463157,,67994
197717412,thoi-ca-voi-biet-di-huy-hoang-p197717412,https://tiki.vn/thoi-ca-voi-biet-di-huy-hoang-p197717412.html,Thời Cá Voi Biết Đi - Huy Hoàng,0.0,0,90151,90151,,67994
382892,sach-ngoi-nha-nho-tren-thao-nguyen-thuo-ban-dau-p382892,https://tiki.vn/sach-ngoi-nha-nho-tren-thao-nguyen-thuo-ban-dau-p382892.html,Sách Ngôi Nhà Nhỏ Trên Thảo Nguyên - Thuở Ban Đầu,0.0,0,42000,42000,3.0,67994
276412195,phat-sung-thu-hai-p276412195,https://tiki.vn/phat-sung-thu-hai-p276412195.html,Phát Súng Thứ Hai,0.0,0,149000,141550,,67994
270771556,nhung-quy-luat-cua-ban-chat-con-nguoi-p270771556,https://tiki.vn/nhung-quy-luat-cua-ban-chat-con-nguoi-p270771556.html,Những Quy Luật Của Bản Chất Con Người,0.0,0,300000,300000,,67994
190539335,ngo-viet-xuan-thu-p190539335,https://tiki.vn/ngo-viet-xuan-thu-p190539335.html,Ngô Việt Xuân Thu,0.0,0,136000,122400,2.0,67994
270490286,ruoi-trau-tai-ban-p270490286,https://tiki.vn/ruoi-trau-tai-ban-p270490286.html,Ruồi Trâu (Tái Bản),0.0,0,108500,108500,,67994
275210941,oliver-twist-danh-tac-rut-gon-cua-pegasus-charles-dickens-usha-sood-tom-luoc-tran-giang-son-dich-p275210941,https://tiki.vn/oliver-twist-danh-tac-rut-gon-cua-pegasus-charles-dickens-usha-sood-tom-luoc-tran-giang-son-dich-p275210941.html,Oliver Twist (Danh tác rút gọn của Pegasus) - Charles Dickens; Usha Sood tóm lược; Trần Giang Sơn dịch,0.0,0,65000,50700,1.0,67994
143144362,sach-stephenie-meyer-mat-troi-luc-nua-dem-p143144362,https://tiki.vn/sach-stephenie-meyer-mat-troi-luc-nua-dem-p143144362.html,Sách- Stephenie Meyer: Mặt trời lúc nửa đêm,0.0,0,280000,280000,1.0,67994
278933287,hoa-tulip-den-tac-gia-alexander-dumas-hh-tai-ban-2025-p278933287,https://tiki.vn/hoa-tulip-den-tac-gia-alexander-dumas-hh-tai-ban-2025-p278933287.html,Hoa Tulip Đen - Tác giả: Alexander Dumas (HH Tái Bản 2025),0.0,0,86000,86000,,67994
274024274,chuyen-tau-16-gio-50-tu-paddington-mot-vu-an-cua-jane-marple-ban-quyen-p274024274,https://tiki.vn/chuyen-tau-16-gio-50-tu-paddington-mot-vu-an-cua-jane-marple-ban-quyen-p274024274.html,Chuyến Tàu 16 Giờ 50 Từ Paddington - Một Vụ Án Của Jane Marple  - Bản Quyền,0.0,0,135000,112050,10.0,67994
273949368,tuyen-tap-dino-buzzati-1-p273949368,https://tiki.vn/tuyen-tap-dino-buzzati-1-p273949368.html,Tuyển tập Dino Buzzati 1,0.0,0,253935,253935,,67994
88941675,tao-thao-bia-cung-tai-ban-p88941675,https://tiki.vn/tao-thao-bia-cung-tai-ban-p88941675.html,Tào Tháo (Bìa Cứng) (Tái Bản),0.0,0,233703,233703,,67994
538995,sach-su-ky-tu-ma-thien-bia-cung-p538995,https://tiki.vn/sach-su-ky-tu-ma-thien-bia-cung-p538995.html,Sách Sử Ký Tư Mã Thiên (Bìa Cứng),0.0,0,210000,210000,,67994
273442265,bac-hana-tac-pham-tieu-thuyet-hap-dan-p273442265,https://tiki.vn/bac-hana-tac-pham-tieu-thuyet-hap-dan-p273442265.html,Bác Hana - Tác Phẩm Tiểu Thuyết Hấp Dẫn,0.0,0,109000,109000,,67994
176080885,han-so-tranh-hung-bia-cung-tai-ban-p176080885,https://tiki.vn/han-so-tranh-hung-bia-cung-tai-ban-p176080885.html,Hán Sở Tranh Hùng - Bìa Cứng (Tái Bản),5.0,1,153969,153969,1.0,67994
274815137,khong-gia-dinh-mau-sac-cua-hy-vong-p274815137,https://tiki.vn/khong-gia-dinh-mau-sac-cua-hy-vong-p274815137.html,Không gia đình: Màu sắc của hy vọng,0.0,0,68000,55760,8.0,67994
262905726,hai-muoi-tu-gio-trong-doi-nguoi-dan-ba-p262905726,https://tiki.vn/hai-muoi-tu-gio-trong-doi-nguoi-dan-ba-p262905726.html,Hai mươi tư giờ trong đời người đàn bà,5.0,1,145000,123250,33.0,67994
194819053,nhung-cuoc-phieu-luu-ki-thu-robinson-crusoe-tai-ban-2022-p194819053,https://tiki.vn/nhung-cuoc-phieu-luu-ki-thu-robinson-crusoe-tai-ban-2022-p194819053.html,Những Cuộc Phiêu Lưu Kì Thú Robinson Crusoe (Tái Bản 2022),0.0,0,98990,98990,,67994
272558788,tay-du-ky-tien-truyen-p272558788,https://tiki.vn/tay-du-ky-tien-truyen-p272558788.html,Tây Du Ký Tiền Truyện,0.0,0,199000,187060,,67994
275607158,thoi-nien-thieu-cua-phap-y-tong-tu-quyen-ha-p275607158,https://tiki.vn/thoi-nien-thieu-cua-phap-y-tong-tu-quyen-ha-p275607158.html,Thời Niên Thiếu Của Pháp Y Tống Từ - Quyển Hạ,0.0,0,199000,189050,,67994
39328692,combo-3-cuon-ba-nguoi-linh-ngu-lam-hai-muoi-nam-sau-nguoi-bi-an-khoac-ao-hong-y-tac-gia-alexandre-dumas-p39328692,https://tiki.vn/combo-3-cuon-ba-nguoi-linh-ngu-lam-hai-muoi-nam-sau-nguoi-bi-an-khoac-ao-hong-y-tac-gia-alexandre-dumas-p39328692.html,Combo 3 cuốn: Ba người linh ngự Lâm + Hai mươi năm sau + Người bí ẩn khoác áo Hồng y (tác giả: Alexandre Dumas),0.0,0,718560,718560,2.0,67994
277778303,sach-con-chau-cua-ho-cung-the-thoi-nha-nam-hcm-p277778303,https://tiki.vn/sach-con-chau-cua-ho-cung-the-thoi-nha-nam-hcm-p277778303.html,Sách - Con cháu của họ cũng thế thôi (Nhã Nam HCM),0.0,0,275000,247500,1.0,67994
253285155,ho-louis-sachar-tb-2020-nha-nam-ba-n-quye-n-p253285155,https://tiki.vn/ho-louis-sachar-tb-2020-nha-nam-ba-n-quye-n-p253285155.html,Hố - Louis Sachar (TB 2020) -Nhã Nam -  Bản Quyền,0.0,0,71000,71000,,67994
199038468,ho-kawabata-yasunari-p199038468,https://tiki.vn/ho-kawabata-yasunari-p199038468.html,HỒ (KAWABATA YASUNARI),0.0,0,98000,98000,,67994
199034801,combo-2-cuon-sach-boxset-taiko-tram-nam-mot-giac-co-do-tron-bo-2-tap-p199034801,https://tiki.vn/combo-2-cuon-sach-boxset-taiko-tram-nam-mot-giac-co-do-tron-bo-2-tap-p199034801.html,Combo 2 Cuốn sách: Boxset Taiko - Trăm năm một giấc cơ đồ (Trọn bộ 2 tập),0.0,0,645000,645000,,67994
272433512,dat-mau-sicily-p272433512,https://tiki.vn/dat-mau-sicily-p272433512.html,Đất máu Sicily - TB180,0.0,0,180000,171000,,67994
242482831,sach-bach-da-hanh-tb-2021-nha-nam-ban-quyen-p242482831,https://tiki.vn/sach-bach-da-hanh-tb-2021-nha-nam-ban-quyen-p242482831.html,Sách Bạch dạ hành (TB 2021) - Nhã Nam - BẢN QUYỀN,0.0,0,280000,280000,,67994
350081,sach-sau-nguoi-di-khap-the-gian-tap-2-p350081,https://tiki.vn/sach-sau-nguoi-di-khap-the-gian-tap-2-p350081.html,Sách Sáu Người Đi Khắp Thế Gian (Tập 2),5.0,2,140500,140500,46.0,67994
277779360,sach-mat-troi-van-moc-ernest-hemingway-nha-nam-official-p277779360,https://tiki.vn/sach-mat-troi-van-moc-ernest-hemingway-nha-nam-official-p277779360.html,Sách - Mặt trời vẫn mọc (Ernest Hemingway) (Nhã Nam Official),0.0,0,150000,135000,5.0,67994
520330,sach-dat-mau-sicily-mario-puzo-p520330,https://tiki.vn/sach-dat-mau-sicily-mario-puzo-p520330.html,Sách Đất Máu Sicily (Mario Puzo),0.0,0,120000,120000,,67994
456360,sach-bat-tre-dong-xanh-tai-ban-2015-p456360,https://tiki.vn/sach-bat-tre-dong-xanh-tai-ban-2015-p456360.html,Sách Bắt Trẻ Đồng Xanh (Tái Bản 2015),0.0,0,88000,88000,,67994
212600986,qua-dua-do-bia-cung-p212600986,https://tiki.vn/qua-dua-do-bia-cung-p212600986.html,Quả dưa đỏ (Bìa cứng),0.0,0,390000,351000,1.0,67994
279209363,tai-ban-toi-ac-va-hinh-phat-fyodor-dostoyevsky-ly-quoc-sinh-dich-nxb-ha-noi-nha-nam-p279209363,https://tiki.vn/tai-ban-toi-ac-va-hinh-phat-fyodor-dostoyevsky-ly-quoc-sinh-dich-nxb-ha-noi-nha-nam-p279209363.html,"(TÁI BẢN, BÌA CỨNG) TỘI ÁC VÀ HÌNH PHẠT– Fyodor Dostoyevsky - Lý Quốc Sỉnh dịch – NXB Hà Nội - Nhã Nam",0.0,0,370000,370000,,67994
242492716,sach-thu-toi-nha-nam-ban-quyen-p242492716,https://tiki.vn/sach-thu-toi-nha-nam-ban-quyen-p242492716.html,Sách Thú Tội - Nhã Nam - BẢN QUYỀN,0.0,0,99000,99000,,67994
177757970,sach-cuoc-phieu-luu-ki-dieu-cua-nils-holgersson-tai-ban-2022-p177757970,https://tiki.vn/sach-cuoc-phieu-luu-ki-dieu-cua-nils-holgersson-tai-ban-2022-p177757970.html,Sách Cuộc Phiêu Lưu Kì Diệu Của Nils Holgersson (Tái Bản 2022),5.0,1,100000,100000,12.0,67994
200851987,tam-quoc-dien-nghia-bo-3-tap-tai-ban-2022-minh-long-p200851987,https://tiki.vn/tam-quoc-dien-nghia-bo-3-tap-tai-ban-2022-minh-long-p200851987.html,Tam Quốc Diễn Nghĩa. Bộ 3 tập. Tái bản 2022. Minh Long,0.0,0,450000,450000,,67994
270771977,nhung-sinh-vat-huyen-bi-va-noi-tim-ra-chung-nxb-tre-ban-quyen-p270771977,https://tiki.vn/nhung-sinh-vat-huyen-bi-va-noi-tim-ra-chung-nxb-tre-ban-quyen-p270771977.html,Những Sinh Vật Huyền Bí và Nơi Tìm Ra Chúng- NXB Trẻ - Bản Quyền,0.0,0,125000,125000,1.0,67994
212565057,dam-xanh-ban-thuong-ban-quyen-p212565057,https://tiki.vn/dam-xanh-ban-thuong-ban-quyen-p212565057.html,Dặm xanh (bản thường) - Bản Quyền,0.0,0,289000,289000,1.0,67994
172175803,sach-khong-gia-dinh-bia-mem-p172175803,https://tiki.vn/sach-khong-gia-dinh-bia-mem-p172175803.html,Sách Không Gia Đình (Bìa Mềm),5.0,1,130474,130474,3.0,67994
143144182,sach-toi-van-song-nxb-tre-p143144182,https://tiki.vn/sach-toi-van-song-nxb-tre-p143144182.html,Sách-Tôi Vẫn Sống ( NXB Trẻ),0.0,0,214400,214400,,67994
24984568,sach-nhung-cuoc-phieu-luu-ki-thu-robinson-crusoe-tai-ban-2019-p24984568,https://tiki.vn/sach-nhung-cuoc-phieu-luu-ki-thu-robinson-crusoe-tai-ban-2019-p24984568.html,Sách Những Cuộc Phiêu Lưu Kì Thú Robinson Crusoe (Tái Bản 2019),0.0,0,98980,98980,,67994
172146892,ruoi-trau-bia-cung-tai-ban-2022-minhhabooks-p172146892,https://tiki.vn/ruoi-trau-bia-cung-tai-ban-2022-minhhabooks-p172146892.html,Ruồi Trâu (Bìa Cứng) - Tái bản 2022. Minhhabooks,0.0,0,121476,121476,,67994
453682,thanh-kinh-tan-uoc-truyen-p453682,https://tiki.vn/thanh-kinh-tan-uoc-truyen-p453682.html,Thánh Kinh Tân Ước Truyện ,4.8,4,160000,160000,36.0,67994
275466756,sach-harry-potter-kho-nho-boxset-30-cuon-tron-bo-7-tap-nxb-tre-p275466756,https://tiki.vn/sach-harry-potter-kho-nho-boxset-30-cuon-tron-bo-7-tap-nxb-tre-p275466756.html,Sách - Harry Potter - Khổ Nhỏ - Boxset 30 cuốn - Trọn bộ 7 tập (NXB Trẻ),0.0,0,1850000,1850000,,67994
276008853,arya-ban-ben-thinh-thoang-lai-treu-gheo-toi-bang-tieng-nga-tap-5-p276008853,https://tiki.vn/arya-ban-ben-thinh-thoang-lai-treu-gheo-toi-bang-tieng-nga-tap-5-p276008853.html,Arya Bàn Bên Thỉnh Thoảng Lại Trêu Ghẹo Tôi Bằng Tiếng Nga - Tập 5,0.0,0,95000,95000,1.0,67994
276102275,bo-sach-nhung-nguoi-khon-kho-bo-3-cuon-tai-ban-2024-p276102275,https://tiki.vn/bo-sach-nhung-nguoi-khon-kho-bo-3-cuon-tai-ban-2024-p276102275.html,Bộ Sách Những Người Khốn Khổ (Bộ 3 Cuốn) (Tái Bản 2024),0.0,0,545000,545000,,67994
253721992,canh-cua-mo-rong-lu-muc-dong-p253721992,https://tiki.vn/canh-cua-mo-rong-lu-muc-dong-p253721992.html,Cánh Cửa Mở Rộng - Lũ Mục Đồng,0.0,0,165000,165000,1.0,67994
275258530,truyen-gil-blas-bo-2-tap-p275258530,https://tiki.vn/truyen-gil-blas-bo-2-tap-p275258530.html,Truyện Gil - Blas (Bộ 2 tập),5.0,1,288000,288000,4.0,67994
262903780,su-ky-tu-ma-thien-tai-ban-2023-p262903780,https://tiki.vn/su-ky-tu-ma-thien-tai-ban-2023-p262903780.html,Sử Ký Tư Mã Thiên (Tái Bản 2023),0.0,0,160000,160000,,67994
242483960,bia-cung-papillon-nguoi-tu-kho-sai-henri-charriere-cao-xuan-hao-dich-phuong-nam-book-nxb-hoi-nha-van-p242483960,https://tiki.vn/bia-cung-papillon-nguoi-tu-kho-sai-henri-charriere-cao-xuan-hao-dich-phuong-nam-book-nxb-hoi-nha-van-p242483960.html,(bìa cứng) PAPILLON NGƯỜI TÙ KHỔ SAI  – Henri Charriere - Cao Xuân Hạo dịch – Phương Nam Book – NXB Hội Nhà Văn ,0.0,0,345000,345000,,67994
170998927,hoc-thuat-binh-phap-hoc-thuyet-p170998927,https://tiki.vn/hoc-thuat-binh-phap-hoc-thuyet-p170998927.html,Học Thuật Binh Pháp - Học Thuyết,5.0,5,79000,79000,31.0,67994
253358242,sach-alexander-dai-de-p253358242,https://tiki.vn/sach-alexander-dai-de-p253358242.html,Sách Alexander đại đế,0.0,0,168650,168650,3.0,67994
275132814,talibe-nhung-dua-tre-duong-pho-p275132814,https://tiki.vn/talibe-nhung-dua-tre-duong-pho-p275132814.html,Talibé Những Đứa Trẻ Đường Phố,5.0,1,219000,164250,14.0,67994
275890842,tieng-goi-noi-hoang-da-song-ngu-viet-anh-p275890842,https://tiki.vn/tieng-goi-noi-hoang-da-song-ngu-viet-anh-p275890842.html,Tiếng Gọi Nơi Hoang Dã (Song ngữ Việt-Anh),0.0,0,79000,75050,2.0,67994
278022648,anne-toc-do-o-dao-hoang-tu-edward-tai-ban-nam-2024-p278022648,https://tiki.vn/anne-toc-do-o-dao-hoang-tu-edward-tai-ban-nam-2024-p278022648.html,Anne Tóc Đỏ Ở Đảo Hoàng Tử Edward (Tái bản năm 2024),0.0,0,120000,114000,1.0,67994
242101936,sach-21-bai-hoc-cho-the-ky-21-p242101936,https://tiki.vn/sach-21-bai-hoc-cho-the-ky-21-p242101936.html,Sách - 21 Bài Học Cho Thế Kỷ 21 - Nhã nam,0.0,0,236000,224000,6.0,67994
196180917,tra-hoa-nu-bia-cung-tai-ban-2022-p196180917,https://tiki.vn/tra-hoa-nu-bia-cung-tai-ban-2022-p196180917.html,Trà Hoa Nữ (Bìa Cứng) (Tái Bản 2022),0.0,0,103490,103490,,67994
279133164,sach-khong-ai-la-mot-hon-dao-p279133164,https://tiki.vn/sach-khong-ai-la-mot-hon-dao-p279133164.html,Sách - Không Ai Là Một Hòn Đảo,4.0,1,265000,233200,1.0,67994
278653815,sach-thep-da-toi-the-day-tai-ban-2025-p278653815,https://tiki.vn/sach-thep-da-toi-the-day-tai-ban-2025-p278653815.html,Sách - Thép Đã Tôi Thế Đấy (Tái Bản 2025),0.0,0,150000,142500,4.0,67994
208118260,phien-ban-ke-lai-day-loi-cuon-cua-tac-pham-van-hoc-kinh-dien-alice-o-xu-so-than-tien-p208118260,https://tiki.vn/phien-ban-ke-lai-day-loi-cuon-cua-tac-pham-van-hoc-kinh-dien-alice-o-xu-so-than-tien-p208118260.html,Phiên Bản Kể Lại Đầy Lôi Cuốn Của Tác Phẩm Văn Học Kinh Điển - Alice Ở Xứ Sở Thần Tiên,0.0,0,45000,42700,1.0,67994
253300512,utopia-dia-dang-tran-gian-tb-2020-ba-n-quye-n-p253300512,https://tiki.vn/utopia-dia-dang-tran-gian-tb-2020-ba-n-quye-n-p253300512.html,Utopia: Địa đàng trần gian (TB 2020) - Bản Quyền,0.0,0,60000,60000,,67994
270742936,trong-gia-dinh-tai-ban-2023-p270742936,https://tiki.vn/trong-gia-dinh-tai-ban-2023-p270742936.html,Trong Gia Đình (Tái Bản 2023),0.0,0,121488,121488,1.0,67994
198283103,dai-thi-chet-p198283103,https://tiki.vn/dai-thi-chet-p198283103.html,Dại thì chết,0.0,0,248000,248000,,67994
4790475,sach-khong-gia-dinh-bia-mem-kho-16x24cm-p4790475,https://tiki.vn/sach-khong-gia-dinh-bia-mem-kho-16x24cm-p4790475.html,"Sách Không Gia Đình (Bìa Mềm, Khổ 16x24cm)",0.0,0,160250,160250,1.0,67994
243093813,sach-thien-xa-tartarin-nha-nam-ban-quyen-p243093813,https://tiki.vn/sach-thien-xa-tartarin-nha-nam-ban-quyen-p243093813.html,Sách Thiện Xạ Tartarin - Nhã Nam - BẢN QUYỀN,0.0,0,66000,66000,,67994
275133545,sach-marcovaldo-hay-cac-mua-trong-thanh-pho-italo-calvino-nha-nam-official-p275133545,https://tiki.vn/sach-marcovaldo-hay-cac-mua-trong-thanh-pho-italo-calvino-nha-nam-official-p275133545.html,Sách - Marcovaldo hay các mùa trong thành phố (Italo Calvino) (Nhã Nam Official),0.0,0,120000,108000,,67994
125760110,combo-best-seller-nha-nam-2021-cay-cam-ngot-cua-toi-nha-gia-kim-nguoi-dua-dieu-p125760110,https://tiki.vn/combo-best-seller-nha-nam-2021-cay-cam-ngot-cua-toi-nha-gia-kim-nguoi-dua-dieu-p125760110.html,COMBO BEST SELLER NHÃ NAM 2021: CÂY CAM NGỌT CỦA TÔI + NHÀ GIẢ KIM + NGƯỜI ĐUA DIỀU,0.0,0,296000,296000,1.0,67994
279066622,sach-kim-van-kieu-tieu-thuyet-chuong-hoi-thanh-tam-tai-tu-nha-nam-hcm-p279066622,https://tiki.vn/sach-kim-van-kieu-tieu-thuyet-chuong-hoi-thanh-tam-tai-tu-nha-nam-hcm-p279066622.html,Sách - Kim Vân Kiều (tiểu thuyết chương hồi) (Thanh Tâm Tài Tử) (Nhã Nam HCM),0.0,0,238000,214200,2.0,67994
271405662,cuoc-doi-va-so-phan-vasily-grossman-thien-nga-dich-bia-mem-p271405662,https://tiki.vn/cuoc-doi-va-so-phan-vasily-grossman-thien-nga-dich-bia-mem-p271405662.html,Cuộc Đời Và Số Phận - Vasily Grossman - Thiên Nga dịch - (bìa mềm),0.0,0,456000,456000,,67994
172907796,sach-hai-van-dam-duoi-day-bien-tai-ban-p172907796,https://tiki.vn/sach-hai-van-dam-duoi-day-bien-tai-ban-p172907796.html,Sách: Hai Vạn Dặm Dưới Đáy Biển (Tái Bản),5.0,10,102000,81600,175.0,67994
242443707,nha-gia-kim-p242443707,https://tiki.vn/nha-gia-kim-p242443707.html,Nhà giả kim,0.0,0,95000,95000,1.0,67994
277386104,sach-van-hoc-kinh-dien-le-thoi-thi-thanh-nxb-tre-p277386104,https://tiki.vn/sach-van-hoc-kinh-dien-le-thoi-thi-thanh-nxb-tre-p277386104.html,Sách - Văn Học Kinh Điển. Lề Thói Thị Thành (NXB Trẻ),0.0,0,205000,170150,3.0,67994
3718843,sach-phong-than-dien-nghia-tron-bo-2-tap-p3718843,https://tiki.vn/sach-phong-than-dien-nghia-tron-bo-2-tap-p3718843.html,Sách Phong Thần Diễn Nghĩa (Trọn Bộ 2 Tập),0.0,0,306539,306539,,67994
278147407,sach-chuong-nguyen-hon-ai-tai-ban-2025-p278147407,https://tiki.vn/sach-chuong-nguyen-hon-ai-tai-ban-2025-p278147407.html,Sách - Chuông Nguyện Hồn Ai (Tái Bản 2025),0.0,0,130000,114400,3.0,67994
279058538,sach-pygmalion-an-ban-gioi-han-bia-cung-p279058538,https://tiki.vn/sach-pygmalion-an-ban-gioi-han-bia-cung-p279058538.html,Sách - Pygmalion - Ấn Bản Giới Hạn - Bìa Cứng,0.0,0,600000,600000,4.0,67994
531103,sach-khong-gia-dinh-khang-viet-p531103,https://tiki.vn/sach-khong-gia-dinh-khang-viet-p531103.html,Sách Không Gia Đình (Khang Việt),4.7,210,268000,160000,940.0,67994
425733,sach-tra-hoa-nu-p425733,https://tiki.vn/sach-tra-hoa-nu-p425733.html,Sách Trà Hoa Nữ,4.6,28,100000,95000,114.0,67994
279358896,jane-eyre-charlotte-bront-p279358896,https://tiki.vn/jane-eyre-charlotte-bront-p279358896.html,Jane Eyre - Charlotte Brontë,0.0,0,220000,209000,1.0,67994
217725254,nanh-trang-va-tieng-goi-cua-hoang-da-bia-cung-p217725254,https://tiki.vn/nanh-trang-va-tieng-goi-cua-hoang-da-bia-cung-p217725254.html,Nanh Trắng Và Tiếng Gọi Của Hoang Dã (Bìa Cứng),5.0,2,199000,199000,9.0,67994
179513561,hoa-tuylip-den-p179513561,https://tiki.vn/hoa-tuylip-den-p179513561.html,Hoa Tuylip Đen,0.0,0,100000,100000,3.0,67994
11482666,sach-ruoi-trau-bia-cung-ban-moi-p11482666,https://tiki.vn/sach-ruoi-trau-bia-cung-ban-moi-p11482666.html,Sách Ruồi Trâu (Bìa Cứng) - Bản Mới,0.0,0,121488,121488,1.0,67994
177778342,nha-tho-duc-ba-paris-bia-cung-minh-thang-p177778342,https://tiki.vn/nha-tho-duc-ba-paris-bia-cung-minh-thang-p177778342.html,Nhà thờ đức bà Paris ( bìa cứng ) - Minh Thắng,5.0,3,136373,136373,6.0,67994
274052883,boxset-bia-cung-nhung-nguoi-khon-kho-bo-2-tap-victor-hugo-van-hoc-phap-kinh-dien-p274052883,https://tiki.vn/boxset-bia-cung-nhung-nguoi-khon-kho-bo-2-tap-victor-hugo-van-hoc-phap-kinh-dien-p274052883.html,boxset bìa cứng - NHỮNG NGƯỜI KHỐN KHỔ - Bộ 2 tập - Victor Hugo - Văn học Pháp kinh điển,0.0,0,495000,495000,,67994
207502917,ngua-o-yeu-dau-p207502917,https://tiki.vn/ngua-o-yeu-dau-p207502917.html,Ngựa ô yêu dấu,0.0,0,116088,116088,1.0,67994
275354216,to-thu-hoang-thach-cong-p275354216,https://tiki.vn/to-thu-hoang-thach-cong-p275354216.html,TỐ THƯ - Hoàng Thạch Công,5.0,2,360000,360000,24.0,67994
277438184,son-ca-van-hot-kristin-hannah-nha-xuat-ban-phu-nu-viet-nam-p277438184,https://tiki.vn/son-ca-van-hot-kristin-hannah-nha-xuat-ban-phu-nu-viet-nam-p277438184.html,Sơn Ca Vẫn Hót - Kristin Hannah - Nhà Xuất Bản Phụ Nữ Việt Nam,0.0,0,191150,191150,,67994
46648985,combo-tac-pham-kinh-dien-cuc-hap-dan-harry-potter-va-hoi-phuong-hoang-tap-5-tai-ban-2017-harry-potter-va-chiec-coc-lua-tap-4-tai-ban-2017-p46648985,https://tiki.vn/combo-tac-pham-kinh-dien-cuc-hap-dan-harry-potter-va-hoi-phuong-hoang-tap-5-tai-ban-2017-harry-potter-va-chiec-coc-lua-tap-4-tai-ban-2017-p46648985.html,Combo Tác Phẩm Kinh Điển Cực Hấp Dẫn: Harry Potter Và Hội Phượng Hoàng - Tập 5 (Tái Bản 2017) + Harry Potter Và Chiếc Cốc Lửa - Tập 4 (Tái Bản 2017),5.0,4,635350,635350,17.0,67994
263208145,su-ky-tu-ma-thien-ban-ky-p263208145,https://tiki.vn/su-ky-tu-ma-thien-ban-ky-p263208145.html,Sử Ký Tư Mã Thiên - Bản Kỷ,0.0,0,120000,105600,,67994
277946384,thuan-hoa-nguoi-vo-danh-da-kich-cua-shakespeare-p277946384,https://tiki.vn/thuan-hoa-nguoi-vo-danh-da-kich-cua-shakespeare-p277946384.html,Thuần hóa người vợ đanh đá - Kịch Shakespeare,5.0,1,189000,154980,5.0,67994
115442446,anna-karenina-tap-1-p115442446,https://tiki.vn/anna-karenina-tap-1-p115442446.html,Anna Karenina (Tập 1),0.0,0,220000,220000,,67994
209303569,bia-cung-pappilon-nguoi-tu-kho-sai-henri-charriere-tac-pham-kinh-dien-p209303569,https://tiki.vn/bia-cung-pappilon-nguoi-tu-kho-sai-henri-charriere-tac-pham-kinh-dien-p209303569.html,BÌA CỨNG - PAPPILON NGƯỜI TÙ KHỔ SAI - Henri Charrière - TÁC PHẨM KINH ĐIỂN ,0.0,0,339000,339000,,67994
278853315,tra-hoa-nu-tac-gia-alexander-dumas-con-p278853315,https://tiki.vn/tra-hoa-nu-tac-gia-alexander-dumas-con-p278853315.html,Trà Hoa Nữ (Tác giả: Alexander Dumas Con),0.0,0,100000,100000,,67994
262692638,la-thi-xuan-thu-ban-dich-tron-bo-_kv-p262692638,https://tiki.vn/la-thi-xuan-thu-ban-dich-tron-bo-_kv-p262692638.html,Lã Thị Xuân Thu (Bản Dịch Trọn Bộ) _KV,0.0,0,328000,328000,9.0,67994
460894,sach-chien-tran-p460894,https://tiki.vn/sach-chien-tran-p460894.html,Sách Chiến Trận,0.0,0,98000,98000,5.0,67994
83491411,combo-doi-gio-hu-bia-cung-cuon-theo-chieu-gio-tieu-thuyet-p83491411,https://tiki.vn/combo-doi-gio-hu-bia-cung-cuon-theo-chieu-gio-tieu-thuyet-p83491411.html,Combo Đồi Gió Hú (Bìa Cứng)+Cuốn Theo Chiều Gió (Tiểu Thuyết),5.0,2,279700,279700,8.0,67994
180400061,chuong-nguyen-hon-ai-tai-ban-2022-p180400061,https://tiki.vn/chuong-nguyen-hon-ai-tai-ban-2022-p180400061.html,Chuông Nguyện Hồn Ai (Tái Bản 2022),0.0,0,119500,119500,,67994
20036520,sach-tieng-goi-noi-hoang-da-tai-ban-p20036520,https://tiki.vn/sach-tieng-goi-noi-hoang-da-tai-ban-p20036520.html,Sách Tiếng Gọi Nơi Hoang Dã (Tái Bản),0.0,0,73585,73585,7.0,67994
278866108,sach-nhung-tam-long-cao-ca-p278866108,https://tiki.vn/sach-nhung-tam-long-cao-ca-p278866108.html,Sách - Những Tấm Lòng Cao Cả,0.0,0,138000,121400,3.0,67994
279185612,sach-tam-quoc-dien-nghia-tron-bo-3-tap-bia-cung-van-hoc-kinh-dien-p279185612,https://tiki.vn/sach-tam-quoc-dien-nghia-tron-bo-3-tap-bia-cung-van-hoc-kinh-dien-p279185612.html,"Sách Tam Quốc Diễn Nghĩa Trọn Bộ 3 Tập Bìa Cứng,  Văn Học Kinh Điển",0.0,0,648000,648000,,67994
273641169,sach-tram-nam-co-don-nha-nam-official-p273641169,https://tiki.vn/sach-tram-nam-co-don-nha-nam-official-p273641169.html,Sách - Trăm Năm Cô Đơn (Nhã Nam Official),0.0,0,235000,199000,,67994
101339578,combo-anna-karenina-tap-1-2-p101339578,https://tiki.vn/combo-anna-karenina-tap-1-2-p101339578.html,"Combo Anna Karenina - Tập 1,2",0.0,0,410000,410000,1.0,67994
278230344,combo-4-cuon-van-hoc-kinh-dien-danh-cho-thieu-nhi-trong-gia-dinh-khu-vuon-bi-mat-tom-sawyer-va-gia-dinh-robinson-thuy-si-p278230344,https://tiki.vn/combo-4-cuon-van-hoc-kinh-dien-danh-cho-thieu-nhi-trong-gia-dinh-khu-vuon-bi-mat-tom-sawyer-va-gia-dinh-robinson-thuy-si-p278230344.html,"Combo 4 cuốn Văn học kinh điển dành cho thiếu nhi (Trong gia đình, Khu vườn bí mật, Tom Sawyer và Gia đình Robinson Thụy sĩ)",0.0,0,460000,414000,,67994
195897265,anne-toc-do-lang-avonlea-p195897265,https://tiki.vn/anne-toc-do-lang-avonlea-p195897265.html,Anne tóc đỏ làng Avonlea,0.0,0,150000,142000,,67994
279335761,sach-tram-nam-co-don-tai-ban-2026-p279335761,https://tiki.vn/sach-tram-nam-co-don-tai-ban-2026-p279335761.html,Sách - Trăm Năm Cô Đơn (Tái Bản 2026),0.0,0,235000,235000,1.0,67994
273584831,tac-pham-van-hoc-kinh-dien-con-hui-tai-ban-2020-p273584831,https://tiki.vn/tac-pham-van-hoc-kinh-dien-con-hui-tai-ban-2020-p273584831.html,Tác Phẩm Văn Học Kinh Điển-Con Hủi (Tái Bản 2020),0.0,0,205350,205350,,67994
275580150,tam-hon-cao-thuong-bia-buckram-p275580150,https://tiki.vn/tam-hon-cao-thuong-bia-buckram-p275580150.html,Tâm hồn cao thượng (bìa vải),0.0,0,400000,380000,3.0,67994
183220120,suoi-nguon-the-fountainhead-p183220120,https://tiki.vn/suoi-nguon-the-fountainhead-p183220120.html,Suối Nguồn (The Fountainhead),5.0,1,380000,380000,3.0,67994
417215,giamilia-truyen-nui-doi-va-thao-nguyen-p417215,https://tiki.vn/giamilia-truyen-nui-doi-va-thao-nguyen-p417215.html,Giamilia Truyện Núi Đồi Và Thảo Nguyên,5.0,7,78000,78000,157.0,67994
276008326,sach-nguoi-ke-chuyen-cuoi-cung-donna-barba-higuera-nxb-kim-dong-p276008326,https://tiki.vn/sach-nguoi-ke-chuyen-cuoi-cung-donna-barba-higuera-nxb-kim-dong-p276008326.html,Sách - Người Kể Chuyện Cuối Cùng - Donna Barba Higuera - NXB Kim Đồng,0.0,0,90000,90000,6.0,67994
203848484,papillon-nguoi-tu-kho-sai-p203848484,https://tiki.vn/papillon-nguoi-tu-kho-sai-p203848484.html,Papillon Người Tù Khổ Sai,0.0,0,345000,345000,1.0,67994
460484,sach-nha-tho-duc-ba-paris-dinh-ti-p460484,https://tiki.vn/sach-nha-tho-duc-ba-paris-dinh-ti-p460484.html,Sách Nhà Thờ Đức Bà Paris (Đinh Tị),5.0,2,120000,120000,2.0,67994
2884127,van-hoc-co-dien-tom-luoc-ba-tuoc-mongto-crixto-p2884127,https://tiki.vn/van-hoc-co-dien-tom-luoc-ba-tuoc-mongto-crixto-p2884127.html,Văn Học Cổ Điển Tóm Lược - Bá Tước Môngtơ Crixtô,4.5,2,68000,51000,27.0,67994
275210852,gatsby-vi-dai-danh-tac-rut-gon-cua-pegasus-sonal-tom-luoc-tran-giang-son-dich-p275210852,https://tiki.vn/gatsby-vi-dai-danh-tac-rut-gon-cua-pegasus-sonal-tom-luoc-tran-giang-son-dich-p275210852.html,Gatsby Vĩ Đại (Danh tác rút gọn của Pegasus) - F.Scott Fitzgerald; Sonal tóm lược; Trần Giang Sơn dịch,5.0,1,65000,50700,1.0,67994
475137,sach-nhung-tac-pham-van-hoc-kinh-dien-noi-tieng-the-gioi-24-gio-trong-doi-nguoi-dan-ba-p475137,https://tiki.vn/sach-nhung-tac-pham-van-hoc-kinh-dien-noi-tieng-the-gioi-24-gio-trong-doi-nguoi-dan-ba-p475137.html,Sách Những Tác Phẩm Văn Học Kinh Điển Nổi Tiếng Thế Giới - 24 Giờ Trong Đời Người Đàn Bà,5.0,14,108000,54000,146.0,67994
279274197,combo-2-tap-hoang-hon-phuong-tay-oswald-spengler-bach-viet-p279274197,https://tiki.vn/combo-2-tap-hoang-hon-phuong-tay-oswald-spengler-bach-viet-p279274197.html,(Combo 2 tập) HOÀNG HÔN PHƯƠNG TÂY - Oswald Spengler - Phạm Minh Quân dịch - Bách Việt,0.0,0,450000,450000,4.0,67994
22762145,combo-cuon-theo-chieu-gio-tieu-thuyet-kieu-hanh-va-dinh-kien-p22762145,https://tiki.vn/combo-cuon-theo-chieu-gio-tieu-thuyet-kieu-hanh-va-dinh-kien-p22762145.html,Combo Cuốn Theo Chiều Gió (Tiểu Thuyết) + Kiêu Hãnh Và Định Kiến,4.0,4,311500,311500,18.0,67994
278148765,sach-tu-sach-van-hoc-co-dien-rut-gon-thang-gu-nha-tho-duc-ba-p278148765,https://tiki.vn/sach-tu-sach-van-hoc-co-dien-rut-gon-thang-gu-nha-tho-duc-ba-p278148765.html,Sách - Tủ Sách Văn Học Cổ Điển Rút Gọn - Thằng Gù Nhà Thờ Đức Bà,0.0,0,49000,43100,2.0,67994
278561635,kieu-hanh-va-dinh-kien-jane-austen-bia-cung-p278561635,https://tiki.vn/kieu-hanh-va-dinh-kien-jane-austen-bia-cung-p278561635.html,Kiêu Hãnh Và Định Kiến - Jane Austen (Bìa Cứng),0.0,0,215000,215000,2.0,67994
215897795,hai-so-phan-tai-ban-p215897795,https://tiki.vn/hai-so-phan-tai-ban-p215897795.html,Hai Số Phận (Tái Bản),0.0,0,216728,216728,1.0,67994
278230330,khu-vuon-bi-mat-bia-mem-p278230330,https://tiki.vn/khu-vuon-bi-mat-bia-mem-p278230330.html,Khu vườn bí mật (Bìa mềm),5.0,1,110000,104500,2.0,67994
272164991,sach-thu-toi-minato-kanae-nha-nam-official-p272164991,https://tiki.vn/sach-thu-toi-minato-kanae-nha-nam-official-p272164991.html,Sách - Thú tội (Minato Kanae) - Nhã Nam Official,0.0,0,125000,125000,5.0,67994
10833364,sach-robinson-crusoe-tai-ban-2019-p10833364,https://tiki.vn/sach-robinson-crusoe-tai-ban-2019-p10833364.html,Sách Robinson Crusoe (Tái Bản 2019),4.8,6,60000,60000,40.0,67994
275212133,thang-gu-nha-tho-duc-ba-danh-tac-rut-gon-cua-pegasus-victor-hugo-manpreet-k-aden-tom-luoc-tran-giang-son-dich-p275212133,https://tiki.vn/thang-gu-nha-tho-duc-ba-danh-tac-rut-gon-cua-pegasus-victor-hugo-manpreet-k-aden-tom-luoc-tran-giang-son-dich-p275212133.html,Thằng Gù Nhà Thờ Đức Bà (Danh tác rút gọn của Pegasus) - Victor Hugo; Manpreet K.Aden tóm lược; Trần Giang Sơn dịch,0.0,0,65000,50700,3.0,67994
100207921,gatsby-vi-dai-p100207921,https://tiki.vn/gatsby-vi-dai-p100207921.html,Gatsby vĩ đại,0.0,0,63450,63450,2.0,67994
277184525,define-the-relationship-dinh-ro-moi-quan-he-tap-2-p277184525,https://tiki.vn/define-the-relationship-dinh-ro-moi-quan-he-tap-2-p277184525.html,Define The Relationship - Định Rõ Mối Quan Hệ - Tập 2,0.0,0,265000,251750,,67994
274361822,robinson-crusoe-bia-mem-p274361822,https://tiki.vn/robinson-crusoe-bia-mem-p274361822.html,Robinson Crusoe (Bìa Mềm),0.0,0,190000,180500,3.0,67994
278453883,combo-2-cuon-bia-vai-khu-vuon-bi-mat-nhung-cuoc-phieu-luu-cua-tom-sawyer-p278453883,https://tiki.vn/combo-2-cuon-bia-vai-khu-vuon-bi-mat-nhung-cuoc-phieu-luu-cua-tom-sawyer-p278453883.html,"Combo 2 cuốn bìa vải (Khu vườn bí mật, Những cuộc phiêu lưu của Tom Sawyer)",0.0,0,670000,636500,2.0,67994
278230323,gia-dinh-robinson-thuy-sy-bia-mem-p278230323,https://tiki.vn/gia-dinh-robinson-thuy-sy-bia-mem-p278230323.html,Gia đình Robinson Thụy Sỹ (Bìa mềm),0.0,0,120000,114000,1.0,67994
270704371,hoa-than-franz-kafka-p270704371,https://tiki.vn/hoa-than-franz-kafka-p270704371.html,Hóa thân (Franz Kafka),0.0,0,74000,74000,5.0,67994
208103006,combo-2-tac-pham-kinh-dien-cua-saul-bellow-herzog-cuoc-phieu-luu-cua-augie-march-nobel-van-hoc-1976-tang-kem-bookmark-bamboo-books-p208103006,https://tiki.vn/combo-2-tac-pham-kinh-dien-cua-saul-bellow-herzog-cuoc-phieu-luu-cua-augie-march-nobel-van-hoc-1976-tang-kem-bookmark-bamboo-books-p208103006.html,Combo 2 Tác Phẩm Kinh Điển Của Saul Bellow: Herzog + Cuộc Phiêu Lưu Của Augie March - Nobel Văn Học 1976 - Tặng Kèm Bookmark Bamboo Books,0.0,0,510000,510000,,67994
277353765,sach-khong-gia-dinh-khang-viet-book-p277353765,https://tiki.vn/sach-khong-gia-dinh-khang-viet-book-p277353765.html,Sách - Không Gia Đình - Khang Việt Book,0.0,0,268000,268000,,67994
277026859,hai-van-dam-duoi-day-bien-p277026859,https://tiki.vn/hai-van-dam-duoi-day-bien-p277026859.html,Hai Vạn Dặm Dưới Đáy Biển,0.0,0,102000,102000,2.0,67994
229732812,van-hoc-duc-hue-tim-p229732812,https://tiki.vn/van-hoc-duc-hue-tim-p229732812.html,Văn học Đức - Huệ Tím,0.0,0,45000,45000,4.0,67994
242443709,nhung-giac-mo-o-hieu-sach-morisaki-p242443709,https://tiki.vn/nhung-giac-mo-o-hieu-sach-morisaki-p242443709.html,Những giấc mơ ở hiệu sách Morisaki,0.0,0,75000,75000,,67994
273412069,tam-tri-va-ban-chat-con-nguoi-ban-quyen-p273412069,https://tiki.vn/tam-tri-va-ban-chat-con-nguoi-ban-quyen-p273412069.html,Tâm Trí Và Bản Chất Con Người  - Bản Quyền,0.0,0,239000,239000,,67994
242102020,sach-nhung-nguoi-dan-ong-khong-co-dan-ba-tb-2021-p242102020,https://tiki.vn/sach-nhung-nguoi-dan-ong-khong-co-dan-ba-tb-2021-p242102020.html,Sách - Những người đàn ông không có đàn bà (TB 2021) - Nhã nam,0.0,0,97000,97000,,67994
42842961,tac-pham-kinh-dien-bac-nhat-a-rap-nghin-le-mot-dem-bia-cung-top-sach-ban-chay-tang-kem-bookmark-green-life-p42842961,https://tiki.vn/tac-pham-kinh-dien-bac-nhat-a-rap-nghin-le-mot-dem-bia-cung-top-sach-ban-chay-tang-kem-bookmark-green-life-p42842961.html,Tác Phẩm Kinh Điển Bậc Nhất Ả Rập: Nghìn Lẻ Một Đêm - Bìa Cứng (Top Sách Bán Chạy / Tặng Kèm Bookmark Green Life),0.0,0,196500,196500,3.0,67994
276557262,tinh-yeu-cuong-nhiet-sau-khi-ket-hon-p276557262,https://tiki.vn/tinh-yeu-cuong-nhiet-sau-khi-ket-hon-p276557262.html,Tình Yêu Cuồng Nhiệt Sau Khi Kết Hôn,0.0,0,129000,129000,,67994
242443792,yeu-nhung-dieu-khong-hoan-hao-p242443792,https://tiki.vn/yeu-nhung-dieu-khong-hoan-hao-p242443792.html,Yêu những điều không hoàn hảo,0.0,0,139000,139000,,67994
376722,sach-ngoi-nha-nho-tren-thao-nguyen-tap-4-ben-dong-rach-man-p376722,https://tiki.vn/sach-ngoi-nha-nho-tren-thao-nguyen-tap-4-ben-dong-rach-man-p376722.html,Sách Ngôi Nhà Nhỏ Trên Thảo Nguyên - Tập 4 - Bên Dòng Rạch Mận,0.0,0,73832,73832,1.0,67994
207280900,ba-dalloway-p207280900,https://tiki.vn/ba-dalloway-p207280900.html,Bà Dalloway,5.0,1,80000,80000,1.0,67994
196338133,circe-p196338133,https://tiki.vn/circe-p196338133.html,Circe,5.0,1,200000,200000,1.0,67994
246361142,den-khong-hat-bong-p246361142,https://tiki.vn/den-khong-hat-bong-p246361142.html,Đèn Không Hắt Bóng,0.0,0,208000,208000,1.0,67994
276674218,ban-tay-tho-dong-ho-p276674218,https://tiki.vn/ban-tay-tho-dong-ho-p276674218.html,Bàn Tay Thợ Đồng Hồ,0.0,0,156750,156750,,67994
71062564,sach-tam-quoc-dien-nghia-hop-bo-2-tap-p71062564,https://tiki.vn/sach-tam-quoc-dien-nghia-hop-bo-2-tap-p71062564.html,Sách Tam Quốc Diễn Nghĩa (Hộp Bộ 2 Tập),0.0,0,363500,363500,,67994
277992630,coi-re-hai-muoi-tu-gio-trong-doi-nguoi-dan-ba-p277992630,https://tiki.vn/coi-re-hai-muoi-tu-gio-trong-doi-nguoi-dan-ba-p277992630.html,Cội Rễ + Hai Mươi Tư Giờ Trong Đời Người Đàn Bà,0.0,0,525000,446250,1.0,67994
272124500,thien-duong-va-dia-nguc-omega-plus-ban-quyen-p272124500,https://tiki.vn/thien-duong-va-dia-nguc-omega-plus-ban-quyen-p272124500.html,Thiên đường Và Địa Ngục (Omega Plus) - Bản Quyền,0.0,0,109000,92600,5.0,67994
277044958,combo-sach-rumi-omar-khayyam-va-ngon-su-p277044958,https://tiki.vn/combo-sach-rumi-omar-khayyam-va-ngon-su-p277044958.html,"Combo sách Rumi, Omar Khayyam và Ngôn sứ",0.0,0,838000,838000,1.0,67994
214589698,combo-tay-du-ky-tap-9-16-bo-8-cuon-ha-p214589698,https://tiki.vn/combo-tay-du-ky-tap-9-16-bo-8-cuon-ha-p214589698.html,Combo Tây Du Ký Tập 9 - 16 (Bộ 8 Cuốn) - HA,0.0,0,152000,106400,2.0,67994
255295037,canh-cua-mo-rong-lu-muc-dong-p255295037,https://tiki.vn/canh-cua-mo-rong-lu-muc-dong-p255295037.html,CÁNH CỬA MỞ RỘNG - LŨ MỤC ĐỒNG,0.0,0,165000,165000,,67994
206539114,combo-2-tac-pham-kinh-dien-cua-gabriel-g-marquez-tram-nam-co-don-hoi-uc-ve-nhung-co-gai-diem-buon-cua-toi-nobel-van-hoc-1982-tang-kem-bookmark-bamboo-books-p206539114,https://tiki.vn/combo-2-tac-pham-kinh-dien-cua-gabriel-g-marquez-tram-nam-co-don-hoi-uc-ve-nhung-co-gai-diem-buon-cua-toi-nobel-van-hoc-1982-tang-kem-bookmark-bamboo-books-p206539114.html,Combo 2 Tác Phẩm Kinh Điển Của Gabriel G.Marquez: Trăm Năm Cô Đơn + Hồi Ức Về Những Cô Gái Điếm Buồn Của Tôi - Nobel Văn Học 1982 - Tặng Kèm Bookmark Bamboo Books,5.0,3,243000,243000,22.0,67994
119240587,bac-si-zhivago-p119240587,https://tiki.vn/bac-si-zhivago-p119240587.html,Bác Sĩ Zhivago,0.0,0,148750,148750,2.0,67994
454025,sach-chuong-nguyen-hon-ai-p454025,https://tiki.vn/sach-chuong-nguyen-hon-ai-p454025.html,Sách Chuông Nguyện Hồn Ai,0.0,0,125000,125000,,67994
168712758,khong-gia-dinh-bia-mem-tai-ban-2022-p168712758,https://tiki.vn/khong-gia-dinh-bia-mem-tai-ban-2022-p168712758.html,Không gia đình (bìa mềm). Tái bản 2022,0.0,0,130000,130000,2.0,67994
279188229,phong-nha-tung-diem-lien-khoa-tao-dan-p279188229,https://tiki.vn/phong-nha-tung-diem-lien-khoa-tao-dan-p279188229.html,PHONG NHÃ TỤNG – Diêm Liên Khoa - Vũ Công Hoan dịch – Tao Đàn,0.0,0,395000,395000,1.0,67994
182755855,pham-tam-quoc-dich-trung-thien-quang-van-tang-but-so-tay-p182755855,https://tiki.vn/pham-tam-quoc-dich-trung-thien-quang-van-tang-but-so-tay-p182755855.html,PHẨM TAM QUỐC – Dịch Trung Thiên – Quảng Văn. Tặng bút/ sổ tay,5.0,1,341000,341000,6.0,67994
141289964,nghe-thuat-va-tho-thu-cong-oscar-wilde-p141289964,https://tiki.vn/nghe-thuat-va-tho-thu-cong-oscar-wilde-p141289964.html,Nghệ thuật và thợ thủ công - Oscar Wilde,0.0,0,95600,95600,,67994
278022646,hai-quy-p278022646,https://tiki.vn/hai-quy-p278022646.html,Hải Quỳ,0.0,0,189000,179550,,67994
278117335,sach-to-thu-thai-cong-binh-phap-khuong-lu-vong-hoang-thach-cong-p278117335,https://tiki.vn/sach-to-thu-thai-cong-binh-phap-khuong-lu-vong-hoang-thach-cong-p278117335.html,Sách - Tố Thư & Thái Công Binh Pháp - Khương Lữ Vọng - Hoàng Thạch Công - Nhà Xuất Bản Đồng Nai,0.0,0,150000,150000,2.0,67994
275950978,thep-da-toi-the-day-hh-p275950978,https://tiki.vn/thep-da-toi-the-day-hh-p275950978.html,Thép Đã Tôi Thế Đấy (HH),0.0,0,168000,168000,1.0,67994
190105118,thuy-hu-truyen-lien-hoan-hoa-bo-26-tap-bc-p190105118,https://tiki.vn/thuy-hu-truyen-lien-hoan-hoa-bo-26-tap-bc-p190105118.html,Thủy Hử Truyện Liên Hoàn Họa (Bộ 26 Tập - Bc),5.0,1,469000,422100,2.0,67994
270659701,sach-ben-nay-dia-dang-combo-2-phien-ban-cung-gioi-han-ao-boc-co-danh-so-bia-mem-tay-gap-f-scott-fitzgerald-son-lam-dich-rainbow-books-p270659701,https://tiki.vn/sach-ben-nay-dia-dang-combo-2-phien-ban-cung-gioi-han-ao-boc-co-danh-so-bia-mem-tay-gap-f-scott-fitzgerald-son-lam-dich-rainbow-books-p270659701.html,Sách - Bên này địa đàng (combo 2 phiên bản: cứng giới hạn áo bọc có đánh số & bìa mềm tay gập) - F. Scott Fitzgerald - Sơn Lam dịch - Rainbow Books,0.0,0,484000,363000,2.0,67994
263068391,sach-faust-johann-wolfgang-von-goethe-p263068391,https://tiki.vn/sach-faust-johann-wolfgang-von-goethe-p263068391.html,Sách Faust - Johann WolfGang Von Goethe,0.0,0,197000,197000,3.0,67994
253227733,nha-gia-kim-tb-2020-ba-n-quye-n-p253227733,https://tiki.vn/nha-gia-kim-tb-2020-ba-n-quye-n-p253227733.html,Nhà giả kim (TB 2020) -  Bản Quyền,0.0,0,95000,95000,1.0,67994
278650251,sach-series-kiet-tac-van-hoc-bang-tranh-nha-nam-hcm-p278650251,https://tiki.vn/sach-series-kiet-tac-van-hoc-bang-tranh-nha-nam-hcm-p278650251.html,Sách - Series Kiệt tác văn học bằng tranh (Nhã Nam HCM),0.0,0,120000,108000,1.0,67994
273352938,nam-hoa-kinh-kiet-tac-cua-van-hoc-trung-hoa-p273352938,https://tiki.vn/nam-hoa-kinh-kiet-tac-cua-van-hoc-trung-hoa-p273352938.html,Nam Hoa Kinh- Kiệt Tác Của Văn Học Trung Hoa,0.0,0,98100,98100,,67994
273747722,sach-rap-ron-canh-hac-kawabata-yasunari-nha-nam-official-p273747722,https://tiki.vn/sach-rap-ron-canh-hac-kawabata-yasunari-nha-nam-official-p273747722.html,Sách - Rập rờn cánh hạc (Kawabata Yasunari) - Nhã Nam Official,5.0,1,80000,76000,15.0,67994
253297448,lau-dai-tren-may-ba-n-quye-n-p253297448,https://tiki.vn/lau-dai-tren-may-ba-n-quye-n-p253297448.html,Lâu đài trên mây - Bản Quyền,0.0,0,96000,96000,,67994
274033910,rap-ron-canh-hac-kawabata-yasunari-nguyen-tuong-minh-dich-bia-mem-p274033910,https://tiki.vn/rap-ron-canh-hac-kawabata-yasunari-nguyen-tuong-minh-dich-bia-mem-p274033910.html,RẬP RỜN CÁNH HẠC - Kawabata Yasunari - Nguyễn Tường Minh dịch - (bìa mềm),0.0,0,79000,79000,,67994
279232082,sach-toi-ac-va-hinh-phat-tai-ban-2026-nha-nam-hcm-p279232082,https://tiki.vn/sach-toi-ac-va-hinh-phat-tai-ban-2026-nha-nam-hcm-p279232082.html,Sách - Tội ác và hình phạt (Tái bản 2026) (Nhã Nam HCM),0.0,0,370000,351000,,67994
272164858,sach-chien-binh-cau-vong-tb-2020-nha-nam-official-p272164858,https://tiki.vn/sach-chien-binh-cau-vong-tb-2020-nha-nam-official-p272164858.html,Sách - Chiến binh cầu vồng (TB 2020) - Nhã Nam Official,0.0,0,109000,109000,2.0,67994
279085471,de-profundis-va-bai-ballad-ve-nha-nguc-reading-p279085471,https://tiki.vn/de-profundis-va-bai-ballad-ve-nha-nguc-reading-p279085471.html,De Profundis Và Bài Ballad Về Nhà Ngục Reading,0.0,0,110000,110000,,67994
277224603,anne-toc-do-duoi-chai-nha-xanh-tai-ban-nam-2024-p277224603,https://tiki.vn/anne-toc-do-duoi-chai-nha-xanh-tai-ban-nam-2024-p277224603.html,Anne Tóc Đỏ Dưới Chái Nhà Xanh (Tái bản năm 2024),0.0,0,138000,131100,,67994
277514822,ba-tuoc-monte-cristo-tai-ban-nam-2025-sach-huy-hoang-p277514822,https://tiki.vn/ba-tuoc-monte-cristo-tai-ban-nam-2025-sach-huy-hoang-p277514822.html,Bá Tước Monte Cristo (Tái bản năm 2025) (Sách Huy Hoàng),0.0,0,235000,223250,,67994
278278689,sach-chu-be-pyjama-soc-tb-2025-nha-nam-hcm-p278278689,https://tiki.vn/sach-chu-be-pyjama-soc-tb-2025-nha-nam-hcm-p278278689.html,Sách - Chú bé pyjama sọc (TB 2026) (Nhã Nam HCM),0.0,0,102000,91800,,67994
271245603,than-thoai-hy-lap-bia-cung-p271245603,https://tiki.vn/than-thoai-hy-lap-bia-cung-p271245603.html,Thần Thoại Hy Lạp (Bìa Cứng),0.0,0,295000,295000,3.0,67994
279104356,rung-nauy-murakami-haruki-trinh-lu-dich-nha-nam-p279104356,https://tiki.vn/rung-nauy-murakami-haruki-trinh-lu-dich-nha-nam-p279104356.html,RỪNG NAUY – Murakami Haruki – Trịnh Lữ dịch – Nhã Nam,0.0,0,171000,171000,,67994
275019383,sach-kieu-hanh-va-dinh-kien-tb-2021-nha-nam-official-p275019383,https://tiki.vn/sach-kieu-hanh-va-dinh-kien-tb-2021-nha-nam-official-p275019383.html,Sách - Kiêu hãnh và định kiến (TB 2021) - Nhã Nam Official,0.0,0,116000,116000,1.0,67994
252591756,hai-so-phan-bia-cung-tai-ban-2023-p252591756,https://tiki.vn/hai-so-phan-bia-cung-tai-ban-2023-p252591756.html,Hai Số Phận - Bìa Cứng (Tái Bản 2023),0.0,0,265000,265000,4.0,67994
273581750,ngay-cuoi-cung-cua-nguoi-bi-ket-an-victor-hugo-ban-quyen-p273581750,https://tiki.vn/ngay-cuoi-cung-cua-nguoi-bi-ket-an-victor-hugo-ban-quyen-p273581750.html,Ngày Cuối Cùng Của Người Bị Kết Án (Victor Hugo)  - Bản Quyền,0.0,0,94000,94000,,67994
272425954,nhung-tam-long-cao-ca-tai-ban-2023-p272425954,https://tiki.vn/nhung-tam-long-cao-ca-tai-ban-2023-p272425954.html,(Bìa cứng - Bản Đặc Biệt) Những Tấm Lòng Cao Cả,0.0,0,130350,130350,1.0,67994
198342225,sach-hiep-si-thanh-chien-boxset-2-tap-p198342225,https://tiki.vn/sach-hiep-si-thanh-chien-boxset-2-tap-p198342225.html,Sách Hiệp sĩ Thánh chiến (Boxset 2 tập),0.0,0,450000,450000,,67994
277370289,combo-nguoi-tinh-hao-hoa-cheri-p277370289,https://tiki.vn/combo-nguoi-tinh-hao-hoa-cheri-p277370289.html,Combo - Người Tình Hào Hoa - Chéri,0.0,0,142500,142500,,67994
270773604,hen-voi-than-chet-agatha-christie-ban-quyen-p270773604,https://tiki.vn/hen-voi-than-chet-agatha-christie-ban-quyen-p270773604.html,Hẹn Với Thần Chết (Agatha Christie) - Bản Quyền,0.0,0,120000,120000,,67994
277490133,combo-2-bo-dat-lanh-doi-con-ly-tan-va-chan-dung-mot-cuoc-hon-nhan-pearl-s-buck-nxb-tre-p277490133,https://tiki.vn/combo-2-bo-dat-lanh-doi-con-ly-tan-va-chan-dung-mot-cuoc-hon-nhan-pearl-s-buck-nxb-tre-p277490133.html,"(Combo 2 bộ) ĐẤT LÀNH, ĐỜI CON, LY TÁN và CHÂN DUNG MỘT CUỘC HÔN NHÂN – Pearl S. Buck – NXB Trẻ",0.0,0,928000,928000,,67994
273427410,tam-tri-va-ban-chat-con-nguoi-steven-pinker-phi-mai-dich-nxb-lao-dong-1980-books-p273427410,https://tiki.vn/tam-tri-va-ban-chat-con-nguoi-steven-pinker-phi-mai-dich-nxb-lao-dong-1980-books-p273427410.html,TÂM TRÍ VÀ BẢN CHẤT CON NGƯỜI - Steven Pinker – Phí Mai dịch – NXB Lao động – 1980 Books,0.0,0,239000,239000,,67994
270769952,chuoi-an-mang-a-b-c-agatha-christie-ban-quyen-p270769952,https://tiki.vn/chuoi-an-mang-a-b-c-agatha-christie-ban-quyen-p270769952.html,Chuỗi Án Mạng A.B.C (Agatha Christie) - Bản Quyền,0.0,0,105000,105000,1.0,67994
273045482,harry-potter-tap-6-harry-potter-va-hoang-tu-lai-p273045482,https://tiki.vn/harry-potter-tap-6-harry-potter-va-hoang-tu-lai-p273045482.html,Harry Potter - Tập 6 - Harry Potter và Hoàng tử lai,0.0,0,245000,245000,1.0,67994
41569710,combo-3-cuon-sach-nhung-cuoc-phieu-luu-cua-sherlock-holmes-khong-gia-dinh-hai-van-dam-duoi-day-bien-p41569710,https://tiki.vn/combo-3-cuon-sach-nhung-cuoc-phieu-luu-cua-sherlock-holmes-khong-gia-dinh-hai-van-dam-duoi-day-bien-p41569710.html,COMBO 3 CUỐN SÁCH :NHỮNG CUỘC PHIÊU LƯU CỦA SHERLOCK HOLMES + KHÔNG GIA ĐÌNH + HAI VẠN DẶM DƯỚI ĐÁY BIỂN,0.0,0,356350,356350,6.0,67994
276331371,cuoc-tham-hiem-vao-long-dat-p276331371,https://tiki.vn/cuoc-tham-hiem-vao-long-dat-p276331371.html,Cuộc Thám Hiểm Vào Lòng Đất,0.0,0,98000,98000,,67994
276674170,heidi-song-ngu-viet-anh-p276674170,https://tiki.vn/heidi-song-ngu-viet-anh-p276674170.html,Heidi (Song ngữ Việt-Anh),0.0,0,119000,113050,2.0,67994
165627287,ke-nhac-tuong-tai-ban-p165627287,https://tiki.vn/ke-nhac-tuong-tai-ban-p165627287.html,Kẻ Nhắc Tuồng (Tái Bản),0.0,0,155000,147000,1.0,67994
276273956,cau-chuyen-khong-ai-biet-ay-tap-2-p276273956,https://tiki.vn/cau-chuyen-khong-ai-biet-ay-tap-2-p276273956.html,Câu Chuyện Không Ai Biết Ấy - Tập 2,0.0,0,169000,144495,,67994
273509981,sach-the-gioi-noi-tam-cua-nhung-dua-tre-noi-loan-ban-quyen-p273509981,https://tiki.vn/sach-the-gioi-noi-tam-cua-nhung-dua-tre-noi-loan-ban-quyen-p273509981.html,Sách Thế Giới Nội Tâm Của Những Đứa Trẻ Nổi Loạn  - Bản Quyền,0.0,0,110500,110500,,67994
133845052,ngoi-nha-nho-tren-thao-nguyen-tap-1-giua-dai-ngan-p133845052,https://tiki.vn/ngoi-nha-nho-tren-thao-nguyen-tap-1-giua-dai-ngan-p133845052.html,NGÔI NHÀ NHỎ TRÊN THẢO NGUYÊN - TẬP 1 - GIỮA ĐẠI NGÀN,0.0,0,40000,40000,2.0,67994
179496618,tieng-goi-cua-hoang-da-dong-a-bia-hoa-p179496618,https://tiki.vn/tieng-goi-cua-hoang-da-dong-a-bia-hoa-p179496618.html,Tiếng Gọi Của Hoang Dã (Đông A) (Bìa Hoa),0.0,0,90000,90000,1.0,67994
189255152,tuong-ve-huu-nhung-truyen-khac-p189255152,https://tiki.vn/tuong-ve-huu-nhung-truyen-khac-p189255152.html,TƯỚNG VỀ HƯU & NHỮNG TRUYỆN KHÁC,5.0,1,360000,298800,11.0,67994
274871603,3-tap-van-chuong-nobel-co-tranh-minh-hoa-tang-postcard-chu-ky-dich-gia-dat-lanh-doi-con-ly-tan-pearl-s-buck-nguyen-van-ha-nguyen-tuan-binh-nguyen-quang-huy-dich-nxb-phu-nu-p274871603,https://tiki.vn/3-tap-van-chuong-nobel-co-tranh-minh-hoa-tang-postcard-chu-ky-dich-gia-dat-lanh-doi-con-ly-tan-pearl-s-buck-nguyen-van-ha-nguyen-tuan-binh-nguyen-quang-huy-dich-nxb-phu-nu-p274871603.html,"[3 tập văn chương Nobel có tranh minh hoạ tặng postcard chữ ký dịch giả] ĐẤT LÀNH ĐỜI CON LY TÁN – Pearl S. Buck Nguyễn Vân Hà, Nguyễn Tuấn Bình, Nguyễn Quang Huy dịch – NXB Phụ Nữ",0.0,0,599000,599000,2.0,67994
212213043,sach-tu-trai-dat-den-mat-trang-bia-cung-tai-ban-p212213043,https://tiki.vn/sach-tu-trai-dat-den-mat-trang-bia-cung-tai-ban-p212213043.html,Sách Từ trái đất đến mặt trăng ( Bìa Cứng ) - Tái bản,0.0,0,79184,79184,2.0,67994
273624384,thai-binh-thien-quoc-dien-nghia-p273624384,https://tiki.vn/thai-binh-thien-quoc-dien-nghia-p273624384.html,Thái Bình Thiên Quốc Diễn Nghĩa - Tác Giả Hoàng Tiểu Phối (DA),0.0,0,420000,394800,,67994
273587235,cuon-sach-van-hoc-kinh-dien-hay-mumbai-va-nhung-chuyen-tau-dem-p273587235,https://tiki.vn/cuon-sach-van-hoc-kinh-dien-hay-mumbai-va-nhung-chuyen-tau-dem-p273587235.html,Cuốn Sách Văn Học Kinh Điển Hay- Mumbai Và Những Chuyến Tàu Đêm,0.0,0,108000,108000,1.0,67994
278147321,sach-nhat-ky-trong-tu-tai-ban-2025-p278147321,https://tiki.vn/sach-nhat-ky-trong-tu-tai-ban-2025-p278147321.html,Sách - Nhật Ký Trong Tù (Tái Bản 2025),0.0,0,85000,69700,,67994
278228850,sach-tieng-goi-cua-hoang-da-tai-ban-2025-p278228850,https://tiki.vn/sach-tieng-goi-cua-hoang-da-tai-ban-2025-p278228850.html,Sách - Tiếng Gọi Của Hoang Dã (Tái Bản 2025),0.0,0,48000,41700,2.0,67994
271198774,chuyen-ky-la-o-tiem-sach-cu-tanabe-p271198774,https://tiki.vn/chuyen-ky-la-o-tiem-sach-cu-tanabe-p271198774.html,Chuyện Kỳ Lạ Ở Tiệm Sách Cũ Tanabe,0.0,0,179000,179000,,67994
253306140,cua-chuot-va-nguoi-ba-n-quye-n-p253306140,https://tiki.vn/cua-chuot-va-nguoi-ba-n-quye-n-p253306140.html,Của chuột và người - Bản Quyền,0.0,0,86000,86000,,67994
199006804,cuon-sach-ba-nguoi-linh-ngu-lam-p199006804,https://tiki.vn/cuon-sach-ba-nguoi-linh-ngu-lam-p199006804.html,Cuốn sách: Ba Người Lính Ngự Lâm,0.0,0,295000,295000,,67994
276587559,bo-3-cuon-chu-ky-dich-gia-luc-huong-song-chuyen-hua-tam-quan-ban-mau-ngay-thu-bay-du-hoa-nha-nam-p276587559,https://tiki.vn/bo-3-cuon-chu-ky-dich-gia-luc-huong-song-chuyen-hua-tam-quan-ban-mau-ngay-thu-bay-du-hoa-nha-nam-p276587559.html,(Bộ 3 cuốn) SỐNG - CHUYỆN HỨA TAM QUAN BÁN MÁU - NGÀY THỨ BẢY - Dư Hoa - Nhã Nam,0.0,0,450000,450000,,67994
198283041,tong-thong-k-thu-tu-p198283041,https://tiki.vn/tong-thong-k-thu-tu-p198283041.html,Tổng thống K. thứ tư,0.0,0,200000,200000,,67994
273350175,sach-van-hoc-kinh-dien-anna-karenina-tap-1-tai-ban-2023-p273350175,https://tiki.vn/sach-van-hoc-kinh-dien-anna-karenina-tap-1-tai-ban-2023-p273350175.html,SÁCH VĂN HỌC KINH ĐIỂN-Anna Karenina - Tập 1 (Tái Bản 2023) ,0.0,0,185000,185000,,67994
523501,sach-tat-ca-cac-dong-song-deu-chay-2015-p523501,https://tiki.vn/sach-tat-ca-cac-dong-song-deu-chay-2015-p523501.html,Sách Tất Cả Các Dòng Sông Đều Chảy (2015),4.5,2,98000,88200,30.0,67994
263628704,den-khong-hat-bong-tai-ban-nam-2022-p263628704,https://tiki.vn/den-khong-hat-bong-tai-ban-nam-2022-p263628704.html,  Đèn Không Hắt Bóng (Tái bản năm 2022),0.0,0,219000,153300,5.0,67994
7959389,sach-tup-leu-bac-tom-p7959389,https://tiki.vn/sach-tup-leu-bac-tom-p7959389.html,Sách Túp Lều Bác Tôm,5.0,5,100000,90000,22.0,67994
278359791,sach-bo-con-ca-gai-nha-nam-hcm-p278359791,https://tiki.vn/sach-bo-con-ca-gai-nha-nam-hcm-p278359791.html,Sách - Bố Con Cá Gai (Nhã Nam HCM),0.0,0,138000,124200,4.0,67994
276917150,khi-moi-dieu-khong-nhu-y-hae-min-tang-kem-bookmark-cu-meo-so-tay-xuong-rong-p276917150,https://tiki.vn/khi-moi-dieu-khong-nhu-y-hae-min-tang-kem-bookmark-cu-meo-so-tay-xuong-rong-p276917150.html, KHI MỌI ĐIỀU KHÔNG NHƯ Ý | Hae Min (Tặng kèm bookmark CÚ MÈO + Sổ tay xương rồng),5.0,1,109000,109000,4.0,67994
253284657,vu-an-franz-kafka-tb-2021-ba-n-quye-n-p253284657,https://tiki.vn/vu-an-franz-kafka-tb-2021-ba-n-quye-n-p253284657.html,Vụ án (Franz Kafka) (TB 2021)  -  Bản Quyền,0.0,0,98000,98000,,67994
275088389,the-gioi-nhung-ngay-qua-an-ban-dac-biet-p275088389,https://tiki.vn/the-gioi-nhung-ngay-qua-an-ban-dac-biet-p275088389.html,Thế giới những ngày qua (Bìa cứng),0.0,0,450000,450000,2.0,67994
134278842,danh-tac-the-gioi-toi-ac-va-trung-phat-p134278842,https://tiki.vn/danh-tac-the-gioi-toi-ac-va-trung-phat-p134278842.html,Danh Tác Thế Giới: Tội Ác Và Trừng Phạt,5.0,1,40000,40000,2.0,67994
277313368,trong-gia-dinh-p277313368,https://tiki.vn/trong-gia-dinh-p277313368.html,Trong gia đình ,0.0,0,72000,72000,5.0,67994
276679509,circe-madeline-miller-tac-gia-cua-truong-ca-achilles-tang-kem-postcard-phu-luc-p276679509,https://tiki.vn/circe-madeline-miller-tac-gia-cua-truong-ca-achilles-tang-kem-postcard-phu-luc-p276679509.html,CIRCE - Madeline Miller (Tác giả của Trường ca Achilles) - Tặng kèm Postcard + Phụ lục,0.0,0,200000,200000,1.0,67994
257901975,sach-dam-xanh-ban-thuong-p257901975,https://tiki.vn/sach-dam-xanh-ban-thuong-p257901975.html,Sách - Dặm xanh (bản thường),5.0,1,289000,289000,3.0,67994
275384838,an-mang-o-nha-muc-vu-p275384838,https://tiki.vn/an-mang-o-nha-muc-vu-p275384838.html,Án Mạng Ở Nhà Mục Vụ,0.0,0,130000,130000,,67994
208408638,nhung-ke-au-lo-p208408638,https://tiki.vn/nhung-ke-au-lo-p208408638.html,Những Kẻ Âu Lo,0.0,0,180000,180000,,67994
270491971,gulliver-du-ky-p270491971,https://tiki.vn/gulliver-du-ky-p270491971.html,Gulliver Du Ký,0.0,0,70550,70550,,67994
2783105,sach-khong-gia-dinh-phien-ban-moi-p2783105,https://tiki.vn/sach-khong-gia-dinh-phien-ban-moi-p2783105.html,Sách Không Gia Đình (Phiên Bản Mới),0.0,0,159000,159000,,67994
21377599,sach-tieng-goi-noi-hoang-da-tai-ban-p21377599,https://tiki.vn/sach-tieng-goi-noi-hoang-da-tai-ban-p21377599.html,Sách Tiếng Gọi Nơi Hoang Dã (Tái Bản),0.0,0,89982,89982,2.0,67994
278854498,van-hoc-co-dien-dong-a-classic-gia-dinh-robinson-thuy-sy-p278854498,https://tiki.vn/van-hoc-co-dien-dong-a-classic-gia-dinh-robinson-thuy-sy-p278854498.html,Văn Học Cổ Điển Đông A Classic: Gia Đình Robinson Thụy Sỹ,0.0,0,120000,120000,,67994
278173200,ve-voi-gia-dinh-tac-gia-hector-malot-p278173200,https://tiki.vn/ve-voi-gia-dinh-tac-gia-hector-malot-p278173200.html,Về Với Gia Đình (Tác giả: Hector Malot),0.0,0,100000,100000,,67994
270958508,trong-gia-dinh-p270958508,https://tiki.vn/trong-gia-dinh-p270958508.html,Trong Gia Đình ,0.0,0,110000,77000,1.0,67994
214589671,combo-tay-du-ky-tap-17-25-bo-9-cuon-ha-p214589671,https://tiki.vn/combo-tay-du-ky-tap-17-25-bo-9-cuon-ha-p214589671.html,Combo Tây Du Ký Tập 17 - 25 (Bộ 9 Cuốn) - HA,5.0,1,171000,119700,2.0,67994
179446204,thien-hoang-minh-tri-bia-cung-p179446204,https://tiki.vn/thien-hoang-minh-tri-bia-cung-p179446204.html,Thiên Hoàng Minh Trị (Bìa Cứng),5.0,1,350000,350000,3.0,67994
206202738,nha-tho-duc-ba-paris-bia-cung-p206202738,https://tiki.vn/nha-tho-duc-ba-paris-bia-cung-p206202738.html, Nhà thờ Đức Bà Paris (bìa cứng),0.0,0,650000,650000,,67994
403508,sach-cuon-theo-chieu-gio-p403508,https://tiki.vn/sach-cuon-theo-chieu-gio-p403508.html,Sách Cuốn Theo Chiều Gió,5.0,1,225000,225000,19.0,67994
43950719,sach-thoi-tho-au-bia-cung-tai-ban-p43950719,https://tiki.vn/sach-thoi-tho-au-bia-cung-tai-ban-p43950719.html,Sách Thời Thơ Ấu (Bìa Cứng) (Tái Bản),5.0,1,90350,90350,10.0,67994
139484234,tuyen-tap-akutagawa-tron-bo-2-tap-tang-kem-bookmark-p139484234,https://tiki.vn/tuyen-tap-akutagawa-tron-bo-2-tap-tang-kem-bookmark-p139484234.html,TUYỂN TẬP AKUTAGAWA (TRỌN BỘ 2 TẬP) - TẶNG KÈM BOOKMARK,0.0,0,760000,760000,4.0,67994
270661363,mieng-da-lua-p270661363,https://tiki.vn/mieng-da-lua-p270661363.html,Miếng Da Lừa,0.0,0,92650,92650,2.0,67994
403493,sach-nghin-le-mot-dem-p403493,https://tiki.vn/sach-nghin-le-mot-dem-p403493.html,Sách Nghìn Lẻ Một Đêm,0.0,0,983350,983350,,67994
206058891,cay-brooklyn-xanh-biec-betty-smith-1980books-hcm-p206058891,https://tiki.vn/cay-brooklyn-xanh-biec-betty-smith-1980books-hcm-p206058891.html,Cây Brooklyn xanh biếc - Betty Smith (1980BOOKS HCM),4.5,8,269000,201750,67.0,67994
275687422,duong-duong-dong-ho-cat-p275687422,https://tiki.vn/duong-duong-dong-ho-cat-p275687422.html,Dưỡng đường đồng hồ cát,5.0,1,127900,127900,3.0,67994
270477982,gatsby-vi-dai-p270477982,https://tiki.vn/gatsby-vi-dai-p270477982.html,Gatsby vĩ đại,0.0,0,63450,63450,8.0,67994
278566367,451-do-f-tai-ban-nam-2025-p278566367,https://tiki.vn/451-do-f-tai-ban-nam-2025-p278566367.html,451 Độ F (Tái bản năm 2025),0.0,0,120000,114000,2.0,67994
274969177,chan-hoan-truyen-tap-7-p274969177,https://tiki.vn/chan-hoan-truyen-tap-7-p274969177.html,Chân Hoàn Truyện - Tập 7,0.0,0,92000,92000,,67994
279132099,sach-tac-pham-chon-loc-van-hoc-mi-tieng-goi-noi-hoang-da-p279132099,https://tiki.vn/sach-tac-pham-chon-loc-van-hoc-mi-tieng-goi-noi-hoang-da-p279132099.html,Sách - Tác Phẩm Chọn Lọc - Văn Học Mĩ - Tiếng Gọi Nơi Hoang Dã,5.0,1,55000,49500,1.0,67994
275687124,henry-james-daisy-miller-va-di-san-aspern-p275687124,https://tiki.vn/henry-james-daisy-miller-va-di-san-aspern-p275687124.html,Henry James - Daisy Miller và Di sản Aspern,0.0,0,123900,123900,6.0,67994
273291780,chuyen-du-hanh-vao-long-dat-p273291780,https://tiki.vn/chuyen-du-hanh-vao-long-dat-p273291780.html,Chuyến Du Hành Vào Lòng Đất,5.0,1,139000,122300,12.0,67994
275987159,sach-tuyen-tap-kawabata-hoi-uc-tieu-luan-thu-tu-kawabata-yasunari-sach-tao-dan-p275987159,https://tiki.vn/sach-tuyen-tap-kawabata-hoi-uc-tieu-luan-thu-tu-kawabata-yasunari-sach-tao-dan-p275987159.html,[Sách] Tuyển tập Kawabata - Hồi Ức - Tiểu Luận - Thư Từ - Kawabata Yasunari - Sách Tao Đàn,0.0,0,338580,338580,1.0,67994
488178,sach-trong-gia-dinh-p488178,https://tiki.vn/sach-trong-gia-dinh-p488178.html,Sách Trong Gia Đình,5.0,4,100000,80000,27.0,67994
278165145,sach-ba-nguoi-linh-ngu-lam-p278165145,https://tiki.vn/sach-ba-nguoi-linh-ngu-lam-p278165145.html,Sách Ba người lính ngự lâm ,0.0,0,279000,279000,,67994
470199,sach-cuoc-phieu-luu-cua-tom-sawyer-huy-hoang-p470199,https://tiki.vn/sach-cuoc-phieu-luu-cua-tom-sawyer-huy-hoang-p470199.html,Sách Cuộc Phiêu Lưu Của Tom Sawyer (Huy Hoàng),0.0,0,90151,90151,,67994
273238464,anna-karenina-tap-2-tai-ban-2023-p273238464,https://tiki.vn/anna-karenina-tap-2-tai-ban-2023-p273238464.html,Anna Karenina - Tập 2 (Tái Bản 2023),0.0,0,165000,148500,7.0,67994
189076559,sach-gatsby-vi-dai-p189076559,https://tiki.vn/sach-gatsby-vi-dai-p189076559.html,Sách Gatsby vĩ đại,0.0,0,280000,280000,,67994
35303038,tuyen-tap-mario-puzo-tron-bo-5-quyen-tang-kem-so-tay-p35303038,https://tiki.vn/tuyen-tap-mario-puzo-tron-bo-5-quyen-tang-kem-so-tay-p35303038.html,Tuyển Tập Mario Puzo (Trọn Bộ 5 Quyển) - Tặng Kèm Sổ Tay,0.0,0,621500,621500,,67994
278809568,hoa-tulip-den-alexandre-dumas-mai-the-sang-dich-huy-hoang-nxb-van-hoc-p278809568,https://tiki.vn/hoa-tulip-den-alexandre-dumas-mai-the-sang-dich-huy-hoang-nxb-van-hoc-p278809568.html,HOA TULIP ĐEN – Alexandre Dumas – Mai Thế Sang dịch – Huy Hoàng – NXB Văn học,0.0,0,86000,86000,1.0,67994
216213523,sach-rung-na-uy-nha-nam-hcm-p216213523,https://tiki.vn/sach-rung-na-uy-nha-nam-hcm-p216213523.html,Sách - Rừng Na-Uy - Nhã Nam,0.0,0,150000,150000,,67994
48905507,sach-don-quixote-nha-quy-toc-tai-ba-xu-mancha-tap-2-tai-ban-p48905507,https://tiki.vn/sach-don-quixote-nha-quy-toc-tai-ba-xu-mancha-tap-2-tai-ban-p48905507.html,Sách Don Quixote - Nhà Quý Tộc Tài Ba Xứ Mancha Tập 2 (Tái Bản),5.0,1,210500,210500,3.0,67994
73434639,sach-nhung-tam-long-cao-ca-bia-cung-tai-ban-2020-p73434639,https://tiki.vn/sach-nhung-tam-long-cao-ca-bia-cung-tai-ban-2020-p73434639.html,Sách Những Tấm Lòng Cao Cả (Bìa Cứng)(Tái Bản 2020),0.0,0,121488,121488,2.0,67994
137001505,bo-gia-p137001505,https://tiki.vn/bo-gia-p137001505.html,Bố Già ,0.0,0,230000,230000,1.0,67994
279231654,tai-ban-2026-cua-chuot-va-nguoi-john-steinbeck-hoang-ngoc-khoi-va-nguyen-phuc-buu-tap-dich-nxb-hoi-nha-van-nha-nam-p279231654,https://tiki.vn/tai-ban-2026-cua-chuot-va-nguoi-john-steinbeck-hoang-ngoc-khoi-va-nguyen-phuc-buu-tap-dich-nxb-hoi-nha-van-nha-nam-p279231654.html,(Tái bản 2026) CỦA CHUỘT VÀ NGƯỜI  – John Steinbeck – Hoàng Ngọc Khôi và Nguyễn Phúc Bửu Tập dịch – NXB Hội nhà văn – Nhã Nam,0.0,0,108000,108000,,67994
35600604,bestseller-limited-tac-pham-kinh-dien-the-godfather-bo-gia-cuon-sach-bat-hu-nhat-moi-thoi-dai-tang-kem-postcard-happy-life-p35600604,https://tiki.vn/bestseller-limited-tac-pham-kinh-dien-the-godfather-bo-gia-cuon-sach-bat-hu-nhat-moi-thoi-dai-tang-kem-postcard-happy-life-p35600604.html,[Bestseller / LIMITED] Tác Phẩm Kinh Điển: The Godfather - Bố Gìa (Cuốn Sách Bất Hủ Nhất Mọi Thời Đại - Tặng Kèm Postcard Happy Life),4.5,36,230350,230350,205.0,67994
249220293,sach-nhip-tho-chao-nghieng-herta-muller-nobel-van-hoc-2009-phanbook-tang-kem-bookmark-bamboo-books-p249220293,https://tiki.vn/sach-nhip-tho-chao-nghieng-herta-muller-nobel-van-hoc-2009-phanbook-tang-kem-bookmark-bamboo-books-p249220293.html,Sách - Nhịp Thở Chao Nghiêng - Herta Muller - Nobel Văn Học 2009 - Phanbook - Tặng Kèm Bookmark Bamboo Books,0.0,0,225000,225000,2.0,67994
272246835,hector-malot-khong-gia-dinh-p272246835,https://tiki.vn/hector-malot-khong-gia-dinh-p272246835.html,Hector Malot - Không Gia Đình,0.0,0,130000,130000,,67994
198120066,ngoi-nha-nho-tren-thao-nguyen-tap-8-nam-thang-vang-son-p198120066,https://tiki.vn/ngoi-nha-nho-tren-thao-nguyen-tap-8-nam-thang-vang-son-p198120066.html,Ngôi nhà nhỏ trên thảo nguyên - Tập 8 - Năm tháng vàng son,0.0,0,70000,70000,1.0,67994
199137946,sach-hac-tuan-ma-hoi-ki-cua-mot-chu-ngua-p199137946,https://tiki.vn/sach-hac-tuan-ma-hoi-ki-cua-mot-chu-ngua-p199137946.html,Sách - Hắc Tuấn Mã: Hồi kí của một chú ngựa,0.0,0,66000,66000,1.0,67994
277353805,sach-nhung-nguoi-khon-kho-tron-bo-3-tap-khang-viet-book-p277353805,https://tiki.vn/sach-nhung-nguoi-khon-kho-tron-bo-3-tap-khang-viet-book-p277353805.html,Sách - Những Người Khốn Khổ - Trọn Bộ 3 Tập - Khang Việt Book,0.0,0,423000,423000,,67994
248773776,sach-van-hoc-olivia-kim-dong-p248773776,https://tiki.vn/sach-van-hoc-olivia-kim-dong-p248773776.html,Sách - Văn Học Olivia - Kim Đồng,0.0,0,50000,50000,,67994
207281048,giu-gin-36-pho-phuong-p207281048,https://tiki.vn/giu-gin-36-pho-phuong-p207281048.html,Giữ Gìn 36 Phố Phường,0.0,0,65000,65000,,67994
204622370,tuyen-tap-roald-dahl-vo-chong-lao-twit-p204622370,https://tiki.vn/tuyen-tap-roald-dahl-vo-chong-lao-twit-p204622370.html,Tuyển tập Roald Dahl - Vợ chồng lão Twit,0.0,0,30000,30000,1.0,67994
202233969,combo-2-tac-pham-kinh-dien-khong-gia-dinh-co-gai-duoi-tang-ham-tang-kem-bookmark-bamboo-books-p202233969,https://tiki.vn/combo-2-tac-pham-kinh-dien-khong-gia-dinh-co-gai-duoi-tang-ham-tang-kem-bookmark-bamboo-books-p202233969.html,Combo 2 Tác Phẩm Kinh Điển : Không Gia Đình + Cô Gái Dưới Tầng Hầm (Tặng Kèm Bookmark Bamboo Books),0.0,0,469000,469000,,67994
472239,sach-gulliver-du-ky-pandabooks-p472239,https://tiki.vn/sach-gulliver-du-ky-pandabooks-p472239.html,Sách Gulliver Du Ký (Pandabooks),0.0,0,80000,80000,,67994
11422537,combo-nhung-tam-long-cao-ca-aq-chinh-truyen-p11422537,https://tiki.vn/combo-nhung-tam-long-cao-ca-aq-chinh-truyen-p11422537.html,Combo Những Tấm Lòng Cao Cả + AQ Chính Truyện,0.0,0,190000,190000,1.0,67994
153991105,combo-5-cuon-deluxe-books-bo-sach-sang-trong-tang-kem-tui-dung-p153991105,https://tiki.vn/combo-5-cuon-deluxe-books-bo-sach-sang-trong-tang-kem-tui-dung-p153991105.html,Combo 5 cuốn Deluxe Books: Bộ sách Sang Trọng - Tặng kèm túi đựng,0.0,0,1725000,1725000,,67994
410030,sach-tho-peter-chuyen-bay-gio-moi-ke-cuoc-giai-cuu-ngay-giang-sinh-p410030,https://tiki.vn/sach-tho-peter-chuyen-bay-gio-moi-ke-cuoc-giai-cuu-ngay-giang-sinh-p410030.html,Sách Thỏ Peter Chuyện Bây Giờ Mới Kể - Cuộc Giải Cứu Ngày Giáng Sinh,0.0,0,75000,75000,3.0,67994
273927506,sach-tuyen-tap-nhung-cau-chuyen-hay-nhat-chicken-soup-for-the-soul-bia-cung-song-ngu-ban-quyen-p273927506,https://tiki.vn/sach-tuyen-tap-nhung-cau-chuyen-hay-nhat-chicken-soup-for-the-soul-bia-cung-song-ngu-ban-quyen-p273927506.html,"Sách Tuyển Tập Những Câu Chuyện Hay Nhất Chicken Soup For The Soul (Bìa cứng, Song Ngữ)  - BẢN QUYỀN",0.0,0,138000,138000,,67994
478978,combo-nhung-cau-chuyen-cham-den-trai-tim-tron-bo-4-cuon-p478978,https://tiki.vn/combo-nhung-cau-chuyen-cham-den-trai-tim-tron-bo-4-cuon-p478978.html,Combo Những Câu Chuyện Chạm Đến Trái Tim (Trọn Bộ 4 Cuốn) ,0.0,0,345000,345000,,67994
249534780,hai-van-dam-duoi-day-bien-p249534780,https://tiki.vn/hai-van-dam-duoi-day-bien-p249534780.html,Hai Vạn Dặm Dưới Đáy Biển,0.0,0,102000,102000,,67994
605018,combo-nghin-le-mot-ngay-2-quyen-p605018,https://tiki.vn/combo-nghin-le-mot-ngay-2-quyen-p605018.html,Combo Nghìn Lẻ Một Ngày (2 Quyển),0.0,0,230000,230000,,67994
149811468,dao-giau-vang-p149811468,https://tiki.vn/dao-giau-vang-p149811468.html,Đảo Giấu Vàng,0.0,0,68400,68400,,67994
276957719,deo-shiokari-tre-p276957719,https://tiki.vn/deo-shiokari-tre-p276957719.html,Đèo Shiokari - TRẺ,0.0,0,155000,155000,,67994
196021677,minh-chi-la-nguoi-binh-thuong-muon-trao-di-rat-nhieu-yeu-thuong-kulzsc-bia-mem-p196021677,https://tiki.vn/minh-chi-la-nguoi-binh-thuong-muon-trao-di-rat-nhieu-yeu-thuong-kulzsc-bia-mem-p196021677.html,Mình Chỉ Là Người Bình Thường - Muốn Trao Đi Rất Nhiều Yêu Thương - Kulzsc - Bìa Mềm,0.0,0,138000,138000,,67994
277437112,sach-nguoi-lam-bao-tri-tue-nhan-tao-va-tuong-lai-cua-bao-chi-francesco-marconi-nxb-tre-p277437112,https://tiki.vn/sach-nguoi-lam-bao-tri-tue-nhan-tao-va-tuong-lai-cua-bao-chi-francesco-marconi-nxb-tre-p277437112.html,Sách - Người Làm Báo - Trí Tuệ Nhân Tạo Và Tương Lai Của Báo Chí - Francesco Marconi - NXB Trẻ,0.0,0,95000,95000,2.0,67994
202242307,sach-dam-xanh-ban-thuong-ban-quyen-p202242307,https://tiki.vn/sach-dam-xanh-ban-thuong-ban-quyen-p202242307.html,Sách Dặm xanh (bản thường) - BẢN QUYỀN,0.0,0,289000,289000,1.0,67994
270785815,va-roi-chang-con-ai-muoi-nguoi-da-den-nho-tai-ban-agatha-christie-ban-quyen-p270785815,https://tiki.vn/va-roi-chang-con-ai-muoi-nguoi-da-den-nho-tai-ban-agatha-christie-ban-quyen-p270785815.html,Và Rồi Chẳng Còn Ai ( Mười người da đen nhỏ tái bản) (Agatha Christie) - Bản Quyền,0.0,0,110000,110000,,67994
203841055,sach-dich-hach-nha-nam-p203841055,https://tiki.vn/sach-dich-hach-nha-nam-p203841055.html,Sách - Dịch hạch (Nhã Nam),0.0,0,129000,129000,2.0,67994
257863190,the-outsider-ke-song-trung-stephen-king-p257863190,https://tiki.vn/the-outsider-ke-song-trung-stephen-king-p257863190.html,The Outsider - Kẻ Song Trùng - Stephen King,0.0,0,339000,339000,,67994
209283174,combo-toi-la-thay-tuong-so-tron-bo-3-tap-ban-quyen-p209283174,https://tiki.vn/combo-toi-la-thay-tuong-so-tron-bo-3-tap-ban-quyen-p209283174.html,Combo Tôi là thầy tướng số (Trọn bộ 3 tập) - Bản Quyền,0.0,0,477000,477000,2.0,67994
203110573,sach-tron-mot-kiep-doi-voi-su-an-nhien-skybooks-ban-quyen-p203110573,https://tiki.vn/sach-tron-mot-kiep-doi-voi-su-an-nhien-skybooks-ban-quyen-p203110573.html,Sách  Trọn Một Kiếp Đời Với Sự An Nhiên - Skybooks - BẢN QUYỀN,0.0,0,99000,99000,,67994
275303427,talibe-nhung-dua-tre-duong-pho-ban-quyen-p275303427,https://tiki.vn/talibe-nhung-dua-tre-duong-pho-ban-quyen-p275303427.html,Talibé - những đứa trẻ đường phố - Bản Quyền,0.0,0,219000,219000,,67994
270787126,nhung-chiec-dong-ho-ky-la-agatha-christie-ban-quyen-p270787126,https://tiki.vn/nhung-chiec-dong-ho-ky-la-agatha-christie-ban-quyen-p270787126.html,Những Chiếc Đồng Hồ Kỳ Lạ (Agatha Christie) - Bản Quyền,0.0,0,128000,128000,,67994
276707049,combo-4-cuon-sach-gatsby-vi-dai-dinh-gio-hu-canh-buom-do-tham-hoang-tu-hanh-phuc-tu-sach-song-ngu-anh-viet-p276707049,https://tiki.vn/combo-4-cuon-sach-gatsby-vi-dai-dinh-gio-hu-canh-buom-do-tham-hoang-tu-hanh-phuc-tu-sach-song-ngu-anh-viet-p276707049.html," Combo 4 cuốn sách GatsBy Vĩ Đại, Đỉnh gió hú, Cánh buồm đỏ thắm, Hoàng tử hạnh phúc ''Tủ sách Song Ngữ Anh - Việt''",1.0,1,638000,638000,3.0,67994
274814955,khong-gia-dinh-nhung-ngay-luu-lac-p274814955,https://tiki.vn/khong-gia-dinh-nhung-ngay-luu-lac-p274814955.html,Không gia đình: Những ngày lưu lạc ,2.0,1,68000,55760,3.0,67994
276377720,tieu-thuyet-tieng-anh-the-name-of-the-rose-466031-p276377720,https://tiki.vn/tieu-thuyet-tieng-anh-the-name-of-the-rose-466031-p276377720.html,Tiểu thuyết tiếng Anh - The Name Of The Rose - 466031,0.0,0,519750,519750,1.0,67994
35473821,sach-sherlock-holmes-toan-tap-2-tap-tai-ban-p35473821,https://tiki.vn/sach-sherlock-holmes-toan-tap-2-tap-tai-ban-p35473821.html,Sách Sherlock Holmes Toàn Tập (2 Tập) - Tái Bản,0.0,0,242202,242202,,67994
222638942,sach-lam-sao-hoc-het-duoc-nhan-sinh-p222638942,https://tiki.vn/sach-lam-sao-hoc-het-duoc-nhan-sinh-p222638942.html,Sách - Làm sao học hết được nhân sinh?,0.0,0,169000,169000,1.0,67994
189557398,tro-tan-cua-angela-frank-mccourt-tac-gia-nguoi-thay-tieu-thuyet-doat-giai-pulitzer-1997-p189557398,https://tiki.vn/tro-tan-cua-angela-frank-mccourt-tac-gia-nguoi-thay-tieu-thuyet-doat-giai-pulitzer-1997-p189557398.html,TRO TÀN CỦA ANGELA - FRANK MCCOURT (TÁC GIẢ NGƯỜI THẦY - TIỂU THUYẾT ĐOẠT GIẢI PULITZER 1997),0.0,0,197604,197604,,67994
263563266,nguoi-doc-suy-nghi-cua-ac-quy-p263563266,https://tiki.vn/nguoi-doc-suy-nghi-cua-ac-quy-p263563266.html,Người Đọc Suy Nghĩ Của Ác Quỷ,0.0,0,119000,119000,,67994
216226478,moc-than-nu-hans-christian-andersen-p216226478,https://tiki.vn/moc-than-nu-hans-christian-andersen-p216226478.html,Mộc thần nữ - Hans Christian Andersen,5.0,1,42750,42750,2.0,67994
204009113,sach-dam-dao-voi-khong-tu-p204009113,https://tiki.vn/sach-dam-dao-voi-khong-tu-p204009113.html,Sách Đàm Đạo Với Khổng Tử,0.0,0,81600,81600,,67994
251984668,tra-hoa-nu-tri-viet-p251984668,https://tiki.vn/tra-hoa-nu-tri-viet-p251984668.html,Trà Hoa Nữ ( Trí Việt ),0.0,0,61200,61200,,67994
216933913,truc-thu-ky-nien-p216933913,https://tiki.vn/truc-thu-ky-nien-p216933913.html,Trúc Thư Kỷ Niên,0.0,0,160168,160168,,67994
197203122,sach-mieng-da-lua-p197203122,https://tiki.vn/sach-mieng-da-lua-p197203122.html,Sách Miếng Da Lừa,0.0,0,92650,92650,6.0,67994
272061500,suoi-nguon-tai-ban-2023-p272061500,https://tiki.vn/suoi-nguon-tai-ban-2023-p272061500.html,Suối Nguồn (Tái Bản 2023),0.0,0,380000,380000,,67994
252011541,michelangelo-sau-kiet-tac-cuoc-doi-bia-cung-p252011541,https://tiki.vn/michelangelo-sau-kiet-tac-cuoc-doi-bia-cung-p252011541.html,Michelangelo- Sáu Kiệt Tác Cuộc Đời - Bìa cứng,0.0,0,299000,299000,2.0,67994
279222058,combo-thanh-nu-tinh-nhan-hai-muoi-tu-gio-trong-doi-nguoi-dan-ba-p279222058,https://tiki.vn/combo-thanh-nu-tinh-nhan-hai-muoi-tu-gio-trong-doi-nguoi-dan-ba-p279222058.html,Combo Thánh nữ tình nhân + Hai mươi tu giờ trong đời người đàn bà,0.0,0,424000,360400,,67994
278722930,boxset-the-gioi-cua-tho-peter-hop-23-cuon-p278722930,https://tiki.vn/boxset-the-gioi-cua-tho-peter-hop-23-cuon-p278722930.html,Boxset Thế Giới Của Thỏ Peter (Hộp 23 Cuốn),0.0,0,1200000,1200000,,67994
278877442,winnie-the-pooh-gau-pooh-xinh-xan-mellow-days-of-pooh-s-childhood-tuoi-tho-diu-ngot-cua-gau-pooh-song-ngu-p278877442,https://tiki.vn/winnie-the-pooh-gau-pooh-xinh-xan-mellow-days-of-pooh-s-childhood-tuoi-tho-diu-ngot-cua-gau-pooh-song-ngu-p278877442.html,Winnie The Pooh: Gấu Pooh Xinh Xắn - Mellow Days Of Pooh's Childhood - Tuổi Thơ Dịu Ngọt Của Gấu Pooh (Song Ngữ),0.0,0,88000,88000,,67994
270252803,tay-du-kytap14-that-gia-my-hau-vuong-p270252803,https://tiki.vn/tay-du-kytap14-that-gia-my-hau-vuong-p270252803.html,Tây Du KýTập 14 - Thật Giả Mỹ Hầu Vương,0.0,0,25000,15000,5.0,67994
276030586,dem-thieng-tahar-ben-jelloun-giai-goncourt-1987-p276030586,https://tiki.vn/dem-thieng-tahar-ben-jelloun-giai-goncourt-1987-p276030586.html,Đêm Thiêng - Tahar Ben Jelloun (Giải Goncourt 1987),0.0,0,159000,159000,2.0,67994
209280443,tieu-su-steve-jobs-tai-ban-2020-ban-quyen-p209280443,https://tiki.vn/tieu-su-steve-jobs-tai-ban-2020-ban-quyen-p209280443.html,Tiểu Sử Steve Jobs (Tái Bản 2020) - Bản Quyền,0.0,0,449000,381000,,67994
187622998,nobel-van-chuong-2009-nhip-tho-chao-nghieng-herta-muller-do-phuong-thuy-dich-phanbook-p187622998,https://tiki.vn/nobel-van-chuong-2009-nhip-tho-chao-nghieng-herta-muller-do-phuong-thuy-dich-phanbook-p187622998.html,[Nobel văn chương 2009] NHỊP THỞ CHAO NGHIÊNG – Herta Muller – Đỗ Phương Thùy dịch - Phanbook,5.0,2,225000,225000,10.0,67994
273879659,bo-nao-va-tam-tri-ts-nguyen-ngoc-luong-nxb-tre-p273879659,https://tiki.vn/bo-nao-va-tam-tri-ts-nguyen-ngoc-luong-nxb-tre-p273879659.html,BỘ NÃO VÀ TÂM TRÍ – TS. Nguyễn Ngọc Lương – NXB Trẻ,0.0,0,165000,165000,,67994
273175295,sach-vom-rung-tai-ban-2023-ban-quyen-p273175295,https://tiki.vn/sach-vom-rung-tai-ban-2023-ban-quyen-p273175295.html,Sách Vòm Rừng (Tái Bản 2023) - Bản Quyền,0.0,0,279000,279000,,67994
203084323,the-best-of-chicken-soup-for-the-soul-tuyen-tap-nhung-cau-chuyen-hay-nhat-song-ngu-anh-viet-p203084323,https://tiki.vn/the-best-of-chicken-soup-for-the-soul-tuyen-tap-nhung-cau-chuyen-hay-nhat-song-ngu-anh-viet-p203084323.html,The Best Of Chicken Soup For The Soul - Tuyển Tập Những Câu Chuyện Hay Nhất (Song Ngữ Anh Việt),0.0,0,138000,138000,,67994
203275563,sach-co-mot-ngay-bo-me-se-gia-di-skybooks-ban-quyen-p203275563,https://tiki.vn/sach-co-mot-ngay-bo-me-se-gia-di-skybooks-ban-quyen-p203275563.html,"Sách  Có Một Ngày, Bố Mẹ Sẽ Già Đi - Skybooks - BẢN QUYỀN",0.0,0,96000,96000,,67994
276649171,ky-la-the-day-cuoc-doi-nay-daniil-granin-p276649171,https://tiki.vn/ky-la-the-day-cuoc-doi-nay-daniil-granin-p276649171.html,Kỳ Lạ Thế Đấy Cuộc Đời Này - Daniil Granin,0.0,0,98000,98000,5.0,67994
272351871,ao-quan-dong-nap-agatha-christie-ban-quyen-p272351871,https://tiki.vn/ao-quan-dong-nap-agatha-christie-ban-quyen-p272351871.html,Áo Quan Đóng Nắp (Agatha Christie) - Bản Quyền,0.0,0,170000,170000,,67994
202475535,sach-oxford-thuong-yeu-p202475535,https://tiki.vn/sach-oxford-thuong-yeu-p202475535.html,Sách- Dương Thụy - Oxford Thương Yêu - NXB Trẻ,0.0,0,120000,120000,,67994
277437085,sach-mon-viet-la-nha-ann-lee-nxb-tre-p277437085,https://tiki.vn/sach-mon-viet-la-nha-ann-lee-nxb-tre-p277437085.html,Sách - Món Việt Là Nhà - Ann Lee - NXB Trẻ,5.0,1,138000,138000,2.0,67994
242443723,mot-thoang-ta-ruc-ro-o-nhan-gian-on-earth-we-re-briefly-gorgeous-ocean-vuong-p242443723,https://tiki.vn/mot-thoang-ta-ruc-ro-o-nhan-gian-on-earth-we-re-briefly-gorgeous-ocean-vuong-p242443723.html,Một thoáng ta rực rỡ ở nhân gian (On earth we're briefly gorgeous - Ocean Vuong),0.0,0,135000,135000,,67994
137127638,dat-mau-sicily-p137127638,https://tiki.vn/dat-mau-sicily-p137127638.html,Đất Máu Sicily,0.0,0,120000,120000,1.0,67994
242101977,sach-an-mang-muoi-mot-chu-p242101977,https://tiki.vn/sach-an-mang-muoi-mot-chu-p242101977.html,Sách - Án mạng mười một chữ - Nhã nam,0.0,0,110000,110000,,67994
249390175,cuoc-phieu-luu-cua-thuyen-truong-corcoran-p249390175,https://tiki.vn/cuoc-phieu-luu-cua-thuyen-truong-corcoran-p249390175.html,Cuộc Phiêu Lưu Của Thuyền Trưởng Corcoran,0.0,0,219000,219000,,67994
147564432,su-tich-cac-loai-vat-p147564432,https://tiki.vn/su-tich-cac-loai-vat-p147564432.html,Sự Tích Các Loài Vật,0.0,0,70000,61600,,67994
194198642,tu-tri-thong-giam-tap-1-p194198642,https://tiki.vn/tu-tri-thong-giam-tap-1-p194198642.html,Tư Trị Thông Giám (Tập 1),4.6,11,269000,242100,61.0,67994
275249111,tuc-ca-le-p275249111,https://tiki.vn/tuc-ca-le-p275249111.html,Tục - Ca - Lệ,5.0,1,45000,45000,3.0,67994
203841197,sach-chu-be-mang-pyjama-soc-p203841197,https://tiki.vn/sach-chu-be-mang-pyjama-soc-p203841197.html,Sách - Chú bé mang pyjama sọc,0.0,0,75000,75000,1.0,67994
222638949,sach-hoa-van-no-moi-ngay-p222638949,https://tiki.vn/sach-hoa-van-no-moi-ngay-p222638949.html,Sách Hoa vẫn nở mỗi ngày,0.0,0,227000,227000,,67994
273534855,tac-pham-chon-loc-van-hoc-phap-ngu-ngon-la-fontaine-p273534855,https://tiki.vn/tac-pham-chon-loc-van-hoc-phap-ngu-ngon-la-fontaine-p273534855.html,Tác Phẩm Chọn Lọc - Văn Học Pháp - Ngụ Ngôn La Fontaine,0.0,0,67500,67500,3.0,67994
143144349,sach-tranh-van-gogh-mua-de-dot-p143144349,https://tiki.vn/sach-tranh-van-gogh-mua-de-dot-p143144349.html,Sách-Tranh Van Gogh mua để đốt,0.0,0,100000,100000,,67994
273953689,sach-tuyen-tap-dino-buzzati-1-p273953689,https://tiki.vn/sach-tuyen-tap-dino-buzzati-1-p273953689.html,Sách Tuyển tập Dino Buzzati 1,0.0,0,282000,282000,,67994
73496438,combo-2-cuon-nhung-thuyen-truong-can-dam-nhung-cuoc-phieu-luu-cua-tom-sawyer-p73496438,https://tiki.vn/combo-2-cuon-nhung-thuyen-truong-can-dam-nhung-cuoc-phieu-luu-cua-tom-sawyer-p73496438.html,Combo 2 cuốn: Những Thuyền Trưởng Can Đảm + Những Cuộc Phiêu Lưu Của Tom Sawyer,0.0,0,150500,150500,3.0,67994
275502294,boxset-30-cuon-kho-nho-bo-tui-7-tap-tron-bo-harry-potter-j-k-rowling-nxb-tre-p275502294,https://tiki.vn/boxset-30-cuon-kho-nho-bo-tui-7-tap-tron-bo-harry-potter-j-k-rowling-nxb-tre-p275502294.html,Boxset 30 cuốn khổ nhỏ bỏ túi (7 tập trọn bộ) HARRY POTTER - J.K. Rowling - NXB Trẻ,0.0,0,1665000,1665000,,67994
213961017,sach-shosha-isaac-bashevis-singer-nobel-van-hoc-1978-nha-nam-p213961017,https://tiki.vn/sach-shosha-isaac-bashevis-singer-nobel-van-hoc-1978-nha-nam-p213961017.html,Sách - Shosha - Isaac Bashevis Singer - Nobel Văn Học 1978 - Nhã Nam,3.0,2,168000,168000,7.0,67994
278063688,sach-combo-2-cuon-cay-brooklyn-xanh-biec-ba-dua-tre-va-nguoi-thu-thu-tot-bung-p278063688,https://tiki.vn/sach-combo-2-cuon-cay-brooklyn-xanh-biec-ba-dua-tre-va-nguoi-thu-thu-tot-bung-p278063688.html,Sách - Combo 2 cuốn: Cây Brooklyn Xanh Biếc + Ba Đứa Trẻ Và Người Thủ Thư Tốt Bụng,0.0,0,498000,373500,11.0,67994
278246125,sach-nhung-dom-lua-trong-dem-p278246125,https://tiki.vn/sach-nhung-dom-lua-trong-dem-p278246125.html,Sách - Những Đốm Lửa Trong Đêm,0.0,0,189000,141750,2.0,67994
279076473,ngua-bon-yukio-mishima-nam-tu-dich-p279076473,https://tiki.vn/ngua-bon-yukio-mishima-nam-tu-dich-p279076473.html,Ngựa Bon - Yukio Mishima (Nam Tử dịch),0.0,0,377000,377000,,67994
274815058,khong-gia-dinh-cuoc-song-muu-sinh-p274815058,https://tiki.vn/khong-gia-dinh-cuoc-song-muu-sinh-p274815058.html,Không gia đình: Cuộc sống mưu sinh,0.0,0,68000,55760,2.0,67994
437679,truyen-co-andersen-kim-dong-p437679,https://tiki.vn/truyen-co-andersen-kim-dong-p437679.html,Truyện Cổ Andersen (Kim Đồng),4.8,5,165500,165500,38.0,67994
84738667,sherlock-holmes-toan-tap-tap-1-bia-mem-2021-p84738667,https://tiki.vn/sherlock-holmes-toan-tap-tap-1-bia-mem-2021-p84738667.html,Sherlock Holmes Toàn Tập - Tập 1 (Bìa Mềm) - 2021,0.0,0,89500,89500,,67994
534756,sach-tam-quoc-dien-nghia-tron-bo-2-tap-bia-cung-p534756,https://tiki.vn/sach-tam-quoc-dien-nghia-tron-bo-2-tap-bia-cung-p534756.html,Sách Tam Quốc Diễn Nghĩa (Trọn Bộ 2 Tập) - Bìa Cứng,0.0,0,301650,301650,1.0,67994
158741259,sach-tieng-goi-noi-hoang-da-bia-cung-tai-ban-p158741259,https://tiki.vn/sach-tieng-goi-noi-hoang-da-bia-cung-tai-ban-p158741259.html,Sách Tiếng Gọi Nơi Hoang Dã (Bìa Cứng)(Tái Bản),0.0,0,89991,89991,7.0,67994
196349718,combo-2-cuon-van-hoc-kinh-dien-cua-tac-gia-nu-doi-gio-hu-tai-ban-tup-leu-bac-tom-p196349718,https://tiki.vn/combo-2-cuon-van-hoc-kinh-dien-cua-tac-gia-nu-doi-gio-hu-tai-ban-tup-leu-bac-tom-p196349718.html,Combo 2 Cuốn Văn Học Kinh Điển Của Tác Giả Nữ: Đồi Gió Hú (Tái Bản) + Túp Lều Bác Tom,0.0,0,205500,205500,,67994
1387565,sach-nhung-cuoc-phieu-luu-cua-huckleberry-finn-p1387565,https://tiki.vn/sach-nhung-cuoc-phieu-luu-cua-huckleberry-finn-p1387565.html,Sách Những Cuộc Phiêu Lưu Của Huckleberry Finn,4.0,1,108000,108000,14.0,67994
275308458,sach-nhan-vat-ha-cap-tomozaki-tap-7-p275308458,https://tiki.vn/sach-nhan-vat-ha-cap-tomozaki-tap-7-p275308458.html,Sách Nhân Vật Hạ Cấp Tomozaki - Tập 7,0.0,0,111000,94350,2.0,67994
275208530,hai-kinh-thanh-tac-gia-charles-dickens-tao-dan-xuat-ban-p275208530,https://tiki.vn/hai-kinh-thanh-tac-gia-charles-dickens-tao-dan-xuat-ban-p275208530.html,Hai Kinh Thành (TB 2024) - tác giả Charles Dickens - Tao Đàn xuất bản,0.0,0,253935,253935,,67994
270252755,tay-du-ky-tap-13-lac-vao-nu-quoc-p270252755,https://tiki.vn/tay-du-ky-tap-13-lac-vao-nu-quoc-p270252755.html,Tây Du Ký Tập 13 - Lạc Vào Nữ Quốc,0.0,0,25000,15000,5.0,67994
276412131,sau-khi-thoa-thuan-ket-hon-cung-anh-de-tap-1-p276412131,https://tiki.vn/sau-khi-thoa-thuan-ket-hon-cung-anh-de-tap-1-p276412131.html,Sau Khi Thỏa Thuận Kết Hôn Cùng Ảnh Đế - Tập 1,0.0,0,246000,233700,,67994
278248006,trang-lang-du-p278248006,https://tiki.vn/trang-lang-du-p278248006.html,Trăng Lãng Du,0.0,0,180000,171000,,67994
174829996,cau-chuyen-nghe-thuat-p174829996,https://tiki.vn/cau-chuyen-nghe-thuat-p174829996.html,Câu Chuyện Nghệ Thuật,0.0,0,250000,250000,3.0,67994
277256181,tieu-thuyet-tieng-phap-les-miserables-p277256181,https://tiki.vn/tieu-thuyet-tieng-phap-les-miserables-p277256181.html,Tiểu thuyết tiếng Pháp LES MISERABLES,0.0,0,416000,416000,1.0,67994
276674236,thoi-tho-au-song-ngu-viet-anh-p276674236,https://tiki.vn/thoi-tho-au-song-ngu-viet-anh-p276674236.html,Thời Thơ Ấu (Song ngữ Việt-Anh),0.0,0,109000,103550,,67994
277392838,mat-rong-p277392838,https://tiki.vn/mat-rong-p277392838.html,Mắt Rỗng,0.0,0,140000,133000,,67994
278247966,bai-ca-ve-bong-hoa-mau-lua-p278247966,https://tiki.vn/bai-ca-ve-bong-hoa-mau-lua-p278247966.html,Bài Ca Về Bông Hoa Màu Lửa,0.0,0,132000,125400,,67994
275607132,thi-the-trong-thu-vien-p275607132,https://tiki.vn/thi-the-trong-thu-vien-p275607132.html,Thi Thể Trong Thư Viện,0.0,0,110000,104500,,67994
276273874,peter-pan-song-ngu-viet-anh-p276273874,https://tiki.vn/peter-pan-song-ngu-viet-anh-p276273874.html,Peter Pan (Song ngữ Việt-Anh),0.0,0,99000,94050,1.0,67994
68833624,combo-sach-kinh-dien-cong-hoa-quan-vuong-thuat-cai-tri-p68833624,https://tiki.vn/combo-sach-kinh-dien-cong-hoa-quan-vuong-thuat-cai-tri-p68833624.html,Combo Sách Kinh Điển : Cộng Hòa + Quân Vương – Thuật Cai Trị,5.0,2,408000,346000,16.0,67994
273713541,new-york-times-bestseller-tam-tri-chua-lanh-co-the-nhu-the-nao-nhung-bang-chung-tu-y-hoc-tam-the-ban-quyen-p273713541,https://tiki.vn/new-york-times-bestseller-tam-tri-chua-lanh-co-the-nhu-the-nao-nhung-bang-chung-tu-y-hoc-tam-the-ban-quyen-p273713541.html,New York Times Bestseller: Tâm Trí Chữa Lành Cơ Thể Như Thế Nào?: Những Bằng Chứng Từ Y Học Tâm Thể - Bản Quyền,0.0,0,239000,203000,,67994
201088285,tu-sach-doi-nguoi-khong-gia-dinh-p201088285,https://tiki.vn/tu-sach-doi-nguoi-khong-gia-dinh-p201088285.html,Tủ Sách Đời Người: Không Gia Đình,0.0,0,319000,271000,,67994
276273872,nanh-trang-song-ngu-viet-anh-p276273872,https://tiki.vn/nanh-trang-song-ngu-viet-anh-p276273872.html,Nanh Trắng (Song ngữ Việt-Anh),0.0,0,89000,84550,3.0,67994
279369134,sach-doi-gio-hu-p279369134,https://tiki.vn/sach-doi-gio-hu-p279369134.html,Sách - Đồi Gió Hú,0.0,0,139000,108400,,67994
495507,sach-gulliver-du-ky-p495507,https://tiki.vn/sach-gulliver-du-ky-p495507.html,Sách Gulliver Du Ký,0.0,0,70250,70250,,67994
279058498,sach-lao-boc-hania-selim-mirza-an-ban-gioi-han-bia-cung-p279058498,https://tiki.vn/sach-lao-boc-hania-selim-mirza-an-ban-gioi-han-bia-cung-p279058498.html,Sách - Lão Bộc - Hania - Selim Mirza - Ấn Bản Giới Hạn - Bìa Cứng,0.0,0,900000,900000,1.0,67994
278147215,sach-van-hoc-kinh-dien-le-thoi-thi-thanh-p278147215,https://tiki.vn/sach-van-hoc-kinh-dien-le-thoi-thi-thanh-p278147215.html,Sách - Văn Học Kinh Điển - Lề Thói Thị Thành,0.0,0,205000,188600,,67994
263627951,den-khong-hat-bong-tai-ban-nam-2020-p263627951,https://tiki.vn/den-khong-hat-bong-tai-ban-nam-2020-p263627951.html,Đèn Không Hắt Bóng (Tái bản năm 2020),5.0,1,198000,118800,12.0,67994
277810456,tam-the-phan-1-tai-ban-nam-2021-p277810456,https://tiki.vn/tam-the-phan-1-tai-ban-nam-2021-p277810456.html,Tam Thể - Phần 1 (Tái bản năm 2021),0.0,0,150000,142500,,67994
262904872,faust-goethe-van-hoc-kinh-dien-duc-cua-johann-wolfgang-von-goethe-quang-chien-dich-p262904872,https://tiki.vn/faust-goethe-van-hoc-kinh-dien-duc-cua-johann-wolfgang-von-goethe-quang-chien-dich-p262904872.html,FAUST - GOETHE - Văn học kinh điển Đức của JOHANN WOLFGANG VON GOETHE - Quang Chiến dịch,0.0,0,198000,198000,,67994
242411262,than-thoai-sisyphus-tai-ban-2022-p242411262,https://tiki.vn/than-thoai-sisyphus-tai-ban-2022-p242411262.html,Thần Thoại Sisyphus (Tái Bản 2022),5.0,2,95000,88300,13.0,67994
147085193,bi-vo-p147085193,https://tiki.vn/bi-vo-p147085193.html,Bỉ Vỏ,5.0,1,320000,320000,3.0,67994
529695,sach-trong-gia-dinh-khang-viet-p529695,https://tiki.vn/sach-trong-gia-dinh-khang-viet-p529695.html,Sách Trong Gia Đình (Khang Việt),4.8,51,79000,79000,222.0,67994
276799049,sach-anne-toc-do-o-dao-hoang-tu-edward-tb-2024-nha-nam-hcm-p276799049,https://tiki.vn/sach-anne-toc-do-o-dao-hoang-tu-edward-tb-2024-nha-nam-hcm-p276799049.html,Sách - Anne tóc đỏ ở đảo hoàng tử Edward (TB 2024) (Nhã Nam HCM),0.0,0,120000,108000,1.0,67994
272898269,sach-doi-gio-hu-emily-bronte-nn-mk-p272898269,https://tiki.vn/sach-doi-gio-hu-emily-bronte-nn-mk-p272898269.html,Sách - Đồi Gió Hú (Emily Bronte)-NN-MK,0.0,0,108000,108000,,67994
275741635,gia-dinh-robinson-thuy-sy-bia-vai-p275741635,https://tiki.vn/gia-dinh-robinson-thuy-sy-bia-vai-p275741635.html,Gia đình Robinson Thụy Sỹ (bìa vải),0.0,0,350000,350000,,67994
253300460,sach-re-troi-ba-n-quye-n-p253300460,https://tiki.vn/sach-re-troi-ba-n-quye-n-p253300460.html,Sách Rễ Trời -  Bản Quyền,0.0,0,180000,180000,,67994
115444673,anna-karenina-tap-2-p115444673,https://tiki.vn/anna-karenina-tap-2-p115444673.html,Anna Karenina (Tập 2),0.0,0,165000,165000,,67994
275925235,mat-trang-va-dong-xu-w-somerset-maugham-nguyen-viet-long-dich-bia-mem-p275925235,https://tiki.vn/mat-trang-va-dong-xu-w-somerset-maugham-nguyen-viet-long-dich-bia-mem-p275925235.html,MẶT TRĂNG VÀ ĐỒNG XU - W. Somerset Maugham - Nguyễn Việt Long dịch (bìa mềm),0.0,0,126000,126000,,67994
200727240,bach-khoa-toan-thu-ve-nhung-dieu-binh-di-p200727240,https://tiki.vn/bach-khoa-toan-thu-ve-nhung-dieu-binh-di-p200727240.html,Bách Khoa Toàn Thư Về Những Điều Bình Dị,0.0,0,151985,151985,,67994
474774,sach-lu-tre-duong-tau-tai-ban-2016-p474774,https://tiki.vn/sach-lu-tre-duong-tau-tai-ban-2016-p474774.html,Sách Lũ Trẻ Đường Tàu (Tái Bản 2016),0.0,0,85000,85000,2.0,67994
58751179,sach-ong-gia-va-bien-ca-va-hanh-phuc-ngan-ngui-cua-francis-macomber-tai-ban-2020-p58751179,https://tiki.vn/sach-ong-gia-va-bien-ca-va-hanh-phuc-ngan-ngui-cua-francis-macomber-tai-ban-2020-p58751179.html,Sách Ông Già Và Biển Cả Và Hạnh Phúc Ngắn Ngủi Của Francis Macomber (Tái Bản 2020),5.0,11,45000,41400,32.0,67994
193007881,sau-nguoi-di-khap-the-gian-tap-2-p193007881,https://tiki.vn/sau-nguoi-di-khap-the-gian-tap-2-p193007881.html,Sáu người đi khắp thế gian - Tập 2,0.0,0,150000,150000,,67994
253262354,tai-xuat-giang-ho-ba-n-quye-n-p253262354,https://tiki.vn/tai-xuat-giang-ho-ba-n-quye-n-p253262354.html,Tái xuất giang hồ -  Bản Quyền,0.0,0,99000,99000,,67994
199034750,combo-2-cuon-sach-song-dong-em-dem-tron-bo-2-tap-tai-ban-p199034750,https://tiki.vn/combo-2-cuon-sach-song-dong-em-dem-tron-bo-2-tap-tai-ban-p199034750.html,Combo 2 Cuốn sách: Sông Đông Êm Đềm (Trọn Bộ 2 Tập)(Tái Bản),0.0,0,550000,550000,,67994
277398902,sach-doi-thoai-voi-thuong-de-tb-2025-nha-nam-hcm-p277398902,https://tiki.vn/sach-doi-thoai-voi-thuong-de-tb-2025-nha-nam-hcm-p277398902.html,Đối thoại với thượng đế (TB 2025) (Nhã Nam HCM),0.0,0,128000,115200,4.0,67994
277388712,sach-lincoln-o-coi-trung-am-nha-nam-hcm-p277388712,https://tiki.vn/sach-lincoln-o-coi-trung-am-nha-nam-hcm-p277388712.html,Sách - Lincoln ở cõi trung ấm (Nhã Nam HCM),0.0,0,150000,135000,1.0,67994
194859093,dai-gia-gatsby-p194859093,https://tiki.vn/dai-gia-gatsby-p194859093.html,Đại Gia Gatsby,0.0,0,86000,86000,2.0,67994
117791514,sach-em-chi-noi-nhung-dieu-ho-muon-nha-nam-hcm-p117791514,https://tiki.vn/sach-em-chi-noi-nhung-dieu-ho-muon-nha-nam-hcm-p117791514.html,Sách - Em chỉ nói những điều họ muốn ,0.0,0,107000,107000,,67994
249208040,sach-truong-thanh-sau-ngan-lan-tranh-dau-nha-nam-ban-quyen-p249208040,https://tiki.vn/sach-truong-thanh-sau-ngan-lan-tranh-dau-nha-nam-ban-quyen-p249208040.html,Sách Trưởng Thành Sau Ngàn Lần Tranh Đấu - Nhã Nam - BẢN QUYỀN,0.0,0,95000,95000,2.0,67994
17371066,sach-nhung-ngoi-sao-eger-bia-cung-p17371066,https://tiki.vn/sach-nhung-ngoi-sao-eger-bia-cung-p17371066.html,Sách Những Ngôi Sao Eger (Bìa Cứng),0.0,0,260000,260000,,67994
252591790,hai-so-phan-tai-ban-2023-p252591790,https://tiki.vn/hai-so-phan-tai-ban-2023-p252591790.html,Hai Số Phận (Tái Bản 2023),0.0,0,229000,229000,1.0,67994
189657819,combo-2-cuon-chuyen-the-thanh-phim-xu-cat-kieu-hanh-va-dinh-kien-p189657819,https://tiki.vn/combo-2-cuon-chuyen-the-thanh-phim-xu-cat-kieu-hanh-va-dinh-kien-p189657819.html,Combo 2 cuốn Chuyển Thể Thành Phim: Xứ Cát + Kiêu Hãnh Và Định Kiến,0.0,0,339500,339500,,67994
520318,cha-con-giao-hoang-mario-puzo-p520318,https://tiki.vn/cha-con-giao-hoang-mario-puzo-p520318.html,Cha Con Giáo Hoàng (Mario Puzo),0.0,0,135000,135000,1.0,67994
273826603,khong-gia-dinh-cuon-sach-ve-tinh-cam-gia-dinh-hay-p273826603,https://tiki.vn/khong-gia-dinh-cuon-sach-ve-tinh-cam-gia-dinh-hay-p273826603.html,Không Gia Đình- Cuốn Sách Về Tình Cảm Gia Đình Hay,0.0,0,180000,180000,1.0,67994
271652232,sach-klara-va-mat-troi-kazuo-ishiguro-nobel-van-hoc-2017-nha-nam-p271652232,https://tiki.vn/sach-klara-va-mat-troi-kazuo-ishiguro-nobel-van-hoc-2017-nha-nam-p271652232.html,Sách - Klara Và Mặt Trời - Kazuo Ishiguro - Nobel Văn Học 2017 - Nhã Nam,0.0,0,177000,177000,,67994
117791518,sach-su-cuu-cuoc-cua-mot-sat-thu-kinh-te-nha-nam-hcm-p117791518,https://tiki.vn/sach-su-cuu-cuoc-cua-mot-sat-thu-kinh-te-nha-nam-hcm-p117791518.html,Sách Hay Nhã Nam- Sự Cứu Chuộc Của Một Sát Thủ Kinh Tế ( John Perkins ),0.0,0,155000,155000,4.0,67994
367362,sach-hoang-tu-be-ky-niem-70-nam-p367362,https://tiki.vn/sach-hoang-tu-be-ky-niem-70-nam-p367362.html,Sách Hoàng Tử Bé (Kỷ Niệm 70 Năm),0.0,0,75000,75000,,67994
270503595,nhung-nguoi-thich-dua-aziz-nesin-ban-quyen-p270503595,https://tiki.vn/nhung-nguoi-thich-dua-aziz-nesin-ban-quyen-p270503595.html,Những người thích đùa (Aziz Nesin) - Bản Quyền,0.0,0,75000,75000,,67994
273586658,khong-gia-dinh-cuon-sach-hay-cua-van-hao-phap-hector-malot-p273586658,https://tiki.vn/khong-gia-dinh-cuon-sach-hay-cua-van-hao-phap-hector-malot-p273586658.html,Không Gia Đình-Cuốn Sách Hay Của Văn Hào Pháp Hector Malot,0.0,0,166500,166500,,67994
250369222,tham-tu-hoang-da-p250369222,https://tiki.vn/tham-tu-hoang-da-p250369222.html,Thám Tử Hoang Dã,0.0,0,380000,380000,,67994
272899513,sach-o-quan-ca-phe-cua-tuoi-tre-lac-loi-nha-nam-official-p272899513,https://tiki.vn/sach-o-quan-ca-phe-cua-tuoi-tre-lac-loi-nha-nam-official-p272899513.html,Sách - Ở quán cà phê của tuổi trẻ lạc lối - Nhã Nam Official,0.0,0,69000,69000,,67994
275279825,cuon-sach-van-hoc-nuoc-ngoai-jane-eyre-p275279825,https://tiki.vn/cuon-sach-van-hoc-nuoc-ngoai-jane-eyre-p275279825.html,Cuốn Sách Văn Học Nước Ngoài: Jane Eyre,0.0,0,202500,202500,,67994
249257278,sach-ta-bat-dau-cuoc-doi-moi-khi-nhan-ra-minh-chi-song-mot-lan-nha-nam-ban-quyen-p249257278,https://tiki.vn/sach-ta-bat-dau-cuoc-doi-moi-khi-nhan-ra-minh-chi-song-mot-lan-nha-nam-ban-quyen-p249257278.html,"Sách Ta bắt đầu cuộc đời mới, khi nhận ra mình chỉ sống một lần - Nhã Nam - BẢN QUYỀN",0.0,0,106000,106000,,67994
252601640,hanh-trinh-tham-hiem-dong-duong-p252601640,https://tiki.vn/hanh-trinh-tham-hiem-dong-duong-p252601640.html,Hành trình thám hiểm Đông Dương,0.0,0,790000,790000,1.0,67994
272939836,sach-ong-gia-khottabych-p272939836,https://tiki.vn/sach-ong-gia-khottabych-p272939836.html,Sách - Ông già Khottabych,0.0,0,108000,108000,,67994
277608436,sach-doi-mat-cua-mona-nha-nam-hcm-p277608436,https://tiki.vn/sach-doi-mat-cua-mona-nha-nam-hcm-p277608436.html,Sách - Đôi mắt của Mona (Nhã Nam HCM),5.0,1,338000,304200,12.0,67994
207503113,thanh-guom-do-du-p207503113,https://tiki.vn/thanh-guom-do-du-p207503113.html,Thanh Gươm Do Dự,0.0,0,199000,199000,,67994
277272104,sach-hanh-trinh-cua-cilka-phan-tiep-theo-cua-tho-xam-o-auschwitz-nha-nam-hcm-p277272104,https://tiki.vn/sach-hanh-trinh-cua-cilka-phan-tiep-theo-cua-tho-xam-o-auschwitz-nha-nam-hcm-p277272104.html,Sách - Hành trình của Cilka (Phần tiếp theo của Thợ xăm ở Auschwitz) (Nhã Nam HCM),0.0,0,200000,200000,,67994
348626,sach-lu-tre-duong-tau-tai-ban-2012-p348626,https://tiki.vn/sach-lu-tre-duong-tau-tai-ban-2012-p348626.html,Sách Lũ Trẻ Đường Tàu (Tái Bản 2012),0.0,0,85000,85000,2.0,67994
146274029,kieu-hanh-va-dinh-kien-tai-ban-2021-p146274029,https://tiki.vn/kieu-hanh-va-dinh-kien-tai-ban-2021-p146274029.html,Kiêu Hãnh Và Định Kiến (Tái Bản 2021),0.0,0,116000,116000,,67994
272200201,sach-doi-tho-richard-adams-tb-2023-nha-nam-official-p272200201,https://tiki.vn/sach-doi-tho-richard-adams-tb-2023-nha-nam-official-p272200201.html,Sách - Đồi thỏ (Richard Adams) (TB 2023) - Nhã Nam Official,0.0,0,169000,152100,14.0,67994
261965469,truyen-ma-m-r-james-mot-the-gioi-ma-mi-am-anh-cua-m-r-james-cha-de-cua-the-loai-truyen-ma-hien-dai-p261965469,https://tiki.vn/truyen-ma-m-r-james-mot-the-gioi-ma-mi-am-anh-cua-m-r-james-cha-de-cua-the-loai-truyen-ma-hien-dai-p261965469.html,"Truyện Ma (M.R.James) - Một Thế Giới Ma Mị Ám Ảnh Của M. R. James, Cha Đẻ Của Thể Loại Truyện Ma Hiện Đại",0.0,0,147000,147000,,67994
274025275,mat-troi-va-thep-yukio-mishima-ta-thanh-tan-dich-nha-nam-nxb-hoi-nha-van-p274025275,https://tiki.vn/mat-troi-va-thep-yukio-mishima-ta-thanh-tan-dich-nha-nam-nxb-hoi-nha-van-p274025275.html,MẶT TRỜI VÀ THÉP – Yukio Mishima - Tạ Thành Tấn dịch – Nhã Nam - NXB Hội nhà văn ,0.0,0,99000,99000,3.0,67994
273094944,bia-mem-co-minh-hoa-5-tap-co-hop-nhung-nguoi-khon-kho-victor-hugo-huynh-ly-vu-dinh-lien-le-tri-vien-do-duc-hieu-dich-dong-a-nxb-van-hoc-p273094944,https://tiki.vn/bia-mem-co-minh-hoa-5-tap-co-hop-nhung-nguoi-khon-kho-victor-hugo-huynh-ly-vu-dinh-lien-le-tri-vien-do-duc-hieu-dich-dong-a-nxb-van-hoc-p273094944.html,"(Bìa mềm có minh hoạ, 5 tập, có hộp) NHỮNG NGƯỜI KHỐN KHỔ - Victor Hugo -Huỳnh Lý, Vũ Đình Liên, Lê Trí Viễn, Đỗ Đức Hiểu dịch – Đông A - NXB Văn Học",5.0,1,585000,585000,2.0,67994
275890850,khong-gia-dinh-tap-2-song-ngu-viet-anh-p275890850,https://tiki.vn/khong-gia-dinh-tap-2-song-ngu-viet-anh-p275890850.html,Không Gia Đình - Tập 2 (Song ngữ Việt-Anh),0.0,0,89000,84550,6.0,67994
200726995,tro-ve-voi-soi-p200726995,https://tiki.vn/tro-ve-voi-soi-p200726995.html,Trở Về Với Sói,0.0,0,148720,148720,1.0,67994
276975489,sach-franny-va-zooey-nha-nam-hcm-p276975489,https://tiki.vn/sach-franny-va-zooey-nha-nam-hcm-p276975489.html,Sách - Franny Và Zooey (Nhã Nam HCM),0.0,0,118000,106200,,67994
278230319,trong-gia-dinh-bia-mem-p278230319,https://tiki.vn/trong-gia-dinh-bia-mem-p278230319.html,Trong gia đình (Bìa mềm),0.0,0,120000,114000,2.0,67994
272134429,sach-451-do-f-ray-bradbury-bia-cung-nha-nam-official-p272134429,https://tiki.vn/sach-451-do-f-ray-bradbury-bia-cung-nha-nam-official-p272134429.html,Sách - 451 độ F (Ray Bradbury) (Bìa cứng) - Nhã Nam Official,0.0,0,120000,120000,5.0,67994
35281379,cha-con-giao-hoang-mario-puzo-tang-kem-so-tay-p35281379,https://tiki.vn/cha-con-giao-hoang-mario-puzo-tang-kem-so-tay-p35281379.html,Cha Con Giáo Hoàng - Mario Puzo ( Tặng Kèm Sổ Tay ),0.0,0,135000,135000,1.0,67994
272358713,sach-series-tac-gia-kazuo-ishiguro-cap-nhat-nha-nam-official-p272358713,https://tiki.vn/sach-series-tac-gia-kazuo-ishiguro-cap-nhat-nha-nam-official-p272358713.html,Sách - Series tác giả Kazuo Ishiguro (cập nhật) - Nhã Nam Official,0.0,0,169000,152100,1.0,67994
202634474,den-doan-dau-dai-free-book-care-va-kem-so-tay-xuong-rong-p202634474,https://tiki.vn/den-doan-dau-dai-free-book-care-va-kem-so-tay-xuong-rong-p202634474.html,Đến Đoạn Đầu Đài ( Free book care và kèm sổ tay xương rồng ),0.0,0,269000,269000,,67994
35291496,dat-mau-sicily-mario-puzo-tang-kem-so-tay-p35291496,https://tiki.vn/dat-mau-sicily-mario-puzo-tang-kem-so-tay-p35291496.html,Đất Máu Sicily - Mario Puzo ( Tặng Kèm Sổ Tay ),0.0,0,120000,120000,1.0,67994
263983047,sach-nha-nam-chua-ruoi-tieu-thuyet-nobel-van-chuong-1983-p263983047,https://tiki.vn/sach-nha-nam-chua-ruoi-tieu-thuyet-nobel-van-chuong-1983-p263983047.html,Sách Nhã Nam - Chúa Ruồi - Tiểu Thuyết (Nobel Văn Chương 1983),0.0,0,88000,88000,,67994
279337079,sach-canh-buom-do-tham-scarlet-sails-song-ngu-viet-anh-p279337079,https://tiki.vn/sach-canh-buom-do-tham-scarlet-sails-song-ngu-viet-anh-p279337079.html,Sách - Cánh Buồm Đỏ Thắm - Scarlet Sails - Song Ngữ Việt-Anh,0.0,0,65000,48700,,67994
279027123,sach-de-profundis-bai-ballad-ve-nha-nguc-reading-oscar-wilde-nha-nam-official-p279027123,https://tiki.vn/sach-de-profundis-bai-ballad-ve-nha-nguc-reading-oscar-wilde-nha-nam-official-p279027123.html,Sách - De Profundis & bài ballad về nhà ngục Reading (Oscar Wilde) (Nhã Nam Official),0.0,0,110000,99000,26.0,67994
278429523,sach-combo-nguoi-dua-dieu-ngan-mat-troi-ruc-ro-va-roi-nui-vong-nha-nam-hcm-p278429523,https://tiki.vn/sach-combo-nguoi-dua-dieu-ngan-mat-troi-ruc-ro-va-roi-nui-vong-nha-nam-hcm-p278429523.html,Sách - Combo Người đua diều - Ngàn mặt trời rực rỡ - Và rồi núi vọng (Nhã Nam HCM),0.0,0,495000,430650,1.0,67994
275056928,sach-bach-da-hanh-tb-2021-higashino-keigo-nha-nam-official-p275056928,https://tiki.vn/sach-bach-da-hanh-tb-2021-higashino-keigo-nha-nam-official-p275056928.html,Sách - Bạch dạ hành (TB 2021) (Higashino Keigo) - Nhã Nam Official,0.0,0,280000,280000,4.0,67994
272889517,sach-pandabooks-combo-2-cuon-tren-sa-mac-va-trong-rung-tham-canh-buom-do-tham-p272889517,https://tiki.vn/sach-pandabooks-combo-2-cuon-tren-sa-mac-va-trong-rung-tham-canh-buom-do-tham-p272889517.html,Sách PANDABOOKS combo 2 cuốn trên sa mạc và trong rừng thẳm+ cánh buồm đỏ thắm,0.0,0,130000,130000,,67994
277353811,sach-than-thoai-hy-lap-tron-bo-2-tap-khang-viet-book-p277353811,https://tiki.vn/sach-than-thoai-hy-lap-tron-bo-2-tap-khang-viet-book-p277353811.html,Sách - Thần Thoại Hy Lạp - Trọn Bộ 2 Tập - Khang Việt Book,0.0,0,219000,219000,1.0,67994
229735642,van-hoc-my-tup-leu-bac-tom-p229735642,https://tiki.vn/van-hoc-my-tup-leu-bac-tom-p229735642.html,Văn học Mỹ - Túp lều bác Tôm,0.0,0,99000,99000,4.0,67994
229732672,van-hoc-scotland-dao-giau-vang-p229732672,https://tiki.vn/van-hoc-scotland-dao-giau-vang-p229732672.html,Văn học Scotland - Đảo giấu vàng,0.0,0,45000,45000,,67994
145492826,sach-dao-giau-vang-p145492826,https://tiki.vn/sach-dao-giau-vang-p145492826.html,Sách - Đảo giấu vàng,0.0,0,45000,45000,1.0,67994
278600093,cau-chuyen-rung-xanh-the-jungle-book-song-ngu-viet-anh-tang-kem-file-nghe-audio-p278600093,https://tiki.vn/cau-chuyen-rung-xanh-the-jungle-book-song-ngu-viet-anh-tang-kem-file-nghe-audio-p278600093.html,Câu Chuyện Rừng Xanh - The Jungle Book - Song Ngữ Việt-Anh - Tặng kèm file nghe Audio,0.0,0,99000,99000,,67994
269851793,linh-hon-nhat-ban-bookcity-p269851793,https://tiki.vn/linh-hon-nhat-ban-bookcity-p269851793.html,Linh Hồn Nhật Bản - Bookcity,0.0,0,89000,89000,,67994
257786906,dieu-foxtrot-thuong-hai-muc-thoi-anh-p257786906,https://tiki.vn/dieu-foxtrot-thuong-hai-muc-thoi-anh-p257786906.html,Điệu Foxtrot Thượng Hải (Mục Thời Anh),0.0,0,288000,288000,,67994
249112156,tao-thao-chi-it-la-mot-anh-hung-bia-cung-_kv-p249112156,https://tiki.vn/tao-thao-chi-it-la-mot-anh-hung-bia-cung-_kv-p249112156.html,Tào Tháo - Chí Ít Là Một Anh Hùng (Bìa Cứng) _KV,0.0,0,468000,468000,,67994
146214548,sach-mahabharata-bang-hinh-thien-su-thi-vi-dai-nhat-cua-an-do-p146214548,https://tiki.vn/sach-mahabharata-bang-hinh-thien-su-thi-vi-dai-nhat-cua-an-do-p146214548.html,Sách - Mahabharata bằng hình - Thiên sử thi vĩ đại nhất của Ấn Độ,0.0,0,720000,720000,3.0,67994
186434556,nhung-tam-long-cao-ca-tai-ban-p186434556,https://tiki.vn/nhung-tam-long-cao-ca-tai-ban-p186434556.html,Những Tấm Lòng Cao Cả (Tái Bản),0.0,0,85000,85000,1.0,67994
112952010,gulliver-du-ky-p112952010,https://tiki.vn/gulliver-du-ky-p112952010.html, Gulliver Du Ký,0.0,0,80000,80000,,67994
207280878,noi-ta-thuoc-ve-p207280878,https://tiki.vn/noi-ta-thuoc-ve-p207280878.html,Nơi Ta Thuộc Về,0.0,0,110000,110000,,67994
490945,combo-nhung-cau-chuyen-phieu-luu-ky-thu-p490945,https://tiki.vn/combo-nhung-cau-chuyen-phieu-luu-ky-thu-p490945.html,Combo Những Câu Chuyện Phiêu Lưu Kỳ Thú ,0.0,0,292000,292000,1.0,67994
149785218,thep-da-toi-the-day-p149785218,https://tiki.vn/thep-da-toi-the-day-p149785218.html,Thép Đã Tôi Thế Đấy,0.0,0,165000,165000,,67994
279169583,combo-ngu-ngon-kinh-dien-hieu-betsy-nguoi-giau-nhat-thanh-babylon-p279169583,https://tiki.vn/combo-ngu-ngon-kinh-dien-hieu-betsy-nguoi-giau-nhat-thanh-babylon-p279169583.html,Combo Ngụ ngôn Kinh điển - Hiểu Betsy & Người Giàu Nhất Thành Babylon,0.0,0,247000,247000,,67994
203840676,sach-rilla-duoi-mai-nha-ben-anh-lua-anne-toc-do-tap-8-p203840676,https://tiki.vn/sach-rilla-duoi-mai-nha-ben-anh-lua-anne-toc-do-tap-8-p203840676.html,Sách - Rilla dưới mái nhà Bên Ánh Lửa (Anne tóc đỏ - Tập 8),0.0,0,200000,200000,,67994
203846722,sach-mm-chuyen-ve-co-gai-ay-p203846722,https://tiki.vn/sach-mm-chuyen-ve-co-gai-ay-p203846722.html,Sách - MM chuyện về cô gái ấy,0.0,0,108000,108000,,67994
273257107,lan-song-thu-nam-giao-duc-khai-phong-kieu-my-ban-quyen-p273257107,https://tiki.vn/lan-song-thu-nam-giao-duc-khai-phong-kieu-my-ban-quyen-p273257107.html,Làn sóng thứ Năm: Giáo dục khai phóng kiểu Mỹ  - Bản Quyền,0.0,0,390000,390000,,67994
275886255,xuan-tinh-ernest-hemingway-yen-khue-dich-nxb-tre-p275886255,https://tiki.vn/xuan-tinh-ernest-hemingway-yen-khue-dich-nxb-tre-p275886255.html,(Văn học kinh điển NXB Trẻ 2024) XUÂN TÌNH - Ernest Hemingway – Yên Khuê dịch - NXB Trẻ,0.0,0,75000,75000,,67994
270785871,cuoc-phieu-luu-ky-dieu-cua-nils-tai-ban-2023-ban-quyen-p270785871,https://tiki.vn/cuoc-phieu-luu-ky-dieu-cua-nils-tai-ban-2023-ban-quyen-p270785871.html,Cuộc Phiêu Lưu Kỳ Diệu Của Nils (Tái bản 2023) - Bản Quyền,0.0,0,180000,180000,1.0,67994
149845143,than-thoai-hy-lap-p149845143,https://tiki.vn/than-thoai-hy-lap-p149845143.html,Thần Thoại Hy Lạp,0.0,0,370000,370000,,67994
193968996,con-tau-trang-p193968996,https://tiki.vn/con-tau-trang-p193968996.html,Con tàu trắng ,5.0,1,250000,250000,15.0,67994
274073024,sach-van-hoc-kinh-dien-tay-son-phung-than-ky-thanh-chau-p274073024,https://tiki.vn/sach-van-hoc-kinh-dien-tay-son-phung-than-ky-thanh-chau-p274073024.html,Sách Văn Học Kinh ĐIển  - Tây Sơn Phụng Thần Ký - Thành Châu,0.0,0,133000,133000,,67994
211255836,sach-tao-thao-t10-alphabooks-ban-quyen-p211255836,https://tiki.vn/sach-tao-thao-t10-alphabooks-ban-quyen-p211255836.html,Sách Tào Tháo T10 - Alphabooks - BẢN QUYỀN,0.0,0,289000,289000,,67994
242102030,sach-nguoi-truyen-ky-uc-giai-thuong-boston-globe-horn-book-p242102030,https://tiki.vn/sach-nguoi-truyen-ky-uc-giai-thuong-boston-globe-horn-book-p242102030.html,Sách - Người truyền ký ức Giải thưởng Boston Globe Horn Book - Nhã nam,0.0,0,80000,80000,,67994
208303106,sach-tiem-tap-hoa-luu-dong-cua-tama-chan-oc-sen-tien-ve-phia-truoc-skybooks-ban-quyen-p208303106,https://tiki.vn/sach-tiem-tap-hoa-luu-dong-cua-tama-chan-oc-sen-tien-ve-phia-truoc-skybooks-ban-quyen-p208303106.html,Sách Tiệm Tạp Hóa Lưu Động Của Tama-Chan - Ốc Sên Tiến Về Phía Trước - Skybooks - BẢN QUYỀN - Bản thường,0.0,0,159000,159000,,67994
5892245,sach-than-thoai-hy-lap-p5892245,https://tiki.vn/sach-than-thoai-hy-lap-p5892245.html,Sách Thần Thoại Hy Lạp,0.0,0,370000,370000,,67994
270775480,harry-potter-va-chiec-coc-lua-tap-04-tai-ban-2022-ban-quyen-p270775480,https://tiki.vn/harry-potter-va-chiec-coc-lua-tap-04-tai-ban-2022-ban-quyen-p270775480.html,Harry Potter Và Chiếc Cốc Lửa - Tập 04 - Tái Bản 2022 - Bản Quyền,0.0,0,310000,310000,,67994
270771536,harry-potter-va-hoi-phuong-hoang-tap-05-nxb-tre-p270771536,https://tiki.vn/harry-potter-va-hoi-phuong-hoang-tap-05-nxb-tre-p270771536.html,Harry Potter và Hội Phượng Hoàng (Tập 05) NXB Trẻ,0.0,0,385000,385000,,67994
247764203,sach-doc-to-heraclius-gloss-maupassant-toan-anh-dich-p247764203,https://tiki.vn/sach-doc-to-heraclius-gloss-maupassant-toan-anh-dich-p247764203.html,"Sách - Đốc tờ Héraclius Gloss - Maupassant, Toàn Anh dịch",0.0,0,69500,69500,,67994
270217485,tay-du-ky-tap-10-dai-chien-hong-hai-nhi-p270217485,https://tiki.vn/tay-du-ky-tap-10-dai-chien-hong-hai-nhi-p270217485.html,Tây Du Ký Tập 10 - Đại Chiến Hồng Hài Nhi,5.0,1,25000,15000,5.0,67994
4070561,sach-tao-thao-tap-2-tai-ban-2018-p4070561,https://tiki.vn/sach-tao-thao-tap-2-tai-ban-2018-p4070561.html,Sách Tào Tháo - Tập 2 (Tái Bản 2018),0.0,0,219000,219000,,67994
274959729,bay-chuyen-ke-gothic-isak-dinesen-nguyen-tuan-binh-dich-nxb-phu-nu-p274959729,https://tiki.vn/bay-chuyen-ke-gothic-isak-dinesen-nguyen-tuan-binh-dich-nxb-phu-nu-p274959729.html,BẢY CHUYỆN KỂ GOTHIC – Isak Dinesen – Nguyễn Tuấn Bình dịch – NXB Phụ Nữ,0.0,0,336000,336000,2.0,67994
203841086,sach-an-mang-muoi-mot-chu-p203841086,https://tiki.vn/sach-an-mang-muoi-mot-chu-p203841086.html,Sách - Án mạng mười một chữ,0.0,0,110000,110000,,67994
270660698,tra-hoa-nu-p270660698,https://tiki.vn/tra-hoa-nu-p270660698.html,Trà Hoa Nữ,0.0,0,60900,60900,,67994
200726440,van-hoc-my-ong-gia-va-bien-ca-p200726440,https://tiki.vn/van-hoc-my-ong-gia-va-bien-ca-p200726440.html,Văn Học Mỹ - Ông Già Và Biển Cả,0.0,0,45000,45000,1.0,67994
10187420,sach-tra-hoa-nu-p10187420,https://tiki.vn/sach-tra-hoa-nu-p10187420.html,Sách Trà Hoa Nữ,0.0,0,60900,60900,,67994
518257,sach-tra-hoa-nu-bia-mem-p518257,https://tiki.vn/sach-tra-hoa-nu-bia-mem-p518257.html,Sách Trà Hoa Nữ (Bìa Mềm),0.0,0,73593,73593,,67994
247789429,sach-chuyen-tinh-agatha-christie-p247789429,https://tiki.vn/sach-chuyen-tinh-agatha-christie-p247789429.html,Sách CHUYỆN TÌNH AGATHA CHRISTIE,0.0,0,131605,131605,,67994
129005093,rumi-tinh-tuyet-coleman-barks-tac-pham-kinh-dien-cua-nha-huyen-mon-sufi-vi-dai-nhat-lich-su-p129005093,https://tiki.vn/rumi-tinh-tuyet-coleman-barks-tac-pham-kinh-dien-cua-nha-huyen-mon-sufi-vi-dai-nhat-lich-su-p129005093.html,RUMI TINH TUYỆT - COLEMAN BARKS (TÁC PHẨM KINH ĐIỂN CỦA NHÀ HUYỀN MÔN SUFI VĨ ĐẠI NHẤT LỊCH SỬ),0.0,0,360000,360000,1.0,67994
271667125,tam-ly-hoc-rui-ro-p271667125,https://tiki.vn/tam-ly-hoc-rui-ro-p271667125.html,Tâm Lý Học Rủi Ro,0.0,0,84150,84150,,67994
179234115,cuoc-phieu-luu-cua-ngon-ngu-anh-tieu-su-anh-ngu-tu-nam-500-den-nam-2000-p179234115,https://tiki.vn/cuoc-phieu-luu-cua-ngon-ngu-anh-tieu-su-anh-ngu-tu-nam-500-den-nam-2000-p179234115.html,Cuộc Phiêu Lưu Của Ngôn Ngữ Anh - Tiểu Sử Anh Ngữ Từ Năm 500 Đến Năm 2000,0.0,0,239000,239000,2.0,67994
245942281,van-hoc-kinh-dien-tren-sa-mac-va-trong-rung-tham-p245942281,https://tiki.vn/van-hoc-kinh-dien-tren-sa-mac-va-trong-rung-tham-p245942281.html,Văn học Ba Lan - Trên sa mạc và trong rừng thẳm,0.0,0,98000,98000,,67994
275866204,sach-tro-choi-tinh-ai-stephen-king-p275866204,https://tiki.vn/sach-tro-choi-tinh-ai-stephen-king-p275866204.html,Sách - Trò chơi tình ái - Stephen King,0.0,0,156000,156000,,67994
530005,combo-nhung-cau-chuyen-phieu-luu-ky-thu-2-p530005,https://tiki.vn/combo-nhung-cau-chuyen-phieu-luu-ky-thu-2-p530005.html,Combo Những Câu Chuyện Phiêu Lưu Kỳ Thú 2,0.0,0,300000,300000,,67994
243083102,sach-han-so-tranh-hung-bia-cung-tang-kem-bookmark-p243083102,https://tiki.vn/sach-han-so-tranh-hung-bia-cung-tang-kem-bookmark-p243083102.html,Sách - Hán sở tranh hùng (bìa cứng) Tặng Kèm Bookmark,0.0,0,153969,153969,2.0,67994
200976651,ngua-o-yeu-dau-p200976651,https://tiki.vn/ngua-o-yeu-dau-p200976651.html,Ngựa Ô Yêu Dấu,0.0,0,116088,116088,,67994
277184611,nhat-ky-ghi-chep-phap-y-tap-1-khuc-dao-dau-cua-dem-p277184611,https://tiki.vn/nhat-ky-ghi-chep-phap-y-tap-1-khuc-dao-dau-cua-dem-p277184611.html,Nhật Ký Ghi Chép Pháp Y - Tập 1: Khúc Dạo Đầu Của Đêm,0.0,0,149000,141550,,67994
270845113,combo-khong-gia-dinh-trong-gia-dinh-hong-an-bo-2-cuon-p270845113,https://tiki.vn/combo-khong-gia-dinh-trong-gia-dinh-hong-an-bo-2-cuon-p270845113.html,Combo không gia đình + trong gia đình - bộ 2 cuốn,0.0,0,240000,168000,2.0,67994
275942208,tup-leu-bac-tom-tai-ban-nam-2024-p275942208,https://tiki.vn/tup-leu-bac-tom-tai-ban-nam-2024-p275942208.html,Túp Lều Bác Tom (Tái bản năm 2024),0.0,0,158000,150100,,67994
278076902,ban-sao-p278076902,https://tiki.vn/ban-sao-p278076902.html,Bản Sao,0.0,0,229000,217550,,67994
276557264,toi-den-tu-the-gioi-song-song-tap-3-p276557264,https://tiki.vn/toi-den-tu-the-gioi-song-song-tap-3-p276557264.html,Tôi Đến Từ Thế Giới Song Song - Tập 3,0.0,0,246000,233700,,67994
275385414,ac-ma-trieu-hoi-tap-1-soi-doi-lot-cuu-p275385414,https://tiki.vn/ac-ma-trieu-hoi-tap-1-soi-doi-lot-cuu-p275385414.html,Ác Ma Triệu Hồi - Tập 1: Sói Đội Lốt Cừu,0.0,0,198000,188100,,67994
394427,sach-suoi-nguon-the-fountainhead-2014-p394427,https://tiki.vn/sach-suoi-nguon-the-fountainhead-2014-p394427.html,Sách Suối Nguồn (The Fountainhead) - 2014,5.0,1,380000,380000,4.0,67994
276636853,lau-dai-than-bi-p276636853,https://tiki.vn/lau-dai-than-bi-p276636853.html,Lâu Đài Thần Bí,0.0,0,119000,119000,,67994
194421515,bhagavad-gita-p194421515,https://tiki.vn/bhagavad-gita-p194421515.html,Bhagavad Gita,0.0,0,153800,153800,,67994
345205,chet-o-venice-tu-sach-canh-cua-mo-rong-p345205,https://tiki.vn/chet-o-venice-tu-sach-canh-cua-mo-rong-p345205.html,Chết Ở Venice (Tủ Sách Cánh Cửa Mở Rộng),0.0,0,73000,73000,,67994
273659011,tram-doc-official-bo-2-cuon-ve-hai-gia-toc-lung-lay-gia-toc-morgan-titan-gia-toc-rockefeller-bia-den-p273659011,https://tiki.vn/tram-doc-official-bo-2-cuon-ve-hai-gia-toc-lung-lay-gia-toc-morgan-titan-gia-toc-rockefeller-bia-den-p273659011.html,Trạm Đọc Official |  Bộ 2 Cuốn Về Hai Gia Tộc Lừng Lẫy : Gia Tộc Morgan + TiTan - Gia Tộc Rockefeller (Bìa Đen),0.0,0,998000,848000,,67994
276121530,hp-07-harry-potter-va-bao-boi-tu-than-set-5-cuon-kho-nho-ban-quyen-p276121530,https://tiki.vn/hp-07-harry-potter-va-bao-boi-tu-than-set-5-cuon-kho-nho-ban-quyen-p276121530.html,Hp 07. Harry Potter Và Bảo Bối Tử Thần (Set 5 Cuốn) - Khổ Nhỏ - Bản Quyền,0.0,0,299000,239200,,67994
512959,sach-gulliver-du-ky-p512959,https://tiki.vn/sach-gulliver-du-ky-p512959.html,Sách Gulliver Du Ký,0.0,0,80000,80000,1.0,67994
276121408,hp-05-harry-potter-va-hoi-phuong-hoang-set-7-cuon-kho-nho-ban-quyen-p276121408,https://tiki.vn/hp-05-harry-potter-va-hoi-phuong-hoang-set-7-cuon-kho-nho-ban-quyen-p276121408.html,Hp 05. Harry Potter Và Hội Phượng Hoàng (Set 7 Cuốn) - Khổ Nhỏ - Bản Quyền,0.0,0,449000,359200,,67994
279277497,chiec-thia-bac-sach-bo-tui-p279277497,https://tiki.vn/chiec-thia-bac-sach-bo-tui-p279277497.html,Chiếc Thìa Bạc (Sách Bỏ Túi),0.0,0,139000,139000,,67994
276005791,van-hoc-kinh-dien-vang-trang-va-sau-xu-the-moon-and-sixpence-tre-p276005791,https://tiki.vn/van-hoc-kinh-dien-vang-trang-va-sau-xu-the-moon-and-sixpence-tre-p276005791.html,Văn Học Kinh Điển - Vầng Trăng Và Sáu Xu - The Moon And Sixpence (TRE),0.0,0,190000,190000,,67994
242101698,sach-giet-con-chim-nhai-p242101698,https://tiki.vn/sach-giet-con-chim-nhai-p242101698.html,Sách - Giết Con Chim Nhại - Nhã nam,0.0,0,145000,145000,,67994
254377331,sach-linh-son-cao-hanh-kien-nobel-van-hoc-2000-phanbook-tang-kem-bookmark-bamboo-books-p254377331,https://tiki.vn/sach-linh-son-cao-hanh-kien-nobel-van-hoc-2000-phanbook-tang-kem-bookmark-bamboo-books-p254377331.html,Sách - Linh Sơn - Cao Hành Kiện - Nobel Văn Học 2000 - Phanbook - Tặng Kèm Bookmark Bamboo Books,0.0,0,269000,269000,3.0,67994
153514457,tho-ngu-ngon-la-fontaine-dong-a-ban-cung-cao-cap-p153514457,https://tiki.vn/tho-ngu-ngon-la-fontaine-dong-a-ban-cung-cao-cap-p153514457.html,THƠ NGỤ NGÔN LA FONTAINE - ĐÔNG A - BẢN CỨNG CAO CẤP,0.0,0,1100000,1100000,,67994
133712541,nghin-le-mot-dem-kho-lon-p133712541,https://tiki.vn/nghin-le-mot-dem-kho-lon-p133712541.html,NGHÌN LẺ MỘT ĐÊM (KHỔ LỚN),0.0,0,990000,990000,,67994
342255,cuoc-phieu-luu-ky-dieu-cua-nils-tu-sach-canh-cua-mo-rong-p342255,https://tiki.vn/cuoc-phieu-luu-ky-dieu-cua-nils-tu-sach-canh-cua-mo-rong-p342255.html,Cuộc Phiêu Lưu Kỳ Diệu Của Nils (Tủ Sách Cánh Cửa Mở Rộng),0.0,0,180000,180000,1.0,67994
204622631,tuyen-tap-roald-dahl-cau-chuyen-ki-dieu-ve-henry-sugar-va-sau-chuyen-khac-p204622631,https://tiki.vn/tuyen-tap-roald-dahl-cau-chuyen-ki-dieu-ve-henry-sugar-va-sau-chuyen-khac-p204622631.html,Tuyển tập Roald Dahl - Câu chuyện kì diệu về Henry Sugar và sáu chuyện khác,0.0,0,80000,80000,1.0,67994
273725033,tao-thao-t4-ban-quyen-p273725033,https://tiki.vn/tao-thao-t4-ban-quyen-p273725033.html,Tào Tháo T4 - BẢN QUYỀN,0.0,0,219000,186000,,67994
273465995,tram-doc-lao-tu-dao-duc-kinh-p273465995,https://tiki.vn/tram-doc-lao-tu-dao-duc-kinh-p273465995.html,Trạm Đọc | Lão tử đạo đức kinh,0.0,0,99000,84000,,67994
165626756,ong-gia-va-bien-ca-tai-ban-2021-p165626756,https://tiki.vn/ong-gia-va-bien-ca-tai-ban-2021-p165626756.html,Ông Già Và Biển Cả (Tái Bản 2021),4.0,1,32000,27200,11.0,67994
246768241,hai-van-dam-duoi-bien-p246768241,https://tiki.vn/hai-van-dam-duoi-bien-p246768241.html,Hai Vạn Dặm Dưới Biển,0.0,0,99000,99000,1.0,67994
271140129,boxset-tron-bo-5-tap-tam-quoc-chi-tran-tho-bui-thong-dich-pham-thanh-long-hieu-dinh-bia-mem-p271140129,https://tiki.vn/boxset-tron-bo-5-tap-tam-quoc-chi-tran-tho-bui-thong-dich-pham-thanh-long-hieu-dinh-bia-mem-p271140129.html,(Boxset bìa mềm 5 tập) TAM QUỐC CHÍ - Trần Thọ - Bùi Thông dịch - Phạm Thành Long hiệu đính - (bìa mềm),0.0,0,1590000,1590000,,67994
275994630,doc-thoai-khai-huyen-ban-bia-cung-ban-quyen-p275994630,https://tiki.vn/doc-thoai-khai-huyen-ban-bia-cung-ban-quyen-p275994630.html,Độc Thoại Khải Huyền - Bản Bìa Cứng - Bản Quyền,0.0,0,549000,549000,1.0,67994
203844053,sach-trieu-phu-khu-o-chuot-tb-2022-p203844053,https://tiki.vn/sach-trieu-phu-khu-o-chuot-tb-2022-p203844053.html,Sách - Triệu phú khu ổ chuột (TB 2022),0.0,0,168000,168000,1.0,67994
205944855,hoang-hau-do-tinh-duc-va-su-tien-hoa-cua-ban-tinh-nguoi-matthew-white-ridley-nguyen-viet-long-tong-thi-hoang-duong-dich-omega-plus-the-gioi-p205944855,https://tiki.vn/hoang-hau-do-tinh-duc-va-su-tien-hoa-cua-ban-tinh-nguoi-matthew-white-ridley-nguyen-viet-long-tong-thi-hoang-duong-dich-omega-plus-the-gioi-p205944855.html,"HOÀNG HẬU ĐỎ: Tình dục và sự tiến hóa của bản tính người – Matthew White Ridley - Nguyễn Việt Long, Tống Thị Hoàng Dương dịch – Omega plus – Thế Giới ",0.0,0,269000,269000,3.0,67994
188535078,sach-tra-hoa-nu-bia-mem-tai-ban-p188535078,https://tiki.vn/sach-tra-hoa-nu-bia-mem-tai-ban-p188535078.html,Sách Trà Hoa Nữ (Bìa Mềm) - Tái Bản,0.0,0,69400,69400,,67994
273981001,tu-sach-ky-uc-book-hunter-linh-tinh-va-ly-tri-cac-tieu-luan-phe-binh-edgar-allan-poe-p273981001,https://tiki.vn/tu-sach-ky-uc-book-hunter-linh-tinh-va-ly-tri-cac-tieu-luan-phe-binh-edgar-allan-poe-p273981001.html,(Tủ sách ký ức Book Hunter) LINH TÍNH VÀ LÝ TRÍ: Các tiểu luận phê bình - Edgar Allan Poe,0.0,0,119000,119000,,67994
275151569,ghost-hunt-tap-2-long-giam-cua-bup-be-p275151569,https://tiki.vn/ghost-hunt-tap-2-long-giam-cua-bup-be-p275151569.html,Ghost Hunt - Tập 2: Lồng Giam Của Búp Bê,0.0,0,105000,105000,,67994
276856770,leopardi-nghi-p276856770,https://tiki.vn/leopardi-nghi-p276856770.html,Leopardi - Nghĩ,0.0,0,69500,69500,1.0,67994
275250704,truyen-con-cho-berganza-p275250704,https://tiki.vn/truyen-con-cho-berganza-p275250704.html,Truyện con chó Berganza,0.0,0,90000,90000,4.0,67994
274866777,tron-bo-3-tap-van-chuong-nobel-co-tranh-minh-hoa-dat-lanh-doi-con-ly-tan-pearl-s-buck-nxb-phu-nu-p274866777,https://tiki.vn/tron-bo-3-tap-van-chuong-nobel-co-tranh-minh-hoa-dat-lanh-doi-con-ly-tan-pearl-s-buck-nxb-phu-nu-p274866777.html,[trọn bộ 3 tập văn chương Nobel có tranh minh hoạ] ĐẤT LÀNH ĐỜI CON LY TÁN – Pearl S. Buck – NXB Phụ Nữ,5.0,2,628000,628000,25.0,67994
57388077,thep-da-toi-the-day-ban-dich-day-du-nhat-bia-mem-tai-ban-2020-p57388077,https://tiki.vn/thep-da-toi-the-day-ban-dich-day-du-nhat-bia-mem-tai-ban-2020-p57388077.html,Thép đã tôi thế đấy - Bản dịch đầy đủ nhất (bìa mềm - tái bản 2020),0.0,0,112478,112478,,67994
278429961,nang-tien-ca-cuoi-cung-iida-turpeinen-vo-xuan-que-dich-nxb-kim-dong-p278429961,https://tiki.vn/nang-tien-ca-cuoi-cung-iida-turpeinen-vo-xuan-que-dich-nxb-kim-dong-p278429961.html,NÀNG TIÊN CÁ CUỐI CÙNG – Iida Turpeinen – Võ Xuân Quế dịch – NXB Kim Đồng,0.0,0,80000,80000,,67994
512963,sach-80-ngay-vong-quanh-the-gioi-p512963,https://tiki.vn/sach-80-ngay-vong-quanh-the-gioi-p512963.html,Sách 80 Ngày Vòng Quanh Thế Giới,0.0,0,95000,95000,,67994
254189101,nghe-thuat-va-tho-thu-cong-oscar-wilde-minh-hung-dich-bia-mem-p254189101,https://tiki.vn/nghe-thuat-va-tho-thu-cong-oscar-wilde-minh-hung-dich-bia-mem-p254189101.html,Nghệ Thuật Và Thợ Thủ Công - Oscar Wilde - Minh Hùng dịch - (bìa mềm),0.0,0,95700,95700,1.0,67994
275230049,ondine-la-motte-fouque-p275230049,https://tiki.vn/ondine-la-motte-fouque-p275230049.html,Ondine - La Motte-Fouqué,0.0,0,63000,63000,3.0,67994
279070515,thep-da-toi-the-day-nikolai-alekseyevich-ostrovsky-nxb-van-hoc-dong-a-p279070515,https://tiki.vn/thep-da-toi-the-day-nikolai-alekseyevich-ostrovsky-nxb-van-hoc-dong-a-p279070515.html,THÉP ĐÃ TÔI THẾ ĐẤY – Nikolai Alekseyevich Ostrovsky – NXB Văn Học - Đông A,0.0,0,180500,180500,,67994
512042,sach-nhung-cuoc-phieu-luu-ki-thu-robinson-p512042,https://tiki.vn/sach-nhung-cuoc-phieu-luu-ki-thu-robinson-p512042.html,Sách Những Cuộc Phiêu Lưu Kì Thú Robinson,0.0,0,98990,98990,1.0,67994
275737930,gia-dinh-robinson-thuy-sy-an-ban-cao-cap-bia-vai-p275737930,https://tiki.vn/gia-dinh-robinson-thuy-sy-an-ban-cao-cap-bia-vai-p275737930.html,Gia đình Robinson Thụy Sỹ - Ấn bản cao cấp - Bìa vải,0.0,0,350000,350000,1.0,67994
242101966,sach-giet-con-chim-nhai-bia-cung-p242101966,https://tiki.vn/sach-giet-con-chim-nhai-bia-cung-p242101966.html,Sách - Giết con chim nhại (Bìa mềm) - Nhã nam,0.0,0,145000,145000,1.0,67994
10564708,combo-huckleberry-finn-tom-sawyer-dao-giau-vang-tai-ban-p10564708,https://tiki.vn/combo-huckleberry-finn-tom-sawyer-dao-giau-vang-tai-ban-p10564708.html,Combo Huckleberry Finn - Tom Sawyer - Đảo Giấu Vàng (Tái Bản),0.0,0,204000,204000,,67994
403461,sach-ruoi-trau-p403461,https://tiki.vn/sach-ruoi-trau-p403461.html,Sách Ruồi Trâu,0.0,0,121476,121476,7.0,67994
273306538,tang-bookmark-an-mang-kep-o-vuon-dia-dang-eva-garcia-saenz-de-urturi-nxb-phu-nu-viet-nam-linh-lang-books-p273306538,https://tiki.vn/tang-bookmark-an-mang-kep-o-vuon-dia-dang-eva-garcia-saenz-de-urturi-nxb-phu-nu-viet-nam-linh-lang-books-p273306538.html,(Tặng Bookmark) ÁN MẠNG KÉP Ở VƯỜN ĐỊA ĐÀNG – Eva García Sáenz de Urturi – NXB Phụ nữ Việt Nam – Linh lang Books,0.0,0,224000,224000,,67994
10649941,combo-3-cuon-gulliver-du-ky-nhung-cuoc-phieu-luu-cua-huckleberry-finn-nhung-cuoc-phieu-luu-cua-tom-sawyer-tai-ban-p10649941,https://tiki.vn/combo-3-cuon-gulliver-du-ky-nhung-cuoc-phieu-luu-cua-huckleberry-finn-nhung-cuoc-phieu-luu-cua-tom-sawyer-tai-ban-p10649941.html,Combo 3 Cuốn Gulliver Du Ký + Những Cuộc Phiêu Lưu Của Huckleberry Finn + Những Cuộc Phiêu Lưu Của Tom Sawyer (Tái Bản),0.0,0,215000,215000,10.0,67994
247295963,combo-2q-ba-nguoi-thay-vi-dai-thien-tai-ben-trai-ke-dien-ben-phai-tac-pham-kinh-dien-p247295963,https://tiki.vn/combo-2q-ba-nguoi-thay-vi-dai-thien-tai-ben-trai-ke-dien-ben-phai-tac-pham-kinh-dien-p247295963.html,"Combo 2Q: Ba Người Thầy Vĩ Đại + Thiên Tài Bên Trái, Kẻ Điên Bên Phải (Tác Phẩm Kinh Điển)",0.0,0,294500,294500,,67994
279365485,bia-cung-illustrated-speaial-editions-gio-dua-trong-lieu-kenneth-grahame-lou-peacock-matryoshka-dich-dinh-ti-p279365485,https://tiki.vn/bia-cung-illustrated-speaial-editions-gio-dua-trong-lieu-kenneth-grahame-lou-peacock-matryoshka-dich-dinh-ti-p279365485.html,(Bìa cứng) Illustrated Speaial Editions - GIÓ ĐÙA TRONG LIỄU - Kenneth Grahame & Lou Peacock - Matryoshka dịch - Đinh Tị,0.0,0,199000,199000,,67994
2357773,sach-tra-hoa-nu-bia-cung-tai-ban-p2357773,https://tiki.vn/sach-tra-hoa-nu-bia-cung-tai-ban-p2357773.html,Sách Trà Hoa Nữ (Bìa Cứng - Tái Bản),5.0,1,88100,88100,4.0,67994
272306735,ong-gia-va-bien-ca-tai-ban-kim-dong-p272306735,https://tiki.vn/ong-gia-va-bien-ca-tai-ban-kim-dong-p272306735.html,Sách - Tác Phẩm Chọn Lọc Văn Học Mỹ: Ông Già Và Biển Cả,0.0,0,80000,80000,1.0,67994
270252828,tay-du-kytap21-linh-son-dac-dao-p270252828,https://tiki.vn/tay-du-kytap21-linh-son-dac-dao-p270252828.html,Tây Du Ký Tập 20 - Linh Sơn Đắc Đạo,5.0,1,25000,15000,6.0,67994
270252802,tay-du-kytap28-yeu-quai-bao-lam-tu-p270252802,https://tiki.vn/tay-du-kytap28-yeu-quai-bao-lam-tu-p270252802.html,Tây Du Ký Tập 9 - Yêu Quái Bảo Lâm Tự,0.0,0,25000,15000,4.0,67994
274020524,hai-van-dam-duoi-bien-tai-ban-2024-p274020524,https://tiki.vn/hai-van-dam-duoi-bien-tai-ban-2024-p274020524.html,Hai Vạn Dặm Dưới Biển (Tái Bản 2024),5.0,1,125000,110000,3.0,67994
274170501,van-hoc-co-dien-cong-chua-nho-tai-ban-2023-p274170501,https://tiki.vn/van-hoc-co-dien-cong-chua-nho-tai-ban-2023-p274170501.html,Văn Học Cổ Điển - Công Chúa Nhỏ (Tái Bản 2023),0.0,0,109000,109000,,67994
176752930,hai-van-dam-duoi-bien-bia-cung-tai-ban-p176752930,https://tiki.vn/hai-van-dam-duoi-bien-bia-cung-tai-ban-p176752930.html,Hai Vạn Dặm Dưới Biển (Bìa Cứng) (Tái Bản),4.0,1,145000,127600,6.0,67994
272830177,nguoi-me-tai-ban-2023-p272830177,https://tiki.vn/nguoi-me-tai-ban-2023-p272830177.html,Người Mẹ (Tái Bản 2023),0.0,0,128000,112600,2.0,67994
278195045,sach-kinh-dien-hieu-betsy-tac-gia-dorothy-canfield-fisher-nha-sach-the-hitcher-p278195045,https://tiki.vn/sach-kinh-dien-hieu-betsy-tac-gia-dorothy-canfield-fisher-nha-sach-the-hitcher-p278195045.html,[Sách kinh điển] Hiểu Betsy - Tác giả: Dorothy Canfield Fisher - Nhà sách The Hitcher,5.0,2,137000,137000,31.0,67994
278148816,sach-tac-pham-van-hoc-kinh-dien-ong-gia-va-bien-ca-p278148816,https://tiki.vn/sach-tac-pham-van-hoc-kinh-dien-ong-gia-va-bien-ca-p278148816.html,Sách - Tác Phẩm Văn Học Kinh Điển - Ông Già Và Biển Cả,0.0,0,42000,36900,2.0,67994
191450914,tay-du-ky-tien-truyen-nhung-chuyen-ke-thinh-kinh-truoc-ngo-thua-an-p191450914,https://tiki.vn/tay-du-ky-tien-truyen-nhung-chuyen-ke-thinh-kinh-truoc-ngo-thua-an-p191450914.html,Tây Du Ký Tiền Truyện (Những Chuyện Kể Thỉnh Kinh Trước Ngô Thừa Ân),4.0,1,199000,179100,4.0,67994
276745031,bang-qua-dai-duong-den-p276745031,https://tiki.vn/bang-qua-dai-duong-den-p276745031.html,Băng Qua Đại Dương Đen,0.0,0,145000,137750,,67994
214585493,nanh-trang-jack-london-p214585493,https://tiki.vn/nanh-trang-jack-london-p214585493.html,Nanh Trắng - Jack London,4.0,1,99000,99000,13.0,67994
278566371,chao-mung-ban-den-hieu-sach-hyunam-dong-p278566371,https://tiki.vn/chao-mung-ban-den-hieu-sach-hyunam-dong-p278566371.html,Chào Mừng Bạn Đến Hiệu Sách Hyunam-dong,0.0,0,190000,180500,,67994
276224247,thu-tinh-hoang-tu-be-p276224247,https://tiki.vn/thu-tinh-hoang-tu-be-p276224247.html,Thư Tình Hoàng Tử Bé,0.0,0,105000,99750,,67994
275114202,sach-robinson-crusoe-daniel-defoe-sbooks-p275114202,https://tiki.vn/sach-robinson-crusoe-daniel-defoe-sbooks-p275114202.html,Sách - Robinson Crusoe (Daniel Defoe) - SBOOKS,0.0,0,138000,138000,8.0,67994
276975554,sach-nghe-thuat-tieu-thuyet-nha-nam-hcm-p276975554,https://tiki.vn/sach-nghe-thuat-tieu-thuyet-nha-nam-hcm-p276975554.html,Sách - Nghệ thuật tiểu thuyết (Nhã Nam HCM),0.0,0,116000,104400,2.0,67994
19913953,sach-mieng-da-lua-tai-ban-p19913953,https://tiki.vn/sach-mieng-da-lua-tai-ban-p19913953.html,Sách Miếng Da Lừa (Tái Bản),0.0,0,92650,92650,3.0,67994
248177475,combo-2q-giet-con-chim-nhai-dieu-ky-dieu-cua-tiem-tap-hoa-namiya-top-tieu-thuyet-ban-chay-p248177475,https://tiki.vn/combo-2q-giet-con-chim-nhai-dieu-ky-dieu-cua-tiem-tap-hoa-namiya-top-tieu-thuyet-ban-chay-p248177475.html,Combo 2Q: Giết Con Chim Nhại + Điều Kỳ Diệu Của Tiệm Tạp Hóa Namiya (Top Tiểu Thuyết Bán Chạy) ,0.0,0,286350,286350,,67994
253237430,giet-con-chim-nhai-ba-n-quye-n-p253237430,https://tiki.vn/giet-con-chim-nhai-ba-n-quye-n-p253237430.html,Giết Con Chim Nhại -  Bản Quyền,5.0,2,145000,137000,19.0,67994
272147723,doi-tho-tb-2023-ban-quyen-p272147723,https://tiki.vn/doi-tho-tb-2023-ban-quyen-p272147723.html,Đồi thỏ (TB 2023) - Bản Quyền,0.0,0,169000,169000,,67994
542690,sach-trong-gia-dinh-tai-ban-2016-p542690,https://tiki.vn/sach-trong-gia-dinh-tai-ban-2016-p542690.html,Sách Trong Gia Đình (Tái Bản 2016),0.0,0,86000,86000,,67994
276674234,nhung-tam-long-cao-ca-song-ngu-viet-anh-p276674234,https://tiki.vn/nhung-tam-long-cao-ca-song-ngu-viet-anh-p276674234.html,Những Tấm Lòng Cao Cả (Song ngữ Việt-Anh),0.0,0,109000,103550,6.0,67994
277355228,sach-bieu-tuong-phu-hieu-va-do-tho-cua-nguoi-an-nam-gustave-dumoutier-nha-nam-p277355228,https://tiki.vn/sach-bieu-tuong-phu-hieu-va-do-tho-cua-nguoi-an-nam-gustave-dumoutier-nha-nam-p277355228.html,Sách - Biểu Tượng Phù Hiệu Và Đồ Thờ Của Người An Nam - Gustave Dumoutier - Nhã Nam,0.0,0,135000,128000,,67994
242492386,sach-la-thu-cuoi-nha-nam-ban-quyen-p242492386,https://tiki.vn/sach-la-thu-cuoi-nha-nam-ban-quyen-p242492386.html,Sách Lá thư cuối - Nhã Nam - BẢN QUYỀN,0.0,0,100000,100000,,67994
253236124,dai-gia-gatsby-tb-2022-ban-quyen-p253236124,https://tiki.vn/dai-gia-gatsby-tb-2022-ban-quyen-p253236124.html,Đại gia Gatsby (TB 2022) - Bản Quyền,0.0,0,86000,86000,,67994
430486,sach-chua-ruoi-tai-ban-2015-p430486,https://tiki.vn/sach-chua-ruoi-tai-ban-2015-p430486.html,Sách Chúa Ruồi (Tái Bản 2015),0.0,0,86000,86000,,67994
263754161,sach-nha-nam-quy-luat-p263754161,https://tiki.vn/sach-nha-nam-quy-luat-p263754161.html,Sách Nhã Nam - Quy Luật,0.0,0,139000,139000,,67994
276501898,sach-cuoc-doi-la-mot-tieu-thuyet-nha-nam-hcm-p276501898,https://tiki.vn/sach-cuoc-doi-la-mot-tieu-thuyet-nha-nam-hcm-p276501898.html,Sách - Cuộc Đời Là Một Tiểu Thuyết (Nhã Nam HCM),0.0,0,140000,126000,3.0,67994
249176370,sach-nhung-nguoi-dan-ong-khong-co-dan-ba-tb-2021-nha-nam-ban-quyen-p249176370,https://tiki.vn/sach-nhung-nguoi-dan-ong-khong-co-dan-ba-tb-2021-nha-nam-ban-quyen-p249176370.html,Sách Những người đàn ông không có đàn bà (TB 2021) - Nhã Nam - BẢN QUYỀN,0.0,0,100000,100000,,67994
542586,sach-tam-quoc-dien-nghia-huy-hoang-p542586,https://tiki.vn/sach-tam-quoc-dien-nghia-huy-hoang-p542586.html,Sách Tam Quốc Diễn Nghĩa (Huy Hoàng),5.0,2,78000,70200,12.0,67994
273848888,combo-2-cuon-van-hoc-lang-man-hay-ba-ngoai-phu-thuy-va-mua-he-tap-su-totto-chan-ben-cua-so-p273848888,https://tiki.vn/combo-2-cuon-van-hoc-lang-man-hay-ba-ngoai-phu-thuy-va-mua-he-tap-su-totto-chan-ben-cua-so-p273848888.html,Combo 2 Cuốn Văn Học Lãng Mạn Hay-Bà Ngoại Phù Thủy Và Mùa Hè Tập Sự+ Totto-Chan Bên Cửa Sổ ,0.0,0,229450,229450,,67994
214189420,sach-thep-da-toi-the-day-p214189420,https://tiki.vn/sach-thep-da-toi-the-day-p214189420.html, - Thép Đã Tôi Thế Đấy! - Nikolai Alekseyevich Ostrovsky,0.0,0,142786,142786,,67994
117684647,tieu-thuyet-van-hoc-kinh-dien-giet-con-chim-nhai-cua-harper-lee-bia-mem-tang-kem-bookmark-p117684647,https://tiki.vn/tieu-thuyet-van-hoc-kinh-dien-giet-con-chim-nhai-cua-harper-lee-bia-mem-tang-kem-bookmark-p117684647.html,Tiểu thuyết văn học kinh điển Giết Con Chim Nhại của Harper Lee (bìa mềm tặng kèm bookmark),0.0,0,145000,145000,2.0,67994
277019820,sach-sua-va-mat-nha-nam-hcm-p277019820,https://tiki.vn/sach-sua-va-mat-nha-nam-hcm-p277019820.html,Sách - Sữa và mật (Nhã Nam HCM),0.0,0,108000,97200,,67994
272837563,cha-con-giao-hoang-tb200-p272837563,https://tiki.vn/cha-con-giao-hoang-tb200-p272837563.html,Cha con Giáo hoàng TB200,0.0,0,200000,190000,1.0,67994
274326361,sach-kinh-dien-combo-2-cuon-co-gai-mu-chu-pha-bom-nguyen-tu-chu-be-mang-pyjama-soc-p274326361,https://tiki.vn/sach-kinh-dien-combo-2-cuon-co-gai-mu-chu-pha-bom-nguyen-tu-chu-be-mang-pyjama-soc-p274326361.html,Sách Kinh Điển Combo 2 Cuốn: Cô Gái Mù Chữ Phá Bom Nguyên Tử +  Chú Bé Mang Pyjama Sọc,0.0,0,342000,342000,,67994
564475,sach-sau-nguoi-di-khap-the-gian-tap-2-tai-ban-p564475,https://tiki.vn/sach-sau-nguoi-di-khap-the-gian-tap-2-tai-ban-p564475.html,Sách Sáu Người Đi Khắp Thế Gian (Tập 2) - Tái Bản,0.0,0,165000,165000,2.0,67994
187011417,dua-tren-mot-cau-chuyen-co-that-p187011417,https://tiki.vn/dua-tren-mot-cau-chuyen-co-that-p187011417.html,Dựa Trên Một Câu Chuyện Có Thật,0.0,0,169000,169000,,67994
272837102,ong-trum-cuoi-cung-tb230-p272837102,https://tiki.vn/ong-trum-cuoi-cung-tb230-p272837102.html,Ông trùm cuối cùng TB230,0.0,0,230000,218500,7.0,67994
198239918,tinh-sieu-viet-cua-tu-nga-phac-thao-mot-mo-ta-hien-tuong-hoc-p198239918,https://tiki.vn/tinh-sieu-viet-cua-tu-nga-phac-thao-mot-mo-ta-hien-tuong-hoc-p198239918.html,TÍNH SIÊU VIỆT CỦA TỰ NGÃ - PHÁC THẢO MỘT MÔ TẢ HIỆN TƯỢNG HỌC,0.0,0,150000,150000,,67994
480202,sach-ho-the-lake-p480202,https://tiki.vn/sach-ho-the-lake-p480202.html,Sách Hồ (The Lake),0.0,0,99000,99000,,67994
274079738,sach-series-tac-gia-annie-ernaux-cap-nhat-p274079738,https://tiki.vn/sach-series-tac-gia-annie-ernaux-cap-nhat-p274079738.html,Sách - Series tác giả Annie Ernaux (cập nhật),0.0,0,68000,68000,3.0,67994
253284135,em-se-den-cung-con-mua-ba-n-quye-n-p253284135,https://tiki.vn/em-se-den-cung-con-mua-ba-n-quye-n-p253284135.html,Em Sẽ Đến Cùng Cơn Mưa  -  Bản Quyền,0.0,0,108000,108000,,67994
242484697,sach-co-due-tu-nha-nam-ban-quyen-p242484697,https://tiki.vn/sach-co-due-tu-nha-nam-ban-quyen-p242484697.html,Sách Cổ duệ từ - Nhã Nam - BẢN QUYỀN,0.0,0,168000,168000,,67994
273879042,rap-ron-canh-hac-p273879042,https://tiki.vn/rap-ron-canh-hac-p273879042.html,Rập Rờn Cánh Hạc,0.0,0,79000,79000,,67994
279609285,sach-doi-gio-hu-tai-ban-nha-nam-hcm-p279609285,https://tiki.vn/sach-doi-gio-hu-tai-ban-nha-nam-hcm-p279609285.html,Sách - Đồi Gió Hú (Tái Bản) (Nhã Nam HCM),0.0,0,148000,133200,,67994
469084,sach-la-thu-he-p469084,https://tiki.vn/sach-la-thu-he-p469084.html,Sách Lá Thư Hè,0.0,0,52000,52000,3.0,67994
382523,sach-van-hoc-co-dien-bo-tui-nanh-trang-p382523,https://tiki.vn/sach-van-hoc-co-dien-bo-tui-nanh-trang-p382523.html,Sách Văn Học Cổ Điển Bỏ Túi - Nanh Trắng,0.0,0,78000,78000,,67994
253273922,nhung-nguoi-dan-ong-khong-co-dan-ba-tb-2021-ba-n-quye-n-p253273922,https://tiki.vn/nhung-nguoi-dan-ong-khong-co-dan-ba-tb-2021-ba-n-quye-n-p253273922.html,Những người đàn ông không có đàn bà (TB 2021) - Bản Quyền,0.0,0,100000,100000,,67994
278760798,sach-kiet-tac-van-hoc-bang-tranh-ba-chang-linh-ngu-lam-p278760798,https://tiki.vn/sach-kiet-tac-van-hoc-bang-tranh-ba-chang-linh-ngu-lam-p278760798.html,Sách - Kiệt Tác Văn Học Bằng Tranh - Ba Chàng Lính Ngự Lâm,0.0,0,120000,110400,,67994
274022371,sach-luu-day-va-vuong-quoc-albert-camus-bia-cung-nha-nam-official-p274022371,https://tiki.vn/sach-luu-day-va-vuong-quoc-albert-camus-bia-cung-nha-nam-official-p274022371.html,Sách - Lưu đày và vương quốc (Albert Camus) (Bìa cứng) - Nhã Nam Official,0.0,0,130000,130000,,67994
253284363,doi-tho-nha-nam-ba-n-quye-n-p253284363,https://tiki.vn/doi-tho-nha-nam-ba-n-quye-n-p253284363.html,Đồi Thỏ - nhã nam -  Bản Quyền,0.0,0,167000,167000,,67994
251985179,hai-so-phan-bia-mem-tai-ban-2023-p251985179,https://tiki.vn/hai-so-phan-bia-mem-tai-ban-2023-p251985179.html,Hai Số Phận - Bìa Mềm (Tái Bản 2023),0.0,0,195000,195000,1.0,67994
200848621,sach-nguoi-bi-an-khoac-ao-hong-y-p200848621,https://tiki.vn/sach-nguoi-bi-an-khoac-ao-hong-y-p200848621.html,Sách - Người Bí Ẩn Khoác Áo Hồng Y ( Huy Hoàng ),0.0,0,271946,271946,,67994
253235232,an-mang-muoi-mot-chu-ba-n-quye-n-p253235232,https://tiki.vn/an-mang-muoi-mot-chu-ba-n-quye-n-p253235232.html,Án mạng mười một chữ - Bản Quyền,0.0,0,110000,110000,,67994
278969223,sach-hai-so-phan-kane-and-abel-bia-cung-tai-ban-2025-p278969223,https://tiki.vn/sach-hai-so-phan-kane-and-abel-bia-cung-tai-ban-2025-p278969223.html,Sách - Hai Số Phận - Kane And Abel - Bìa Cứng (Tái Bản 2025),0.0,0,295000,259600,107.0,67994
253656605,truyen-ma-m-r-james-p253656605,https://tiki.vn/truyen-ma-m-r-james-p253656605.html,Truyện ma (M.R.James),0.0,0,147000,147000,,67994
277810740,nghich-ly-13-p277810740,https://tiki.vn/nghich-ly-13-p277810740.html,Nghịch Lý 13,0.0,0,259000,246050,,67994
276847692,ban-chat-cua-nguoi-tai-ban-nam-2024-p276847692,https://tiki.vn/ban-chat-cua-nguoi-tai-ban-nam-2024-p276847692.html,Bản Chất Của Người (Tái bản năm 2024),0.0,0,129000,122550,,67994
278281177,sach-chien-binh-cau-vong-tb-2025-nha-nam-hcm-p278281177,https://tiki.vn/sach-chien-binh-cau-vong-tb-2025-nha-nam-hcm-p278281177.html,Sách - Chiến binh cầu vồng (TB 2025) (Nhã Nam HCM),0.0,0,135000,121500,2.0,67994
275511555,truyen-co-grimm-bia-mem-kho-13-5-x-20-5-cm-p275511555,https://tiki.vn/truyen-co-grimm-bia-mem-kho-13-5-x-20-5-cm-p275511555.html,"Truyện cổ Grimm (Bìa mềm, khổ 13.5 x 20.5 cm)",0.0,0,180000,171000,2.0,67994
253277225,1q84-tap-1-haruki-murakami-ba-n-quye-n-p253277225,https://tiki.vn/1q84-tap-1-haruki-murakami-ba-n-quye-n-p253277225.html,1Q84 (Tập 1) (Haruki Murakami) - Bản Quyền,0.0,0,160000,160000,,67994
273707122,noi-co-don-cua-cac-so-nguyen-to-cuon-sach-van-hoc-lang-man-hay-p273707122,https://tiki.vn/noi-co-don-cua-cac-so-nguyen-to-cuon-sach-van-hoc-lang-man-hay-p273707122.html,Nỗi Cô Đơn Của Các Số Nguyên Tố- Cuốn Sách Văn Học Lãng Mạn Hay,0.0,0,98150,98150,,67994
892653,sach-bui-sao-p892653,https://tiki.vn/sach-bui-sao-p892653.html,Sách Bụi Sao,0.0,0,118000,118000,,67994
253235544,anne-toc-do-o-dao-hoang-tu-edward-ba-n-quye-n-p253235544,https://tiki.vn/anne-toc-do-o-dao-hoang-tu-edward-ba-n-quye-n-p253235544.html,Anne tóc đỏ ở đảo Hoàng tử Edward - Bản Quyền,0.0,0,120000,120000,,67994
216296786,sach-cha-con-giao-hoang-mario-puzo-p216296786,https://tiki.vn/sach-cha-con-giao-hoang-mario-puzo-p216296786.html,Sách - Cha Con Giáo Hoàng (Mario Puzo),0.0,0,135000,135000,,67994
273676124,ngay-cuoi-cung-cua-nguoi-bi-ket-an_nn-p273676124,https://tiki.vn/ngay-cuoi-cung-cua-nguoi-bi-ket-an_nn-p273676124.html,Ngày Cuối Cùng Của Người Bị Kết Án_NN,0.0,0,94000,94000,,67994
279104467,nha-gia-kim-paulo-coelho-le-chu-cau-dich-nha-nam-p279104467,https://tiki.vn/nha-gia-kim-paulo-coelho-le-chu-cau-dich-nha-nam-p279104467.html,NHÀ GIẢ KIM – Paulo Coelho – Lê Chu Cầu dịch – Nhã Nam,0.0,0,95000,95000,,67994
137024869,cha-con-giao-hoang-p137024869,https://tiki.vn/cha-con-giao-hoang-p137024869.html,Cha con Giáo Hoàng,0.0,0,135000,135000,,67994
5067151,sach-to-hoc-lap-trinh-lam-quen-voi-lap-trinh-scratch-tai-ban-p5067151,https://tiki.vn/sach-to-hoc-lap-trinh-lam-quen-voi-lap-trinh-scratch-tai-ban-p5067151.html,Sách Tớ Học Lập Trình - Làm Quen Với Lập Trình Scratch (Tái Bản),0.0,0,105000,105000,4.0,67994
277388791,sach-mot-cuoc-doi-bat-tan-nha-nam-hcm-p277388791,https://tiki.vn/sach-mot-cuoc-doi-bat-tan-nha-nam-hcm-p277388791.html,Sách - Một cuộc đời bất tận (Nhã Nam HCM),0.0,0,162000,145800,,67994
273122196,sach-chu-be-mang-pyjama-soc-tb-2023-nn-mk-p273122196,https://tiki.vn/sach-chu-be-mang-pyjama-soc-tb-2023-nn-mk-p273122196.html,Sách - Chú bé mang pyjama sọc (TB 2023)NN-MK,0.0,0,79000,79000,,67994
248592424,sach-mot-chuyen-doi-nha-nam-ban-quyen-p248592424,https://tiki.vn/sach-mot-chuyen-doi-nha-nam-ban-quyen-p248592424.html,Sách Một Chuyện Đời - Nhã Nam - BẢN QUYỀN,0.0,0,145000,145000,1.0,67994
273271844,chua-ruoi-tieu-thuyet-nobel-van-chuong-1983-p273271844,https://tiki.vn/chua-ruoi-tieu-thuyet-nobel-van-chuong-1983-p273271844.html,Chúa Ruồi - Tiểu Thuyết (Nobel Văn Chương 1983),0.0,0,88000,88000,,67994
270825238,lu-tre-duong-tau-p270825238,https://tiki.vn/lu-tre-duong-tau-p270825238.html,Lũ Trẻ Đường Tàu,0.0,0,85000,85000,1.0,67994
278638069,sach-tua-thinh-khong-like-air-nha-nam-hcm-p278638069,https://tiki.vn/sach-tua-thinh-khong-like-air-nha-nam-hcm-p278638069.html,Sách - Tựa thinh không (Like Air) (Nhã Nam HCM),0.0,0,110000,99000,2.0,67994
272900533,sach-phia-sau-nghi-can-x-nha-nam-mk-p272900533,https://tiki.vn/sach-phia-sau-nghi-can-x-nha-nam-mk-p272900533.html,Sách - Phía sau nghi can X(Nhã Nam -MK),0.0,0,129000,125130,,67994
134222577,buc-hoa-dorian-gray-oscar-wilde-p134222577,https://tiki.vn/buc-hoa-dorian-gray-oscar-wilde-p134222577.html,Bức Hoạ Dorian Gray - Oscar Wilde,0.0,0,102000,102000,1.0,67994
274084673,canh-buom-do-tham-tai-ban-2024-p274084673,https://tiki.vn/canh-buom-do-tham-tai-ban-2024-p274084673.html,Cánh Buồm Đỏ Thắm (Tái Bản 2024),4.0,1,42000,39000,14.0,67994
448593,sach-nguoi-dua-dieu-tai-ban-2015-p448593,https://tiki.vn/sach-nguoi-dua-dieu-tai-ban-2015-p448593.html,Sách Người Đua Diều (Tái Bản 2015),0.0,0,127000,127000,,67994
276405520,sach-sherlock-holmes-tap-2-tai-ban-2023-hh-p276405520,https://tiki.vn/sach-sherlock-holmes-tap-2-tai-ban-2023-hh-p276405520.html,Sherlock Holmes - Tập 2 (HH),0.0,0,150000,141000,1.0,67994
272133870,sach-mot-thoang-ta-ruc-ro-o-nhan-gian-on-earth-we-re-briefly-gorgeous-ocean-vuong-nha-nam-official-p272133870,https://tiki.vn/sach-mot-thoang-ta-ruc-ro-o-nhan-gian-on-earth-we-re-briefly-gorgeous-ocean-vuong-nha-nam-official-p272133870.html,Sách - Một thoáng ta rực rỡ ở nhân gian (On earth we're briefly gorgeous - Ocean Vuong) - Nhã Nam Official,5.0,1,135000,128000,19.0,67994
217563100,binh-yen-nhe-bc-p217563100,https://tiki.vn/binh-yen-nhe-bc-p217563100.html,Bình Yên Nhé (BC),0.0,0,280000,280000,2.0,67994
202234026,combo-2-tac-pham-kinh-dien-cuoc-phieu-luu-cua-thuyen-truong-corcoran-co-gai-duoi-tang-ham-tang-kem-bookmark-bamboo-books-p202234026,https://tiki.vn/combo-2-tac-pham-kinh-dien-cuoc-phieu-luu-cua-thuyen-truong-corcoran-co-gai-duoi-tang-ham-tang-kem-bookmark-bamboo-books-p202234026.html,Combo 2 Tác Phẩm Kinh Điển : Cuộc Phiêu Lưu Của Thuyền Trưởng Corcoran + Cô Gái Dưới Tầng Hầm (Tặng Kèm Bookmark Bamboo Books),0.0,0,369000,369000,,67994
204622927,tuyen-tap-roald-dahl-chu-rua-alfie-p204622927,https://tiki.vn/tuyen-tap-roald-dahl-chu-rua-alfie-p204622927.html,Tuyển tập Roald Dahl - Chú rùa Alfie,0.0,0,25000,25000,2.0,67994
277353757,sach-tieng-goi-noi-hoang-da-khang-viet-book-p277353757,https://tiki.vn/sach-tieng-goi-noi-hoang-da-khang-viet-book-p277353757.html,Sách - Tiếng Gọi Nơi Hoang Dã - Khang Việt Book,0.0,0,72000,72000,,67994
379084,sach-tup-leu-bac-tom-p379084,https://tiki.vn/sach-tup-leu-bac-tom-p379084.html,Sách Túp Lều Bác Tom,5.0,1,99000,99000,1.0,67994
277353763,sach-trong-gia-dinh-khang-viet-book-p277353763,https://tiki.vn/sach-trong-gia-dinh-khang-viet-book-p277353763.html,Sách - Trong Gia Đình - Khang Việt Book,0.0,0,79000,79000,1.0,67994
219453292,sa-doa-bia-cung-2021-p219453292,https://tiki.vn/sa-doa-bia-cung-2021-p219453292.html,Sa Đọa (Bìa Cứng 2021),0.0,0,220000,220000,2.0,67994
260803531,sach-the-gioi-that-lac-nhung-cuoc-phieu-luu-cua-giao-su-challenger-i-tang-postcard-p260803531,https://tiki.vn/sach-the-gioi-that-lac-nhung-cuoc-phieu-luu-cua-giao-su-challenger-i-tang-postcard-p260803531.html,Sách Thế Giới Thất Lạc (Những Cuộc Phiêu Lưu Của Giáo Sư Challenger – I) [Tặng Postcard],0.0,0,145000,145000,1.0,67994
276598937,chang-cho-p276598937,https://tiki.vn/chang-cho-p276598937.html,Chàng Chó,0.0,0,115000,115000,1.0,67994
229739422,van-hoc-phap-trong-gia-dinh-p229739422,https://tiki.vn/van-hoc-phap-trong-gia-dinh-p229739422.html,Văn học Pháp - Trong gia đình,0.0,0,80000,80000,2.0,67994
278854500,van-hoc-co-dien-dong-a-classic-nhung-tam-long-cao-ca-p278854500,https://tiki.vn/van-hoc-co-dien-dong-a-classic-nhung-tam-long-cao-ca-p278854500.html,Văn Học Cổ Điển Đông A Classic: Những Tấm Lòng Cao Cả,0.0,0,90000,90000,,67994
192564975,ong-gia-va-bien-ca-p192564975,https://tiki.vn/ong-gia-va-bien-ca-p192564975.html,Ông già và biển cả,0.0,0,200000,200000,,67994
480395,combo-nhung-cau-chuyen-phieu-luu-ky-thu-p480395,https://tiki.vn/combo-nhung-cau-chuyen-phieu-luu-ky-thu-p480395.html,Combo Những Câu Chuyện Phiêu Lưu Kỳ Thú ,0.0,0,292000,292000,,67994
842650,sach-cuoc-phieu-luu-cua-thuyen-truong-corcoran-p842650,https://tiki.vn/sach-cuoc-phieu-luu-cua-thuyen-truong-corcoran-p842650.html,Sách Cuộc Phiêu Lưu Của Thuyền Trưởng Corcoran,0.0,0,74000,74000,1.0,67994
274033297,cuon-sach-van-hoc-lang-man-hay-nang-xuyen-qua-vom-la-p274033297,https://tiki.vn/cuon-sach-van-hoc-lang-man-hay-nang-xuyen-qua-vom-la-p274033297.html,Cuốn Sách Văn Học Lãng Mạn Hay- Nắng Xuyên Qua Vòm Lá,0.0,0,224150,224150,1.0,67994
253700660,chang-le-o-vay-thiet-sao-tan-van-ba-n-quye-n-p253700660,https://tiki.vn/chang-le-o-vay-thiet-sao-tan-van-ba-n-quye-n-p253700660.html,Chẳng Lẽ Ở Vậy Thiệt Sao? (tản văn) - Bản Quyền,0.0,0,58000,58000,,67994
270785729,thoi-khac-dinh-menh-agatha-christie-ban-quyen-p270785729,https://tiki.vn/thoi-khac-dinh-menh-agatha-christie-ban-quyen-p270785729.html,Thời Khắc Định Mệnh (Agatha Christie) - Bản Quyền,0.0,0,103000,103000,,67994
203960300,bia-cung-ba-dalloway-virgina-woolf-tran-nguyen-dich-rainbow-nxb-phu-nu-viet-nam-p203960300,https://tiki.vn/bia-cung-ba-dalloway-virgina-woolf-tran-nguyen-dich-rainbow-nxb-phu-nu-viet-nam-p203960300.html,(Bìa cứng) BÀ DALLOWAY –Virgina Woolf – Trần Nguyên dịch – Rainbow – NXB Phụ Nữ Việt Nam,0.0,0,245000,245000,,67994
252641081,sach-nhung-dem-khong-ngu-nhung-ngay-cham-troi-ba-n-quye-n-p252641081,https://tiki.vn/sach-nhung-dem-khong-ngu-nhung-ngay-cham-troi-ba-n-quye-n-p252641081.html,"Sách Những Đêm Không Ngủ, Những Ngày Chậm Trôi - Bản Quyền",0.0,0,86000,86000,,67994
277437102,sach-salam-chao-xu-ba-tu-ho-anh-thai-nxb-tre-p277437102,https://tiki.vn/sach-salam-chao-xu-ba-tu-ho-anh-thai-nxb-tre-p277437102.html,Sách - Salam - Chào Xứ Ba Tư - Hồ Anh Thái - NXB Trẻ,0.0,0,170000,170000,,67994
270771739,an-mang-tren-san-golf-agatha-christie-ban-quyen-p270771739,https://tiki.vn/an-mang-tren-san-golf-agatha-christie-ban-quyen-p270771739.html,Án Mạng Trên Sân Golf (Agatha Christie) - Bản Quyền,0.0,0,105000,105000,,67994
270785800,khoi-sinh-cua-co-doc-ban-quyen-p270785800,https://tiki.vn/khoi-sinh-cua-co-doc-ban-quyen-p270785800.html,Khởi Sinh Của Cô Độc - Bản Quyền,0.0,0,120000,120000,,67994
158900743,sach-dam-xanh-ban-thuong-1980books-p158900743,https://tiki.vn/sach-dam-xanh-ban-thuong-1980books-p158900743.html,Sách - Dặm xanh (bản thường) - 1980Books,0.0,0,289000,289000,1.0,67994
242082618,mot-trong-nhung-tac-pham-kinh-dien-vi-dai-cua-van-hoc-nhat-hien-dai-voi-hon-1-trieu-ban-da-duoc-ban-ra-chiec-thia-bac-kansuke-naka-khanh-trang-dich-1980-books-nxb-thanh-nien-p242082618,https://tiki.vn/mot-trong-nhung-tac-pham-kinh-dien-vi-dai-cua-van-hoc-nhat-hien-dai-voi-hon-1-trieu-ban-da-duoc-ban-ra-chiec-thia-bac-kansuke-naka-khanh-trang-dich-1980-books-nxb-thanh-nien-p242082618.html,(Một trong những tác phẩm KINH ĐIỂN VĨ ĐẠI của văn học Nhật hiện đại với hơn 1 triệu bản đã được bán ra ) CHIẾC THÌA BẠC - Kansuke Naka - Khánh Trang dịch – 1980 Books – NXB Thanh Niên ,0.0,0,169000,169000,1.0,67994
276241866,hp-harry-potter-boxset-30-cuon-tron-bo-7-tap-kho-nho-ban-quyen-p276241866,https://tiki.vn/hp-harry-potter-boxset-30-cuon-tron-bo-7-tap-kho-nho-ban-quyen-p276241866.html,Hp. Harry Potter - Boxset 30 Cuốn (Trọn Bộ 7 Tập) - Khổ Nhỏ - Bản Quyền,0.0,0,1850000,1850000,,67994
382893,sach-ngoi-nha-nho-tren-thao-nguyen-tap-8-nam-thang-vang-son-p382893,https://tiki.vn/sach-ngoi-nha-nho-tren-thao-nguyen-tap-8-nam-thang-vang-son-p382893.html,Sách Ngôi Nhà Nhỏ Trên Thảo Nguyên (Tập 8) - Năm Tháng Vàng Son,0.0,0,73684,73684,3.0,67994
270662786,quo-vadis-p270662786,https://tiki.vn/quo-vadis-p270662786.html,Quo Vadis,0.0,0,168850,168850,,67994
119240540,phuc-sinh-tri-viet-p119240540,https://tiki.vn/phuc-sinh-tri-viet-p119240540.html,Phục Sinh (Trí Việt),0.0,0,156950,156950,,67994
205302761,bia-cung-rumi-tinh-tuyet-jal-l-al-d-n-mu-ammad-r-m-le-duy-nam-le-ai-dich-tu-ban-tieng-anh-cua-coleman-barks-ha-thuy-nguyen-hieu-dinh-lyceum-nxb-hoi-nha-van-p205302761,https://tiki.vn/bia-cung-rumi-tinh-tuyet-jal-l-al-d-n-mu-ammad-r-m-le-duy-nam-le-ai-dich-tu-ban-tieng-anh-cua-coleman-barks-ha-thuy-nguyen-hieu-dinh-lyceum-nxb-hoi-nha-van-p205302761.html,"(Bìa cứng - Tái bản 2022) RUMI TINH TUYỆT - Jalāl al-Dīn Muḥammad Rūmī – Lê Duy Nam & Lê Ái dịch từ bản tiếng Anh của Coleman Barks, Hà Thủy Nguyên hiệu đính – Lyceum – Nxb Hội Nhà Văn",0.0,0,360000,360000,,67994
270660654,nguoi-ca-p270660654,https://tiki.vn/nguoi-ca-p270660654.html,Người Cá,0.0,0,50700,50700,,67994
208408700,bo-cau-khong-dua-thu-p208408700,https://tiki.vn/bo-cau-khong-dua-thu-p208408700.html,Bồ Câu Không Đưa Thư,0.0,0,95000,95000,,67994
200726972,ma-tran-cuoc-doi-keanu-reeves-p200726972,https://tiki.vn/ma-tran-cuoc-doi-keanu-reeves-p200726972.html,Ma Trận Cuộc Đời Keanu Reeves,0.0,0,168000,168000,,67994
270491531,olivo-tuyt-tri-viet-p270491531,https://tiki.vn/olivo-tuyt-tri-viet-p270491531.html,Ôlivơ Tuýt (Trí Việt),0.0,0,103400,103400,,67994
222524396,ma-tran-cuoc-doi-keanu-reeves-p222524396,https://tiki.vn/ma-tran-cuoc-doi-keanu-reeves-p222524396.html,Ma Trận Cuộc Đời Keanu Reeves,0.0,0,168000,168000,,67994
49082316,tac-pham-van-hoc-trung-hoa-kinh-dien-ngu-ho-binh-tay-bia-cung-p49082316,https://tiki.vn/tac-pham-van-hoc-trung-hoa-kinh-dien-ngu-ho-binh-tay-bia-cung-p49082316.html,Tác Phẩm Văn Học Trung Hoa Kinh Điển: Ngũ Hổ Bình Tây (Bìa Cứng) ,0.0,0,254949,254949,,67994
208917328,lao-tu-dao-duc-kinh-tb-2020-ban-quyen-p208917328,https://tiki.vn/lao-tu-dao-duc-kinh-tb-2020-ban-quyen-p208917328.html,Lão Tử Đạo đức kinh (TB 2020) - Bản Quyền,0.0,0,99000,99000,,67994
252635332,sach-nguoi-la-bien-rong-ke-la-mat-troi-ban-quyen-p252635332,https://tiki.vn/sach-nguoi-la-bien-rong-ke-la-mat-troi-ban-quyen-p252635332.html,"Sách Người là biển rộng, kẻ là mặt trời - Bản Quyền",0.0,0,149000,149000,,67994
115123021,adolf-hitler-chan-dung-mot-trum-phat-xit-tac-pham-do-so-va-chi-tiet-nhat-ma-nhan-loai-tung-co-ve-adolf-hitler-tb-2020-75-nam-ket-thuc-the-chien-ii-p115123021,https://tiki.vn/adolf-hitler-chan-dung-mot-trum-phat-xit-tac-pham-do-so-va-chi-tiet-nhat-ma-nhan-loai-tung-co-ve-adolf-hitler-tb-2020-75-nam-ket-thuc-the-chien-ii-p115123021.html,Adolf Hitler - Chân Dung Một Trùm Phát Xít - Tác phẩm đồ sộ và chi tiết nhất mà nhân loại từng có về Adolf Hitler (TB 2020) - 75 năm kết thúc thế chiến II,0.0,0,599000,599000,2.0,67994
387549,sach-ngoi-nha-nho-tren-thao-nguyen-tap-7-thi-tran-nho-hs-p387549,https://tiki.vn/sach-ngoi-nha-nho-tren-thao-nguyen-tap-7-thi-tran-nho-hs-p387549.html,Sách Ngôi Nhà Nhỏ Trên Thảo Nguyên - Tập 7 (Thị Trấn Nhỏ) - HS,0.0,0,73684,73684,,67994
275607022,cuoc-hen-voi-tu-thi-su-that-phia-sau-cai-chet-p275607022,https://tiki.vn/cuoc-hen-voi-tu-thi-su-that-phia-sau-cai-chet-p275607022.html,Cuộc Hẹn Với Tử Thi - Sự Thật Phía Sau Cái Chết,0.0,0,109000,109000,,67994
249390179,cuoc-phieu-luu-cua-thuyen-truong-corcoran-p249390179,https://tiki.vn/cuoc-phieu-luu-cua-thuyen-truong-corcoran-p249390179.html,Cuộc Phiêu Lưu Của Thuyền Trưởng Corcoran,0.0,0,219000,219000,1.0,67994
380829,sach-ngoi-nha-nho-tren-thao-nguyen-tap-7-thi-tran-nho-p380829,https://tiki.vn/sach-ngoi-nha-nho-tren-thao-nguyen-tap-7-thi-tran-nho-p380829.html,Sách Ngôi Nhà Nhỏ Trên Thảo Nguyên - Tập 7 (Thị Trấn Nhỏ),0.0,0,70000,70000,,67994
249656608,tay-du-ky-bia-cung-tron-bo-2-tap-p249656608,https://tiki.vn/tay-du-ky-bia-cung-tron-bo-2-tap-p249656608.html,Tây du ký (bìa cứng) (trọn bộ 2 tập),0.0,0,352729,352729,1.0,67994
272563866,van-menh-nguoi-linh-tot-vejk-trong-dai-chien-the-gioi-tap-iii-iv-jaroslav-ha-ek-binh-slavicka-dich-bia-mem-p272563866,https://tiki.vn/van-menh-nguoi-linh-tot-vejk-trong-dai-chien-the-gioi-tap-iii-iv-jaroslav-ha-ek-binh-slavicka-dich-bia-mem-p272563866.html,Vận Mệnh Người Lính Tốt Švejk Trong Đại Chiến Thế Giới (tập III - IV) - Jaroslav Hašek - Bình Slavická dịch - (bìa mềm),0.0,0,205894,205894,,67994
250548895,sach-tu-p-le-u-ba-c-tom-tb-2022-p250548895,https://tiki.vn/sach-tu-p-le-u-ba-c-tom-tb-2022-p250548895.html,Túp Lều Bác Tôm (TB 2022),0.0,0,97750,97750,,67994
208408710,phien-ban-ke-lai-day-loi-cuon-cua-tac-pham-van-hoc-kinh-dien-phu-thuy-xu-oz-p208408710,https://tiki.vn/phien-ban-ke-lai-day-loi-cuon-cua-tac-pham-van-hoc-kinh-dien-phu-thuy-xu-oz-p208408710.html,Phiên Bản Kể Lại Đầy Lôi Cuốn Của Tác Phẩm Văn Học Kinh Điển - Phù Thủy Xứ Oz,0.0,0,55000,55000,,67994
166223065,combo-buc-thu-cua-nguoi-dan-ba-khong-quen-eugenie-grandet-p166223065,https://tiki.vn/combo-buc-thu-cua-nguoi-dan-ba-khong-quen-eugenie-grandet-p166223065.html,Combo Bức thư của người đàn bà không quen + Eugénie Grandet,5.0,23,184000,156400,84.0,67994
277408809,sach-combo-thien-tinh-nu-lich-su-vo-lich-su-v-u-p277408809,https://tiki.vn/sach-combo-thien-tinh-nu-lich-su-vo-lich-su-v-u-p277408809.html,Sách - Combo Thiên tính nữ : Lịch sử vợ + Lịch sử v-ú,0.0,0,498000,448200,,67994
276502442,the-gioi-trong-long-gieng-p276502442,https://tiki.vn/the-gioi-trong-long-gieng-p276502442.html,Thế Giới Trong Lòng Giếng,0.0,0,137696,137696,,67994
272818308,sach-thien-tu-van-bia-mem-tai-ban-2022-mt-p272818308,https://tiki.vn/sach-thien-tu-van-bia-mem-tai-ban-2022-mt-p272818308.html,Sách - Thiên Tự Văn (bìa mềm - tái bản 2022) (MT),0.0,0,85483,85483,,67994
252050196,sach-gio-cat-va-nhung-ngoi-sao-antoine-de-saint-exupery-p252050196,https://tiki.vn/sach-gio-cat-va-nhung-ngoi-sao-antoine-de-saint-exupery-p252050196.html,"Sách - Gió, cát và những ngôi sao - Antoine de Saint Exupery",0.0,0,189000,189000,4.0,67994
278022674,nhung-dua-tre-thuong-luu-p278022674,https://tiki.vn/nhung-dua-tre-thuong-luu-p278022674.html,Những Đứa Trẻ Thượng Lưu,0.0,0,135000,128250,,67994
11493613,kinh-nghiem-tinh-ai-p11493613,https://tiki.vn/kinh-nghiem-tinh-ai-p11493613.html,Kinh Nghiệm Tình Ái,4.0,1,219000,164250,20.0,67994
114772649,napoleon-bonaparte-bia-cung-p114772649,https://tiki.vn/napoleon-bonaparte-bia-cung-p114772649.html,Napoléon Bonaparte (Bìa cứng),0.0,0,590000,590000,,67994
214589701,combo-tay-du-ky-tap-1-8-bo-8-cuon-ha-p214589701,https://tiki.vn/combo-tay-du-ky-tap-1-8-bo-8-cuon-ha-p214589701.html,Combo Tây Du Ký Tập 1 - 8 (Bộ 8 Cuốn) - HA,0.0,0,152000,106400,1.0,67994
276121389,hp-02-harry-potter-va-phong-chua-bi-mat-set-3-cuon-kho-nho-ban-quyen-p276121389,https://tiki.vn/hp-02-harry-potter-va-phong-chua-bi-mat-set-3-cuon-kho-nho-ban-quyen-p276121389.html,Hp 02. Harry Potter Và Phòng Chứa Bí Mật (Set 3 Cuốn) - Khổ Nhỏ - Bản Quyền,0.0,0,160000,128000,1.0,67994
274241159,sach-trai-dat-chuyen-minh-ban-bia-vai-kashmir-tram-doc-p274241159,https://tiki.vn/sach-trai-dat-chuyen-minh-ban-bia-vai-kashmir-tram-doc-p274241159.html,Sách Trái Đất Chuyển Mình ( Bản bìa vải KASHMIR - Trạm Đọc  ),0.0,0,1000000,1000000,,67994
273657954,tram-doc-official-titan-gia-toc-rockefeller-p273657954,https://tiki.vn/tram-doc-official-titan-gia-toc-rockefeller-p273657954.html,Trạm Đọc Official | Titan – Gia Tộc Rockefeller,0.0,0,499000,424000,1.0,67994
272555576,bia-cung-minh-hoa-mau-harry-potter-ky-thu-phu-thuy-j-k-rowling-xuan-uyen-uyen-phuong-dich-nxb-tre-p272555576,https://tiki.vn/bia-cung-minh-hoa-mau-harry-potter-ky-thu-phu-thuy-j-k-rowling-xuan-uyen-uyen-phuong-dich-nxb-tre-p272555576.html,(Bìa cứng -  Minh hoạ màu) HARRY POTTER - KỲ THƯ PHÙ THỦY - J. K. Rowling – Xuân Uyên - Uyên Phương dịch - NXB Trẻ,0.0,0,555000,555000,,67994
278248028,arya-ban-ben-thinh-thoang-lai-treu-gheo-toi-bang-tieng-nga-tap-7-ban-gioi-han-p278248028,https://tiki.vn/arya-ban-ben-thinh-thoang-lai-treu-gheo-toi-bang-tieng-nga-tap-7-ban-gioi-han-p278248028.html,Arya Bàn Bên Thỉnh Thoảng Lại Trêu Ghẹo Tôi Bằng Tiếng Nga - Tập 7 (Bản giới hạn),0.0,0,135000,135000,1.0,67994
252244364,sach-co-mot-ngay-bo-me-se-gia-di-ban-quyen-p252244364,https://tiki.vn/sach-co-mot-ngay-bo-me-se-gia-di-ban-quyen-p252244364.html,"Sách Có Một Ngày, Bố Mẹ Sẽ Già Đi - Bản Quyền",0.0,0,96000,96000,,67994
278853346,van-hoc-co-dien-dong-a-classic-khu-vuon-bi-mat-p278853346,https://tiki.vn/van-hoc-co-dien-dong-a-classic-khu-vuon-bi-mat-p278853346.html,Văn Học Cổ Điển Đông A Classic: Khu Vườn Bí Mật,0.0,0,110000,110000,,67994
270252808,tay-du-kytap20-dai-nao-thien-cung-p270252808,https://tiki.vn/tay-du-kytap20-dai-nao-thien-cung-p270252808.html,Tây Du Ký Tập 2 - Đại Náo Thiên Cung,0.0,0,25000,15000,7.0,67994
183230527,nhung-con-chim-an-minh-cho-chet-p183230527,https://tiki.vn/nhung-con-chim-an-minh-cho-chet-p183230527.html,Những Con Chim Ẩn Mình Chờ Chết,0.0,0,160000,160000,1.0,67994
272144166,dam-nghi-dam-nghi-dam-nghi-goc-nhin-cuoc-song-va-viec-lam-tu-mekong-den-thung-lung-silicon-ban-quyen-p272144166,https://tiki.vn/dam-nghi-dam-nghi-dam-nghi-goc-nhin-cuoc-song-va-viec-lam-tu-mekong-den-thung-lung-silicon-ban-quyen-p272144166.html,"Dám Nghi, Dám Nghĩ, Dám Nghỉ: Góc Nhìn Cuộc Sống Và Việc Làm Từ Mekong Đến Thung Lũng Silicon - Bản Quyền",0.0,0,85000,85000,,67994
143144320,sach-sau-anh-phan-tiep-theo-truoc-ngay-em-den-p143144320,https://tiki.vn/sach-sau-anh-phan-tiep-theo-truoc-ngay-em-den-p143144320.html,Sách-Sau Anh (Phần tiếp theo Trước Ngày Em Đến),0.0,0,190000,190000,4.0,67994
242101783,sach-anne-toc-do-o-dao-hoang-tu-edward-p242101783,https://tiki.vn/sach-anne-toc-do-o-dao-hoang-tu-edward-p242101783.html,Sách - Anne tóc đỏ ở đảo Hoàng tử Edward - Nhã nam,0.0,0,95000,95000,1.0,67994
198195488,duong-tong-truyen-ky-bia-cung-kv-p198195488,https://tiki.vn/duong-tong-truyen-ky-bia-cung-kv-p198195488.html,Đường Tống Truyền Kỳ (Bìa Cứng) - KV,0.0,0,269000,269000,3.0,67994
198724083,combo-khong-gia-dinh-cuoc-phieu-luu-cua-thuyen-truong-corcoran-p198724083,https://tiki.vn/combo-khong-gia-dinh-cuoc-phieu-luu-cua-thuyen-truong-corcoran-p198724083.html,Combo Không Gia Đình + Cuộc Phiêu Lưu Của Thuyền Trưởng Corcoran,0.0,0,528000,448000,,67994
277386201,sach-van-hoc-kinh-dien-chan-dung-mot-cuoc-hon-nhan-nxb-tre-p277386201,https://tiki.vn/sach-van-hoc-kinh-dien-chan-dung-mot-cuoc-hon-nhan-nxb-tre-p277386201.html,Sách - Văn Học Kinh Điển. Chân Dung Một Cuộc Hôn Nhân (NXB Trẻ),0.0,0,135000,112050,3.0,67994
210881157,sach-cuoc-doi-bat-tu-cua-henrietta-lacks-alphabooks-ban-quyen-p210881157,https://tiki.vn/sach-cuoc-doi-bat-tu-cua-henrietta-lacks-alphabooks-ban-quyen-p210881157.html,Sách Cuộc Đời Bất Tử Của Henrietta Lacks - Alphabooks - BẢN QUYỀN,0.0,0,269000,228000,,67994
272739303,sach-kham-pha-va-thuc-hanh-steam-qua-tac-pham-kinh-dien-le-cuon-4-chu-de-dinh-ti-books-p272739303,https://tiki.vn/sach-kham-pha-va-thuc-hanh-steam-qua-tac-pham-kinh-dien-le-cuon-4-chu-de-dinh-ti-books-p272739303.html,Sách - Khám phá và thực hành STEAM qua tác phẩm kinh điển - Lẻ cuốn 4 chủ đề - Đinh Tị Books,0.0,0,128000,128000,10.0,67994
208103011,sach-herzog-saul-bellow-nobel-van-hoc-1976-tang-kem-bookmark-bamboo-books-p208103011,https://tiki.vn/sach-herzog-saul-bellow-nobel-van-hoc-1976-tang-kem-bookmark-bamboo-books-p208103011.html,Sách - Herzog - Saul Bellow - Nobel Văn Học 1976 - Tặng Kèm Bookmark Bamboo Books,0.0,0,190000,190000,1.0,67994
179734712,nhung-ngoi-sao-eger-bia-cung-p179734712,https://tiki.vn/nhung-ngoi-sao-eger-bia-cung-p179734712.html,Những Ngôi Sao Eger (Bìa Cứng),0.0,0,218000,218000,,67994
172064971,chuong-nguyen-hon-ai-bia-mem-tai-ban-p172064971,https://tiki.vn/chuong-nguyen-hon-ai-bia-mem-tai-ban-p172064971.html,Chuông Nguyện Hồn Ai. Bìa Mềm . Tái bản,0.0,0,112478,112478,,67994
278474844,thuy-trieu-den-p278474844,https://tiki.vn/thuy-trieu-den-p278474844.html,Thủy Triều Đen,0.0,0,195000,146250,6.0,67994
278247544,alice-o-xu-so-dieu-ki-alice-o-xu-so-trong-guong-lewis-carroll-le-thi-oanh-dich-dong-a-p278247544,https://tiki.vn/alice-o-xu-so-dieu-ki-alice-o-xu-so-trong-guong-lewis-carroll-le-thi-oanh-dich-dong-a-p278247544.html,ALICE Ở XỨ SỞ DIỆU KÌ & ALICE Ở XỨ SỞ TRONG GƯƠNG – Lewis Carroll – Lê Thị Oanh dịch – Đông A,0.0,0,93000,93000,,67994
272818696,sach-de-tu-quy-bia-mem-tai-ban-2022-mt-p272818696,https://tiki.vn/sach-de-tu-quy-bia-mem-tai-ban-2022-mt-p272818696.html,Sách - Đệ tử quy (Bìa mềm - tái bản 2022)- MT,5.0,1,88191,88191,15.0,67994
2418645,sach-khong-gia-dinh-tai-ban-2018-p2418645,https://tiki.vn/sach-khong-gia-dinh-tai-ban-2018-p2418645.html,Sách Không Gia Đình (Tái Bản 2018),0.0,0,160350,160350,1.0,67994
403605,sach-tram-nam-co-don-p403605,https://tiki.vn/sach-tram-nam-co-don-p403605.html,Sách Trăm Năm Cô Đơn,5.0,1,239250,239250,20.0,67994
273699354,rumi-nha-huyen-mon-va-ke-say-coleman-barks-p273699354,https://tiki.vn/rumi-nha-huyen-mon-va-ke-say-coleman-barks-p273699354.html,Rumi: Nhà Huyền Môn Và Kẻ Say,0.0,0,153900,153900,1.0,67994
278901863,sach-hoang-tu-be-tb-2025-nha-nam-hcm-p278901863,https://tiki.vn/sach-hoang-tu-be-tb-2025-nha-nam-hcm-p278901863.html,Sách - Hoàng tử bé (TB 2025) (Nhã Nam HCM),0.0,0,86000,77400,,67994
271378201,cau-hoang-tu-nho-p271378201,https://tiki.vn/cau-hoang-tu-nho-p271378201.html,Cậu Hoàng Tử Nhỏ,0.0,0,118000,118000,,67994
182755819,pham-tam-quoc-dich-trung-thien-quang-van-p182755819,https://tiki.vn/pham-tam-quoc-dich-trung-thien-quang-van-p182755819.html,PHẨM TAM QUỐC – Dịch Trung Thiên – Quảng Văn,0.0,0,341000,341000,,67994
275228665,doc-to-heraclius-gloss-guy-de-maupassant-p275228665,https://tiki.vn/doc-to-heraclius-gloss-guy-de-maupassant-p275228665.html,Đốc tờ Héraclius Gloss  - Guy de Maupassant,0.0,0,69500,69500,,67994
279134860,song-tron-tung-giay-arnold-bennet-viet-yen-dich-nxb-phu-nu-the-hitcher-p279134860,https://tiki.vn/song-tron-tung-giay-arnold-bennet-viet-yen-dich-nxb-phu-nu-the-hitcher-p279134860.html,SỐNG TRỌN TỪNG GIÂY – Arnold Bennet – Việt Yên dịch – NXB Phụ Nữ – The Hitcher,0.0,0,60000,60000,,67994
2357771,sach-tra-hoa-nu-bia-mem-tai-ban-p2357771,https://tiki.vn/sach-tra-hoa-nu-bia-mem-tai-ban-p2357771.html,Sách Trà Hoa Nữ (Bìa Mềm - Tái Bản),0.0,0,68300,68300,1.0,67994
270252820,tay-du-kytap27-doat-bau-vat-ho-lo-p270252820,https://tiki.vn/tay-du-kytap27-doat-bau-vat-ho-lo-p270252820.html,Tây Du Ký Tập 8 - Đoạt Báu Vật Hồ Lô - Vanlangbooks,0.0,0,25000,15000,4.0,67994
275838998,anh-dung-giua-ngan-hoa-ha-ruc-ro-p275838998,https://tiki.vn/anh-dung-giua-ngan-hoa-ha-ruc-ro-p275838998.html,Anh Đứng Giữa Ngàn Hoa Hạ Rực Rỡ,0.0,0,128700,128700,,67994
276636811,trang-an-p276636811,https://tiki.vn/trang-an-p276636811.html,Trắng Án,0.0,0,169000,160550,,67994
276412167,ky-an-tren-thap-hoa-hong-p276412167,https://tiki.vn/ky-an-tren-thap-hoa-hong-p276412167.html,Kỳ Án Trên Tháp Hoa Hồng,0.0,0,119000,113050,,67994
276319970,van-hoc-co-dien-nghin-le-mot-dem-nhung-truyen-hay-chon-loc-p276319970,https://tiki.vn/van-hoc-co-dien-nghin-le-mot-dem-nhung-truyen-hay-chon-loc-p276319970.html,Văn Học Cổ Điển - Nghìn Lẻ Một Đêm - Những Truyện Hay Chọn Lọc,0.0,0,100000,95000,,67994
278076740,thoi-ai-tham-bi-le-tap-2-p278076740,https://tiki.vn/thoi-ai-tham-bi-le-tap-2-p278076740.html,Thời Ái Thấm Bi Lệ - Tập 2,0.0,0,179000,170050,,67994
109765006,olivia-p109765006,https://tiki.vn/olivia-p109765006.html,Olivia,5.0,30,50000,46500,95.0,67994
478624,sach-olivo-tuyt-tri-viet-p478624,https://tiki.vn/sach-olivo-tuyt-tri-viet-p478624.html,Sách Ôlivơ Tuýt (Trí Việt),0.0,0,122000,100000,3.0,67994
278617281,sach-nhung-cuoc-phieu-luu-cua-tom-sawyer-bia-vai-p278617281,https://tiki.vn/sach-nhung-cuoc-phieu-luu-cua-tom-sawyer-bia-vai-p278617281.html,Sách - Những Cuộc Phiêu Lưu Của Tom Sawyer - Bìa Vải,0.0,0,330000,320100,,67994
199969254,hai-van-dam-duoi-bien-tai-ban-2022-p199969254,https://tiki.vn/hai-van-dam-duoi-bien-tai-ban-2022-p199969254.html,Hai Vạn Dặm Dưới Biển (Tái Bản 2022),5.0,9,99000,87100,119.0,67994
249149793,britt-marie-da-o-day-fredrid-backman-p249149793,https://tiki.vn/britt-marie-da-o-day-fredrid-backman-p249149793.html,Britt-Marie Đã Ở Đây (Fredrid Backman),0.0,0,165000,165000,,67994
212993220,sach-nu-sinh-tai-ban-nam-2022-p212993220,https://tiki.vn/sach-nu-sinh-tai-ban-nam-2022-p212993220.html,Sách Nữ Sinh (Tái bản năm 2022),4.8,8,129000,129000,43.0,67994
278005577,sach-nhung-vu-ky-an-cua-sherlock-holmes-p278005577,https://tiki.vn/sach-nhung-vu-ky-an-cua-sherlock-holmes-p278005577.html,Sách: Những Vụ Kỳ Án Của Sherlock Holmes,4.0,1,180000,144000,3.0,67994
176752976,hanh-trinh-vao-tam-trai-dat-bia-mem-tai-ban-p176752976,https://tiki.vn/hanh-trinh-vao-tam-trai-dat-bia-mem-tai-ban-p176752976.html,Hành Trình Vào Tâm Trái Đất (Bìa Mềm) (Tái Bản),0.0,0,90000,79200,5.0,67994
193007774,sau-nguoi-di-khap-the-gian-tap-1-p193007774,https://tiki.vn/sau-nguoi-di-khap-the-gian-tap-1-p193007774.html,Sáu người đi khắp thế gian - Tập 1,0.0,0,115000,115000,,67994
275921487,sach-mat-trang-va-dong-xu-w-somerset-maugham-nha-nam-official-p275921487,https://tiki.vn/sach-mat-trang-va-dong-xu-w-somerset-maugham-nha-nam-official-p275921487.html,Sách - Mặt trăng và đồng xu (W. Somerset Maugham) (Nhã Nam Official),0.0,0,126000,113400,1.0,67994
276678737,ta-duong-tai-ban-nam-2024-p276678737,https://tiki.vn/ta-duong-tai-ban-nam-2024-p276678737.html,Tà Dương (Tái bản năm 2024),0.0,0,129000,129000,1.0,67994
277774401,sach-ti-nam-2-ke-hai-mat-nha-nam-hcm-p277774401,https://tiki.vn/sach-ti-nam-2-ke-hai-mat-nha-nam-hcm-p277774401.html,Sách - Ti Nam 2: Kẻ hai mặt (Nhã Nam HCM),5.0,1,320000,288000,1.0,67994
203084229,tuyen-tap-truyen-ngan-miyazawa-kenji-p203084229,https://tiki.vn/tuyen-tap-truyen-ngan-miyazawa-kenji-p203084229.html,Tuyển Tập Truyện Ngắn Miyazawa Kenji,0.0,0,140236,140236,,67994
270384164,hay-di-dat-nguoi-canh-gac-p270384164,https://tiki.vn/hay-di-dat-nguoi-canh-gac-p270384164.html,Hãy Đi Đặt Người Canh Gác - ,0.0,0,125000,125000,,67994
278851623,giet-con-chim-nhai-harper-lee-nha-nam-p278851623,https://tiki.vn/giet-con-chim-nhai-harper-lee-nha-nam-p278851623.html,GIẾT CON CHIM NHẠI - Harper Lee – Nhã Nam,0.0,0,198000,198000,,67994
243094031,sach-animorphs-nguoi-hoa-thu-tap-2-vi-khach-nha-nam-ban-quyen-p243094031,https://tiki.vn/sach-animorphs-nguoi-hoa-thu-tap-2-vi-khach-nha-nam-ban-quyen-p243094031.html,Sách Animorphs - Người Hóa Thú (Tập 2) : Vị Khách - Nhã Nam - BẢN QUYỀN,0.0,0,66000,66000,,67994
279376859,ong-gia-va-bien-ca-ernest-hemingway-p279376859,https://tiki.vn/ong-gia-va-bien-ca-ernest-hemingway-p279376859.html,Ông Già Và Biển Cả - Ernest Hemingway,0.0,0,62000,58900,1.0,67994
279632251,sach-dai-gia-gatsby-nha-nam-hcm-p279632251,https://tiki.vn/sach-dai-gia-gatsby-nha-nam-hcm-p279632251.html,Sách - Đại gia Gatsby (Nhã Nam HCM),0.0,0,105000,94500,2.0,67994
253276479,ba-noi-gangxto-david-walliams-ba-n-quye-n-p253276479,https://tiki.vn/ba-noi-gangxto-david-walliams-ba-n-quye-n-p253276479.html,Bà Nội Găngxtơ (David Walliams)  -  Bản Quyền,0.0,0,98000,98000,,67994
210966755,lu-tre-duong-tau-nha-nam-p210966755,https://tiki.vn/lu-tre-duong-tau-nha-nam-p210966755.html,Lũ Trẻ Đường Tàu (Nhã Nam) 	,5.0,1,85000,85000,3.0,67994
272134220,sach-mon-hang-quy-gia-nhat-mot-truyen-co-tich-jean-claude-grumberg-nha-nam-official-p272134220,https://tiki.vn/sach-mon-hang-quy-gia-nhat-mot-truyen-co-tich-jean-claude-grumberg-nha-nam-official-p272134220.html,Sách - Món hàng quý giá nhất: Một truyện cổ tích (Jean-Claude Grumberg) - Nhã Nam Official,0.0,0,68000,61200,1.0,67994
249053469,sach-ho-louis-sachar-tb-2020-nha-nam-ban-quyen-p249053469,https://tiki.vn/sach-ho-louis-sachar-tb-2020-nha-nam-ban-quyen-p249053469.html,Sách Hố - Louis Sachar (TB 2020) -Nhã Nam - BẢN QUYỀN,0.0,0,72000,72000,,67994
275859366,ong-molloy-ban-quyen-p275859366,https://tiki.vn/ong-molloy-ban-quyen-p275859366.html,Ông Molloy - Bản Quyền,0.0,0,190000,180000,,67994
248460380,sach-nhung-cuoc-chay-tron-tinh-yeu-nha-nam-ban-quyen-p248460380,https://tiki.vn/sach-nhung-cuoc-chay-tron-tinh-yeu-nha-nam-ban-quyen-p248460380.html,Sách Những cuộc chạy trốn tình yêu - Nhã Nam - BẢN QUYỀN,0.0,0,117000,117000,,67994
165183906,rilla-duoi-mai-nha-ben-anh-lua-tap-8-thuoc-bo-anne-toc-do-p165183906,https://tiki.vn/rilla-duoi-mai-nha-ben-anh-lua-tap-8-thuoc-bo-anne-toc-do-p165183906.html,Rilla dưới mái nhà Bên Ánh Lửa – tập 8 thuộc bộ ANNE TÓC ĐỎ -,0.0,0,180000,180000,6.0,67994
253269111,quan-quit-ba-n-quye-n-p253269111,https://tiki.vn/quan-quit-ba-n-quye-n-p253269111.html,Quấn Quít -  Bản Quyền,0.0,0,54000,54000,,67994
278969712,sach-hai-so-phan-kane-and-abel-tai-ban-2025-p278969712,https://tiki.vn/sach-hai-so-phan-kane-and-abel-tai-ban-2025-p278969712.html,Sách - Hai Số Phận - Kane And Abel (Tái Bản 2025),0.0,0,255000,224400,1.0,67994
249208103,sach-giet-con-chim-nhai-nha-nam-ban-quyen-p249208103,https://tiki.vn/sach-giet-con-chim-nhai-nha-nam-ban-quyen-p249208103.html,Sách Giết Con Chim Nhại - Nhã Nam - BẢN QUYỀN,0.0,0,145000,145000,,67994
249053475,sach-hannibal-troi-day-nha-nam-ban-quyen-p249053475,https://tiki.vn/sach-hannibal-troi-day-nha-nam-ban-quyen-p249053475.html,Sách Hannibal Trỗi Dậy - Nhã Nam - BẢN QUYỀN,0.0,0,138000,138000,,67994
194141256,nha-gia-kim_nn-p194141256,https://tiki.vn/nha-gia-kim_nn-p194141256.html,Nhà Giả Kim_NN,0.0,0,95000,95000,1.0,67994
248592476,sach-frankenstein-o-baghdad-nha-nam-ban-quyen-p248592476,https://tiki.vn/sach-frankenstein-o-baghdad-nha-nam-ban-quyen-p248592476.html,Sách Frankenstein ở Baghdad - Nhã Nam - BẢN QUYỀN,0.0,0,148000,148000,,67994
273122260,sach-ruot-oi-la-ruot-nn-mk-p273122260,https://tiki.vn/sach-ruot-oi-la-ruot-nn-mk-p273122260.html,Sách - Ruột Ơi Là Ruột (NN-MK),0.0,0,119000,114240,,67994
273943266,rap-ron-canh-hac-cuon-sach-van-hoc-lang-man-hay-p273943266,https://tiki.vn/rap-ron-canh-hac-cuon-sach-van-hoc-lang-man-hay-p273943266.html,Rập Rờn Cánh Hạc- Cuốn Sách Văn Học Lãng Mạn Hay,0.0,0,79000,79000,,67994
197602663,sach-den-doan-dau-dai-p197602663,https://tiki.vn/sach-den-doan-dau-dai-p197602663.html,Sách: Đến đoạn đầu đài,0.0,0,269000,269000,,67994
242799347,dai-gia-gatsby-p242799347,https://tiki.vn/dai-gia-gatsby-p242799347.html,Đại Gia Gatsby,0.0,0,86000,86000,,67994
143656053,oliver-twist-p143656053,https://tiki.vn/oliver-twist-p143656053.html,Oliver Twist,5.0,2,150000,142500,11.0,67994
263254091,ngoi-thu-nhat-so-it-haruki-murakami-p263254091,https://tiki.vn/ngoi-thu-nhat-so-it-haruki-murakami-p263254091.html,Ngôi Thứ Nhất Số Ít - Haruki Murakami,0.0,0,107000,107000,,67994
165789884,toi-ac-cua-sylvestre-bonnard-va-dao-chim-canh-cut-bia-vai-tu-sach-tram-nam-nobel-dong-a-p165789884,https://tiki.vn/toi-ac-cua-sylvestre-bonnard-va-dao-chim-canh-cut-bia-vai-tu-sach-tram-nam-nobel-dong-a-p165789884.html,TỘI ÁC CỦA SYLVESTRE BONNARD và ĐẢO CHIM CÁNH CỤT - BÌA VẢI - TỦ SÁCH TRĂM NĂM NOBEL - ĐÔNG A -,5.0,3,1650000,1650000,6.0,67994
273891908,sach-lang-nghe-gio-hat-haruki-murakami-tb-2023-nha-nam-official-p273891908,https://tiki.vn/sach-lang-nghe-gio-hat-haruki-murakami-tb-2023-nha-nam-official-p273891908.html,Sách - Lắng nghe gió hát (Haruki Murakami) (TB 2023) - Nhã Nam Official,0.0,0,88000,88000,5.0,67994
277600654,sach-den-doan-dau-dai-nha-nam-hcm-p277600654,https://tiki.vn/sach-den-doan-dau-dai-nha-nam-hcm-p277600654.html,Sách - Đến đoạn đầu đài (Nhã Nam HCM),0.0,0,269000,242100,2.0,67994
246160512,sach-truoc-luc-anh-di-nha-nam-ban-quyen-p246160512,https://tiki.vn/sach-truoc-luc-anh-di-nha-nam-ban-quyen-p246160512.html,Sách Trước lúc anh đi - Nhã Nam - BẢN QUYỀN,0.0,0,92000,92000,,67994
253259018,vo-va-chong-nha-nam-ba-n-quye-n-p253259018,https://tiki.vn/vo-va-chong-nha-nam-ba-n-quye-n-p253259018.html,Vợ và chồng (Nhã Nam) - Bản Quyền,0.0,0,148000,148000,,67994
242487103,sach-mua-xuong-tap-3-thang-khuc-nha-nam-ban-quyen-p242487103,https://tiki.vn/sach-mua-xuong-tap-3-thang-khuc-nha-nam-ban-quyen-p242487103.html,Sách Mùa Xương (Tập 3) - Thăng khúc (Nhã Nam) - BẢN QUYỀN,0.0,0,150000,150000,,67994
198193768,dat-tien-dat-bac-p198193768,https://tiki.vn/dat-tien-dat-bac-p198193768.html,Đất tiền đất bạc,0.0,0,150000,150000,,67994
279262305,toi-ac-va-hinh-phat-bia-cung-p279262305,https://tiki.vn/toi-ac-va-hinh-phat-bia-cung-p279262305.html,Tội Ác Và Hình Phạt (Bìa Cứng),0.0,0,370000,351000,,67994
272433494,luat-im-lang-p272433494,https://tiki.vn/luat-im-lang-p272433494.html,Luật im lặng - TB150,0.0,0,150000,142500,1.0,67994
344705,sach-lolita-tai-ban-p344705,https://tiki.vn/sach-lolita-tai-ban-p344705.html,Sách Lolita (Tái Bản),5.0,1,149000,149000,2.0,67994
51244267,sach-dao-giau-vang-p51244267,https://tiki.vn/sach-dao-giau-vang-p51244267.html,Sách Đảo Giấu Vàng,0.0,0,78000,78000,,67994
9729898,sach-ong-gia-khottabych-tai-ban-p9729898,https://tiki.vn/sach-ong-gia-khottabych-tai-ban-p9729898.html,Sách Ông Già Khottabych (Tái Bản),0.0,0,99000,99000,,67994
253237864,tam-the-tap-3-tu-than-song-mai-ba-n-quye-n-p253237864,https://tiki.vn/tam-the-tap-3-tu-than-song-mai-ba-n-quye-n-p253237864.html,Tam Thể (Tập 3) - Tử thần sống mãi -  Bản Quyền,0.0,0,290000,290000,,67994
272616017,dat-mau-sicily-tb180-p272616017,https://tiki.vn/dat-mau-sicily-tb180-p272616017.html,Đất máu Sicily TB180,0.0,0,180000,171000,2.0,67994
216213359,sach-chien-binh-cau-vong-tb-2020-nha-nam-hcm-p216213359,https://tiki.vn/sach-chien-binh-cau-vong-tb-2020-nha-nam-hcm-p216213359.html,Sách - Chiến binh cầu vồng (TB 2020) - Nhã Nam,0.0,0,135000,135000,,67994
279066626,sach-nhung-the-gioi-con-nha-nam-hcm-p279066626,https://tiki.vn/sach-nhung-the-gioi-con-nha-nam-hcm-p279066626.html,Sách - Những thế giới con (Nhã Nam HCM),0.0,0,175000,157500,,67994
272837546,ong-trum-cuoi-cung-tb230-p272837546,https://tiki.vn/ong-trum-cuoi-cung-tb230-p272837546.html,Ông trùm cuối cùng TB230,0.0,0,230000,218500,,67994
249176418,sach-chua-ruoi-nobel-van-chuong-1983-tb-2020-nha-nam-ban-quyen-p249176418,https://tiki.vn/sach-chua-ruoi-nobel-van-chuong-1983-tb-2020-nha-nam-ban-quyen-p249176418.html,Sách Chúa Ruồi - Nobel Văn chương 1983 (TB 2020) - Nhã Nam - BẢN QUYỀN,0.0,0,88000,88000,,67994
253284628,diem-tinh-va-nong-nhiet-do-ba-n-quye-n-p253284628,https://tiki.vn/diem-tinh-va-nong-nhiet-do-ba-n-quye-n-p253284628.html,Điềm Tĩnh Và Nồng Nhiệt - Đỏ  -  Bản Quyền,0.0,0,76000,76000,,67994
272134450,sach-vu-an-franz-kafka-tb-2021-nha-nam-official-p272134450,https://tiki.vn/sach-vu-an-franz-kafka-tb-2021-nha-nam-official-p272134450.html,Sách - Vụ án (Franz Kafka) (TB 2021) - Nhã Nam Official,0.0,0,98000,98000,1.0,67994
122025783,combo-hai-cuon-sach-danh-cho-tuoi-tre-thanh-cong-nha-gia-kim-de-lam-nen-su-nghiep-p122025783,https://tiki.vn/combo-hai-cuon-sach-danh-cho-tuoi-tre-thanh-cong-nha-gia-kim-de-lam-nen-su-nghiep-p122025783.html,Combo hai cuốn sách dành cho tuổi trẻ thành công: Nhà Giả Kim + Để Làm Nên Sự Nghiệp (Tái Bản),0.0,0,178000,178000,,67994
242492462,sach-cari-mora-nha-nam-ban-quyen-p242492462,https://tiki.vn/sach-cari-mora-nha-nam-ban-quyen-p242492462.html,Sách Cari Mora - Nhã Nam - BẢN QUYỀN,0.0,0,128000,128000,,67994
342637,sach-hai-van-dam-duoi-bien-p342637,https://tiki.vn/sach-hai-van-dam-duoi-bien-p342637.html,Sách Hai Vạn Dặm Dưới Biển,0.0,0,93650,93650,,67994
253268894,lau-dai-bay-cua-phap-su-howl-ba-n-quye-n-p253268894,https://tiki.vn/lau-dai-bay-cua-phap-su-howl-ba-n-quye-n-p253268894.html,Lâu đài bay của pháp sư Howl - Bản Quyền,0.0,0,106000,106000,,67994
17371074,sach-kieu-hanh-va-dinh-kien-bia-mem-p17371074,https://tiki.vn/sach-kieu-hanh-va-dinh-kien-bia-mem-p17371074.html,Sách Kiêu Hãnh Và Định Kiến (Bìa mềm),0.0,0,109350,109350,3.0,67994
276801117,sach-cong-rom-hy-vong-nha-nam-hcm-p276801117,https://tiki.vn/sach-cong-rom-hy-vong-nha-nam-hcm-p276801117.html,Sách - Cọng rơm hy vọng (Nhã Nam HCM),0.0,0,130000,117000,1.0,67994
274091145,sach-nghe-thuat-tieu-thuyet-milan-kundera-nha-nam-official-p274091145,https://tiki.vn/sach-nghe-thuat-tieu-thuyet-milan-kundera-nha-nam-official-p274091145.html,Sách - Nghệ thuật tiểu thuyết (Milan Kundera) - Nhã Nam Official,5.0,1,116000,116000,5.0,67994
276583162,sach-mat-trang-va-dong-xu-nha-nam-hcm-p276583162,https://tiki.vn/sach-mat-trang-va-dong-xu-nha-nam-hcm-p276583162.html,Sách - Mặt trăng và đồng xu (Nhã Nam HCM),0.0,0,126000,113400,,67994
275804577,sach-ong-molloy-samuel-beckett-nha-nam-official-p275804577,https://tiki.vn/sach-ong-molloy-samuel-beckett-nha-nam-official-p275804577.html,Sách - Ông Molloy (Samuel Beckett) (Nhã Nam Official),0.0,0,190000,171000,,67994
271235418,giet-con-chim-nhai-bia-mem-p271235418,https://tiki.vn/giet-con-chim-nhai-bia-mem-p271235418.html,Giết Con Chim Nhại - Bìa mềm,0.0,0,145000,145000,,67994
485345,sach-dao-giau-vang-p485345,https://tiki.vn/sach-dao-giau-vang-p485345.html,Sách Đảo Giấu Vàng,5.0,6,72000,57600,53.0,67994
278483634,sach-nhung-cuoc-phieu-luu-cua-tom-sawyer-p278483634,https://tiki.vn/sach-nhung-cuoc-phieu-luu-cua-tom-sawyer-p278483634.html,Sách: Những Cuộc Phiêu Lưu Của Tom Sawyer,0.0,0,90000,72000,3.0,67994
276596372,sach-bien-nien-ky-chim-van-day-cot-tai-ban-2020-nha-nam-hcm-p276596372,https://tiki.vn/sach-bien-nien-ky-chim-van-day-cot-tai-ban-2020-nha-nam-hcm-p276596372.html,Sách - Biên Niên Ký Chim Vặn Dây Cót (tái bản 2020) - Nhã Nam HCM,0.0,0,255000,255000,,67994
253284604,mua-xuong-tap-3-thang-khuc-nha-nam-ba-n-quye-n-p253284604,https://tiki.vn/mua-xuong-tap-3-thang-khuc-nha-nam-ba-n-quye-n-p253284604.html,Mùa Xương (Tập 3) - Thăng khúc (Nhã Nam) - Bản Quyền,0.0,0,150000,150000,,67994
275309190,sach-truyen-kieu-van-xuoi-danh-cho-nguoi-tre-tai-ban-nam-2024-p275309190,https://tiki.vn/sach-truyen-kieu-van-xuoi-danh-cho-nguoi-tre-tai-ban-nam-2024-p275309190.html,Sách Truyện Kiều Văn Xuôi Dành Cho Người Trẻ (Tái bản năm 2024),0.0,0,95000,80750,,67994
74677856,hai-van-dam-duoi-bien-p74677856,https://tiki.vn/hai-van-dam-duoi-bien-p74677856.html,Hai Vạn Dặm Dưới Biển,5.0,8,110000,104500,53.0,67994
274101719,sach-don-quixote-nha-quy-toc-tai-ba-xu-mancha-tap-2-tb-2022-nha-nam-official-p274101719,https://tiki.vn/sach-don-quixote-nha-quy-toc-tai-ba-xu-mancha-tap-2-tb-2022-nha-nam-official-p274101719.html,Sách - Don Quixote - Nhà quý tộc tài ba xứ Mancha (Tập 2) (TB 2022) - Nhã Nam Official,0.0,0,215000,215000,2.0,67994
275572318,thep-da-toi-the-day-p275572318,https://tiki.vn/thep-da-toi-the-day-p275572318.html,Thép Đã Tôi Thế Đấy,0.0,0,165000,165000,17.0,67994
272911240,sach-pandabooks-combo-2-cuon-tren-sa-mac-va-trong-rung-tham-tieng-goi-hoang-da-p272911240,https://tiki.vn/sach-pandabooks-combo-2-cuon-tren-sa-mac-va-trong-rung-tham-tieng-goi-hoang-da-p272911240.html,Sách PANDABOOKS combo 2 cuốn Trên sa mạc và trong rừng thẳm+ Tiếng gọi hoang dã,0.0,0,170000,170000,,67994
272887876,sach-pandabooks-combo-2-cuon-ba-giai-tu-xuat-gulliver-du-ky-p272887876,https://tiki.vn/sach-pandabooks-combo-2-cuon-ba-giai-tu-xuat-gulliver-du-ky-p272887876.html,Sách PANDABOOKS Combo 2 cuốn ba giai tú xuất +Gulliver du ký,0.0,0,102000,102000,,67994
272887568,sach-pandabooks-combo-2-cuon-tren-xa-mac-trong-rung-tham-gulliver-du-ky-p272887568,https://tiki.vn/sach-pandabooks-combo-2-cuon-tren-xa-mac-trong-rung-tham-gulliver-du-ky-p272887568.html,Sách PANDABOOKS Combo 2 cuốn trên xa mạc trong rừng thẳm +Gulliver du ký,0.0,0,180000,180000,,67994
201106116,cuoc-phieu-luu-cua-pi-no-ki-o-bia-cung-p201106116,https://tiki.vn/cuoc-phieu-luu-cua-pi-no-ki-o-bia-cung-p201106116.html,Cuộc Phiêu Lưu Của Pi-Nô-Ki-Ô (Bìa Cứng),0.0,0,250000,250000,,67994
278372438,van-hoc-co-dien-dong-a-classic-gia-dinh-robinson-thuy-sy-p278372438,https://tiki.vn/van-hoc-co-dien-dong-a-classic-gia-dinh-robinson-thuy-sy-p278372438.html,Văn Học Cổ Điển - Đông A Classic - Gia Đình Robinson Thụy Sỹ,0.0,0,120000,120000,,67994
198120053,ngoi-nha-nho-tren-thao-nguyen-tap-7-thi-tran-nho-p198120053,https://tiki.vn/ngoi-nha-nho-tren-thao-nguyen-tap-7-thi-tran-nho-p198120053.html, Ngôi nhà nhỏ trên thảo nguyên - Tập 7 - Thị trấn nhỏ,0.0,0,70000,70000,,67994
260860821,casino-royale-series-james-bond-007-tang-kem-postcard-2-mat-p260860821,https://tiki.vn/casino-royale-series-james-bond-007-tang-kem-postcard-2-mat-p260860821.html,Casino Royale - Series James Bond 007 - Bản Phổ Thông (Tặng Kèm Postcard 2 Mặt),0.0,0,98000,98000,,67994
208104275,van-hoc-phap-hai-van-dam-duoi-bien-p208104275,https://tiki.vn/van-hoc-phap-hai-van-dam-duoi-bien-p208104275.html,Văn học Pháp - Hai vạn dặm dưới biển,0.0,0,99000,99000,,67994
194471828,hue-tim-tac-pham-chon-loc-van-hoc-duc-tai-ban-2022-p194471828,https://tiki.vn/hue-tim-tac-pham-chon-loc-van-hoc-duc-tai-ban-2022-p194471828.html,Huệ Tím [Tác Phẩm Chọn Lọc - Văn Học Đức] (Tái Bản 2022),0.0,0,45000,45000,6.0,67994
277353752,sach-nanh-trang-khang-viet-book-p277353752,https://tiki.vn/sach-nanh-trang-khang-viet-book-p277353752.html,Sách - Nanh Trắng - Khang Việt Book,0.0,0,168000,168000,,67994
192548661,sherlock-holmes-ke-di-dang-bia-mem-p192548661,https://tiki.vn/sherlock-holmes-ke-di-dang-bia-mem-p192548661.html,Sherlock Holmes - Kẻ Dị Dạng (Bìa Mềm),0.0,0,118000,118000,,67994
217489531,sach-nhung-cuoc-phieu-luu-cua-bac-si-dolittle-p217489531,https://tiki.vn/sach-nhung-cuoc-phieu-luu-cua-bac-si-dolittle-p217489531.html,Sách - Những cuộc phiêu lưu của bác sĩ Dolittle,0.0,0,45000,45000,1.0,67994
191808519,chika-yeu-dau-p191808519,https://tiki.vn/chika-yeu-dau-p191808519.html,Chika Yêu Dấu,0.0,0,80000,80000,1.0,67994
276224131,con-thinh-no-p276224131,https://tiki.vn/con-thinh-no-p276224131.html,Cơn Thịnh Nộ,0.0,0,145000,145000,,67994
276319948,em-va-chuc-vo-dich-deu-thuoc-ve-anh-tap-2-p276319948,https://tiki.vn/em-va-chuc-vo-dich-deu-thuoc-ve-anh-tap-2-p276319948.html,Em Và Chức Vô Địch Đều Thuộc Về Anh - Tập 2,0.0,0,169000,169000,,67994
276147530,chung-mot-mai-nha-tap-1-p276147530,https://tiki.vn/chung-mot-mai-nha-tap-1-p276147530.html,Chung Một Mái Nhà - Tập 1,0.0,0,105000,105000,,67994
276458829,nguoi-ke-chuyen-cuoi-cung-p276458829,https://tiki.vn/nguoi-ke-chuyen-cuoi-cung-p276458829.html,Người Kể Chuyện Cuối Cùng,0.0,0,99000,99000,,67994
243053204,toi-ac-va-hinh-phat-bia-cung-bookctiy-p243053204,https://tiki.vn/toi-ac-va-hinh-phat-bia-cung-bookctiy-p243053204.html,Tội Ác Và Hình Phạt (Bìa cứng) - BOOKCTIY,0.0,0,379000,379000,1.0,67994
195516245,cuoc-phieu-luu-ki-dieu-cua-nils-holgersson-tac-pham-chon-loc-van-hoc-thuy-dien-p195516245,https://tiki.vn/cuoc-phieu-luu-ki-dieu-cua-nils-holgersson-tac-pham-chon-loc-van-hoc-thuy-dien-p195516245.html,Cuộc Phiêu Lưu Kì Diệu Của Nils Holgersson (Tác Phẩm Chọn Lọc - Văn Học Thụy Điển),5.0,1,100000,100000,4.0,67994
192553399,sherlock-holmes-con-cho-cua-dong-ho-bakjevelle-bia-mem-p192553399,https://tiki.vn/sherlock-holmes-con-cho-cua-dong-ho-bakjevelle-bia-mem-p192553399.html, Sherlock Holmes - Con Chó Của Dòng Họ BAKJEVELLE (Bìa Mềm),0.0,0,98000,98000,,67994
192456479,sach-sherlock-holmes-con-cho-cua-dong-ho-bakjevelle-bia-mem-p192456479,https://tiki.vn/sach-sherlock-holmes-con-cho-cua-dong-ho-bakjevelle-bia-mem-p192456479.html,Sherlock Holmes - Con Chó Của Dòng Họ BAKJEVELLE (Bìa Mềm),0.0,0,118000,94400,,67994
273411193,yeu-anh-hon-ca-tu-than-ban-quyen-p273411193,https://tiki.vn/yeu-anh-hon-ca-tu-than-ban-quyen-p273411193.html,Yêu anh hơn cả tử thần  - Bản Quyền,0.0,0,99000,99000,,67994
273244797,buoc-chan-thien-than-ban-quyen-p273244797,https://tiki.vn/buoc-chan-thien-than-ban-quyen-p273244797.html,Bước chân Thiên Thần - Bản Quyền,0.0,0,139000,139000,,67994
34746484,trai-tim-yeu-mem-p34746484,https://tiki.vn/trai-tim-yeu-mem-p34746484.html,Trái Tim Yếu Mềm,0.0,0,145000,145000,1.0,67994
278148769,sach-danh-tac-viet-nam-ha-noi-36-pho-phuong-p278148769,https://tiki.vn/sach-danh-tac-viet-nam-ha-noi-36-pho-phuong-p278148769.html,Sách - Danh Tác Việt Nam - Hà Nội 36 Phố Phường,0.0,0,64000,64000,,67994
204622318,tuyen-tap-roald-dahl-james-va-qua-dao-khong-lo-p204622318,https://tiki.vn/tuyen-tap-roald-dahl-james-va-qua-dao-khong-lo-p204622318.html,Tuyển tập Roald Dahl - James và quả đào khổng lồ,0.0,0,55000,55000,2.0,67994
273407670,sach-canh-buom-do-tham-ndbooks-p273407670,https://tiki.vn/sach-canh-buom-do-tham-ndbooks-p273407670.html,Sách - Cánh Buồm Đỏ Thắm - ndbooks,0.0,0,55000,55000,2.0,67994
248773373,sach-cay-bach-xu-nxb-kim-dong-p248773373,https://tiki.vn/sach-cay-bach-xu-nxb-kim-dong-p248773373.html,Sách - Cây bách xù - NXB Kim Đồng,0.0,0,129000,129000,,67994
209867947,chuyen-o-vinh-tokyo-ban-quyen-p209867947,https://tiki.vn/chuyen-o-vinh-tokyo-ban-quyen-p209867947.html,Chuyện ở vịnh Tokyo - Bản Quyền,0.0,0,99000,99000,,67994
273419415,bia-mem-khoa-hoc-cua-thien-dinh-daniel-goleman-va-richard-j-davidson-tram-anh-va-hoang-tri-dich-nxb-tong-hop-pace-books-p273419415,https://tiki.vn/bia-mem-khoa-hoc-cua-thien-dinh-daniel-goleman-va-richard-j-davidson-tram-anh-va-hoang-tri-dich-nxb-tong-hop-pace-books-p273419415.html,(Bìa mềm) KHOA HỌC CỦA THIỀN ĐỊNH – Daniel Goleman và Richard J. Davidson – Trâm Anh và Hoằng Trí dịch - NXB Tổng hợp – PACE Books,0.0,0,245000,245000,1.0,67994
114945315,sach-thep-da-toi-the-day-tsvh-p114945315,https://tiki.vn/sach-thep-da-toi-the-day-tsvh-p114945315.html,Sách: Thép đã tôi thế đấy - TSVH,0.0,0,165000,165000,,67994
271661390,tieng-ken-thien-nga-tai-ban-2023-p271661390,https://tiki.vn/tieng-ken-thien-nga-tai-ban-2023-p271661390.html,Tiếng Kèn Thiên Nga (Tái bản 2023),0.0,0,80000,80000,,67994
249534731,hai-van-dam-duoi-day-bien-p249534731,https://tiki.vn/hai-van-dam-duoi-day-bien-p249534731.html,Hai Vạn Dặm Dưới Đáy Biển,0.0,0,102000,102000,,67994
253660459,sach-nham-mat-nhin-sao-ba-n-quye-n-p253660459,https://tiki.vn/sach-nham-mat-nhin-sao-ba-n-quye-n-p253660459.html,Sách Nhắm Mắt Nhìn Sao - Bản Quyền,0.0,0,148000,148000,,67994
23708934,ivanhoe-ta-i-ba-n-minh-long-p23708934,https://tiki.vn/ivanhoe-ta-i-ba-n-minh-long-p23708934.html,Ivanhoe - Tái Bản (Minh Long),0.0,0,140000,140000,,67994
249534774,hai-van-dam-duoi-day-bien-p249534774,https://tiki.vn/hai-van-dam-duoi-day-bien-p249534774.html,Hai Vạn Dặm Dưới Đáy Biển,0.0,0,102000,102000,,67994
253005258,tuan-tu-tuyen-tap-bach-gia-tranh-minh-nguyen-hien-le-ban-quyen-p253005258,https://tiki.vn/tuan-tu-tuyen-tap-bach-gia-tranh-minh-nguyen-hien-le-ban-quyen-p253005258.html,Tuân Tử - Tuyển Tập Bách Gia Tranh Minh - Nguyễn Hiến Lê - Bản Quyền,0.0,0,188000,188000,,67994
260892277,loi-chao-tu-moskva-series-james-bond-007-ban-pho-thong-tang-kem-postcard-2-mat-p260892277,https://tiki.vn/loi-chao-tu-moskva-series-james-bond-007-ban-pho-thong-tang-kem-postcard-2-mat-p260892277.html,Lời Chào Từ Moskva (Series James Bond 007) - Bản Phổ Thông - Tặng Kèm Postcard 2 Mặt,0.0,0,98000,98000,,67994
243223745,hoang-tu-be-phu-nu-_pnu-p243223745,https://tiki.vn/hoang-tu-be-phu-nu-_pnu-p243223745.html,Hoàng Tử Bé (Phụ Nữ) _PNU,0.0,0,89000,89000,,67994
254113850,nhung-nguoi-gan-nhu-hoan-hao-su-that-ve-phep-mau-bac-au-michael-booth-nguyen-khanh-huyen-dich-alphabooks-nxb-lao-dong-p254113850,https://tiki.vn/nhung-nguoi-gan-nhu-hoan-hao-su-that-ve-phep-mau-bac-au-michael-booth-nguyen-khanh-huyen-dich-alphabooks-nxb-lao-dong-p254113850.html,NHỮNG NGƯỜI GẦN NHƯ HOÀN HẢO - Sự thật về phép màu Bắc Âu - Michael Booth –  Nguyễn Khánh Huyền dịch – Alphabooks - NXB Lao Động,0.0,0,260000,260000,1.0,67994
274024343,cuon-sach-van-hoc-hanh-dong-hay-de-mat-quy-p274024343,https://tiki.vn/cuon-sach-van-hoc-hanh-dong-hay-de-mat-quy-p274024343.html,Cuốn Sách Văn Học Hành Động Hay- Dê Mắt Quỷ ,0.0,0,229000,229000,,67994
276128534,hang-luat-ban-quyen-p276128534,https://tiki.vn/hang-luat-ban-quyen-p276128534.html,Hãng Luật - Bản Quyền,0.0,0,330000,330000,,67994
252576625,sach-tron-mot-kiep-doi-voi-su-an-nhien-ba-n-quye-n-p252576625,https://tiki.vn/sach-tron-mot-kiep-doi-voi-su-an-nhien-ba-n-quye-n-p252576625.html,Sách Trọn Một Kiếp Đời Với Sự An Nhiên - Bản Quyền,0.0,0,99000,99000,,67994
203006008,sach-mong-ban-se-tro-thanh-mot-nguoi-thu-vi-skybooks-ban-quyen-p203006008,https://tiki.vn/sach-mong-ban-se-tro-thanh-mot-nguoi-thu-vi-skybooks-ban-quyen-p203006008.html,Sách  Mong Bạn Sẽ Trở Thành Một Người Thú Vị - Skybooks - BẢN QUYỀN,0.0,0,98000,98000,,67994
242075393,sach-vi-khach-cuoi-cung-p242075393,https://tiki.vn/sach-vi-khach-cuoi-cung-p242075393.html,Sách - Vị khách cuối cùng - 1980Books,0.0,0,149000,149000,,67994
199607938,lang-nghe-de-thau-hieu-nhin-lai-de-yeu-thuong-p199607938,https://tiki.vn/lang-nghe-de-thau-hieu-nhin-lai-de-yeu-thuong-p199607938.html,"Lắng Nghe Để Thấu Hiểu, Nhìn Lại Để Yêu Thương",5.0,1,139000,69500,10.0,67994
270771681,stephenie-meyer-mat-troi-luc-nua-dem-ban-quyen-p270771681,https://tiki.vn/stephenie-meyer-mat-troi-luc-nua-dem-ban-quyen-p270771681.html,Stephenie Meyer: Mặt trời lúc nửa đêm - Bản Quyền,0.0,0,280000,280000,,67994
253720672,cham-yeu-ba-n-quye-n-p253720672,https://tiki.vn/cham-yeu-ba-n-quye-n-p253720672.html,Chạm Yêu - Bản Quyền,0.0,0,88000,88000,,67994
209293637,gioi-sieu-giau-chau-a-2-dai-tieu-thu-china-rich-girlfriend-ban-quyen-p209293637,https://tiki.vn/gioi-sieu-giau-chau-a-2-dai-tieu-thu-china-rich-girlfriend-ban-quyen-p209293637.html,Giới siêu giàu Châu Á 2: Đại Tiểu Thư (China Rich Girlfriend) - Bản Quyền,0.0,0,229000,229000,,67994
271198206,ong-tram-tuoi-treo-qua-cua-so-va-bien-mat-tai-ban-2023-ban-quyen-p271198206,https://tiki.vn/ong-tram-tuoi-treo-qua-cua-so-va-bien-mat-tai-ban-2023-ban-quyen-p271198206.html,Ông Trăm Tuổi Trèo Qua Cửa Sổ Và Biến Mất (Tái bản 2023) - Bản Quyền,0.0,0,190000,190000,,67994
203846662,sach-chua-ruoi-nha-nam-p203846662,https://tiki.vn/sach-chua-ruoi-nha-nam-p203846662.html,Sách - Chúa Ruồi - Nhã Nam,0.0,0,88000,88000,,67994
270774885,ngoi-nha-quai-di-agatha-christie-ban-quyen-p270774885,https://tiki.vn/ngoi-nha-quai-di-agatha-christie-ban-quyen-p270774885.html,Ngôi Nhà Quái Dị (Agatha Christie) - Bản Quyền,0.0,0,95000,95000,,67994
249569844,sach-lay-tinh-tham-ma-doi-dau-bac-azbook-p249569844,https://tiki.vn/sach-lay-tinh-tham-ma-doi-dau-bac-azbook-p249569844.html,Sách - Lấy Tình Thâm Mà Đổi Đầu Bạc - AZbook,0.0,0,139000,139000,,67994
270771600,nhan-chung-buoc-toi-agatha-christie-p270771600,https://tiki.vn/nhan-chung-buoc-toi-agatha-christie-p270771600.html,Nhân Chứng Buộc Tội (Agatha Christie),0.0,0,130000,130000,,67994
276090051,truyen-ngan-hien-dai-han-quoc-tieu-bieu-kien-cuong-trong-gian-kho-tre-p276090051,https://tiki.vn/truyen-ngan-hien-dai-han-quoc-tieu-bieu-kien-cuong-trong-gian-kho-tre-p276090051.html,Truyện Ngắn Hiện Đại Hàn Quốc Tiêu Biểu - Kiên Cường Trong Gian Khó (TRE),0.0,0,180000,180000,,67994
255371085,mon-qua-cuoc-song-ban-quyen-p255371085,https://tiki.vn/mon-qua-cuoc-song-ban-quyen-p255371085.html,Món Quà Cuộc Sống - Bản Quyền,0.0,0,50000,50000,,67994
273651339,bo-sach-nep-cu-gom-7-cuon-nha-van-toan-anh-p273651339,https://tiki.vn/bo-sach-nep-cu-gom-7-cuon-nha-van-toan-anh-p273651339.html,Bộ sách NẾP CŨ gồm 7 cuốn - Nhà văn Toan Ánh,0.0,0,1725000,1725000,,67994
274032917,tu-sach-hay-ve-gia-dinh-hai-mat-cua-gia-dinh-p274032917,https://tiki.vn/tu-sach-hay-ve-gia-dinh-hai-mat-cua-gia-dinh-p274032917.html,Tủ Sách Hay Về Gia Đình- Hai Mặt Của Gia Đình,0.0,0,98000,98000,,67994
270790959,stephenie-meyer-trang-non-ban-quyen-p270790959,https://tiki.vn/stephenie-meyer-trang-non-ban-quyen-p270790959.html,Stephenie Meyer: Trăng non - Bản Quyền,0.0,0,220000,220000,,67994
252605692,sach-mong-ban-se-tro-thanh-mot-nguoi-thu-vi-ban-quyen-p252605692,https://tiki.vn/sach-mong-ban-se-tro-thanh-mot-nguoi-thu-vi-ban-quyen-p252605692.html,Sách Mong Bạn Sẽ Trở Thành Một Người Thú Vị - Bản Quyền,0.0,0,98000,98000,,67994
178934850,nha-phat-minh-y-tuong-p178934850,https://tiki.vn/nha-phat-minh-y-tuong-p178934850.html,Nhà Phát Minh Ý Tưởng,0.0,0,99000,99000,,67994
209280415,loi-vang-cua-bo-tai-ban-2018-ban-quyen-p209280415,https://tiki.vn/loi-vang-cua-bo-tai-ban-2018-ban-quyen-p209280415.html,Lời vàng của bố (tái bản 2018) - Bản Quyền,0.0,0,79000,79000,,67994
270503465,ban-do-tam-thuc-ban-quyen-p270503465,https://tiki.vn/ban-do-tam-thuc-ban-quyen-p270503465.html,Bản Đồ Tâm Thức - Bản Quyền,0.0,0,169000,169000,,67994
270773975,dem-vo-tan-ban-quyen-p270773975,https://tiki.vn/dem-vo-tan-ban-quyen-p270773975.html,Đêm Vô Tận - Bản Quyền,0.0,0,105000,105000,,67994
273725009,loi-cau-cuu-cua-ke-sat-nhan-ban-quyen-p273725009,https://tiki.vn/loi-cau-cuu-cua-ke-sat-nhan-ban-quyen-p273725009.html,Lời Cầu Cứu Của Kẻ Sát Nhân - BẢN QUYỀN,0.0,0,159000,159000,,67994
217714073,less-vong-quanh-the-gioi-cung-mot-trai-tim-tan-vo-nna-p217714073,https://tiki.vn/less-vong-quanh-the-gioi-cung-mot-trai-tim-tan-vo-nna-p217714073.html,Less Vòng Quanh Thế Giới Cùng Một Trái Tim Tan Vỡ - NNA,0.0,0,145000,145000,,67994
252400670,sach-vi-con-gai-toi-co-the-danh-bai-ca-ma-vuong-tap-3-ba-n-quye-n-p252400670,https://tiki.vn/sach-vi-con-gai-toi-co-the-danh-bai-ca-ma-vuong-tap-3-ba-n-quye-n-p252400670.html,Sách Vì con gái tôi có thể đánh bại cả ma vương tập 3 - Bản Quyền,0.0,0,140000,140000,,67994
270790560,bay-rua-chong-chat-ban-quyen-p270790560,https://tiki.vn/bay-rua-chong-chat-ban-quyen-p270790560.html,Bầy Rùa Chồng Chất - Bản Quyền,0.0,0,119000,119000,,67994
270790253,geomancia-rong-duong-ley-cam-xa-va-cac-bi-an-ve-trai-dat-ban-quyen-p270790253,https://tiki.vn/geomancia-rong-duong-ley-cam-xa-va-cac-bi-an-ve-trai-dat-ban-quyen-p270790253.html,"Geomancia -Rồng, đường Ley, cảm xạ và các bí ẩn về Trái Đất - Bản Quyền",0.0,0,320000,320000,,67994
274031552,cuon-sach-lang-man-hay-juliette-va-tiem-sach-bi-an-o-paris-p274031552,https://tiki.vn/cuon-sach-lang-man-hay-juliette-va-tiem-sach-bi-an-o-paris-p274031552.html,Cuốn Sách Lãng Mạn Hay- Juliette Và Tiệm Sách Bí Ẩn Ở Paris,0.0,0,159000,159000,,67994
270145074,nua-vong-trai-dat-uong-mot-ly-tra-ban-quyen-p270145074,https://tiki.vn/nua-vong-trai-dat-uong-mot-ly-tra-ban-quyen-p270145074.html,Nửa Vòng Trái Đất Uống Một Ly Trà - Bản Quyền,0.0,0,120000,120000,,67994
252279282,sach-dap-an-cua-thoi-gian-ba-n-quye-n-p252279282,https://tiki.vn/sach-dap-an-cua-thoi-gian-ba-n-quye-n-p252279282.html,Sách Đáp Án Của Thời Gian - Bản Quyền,0.0,0,119000,119000,,67994
247950269,diep-vien-hoan-hao-x6-pham-xuan-an-bia-cung-tai-ban-2022-p247950269,https://tiki.vn/diep-vien-hoan-hao-x6-pham-xuan-an-bia-cung-tai-ban-2022-p247950269.html,Điệp Viên Hoàn Hảo X6 - Phạm Xuân Ẩn - Bìa Cứng (Tái Bản 2022),0.0,0,198000,198000,1.0,67994
275297215,thoi-khac-con-lai-ban-quyen-p275297215,https://tiki.vn/thoi-khac-con-lai-ban-quyen-p275297215.html,Thời Khắc Còn Lại - Bản Quyền,0.0,0,155000,155000,,67994
267099194,ho-so-toi-pham-giam-dinh-phap-y-bang-ma-gen-ban-quyen-p267099194,https://tiki.vn/ho-so-toi-pham-giam-dinh-phap-y-bang-ma-gen-ban-quyen-p267099194.html,Hồ Sơ Tội Phạm - Giám Định Pháp Y Bằng Mã Gen - Bản Quyền,0.0,0,195000,195000,,67994
242075315,sach-mot-loi-noi-doi-1980books-p242075315,https://tiki.vn/sach-mot-loi-noi-doi-1980books-p242075315.html,Sách - Một lời nói dối - 1980books,0.0,0,159000,159000,,67994
273294167,nang-luong-tich-cuc-danh-thuc-ban-than-can-bang-cam-xuc-ban-quyen-p273294167,https://tiki.vn/nang-luong-tich-cuc-danh-thuc-ban-than-can-bang-cam-xuc-ban-quyen-p273294167.html,"Năng Lượng Tích Cực, Đánh Thức Bản THân, Cân Bằng Cảm Xúc  - Bản Quyền",0.0,0,169000,169000,,67994
248497519,chiec-thia-bac-p248497519,https://tiki.vn/chiec-thia-bac-p248497519.html,CHIẾC THÌA BẠC,0.0,0,169000,169000,,67994
270123301,mood-book-doc-vi-cam-xuc-ban-quyen-p270123301,https://tiki.vn/mood-book-doc-vi-cam-xuc-ban-quyen-p270123301.html,Mood Book – Đọc vị cảm xúc - Bản Quyền,0.0,0,189000,189000,,67994
176768325,thich-cau-not-hom-nay-p176768325,https://tiki.vn/thich-cau-not-hom-nay-p176768325.html,THÍCH CẬU NỐT HÔM NAY,0.0,0,99000,99000,,67994
271627053,phan-tich-tam-ly-hanh-vi-khach-hang-ban-quyen-p271627053,https://tiki.vn/phan-tich-tam-ly-hanh-vi-khach-hang-ban-quyen-p271627053.html,Phân Tích Tâm Lý Hành Vi Khách Hàng - Bản Quyền,0.0,0,179000,179000,,67994
273166669,ta-tam-toi-ac-va-thao-tung-ban-quyen-p273166669,https://tiki.vn/ta-tam-toi-ac-va-thao-tung-ban-quyen-p273166669.html,"Tà Tâm, Tội Ác Và Thao Túng - Bản Quyền",0.0,0,239000,239000,,67994
270787156,da-het-co-don-ban-quyen-p270787156,https://tiki.vn/da-het-co-don-ban-quyen-p270787156.html,Đã Hết Cô Đơn - Bản Quyền,0.0,0,220000,220000,,67994
270773971,ve-nha-ban-quyen-p270773971,https://tiki.vn/ve-nha-ban-quyen-p270773971.html,Về Nhà - Bản Quyền,0.0,0,155000,155000,1.0,67994
276944783,deo-shiokari-p276944783,https://tiki.vn/deo-shiokari-p276944783.html,Đèo Shiokari,0.0,0,155000,155000,1.0,67994
270790243,stephenie-meyer-nhat-thuc-ban-quyen-p270790243,https://tiki.vn/stephenie-meyer-nhat-thuc-ban-quyen-p270790243.html,Stephenie Meyer: Nhật thực - Bản Quyền,0.0,0,235000,235000,,67994
270771856,nong-phang-chat-nxb-tre-ban-quyen-p270771856,https://tiki.vn/nong-phang-chat-nxb-tre-ban-quyen-p270771856.html,"Nóng, phẳng, chật - Bản Quyền",0.0,0,199000,199000,,67994
209867787,tao-thao-thanh-nhan-de-tien-tap-10-ban-quyen-p209867787,https://tiki.vn/tao-thao-thanh-nhan-de-tien-tap-10-ban-quyen-p209867787.html,Tào Tháo Thánh nhân đê tiện tập 10 - Bản Quyền,0.0,0,289000,289000,,67994
262590385,bia-cung-thai-binh-thien-quoc-dien-nghia-hoang-tieu-phoi-chau-hai-duong-dich-co-bia-ao-p262590385,https://tiki.vn/bia-cung-thai-binh-thien-quoc-dien-nghia-hoang-tieu-phoi-chau-hai-duong-dich-co-bia-ao-p262590385.html,(Bìa Cứng) THÁI BÌNH THIÊN QUỐC DIỄN NGHĨA - Hoàng Tiểu Phối - Châu Hải Đường dịch - (có bìa áo),0.0,0,420000,420000,,67994
270790983,nhung-thien-than-mat-tich-ban-quyen-p270790983,https://tiki.vn/nhung-thien-than-mat-tich-ban-quyen-p270790983.html,Những thiên thần mất tích - Bản Quyền,0.0,0,185000,185000,,67994
274173589,chuyen-giai-buon-ban-quyen-p274173589,https://tiki.vn/chuyen-giai-buon-ban-quyen-p274173589.html,Chuyện Giải Buồn  - Bản Quyền,0.0,0,140000,140000,,67994
262705050,lang-nghe-de-thau-hieu-nhin-lai-de-yeu-thuong-p262705050,https://tiki.vn/lang-nghe-de-thau-hieu-nhin-lai-de-yeu-thuong-p262705050.html,"Lắng Nghe Để Thấu Hiểu, Nhìn Lại Để Yêu Thương",0.0,0,139000,139000,,67994
208917616,dung-chet-o-a-rap-xe-ut-ban-quyen-p208917616,https://tiki.vn/dung-chet-o-a-rap-xe-ut-ban-quyen-p208917616.html,Đừng Chết Ở Ả Rập Xê Út - Bản Quyền,0.0,0,99000,99000,,67994
273913810,microstress-nghe-thuat-buong-bo-ganh-nang-cam-xuc-ban-quyen-p273913810,https://tiki.vn/microstress-nghe-thuat-buong-bo-ganh-nang-cam-xuc-ban-quyen-p273913810.html,Microstress – Nghệ Thuật Buông Bỏ  Gánh Nặng Cảm Xúc  - Bản Quyền,0.0,0,179000,179000,,67994
252400314,sach-the-gioi-rong-lon-long-nguoi-chat-hep-ba-n-quye-n-p252400314,https://tiki.vn/sach-the-gioi-rong-lon-long-nguoi-chat-hep-ba-n-quye-n-p252400314.html,Sách  Thế Giới Rộng Lớn Lòng Người Chật Hẹp - Bản Quyền,0.0,0,92000,92000,,67994
274024278,cuon-sach-van-hoc-lang-man-hay-lac-vao-vung-ky-uc-p274024278,https://tiki.vn/cuon-sach-van-hoc-lang-man-hay-lac-vao-vung-ky-uc-p274024278.html,Cuốn Sách Văn Học Lãng Mạn Hay-Lạc Vào Vùng Ký Ức,0.0,0,179000,179000,,67994
270786768,thien-than-sa-nga-ban-quyen-p270786768,https://tiki.vn/thien-than-sa-nga-ban-quyen-p270786768.html,Thiên Thần Sa Ngã - Bản Quyền,0.0,0,160000,160000,,67994
270789285,thong-reo-ngan-hong-ban-quyen-p270789285,https://tiki.vn/thong-reo-ngan-hong-ban-quyen-p270789285.html,Thông Reo Ngàn Hống  - Bản Quyền,0.0,0,140000,140000,,67994
276754971,dong-chay-tien-hoa-tram-doc-phan-phoi-p276754971,https://tiki.vn/dong-chay-tien-hoa-tram-doc-phan-phoi-p276754971.html,Dòng Chảy Tiến Hoá ( Trạm Đọc phân phối ),0.0,0,268000,268000,,67994
277472023,sach-the-stand-dai-dich-huy-diet-tap-1-stephen-king-1980-books-p277472023,https://tiki.vn/sach-the-stand-dai-dich-huy-diet-tap-1-stephen-king-1980-books-p277472023.html,Sách - The Stand - Đại Dịch Hủy Diệt - Tập 1 - Stephen King - 1980 Books,0.0,0,399000,399000,,67994
208059093,xa-ngoai-kia-noi-loai-tom-hat-where-the-crawdads-sing-p208059093,https://tiki.vn/xa-ngoai-kia-noi-loai-tom-hat-where-the-crawdads-sing-p208059093.html,Xa Ngoài Kia Nơi Loài Tôm Hát - Where The Crawdads Sing,0.0,0,165000,165000,1.0,67994
273045524,harry-potter-tap-3-harry-potter-va-ten-tu-nhan-nguc-azkaban-p273045524,https://tiki.vn/harry-potter-tap-3-harry-potter-va-ten-tu-nhan-nguc-azkaban-p273045524.html,Harry Potter - Tập 3 - Harry Potter và tên tù nhân ngục Azkaban,0.0,0,205000,205000,1.0,67994
276304169,sach-tieu-thuyet-kinh-dien-anh-sang-vo-hinh-tb-2024-p276304169,https://tiki.vn/sach-tieu-thuyet-kinh-dien-anh-sang-vo-hinh-tb-2024-p276304169.html,Sách tiểu thuyết kinh điển Ánh Sáng Vô Hình TB 2024,0.0,0,199000,199000,,67994
46182276,thanh-cat-tu-han-tay-han-dien-nghia-p46182276,https://tiki.vn/thanh-cat-tu-han-tay-han-dien-nghia-p46182276.html,Thành Cát Tư Hán + Tây Hán Diễn Nghĩa,0.0,0,315500,315500,1.0,67994
48765257,combo-van-hoc-kinh-dien-ban-chay-hai-van-dam-duoi-bien-ong-gia-va-bien-ca-bo-2-cuon-sach-gia-tuong-hien-dai-p48765257,https://tiki.vn/combo-van-hoc-kinh-dien-ban-chay-hai-van-dam-duoi-bien-ong-gia-va-bien-ca-bo-2-cuon-sach-gia-tuong-hien-dai-p48765257.html,Combo Văn Học Kinh Điển Bán Chạy: Hai Vạn Dặm Dưới Biển + Ông Già Và Biển Cả (Bộ 2 Cuốn Sách Gỉa Tưởng Hiện Đại),4.5,2,130500,130500,19.0,67994
278064161,sach-combo-8-cuon-sach-bach-gia-tranh-minh-cua-nguyen-hien-le-dao-quan-tu-triet-ly-nhan-sinh-tang-kem-hop-p278064161,https://tiki.vn/sach-combo-8-cuon-sach-bach-gia-tranh-minh-cua-nguyen-hien-le-dao-quan-tu-triet-ly-nhan-sinh-tang-kem-hop-p278064161.html,Sách - Combo 8 Cuốn Sách Bách Gia Tranh Minh Của Nguyễn Hiến Lê - Đạo Quân Tử Triết Lý Nhân Sinh - TẶNG KÈM HỘP,0.0,0,1349000,1038730,1.0,67994
135442856,chuyen-tinh-yeu-ban-biet-duoc-bao-nhieu-p135442856,https://tiki.vn/chuyen-tinh-yeu-ban-biet-duoc-bao-nhieu-p135442856.html,Chuyện tình yêu bạn biết được bao nhiêu?,0.0,0,109000,109000,1.0,67994
279631411,vysachqv-sach-ke-thu-vua-ngot-vua-bam-nguoi-tap-2-p279631411,https://tiki.vn/vysachqv-sach-ke-thu-vua-ngot-vua-bam-nguoi-tap-2-p279631411.html,Sách Kẻ Thù Vừa Ngọt Vừa Bám Người - Tập 2,0.0,0,155000,155000,,67994
229742025,van-hoc-anh-hac-tuan-ma-hoi-ky-cua-mot-chu-ngua-p229742025,https://tiki.vn/van-hoc-anh-hac-tuan-ma-hoi-ky-cua-mot-chu-ngua-p229742025.html,Văn học Anh - Hắc tuấn mã - Hồi ký của một chú ngựa,5.0,1,66000,66000,2.0,67994
263256539,hai-van-dam-duoi-bien-tai-ban-2023-p263256539,https://tiki.vn/hai-van-dam-duoi-bien-tai-ban-2023-p263256539.html,Hai Vạn Dặm Dưới Biển - Văn học Pháp (Tái Bản 2023),0.0,0,99000,94050,1.0,67994
270252824,tay-du-kytap23-gau-tinh-hac-phong-son-p270252824,https://tiki.vn/tay-du-kytap23-gau-tinh-hac-phong-son-p270252824.html,Tây Du Ký Tập 4 - Gấu Tinh Hắc Phong Sơn - Vanlangbooks,5.0,1,25000,15000,10.0,67994
160836697,loi-chao-tu-moskva-series-james-bond-ban-gioi-han-tang-kem-bia-ao-postcard-2-mat-p160836697,https://tiki.vn/loi-chao-tu-moskva-series-james-bond-ban-gioi-han-tang-kem-bia-ao-postcard-2-mat-p160836697.html,Lời Chào Từ Moskva (Series James Bond) - Bản Giới Hạn - Tặng Kèm Bìa Áo + Postcard 2 Mặt,0.0,0,98000,98000,,67994
39630821,canh-buom-do-tham-song-ngu-anh-viet-p39630821,https://tiki.vn/canh-buom-do-tham-song-ngu-anh-viet-p39630821.html,Cánh buồm đỏ thắm Song ngữ Anh - Việt,4.5,14,135000,87750,180.0,67994
203208264,casino-royale-series-james-bond-p203208264,https://tiki.vn/casino-royale-series-james-bond-p203208264.html,Casino Royale (Series James Bond),0.0,0,98000,98000,1.0,67994
270491976,gulliver-du-ky-p270491976,https://tiki.vn/gulliver-du-ky-p270491976.html,Gulliver Du Ký,0.0,0,70250,70250,,67994
176902222,anh-em-nha-karamazov-nha-nam-p176902222,https://tiki.vn/anh-em-nha-karamazov-nha-nam-p176902222.html,Anh Em Nhà Karamazov (Nhã Nam),0.0,0,490000,490000,1.0,67994
209612282,sach-cu-soc-hanh-trinh-gianh-lai-su-song-cua-mot-bac-si-159k-alphabooks-ban-quyen-p209612282,https://tiki.vn/sach-cu-soc-hanh-trinh-gianh-lai-su-song-cua-mot-bac-si-159k-alphabooks-ban-quyen-p209612282.html,Sách  Cú Sốc - Hành Trình Giành Lại Sự Sống Của Một Bác Sĩ 159K - Alphabooks - BẢN QUYỀN,0.0,0,159000,159000,,67994
206054505,cay-brooklyn-xanh-biec-betty-smith-ttr-bookstore-p206054505,https://tiki.vn/cay-brooklyn-xanh-biec-betty-smith-ttr-bookstore-p206054505.html,Cây Brooklyn xanh biếc - Betty Smith (TTR Bookstore),0.0,0,269000,269000,,67994
22936241,combo-dai-minh-anh-liet-truyen-ton-tu-binh-phap-va-36-ke-bia-mem-p22936241,https://tiki.vn/combo-dai-minh-anh-liet-truyen-ton-tu-binh-phap-va-36-ke-bia-mem-p22936241.html,Combo Đại Minh Anh Liệt Truyện + Tôn Tử Binh Pháp Và 36 Kế (Bìa Mềm),0.0,0,338266,338266,,67994
158900706,sach-dam-xanh-ban-thuong-1980books-p158900706,https://tiki.vn/sach-dam-xanh-ban-thuong-1980books-p158900706.html,Sách - Dặm xanh (bản thường) - 1980Books,0.0,0,289000,289000,,67994
258567210,little-stories-to-get-more-knowledge-claire-luong-ban-quyen-p258567210,https://tiki.vn/little-stories-to-get-more-knowledge-claire-luong-ban-quyen-p258567210.html,Little Stories - To get more knowledge - Bản Quyền,0.0,0,65000,65000,,67994
195300048,combo-2-cuon-sach-ban-hoa-tau-hon-nhan-2-tap-p195300048,https://tiki.vn/combo-2-cuon-sach-ban-hoa-tau-hon-nhan-2-tap-p195300048.html,Combo 2 Cuốn sách: Bản Hòa Tấu Hôn Nhân (2 Tập),0.0,0,161150,161150,,67994
92010612,sach-doi-tong-giam-muc-puginier-p92010612,https://tiki.vn/sach-doi-tong-giam-muc-puginier-p92010612.html,Sách-Đời Tổng Giám mục Puginier,0.0,0,239000,239000,,67994
177158844,ghost-in-love-p177158844,https://tiki.vn/ghost-in-love-p177158844.html,Ghost In Love,0.0,0,125000,125000,2.0,67994
270490118,tieng-goi-cua-hoang-da-p270490118,https://tiki.vn/tieng-goi-cua-hoang-da-p270490118.html,Tiếng Gọi Của Hoang Dã,0.0,0,40000,40000,,67994
176909457,cho-nghe-tieng-hot-p176909457,https://tiki.vn/cho-nghe-tieng-hot-p176909457.html,Chờ Nghe Tiếng Hót,0.0,0,115000,115000,,67994
203841062,sach-bien-nien-ky-chim-van-day-cot-p203841062,https://tiki.vn/sach-bien-nien-ky-chim-van-day-cot-p203841062.html,Sách - Biên niên ký chim vặn dây cót,0.0,0,199000,199000,,67994
203433799,sach-cam-khong-phai-loai-qua-duy-nhat-1980books-ban-quyen-p203433799,https://tiki.vn/sach-cam-khong-phai-loai-qua-duy-nhat-1980books-ban-quyen-p203433799.html,Sách  Cam Không Phải Loại Quả Duy Nhất - 1980Books - BẢN QUYỀN,0.0,0,179000,179000,,67994
181782993,doi-luc-toi-noi-doi-p181782993,https://tiki.vn/doi-luc-toi-noi-doi-p181782993.html,Đôi Lúc Tôi Nói Dối,0.0,0,169000,169000,,67994
187011368,hang-luat-the-firm-p187011368,https://tiki.vn/hang-luat-the-firm-p187011368.html,Hãng Luật - The Firm,0.0,0,330000,330000,,67994
191808589,sau-tang-le-p191808589,https://tiki.vn/sau-tang-le-p191808589.html,Sau Tang Lễ,0.0,0,145000,145000,,67994
200725670,my-vision-tam-nhin-thay-doi-quoc-gia-p200725670,https://tiki.vn/my-vision-tam-nhin-thay-doi-quoc-gia-p200725670.html,My Vision - Tầm Nhìn Thay Đổi Quốc Gia,0.0,0,268000,268000,1.0,67994
191808518,di-qua-bong-toi-p191808518,https://tiki.vn/di-qua-bong-toi-p191808518.html,Đi Qua Bóng Tối,0.0,0,210000,210000,,67994
276948971,nanh-trang-jack-london-p276948971,https://tiki.vn/nanh-trang-jack-london-p276948971.html,Nanh Trắng - Jack London,0.0,0,90000,90000,,67994
181782952,buc-thu-cua-nguoi-dan-ba-khong-quen-p181782952,https://tiki.vn/buc-thu-cua-nguoi-dan-ba-khong-quen-p181782952.html,Bức Thư Của Người Đàn Bà Không Quen,0.0,0,98000,98000,,67994
217535522,va-sao-khong-the-het-yeu-em-p217535522,https://tiki.vn/va-sao-khong-the-het-yeu-em-p217535522.html,Và Sao Không Thể Hết Yêu Em?,0.0,0,70000,70000,,67994
213935993,den-mang-p213935993,https://tiki.vn/den-mang-p213935993.html,Đền Mạng,5.0,1,245000,245000,1.0,67994
208408615,harry-potter-va-ten-tu-nhan-nguc-azkaban-tap-3-p208408615,https://tiki.vn/harry-potter-va-ten-tu-nhan-nguc-azkaban-tap-3-p208408615.html,Harry Potter Và Tên Tù Nhân Ngục Azkaban - Tập 3,0.0,0,205000,205000,,67994
203084166,tony-buoi-sang-ca-phe-cung-tony-tai-ban-2022-p203084166,https://tiki.vn/tony-buoi-sang-ca-phe-cung-tony-tai-ban-2022-p203084166.html,Tony Buổi Sáng - Cà Phê Cùng Tony - Tái Bản 2022,5.0,3,105000,105000,11.0,67994
207281024,chet-o-venice-p207281024,https://tiki.vn/chet-o-venice-p207281024.html,Chết Ở Venice,0.0,0,73000,73000,1.0,67994
217535487,cuoc-dua-hanh-phuc-p217535487,https://tiki.vn/cuoc-dua-hanh-phuc-p217535487.html,Cuộc Đua Hạnh Phúc,0.0,0,90000,90000,,67994
191808524,hoc-vien-vien-tham-huyet-rong-p191808524,https://tiki.vn/hoc-vien-vien-tham-huyet-rong-p191808524.html,Học Viện Viễn Thám - Huyết Rồng,0.0,0,125000,125000,,67994
169377566,loi-hieu-trieu-cua-cthulhu-tuyen-tap-h-p-lovecraft-tang-kem-postcard-p169377566,https://tiki.vn/loi-hieu-trieu-cua-cthulhu-tuyen-tap-h-p-lovecraft-tang-kem-postcard-p169377566.html,Lời Hiệu Triệu Của Cthulhu (Tuyển Tập H.P. Lovecraft) - Tặng Kèm Postcard,5.0,2,80000,80000,10.0,67994
203841320,sach-tho-xam-o-auschwitz-p203841320,https://tiki.vn/sach-tho-xam-o-auschwitz-p203841320.html,Sách - Thợ xăm ở Auschwitz,0.0,0,148000,148000,1.0,67994
195844952,combo-2-cuon-sach-ban-hoa-tau-hon-nhan-2-tap-p195844952,https://tiki.vn/combo-2-cuon-sach-ban-hoa-tau-hon-nhan-2-tap-p195844952.html,Combo 2 Cuốn sách: Bản Hòa Tấu Hôn Nhân (2 Tập),0.0,0,161150,161150,,67994
208103774,van-hoc-y-nhung-tam-long-cao-ca-p208103774,https://tiki.vn/van-hoc-y-nhung-tam-long-cao-ca-p208103774.html,Văn học Ý - Những tấm lòng cao cả,0.0,0,85000,85000,1.0,67994
231248367,doc-to-heraclius-gloss-p231248367,https://tiki.vn/doc-to-heraclius-gloss-p231248367.html,Đốc tờ Héraclius Gloss,0.0,0,69500,69500,,67994
252826683,cam-khong-phai-loai-qua-duy-nhat-ban-quyen-p252826683,https://tiki.vn/cam-khong-phai-loai-qua-duy-nhat-ban-quyen-p252826683.html,Cam Không Phải Loại Quả Duy Nhất - Bản Quyền,0.0,0,179000,179000,,67994
203845772,sach-raymie-nu-hiep-mong-mo-p203845772,https://tiki.vn/sach-raymie-nu-hiep-mong-mo-p203845772.html,Sách - Raymie nữ hiệp mộng mơ,0.0,0,95000,95000,,67994
44983185,sach-tay-han-dien-nghia-bia-cung-p44983185,https://tiki.vn/sach-tay-han-dien-nghia-bia-cung-p44983185.html,Sách Tây Hán Diễn Nghĩa (Bìa Cứng),0.0,0,186963,186963,,67994
210967770,sach-tu-sach-doi-nguoi-chang-hai-au-ky-dieu-p210967770,https://tiki.vn/sach-tu-sach-doi-nguoi-chang-hai-au-ky-dieu-p210967770.html,Sách - Tủ Sách Đời Người - Chàng Hải Âu Kỳ Diệu,0.0,0,109000,109000,1.0,67994
143916527,sach-ngoi-nha-nho-tren-thao-nguyen-tap-5-ven-bo-ho-bac-p143916527,https://tiki.vn/sach-ngoi-nha-nho-tren-thao-nguyen-tap-5-ven-bo-ho-bac-p143916527.html,Sách - Ngôi nhà nhỏ trên thảo nguyên - Tập 5 - Ven bờ Hồ Bạc,0.0,0,73684,73684,,67994
206641212,den-doan-dau-dai-nna-p206641212,https://tiki.vn/den-doan-dau-dai-nna-p206641212.html,Đến Đoạn Đầu Đài - NNA,0.0,0,269000,269000,1.0,67994
147348076,van-menh-nguo-linh-tot-svejk-trong-dai-chien-the-gioi-tap-3-4-tieu-thuyet-p147348076,https://tiki.vn/van-menh-nguo-linh-tot-svejk-trong-dai-chien-the-gioi-tap-3-4-tieu-thuyet-p147348076.html,Vận Mệnh Ngườ Lính Tốt Svejk Trong Đại Chiến Thế Giới tập 3-4 (tiểu thuyết),0.0,0,205688,205688,,67994
173488717,sach-than-thoai-hy-lap-tap-1-tap-2-p173488717,https://tiki.vn/sach-than-thoai-hy-lap-tap-1-tap-2-p173488717.html,Sách Thần Thoại Hy Lạp - Tập 1 + Tập 2,0.0,0,279350,279350,1.0,67994
278359129,rumi-tinh-tuyet-bia-cung-p278359129,https://tiki.vn/rumi-tinh-tuyet-bia-cung-p278359129.html,Rumi Tinh Tuyệt (Bìa Cứng),0.0,0,359900,359900,,67994
148644515,bi-mat-trong-dem-bao-p148644515,https://tiki.vn/bi-mat-trong-dem-bao-p148644515.html,BÍ MẬT TRONG ĐÊM BÃO,0.0,0,189000,189000,,67994
143144161,sach-stephenie-meyer-trang-non-p143144161,https://tiki.vn/sach-stephenie-meyer-trang-non-p143144161.html,Sách-Stephenie Meyer: Trăng non,0.0,0,220000,220000,,67994
184226849,thep-da-toi-the-day-ban-dich-day-du-nhat-bia-cung-p184226849,https://tiki.vn/thep-da-toi-the-day-ban-dich-day-du-nhat-bia-cung-p184226849.html,Thép đã tôi thế đấy (Bản dịch đầy đủ nhất) - Bìa cứng,0.0,0,131974,131974,,67994
258820460,little-stories-to-change-your-life-claire-luong-ban-quyen-p258820460,https://tiki.vn/little-stories-to-change-your-life-claire-luong-ban-quyen-p258820460.html,Little Stories - To change your life - Bản Quyền,0.0,0,61650,61650,,67994
263589137,boxset-harry-potter-hop-tron-bo-7-cuon-p263589137,https://tiki.vn/boxset-harry-potter-hop-tron-bo-7-cuon-p263589137.html,Boxset Harry Potter Hộp - Trọn Bộ 7 Cuốn,0.0,0,1750000,1750000,,67994
214169577,nhung-ke-hen-nhat-josef-kvorecky-p214169577,https://tiki.vn/nhung-ke-hen-nhat-josef-kvorecky-p214169577.html,Những Kẻ Hèn Nhát - Josef Škvorecký,0.0,0,197604,197604,,67994
205694855,sach-doi-gio-hu-bia-mem-tai-ban-p205694855,https://tiki.vn/sach-doi-gio-hu-bia-mem-tai-ban-p205694855.html,Sách Đồi Gió Hú (Bìa Mềm) - Tái Bản,0.0,0,94481,94481,,67994
121266083,tra-hoa-nu-danh-tac-van-hoc-phap-p121266083,https://tiki.vn/tra-hoa-nu-danh-tac-van-hoc-phap-p121266083.html,Trà Hoa Nữ - Danh tác văn học Pháp,0.0,0,60900,60900,,67994
111498900,sach-tri-thong-minh-cua-su-tinh-te-p111498900,https://tiki.vn/sach-tri-thong-minh-cua-su-tinh-te-p111498900.html,Sách - Trí Thông Minh Của Sự Tinh Tế,0.0,0,89000,89000,,67994
262525483,thi-tham-cung-toc-ban-quyen-p262525483,https://tiki.vn/thi-tham-cung-toc-ban-quyen-p262525483.html,Thì Thầm Cùng Tóc -  Bản Quyền,0.0,0,98000,98000,,67994
263054398,lua-nhat-vladimir-nabokov-van-ha-dich-bach-viet-book-nxb-dan-tri-p263054398,https://tiki.vn/lua-nhat-vladimir-nabokov-van-ha-dich-bach-viet-book-nxb-dan-tri-p263054398.html,LỬA NHẠT - Vladimir Nabokov - Vân Hà dịch - Bách Việt Book - NXB Dân trí,0.0,0,168000,168000,,67994
270491445,olivo-tuyt-tri-viet-p270491445,https://tiki.vn/olivo-tuyt-tri-viet-p270491445.html,Ôlivơ Tuýt (Trí Việt),0.0,0,103400,103400,,67994
5771571,sach-than-thoai-hy-lap-p5771571,https://tiki.vn/sach-than-thoai-hy-lap-p5771571.html,Sách Thần Thoại Hy Lạp,0.0,0,370000,370000,,67994
244300041,chiec-thia-bac-kansuke-naka-1980-books-hcm-p244300041,https://tiki.vn/chiec-thia-bac-kansuke-naka-1980-books-hcm-p244300041.html,Chiếc thìa bạc - Kansuke Naka (1980 BOOKS HCM),0.0,0,169000,169000,,67994
251459892,sach-chuyen-tinh-agatha-christie-bv-2023-p251459892,https://tiki.vn/sach-chuyen-tinh-agatha-christie-bv-2023-p251459892.html,Sách - Chuyện Tình Agatha Christie ( BV 2023),0.0,0,131605,131605,,67994
270107129,sach-ma-so-99-pn-p270107129,https://tiki.vn/sach-ma-so-99-pn-p270107129.html,Sách - Mã số 93 (PN),0.0,0,138323,138323,,67994
253543644,sach-alexander-dai-de-bv-2023-p253543644,https://tiki.vn/sach-alexander-dai-de-bv-2023-p253543644.html,Sách - Alexander Đại Đế ( BV 2023),0.0,0,168750,168750,1.0,67994
202886267,sach-nguoi-la-bien-rong-ke-la-mat-troi-skybooks-ban-quyen-p202886267,https://tiki.vn/sach-nguoi-la-bien-rong-ke-la-mat-troi-skybooks-ban-quyen-p202886267.html,"Sách  Người là biển rộng, kẻ là mặt trời - Skybooks - BẢN QUYỀN",0.0,0,149000,149000,,67994
276835111,khuc-ca-mung-giang-sinh-van-hoc-anh-tac-pham-danh-cho-thieu-nhi-p276835111,https://tiki.vn/khuc-ca-mung-giang-sinh-van-hoc-anh-tac-pham-danh-cho-thieu-nhi-p276835111.html,Khúc ca mừng giáng sinh (Văn học Anh - tác phẩm dành cho thiếu nhi),0.0,0,55000,55000,,67994
253318979,boxset-nhung-nguoi-khon-kho-bo-3-cuon-p253318979,https://tiki.vn/boxset-nhung-nguoi-khon-kho-bo-3-cuon-p253318979.html,Boxset Những Người Khốn Khổ (Bộ 3 Cuốn),0.0,0,424050,424050,,67994
242993849,dan-du-muc-tron-bo-tieu-thuyet-kinh-dien-kazakhstan-p242993849,https://tiki.vn/dan-du-muc-tron-bo-tieu-thuyet-kinh-dien-kazakhstan-p242993849.html,DÂN DU MỤC : TRỌN BỘ TIỂU THUYẾT KINH ĐIỂN KAZAKHSTAN - BÌA MỀM,0.0,0,466565,466565,,67994
277444649,sach-harry-potter-boxset-7-tap-nguyen-seal-p277444649,https://tiki.vn/sach-harry-potter-boxset-7-tap-nguyen-seal-p277444649.html,Sách - Harry Potter Boxset 7 Tập (Nguyên seal),0.0,0,1750000,1750000,,67994
276702683,sach-combo-2-cuon-gatsby-vi-dai-dinh-gio-hu-song-ngu-anh-viet-p276702683,https://tiki.vn/sach-combo-2-cuon-gatsby-vi-dai-dinh-gio-hu-song-ngu-anh-viet-p276702683.html,Sách Combo 2 cuốn GatsBy Vĩ Đại + Đỉnh gió Hú ''Song ngữ Anh - Việt'',0.0,0,375000,375000,4.0,67994
198590395,combo-canh-buom-do-tham-ong-gia-va-bien-ca-p198590395,https://tiki.vn/combo-canh-buom-do-tham-ong-gia-va-bien-ca-p198590395.html,Combo Cánh buồm đỏ thắm + Ông già và Biển cả,5.0,3,90000,76500,5.0,67994
279631726,vysachqv-sach-thang-7-sach-az-books-p279631726,https://tiki.vn/vysachqv-sach-thang-7-sach-az-books-p279631726.html,Sách Tháng 7 (Sách AZ Books),0.0,0,169000,169000,1.0,67994
203156990,sach-lay-tinh-tham-ma-doi-dau-bac-skybooks-ban-quyen-p203156990,https://tiki.vn/sach-lay-tinh-tham-ma-doi-dau-bac-skybooks-ban-quyen-p203156990.html,Sách  Lấy Tình Thâm Mà Đổi Đầu Bạc - Skybooks - BẢN QUYỀN,5.0,1,118146,118146,1.0,67994
276598803,tu-sat-tinh-than-p276598803,https://tiki.vn/tu-sat-tinh-than-p276598803.html,Tự Sát Tinh Thần,0.0,0,169145,169145,,67994
278173178,dao-giau-vang-tac-gia-robert-louis-stevenson-da-p278173178,https://tiki.vn/dao-giau-vang-tac-gia-robert-louis-stevenson-da-p278173178.html,Đảo Giấu Vàng (Tác giả: Robert Louis Stevenson) - ĐA,0.0,0,100000,100000,,67994
278877448,winnie-the-pooh-gau-pooh-xinh-xan-adventures-in-the-hundred-acre-wood-nhung-cuoc-phieu-luu-trong-rung-tram-mau-song-ngu-p278877448,https://tiki.vn/winnie-the-pooh-gau-pooh-xinh-xan-adventures-in-the-hundred-acre-wood-nhung-cuoc-phieu-luu-trong-rung-tram-mau-song-ngu-p278877448.html,Winnie The Pooh: Gấu Pooh Xinh Xắn - Adventures In The Hundred Acre Wood - Những Cuộc Phiêu Lưu Trong Rừng Trăm Mẫu (Song Ngữ),0.0,0,88000,88000,,67994
262982444,skandar-va-ke-trom-ky-lan-a-f-steadman-p262982444,https://tiki.vn/skandar-va-ke-trom-ky-lan-a-f-steadman-p262982444.html,Skandar và Kẻ trộm kỳ lân - A. F. Steadman,0.0,0,215900,215900,,67994
205608935,mot-cau-chuyen-tu-nhung-dun-cat-hans-christian-andersen-cao-an-vu-dich-p205608935,https://tiki.vn/mot-cau-chuyen-tu-nhung-dun-cat-hans-christian-andersen-cao-an-vu-dich-p205608935.html,Một câu chuyện từ những đụn cát - Hans Christian Andersen - Cao An Vũ dịch,0.0,0,40850,40850,2.0,67994
187011402,bui-ki-tap-2-khoi-cong-dong-bi-mat-p187011402,https://tiki.vn/bui-ki-tap-2-khoi-cong-dong-bi-mat-p187011402.html,Bụi Kí Tập 2 - Khối Cộng Đồng Bí Mật,0.0,0,220000,220000,,67994
270490956,ivanhoe-p270490956,https://tiki.vn/ivanhoe-p270490956.html,Ivanhoe,0.0,0,148450,148450,,67994
147247930,than-thoai-hy-lap-p147247930,https://tiki.vn/than-thoai-hy-lap-p147247930.html,THẦN THOẠI HY LẠP,0.0,0,370000,370000,,67994
279734112,vysachqv-sach-tuong-mon-doc-hau-tap-2-p279734112,https://tiki.vn/vysachqv-sach-tuong-mon-doc-hau-tap-2-p279734112.html,Sách Tướng Môn Độc Hậu - Tập 2,0.0,0,209000,209000,,67994
279715036,allsachqv-sach-suong-mu-tap-3-p279715036,https://tiki.vn/allsachqv-sach-suong-mu-tap-3-p279715036.html,Sách Sương Mù - Tập 3,0.0,0,179000,179000,,67994
263023693,combo-3-cuon-bac-au-tang-kem-cuon-bai-hoc-phan-lan-di-tim-sisu-nhung-nguoi-gan-nhu-hoan-hao-noi-ria-the-gioi-alphabooks-nxb-ha-noi-p263023693,https://tiki.vn/combo-3-cuon-bac-au-tang-kem-cuon-bai-hoc-phan-lan-di-tim-sisu-nhung-nguoi-gan-nhu-hoan-hao-noi-ria-the-gioi-alphabooks-nxb-ha-noi-p263023693.html,(Combo 3 cuốn Bắc Âu tặng kèm cuốn Bài học Phần Lan) ĐI TÌM SISU- NHỮNG NGƯỜI GẦN NHƯ HOÀN HẢO -NƠI RÌA THẾ GIỚI – Alphabooks - NXB Hà Nội,5.0,1,748000,635000,1.0,67994
279714498,allsachqv-sach-bon-mua-nhat-ban-p279714498,https://tiki.vn/allsachqv-sach-bon-mua-nhat-ban-p279714498.html,Sách Bốn Mùa Nhật Bản,0.0,0,170000,170000,,67994
273746654,sach-tao-thao-thanh-nhan-de-tien-tap-5-ban-quyen-p273746654,https://tiki.vn/sach-tao-thao-thanh-nhan-de-tien-tap-5-ban-quyen-p273746654.html,Sách Tào Tháo Thánh nhân Đê tiện (Tập 5) - Bản Quyền,0.0,0,219000,219000,,67994
273713523,tam-ly-bay-hanh-phuc-ngung-vat-lon-va-bat-dau-song-ban-quyen-p273713523,https://tiki.vn/tam-ly-bay-hanh-phuc-ngung-vat-lon-va-bat-dau-song-ban-quyen-p273713523.html,Tâm Lý: Bẫy Hạnh Phúc - Ngừng Vật Lộn Và Bắt Đầu Sống - Bản Quyền,0.0,0,239000,203000,,67994
279709072,linhsachqv-sach-truoc-khi-bo-cuoc-hay-nho-lai-ly-do-khien-ban-bat-dau-p279709072,https://tiki.vn/linhsachqv-sach-truoc-khi-bo-cuoc-hay-nho-lai-ly-do-khien-ban-bat-dau-p279709072.html,Sách Trước Khi Bỏ Cuộc Hãy Nhớ Lại Lý Do Khiến Bạn Bắt Đầu,0.0,0,125000,125000,,67994
279631004,vysachqv-sach-qua-mua-thu-p279631004,https://tiki.vn/vysachqv-sach-qua-mua-thu-p279631004.html,Sách Qua Mùa Thu,0.0,0,196000,196000,,67994
196394990,nhung-nguoi-vo-tot-p196394990,https://tiki.vn/nhung-nguoi-vo-tot-p196394990.html,Những Người Vợ Tốt,0.0,0,145000,145000,1.0,67994
253399757,bia-cung-bhagavad-gita-nhung-doi-thoai-sieu-hinh-thieng-lieng-sophia-ngo-ha-thuy-nguyen-dich-p253399757,https://tiki.vn/bia-cung-bhagavad-gita-nhung-doi-thoai-sieu-hinh-thieng-lieng-sophia-ngo-ha-thuy-nguyen-dich-p253399757.html,(Bìa Cứng) Bhagavad Gita - Những Đối Thoại Siêu Hình Thiêng Liêng - Sophia Ngô - Hà Thủy Nguyên dịch,0.0,0,153900,153900,,67994
218736764,muoi-su-hoi-sinh-noi-sau-tham-vun-vo-p218736764,https://tiki.vn/muoi-su-hoi-sinh-noi-sau-tham-vun-vo-p218736764.html,Muối - Sự Hồi Sinh Nơi Sâu Thẳm Vụn Vỡ,0.0,0,166000,166000,,67994
273609533,tram-doc-official-tieu-su-elon-musk-bia-cung-p273609533,https://tiki.vn/tram-doc-official-tieu-su-elon-musk-bia-cung-p273609533.html,Tram Đoc Official - Tiểu Sử Elon Musk ( Bìa cứng ),0.0,0,499000,499000,,67994
200726966,dinh-duong-chua-benh-trai-cay-p200726966,https://tiki.vn/dinh-duong-chua-benh-trai-cay-p200726966.html,Dinh Dưỡng Chữa Bệnh - Trái Cây,0.0,0,86000,86000,,67994
270769386,doi-nem-ta-chanh-xu-nhanh-bang-duong-cuoc-doi-la-nhung-chon-lua-ban-quyen-p270769386,https://tiki.vn/doi-nem-ta-chanh-xu-nhanh-bang-duong-cuoc-doi-la-nhung-chon-lua-ban-quyen-p270769386.html,"Đời ném ta chanh, xử nhanh bằng đường - Cuộc đời là những chọn lựa - Bản Quyền",0.0,0,140000,140000,,67994
276128668,co-gai-mu-chu-pha-bom-nguyen-tu-ban-quyen-p276128668,https://tiki.vn/co-gai-mu-chu-pha-bom-nguyen-tu-ban-quyen-p276128668.html,Cô Gái Mù Chữ Phá Bom Nguyên Tử - Bản Quyền,0.0,0,205000,205000,,67994
273185492,dam-song-doi-dung-cam-az-p273185492,https://tiki.vn/dam-song-doi-dung-cam-az-p273185492.html,Dám Sống Đời Dũng Cảm (AZ),0.0,0,100300,100300,,67994
271630039,nhung-chuyen-ke-cua-beedle-nguoi-hat-rong-ban-quyen-p271630039,https://tiki.vn/nhung-chuyen-ke-cua-beedle-nguoi-hat-rong-ban-quyen-p271630039.html,Những chuyện kể của Beedle Người hát rong  - Bản Quyền,0.0,0,150000,150000,,67994
270787088,vu-am-sat-ong-roger-ackroyo-agatha-christie-ban-quyen-p270787088,https://tiki.vn/vu-am-sat-ong-roger-ackroyo-agatha-christie-ban-quyen-p270787088.html,Vụ Ám Sát Ông Roger Ackroyo (Agatha Christie) - Bản Quyền,0.0,0,150000,150000,,67994
270512740,truth-vs-falsehood-phan-biet-that-gia-ban-quyen-p270512740,https://tiki.vn/truth-vs-falsehood-phan-biet-that-gia-ban-quyen-p270512740.html,Truth vs Falsehood - Phân biệt thật giả - Bản Quyền,0.0,0,289000,289000,,67994
279631361,vysachqv-sach-hoa-tulip-den-p279631361,https://tiki.vn/vysachqv-sach-hoa-tulip-den-p279631361.html,Sách Hoa Tulip Đen,0.0,0,86000,86000,,67994
276121353,hp-06-harry-potter-va-hoang-tu-lai-set-4-cuon-kho-nho-ban-quyen-p276121353,https://tiki.vn/hp-06-harry-potter-va-hoang-tu-lai-set-4-cuon-kho-nho-ban-quyen-p276121353.html,Hp 06. Harry Potter Và Hoàng Tử Lai (Set 4 Cuốn) - Khổ Nhỏ - Bản Quyền,0.0,0,263000,210400,,67994
485335,sach-hai-van-dam-duoi-day-bien-p485335,https://tiki.vn/sach-hai-van-dam-duoi-day-bien-p485335.html,Sách Hai Vạn Dặm Dưới Đáy Biển,0.0,0,96900,96900,,67994
192008391,sach-co-van-tan-phong-p192008391,https://tiki.vn/sach-co-van-tan-phong-p192008391.html,Sách - Cổ Vận Tân Phong,0.0,0,256000,230400,,67994
273708549,tram-doc-official-chang-hai-au-ky-dieu-ban-quyen-p273708549,https://tiki.vn/tram-doc-official-chang-hai-au-ky-dieu-ban-quyen-p273708549.html,Trạm Đọc Official | Chàng hải âu kỳ diệu - Bản Quyền,0.0,0,109000,92600,2.0,67994
279631295,vysachqv-sach-mai-mai-la-bao-xa-tai-ban-nam-2021-p279631295,https://tiki.vn/vysachqv-sach-mai-mai-la-bao-xa-tai-ban-nam-2021-p279631295.html,Sách Mãi Mãi Là Bao Xa (Tái bản năm 2021),0.0,0,135000,135000,,67994
251984810,tieng-goi-cua-hoang-da-p251984810,https://tiki.vn/tieng-goi-cua-hoang-da-p251984810.html,Tiếng Gọi Của Hoang Dã,0.0,0,40000,40000,,67994
36710592,tu-sach-van-hoc-co-dien-rut-gon-khong-gia-dinh-p36710592,https://tiki.vn/tu-sach-van-hoc-co-dien-rut-gon-khong-gia-dinh-p36710592.html,Tủ Sách Văn Học Cổ Điển Rút Gọn - Không Gia Đình,5.0,4,45000,45000,16.0,67994
196338085,tu-sach-doi-nguoi-truyen-co-nhat-ban-p196338085,https://tiki.vn/tu-sach-doi-nguoi-truyen-co-nhat-ban-p196338085.html,Tủ Sách Đời Người - Truyện Cổ Nhật Bản,0.0,0,209000,209000,2.0,67994
279708628,linhsachqv-sach-pho-dai-tb-2025-p279708628,https://tiki.vn/linhsachqv-sach-pho-dai-tb-2025-p279708628.html,Sách Phố Dài (TB 2025),0.0,0,225000,225000,,67994
279708634,linhsachqv-sach-giua-the-gian-muon-mau-toi-chon-ve-chinh-toi-p279708634,https://tiki.vn/linhsachqv-sach-giua-the-gian-muon-mau-toi-chon-ve-chinh-toi-p279708634.html,"Sách Giữa Thế Gian Muôn Màu, Tôi Chọn Vẽ Chính Tôi",0.0,0,195000,195000,,67994
192750623,nha-tho-duc-ba-paris-bia-cung-p192750623,https://tiki.vn/nha-tho-duc-ba-paris-bia-cung-p192750623.html,Nhà thờ Đức Bà Paris - Bìa cứng,0.0,0,650000,650000,,67994
279605647,khong-gia-dinh-sans-famille-hector-malot-tac-pham-van-hoc-kinh-dien-cam-dong-ve-tinh-than-va-nghi-luc-song-vt-p279605647,https://tiki.vn/khong-gia-dinh-sans-famille-hector-malot-tac-pham-van-hoc-kinh-dien-cam-dong-ve-tinh-than-va-nghi-luc-song-vt-p279605647.html," Không gia đình,sans famille, Hector Malot,Tác Phẩm Văn Học Kinh Điển Cảm Động Về Tình Thân Và Nghị Lực Sống-VT",0.0,0,138000,117300,,67994
279714368,allsachqv-sach-sep-toi-tai-gioi-cung-rat-de-thuong-bo-2-tap-p279714368,https://tiki.vn/allsachqv-sach-sep-toi-tai-gioi-cung-rat-de-thuong-bo-2-tap-p279714368.html,Sách Sếp Tôi Tài Giỏi Cũng Rất Dễ Thương (Bộ 2 tập),0.0,0,158000,158000,,67994
276594794,van-hoc-co-dien-dong-a-classics-gio-dua-trong-lieu-p276594794,https://tiki.vn/van-hoc-co-dien-dong-a-classics-gio-dua-trong-lieu-p276594794.html,Văn Học Cổ Điển Đông A Classics - Gió Đùa Trong Liễu,0.0,0,100000,100000,,67994
203844008,sach-den-doan-dau-dai-phan-tiep-theo-cua-lau-dai-soi-p203844008,https://tiki.vn/sach-den-doan-dau-dai-phan-tiep-theo-cua-lau-dai-soi-p203844008.html,Sách - Đến đoạn đầu đài (Phần tiếp theo của Lâu đài sói),0.0,0,269000,269000,,67994
279706616,vysachqv-sach-thoat-khoi-tro-choi-chet-choc-p279706616,https://tiki.vn/vysachqv-sach-thoat-khoi-tro-choi-chet-choc-p279706616.html,Sách Thoát Khỏi Trò Chơi Chết Chóc,0.0,0,189000,189000,,67994
146388502,ngu-ngon-la-fontaine-voi-minh-hoa-cua-gustave-dore-dong-a-p146388502,https://tiki.vn/ngu-ngon-la-fontaine-voi-minh-hoa-cua-gustave-dore-dong-a-p146388502.html,NGỤ NGÔN LA FONTAINE VỚI MINH HỌA CỦA GUSTAVE DORÉ - ĐÔNG A,0.0,0,1100000,1100000,,67994
275971947,van-hoc-kinh-dien-suy-doi-va-sup-do-tre-p275971947,https://tiki.vn/van-hoc-kinh-dien-suy-doi-va-sup-do-tre-p275971947.html,Văn Học Kinh Điển - Suy Đồi Và Sụp Đổ (TRE),0.0,0,160000,160000,,67994
270785730,nhung-con-chim-an-minh-cho-chet-ban-quyen-p270785730,https://tiki.vn/nhung-con-chim-an-minh-cho-chet-ban-quyen-p270785730.html,Những Con Chim Ẩn Mình Chờ Chết - Bản Quyền,0.0,0,160000,160000,,67994
277437100,sach-gui-ban-vong-tay-om-cho-nhung-ngay-lac-loi-ashish-bagrecha-nxb-tre-p277437100,https://tiki.vn/sach-gui-ban-vong-tay-om-cho-nhung-ngay-lac-loi-ashish-bagrecha-nxb-tre-p277437100.html,Sách - Gửi Bạn Vòng Tay Ôm Cho Những Ngày Lạc Lối - Ashish Bagrecha - NXB Trẻ,0.0,0,90000,90000,,67994
270773732,cuoc-doi-soi-to-chung-ta-danh-mat-va-tim-thay-chinh-minh-nhu-the-nao-ban-quyen-p270773732,https://tiki.vn/cuoc-doi-soi-to-chung-ta-danh-mat-va-tim-thay-chinh-minh-nhu-the-nao-ban-quyen-p270773732.html,Cuộc Đời Soi Tỏ - Chúng Ta Đánh Mất Và Tìm Thấy Chính Mình Như Thế Nào  - Bản Quyền,0.0,0,150000,150000,,67994
127032993,sach-cai-vo-han-trong-long-ban-tay-p127032993,https://tiki.vn/sach-cai-vo-han-trong-long-ban-tay-p127032993.html,Sách-Cái Vô Hạn Trong Lòng Bàn Tay,0.0,0,155000,155000,,67994
179445828,quo-vadis-d-a-p179445828,https://tiki.vn/quo-vadis-d-a-p179445828.html,Quo Vadis ( Đ-A ),0.0,0,350000,350000,1.0,67994
263436181,hung-dong-tre-p263436181,https://tiki.vn/hung-dong-tre-p263436181.html,Hừng Đông - TRẺ,0.0,0,255000,255000,,67994
277437114,sach-van-hoc-kinh-dien-le-thoi-thi-thanh-edith-wharton-nxb-tre-p277437114,https://tiki.vn/sach-van-hoc-kinh-dien-le-thoi-thi-thanh-edith-wharton-nxb-tre-p277437114.html,Sách - Văn Học Kinh Điển - Lề Thói Thị Thành - Edith Wharton - NXB Trẻ,0.0,0,205000,205000,,67994
277224643,duoi-bau-troi-xa-cach-p277224643,https://tiki.vn/duoi-bau-troi-xa-cach-p277224643.html,Dưới Bầu Trời Xa Cách,0.0,0,65000,65000,,67994
276605189,van-hoc-co-dien-truyen-loai-vat-tai-ban-2023-p276605189,https://tiki.vn/van-hoc-co-dien-truyen-loai-vat-tai-ban-2023-p276605189.html,Văn Học Cổ Điển - Truyện Loài Vật (Tái Bản 2023),0.0,0,150000,150000,,67994
190085172,luc-van-tien-va-nhung-luan-de-ve-nguyen-dinh-chieu-phan-van-hum-nguyen-duy-can-nxb-tre-an-ban-ky-niem-200-nam-ngay-sinh-do-chieu-p190085172,https://tiki.vn/luc-van-tien-va-nhung-luan-de-ve-nguyen-dinh-chieu-phan-van-hum-nguyen-duy-can-nxb-tre-an-ban-ky-niem-200-nam-ngay-sinh-do-chieu-p190085172.html,LỤC VÂN TIÊN và những luận đề về NGUYỄN ĐÌNH CHIỂU – Phan Văn Hùm Nguyễn Duy Cần – NXB Trẻ (Ấn bản kỷ niệm 200 năm ngày sinh Đồ Chiểu),0.0,0,170000,170000,,67994
190171613,hang-luat-the-firm-p190171613,https://tiki.vn/hang-luat-the-firm-p190171613.html,HÃNG LUẬT - THE FIRM,0.0,0,330000,330000,2.0,67994
222638937,sach-an-mang-muoi-mot-chu-p222638937,https://tiki.vn/sach-an-mang-muoi-mot-chu-p222638937.html,Sách - Án mạng mười một chữ,0.0,0,108000,108000,,67994
179981705,men-bo-vuc-tham-p179981705,https://tiki.vn/men-bo-vuc-tham-p179981705.html,Men Bờ Vực Thẳm,0.0,0,90000,90000,,67994
116246292,dat-mau-sicily-mario-puzo-p116246292,https://tiki.vn/dat-mau-sicily-mario-puzo-p116246292.html,Đất Máu Sicily (Mario Puzo),5.0,1,120000,120000,1.0,67994
249915852,tap-truyen-ngan-tan-lieu-trai-phong-ngan-binh-nguyen-loc-nxb-tre-bia-mem-p249915852,https://tiki.vn/tap-truyen-ngan-tan-lieu-trai-phong-ngan-binh-nguyen-loc-nxb-tre-bia-mem-p249915852.html,(Tập truyện ngắn) TÂN LIÊU TRAI – Phong Ngạn (Bình Nguyên Lộc) – NXB Trẻ (Bìa mềm),0.0,0,120000,120000,,67994
261986198,nha-tho-duc-ba-paris-p261986198,https://tiki.vn/nha-tho-duc-ba-paris-p261986198.html,Nhà thờ Đức Bà Paris (Bìa Cứng),0.0,0,650000,650000,,67994
199734023,combo-forrest-gump-gump-go-p199734023,https://tiki.vn/combo-forrest-gump-gump-go-p199734023.html,Combo Forrest Gump + Gump & Go,0.0,0,230000,230000,,67994
160836691,ngu-ngon-la-fontaine-toan-tap-ngu-ngon-voi-ban-dich-cua-cac-the-he-dich-gia-viet-nam-p160836691,https://tiki.vn/ngu-ngon-la-fontaine-toan-tap-ngu-ngon-voi-ban-dich-cua-cac-the-he-dich-gia-viet-nam-p160836691.html,Ngụ Ngôn La Fontaine - Toàn Tập Ngụ Ngôn Với Bản Dịch Của Các Thế Hệ Dịch Giả Việt Nam,0.0,0,1100000,1100000,,67994
116249820,ong-trum-cuoi-cung-mario-puzo-p116249820,https://tiki.vn/ong-trum-cuoi-cung-mario-puzo-p116249820.html,Ông Trùm Cuối Cùng (Mario Puzo),0.0,0,150000,150000,,67994
200726927,bi-quyet-lam-giau-cua-napoleon-hill-p200726927,https://tiki.vn/bi-quyet-lam-giau-cua-napoleon-hill-p200726927.html,Bí Quyết Làm Giàu Của Napoleon Hill,0.0,0,98000,98000,,67994
190608510,don-ngon-trieu-dang-p190608510,https://tiki.vn/don-ngon-trieu-dang-p190608510.html,Đón Ngọn Triều Dâng,0.0,0,130000,130000,,67994
279713822,allsachqv-sach-son-tra-no-muon-ban-thuong-p279713822,https://tiki.vn/allsachqv-sach-son-tra-no-muon-ban-thuong-p279713822.html,Sách Sơn Trà Nở Muộn (Bản thường),0.0,0,268000,268000,,67994
203846276,sach-trieu-phu-khu-o-chuot-p203846276,https://tiki.vn/sach-trieu-phu-khu-o-chuot-p203846276.html,Sách - Triệu Phú Khu Ổ Chuột,0.0,0,169000,169000,,67994
279715524,allsachqv-sach-dieu-uoc-dau-tien-cua-ong-murray-mcbride-p279715524,https://tiki.vn/allsachqv-sach-dieu-uoc-dau-tien-cua-ong-murray-mcbride-p279715524.html,Sách Điều Ước Đầu Tiên Của Ông Murray McBride,0.0,0,169000,169000,,67994
87045761,trong-gia-dinh-p87045761,https://tiki.vn/trong-gia-dinh-p87045761.html,Trong Gia Đình,0.0,0,90000,90000,2.0,67994
279715112,allsachqv-sach-khi-loi-noi-doi-con-chua-lo-dien-p279715112,https://tiki.vn/allsachqv-sach-khi-loi-noi-doi-con-chua-lo-dien-p279715112.html,Sách Khi Lời Nói Dối Còn Chưa Lộ Diện,0.0,0,120000,120000,,67994
203840802,sach-trieu-phu-khu-o-chuot-p203840802,https://tiki.vn/sach-trieu-phu-khu-o-chuot-p203840802.html,Sách - Triệu Phú Khu Ổ Chuột,0.0,0,169000,169000,,67994
176752898,ong-gia-va-bien-ca-tai-ban-2022-p176752898,https://tiki.vn/ong-gia-va-bien-ca-tai-ban-2022-p176752898.html,Ông Già Và Biển Cả (Tái Bản 2022),0.0,0,42000,42000,,67994
279714624,allsachqv-sach-hau-cung-nhu-y-truyen-tap-6-p279714624,https://tiki.vn/allsachqv-sach-hau-cung-nhu-y-truyen-tap-6-p279714624.html,Sách Hậu Cung Như Ý Truyện Tập 6,0.0,0,229000,229000,,67994
279728953,vysachqv-sach-sam-sam-lai-day-an-nao-p279728953,https://tiki.vn/vysachqv-sach-sam-sam-lai-day-an-nao-p279728953.html,Sách Sam Sam Lại Đây Ăn Nào,0.0,0,189000,189000,,67994
25979238,danh-tac-rut-gon-khu-vuon-bi-mat-p25979238,https://tiki.vn/danh-tac-rut-gon-khu-vuon-bi-mat-p25979238.html,Danh Tác Rút Gọn - Khu Vườn Bí Mật,0.0,0,42000,35700,6.0,67994
279319035,co-gai-dan-mach-david-ebershoff-nxb-tre-p279319035,https://tiki.vn/co-gai-dan-mach-david-ebershoff-nxb-tre-p279319035.html,CÔ GÁI ĐAN MẠCH - David Ebershoff - Trần Nguyên Hương dịch - NXB Trẻ,0.0,0,180000,149400,,67994
2608653,sach-ruoi-trau-tai-ban-p2608653,https://tiki.vn/sach-ruoi-trau-tai-ban-p2608653.html,Sách Ruồi Trâu (Tái Bản),0.0,0,108500,108500,1.0,67994
279734166,vysachqv-sach-ghi-chep-phat-hien-noi-doi-p279734166,https://tiki.vn/vysachqv-sach-ghi-chep-phat-hien-noi-doi-p279734166.html,Sách Ghi Chép Phát Hiện Nói Dối,0.0,0,218000,218000,,67994
478617,sach-hoa-tuylip-den-tri-viet-p478617,https://tiki.vn/sach-hoa-tuylip-den-tri-viet-p478617.html,Sách Hoa Tuylip Đen (Trí Việt),0.0,0,52000,42600,,67994
279715210,allsachqv-sach-nhung-bua-com-hoai-niem-o-tram-meo-con-p279715210,https://tiki.vn/allsachqv-sach-nhung-bua-com-hoai-niem-o-tram-meo-con-p279715210.html,Sách Những Bữa Cơm Hoài Niệm Ở Trạm Mèo Con,0.0,0,138000,138000,,67994
276385764,tieu-thuyet-tieng-anh-a-christmas-carol-p276385764,https://tiki.vn/tieu-thuyet-tieng-anh-a-christmas-carol-p276385764.html,Tiểu thuyết tiếng Anh - A Christmas Carol,0.0,0,593000,593000,,67994
279715320,allsachqv-sach-ho-so-mat-phap-y-nhan-chung-vang-mat-tai-hien-truong-p279715320,https://tiki.vn/allsachqv-sach-ho-so-mat-phap-y-nhan-chung-vang-mat-tai-hien-truong-p279715320.html,Sách Hồ Sơ Mật Pháp Y - Nhân Chứng Vắng Mặt Tại Hiện Trường,0.0,0,155000,155000,,67994
125596198,combo-5-tac-pham-cua-mario-puzo-bo-gia-dat-mau-sicily-luat-im-lang-cha-con-giao-hoang-ong-trum-cuoi-cung-p125596198,https://tiki.vn/combo-5-tac-pham-cua-mario-puzo-bo-gia-dat-mau-sicily-luat-im-lang-cha-con-giao-hoang-ong-trum-cuoi-cung-p125596198.html,"Combo 5 tác phẩm của Mario Puzo (Bố già, Đất máu Sicily, Luật Im lặng, Cha con giáo hoàng, Ông trùm cuối cùng)",0.0,0,610000,610000,,67994
24164583,tup-leu-bac-tom-p24164583,https://tiki.vn/tup-leu-bac-tom-p24164583.html,Túp Lều Bác Tôm,0.0,0,118000,103800,4.0,67994
142973767,nghe-thuat-va-tho-thu-cong-p142973767,https://tiki.vn/nghe-thuat-va-tho-thu-cong-p142973767.html,NGHỆ THUẬT VÀ THỢ THỦ CÔNG,4.0,3,119000,119000,47.0,67994
197739977,combo-2q-sach-van-hoc-kinh-dien-mui-huong-tai-ban-doi-gio-hu-tai-ban-p197739977,https://tiki.vn/combo-2q-sach-van-hoc-kinh-dien-mui-huong-tai-ban-doi-gio-hu-tai-ban-p197739977.html,Combo 2Q Sách Văn Học Kinh Điển : Mùi Hương ( Tái Bản ) + Đồi Gió Hú (Tái Bản),0.0,0,269500,269500,2.0,67994
273513412,con-rit-risto-isom-ki-bui-viet-hoa-dich-nxb-phu-nu-p273513412,https://tiki.vn/con-rit-risto-isom-ki-bui-viet-hoa-dich-nxb-phu-nu-p273513412.html,CON RÍT - Risto Isomäki - Bùi Việt Hoa dịch - NXB Phụ nữ,0.0,0,197000,197000,,67994
36710658,tu-sach-van-hoc-co-dien-rut-gon-papillon-nguoi-tu-kho-sai-p36710658,https://tiki.vn/tu-sach-van-hoc-co-dien-rut-gon-papillon-nguoi-tu-kho-sai-p36710658.html,Tủ Sách Văn Học Cổ Điển Rút Gọn - Papillon Người Tù Khổ Sai,5.0,5,45000,45000,22.0,67994
218750430,bia-mem-suoi-nguon-ayn-rand-nxb-tre-p218750430,https://tiki.vn/bia-mem-suoi-nguon-ayn-rand-nxb-tre-p218750430.html,[Bìa mềm] SUỐI NGUỒN - Ayn Rand - Nxb Trẻ,0.0,0,418000,418000,4.0,67994
277504511,sach-van-tam-dieu-long-p277504511,https://tiki.vn/sach-van-tam-dieu-long-p277504511.html,Văn Tâm Điêu Long,0.0,0,240000,240000,3.0,67994
189035802,con-tau-ma-cua-the-chien-ii-p189035802,https://tiki.vn/con-tau-ma-cua-the-chien-ii-p189035802.html,Con Tàu Ma Của Thế Chiến II,0.0,0,150000,150000,,67994
253530677,sach-chiec-ghe-nguoi-edogawa-ranpo-p253530677,https://tiki.vn/sach-chiec-ghe-nguoi-edogawa-ranpo-p253530677.html,Sách - CHIẾC GHẾ NGƯỜI - EDOGAWA RANPO,0.0,0,155000,155000,,67994
584836,sach-tu-p-le-u-ba-c-tom-p584836,https://tiki.vn/sach-tu-p-le-u-ba-c-tom-p584836.html,Sách Túp Lều Bác Tôm,0.0,0,99000,99000,,67994
279177378,ba-chi-em-may-sinclair-nxb-phu-nu-viet-nam-phuc-minh-p279177378,https://tiki.vn/ba-chi-em-may-sinclair-nxb-phu-nu-viet-nam-phuc-minh-p279177378.html,BA CHỊ EM – May Sinclair - NXB Phụ Nữ Việt Nam - Phúc Minh,0.0,0,215000,215000,2.0,67994
270491273,trong-gia-dinh-p270491273,https://tiki.vn/trong-gia-dinh-p270491273.html,Trong Gia Đình,0.0,0,79900,79900,1.0,67994
276029958,chum-nho-phan-no-tai-ban-2024-p276029958,https://tiki.vn/chum-nho-phan-no-tai-ban-2024-p276029958.html,Chùm Nho Phẫn Nộ (Tái Bản 2024),0.0,0,215000,215000,,67994
197740179,combo-2q-sach-van-hoc-kinh-dien-mui-huong-tai-ban-hai-so-phan-bia-mem-tai-ban-p197740179,https://tiki.vn/combo-2q-sach-van-hoc-kinh-dien-mui-huong-tai-ban-hai-so-phan-bia-mem-tai-ban-p197740179.html,Combo 2Q Sách Văn Học Kinh Điển : Mùi Hương ( Tái Bản ) +  Hai Số Phận - Bìa Mềm (Tái Bản),5.0,1,362500,362500,2.0,67994
276106041,chum-nho-phan-no-bv-p276106041,https://tiki.vn/chum-nho-phan-no-bv-p276106041.html,Chùm Nho Phẫn Nộ (BV),0.0,0,232000,232000,,67994
276674222,cung-cha-toi-auschwits-p276674222,https://tiki.vn/cung-cha-toi-auschwits-p276674222.html,Cùng Cha Tới Auschwits,0.0,0,168750,168750,1.0,67994
273600680,trac-an-voi-chinh-minh-kristin-neff-christopher-germer-nguyen-thi-gia-hoang-dao-thi-ngoc-mai-dich-nha-nam-nxb-tong-hop-tp-hcm-p273600680,https://tiki.vn/trac-an-voi-chinh-minh-kristin-neff-christopher-germer-nguyen-thi-gia-hoang-dao-thi-ngoc-mai-dich-nha-nam-nxb-tong-hop-tp-hcm-p273600680.html,TRẮC ẨN VỚI CHÍNH MÌNH -  Kristin Neff; Christopher Germer – Nguyễn Thị Gia Hoàng; Đào Thị Ngọc Mai dịch – Nhã Nam – NXB Tổng hợp TP. HCM,0.0,0,143000,143000,,67994
272308635,tri-tue-co-xua-tat-ca-cac-loai-nghiep-cach-tao-ra-tat-ca-nhung-dieu-ban-mong-muon-p272308635,https://tiki.vn/tri-tue-co-xua-tat-ca-cac-loai-nghiep-cach-tao-ra-tat-ca-nhung-dieu-ban-mong-muon-p272308635.html,TRÍ TUỆ CỔ XƯA – Tất cả các loại Nghiệp: Cách tạo ra tất cả những điều bạn mong muốn,0.0,0,219350,219350,,67994
254113589,noi-ria-the-gioi-mot-lich-su-ve-vung-bien-bac-michael-pye-le-thu-thao-dich-alphabooks-nxb-ha-noi-p254113589,https://tiki.vn/noi-ria-the-gioi-mot-lich-su-ve-vung-bien-bac-michael-pye-le-thu-thao-dich-alphabooks-nxb-ha-noi-p254113589.html,NƠI RÌA THẾ GIỚI – MỘT LỊCH SỬ VỀ VÙNG BIỂN BẮC- Michael Pye –  Lê Thu Thảo dịch – Alphabooks - NXB Hà Nội,0.0,0,299000,299000,,67994
279386871,nobel-van-chuong-2023-nha-thuyen-jon-fosse-pham-thanh-thuy-dich-rainbow-books-p279386871,https://tiki.vn/nobel-van-chuong-2023-nha-thuyen-jon-fosse-pham-thanh-thuy-dich-rainbow-books-p279386871.html,(Nobel Văn chương 2023) NHÀ THUYỀN – Jon Fosse – Phạm Thanh Thủy dịch – Rainbow Books,0.0,0,112000,112000,1.0,67994
274959869,tang-postcard-bay-chuyen-ke-gothic-isak-dinesen-nguyen-tuan-binh-dich-nxb-phu-nu-p274959869,https://tiki.vn/tang-postcard-bay-chuyen-ke-gothic-isak-dinesen-nguyen-tuan-binh-dich-nxb-phu-nu-p274959869.html,[Tặng postcard] BẢY CHUYỆN KỂ GOTHIC – Isak Dinesen – Nguyễn Tuấn Bình dịch – NXB Phụ Nữ,0.0,0,320000,320000,5.0,67994
276856425,gentleman-can-thuoc-p276856425,https://tiki.vn/gentleman-can-thuoc-p276856425.html,Gentleman cắn thuốc...,0.0,0,69500,69500,4.0,67994
159733658,combo-tac-pham-kinh-dien-minh-hoa-moi-hai-van-dam-duoi-bien-p159733658,https://tiki.vn/combo-tac-pham-kinh-dien-minh-hoa-moi-hai-van-dam-duoi-bien-p159733658.html,Combo - Tác phẩm kinh điển minh họa mới - Hai vạn dặm dưới biển,0.0,0,420500,420500,10.0,67994
273736462,cuon-sach-van-hoc-hanh-dong-hay-tu-boc-chay-p273736462,https://tiki.vn/cuon-sach-van-hoc-hanh-dong-hay-tu-boc-chay-p273736462.html,Cuốn Sách Văn Học Hành Động Hay- Tự Bốc Cháy,0.0,0,84147,84147,,67994
279076552,tuyen-tap-sach-tac-gia-jules-verne-bia-cung-p279076552,https://tiki.vn/tuyen-tap-sach-tac-gia-jules-verne-bia-cung-p279076552.html,Tuyển tập sách tác giả Jules Verne (bìa cứng),0.0,0,452000,452000,1.0,67994
248774269,sach-hai-van-dam-duoi-bien-kim-dong-p248774269,https://tiki.vn/sach-hai-van-dam-duoi-bien-kim-dong-p248774269.html,Sách - Hai Vạn Dặm Dưới Biển - Kim Đồng,0.0,0,99000,99000,1.0,67994
279302955,ngoi-lang-o-vung-nui-nyon-p279302955,https://tiki.vn/ngoi-lang-o-vung-nui-nyon-p279302955.html,Ngôi Làng Ở Vùng Núi Nyon,0.0,0,209000,156750,3.0,67994
156821151,sach-loi-chao-tu-moskva-series-james-bond-p156821151,https://tiki.vn/sach-loi-chao-tu-moskva-series-james-bond-p156821151.html,Sách Lời Chào Từ Moskva (Series James Bond),0.0,0,103365,103365,4.0,67994
83491513,combo-nha-tho-duc-ba-paris-bia-cung-cuon-theo-chieu-gio-tieu-thuyet-p83491513,https://tiki.vn/combo-nha-tho-duc-ba-paris-bia-cung-cuon-theo-chieu-gio-tieu-thuyet-p83491513.html,Combo Nhà Thờ Đức Bà Paris (Bìa Cứng)+Cuốn Theo Chiều Gió (Tiểu Thuyết),0.0,0,356964,356964,,67994
192020531,hoa-nguc-dan-brown-bia-cung-bach-viet-nguyen-xuan-hong-dich-tai-ban-2022-p192020531,https://tiki.vn/hoa-nguc-dan-brown-bia-cung-bach-viet-nguyen-xuan-hong-dich-tai-ban-2022-p192020531.html,HỎA NGỤC – Dan Brown – bìa cứng – Bách Việt – Nguyễn Xuân Hồng dịch (tái bản 2022),5.0,1,215000,215000,11.0,67994
275264145,te-le-mac-phieu-luu-ky-p275264145,https://tiki.vn/te-le-mac-phieu-luu-ky-p275264145.html,Tê - Lê - Mặc phiêu lưu ký,5.0,1,153000,153000,4.0,67994
278929403,bia-cung-in-gioi-han-500c-huy-diet-va-cuu-roi-viet-thanh-nguyen-times-p278929403,https://tiki.vn/bia-cung-in-gioi-han-500c-huy-diet-va-cuu-roi-viet-thanh-nguyen-times-p278929403.html,(Bìa cứng in giới hạn 500c) HỦY DIỆT VÀ CỨU RỖI - Viet Thanh Nguyen - TIMES,0.0,0,223000,223000,8.0,67994
279693077,thuy-hu-ban-truyen-tranh-p279693077,https://tiki.vn/thuy-hu-ban-truyen-tranh-p279693077.html,Thủy Hử - Bản truyện tranh,0.0,0,235000,235000,,67994
277921614,sach-tuyen-tap-chekhov-anton-chekhov-sach-tao-dan-p277921614,https://tiki.vn/sach-tuyen-tap-chekhov-anton-chekhov-sach-tao-dan-p277921614.html,[Sách] Tuyển tập Chekhov - Anton Chekhov - Sách Tao Đàn,0.0,0,377000,377000,,67994
279474004,babel-hay-su-can-thiet-cua-bao-luc-p279474004,https://tiki.vn/babel-hay-su-can-thiet-cua-bao-luc-p279474004.html,Babel hay sự cần thiết của bạo lực,0.0,0,336000,336000,,67994
1387567,sach-nhung-cuoc-phieu-luu-cua-huckleberry-finn-bia-cung-p1387567,https://tiki.vn/sach-nhung-cuoc-phieu-luu-cua-huckleberry-finn-bia-cung-p1387567.html,Sách Những Cuộc Phiêu Lưu Của Huckleberry Finn (Bìa Cứng),5.0,1,100000,100000,9.0,67994
273520796,co-nang-doc-than-va-10-thu-thach-cua-me-cuon-sach-van-hoc-lang-man-hay-p273520796,https://tiki.vn/co-nang-doc-than-va-10-thu-thach-cua-me-cuon-sach-van-hoc-lang-man-hay-p273520796.html,Cô Nàng Độc Thân Và 10 Thử Thách Của Mẹ-Cuốn Sách Văn Học Lãng Mạn Hay,0.0,0,107100,107100,,67994
273990734,hoi-co-thi-nhan-p273990734,https://tiki.vn/hoi-co-thi-nhan-p273990734.html,Hội Cố Thi Nhân,0.0,0,149000,111750,3.0,67994
273657912,de-che-ky-hieu-roland-barthes-nguyen-duy-binh-dich-nha-nam-nxb-the-gioi-p273657912,https://tiki.vn/de-che-ky-hieu-roland-barthes-nguyen-duy-binh-dich-nha-nam-nxb-the-gioi-p273657912.html,ĐẾ CHẾ KÝ HIỆU – Roland Barthes -  Nguyễn Duy Bình dịch – Nhã Nam – NXB Thế giới,0.0,0,85000,85000,2.0,67994
11385922,sherlock-holmes-tron-bo-3-tap-p11385922,https://tiki.vn/sherlock-holmes-tron-bo-3-tap-p11385922.html,Sherlock Holmes (Trọn Bộ 3 Tập),0.0,0,419500,419500,,67994
183483269,combo-2-truyen-cuc-hay-cho-be-chien-binh-cau-vong-totto-chan-ben-cua-so-tang-bookmark-happy-life-p183483269,https://tiki.vn/combo-2-truyen-cuc-hay-cho-be-chien-binh-cau-vong-totto-chan-ben-cua-so-tang-bookmark-happy-life-p183483269.html,Combo 2 truyện Cực Hay Cho Bé: Chiến Binh Cầu Vồng +Totto - Chan Bên Cửa Sổ/ Tặng Bookmark Happy Life ,0.0,0,281500,281500,2.0,67994
273867777,sach-nanh-trang-jack-london-ban-quyen-p273867777,https://tiki.vn/sach-nanh-trang-jack-london-ban-quyen-p273867777.html,Sách Nanh trắng (Jack London)  - Bản Quyền,0.0,0,69000,69000,,67994
216225895,nang-tinh-nhan-ho-honore-de-balzac-p216225895,https://tiki.vn/nang-tinh-nhan-ho-honore-de-balzac-p216225895.html,Nàng tình nhân hờ - Honoré de Balzac,0.0,0,45000,45000,1.0,67994
274972504,doi-ai-nay-chet-hans-fallada-hoang-dang-lanh-dich-hoi-nha-van-tao-dan-p274972504,https://tiki.vn/doi-ai-nay-chet-hans-fallada-hoang-dang-lanh-dich-hoi-nha-van-tao-dan-p274972504.html,(Bìa mềm) ĐỜI AI NẤY CHẾT - Hans Fallada - Hoàng Đăng Lãnh dịch – Hội Nhà Văn – Tao Đàn,0.0,0,389000,389000,4.0,67994
276379334,combo-trang-han-kang-nobel-van-chuong-2024-hoa-van-no-moi-ngay-valerie-perrin-sach-van-hoc-kinh-dien-p276379334,https://tiki.vn/combo-trang-han-kang-nobel-van-chuong-2024-hoa-van-no-moi-ngay-valerie-perrin-sach-van-hoc-kinh-dien-p276379334.html,Combo TRẮNG (HAN KANG) NOBEL VĂN CHƯƠNG 2024 + HOA VẪN NỞ MỖI NGÀY (Valérie Perrin) SÁCH VĂN HỌC KINH ĐIỂN ,5.0,1,315000,315000,4.0,67994
254132104,nghe-thuat-va-tho-thu-cong-p254132104,https://tiki.vn/nghe-thuat-va-tho-thu-cong-p254132104.html,Nghệ Thuật Và Thợ Thủ Công,0.0,0,95600,95600,,67994
36582818,sach-tri-tue-bang-giam-tai-ban-2019-p36582818,https://tiki.vn/sach-tri-tue-bang-giam-tai-ban-2019-p36582818.html,Sách Trí Tuệ Băng Giám (Tái Bản 2019),0.0,0,152500,152500,4.0,67994
203117964,sach-tuoi-tre-lac-buoc-ta-con-dung-truoc-nhau-skybooks-ban-quyen-p203117964,https://tiki.vn/sach-tuoi-tre-lac-buoc-ta-con-dung-truoc-nhau-skybooks-ban-quyen-p203117964.html,"Sách  Tuổi Trẻ Lạc Bước, Ta Còn Đứng Trước Nhau? - Skybooks - BẢN QUYỀN",0.0,0,97000,97000,1.0,67994
279210659,ngon-den-trong-tim-banu-mushtaq-rubik-viet-nam-p279210659,https://tiki.vn/ngon-den-trong-tim-banu-mushtaq-rubik-viet-nam-p279210659.html,NGỌN ĐÈN TRONG TIM - Banu Mushtaq - Rubik Việt Nam,0.0,0,159000,159000,,67994
273442314,con-la-mary-dau-phai-o-banh-my-cuon-sach-la-tac-pham-tieu-bieu-cua-katherine-marsh-p273442314,https://tiki.vn/con-la-mary-dau-phai-o-banh-my-cuon-sach-la-tac-pham-tieu-bieu-cua-katherine-marsh-p273442314.html,Con Là Mary Đâu Phải Ổ Bánh Mỳ-Cuốn Sách Là Tác Phẩm Tiêu Biểu Của Katherine Marsh,0.0,0,81000,81000,,67994
279314769,tuyen-tap-sach-tac-gia-jules-verne-bia-cung-p279314769,https://tiki.vn/tuyen-tap-sach-tac-gia-jules-verne-bia-cung-p279314769.html,Tuyển tập sách tác giả Jules Verne (bìa cứng),0.0,0,416000,416000,1.0,67994
275079610,sach-tay-han-dien-nghia-bia-cung-p275079610,https://tiki.vn/sach-tay-han-dien-nghia-bia-cung-p275079610.html,Sách - Tây Hán diễn nghĩa (bìa cứng),0.0,0,187000,187000,,67994
