CustomerID,content,star,time_review,BookID,spid
11808389,,5,2026-06-02 12:34:05,472390,182201
16405314,"Sách khá mới. Truyện hay đọc vừa hài hước vừa khá kinh dị, có cả hình minh hoạ",5,2020-04-17 17:55:19,472390,182201
1001563,"Tớ biết được chú David qua Britain's Got Talent, và tớ bị cuốn hút bởi sự hài hước, dí dỏm của chú. Một hôm đang lướt sách trên Tiki thì thấy tác phẩm của chú, tớ liền mua về ngay và kết quả là hơn cả mong đợi. Qúa toẹt vời ông mặt trời!! Tác phẩm của David Walliams thường đề cao tình cảm gia đình, con người và pha lẫn hài hước nữa. Tóm lại rất đáng đọc, đừng bỏ lỡ =))))) !! Hãy đọc và cảm nhận nhé! Thân chào!",5,2017-04-30 21:57:05,472390,182201
569970,"Đây là một cuốn sách thiếu nhi nhưng theo mình người lớn đọc cũng chẳng sao. Những câu chuyện hài hước, kì thú và cũng có phần hơi kinh dị nữa (không biết mấy em nhỏ đọc những cảnh này có bị ám ảnh không). Tuy nhiên truyện cũng có ý nghĩa nhân văn đằng sau những câu văn hóm hỉnh vui vẻ. Cách thiết kế, trình bày sách làm mình rất ấn tượng, nhất là cái trang đen thui í. Sách đẹp, Tiki đóng gói và giao hàng nhanh. Dày vừa phải, to vừa phải, đọc để giải trí rất đáng nhé.",5,2016-06-29 23:38:19,472390,182201
502455,"Mình đọc nhận xét ở dưới thì thấy có nhiều vạn khen Bà nội Gangster. Thật ra thì mình cũng vậy, do mình đọc quỷên kia trước nên hình như cái bóng nó để lại còn khá lớn, nhưng điều đó không có nghĩa là mình không thích quyển này. Tác phẩm cũng thiên về tình cảm gia đình và mọi người xung quanh nhưng cốt truyện có phần hấp dẫn, ly kỳ hơn. Câu chuyện xoay quanh cậu bé Alfie rất ghét nha sĩ, ông bố, bà nha sĩ yêu quái và cả cô công tác xã hội phản ứng thái quá. Cái kết cũng hơi bất ngờ, hình minh họa bên trong cũng rất tuyệt!!!",5,2016-06-27 17:42:49,472390,182201
505164,"Hồi nhỏ mình rất thích ăn kẹo, uống nước có ga, thế nên là răng mình bị sâu gần như là cả hàm. Cũng giống như Alfie, sau lần đầu tiên đến nha sĩ rồi mình sợ luôn, sau khi nhổ răng thì mình chỉ có thể ăn cháo . Từ sau đó mình không đến nha sĩ nữa, toàn bảo mẹ tự nhổ ở nhà, mà chỉ khi nào mình ngủ rồi mẹ mới nhổ thôi. Truyện được tác giả David Walliams kể lại bằng một giọng văn rất hài hước, dí dỏm. Hình minh họa rất dễ thương, hài hước. Thiết kế bìa rất đẹp, đây là một trong những cái mình thích nhất ở cuốn sách.",5,2016-06-26 12:22:38,472390,182201
376922,"Tôi mua cho con tôi đọc, cháu rất thích, truyện hay, TIKI giao hàng nhanh, đóng gói tốt",5,2020-05-25 11:42:28,472390,182201
8466,"Theo mình thì đây là một cuốn sách rất ấm áp tình người, rất hài hước địa dỏm, cảm động, mà cũng phần hơi kinh dị chút. Bìa sách được thiết kế đẹp và ấn tượng. Tuy nhiên mình dùng bookmark mà tiki bọc sách xấu quá, méo mó tùm lum. Chắc cuốn sach này cũng không hẳn là dành cho trẻ em vì có nhiều chi tiết kinh-tởm-lợm và hình ảnh minh họa đáng-dễ-sợ( và có rất nhiều từ chế). Giấy và mực cũng rất đẹp. Nói chung là mình rất thích cuốn này, nội dung rất hay, hài hước, cảm động. Một cuốn sách rất đáng để đọc.",5,2016-06-10 10:29:08,472390,182201
5269589,"Yêu Tiki lắm. Mình đã mua nhiều sản phẩm của Tiki, rất ưng ý, giao hàng nhanh đóng gói cẩn thận, bìa đẹp,sách hay mỗi tội là vừa mua sách xong thì quyển đấy giảm giá, như kiểu bị *** ý. Vẫn cho 5 sao nhé!!!!!",5,2017-09-22 20:44:08,472390,182201
1349581,"Đây là lần thứ hai mình đọc tác phẩm của David Walliams và đã không thấy thất vọng về những gì mình đã chờ đợi. ""Nha sĩ yêu quái"" vẫn giữ được sự hóm hỉnh của ""Bà nội găngxtơ"" (Cảm giác như đó là tính cách thực sự của tác giả vậy), có tính giáo dục và đầy tình người. Sự khác biệt nhẫn ra ngay là ""Nha sĩ yêu quái"" được đầu tư nhiều hơn về hình ảnh, rất nhiều ảnh minh họa hài hước trong truyện nên nhìn có vẻ dày nhưng thực ra đọc rất nhanh. Đây có lẽ là yếu tố mà David Walliams và cộng sự của ông muốn lôi kéo người đọc là trẻ em hơn. Nhưng thật sự ngay khi đọc xong mình nghĩ cuốn sách có thật sự dành cho trẻ em khi có nhiều từ ngữ khá kinh dị (dù biết rằng đây là tác phẩm có pha chút kinh dị). Nhưng rồi mình lại nghĩ trẻ con giờ phát triển cũng nhanh nên có khi sách của David đang theo kịp với đà lớn của trẻ em hiện tại. Alfie và Gabz cũng rất dễ thương nữa - đây có thể là bắt cầu của chuyện tình bên những chiếc răng. Nói tóm lại đây là một cuốn sách hay, hài hước, có tính giáo dục đằng sau mỗi nhân vật (Đặc biệt là Alfie) và nó không chỉ dành cho thiếu nhi mà phù hợp với nhiều lứa tuổi.",5,2016-05-20 00:20:43,472390,182201
752159,"Bìa sách khá ấn tượng và thú vị khi có thể tưởng nhớ về tuổi thơ khi đi bác sĩ ám ảnh như bìa quyển sách này :D . Có thật đây là quyển sách dành cho thiếu nhi khi mà đến cả người lớn còn bị cuốn hút váo quyển sách này , nội dung có 1 chút kinh dị mang 1 chút ám ảnh tuy nhiên không kém phần hài hước với những hình vẽ ngộ nghĩnh nhưng cũng không kém phần kinh dị , buổi tối đọc quyển này cũng có phần hơi ghê ghê nhưng cũng có lúc bật cười vì sự ngây ngô đáng yêu của quyển sách này",5,2016-04-27 00:38:58,472390,182201
746405,"Nha Sĩ Yêu Quái của tác giả David Walliams là một cuốn sách rất dễ thương cho thiếu nhi. Cuốn sách nói về cuộc phiêu lưu, khám phá vô cùng dễ thương của lũ trẻ. Chúng nghĩ bà nha sĩ là yêu quái và chúng rình mò, theo dõi bà nha sĩ. Điều đó tạo nên những tình huống vui hài hước, vừa cảm động. Cuốn sách rất dễ thương và mình thích nhất ở bìa sách là hình tác giả David Walliams, ông ý đẹp trai vô đối. Sách rất đẹp, bìa đẹp, mực in tốt, hình minh họa dễ thương. Mình thích sách, thích cả tác giả nữa =)))) ông tác giả đẹp trai...",5,2016-04-16 20:34:44,472390,182201
440850,Nếu đã đọc quyển Bà nội gangxto của David Walliam thì không thể bỏ qua Nha sĩ yêu quái.giống như trong tác phẩm trước - Bà nội Gangxto lần này tác giả cũng khai thác nhiều về tình cảm gia đình nhưng cốt truyện lần này có phần ly kì hơn nhiều.Có chút gì đó đáng sợ trong nội dung từ nhãn hiệu kem đánh răng của mẹ đến việc hai bộ xương biết chạy ở khúc cuối :))))))) Những hình minh họa cũng như bìa cuốn sách làm mình rất thích.Hy vọng Nhã Nam sẽ phát hành thêm nhiều cuốn sách như vầy ~,5,2016-04-02 16:12:44,472390,182201
924885,"Nhiều bạn đã đọc bà nội gangster và đây là cuốn sách đồng tác giả-Davis Walliams. Đây là một câu chuyện vô cùng nhí nhảnh, dí dỏm và không kém phần kinh dị, vì đây là tác phẩm kinh dị, theo như lời tác giả. Câu chuyện về một cậu bé sợ đến nha sĩ vì một lần đến nha sĩ, cậu đã bị nhổ nhầm răng. Một câu truyện đồng-cảm-xúc cho những ai chán ghét nha sĩ. Thực sự thì mình không biết chuyện này có dành cho trẻ em không, nhưng thực sự thì chi tiết miêu tả có đúng là hơi tởm lợm. Dù sao thì đây cũng là câu chuyện khá hài hước theo lối phương Tây, đồng thời cũng nói đến vấn đề trẻ em ngày càng quên mất những giá trị thần tiên như Tiên răng, Santa Claus..hay thậm chí là những mụ phù thủy có thật ngoài đời. Sách cũng rất đẹp, hình minh họa dí dỏm và câu truyện thật tuyệt vời.",5,2016-02-28 13:24:49,472390,182201
7619765,Cuốn này hay. Mình đọc nó trong lúc chờ đợi làm răng ở 1 tiệm nha khoa.,5,2020-03-21 09:08:31,472390,182201
16311478,"Sách đẹp, chất liệu giấy và chữ in đẹp.",5,2020-03-25 09:58:11,472390,182201
7338233,,5,2021-01-28 15:51:09,472390,182201
1673365,,5,2020-10-01 08:07:03,472390,182201
14525299,,5,2020-09-20 21:31:07,472390,182201
15459422,Hay,5,2020-08-25 20:32:23,472390,182201
7862278,,5,2020-09-06 00:43:30,472390,182201
2084613,,5,2020-08-26 11:28:16,472390,182201
9435388,,5,2020-07-28 17:01:29,472390,182201
17084560,,5,2020-07-08 15:20:08,472390,182201
15524922,"MÌNH ĐẶT HÀNG TỪ 8/4 NGÀY 9/4 NHẬN DC *** BÁO SẼ GIAO HÀNG TRONG NGÀY, CHỜ MÃI CŨNG KO THẤY, NGÀY 12/4 PHÀN ÁNH QUA TỔNG ĐÀI,NGÀY 13/4 TIẾP TỤC NHẬN DC *** BÁO SẼ GIAO HÀNG TRONG NGÀY, VÀ LẠI MỘT LẦN NỮA KO ĐÚNG HẸN, BÉ NHÀ MÌNH CẦN SÁCH ĐỂ ĐỌC VÀ LÀM BÀI KIỂM TRA CÔ GIÁO YÊU CẦU, NGÀY 15/4 PHẢI NỘP BÀI, HN 14/4 TIKI MỚI GIAO HÀNG TRONG KHI MÌNH CŨNG PHẢI ĐẶT TIẾP ĐƠN BÊN *** NGÀY 13/4 VÀ *** ĐÃ GIAO HÀNG NGAY NGÀY 14/4 .MÌNH VẪN NHẬN HÀNG CHO TIKI VÀ SÁCH DUP THÌ CÓ THỂ LÀM QUÀ TẶNG DC .NHƯNG CÓ LẼ LẦN SAU MÌNH SẼ CÓ SỰ CÂN NHẮC KHI BOOK HÀNG BÊN TIKI. XIN CẢM ƠN",1,2020-04-14 11:51:35,472390,182201
1212649,"Ban đầu mình mua sách vì những hình vẽ dễ thương dí dỏm trong truyện. Nhưng không ngờ về đọc lại rất hay và hài hước. Câu chuyện về tiên răng được biến tấu thành phù thủy răng vừa buồn cười, vừa kinh dị. Cái kinh dị dành cho trẻ em cũng rất đáng yêu, không ghê sợ như kinh dị của người lớn. Câu chuyện không chỉ dừng lại ở những tiếng cười mà còn đọng lại nhiều xúc động về tình yêu gia đình, tình bạn, tình người. Mình sẽ mua tất cả các tác phẩm của David Walliams.",5,,472390,182201
307488,"Cuốn này rất hài hước, đọc giải trí rất tốt luôn :))) Chờ Tiki và Nhã Nam giảm giá tiếp để mình mua nốt mấy cuốn còn lại của David Walliams luôn. Tiki giao hàng nhanh và đóng gói cẩn thận",4,2020-08-29 22:38:37,472390,182201
1286291,Với hai cuốn của David thì có lẽ mình thích cuốn Bà nội Gangxto hơn Nha sĩ yêu quái. Có lẽ theo bản thân mình thì Nha sĩ yêu quái chưa đạt đến đỉnh điểm và ý nghĩa như Bà nội Gangxto. Nhưng không phải là không hay. Một cuốn sách pha chút kinh dị (hay đúng hơn là có một số hình ảnh thật kinh tởm) với hài hước về mọi việc xảy ra trong thành phố của Alfie đang sống. Nói chung là nội dung rất ổn Bìa sách thiết kế của Nhã Nam thì mình không thể chê vào đâu được. Bìa rất đẹp với hình minh họa đã ít nhiều thể hiện được nội dung câu chuyện.,4,2016-06-15 23:32:15,472390,182201
725501,"Thích nhất ở cuốn này là có nhiều hình minh hoạ, lại còn vẽ đáng yêu chứ. Tình cảm cha con thật là cảm động, có phải nếu dùng cái chết sẽ làm bất tử hoá thứ tình cảm này? Thật sự là không ngờ tới được mà. Nếu xét kết cuối cùng thì là một cái kết hạnh phúc. Khá là hài hước nhưng pha thêm chút kinh dị. Mình lớn rồi mà đọc vẫn phải tặc lưỡi vì độ kinh dị, kiểu ghê ghê á. Chốt lại thì cũng khá hay nhưng mình kết Bà nội Găng-xtơ hơn.",4,2016-04-10 11:38:17,472390,182201
855902,"Mình vừa đọc xong quyển sách này trong thời gian về nhà! Nhìn thì dày thế thôi nhưng đọc rất nhanh nhé! Chắc là do nội dung cuốn hút nên mình không thể nào dời được quyển sách từ thời gian ngồi xe buýt đến khi về nhà, quên ăn luôn :) ! Bìa trang trí rất ấn tượng, một gia đình chú bé thiếu người mẹ nhưng 2 bố con sống cực tình cảm và chú bé Alfie cũng là một chú bé rất có hiếu. Kết thúc câu chuyện rất ám ảnh, nó không giống kết thúc của một câu chuyện hài hước dành cho trẻ con. Mình chưa đọc quyển trước của tác giả vì hết hàng nhưng mình mong là nó không có kết thúc như này.",4,2016-03-23 09:50:35,472390,182201
5466257,"Hẹn mình giao hàng ngày 21/06 mà đến hôm nay là 02/07 rồi sao vẫn chưa giao hàng vậy, Đã thanh toán",1,,472390,182201
6649665,,4,2020-12-23 06:25:03,472390,182201
17088516,,4,2020-09-29 23:44:12,472390,182201
11349965,"Sách hay, chất lượng in ấn tốt. Giao hàng nhanh và đúng hạn!",4,2019-04-09 12:16:46,472390,182201
1518824,,4,2020-06-10 16:52:57,472390,182201
16242454,,4,2020-06-04 20:09:52,472390,182201
105225,"Truyện cùng seri với lại Bà ngoại thời @, đọc khá thú vị. Đặc biệt là bìa sách quá đẹp luôn. Tiki giao nhanh và đẹp.",4,2017-07-13 09:30:20,472390,182201
825486,"ko hay lắm. nội dung đơn giản, câu thoại cũng ko có gì dí dỏm",1,2017-05-10 08:13:29,472390,182201
2028174,Không biết có ai bị ám ảnh về kem đánh răng của mẹ giống mình không nhỉ ?. Vẫn là 1 cuốn sách hay nên đọc của David William.,4,,472390,182201
17541316,"Quyển này thích lắm á mọi người Thấy hot nên mua về Đúng là không phải cái gì cũng tự nhiên hot cả đọc thích cực luôn á mọi người . Kiểu nó đúng là từ điển luôn á nói về ý nghĩa của câu đó Tuy nhiên khi giao hàng thì thấy là hộp rất to luôn á so với hộp thì quyển này nó bé xíu . Nên dùng hộp nhỏ thôi ạ M tưởng là có bao bọc quyển Từ Điển Tiếng ""Em"" nhưng mà không thấy có",5,2021-07-14 18:04:29,71907876,71907877
8123740,"Thực sự buồn vì mình mua sách tiki lâu rồi nhưng mà lần này nhận được quyển này rất buồn, đặt mua mới nhưng lại là sách cũ, bìa bên ngoài bị bẩn như dính nước trà, có vệt vàng ố, nhìn sách cũ lắm. Còn các quyển khác thì oke, sách đẹp nội dung hay, đóng gói kĩ càng, mua sale nên sách cũng ko được bọc như mua chuẩn. Mong Tiki kiểm tra và khắc phục để mn ko phải nhận sách như mình. Vẫn đánh giá 5 sao ủng hộ. Mong các bạn khắc phục và trả lời mình sớm. Thanks",5,2021-06-14 14:42:55,71907876,71907877
19927416,"Cực kỳ hài lòng khi đặt sách trên Tiki Shipper giao hàng nhanh, thân thiện, vui vẻ, mặc dù đã rất trễ 19h tối nhưng vẫn giao hàng cho mình... Sách mới toang, đẹp... có bị nhăn xíu nhưng vẫn Okee Về cuốn này mình chưa đọc nên k đánh giá nhiều... nhưng sách khá là nhỏ hơn mình nghĩ",5,2021-01-30 19:26:15,71907876,71907877
20635342,giao nhanh ghê mới đặt hôm qua hôm nau đã có hàng làm mình tưởng giao nhầm sạch phần bìa không ưng cho lắm vì làm kiểu nhìn giống bị bẩn ố vàng nhưng giao nhanh giá lại rẻ nên mình cho 5 sao nên mua nha mọi người,5,2021-03-12 10:33:36,71907876,71907877
7851861,"Đóng gói sản phẩm rất đẹp và chắc chắn, thời gian giao hàng rất nhanh",5,2023-05-01 23:31:14,71907876,71907877
19917840,"sách nhỏ gọn, nội dung giải trí ok, tuy đựng chung nhiều cuốn sách lớn nhưng ko bị trầy xước, nhăn góc gì cả, có điều nếu ko phải có bạn nói bìa sách kiểu vậy mình cũng tưởng bị dơ rồi đó, màu bìa gây ức chế dễ sợ=)))",5,2021-02-18 11:19:38,71907876,71907877
588640,"Tiki giao hàng siêu nhanh, mình đặt sách tối nay mà ngày mai đã có rồi. Sách bé hơn mình nghĩ, chỉ to hơn lòng bàn tay của mình một chút. Nhưng đọc để giải trí cũng rất vui, những từ/cụm từ được định nghĩa lại đúng rất vui và thực tế với giới trẻ hiện nay?",5,2021-06-24 17:24:37,71907876,71907877
20390787,"Sách đpcj rất hay + siêu hấp dẫn, sách xinhh, nhỏ nhắn xinhh xỉu. Mọi người nên mua về đọc thử nhó :3",5,2021-02-22 14:10:12,71907876,71907877
18029645,"lớp bìa nhìn màu bị bẩn bẩn, giấy hơi bám bẩn nên các bạn để tay sạch cầm không bẩn như mình=))",5,2021-01-01 11:38:47,71907876,71907877
2198362,"Cuốn này nhỏ nhắn, xinh xắn. Lời văn thì hơi bị cute. Mình xem *** thấy hoài nên quyết định mua.",5,2020-12-30 01:16:33,71907876,71907877
16349582,Mua hàng bên Tiki là không phàn nàn gì rồi. Quá xịn xò luôn. Giao hàng nhanh nữa,5,2021-05-08 16:31:56,71907876,71907877
6492212,"Kích thước sách Quá nhỏ so với tưởng tượng Về Giao hàng: Giao hàng nhanh Về đóng gói: Tiki luôn tuyệt vời, gói đẹp Về chất lượng sách: Tuyệt vời ông mặt trời Về nội dung sách: khá vui Về giá cả: rẻ không tưởng Xin cảm ơn TIKI ❤️❤️❤️",5,2022-04-07 22:09:26,71907876,71907877
20697102,Sách nhỏ bằng bàn tay nhưng nội dung hay. Phù hợp với tuổi teen,5,2021-04-09 09:28:17,71907876,71907877
18669001,"Sách đẹp, dễ thương. Nhỏ hơn mình nghĩ nhưng như vậy rất dễ mang theo bên người. Nội dung thì khỏi chê. Cho shop 5* ủng hộ nek",5,2021-02-02 15:48:34,71907876,71907877
20514970,"Sách bị cong bìa ấy ạ, còn bị như là bị loang j ở góc sách ạ",5,2021-03-03 18:09:02,71907876,71907877
16645536,sách hay lắm nhaaaa??? giao hàng nhanh lắm lunnn?‍♂️?‍♂️,5,2021-03-06 20:43:54,71907876,71907877
5259246,"Mua tặng con bạn sinh nhật vì nó cứ nằng nặc đòi được mua hai cuốn này. Nó nói đọc mấy cuốn này có thể giảm được xì trét, nên nhất quyết phải mua bằng được. Mình xem thử vài trang thì thấy là mắc cười thiệt. Nhiều cũng mang đến nụ cười cho người đọc trong cuộc sống nhiều áp lực này",5,2021-07-14 15:21:08,71907876,71907877
16238373,"Đây là quyển sách có khả năng gây cười, rất thực tế?. Nên dành cho các bạn trai, bạn gái thời 4.0 này. Tiki bảo quản sách chưa tốt, nhưng những cuốn sách bán chạy thì ko có vấn đề gì (trong đó có quyền này). Nhân viên giao hàng lịch sự, tử tế chỉ cần hướng dẫn đường đi 1 lần là biết nhà.",5,2021-07-04 21:32:25,71907876,71907877
21872003,"Cuốn sách dễ thương bằng bàn tay, bé xíu xinh xinh. Nội dung buồn cười. Đọc giảm căng thẳng rất tốt.",5,2022-07-25 22:20:34,71907876,71907877
24961726,"Giao hàng nhanh, đúng dự kiến. Điểm cộng là đóng gói rất chỉnh chu. Sách nhỏ gọn trông rất xinh. Nội dung nghe mọi người review là rất thú vị. Cảm ơn shop ạ!",5,2022-05-23 12:18:50,71907876,71907877
6251367,"Sách nhỏ nhắn xinh xắn, bỏ túi lâu lâu lôi ra đọc xả xì trét thôi chứ cũng không có gì đặc biệt. Mua lâu quá rồi giờ mới gửi đánh giá",5,2021-05-30 11:41:28,71907876,71907877
26994788,hình ảnh mang tính chất minh họa,5,2022-04-28 09:53:16,71907876,71907877
5178168,👌🏻,5,2021-08-05 19:40:04,71907876,71907877
697177,"Sách cưng xỉu nạ! đang stress mà nhận được sách đọc vài trang mà quên hết mọi sự, cười rớt hàm.",5,2020-11-13 11:56:29,71907876,71907877
19467670,"về giao hàng thì tiki giao nhanh cực, đặt đúng 24h là có hàng luôn sách thì thơm sạch đẹp á =)) nội dung thì rất hài hước, phù hợp với những bạn có tính zui zẻ hông quạo, cuốn này hợp để giải trí lắm á ?",5,2021-01-22 13:17:57,71907876,71907877
28986566,"bìa sách hơi cũ nha xấu, nội dung hay ạ",5,2023-04-12 06:29:19,71907876,71907877
14274836,sách khá rẻ vì mk mua vào đợt sale sách lại thú vị khá hài hước nhí nhảnh shiper laii nheoejt tình thân thiện sẽ ủng hộ tiki trong những lần tới,5,2021-02-03 17:13:40,71907876,71907877
16742481,giao siêu nhanh. chất lượg,5,2021-01-14 20:25:38,71907876,71907877
19813018,oklaaaa sách hayyyyyyy mọi người nên muaaaaa,5,2021-11-18 20:14:26,71907876,71907877
27863782,,5,2022-07-21 22:50:02,71907876,71907877
1604189,"Ship hàng siêu nhanh ạ, anh giao hàng cũng thân thiện. Sách pé pé xinh xinh cưng lắm, nội dung thú vị độc đáo, nói chung là hổng có j để chê ạ",5,2020-11-14 19:29:43,71907876,71907877
15847486,"Giao hàng nhanh, đợt sale nên được giá tốt, bên ngoài thì ok, tưởng sách to ai ngờ nó nhỏ nhỏ bé bé xinh xinh, nôi dung cũng thú vị",5,2022-01-01 21:46:35,71907876,71907877
18343811,"?Mk hơi thấy vọng vì sách nhìn như sách cũ , có nhiều vết dơ , gáy sách bị bung ra , nhìn tổng quan trông mất thẩm mỹ",5,2021-01-21 18:08:01,71907876,71907877
21120268,quyển này đọc hay nha cách dùng để xả stress,5,2021-04-18 12:04:11,71907876,71907877
563951,"Sách mang tính thư giãn cao. Nên mua thêm zui zẻ hông quạu để x2 niềm vui ? Theo như bé ngồi bên cạnh mình thì ""Anh nào chưa có người iu thì nên đọc để hiểu hơn nha"" ?. Còn bạn ngồi cạnh mình thì bảo ""Đọc để tìm cách sửa nóc nhà"" ?",5,2021-01-27 12:52:09,71907876,71907877
28636398,Hayyy,5,2023-04-21 09:19:59,71907876,71907877
26833088,"sách đẹp,dù đóng gói sơ sài nhưng sách vẫn không seo , ổn",5,2022-02-22 19:34:35,71907876,71907877
5485023,"Màu sách là như vậy nha chứ không phải dơ , sách đọc hay nhỏ nhỏ cute lắm tưởng to ai ngờ cầm dễ thương",5,2021-02-21 22:06:04,71907876,71907877
10105158,OK,5,2020-11-18 22:25:05,71907876,71907877
20414831,Sp chất lượng Cơ mà có cuốn bị gấp góc chắc là do vận chuyển Nhưng mà nhìn chung thì OK,5,2021-06-09 15:34:07,71907876,71907877
26784299,"Hay, giá rẻ, đóng gói có seal, đẹp",5,2022-07-22 10:31:07,71907876,71907877
20302788,"sách hay cực, nhưng hơi nhỏ với sự tưởng tượng. Sách có phiếu giảm giá nên rẻ hơn giá thật 14 nghìn lận, ƯNG CỰC mong có nhiều phiếu giám giá sách như này nữa",5,2021-02-22 10:25:36,71907876,71907877
24522382,Giao hành nhanh Sách bé xíu xiu :)) mà hayy lắm mọi người nên mua thử nha,5,2021-10-30 19:43:42,71907876,71907877
7704773,Mực in rõ ràng. Nội dung khá thú vị,5,2022-05-12 06:38:05,71907876,71907877
7402562,"sách thú vị, tiki giao hàng nhanh",5,2021-03-18 12:41:30,71907876,71907877
18021482,"Thấy nhiều b bảo sách nhỏ nhg cx ko nghĩ là nhỏ như vậy , nhỏ hơn cả con ip6 luôn . Nhg nhìn cute vc raa , ship nhanh , bọc bóng cẩn thận . Ở trog có những nội dung cực kì đi vào lòng ngườiii . Nhìn bìa sách có vẻ hơi bẩn nhg mà tinh ý sẽ thấy là bìa nó trang trí như thế , nhìn nghệ thuật ghê :33 rất cảm ơn shop . Nhg nếu mà đc tặng thêm cái kẹp hoặc lockbook để kẹp sách thì sẽ vuii hơn nhiều nhé :33",5,2020-12-28 17:21:11,71907876,71907877
18498998,"Sách bìa xinh, nội dung hay, mỗi tội tiki xếp hàng bỏ cong cuốn sách vào hộp may là sách không sao",5,2022-04-04 15:14:50,71907876,71907877
15625974,"đây là lần đầu mua hàng của mình trên Tiki:))) quyển này mình mua để tặng bạn thân vì b í thích đọc sách. May quá, hàng giao nhanh và cũng ko gặp lỗi ngoại quan nào cả. Ấn tượng đầu như này là rất tốt. Cảm ơn Tiki!",5,2020-12-02 09:16:19,71907876,71907877
1480447,"Hài lòng, hơi hỏng mép tí nhưng không sao",5,2020-12-09 23:33:25,71907876,71907877
26096988,"cuốn này đọc thú vị, hihi đóng gói ko kĩ lắm nhưng vẫn ko bị ảnh hưởng đến chất lượng sách. Tốt",5,2021-12-25 16:09:41,71907876,71907877
20631897,oce rất tốt,5,2021-04-11 11:20:25,71907876,71907877
28648036,Cuốn này rất hay. Xứng đáng để mua,5,2023-02-27 11:20:15,71907876,71907877
19227675,,5,2021-06-27 09:12:53,71907876,71907877
25818048,Dhjbgđukgđgjcdjĩ,5,2022-05-18 18:45:37,71907876,71907877
1248889,Xuất sắc quá tuyệt vời. Hy vọng lần sau sẽ mua hàng của shop. Hihi,5,,71907876,71907877
16139500,"xĩu à, hài hước thiệt sự, mua đi không phí, đọc giải trí cực luôn, bé bé nhỏ nhỏ xinh xinh, shop gói hàng cẩn thận, sách rất đẹp",5,2021-02-08 09:58:54,71907876,71907877
7917620,"Sách đẹp, giao hàng nhanh, nd vui vẻ. Giúp cập nhật kiến thức cho người già :))",5,2020-12-23 09:37:05,71907876,71907877
17451828,"Khá là ưng ý, thời gian giao hàng khá nhanh. Sẽ ủng hộ shop vào lần mua sau?",5,2021-01-28 07:53:47,71907876,71907877
516433,"Đóng gói sản phẩm chắc chắn. Giao hàng siêu tốc. Sách dày, đọc cảm thấy vui tươi. 🤗🤗",5,2023-02-08 15:35:48,71907876,71907877
15359097,Sách hơi nhỏ Nghe mấy bạn review trên *** tò mò lên mua về sem Đọc chắc tầm 10-15ph là hết Giao hàng nhanh ?‍♀️✌️?‍♀️,5,2021-02-02 10:18:52,71907876,71907877
19012227,"Đóng gói hơi chưa ổn lắm, hộp khá nát nhưng may sách bên trong không sao. Nhỏ gọn rất xinh:3 sách mới rất ổn. Thời gian giao hàng nhanh, còn nội dung bên trong thì khỏi bàn, nổi tiếng mà ?",5,2021-03-04 15:12:17,71907876,71907877
5875024,giao hàng nhanh nhưng do bỏ trong hộp hơi nhỏ so với sách nên bị cong sách,5,2022-04-03 09:15:22,71907876,71907877
5906413,Sách khá vui Nhỏ gọn dễ cầm theo mọi nơi Đọc rất giải trí??,5,2021-02-18 16:57:51,71907876,71907877
20306257,vuôi,5,2021-02-16 11:02:42,71907876,71907877
5292436,"Giao hàng nhanh, giá cả rất tốt, sách nhỏ gọn có thể bỏ túi.",5,2021-02-17 17:08:40,71907876,71907877
17320651,Chỉ muốn phản hồi là sách mình không được vỏ bọc sách Tiếp theo là hơi bẩn nhẹ ở cuốn VVKQN Và cuối cùng là nội dung sách quan trọng hơn vẻ bìa ngoài Chỉ thế thôi nhé,5,2021-03-16 11:07:54,71907876,71907877
5809286,"Mới đọc xong hồi sáng, sách hay nội dung thư giãn không quá khó hiểu. Càng đọc thư giãn thoải mái",5,2022-09-23 19:22:14,71907876,71907877
986006,,5,2021-01-16 11:01:36,71907876,71907877
10764303,Nó nhỏ lắm á mọi người . Khổ 10-12 . Đặt mua mà xem không kĩ . Giao về cái hộp to mà sách bé tí :))),5,2021-05-20 13:00:01,71907876,71907877
8499050,"bé bé xinh xinh vs lại hài, nhưng vs mk thì cx ko hài lắm, mk chỉ thấy vài trang là đc đc thôi, còn lại có vài trang mk cx ko hiểu nghĩa cho lắm",5,2021-11-04 22:19:37,71907876,71907877
28808886,Quá đã ạ,5,2023-03-12 10:06:57,71907876,71907877
21440880,"Cuốn này bị bóc seal, còn lại ok. Hơi thất vọng điều này 1 chút. Hy vọng tiki sẽ chú ý hơn.",5,2021-06-23 11:36:25,71907876,71907877
10041455,sách đẹp lắm ạ vs lại giao nhanhh,5,2021-06-09 15:14:29,71907876,71907877
19719658,giao hàng rất là nhanh luôn. Luôn thích hộp hàng của tiki,5,2020-12-30 21:52:49,71907876,71907877
20137737,bìa sách đẹp nhỏ nhỏ xinh xinh mang đi là đẹp nha,5,2021-02-01 12:06:32,71907876,71907877
8700466,Sách xịn và nhỏ gọn dễ thương vô cùng^^ Mình mua lúc sale nên còn có 1/2 giá à mà được vậy thì quá ok rồiii,5,2021-01-19 14:39:00,71907876,71907877
5781524,"Sách ko được mới lắm, nhỏ hơn mình nghỉ",5,2023-07-13 21:46:40,71907876,71907877
6796686,"Sau khi đọc đc mớ review bìa dơ, tâm hồn hoang mang đặt và nhận sách về thì ủa có dơ gì đâu, màu bìa nó thế đấy các bác. Quyển này nhỏ và thú vị phết",5,2021-03-18 17:19:13,71907876,71907877
30065055,Đóng gói kĩ càng sách cx rất hay nên t cho 5sao,5,2024-09-06 13:32:21,71907876,71907877
17939835,"sách rất nhỏ nhắn, xinh xắn, mk mua về để tặng bạn nên quên ko chụp lại ảnh, dù tặng bạn nhg mk vẫn đọc hết:))), nội dung khá thú vị, mk rất thíchhhh",5,2021-03-23 20:12:27,71907876,71907877
12508682,"thú vị thật nhưng mà đôi lúc có trẻ, em cũng không hiểu hết được ??. này tiki giao hàng nhanh lại không móp méo còn được sale nữa em thích lắm",5,2021-06-10 17:15:57,71907876,71907877
8346498,đọc 2 tiếng là hết cuốn. sách sách hay đọc vui,5,2020-12-20 11:25:48,71907876,71907877
15362990,sách rất hay. nhưng ngắn quá. muốn nhiều hơn nữa ?,5,2020-11-11 23:01:28,71907876,71907877
20324872,"sản phẩm rất tốt, mỗi cái là lúc đầu cứ tưởng nó to lắm ai ngờ nó có tí nhưng vẫn rất ok",5,2021-02-17 10:25:48,71907876,71907877
469101,Hay nha. Nhỏ nhắn,5,2022-09-23 15:36:07,71907876,71907877
27827986,"sách hay, 20đỉmm:3",5,2022-09-07 12:14:26,71907876,71907877
15931490,đóng gói cẩn thận giao hàng rất nhanh. ???,5,2020-12-29 08:51:46,71907876,71907877
16608520,"Siu siu xink luonnnn? lúc xem trong ảnh không nghĩ là sách nhỏ như vậy ?. Nhưng khong sao, sách siu giải trí luon nhá, lại còn kiểu bắt trend với giới trẻ nay nữaaa",5,2021-01-22 13:56:20,71907876,71907877
553389,Hoàn hảo,5,2022-10-31 13:44:31,71907876,71907877
18347903,Bé nhưng xinh xỉu đẹp Nói chung ổn,5,2022-04-07 15:24:44,71907876,71907877
15799676,"Sách dễ thương, nội dung mang tính giải trí. Thích hợp cho những dịp bị down mood.",5,2022-07-21 17:26:58,71907876,71907877
1036588,"Sách đọc thú vị, giảm stress nha. Nhiều cái rất teen và phù hợp với đời sống hiện nay",5,2021-03-08 10:43:15,71907876,71907877
15178546,Cuốn sách nhỏ xinh trong bàn tay và nội dung định nghĩa hài hước,5,2024-01-14 20:44:54,71907876,71907877
19404948,"Thời gian giao hàng nhanh. Sách hay, nhiều câu trendy. Hơi nhỏ so với mik nghĩ. Mn nên mua nghen",5,2021-02-21 13:07:42,71907876,71907877
10694545,Sản phẩm được lắm mọi người,5,2021-01-06 07:44:53,71907876,71907877
23702219,"Sách ổn, không bị dơ hay rách gì cạ. Anh shipper thì siêu nhiệt tình và đáng yêuu luôn",5,2022-05-08 17:34:29,71907876,71907877
5815610,giao hàng cực kì nhanh mk đặt 6h tối hôm trước 9h sáng hôm sau đã có sách hay,5,2021-04-10 06:46:24,71907876,71907877
15756746,Mới đầu xem mình cứ là bị dơ ai dè ko phải. Cuốn gọn gọn nhỏ nhỏ dễ thương.,5,2021-02-24 18:34:22,71907876,71907877
7916140,Quá trời kute,5,2022-07-19 11:45:53,71907876,71907877
19244264,"Cuốn sách nhỏ xíu nhìn xinh lắm, nội dung có thể khiến bạn cười mỉm chi, giao nhanh hôm trước đặt hôm sau có, cảm ơn Tiki ạ",5,2021-06-09 15:10:38,71907876,71907877
1802564,"Nhiều bạn cooment về bìa bị ố các thứ quá :)) Hixx thiết kế của sách như vậy đó các bạn ơi, xem ở mục bìa trên tiki cũng có những vệt như vậy mà :)) có sách bị in đậm nhạt hơn tí thuiii.",5,2021-04-03 17:41:40,71907876,71907877
17778839,"rất ok nha, giao rất nhanh nữa",5,2020-12-22 13:40:32,71907876,71907877
17247554,"Đóng gói như đồ chơi vậy tèn sao hông bao bọc hay boc muốt lại, chắc do vận chuyển nên hơi cong góc tí nhưng anh shipper dễ thương nên cho luôn 5 sao.",5,2020-12-23 19:52:00,71907876,71907877
19972518,"Sách hơi nhỏ nhưng mà siêu cưng luôn á, giao hàng nhanh, nói chung là ưng lắm ạ ❤️",5,2021-01-22 19:36:13,71907876,71907877
5816133,"Sách nhỏ nhắn dễ thương, mang theo trong giỏ buồn buồn lấy ra đọc!",5,2021-05-04 11:24:55,71907876,71907877
19524763,Một cuốn sách chứ đựng nhiều điều dễ thương từ tác giả 😘,5,2022-07-26 11:09:20,71907876,71907877
11482144,Nói thật các ông nên mua về đọc đi thề luôn nó bánh cuốn kiểu gì ấy.,5,2021-03-13 15:30:54,71907876,71907877
19714219,hàng đẹp và tốt giao cực kì nhanh chóng,5,2021-11-13 15:24:58,71907876,71907877
635582,"Một quyển sách hài hước, mang tính giải trí cao, đọc cười sảng luôn",5,2022-06-04 12:32:29,71907876,71907877
13602067,"đọc khá thú vị ,☺️☺️☺️☺️",5,2023-02-03 10:41:36,71907876,71907877
15602690,Khi đọc mấy cuốn sách “nghiêm túc” kia nếu cảm thấy không vô đầu nữa mình sẽ đọc qua em này. Vừa vui vừa giải trí nữa chứ,5,2021-03-04 12:01:03,71907876,71907877
9785380,giao hàng nhanh đẹp lắm❤️,5,2022-01-15 14:52:05,71907876,71907877
1278438,"những câu nói khiến bạn sẽ bật cười, mang tính giải trí cao",5,2021-05-08 14:31:46,71907876,71907877
15684064,Sách siu xinh lun á,5,2021-01-16 19:44:05,71907876,71907877
26611145,"Đc, nhưng hơi bẩn ạ",5,2022-02-28 19:44:39,71907876,71907877
26198972,sp ok ạ..sách hay,5,2022-04-01 10:31:27,71907876,71907877
6159057,Giao nhanh như một cơn gió. Cảm ơn tiki rất nhiều ạ 😍😍😍😍,5,2022-06-13 12:36:58,71907876,71907877
6494274,Nội dung vui vẻ,5,2023-06-14 21:28:24,71907876,71907877
28935748,"Đọc vui lắm luôn, nên mua",5,2023-03-12 16:26:02,71907876,71907877
193349,Nhỏ đẹp,5,2023-06-26 14:44:57,71907876,71907877
19718061,Thời gian giao hàng nhanh,5,2022-01-08 09:42:18,71907876,71907877
16063862,"Hấp dẫn, đúng thực tế luôn nên đọc mn à",5,2021-07-18 14:13:20,71907876,71907877
19926466,"sách tuy nhỏ nhưng xinh và hay lắmm,anh ship cũng tận tình nữa nè ?❤",5,2021-01-19 11:00:21,71907876,71907877
22031893,Sách mới đẹp câu hài hước hay cho shop 5s,5,2022-10-06 09:08:04,71907876,71907877
5912557,"Nhỏ nhỏ gọn gọn dễ thương, nội dung thì thú vị lắm nheee",5,2021-03-04 11:19:17,71907876,71907877
17960557,sách nhỏ xinh lắm á. Nội dung rấ cute ạ,5,2021-07-21 13:12:41,71907876,71907877
26035233,"cuốn sách tuy nhỏ nhưng đọc rất hay,chỉ bằng bàn tay của mik thoy hơi mắc 😢",5,2021-12-16 22:04:06,71907876,71907877
20320514,,5,2021-02-19 18:41:29,71907876,71907877
13457859,Sách đẹp nha không cong do mua cùng nhiều quyển khác to hơn,5,2021-03-10 18:39:23,71907876,71907877
16365815,đối với mình sách khá là thú vị đọc xong khá giải trí bạn nào mà thích đọc mấy cuốn kiểu này thì nên mua về đọc nhé,5,2020-12-28 21:40:49,71907876,71907877
27864128,đóng gói cẩn thận sách rất thú vị hay ho =))),5,2022-07-20 13:26:59,71907876,71907877
19955176,sách đẹp lúc đầu tưởng to nhưng k ngờ lại nhỏ ?,5,2021-04-02 20:08:00,71907876,71907877
19812093,nhìn thì nó hơi ố vàng sao ấy chữ đậm rõ ràng ns chung cx ổn,5,2021-01-09 16:08:30,71907876,71907877
16478795,"sách được bọc cẩn thận ngay ngắn, mua từ thứ 2 tuần trước đến hôm nay mới được. Tuy lần nay giao hơi lâu nhưng trong đợi dịch như này thì mình vẫn cho 5 seo =))",5,2021-05-11 16:56:23,71907876,71907877
27688405,Sách khá là hay,5,2024-05-21 15:40:41,71907876,71907877
5647715,Ok,5,2021-01-13 06:39:15,71907876,71907877
11699738,Shop ơi đơn hàng đã thanh toán mình mua trước những cuốn này của shop sao không được giao ạ. Mình nhắn tin thì tin nhắn không gửi được là sao ạ?🤨,5,2021-08-20 12:45:44,71907876,71907877
26854228,,5,2022-04-01 15:28:13,71907876,71907877
7200983,hay,5,2020-12-31 15:19:50,71907876,71907877
2110698,Một tập văn tấu hài xả stress hiệu quả. Like!,5,2021-04-19 13:09:55,71907876,71907877
26084447,Giao hàng nhanh,5,2021-12-21 18:46:16,71907876,71907877
12988008,sách rất thú vị nha mọi người nên mua nên mua!!! ??,5,2021-03-14 14:08:21,71907876,71907877
19632755,"Giao siu nhanh nha, đặt hôm qua hôm nay có, shiper siêu moe shop cực dễ thươngg, sẽ ủng hộ nhiều sách hơnnnn",5,2021-04-22 12:07:36,71907876,71907877
5257451,"nội dung sách thì không cần nói rùi, anh shipper cực kì thân thiện luôn. Không có gì để chê hết :>",5,2021-05-31 14:15:59,71907876,71907877
764260,"Sách nhỏ gọn trong lòng bàn tay, có nhiều câu hài hước lâu lâu lấy làm caption sống ảo !! Mình ko đọc hết nguyên cuốn mà thỉnh thoảng mở trúng đoạn nào đoạn đó thấy hay hơn.",5,2020-12-17 08:53:01,71907876,71907877
6297554,Sách dễ thương gì đâu á. Duyệt nè !,5,,71907876,71907877
17743111,"Sách dễ thương, tiki giao hàng nhanh sáng đặt trưa đã giao. ❤❤❤",5,2020-11-07 07:23:35,71907876,71907877
23437411,"giao hàng nhanh, sách to hơn bàn tay 1 chút, mình ko thik bìa sách lắm, nhìn kiểu màu ố vàng. còn lại ok.",5,2022-07-24 09:01:08,71907876,71907877
16119572,"Sách hơi nhỏ. Bên tiki giao rất nhanh luôn, mình đặt từ hôm qua mà hôm nay đã có hàng. Sách không bọc gì hết nhưng may là nó cũng không bị hư hay trầy xước.",5,2021-05-21 11:53:17,71907876,71907877
17517042,chất lượng tốt chất lượng tốt chất lượng tốt chất lượng tốt chất lượng tốt chất lượng tốt,5,2021-03-29 11:48:09,71907876,71907877
18134282,Một cuốn sách khá buồn cười. :)),5,2021-06-10 12:28:16,71907876,71907877
19038225,cx khá ok có cái hơi dơ ở góc dưới bên trái với lại phải có sợi dây để khi nào đọc tới khúc đó thì có cộng dây để bt chỗ mik đọc ở đâu nx,5,2021-07-02 12:43:31,71907876,71907877
20421457,"Rất thú vị , đóng gói cẩn thận , shipper vui tính . Giá mà có nhiều hơn 5 sao thì cũng đánh giá hết cho shop",5,2021-03-04 15:28:11,71907876,71907877
18191750,"nhìn hình tương to lắm ai dè chỉ bằng bàn tay, nhìn cũng cưng lắm",5,2021-12-28 14:27:31,71907876,71907877
22091704,"sách trông bé bé xinh lắm, k bị méo mó, giao siêu nhanh vừa đặt hôm trước hôm sau đã có ngay",5,2021-06-09 09:21:18,71907876,71907877
23107128,sách Từ điển tiếng Em này rất thú vị ! Nội dung rất giống với ngôn từ mà giới trẻ thường dùng ! Rất thu hút !,5,2022-02-25 13:37:37,71907876,71907877
4268350,"Sách nhỏ hơn so với m nghĩ. Nhưng hàng gửi là sách trơn, không có màng bọc bảo quản. Nội dung thì khỏi bàn :)))",5,2021-01-15 09:50:08,71907876,71907877
20140608,"Giao hàng cực kì nhanh, sách bên shop nhìn rất đẹp không bị rách . Bên tiki đóng gói sản phẩm nhìn rất đẹp",5,2021-02-03 12:02:32,71907876,71907877
21309136,"Sách đẹp, đóng gói kỹ,giao nhanh,sẽ ủng hộ tiếp.",5,2022-03-23 12:23:18,71907876,71907877
940042,"Sách nhỏ gọn Giao hàng đúng hẹn Đọc đi đọc lại cuốn sách vẫn thấy sự tấu hài sâu sắc và đúng với thực tế cuộc sống Sau vui vẻ không quạu là có từ điển tiếng ""em""",5,2020-11-16 12:43:01,71907876,71907877
19839169,Rất cuteee Nma do k đc bọc nên là bìa hơi xuóc nhen ( có thể do mình là ng phải cầu kì nọ kia nên thấy z),5,2021-02-02 09:41:57,71907876,71907877
17229113,"sách khá nhỏ gọn, tiện để mang theo. đc đóng gói trong hộp lớn hơn kích cỡ sách mà không có miếng mút lót nhưng may là không bị gãy góc. ship nhanh hơn dự đoán.",5,2021-02-23 12:08:02,71907876,71907877
21975932,"hàng giao nhanh, đóng gói kĩ càng, sản phẩm đẹp, nội dung hay, xứng đáng với giá tiền",5,2021-05-31 20:55:24,71907876,71907877
20503421,"Nhỏ nhỏ xinh xinh, nội dung hay.",5,2021-04-28 18:04:50,71907876,71907877
6728970,"Cuốn ""từ điển"" đáng yêu nhất mọi thời đại. ???",5,2020-11-19 23:41:09,71907876,71907877
19743657,"Giao hàng nhanh, anh shipper dễ thương lắm",5,2021-02-18 22:28:11,71907876,71907877
16188422,"đóng gói kĩ càng, giao hàng cực nhanh đặt hqua là hnay có rồi sách nhỏ nhỏ xinh cực",5,2021-06-08 13:37:13,71907876,71907877
8222040,"Tiki luôn là lựa chọn hàng đầu khi mình mua sách, luôn đặt trọn niềm tin vào nhà sách tiki?",5,2021-04-14 21:34:58,71907876,71907877
22990106,"Sản phẩm chất lượng , giao nhanh, giá hợp lý, đáng mua !",5,2021-12-13 10:14:56,71907876,71907877
24346262,,5,2021-11-19 14:40:18,71907876,71907877
15024086,đặt hqa hnay nhân hàng r.khá ung luôn,5,2021-02-28 11:56:32,71907876,71907877
16373138,giao hàng nhanh mà sách nhỏ hơn tưởng tượng của cái nì coi lúc mệt mỏi rất thích hợp❤️,5,2021-03-16 11:44:22,71907876,71907877
13537799,Khi bạn cũng thích sách nhưng là sách làm bạn cười ^^,5,2021-12-22 16:07:56,71907876,71907877
9956903,nhỏ hơn mik tưởng tượng cute và mới,5,2021-02-02 12:30:45,71907876,71907877
20302997,"hàng đẹp , tiki đóng gói rất cẩn thận giao nhanh hơn dự kiến 2 ngày, mình mua cho anh nên không có hình nhưng các bạn cứ yên tâm mua đi ,hàng đẹp lém",5,2021-03-19 19:08:19,71907876,71907877
17413,"Mua cho các bạn trẻ nhưng mẹ cũng đọc ké, khá vui",5,2023-03-18 16:52:52,71907876,71907877
1466771,Nội dung hài hước,5,2021-06-08 16:29:17,71907876,71907877
1296310,Help self trong những lúc buồn chán,5,2022-05-06 15:39:20,71907876,71907877
5467772,"mình k nghĩ là nó nhỏ xíu như thế này lun, cơ mà nội dung cũng thú vị. đọc giải trí cũng dc ?",5,2021-01-23 07:31:54,71907876,71907877
1241199,Khá bất ngờ vì nó nhỏ. Tầm 12x12cm. Nội dung buồn cười ^^ chất liệu giấy và độ hoàn thiện cao. Nói chung nên có trong bộ sách mỗi người.,5,2021-04-19 13:45:49,71907876,71907877
17646789,Ôi quyển sách nhỏ síu à. Mấy bạn chụp zoom to đùng làm mình nghĩ bị nhầm. Nhưng không quyển sách rất nhỏ nhỏ xinh xinh thôi ạ. Trông cũng cute lắm,5,2021-02-21 09:00:03,71907876,71907877
14301581,Ta nói đọc xong cái này vui dễ sợ ???,5,2020-12-23 11:07:02,71907876,71907877
21062388,"hình thức, giao hàng ổn ạ, nội dung thì không cần review thêm đúng không ạ?",5,2021-05-29 18:47:06,71907876,71907877
1066343,"Tếu hài, đọc vui",5,2021-05-11 09:31:29,71907876,71907877
172335,Sách dễ thương. Phù hợp tuổi teen,5,2021-01-07 17:16:20,71907876,71907877
22808084,Sách về nhanh ổn,5,2022-07-28 12:10:48,71907876,71907877
27044933,Hi vọng tiki sẽ bọc một lớp chống sốc bên ngoài để tránh sách bị hỏng ở các phần góc,5,2022-04-05 00:47:17,71907876,71907877
18449423,sách có thể loại hài hước và khá giống với vui vẻ không quạo. nói chung là hay,5,2021-04-05 11:59:11,71907876,71907877
19569096,"Bọc gói cẩn thận, chất liệu đẹp",5,2022-03-01 12:49:30,71907876,71907877
19847068,shop giao hàng cực nhanh đặt 11.1 dự kiến 14.1 mà mới 12.1 đã có hàng. đóng gói cẩn thận. Shipper thân thiện nhiệt tình. Nói chung không có gì phải chê??,5,2021-01-12 20:18:29,71907876,71907877
23334660,,5,2024-01-24 22:24:14,71907876,71907877
21777918,chất lượng,5,2021-05-23 15:05:15,71907876,71907877
7743505,Sách nhỏ ngọn. Giao nhanh,5,2022-05-18 09:56:01,71907876,71907877
20068645,,5,2024-01-20 23:23:33,71907876,71907877
19075459,"Sách nhỏ so với tưởng tượng. Như cuốn từ điển mini vậy. Nội dung hay, đọc giải trí.",5,2021-01-22 16:04:39,71907876,71907877
331351,"còn vui hơn cuốn ""Vui vẻ không quạu nha"", thấy nhiều cái vui mà không lố. nên đọc xã stress",5,2021-01-09 16:45:06,71907876,71907877
18993711,"dễ thương, xinh xắn, giao nhanh",5,2021-01-21 00:00:55,71907876,71907877
7822000,"Giao hàng nhanh, đóng gói tốt",5,2021-02-01 12:40:53,71907876,71907877
22602601,sách hay ok nhưng kích thước hiển nhỏ hơn bình thường mn nên mua,5,2021-07-21 14:13:37,71907876,71907877
25600512,sách hay lắm ạaa lại còn rẻ nữa siêu ok ýyyy,5,2021-11-26 13:06:56,71907876,71907877
17002230,Tốt,5,2023-12-14 00:21:09,71907876,71907877
15644669,giao hàng nhanh đúng sản phẩm,5,2021-01-16 10:20:47,71907876,71907877
9885037,sách bé xíu rất cu te,5,2021-03-14 12:50:34,71907876,71907877
9670040,sách dễ thương lắm nha,5,2021-02-20 11:57:52,71907876,71907877
20002121,"Mk mua 2 quyển , cảm nhận đầu tiên là mk thấy sách nhìn rất dễ thương nhưng hơi bẩn",5,2021-01-26 18:57:28,71907876,71907877
8061954,Sách dễ thương lắm ạ,5,2021-02-18 15:07:42,71907876,71907877
27217345,sách hay be bé xinh xinh,5,2022-05-18 21:41:21,71907876,71907877
20616181,"từ điển cực kì thú vị và hài hước, chất lượng giấy ok. Cảm ơn shop nhiều",5,2021-03-10 19:19:30,71907876,71907877
20719449,Sách bé cute,5,2022-07-21 16:28:11,71907876,71907877
17252788,Quyển sách nhỏ cute lắm luôn mua 2 cuốn đều nhỏ xinh với giá như vậy cũng hợp lí ??,5,2021-01-17 17:44:58,71907876,71907877
12325675,"đẹp, chất lượng , hay",5,2022-04-23 09:29:40,71907876,71907877
15688166,"Quyển này hài nè mọi người, đọc chơi chơi mà cũng đúng ghê ý. Nên mua!!! Lười chụp ảnh sách chứ không phải bìa bẩn đâu nha mọi người.",5,2021-02-08 23:14:03,71907876,71907877
21279161,"Sách mua tặng bạn xong nó bảo đọc hài lắm, hihi có rất nhiều từ ngữ trendy nha",5,2022-05-10 15:27:31,71907876,71907877
18184477,giao hàng siêu nhanh nha,5,2022-05-10 14:14:14,71907876,71907877
8260687,Đáng đồng tiền bát gạo ????,5,2020-12-22 17:32:44,71907876,71907877
9890278,10 đỉmmmmm,5,2022-07-24 20:30:47,71907876,71907877
6089170,Một quyển sách dễ thương. Những định nghĩa hài hước rất đúng với tuổi teen mà mình đang ở tuổi trung niên đọc cũng khoái...???,5,2021-04-21 13:42:07,71907876,71907877
2059802,"Sách đẹp, bổ ích, tiki giao nhanh hơn dự kiến, bọc sách cẩn thận, rất hài lòng",5,2021-02-19 16:36:37,71907876,71907877
19772415,sạch sẽ. đặc biệt anh shipper giao hàng nhanh 9h tối vẫn giao giữa tiết trời mùa Đông,5,2021-01-05 22:14:44,71907876,71907877
22102167,Ok,5,2021-07-04 15:03:33,71907876,71907877
5800745,Sách nhỏ xíu Cực dễ thương 😍 Câu văn hài hước,5,2021-09-15 20:59:53,71907876,71907877
16142562,Truyện hay nhưng mà có vẻ hơi nhỏ so với trí tưởng tượng của mk!,5,2021-05-13 16:08:47,71907876,71907877
27431625,đóng gói cẩn thận,5,2022-05-03 09:59:44,71907876,71907877
20016940,giao hàng nhanh chất lượng cao mỗi cái là sách rất nhỏ nha nội dung khá thú vị,5,2021-02-16 16:29:00,71907876,71907877
10763722,hay và giải trí tốt,5,2022-04-23 17:11:19,71907876,71907877
20390730,"sách có tí mà shop gói hàng thấy ghê nhưng mà sách hay, giao hàng nhanh. cho shop 5*",5,2021-02-24 11:57:38,71907876,71907877
11055463,tiki giao hàng siêu nhanh sách nhỏ nhỏ xinh xinh nội dung hài hước vui nhộn,5,2021-03-31 13:36:32,71907876,71907877
8653596,Không nghĩ quyển sách nhỏ thế Huhu Nhưng form sách khá ổn nhé rõ chữ,5,2021-04-15 18:08:47,71907876,71907877
14732344,sách xịn,5,2022-06-30 18:41:09,71907876,71907877
18383013,"Sách tốt lắm ạ,nhỏ mà cầm tay dễ Lần đầu mua trên app này mà thích cực",5,2021-02-22 08:40:50,71907876,71907877
10757286,vui,5,2022-08-13 10:19:35,71907876,71907877
481804,"Sách nhẹ nhàng, dễ thương. Đọc không cần chuẩn bị tâm lý, kiến thức gì, cũng không cần suy nghĩ gì quá nhiều. Đúng với định nghĩa từ điển",5,2020-11-27 17:22:23,71907876,71907877
18539067,hài hước thú vị,5,2021-02-05 20:46:58,71907876,71907877
17466666,Có nhiều câu khá hay,5,2021-01-15 22:19:21,71907876,71907877
20180174,"Giao hàng siêu siêu nhanh, sách nhỏ hơn mình tưởng nhưng đọc vui và thú vị.",5,2021-02-19 16:08:55,71907876,71907877
8640885,đọc xả stress,5,2021-02-24 10:37:00,71907876,71907877
16963247,"Đóng gói cẩn thận, giao hàng nhanh, giấy đẹp, xin cảm ơn shop.",5,2021-05-21 13:23:11,71907876,71907877
10629257,Sách rất đẹp và hay ạ,5,2022-02-25 11:19:05,71907876,71907877
27857035,xịn,5,2022-07-20 19:55:17,71907876,71907877
8930502,"Hài, coi vui 1 lần thôi, xong cho đứa cháu gái rồi.",5,2021-08-18 14:53:13,71907876,71907877
24707658,,5,2023-10-26 11:51:36,71907876,71907877
277442,Cuốn sách nhỏ nhỏ xinh xinh thuận tiện cho vào Balo để mang đi. Nội dung thú vị phù hợp cho genZ,5,2021-11-22 21:33:01,71907876,71907877
1435440,"giao hàng nhanh hơn dự kiến. sản phẩm chất lượng, giá giảm sâu.ok 5*",5,2021-03-20 10:29:16,71907876,71907877
194230,sách hay,5,,71907876,71907877
8136553,Sách hay lắm ạ,5,2022-04-18 08:20:26,71907876,71907877
11355571,sách nhỏ hơn mình nghĩ 10×10cm nội dung cx thú vị mua sale 50% nên rất hài lòng,5,2021-01-19 12:34:16,71907876,71907877
8086188,"Sách siêu hay. Rẻ, nhanh. Ông nào muốn hiểu ny thì tìm đọc cái này nhé",5,2021-02-25 08:55:29,71907876,71907877
20802551,,5,2022-07-20 17:51:34,71907876,71907877
5423651,khá thú vị,5,2021-02-06 20:12:43,71907876,71907877
5659143,"hàng về nhanh, chất lượng, đóng gói cẩn thận ❤️❤️",5,2021-05-16 19:19:26,71907876,71907877
20323410,"sách đẹp, nhỏ hơn so với tưởng tượng nhưng đáng yêu lắm nheee ❤",5,2021-02-19 16:23:23,71907876,71907877
27154391,sách hay nha,5,2022-04-22 03:14:52,71907876,71907877
14569158,"Sách nhỏ gọn dễ cầm, giao hàng nhanh đặt tối htrc mà trưa hsau nhận đc luôn",5,2020-12-21 16:08:18,71907876,71907877
5384432,Sách rất hay. Có nhiều định nghĩa cười mà không thể dừng lại được. Cảm ơn nhà sách Tiki rất nhiều. ????????????,5,2021-05-22 15:02:34,71907876,71907877
27694647,,5,2023-09-16 13:52:08,71907876,71907877
8717818,giao hàng max nhanh ????. sách có vẻ thú vị đấy ạ. nhìn đáng yêu ghê,5,2021-02-17 10:51:41,71907876,71907877
18742394,,5,2021-04-20 12:27:02,71907876,71907877
21360322,,5,2021-04-19 08:52:00,71907876,71907877
21340865,,5,2021-04-17 17:07:50,71907876,71907877
6451058,Sách hay. Giảm căng thẳng,5,2021-12-28 11:06:25,71907876,71907877
18482189,sản phẩm ok,5,2021-01-09 20:38:51,71907876,71907877
19028924,"Giao hàng nhanh , sách k bị méo mua kẻ tiki k bao b thất vọng về chất lượng",5,2020-12-28 12:36:32,71907876,71907877
8206157,"gói hàng ổn, hàng ship nhanh trước thời hạn 2 ngày, giao hàng nhanh❤",5,2021-02-17 15:45:34,71907876,71907877
24739332,quá là dễ thương,5,2022-02-12 10:57:07,71907876,71907877
27856413,sp ok lắm nha ship cũng nhanh nx nhm k ngờ quyển sách nhỏ z,5,2022-07-23 20:11:44,71907876,71907877
27331509,Giao nhanh đóng gói hàng thì ko ok lắm nhưng hàng vẫn còn nguyên vẹn,5,2022-04-30 14:54:56,71907876,71907877
5088813,"K ngờ sách bé như vậy, lúc nhận hàng hơi sốc 1 tẹo :>",5,2022-07-20 19:17:39,71907876,71907877
24556972,Nói chunh là đọc nó hay lắm,5,2021-11-22 16:08:15,71907876,71907877
6754373,hazzz lắm nha,5,2021-01-04 09:55:57,71907876,71907877
16184956,sách hay mới đẹo rất ok,5,2021-12-14 12:09:32,71907876,71907877
28244538,,5,2023-08-24 22:43:36,71907876,71907877
19264026,sách ok ạ ?,5,2021-01-05 12:45:55,71907876,71907877
20399827,"Sách cực kì hay luôn ý, đọc lại bao nhiêu lần vẫn chưa chán:))",5,2021-02-26 19:55:55,71907876,71907877
19276550,,5,2021-03-18 13:50:00,71907876,71907877
19487287,mình cứ tưởng nó to giống sách bình thường mà ai dè nó nhỉ bằng bằng tay thôi nhưng đổi lại thì siêu xinh và hay lắm luôn í,5,2021-01-19 20:02:22,71907876,71907877
28732244,,5,2023-08-11 10:35:50,71907876,71907877
6623001,khá là thú vị,5,2020-11-27 11:47:06,71907876,71907877
26317828,Nice!!!,5,2022-04-05 09:43:33,71907876,71907877
11879609,"Đã nhận được Giao hàng nhanh, hàng không bị hỏng hay rách Thanks Tiki",5,2020-12-22 15:12:36,71907876,71907877
15599262,giao hàng rất nhanh nha đêm hôm trx đặt là trưa hôm sau đã có,5,2021-02-24 14:01:51,71907876,71907877
108396,"ko để ý kích thước, nhưng mà ko nghĩ là nó nhỏ như vậy ?",5,2021-03-06 13:10:07,71907876,71907877
20239534,"nhiều mẹ thắc mắc ngôn ngữ và cách suy nghĩ của con. thì quyền sách này như bảo bối theo kịp sự "" mặn "" của tụi nhỏ",5,2021-02-10 14:21:55,71907876,71907877
21445795,"cuốn này thì mình cực thích nha, đặc biệt cho đứa thiếu muối như mình, nội dung vui nhộn, gần gũi ha",5,2021-06-29 13:44:50,71907876,71907877
12234042,"Sách cute, nên mua đọc nếu cần thư giãn.",5,2021-07-16 02:13:07,71907876,71907877
19513495,Cứ ngỡ là sách to lắm? Hàng rất tốt mọi người yên tâm,5,2021-03-05 17:20:38,71907876,71907877
21674366,"sách đẹp, bookcare xịn xò 10 điểm luôn ❤️",5,2021-06-06 13:54:42,71907876,71907877
10465677,,5,2022-05-05 09:24:59,71907876,71907877
27433211,,5,2022-05-05 08:03:04,71907876,71907877
19833235,,5,2021-02-20 12:38:39,71907876,71907877
19176155,,5,2021-02-20 09:09:04,71907876,71907877
24772421,:3,5,2022-04-22 14:58:19,71907876,71907877
19126480,được nhưng mà lần sau bọc lại là được à chứ nhìn cuốn sách nó bị dơ với lại bị tróc xíu . tổng quản là okeee,5,2021-02-19 18:42:14,71907876,71907877
9098569,,5,2021-02-18 10:38:51,71907876,71907877
8953962,Sách đọc khá là thú vị và vui nữa rất đáng để các bạn genz tìm đọc,5,2020-11-10 12:50:41,71907876,71907877
21674789,Đã nhận hàng,5,2022-01-17 12:08:49,71907876,71907877
18875665,Sách thì ổn nhưng có vẻ hơi cũ chút ạ,5,2021-07-08 12:07:42,71907876,71907877
15848166,sách hay hài dzui giao nhanh 24h đóng kĩ sách mới,5,2021-05-25 00:21:52,71907876,71907877
19719881,Sách siêu xinh. Đóng hàng thì cẩn thận. Giao hàngg cũng siêu nhanh ?,5,2021-01-03 15:28:00,71907876,71907877
20495026,"sách hay, hài hước, giao nhanh cẩn thận",5,2021-07-14 19:39:37,71907876,71907877
12033124,"khá nhỏ so với mình tưởng tượng, sách ok lắm",5,2021-05-11 09:28:08,71907876,71907877
24102919,"sách xịn sò lắm nha, bé bé cuti sỉu",5,2022-10-12 11:34:52,71907876,71907877
25922313,,5,2022-04-19 10:31:55,71907876,71907877
6831811,,5,2021-02-04 18:51:03,71907876,71907877
28778905,,5,2023-06-30 15:42:17,71907876,71907877
7189751,,5,2021-02-01 13:26:43,71907876,71907877
19946904,Giao quá nhanh luôn ý Qua đặt hnay tới luôn Đóng gói đẹp ...,5,2021-01-21 19:43:47,71907876,71907877
11737506,.,5,2022-04-10 11:53:59,71907876,71907877
17287572,,5,2023-06-28 11:26:58,71907876,71907877
14275130,sách hay lém nha mn,5,2021-12-13 16:43:50,71907876,71907877
17442800,,5,2021-01-31 14:08:41,71907876,71907877
22116387,...,5,2022-03-26 17:42:10,71907876,71907877
16873797,,5,2021-01-25 12:53:39,71907876,71907877
20087538,Không có bọc với nhỏ hơn trong tưởng tượng nma ok lắm,5,2021-02-20 14:53:31,71907876,71907877
14977830,,5,2021-01-21 05:15:28,71907876,71907877
26140445,Giao hàng nhanh,5,2021-12-31 15:16:40,71907876,71907877
944938,,5,2022-04-03 21:01:28,71907876,71907877
27106438,,5,2023-06-14 17:11:21,71907876,71907877
21613410,tuy nhỏ nhg đc cái tiện lợi rất hài lòng :)),5,2021-05-09 17:10:59,71907876,71907877
21680714,,5,2023-06-12 09:04:11,71907876,71907877
19702412,ok,5,2021-01-04 11:22:48,71907876,71907877
11220222,sách đẹp trai thật sự thật về chưa thấy ai gỡ bỏ cài,5,2021-02-01 19:54:07,71907876,71907877
22504721,,5,2022-03-29 15:59:38,71907876,71907877
22570132,Đọc vui nâng cao vốn từ . Thoải mái giảm stress . Sách giao bị ướt hết bên góc nên hơi chán,5,2021-07-25 18:27:48,71907876,71907877
16126473,,5,2023-06-07 12:51:55,71907876,71907877
27999562,Giao hàng nha hàng về hơi bé tí thoai ko sao,5,2022-08-12 19:33:10,71907876,71907877
19742781,,5,2021-01-09 11:39:48,71907876,71907877
21157796,,5,2023-06-05 23:27:04,71907876,71907877
85694,Tuyệt vời! Thật không thể tin được! Trên cả mong đợi!,5,2021-01-26 17:33:12,71907876,71907877
2225441,G,5,2021-01-02 11:08:55,71907876,71907877
26890381,"nó nhỏ hơn mik nghĩ, hộp đựng sản phẩm to gấp 4 lần😂",5,2022-04-01 10:08:50,71907876,71907877
13164704,"Giao hàng nhanh, đóng gói tốt",5,2021-08-27 17:53:08,71907876,71907877
8047751,,5,2021-01-05 11:11:11,71907876,71907877
10076191,Gói cẩn thận và kĩ. Giao nhanh. Sách rất dễ thương ?,5,2021-02-26 16:47:59,71907876,71907877
20543526,Sách OK nha Đc 1 buổi chiều là hết luôn 1 quyển,5,2021-04-01 22:19:55,71907876,71907877
23876471,rất đẹp nhma nó hơi nhỏ hơn mình tưởng 😔,5,2022-06-29 10:28:44,71907876,71907877
19671852,,5,2020-12-31 21:53:06,71907876,71907877
6827240,"Rất vui nhộn, các tình huống rất hợp lí với câu từ, mình dùng xã stress khi rãnh rỗi ở văn phòng.",5,2021-05-22 19:17:58,71907876,71907877
2105810,"đặt hộ nên k biết gì hết, gói hàng và vận chuyển rất tốt cơ mà hơi shock khi nhận sách vì quá bé =)))",5,2021-04-11 17:05:15,71907876,71907877
25946927,Nhìn quyển sách cute lắm tr=)) Shipper thân thiện lắm huhu,5,2022-04-14 10:30:17,71907876,71907877
14105147,"Bìa hơi bẩn, ko bt màu bìa nó là vậy hay sao Nội dung ok",5,2021-02-05 14:04:15,71907876,71907877
26856669,,5,2022-03-09 18:51:26,71907876,71907877
19612835,,5,2020-12-23 17:11:14,71907876,71907877
26901234,,5,2023-05-18 18:36:59,71907876,71907877
20119040,"Hài hước, giải trí. Giao hàng nhanh, sách bé bé xinh xinh",5,2021-01-31 15:17:53,71907876,71907877
1098652,,5,2023-05-18 12:53:38,71907876,71907877
28706913,,5,2023-05-17 21:09:25,71907876,71907877
26341969,"há há, quá hài ước và dễ thương",5,2022-09-06 08:14:24,71907876,71907877
15219113,"Giao hàng nhanh hơn dự kiến,sách không bị hỏng,còn mới tinh",5,2020-12-22 18:48:47,71907876,71907877
18954552,Sách hài hước đọc vui vui,5,2021-08-18 17:18:32,71907876,71907877
18320675,,5,2020-12-13 16:15:42,71907876,71907877
51937,sách nhỏ bỏ vừa túi. nội dung thú vị,5,2021-05-13 16:24:20,71907876,71907877
1049957,Sách manh tính chất vừa giải trí vừa sáng tạo cao.,5,2021-02-09 07:28:51,71907876,71907877
16616692,giao hàng nhanh chất lượng tốt shop thân thiện nên mua,5,2021-01-24 13:31:20,71907876,71907877
19456775,Mình nghĩ ai mê sách nên có cuốn này trong tủ. Nhẹ nhàng và thú vị lắm.,5,2021-11-12 16:29:28,71907876,71907877
20802931,Tróc ở hai góc sách do k đc bọc kĩ. Vẫn cho 5*,5,2021-03-17 11:47:12,71907876,71907877
19100912,sách đẹp đóng gói cẩn thận,5,2021-07-10 16:05:06,71907876,71907877
958124,Giao hàng nhanh sách nhỏ gọn nội dung quá hay,5,2021-03-30 11:57:57,71907876,71907877
21090976,"đẹp.. mê cuốn này lâu lắm r, h ms có tiền mua😾",5,2022-04-24 13:51:23,71907876,71907877
20233445,rất hay,5,2023-02-27 21:31:34,71907876,71907877
19499157,,5,2023-04-19 16:14:14,71907876,71907877
22090573,hàng ok ship đúng hẹn.,5,2021-08-25 15:59:01,71907876,71907877
8269322,"không còn gì để nói sách quá đẹp,giao hàng lại nhanh nhưng chưa kịp đọc giáo viên chủ nhiệm bắt mất?",5,2021-02-28 12:38:42,71907876,71907877
25247611,hay ạ cảm ơn shop giao hàng nhanh ok shop lần sau mua nx ạ,5,2022-03-09 10:31:58,71907876,71907877
11593415,,5,2023-04-08 11:14:53,71907876,71907877
22043707,"hay,dễ thương,sách chất lượng",5,2021-06-10 08:03:26,71907876,71907877
14679804,,5,2023-04-07 14:16:37,71907876,71907877
28772617,Hài lòng,5,2023-02-07 14:38:01,71907876,71907877
20006293,"nên mua vì đọc xong bn có thể xả stress, so lovely ?",5,2021-01-25 22:28:48,71907876,71907877
9009526,oklaa,5,2021-12-20 15:34:38,71907876,71907877
2023939,,5,2023-04-01 21:47:04,71907876,71907877
26601607,"Giao hàng nhanh,hàng vẫn tốt ko mốc méo j hết",5,2022-05-03 07:00:26,71907876,71907877
14099803,"Giao hàng nhanh,sách hay ạ. Nội dung hấp dẫn",5,2021-03-05 20:43:02,71907876,71907877
21923032,"sách giải trí zuii lắmmm nhoaaaa. kích thước nhỏ gọn, dễ mang nèe.",5,2021-11-29 00:47:31,71907876,71907877
8198317,"Sách đẹp nha, sẽ ủng hộ tiếp",5,2021-05-25 20:48:56,71907876,71907877
27617287,Rất hài lòng sách mới shipper thân thiện,5,2022-06-09 18:59:07,71907876,71907877
9654457,"sách đẹp, nhỏ nhỏ xinh xinh rất dễ thương",5,2021-02-26 23:34:54,71907876,71907877
20935833,"Trước giờ toàn mua ở cửa hàng Fasaha và *** Smarkbook được anh chị em giới thiệu mua lần đầu bên tiki đặt 4 đơn mỗi đơn 4 5 quyển,nhận 1 lần hết luôn nhưng có 4 5 quyển bị móp méo vậy? mình tìm cách liên hệ shop tiki không có mục nhắn tin? Nếu mình muốn đổi trả những cuốn bị móp méo thôi thì sao ạ? Không phải đổi trả hết tất cả ???",1,2021-03-26 16:50:13,71907876,71907877
10824349,,5,2023-03-27 09:31:23,71907876,71907877
18852186,Giao hàng siêu nhanh. Giá cắt hợp lý,5,2021-04-29 12:46:51,71907876,71907877
5469788,Ngày dịch ở nhà đọc cũng vui vui,5,2021-05-09 15:59:06,71907876,71907877
7166686,"Đóng gói cẩn thận, giao hàng nhanh",5,2022-07-19 10:46:21,71907876,71907877
21169965,,5,2023-03-21 09:28:53,71907876,71907877
14907658,"Đóng gói cần thận, giao hàng nhanh, sách cute ..............",5,2020-11-29 01:35:31,71907876,71907877
19784026,"Giao hàng nhanh nhiệt tình, đọc rất thú vị vote 5*",5,2021-01-08 13:08:35,71907876,71907877
26695637,Hàng ok lắm nha nhỏ bằng bàn tay của con em mình:)),5,2022-03-21 21:30:38,71907876,71907877
1866383,,5,2023-03-18 19:18:35,71907876,71907877
28121908,,5,2023-03-18 14:22:35,71907876,71907877
13906257,Con gai minh thich mua ve cho be doc. Giao hang nhanh,5,2022-05-10 23:39:04,71907876,71907877
1123380,1 số trang sách bị bẩn. Không biết cái do lỗi do bên shop hay do bên vận chuyển. Tuy nhiên khá hài lòng.,5,2021-03-03 13:39:49,71907876,71907877
6112962,,5,2023-03-14 17:55:02,71907876,71907877
162872,,5,2023-03-14 07:24:39,71907876,71907877
26797969,sách hơi nhỏ còn đâu tất cả đều tốt,5,2022-05-18 06:08:52,71907876,71907877
8018223,"Sản phẩm giao nhanh,sách nhỏ nhắn,dễ thương^^",5,2021-01-23 19:01:53,71907876,71907877
27356052,,5,2023-03-10 21:04:18,71907876,71907877
16252387,nó thiệt là thú vị. tuy là mình vẫn chưa đọc hết nhưng mà những lúc buồn đem ra đọc là Ok lắm nha,5,2021-02-20 09:43:19,71907876,71907877
23030921,"Sách vui, tiếu lâm",5,2021-08-20 10:08:55,71907876,71907877
1459433,,5,2023-03-09 20:55:29,71907876,71907877
21514956,,5,2023-03-07 13:07:38,71907876,71907877
8145881,,5,2023-03-06 22:49:38,71907876,71907877
13567426,,5,2023-03-04 22:46:55,71907876,71907877
28894896,,5,2023-03-03 21:32:18,71907876,71907877
11894672,,5,2023-03-03 08:46:25,71907876,71907877
18537309,"sp nhỏ hơn mk tưởng , nhưng lại khá đẹp",5,2021-02-18 18:28:02,71907876,71907877
28624711,,5,2023-02-28 14:58:35,71907876,71907877
16567295,,5,2023-02-28 08:26:49,71907876,71907877
12530120,Đọc rất vui và giải trí nhé mn,5,2022-07-09 09:14:27,71907876,71907877
186938,Quyển nhỏ xinh hơn mình nghĩ. Dễ thương.,5,2022-05-03 19:25:33,71907876,71907877
19094103,"có thể đừng giao hàng ngay 12h trưa hông ""xốp"" ? đang mơ có người yêu thì gọi là tỉnh cả mộng đẹp luôn.",5,2020-12-28 12:46:01,71907876,71907877
20729247,hàng tốt cần đc bảo tồn và phát huy,5,2021-03-13 14:10:57,71907876,71907877
26945750,Sản phẩm rất đẹp nhưng gói hàng hơi xơ xài,5,2022-03-26 21:39:07,71907876,71907877
14528356,tưởng ẻm to lắm ai ngờ bé bé xinhhh lắm :3,5,2021-01-23 18:44:46,71907876,71907877
27283437,,5,2023-02-21 10:20:01,71907876,71907877
7898927,,5,2023-02-19 22:00:36,71907876,71907877
22549855,Bổ ích và thú vị ?,5,2021-07-12 14:29:45,71907876,71907877
20076916,nhỏ hơn mik tưởng nhưng đọc rất hay,5,2021-03-05 16:12:46,71907876,71907877
23972929,"hài hước, đọc xả trét tốt",5,2022-07-14 22:31:00,71907876,71907877
19791324,Mua đọc cho vui thì cũng khá ổn.,5,2021-04-14 11:27:26,71907876,71907877
7626049,Tốt,5,2023-01-16 09:20:03,71907876,71907877
12424148,,5,2023-02-14 13:07:06,71907876,71907877
19296522,"Hàng đẹp, sách hay, sẽ tiếp tục ủng hộ",5,2021-01-26 19:26:56,71907876,71907877
5334790,,5,2023-02-12 06:12:37,71907876,71907877
19562032,"zui zẻ, hay ho và thú vị kiki",5,2022-07-19 17:09:29,71907876,71907877
19768043,Giao nhanh và đúng như hình mình rất hài lòng?,5,2021-01-04 11:02:52,71907876,71907877
19024019,,5,2023-02-08 09:49:35,71907876,71907877
8492915,giá như nhà sách bọc thêm lớp túi khí vào sách thì quá trình vận chuyển sách sẽ k bị hư,5,2021-04-18 18:55:04,71907876,71907877
802695,"Giao nhanh, đóng gói hơi k đảm bảo, sách rất hay ...",5,2020-11-17 17:19:57,71907876,71907877
28609780,,5,2023-02-07 18:00:49,71907876,71907877
21600295,,5,2023-02-07 15:11:00,71907876,71907877
27033339,,5,2023-02-04 13:13:04,71907876,71907877
28420073,,5,2023-02-04 11:11:19,71907876,71907877
27865165,Tuy hơi nhỏ nhưng cuốn lắm,5,2022-07-20 17:10:03,71907876,71907877
20741981,Gói hàng ok sách không bị dơ hay hư,5,2021-03-15 12:36:59,71907876,71907877
10799144,Sách ngắn gọn ít chữ -))),5,2021-05-12 13:20:13,71907876,71907877
27622057,,5,2023-02-02 14:41:13,71907876,71907877
625968,"Giao nhanh, đóng gói cẩn thận",5,2022-07-06 12:55:13,71907876,71907877
22577953,,5,2023-02-01 20:09:31,71907876,71907877
26419110,"hàng giao nhanh, đóng gói chắc chắn, sách ổn lắm ạ.",5,2022-01-11 18:13:46,71907876,71907877
19018109,"siêu thích luôn, ko bị móp méo, nhiwng hơi bất ngờ vì nhỏ hơn so với tưởng tượng , bằng sổ tay í",5,2021-01-29 18:57:14,71907876,71907877
15380955,"sách đẹp rõ chữ , hàng gói cẩn thận good",5,2021-01-11 19:12:04,71907876,71907877
14637308,10 điểm,5,2021-09-19 18:11:52,71907876,71907877
13098343,"Ui xùi, nhỏ xíu xinh xinh cưng ghê ❤",5,2021-03-02 11:14:25,71907876,71907877
7025479,"Sách mặn ạ,, shipper nhiệt tình ạ",5,2021-03-05 17:08:21,71907876,71907877
20318442,số rất tuyệt và giao hàng rất nhanh,5,2021-02-21 09:42:38,71907876,71907877
17087495,"sách siêu vui, giao hàng nhanh.",5,2021-04-26 10:11:34,71907876,71907877
21584134,,5,2023-01-18 14:08:51,71907876,71907877
50407,đọc buồn cười lắm quyển bé tí như lòng bàn tay thôi lúc đầu cứ nghĩ nó to cơ. Nhưng xinh xinh cũng tiện,5,2020-11-22 18:54:08,71907876,71907877
21757449,,5,2023-01-14 22:41:00,71907876,71907877
6552388,"Sách vui, bọc chưa cẩn thận lắm",5,2021-03-04 15:46:19,71907876,71907877
1790882,Nội dung dễ thương,5,2021-06-10 11:08:46,71907876,71907877
352173,,5,2023-01-09 13:47:17,71907876,71907877
28621210,hay,5,2022-12-22 22:06:54,71907876,71907877
16422060,sách nhỏ hơn mình nghĩ :3,5,2021-04-29 16:19:06,71907876,71907877
470130,,5,2023-01-08 23:20:20,71907876,71907877
21478817,Xem giải trí rất thú vị,5,2021-04-26 10:50:04,71907876,71907877
5883606,Sách hài dã man =)) rất đáng tiền nha,5,2021-01-28 12:42:34,71907876,71907877
492282,,5,2023-01-05 15:47:52,71907876,71907877
26828905,.,5,2022-12-30 16:52:38,71907876,71907877
13585788,Gian hàng nhanh và đóng gói hành gọn gàng,5,2021-01-03 13:20:46,71907876,71907877
16981090,khá ok nhỏ gọn khá tiện khi mang theo,5,2021-02-01 22:32:09,71907876,71907877
13271045,,5,2023-01-03 13:26:06,71907876,71907877
14128932,đọc giải trí khá oki,5,2021-05-13 20:31:37,71907876,71907877
20420619,giao hàng nhanh,5,2022-09-26 19:37:47,71907876,71907877
2142821,,5,2022-12-28 20:26:32,71907876,71907877
18029019,sách hay và nhỏ gọn mình đọc 45p xong r ?,5,2020-12-21 18:14:03,71907876,71907877
20278977,Bé bé xinh xinh :3 quá nà đáng iuuu,5,2021-02-17 12:47:51,71907876,71907877
18360361,,5,2022-12-24 23:26:57,71907876,71907877
20391899,,5,2022-12-21 20:49:11,71907876,71907877
28540161,,5,2022-12-21 10:34:17,71907876,71907877
5583282,,5,2022-12-20 14:16:43,71907876,71907877
7884817,"sách ok lắm, gói cẩn thận giao hàng nhanh",5,2020-12-19 20:06:11,71907876,71907877
14287085,sách oke rất tốt,5,2021-06-06 18:31:51,71907876,71907877
25216640,,5,2022-12-17 13:39:53,71907876,71907877
25326579,Đóng gói cẩn thận. Sách đọc mận *** =)),5,2022-02-08 17:49:49,71907876,71907877
19985167,Mới đầu thì hơi bất ngờ vì sách nhỏ lắm. Một bàn tay cầm trọn luôn ấy. But it's okeyyyy!!!!,5,2021-01-23 21:06:26,71907876,71907877
16837023,,5,2022-12-14 00:16:40,71907876,71907877
18723646,"sách đẹp, nhỏ nhỏ nhìn cưng xĩu",5,2021-01-28 21:22:17,71907876,71907877
11175668,"đẹp, cực kì hài lòng luôn ??",5,2021-02-22 15:18:08,71907876,71907877
27123853,Sách chất lượng rất đáng mua ạ,5,2022-04-07 12:31:05,71907876,71907877
12317859,rất ok hàng new,5,,71907876,71907877
6932572,"Sách giao nhanh , đọc rất vui .",5,2021-02-19 13:22:34,71907876,71907877
18977779,mình ở tỉnh lẻ thôi mà đặt chiều hôm trước chiều hôm sau đã giao hàng nhanh bất ngờ luôn :)),5,2020-12-27 15:07:01,71907876,71907877
2057331,sách nhỏ dễ thương quá trời,5,2021-02-17 15:04:15,71907876,71907877
8259090,"sách rất thú dị, đẹp, xịn. nhỏ gọn",5,2022-02-19 10:03:28,71907876,71907877
8693820,Sách trông cute dã man,5,2022-07-07 16:34:48,71907876,71907877
22123220,Ok,5,2022-11-18 19:45:37,71907876,71907877
18463369,rất oke. giao hàng nhanh. ??,5,2021-03-19 23:00:45,71907876,71907877
1827092,"sách mini nhỏ gọn , hay ,",5,2021-03-24 14:50:11,71907876,71907877
16922910,sách rất đẹp nhaaa. nên muaaa,5,2021-02-17 10:08:07,71907876,71907877
15922072,………….,5,2021-07-01 15:44:56,71907876,71907877
20870195,Sản phẩm ok lắm ạ!,5,2021-04-16 14:43:04,71907876,10605503
10805849,Đẹp phẳng không bị cong,5,2022-05-28 01:27:33,71907876,71907877
17471772,sách nhỏ so với tưởng tượng,5,2021-02-02 15:54:30,71907876,71907877
105183,"Nội dung hài hước, đọc xả stress tốt, cuốn sách nhỏ gọn, nội dung chất, giao bao nhanh :)))",5,2021-01-21 15:18:45,71907876,71907877
5401201,rgutbk,5,2021-08-06 13:10:42,71907876,71907877
15887869,tuyệt,5,2021-07-30 15:56:58,71907876,71907877
5276594,Truyện hài nhg mà 69k hơi chát ?,5,2021-01-29 22:05:29,71907876,71907877
195791,,5,2022-11-20 07:40:35,71907876,71907877
22898008,giao nhanh hàng đóng gói kĩ,5,2022-05-15 22:23:58,71907876,71907877
12614931,Rất buồn cười,5,2022-07-21 09:05:58,71907876,71907877
22609620,,5,2022-11-15 01:37:12,71907876,71907877
18271695,Sách không bị gì rất mới,5,2022-05-05 21:44:13,71907876,71907877
27728409,,5,2022-11-13 22:38:22,71907876,71907877
739720,,5,2022-11-13 11:35:12,71907876,71907877
20023222,"Tuy giao trễ ngày nhưng ko sao, sách nhỏ hơn tưởng tượng nhưng rất hay:3",5,2021-06-09 19:23:09,71907876,71907877
585696,sách đẹp nội dung hay,5,2022-06-06 11:24:32,71907876,71907877
13143274,"Giao hàng nhanh, bọc hàng cẩn thận??????.",5,2020-11-15 18:26:27,71907876,71907877
11318983,"sản phẩm cực cute luôn nhé mng...chưa đọc nên chưa bk sao chứ nhìn sách là mê r, mê lun tác giả",5,2020-12-13 19:08:57,71907876,71907877
26891085,Sách hay,5,2022-09-16 11:09:22,71907876,71907877
1287404,,5,2022-11-07 20:56:08,71907876,71907877
10760440,xịn xò tym tym :))),5,,71907876,71907877
12292054,,5,2022-11-01 22:35:51,71907876,71907877
23955533,,5,2022-11-01 15:07:06,71907876,71907877
27345295,giao nhanh và hàng cũng đẹp,5,2022-04-22 10:47:58,71907876,71907877
18842151,Hay,5,2022-10-13 08:11:14,71907876,71907877
11342776,,5,2022-10-30 16:10:40,71907876,71907877
15771853,,5,2022-10-28 15:43:32,71907876,71907877
1795527,"hay, ý nghĩa",5,,71907876,71907877
6510656,"Sách nội dung vui nhộn. Tuy nhiên bọc bookcare quá chật, không đóng sách lại được.",5,2021-03-04 10:33:43,71907876,71907877
28239163,,5,2022-10-26 18:28:47,71907876,71907877
27076467,Hàng tốt nhưng giao hơi chấm,5,2022-04-04 20:26:00,71907876,71907877
11503921,hhuu,5,2022-10-02 16:57:29,71907876,71907877
13234471,"Nội dung sách dễ thương, đọc để giảm stress, vui vui Tiki giao hàng nhanh, đóng gói cẩn thận",5,2020-12-22 18:05:11,71907876,71907877
19830175,"Sách nhỏ gọn, hài hước",5,2022-04-26 12:55:16,71907876,71907877
5243597,,5,2022-10-24 15:38:45,71907876,71907877
5710256,"Sách nhỏ gọn, từ ngữ vui nhộn, giàu tính giải trí, đọc một mạch hết quyển trong 1 ngày",5,2020-12-26 20:19:39,71907876,71907877
13396714,,5,2022-10-23 09:44:05,71907876,71907877
328679,Sản phẩm đọc vui,5,2022-06-10 16:42:51,71907876,71907877
17604722,"Sản phẩm đẹp, giao hàng nhanh",5,2021-01-03 18:26:41,71907876,71907877
6031057,,5,2022-10-20 09:53:39,71907876,71907877
19756258,Sách hay mọi người nên mua ạ,5,2021-01-03 15:58:07,71907876,71907877
19468332,Cực kỳ thích,5,2021-04-28 10:15:51,71907876,71907877
1548259,"Sách nhỏ xinh, đọc rất hay",5,2021-01-17 20:08:07,71907876,71907877
28295835,,5,2022-10-15 05:52:43,71907876,71907877
27874450,Hài vc:-),5,2022-08-17 17:03:45,71907876,71907877
601958,"Nhỏ, gọn, đẹp. Ko có lỗi gì",5,2020-12-23 15:08:33,71907876,71907877
19731370,"Giao hàng nhanh, phục vụ tốt",5,2021-01-07 19:57:52,71907876,71907877
1890550,,5,2022-10-12 01:33:23,71907876,71907877
27932557,,5,2022-10-11 15:56:03,71907876,71907877
19774462,Sách hay đẹp Giao hàng nhanh Đặt hôm trước mà hôm sau đã có Sách hay vừa tiền Ncl tốt,5,2021-01-06 11:22:24,71907876,71907877
12253448,,5,2022-10-10 20:08:45,71907876,71907877
12492034,,5,2022-10-10 13:40:37,71907876,71907877
7387172,,5,2022-10-10 12:06:04,71907876,71907877
6988489,,5,2022-10-10 00:30:01,71907876,71907877
27457278,,5,2022-10-09 17:20:46,71907876,71907877
26791572,"giao hàng chậm 4 ngày, sách đẹp",5,2022-02-22 05:56:16,71907876,71907877
15157351,Nhỏ nhỏ xinh xinh♥️,5,2021-02-18 10:30:46,71907876,71907877
26643882,Tốt chất lượng đáng giá tiền,5,2022-02-15 12:11:10,71907876,71907877
20232851,Hơi nhỏ nhưng rất hay,5,2021-02-17 11:21:44,71907876,71907877
8417833,,5,2022-10-05 20:00:52,71907876,71907877
16407874,sản phẩm xịn xò mà đọc thú vị cực luôn mọi người mua đi ưng hết sức:))),5,2021-03-05 21:26:22,71907876,71907877
17197740,sản phẩm tốt nhỏ xinh nội dung thì cực hào hước giao hàng nhanh anh shipper thân thiện vote 5 sao,5,2020-11-14 17:33:47,71907876,71907877
17834946,Sách hay như những gì mình đã thấy mọi review.,5,2021-10-30 20:30:49,71907876,71907877
19260393,"Sản phẩm đẹp, tốt, giống y như quảng cáo Giao hành nhanh lẹ đóng gói đẹp gọn gàng",5,2021-01-11 12:16:20,71907876,71907877
19096619,"Giao hàng nhanh,sách rất đẹp và hay",5,2020-11-13 12:54:48,71907876,71907877
26985275,,5,2022-10-03 06:14:48,71907876,71907877
6765359,,5,2022-10-02 10:25:12,71907876,71907877
18329798,,5,2021-07-20 18:03:27,71907876,71907877
28249780,,5,2022-10-01 19:05:28,71907876,71907877
20032266,đángggg tiền lắm lun í,5,2021-01-30 19:00:13,71907876,71907877
18852990,sách nhỏ gọn dễ thw,5,2021-02-16 14:03:28,71907876,71907877
13608266,,5,2022-09-29 14:41:35,71907876,71907877
11621987,,5,2022-09-29 13:47:33,71907876,71907877
490320,,5,2022-09-29 07:20:56,71907876,71907877
7420288,,5,2022-09-28 10:18:22,71907876,71907877
16062548,,5,2021-07-16 09:47:59,71907876,71907877
8452514,,5,2022-09-26 15:19:03,71907876,71907877
16445712,wow,5,2022-09-08 20:06:15,71907876,71907877
12033357,,5,2022-09-24 21:10:31,71907876,71907877
14133861,.,5,2021-07-07 13:04:28,71907876,71907877
27874630,,5,2022-09-24 12:32:54,71907876,71907877
26950181,..........sách xinh lắm ạ 😍,5,2022-03-03 18:58:55,71907876,71907877
20341258,nhìn dễ thương ghê,5,2021-02-22 12:01:39,71907876,71907877
8439434,,5,2021-07-12 16:39:46,71907876,71907877
6669003,,5,2021-07-12 08:54:27,71907876,71907877
2156517,,5,2022-09-23 07:50:33,71907876,71907877
20906440,"Sản phẩm nhỏ hơn mình nghĩ, mình nhét vào túi quần cũng được nha (?)",5,2021-04-25 11:55:43,71907876,71907877
19615769,Hay nha hihiiiiijjjjjjjjjjjjjjjjjj,5,2020-12-23 11:58:24,71907876,71907877
363560,,5,2022-09-20 23:51:23,71907876,71907877
7356878,Nhỏ gọn và rất thư vị,5,2021-01-08 22:04:52,71907876,71907877
14322003,Hay,5,2021-06-20 21:27:40,71907876,71907877
5903544,"Giao hàng nhanh, sách còn mới",5,2020-12-20 11:23:31,71907876,71907877
7569920,"Sách nhỏ hơn mình nghĩ, để giỏ trong lúc rảnh, mở đại 1 trang ra đọc thấy khá thú vị",5,2020-12-02 12:01:09,71907876,71907877
26816146,"sách nhỏ gọn, dễ đem đi",5,2022-03-14 11:44:57,71907876,71907877
20002533,Sản phẩm tuyệt,5,2021-03-10 23:47:10,71907876,71907877
21181545,good,5,2021-06-12 11:22:06,71907876,71907877
14217312,,5,2022-09-16 12:39:18,71907876,71907877
27784769,,5,2022-09-16 10:49:54,71907876,71907877
19617405,hàng giao rất nhanh và đặc biệt là được xem hàng trước khi nhận đóng gói cẩn thận,5,2020-12-23 23:47:06,71907876,71907877
16443514,,5,2022-09-16 05:07:11,71907876,71907877
1843122,giao hàng nhanh. sách bổ ích,5,2020-12-23 10:41:58,71907876,71907877
20859542,giao hàng nhanh,5,2021-03-30 15:14:13,71907876,71907877
25825806,hàng oke,5,2022-07-21 09:06:13,71907876,71907877
17875763,Sách cưng dã man í,5,2021-02-20 12:29:25,71907876,71907877
28150333,,5,2022-09-10 00:15:16,71907876,71907877
17310195,sách rất hay và cho mik bt những điều thú vị,5,2021-10-16 16:44:33,71907876,71907877
19110402,...,5,2021-06-09 19:07:42,71907876,71907877
14411986,,5,2022-09-07 12:13:38,71907876,71907877
8366472,,5,2022-09-07 10:39:16,71907876,71907877
16212213,"Sách giải trí đọc khá vui giải toả căng thẳng, kiểu hài vui vui dễ chịu ??",5,2021-02-22 23:05:24,71907876,71907877
8342282,Cực kì hài lòng luônnnn,5,2021-01-06 21:53:21,71907876,71907877
21181177,,5,2022-09-06 10:40:55,71907876,71907877
26352994,,5,2022-09-04 07:23:53,71907876,71907877
22281441,,5,2021-06-22 11:15:52,71907876,71907877
5142305,1 cuốn với nội dung... *** méo tả được Nhưng chính vì *** vậy lại vui Hay đấy,5,2021-01-15 13:59:11,71907876,71907877
19770209,,5,2021-06-21 13:20:18,71907876,71907877
9946631,sản phẩm rất oki ạ,5,2022-04-01 15:03:48,71907876,71907877
2119969,,5,2021-06-18 11:28:30,71907876,71907877
16976970,nhỏ nhỏ xinh xinh mn ạ,5,2021-01-05 19:08:47,71907876,71907877
28097781,,5,2022-08-30 19:35:27,71907876,71907877
27286545,,5,2022-08-30 18:19:24,71907876,71907877
11114218,,5,2022-08-29 22:50:08,71907876,71907877
16880844,,5,2022-08-29 18:25:27,71907876,71907877
16800022,Ok,5,2022-08-14 12:51:10,71907876,71907877
20360127,Hàng oke,5,2022-07-04 09:51:22,71907876,71907877
27184095,okeee,5,2022-07-26 12:49:51,71907876,71907877
15616127,,5,2021-06-11 15:04:56,71907876,71907877
27545197,nhỏ gọn,5,2022-06-20 11:50:05,71907876,71907877
13093823,,5,2021-06-10 16:53:40,71907876,71907877
22033176,,5,2021-06-10 13:40:49,71907876,71907877
9897633,"Verry hay, khuyên mọi người mua nhưng ngỡ ngàng quá là nó nhỏ hơn bàn tay :))",5,2021-02-19 09:25:02,71907876,71907877
1344785,,5,2021-06-09 14:39:51,71907876,71907877
1785946,,5,2021-06-09 10:49:57,71907876,71907877
8888688,sách hay lém anh shipper thân thiện cho mượn cả kéo để bóc kiểm tra hàng :)),5,2021-02-18 07:45:19,71907876,71907877
10149790,"Sp vô cùng tốt đọc giải trí ổn,phù hợp với gen z",5,2021-08-06 12:44:27,71907876,71907877
20506758,vô cùng ưng ý,5,2021-03-01 14:28:40,71907876,71907877
19025743,,5,,71907876,71907877
17281024,,5,2021-06-08 11:44:30,71907876,71907877
27261384,Sách hay nhỏ gọn,5,2022-04-18 16:44:06,71907876,71907877
26865702,đẹp tốt hayyyyyyyy,5,2022-04-06 18:45:39,71907876,71907877
26783099,giao nhanh sản phẩm đẹp,5,2022-02-22 22:15:58,71907876,71907877
19324890,Đọc bánh cuốn và hay,5,2020-12-27 10:03:56,71907876,71907877
22630175,chất lượng giao hàng tốt,5,2022-02-10 11:12:32,71907876,71907877
20748214,tuyệt vời,5,2022-06-01 12:21:40,71907876,71907877
27115603,,5,2022-08-16 10:05:38,71907876,71907877
9021175,vip pro,5,2021-04-23 22:07:32,71907876,71907877
18592084,tuỵt,5,2022-07-11 16:19:52,71907876,71907877
12380333,,5,2021-06-02 11:13:29,71907876,71907877
20606326,,5,2021-06-01 21:50:05,71907876,71907877
19696397,Rất chất ạ ?,5,2021-02-16 13:33:54,71907876,71907877
8590986,,5,2021-06-01 14:22:14,71907876,71907877
19278652,,5,2022-08-13 17:40:31,71907876,71907877
16721823,sách tốt nhé,5,2021-02-26 23:18:15,71907876,71907877
26319963,Nói chung là oke,5,2022-04-28 17:30:35,71907876,71907877
27999587,,5,2022-08-11 10:33:16,71907876,71907877
21551890,,5,2022-08-11 09:47:58,71907876,71907877
14099138,,5,2021-05-28 19:03:41,71907876,71907877
5162568,Ngôn tình hay kk,5,2022-04-25 09:31:08,71907876,71907877
14430883,,5,2022-08-07 21:14:25,71907876,71907877
5107319,,5,2022-08-07 17:32:31,71907876,71907877
12200488,,5,2022-08-07 11:01:37,71907876,71907877
10130042,,5,2022-08-06 23:46:59,71907876,71907877
8204467,,5,2022-08-06 15:39:19,71907876,71907877
1035516,"Tốt, giao hàng nhanh, chất lượng",5,2021-12-15 17:47:12,71907876,71907877
19295478,Sách đọc rất thú vị giao hàng kỹ gói oki,5,2021-09-29 17:25:17,71907876,71907877
19062187,,5,2022-08-05 11:09:31,71907876,71907877
21865685,,5,2021-05-23 18:56:15,71907876,71907877
9798111,đọc giải trí lắm luôn nha,5,2022-01-17 12:37:57,71907876,71907877
12401790,,5,2022-08-03 14:15:40,71907876,71907877
15942727,,5,2022-08-01 06:19:31,71907876,71907877
7193609,,5,2021-05-19 10:48:07,71907876,71907877
27233073,,5,2022-07-31 13:24:00,71907876,71907877
27307250,,5,2022-07-31 08:32:21,71907876,71907877
16739261,,5,2022-07-30 23:40:23,71907876,71907877
27712226,,5,2022-07-30 15:22:58,71907876,71907877
25822801,Ok,5,2022-07-18 08:36:38,71907876,71907877
9710920,,5,2022-07-29 15:42:29,71907876,71907877
23936841,,5,2022-07-29 12:57:45,71907876,71907877
15175352,,5,,71907876,71907877
20749336,,5,2022-07-29 01:24:58,71907876,71907877
18072146,,5,2022-07-28 23:05:17,71907876,71907877
20390742,,5,2021-05-16 13:03:45,71907876,71907877
27828831,,5,2022-07-28 19:23:25,71907876,71907877
22320881,,5,2022-07-27 19:44:29,71907876,71907877
920928,Cũng vui,5,2021-03-23 19:26:47,71907876,71907877
20275157,,5,2022-07-27 15:55:25,71907876,71907877
27285068,,5,2022-07-27 09:33:11,71907876,71907877
27384261,sản phẩm ok,5,2022-04-30 09:49:17,71907876,71907877
938953,,5,2021-05-14 16:28:07,71907876,71907877
21001890,,5,2022-07-26 19:47:02,71907876,71907877
608709,OK,5,2021-05-02 14:49:53,71907876,71907877
1118673,,5,2022-07-26 13:24:53,71907876,71907877
13346090,,5,2022-07-26 11:01:45,71907876,71907877
27862415,,5,2022-07-24 19:16:33,71907876,71907877
27056563,,5,2022-07-24 12:56:17,71907876,71907877
8744825,,5,2022-07-23 22:05:47,71907876,71907877
8378993,,5,2022-07-23 18:40:17,71907876,71907877
27640777,,5,2022-07-23 10:11:53,71907876,71907877
27858135,,5,2022-07-23 10:06:56,71907876,71907877
1311389,,5,2021-05-10 15:30:14,71907876,71907877
19956686,,5,2022-07-22 21:01:47,71907876,71907877
21240488,"Giao hàng hơi lâu, chất lượng sản phẩm tốt",5,2021-08-29 11:49:34,71907876,71907877
19160746,Sách siêu hài luôn mn ạ. Có mấy câu thì hài có mấy câu nghe thấm lắm á,5,2021-02-05 15:08:49,71907876,71907877
19353337,,5,2021-05-09 19:50:34,71907876,71907877
26958157,,5,2022-07-22 02:01:47,71907876,71907877
20321834,,5,2021-05-09 11:46:50,71907876,71907877
18977073,,5,2021-05-09 11:12:11,71907876,71907877
16444681,,5,2021-05-09 11:08:24,71907876,71907877
15632238,,5,2022-07-20 22:48:35,71907876,71907877
27650738,,5,2022-07-20 21:12:23,71907876,71907877
22127873,,5,2022-07-20 13:39:51,71907876,71907877
21009781,,5,2022-07-19 18:04:16,71907876,71907877
1010482,,5,2022-07-19 17:49:06,71907876,71907877
23655178,,5,2022-07-19 17:06:50,71907876,71907877
18459630,,5,2022-07-19 13:25:25,71907876,71907877
10509498,,5,2022-07-19 11:25:52,71907876,71907877
27713931,,5,2022-07-19 10:41:04,71907876,71907877
16862184,rjejsxk tốt,5,2021-02-19 04:42:43,71907876,71907877
11668123,good,5,2021-04-11 18:32:16,71907876,71907877
20465809,Sách siu cute luôn. Nội dung hài hước đọc giảm stress cực hiệu quả,5,2021-03-07 11:29:12,71907876,71907877
19615160,sản phẩm như ảnh nhá nội dung đáng yêu rất thích hợp để giải trí,5,2021-02-17 10:59:51,71907876,71907877
18397759,,5,2022-07-16 11:07:33,71907876,71907877
19439889,dễ thương thật sự,5,2020-12-08 16:19:19,71907876,71907877
27789655,,5,2022-07-16 03:11:11,71907876,71907877
15267808,,5,2022-07-15 16:18:59,71907876,71907877
14112915,,5,2022-07-15 14:28:31,71907876,71907877
18506023,Amazing gút chóppp :3,5,2020-12-17 12:07:39,71907876,71907877
27811253,,5,2022-07-12 12:48:54,71907876,71907877
1097033,Hay,5,2022-06-24 16:13:08,71907876,71907877
21487780,,5,2021-04-28 11:56:53,71907876,71907877
21288917,,5,2022-07-11 22:34:36,71907876,71907877
6639389,"sách hơi bé, đọc có lát là hết. quyển sách bé mà bọc to quá",5,2021-04-11 16:14:48,71907876,71907877
5855164,Sách nhìn ở ngoài giống như bị bẩn nhưng thực ra bìa sách nó như vậy đấy mn,5,2020-12-09 09:37:51,71907876,71907877
15924595,Hay,5,2021-04-10 20:55:07,71907876,71907877
12880450,sách rất thú vị,5,2020-12-26 13:29:56,71907876,71907877
13798517,,5,2022-07-09 21:01:15,71907876,71907877
15569794,đọc thấm lắm mn ạ,5,2022-02-07 18:07:00,71907876,71907877
24657907,,5,2022-07-08 19:06:23,71907876,71907877
18987497,,5,2021-04-25 14:40:41,71907876,71907877
27762998,,5,2022-07-07 16:44:26,71907876,71907877
26745143,,5,2022-07-07 11:21:19,71907876,71907877
10372592,"Sách đẹp, hay",5,2021-01-15 14:50:08,71907876,71907877
13692113,,5,,71907876,71907877
11475810,,5,2022-07-07 07:16:35,71907876,71907877
11374855,"Vui nhộn, thú vị, giúp giải trí những lúc mệt mỏi :v",5,2021-06-04 17:05:44,71907876,71907877
27099738,vì nó hay =)),5,2022-04-10 11:58:33,71907876,71907877
12246751,sản phẩm oke nha,5,2020-12-28 16:53:32,71907876,71907877
20671176,,5,2022-07-06 17:38:50,71907876,71907877
20992547,,5,,71907876,71907877
27574797,,5,2022-07-05 19:15:20,71907876,71907877
513005,Ok,5,2021-04-11 12:46:42,71907876,71907877
26768692,,5,2022-07-05 14:35:42,71907876,71907877
11515606,Cực kì hay luôn,5,2021-01-01 17:55:19,71907876,71907877
16607355,,5,2022-07-04 00:42:11,71907876,71907877
23214631,,5,2022-07-03 21:58:58,71907876,71907877
25616921,,5,2022-07-03 20:49:28,71907876,71907877
6784355,,5,2022-07-03 14:52:05,71907876,71907877
27256773,,5,2022-07-03 09:38:04,71907876,71907877
1426762,,5,2021-04-20 12:03:10,71907876,71907877
12405956,,5,2022-07-02 13:52:36,71907876,71907877
27370311,Hàng tốt,5,2022-04-28 20:55:35,71907876,71907877
27333166,,5,2022-07-01 19:21:16,71907876,71907877
25481934,rất tuyệt vời,5,2022-03-12 10:01:10,71907876,71907877
22602524,rất hay 🥰,5,2022-04-10 15:24:01,71907876,71907877
11590967,,5,2022-06-30 21:42:47,71907876,71907877
13686618,,5,2022-06-30 08:54:19,71907876,71907877
7403485,Sản phẩm rất tốt,5,2022-02-09 23:48:10,71907876,71907877
26508508,,5,2022-06-29 20:54:55,71907876,71907877
7641621,,5,2022-06-29 12:07:11,71907876,71907877
20330,,5,2022-06-29 11:27:04,71907876,71907877
27742147,,5,2022-06-28 10:41:08,71907876,71907877
11343877,nho,5,2021-03-29 11:32:00,71907876,71907877
12476036,,5,,71907876,71907877
26881149,,5,2022-06-27 20:18:18,71907876,71907877
825043,,5,2022-06-26 12:09:11,71907876,71907877
6674687,,5,2021-04-13 22:21:03,71907876,71907877
13131317,lần đầu mua hàng trên tiki cảm thấy rất hài lòng với sản phẩm,5,2021-03-03 22:59:20,71907876,71907877
10788357,Hài hước :)) Sản phẩm đáng mua để giải toả căng thẳng.,5,2021-04-17 18:59:56,71907876,71907877
16534,"Cuốn sách dễ thương, kích thước nhỏ, cầm bỏ túi lâu lâu lấy ra đọc cũng vui",5,2020-11-10 09:39:57,71907876,71907877
10237217,sách dễ thương đóng gói cẩn thận sản phẩm về tay rất tôt,5,2021-03-30 12:04:50,71907876,71907877
9822194,,5,2022-06-22 22:32:14,71907876,71907877
26846901,Hay,5,2022-06-04 08:45:54,71907876,71907877
13719162,Đóng gói sơ sài,5,2020-12-13 10:32:51,71907876,71907877
22307624,,5,2022-06-21 06:17:51,71907876,71907877
11124057,"Sách nhỏ hơn mình nghĩ nhưng không sao, nội dung vẫn rất tuyệt nhaa",5,2021-02-19 16:29:30,71907876,71907877
20650337,,5,2022-06-20 13:46:09,71907876,71907877
1771701,,5,2022-06-19 09:18:14,71907876,71907877
9843213,,5,2022-06-18 20:59:13,71907876,71907877
14710935,sách hay,5,2022-04-26 23:19:48,71907876,71907877
17135265,,5,2022-06-18 08:36:35,71907876,71907877
21182504,,5,2021-04-05 16:46:24,71907876,71907877
19216544,rất tốt,5,2022-04-13 21:33:14,71907876,71907877
13182853,,5,2021-04-04 16:09:27,71907876,71907877
15395956,,5,,71907876,71907877
14227976,tốt,5,2022-05-17 12:47:30,71907876,71907877
18726991,,5,2022-06-15 16:25:51,71907876,71907877
8094335,"Giao hàng nhanh, hình thức đẹp",5,2021-11-10 12:54:15,71907876,71907877
20391632,,5,2022-06-14 15:31:05,71907876,71907877
26967629,hay,5,2022-05-27 18:27:33,71907876,71907877
18440527,,5,,71907876,71907877
12050116,,5,2021-03-30 15:46:47,71907876,71907877
27570481,,5,2022-06-11 08:44:37,71907876,71907877
5640840,Okk,5,2021-03-11 21:20:54,71907876,71907877
16194707,hay,5,2022-05-23 21:10:11,71907876,71907877
12077946,,5,2021-03-28 09:59:32,71907876,71907877
27020197,,5,2022-06-09 08:57:22,71907876,71907877
561797,,5,2021-03-27 07:38:25,71907876,71907877
7353742,nếu các bạn thấy đời nhạt nhẽo quá thì nên đọc nhé .,5,2021-04-01 23:52:09,71907876,71907877
11254234,,5,2022-06-08 10:32:04,71907876,71907877
7072523,Xuất sắc.,5,2021-01-09 18:54:06,71907876,71907877
1057945,,5,2022-06-07 16:06:27,71907876,71907877
27612954,,5,2022-06-06 17:21:03,71907876,71907877
27103952,,5,2022-06-06 15:31:35,71907876,71907877
27039272,,5,2022-06-06 14:41:51,71907876,71907877
1556612,Tốt giao hàng nhanh gọc trước dự kiến một ngày nữa. Rất hài lòng,5,2021-01-25 12:27:10,71907876,71907877
19023526,,5,2021-03-24 21:15:41,71907876,71907877
27579923,,5,2022-06-06 01:06:26,71907876,71907877
27283147,tụyt,5,2022-04-30 16:54:56,71907876,71907877
25992527,tốt,5,2022-05-06 12:37:38,71907876,71907877
15890262,,5,2022-06-04 16:34:02,71907876,71907877
10373932,,5,2022-06-04 13:14:25,71907876,71907877
25108906,giao hàng nha in không bị mờ,5,2021-11-17 10:40:28,71907876,71907877
16654329,giao hàng nhanh chị shipper nc dễ thương ghê rất hài lòng về sản phẩm,5,2021-01-11 14:20:15,71907876,71907877
16718613,hàng ổn,5,2022-04-06 11:31:18,71907876,71907877
12907663,,5,2022-06-03 14:20:33,71907876,71907877
26304324,,5,2022-06-03 11:18:04,71907876,71907877
27461467,,5,2022-06-02 15:24:41,71907876,71907877
26614140,Giao hàng ok,5,2022-03-18 15:01:29,71907876,71907877
12990125,,5,2022-06-02 12:25:14,71907876,71907877
11749017,,5,2021-03-20 12:03:01,71907876,71907877
26721567,,5,2022-06-01 20:31:54,71907876,71907877
15279727,,5,2022-05-31 15:16:26,71907876,71907877
21480689,,5,2022-06-01 12:21:34,71907876,71907877
7737315,,5,2022-06-01 10:15:46,71907876,71907877
27602274,,5,2022-06-01 09:31:45,71907876,71907877
8083001,,5,2021-03-19 12:06:07,71907876,71907877
15642403,,5,2022-05-31 13:56:34,71907876,71907877
14394401,Sách chỉ nhỏ vừa bàn tay của mình :>. Nội dung sách khá là cute.,5,2021-02-17 17:10:07,71907876,71907877
23129361,,5,2022-05-30 21:47:07,71907876,71907877
1084001,,5,2021-03-18 01:10:16,71907876,71907877
26675005,,5,2022-05-29 22:26:38,71907876,71907877
27316941,,5,2022-05-29 14:59:58,71907876,71907877
27470029,,5,2022-05-28 21:24:18,71907876,71907877
11051409,Ok good like,5,2021-01-04 15:20:19,71907876,71907877
10409359,,5,2021-03-14 18:38:24,71907876,71907877
14363668,,5,2022-05-26 20:04:42,71907876,71907877
24410397,,5,2022-05-26 17:24:42,71907876,71907877
23712419,,5,2022-05-25 14:03:45,71907876,71907877
22348711,,5,2022-05-25 13:29:19,71907876,71907877
6845728,,5,2021-03-12 19:02:35,71907876,71907877
18756838,,5,2021-03-12 15:53:38,71907876,71907877
27568265,,5,2022-05-24 21:49:00,71907876,71907877
20376328,,5,2022-05-24 16:05:12,71907876,71907877
11443719,"Tiki gói sách cẩn thận, đẹp. Sách đọc hài hước, nên mua nhé ạ",5,2021-01-29 15:37:52,71907876,71907877
10594575,Cảm giác thấy hay và nhiều từ em lạ lạ,5,2021-07-23 21:14:35,71907876,71907877
19436976,sách cute lâm,5,2020-12-13 18:02:17,71907876,71907877
17811964,,5,2022-05-23 15:32:22,71907876,71907877
17623169,sách hay,5,2022-03-31 23:47:14,71907876,71907877
18890652,,5,2021-03-10 23:26:17,71907876,71907877
27080905,rất oce,5,2022-03-31 11:17:25,71907876,71907877
14124568,,5,2022-05-22 09:44:56,71907876,71907877
27204522,đãaaa,5,2022-04-10 20:47:51,71907876,71907877
8228686,rất ư là buồn cười ???. Hợp cho tuổi teen nè.,5,2021-06-10 20:48:14,71907876,71907877
12437453,,5,2021-03-08 23:11:58,71907876,71907877
20382265,,5,2022-05-21 01:23:27,71907876,71907877
6165886,Cực kỳ mặn mà.,5,2020-11-05 10:02:24,71907876,71907877
19944125,Chất lượng tốt ! Giao hàng nhanh ! Sách k bẩn ncl cho 5 sao nhaaaa,5,2021-02-23 22:46:59,71907876,71907877
17946392,,5,2021-03-07 14:07:52,71907876,71907877
26958189,,5,2022-05-19 08:16:41,71907876,71907877
20178285,,5,2021-03-06 16:59:03,71907876,71907877
9024476,,5,2021-03-06 13:27:50,71907876,71907877
7382431,bìa bên ngoài hơi gãy í nên đôi lúc tiki cẩn thận hơn tí là đc,5,2021-02-04 20:29:27,71907876,71907877
819793,,5,2021-03-05 01:23:17,71907876,71907877
19643276,,5,2022-05-15 13:14:34,71907876,71907877
15279910,.,5,2021-02-24 20:48:25,71907876,71907877
8411,Zuiiii. Lấy mấy câu làm caption up *** đc :)),5,2021-07-20 16:28:46,71907876,71907877
19214258,,5,2022-05-13 21:00:44,71907876,71907877
9762778,,5,2021-03-01 10:51:18,71907876,71907877
6052045,,5,2021-03-01 08:59:33,71907876,71907877
12375009,,5,2021-02-26 22:50:16,71907876,71907877
7514233,,5,2022-05-10 20:23:28,71907876,71907877
17608619,Tốt,5,2022-04-11 14:26:13,71907876,71907877
26707397,hàng tốtttt,5,2022-02-17 12:43:21,71907876,71907877
14303781,oke,5,2021-02-08 09:53:53,71907876,71907877
11474580,,5,2021-02-24 22:15:08,71907876,71907877
20437504,,5,2021-02-24 12:48:32,71907876,71907877
27168138,,5,2022-05-08 13:39:47,71907876,71907877
853655,,5,2022-05-07 23:08:39,71907876,71907877
6614834,,5,2021-02-23 11:04:46,71907876,71907877
8021028,,5,2021-02-22 17:32:49,71907876,71907877
8645175,Hơi bé,5,2021-01-05 20:18:07,71907876,71907877
768191,Đúng mô tả,5,2022-02-06 16:08:56,71907876,71907877
20358523,,5,2021-02-20 14:59:03,71907876,71907877
21725412,,5,2022-05-04 23:52:46,71907876,71907877
20317432,Sản phẩm đẹp a shipper thân thiện có điều hơi bé nhưng hay,5,2021-02-20 11:02:15,71907876,71907877
19962733,,5,2021-02-20 10:54:19,71907876,71907877
16154413,hay,5,2021-02-02 11:40:58,71907876,71907877
19797566,,5,2021-02-18 18:20:39,71907876,71907877
13931377,,5,2021-02-18 12:02:40,71907876,71907877
27423500,,5,2022-05-02 16:31:10,71907876,71907877
17786300,Sách đẹp,5,2020-12-10 02:52:19,71907876,71907877
14770052,,5,2022-05-02 09:23:41,71907876,71907877
21086041,hay,5,2022-04-14 13:09:12,71907876,71907877
14941397,,5,2022-04-30 22:48:02,71907876,71907877
8686140,,5,2021-02-16 07:37:25,71907876,71907877
12385548,,5,2022-04-28 22:40:15,71907876,71907877
14189700,"good, cuốn sách đọc thú vị, xã stress tốt",5,2021-06-20 20:08:54,71907876,71907877
17245225,tuỵt nắm,5,2022-02-13 14:37:58,71907876,71907877
21778309,chất lượng được nhưng gói hàng chưa tốt ạ,5,2021-05-20 10:44:40,71907876,71907877
27023421,,5,2022-04-23 23:19:31,71907876,71907877
7660667,đáng tiền mua giao nhanh,5,2021-11-11 02:09:32,71907876,71907877
22059299,:)),5,2022-04-06 01:26:34,71907876,71907877
6967915,????,5,2021-01-16 15:57:19,71907876,71907877
16953349,hayyyy,5,2021-01-04 21:00:48,71907876,71907877
8877147,hãy đọc khi bạn rảnh rỗi vì nó mang tính giải trí cao,5,2021-03-15 22:46:52,71907876,71907877
617561,,5,2022-04-21 08:27:08,71907876,71907877
19822650,,5,2021-02-06 16:58:30,71907876,71907877
26806923,,5,2022-04-20 21:11:28,71907876,71907877
19238927,,5,2022-04-20 13:03:41,71907876,71907877
21593420,Chất lượng tốt,5,2021-12-18 15:25:45,71907876,71907877
17873578,cuốn này thì đỉnh khỏi nói. Đọc giải trí oke vô cùng nha,5,2021-02-10 16:29:14,71907876,71907877
5849544,,5,2021-02-04 19:43:14,71907876,71907877
11378814,,5,2021-02-03 18:10:53,71907876,71907877
24608865,,5,2022-04-17 20:10:27,71907876,71907877
27289790,,5,2022-04-17 08:00:17,71907876,71907877
19719599,Dui lém đọc thử đi nghen giao hàng nhanh cực,5,2021-06-05 10:18:34,71907876,71907877
20142546,,5,2021-02-02 15:41:00,71907876,71907877
26142175,,5,2022-04-16 15:56:39,71907876,71907877
1440682,,5,2021-02-01 20:56:36,71907876,71907877
23555200,,5,2022-04-15 19:49:49,71907876,71907877
21644207,tuyệt,5,2022-03-05 20:57:19,71907876,71907877
26401461,,5,2022-04-15 15:02:36,71907876,71907877
20088474,,5,2021-01-31 15:12:56,71907876,71907877
27191043,,5,2022-04-15 00:41:58,71907876,71907877
16205014,,5,2021-01-30 22:22:35,71907876,71907877
1279259,,5,2021-01-30 18:53:06,71907876,71907877
26940111,,5,2022-04-13 20:14:02,71907876,71907877
24113299,,5,2022-04-12 08:20:34,71907876,71907877
19962994,,5,2021-01-28 16:50:00,71907876,71907877
8273592,"Rất thú vị, có rất nhiều từ bất hủ",5,2021-06-23 10:06:24,71907876,71907877
7835536,,5,2022-04-11 11:02:49,71907876,71907877
27041388,bé,5,2022-03-24 20:44:07,71907876,71907877
5421496,,5,2021-01-27 15:21:36,71907876,71907877
12573221,,5,2021-01-27 12:07:28,71907876,71907877
14136844,,5,2021-01-26 17:19:31,71907876,71907877
17306057,,5,2021-01-26 17:11:37,71907876,71907877
15679975,,5,2021-01-26 09:36:08,71907876,71907877
12775509,,5,2022-04-08 10:22:23,71907876,71907877
12284726,,5,2021-01-24 17:54:03,71907876,71907877
19952723,,5,2021-01-24 12:28:32,71907876,71907877
18522629,Hay,5,2022-03-21 08:27:34,71907876,71907877
27111580,,5,2022-04-07 17:11:02,71907876,71907877
27142232,,5,2022-04-07 16:06:52,71907876,71907877
19639840,,5,2022-04-07 11:32:01,71907876,71907877
17993285,,5,2022-04-07 09:06:33,71907876,71907877
12175513,,5,2021-01-23 22:28:10,71907876,71907877
7747190,,5,2022-04-07 08:03:25,71907876,71907877
26733979,,5,2022-04-06 18:31:51,71907876,71907877
5887529,,5,2022-04-06 12:04:00,71907876,71907877
815695,Từ điển hay nè,5,2021-12-10 08:12:43,71907876,71907877
27098385,,5,2022-04-05 19:33:38,71907876,71907877
27151450,,5,2022-04-05 08:02:57,71907876,71907877
19423156,,5,2021-01-21 19:59:42,71907876,71907877
13251186,"shipper thân thiện, quyển nhỏ gọn xinh áa",5,2021-06-10 19:13:40,71907876,71907877
27133915,,5,2022-04-04 21:38:47,71907876,71907877
27114588,,5,2022-04-04 16:42:49,71907876,71907877
10066900,,5,2022-04-04 11:34:29,71907876,71907877
20435309,"Cuốn này nhìn nhỏ gọn , xinh lắm , ủng hộ shop dài nè",5,2021-02-25 01:15:03,71907876,71907877
11954263,Ok,5,2022-03-23 10:01:26,71907876,71907877
17222875,,5,2022-04-03 19:25:33,71907876,71907877
23467603,,5,2022-04-03 17:16:12,71907876,71907877
10753624,,5,2022-04-03 12:49:18,71907876,71907877
19163557,,5,2022-04-03 10:17:40,71907876,71907877
19885488,,5,2021-01-18 23:02:46,71907876,71907877
12152733,,5,2022-04-01 20:19:48,71907876,71907877
23647162,,5,2022-04-01 11:11:33,71907876,71907877
12859662,hay,5,2022-03-14 00:45:56,71907876,71907877
26304453,,5,2022-03-31 12:04:57,71907876,71907877
16925777,"tuy hơi nhỏ nhưng nó xả stress lắm, lúc buồn nên đọc nha",5,2021-02-03 10:58:46,71907876,71907877
18937239,,5,2022-03-30 13:28:29,71907876,71907877
5152713,Sách đọc rất vui và ý nghĩa,5,2021-08-31 00:46:08,71907876,71907877
10007658,,5,2021-01-14 08:51:10,71907876,71907877
19833799,,5,2021-01-13 19:26:32,71907876,71907877
9120631,,5,2022-03-27 18:14:36,71907876,71907877
16551133,,5,2021-01-12 11:49:11,71907876,71907877
16560140,sách rất chi là oceee,5,2021-10-31 13:49:28,71907876,71907877
20234336,quyển sách này tuy nhỏ nhưng đọc rất hay và thú vị,5,2021-03-05 12:33:49,71907876,71907877
8624093,,5,2021-01-11 14:30:06,71907876,71907877
27041005,Ok,5,2022-03-13 11:36:12,71907876,71907877
16178114,,5,2021-01-09 16:04:14,71907876,71907877
9949660,,5,2021-01-09 10:29:14,71907876,71907877
7290180,,5,2022-03-23 00:10:23,71907876,71907877
26905004,hay,5,2022-03-04 11:09:24,71907876,71907877
5334489,,5,2021-01-07 13:59:06,71907876,71907877
23943626,,5,2022-03-21 18:03:15,71907876,71907877
27092988,,5,2022-03-20 21:34:57,71907876,71907877
19672069,,5,2022-03-20 06:53:48,71907876,71907877
7990063,,5,2021-01-05 19:22:30,71907876,71907877
1978752,,5,2022-03-18 18:13:44,71907876,71907877
19742943,,5,2021-01-03 13:18:35,71907876,71907877
17543500,gud,5,2022-02-28 01:08:00,71907876,71907877
20010539,"ban đầu tưởng sách to, nhưng lại bé bé vừa lòng bàn tay",5,2021-01-26 11:19:00,71907876,71907877
19780475,"hơn cả mong đợi luôn á , nhỏ nhắn xinh xinh dễ thương xĩu",5,2021-01-08 10:44:10,71907876,71907877
5945250,,5,2022-03-16 21:12:56,71907876,71907877
22150375,"Nhỏ nhỏ chinh chinh , nội dung siu cưng",5,2021-06-20 20:35:41,71907876,71907877
26153535,,5,2022-03-16 16:43:20,71907876,71907877
14883066,sách cực kì giải trí phù hợp những lúc cần giải sầu,5,2021-01-30 23:23:35,71907876,71907877
1321403,,5,2022-03-15 06:41:01,71907876,71907877
26051449,,5,2022-03-13 11:20:30,71907876,71907877
5914628,"Nhỏ gọn, đọc xả trét, lâu lâu dùng nó tán gái cũng ổn ?",5,2021-01-04 18:46:36,71907876,71907877
25898809,,5,2022-03-12 22:06:42,71907876,71907877
12052022,,5,2020-12-29 11:14:37,71907876,71907877
5260959,,5,2020-12-29 10:36:57,71907876,71907877
22583172,,5,2022-03-12 16:38:42,71907876,71907877
13194881,,5,2022-03-12 15:43:54,71907876,71907877
27038727,,5,2022-03-12 12:01:45,71907876,71907877
19672073,,5,2020-12-28 20:27:04,71907876,71907877
22568951,rất hay,5,2022-01-18 15:09:44,71907876,71907877
8305535,ổn,5,2022-02-16 09:37:40,71907876,71907877
7287737,,5,2022-03-11 10:35:01,71907876,71907877
5328423,"nội dung hài hước,dí dỏn",5,2021-08-30 10:42:59,71907876,71907877
9615266,,5,2020-12-27 16:14:44,71907876,71907877
26415589,Hay,5,2022-02-21 10:30:18,71907876,71907877
8485725,Ok,5,2022-02-26 21:09:03,71907876,71907877
1658074,sách chất lượng. nhỏ nhỏ xinh xinh,5,2021-06-25 16:37:53,71907876,71907877
20535880,,5,2022-03-09 14:27:26,71907876,71907877
5187875,,5,2022-03-08 10:01:56,71907876,71907877
20389849,,5,2022-03-08 07:24:45,71907876,71907877
15606596,"nội dung hay, ý nghĩa và còn giúp mình xóa khỏi mác tối cổ nx ?",5,2020-11-29 21:46:05,71907876,71907877
22589854,bao bọc kĩ càng chất lượng cao,5,2021-07-22 15:18:06,71907876,71907877
15193693,Hayyy lắmmmm lunnnnnp,5,2021-10-23 23:32:22,71907876,71907877
13435411,,5,2020-12-23 13:42:42,71907876,71907877
14002843,,5,2022-03-06 13:41:34,71907876,71907877
8993707,,5,2020-12-22 23:22:43,71907876,71907877
14066109,,5,2020-12-22 20:04:58,71907876,71907877
19606216,,5,2020-12-22 19:41:43,71907876,71907877
7545059,Hay,5,2022-02-16 15:17:26,71907876,71907877
11589367,,5,2020-12-22 14:58:34,71907876,71907877
1370405,,5,2022-03-05 21:33:43,71907876,71907877
17796011,,5,2020-12-22 11:05:55,71907876,71907877
14947222,,5,2020-12-22 10:11:30,71907876,71907877
19597106,Đọc rất thú vị Gói đẹp giao hàng nhanh Chất lượng tốt,5,2020-12-21 18:02:15,71907876,71907877
19604797,,5,2020-12-21 17:23:53,71907876,71907877
2223274,,5,2020-12-21 15:20:54,71907876,71907877
22705954,ok,5,2022-02-21 04:20:13,71907876,71907877
8209719,giao hàng siêu nhanh luôn có 2 ngày thôi đã tới rồi,5,2021-03-01 09:54:56,71907876,71907877
21551932,,5,2022-03-02 09:25:13,71907876,71907877
5760889,"Giao hàng nhanh. Sách đáng tiền, nên đọc",5,2021-05-13 19:27:53,71907876,71907877
6239707,,5,2020-12-18 09:07:51,71907876,71907877
8619695,,5,2022-03-01 16:56:58,71907876,71907877
17652147,rất hài lòng bới bên tiki giao hàng cực nhanh nha mn yên tâm,5,2021-01-04 16:15:04,71907876,71907877
835279,Sách hay. Thú vị. Mang đậm phong cách tuổi trẻ,5,2021-03-26 18:49:10,71907876,71907877
23864959,,5,2022-02-28 17:31:10,71907876,71907877
13290257,,5,2022-02-28 12:13:58,71907876,71907877
11705484,sách nhỏ hơn dự đoán.nội dung dễ thương,5,2021-04-24 13:59:50,71907876,71907877
15764844,,5,2022-02-28 08:59:27,71907876,71907877
17571883,,5,2022-02-27 16:45:26,71907876,71907877
19828385,,5,2022-02-27 13:10:00,71907876,71907877
777244,,5,2022-02-27 12:57:37,71907876,71907877
7694570,,5,2022-02-27 09:12:41,71907876,71907877
1087145,,5,2022-02-25 19:40:58,71907876,71907877
8276693,❣️❣️,5,2021-12-17 15:33:50,71907876,71907877
16084870,Giao nhanh sách đẹp,5,2021-10-13 21:58:52,71907876,71907877
26698648,hay,5,2022-02-07 19:19:33,71907876,71907877
6261815,,5,2022-02-23 22:47:12,71907876,71907877
22758892,nhưng sách ở ngoài hơi dơ nha,5,2021-07-27 10:40:37,71907876,71907877
20040,,5,2020-12-11 08:45:33,71907876,71907877
20474108,,5,2022-02-22 11:31:39,71907876,71907877
14025424,Tuyệt vơi . Cười k nhặt được răng luôn quý zị ạ ?,5,2021-01-20 22:43:48,71907876,71907877
17365300,"giao nhanh , sp đẹp",5,2021-10-16 08:07:59,71907876,71907877
8516358,"Sản phẩm tốt, Tiki giao hàng nhanh",5,,71907876,71907877
6821215,,5,2022-02-20 23:20:37,71907876,71907877
12219477,,5,2022-02-20 16:22:02,71907876,71907877
14765747,,5,2022-02-20 12:35:32,71907876,71907877
22615234,,5,2022-02-19 18:01:52,71907876,71907877
9983287,,5,2022-02-19 15:29:00,71907876,71907877
919070,,5,2022-02-19 13:26:26,71907876,71907877
20451886,,5,2022-02-19 11:49:20,71907876,71907877
26750769,,5,2022-02-18 14:27:02,71907876,71907877
10810484,,5,2022-02-16 12:18:33,71907876,71907877
17420585,sản phẩm chất lượng mua về đọc giải trí cũng ok,5,2021-02-01 11:36:19,71907876,71907877
22050420,nhỏ xinh ko dơ nhìn dễ thương lắm,5,2021-06-09 11:55:56,71907876,71907877
19053349,Vui,5,2020-11-16 17:31:13,71907876,71907877
16650925,ok,5,2020-11-22 10:25:36,71907876,71907877
12587466,,5,2022-02-14 17:15:16,71907876,71907877
14905798,,5,2022-02-13 13:52:23,71907876,71907877
26751844,,5,2022-02-13 11:14:42,71907876,71907877
18296347,Hay khỏi bàn mua về đọc đi r sẽ biết,5,2021-05-02 14:15:15,71907876,71907877
12588085,hay,5,2022-01-24 22:18:48,71907876,71907877
24336146,,5,2022-02-10 16:01:55,71907876,71907877
22005654,,5,2022-02-09 20:29:16,71907876,71907877
23889601,,5,2022-02-09 07:20:31,71907876,71907877
26711462,,5,2022-02-09 01:38:26,71907876,71907877
26690543,,5,2022-02-08 19:42:48,71907876,71907877
15983219,,5,2022-02-07 17:19:54,71907876,71907877
26709319,,5,2022-02-07 11:17:13,71907876,71907877
25581167,,5,2022-02-07 10:13:48,71907876,71907877
18628528,,5,2022-02-06 10:50:34,71907876,71907877
10009096,,5,2022-02-05 17:40:12,71907876,71907877
10095637,,5,2022-02-05 13:07:25,71907876,71907877
15044451,"gói rất kĩ, sách rất đẹp, nội dung hay hot trend",5,2021-02-18 20:15:40,71907876,71907877
26699019,,5,2022-02-03 09:07:54,71907876,71907877
18230446,,5,2020-11-17 12:46:16,71907876,71907877
431949,,5,2022-01-29 14:41:41,71907876,71907877
8527657,,5,2022-01-29 08:36:13,71907876,71907877
6273406,Ship nhanh đóng gói cẩn thận. Mình rất tin dùng tiki,5,2021-01-25 23:50:36,71907876,71907877
15784357,,5,2022-01-28 15:05:24,71907876,71907877
20891812,,5,2022-01-28 14:29:26,71907876,71907877
13360345,,5,2022-01-28 14:26:14,71907876,71907877
26357731,,5,2022-01-27 21:31:07,71907876,71907877
16938435,,5,2022-01-26 23:54:59,71907876,71907877
1441439,,5,2022-01-26 17:41:49,71907876,71907877
14453146,,5,2022-01-26 01:45:32,71907876,71907877
8387450,,5,2022-01-25 19:32:59,71907876,71907877
5205013,"Giao hàng nhanh, đóng gói sản phẩm cẩn thận.",5,2021-03-02 17:25:10,71907876,71907877
10195435,Hay,5,2022-01-06 10:36:57,71907876,71907877
20948931,Sách đẹp giao hàng nhanh đúng mong đợi,5,2021-04-17 18:40:22,71907876,71907877
7239308,,5,2020-11-10 16:03:39,71907876,71907877
7977765,,5,2022-01-22 18:43:29,71907876,71907877
26214282,,5,2022-01-22 09:44:52,71907876,71907877
17167333,"hàng đóng gói cẩn thận, giao nhanh, sách đẹp và mới",5,2020-12-31 15:48:03,71907876,71907877
26341222,,5,2022-01-20 22:32:02,71907876,71907877
20371415,"giao hành nhanh, anh shipper dễ thương, sách đẹp",5,2021-02-21 12:57:03,71907876,71907877
10723654,,5,2022-01-19 21:34:58,71907876,71907877
5359550,,5,2022-01-18 20:56:10,71907876,71907877
5644479,,5,2022-01-16 12:00:04,71907876,71907877
6085801,Giao hàng hơi nhanh chưa kịp chuẩn bị tiền :(,5,2021-02-22 10:00:36,71907876,71907877
11177213,,5,2022-01-15 12:27:00,71907876,71907877
12173765,,5,2022-01-13 19:26:10,71907876,71907877
18082758,đánh giá nhầm 5 sao thành 4 sao,5,2021-06-09 12:57:29,71907876,71907877
19614239,,5,2022-01-10 12:47:16,71907876,71907877
25940560,Hay,5,2021-12-23 14:33:31,71907876,71907877
13519460,,5,2022-01-09 10:39:07,71907876,71907877
9698441,Sách thú vị,5,2021-10-13 12:23:01,71907876,71907877
12541939,hay,5,2021-12-21 16:53:27,71907876,71907877
20636053,Sách đẹp nội dung hay,5,2021-08-02 10:58:25,71907876,71907877
22455519,,5,2022-01-06 23:25:34,71907876,71907877
5973708,,5,2022-01-06 00:22:52,71907876,71907877
12475049,,5,2022-01-03 21:30:12,71907876,71907877
18299083,,5,2022-01-01 17:07:58,71907876,71907877
7161947,"Là 1 cuốn sách dth, khá thú vị nhưng hơi nhạt với mình",5,2020-11-22 10:10:04,71907876,71907877
21575076,,5,2021-12-30 16:32:17,71907876,71907877
10386529,,5,2021-12-28 10:59:50,71907876,71907877
17476019,,5,2021-12-27 10:13:57,71907876,71907877
15817252,,5,2021-12-26 20:53:12,71907876,71907877
259011,,5,2021-12-26 08:25:49,71907876,71907877
11057173,,5,2021-12-25 22:31:19,71907876,71907877
25927010,,5,2021-12-25 19:55:19,71907876,71907877
13188587,,5,2021-12-24 20:12:49,71907876,71907877
18396219,Hay,5,2021-12-06 22:17:46,71907876,71907877
15750287,,5,2021-12-24 11:07:46,71907876,71907877
14514526,,5,2021-12-23 13:59:31,71907876,71907877
201265,,5,2021-12-22 18:58:32,71907876,71907877
22650745,Cghbfjjb cjczdk. Hbcgig,5,2021-08-10 01:39:56,71907876,71907877
22545522,"sản phẩm tốt, rất ok",5,2021-07-11 14:07:21,71907876,71907877
21905470,rất hay và giao hàng nhanh,5,2021-06-29 13:49:05,71907876,71907877
15931780,hơi hụt hẫng khi nhận sách ( kích thước),5,2021-02-20 21:05:51,71907876,71907877
1624472,,5,2021-12-21 12:36:22,71907876,71907877
20865445,xinh xỉu nè,5,2021-09-30 15:20:01,71907876,71907877
8478012,,5,2021-12-21 10:25:08,71907876,71907877
18332561,,5,2021-12-20 21:16:19,71907876,71907877
992836,"sách hay, vui vẻ, đọc giải trí",5,2021-05-06 10:10:17,71907876,71907877
22449300,Sách nhìn siêu cute luôn,5,2021-07-08 16:55:48,71907876,71907877
194858,,5,2021-12-17 22:17:05,71907876,71907877
19729821,Sản phẩm rất là chất lượng ạ. Đọc hay lắm,5,2020-12-31 20:31:16,71907876,71907877
19764385,,5,2021-12-17 10:02:11,71907876,71907877
22642115,,5,2021-12-16 22:06:54,71907876,71907877
7078557,,5,2021-12-16 17:59:33,71907876,71907877
12477137,,5,2021-12-15 16:21:57,71907876,71907877
12627932,Mình rất hài lòng về sản phẩm này,5,2021-03-27 12:02:45,71907876,71907877
6422629,,5,2021-12-15 12:07:24,71907876,71907877
22814380,,5,2021-12-14 17:06:34,71907876,71907877
17515032,có,5,2021-11-26 10:38:55,71907876,71907877
19679688,,5,2021-12-12 11:27:52,71907876,71907877
25399102,hay,5,2021-11-23 17:35:56,71907876,71907877
10339321,,5,2021-12-10 11:50:29,71907876,71907877
5702262,,5,2021-12-09 11:20:21,71907876,71907877
16520281,"Sách đọc rất thú vị, giao nhanh, đóng gói cẩn thận",5,2020-11-18 11:55:25,71907876,71907877
15370396,,5,2021-12-07 18:32:11,71907876,71907877
5152792,"Sách vui, hàu hước",5,2021-07-25 10:48:24,71907876,71907877
17607890,,5,2021-12-06 17:21:48,71907876,71907877
19828122,,5,2021-12-06 11:19:17,71907876,71907877
25765591,,5,2021-12-06 10:33:56,71907876,71907877
1121690,Sách hay,5,2021-10-13 15:09:50,71907876,71907877
25352470,,5,2021-12-04 18:10:31,71907876,71907877
19524350,,5,2021-12-04 15:29:30,71907876,71907877
18148047,,5,2021-12-04 12:56:36,71907876,71907877
6485501,,5,2021-12-02 06:33:59,71907876,71907877
19135328,"giao hàng nhanh, sách đẹp, cho shop 5 sao...",5,2021-02-17 09:54:43,71907876,71907877
23457576,,5,2021-11-29 16:45:56,71907876,71907877
23511040,,5,2021-11-28 14:45:16,71907876,71907877
10893032,nội dung cx tương đối oke sách khá ngắn,5,2021-02-07 18:39:41,71907876,71907877
5375245,,5,2021-11-27 00:18:45,71907876,71907877
1125962,,5,2021-11-26 19:42:24,71907876,71907877
309544,,5,2021-11-26 14:43:19,71907876,71907877
22767857,,5,2021-11-26 12:46:01,71907876,71907877
18368830,,5,2021-11-25 19:37:43,71907876,71907877
9667255,,5,2021-11-24 16:39:19,71907876,71907877
16376220,,5,2021-11-24 11:00:05,71907876,71907877
18296875,,5,2021-11-24 10:35:43,71907876,71907877
17496574,sách dễ thương lắm á=)),5,2021-05-26 13:41:42,71907876,71907877
17356393,"Rất hay luôn ạ, sách vẫn còn nguyên",5,2021-03-05 11:59:42,71907876,71907877
20053992,Đỉnh quá… hôm trước đặt hsau có hàng,5,2021-01-27 16:50:58,71907876,71907877
23687103,,5,2021-11-21 17:19:00,71907876,71907877
24429661,,5,2021-11-21 16:17:59,71907876,71907877
20198319,,5,2021-11-21 14:09:10,71907876,71907877
8140880,,5,2021-11-21 13:46:42,71907876,71907877
22066334,nhỏ hơn mình mong đợi,5,2021-06-10 13:53:09,71907876,71907877
24782958,,5,2021-11-21 05:46:15,71907876,71907877
226541,"đóng gói cẩn thận, giao hàng nhanh",5,2021-03-20 09:33:10,71907876,71907877
21577089,,5,2021-11-20 19:14:37,71907876,71907877
19184915,chất lượng rất ok lunnnn ạ,5,2021-04-29 20:09:40,71907876,71907877
12197266,,5,2021-11-19 13:50:12,71907876,71907877
5757691,,5,2021-11-19 12:16:33,71907876,71907877
8016368,Sách rất hay và giao hành rất dễ thương,5,2021-01-30 19:34:15,71907876,71907877
22883132,Hay,5,2021-11-01 06:24:27,71907876,71907877
9130377,,5,2021-11-18 10:09:08,71907876,71907877
6962957,Đóng gói rất cẩn thận,5,2021-05-26 09:30:53,71907876,71907877
22757000,Vui,5,2021-10-30 12:16:31,71907876,71907877
1857303,"Một quyển đọc vui vẻ, giảm stress",5,2021-03-04 18:19:43,71907876,71907877
18462238,"Giao hàng nhanh chóng, sách xịn lắm a",5,2021-03-04 13:29:53,71907876,71907877
9955459,"đặt thứ bảy thứ hai đã có , hàng tốt ok",5,2021-01-04 20:33:04,71907876,71907877
10443557,,5,2021-11-15 18:05:20,71907876,71907877
24850307,,5,2021-11-15 14:40:06,71907876,71907877
20439403,bé hơn khá nhiều so vs tưởng tượng,5,2021-02-25 10:28:22,71907876,71907877
1019619,Mình đã đọc và cười thật dòn tan,5,2021-02-23 15:24:04,71907876,71907877
16858404,,5,2021-11-13 00:46:58,71907876,71907877
6401881,Sản phẩm tốt. Giao hàng đóng gói cẩn thận,5,2020-12-25 14:13:48,71907876,71907877
1209961,đóng gói cẩn thận,5,2021-06-24 12:47:33,71907876,71907877
7953526,giao hàng nhanh.. đóng gói cẩn thận,5,2021-03-04 17:09:47,71907876,71907877
5298827,,5,2021-11-09 18:07:08,71907876,71907877
21073628,Rất hợp với ý của mình!?,5,2021-04-24 18:43:50,71907876,71907877
24754295,,5,2021-11-09 10:02:09,71907876,71907877
11443297,,5,2021-11-07 20:14:59,71907876,71907877
24705664,,5,2021-11-06 22:54:35,71907876,71907877
22496044,sản phẩm hay ạ,5,2021-07-06 13:04:08,71907876,71907877
17141004,Sẩn phẩm rất tốt đúng với hình ảnh,5,2021-01-23 09:20:43,71907876,71907877
82374,,5,2021-11-05 15:30:13,71907876,71907877
21328508,rất hài lòng về sản phẩm,5,2021-04-20 08:28:02,71907876,71907877
21372366,,5,2021-11-04 13:50:56,71907876,71907877
22647945,Hay,5,2021-10-16 19:17:25,71907876,71907877
881986,Nội dung hài hước. Sách nhỏ xinh,5,2021-03-06 20:08:34,71907876,71907877
24574675,,5,2021-10-31 21:10:23,71907876,71907877
17549263,,5,2021-10-31 14:35:51,71907876,71907877
14655687,,5,2021-10-30 20:56:10,71907876,71907877
14178905,,5,2021-10-30 10:16:58,71907876,71907877
18837892,thú zị lắm nhaaa,5,2021-06-29 14:08:56,71907876,71907877
19020446,,5,2021-10-29 19:20:12,71907876,71907877
16396323,,5,2021-10-29 17:11:18,71907876,71907877
20367145,,5,2021-10-29 13:46:40,71907876,71907877
2141145,,5,2021-10-29 08:31:43,71907876,71907877
10087377,Thông tin hơi ít nhưng khá thú vị!,5,2021-02-25 18:58:46,71907876,71907877
19084754,"Sách nhỏ nhắn, rất dễ thương",5,2021-03-14 13:49:12,71907876,71907877
9986389,,5,2021-10-28 07:13:18,71907876,71907877
794671,,5,2021-10-27 23:10:35,71907876,71907877
21117105,,5,2021-10-27 19:27:51,71907876,71907877
17552523,,5,2021-10-26 18:00:51,71907876,71907877
14546397,,5,2021-10-25 16:05:04,71907876,71907877
14413439,,5,2021-10-25 13:06:13,71907876,71907877
6322438,khá hay để xả stress và căng thẳng,5,2021-02-10 01:45:00,71907876,71907877
24075658,,5,2021-10-24 08:55:20,71907876,71907877
13330972,,5,2021-10-23 21:52:20,71907876,71907877
11117065,,5,2021-10-23 18:13:06,71907876,71907877
19911266,,5,2021-10-22 11:27:57,71907876,71907877
1811832,,5,2021-10-21 11:55:36,71907876,71907877
509475,,5,2021-10-20 15:21:22,71907876,71907877
5310600,Hay,5,2021-10-02 17:38:32,71907876,71907877
11002421,,5,2021-10-19 19:37:28,71907876,71907877
18101341,"Sách nhỏ nhắn xinh xắn, giao hàng cực nhanh",5,2020-12-12 17:45:24,71907876,71907877
22415144,,5,2021-10-18 10:22:13,71907876,71907877
18505694,,5,2021-10-15 08:28:11,71907876,71907877
23328357,,5,2021-10-14 18:56:52,71907876,71907877
10705595,,5,2021-10-14 15:14:26,71907876,71907877
16870416,,5,2021-10-14 07:34:55,71907876,71907877
20002937,"Bìa nhìn hơi cũ, đẹp, giao hàng nhanh",5,2021-01-23 15:04:07,71907876,71907877
23646197,,5,2021-10-12 16:09:21,71907876,71907877
18627627,quyển bé bé cưng xĩu,5,2021-05-12 19:38:48,71907876,71907877
23305133,,5,2021-10-10 13:52:19,71907876,71907877
19989944,Giao nhanh hơn so với tưởng tượng,5,2021-02-06 19:17:42,71907876,71907877
6017913,Chưa đọc nhưng thấy khá là thú vị,5,2021-01-19 17:00:35,71907876,71907877
16395400,quyển sách khá to với tưởng tượng.,5,2021-01-11 16:21:47,71907876,71907877
10429773,Tốt,5,2021-09-06 19:09:17,71907876,71907877
23318597,,5,2021-10-05 20:23:24,71907876,71907877
1506375,,5,2021-10-05 11:41:47,71907876,71907877
17003138,,5,2021-10-05 09:37:35,71907876,71907877
20300950,"Hợp với tuổi teen, hài hước.",5,2021-02-24 22:49:52,71907876,71907877
5675398,vui ơi là vui,5,2021-07-09 08:55:42,71907876,71907877
23066798,,5,2021-10-04 16:16:15,71907876,71907877
19238972,đọc nhiều cái mắc cười quá,5,2021-02-24 08:51:35,71907876,71907877
316544,Giao hàng nhanh chóng,5,2021-05-22 15:51:49,71907876,71907877
1061688,phí ship cao gần bằng sản phẩm rồi,5,2021-01-11 20:32:11,71907876,71907877
10833354,,5,2021-09-29 19:02:30,71907876,71907877
21758503,tiki giao quá nhanh,5,2021-06-04 12:57:23,71907876,71907877
10121115,,5,2021-09-28 17:04:00,71907876,71907877
15970291,sản phẩm đẹp,5,2021-06-08 21:37:42,71907876,71907877
11931205,hay,5,2021-09-09 14:29:10,71907876,71907877
16373903,,5,2021-09-26 22:25:39,71907876,71907877
18340742,nội dung khá thú vị,5,2021-05-01 18:22:35,71907876,71907877
489475,"vui, giải trí",5,2021-06-21 10:59:44,71907876,71907877
16197158,like,5,2021-08-30 14:09:52,71907876,71907877
22402787,,5,2021-09-21 14:37:06,71907876,71907877
20346789,,5,2021-09-21 09:46:23,71907876,71907877
13529887,,5,2021-09-21 07:12:17,71907876,71907877
7501517,đọc hay,5,2021-07-23 18:36:18,71907876,71907877
16520980,Ok,5,2021-09-05 12:49:01,71907876,71907877
21618542,thú vị,5,2021-07-25 12:53:13,71907876,71907877
21983517,Nice,5,2021-08-22 13:10:35,71907876,71907877
12978800,,5,2021-09-12 18:28:16,71907876,71907877
18526947,,5,2021-09-11 19:14:02,71907876,71907877
21168970,,5,2021-09-11 13:58:40,71907876,71907877
13161441,"sách đẹp,",5,2021-06-25 19:22:00,71907876,71907877
8012854,,5,2021-09-09 12:36:42,71907876,71907877
21494901,sách thú dzị,5,2021-06-07 11:07:50,71907876,71907877
8272190,Hay và bùn cười :))),5,2021-04-14 11:57:51,71907876,71907877
1958820,,5,2021-09-07 07:43:41,71907876,71907877
14766490,,5,2021-09-05 18:06:53,71907876,71907877
8973843,Sách dễ thương lắm,5,2021-04-11 14:46:47,71907876,71907877
15949998,mới đọc sơ sơ nhưng thích quyển này quá,5,2020-11-03 11:34:55,71907876,71907877
20618443,sách đẹp đọc hay,5,,71907876,71907877
14085375,Sách chất lượng.,5,2021-04-26 16:16:28,71907876,71907877
20571670,Ship nhanh sách siêu hay,5,2021-04-01 19:23:32,71907876,71907877
19617575,sách đọc khá là hay nên đọc thử,5,2020-12-22 17:09:42,71907876,71907877
21191298,,5,2021-08-30 15:41:57,71907876,71907877
7115419,,5,2021-08-29 15:20:18,71907876,71907877
7254806,,5,2021-08-29 06:19:37,71907876,71907877
12131242,,5,2021-08-29 01:31:27,71907876,71907877
21247262,❤️❤️❤️❤️,5,2021-04-10 15:38:05,71907876,71907877
1762751,Mang tính giải trí,5,2021-04-20 13:48:21,71907876,71907877
7536393,,5,2021-08-26 15:22:57,71907876,71907877
17267377,Chuyện hài hước giải trí cao,5,2021-01-20 21:23:54,71907876,71907877
21865498,,5,2021-08-24 16:46:48,71907876,71907877
1703428,,5,2021-08-23 21:33:02,71907876,71907877
6397765,,5,2021-08-23 19:03:09,71907876,71907877
17726017,,5,2021-08-21 18:50:23,71907876,71907877
20859958,,5,2021-08-20 11:42:25,71907876,71907877
20859958,,5,2021-08-20 11:42:25,71907876,71907877
22479238,,5,2021-08-19 13:37:26,71907876,71907877
19208975,nhỏ nhỏ xinh xinh và bắt trend lắm :]],5,2020-11-17 11:37:52,71907876,71907877
18974649,"sách hơi nhỏ,giao hàng nhanh",5,2021-02-07 05:26:32,71907876,71907877
21658462,,5,2021-08-18 23:51:39,71907876,71907877
20102281,"giao hàng nhanh, đóng gói kỹ",5,2021-02-01 03:45:44,71907876,71907877
1772026,,5,2021-08-18 14:11:36,71907876,71907877
23037998,,5,2021-08-18 11:21:14,71907876,71907877
10190707,,5,2021-08-17 23:54:17,71907876,71907877
6079951,,5,2021-08-17 20:21:23,71907876,71907877
18071355,sách rất hay và giải trí.,5,2021-02-11 14:42:05,71907876,71907877
5357373,,5,2021-08-17 10:32:49,71907876,71907877
18217701,,5,2021-08-17 10:00:21,71907876,71907877
16869755,,5,2021-08-17 09:55:27,71907876,71907877
18675646,,5,2021-08-17 07:40:57,71907876,71907877
7291564,dễ thương thực sự nha các bạn,5,2020-12-26 10:04:14,71907876,71907877
779548,,5,2021-08-16 17:29:15,71907876,71907877
17134258,hàng về đúng. giao hành nhanh.,5,2021-01-18 02:49:05,71907876,71907877
21565185,,5,2021-08-15 16:10:24,71907876,71907877
15040826,,5,2021-08-15 13:02:07,71907876,71907877
13208057,,5,2021-08-15 12:46:58,71907876,71907877
632499,Nội dụng cực kỳ dễ thương! ^^,5,2020-12-18 17:35:10,71907876,71907877
12408015,shop cho cái hộp to chà bá luôn?,5,2021-01-04 18:17:37,71907876,71907877
19768529,Chất lượng tốt giao hàng nhanh,5,2021-01-04 12:24:45,71907876,71907877
18654784,,5,2021-08-14 11:25:35,71907876,71907877
9024642,,5,2021-08-14 10:54:29,71907876,71907877
1486115,"sách vui, nên đọc giải trí",5,2021-01-27 13:11:42,71907876,71907877
18408455,,5,2021-08-13 19:54:18,71907876,71907877
22126740,,5,2021-08-12 16:55:43,71907876,71907877
6815348,,5,2021-08-12 16:01:08,71907876,71907877
1167000,,5,2021-08-11 23:13:42,71907876,71907877
19694855,siu hay lun,5,2021-06-08 08:56:30,71907876,71907877
18820632,nhỏ xíu xiu ! nhìn cưng xỉu,5,2021-01-24 09:29:12,71907876,71907877
800371,,5,2021-08-10 23:27:20,71907876,71907877
22084984,,5,2021-08-10 13:29:24,71907876,71907877
14202987,sách đẹp và rất hay,5,2021-03-11 06:40:15,71907876,71907877
14624742,,5,2021-08-09 10:43:30,71907876,71907877
11411202,,5,2021-08-08 15:23:09,71907876,71907877
6069264,,5,2021-08-08 08:23:11,71907876,71907877
14068672,"Chất lượng, giao hàng nhanh",5,2021-01-27 09:34:54,71907876,71907877
412367,,5,2021-08-08 00:26:01,71907876,71907877
13520877,,5,2021-08-07 17:12:43,71907876,71907877
10419694,,5,2021-08-07 08:38:28,71907876,71907877
412831,sách thích hợp để xả stress,5,2021-01-08 14:44:15,71907876,71907877
16556377,amayzing gút chóp,5,2021-04-17 08:22:22,71907876,71907877
1947021,,5,2021-08-06 07:55:17,71907876,71907877
12038333,sách hay,5,,71907876,71907877
22760002,,5,2021-08-05 17:10:09,71907876,71907877
10470166,,5,2021-08-05 14:32:01,71907876,71907877
1584080,,5,2021-08-05 13:08:41,71907876,71907877
10151726,,5,2021-08-05 12:04:58,71907876,71907877
19678337,Tốttoots,5,2021-06-07 16:10:25,71907876,71907877
20573213,rất hài lòng,5,2021-05-03 14:02:23,71907876,71907877
16272739,,5,2021-08-04 17:56:32,71907876,71907877
16813117,"hay. định nghĩa vui, rất thú vị",5,2020-12-13 22:18:04,71907876,71907877
20134795,,5,2021-08-04 15:31:34,71907876,71907877
19649518,hay. đọc rất có nghĩa,5,2021-02-21 21:53:47,71907876,71907877
8236850,,5,2021-08-03 06:58:49,71907876,71907877
6021408,,5,2021-08-02 16:44:33,71907876,71907877
1036510,,5,2021-08-01 18:00:30,71907876,71907877
16379201,,5,2021-08-01 13:01:04,71907876,71907877
16379201,,5,2021-08-01 13:01:04,71907876,71907877
13902323,rất hài lòng về sản phẩm,5,2021-01-14 13:06:58,71907876,71907877
9081754,Oki la,5,2021-06-26 09:35:01,71907876,71907877
22771767,,5,2021-07-30 14:50:38,71907876,71907877
20258798,"Giao hàng nhanh ,hàng cx ok",5,2021-02-10 19:47:45,71907876,71907877
1138976,okayyyyyyyyyyyyyyyyyyyy,5,2021-03-17 07:10:12,71907876,71907877
21665739,,5,,71907876,71907877
8704077,,5,,71907876,71907877
11722861,,5,,71907876,71907877
10598973,,5,,71907876,71907877
18325109,đọc mà cười luôn á,5,2021-02-20 18:19:27,71907876,71907877
12101402,Sách rất chi là thú vị,5,2021-02-07 11:30:58,71907876,71907877
20517050,sách đẹp,5,2021-05-17 08:32:33,71907876,71907877
13702376,,5,,71907876,71907877
758581,,5,2021-07-25 20:47:38,71907876,71907877
18670902,tốt nên mua nhoa,5,2021-04-05 19:10:06,71907876,71907877
19031689,,5,2021-07-25 12:57:13,71907876,71907877
13659140,,5,2021-07-24 18:00:50,71907876,71907877
18049430,TIKI GIAO HÀNG NHANH,5,2021-03-23 17:26:31,71907876,71907877
5307465,đọc vui vui,5,2021-05-03 14:03:03,71907876,71907877
639382,,5,,71907876,71907877
7716572,,5,2021-07-23 16:40:40,71907876,71907877
21942956,,5,2021-07-23 12:33:19,71907876,71907877
10754775,,5,,71907876,71907877
7359356,,5,2021-07-22 10:38:15,71907876,71907877
7359356,,5,2021-07-22 10:38:15,71907876,71907877
20692886,,5,2021-07-22 09:48:04,71907876,71907877
22090899,Tốt,5,2021-06-22 20:36:55,71907876,71907877
19668225,Rất hài lòng,5,2021-04-19 12:03:04,71907876,71907877
12473739,Sách rất hữu ích,5,2021-03-15 09:02:32,71907876,71907877
7839056,,5,2021-07-21 20:47:37,71907876,71907877
1772860,,5,2021-07-21 19:38:11,71907876,71907877
921809,,5,2021-07-21 17:29:27,71907876,71907877
8868153,sách kiểu hóm hỉnh,5,2021-03-03 02:59:26,71907876,71907877
19701,,5,2021-07-21 09:53:36,71907876,71907877
18379345,nhỏ nhỏ xinh xinh,5,2021-03-20 13:07:31,71907876,71907877
20091247,Hơi bẩn nma vẫn cho 5sao,5,2021-02-01 14:23:31,71907876,71907877
13748190,,5,2021-07-20 18:57:50,71907876,71907877
8463250,,5,2021-07-20 18:38:06,71907876,71907877
7487804,,5,2021-07-20 11:04:15,71907876,71907877
22069897,,5,2021-07-20 11:02:37,71907876,71907877
16788602,Sẽ hay hơn cho dưới 20 tuổi.,5,2020-12-21 23:23:55,71907876,71907877
7689934,,5,2021-07-19 16:45:14,71907876,71907877
15652909,Rất dễ thương,5,2021-03-30 08:52:31,71907876,71907877
12806993,"giao hàng nhanh, gút chóp",5,2021-02-05 10:48:23,71907876,71907877
14664632,,5,,71907876,71907877
6338795,,5,2021-07-18 19:25:08,71907876,71907877
17281733,,5,2021-07-18 17:43:47,71907876,71907877
780360,,5,2021-07-18 17:14:44,71907876,71907877
12800834,,5,2021-07-18 13:14:00,71907876,71907877
621855,,5,2021-07-18 11:25:45,71907876,71907877
16219172,Nice,5,2021-06-24 16:21:02,71907876,71907877
9704968,,5,2021-07-17 21:24:11,71907876,71907877
6088336,,5,2021-07-17 19:40:55,71907876,71907877
11161154,,5,2021-07-17 13:32:52,71907876,71907877
19307505,"giao hàng nhanh, đúng hẹ",5,2021-01-28 13:34:53,71907876,71907877
11785810,,5,,71907876,71907877
11077256,,5,2021-07-16 21:02:38,71907876,71907877
10594561,,5,2021-07-16 14:38:09,71907876,71907877
17456463,,5,2021-07-16 13:58:09,71907876,71907877
18421015,,5,2021-07-16 13:57:08,71907876,71907877
498870,,5,2021-07-16 13:25:45,71907876,71907877
22615971,,5,2021-07-15 20:19:40,71907876,71907877
7694297,,5,2021-07-15 20:11:36,71907876,71907877
18707579,,5,2021-07-15 19:35:37,71907876,71907877
20346471,,5,2021-07-15 18:18:00,71907876,71907877
1266944,,5,2021-07-15 16:51:49,71907876,71907877
9920111,,5,2021-07-14 20:54:34,71907876,71907877
22584706,,5,2021-07-14 12:34:48,71907876,71907877
21268628,Okkkkkkkkkkkkkk,5,2021-04-17 19:57:21,71907876,71907877
1478715,,5,2021-07-14 10:28:45,71907876,71907877
6850229,,5,2021-07-14 09:58:37,71907876,71907877
11830501,,5,2021-07-14 07:48:03,71907876,71907877
12110657,hay,5,2021-06-26 18:18:12,71907876,71907877
10239233,,5,,71907876,71907877
18905393,,5,2021-07-13 23:39:41,71907876,71907877
22400600,,5,2021-07-13 23:11:08,71907876,71907877
13447599,,5,2021-07-13 21:27:03,71907876,71907877
20924118,sách đẹp lắm,5,2021-03-30 15:22:02,71907876,71907877
13734247,,5,2021-07-13 19:56:01,71907876,71907877
7357527,,5,2021-07-13 18:01:23,71907876,71907877
21807140,,5,2021-07-13 14:48:03,71907876,71907877
3123327,,5,2021-07-13 12:36:48,71907876,71907877
1511364,,5,2021-07-12 13:59:03,71907876,71907877
7847284,,5,2021-07-12 13:09:56,71907876,71907877
8884085,tặng bạn gái mất rùi,5,2021-01-29 19:47:39,71907876,71907877
22306217,,5,2021-07-12 10:48:53,71907876,71907877
19953577,dthw,5,2021-06-18 12:40:55,71907876,71907877
7980435,sách hay lắm.,5,2021-04-09 09:05:17,71907876,71907877
22557552,,5,2021-07-11 15:39:40,71907876,71907877
21465973,,5,2021-07-11 14:54:45,71907876,71907877
21380955,,5,2021-07-11 14:50:26,71907876,71907877
1985562,,5,2021-07-11 14:19:59,71907876,71907877
10035351,,5,2021-07-11 14:13:58,71907876,71907877
11564621,,5,2021-07-11 09:24:07,71907876,71907877
22512915,,5,2021-07-11 09:11:42,71907876,71907877
22296376,hay,5,2021-06-23 13:04:09,71907876,71907877
16502896,,5,2021-07-10 13:30:03,71907876,71907877
8784855,,5,,71907876,71907877
18509618,,5,2021-07-09 20:18:39,71907876,71907877
19695761,,5,2021-07-09 18:03:58,71907876,71907877
12336473,,5,2021-07-09 15:28:01,71907876,71907877
14784481,"sản phẩm tốt, chất lượng",5,2020-12-16 21:28:16,71907876,71907877
17697387,sách giao hàng nhanh đẹp....,5,2020-12-28 09:50:40,71907876,71907877
21875293,,5,2021-07-08 20:47:49,71907876,71907877
21347300,,5,2021-07-08 20:45:27,71907876,71907877
12469998,,5,2021-07-08 20:04:29,71907876,71907877
1432123,Quá ư là hay luôn thank ad,5,2021-01-14 10:21:26,71907876,71907877
20299141,,5,2021-07-08 17:07:52,71907876,71907877
5587642,,5,2021-07-08 16:37:55,71907876,71907877
14802821,,5,2021-07-08 16:13:18,71907876,71907877
19614743,ờ mâyyyy *** gút chóp ạ :v,5,2020-12-21 21:11:08,71907876,71907877
7215313,,5,2021-07-08 13:45:11,71907876,71907877
17267771,,5,2021-07-08 11:28:58,71907876,71907877
1414062,,5,2021-07-08 11:08:28,71907876,71907877
20914110,,5,2021-07-08 09:15:08,71907876,71907877
14574954,,5,2021-07-08 08:18:25,71907876,71907877
5655513,anhhh,5,2021-06-09 00:19:58,71907876,71907877
11505868,,5,2021-07-07 17:02:59,71907876,71907877
17871562,,5,2021-07-07 16:43:13,71907876,71907877
20650198,,5,2021-07-07 16:27:18,71907876,71907877
15127218,,5,2021-07-07 15:46:51,71907876,71907877
8781551,,5,,71907876,71907877
9843142,,5,2021-07-06 22:04:43,71907876,71907877
5779445,,5,2021-07-06 21:39:41,71907876,71907877
19910729,rất hay. đóng gói đẹp,5,2021-01-17 15:55:50,71907876,71907877
20413609,,5,2021-07-05 14:04:01,71907876,71907877
532264,,5,2021-07-05 10:10:18,71907876,71907877
16153345,rất tốt,5,2021-05-01 13:17:11,71907876,71907877
21097295,Nhây weeee,5,2021-05-01 11:56:13,71907876,71907877
17135091,,5,2021-07-04 15:30:37,71907876,71907877
15244437,,5,2021-07-04 12:06:35,71907876,71907877
12843651,"sách gói đẹp, giao hàng nhanh",5,2020-12-11 21:04:52,71907876,71907877
14590892,,5,2021-07-04 11:08:45,71907876,71907877
20674912,Sp ok.,5,2021-05-30 08:04:07,71907876,71907877
22483356,,5,2021-07-04 09:24:22,71907876,71907877
69798,.,5,2021-06-28 12:46:51,71907876,71907877
14212412,sách hay,5,2021-05-12 17:53:57,71907876,71907877
7909491,,5,2021-07-04 06:58:03,71907876,71907877
17120072,Hay,5,2021-06-16 11:50:10,71907876,71907877
22434087,,5,2021-07-03 20:52:34,71907876,71907877
22434087,,5,2021-07-03 20:52:35,71907876,71907877
9857938,khá thú vị,5,2021-04-12 21:31:40,71907876,71907877
22100747,,5,2021-07-03 15:39:51,71907876,71907877
21654238,,5,2021-07-03 14:25:53,71907876,71907877
6911787,nội dung cute,5,2021-04-06 10:36:30,71907876,71907877
13269907,,5,,71907876,71907877
22361993,,5,2021-07-02 17:26:05,71907876,71907877
18956213,,5,2021-07-02 14:10:53,71907876,71907877
9749207,,5,2021-07-02 11:44:59,71907876,71907877
8902540,,5,2021-07-02 10:12:28,71907876,71907877
16677048,a mấy *** gút chóp,5,2021-02-17 19:07:21,71907876,71907877
10797713,Vui,5,2021-06-14 13:03:15,71907876,71907877
22302212,,5,2021-07-01 21:10:56,71907876,71907877
2094516,,5,2021-07-01 20:25:41,71907876,71907877
8468226,,5,2021-07-01 12:09:06,71907876,71907877
22428847,,5,2021-07-01 11:01:44,71907876,71907877
18454932,,5,2021-07-01 10:27:47,71907876,71907877
5882937,Rất hay giá cả phải chăng,5,2020-12-20 10:34:15,71907876,71907877
16348479,,5,2021-07-01 06:55:21,71907876,71907877
10630132,,5,,71907876,71907877
134195,,5,2021-06-30 13:53:44,71907876,71907877
1435207,,5,2021-06-30 11:36:48,71907876,71907877
631865,,5,2021-06-29 21:06:18,71907876,71907877
22375727,,5,2021-06-29 17:44:24,71907876,71907877
21192113,rất OK luôn,5,2021-04-07 19:41:08,71907876,71907877
12513115,,5,2021-06-29 13:02:38,71907876,71907877
16194888,,5,2021-06-29 11:54:42,71907876,71907877
16194888,,5,2021-06-29 11:54:42,71907876,71907877
20538325,hay,5,2021-06-11 10:41:59,71907876,71907877
19226838,,5,2021-06-28 23:30:25,71907876,71907877
15067674,,5,2021-06-28 17:11:44,71907876,71907877
5750009,,5,2021-06-28 15:33:44,71907876,71907877
21572272,,5,2021-06-28 12:53:45,71907876,71907877
17431197,Ko bị lỗi j cả,5,2021-03-03 11:59:28,71907876,71907877
8334407,,5,2021-06-27 12:52:03,71907876,71907877
17489320,giao hàng cực nhanh,5,2021-02-18 19:07:43,71907876,71907877
10319194,à ok,5,,71907876,71907877
22097697,,5,2021-06-26 12:43:51,71907876,71907877
15011989,,5,2021-06-26 10:03:15,71907876,71907877
22055896,,5,2021-06-26 09:59:05,71907876,71907877
20498221,tuyệt,5,2021-05-16 07:54:45,71907876,71907877
20726531,quá tốt,5,2021-04-28 16:43:59,71907876,71907877
20138689,sản phẩm rất tốt,5,2021-02-05 14:13:19,71907876,71907877
6543615,,5,2021-06-25 18:51:45,71907876,71907877
18291057,,5,2021-06-25 12:53:02,71907876,71907877
7126878,Ok,5,2021-06-13 20:03:08,71907876,71907877
13225306,,5,2021-06-25 12:37:36,71907876,71907877
13450159,sản phẩm tốt,5,2021-03-11 19:04:14,71907876,71907877
15671298,"dễ thương, mắc cươid",5,2021-01-11 22:58:44,71907876,71907877
19825145,,5,2021-06-24 12:30:33,71907876,71907877
16024865,,5,2021-06-23 21:12:47,71907876,71907877
487185,,5,2021-06-23 15:45:50,71907876,71907877
16293340,ok,5,2021-06-11 16:42:20,71907876,71907877
1303817,,5,2021-06-22 21:33:37,71907876,71907877
19271254,,5,2021-06-22 17:16:01,71907876,71907877
8061452,,5,2021-06-22 12:41:40,71907876,71907877
1777690,,5,2021-06-22 09:57:41,71907876,71907877
6644036,,5,2021-06-22 09:36:21,71907876,71907877
16820704,Sách đẹp Rẻ,5,2021-03-08 21:22:15,71907876,71907877
10928632,,5,,71907876,71907877
6557544,,5,,71907876,71907877
7663394,,5,2021-06-21 22:14:53,71907876,71907877
5277604,,5,2021-06-21 21:06:11,71907876,71907877
12402623,,5,2021-06-21 20:20:34,71907876,71907877
7637442,,5,2021-06-21 19:24:34,71907876,71907877
1772052,Đẹp và rất hay,5,2021-02-24 14:21:59,71907876,71907877
22251070,,5,2021-06-21 11:39:59,71907876,71907877
1532597,Mua tặng bạn bè,5,2021-02-24 13:53:30,71907876,71907877
21469954,,5,2021-06-21 09:24:52,71907876,71907877
16441223,,5,2021-06-21 09:13:51,71907876,71907877
1972906,,5,2021-06-21 07:17:41,71907876,71907877
466218,,5,,71907876,71907877
21798207,,5,2021-06-20 20:31:09,71907876,71907877
8357432,,5,2021-06-20 17:28:15,71907876,71907877
7983271,,5,2021-06-20 10:55:58,71907876,71907877
13054366,ok,5,2021-06-08 13:59:40,71907876,71907877
19157497,sách hay,5,2021-04-28 14:49:52,71907876,71907877
22075474,,5,2021-06-19 15:57:58,71907876,71907877
20391548,,5,2021-06-19 11:38:30,71907876,71907877
19647028,giao sớm hơn hẹn rất ok,5,2020-12-25 16:45:37,71907876,71907877
12819434,,5,2021-06-18 22:06:52,71907876,71907877
16082652,,5,2021-06-18 22:07:18,71907876,71907877
17720781,,5,2021-06-18 21:05:15,71907876,71907877
6027939,,5,2021-06-18 18:15:15,71907876,71907877
16147286,,5,2021-06-18 16:44:09,71907876,71907877
386284,,5,2021-06-18 14:23:56,71907876,71907877
21003804,Chắc hay:v,5,2021-04-09 10:43:43,71907876,71907877
22154944,,5,2021-06-18 13:39:18,71907876,71907877
19649813,Sách vui nhônn,5,2021-03-17 00:14:09,71907876,71907877
18838505,,5,2021-06-18 10:51:27,71907876,71907877
21963193,hay,5,2021-05-31 12:48:13,71907876,71907877
5606116,tuyệt vời mn ạ,5,2021-02-20 20:58:52,71907876,71907877
16782762,,5,2021-06-17 18:28:11,71907876,71907877
19553451,,5,2021-06-17 15:30:48,71907876,71907877
7042870,,5,2021-06-17 12:31:04,71907876,71907877
21405951,,5,2021-06-17 09:17:51,71907876,71907877
15905285,,5,,71907876,71907877
18072317,,5,,71907876,71907877
5807351,,5,,71907876,71907877
1545407,,5,2021-06-16 20:39:10,71907876,71907877
11752897,,5,,71907876,71907877
22055360,,5,,71907876,71907877
6142433,,5,2021-06-15 19:49:35,71907876,71907877
20640156,,5,2021-06-15 14:21:16,71907876,71907877
947338,Thích hợp để loại bỏ stress,5,2020-11-11 06:28:23,71907876,71907877
1769061,,5,2021-06-15 10:02:16,71907876,71907877
15386881,,5,,71907876,71907877
17590527,tốt,5,2021-05-16 16:47:08,71907876,71907877
1100260,,5,2021-06-14 20:36:03,71907876,71907877
18181523,,5,2021-06-14 20:06:02,71907876,71907877
13519420,,5,2021-06-14 19:21:53,71907876,71907877
2116088,,5,2021-06-14 18:52:34,71907876,71907877
7372682,,5,2021-06-14 15:29:37,71907876,71907877
21962668,,5,2021-06-14 12:57:06,71907876,71907877
21962668,,5,2021-06-14 12:57:06,71907876,71907877
12466728,,5,2021-06-14 12:21:58,71907876,71907877
1337562,,5,2021-06-14 10:51:40,71907876,71907877
19624760,,5,2021-06-14 07:44:06,71907876,71907877
11180421,"giao nhanh, đẹp, sách cute",5,2020-12-20 19:50:38,71907876,71907877
22087836,,5,,71907876,71907877
8604918,,5,,71907876,71907877
21851643,,5,2021-06-13 21:50:50,71907876,71907877
15693587,,5,2021-06-13 20:21:49,71907876,71907877
9168662,,5,2021-06-13 19:42:34,71907876,71907877
13006876,,5,2021-06-13 17:16:23,71907876,71907877
19799213,,5,2021-06-13 12:40:39,71907876,71907877
927030,,5,2021-06-13 12:37:01,71907876,71907877
128877,kể cũng dzui,5,2021-03-17 12:45:25,71907876,71907877
699272,,5,2021-06-12 23:51:35,71907876,71907877
11628932,Sách rất vui ?,5,2021-03-05 10:06:52,71907876,71907877
378446,,5,2021-06-12 17:54:49,71907876,71907877
22087624,,5,2021-06-12 14:33:11,71907876,71907877
17071693,,5,2021-06-12 14:21:53,71907876,71907877
18690532,,5,2021-06-12 10:19:23,71907876,71907877
1128278,,5,2021-06-12 09:39:48,71907876,71907877
1545550,,5,2021-06-11 16:59:34,71907876,71907877
1699740,,5,2021-06-11 14:19:34,71907876,71907877
17574324,,5,2021-06-11 12:29:45,71907876,71907877
5310570,,5,2021-06-11 12:25:06,71907876,71907877
19633455,giao hàng nhanh sp tốt ạ,5,2020-12-23 23:33:04,71907876,71907877
569034,,5,2021-06-11 11:12:31,71907876,71907877
5727172,,5,2021-06-11 10:40:21,71907876,71907877
19379921,sách hay nhỏ nhỏ cute?,5,2021-01-04 14:48:07,71907876,71907877
22109281,,5,2021-06-11 09:08:49,71907876,71907877
21708996,,5,2021-06-11 08:49:08,71907876,71907877
18398302,,5,2021-06-11 08:04:37,71907876,71907877
18221749,chất lương tốt,5,2021-02-14 08:10:36,71907876,71907877
13989779,,5,,71907876,71907877
20869777,good,5,2021-05-18 17:34:02,71907876,10605503
20650701,,5,2021-06-10 21:57:59,71907876,71907877
15696701,,5,2021-06-10 21:36:48,71907876,71907877
164446,,5,2021-06-10 21:06:21,71907876,71907877
10144053,,5,2021-06-10 20:19:21,71907876,71907877
22073055,,5,2021-06-10 20:10:09,71907876,71907877
6392109,,5,2021-06-10 19:36:51,71907876,71907877
22055740,,5,2021-06-10 18:58:15,71907876,71907877
1903451,,5,2021-06-10 16:15:31,71907876,71907877
21258821,,5,2021-06-10 15:23:00,71907876,71907877
22103702,,5,2021-06-10 14:17:57,71907876,71907877
20314963,,5,2021-06-10 13:36:42,71907876,71907877
13481506,,5,2021-06-10 12:19:58,71907876,71907877
14041334,,5,2021-06-10 11:29:43,71907876,71907877
1003415,,5,2021-06-10 08:38:55,71907876,71907877
9775546,,5,,71907876,71907877
20364532,,5,2021-06-09 23:28:38,71907876,71907877
15764971,,5,2021-06-09 23:24:19,71907876,71907877
7739919,,5,2021-06-09 22:07:08,71907876,71907877
17895718,,5,2021-06-09 20:04:52,71907876,71907877
21556861,,5,2021-06-09 18:59:18,71907876,71907877
19989941,,5,2021-06-09 17:33:33,71907876,71907877
5987437,,5,2021-06-09 16:22:18,71907876,71907877
6197288,,5,2021-06-09 14:42:59,71907876,71907877
18334164,,5,2021-06-09 14:02:42,71907876,71907877
18334164,,5,2021-06-09 14:02:42,71907876,71907877
7990416,,5,2021-06-09 12:40:14,71907876,71907877
12299893,,5,2021-06-09 12:37:07,71907876,71907877
1721256,,5,2021-06-09 11:06:34,71907876,71907877
7257710,,5,2021-06-09 10:22:27,71907876,71907877
16750788,giải trí,5,2021-04-05 20:19:54,71907876,71907877
766817,,5,,71907876,71907877
14528915,,5,,71907876,71907877
22061873,,5,2021-06-08 20:00:04,71907876,71907877
7108819,,5,2021-06-08 18:55:37,71907876,71907877
6628974,,5,2021-06-08 18:25:36,71907876,71907877
7362017,,5,2021-06-08 16:53:58,71907876,71907877
22038517,,5,2021-06-08 12:46:09,71907876,71907877
20010011,,5,2021-06-08 12:33:49,71907876,71907877
12083091,sách đẹp,5,2021-03-30 08:57:20,71907876,71907877
10212431,,5,2021-06-08 11:11:34,71907876,71907877
22022258,,5,2021-06-08 08:16:55,71907876,71907877
2115873,,5,,71907876,71907877
21985794,,5,,71907876,71907877
11201590,tuỵt,5,2021-05-03 21:00:40,71907876,71907877
6877832,,5,2021-06-07 21:36:00,71907876,71907877
6824799,,5,2021-06-07 19:47:59,71907876,71907877
22056541,,5,2021-06-07 18:35:03,71907876,71907877
6526422,,5,2021-06-07 15:38:19,71907876,71907877
11198505,,5,2021-06-07 14:32:14,71907876,71907877
21982069,,5,2021-06-07 13:36:24,71907876,71907877
19629349,,5,2021-06-07 12:53:25,71907876,71907877
13616912,,5,2021-06-07 11:24:43,71907876,71907877
21132155,,5,2021-06-07 08:39:00,71907876,71907877
274164,,5,,71907876,71907877
21836973,,5,2021-06-06 17:04:59,71907876,71907877
21414336,,5,2021-06-06 14:59:03,71907876,71907877
15112487,,5,2021-06-06 12:56:59,71907876,71907877
20446989,,5,2021-06-06 12:47:16,71907876,71907877
10331520,,5,2021-06-06 12:08:31,71907876,71907877
6808699,,5,2021-06-06 12:02:26,71907876,71907877
7151982,,5,2021-06-06 10:42:06,71907876,71907877
10843424,,5,2021-06-06 10:11:22,71907876,71907877
130805,,5,2021-06-06 07:51:58,71907876,71907877
1565997,,5,2021-06-06 02:21:52,71907876,71907877
12387834,,5,2021-06-06 01:03:05,71907876,71907877
15812940,,5,,71907876,71907877
20338189,sản phẩm tốt,5,2021-02-20 18:40:01,71907876,71907877
17846745,,5,2021-06-05 19:02:35,71907876,71907877
22031059,,5,2021-06-05 14:16:06,71907876,71907877
10848667,Sách vui,5,,71907876,71907877
14382346,,5,2021-06-05 11:47:41,71907876,71907877
17465797,,5,2021-06-05 08:38:15,71907876,71907877
10131867,,5,2021-06-05 06:39:57,71907876,71907877
5968903,,5,2021-06-04 23:10:18,71907876,71907877
14695292,,5,2021-06-04 19:00:38,71907876,71907877
8910666,,5,2021-06-04 19:00:00,71907876,71907877
22025649,,5,2021-06-04 16:56:38,71907876,71907877
807216,,5,2021-06-04 14:39:04,71907876,71907877
7398649,,5,2021-06-04 12:02:32,71907876,71907877
15862648,,5,2021-06-04 10:01:34,71907876,71907877
6128559,,5,,71907876,71907877
21724982,Hay,5,2021-05-17 12:18:00,71907876,71907877
523406,,5,,71907876,71907877
1778672,,5,2021-06-03 21:22:05,71907876,71907877
10982952,,5,2021-06-03 20:10:05,71907876,71907877
10982952,,5,2021-06-03 20:10:06,71907876,71907877
13448312,,5,2021-06-03 19:21:42,71907876,71907877
16353106,,5,2021-06-03 13:49:04,71907876,71907877
22007460,,5,2021-06-03 10:23:42,71907876,71907877
11905678,sách hay,5,2021-04-11 15:05:55,71907876,71907877
11041618,Đọc vui lắm mọi người,5,2020-12-03 21:45:22,71907876,71907877
19375620,hàng OK lém ấy,5,2021-02-17 13:31:14,71907876,71907877
12406341,,5,2021-06-02 18:41:32,71907876,71907877
21479420,,5,2021-06-02 15:58:51,71907876,71907877
10297475,,5,2021-06-02 14:01:05,71907876,71907877
1154200,Khá hài hước,5,2021-02-22 19:58:58,71907876,71907877
12374960,,5,,71907876,71907877
10727099,,5,2021-06-01 20:37:33,71907876,71907877
19221952,,5,2021-06-01 17:59:41,71907876,71907877
13475834,,5,2021-06-01 14:52:12,71907876,71907877
15138941,"sp tốt, hay",5,2021-03-17 05:41:28,71907876,71907877
67771,,5,,71907876,71907877
11464645,,5,2021-05-31 17:02:30,71907876,71907877
8313869,,5,2021-05-31 14:02:47,71907876,71907877
13484222,,5,2021-05-31 11:49:54,71907876,71907877
20682180,,5,2021-05-31 07:50:48,71907876,71907877
19056859,,5,,71907876,71907877
21269964,,5,2021-05-30 14:39:25,71907876,71907877
2174831,,5,2021-05-30 14:37:30,71907876,71907877
149478,,5,,71907876,71907877
20808772,,5,2021-05-29 21:57:15,71907876,71907877
21949294,,5,2021-05-29 18:44:48,71907876,71907877
15834057,,5,2021-05-29 16:14:30,71907876,71907877
5431087,,5,2021-05-29 12:31:55,71907876,71907877
8104087,,5,2021-05-29 08:04:00,71907876,71907877
8553952,tiki Now giao hàng chậm. ko ok,5,2020-11-17 08:55:35,71907876,71907877
7057295,"Ngon, phê",5,2021-03-31 12:03:37,71907876,71907877
7839049,,5,2021-05-28 18:28:24,71907876,71907877
16329452,đọc cười ẻ,5,2021-02-12 11:14:29,71907876,71907877
6673856,Sản phẩm ok,5,2021-03-01 23:33:11,71907876,71907877
10533948,,5,2021-05-28 15:42:37,71907876,71907877
21897110,,5,2021-05-28 14:40:35,71907876,71907877
14957538,,5,2021-05-28 11:51:38,71907876,71907877
19484957,đẹp giao quá nhanh,5,2021-01-19 11:24:53,71907876,71907877
20002563,rất hayy,5,2021-03-30 13:43:46,71907876,71907877
151833,Sách vui,5,2021-04-05 07:45:08,71907876,71907877
18279282,,5,2021-05-27 11:25:37,71907876,71907877
5543522,vui khi đọc,5,2021-03-06 11:12:42,71907876,71907877
18291248,,5,2021-05-26 22:50:24,71907876,71907877
14715933,,5,2021-05-26 17:02:59,71907876,71907877
2047320,,5,2021-05-26 16:31:59,71907876,71907877
17287,,5,2021-05-26 13:24:39,71907876,71907877
19128752,,5,2021-05-26 13:08:49,71907876,71907877
19192063,,5,2021-05-26 08:53:42,71907876,71907877
17125120,,5,2021-05-26 08:46:00,71907876,71907877
9869045,Tốt,5,2021-04-26 23:57:53,71907876,71907877
7002008,Khá vui,5,2021-04-09 09:13:08,71907876,71907877
12265611,,5,,71907876,71907877
21730069,,5,2021-05-25 19:46:44,71907876,71907877
10099989,,5,2021-05-25 18:19:04,71907876,71907877
19262629,,5,2021-05-25 16:13:04,71907876,71907877
19602455,hay,5,2021-05-07 21:45:58,71907876,71907877
18401780,Nhỏ nhỏ xinh xinh,5,2021-01-22 15:54:23,71907876,71907877
20088101,,5,2021-05-25 07:24:08,71907876,71907877
18972761,Giao hàng nhanh,5,2021-02-20 16:00:07,71907876,71907877
16841389,,5,,71907876,71907877
21188399,Khá hay,5,2021-04-07 22:07:46,71907876,71907877
10886657,,5,2021-05-24 12:13:24,71907876,71907877
5211228,,5,2021-05-24 11:09:17,71907876,71907877
21777644,,5,2021-05-24 09:49:53,71907876,71907877
21855319,,5,2021-05-24 09:08:34,71907876,71907877
21565543,,5,2021-05-23 21:21:53,71907876,71907877
17106796,,5,2021-05-23 13:23:08,71907876,71907877
20580843,Hài hay,5,2021-04-06 18:21:01,71907876,71907877
6256701,,5,2021-05-23 10:28:19,71907876,71907877
886811,,5,2021-05-23 08:24:08,71907876,71907877
18535719,Nói chung khá hài lòng,5,2020-12-21 22:15:49,71907876,71907877
20507331,,5,2021-05-22 15:41:42,71907876,71907877
19173703,,5,2021-05-22 12:54:01,71907876,71907877
63270,,5,2021-05-22 12:28:05,71907876,71907877
21653036,,5,2021-05-22 11:36:16,71907876,71907877
16741713,,5,,71907876,71907877
20140671,sản phẩm tốt,5,2021-02-05 21:29:01,71907876,71907877
7914402,,5,,71907876,71907877
10212102,hay,5,2021-05-04 10:52:23,71907876,71907877
11475893,,5,2021-05-21 21:03:50,71907876,71907877
929002,,5,2021-05-21 21:00:46,71907876,71907877
18355612,,5,2021-05-21 18:06:06,71907876,71907877
1503644,,5,2021-05-21 16:04:46,71907876,71907877
20244167,,5,2021-05-21 15:44:18,71907876,71907877
21747856,,5,2021-05-21 15:20:06,71907876,71907877
7603933,,5,2021-05-21 14:03:19,71907876,71907877
340899,,5,2021-05-21 12:34:39,71907876,71907877
16415905,,5,2021-05-21 09:40:56,71907876,71907877
9120340,,5,2021-05-21 08:46:02,71907876,71907877
838624,,5,2021-05-21 06:56:05,71907876,71907877
14087796,hehe ^^ iu cực,5,2021-02-16 18:15:12,71907876,71907877
16318206,sách cưng xĩu luôn,5,2021-01-12 13:28:24,71907876,71907877
14297610,hơi dơ bìa xíu,5,2021-02-04 17:19:07,71907876,71907877
12659874,,5,2021-05-20 19:35:40,71907876,71907877
18114049,,5,2021-05-20 19:18:49,71907876,71907877
5915172,,5,2021-05-20 15:39:25,71907876,71907877
6509144,,5,2021-05-20 15:06:42,71907876,71907877
6793792,,5,2021-05-20 13:49:24,71907876,71907877
11881674,,5,2021-05-20 06:55:16,71907876,71907877
21166874,,5,2021-05-19 21:43:39,71907876,71907877
9015426,,5,2021-05-19 16:45:53,71907876,71907877
20088515,,5,2021-05-19 15:16:30,71907876,71907877
12845857,,5,2021-05-19 11:36:14,71907876,71907877
21462953,,5,2021-05-19 10:34:46,71907876,71907877
15741479,,5,2021-05-19 10:30:39,71907876,71907877
8084808,,5,2021-05-19 06:36:01,71907876,71907877
8211381,,5,2021-05-18 20:48:21,71907876,71907877
8702760,,5,2021-05-18 16:39:51,71907876,71907877
11668651,,5,2021-05-18 14:25:58,71907876,71907877
19471725,,5,2021-05-18 13:10:46,71907876,71907877
11025930,,5,2021-05-18 12:12:01,71907876,71907877
12367200,,5,2021-05-18 09:01:47,71907876,71907877
9088179,,5,,71907876,71907877
9797214,,5,,71907876,71907877
17011064,,5,2021-05-17 20:35:52,71907876,71907877
20534351,,5,2021-05-17 19:37:20,71907876,71907877
5614734,,5,2021-05-17 18:14:41,71907876,71907877
19020072,,5,2021-05-17 17:49:26,71907876,71907877
1870144,,5,2021-05-17 17:09:58,71907876,71907877
12037747,,5,2021-05-17 15:40:01,71907876,71907877
10738601,,5,2021-05-17 14:51:55,71907876,71907877
5848184,,5,2021-05-17 14:24:48,71907876,71907877
8681311,,5,2021-05-17 11:27:34,71907876,71907877
21708548,,5,2021-05-16 20:19:48,71907876,71907877
2036204,,5,2021-05-16 13:12:58,71907876,71907877
21715251,,5,2021-05-16 12:27:32,71907876,71907877
12637524,,5,2021-05-16 11:39:22,71907876,71907877
1802633,,5,2021-05-15 20:44:13,71907876,71907877
2227561,,5,2021-05-15 16:32:24,71907876,71907877
7500915,,5,2021-05-15 10:59:18,71907876,71907877
16520953,,5,2021-05-15 08:51:06,71907876,71907877
14799680,,5,2021-05-14 19:16:55,71907876,71907877
20359376,Hay lắm. Ạ,5,2021-02-21 22:39:24,71907876,71907877
21707217,,5,2021-05-14 18:28:09,71907876,71907877
17306315,,5,2021-05-14 15:40:55,71907876,71907877
19988230,chất lượng,5,2021-02-15 23:05:02,71907876,71907877
14227508,,5,2021-05-14 12:54:20,71907876,71907877
1543622,,5,2021-05-14 12:54:45,71907876,71907877
21518659,,5,2021-05-14 12:32:24,71907876,71907877
6588118,,5,2021-05-14 12:24:12,71907876,71907877
12722586,,5,2021-05-14 11:45:01,71907876,71907877
14231631,tuyệt vời.!,5,2021-02-15 17:19:13,71907876,71907877
16055110,,5,2021-05-14 09:07:30,71907876,71907877
17505541,,5,2021-05-14 08:47:39,71907876,71907877
18666932,hơi nhỏ,5,2021-03-16 21:15:38,71907876,71907877
20345325,okokikok,5,2021-03-28 10:36:06,71907876,71907877
17830433,,5,2021-05-13 23:25:50,71907876,71907877
21683215,,5,2021-05-13 21:31:21,71907876,71907877
7877553,"giao nhanh, đúng sách.",5,2020-12-18 16:51:38,71907876,71907877
21683827,,5,2021-05-13 14:50:54,71907876,71907877
19725932,Mình không nghĩ là,5,2021-01-04 18:41:50,71907876,71907877
12140441,,5,,71907876,71907877
11176997,,5,,71907876,71907877
6056186,,5,2021-05-12 22:14:15,71907876,71907877
1778297,đóng gói tốt,5,2021-02-02 11:09:38,71907876,71907877
14311425,,5,2021-05-12 18:36:05,71907876,71907877
5807703,,5,2021-05-12 17:45:16,71907876,71907877
10448623,,5,2021-05-12 14:37:01,71907876,71907877
16273290,,5,2021-05-12 13:20:09,71907876,71907877
5904470,,5,2021-05-12 11:19:02,71907876,71907877
13376746,,5,2021-05-12 09:09:34,71907876,71907877
5606049,,5,2021-05-12 08:36:37,71907876,71907877
605098,,5,,71907876,71907877
21115373,,5,2021-05-11 21:18:31,71907876,71907877
13032498,,5,2021-05-11 19:53:38,71907876,71907877
12818619,,5,2021-05-11 16:17:33,71907876,71907877
14836420,,5,2021-05-11 14:41:34,71907876,71907877
7979145,,5,2021-05-11 12:17:16,71907876,71907877
19877604,hay và giải trí,5,2021-01-20 10:14:49,71907876,71907877
472898,,5,2021-05-11 10:24:25,71907876,71907877
6157120,,5,2021-05-10 21:23:12,71907876,71907877
21644131,,5,2021-05-10 21:03:48,71907876,71907877
14183309,,5,2021-05-10 20:49:24,71907876,71907877
171932,,5,2021-05-10 19:50:25,71907876,71907877
15706563,hayyy,5,2021-04-11 13:47:23,71907876,71907877
10407975,,5,2021-05-10 16:44:48,71907876,71907877
11462788,,5,2021-05-10 15:56:52,71907876,71907877
17218122,"sách rất đẹp,",5,2021-01-19 12:26:07,71907876,71907877
1304560,,5,2021-05-10 12:46:23,71907876,71907877
6257098,,5,2021-05-10 12:05:36,71907876,71907877
19860176,thú vị như crush,5,2021-01-13 12:50:40,71907876,71907877
14242485,,5,2021-05-10 08:57:58,71907876,71907877
16351301,,5,2021-05-09 20:55:19,71907876,71907877
862767,,5,2021-05-09 20:14:10,71907876,71907877
5808353,,5,2021-05-09 16:21:09,71907876,71907877
20270963,,5,2021-05-09 15:26:03,71907876,71907877
13120615,zui,5,2021-04-21 18:59:44,71907876,71907877
7358891,"Cx hay, mà hơi ngắn",5,2020-12-25 20:52:51,71907876,71907877
17659653,Hàng chất lượng,5,2021-01-06 09:00:57,71907876,71907877
16209133,,5,,71907876,71907877
20716602,,5,2021-05-08 21:15:36,71907876,71907877
18454760,,5,2021-05-08 20:18:42,71907876,71907877
1312277,,5,2021-05-08 16:02:14,71907876,71907877
10869734,,5,2021-05-08 14:36:05,71907876,71907877
11379644,,5,2021-05-08 12:36:57,71907876,71907877
7115106,,5,,71907876,71907877
13341292,tuyệt vời,5,2021-02-20 21:23:49,71907876,71907877
7654804,,5,2021-05-07 15:20:52,71907876,71907877
20154426,,5,2021-05-07 14:48:26,71907876,71907877
9880000,Quá ổn sách rất hay!,5,2020-12-06 14:53:29,71907876,71907877
5872655,Giao hàng siêu nhanh,5,2020-12-29 17:28:30,71907876,71907877
9751556,,5,2021-05-07 07:27:10,71907876,71907877
20583911,,5,2021-05-07 06:52:13,71907876,71907877
19845286,hàng rất ok nhé,5,2021-01-16 02:31:36,71907876,71907877
871910,,5,2021-05-06 19:05:43,71907876,71907877
9105777,,5,2021-05-06 12:48:15,71907876,71907877
15811678,,5,2021-05-06 09:02:36,71907876,71907877
7006297,,5,,71907876,71907877
7865651,,5,,71907876,71907877
14415498,,5,,71907876,71907877
170584,,5,2021-05-05 22:26:42,71907876,71907877
10629780,,5,2021-05-05 20:58:12,71907876,71907877
1831945,,5,2021-05-05 11:12:28,71907876,71907877
1831945,,5,2021-05-05 11:12:28,71907876,71907877
5210688,Sách vui lắm :))),5,2021-01-08 12:59:15,71907876,71907877
18975451,Quâ tuyệt,5,2021-02-23 23:33:58,71907876,71907877
139148,,5,2021-05-04 19:44:14,71907876,71907877
19806557,,5,2021-05-04 17:49:41,71907876,71907877
18238832,,5,2021-05-04 10:52:13,71907876,71907877
10620420,,5,2021-05-04 09:54:54,71907876,71907877
7424192,,5,2021-05-04 08:42:49,71907876,71907877
19365173,,5,2021-05-04 08:06:59,71907876,71907877
20249870,Dể thương,5,2021-02-17 03:03:07,71907876,71907877
5617466,dễ thương lắm,5,2021-01-12 20:38:23,71907876,71907877
11151080,,5,2021-05-03 18:51:53,71907876,71907877
20632321,,5,2021-05-03 10:42:17,71907876,71907877
2043279,,5,2021-05-03 09:24:57,71907876,71907877
480714,,5,,71907876,71907877
17192102,,5,,71907876,71907877
21380930,,5,,71907876,71907877
660470,,5,2021-05-02 22:37:42,71907876,71907877
11228553,,5,2021-05-02 22:13:02,71907876,71907877
5206013,,5,2021-05-02 20:52:03,71907876,71907877
19291495,,5,2021-05-02 13:44:48,71907876,71907877
20377738,,5,2021-05-02 13:02:30,71907876,71907877
1133721,,5,2021-05-02 11:32:27,71907876,71907877
20747133,,5,2021-05-02 08:00:48,71907876,71907877
12475687,,5,2021-05-02 07:35:57,71907876,71907877
11735642,,5,,71907876,71907877
353665,,5,,71907876,71907877
13030587,,5,2021-05-01 19:53:27,71907876,71907877
20554557,,5,2021-05-01 12:23:09,71907876,71907877
10989097,,5,2021-04-30 20:43:13,71907876,71907877
1868464,,5,2021-04-30 19:41:00,71907876,71907877
11314772,,5,2021-04-30 11:19:34,71907876,71907877
6493986,Rất hài :))),5,2021-02-01 17:38:59,71907876,71907877
1041928,,5,,71907876,71907877
14281762,sp tốt,5,2021-03-14 13:48:27,71907876,71907877
12783437,,5,,71907876,71907877
1243232,,5,2021-04-29 21:33:24,71907876,71907877
21436797,,5,2021-04-29 21:10:03,71907876,71907877
1628150,,5,2021-04-29 19:40:58,71907876,71907877
12715167,,5,2021-04-29 18:51:38,71907876,71907877
14776629,,5,2021-04-29 15:43:36,71907876,71907877
18394792,,5,,71907876,71907877
15615602,,5,,71907876,71907877
6245350,,5,2021-04-28 20:24:05,71907876,71907877
21518900,,5,2021-04-28 17:04:39,71907876,71907877
19461767,,5,2021-04-28 15:14:02,71907876,71907877
9922580,,5,2021-04-28 14:48:06,71907876,71907877
6333846,Rất hài lòng,5,2021-01-24 22:49:41,71907876,71907877
10423417,,5,2021-04-28 11:17:29,71907876,71907877
20125344,,5,2021-04-28 07:59:59,71907876,71907877
21421967,,5,,71907876,71907877
19264583,,5,,71907876,71907877
9049977,,5,2021-04-27 21:49:45,71907876,71907877
20605396,,5,2021-04-27 21:11:03,71907876,71907877
1338304,,5,2021-04-27 17:28:05,71907876,71907877
21280005,,5,2021-04-27 12:10:27,71907876,71907877
7821818,,5,2021-04-27 11:03:47,71907876,71907877
6000837,,5,2021-04-26 22:36:11,71907876,71907877
19829703,hàng rất tốt,5,2021-01-17 12:12:37,71907876,71907877
21376361,,5,2021-04-26 19:06:21,71907876,71907877
16570438,,5,2021-04-26 17:50:23,71907876,71907877
5230207,,5,2021-04-26 14:44:18,71907876,71907877
5820861,,5,2021-04-26 14:26:12,71907876,71907877
12023312,,5,2021-04-26 12:26:38,71907876,71907877
484459,,5,2021-04-26 12:25:01,71907876,71907877
214554,,5,2021-04-26 11:39:23,71907876,71907877
5627825,,5,2021-04-26 10:34:45,71907876,71907877
20207253,,5,2021-04-26 09:36:12,71907876,71907877
1475648,,5,,71907876,71907877
8396991,,5,,71907876,71907877
5946491,,5,2021-04-25 21:55:10,71907876,71907877
14232762,rẻ chất lượng,5,2020-12-29 23:33:57,71907876,71907877
21413721,,5,2021-04-25 19:50:37,71907876,71907877
15428683,,5,2021-04-25 19:37:17,71907876,71907877
6835538,,5,2021-04-25 15:07:05,71907876,71907877
6219249,,5,2021-04-25 11:56:00,71907876,71907877
1703701,,5,2021-04-25 11:42:42,71907876,71907877
370932,Tính giải trí cao.,5,2020-12-17 18:09:36,71907876,71907877
20462896,,5,2021-04-25 07:30:47,71907876,71907877
17705793,,5,2021-04-25 07:10:22,71907876,71907877
17546112,,5,,71907876,71907877
21401788,,5,2021-04-24 21:22:28,71907876,71907877
13269130,,5,2021-04-24 18:43:57,71907876,71907877
2132921,,5,2021-04-24 15:09:35,71907876,71907877
21421870,,5,2021-04-24 12:40:47,71907876,71907877
17383909,,5,2021-04-24 12:05:52,71907876,71907877
19104576,,5,2021-04-24 10:27:50,71907876,71907877
804489,,5,2021-04-24 09:07:52,71907876,71907877
7757635,,5,2021-04-24 08:12:37,71907876,71907877
177551,Nội dung giải trí,5,2020-12-16 11:24:44,71907876,71907877
19619241,,5,2021-04-23 22:25:39,71907876,71907877
585311,,5,2021-04-23 18:36:26,71907876,71907877
7412733,,5,2021-04-23 17:40:23,71907876,71907877
20665879,,5,2021-04-23 17:14:41,71907876,71907877
12577879,,5,2021-04-23 15:03:55,71907876,71907877
1636311,Sách vui,5,2021-03-01 21:45:47,71907876,71907877
8886968,,5,2021-04-23 11:58:04,71907876,71907877
20500284,,5,2021-04-23 10:41:16,71907876,71907877
14686037,,5,2021-04-23 10:12:41,71907876,71907877
21374457,,5,,71907876,71907877
1737245,,5,2021-04-22 21:51:10,71907876,71907877
12760301,,5,2021-04-22 17:58:58,71907876,71907877
21382588,,5,2021-04-22 17:24:51,71907876,71907877
2115313,,5,2021-04-22 16:00:18,71907876,71907877
1549672,,5,2021-04-22 14:58:37,71907876,71907877
21150636,,5,2021-04-22 13:29:29,71907876,71907877
413456,,5,2021-04-22 13:02:30,71907876,71907877
78273,,5,2021-04-21 18:12:03,71907876,71907877
14564081,,5,2021-04-21 17:34:07,71907876,71907877
21304544,,5,2021-04-21 15:45:01,71907876,71907877
21344472,,5,2021-04-21 12:29:41,71907876,71907877
7289942,,5,2021-04-21 09:43:55,71907876,71907877
159850,,5,2021-04-20 20:05:51,71907876,71907877
674886,,5,2021-04-20 17:04:48,71907876,71907877
8247550,Tuyệt vời,5,2021-02-03 16:41:45,71907876,71907877
7334593,,5,2021-04-20 16:21:15,71907876,71907877
9087377,,5,2021-04-20 14:06:54,71907876,71907877
10021687,,5,2021-04-20 14:02:23,71907876,71907877
8641949,,5,2021-04-20 12:24:13,71907876,71907877
1731840,,5,2021-04-20 07:41:34,71907876,71907877
16235619,,5,2021-04-19 21:47:13,71907876,71907877
18751916,,5,2021-04-19 21:21:36,71907876,71907877
6342784,,5,2021-04-19 19:16:48,71907876,71907877
8828841,Sách đọc hài dã man ?,5,2020-11-12 21:37:46,71907876,71907877
21370714,,5,2021-04-19 16:11:26,71907876,71907877
10604781,,5,2021-04-19 15:32:46,71907876,71907877
11275367,,5,2021-04-19 13:31:55,71907876,71907877
15861642,,5,2021-04-19 12:43:44,71907876,71907877
6971761,,5,,71907876,71907877
21112331,,5,2021-04-18 20:06:41,71907876,71907877
19689381,,5,2021-04-18 16:42:56,71907876,71907877
21118287,,5,2021-04-18 15:32:36,71907876,71907877
8565086,,5,2021-04-18 14:49:04,71907876,71907877
13260400,,5,2021-04-18 14:50:15,71907876,71907877
20208167,,5,2021-04-18 14:44:51,71907876,71907877
322990,,5,2021-04-18 14:34:34,71907876,71907877
19544136,,5,2021-04-18 14:31:18,71907876,71907877
19575038,,5,2021-04-18 14:25:31,71907876,71907877
13876404,,5,2021-04-18 13:25:26,71907876,71907877
8186753,,5,2021-04-18 12:22:57,71907876,71907877
16008669,,5,2021-04-18 11:09:01,71907876,71907877
19965252,,5,2021-04-17 20:59:57,71907876,71907877
12227638,,5,2021-04-17 16:47:03,71907876,71907877
5463831,,5,2021-04-17 16:08:49,71907876,71907877
1697503,,5,2021-04-17 15:09:17,71907876,71907877
12573004,,5,2021-04-17 10:53:05,71907876,71907877
1414865,,5,2021-04-17 09:35:35,71907876,71907877
18751531,:),5,2021-04-05 09:56:44,71907876,71907877
12449349,,5,2021-04-16 22:05:16,71907876,71907877
16267480,,5,2021-04-16 21:09:24,71907876,71907877
17114278,,5,2021-04-16 20:20:41,71907876,71907877
21055681,,5,2021-04-16 20:11:39,71907876,71907877
14330052,,5,2021-04-16 19:43:50,71907876,71907877
10035967,,5,2021-04-16 18:45:07,71907876,71907877
6622466,,5,2021-04-16 16:49:42,71907876,71907877
18808189,,5,2021-04-16 13:58:38,71907876,71907877
10051925,,5,2021-04-16 12:56:21,71907876,71907877
19653458,sản phẩm đẹp,5,2020-12-26 10:24:23,71907876,71907877
19786370,,5,2021-04-16 11:12:32,71907876,71907877
12566861,Hay cực,5,2021-02-22 17:32:57,71907876,71907877
14273789,,5,2021-04-15 19:22:51,71907876,71907877
5320936,,5,2021-04-15 19:10:44,71907876,71907877
196664,,5,2021-04-15 17:33:26,71907876,71907877
7801143,Thú vị :))),5,2021-01-23 20:24:44,71907876,71907877
18643635,,5,2021-04-15 15:03:42,71907876,71907877
7427785,,5,2021-04-15 09:36:23,71907876,71907877
6151792,,5,2021-04-15 08:48:30,71907876,71907877
6479943,Rất hài lòng,5,2021-01-11 19:52:02,71907876,71907877
11611240,,5,2021-04-15 06:19:51,71907876,71907877
702837,,5,2021-04-14 19:58:00,71907876,71907877
15050025,Sách hay,5,2021-02-20 23:24:07,71907876,71907877
922487,,5,2021-04-14 10:54:28,71907876,71907877
18110716,,5,2021-04-13 20:11:10,71907876,71907877
9923677,,5,2021-04-13 18:27:11,71907876,71907877
15880895,,5,2021-04-13 17:28:16,71907876,71907877
19622066,,5,2021-04-13 15:24:30,71907876,71907877
6956510,,5,2021-04-13 13:57:03,71907876,71907877
19585709,,5,2021-04-13 10:59:55,71907876,71907877
19486103,,5,2021-04-13 07:46:10,71907876,71907877
813418,,5,2021-04-12 17:31:25,71907876,71907877
21269661,,5,2021-04-12 17:28:06,71907876,71907877
17223627,,5,2021-04-12 16:28:57,71907876,71907877
14897535,,5,2021-04-12 15:57:01,71907876,71907877
9651095,,5,2021-04-12 15:00:46,71907876,71907877
1620055,,5,2021-04-12 10:35:44,71907876,71907877
1332856,,5,2021-04-12 08:56:43,71907876,71907877
19566602,,5,2021-04-12 00:24:08,71907876,71907877
11106456,Vui nè,5,2021-03-01 21:57:08,71907876,71907877
7677491,,5,2021-04-11 18:02:49,71907876,71907877
10009426,,5,2021-04-11 16:52:27,71907876,71907877
20830357,,5,2021-04-11 16:35:04,71907876,71907877
1163254,,5,2021-04-11 14:19:41,71907876,71907877
8522659,,5,2021-04-11 12:54:09,71907876,71907877
962986,,5,2021-04-11 10:27:10,71907876,71907877
17120972,,5,2021-04-11 09:54:44,71907876,71907877
7001336,z,5,2021-04-05 12:39:31,71907876,71907877
15065760,,5,2021-04-11 07:08:27,71907876,71907877
13593858,,5,2021-04-10 20:14:47,71907876,71907877
20510437,,5,2021-04-10 19:02:41,71907876,71907877
13015828,,5,2021-04-10 17:03:52,71907876,71907877
9805762,,5,2021-04-10 12:08:39,71907876,71907877
6350970,,5,2021-04-10 08:25:18,71907876,71907877
57617,,5,2021-04-09 23:15:42,71907876,71907877
7838847,,5,2021-04-09 22:08:28,71907876,71907877
5554469,,5,2021-04-09 21:37:17,71907876,71907877
21247966,,5,2021-04-09 17:24:05,71907876,71907877
17402243,sách hay. Cach,5,2021-01-11 22:21:52,71907876,71907877
19832578,,5,2021-04-09 14:28:36,71907876,71907877
10054957,,5,2021-04-09 12:00:41,71907876,71907877
15546546,,5,2021-04-09 09:37:41,71907876,71907877
555647,,5,2021-04-09 09:11:14,71907876,71907877
5376144,,5,2021-04-08 22:15:24,71907876,71907877
16948545,,5,2021-04-08 21:24:46,71907876,71907877
13313452,,5,2021-04-08 20:34:24,71907876,71907877
18338766,,5,2021-04-08 20:03:10,71907876,71907877
7473494,,5,2021-04-08 16:51:22,71907876,71907877
13736297,Tốt giao nhanh,5,2021-01-05 02:52:27,71907876,71907877
6983257,,5,2021-04-08 09:01:48,71907876,71907877
20833266,,5,,71907876,71907877
20453184,,5,2021-04-07 20:01:36,71907876,71907877
8422363,,5,2021-04-07 19:16:31,71907876,71907877
21138781,,5,2021-04-07 15:26:28,71907876,71907877
17774773,,5,2021-04-07 14:50:57,71907876,71907877
6510108,,5,2021-04-07 11:40:56,71907876,71907877
21205861,,5,2021-04-07 11:27:09,71907876,71907877
5213440,,5,2021-04-07 09:50:29,71907876,71907877
7518840,,5,2021-04-07 07:19:41,71907876,71907877
10767672,,5,2021-04-06 19:45:47,71907876,71907877
8183916,,5,2021-04-06 15:24:03,71907876,71907877
12399728,,5,2021-04-06 15:21:05,71907876,71907877
20737148,,5,2021-04-06 13:24:23,71907876,71907877
18719950,,5,2021-04-06 13:07:35,71907876,71907877
17154567,,5,2021-04-06 11:00:59,71907876,71907877
1706466,,5,2021-04-06 09:30:38,71907876,71907877
16755759,,5,2021-04-06 09:24:34,71907876,71907877
1560299,,5,2021-04-06 08:20:25,71907876,71907877
993016,sách hay lắm,5,2021-01-08 12:12:15,71907876,71907877
20493560,,5,,71907876,71907877
20759661,,5,2021-04-05 21:04:54,71907876,71907877
6724991,đáng yêu xỉu,5,2020-12-27 11:21:38,71907876,71907877
13324303,,5,2021-04-05 18:29:26,71907876,71907877
20224954,,5,2021-04-05 17:22:38,71907876,71907877
18418098,,5,2021-04-05 17:17:54,71907876,71907877
8833582,,5,2021-04-05 16:33:16,71907876,71907877
17517604,,5,2021-04-05 16:32:10,71907876,71907877
17998370,đẹp,5,2021-03-01 11:33:00,71907876,71907877
9760060,,5,2021-04-05 13:07:14,71907876,71907877
7553485,,5,2021-04-05 11:04:38,71907876,71907877
17653421,,5,2021-04-05 10:09:51,71907876,71907877
12397858,,5,2021-04-05 08:24:31,71907876,71907877
312383,,5,,71907876,71907877
5927867,,5,,71907876,71907877
21170402,,5,2021-04-04 22:23:47,71907876,71907877
6891662,,5,2021-04-04 21:52:40,71907876,71907877
16526539,,5,2021-04-04 20:24:44,71907876,71907877
1108904,,5,2021-04-04 20:01:19,71907876,71907877
13930920,,5,2021-04-04 17:12:21,71907876,71907877
12799579,,5,2021-04-04 16:55:32,71907876,71907877
11053693,,5,2021-04-04 15:20:45,71907876,71907877
6689493,,5,2021-04-04 11:01:47,71907876,71907877
19247249,,5,2021-04-04 10:51:14,71907876,71907877
7845528,,5,2021-04-04 08:56:25,71907876,71907877
19703909,,5,2021-04-04 08:39:52,71907876,71907877
7090507,,5,2021-04-04 08:05:56,71907876,71907877
21047063,,5,2021-04-04 00:46:45,71907876,71907877
15217457,,5,,71907876,71907877
20630248,,5,,71907876,71907877
2217857,,5,2021-04-03 22:29:08,71907876,71907877
1367485,,5,2021-04-03 20:55:03,71907876,71907877
17658456,,5,2021-04-03 20:28:22,71907876,71907877
10067,,5,2021-04-03 20:28:34,71907876,71907877
9785424,,5,2021-04-03 15:37:03,71907876,71907877
1818982,,5,2021-04-03 14:42:50,71907876,71907877
11060040,,5,2021-04-03 13:05:26,71907876,71907877
8326954,,5,2021-04-03 11:25:56,71907876,71907877
2239728,,5,2021-04-03 10:45:15,71907876,71907877
7147831,,5,2021-04-03 10:16:13,71907876,71907877
14655969,,5,2021-04-03 09:50:22,71907876,71907877
13300443,,5,2021-04-03 09:17:20,71907876,71907877
16209364,Rất hay lun á,5,2020-12-30 12:31:53,71907876,71907877
20687269,,5,2021-04-02 21:09:38,71907876,71907877
17068237,,5,,71907876,71907877
5925443,,5,,71907876,71907877
17103381,,5,,71907876,71907877
19815646,,5,,71907876,71907877
7544173,,5,,71907876,71907877
16958334,ok,5,2021-03-21 12:58:18,71907876,71907877
21112495,,5,2021-04-01 23:37:14,71907876,71907877
10215099,,5,,71907876,71907877
20742390,,5,2021-04-01 21:32:21,71907876,71907877
464335,,5,2021-04-01 21:14:48,71907876,71907877
19678471,❤️,5,2021-02-25 17:54:18,71907876,71907877
8216002,,5,2021-04-01 15:43:01,71907876,71907877
4572,,5,2021-04-01 12:37:21,71907876,71907877
18193161,,5,2021-04-01 12:30:21,71907876,71907877
21129840,,5,2021-04-01 12:06:17,71907876,71907877
14683254,,5,2021-04-01 11:11:25,71907876,71907877
5661137,,5,2021-04-01 10:08:10,71907876,71907877
19780089,Sách khá hay,5,2021-01-09 12:45:25,71907876,71907877
842355,,5,2021-04-01 07:38:20,71907876,71907877
13783418,,5,2021-04-01 02:44:14,71907876,71907877
20994037,,5,2021-03-31 19:46:55,71907876,71907877
8839449,,5,2021-03-31 19:14:13,71907876,71907877
7774812,,5,2021-03-31 19:06:47,71907876,71907877
11987879,,5,2021-03-31 18:43:14,71907876,71907877
21121054,,5,2021-03-31 18:02:09,71907876,71907877
21112691,,5,2021-03-31 17:27:03,71907876,71907877
20103853,,5,2021-03-31 14:50:29,71907876,71907877
20671138,,5,2021-03-31 14:17:55,71907876,71907877
21095673,,5,2021-03-31 12:22:36,71907876,71907877
1913436,,5,2021-03-31 12:08:50,71907876,71907877
10628675,,5,2021-03-31 10:55:05,71907876,71907877
7755598,,5,2021-03-31 10:35:56,71907876,71907877
19606714,đọc hay quá,5,2020-12-27 21:36:42,71907876,71907877
2234721,sách đáng yêu cực,5,2020-11-16 23:14:59,71907876,71907877
1557231,Hay,5,2021-03-13 18:04:38,71907876,71907877
17509263,,5,2021-03-30 22:22:51,71907876,71907877
13386466,,5,2021-03-30 21:50:54,71907876,71907877
185602,,5,2021-03-30 21:44:28,71907876,71907877
18413009,,5,2021-03-30 20:25:13,71907876,71907877
20507826,,5,2021-03-30 19:40:08,71907876,71907877
20344202,,5,2021-03-30 19:25:27,71907876,71907877
6726624,,5,2021-03-30 19:20:27,71907876,71907877
7243405,,5,2021-03-30 17:14:29,71907876,71907877
12067173,,5,2021-03-30 16:38:03,71907876,71907877
7841921,,5,2021-03-30 13:20:09,71907876,71907877
1362210,,5,2021-03-30 13:19:19,71907876,71907877
19608317,,5,2021-03-30 10:12:17,71907876,71907877
9121018,,5,2021-03-30 08:30:26,71907876,71907877
13633332,,5,2021-03-30 07:11:09,71907876,71907877
9933040,,5,2021-03-29 22:32:25,71907876,71907877
14579480,,5,2021-03-29 19:56:23,71907876,71907877
649809,,5,2021-03-29 19:46:25,71907876,71907877
17358580,,5,2021-03-29 17:39:06,71907876,71907877
8443406,,5,2021-03-29 14:42:27,71907876,71907877
18937181,,5,2021-03-29 12:21:44,71907876,71907877
18789569,,5,2021-03-29 12:04:01,71907876,71907877
5946703,,5,2021-03-29 11:35:08,71907876,71907877
17587419,,5,2021-03-28 21:27:51,71907876,71907877
19951754,,5,2021-03-28 17:37:24,71907876,71907877
18667060,,5,2021-03-28 15:24:07,71907876,71907877
809299,,5,2021-03-28 11:02:55,71907876,71907877
16587990,,5,2021-03-28 08:58:52,71907876,71907877
19659996,,5,2021-03-28 06:51:51,71907876,71907877
19701870,,5,,71907876,71907877
2179584,,5,,71907876,71907877
5107532,,5,2021-03-27 21:41:01,71907876,71907877
18039199,,5,2021-03-27 21:19:45,71907876,71907877
20385359,,5,2021-03-27 20:49:09,71907876,71907877
8201313,,5,2021-03-27 12:09:48,71907876,71907877
14676102,,5,2021-03-27 10:00:34,71907876,71907877
12752024,,5,2021-03-26 21:28:03,71907876,71907877
6017894,,5,2021-03-26 20:08:43,71907876,71907877
7416113,,5,2021-03-26 17:35:25,71907876,71907877
5897074,,5,2021-03-26 15:59:26,71907876,71907877
19027723,,5,2021-03-26 15:42:45,71907876,71907877
255445,,5,2021-03-26 15:02:37,71907876,71907877
6743310,,5,2021-03-26 14:29:43,71907876,71907877
1075339,,5,2021-03-26 13:42:05,71907876,71907877
14924192,,5,2021-03-26 13:42:25,71907876,71907877
1929413,,5,2021-03-26 11:47:04,71907876,71907877
7044267,,5,2021-03-26 08:23:49,71907876,71907877
12731996,,5,,71907876,71907877
20528389,😘,5,2021-03-02 14:40:04,71907876,71907877
20045722,,5,2021-03-25 23:00:26,71907876,71907877
8298349,,5,,71907876,71907877
17992433,,5,2021-03-25 21:40:33,71907876,71907877
11321268,,5,2021-03-25 20:58:08,71907876,71907877
6244480,,5,2021-03-25 20:23:32,71907876,71907877
11462417,,5,2021-03-25 20:10:49,71907876,71907877
1839343,,5,2021-03-25 19:34:22,71907876,71907877
18588429,,5,2021-03-25 19:31:25,71907876,71907877
20993380,,5,2021-03-25 19:19:51,71907876,71907877
16201444,,5,2021-03-25 16:06:05,71907876,71907877
5135457,,5,2021-03-25 15:31:33,71907876,71907877
13599651,,5,2021-03-25 15:17:00,71907876,71907877
20359075,hay,5,2021-03-07 22:33:07,71907876,71907877
900669,,5,2021-03-25 11:24:20,71907876,71907877
17012704,,5,2021-03-25 10:55:53,71907876,71907877
6414413,Rất thú vị,5,2020-12-27 15:32:13,71907876,71907877
6815001,,5,,71907876,71907877
8984645,,5,2021-03-24 22:49:28,71907876,71907877
15866019,,5,2021-03-24 22:02:44,71907876,71907877
8024170,,5,2021-03-24 19:30:40,71907876,71907877
1566309,,5,2021-03-24 19:03:58,71907876,71907877
7714555,,5,2021-03-24 18:32:47,71907876,71907877
8966703,,5,2021-03-24 17:54:54,71907876,71907877
11345703,,5,2021-03-24 15:37:27,71907876,71907877
587366,,5,2021-03-24 15:11:51,71907876,71907877
1629228,,5,2021-03-24 15:04:35,71907876,71907877
525517,,5,2021-03-24 12:53:53,71907876,71907877
20745233,,5,2021-03-24 11:40:34,71907876,71907877
19366301,,5,2021-03-24 10:38:02,71907876,71907877
704426,Cgj,5,2021-03-06 15:56:16,71907876,71907877
20491622,,5,,71907876,71907877
20093751,,5,2021-03-23 22:16:22,71907876,71907877
8605269,,5,2021-03-23 20:37:42,71907876,71907877
20921812,,5,2021-03-23 20:06:21,71907876,71907877
20700712,,5,2021-03-23 18:29:59,71907876,71907877
7774862,,5,2021-03-23 17:56:25,71907876,71907877
5771843,,5,2021-03-23 15:08:40,71907876,71907877
12534714,,5,2021-03-23 10:34:55,71907876,71907877
6856015,,5,2021-03-23 10:04:27,71907876,71907877
11738307,hay,5,2021-03-05 18:28:28,71907876,71907877
12815611,,5,,71907876,71907877
6706261,,5,2021-03-22 22:19:19,71907876,71907877
20816888,,5,2021-03-22 20:40:20,71907876,71907877
20849040,,5,2021-03-22 15:25:25,71907876,71907877
6519202,,5,2021-03-22 14:09:58,71907876,71907877
20044315,,5,2021-03-22 13:16:30,71907876,71907877
19698764,Hay,5,2021-03-04 10:31:22,71907876,71907877
8414692,,5,2021-03-21 22:13:05,71907876,71907877
8040924,,5,2021-03-21 22:04:59,71907876,71907877
61946,,5,2021-03-21 21:09:03,71907876,71907877
20515273,,5,2021-03-21 18:05:39,71907876,71907877
14333302,oke nhaa,5,2021-02-02 22:49:20,71907876,71907877
17829722,,5,2021-03-21 16:21:23,71907876,71907877
20260772,,5,2021-03-21 16:19:59,71907876,71907877
11540760,,5,2021-03-21 13:58:40,71907876,71907877
1917397,,5,2021-03-21 12:47:20,71907876,71907877
7938168,,5,2021-03-21 12:26:32,71907876,71907877
20865889,,5,2021-03-21 11:21:09,71907876,71907877
1132199,,5,2021-03-21 09:31:01,71907876,71907877
837583,,5,2021-03-21 07:24:39,71907876,71907877
11694698,,5,2021-03-21 00:37:16,71907876,71907877
17411590,,5,2021-03-20 23:39:18,71907876,71907877
20289324,,5,2021-03-20 20:50:55,71907876,71907877
15135816,,5,2021-03-20 20:31:33,71907876,71907877
513779,,5,2021-03-20 19:32:29,71907876,71907877
18040885,,5,2021-03-20 17:56:20,71907876,71907877
15839548,Ok,5,2021-03-08 23:26:00,71907876,71907877
20342058,,5,2021-03-20 14:44:16,71907876,71907877
6106287,,5,2021-03-20 11:47:31,71907876,71907877
5690886,,5,2021-03-20 10:25:30,71907876,71907877
20593572,,5,2021-03-20 08:27:04,71907876,71907877
11131952,,5,2021-03-20 08:07:58,71907876,71907877
358755,,5,2021-03-19 22:47:25,71907876,71907877
165215,,5,2021-03-19 22:32:22,71907876,71907877
20149854,tốt,5,2021-02-18 16:56:47,71907876,71907877
7104746,sách mới,5,2021-01-14 14:15:01,71907876,71907877
5650046,,5,2021-03-19 21:18:56,71907876,71907877
20832490,,5,2021-03-19 21:06:48,71907876,71907877
7856423,,5,2021-03-19 18:46:25,71907876,71907877
9780536,,5,2021-03-19 18:05:34,71907876,71907877
20726937,,5,2021-03-19 17:51:58,71907876,71907877
19078386,,5,2021-03-19 16:47:11,71907876,71907877
9791421,,5,2021-03-19 16:30:18,71907876,71907877
20838277,,5,2021-03-19 16:04:15,71907876,71907877
20651992,,5,2021-03-19 14:56:41,71907876,71907877
19648575,,5,2021-03-19 14:01:40,71907876,71907877
12727351,,5,2021-03-19 11:34:18,71907876,71907877
5256650,,5,2021-03-19 11:11:41,71907876,71907877
5399195,,5,2021-03-19 11:07:35,71907876,71907877
14223324,,5,2021-03-19 11:01:09,71907876,71907877
1621034,,5,2021-03-19 10:14:54,71907876,71907877
12851765,kkkk,5,2021-02-23 18:19:00,71907876,71907877
10695118,,5,2021-03-18 23:34:49,71907876,71907877
9672235,,5,2021-03-18 20:02:40,71907876,71907877
10051651,,5,2021-03-18 18:07:46,71907876,71907877
8815708,,5,2021-03-18 16:22:44,71907876,71907877
15280869,,5,2021-03-18 15:50:29,71907876,71907877
1134032,,5,2021-03-18 14:38:43,71907876,71907877
1772884,,5,2021-03-18 13:36:39,71907876,71907877
497356,,5,2021-03-18 08:02:34,71907876,71907877
13785211,ổn,5,2021-02-22 18:32:38,71907876,71907877
11583610,,5,2021-03-17 23:53:20,71907876,71907877
7751165,,5,2021-03-17 23:24:29,71907876,71907877
13030297,,5,2021-03-17 22:47:58,71907876,71907877
20252531,,5,2021-03-17 21:59:22,71907876,71907877
10705193,,5,2021-03-17 21:55:34,71907876,71907877
8153436,,5,2021-03-17 19:09:03,71907876,71907877
5469221,,5,2021-03-17 18:40:22,71907876,71907877
8419147,,5,2021-03-17 16:32:18,71907876,71907877
6054716,,5,2021-03-17 13:01:12,71907876,71907877
5609480,,5,2021-03-17 12:56:27,71907876,71907877
9066409,,5,2021-03-17 12:15:14,71907876,71907877
20759518,,5,2021-03-17 11:55:12,71907876,71907877
18415899,,5,2021-03-17 10:23:35,71907876,71907877
6301855,,5,2021-03-17 09:32:04,71907876,71907877
10039030,,5,2021-03-17 03:10:01,71907876,71907877
75423,,5,2021-03-16 21:19:04,71907876,71907877
1262647,,5,2021-03-16 20:07:47,71907876,71907877
8284430,,5,2021-03-16 19:50:12,71907876,71907877
15389116,,5,2021-03-16 18:45:09,71907876,71907877
12377075,,5,2021-03-16 17:35:06,71907876,71907877
20743733,,5,2021-03-16 16:40:54,71907876,71907877
1632865,,5,2021-03-16 15:44:59,71907876,71907877
7844087,,5,2021-03-16 13:24:20,71907876,71907877
1631263,,5,2021-03-16 13:09:53,71907876,71907877
1264404,,5,2021-03-16 12:55:43,71907876,71907877
13426738,,5,2021-03-16 12:53:34,71907876,71907877
17576702,,5,2021-03-16 12:46:10,71907876,71907877
10057985,,5,2021-03-16 12:13:40,71907876,71907877
2202735,,5,2021-03-15 23:16:42,71907876,71907877
20159651,,5,2021-03-15 21:43:32,71907876,71907877
20739905,,5,2021-03-15 18:05:52,71907876,71907877
9632930,,5,2021-03-15 17:45:53,71907876,71907877
18295820,,5,2021-03-15 17:42:43,71907876,71907877
15298050,,5,2021-03-15 16:07:35,71907876,71907877
1299660,,5,2021-03-15 13:58:49,71907876,71907877
20424636,,5,2021-03-15 12:00:59,71907876,71907877
17187874,,5,2021-03-15 11:50:00,71907876,71907877
959645,zui zui,5,2021-02-02 10:25:40,71907876,71907877
18144464,hàng ok,5,2021-01-27 07:00:45,71907876,71907877
19830824,,5,2021-03-14 21:30:32,71907876,71907877
20695473,,5,2021-03-14 21:03:26,71907876,71907877
6208815,,5,2021-03-14 20:47:54,71907876,71907877
18039394,,5,2021-03-14 20:26:06,71907876,71907877
11935691,,5,2021-03-14 19:49:41,71907876,71907877
10116711,rất ok,5,2021-01-26 21:26:22,71907876,71907877
20366104,,5,2021-03-14 14:56:47,71907876,71907877
5885565,,5,2021-03-14 14:57:43,71907876,71907877
20737469,,5,2021-03-14 10:43:37,71907876,71907877
16118088,,5,2021-03-14 10:20:32,71907876,71907877
14074460,,5,2021-03-14 10:05:46,71907876,71907877
9787245,,5,2021-03-14 08:50:52,71907876,71907877
16552737,,5,2021-03-14 08:05:03,71907876,71907877
14048870,Cực kì hài lòng,5,2020-11-17 09:27:52,71907876,71907877
20368018,,5,2021-03-13 23:00:04,71907876,71907877
10702916,,5,2021-03-13 21:10:09,71907876,71907877
19954957,,5,2021-03-13 18:31:15,71907876,71907877
18162249,,5,2021-03-13 18:21:33,71907876,71907877
6751238,,5,2021-03-13 17:51:51,71907876,71907877
18911762,,5,2021-03-13 16:52:45,71907876,71907877
5363689,,5,2021-03-13 15:42:27,71907876,71907877
14517837,,5,2021-03-13 14:24:36,71907876,71907877
20715545,,5,2021-03-13 14:18:13,71907876,71907877
8752952,,5,2021-03-13 14:17:04,71907876,71907877
960866,,5,2021-03-13 13:18:46,71907876,71907877
9806606,,5,2021-03-13 13:03:34,71907876,71907877
18633553,,5,2021-03-13 12:45:06,71907876,71907877
20728455,,5,2021-03-13 12:37:37,71907876,71907877
17354039,,5,2021-03-13 11:46:05,71907876,71907877
7585530,,5,2021-03-13 11:47:22,71907876,71907877
12522659,,5,2021-03-13 10:38:42,71907876,71907877
6885888,,5,2021-03-13 00:20:20,71907876,71907877
10264668,,5,2021-03-12 21:21:38,71907876,71907877
5954852,,5,2021-03-12 20:20:48,71907876,71907877
7236204,,5,2021-03-12 20:08:35,71907876,71907877
6056256,,5,2021-03-12 20:04:24,71907876,71907877
6624979,,5,2021-03-12 17:43:51,71907876,71907877
12257987,,5,2021-03-12 17:35:35,71907876,71907877
17937325,,5,2021-03-12 13:48:18,71907876,71907877
11509329,,5,2021-03-12 13:32:27,71907876,71907877
100057,,5,2021-03-12 13:27:44,71907876,71907877
5856072,,5,2021-03-12 11:49:40,71907876,71907877
20695550,,5,2021-03-12 11:07:37,71907876,71907877
11719712,,5,2021-03-12 10:49:04,71907876,71907877
1071748,,5,2021-03-12 10:38:51,71907876,71907877
18501890,hay,5,2021-02-22 21:14:25,71907876,71907877
19571286,,5,2021-03-12 08:41:35,71907876,71907877
5228578,,5,2021-03-12 07:50:20,71907876,71907877
12364953,,5,2021-03-11 22:34:57,71907876,71907877
11754684,,5,2021-03-11 21:06:16,71907876,71907877
17046387,,5,2021-03-11 19:22:37,71907876,71907877
11453999,,5,2021-03-11 19:18:38,71907876,71907877
1263632,,5,2021-03-11 16:38:53,71907876,71907877
1857597,,5,2021-03-11 15:54:42,71907876,71907877
10976513,,5,2021-03-11 12:50:33,71907876,71907877
9161641,,5,2021-03-11 12:42:17,71907876,71907877
13363546,,5,2021-03-11 12:36:55,71907876,71907877
101186,,5,2021-03-11 11:04:19,71907876,71907877
18338937,,5,2021-03-11 11:01:57,71907876,71907877
10805537,,5,2021-03-11 10:47:25,71907876,71907877
19339924,,5,2021-03-11 09:48:19,71907876,71907877
15691648,,5,2021-03-10 22:54:28,71907876,71907877
9128256,,5,2021-03-10 22:21:06,71907876,71907877
18606524,,5,2021-03-10 22:00:27,71907876,71907877
11536407,,5,2021-03-10 20:14:54,71907876,71907877
12868590,,5,2021-03-10 17:57:52,71907876,71907877
6275514,,5,2021-03-10 17:53:37,71907876,71907877
8815273,,5,2021-03-10 15:36:39,71907876,71907877
16389190,Nmdkkxmmzmzk,5,2020-12-30 12:06:47,71907876,71907877
6693111,,5,2021-03-10 15:06:42,71907876,71907877
7144747,,5,2021-03-10 14:35:05,71907876,71907877
8464983,,5,2021-03-10 13:35:40,71907876,71907877
18693475,,5,2021-03-10 13:16:58,71907876,71907877
20492724,,5,2021-03-10 11:34:32,71907876,71907877
643330,,5,2021-03-10 10:52:39,71907876,71907877
7007827,,5,2021-03-10 10:46:15,71907876,71907877
10761832,,5,2021-03-10 10:41:15,71907876,71907877
905589,,5,2021-03-10 07:55:14,71907876,71907877
1089833,,5,2021-03-10 04:58:12,71907876,71907877
18677715,hay,5,2021-02-20 13:41:44,71907876,71907877
7395014,,5,2021-03-09 18:44:28,71907876,71907877
12188873,,5,2021-03-09 18:39:21,71907876,71907877
10058306,,5,2021-03-09 18:28:56,71907876,71907877
19680431,,5,2021-03-09 17:50:56,71907876,71907877
13264037,,5,2021-03-09 15:46:10,71907876,71907877
20459567,,5,2021-03-09 15:33:35,71907876,71907877
892157,,5,2021-03-09 15:20:50,71907876,71907877
19298909,,5,2021-03-09 14:33:55,71907876,71907877
10961290,,5,2021-03-09 13:23:42,71907876,71907877
19906777,,5,2021-03-09 12:33:47,71907876,71907877
8495087,,5,2021-03-09 12:26:19,71907876,71907877
16860131,,5,2021-03-09 12:17:01,71907876,71907877
18476159,,5,2021-03-09 11:58:54,71907876,71907877
16992615,,5,2021-03-09 11:44:21,71907876,71907877
13171480,,5,2021-03-09 11:13:35,71907876,71907877
805206,,5,2021-03-09 10:47:18,71907876,71907877
17947236,,5,2021-03-09 10:06:32,71907876,71907877
12488903,,5,2021-03-09 10:05:24,71907876,71907877
10453337,,5,2021-03-09 10:05:24,71907876,71907877
18567627,,5,2021-03-09 09:40:41,71907876,71907877
8487649,,5,2021-03-09 09:22:04,71907876,71907877
6308338,,5,2021-03-09 07:41:56,71907876,71907877
20294308,Hay,5,2021-02-19 14:31:43,71907876,71907877
8368702,,5,2021-03-09 00:45:36,71907876,71907877
12570583,,5,2021-03-09 00:03:17,71907876,71907877
11048026,,5,2021-03-08 22:42:07,71907876,71907877
20381753,,5,2021-03-08 21:47:29,71907876,71907877
19814833,,5,2021-03-08 21:41:53,71907876,71907877
8264736,,5,2021-03-08 21:26:06,71907876,71907877
20342929,,5,2021-03-08 20:44:33,71907876,71907877
7974016,,5,2021-03-08 20:25:30,71907876,71907877
20351806,,5,2021-03-08 18:14:01,71907876,71907877
10019929,,5,2021-03-08 18:06:27,71907876,71907877
17470595,,5,2021-03-08 18:01:09,71907876,71907877
15622434,,5,2021-03-08 14:11:29,71907876,71907877
17426316,,5,2021-03-08 14:09:22,71907876,71907877
17300746,,5,2021-03-08 11:06:49,71907876,71907877
12826584,,5,2021-03-08 10:45:32,71907876,71907877
16123793,Sp đẹp,5,2021-01-14 18:32:45,71907876,71907877
265171,,5,2021-03-08 06:51:52,71907876,71907877
8887176,,5,2021-03-08 06:33:34,71907876,71907877
6370948,,5,2021-03-08 00:09:10,71907876,71907877
20606862,,5,2021-03-07 21:30:24,71907876,71907877
17449485,,5,2021-03-07 19:14:58,71907876,71907877
19681758,,5,2021-03-07 18:22:45,71907876,71907877
329596,,5,2021-03-07 15:29:25,71907876,71907877
20629061,,5,2021-03-07 14:37:19,71907876,71907877
8714969,hay,5,2021-02-18 01:23:31,71907876,71907877
748690,,5,2021-03-07 13:31:59,71907876,71907877
1285041,,5,2021-03-07 09:45:53,71907876,71907877
12457318,,5,2021-03-07 08:41:30,71907876,71907877
8366290,,5,2021-03-07 07:34:47,71907876,71907877
19716027,,5,2021-03-07 03:23:14,71907876,71907877
11952002,sách tốt lắm,5,2020-11-27 15:32:09,71907876,71907877
15819916,,5,2021-03-06 23:50:55,71907876,71907877
9246633,,5,2021-03-06 21:20:03,71907876,71907877
11243249,,5,2021-03-06 20:21:48,71907876,71907877
18585976,,5,2021-03-06 17:14:23,71907876,71907877
20030462,tốt,5,2021-01-30 14:23:59,71907876,71907877
6699419,,5,2021-03-06 15:45:33,71907876,71907877
13735826,,5,2021-03-06 14:32:10,71907876,71907877
18735207,,5,2021-03-06 13:24:58,71907876,71907877
16208991,,5,2021-03-06 10:43:52,71907876,71907877
11381087,,5,2021-03-06 10:34:09,71907876,71907877
305835,Rất vui :))),5,2020-12-14 14:00:00,71907876,71907877
19191543,,5,2021-03-06 09:28:03,71907876,71907877
2046928,,5,2021-03-06 06:48:28,71907876,71907877
7894429,,5,2021-03-05 21:19:37,71907876,71907877
11016214,,5,2021-03-05 19:35:50,71907876,71907877
20551448,,5,2021-03-05 19:18:53,71907876,71907877
15755586,,5,2021-03-05 19:06:29,71907876,71907877
16668519,,5,2021-03-05 18:34:32,71907876,71907877
12799213,,5,2021-03-05 18:05:55,71907876,71907877
11926905,,5,2021-03-05 17:50:34,71907876,71907877
20382952,,5,2021-03-05 16:59:33,71907876,71907877
14503986,,5,2021-03-05 13:50:18,71907876,71907877
6220068,,5,2021-03-05 11:09:09,71907876,71907877
1632147,,5,2021-03-05 10:06:07,71907876,71907877
18278027,,5,2021-03-05 10:03:48,71907876,71907877
202504,,5,2021-03-05 09:13:23,71907876,71907877
19470900,,5,2021-03-05 08:21:26,71907876,71907877
8368603,,5,2021-03-05 01:10:31,71907876,71907877
10005447,,5,2021-03-04 22:30:34,71907876,71907877
20515114,,5,2021-03-04 20:42:04,71907876,71907877
10074611,,5,2021-03-04 19:21:03,71907876,71907877
19189328,,5,2021-03-04 18:18:29,71907876,71907877
15663312,,5,2021-03-04 16:28:49,71907876,71907877
16787157,,5,2021-03-04 13:49:50,71907876,71907877
20544602,,5,2021-03-04 12:17:00,71907876,71907877
14802084,,5,2021-03-04 11:38:57,71907876,71907877
5842369,,5,2021-03-04 11:29:00,71907876,71907877
19568608,,5,2021-03-04 11:14:33,71907876,71907877
12447817,,5,2021-03-04 10:40:43,71907876,71907877
5411183,,5,2021-03-04 10:13:52,71907876,71907877
12017374,,5,2021-03-04 09:10:44,71907876,71907877
20437488,,5,2021-03-04 08:10:07,71907876,71907877
14656180,,5,2021-03-04 02:10:57,71907876,71907877
9844128,,5,2021-03-03 23:48:10,71907876,71907877
7133841,,5,2021-03-03 22:24:35,71907876,71907877
17999748,,5,2021-03-03 21:21:48,71907876,71907877
152977,,5,2021-03-03 20:41:04,71907876,71907877
19911515,,5,2021-03-03 20:03:36,71907876,71907877
5118542,,5,2021-03-03 18:53:15,71907876,71907877
13981617,,5,2021-03-03 18:26:56,71907876,71907877
20561675,,5,2021-03-03 17:18:45,71907876,71907877
14348109,,5,2021-03-03 15:36:14,71907876,71907877
1981004,,5,2021-03-03 15:27:54,71907876,71907877
1201035,,5,2021-03-03 13:40:54,71907876,71907877
5539374,,5,2021-03-03 13:13:25,71907876,71907877
19645898,,5,2021-03-03 12:12:59,71907876,71907877
20133950,,5,2021-03-03 11:55:16,71907876,71907877
13316739,,5,2021-03-03 10:25:45,71907876,71907877
5686891,Hay,5,2021-02-13 21:25:45,71907876,71907877
959673,,5,2021-03-03 10:11:41,71907876,71907877
5938899,,5,2021-03-03 08:46:54,71907876,71907877
6445769,,5,2021-03-03 02:09:57,71907876,71907877
12263568,,5,2021-03-02 23:57:51,71907876,71907877
21101,Nice book,5,2021-01-09 08:11:01,71907876,71907877
20189862,hayy,5,2021-02-07 13:26:14,71907876,71907877
20363581,,5,2021-03-02 22:26:49,71907876,71907877
5670361,,5,2021-03-02 22:18:55,71907876,71907877
9035565,,5,2021-03-02 21:23:04,71907876,71907877
18177520,,5,2021-03-02 21:14:05,71907876,71907877
19935350,Vì hay,5,2021-01-20 22:11:32,71907876,71907877
18204095,,5,2021-03-02 19:22:36,71907876,71907877
13665387,,5,2021-03-02 19:10:00,71907876,71907877
8486581,,5,2021-03-02 16:51:05,71907876,71907877
5879978,,5,2021-03-02 13:17:57,71907876,71907877
17506038,,5,2021-03-02 12:22:35,71907876,71907877
18866501,,5,2021-03-02 11:24:12,71907876,71907877
1187689,,5,2021-03-02 09:46:41,71907876,71907877
14572768,,5,2021-03-02 09:40:39,71907876,71907877
12349278,,5,2021-03-02 08:44:17,71907876,71907877
16405756,,5,2021-03-02 08:36:03,71907876,71907877
12402091,,5,2021-03-02 06:54:19,71907876,71907877
19117905,,5,2021-03-02 06:12:12,71907876,71907877
19786914,,5,2021-03-01 23:55:09,71907876,71907877
2110125,,5,2021-03-01 23:00:43,71907876,71907877
15874734,,5,2021-03-01 22:58:43,71907876,71907877
18290860,,5,2021-03-01 22:27:12,71907876,71907877
20473279,,5,2021-03-01 21:56:54,71907876,71907877
10619865,,5,2021-03-01 20:54:58,71907876,71907877
19800125,,5,2021-03-01 20:28:37,71907876,71907877
11113643,,5,2021-03-01 20:08:30,71907876,71907877
15946170,,5,2021-03-01 19:02:40,71907876,71907877
20242149,,5,2021-03-01 18:38:19,71907876,71907877
986207,,5,2021-03-01 18:32:15,71907876,71907877
20515729,,5,2021-03-01 18:19:34,71907876,71907877
5242126,,5,2021-03-01 16:16:31,71907876,71907877
1414371,,5,2021-03-01 13:42:19,71907876,71907877
10079880,,5,2021-03-01 13:09:50,71907876,71907877
5611512,,5,2021-03-01 13:03:05,71907876,71907877
15265146,,5,2021-03-01 12:35:32,71907876,71907877
13370169,,5,2021-03-01 12:32:10,71907876,71907877
7332570,,5,2021-03-01 11:10:51,71907876,71907877
20386117,,5,2021-03-01 10:25:47,71907876,71907877
20519485,,5,2021-03-01 08:58:39,71907876,71907877
14061685,,5,2021-03-01 08:00:47,71907876,71907877
5854599,,5,2021-03-01 07:24:17,71907876,71907877
17205925,,5,2021-03-01 01:28:59,71907876,71907877
17382449,,5,2021-02-28 23:40:27,71907876,71907877
10493188,,5,2021-02-28 22:43:16,71907876,71907877
14130511,,5,2021-02-28 22:36:07,71907876,71907877
13015013,,5,2021-02-28 21:46:24,71907876,71907877
17907982,,5,2021-02-28 21:32:29,71907876,71907877
1520732,,5,2021-02-28 19:49:48,71907876,71907877
7559535,,5,2021-02-28 18:55:57,71907876,71907877
8503541,,5,2021-02-28 17:56:29,71907876,71907877
5290941,,5,2021-02-28 17:27:09,71907876,71907877
7921349,,5,2021-02-28 17:16:09,71907876,71907877
15644862,,5,2021-02-28 15:21:44,71907876,71907877
18295245,,5,2021-02-28 14:43:08,71907876,71907877
20460029,,5,2021-02-28 14:23:05,71907876,71907877
14934660,,5,2021-02-28 13:45:17,71907876,71907877
6215672,,5,2021-02-28 11:50:30,71907876,71907877
7108432,,5,2021-02-28 10:34:02,71907876,71907877
9050043,,5,2021-02-28 09:55:36,71907876,71907877
17904761,,5,2021-02-28 04:30:13,71907876,71907877
14412051,,5,2021-02-27 21:37:30,71907876,71907877
20237574,,5,2021-02-27 21:27:25,71907876,71907877
1480473,,5,2021-02-27 19:34:27,71907876,71907877
1601457,,5,2021-02-27 18:24:35,71907876,71907877
11486215,,5,2021-02-27 18:19:00,71907876,71907877
12482127,,5,2021-02-27 17:29:39,71907876,71907877
12156139,u,5,2021-02-21 19:16:45,71907876,71907877
9971259,,5,2021-02-27 15:34:46,71907876,71907877
13161811,,5,2021-02-27 14:05:32,71907876,71907877
10771622,,5,2021-02-27 12:28:35,71907876,71907877
10159573,,5,2021-02-27 12:13:24,71907876,71907877
20077290,,5,2021-02-27 12:12:05,71907876,71907877
20014187,tốt,5,2021-01-29 06:42:09,71907876,71907877
1609009,,5,2021-02-27 11:24:59,71907876,71907877
617445,,5,2021-02-27 10:42:17,71907876,71907877
7175888,,5,2021-02-27 09:50:06,71907876,71907877
13280530,,5,2021-02-27 09:22:24,71907876,71907877
20311837,,5,2021-02-27 08:45:30,71907876,71907877
14447329,,5,2021-02-27 06:39:40,71907876,71907877
1543247,,5,2021-02-27 06:10:23,71907876,71907877
18403910,,5,2021-02-27 00:11:00,71907876,71907877
19758352,,5,2021-02-26 23:11:58,71907876,71907877
7938235,,5,2021-02-26 22:55:34,71907876,71907877
10726713,,5,2021-02-26 22:26:55,71907876,71907877
7947816,,5,2021-02-26 22:08:22,71907876,71907877
1371736,,5,2021-02-26 21:59:27,71907876,71907877
14247204,,5,2021-02-26 21:53:13,71907876,71907877
7936031,,5,2021-02-26 21:34:44,71907876,71907877
13229277,Giấy oke,5,2020-12-30 10:33:55,71907876,71907877
2122657,,5,2021-02-26 20:32:13,71907876,71907877
6972512,,5,2021-02-26 19:45:35,71907876,71907877
14185954,,5,2021-02-26 19:37:53,71907876,71907877
14287049,,5,2021-02-26 19:09:25,71907876,71907877
7945022,,5,2021-02-26 19:02:47,71907876,71907877
20458692,,5,2021-02-26 18:01:23,71907876,71907877
19689827,,5,2021-02-26 18:00:47,71907876,71907877
16782087,,5,2021-02-26 17:00:45,71907876,71907877
14924869,,5,2021-02-26 16:07:01,71907876,71907877
20443149,,5,2021-02-26 13:04:07,71907876,71907877
7868729,,5,2021-02-26 12:35:37,71907876,71907877
20445372,,5,2021-02-26 11:17:37,71907876,71907877
14379008,,5,2021-02-26 11:04:40,71907876,71907877
20453382,,5,2021-02-26 11:03:41,71907876,71907877
5686789,,5,2021-02-26 10:55:01,71907876,71907877
1916300,sách cực vui,5,2020-11-30 18:08:23,71907876,71907877
11514617,,5,2021-02-26 10:09:07,71907876,71907877
974968,,5,2021-02-26 01:59:53,71907876,71907877
9023004,,5,2021-02-26 01:31:08,71907876,71907877
19372197,,5,2021-02-25 23:48:10,71907876,71907877
19065527,,5,2021-02-25 22:14:10,71907876,71907877
15039003,,5,2021-02-25 22:10:00,71907876,71907877
11229795,,5,2021-02-25 19:49:09,71907876,71907877
15241880,,5,2021-02-25 19:02:48,71907876,71907877
18528059,,5,2021-02-25 18:58:50,71907876,71907877
16682447,,5,2021-02-25 18:39:35,71907876,71907877
8060401,,5,2021-02-25 18:04:41,71907876,71907877
7551577,,5,2021-02-25 16:45:34,71907876,71907877
14684885,,5,2021-02-25 15:04:39,71907876,71907877
19414754,khá ưng ý,5,2020-12-17 10:47:48,71907876,71907877
906554,,5,2021-02-25 12:54:40,71907876,71907877
20420977,,5,2021-02-25 11:51:43,71907876,71907877
16014357,,5,2021-02-25 11:43:41,71907876,71907877
16554632,,5,2021-02-25 11:22:25,71907876,71907877
10184539,,5,2021-02-25 11:19:49,71907876,71907877
1653473,,5,2021-02-25 11:17:31,71907876,71907877
19753712,,5,2021-02-25 11:16:31,71907876,71907877
12600866,,5,2021-02-25 11:04:02,71907876,71907877
13426210,,5,2021-02-25 11:00:23,71907876,71907877
8275386,,5,2021-02-25 10:58:36,71907876,71907877
12048926,,5,2021-02-25 10:38:22,71907876,71907877
8165569,,5,2021-02-25 10:04:38,71907876,71907877
20205588,,5,2021-02-25 09:09:09,71907876,71907877
7936655,Ok,5,2021-02-13 13:35:01,71907876,71907877
20336703,,5,2021-02-25 00:49:31,71907876,71907877
12595221,,5,2021-02-24 23:25:50,71907876,71907877
305656,,5,2021-02-24 22:54:45,71907876,71907877
6158935,,5,2021-02-24 18:25:00,71907876,71907877
7284364,,5,2021-02-24 17:53:09,71907876,71907877
15122339,,5,2021-02-24 17:19:22,71907876,71907877
10280545,,5,2021-02-24 16:03:24,71907876,71907877
18233764,,5,2021-02-24 14:36:34,71907876,71907877
5816172,,5,2021-02-24 14:37:32,71907876,71907877
20057982,,5,2021-02-24 14:28:00,71907876,71907877
14535626,,5,2021-02-24 13:56:54,71907876,71907877
12492453,,5,2021-02-24 13:47:01,71907876,71907877
891517,,5,2021-02-24 13:15:05,71907876,71907877
14844600,,5,2021-02-24 13:07:07,71907876,71907877
14211811,,5,2021-02-24 12:48:26,71907876,71907877
19834467,,5,2021-02-24 12:34:05,71907876,71907877
19323322,,5,2021-02-24 11:59:12,71907876,71907877
10740703,,5,2021-02-24 11:59:13,71907876,71907877
665422,,5,2021-02-24 11:19:56,71907876,71907877
17546294,,5,2021-02-24 10:54:45,71907876,71907877
8450467,,5,2021-02-24 10:44:10,71907876,71907877
18672457,,5,2021-02-24 10:13:46,71907876,71907877
5280446,,5,2021-02-24 09:52:31,71907876,71907877
15953847,,5,2021-02-24 08:59:53,71907876,71907877
14298042,,5,2021-02-24 04:16:46,71907876,71907877
18923478,tẹt vời,5,2020-12-21 18:33:19,71907876,71907877
8491792,,5,2021-02-23 22:13:12,71907876,71907877
11593721,,5,2021-02-23 22:06:47,71907876,71907877
19783297,,5,2021-02-23 21:00:19,71907876,71907877
18124284,,5,2021-02-23 19:13:00,71907876,71907877
12428290,,5,2021-02-23 18:10:02,71907876,71907877
20396670,,5,2021-02-23 17:44:45,71907876,71907877
11768883,,5,2021-02-23 16:49:30,71907876,71907877
1655602,,5,2021-02-23 16:24:08,71907876,71907877
19732645,,5,2021-02-23 16:24:16,71907876,71907877
20421993,,5,2021-02-23 15:25:28,71907876,71907877
16123929,,5,2021-02-23 15:14:19,71907876,71907877
13266736,,5,2021-02-23 15:04:46,71907876,71907877
1260449,,5,2021-02-23 14:58:37,71907876,71907877
440165,,5,2021-02-23 14:46:37,71907876,71907877
19834984,,5,2021-02-23 13:54:06,71907876,71907877
20307957,,5,2021-02-23 13:26:06,71907876,71907877
18778882,,5,2021-02-23 12:57:36,71907876,71907877
19736673,,5,2021-02-23 12:20:29,71907876,71907877
879550,,5,2021-02-23 12:09:57,71907876,71907877
9096561,,5,2021-02-23 11:38:20,71907876,71907877
6151197,,5,2021-02-23 11:24:52,71907876,71907877
12780219,,5,2021-02-23 10:46:52,71907876,71907877
699348,,5,2021-02-23 10:07:21,71907876,71907877
8582464,,5,2021-02-23 09:48:24,71907876,71907877
5256653,,5,2021-02-23 01:58:24,71907876,71907877
9102773,,5,2021-02-22 22:48:39,71907876,71907877
12549481,,5,2021-02-22 22:44:27,71907876,71907877
6666214,,5,2021-02-22 22:02:19,71907876,71907877
311856,,5,2021-02-22 19:45:27,71907876,71907877
5924800,,5,2021-02-22 17:51:22,71907876,71907877
6067144,💞💞💞,5,2020-12-14 13:14:14,71907876,71907877
20391914,,5,2021-02-22 16:04:10,71907876,71907877
16473721,,5,2021-02-22 15:50:49,71907876,71907877
7607976,,5,2021-02-22 15:17:44,71907876,71907877
18082854,,5,2021-02-22 15:16:02,71907876,71907877
20282975,,5,2021-02-22 15:13:27,71907876,71907877
10662715,,5,2021-02-22 14:40:19,71907876,71907877
16472465,,5,2021-02-22 14:02:47,71907876,71907877
7940000,,5,2021-02-22 12:17:23,71907876,71907877
14853883,,5,2021-02-22 12:05:40,71907876,71907877
12672284,,5,2021-02-22 12:02:24,71907876,71907877
16114156,,5,2021-02-22 11:36:05,71907876,71907877
13225,,5,2021-02-22 11:21:23,71907876,71907877
17835132,,5,2021-02-22 11:11:33,71907876,71907877
1900488,,5,2021-02-22 10:22:06,71907876,71907877
18148354,,5,2021-02-22 09:15:52,71907876,71907877
18538568,,5,2021-02-22 08:43:59,71907876,71907877
12059300,,5,2021-02-22 06:48:11,71907876,71907877
15777043,,5,2021-02-22 06:32:39,71907876,71907877
10482443,Rất tốt,5,2020-12-19 20:46:41,71907876,71907877
10121104,,5,2021-02-22 02:27:12,71907876,71907877
6658023,,5,2021-02-22 01:26:43,71907876,71907877
5175947,,5,2021-02-22 01:15:53,71907876,71907877
20041677,,5,2021-02-21 23:17:08,71907876,71907877
18517776,,5,2021-02-21 22:20:41,71907876,71907877
10398734,,5,2021-02-21 21:07:40,71907876,71907877
10554135,,5,2021-02-21 20:58:08,71907876,71907877
13619037,,5,2021-02-21 20:30:34,71907876,71907877
1679299,,5,2021-02-21 20:20:57,71907876,71907877
15882416,,5,2021-02-21 20:10:22,71907876,71907877
20335933,,5,2021-02-21 20:04:45,71907876,71907877
119282,,5,2021-02-21 18:13:01,71907876,71907877
1878015,,5,2021-02-21 18:08:54,71907876,71907877
7191373,,5,2021-02-21 16:56:54,71907876,71907877
20318460,,5,2021-02-21 15:34:47,71907876,71907877
13088937,,5,2021-02-21 14:51:12,71907876,71907877
9859661,,5,2021-02-21 14:13:20,71907876,71907877
5657282,,5,2021-02-21 13:38:43,71907876,71907877
8573984,,5,2021-02-21 11:46:42,71907876,71907877
8477291,,5,2021-02-21 10:59:27,71907876,71907877
8205030,,5,2021-02-21 10:41:11,71907876,71907877
19760538,,5,2021-02-21 10:23:40,71907876,71907877
10847388,,5,2021-02-21 09:37:50,71907876,71907877
7313171,,5,2021-02-21 09:20:57,71907876,71907877
20311827,,5,2021-02-21 09:09:08,71907876,71907877
15680021,,5,2021-02-21 07:57:46,71907876,71907877
14386748,,5,2021-02-21 06:35:01,71907876,71907877
585290,,5,2021-02-21 00:09:06,71907876,71907877
13210610,,5,2021-02-20 20:01:56,71907876,71907877
20351385,,5,2021-02-20 18:37:01,71907876,71907877
20363251,,5,2021-02-20 18:20:13,71907876,71907877
18713703,,5,2021-02-20 17:36:15,71907876,71907877
14710382,,5,2021-02-20 17:18:22,71907876,71907877
20340138,,5,2021-02-20 16:39:07,71907876,71907877
16922882,,5,2021-02-20 15:40:51,71907876,71907877
19627866,,5,2021-02-20 15:07:56,71907876,71907877
6768878,,5,2021-02-20 12:54:10,71907876,71907877
20217311,,5,2021-02-20 11:24:39,71907876,71907877
13816471,,5,2021-02-20 10:48:18,71907876,71907877
18373321,,5,2021-02-20 10:25:30,71907876,71907877
20145149,,5,2021-02-20 10:15:14,71907876,71907877
11343252,,5,2021-02-20 10:04:55,71907876,71907877
8302342,,5,2021-02-20 10:02:48,71907876,71907877
20319215,,5,2021-02-20 09:15:59,71907876,71907877
1103667,,5,2021-02-20 09:16:46,71907876,71907877
16708040,,5,2021-02-20 08:18:00,71907876,71907877
1743159,,5,2021-02-20 08:03:00,71907876,71907877
873915,,5,2021-02-20 04:05:33,71907876,71907877
1684865,,5,2021-02-20 00:14:16,71907876,71907877
10512918,,5,2021-02-19 22:58:33,71907876,71907877
19063933,,5,2021-02-19 22:07:26,71907876,71907877
19969996,,5,2021-02-19 21:20:48,71907876,71907877
20258281,,5,2021-02-19 21:04:29,71907876,71907877
2001296,,5,2021-02-19 20:37:25,71907876,71907877
19601429,,5,2021-02-19 20:31:32,71907876,71907877
18981859,,5,2021-02-19 19:55:19,71907876,71907877
14199,,5,2021-02-19 19:39:46,71907876,71907877
8160272,,5,2021-02-19 18:59:55,71907876,71907877
6308117,,5,2021-02-19 17:10:16,71907876,71907877
20268771,,5,2021-02-19 15:18:40,71907876,71907877
6241917,,5,2021-02-19 15:03:09,71907876,71907877
19780578,,5,2021-02-19 15:00:18,71907876,71907877
10517608,,5,2021-02-19 14:46:39,71907876,71907877
14190503,,5,2021-02-19 14:16:50,71907876,71907877
7942298,,5,2021-02-19 13:20:50,71907876,71907877
17909835,,5,2021-02-19 13:17:05,71907876,71907877
16420624,,5,2021-02-19 12:59:15,71907876,71907877
12506539,,5,2021-02-19 12:53:45,71907876,71907877
20352275,,5,2021-02-19 12:19:34,71907876,71907877
11004235,,5,2021-02-19 11:40:24,71907876,71907877
15930281,,5,2021-02-19 10:51:11,71907876,71907877
16207057,,5,2021-02-19 10:28:09,71907876,71907877
20292600,,5,2021-02-19 10:24:59,71907876,71907877
1946084,,5,2021-02-19 10:12:13,71907876,71907877
20170491,,5,2021-02-19 10:04:50,71907876,71907877
11775062,,5,2021-02-19 06:02:57,71907876,71907877
6987150,,5,2021-02-19 05:47:49,71907876,71907877
2151342,Oki,5,2021-02-01 16:10:26,71907876,71907877
13340820,,5,2021-02-18 22:14:42,71907876,71907877
14443865,,5,2021-02-18 21:46:43,71907876,71907877
5764652,,5,2021-02-18 21:38:49,71907876,71907877
5639713,quá tốt,5,2020-12-22 10:27:36,71907876,71907877
16463163,,5,2021-02-18 20:57:25,71907876,71907877
6694817,,5,2021-02-18 20:33:18,71907876,71907877
8976641,,5,2021-02-18 18:42:31,71907876,71907877
14078624,,5,2021-02-18 18:16:16,71907876,71907877
20294785,,5,2021-02-18 17:53:28,71907876,71907877
20323017,,5,2021-02-18 17:49:19,71907876,71907877
19062946,,5,2021-02-18 17:24:39,71907876,71907877
12431250,,5,2021-02-18 17:14:22,71907876,71907877
9840696,,5,2021-02-18 15:40:40,71907876,71907877
20216064,,5,2021-02-18 15:25:58,71907876,71907877
13320758,,5,2021-02-18 15:26:26,71907876,71907877
19782076,,5,2021-02-18 15:16:32,71907876,71907877
19510273,,5,2021-02-18 15:08:40,71907876,71907877
5396510,,5,2021-02-18 14:40:25,71907876,71907877
17369189,,5,2021-02-18 14:04:55,71907876,71907877
12785099,,5,2021-02-18 13:35:45,71907876,71907877
18409155,,5,2021-02-18 12:38:33,71907876,71907877
10102625,,5,2021-02-18 12:19:10,71907876,71907877
7939432,,5,2021-02-18 12:15:44,71907876,71907877
20277213,,5,2021-02-18 11:32:30,71907876,71907877
12116638,,5,2021-02-18 11:12:20,71907876,71907877
5899289,,5,2021-02-18 10:55:04,71907876,71907877
19064868,,5,2021-02-18 10:46:38,71907876,71907877
9977036,,5,2021-02-18 10:42:26,71907876,71907877
19791751,,5,2021-02-18 09:02:12,71907876,71907877
1202102,,5,2021-02-18 08:21:44,71907876,71907877
19618777,,5,2021-02-18 07:52:29,71907876,71907877
19580736,ổn,5,2021-01-25 22:18:31,71907876,71907877
19604152,,5,2021-02-18 06:58:13,71907876,71907877
20156836,,5,2021-02-18 01:01:59,71907876,71907877
76149,,5,2021-02-18 00:43:38,71907876,71907877
1425296,,5,2021-02-17 23:15:31,71907876,71907877
16425192,,5,2021-02-17 21:21:13,71907876,71907877
9123574,,5,2021-02-17 21:01:38,71907876,71907877
16815590,,5,2021-02-17 20:23:42,71907876,71907877
997428,,5,2021-02-17 20:09:13,71907876,71907877
7838305,,5,2021-02-17 19:05:06,71907876,71907877
17869308,,5,2021-02-17 18:20:51,71907876,71907877
8024078,,5,2021-02-17 18:14:12,71907876,71907877
9561789,,5,2021-02-17 17:20:30,71907876,71907877
17638109,,5,2021-02-17 14:56:24,71907876,71907877
19777694,tuyệt,5,2021-01-07 16:45:04,71907876,71907877
12328115,,5,2021-02-17 14:30:45,71907876,71907877
2003649,ok,5,2021-02-05 20:23:31,71907876,71907877
5985193,Cũng được,5,2020-11-27 16:42:07,71907876,71907877
13484416,,5,2021-02-17 12:42:04,71907876,71907877
12390000,,5,2021-02-17 12:31:52,71907876,71907877
19107431,,5,2021-02-17 11:45:39,71907876,71907877
19758144,,5,2021-02-17 11:39:10,71907876,71907877
12982666,,5,2021-02-17 11:23:52,71907876,71907877
20317877,,5,2021-02-17 10:08:41,71907876,71907877
18428129,,5,2021-02-17 09:06:30,71907876,71907877
19964078,,5,2021-02-17 08:42:14,71907876,71907877
13011147,,5,2021-02-17 08:35:36,71907876,71907877
10567838,Ok,5,2021-02-05 15:13:35,71907876,71907877
18520512,,5,2021-02-16 22:57:24,71907876,71907877
5567359,,5,2021-02-16 22:45:25,71907876,71907877
17285335,,5,2021-02-16 22:12:36,71907876,71907877
15710198,,5,2021-02-16 20:19:02,71907876,71907877
10795218,,5,2021-02-16 18:57:17,71907876,71907877
19160792,,5,2021-02-16 18:46:05,71907876,71907877
16702327,,5,2021-02-16 17:44:56,71907876,71907877
20323952,,5,2021-02-16 17:07:00,71907876,71907877
19422718,,5,2021-02-16 15:29:24,71907876,71907877
17629097,,5,2021-02-16 14:27:52,71907876,71907877
16210090,,5,2021-02-16 11:24:49,71907876,71907877
18140459,,5,2021-02-16 10:27:27,71907876,71907877
15383731,,5,2021-02-16 10:20:32,71907876,71907877
19822084,,5,2021-02-16 09:50:48,71907876,71907877
7838064,,5,2021-02-16 09:22:32,71907876,71907877
8883705,Good,5,2021-01-23 16:51:50,71907876,71907877
5282765,,5,2021-02-16 00:45:57,71907876,71907877
3299881,,5,2021-02-15 23:31:20,71907876,71907877
12641509,,5,2021-02-15 22:32:17,71907876,71907877
11667278,,5,2021-02-15 20:21:19,71907876,71907877
1344932,,5,2021-02-15 17:13:10,71907876,71907877
12197915,,5,2021-02-15 11:32:44,71907876,71907877
12028955,,5,2021-02-15 03:00:12,71907876,71907877
9959177,,5,2021-02-14 22:14:00,71907876,71907877
14440252,,5,2021-02-14 21:20:59,71907876,71907877
20093500,,5,2021-02-14 19:48:46,71907876,71907877
7713942,,5,2021-02-14 18:46:40,71907876,71907877
9765830,,5,2021-02-14 17:11:26,71907876,71907877
20160525,,5,2021-02-14 15:37:34,71907876,71907877
2098197,,5,2021-02-14 15:38:16,71907876,71907877
14657706,,5,2021-02-14 12:18:58,71907876,71907877
18913927,,5,2021-02-14 01:06:28,71907876,71907877
8314786,,5,2021-02-13 21:07:14,71907876,71907877
16857853,,5,2021-02-13 17:57:54,71907876,71907877
8885089,,5,2021-02-13 14:02:15,71907876,71907877
19842850,,5,2021-02-13 12:03:48,71907876,71907877
1610362,,5,2021-02-13 11:18:41,71907876,71907877
6976033,,5,2021-02-13 10:27:13,71907876,71907877
1346976,,5,2021-02-12 22:21:45,71907876,71907877
9709221,,5,2021-02-12 19:53:04,71907876,71907877
6957981,,5,2021-02-12 15:31:04,71907876,71907877
7205030,,5,2021-02-12 12:44:41,71907876,71907877
5888816,,5,2021-02-12 12:10:12,71907876,71907877
13929156,,5,2021-02-12 10:16:52,71907876,71907877
19841421,hay,5,2021-01-25 10:54:09,71907876,71907877
17748655,,5,2021-02-11 18:53:37,71907876,71907877
15366472,,5,2021-02-11 13:17:42,71907876,71907877
5167476,,5,2021-02-11 11:51:29,71907876,71907877
7378684,,5,2021-02-10 19:37:59,71907876,71907877
1277611,,5,2021-02-10 14:26:19,71907876,71907877
17946737,,5,2021-02-10 14:01:49,71907876,71907877
5831818,,5,2021-02-10 13:32:25,71907876,71907877
12476451,,5,2021-02-10 12:01:20,71907876,71907877
17447389,,5,2021-02-10 10:35:13,71907876,71907877
8105604,,5,2021-02-10 08:16:55,71907876,71907877
20257313,,5,2021-02-09 23:19:53,71907876,71907877
13987807,,5,2021-02-09 21:58:29,71907876,71907877
19882424,,5,2021-02-09 21:36:31,71907876,71907877
5865050,,5,2021-02-09 19:32:00,71907876,71907877
19478606,,5,2021-02-09 15:53:56,71907876,71907877
10764932,,5,2021-02-09 14:23:04,71907876,71907877
12203088,,5,2021-02-09 14:20:38,71907876,71907877
20244648,,5,2021-02-09 13:58:26,71907876,71907877
14013996,,5,2021-02-09 11:46:56,71907876,71907877
133770,,5,2021-02-09 07:43:13,71907876,71907877
14953006,Ok,5,2021-01-28 08:39:14,71907876,71907877
470790,,5,2021-02-08 23:02:03,71907876,71907877
16041889,,5,2021-02-08 19:58:38,71907876,71907877
20124200,,5,2021-02-08 19:17:08,71907876,71907877
11354917,,5,2021-02-08 18:37:36,71907876,71907877
13785294,,5,2021-02-08 18:31:26,71907876,71907877
13625447,,5,2021-02-08 17:50:55,71907876,71907877
20215386,,5,2021-02-08 17:03:34,71907876,71907877
16168723,,5,2021-02-08 15:18:14,71907876,71907877
20160094,,5,2021-02-08 11:00:00,71907876,71907877
883733,,5,2021-02-08 10:56:40,71907876,71907877
20176645,,5,2021-02-08 10:20:05,71907876,71907877
19969449,,5,2021-02-08 10:15:50,71907876,71907877
14928173,doz,5,2021-01-21 19:09:12,71907876,71907877
1264015,,5,2021-02-08 00:41:47,71907876,71907877
19622494,tuyet,5,2021-01-09 18:25:30,71907876,71907877
8881437,,5,2021-02-07 21:29:18,71907876,71907877
5627199,,5,2021-02-07 21:13:17,71907876,71907877
52359,,5,2021-02-07 20:28:29,71907876,71907877
17663047,,5,2021-02-07 20:16:39,71907876,71907877
20104855,,5,2021-02-07 16:54:05,71907876,71907877
5955315,,5,2021-02-07 15:22:54,71907876,71907877
5095341,,5,2021-02-07 14:54:22,71907876,71907877
5157159,,5,2021-02-07 13:21:24,71907876,71907877
19606513,,5,2021-02-07 13:05:31,71907876,71907877
18734328,,5,2021-02-07 12:40:42,71907876,71907877
11644652,,5,2021-02-07 12:03:38,71907876,71907877
135445,,5,2021-02-07 11:37:55,71907876,71907877
14208255,,5,2021-02-07 10:53:37,71907876,71907877
19830107,,5,2021-02-07 10:12:30,71907876,71907877
862286,được,5,2020-12-22 14:04:31,71907876,71907877
20002266,ok,5,2021-01-26 03:27:42,71907876,71907877
11504348,,5,2021-02-06 19:38:21,71907876,71907877
18423287,,5,2021-02-06 19:36:34,71907876,71907877
18860979,,5,2021-02-06 16:58:13,71907876,71907877
14271189,,5,2021-02-06 10:32:21,71907876,71907877
17418495,,5,2021-02-06 09:30:52,71907876,71907877
15779415,,5,2021-02-06 09:10:00,71907876,71907877
13758433,Ok,5,2021-01-25 16:28:30,71907876,71907877
8722531,,5,2021-02-06 08:46:30,71907876,71907877
6767609,,5,2021-02-06 00:07:28,71907876,71907877
20164861,,5,2021-02-05 23:50:25,71907876,71907877
9965671,,5,2021-02-05 23:47:07,71907876,71907877
14717942,,5,2021-02-05 23:13:47,71907876,71907877
17249928,,5,2021-02-05 20:55:57,71907876,71907877
6571125,hay,5,2021-01-19 03:44:11,71907876,71907877
795091,,5,2021-02-05 16:03:08,71907876,71907877
20161782,,5,2021-02-05 14:31:23,71907876,71907877
17585185,,5,2021-02-05 14:00:06,71907876,71907877
13563375,,5,2021-02-05 13:34:15,71907876,71907877
7912500,,5,2021-02-05 13:27:21,71907876,71907877
12097791,,5,2021-02-05 09:30:40,71907876,71907877
18474814,,5,2021-02-05 08:46:38,71907876,71907877
20181166,,5,2021-02-05 08:36:40,71907876,71907877
1271760,,5,2021-02-04 23:51:04,71907876,71907877
19417523,,5,2021-02-04 21:21:45,71907876,71907877
5799496,,5,2021-02-04 21:08:00,71907876,71907877
19938139,,5,2021-02-04 21:00:02,71907876,71907877
10929964,,5,2021-02-04 15:10:20,71907876,71907877
20136294,,5,2021-02-04 14:04:38,71907876,71907877
6954314,,5,2021-02-04 14:04:40,71907876,71907877
53540,,5,2021-02-04 13:35:11,71907876,71907877
8775153,,5,2021-02-04 13:33:38,71907876,71907877
14427914,,5,2021-02-04 10:41:22,71907876,71907877
8973323,,5,2021-02-04 10:10:47,71907876,71907877
17207630,,5,2021-02-04 09:20:33,71907876,71907877
6804439,,5,2021-02-04 09:14:35,71907876,71907877
18083575,,5,2021-02-04 08:50:27,71907876,71907877
2040844,,5,2021-02-04 07:10:06,71907876,71907877
1156925,,5,2021-02-04 06:50:02,71907876,71907877
11660052,,5,2021-02-04 02:31:10,71907876,71907877
14293815,,5,2021-02-04 01:10:14,71907876,71907877
8088357,,5,2021-02-03 22:14:11,71907876,71907877
7325005,,5,2021-02-03 21:30:40,71907876,71907877
16675943,,5,2021-02-03 21:31:03,71907876,71907877
602887,,5,2021-02-03 20:23:42,71907876,71907877
14026590,,5,2021-02-03 19:58:00,71907876,71907877
9743456,,5,2021-02-03 19:13:18,71907876,71907877
67380,,5,2021-02-03 19:09:05,71907876,71907877
11460857,,5,2021-02-03 18:14:18,71907876,71907877
301485,,5,2021-02-03 18:14:06,71907876,71907877
18607802,,5,2021-02-03 17:36:33,71907876,71907877
18374331,,5,2021-02-03 16:53:49,71907876,71907877
5818680,,5,2021-02-03 16:40:33,71907876,71907877
5682600,,5,2021-02-03 13:37:16,71907876,71907877
15834316,,5,2021-02-03 13:07:48,71907876,71907877
8327454,,5,2021-02-03 12:06:06,71907876,71907877
10551765,,5,2021-02-03 12:00:18,71907876,71907877
20154704,,5,2021-02-03 11:28:41,71907876,71907877
5626726,,5,2021-02-03 10:49:27,71907876,71907877
5475992,,5,2021-02-03 10:41:34,71907876,71907877
14260912,,5,2021-02-03 10:17:04,71907876,71907877
12509247,,5,2021-02-03 08:59:24,71907876,71907877
20083325,,5,2021-02-03 08:21:47,71907876,71907877
17704425,Tốt,5,2021-01-04 21:31:56,71907876,71907877
1505060,,5,2021-02-03 00:34:17,71907876,71907877
10018622,,5,2021-02-02 23:49:29,71907876,71907877
19052691,,5,2021-02-02 23:13:05,71907876,71907877
15904338,,5,2021-02-02 22:32:47,71907876,71907877
1777979,,5,2021-02-02 22:31:35,71907876,71907877
2191075,,5,2021-02-02 18:40:47,71907876,71907877
17326876,,5,2021-02-02 17:45:25,71907876,71907877
18528362,,5,2021-02-02 17:21:42,71907876,71907877
808646,,5,2021-02-02 16:39:02,71907876,71907877
20114003,,5,2021-02-02 15:28:12,71907876,71907877
8037591,,5,2021-02-02 14:26:46,71907876,71907877
1680999,,5,2021-02-02 14:13:13,71907876,71907877
2190683,,5,2021-02-02 13:04:17,71907876,71907877
5845446,,5,2021-02-02 12:40:32,71907876,71907877
5439437,,5,2021-02-02 12:36:53,71907876,71907877
2111028,,5,2021-02-02 11:11:14,71907876,71907877
113590,,5,2021-02-02 10:52:18,71907876,71907877
20102249,,5,2021-02-02 08:46:22,71907876,71907877
1117468,,5,2021-02-02 08:32:46,71907876,71907877
17823856,,5,2021-02-02 06:56:27,71907876,71907877
11351618,,5,2021-02-02 00:56:31,71907876,71907877
7044322,,5,2021-02-02 00:39:31,71907876,71907877
1135058,,5,2021-02-02 00:19:00,71907876,71907877
18018816,,5,2021-02-01 23:25:59,71907876,71907877
10512792,,5,2021-02-01 22:36:12,71907876,71907877
17860893,,5,2021-02-01 22:32:23,71907876,71907877
1100930,,5,2021-02-01 22:30:29,71907876,71907877
17854966,,5,2021-02-01 22:19:15,71907876,71907877
14946378,,5,2021-02-01 22:06:07,71907876,71907877
20074068,,5,2021-02-01 21:57:30,71907876,71907877
19941425,,5,2021-02-01 21:04:02,71907876,71907877
12501501,,5,2021-02-01 20:21:40,71907876,71907877
1158864,,5,2021-02-01 19:52:27,71907876,71907877
20126874,,5,2021-02-01 18:23:33,71907876,71907877
16333568,,5,2021-02-01 17:56:57,71907876,71907877
9792295,,5,2021-02-01 17:21:13,71907876,71907877
19971178,,5,2021-02-01 17:02:00,71907876,71907877
19799064,,5,2021-02-01 14:49:52,71907876,71907877
19383122,,5,2021-02-01 14:31:06,71907876,71907877
18894449,,5,2021-02-01 13:49:41,71907876,71907877
11392739,,5,2021-02-01 13:22:50,71907876,71907877
15459000,,5,2021-02-01 13:13:04,71907876,71907877
647352,,5,2021-02-01 13:09:04,71907876,71907877
20099788,,5,2021-02-01 12:55:36,71907876,71907877
13887826,,5,2021-02-01 12:55:42,71907876,71907877
20021088,,5,2021-02-01 12:46:00,71907876,71907877
8252953,,5,2021-02-01 12:42:35,71907876,71907877
19669911,,5,2021-02-01 12:34:16,71907876,71907877
10810437,,5,2021-02-01 12:11:10,71907876,71907877
20126400,,5,2021-02-01 11:11:58,71907876,71907877
5529081,,5,2021-02-01 11:06:12,71907876,71907877
499307,,5,2021-02-01 10:39:36,71907876,71907877
1269843,,5,2021-02-01 09:44:56,71907876,71907877
10163196,,5,2021-02-01 07:05:16,71907876,71907877
17760116,,5,2021-01-31 22:08:41,71907876,71907877
6728060,,5,2021-01-31 22:00:56,71907876,71907877
20027408,,5,2021-01-31 20:58:56,71907876,71907877
8128704,,5,2021-01-31 17:42:05,71907876,71907877
19848618,,5,2021-01-31 17:06:09,71907876,71907877
1633386,,5,2021-01-31 16:32:13,71907876,71907877
20119982,,5,2021-01-31 16:21:00,71907876,71907877
17005804,,5,2021-01-31 15:08:57,71907876,71907877
18714844,,5,2021-01-31 14:49:38,71907876,71907877
18771286,,5,2021-01-31 14:45:46,71907876,71907877
10320271,,5,2021-01-31 13:50:31,71907876,71907877
18447084,,5,2021-01-31 13:33:29,71907876,71907877
20003062,,5,2021-01-31 12:34:08,71907876,71907877
19784708,,5,2021-01-31 10:24:00,71907876,71907877
19834910,,5,2021-01-31 10:02:36,71907876,71907877
12709578,,5,2021-01-31 10:00:37,71907876,71907877
359319,,5,2021-01-31 09:11:39,71907876,71907877
11464977,,5,2021-01-31 09:02:32,71907876,71907877
14060486,,5,2021-01-31 00:58:40,71907876,71907877
1057749,,5,2021-01-31 00:31:43,71907876,71907877
19860009,,5,2021-01-31 00:17:46,71907876,71907877
19209081,,5,2021-01-30 22:23:27,71907876,71907877
19517518,,5,2021-01-30 20:51:07,71907876,71907877
17950797,,5,2021-01-30 20:28:29,71907876,71907877
6726465,,5,2021-01-30 18:33:01,71907876,71907877
15419863,,5,2021-01-30 18:14:01,71907876,71907877
6833220,,5,2021-01-30 18:14:10,71907876,71907877
6798098,,5,2021-01-30 17:17:43,71907876,71907877
14824354,,5,2021-01-30 16:57:32,71907876,71907877
19234603,,5,2021-01-30 16:23:17,71907876,71907877
20077150,,5,2021-01-30 15:29:47,71907876,71907877
5731323,,5,2021-01-30 15:11:37,71907876,71907877
20047743,,5,2021-01-30 15:07:56,71907876,71907877
18277272,,5,2021-01-30 15:08:17,71907876,71907877
20043230,,5,2021-01-30 15:02:23,71907876,71907877
6842296,,5,2021-01-30 14:29:47,71907876,71907877
1994386,,5,2021-01-30 14:21:45,71907876,71907877
19954604,,5,2021-01-30 12:15:36,71907876,71907877
8599053,,5,2021-01-30 11:58:29,71907876,71907877
969856,,5,2021-01-30 11:43:17,71907876,71907877
14408949,,5,2021-01-30 11:23:27,71907876,71907877
19359152,,5,2021-01-30 11:06:46,71907876,71907877
19547085,,5,2021-01-30 05:56:15,71907876,71907877
90775,,5,2021-01-30 01:05:47,71907876,71907877
863868,,5,2021-01-30 00:29:06,71907876,71907877
20073877,,5,2021-01-29 22:38:19,71907876,71907877
18080569,,5,2021-01-29 22:08:12,71907876,71907877
17648449,,5,2021-01-29 21:26:05,71907876,71907877
19946991,,5,2021-01-29 21:21:00,71907876,71907877
14266939,,5,2021-01-29 20:26:10,71907876,71907877
19794196,,5,2021-01-29 20:12:33,71907876,71907877
11056015,,5,2021-01-29 18:56:35,71907876,71907877
19341705,,5,2021-01-29 18:42:31,71907876,71907877
7940331,,5,2021-01-29 18:13:26,71907876,71907877
8859869,,5,2021-01-29 16:58:51,71907876,71907877
19112783,,5,2021-01-29 16:56:18,71907876,71907877
19961113,,5,2021-01-29 15:36:28,71907876,71907877
12019752,,5,2021-01-29 13:33:22,71907876,71907877
19613048,,5,2021-01-29 13:31:41,71907876,71907877
17682705,,5,2021-01-29 13:22:18,71907876,71907877
20076101,,5,2021-01-29 12:33:42,71907876,71907877
13308456,,5,2021-01-29 12:15:16,71907876,71907877
19107746,,5,2021-01-29 11:55:19,71907876,71907877
15722905,,5,2021-01-29 11:36:19,71907876,71907877
14564500,,5,2021-01-29 11:37:06,71907876,71907877
18867464,,5,2021-01-29 11:29:17,71907876,71907877
5824705,,5,2021-01-29 10:51:39,71907876,71907877
19866446,Ok,5,2021-01-17 10:20:17,71907876,71907877
16995639,,5,2021-01-29 00:52:34,71907876,71907877
19301650,,5,2021-01-28 22:29:03,71907876,71907877
15609340,,5,2021-01-28 21:38:37,71907876,71907877
20034585,,5,2021-01-28 20:52:14,71907876,71907877
19504253,,5,2021-01-28 20:48:05,71907876,71907877
11412124,,5,2021-01-28 20:45:07,71907876,71907877
9703765,,5,2021-01-28 17:44:03,71907876,71907877
9184895,,5,2021-01-28 16:59:36,71907876,71907877
18999388,,5,2021-01-28 14:28:18,71907876,71907877
6142604,,5,2021-01-28 13:19:49,71907876,71907877
19619239,,5,2021-01-28 12:27:29,71907876,71907877
8797066,,5,2021-01-28 11:59:37,71907876,71907877
16116288,,5,2021-01-28 11:47:24,71907876,71907877
15200560,,5,2021-01-28 11:43:00,71907876,71907877
19968774,,5,2021-01-28 10:41:45,71907876,71907877
1697053,,5,2021-01-28 10:12:23,71907876,71907877
1636642,,5,2021-01-28 08:21:15,71907876,71907877
2062188,,5,2021-01-28 08:11:27,71907876,71907877
18447211,,5,2021-01-28 07:52:34,71907876,71907877
13239831,,5,2021-01-28 00:40:41,71907876,71907877
19099185,,5,2021-01-28 00:29:21,71907876,71907877
16470298,,5,2021-01-28 00:17:02,71907876,71907877
18098497,,5,2021-01-27 23:29:00,71907876,71907877
6739558,,5,2021-01-27 22:49:20,71907876,71907877
19001359,,5,2021-01-27 22:19:29,71907876,71907877
19229948,,5,2021-01-27 22:05:47,71907876,71907877
5955451,,5,2021-01-27 22:01:14,71907876,71907877
5289162,,5,2021-01-27 21:27:47,71907876,71907877
16845530,,5,2021-01-27 20:57:07,71907876,71907877
17423938,,5,2021-01-27 20:06:52,71907876,71907877
20042446,,5,2021-01-27 19:09:48,71907876,71907877
19190717,,5,2021-01-27 16:57:26,71907876,71907877
19083886,,5,2021-01-27 15:41:03,71907876,71907877
7969551,,5,2021-01-27 15:36:09,71907876,71907877
8164931,,5,2021-01-27 15:32:18,71907876,71907877
12387174,,5,2021-01-27 14:38:32,71907876,71907877
19650129,,5,2021-01-27 13:20:19,71907876,71907877
11822279,,5,2021-01-27 13:17:55,71907876,71907877
19753965,,5,2021-01-27 12:42:33,71907876,71907877
14368726,giao han,5,2020-12-11 17:15:23,71907876,71907877
6918711,,5,2021-01-27 11:01:30,71907876,71907877
10784632,,5,2021-01-27 09:46:56,71907876,71907877
1850657,,5,2021-01-27 09:22:52,71907876,71907877
7992418,,5,2021-01-27 09:00:35,71907876,71907877
20025222,,5,2021-01-27 06:09:55,71907876,71907877
19690196,good?,5,2020-12-28 20:27:32,71907876,71907877
6542386,,5,2021-01-27 01:45:42,71907876,71907877
10941958,,5,2021-01-27 00:10:26,71907876,71907877
16268303,,5,2021-01-26 23:51:29,71907876,71907877
19926943,,5,2021-01-26 23:50:37,71907876,71907877
848163,,5,2021-01-26 23:01:20,71907876,71907877
1221817,,5,2021-01-26 22:21:24,71907876,71907877
751825,,5,2021-01-26 21:29:22,71907876,71907877
15212196,,5,2021-01-26 21:06:09,71907876,71907877
20018157,,5,2021-01-26 21:00:38,71907876,71907877
6656784,,5,2021-01-26 20:42:40,71907876,71907877
17304548,,5,2021-01-26 20:34:25,71907876,71907877
18368720,,5,2021-01-26 19:36:28,71907876,71907877
14133395,,5,2021-01-26 19:22:46,71907876,71907877
19965714,,5,2021-01-26 18:57:27,71907876,71907877
8611126,,5,2021-01-26 18:20:23,71907876,71907877
18983110,,5,2021-01-26 17:42:54,71907876,71907877
17303589,,5,2021-01-26 17:21:42,71907876,71907877
17509948,,5,2021-01-26 17:16:14,71907876,71907877
298012,,5,2021-01-26 16:27:46,71907876,71907877
17621520,,5,2021-01-26 16:06:48,71907876,71907877
14736135,,5,2021-01-26 15:43:55,71907876,71907877
335396,,5,2021-01-26 14:55:15,71907876,71907877
19693539,,5,2021-01-26 12:12:53,71907876,71907877
14031451,,5,2021-01-26 10:58:47,71907876,71907877
15310197,,5,2021-01-26 10:40:07,71907876,71907877
6960140,,5,2021-01-26 09:45:38,71907876,71907877
5409955,,5,2021-01-26 09:37:14,71907876,71907877
174963,,5,2021-01-26 09:34:35,71907876,71907877
6066226,,5,2021-01-26 09:24:39,71907876,71907877
19601501,,5,2021-01-26 08:44:19,71907876,71907877
1629797,,5,2021-01-26 02:29:16,71907876,71907877
16109950,,5,2021-01-26 02:06:49,71907876,71907877
13154688,,5,2021-01-26 00:54:31,71907876,71907877
881422,,5,2021-01-25 23:48:32,71907876,71907877
1175384,,5,2021-01-25 23:42:38,71907876,71907877
12605372,,5,2021-01-25 23:19:06,71907876,71907877
5242796,,5,2021-01-25 23:03:28,71907876,71907877
19566324,,5,2021-01-25 22:08:05,71907876,71907877
15203426,,5,2021-01-25 21:57:07,71907876,71907877
16320307,,5,2021-01-25 21:11:50,71907876,71907877
10622932,,5,2021-01-25 19:18:15,71907876,71907877
6091020,,5,2021-01-25 18:36:53,71907876,71907877
16727103,,5,2021-01-25 17:53:15,71907876,71907877
7979695,,5,2021-01-25 17:45:30,71907876,71907877
12339072,,5,2021-01-25 16:51:56,71907876,71907877
1600576,,5,2021-01-25 16:33:16,71907876,71907877
20025577,,5,2021-01-25 16:29:06,71907876,71907877
14158441,,5,2021-01-25 15:35:01,71907876,71907877
1886990,,5,2021-01-25 14:11:07,71907876,71907877
307342,,5,2021-01-25 13:50:31,71907876,71907877
19866839,,5,2021-01-25 13:18:45,71907876,71907877
17571121,,5,2021-01-25 12:56:33,71907876,71907877
12614162,,5,2021-01-25 12:57:07,71907876,71907877
7733316,,5,2021-01-25 12:48:32,71907876,71907877
1093596,,5,2021-01-25 12:10:44,71907876,71907877
5805767,,5,2021-01-25 11:11:01,71907876,71907877
10391879,,5,2021-01-25 11:00:00,71907876,71907877
18957485,,5,2021-01-25 10:35:00,71907876,71907877
10521228,,5,2021-01-25 09:30:36,71907876,71907877
9739607,,5,2021-01-25 08:47:19,71907876,71907877
19991800,,5,2021-01-25 07:57:33,71907876,71907877
131236,,5,2021-01-25 04:49:37,71907876,71907877
8898479,,5,2021-01-25 00:35:14,71907876,71907877
19210029,,5,2021-01-24 23:59:29,71907876,71907877
14230775,,5,2021-01-24 22:59:02,71907876,71907877
8106984,,5,2021-01-24 22:57:34,71907876,71907877
7551667,,5,2021-01-24 22:46:12,71907876,71907877
7324891,,5,2021-01-24 22:46:21,71907876,71907877
13651420,,5,2021-01-24 22:40:46,71907876,71907877
7195543,,5,2021-01-24 22:12:03,71907876,71907877
1449300,,5,2021-01-24 21:02:18,71907876,71907877
16449521,,5,2021-01-24 20:55:46,71907876,71907877
17337391,,5,2021-01-24 19:43:54,71907876,71907877
8626224,,5,2021-01-24 18:02:57,71907876,71907877
11617202,,5,2021-01-24 15:47:20,71907876,71907877
16155850,,5,2021-01-24 14:20:38,71907876,71907877
7211012,,5,2021-01-24 14:19:27,71907876,71907877
11504855,,5,2021-01-24 14:14:32,71907876,71907877
19744847,,5,2021-01-24 13:17:36,71907876,71907877
8831957,,5,2021-01-24 13:11:18,71907876,71907877
602418,,5,2021-01-24 12:55:58,71907876,71907877
13320888,,5,2021-01-24 10:38:33,71907876,71907877
19491812,,5,2021-01-24 10:11:59,71907876,71907877
884400,,5,2021-01-24 09:31:32,71907876,71907877
63004,,5,2021-01-24 08:40:49,71907876,71907877
6605134,,5,2021-01-24 02:43:03,71907876,71907877
19450061,,5,2021-01-23 23:06:28,71907876,71907877
18923394,,5,2021-01-23 22:27:49,71907876,71907877
19989035,,5,2021-01-23 22:23:11,71907876,71907877
19857432,,5,2021-01-23 21:29:58,71907876,71907877
10571089,,5,2021-01-23 19:58:42,71907876,71907877
14657419,,5,2021-01-23 18:55:28,71907876,71907877
13888331,,5,2021-01-23 18:46:23,71907876,71907877
19998791,,5,2021-01-23 17:44:03,71907876,71907877
19665043,,5,2021-01-23 16:57:11,71907876,71907877
8142621,,5,2021-01-23 16:45:47,71907876,71907877
17457110,,5,2021-01-23 16:41:24,71907876,71907877
13672696,,5,2021-01-23 15:29:44,71907876,71907877
8233171,,5,2021-01-23 14:32:22,71907876,71907877
10039705,,5,2021-01-23 14:28:07,71907876,71907877
10710638,,5,2021-01-23 13:21:53,71907876,71907877
14732216,,5,2021-01-23 12:41:04,71907876,71907877
18749275,,5,2021-01-23 11:26:34,71907876,71907877
19597736,,5,2021-01-23 10:56:13,71907876,71907877
10542209,,5,2021-01-23 10:24:55,71907876,71907877
1875644,,5,2021-01-23 10:21:59,71907876,71907877
9966731,,5,2021-01-23 07:08:07,71907876,71907877
19047955,,5,2021-01-23 00:05:31,71907876,71907877
10479861,,5,2021-01-22 23:22:20,71907876,71907877
19948293,,5,2021-01-22 23:09:36,71907876,71907877
7922377,tích,5,2020-12-24 17:01:32,71907876,71907877
12890724,,5,2021-01-22 22:02:06,71907876,71907877
14099402,,5,2021-01-22 21:38:45,71907876,71907877
19989620,,5,2021-01-22 21:38:53,71907876,71907877
7666990,,5,2021-01-22 21:26:09,71907876,71907877
13317471,,5,2021-01-22 21:20:13,71907876,71907877
17671926,,5,2021-01-22 19:42:32,71907876,71907877
5200444,,5,2021-01-22 19:16:11,71907876,71907877
19906862,,5,2021-01-22 19:11:20,71907876,71907877
19943651,,5,2021-01-22 18:52:25,71907876,71907877
349299,,5,2021-01-22 17:48:03,71907876,71907877
15131990,,5,2021-01-22 17:25:05,71907876,71907877
16425860,,5,2021-01-22 17:19:04,71907876,71907877
19780590,,5,2021-01-22 15:54:47,71907876,71907877
17049826,,5,2021-01-22 13:37:31,71907876,71907877
481215,,5,2021-01-22 13:05:07,71907876,71907877
18645148,,5,2021-01-22 12:43:37,71907876,71907877
17138464,,5,2021-01-22 12:16:29,71907876,71907877
15343341,,5,2021-01-22 11:34:52,71907876,71907877
17239060,,5,2021-01-22 11:26:23,71907876,71907877
9657970,,5,2021-01-22 09:53:14,71907876,71907877
5992742,,5,2021-01-22 09:49:05,71907876,71907877
19815232,,5,2021-01-22 08:13:44,71907876,71907877
18236119,,5,2021-01-21 22:41:20,71907876,71907877
19858425,,5,2021-01-21 22:09:03,71907876,71907877
19023350,,5,2021-01-21 21:33:44,71907876,71907877
11129256,,5,2021-01-21 21:30:48,71907876,71907877
17867107,,5,2021-01-21 20:15:16,71907876,71907877
9723006,,5,2021-01-21 20:01:17,71907876,71907877
286295,,5,2021-01-21 19:12:26,71907876,71907877
19798236,,5,2021-01-21 18:34:52,71907876,71907877
18271563,,5,2021-01-21 18:25:25,71907876,71907877
8177436,,5,2021-01-21 18:17:47,71907876,71907877
9740236,,5,2021-01-21 18:11:16,71907876,71907877
16073815,,5,2021-01-21 17:57:20,71907876,71907877
10030484,,5,2021-01-21 17:49:52,71907876,71907877
17886337,,5,2021-01-21 17:50:37,71907876,71907877
8457612,,5,2021-01-21 16:59:12,71907876,71907877
16659143,,5,2021-01-21 16:41:17,71907876,71907877
5565167,,5,2021-01-21 16:42:08,71907876,71907877
16613299,,5,2021-01-21 16:09:26,71907876,71907877
11549596,,5,2021-01-21 16:00:23,71907876,71907877
6394767,,5,2021-01-21 14:49:10,71907876,71907877
10325146,,5,2021-01-21 14:48:24,71907876,71907877
19691577,,5,2021-01-21 13:24:04,71907876,71907877
18167553,,5,2021-01-21 13:16:54,71907876,71907877
18346405,,5,2021-01-21 12:56:32,71907876,71907877
1222161,,5,2021-01-21 12:48:51,71907876,71907877
8303936,,5,2021-01-21 12:29:27,71907876,71907877
18269971,,5,2021-01-21 12:27:44,71907876,71907877
17125016,,5,2021-01-21 12:17:22,71907876,71907877
1234847,,5,2021-01-21 11:54:32,71907876,71907877
17705813,,5,2021-01-21 11:38:03,71907876,71907877
6089686,,5,2021-01-21 11:15:24,71907876,71907877
17773983,,5,2021-01-21 11:11:26,71907876,71907877
14215019,,5,2021-01-21 10:42:38,71907876,71907877
6309339,,5,2021-01-21 10:16:35,71907876,71907877
12613217,đc,5,2021-01-03 21:22:02,71907876,71907877
1344568,,5,2021-01-21 10:11:44,71907876,71907877
527056,,5,2021-01-21 08:35:10,71907876,71907877
17602076,,5,2021-01-21 06:10:11,71907876,71907877
11481426,,5,2021-01-21 00:41:36,71907876,71907877
14094271,,5,2021-01-20 23:08:15,71907876,71907877
8229564,,5,2021-01-20 23:05:59,71907876,71907877
1282695,,5,2021-01-20 22:35:46,71907876,71907877
5487478,,5,2021-01-20 22:08:35,71907876,71907877
8786885,,5,2021-01-20 21:58:25,71907876,71907877
5974391,,5,2021-01-20 19:22:40,71907876,71907877
16208066,,5,2021-01-20 18:37:53,71907876,71907877
14500546,,5,2021-01-20 18:34:05,71907876,71907877
8564880,,5,2021-01-20 17:58:57,71907876,71907877
16669727,,5,2021-01-20 17:24:49,71907876,71907877
9653811,,5,2021-01-20 16:39:18,71907876,71907877
5503542,,5,2021-01-20 16:21:22,71907876,71907877
8218988,,5,2021-01-20 16:02:34,71907876,71907877
6975611,,5,2021-01-20 15:32:31,71907876,71907877
16479980,Sp ok,5,2020-12-22 09:33:35,71907876,71907877
19707317,,5,2021-01-20 14:56:25,71907876,71907877
11839866,,5,2021-01-20 14:32:39,71907876,71907877
11494451,,5,2021-01-20 13:24:04,71907876,71907877
11721983,,5,2021-01-20 12:42:20,71907876,71907877
16399949,,5,2021-01-20 12:25:55,71907876,71907877
19917575,,5,2021-01-20 12:17:57,71907876,71907877
615213,,5,2021-01-20 12:00:01,71907876,71907877
7231754,,5,2021-01-20 11:52:02,71907876,71907877
12398902,,5,2021-01-20 11:35:59,71907876,71907877
12462234,,5,2021-01-20 10:39:00,71907876,71907877
558181,,5,2021-01-20 10:39:16,71907876,71907877
5093586,,5,2021-01-20 10:17:35,71907876,71907877
6797901,,5,2021-01-20 09:54:57,71907876,71907877
17392111,,5,2021-01-20 09:32:53,71907876,71907877
19822965,,5,2021-01-20 09:24:54,71907876,71907877
11694340,,5,2021-01-20 08:51:32,71907876,71907877
8160476,,5,2021-01-20 07:53:10,71907876,71907877
12944533,,5,2021-01-19 23:05:21,71907876,71907877
10699381,,5,2021-01-19 22:53:51,71907876,71907877
5487998,,5,2021-01-19 21:18:33,71907876,71907877
14577443,,5,2021-01-19 20:05:50,71907876,71907877
8938231,,5,2021-01-19 20:06:48,71907876,71907877
14770689,,5,2021-01-19 19:56:06,71907876,71907877
19812225,,5,2021-01-19 19:49:31,71907876,71907877
13843362,,5,2021-01-19 19:23:41,71907876,71907877
13411083,,5,2021-01-19 19:21:51,71907876,71907877
5426688,,5,2021-01-19 19:20:07,71907876,71907877
19937685,,5,2021-01-19 18:57:22,71907876,71907877
19913821,,5,2021-01-19 18:18:04,71907876,71907877
18390060,,5,2021-01-19 17:53:36,71907876,71907877
15064915,,5,2021-01-19 17:32:08,71907876,71907877
727389,,5,2021-01-19 16:19:54,71907876,71907877
19171938,,5,2021-01-19 15:29:49,71907876,71907877
14325884,,5,2021-01-19 15:01:24,71907876,71907877
12798429,,5,2021-01-19 14:02:44,71907876,71907877
7884264,,5,2021-01-19 14:00:01,71907876,71907877
1135892,,5,2021-01-19 13:33:55,71907876,71907877
19270559,,5,2021-01-19 11:18:47,71907876,71907877
14249086,,5,2021-01-19 11:14:24,71907876,71907877
14089338,,5,2021-01-19 09:03:32,71907876,71907877
7629932,,5,2021-01-19 08:51:14,71907876,71907877
8021149,,5,2021-01-19 02:11:48,71907876,71907877
12530051,,5,2021-01-19 00:06:59,71907876,71907877
309293,,5,2021-01-18 22:49:20,71907876,71907877
18260932,,5,2021-01-18 22:30:08,71907876,71907877
7495005,,5,2021-01-18 21:46:26,71907876,71907877
600975,,5,2021-01-18 21:25:46,71907876,71907877
7302883,,5,2021-01-18 20:52:21,71907876,71907877
9657120,,5,2021-01-18 20:21:58,71907876,71907877
18620022,,5,2021-01-18 19:29:59,71907876,71907877
19856657,,5,2021-01-18 18:03:42,71907876,71907877
6629174,,5,2021-01-18 18:04:11,71907876,71907877
16259685,,5,2021-01-18 17:48:12,71907876,71907877
5881412,,5,2021-01-18 17:38:58,71907876,71907877
19919935,,5,2021-01-18 16:50:21,71907876,71907877
5212378,,5,2021-01-18 15:44:37,71907876,71907877
18653531,,5,2021-01-18 15:15:12,71907876,71907877
17952317,,5,2021-01-18 14:45:48,71907876,71907877
5700374,,5,2021-01-18 14:38:39,71907876,71907877
16696477,,5,2021-01-18 12:35:06,71907876,71907877
5253095,,5,2021-01-18 12:32:15,71907876,71907877
13508737,,5,2021-01-18 12:21:52,71907876,71907877
1377366,,5,2021-01-18 11:27:19,71907876,71907877
7124579,,5,2021-01-18 10:36:37,71907876,71907877
6874388,,5,2021-01-18 09:44:40,71907876,71907877
8492563,,5,2021-01-18 09:07:07,71907876,71907877
5935627,,5,2021-01-18 08:23:59,71907876,71907877
7812434,,5,2021-01-18 06:22:07,71907876,71907877
1106543,,5,2021-01-18 06:10:48,71907876,71907877
19607831,,5,2021-01-17 21:21:57,71907876,71907877
15257307,,5,2021-01-17 19:59:09,71907876,71907877
16100756,,5,2021-01-17 18:17:11,71907876,71907877
378919,,5,2021-01-17 17:53:29,71907876,71907877
19055281,,5,2021-01-17 16:15:08,71907876,71907877
8397656,,5,2021-01-17 15:57:13,71907876,71907877
17960310,,5,2021-01-17 15:47:23,71907876,71907877
1565941,,5,2021-01-17 14:39:49,71907876,71907877
19544629,,5,2021-01-17 14:14:08,71907876,71907877
14136818,,5,2021-01-17 13:00:36,71907876,71907877
15404055,,5,2021-01-17 10:50:27,71907876,71907877
11338029,,5,2021-01-17 10:32:03,71907876,71907877
19881767,,5,2021-01-17 10:08:49,71907876,71907877
19839755,,5,2021-01-17 00:12:20,71907876,71907877
19690115,,5,2021-01-16 22:12:54,71907876,71907877
13083843,,5,2021-01-16 20:31:31,71907876,71907877
19886383,,5,2021-01-16 17:14:08,71907876,71907877
11139628,,5,2021-01-16 17:07:28,71907876,71907877
2087573,,5,2021-01-16 15:27:36,71907876,71907877
1709460,,5,2021-01-16 13:30:35,71907876,71907877
5924654,,5,2021-01-16 13:06:52,71907876,71907877
13420987,,5,2021-01-16 11:49:57,71907876,71907877
5264462,,5,2021-01-16 11:26:11,71907876,71907877
1386875,,5,2021-01-16 11:09:58,71907876,71907877
17592701,,5,2021-01-16 10:39:42,71907876,71907877
19561728,,5,2021-01-16 10:26:37,71907876,71907877
19829039,,5,2021-01-16 10:19:37,71907876,71907877
12153440,,5,2021-01-16 09:59:20,71907876,71907877
13892395,,5,2021-01-16 09:39:16,71907876,71907877
15086080,,5,2021-01-16 08:10:08,71907876,71907877
806992,,5,2021-01-16 02:42:42,71907876,71907877
8738389,,5,2021-01-15 23:00:24,71907876,71907877
16950022,,5,2021-01-15 22:17:04,71907876,71907877
19301452,,5,2021-01-15 22:09:33,71907876,71907877
19587870,,5,2021-01-15 19:25:28,71907876,71907877
19435804,,5,2021-01-15 17:58:27,71907876,71907877
19810777,,5,2021-01-15 16:57:40,71907876,71907877
12434253,,5,2021-01-15 16:21:34,71907876,71907877
19784500,,5,2021-01-15 14:35:47,71907876,71907877
7762279,,5,2021-01-15 14:28:37,71907876,71907877
5803044,,5,2021-01-15 13:35:14,71907876,71907877
16398762,,5,2021-01-15 13:11:37,71907876,71907877
19609234,,5,2021-01-15 13:04:56,71907876,71907877
19545250,,5,2021-01-15 12:08:16,71907876,71907877
18632698,,5,2021-01-15 11:59:26,71907876,71907877
10636560,,5,2021-01-15 11:26:53,71907876,71907877
15575468,,5,2021-01-15 11:21:31,71907876,71907877
8810292,,5,2021-01-15 11:17:52,71907876,71907877
19843302,,5,2021-01-15 11:16:44,71907876,71907877
6565847,,5,2021-01-15 10:30:11,71907876,71907877
16881506,,5,2021-01-15 10:01:47,71907876,71907877
19620315,,5,2021-01-15 09:52:30,71907876,71907877
9094735,,5,2021-01-15 07:31:08,71907876,71907877
19784835,,5,2021-01-15 07:08:12,71907876,71907877
16070264,,5,2021-01-15 06:50:07,71907876,71907877
263553,,5,2021-01-15 03:22:01,71907876,71907877
19750453,,5,2021-01-15 00:31:28,71907876,71907877
19610392,,5,2021-01-15 00:17:02,71907876,71907877
19326131,,5,2021-01-14 22:41:03,71907876,71907877
1889680,,5,2021-01-14 21:20:25,71907876,71907877
19031953,,5,2021-01-14 19:01:08,71907876,71907877
19766603,,5,2021-01-14 18:36:18,71907876,71907877
19152323,,5,2021-01-14 18:24:07,71907876,71907877
8043691,,5,2021-01-14 18:18:57,71907876,71907877
14437502,,5,2021-01-14 18:16:38,71907876,71907877
5273594,,5,2021-01-14 18:16:26,71907876,71907877
19847674,,5,2021-01-14 17:56:23,71907876,71907877
16421759,,5,2021-01-14 17:11:16,71907876,71907877
5628083,,5,2021-01-14 16:54:56,71907876,71907877
7997026,,5,2021-01-14 16:22:12,71907876,71907877
7810386,,5,2021-01-14 15:23:10,71907876,71907877
7147903,,5,2021-01-14 14:32:17,71907876,71907877
17467029,,5,2021-01-14 13:25:55,71907876,71907877
19861131,,5,2021-01-14 12:23:43,71907876,71907877
14771441,,5,2021-01-14 12:11:27,71907876,71907877
8406213,,5,2021-01-14 12:07:51,71907876,71907877
19698471,,5,2021-01-14 10:30:01,71907876,71907877
13773042,,5,2021-01-14 10:15:00,71907876,71907877
9966578,,5,2021-01-14 08:39:25,71907876,71907877
16757283,,5,2021-01-14 07:20:46,71907876,71907877
7042631,,5,2021-01-14 06:51:26,71907876,71907877
13606229,,5,2021-01-14 05:28:45,71907876,71907877
19613615,,5,2021-01-13 23:36:43,71907876,71907877
8458520,,5,2021-01-13 23:12:38,71907876,71907877
17962630,,5,2021-01-13 22:50:18,71907876,71907877
19399824,,5,2021-01-13 22:21:01,71907876,71907877
8018270,,5,2021-01-13 22:02:29,71907876,71907877
19846911,,5,2021-01-13 21:48:39,71907876,71907877
8519895,,5,2021-01-13 19:35:16,71907876,71907877
7121042,,5,2021-01-13 19:17:54,71907876,71907877
19633657,,5,2021-01-13 18:59:58,71907876,71907877
19834634,,5,2021-01-13 18:22:26,71907876,71907877
19851994,,5,2021-01-13 18:07:55,71907876,71907877
16650463,,5,2021-01-13 17:55:17,71907876,71907877
18325116,,5,2021-01-13 16:54:56,71907876,71907877
9973979,,5,2021-01-13 15:13:42,71907876,71907877
17364051,,5,2021-01-13 12:37:10,71907876,71907877
2240465,,5,2021-01-13 11:53:32,71907876,71907877
19612747,,5,2021-01-13 11:23:42,71907876,71907877
10257737,,5,2021-01-13 10:39:03,71907876,71907877
12714512,ok,5,2021-01-01 13:09:54,71907876,71907877
554179,,5,2021-01-13 01:09:20,71907876,71907877
19528745,,5,2021-01-12 22:23:29,71907876,71907877
11426782,,5,2021-01-12 22:20:29,71907876,71907877
17634942,,5,2021-01-12 22:06:07,71907876,71907877
8455940,,5,2021-01-12 21:55:36,71907876,71907877
19720617,,5,2021-01-12 21:26:59,71907876,71907877
7742903,,5,2021-01-12 20:35:50,71907876,71907877
2044495,,5,2021-01-12 20:32:23,71907876,71907877
19783914,,5,2021-01-12 19:59:23,71907876,71907877
19822738,,5,2021-01-12 19:39:35,71907876,71907877
14297580,Sách hay :v,5,2020-11-02 14:34:08,71907876,71907877
5107806,,5,2021-01-12 19:00:43,71907876,71907877
19855880,,5,2021-01-12 18:53:32,71907876,71907877
13916762,,5,2021-01-12 18:12:27,71907876,71907877
19780565,,5,2021-01-12 18:04:39,71907876,71907877
19846462,,5,2021-01-12 16:54:38,71907876,71907877
15088118,,5,2021-01-12 14:28:53,71907876,71907877
7347124,,5,2021-01-12 14:15:12,71907876,71907877
7632435,,5,2021-01-12 13:58:28,71907876,71907877
6724922,,5,2021-01-12 13:45:47,71907876,71907877
19547491,,5,2021-01-12 11:41:17,71907876,71907877
15782310,,5,2021-01-12 10:47:54,71907876,71907877
5392419,,5,2021-01-12 10:34:53,71907876,71907877
9056390,,5,2021-01-12 09:04:00,71907876,71907877
19690445,,5,2021-01-12 08:19:03,71907876,71907877
6663824,,5,2021-01-12 07:02:56,71907876,71907877
19815970,,5,2021-01-12 06:16:10,71907876,71907877
13532667,,5,2021-01-12 00:53:40,71907876,71907877
11515895,,5,2021-01-11 22:21:33,71907876,71907877
8147327,,5,2021-01-11 21:58:04,71907876,71907877
1441027,,5,2021-01-11 21:50:40,71907876,71907877
6637066,,5,2021-01-11 21:12:43,71907876,71907877
10863210,,5,2021-01-11 17:42:14,71907876,71907877
8947710,,5,2021-01-11 17:37:59,71907876,71907877
19842498,,5,2021-01-11 17:00:05,71907876,71907877
15604572,,5,2021-01-11 17:00:47,71907876,71907877
1468853,,5,2021-01-11 16:44:48,71907876,71907877
19834573,,5,2021-01-11 15:25:31,71907876,71907877
1019345,,5,2021-01-11 14:59:09,71907876,71907877
19179180,,5,2021-01-11 14:14:52,71907876,71907877
15041458,,5,2021-01-11 12:49:54,71907876,71907877
19846154,,5,2021-01-11 11:42:30,71907876,71907877
19824905,,5,2021-01-11 11:31:27,71907876,71907877
7434251,,5,2021-01-11 11:23:18,71907876,71907877
19833048,,5,2021-01-11 11:14:52,71907876,71907877
13415412,,5,2021-01-11 10:49:21,71907876,71907877
9897174,,5,2021-01-11 10:41:49,71907876,71907877
8469116,,5,2021-01-11 09:56:08,71907876,71907877
9108571,,5,2021-01-11 09:49:11,71907876,71907877
13857696,ok,5,2020-12-30 13:31:37,71907876,71907877
16253775,,5,2021-01-11 05:27:34,71907876,71907877
19608681,,5,2021-01-11 00:08:13,71907876,71907877
19729480,,5,2021-01-10 22:42:49,71907876,71907877
11052347,,5,2021-01-10 21:46:31,71907876,71907877
16926839,,5,2021-01-10 21:12:48,71907876,71907877
7048772,,5,2021-01-10 20:43:56,71907876,71907877
13973089,,5,2021-01-10 19:32:55,71907876,71907877
16574003,,5,2021-01-10 19:21:48,71907876,71907877
17644237,,5,2021-01-10 19:18:04,71907876,71907877
6685097,,5,2021-01-10 18:07:56,71907876,71907877
13627723,,5,2021-01-10 17:11:01,71907876,71907877
19821022,,5,2021-01-10 16:16:24,71907876,71907877
11342443,,5,2021-01-10 14:10:20,71907876,71907877
19755390,,5,2021-01-10 12:52:41,71907876,71907877
19213392,,5,2021-01-10 10:51:52,71907876,71907877
15352494,,5,2021-01-10 09:56:06,71907876,71907877
845655,,5,2021-01-10 09:26:16,71907876,71907877
8281382,,5,2021-01-10 07:27:22,71907876,71907877
10285493,,5,2021-01-09 22:36:49,71907876,71907877
19532582,,5,2021-01-09 22:22:31,71907876,71907877
19807083,,5,2021-01-09 21:59:44,71907876,71907877
15509931,,5,2021-01-09 19:58:49,71907876,71907877
9629374,,5,2021-01-09 19:18:52,71907876,71907877
17528362,,5,2021-01-09 19:14:35,71907876,71907877
1925220,,5,2021-01-09 18:38:31,71907876,71907877
19603751,,5,2021-01-09 17:54:47,71907876,71907877
18350052,,5,2021-01-09 16:40:15,71907876,71907877
6439573,,5,2021-01-09 15:39:38,71907876,71907877
15591660,,5,2021-01-09 14:43:14,71907876,71907877
19758442,,5,2021-01-09 14:28:28,71907876,71907877
19814829,,5,2021-01-09 12:35:11,71907876,71907877
14845878,,5,2021-01-09 11:45:00,71907876,71907877
6192119,,5,2021-01-09 11:33:19,71907876,71907877
14716144,,5,2021-01-09 11:11:50,71907876,71907877
12353056,,5,2021-01-09 09:54:36,71907876,71907877
19636081,,5,2021-01-09 03:05:19,71907876,71907877
18381151,,5,2021-01-09 01:32:57,71907876,71907877
16002399,oke,5,2020-12-22 12:12:47,71907876,71907877
8439780,,5,2021-01-08 22:24:35,71907876,71907877
6699370,,5,2021-01-08 21:51:45,71907876,71907877
6410127,,5,2021-01-08 21:32:10,71907876,71907877
6148428,,5,2021-01-08 20:11:29,71907876,71907877
12463925,,5,2021-01-08 20:03:13,71907876,71907877
2149531,,5,2021-01-08 19:52:30,71907876,71907877
12289064,,5,2021-01-08 18:59:37,71907876,71907877
8583126,,5,2021-01-08 18:46:56,71907876,71907877
13566587,,5,2021-01-08 18:43:19,71907876,71907877
17925319,,5,2021-01-08 18:09:21,71907876,71907877
7977528,,5,2021-01-08 17:57:25,71907876,71907877
18026262,,5,2021-01-08 17:13:19,71907876,71907877
5824765,,5,2021-01-08 15:52:20,71907876,71907877
18541367,,5,2021-01-08 15:08:09,71907876,71907877
15397467,,5,2021-01-08 13:59:15,71907876,71907877
19706386,,5,2021-01-08 12:50:21,71907876,71907877
15334494,,5,2021-01-08 12:30:32,71907876,71907877
6639749,,5,2021-01-08 10:44:57,71907876,71907877
12638027,,5,2021-01-08 10:41:24,71907876,71907877
19233283,,5,2021-01-08 10:21:34,71907876,71907877
8138833,,5,2021-01-08 09:55:22,71907876,71907877
16016038,,5,2021-01-08 08:48:11,71907876,71907877
18667718,,5,2021-01-08 08:13:29,71907876,71907877
19082278,,5,2021-01-08 07:28:03,71907876,71907877
12816613,hay,5,2020-12-21 17:31:53,71907876,71907877
16408633,,5,2021-01-07 23:52:33,71907876,71907877
12694984,,5,2021-01-07 22:56:30,71907876,71907877
654551,,5,2021-01-07 22:28:55,71907876,71907877
8488759,,5,2021-01-07 22:21:27,71907876,71907877
12076656,,5,2021-01-07 21:23:25,71907876,71907877
19650563,,5,2021-01-07 21:00:12,71907876,71907877
8635095,,5,2021-01-07 20:15:48,71907876,71907877
19681487,,5,2021-01-07 20:04:42,71907876,71907877
2001217,,5,2021-01-07 17:07:56,71907876,71907877
9933238,,5,2021-01-07 16:55:10,71907876,71907877
202284,,5,2021-01-07 15:49:19,71907876,71907877
7637943,,5,2021-01-07 13:44:10,71907876,71907877
7445568,,5,2021-01-07 13:01:57,71907876,71907877
5763374,,5,2021-01-07 12:39:04,71907876,71907877
163680,,5,2021-01-07 12:27:08,71907876,71907877
19705453,,5,2021-01-07 12:21:48,71907876,71907877
5814420,,5,2021-01-07 11:57:55,71907876,71907877
19788466,,5,2021-01-07 11:37:55,71907876,71907877
10089917,,5,2021-01-07 11:19:12,71907876,71907877
8736256,,5,2021-01-07 11:03:19,71907876,71907877
10757783,,5,2021-01-07 10:41:02,71907876,71907877
17525966,,5,2021-01-07 10:22:26,71907876,71907877
16561105,,5,2021-01-07 08:59:42,71907876,71907877
951231,,5,2021-01-07 08:41:07,71907876,71907877
19793522,,5,2021-01-07 08:21:45,71907876,71907877
9955107,,5,2021-01-07 07:52:50,71907876,71907877
14735958,,5,2021-01-07 07:31:41,71907876,71907877
19688782,.,5,2021-01-01 07:19:18,71907876,71907877
19396044,,5,2021-01-07 01:00:49,71907876,71907877
17283282,,5,2021-01-07 00:02:32,71907876,71907877
7753594,,5,2021-01-06 23:41:24,71907876,71907877
1729241,,5,2021-01-06 22:45:10,71907876,71907877
17429143,,5,2021-01-06 22:34:00,71907876,71907877
19762149,,5,2021-01-06 22:23:29,71907876,71907877
1360803,,5,2021-01-06 22:10:11,71907876,71907877
19754255,,5,2021-01-06 21:57:28,71907876,71907877
19778696,,5,2021-01-06 21:44:18,71907876,71907877
7497426,,5,2021-01-06 18:19:26,71907876,71907877
1014614,,5,2021-01-06 18:18:28,71907876,71907877
19783141,,5,2021-01-06 17:54:21,71907876,71907877
19779941,,5,2021-01-06 17:26:27,71907876,71907877
11305250,,5,2021-01-06 17:25:09,71907876,71907877
18610123,,5,2021-01-06 17:19:54,71907876,71907877
1138160,,5,2021-01-06 16:01:41,71907876,71907877
5127038,,5,2021-01-06 15:21:45,71907876,71907877
8349266,,5,2021-01-06 15:10:51,71907876,71907877
16432376,,5,2021-01-06 14:04:00,71907876,71907877
11324075,,5,2021-01-06 11:29:53,71907876,71907877
19748999,,5,2021-01-06 11:24:49,71907876,71907877
19785025,,5,2021-01-06 11:00:36,71907876,71907877
17579310,,5,2021-01-06 10:20:05,71907876,71907877
19770532,,5,2021-01-06 10:08:15,71907876,71907877
10200666,,5,2021-01-06 08:54:11,71907876,71907877
1733622,,5,2021-01-06 08:22:22,71907876,71907877
8071807,,5,2021-01-06 07:57:08,71907876,71907877
17432041,,5,2021-01-06 00:46:26,71907876,71907877
19765311,,5,2021-01-05 22:30:27,71907876,71907877
16210137,,5,2021-01-05 21:59:42,71907876,71907877
6579304,,5,2021-01-05 21:54:07,71907876,71907877
17503569,,5,2021-01-05 19:39:11,71907876,71907877
7979851,,5,2021-01-05 18:41:03,71907876,71907877
9608306,,5,2021-01-05 16:40:58,71907876,71907877
14179866,,5,2021-01-05 16:30:21,71907876,71907877
5139825,.,5,2020-12-30 19:42:17,71907876,71907877
19748379,,5,2021-01-05 15:11:07,71907876,71907877
18505367,,5,2021-01-05 14:32:15,71907876,71907877
8900016,,5,2021-01-05 14:00:17,71907876,71907877
19774586,,5,2021-01-05 13:29:02,71907876,71907877
19469756,,5,2021-01-05 13:09:05,71907876,71907877
9613570,,5,2021-01-05 12:42:59,71907876,71907877
14033533,,5,2021-01-05 12:29:38,71907876,71907877
17894864,,5,2021-01-05 12:08:09,71907876,71907877
19645651,,5,2021-01-05 12:04:33,71907876,71907877
6775247,,5,2021-01-05 12:01:30,71907876,71907877
1914787,,5,2021-01-05 11:36:51,71907876,71907877
15397524,,5,2021-01-05 11:34:54,71907876,71907877
13810791,,5,2021-01-05 11:27:28,71907876,71907877
6849168,,5,2021-01-05 10:56:48,71907876,71907877
7784326,,5,2021-01-05 10:46:06,71907876,71907877
6512569,,5,2021-01-05 10:14:12,71907876,71907877
19757381,,5,2021-01-05 09:41:06,71907876,71907877
19603232,,5,2021-01-05 08:27:04,71907876,71907877
18857818,,5,2021-01-05 08:24:29,71907876,71907877
18279904,,5,2021-01-05 07:39:07,71907876,71907877
19635655,ok,5,2020-12-24 10:40:47,71907876,71907877
7375539,,5,2021-01-05 01:12:12,71907876,71907877
9663947,,5,2021-01-05 00:54:57,71907876,71907877
18730733,,5,2021-01-05 00:17:10,71907876,71907877
17845066,,5,2021-01-04 23:00:35,71907876,71907877
5672375,,5,2021-01-04 22:42:28,71907876,71907877
8787014,,5,2021-01-04 20:29:47,71907876,71907877
11668068,,5,2021-01-04 20:08:15,71907876,71907877
19767370,,5,2021-01-04 19:16:30,71907876,71907877
16088893,,5,2021-01-04 18:18:26,71907876,71907877
5213194,,5,2021-01-04 15:39:39,71907876,71907877
8752884,,5,2021-01-04 15:39:14,71907876,71907877
19764601,,5,2021-01-04 15:25:40,71907876,71907877
955671,,5,2021-01-04 14:49:27,71907876,71907877
14720101,,5,2021-01-04 13:58:44,71907876,71907877
19747405,,5,2021-01-04 11:37:04,71907876,71907877
14552322,,5,2021-01-04 11:23:21,71907876,71907877
16630639,,5,2021-01-04 11:22:23,71907876,71907877
18931374,,5,2021-01-04 10:47:26,71907876,71907877
7750292,,5,2021-01-04 10:40:13,71907876,71907877
19081773,,5,2021-01-04 10:14:01,71907876,71907877
16335194,,5,2021-01-04 07:56:35,71907876,71907877
7398113,,5,2021-01-04 00:08:11,71907876,71907877
19734023,,5,2021-01-03 22:58:48,71907876,71907877
9896118,,5,2021-01-03 21:20:13,71907876,71907877
13709451,,5,2021-01-03 18:49:36,71907876,71907877
18888829,,5,2021-01-03 18:47:14,71907876,71907877
9754174,,5,2021-01-03 18:10:56,71907876,71907877
12542377,,5,2021-01-03 17:57:53,71907876,71907877
18996012,,5,2021-01-03 16:27:47,71907876,71907877
19600617,,5,2021-01-03 15:37:18,71907876,71907877
7488383,,5,2021-01-03 13:32:19,71907876,71907877
19759139,,5,2021-01-03 12:45:42,71907876,71907877
10988543,.,5,2020-12-28 10:29:27,71907876,71907877
1744331,,5,2021-01-02 13:22:41,71907876,71907877
8283010,,5,2021-01-02 13:01:48,71907876,71907877
11502755,,5,2021-01-02 12:32:17,71907876,71907877
18990673,,5,2021-01-02 12:25:54,71907876,71907877
6476795,,5,2021-01-02 09:14:21,71907876,71907877
19671818,,5,2021-01-02 07:57:45,71907876,71907877
8747436,,5,2021-01-02 01:33:50,71907876,71907877
11195785,,5,2021-01-02 00:46:08,71907876,71907877
10066485,,5,2021-01-01 23:50:13,71907876,71907877
17783448,,5,2021-01-01 23:50:36,71907876,71907877
19688508,,5,2021-01-01 23:06:18,71907876,71907877
11997080,,5,2021-01-01 22:21:16,71907876,71907877
9739570,,5,2021-01-01 21:52:16,71907876,71907877
8508,,5,2021-01-01 21:23:44,71907876,71907877
19645120,,5,2021-01-01 19:50:54,71907876,71907877
19693757,,5,2021-01-01 16:43:24,71907876,71907877
18428466,,5,2021-01-01 13:56:13,71907876,71907877
18946605,,5,2021-01-01 13:03:24,71907876,71907877
417893,,5,2021-01-01 10:31:24,71907876,71907877
19734461,,5,2021-01-01 10:09:01,71907876,71907877
8592904,,5,2021-01-01 10:03:24,71907876,71907877
19724081,,5,2021-01-01 09:06:09,71907876,71907877
11530693,,5,2021-01-01 03:52:55,71907876,71907877
12391644,,5,2020-12-31 23:29:20,71907876,71907877
6236713,,5,2020-12-31 21:42:12,71907876,71907877
17289509,,5,2020-12-31 18:31:16,71907876,71907877
19718674,,5,2020-12-31 13:59:12,71907876,71907877
13275882,,5,2020-12-31 13:02:40,71907876,71907877
914212,,5,2020-12-31 12:32:15,71907876,71907877
19119814,,5,2020-12-31 12:24:06,71907876,71907877
17556433,,5,2020-12-31 11:53:31,71907876,71907877
11613454,,5,2020-12-31 10:12:58,71907876,71907877
19604896,,5,2020-12-31 09:54:21,71907876,71907877
19218943,,5,2020-12-31 09:02:09,71907876,71907877
19670980,,5,2020-12-31 06:57:50,71907876,71907877
16162115,,5,2020-12-31 06:53:49,71907876,71907877
5917875,,5,2020-12-31 01:20:34,71907876,71907877
7952837,,5,2020-12-31 00:18:45,71907876,71907877
15885602,,5,2020-12-30 22:55:12,71907876,71907877
11857753,,5,2020-12-30 22:27:16,71907876,71907877
7304093,,5,2020-12-30 22:27:46,71907876,71907877
6025440,,5,2020-12-30 21:23:03,71907876,71907877
6718041,,5,2020-12-30 20:56:18,71907876,71907877
6528902,,5,2020-12-30 20:50:30,71907876,71907877
17316299,,5,2020-12-30 20:28:30,71907876,71907877
17870244,,5,2020-12-30 20:21:21,71907876,71907877
9169036,,5,2020-12-30 19:34:49,71907876,71907877
17500298,,5,2020-12-30 19:15:49,71907876,71907877
18307452,,5,2020-12-30 19:11:16,71907876,71907877
19300916,,5,2020-12-30 19:00:12,71907876,71907877
17035563,,5,2020-12-30 18:55:17,71907876,71907877
14599310,,5,2020-12-30 18:41:56,71907876,71907877
2184784,,5,2020-12-30 18:42:18,71907876,71907877
13751461,,5,2020-12-30 17:46:41,71907876,71907877
12471817,Hahahaha,5,2020-11-13 22:08:54,71907876,71907877
1078227,,5,2020-12-30 15:05:33,71907876,71907877
7055614,,5,2020-12-30 13:22:38,71907876,71907877
6729664,,5,2020-12-30 12:59:33,71907876,71907877
19611151,,5,2020-12-30 12:40:40,71907876,71907877
6971924,,5,2020-12-30 12:00:53,71907876,71907877
5585540,,5,2020-12-30 11:52:27,71907876,71907877
9961357,,5,2020-12-30 11:37:00,71907876,71907877
17443051,,5,2020-12-30 10:33:50,71907876,71907877
18413506,,5,2020-12-30 08:12:12,71907876,71907877
13514760,,5,2020-12-30 08:07:57,71907876,71907877
15282003,,5,2020-12-30 02:50:55,71907876,71907877
18130190,,5,2020-12-30 01:06:16,71907876,71907877
10254071,,5,2020-12-29 23:21:51,71907876,71907877
19663868,,5,2020-12-29 22:31:33,71907876,71907877
19698322,,5,2020-12-29 22:13:32,71907876,71907877
10535197,,5,2020-12-29 20:55:44,71907876,71907877
18589161,,5,2020-12-29 20:56:11,71907876,71907877
18694892,,5,2020-12-29 20:53:27,71907876,71907877
1115360,,5,2020-12-29 19:48:45,71907876,71907877
16521498,,5,2020-12-29 19:40:06,71907876,71907877
19709461,,5,2020-12-29 18:28:24,71907876,71907877
19700760,,5,2020-12-29 17:46:59,71907876,71907877
19134994,,5,2020-12-29 17:41:14,71907876,71907877
9823466,,5,2020-12-29 17:24:27,71907876,71907877
18278309,,5,2020-12-29 14:45:00,71907876,71907877
19408884,,5,2020-12-29 14:15:07,71907876,71907877
8721974,,5,2020-12-29 13:43:13,71907876,71907877
16754587,,5,2020-12-29 12:32:48,71907876,71907877
19552265,,5,2020-12-29 12:04:22,71907876,71907877
19667086,,5,2020-12-29 11:04:55,71907876,71907877
19618241,,5,2020-12-29 10:10:14,71907876,71907877
13651937,,5,2020-12-29 09:11:48,71907876,71907877
19617920,,5,2020-12-29 07:25:28,71907876,71907877
5706069,,5,2020-12-29 05:44:27,71907876,71907877
866028,,5,2020-12-29 01:21:25,71907876,71907877
19624493,,5,2020-12-28 22:08:12,71907876,71907877
19616517,,5,2020-12-28 22:02:40,71907876,71907877
19683039,,5,2020-12-28 19:03:27,71907876,71907877
19522611,,5,2020-12-28 18:09:40,71907876,71907877
19680302,,5,2020-12-28 17:50:42,71907876,71907877
18207850,,5,2020-12-28 17:25:47,71907876,71907877
2239622,,5,2020-12-28 17:19:19,71907876,71907877
14866604,,5,2020-12-28 17:20:43,71907876,71907877
15126409,,5,2020-12-28 17:11:17,71907876,71907877
19670651,,5,2020-12-28 16:16:20,71907876,71907877
19693412,,5,2020-12-28 16:16:46,71907876,71907877
5959498,,5,2020-12-28 14:53:01,71907876,71907877
10870301,,5,2020-12-28 14:47:23,71907876,71907877
11891685,,5,2020-12-28 14:44:56,71907876,71907877
18065076,,5,2020-12-28 12:02:44,71907876,71907877
1375820,,5,2020-12-28 11:33:41,71907876,71907877
8036264,,5,2020-12-28 11:22:56,71907876,71907877
15651926,,5,2020-12-28 08:43:35,71907876,71907877
647786,,5,2020-12-28 06:50:56,71907876,71907877
10905730,,5,2020-12-27 23:44:44,71907876,71907877
421631,,5,2020-12-27 23:24:50,71907876,71907877
1638220,,5,2020-12-27 23:12:06,71907876,71907877
19410396,,5,2020-12-27 22:57:15,71907876,71907877
12560162,,5,2020-12-27 22:44:15,71907876,71907877
17308035,,5,2020-12-27 22:42:54,71907876,71907877
7603695,,5,2020-12-27 21:11:23,71907876,71907877
12824755,,5,2020-12-27 19:45:12,71907876,71907877
18208637,,5,2020-12-27 19:37:13,71907876,71907877
13502576,,5,2020-12-27 19:19:13,71907876,71907877
17525093,,5,2020-12-27 16:54:38,71907876,71907877
6744650,,5,2020-12-27 15:45:06,71907876,71907877
14140392,,5,2020-12-27 14:56:07,71907876,71907877
19682032,,5,2020-12-27 14:44:51,71907876,71907877
13158286,,5,2020-12-27 14:28:22,71907876,71907877
10854976,,5,2020-12-27 12:13:42,71907876,71907877
665150,,5,2020-12-27 11:36:50,71907876,71907877
17729198,,5,2020-12-27 11:22:47,71907876,71907877
624063,,5,2020-12-27 10:18:04,71907876,71907877
19613968,,5,2020-12-27 07:52:12,71907876,71907877
13550750,,5,2020-12-26 22:01:41,71907876,71907877
17298104,,5,2020-12-26 21:47:34,71907876,71907877
1891643,,5,2020-12-26 21:00:31,71907876,71907877
5933633,,5,2020-12-26 19:18:10,71907876,71907877
15520164,,5,2020-12-26 18:06:09,71907876,71907877
1989125,,5,2020-12-26 17:04:21,71907876,71907877
5931303,,5,2020-12-26 15:17:12,71907876,71907877
19666667,,5,2020-12-26 14:45:45,71907876,71907877
17931232,,5,2020-12-26 14:35:57,71907876,71907877
10335805,,5,2020-12-26 13:45:48,71907876,71907877
13634540,,5,2020-12-26 13:11:20,71907876,71907877
19582078,,5,2020-12-26 13:01:21,71907876,71907877
9655202,,5,2020-12-26 12:33:49,71907876,71907877
19665506,,5,2020-12-26 12:06:44,71907876,71907877
10220330,,5,2020-12-26 11:46:47,71907876,71907877
19660127,,5,2020-12-26 10:45:07,71907876,71907877
18946769,,5,2020-12-26 10:24:02,71907876,71907877
19537097,,5,2020-12-26 09:22:14,71907876,71907877
10850293,,5,2020-12-26 05:44:25,71907876,71907877
17817891,Sách hay,5,2020-11-02 12:45:21,71907876,71907877
7695419,,5,2020-12-26 00:07:06,71907876,71907877
19361181,,5,2020-12-25 22:36:53,71907876,71907877
16149918,,5,2020-12-25 22:32:08,71907876,71907877
10389334,,5,2020-12-25 21:45:27,71907876,71907877
6508713,,5,2020-12-25 20:20:00,71907876,71907877
14263410,,5,2020-12-25 19:11:47,71907876,71907877
18574223,,5,2020-12-25 18:39:06,71907876,71907877
19219783,,5,2020-12-25 18:13:10,71907876,71907877
14393664,,5,2020-12-25 18:08:42,71907876,71907877
527980,,5,2020-12-25 17:24:25,71907876,71907877
19601766,,5,2020-12-25 16:43:47,71907876,71907877
391320,,5,2020-12-25 16:37:59,71907876,71907877
11254452,,5,2020-12-25 16:37:03,71907876,71907877
16989799,,5,2020-12-25 15:21:49,71907876,71907877
9853545,,5,2020-12-25 12:56:34,71907876,71907877
1661062,,5,2020-12-25 12:55:05,71907876,71907877
18185668,,5,2020-12-25 11:13:39,71907876,71907877
8570168,,5,2020-12-25 11:04:14,71907876,71907877
19619821,,5,2020-12-25 10:25:16,71907876,71907877
10076751,,5,2020-12-24 23:47:48,71907876,71907877
18374116,,5,2020-12-24 23:34:07,71907876,71907877
5178943,,5,2020-12-24 19:36:23,71907876,71907877
19389289,,5,2020-12-24 17:16:29,71907876,71907877
18326693,,5,2020-12-24 16:22:42,71907876,71907877
8613865,,5,2020-12-24 15:49:50,71907876,71907877
16459965,,5,2020-12-24 15:07:27,71907876,71907877
9629439,,5,2020-12-24 14:00:14,71907876,71907877
5916736,,5,2020-12-24 11:02:03,71907876,71907877
10039203,,5,2020-12-24 08:56:38,71907876,71907877
16042893,,5,2020-12-24 07:54:26,71907876,71907877
19617959,,5,2020-12-23 21:32:14,71907876,71907877
19617693,,5,2020-12-23 21:20:58,71907876,71907877
19503178,,5,2020-12-23 21:08:33,71907876,71907877
19614953,,5,2020-12-23 20:30:54,71907876,71907877
18303965,,5,2020-12-23 19:46:09,71907876,71907877
15309457,,5,2020-12-23 18:18:48,71907876,71907877
18936140,,5,2020-12-23 16:45:41,71907876,71907877
6226958,,5,2020-12-23 13:52:23,71907876,71907877
18263330,,5,2020-12-23 13:02:59,71907876,71907877
11814534,,5,2020-12-23 12:55:29,71907876,71907877
15782332,,5,2020-12-23 12:49:18,71907876,71907877
11529590,,5,2020-12-23 12:30:46,71907876,71907877
8423988,,5,2020-12-23 12:19:01,71907876,71907877
8108653,,5,2020-12-23 12:07:32,71907876,71907877
5678634,,5,2020-12-23 11:00:47,71907876,71907877
15063863,,5,2020-12-23 10:09:31,71907876,71907877
6810335,,5,2020-12-23 09:12:05,71907876,71907877
19620724,,5,2020-12-23 06:48:59,71907876,71907877
18529029,,5,2020-12-23 05:38:05,71907876,71907877
19606480,,5,2020-12-23 05:35:47,71907876,71907877
6941776,,5,2020-12-23 01:49:46,71907876,71907877
5988003,,5,2020-12-23 00:44:44,71907876,71907877
15191991,,5,2020-12-23 00:25:18,71907876,71907877
7984413,,5,2020-12-22 22:58:40,71907876,71907877
9375352,,5,2020-12-22 22:50:18,71907876,71907877
13834829,,5,2020-12-22 22:11:05,71907876,71907877
18647494,,5,2020-12-22 21:50:39,71907876,71907877
8613253,,5,2020-12-22 21:37:23,71907876,71907877
9396890,,5,2020-12-22 18:42:05,71907876,71907877
19597286,,5,2020-12-22 18:34:36,71907876,71907877
18196410,,5,2020-12-22 18:33:50,71907876,71907877
8646757,,5,2020-12-22 14:58:13,71907876,71907877
12896852,,5,2020-12-22 14:50:35,71907876,71907877
1213130,,5,2020-12-22 14:51:08,71907876,71907877
624634,,5,2020-12-22 14:23:25,71907876,71907877
16237423,,5,2020-12-22 13:44:43,71907876,71907877
19618690,,5,2020-12-22 12:50:57,71907876,71907877
316929,,5,2020-12-22 12:17:27,71907876,71907877
7325017,,5,2020-12-22 11:55:34,71907876,71907877
1177733,,5,2020-12-22 10:25:24,71907876,71907877
8285900,,5,2020-12-22 07:12:18,71907876,71907877
14967746,,5,2020-12-22 05:07:53,71907876,71907877
17868531,,5,2020-12-21 23:44:19,71907876,71907877
12514162,,5,2020-12-21 18:34:40,71907876,71907877
13351305,,5,2020-12-21 17:03:55,71907876,71907877
76914,5*,5,2020-12-09 21:36:26,71907876,71907877
8180649,,5,2020-12-21 13:47:08,71907876,71907877
10285657,,5,2020-12-21 13:44:48,71907876,71907877
15338150,,5,2020-12-21 13:19:02,71907876,71907877
10595820,,5,2020-12-21 12:42:46,71907876,71907877
10207412,,5,2020-12-21 12:30:41,71907876,71907877
12736135,,5,2020-12-21 11:43:08,71907876,71907877
9877568,,5,2020-12-20 23:17:23,71907876,71907877
14037447,,5,2020-12-20 22:54:44,71907876,71907877
19597225,,5,2020-12-20 21:09:00,71907876,71907877
192459,,5,2020-12-20 20:36:02,71907876,71907877
10564435,,5,2020-12-20 19:18:05,71907876,71907877
19312595,,5,2020-12-20 18:30:16,71907876,71907877
17249387,,5,2020-12-20 17:04:44,71907876,71907877
10949268,.,5,2020-12-14 19:52:20,71907876,71907877
2112542,,5,2020-12-20 13:49:17,71907876,71907877
1197528,,5,2020-12-20 12:28:59,71907876,71907877
8467725,,5,2020-12-20 11:57:38,71907876,71907877
14534170,,5,2020-12-20 11:48:56,71907876,71907877
19445026,,5,2020-12-19 20:08:20,71907876,71907877
13178290,,5,2020-12-19 19:27:04,71907876,71907877
12529720,,5,2020-12-19 18:33:15,71907876,71907877
1826835,,5,2020-12-19 14:34:20,71907876,71907877
6761812,,5,2020-12-19 09:08:53,71907876,71907877
45144,,5,2020-12-18 20:43:01,71907876,71907877
90454,,5,2020-12-18 18:51:47,71907876,71907877
7693076,,5,2020-12-18 15:35:07,71907876,71907877
8189373,,5,2020-12-18 13:09:23,71907876,71907877
414992,Hay,5,2020-11-30 10:41:08,71907876,71907877
19437377,,5,2020-12-17 20:00:02,71907876,71907877
8445675,,5,2020-12-17 15:36:33,71907876,71907877
11164474,,5,2020-12-17 14:34:55,71907876,71907877
6521201,,5,2020-12-17 12:37:33,71907876,71907877
11357098,,5,2020-12-17 11:25:24,71907876,71907877
19083731,,5,2020-12-17 08:25:10,71907876,71907877
13605771,,5,2020-12-16 21:52:01,71907876,71907877
14484006,,5,2020-12-16 14:09:57,71907876,71907877
7712282,,5,2020-12-16 09:43:52,71907876,71907877
12144295,,5,2020-12-16 08:57:11,71907876,71907877
5786028,,5,2020-12-15 20:38:02,71907876,71907877
17822706,,5,2020-12-15 20:21:57,71907876,71907877
18239469,,5,2020-12-15 18:41:48,71907876,71907877
11978242,,5,2020-12-15 16:54:36,71907876,71907877
44050,,5,2020-12-15 15:50:08,71907876,71907877
8523994,,5,2020-12-15 12:37:41,71907876,71907877
1811335,,5,2020-12-15 09:58:22,71907876,71907877
17066194,,5,2020-12-14 20:17:48,71907876,71907877
66288,,5,2020-12-14 20:04:17,71907876,71907877
7944735,,5,2020-12-14 16:16:31,71907876,71907877
6049159,,5,2020-12-14 16:01:41,71907876,71907877
11117475,,5,2020-12-14 14:50:57,71907876,71907877
13203761,,5,2020-12-14 13:56:55,71907876,71907877
5514810,,5,2020-12-14 13:20:09,71907876,71907877
17598733,,5,2020-12-14 11:36:14,71907876,71907877
9817102,,5,2020-12-14 09:28:09,71907876,71907877
8343045,,5,2020-12-13 23:06:45,71907876,71907877
9735963,,5,2020-12-13 22:34:47,71907876,71907877
16919128,,5,2020-12-13 21:50:09,71907876,71907877
5785094,,5,2020-12-13 21:20:07,71907876,71907877
15917917,,5,2020-12-13 19:06:46,71907876,71907877
7417960,,5,2020-12-13 16:03:08,71907876,71907877
18084516,,5,2020-12-13 15:57:54,71907876,71907877
19479044,,5,2020-12-13 14:59:20,71907876,71907877
11831914,,5,2020-12-13 14:55:59,71907876,71907877
305528,,5,2020-12-13 12:45:01,71907876,71907877
10577041,,5,2020-12-13 09:20:48,71907876,71907877
5412501,,5,2020-12-12 21:41:38,71907876,71907877
11029555,,5,2020-12-12 21:36:52,71907876,71907877
12516208,,5,2020-12-12 18:30:12,71907876,71907877
16254417,,5,2020-12-12 15:20:23,71907876,71907877
11270225,,5,2020-12-12 14:57:38,71907876,71907877
6290634,,5,2020-12-12 14:26:38,71907876,71907877
6597021,,5,2020-12-12 13:57:52,71907876,71907877
7346100,,5,2020-12-12 13:01:09,71907876,71907877
15384563,,5,2020-12-12 12:22:00,71907876,71907877
8131863,,5,2020-12-12 09:04:05,71907876,71907877
5929829,,5,2020-12-12 01:05:07,71907876,71907877
19183197,,5,2020-12-12 00:39:23,71907876,71907877
6138710,,5,2020-12-11 22:00:11,71907876,71907877
17696173,,5,2020-12-11 20:54:40,71907876,71907877
10490438,,5,2020-12-11 02:05:12,71907876,71907877
17305317,,5,2020-12-10 20:34:42,71907876,71907877
6453753,,5,2020-12-10 18:49:39,71907876,71907877
5156340,,5,2020-12-10 15:15:55,71907876,71907877
12712321,,5,2020-12-10 12:08:55,71907876,71907877
475075,,5,2020-12-10 09:32:26,71907876,71907877
10956419,,5,2020-12-10 09:01:05,71907876,71907877
17857262,,5,2020-12-10 08:06:03,71907876,71907877
5459004,,5,2020-12-09 22:52:59,71907876,71907877
11066343,,5,2020-12-09 20:39:32,71907876,71907877
986171,,5,2020-12-09 19:43:53,71907876,71907877
14542433,,5,2020-12-09 09:30:28,71907876,71907877
8695248,good,5,2020-11-15 23:54:59,71907876,71907877
843716,,5,2020-12-08 22:46:51,71907876,71907877
5369299,,5,2020-12-08 18:56:22,71907876,71907877
19191444,,5,2020-12-08 17:38:13,71907876,71907877
16727806,,5,2020-12-08 17:09:07,71907876,71907877
1213239,,5,2020-12-08 13:23:09,71907876,71907877
18655347,,5,2020-12-08 11:03:19,71907876,71907877
7090766,,5,2020-12-08 09:48:28,71907876,71907877
14243240,,5,2020-12-08 09:12:09,71907876,71907877
6801187,,5,2020-12-07 21:12:26,71907876,71907877
14207440,,5,2020-12-07 20:22:45,71907876,71907877
11010991,,5,2020-12-07 20:07:17,71907876,71907877
5946061,,5,2020-12-07 17:33:49,71907876,71907877
1062159,,5,2020-12-07 14:56:07,71907876,71907877
6174769,,5,2020-12-07 08:57:15,71907876,71907877
10812372,,5,2020-12-06 23:43:39,71907876,71907877
11506875,,5,2020-12-06 22:39:40,71907876,71907877
19396536,,5,2020-12-06 19:52:01,71907876,71907877
657313,,5,2020-12-06 17:21:48,71907876,71907877
18578294,,5,2020-12-06 15:53:41,71907876,71907877
331473,,5,2020-12-06 15:27:44,71907876,71907877
16631545,,5,2020-12-06 11:28:24,71907876,71907877
10608679,,5,2020-12-06 00:16:30,71907876,71907877
9831794,,5,2020-12-05 17:33:33,71907876,71907877
5580921,,5,2020-12-05 17:28:36,71907876,71907877
7590752,,5,2020-12-05 00:39:03,71907876,71907877
19177035,,5,2020-12-04 19:06:32,71907876,71907877
19273088,,5,2020-12-03 19:52:17,71907876,71907877
19343139,,5,2020-12-03 16:09:05,71907876,71907877
19080999,,5,2020-12-03 12:23:54,71907876,71907877
19225263,,5,2020-12-03 11:13:25,71907876,71907877
423247,,5,2020-12-03 06:43:15,71907876,71907877
6135126,,5,2020-12-02 23:43:49,71907876,71907877
1298322,,5,2020-12-02 18:43:29,71907876,71907877
492506,,5,2020-12-02 17:14:58,71907876,71907877
17646160,,5,2020-12-02 16:20:25,71907876,71907877
10382545,,5,2020-12-02 14:55:41,71907876,71907877
5514381,,5,2020-12-02 12:35:37,71907876,71907877
2154766,,5,2020-12-02 11:05:48,71907876,71907877
11021858,,5,2020-12-02 08:21:13,71907876,71907877
19334607,,5,2020-12-02 08:01:30,71907876,71907877
8442423,,5,2020-12-01 19:30:58,71907876,71907877
10060143,,5,2020-12-01 18:53:39,71907876,71907877
18712572,,5,2020-12-01 16:25:06,71907876,71907877
17272546,,5,2020-12-01 16:00:11,71907876,71907877
5359815,,5,2020-12-01 06:51:14,71907876,71907877
12483532,,5,2020-11-30 17:54:25,71907876,71907877
19277053,,5,2020-11-30 16:14:42,71907876,71907877
14570317,hay,5,2020-11-12 13:54:57,71907876,71907877
5861608,,5,2020-11-30 01:20:25,71907876,71907877
19196626,,5,2020-11-29 20:52:18,71907876,71907877
12691314,,5,2020-11-29 17:56:05,71907876,71907877
14285866,,5,2020-11-29 15:53:50,71907876,71907877
5582356,,5,2020-11-29 14:13:27,71907876,71907877
10630517,,5,2020-11-29 08:04:05,71907876,71907877
7385193,,5,2020-11-28 18:37:49,71907876,71907877
19254965,,5,2020-11-28 12:52:21,71907876,71907877
722660,,5,2020-11-28 09:13:48,71907876,71907877
8131202,,5,2020-11-28 08:25:37,71907876,71907877
624376,,5,2020-11-27 19:33:43,71907876,71907877
15535972,,5,2020-11-27 16:25:15,71907876,71907877
6847996,,5,2020-11-27 11:49:30,71907876,71907877
5163527,,5,2020-11-27 08:53:42,71907876,71907877
17864960,,5,2020-11-27 07:52:33,71907876,71907877
19104087,,5,2020-11-26 17:42:37,71907876,71907877
7307538,,5,2020-11-25 08:04:14,71907876,71907877
7736980,,5,2020-11-25 07:52:57,71907876,71907877
6606999,,5,2020-11-25 00:21:58,71907876,71907877
9032510,"Bạn này nhỏ như cuốn "" Vui bẻ không quạu nha"" _Mik đọc mà cười một mik, mẹ mik tưởng mik bị điên chứ. _Sách không phù hợp cho thanh niên nghiêm túc, đàn ông đang cho con bú, trẻ em đang mang thai. _Nói chung là mình ưng, nhưng 5 sao là Trung Quốc , mik định cho 1 sao,1 sao là Việt Nam :)))) ( Mik cho 4 sao vì mik thích cấm hỏi )?",4,2021-04-19 21:20:07,71907876,71907877
14022053,,5,2020-11-23 23:30:23,71907876,71907877
1225287,,5,2020-11-20 19:51:25,71907876,71907877
19218957,,5,2020-11-20 19:15:57,71907876,71907877
1315067,,5,2020-11-20 18:56:39,71907876,71907877
926745,,5,2020-11-20 05:56:02,71907876,71907877
10172319,,5,2020-11-19 14:18:46,71907876,71907877
7189572,,5,2020-11-19 14:02:28,71907876,71907877
7368240,,5,2020-11-19 12:02:39,71907876,71907877
6616662,,5,2020-11-19 11:15:20,71907876,71907877
1872735,,5,2020-11-19 09:49:56,71907876,71907877
402133,,5,2020-11-19 08:20:34,71907876,71907877
19226603,,5,2020-11-19 06:12:19,71907876,71907877
13455566,,5,2020-11-18 18:19:46,71907876,71907877
1390180,,5,2020-11-18 11:31:42,71907876,71907877
7408326,,5,2020-11-18 11:25:36,71907876,71907877
8895033,,5,2020-11-18 09:39:23,71907876,71907877
19160527,,5,2020-11-18 09:36:30,71907876,71907877
7176250,,5,2020-11-17 13:42:05,71907876,71907877
6642740,,5,2020-11-16 21:39:17,71907876,71907877
5783732,,5,2020-11-16 17:31:02,71907876,71907877
15290083,,5,2020-11-16 15:45:50,71907876,71907877
6091944,,5,2020-11-16 13:10:56,71907876,71907877
8333812,,5,2020-11-16 10:22:05,71907876,71907877
18281437,,5,2020-11-16 08:00:14,71907876,71907877
17686503,,5,2020-11-15 19:49:32,71907876,71907877
10894990,,5,2020-11-15 14:06:57,71907876,71907877
11829716,,5,2020-11-15 07:54:22,71907876,71907877
628130,,5,2020-11-14 22:13:49,71907876,71907877
5898054,,5,2020-11-14 17:57:51,71907876,71907877
5607431,,5,2020-11-14 09:19:35,71907876,71907877
19185127,,5,2020-11-14 08:59:44,71907876,71907877
16496542,,5,2020-11-14 07:11:17,71907876,71907877
7422125,,5,2020-11-13 21:12:28,71907876,71907877
11415560,,5,2020-11-13 16:21:49,71907876,71907877
19163515,,5,2020-11-13 15:42:34,71907876,71907877
12045926,,5,2020-11-13 13:52:27,71907876,71907877
2191511,,5,2020-11-13 13:45:53,71907876,71907877
19125504,,5,2020-11-12 14:20:37,71907876,71907877
10900772,,5,2020-11-12 09:09:43,71907876,71907877
13070159,,5,2020-11-12 00:36:45,71907876,71907877
18170506,,5,2020-11-10 21:37:43,71907876,71907877
19089811,,5,2020-11-11 18:40:13,71907876,71907877
1117789,,5,2020-11-11 17:25:17,71907876,71907877
5671804,,5,2020-11-11 16:42:13,71907876,71907877
550144,,5,2020-11-11 14:46:26,71907876,71907877
56061,,5,2020-11-11 13:41:21,71907876,71907877
7696569,,5,2020-11-11 12:33:02,71907876,71907877
13287031,,5,2020-11-11 10:58:28,71907876,71907877
15050540,,5,2020-11-11 10:49:47,71907876,71907877
17257372,,5,2020-11-11 10:16:50,71907876,71907877
18373379,,5,2020-11-11 09:42:38,71907876,71907877
5149530,,5,2020-11-11 09:22:59,71907876,71907877
6992618,,5,2020-11-11 09:12:03,71907876,71907877
17653407,,5,2020-11-11 07:01:56,71907876,71907877
17982756,,5,2020-11-10 16:04:52,71907876,71907877
19020067,,5,2020-11-10 15:11:51,71907876,71907877
7475922,,5,2020-11-10 11:08:44,71907876,71907877
7944088,,5,2020-11-10 09:26:39,71907876,71907877
8839115,,5,2020-11-09 16:36:31,71907876,71907877
16068649,,5,2020-11-08 12:44:33,71907876,71907877
11121510,,5,2020-11-08 08:52:40,71907876,71907877
5707552,,5,2020-11-07 23:35:05,71907876,71907877
8579643,,5,2020-11-05 11:23:44,71907876,71907877
11738027,,5,2020-11-04 12:42:11,71907876,71907877
8413635,,5,2020-11-04 10:31:42,71907876,71907877
12507348,,5,2020-11-02 21:59:22,71907876,71907877
601286,,5,2020-11-02 12:05:33,71907876,71907877
12106719,,5,2020-11-02 23:03:19,71907876,71907877
16075110,,5,2020-11-01 19:10:22,71907876,71907877
7782759,,5,2020-10-31 06:38:30,71907876,71907877
18677939,,5,2020-10-30 17:07:37,71907876,71907877
759680,,5,2020-10-30 15:43:29,71907876,71907877
20562831,"thật sự mình rất thất vọng về cách đóng gói của tiki , giống kiểu cứ ném quyển sách vào hộp là xong ko để ý coi sách có vấn đề gì ko , của mình bị gập hẳn 1 góc bìa vào luôn.",1,2022-07-23 14:22:46,71907876,71907877
19919102,"Shop giao đủ số lượng sách. Săn được sale cuối năm nên giá cực rẻ. Quyển ""Vui vẻ không quạu nha"" mới, đẹp. nhưng mà khổ in chỉ có 10×12cm trong khi Nhà sách giới thiệu là 12×18cm. Bé xíu luôn.",4,2021-01-19 12:43:52,71907876,71907877
6262876,"Nội dung sách khá hay. Nhưng sách hơi bẩn (nếu nhìn ở ngoài sẽ rõ hơn ấy). Các góc bị quăn khá nhiêu. Với 1 điều mà thấy khá thất vọng nhất là sách nhỏ xíu à, mặc dù có đọc nhiều comments là sách nhỏ, nhưng k nghĩ nhỏ như thế ấy:(((((",3,2020-11-17 12:14:26,71907876,71907877
5351225,"Sách nhỏ đẹp, nội dung hơi kiệm chữ nhưng vẫn cuốn hút người đọc. Hơi buồn vì tiền ship bằng tiền sách.",4,2020-11-23 07:06:49,71907876,71907877
22341798,sách bị bẩn gần hết bìa nhưng giao hàng đúng và nhanh nên cho 3 sao,3,2021-06-26 08:15:39,71907876,71907877
12686613,"Về vận chuyển thì Tiki giao hàng rất nhanh! Nội dung sách thì đây là một dạng từ điển giúp người đọc giải trí, vui cười là chính. Có những câu rất bình thường nhưng khi tìm hiểu kỹ nghĩa thì mới thấy từ ấy rất sâu sắc và hài hước.",4,2021-01-20 12:32:10,71907876,71907877
27877786,"Quyển nào cũng vậy, nhìn như đã qua sử dụng, tôi bỏ 300k ra chỉ để mua đống đổ nát, đồ bỏ đi à, ít nhất cũng phải đóng gói cho nó cẩn thận thì sách ko bị nhàu nát, đằng này quẳng luôn vào hộp, làm ăn ko có một tí trách nhiệm gì cả, thấy sợ ko dám mua hàng nữa luôn.",1,2022-07-28 13:16:24,71907876,71907877
7709379,"Tào lao hết sức, sách này k hợp với mình. Hợp với mấy em teen teen nhỏ nhỏ đọc giết time chứ k có giá trị kiến thức hay bổ béo gì…",2,2022-10-31 13:44:44,71907876,71907877
16689550,sách bị dơ phần bìa nên thấy hơi thất vọng,3,2020-12-31 09:38:53,71907876,71907877
18251085,"Giao hàng nhanh.Nhưng lần này bìa sách bị ố vàng thấy rõ,mép sách bị cong.Nhìn có chút không thẩm mỹ",3,2020-12-12 12:58:02,71907876,71907877
20484950,"rất mong chờ sản phẩm lần này về nhưng khi về thì thất vọng toàn tập với tiki, sản phẩm gì mà lỗi không, lần sau làm ăn kỹ càng hơn đi tiki ơi",1,2021-03-01 12:09:45,71907876,71907877
11490545,"Sách giao đến mình bị cong ở góc mất, đường cắt của bookcare cũng rất ẩu, mong Tiki kiểm tra lại dịch vụ để tốt hơn.",3,2021-06-30 17:24:22,71907876,71907877
15954662,"Lần này mình mua 6 cuốn chia thành 2 đơn, nhưng không hề có lớp chống sốc. Chỉ có sách với hộp giấy bên ngoài, trộm vía lần này sách không bị gì. Những lần trước cũng vậy, sách mình đã bị rách, nhăn khá nhiều lần rồi. Mong Tiki xem xét lại việc này",4,2021-02-01 10:17:24,71907876,71907877
22927157,"Mình rất thất vọng trong đợt giao hàng này của Tiki 1. 2 quyển sách mình mua chỉ được bỏ khơi vào cái hộp sách không được bọc bởi bất kì cái gì cả . Sách bị gấp hư tùm lum 2. Đơn hàng lên lịch giao vào 7/10 nhưng đến 14/10 mới giao, chỗ của mình lúc oder cho tới ngày lấy thì đã chỉ thị 15 từ cả tháng nay rồi",1,2021-10-14 11:53:58,71907876,71907877
1752671,Sách nhỏ hơn mình nghĩ. Chỉ bằng bàn tay Nội dụng đơn giản. Ai tò mò thì mua chụp hình sống ảo thì hợp.,4,2021-08-09 16:50:20,71907876,71907877
7412602,giải trí và nhỏ gọn có thể đọc bất cứ đâu khi muốn giải lao,4,2021-02-18 20:13:46,71907876,71907877
9691915,Một cuốn từ điển giúp bạn hoà nhập hơn với cộng đồng một cách hài hước và thú vị. Bạn sẽ gặp không ít những từ mô tả chính bạn trong đó.,4,2021-08-19 20:57:43,71907876,71907877
24752668,"giao hàng khá nhanh nhưng mà sách nhìn hình tưởng nó phải to hơn tí =))) Khum sao quan trọng nội dung,Điểm trừ là đóng gói và mặt ngoại hình của sách bị ám vàng hay sao ý khum biết dị săn hay sao",4,2021-11-10 10:06:59,71907876,71907877
27836750,"sản phẩm ổn , đóng gói ổn giá thành hạt dẻ nhưng sách bị móp và bẩn trong như sách cũ ý",4,2022-08-10 17:20:35,71907876,71907877
19706395,"giao hàng khá nhanh, nhưng k bt màu nó z hay là bẩn nx ạ, nói chung là rất ưng ý với sp lunn, mng nên mua về và dùng thử",4,2020-12-31 20:23:17,71907876,71907877
18597140,"Lần đầu mua sách ở tiki, giao hàng rất nhanh mới 1 ngày rưỡi sách đã đến tay rồi, nhưng sách không thấy bọc gì cả, 4 quyển chồng lên nhau nhìn khá sơ sài, quyển “tiếng em” thì có chút vết ố vàng ngoài bìa như sách cũ",3,2021-01-28 16:07:46,71907876,71907877
1295902,"Sách mới nhưng bìa bên ngoài bị ố vàng, lật bên trong sách thì 1 số trang bị dơ và giấy bị nhăn. Mong tiki lưu ý nên kiểm tra lại chất lượng sách trước khi giao hàng cho khách. Thanks.",2,2021-10-28 13:39:24,71907876,71907877
8681494,"Sách giao không có bìa bọc ở ngoài, nói chung làm ăn không ra gì, trước giờ đây là đơn thất vọng nhất em thấy từ tiki, mong bên tiki làm cẩn thận hơn",1,2021-02-27 16:07:01,71907876,71907877
22734139,"Thật sự thất vọng luôn ấy, thấy đánh giá 5sao nên mua Không ngờ là sách cũ, bìa còn bị vàng, bẩn nữa Mình chưa đọc nên chưa biết nội dung như nào",1,2022-02-08 13:48:58,71907876,71907877
11866571,Bìa sách tôi thấy không được sạch sẽ lắm nên không thích điều đó còn bên trong thì tất cả đều ok. Chỉ có điểm trừ về bìa sách thôi,4,2021-02-08 19:09:06,71907876,71907877
16973952,bìa sách bẩn và SIÊU BẨN .,1,2022-02-17 22:32:55,71907876,71907877
7922117,Nội dung sách dí dỏm. Ngồi đọc cười một mình giống như bị khùng á,4,2021-04-01 09:39:36,71907876,71907877
7989784,"Nội dung hơi vô tri, hợp để giải trí",4,2025-06-29 23:28:59,71907876,71907877
5992399,Cứ tưởng sách viết về nội tâm mấy bạn gái (girlfr) để hiểu cô người iêu hơn cơ. Ai ngờ là mấy câu hay nghe trên mạng. Có vài câu vui thật nhưng còn lại hầu hết đều nghe qua rồi.,4,2021-04-15 10:45:16,71907876,71907877
27609238,sách mới mà bị dơ🥲. Hơi buồ,4,2023-01-31 18:53:14,71907876,71907877
8560061,Bỏ tiền ra mua sách mới mà bên shop giao vầy thì quá thất vọng rồi như bìa thì dơ nép thì gảy y hệt sách cũ vậy :(,1,2021-04-22 17:36:38,71907876,71907877
17500537,":))) bẩn và bị kiểu ố vàng ấy, mình mua 5 quyển mà có mỗi quyển này bị như vầy. Hơi buồn chút nhưng mình không sao ?",1,2021-03-19 14:18:20,71907876,71907877
17258622,"giao nhanh, shipper thân thiện, chất lượng sách tốt.",3,2021-05-20 12:18:21,71907876,71907877
21080582,"gói hàng không được đẹp cho lắm, giao hàng chậm",3,2021-05-15 16:37:33,71907876,71907877
19803475,"Quảng cáo 21x28 tới khi nhận lại 10x12. Xem lại nha shop, làm ăn vậy riết mất uy tín nha. Về mặt giá cả hơi đắc nhưng được cái giao nhanh. Mong TiKi xem lại. Đúng hàng giúp mình, cảm ơn.",1,2021-01-07 17:49:16,71907876,71907877
16342132,"Sách dính bẩn không tài nào lấy ra đc, nhưng hok sao mik vẫn thík cách phục vụ của tiki, vừa đặt hôm qua hôm nay đã giao",4,2021-01-17 17:19:10,71907876,71907877
21193717,"Sách bên ngoài nhỏ hơn tưởng tượng của mình. Nội dung rất hay, đúng tâm lí người đọc. Có điều mình không hài lòng là sách chỉ được bỏ trong hộp, không được bao bìa đàng hoàng, còn hộp thì rách. Thời gian giao hàng nhanh",4,2021-04-10 13:18:59,71907876,71907877
26301381,"Giao hàng nhanh nhưng sách về tay bị bẩn cũ màu xỉn, may k móp méo j",4,2022-02-06 16:35:10,71907876,71907877
5732368,"bìa sách bị loang lổ, như nước đổ xuống vậy nên mình chỉ cho 4* thôi",4,2021-12-23 15:13:01,71907876,71907877
7851594,sách bị ố vàng nhẹ giao hàng ngoại tỉnh nên đi cũng nhanh,1,2020-12-13 17:59:30,71907876,71907877
20947834,"sách bị dơ, ố vàng nhiều và không có gì bảo vệ sách khi giao hàng làm nhiều cuốn bị biến dạng.",2,2021-03-23 14:58:37,71907876,71907877
17108473,Đây là lần thứ hai mình mua sách bị tình trạng sản phẩm không được nguyên vẹn như vậy! Rất thất vọng!,1,2020-12-19 18:35:00,71907876,71907877
20082835,"sách hay lắm ạ, mà hơi dơ nên mình chỉ cho 4 sao",4,2022-03-05 22:41:10,71907876,71907877
6344698,"Sách bề ngoài đẹp, bên trong có thể do bảo quản không tốt nên bị cấn gây tương đối mất thẩm mỹ.",3,2021-01-07 21:30:10,71907876,71907877
7205442,"Mình là 1ng yêu sách, mà mở gói hàng ra thấy sách như thế này mình không thể chấp nhận được. ?",1,2021-02-20 11:28:58,71907876,71907877
2333073,"Sách rất hay và ý nghĩa ạ, đọc lùn cười lắm ạ, nhưg mà rất đúng í?, sách hay giao nhanh nhưg mà ko có bọc nilon í ạ, vs cả đóng gói ko kĩ",3,2021-06-08 20:32:05,71907876,71907877
11301177,Cuốn này khá fun nhưng hầu như đều là những câu đã phổ biến trên mạng. Lúc đầu đọc tựa sách nghĩ rằng sẽ nói về “em” để xem con gái trong mắt mọii người con gái như nào. Nhưng đọc thấy khá là chung chung,4,2021-02-12 22:00:06,71907876,71907877
15372343,"Bìa sách bị dơ , có vài trang chữ bị mờ ,nội dung hay",3,2021-12-06 14:19:28,71907876,71907877
5632686,"Sách bị lột bìa, ngấm nước, nát",1,2021-02-10 10:20:45,71907876,71907877
5923419,"Mong shop gói hàng cẩn thận hơn. Chứ sách về đến tay mình, nhìn các mép sách nát hết rồi",3,2021-02-24 20:42:42,71907876,71907877
12668798,Sách mới mà như sách cũ vậy. Giao hàng sớm hơn dự kiến nhưng chưa hài lòng vì bìa sách mở ra thấy rất bẩn. Cho 3 sao. Lần sau Mong shop giao sách mới,3,2021-02-20 13:35:39,71907876,71907877
21756292,"Sách bị nhăn góc, còn bị bẩn nữa, như đã sử dụng qua rồi í. nội dung thì ok. chỉ không hài lòng với cách làm việc của shop ạ.",4,2021-06-10 15:43:19,71907876,71907877
5401801,"bìa sách bị cong, shop chỉ để sách vô hộp r thôi chứ ko hề gói lại hay gì hết",3,2022-06-05 12:31:23,71907876,71907877
22483043,"sách nhỏ xinh cute, giao hàng nhanh, ko xây xước gì nhiều, gói hàng chưa cẩn thận lắm",4,2023-07-18 10:53:05,71907876,71907877
1935925,"Sản phẩm tệ quá, sách nhìn cũ, dơ nữa... Mình hay mua sách tiki, ma lần này tệ quá...",2,2021-02-07 10:16:41,71907876,71907877
28769766,giao hàng nhanh nhưng sách cũ và bìa đã bị ố,4,2023-01-31 18:24:13,71907876,71907877
24460309,tiki trading gói hàng quá chán á. một miếng chống sốc cũng không có. sách méo tùm lum,3,2022-04-07 15:20:29,71907876,71907877
17865931,Phải nói thật là đây là lần đầu tiên mk mua sách ở trenn Tiki mk khá bất ngờ vì giao hàng khá nhanh đặt hôm qua xg hôm sau có liền nhưng 1 điểm mk ko Tk là sách hơi bị bẩn và vết cũ nên mk trừ 1 sao,4,2021-01-26 19:16:15,71907876,71907877
8449722,"Mua tặng nhưng sách khá cũ, dơ",2,2020-11-14 16:07:29,71907876,71907877
16781538,"Đóng gói cẩn thận, ship hàng nhanh, tuy nhiên, gáy sách dùng keo tôi đánh giá là chất lượng thấp, vừa mở bìa ra đã bung gáy phần trên.",4,2021-02-17 10:50:57,71907876,71907877
26712909,sách hơi bẩn,4,2022-05-17 14:38:41,71907876,71907877
1468349,"đóng gói không bọc nilon, không chống sốc, may vẫn an lành, kh hư hao gì",4,2021-01-23 09:20:06,71907876,71907877
10560694,tiki giao cho mình sách cũ à. bìa trước và sau đều không chấp nhận được,3,2021-02-05 14:43:37,71907876,71907877
19943743,"Sản phẩm chất lượng, giao hàng nhanh chóng và đóng gói hàng hóa cẩn thận",4,2021-01-21 16:50:53,71907876,71907877
27875506,sách thơm vận chuyển nhanh không bị móp méo nhiều ạ :>,4,2022-08-08 12:22:43,71907876,71907877
557118,"Sách hơi nhỏ, nội dung chủ giống như những câu nói vui nhưng nhìn chung không quá hấp dẫn, thỉnh thoảng đọc vài câu giải trí thì tạm được. Nếu đọc nhiều thì lại nhanh chóng chán.",3,2021-02-21 23:31:26,71907876,71907877
16497332,Sách hơi bẩn còn rớt cả nội dung trong sách .Thất vọng vô cùng!,1,2021-02-20 20:15:11,71907876,71907877
19936576,"Shop gói hàng khá sơ sài, nhìn mà xót, mua *** đc gói cẩn thận hơn. Sách cũng oke, nội dung đọc giải trí, sách nhỏ nhỏ xinh xinh",4,2021-01-21 11:46:00,71907876,71907877
28366007,Ờm chuyện bị rách sách này là sao ạ ???,1,2022-10-23 11:58:13,71907876,71907877
17875684,"sách được giao tới vừa dơ vừa bẩn , nhìn mất thẩm mỹ cực kì , giao hàng không đúng thời gian trễ đơn",1,2021-06-12 12:38:00,71907876,71907877
22085992,,4,2022-05-24 11:50:48,71907876,71907877
11523516,"Không biết là do sách cũ hay màu sách như vầy, giao nhanh, hộp hơi móp",4,2020-12-12 12:54:05,71907876,71907877
1885515,"Lần đầu tự đặt sách ở TIKI. Sách vừa mới nhận hàng mà đã bong góc bìa, nhìn cũ kĩ như sách lâu năm. Chán thật sự.",1,2021-01-22 16:47:43,71907876,71907877
6828503,"Sách rách, bìa loang bẩn. Rất k hài lòng. Kiểu như sách cũ.",1,2021-01-24 12:04:41,71907876,71907877
17162952,"Sách gọn nhỏ như cuốn sổ bé, trình bày đẹp, nội dung thiếu muối.",4,2023-04-04 12:37:34,71907876,71907877
22049300,sản phẩm bìa ở ngoài bị dơ rồi ?,3,2021-07-03 15:29:50,71907876,71907877
21563641,,4,2024-08-11 16:21:10,71907876,71907877
21142891,"Đóng gói thiệt là muốn chửi thề mà....Cuốn sách nó v đem uốn cong r cố nhét vào cái hộp bé tí, gấp hết 2 cái đầu, cái bìa thì bong lên...Chả hiểu làm ăn kiểu gì",1,2021-04-01 15:39:01,71907876,71907877
22440171,Chất giấy tốt Bìa dơ nhìn giống sách cũ,1,2022-07-24 16:56:54,71907876,71907877
6425255,"mua theo trào lưu đọc hết xong vứt xó,cuốn sách khá nhỏ",3,2022-04-04 22:51:39,71907876,71907877
18288965,"sách bị ố vàng , giao đúng thời gian giao hàng nên cho 2 sao",2,2021-01-09 10:32:06,71907876,71907877
17818151,Bsksnsnamamamamamnsns s bx sns sh ậ s,4,2022-09-23 09:51:09,71907876,71907877
20350846,"Bọc sách kĩ càng. Sáng nhỏ gọn. Nội dung : hài hước, giải trí chứ không có gì khác",4,2021-08-20 15:39:16,71907876,71907877
11306892,Nếu nhận sách mà bìa sách sạch sẽ thì tuyệt vời biết bao?,3,2020-11-27 18:39:17,71907876,71907877
5728403,Sale tới 50% giá quá rẻ ahihi . BUT Giao hàng quá lâu gần 2 tuần mình mới nhận được luôn .,4,2021-06-18 22:16:19,71907876,71907877
1373219,"Khá là nhảm, có thể do mình ko ưa thể loại này lắm, trừ 1 số trang hot hay đc chụp thì bt. Tiki vẫn vận chuyển tốt việc đánh giá là đánh giá nd sách",2,2021-06-03 09:50:14,71907876,71907877
750047,"nhỏ bằng lòng bàn tay, cũng hay ho",3,2021-05-08 18:14:53,71907876,71907877
19268865,có thể đọc vào những lúc cảm thấy nhàm chán,4,2021-01-20 17:12:37,71907876,71907877
8059822,Đọc vui vui thì cũng được.,4,2021-05-27 16:53:30,71907876,71907877
8243167,"đóng hộp ko thẩm mĩ, không phù hợp với tỉ lệ hàng, gây hàng trong hộp di động lung tung gây bong góc sách",2,2021-01-03 15:09:51,71907876,71907877
18756554,"Bìa sách quá bẩn và cũ, thất vọng hoàn toàn khi nhận sách. Đề nghị tiki sẽ có phản hồi về sự việc này",1,2020-12-16 14:45:32,71907876,71907877
11781860,sách xinh nhưng bị cái là hơi dơ ạ,4,2021-03-23 13:07:09,71907876,71907877
27078124,mua sách to mà giao hàng sách như này đây ạ,1,2022-04-03 11:29:16,71907876,71907877
23033035,"Bề ngoài khá thất vọng, khi đến tay mình nó bị dơ và ố vàng",3,2021-10-27 21:52:08,71907876,71907877
16438808,hộp nát sách bẩn chán thực sự luôn,3,2021-02-20 17:46:20,71907876,71907877
19137227,"Nội dung tạm được, Tiki đóng gói hàng cho mình bị gãy góc sách, với sách cũ quá, hơi thất vọng",3,2021-01-26 15:12:06,71907876,71907877
25649389,Bìa có hơi dơ nhưng bù lại nội dung rất thú vị 👍,4,2021-12-01 15:35:17,71907876,71907877
20728982,Đóng gói không cẩn thận..,3,2021-03-17 14:51:05,71907876,71907877
25728269,"shop k bọc sách chỉ cho vào hộp r gửi đi luôn , chắc trời mưa đường bẩn nên sách cũng bị bẩn luôn r ạ",3,2021-12-26 15:57:21,71907876,71907877
10711521,sách hơi bé so với m nghĩ ?,4,2021-03-14 20:19:26,71907876,71907877
16920865,"giao hàng nhanh, mép sách bị cong",3,2021-02-09 11:22:21,71907876,71907877
10172797,hàng giao tới tay bị nhăn quá nhiều vẫn chuyển không cẩn thận khiến sản phẩm bị mấy giá trị hơn so với ban đầu mong lần sau sẽ cẩn thận hơn giúp em,2,2020-12-16 12:40:07,71907876,71907877
19866769,"sách khá thú vị, lúc đặt tưởng sách to, chuyển về thấy hơi bé nên cũng hơi hụt hẫng.",3,2021-01-21 22:48:03,71907876,71907877
13415841,em không biết sản phầm này bìa nó như nào chứ em thấy bìa cuốn của em nhìn nó cũ lắm. nhìn như kiểu để lâu ngày r sờ nước dơ vào ấy nhìn dơ lắm,2,2020-12-21 16:37:16,71907876,71907877
25953409,sách bị dơ rất buồn 😞,4,2022-04-25 11:42:22,71907876,71907877
15192144,Bìa sánh nhìn hơi dơ Giao hàng nhanh Góp ý đóng gói sp có thể hộp cùng from sách để sách có thể giữ được các góc đẹp hơn nha. Hộp to qua so với sách.,3,2020-12-10 10:18:45,71907876,71907877
20313199,"Troii ơii ưng lắm ý ạ Mỗi cái nó bé hơn mình tưởng, chỉ bằng lòng bàn tay thoii",4,2021-02-26 10:40:19,71907876,71907877
7856527,"Giao hàng rất nhanh, sách rất thú vị nhưng cái bìa sách nhìn qua như sách cũ ý, hơi buồn xíu.",4,2020-12-06 09:40:07,71907876,71907877
27309785,bị thiếu trang r shop ơi :,3,2022-04-16 22:03:16,71907876,71907877
24821388,"sách rất hay ạ, nhưng em quên chọn saze hays ý nên sách về hơi nhỏ ạ nhưng kh sao ạ",4,2022-04-18 15:55:24,71907876,71907877
21703459,"Sách ko đc bọc + hộp bị méo nhưng may là sách ko bị hỏng, mong shop cải thiện đc vc này",3,2022-03-21 14:14:47,71907876,71907877
26729869,sách vẫn bị gấp vài chô,4,2022-04-01 16:30:48,71907876,71907877
19621506,Ban đầu k tìm hiểu kĩ mình tưởng to lắm nhưng mua về mới biết nó bé bằng bàn tay thôi,4,2020-12-23 19:43:04,71907876,71907877
2026735,Có lẽ mình đã quá độ tuổi để đọc quyển sách này... thiết nghĩ nó sẽ thích hợp với các bạn độ tuổi teen hơn mình ?,4,2021-06-10 00:27:18,71907876,71907877
21537240,hơn bẩn,4,2021-05-02 11:15:18,71907876,71907877
15668262,"Giao hàng rat nhanh,bữa trước bữa sau đã có,trên cả sự mong đợi",4,2022-07-19 14:05:26,71907876,71907877
17217660,có vài chỗ bị bẩn,4,2021-01-12 10:59:30,71907876,71907877
20285118,"gửi sách bìa bị rách, để sách trong hộp giấy rất to mà k bọc sách lại.",1,2021-02-20 14:33:06,71907876,71907877
19850715,sách khá bụi bẩn,3,2021-01-25 11:15:24,71907876,71907877
5639503,"Theo mình thì nó không ""hài"" và ""lạ"" như cuốn Vui vẻ không quạu nha. Tuy nhiên, sách này cũng có những đặc điểm riêng hay ho. Sách nhỏ gọn.",4,2020-12-30 09:41:00,71907876,71907877
6745190,chất lượng mực in ko tốt.,3,2022-01-06 11:27:28,71907876,71907877
19904317,khá ổn,4,2021-02-17 11:17:59,71907876,71907877
10420435,Lúc hàng về thì bị bẩn vs gấp góc còn ko có màng bọc nilon nx,2,2022-06-01 20:11:13,71907876,71907877
7069968,"Mở ra mình giật mình vì tưởng sách cũ. Sách có vết ố vàng, bìa sách bị bẩn nhem hết cả bìa. Sách không được bọc bóng.",1,2021-02-25 09:39:40,71907876,71907877
19619382,"Bìa sách trông khá cũ và bẩn, sách in dư tận 10 mấy trang ở cuối sách",3,2021-01-03 20:45:02,71907876,71907877
21015312,Shop gói bao bìa sơ sài quá. Mấy cái cạnh của sách bị cong.,4,2021-03-25 17:00:18,71907876,71907877
17558308,"đặt mua sách mà nhà giao lại giao sách cũ, bìa tróc, bẩn",1,,71907876,71907877
21170394,Sách có vẻ không được sạch cho lắm khi mình nhận hàng,3,2021-04-10 12:38:01,71907876,71907877
5615052,chất lượng sách tốt tuy nhiên trễ hẹn giao so với cam kết rất lâu,3,2021-01-08 13:54:51,71907876,71907877
21256283,"giao nhanh nhưng sản phẩm lỗi,hai bìa bị đứt khỏi lõi sách,chữ mực nhạt,bìa bị sậm màu với rách một số chỗ",2,2021-04-11 15:44:21,71907876,71907877
7549319,nội dung đọc để vui nên cũng ok nhưng in ấn bị lỗi,3,2021-04-21 20:34:47,71907876,71907877
21703022,,4,2023-07-16 23:22:50,71907876,71907877
5773047,"bìa cuốn sách mặt trước và sau đều bị dơ, mình cực kì khó chịu về điều này.",1,2021-11-15 11:52:31,71907876,71907877
18458531,giao nhanh,4,2022-03-04 12:14:30,71907876,71907877
1108069,,4,2023-07-13 11:38:31,71907876,71907877
859951,"Sách nhìn cũ cũ như bị cafe đổ vào hay sao á, buồn tiki",1,2021-03-17 11:25:43,71907876,71907877
13089884,Sách hay giá rẻ giao hàng nhanh tiện lợi người mua người bán,4,2021-01-31 19:09:36,71907876,71907877
20000488,,4,2021-01-29 11:58:37,71907876,71907877
1978920,Bìa sách bẩn không được sạch sẽ. Thật thất vọng về nhà cung cấp,1,2020-11-17 10:28:19,71907876,71907877
15768305,,4,2023-06-01 01:03:52,71907876,71907877
29145208,,4,2023-05-30 16:03:48,71907876,71907877
10194925,"nhân viên giao hàng lèo phèo về thời gian và cách giao nên tôi ko nhận nữa, xin trả lại hàng cho cty.",1,2021-06-09 11:36:07,71907876,71907877
8139983,"Sách hơi bẩn góc, mình nghĩ Tiki nên bảo quản cẩn thận hơn.",4,2022-03-10 13:12:45,71907876,71907877
12206310,đóng gói hơi sơ sài nên bị móp :((,4,2021-06-22 19:11:56,71907876,71907877
7732105,bìa sách hơi bị gập :((((,3,2021-08-29 18:41:37,71907876,71907877
6340058,"sach con nguyen ven, ko rách, tiki dong goi kỹ, giao hàng đúng quy đinh",4,2020-11-18 17:51:05,71907876,71907877
24153766,"giao hàng nhanh, sánh cũ quá!! chưa hài lòng với cách làm việc.",1,2022-02-11 09:17:39,71907876,71907877
23816555,sách hơi nhỏ .cứ tưởng to lắm nhưng mà không.đã vậy đóng hàng còn kém nữa,3,2021-10-04 21:05:16,71907876,71907877
16641025,,4,2022-02-14 23:05:58,71907876,71907877
15782975,sách nhỏ nhắn xinh và dễ thương nhưng sách bị bẩn và cũ,3,2020-12-10 20:40:09,71907876,71907877
22053303,"sách hay, thú vị, vui, nhưng sách bị lắm lem, ố vàng, hơi cũ tí",4,2021-12-24 11:47:46,71907876,71907877
14183216,Mình thích cuốn này lâu rồi nên thấy sale là mua luôn. Điểm trừ duy nhất là sách bị bẩn nên mình rất khó chịu,4,2020-12-15 21:31:10,71907876,71907877
23482045,sách cũ k mới shop hi vọng chú í vấn đề này,1,2022-04-24 16:09:40,71907876,71907877
11889700,nới mở hộp ra đã thấy bị ố bìa phía sau :(((,3,2021-01-18 17:28:18,71907876,71907877
310549,"dạ e chỉ có 1 câu thui ạ, ko như tưởng tượng ạ",4,2020-12-28 19:48:59,71907876,71907877
13499616,tạm ổn số với 2 cuốn kia,4,2021-06-15 12:07:30,71907876,71907877
9017596,"Nhìn nó cứ dơ dơ sao ấy, bị ố vàng ở bìa sách",2,2020-12-30 10:41:04,71907876,71907877
16578126,bìa sách bị ố vàng.......,1,2021-06-17 10:46:45,71907876,71907877
28618785,Hơi dơ :((,4,2022-12-22 16:10:25,71907876,71907877
10289058,"tiki chú ý đóng gói và vận chuyển hơn vì sách bị móp ở góc còn lại thì ok hết, giao hàng cực nhanh ạ",4,2021-01-28 13:11:51,71907876,71907877
19271669,"Sách đẹp , bìa có hơi bị cũ một xíu .",4,2021-02-23 19:14:21,71907876,71907877
22104082,"sách bị bẩn, bị ố vàng , hơi thất vọng với cái ông shipper không có tí duyên luôn",1,2021-06-11 15:45:15,71907876,71907877
27107540,"sách bị bẩn , ố vàng tưởng sãhs ms ai dè",2,2022-04-03 10:35:23,71907876,71907877
19776452,,4,2023-02-10 22:06:23,71907876,71907877
7978429,Đọc trang này thì chữ trang sau lờ mờ nhìn khá khó chịu còn nội dung thì khá hay,3,2021-06-20 07:21:09,71907876,71907877
22900574,mình không nghĩ là nó nhỏ như vậy trời ơi ship xog sốc:(,4,2021-12-13 17:10:49,71907876,71907877
5964633,"cái nay ko thể gọi là sách, phần mô tả ko đầy đủ, nội dung ko có giá trị gì",1,2021-06-26 12:49:01,71907876,71907877
26889033,,4,2023-01-31 15:52:19,71907876,71907877
11598025,"đọc thư giãn, khá dễ thương",3,2022-06-28 09:31:19,71907876,71907877
1442915,"bìa bẩn, đóng gói ko kỹ nên trang sách bị cong rất bực mình ...",3,2021-10-19 12:53:34,71907876,71907877
26985750,,4,2023-01-27 19:01:09,71907876,71907877
14462982,giao hộp thì mớp méo còn sách thì bị tét hết 1 cạnh với không có bao bọc bên ngoài,2,2021-05-16 11:10:59,71907876,71907877
5691442,sản phẩm nhận rất ok hài lòng nhưng anh shiper hơi quậu khi đang bận chưa kịp nghe máy ảnh đã nạt,3,2021-01-27 15:52:29,71907876,71907877
278695,Đã là sách thì phải có Lời mở đầu. Tác giả và NXB ẩu quá.,4,2021-10-12 06:11:52,71907876,71907877
27497459,hàng ok ko có j để nói,4,2022-07-21 09:34:36,71907876,71907877
11339002,"Cuốn sách khá vui, đọc giải trí, có thể dùng để tăng kỹ năng ngôn ngữ",4,2021-06-23 13:35:58,71907876,71907877
22112488,,4,2022-12-12 21:31:47,71907876,71907877
20478314,Mong tiki chú ý cách gói hàng ạ.,4,2022-04-25 19:01:53,71907876,71907877
27266785,"Ặc, Sách Của Mình Về Bị Bẩn",4,2022-04-18 11:55:56,71907876,71907877
7930430,Giai dịch trong ngày mà 2 hnay mới giai,3,2020-12-28 15:16:46,71907876,71907877
17100505,Sách nhận về rất bẩn và cũ !!! Đó không phải sách mới...rất mong Tiki xem xét việc đổi trả,1,2020-12-31 10:52:59,71907876,71907877
19352284,giao hàng nhanh,4,2021-06-10 23:05:56,71907876,71907877
22065003,ủa mình chưa nhận được hàng mà bảo đánh giá roi :,1,2021-11-02 16:05:35,71907876,71907877
2242025,"sách khổ nhỏ, giao hàng nhanh",4,2021-02-18 09:07:12,71907876,71907877
14644000,"sách nhăn ,cũ nội dung ổn nhưng nên có trách nhiệm vs vc gửi hàng và chọn hành thì tốt hơn",1,2021-01-25 17:16:40,71907876,71907877
26735850,sách hơi dơ và đóng gói sơ sài,3,2022-04-03 14:23:37,71907876,71907877
15900614,Sách bé một cách cực kỳ cute.,4,2021-01-23 16:19:29,71907876,71907877
19942589,"nhỏ gọn tiện lợi, hay và vui.",4,2021-01-21 12:34:33,71907876,71907877
22771195,"Mặt bìa hai bên bị bẩn lúc mới mở hàng , nhưng giáo hàng nhanh",4,,71907876,71907877
27009416,giao lâu hàng đã qua sử dụng,2,2022-03-31 19:34:25,71907876,71907877
11437097,bìa sách bị dính dơ! thất vọng,2,2020-12-24 19:53:50,71907876,71907877
18373410,"Sách rất giải trí, có thể mua đọc",3,2020-11-21 16:05:03,71907876,71907877
18443994,thì ra chỉ nhỏ thế này,4,2021-02-17 10:04:03,71907876,71907877
17387613,"sp tốt ,hay giao nhanh",4,2022-06-02 17:09:08,71907876,71907877
16371980,"sách hơi bẩn, giao hàng lâu",4,2022-04-04 17:05:57,71907876,71907877
973408,Nội dung ngắn ngọn. Đọc vui vui. Mn để ý khổ giấy nha. Như quyển sổ tay mini v.,3,2021-03-02 12:24:11,71907876,71907877
22104438,sách hơi cũ và dơ ạ! Nhưng do mua được giá re thì cũng ok rồi ạ,4,2021-06-13 18:12:27,71907876,71907877
5094328,"mình không biết mấy bạn khác ntn, nhưng bản thân mình không thích kiểu sách này lắm, hihi",3,2020-12-25 18:27:27,71907876,71907877
5937973,nhảm nhí =))) dù chẳng tốn tiền mấy nhưng cuốn sách này đọc chỉ tổ phí thời gian.,2,2021-01-04 23:38:50,71907876,71907877
5921031,,4,2022-09-26 22:41:10,71907876,71907877
5287757,Đọc giải trí cũng được. Có vài nội dung chụp lại đăng *** cũng vui.,4,,71907876,71907877
7884695,Bìa sách cũ và bị ố vàng.,2,2020-12-23 00:12:38,71907876,71907877
17963368,,4,2022-09-19 17:36:25,71907876,71907877
25310654,,4,2022-09-19 12:31:56,71907876,71907877
28183740,,4,2022-09-16 19:52:03,71907876,71907877
6789424,Sách có hơi xước viền với nhăn vài trang 🥺,4,2021-10-18 00:31:44,71907876,71907877
19523592,,4,2022-09-14 14:39:25,71907876,71907877
27659749,sách cũ,4,2022-07-20 13:18:46,71907876,71907877
20687622,bìa sách bị dơ và đóng gói không tốt,3,2021-12-01 18:32:08,71907876,71907877
18695703,Đóng gói khá tệ,4,2021-02-22 15:42:42,71907876,71907877
24920965,ko có bọc chống sốc,4,2022-04-06 22:02:55,71907876,71907877
1280219,"Sách bị bẩn hết bìa, lần đầu tiên mua của tiki bị tình trạng vậy",1,2021-04-03 14:39:46,71907876,71907877
20435048,"nhiều trang chữ bị mờ ,sách hơi nhăn góc và bị xước",1,2021-07-11 17:09:11,71907876,71907877
27443074,đóng gói tốt,4,2022-05-10 23:10:07,71907876,71907877
27944701,,4,2022-08-17 11:16:14,71907876,71907877
19987650,Đằng sau rất dơ?,4,2021-01-26 19:02:17,71907876,71907877
14047126,"Đóng gói đẹp, điểm trừ về việc bìa sau của sp khá nhem nhuốc",4,2021-04-25 20:19:23,71907876,71907877
5496115,,4,2022-08-07 17:16:09,71907876,71907877
17800136,ok,4,2021-05-13 09:49:28,71907876,71907877
19734471,Có hàng ngày 24 gọi 2-3 cuộc gọi cuối cùng gần 12h trưa ngày 25 mới giao,3,2021-02-25 15:34:50,71907876,71907877
21661039,góc sách bị cong giống như đã sử dụng xong rồi đem bán lại,2,2021-05-12 15:06:20,71907876,71907877
20319488,Giao hàng nhanh,4,2021-02-17 14:14:32,71907876,71907877
27922869,,4,2022-08-02 10:49:46,71907876,71907877
27871216,,4,2022-07-31 08:46:49,71907876,71907877
26242172,sách k đc mới lắm hụ hụ:-(,4,2021-12-30 09:37:14,71907876,71907877
27198106,hàng tốt,4,2022-05-22 13:29:20,71907876,71907877
26092852,,4,2022-07-23 16:18:56,71907876,71907877
18355268,,4,2022-07-19 22:25:48,71907876,71907877
12679148,sản phẩm các trang bị dính vào nhau mở hoặc tự rách sẽ rách,1,,71907876,71907877
22143404,sách bị dơ................,1,2022-01-15 18:13:02,71907876,71907877
16663069,,4,2022-07-08 10:53:21,71907876,71907877
25634006,,4,2022-07-05 21:47:42,71907876,71907877
25131294,,4,2022-06-25 10:59:50,71907876,71907877
5654427,,4,2022-06-23 11:35:10,71907876,71907877
19880118,,4,2022-06-22 10:10:39,71907876,71907877
17350749,,4,2022-06-20 21:00:44,71907876,71907877
6379520,giá không thích hợp lắm . kích thước sách làm đọc giả khó đọc,3,2021-02-19 12:15:15,71907876,71907877
19901838,đã bt trc là nó sẽ nhỏ nhưng hk ngờ nó nhỏ tới z ? giao hàng hơi trễ,4,2021-01-19 23:13:22,71907876,71907877
11055828,"sách nhỏ, nội dung hài và hay",4,2021-11-14 21:37:07,71907876,71907877
1448348,"5* cho nội dung, 4* cho hình thức vì sách bị xoắn góc",4,2021-05-27 10:06:38,71907876,71907877
2068327,sách hơi bé,3,2021-01-05 10:56:51,71907876,71907877
12048265,"giảm nữa giá nên sách ko đc chất lượng, bị dơ mấy trang",3,2021-04-08 17:31:25,71907876,71907877
7207320,"nói chung cũng hay, câu nói trong sách giống ***, mà sách hơi bé",4,2021-02-24 05:45:56,71907876,71907877
23144818,,4,2022-06-02 10:38:27,71907876,71907877
16048509,"đóng gói cẩn thận,sách còn bám chút bụi",4,2021-08-01 18:27:27,71907876,71907877
27265831,Hơi bé,4,2022-04-15 17:22:22,71907876,71907877
20790734,hơi méo,4,2022-04-06 19:34:39,71907876,71907877
22087282,,4,2022-05-20 22:26:12,71907876,71907877
19905919,Sách bẩn khá thất vọng về giao hàng lần này của tiki,1,2021-04-08 17:16:44,71907876,71907877
21152557,,4,2022-05-08 14:07:03,71907876,71907877
23309532,,4,2022-04-28 22:39:40,71907876,71907877
26465292,,4,2022-04-26 11:38:19,71907876,71907877
1521671,"Đây là quyển sách đọc để giải trí, giải thích nhừn",4,2021-03-10 21:57:14,71907876,71907877
22505084,Hộp gửi bị móp méo.Giao hàng bị chậm,3,2021-07-08 19:12:17,71907876,71907877
5365744,,4,2021-02-05 21:27:21,71907876,71907877
19642625,"Giá hơi chát, nên giảm giá nữa là được",3,2021-06-18 20:30:10,71907876,71907877
26859668,:)))),4,2022-03-20 13:43:54,71907876,71907877
14416506,bị cũ :))) trả tiền trước là muốn giao ntn là giao à??? 0 Sao!,1,2021-01-17 00:30:43,71907876,71907877
19228890,,4,2021-02-02 19:22:44,71907876,71907877
12647336,Tặng crush 8/3 nhưng mấy hôm sau crush bảo đã có ny.,4,2021-04-11 12:34:51,71907876,71907877
27002836,,4,2022-04-14 06:04:11,71907876,71907877
12554839,,4,2021-01-28 17:02:04,71907876,71907877
24214307,đóng gói k đc tốt lắm,4,2021-10-23 22:49:14,71907876,71907877
25955248,,4,2022-04-11 08:28:56,71907876,71907877
26703073,,4,2022-04-10 22:28:12,71907876,71907877
5471979,"Sách mang tính giải trí, khá hài hước",3,2021-07-07 09:27:13,71907876,71907877
20304139,Tất cả đều ok. Nhưng bìa sách hơi bẩn nên ko ưng mấy,3,2021-02-26 17:39:00,71907876,71907877
130893,"Một quyển sách thú vị, để giải trí.",4,2021-06-20 19:25:34,71907876,71907877
19300114,sách bị cũ và còn nhiều vết ố vàng còn bị còng bìa nữ,2,2021-01-23 14:33:45,71907876,71907877
19508814,toàn bịp sách cỡ 12x18 mà đưa cho quyển sổ tay cỡ 10×12 à đmm,1,2020-12-12 19:12:37,71907876,71907877
1277173,Theo đánh giá cá nhân thì sách hơi nhạt nhẽo,3,,71907876,71907877
18525762,,4,2022-03-23 21:57:52,71907876,71907877
20329637,khá ổn trên app để 47.900đ ng giao hàng 56 nghàn e ơi ???,4,2021-02-19 06:15:50,71907876,71907877
8408081,,4,2021-01-07 17:24:53,71907876,71907877
21088432,giao hàng rất nhanh nhưng trừ 1 sao vì bìa hơi bẩn,4,2021-03-30 11:53:00,71907876,71907877
7421276,,4,2021-01-05 15:09:55,71907876,71907877
26110542,sách bj bẩn,4,2021-12-26 18:00:21,71907876,71907877
12633237,,4,2021-01-01 01:58:34,71907876,71907877
12282043,,3,2020-12-31 14:17:41,71907876,71907877
19673893,,4,2020-12-30 11:31:51,71907876,71907877
19676284,,3,2020-12-28 15:13:21,71907876,71907877
11329042,"đọc Vui, nhưng có từ viết kiểu miền Bắc nên hơi khó hiểu ...",4,2020-11-28 20:55:48,71907876,71907877
11010547,Đóng gói không kĩ lắm Sách bị cong mép,3,2021-05-22 14:01:45,71907876,71907877
660949,,4,2020-12-26 20:11:32,71907876,71907877
19626947,,3,2020-12-26 12:23:21,71907876,71907877
22355752,sách ok nhưng gói hàng chưa ok lắm,4,2021-07-11 15:07:05,71907876,71907877
19622660,,4,2020-12-23 17:02:55,71907876,71907877
19623810,,4,2020-12-23 13:24:46,71907876,71907877
20971166,bìa và vài trang đầu của sách bị gập,3,2021-05-22 09:49:38,71907876,71907877
13306763,"Sách bị ố vàng ở bìa , có dấu hiệu là sách cũ",3,2021-03-05 10:56:21,71907876,71907877
15802628,,4,2022-02-28 13:18:38,71907876,71907877
26853465,,4,2022-02-24 18:07:53,71907876,71907877
17373481,,4,2022-02-24 15:12:42,71907876,71907877
19023004,trừ 1 sao vì kích thc bảo là12×18 mà đo chỉ có 10×12,4,2021-02-02 13:17:51,71907876,71907877
18139191,Sách bị ố vàng hết bìa. Hơi thất vọng vì đợt sách lần này,1,2020-11-13 10:36:09,71907876,71907877
18764472,Đọc *** cho vui thôi,4,2021-09-23 18:32:22,71907876,71907877
20396826,"bình thường , hỏi nhỏ và màu cx ko đc đẹp lắm",4,2021-02-22 13:52:17,71907876,71907877
17888032,Mik cảm giác đây là sách lậu vây,3,2021-06-09 15:11:04,71907876,71907877
9813169,"sách nát mép, dạo này tiki giao hàng chán ghê",2,,71907876,71907877
12543302,,4,2020-11-27 09:37:56,71907876,71907877
7022300,sách k bọc nên bị tróc các góc bìa,3,2021-05-26 14:29:11,71907876,71907877
17131819,nội dung không có gì sâu sắc,2,2021-07-09 12:28:55,71907876,71907877
22368524,👍,4,2022-01-11 18:17:41,71907876,71907877
2159732,"Sách bị bẩn, ố vàng ở cả 2 bìa",1,2021-05-28 10:18:43,71907876,71907877
21698435,Sản phẩm hơi cũ nhưng giao hàng nhanh,4,2021-05-15 19:38:58,71907876,71907877
19531974,"Nội dung hay, ngoại hình hơi xấu",4,2021-06-12 21:47:38,71907876,71907877
8542853,Cuốn sách thú vi nhưng có điều hơi đắt tiền,3,2021-02-27 09:26:41,71907876,71907877
9755297,sách hơi cũ bìa hơi bị lem,3,2021-07-21 13:08:22,71907876,71907877
19942644,sách bị bẩn ở nhiều chỗ mép sách bị cong,2,2021-03-13 17:28:32,71907876,71907877
22108248,,4,2022-01-26 17:46:50,71907876,71907877
24792692,,4,2022-01-26 16:58:02,71907876,71907877
26625806,,4,2022-01-26 12:11:27,71907876,71907877
19110685,,4,2020-11-13 14:04:37,71907876,71907877
8019104,,4,2022-01-22 08:11:34,71907876,71907877
13884798,Nó quá nhỏ và đắt. Tôi không thích,1,2021-05-03 12:03:17,71907876,71907877
22077490,sách bị ố vàng k đông ý lắm,4,,71907876,71907877
20003512,Hơi nhàu 1 chút nhg mua để đọc khi buồn chán :)),4,2021-01-31 17:04:08,71907876,71907877
18238540,,4,2020-11-03 08:09:52,71907876,71907877
9803786,"Bình thường, không mấy đặc sắc",3,2021-05-15 17:08:54,71907876,71907877
26300667,,4,2022-01-15 14:38:23,71907876,71907877
18600130,sách hơi móp.Cần gỏi hàng kỉ hơn,3,2021-05-08 20:22:07,71907876,71907877
26390837,,4,2022-01-12 09:46:16,71907876,71907877
20131767,sách thiếu mất mấy trang:(,2,2021-07-01 22:34:53,71907876,71907877
20368692,"Sách dở , không hay , tiki thì giao hàng nhanh",2,2021-03-13 14:03:06,71907876,71907877
20763906,đóng gói cẩn thận giao hàng nhanh,3,,71907876,71907877
1463182,ko hay bằng cuốn Vui vẻ không quạu.,3,2021-04-24 13:57:02,71907876,71907877
12548341,,4,2022-01-04 21:32:53,71907876,71907877
17951582,Cuốn mới nhưng bị dơ và có dấu lau đi rất rõ,1,2021-01-18 22:13:22,71907876,71907877
18198010,Bị ố vàng ạ. Sách còn hơi cong nữa.,3,,71907876,71907877
26126269,,4,2022-01-02 19:18:57,71907876,71907877
8199964,Nội dung kg hấp dẫn mấy,4,2021-07-05 11:03:28,71907876,71907877
11346259,giấy trang đầu bị dính cả vào nhau,2,,71907876,71907877
11906446,sách nhỏ cute nhưng có một số vết bẩn hơi khó chịu nha,4,2020-11-12 12:12:32,71907876,71907877
6967072,Ok,4,2021-12-20 14:51:35,71907876,71907877
26022028,,4,2021-12-30 07:35:30,71907876,71907877
13662255,Sách tới tay mình thì bị rách,3,2021-05-23 15:12:36,71907876,71907877
8474322,,4,2021-12-24 19:32:09,71907876,71907877
12211165,sách khá bẩn và bị cong ở góc mình khá thất vọng 1 tí,3,2020-11-09 14:49:44,71907876,71907877
15100674,e k ngờ sản phẩm nhỏ thế đấyy @@,3,2021-04-03 16:33:22,71907876,71907877
12952876,Từ điển tiếng em đọc khá là giải trí,3,2021-02-26 10:33:44,71907876,71907877
20164397,Hàng giao nhanh. Sách đẹp,3,2021-06-26 21:02:29,71907876,71907877
25906095,,4,2021-12-14 17:21:11,71907876,71907877
15909103,toàn nêu những thứ đã biết,2,2021-05-17 09:07:33,71907876,71907877
24697467,,4,2021-12-10 16:34:35,71907876,71907877
21330475,"Sản phẩm được tốt, ý nghĩa",1,2021-04-26 14:03:47,71907876,71907877
1079091,,4,2021-12-04 15:39:50,71907876,71907877
18555592,cho hai sao vì sách có một số vết bẩn ơt bìa,2,2021-01-04 12:52:54,71907876,71907877
17652298,Sao mà nhỏ bé tí vậy shop,1,2021-05-30 13:53:48,71907876,71907877
19542641,Đóng gói không cẩn thận không có túi giảm sóc,2,2020-12-22 20:46:17,71907876,71907877
377716,"không nghĩ sách nó nhỏ vậy, 40k là quá đắt",3,2021-01-09 07:54:20,71907876,71907877
9897735,hộp giao móp nhưng sách thì vẫn an toàn,4,2021-02-17 21:34:22,71907876,71907877
6332624,Sách hơi cũ và bẩn nên hơi thất vọng,2,2021-02-17 09:05:03,71907876,71907877
5809456,Đọc cũng hay hay nhak ?!,4,2021-06-10 11:14:01,71907876,71907877
18865466,"sách bị gãy bìa, thùng hàng bị móp méo",1,2021-02-04 14:07:16,71907876,71907877
12845803,Sách siêu dễ thương luôn ❤ ❤ ❤ Nhưng bìa hơi cũ,4,2020-11-07 10:06:31,71907876,71907877
20425466,sách đóng gói chưa kĩ bị nhăn góc,2,2021-03-07 10:23:42,71907876,71907877
16294219,sách hơi nhỏ :)),4,2021-07-18 19:50:25,71907876,71907877
22042701,,4,2021-11-11 18:05:18,71907876,71907877
11711722,"hay, giao hàng nhanh, sách đẹp",2,2021-04-18 13:26:34,71907876,71907877
8371979,*** 1 chút cho vui thôi. k nhiều ý nghĩa,4,2021-02-05 15:00:49,71907876,71907877
916316,Size khác xa so với tưởng tượng,4,2021-03-15 21:03:46,71907876,71907877
19802759,"sách lỗi ,bị lặp lại nhiều đoạn",1,2021-02-14 13:44:57,71907876,71907877
7231598,Hàng chất lượng giao hàng nhanh,3,2021-03-26 09:01:54,71907876,71907877
21392272,hộp bị méo sách cong viền,1,2021-04-24 09:53:15,71907876,71907877
15108001,"Nhỏ lém m.n ạ, nhỏ như này thì đắt thật!",4,2020-12-12 14:34:56,71907876,71907877
16141115,"Ship nhanh, nhưng mà giá hơi mắc",3,2021-03-21 02:11:44,71907876,71907877
5921365,,4,2021-10-27 18:11:35,71907876,71907877
19385499,sách như sách cũ bị ố vàng ngoài bìa,3,2021-01-25 13:49:53,71907876,71907877
2102826,"sách có vài trang bị rách, bìa ố vàng",3,2021-01-23 21:31:31,71907876,71907877
10288510,đóng gói bẹp hộp mép sách bịp quăn,1,2021-01-23 15:10:23,71907876,71907877
19660309,bìa dơ nhưng nhìn chung tạm đc. sổ nhỏ,3,2021-01-11 17:00:56,71907876,71907877
19092717,rất hài lòng với sản phẩm,2,,71907876,71907877
5494747,"hơi nhảm nhảm, mua phí tiền",3,2021-04-01 13:24:23,71907876,71907877
10143159,"nội dung khá nhảm, kém hay :))",3,2021-03-24 19:52:35,71907876,71907877
7976861,"Sách gãy góc bìa, cong vênh",2,2021-04-16 14:48:35,71907876,71907877
17842932,bị rách ở bìa trước và phía sau,2,2021-02-12 22:46:54,71907876,71907877
1597158,"Giấy in còn mờ , thiếu nét",3,2021-03-31 08:14:18,71907876,71907877
19577064,tệ giao lâu giao sách cũ bẩn chắc xóa app,1,2020-12-21 16:26:46,71907876,71907877
18188486,đọc hơi mệt tí nhung vui nha,3,2021-03-24 13:40:35,71907876,71907877
15534730,nội dung không quá đặc sắc như mong đợi ),4,2020-11-29 13:42:50,71907876,71907877
18316616,Không nghĩ nó bé tí tị tì ti,3,2021-03-11 18:08:50,71907876,71907877
7865281,Bìa sách bụi bẩn khoing hài lòng,2,2021-02-15 04:11:00,71907876,71907877
20074124,"bụi bẩn rất nhiều, cũng ổn",3,2021-03-03 21:26:00,71907876,71907877
23409934,tốt,4,2021-09-06 11:41:04,71907876,71907877
16093092,Bìa đẹp nội dung hay bổ ích,3,2021-03-06 22:40:10,71907876,71907877
18834519,sánh bị dơ đã cũ ko còn được mới,1,2021-01-05 23:42:51,71907876,71907877
6572314,"Bìa sách bẩn lắm, bị vàng khá nhiều",2,2020-12-30 17:21:17,71907876,71907877
19624637,Không như quảng cáo .........,1,2021-03-16 13:14:33,71907876,71907877
19567249,"sách nhỏ, bìa màu như bị bẩn",3,2021-02-20 19:07:18,71907876,71907877
9188221,,4,2021-09-27 15:31:20,71907876,71907877
1363446,giao hàng đúng hạn. Sản phẩm tốt,4,2021-01-16 11:07:15,71907876,71907877
10397144,Đối với mình sách hơi dơ một tí,4,2021-01-15 18:35:08,71907876,71907877
16887976,đóng gói ko kĩ,4,2021-06-08 12:08:52,71907876,71907877
8910947,nhỏ hơn tưởng tượng,4,2021-04-09 21:37:00,71907876,71907877
7220881,mua chỉ để bắt trend,4,,71907876,71907877
6133469,Bìa sách nhìn cũ kĩ. Ko hài lòng chút nào !!!,1,2020-11-05 00:27:21,71907876,71907877
19757693,Sản phẩm giao đến bị cong,3,2021-03-01 18:05:07,71907876,71907877
1281477,,4,2021-09-12 11:18:42,71907876,71907877
551656,Ok,4,2021-08-30 10:25:16,71907876,71907877
2227138,phù hợp cho những bạn dưới 21 tuổi,2,2020-12-11 22:39:52,71907876,71907877
17789721,đóng gói ko chắc chắn lắm,4,2021-02-17 13:13:53,71907876,71907877
19879022,Vận chuyển rất nhanh.,4,2021-03-30 08:51:45,71907876,71907877
15371228,sách bị nhàu cũ bẩn bìa??,1,2021-02-22 11:35:11,71907876,71907877
17247997,Sách bé tí thất vọng quá☹️,1,2021-01-22 15:45:34,71907876,71907877
13019713,vài trang còn dính vào nhau,3,2021-03-02 11:43:06,71907876,71907877
1146593,có mấy trang sách bị nhăn,4,2021-02-20 12:37:27,71907876,71907877
19772201,sách nhỏ và có nhiều vết bẩn,1,2021-01-06 12:04:43,71907876,71907877
18673290,,4,2021-08-20 23:48:59,71907876,71907877
19893852,ko có bọc bao bên ngoài ☹️,2,2021-01-27 12:09:17,71907876,71907877
8452962,,4,2021-08-18 06:45:53,71907876,71907877
11154480,"Giao hàng nhanh, sách đẹp và hay lắm ạ",4,2020-11-06 13:35:06,71907876,71907877
21353713,Bìa sách cũ quá,4,2021-04-25 20:09:14,71907876,71907877
20194048,cũng đc alamoejeidsubsisbwwjss,3,2021-02-07 16:00:04,71907876,71907877
7338190,khá bé sơ với tưởng tượng,3,2021-01-12 10:25:31,71907876,71907877
22058760,,4,2021-08-10 16:36:09,71907876,71907877
17972936,NÊN MUA ....................,4,2021-02-21 08:27:07,71907876,71907877
12329593,Nó hơi nhỏ nhưng rất ok,4,2021-02-15 06:46:51,71907876,71907877
14066879,,4,2021-08-09 14:48:33,71907876,71907877
7615431,,4,2021-08-07 15:59:19,71907876,71907877
10781311,,4,2021-08-05 23:06:37,71907876,71907877
19638718,Sách ok nhưng mà bìa hơi dơ ạ!,4,2020-12-26 20:02:53,71907876,71907877
10706992,sách khá hayy,4,2021-05-04 13:51:37,71907876,71907877
19834222,"lỗi,bẩn,mốc zzzzzxxxzzzzzz",1,2021-01-12 21:28:37,71907876,71907877
656402,Không hợp với tuổi U30 :)),2,2021-01-12 12:08:55,71907876,71907877
21469849,,4,2021-07-24 09:36:27,71907876,71907877
21387589,,4,2021-07-22 09:02:58,71907876,71907877
5862943,,4,2021-07-20 14:06:54,71907876,71907877
22590559,,4,2021-07-19 14:28:25,71907876,71907877
7711697,,4,,71907876,71907877
15815818,,4,2021-07-17 21:59:23,71907876,71907877
20337416,hơi dơ một xí thoiii,4,2021-02-20 12:41:03,71907876,71907877
22591366,,4,2021-07-16 11:09:21,71907876,71907877
21049218,,4,,71907876,71907877
19375034,,4,2021-07-12 06:39:04,71907876,71907877
19314530,nó bị rách 1tí ở phần bìa,4,2020-12-19 13:17:35,71907876,71907877
12123502,,4,2021-07-07 22:10:50,71907876,71907877
11792519,,4,2021-07-07 09:31:14,71907876,71907877
2142447,Cũng khá thú vị,4,2021-03-11 23:01:59,71907876,71907877
248803,,4,2021-07-02 11:01:25,71907876,71907877
256675,,4,2021-07-01 21:25:06,71907876,71907877
6386120,,4,2021-06-27 18:28:33,71907876,71907877
20773201,,4,2021-06-27 14:36:45,71907876,71907877
22303821,,4,2021-06-27 12:36:57,71907876,71907877
9134375,,4,2021-06-22 13:18:29,71907876,71907877
11910521,,4,2021-06-20 11:56:18,71907876,71907877
12944292,tạm ổn nhaa,4,2021-03-24 12:09:28,71907876,71907877
21715821,...,4,2021-06-02 12:18:05,71907876,71907877
17754606,Không có bao bì bọc sách,3,2020-12-26 11:04:22,71907876,71907877
20986997,đẹp và hay,4,2021-03-28 13:14:49,71907876,71907877
21387431,,4,,71907876,71907877
19628333,hài lòng nhaaa,4,2021-03-14 08:57:59,71907876,71907877
7204639,,4,2021-06-15 17:32:57,71907876,71907877
13996965,có trang bị rách ạ,4,2021-01-25 18:05:49,71907876,71907877
12314708,,4,2021-06-14 23:02:44,71907876,71907877
17963700,,4,2021-06-14 18:42:11,71907876,71907877
6294390,Sách rất hay,4,2021-03-18 20:30:18,71907876,71907877
13017702,bé quá còn bị bẩn nx,3,2021-01-06 14:17:02,71907876,71907877
18768358,♥♥♥♥♥♥????,4,2021-02-04 18:20:26,71907876,71907877
10512569,Sách hơi bẩn,4,2021-03-09 17:38:46,71907876,71907877
9027691,,4,2021-06-10 12:23:40,71907876,71907877
5517544,,4,,71907876,71907877
16401605,,4,2021-06-08 19:30:10,71907876,71907877
21205165,,4,2021-06-06 16:02:50,71907876,71907877
8417982,sản phẩm nhìn hơi cũ,4,2020-12-28 19:24:33,71907876,71907877
21585338,Xuus,4,2021-05-11 21:09:31,71907876,71907877
19470157,,4,2021-05-31 21:16:08,71907876,71907877
19602766,Hơi nhỏ nhưng mà cx ok,4,2020-12-23 10:12:26,71907876,71907877
7261723,,4,2021-05-27 19:59:01,71907876,71907877
5900885,,4,2021-05-26 19:40:14,71907876,71907877
17978530,,4,2021-05-26 17:04:28,71907876,71907877
763722,"hàng giao nhanh, gói kĩ",4,2020-12-25 13:57:06,71907876,71907877
6188236,,4,2021-05-23 16:26:48,71907876,71907877
13905279,,4,2021-05-20 10:20:58,71907876,71907877
13910770,,4,2021-05-18 17:31:11,71907876,71907877
21372107,,4,2021-05-17 16:35:18,71907876,71907877
17009491,ổn,4,2021-04-23 19:34:53,71907876,71907877
1243916,,4,2021-05-16 18:07:41,71907876,71907877
19573601,,4,2021-05-16 12:26:08,71907876,71907877
149758,,4,2021-05-15 12:54:02,71907876,71907877
10296324,,4,2021-05-10 20:07:32,71907876,71907877
9692809,,4,2021-05-08 15:53:05,71907876,71907877
13150311,sách đẹp,4,2021-02-26 09:08:39,71907876,71907877
21609226,,4,2021-05-07 10:27:49,71907876,71907877
19212753,,4,2021-05-06 12:22:55,71907876,71907877
19565610,,4,2021-05-05 17:12:28,71907876,71907877
42715,,4,2021-05-05 08:58:00,71907876,71907877
7604265,,4,2021-05-02 18:59:45,71907876,71907877
7421423,,4,2021-05-02 12:19:41,71907876,71907877
897414,Đóng hàng k đẹp,4,2020-12-28 19:11:49,71907876,71907877
9074564,,4,,71907876,71907877
8459391,,4,2021-04-29 08:06:59,71907876,71907877
651654,,4,2021-04-28 11:58:03,71907876,71907877
15209483,,4,2021-04-28 11:26:43,71907876,71907877
20189684,,4,2021-04-27 19:17:51,71907876,71907877
15532171,rất hài hước,4,2021-01-12 09:50:24,71907876,71907877
20393705,,4,2021-04-27 14:29:21,71907876,71907877
5265217,,4,2021-04-27 12:47:51,71907876,71907877
8576098,,4,2021-04-26 20:37:14,71907876,71907877
13865213,,4,2021-04-25 13:25:30,71907876,71907877
15141875,,4,2021-04-25 09:27:10,71907876,71907877
151879,Giao hàng nhanh,4,2021-01-21 12:11:54,71907876,71907877
20329333,,4,2021-04-22 12:32:33,71907876,71907877
17828662,Hơi nhỏ,4,2021-02-22 22:59:47,71907876,71907877
21344940,,4,2021-04-20 20:28:52,71907876,71907877
14581,,4,2021-04-20 08:19:22,71907876,71907877
5756614,,4,,71907876,71907877
8213967,,4,2021-04-18 22:05:52,71907876,71907877
12351310,,4,,71907876,71907877
19059792,,4,2021-04-17 20:12:16,71907876,71907877
21256082,,4,2021-04-16 13:24:14,71907876,71907877
10815292,,4,2021-04-15 17:51:09,71907876,71907877
14374021,,4,2021-04-15 13:04:32,71907876,71907877
10609348,,4,2021-04-14 20:17:32,71907876,71907877
10921682,h,4,2021-04-07 17:09:59,71907876,71907877
14103216,sách hơi cũ,3,2021-01-21 12:00:00,71907876,71907877
20466552,,4,,71907876,71907877
858650,Ý nghĩa,3,2021-02-18 14:14:22,71907876,71907877
19349157,màu ngoài hơi,4,2021-01-08 11:47:02,71907876,71907877
16863280,,4,2021-04-10 16:30:34,71907876,71907877
20331355,,4,2021-04-09 17:20:10,71907876,71907877
14091107,,4,2021-04-09 08:55:05,71907876,71907877
20681609,,4,2021-04-08 17:34:31,71907876,71907877
20448649,,4,2021-04-08 17:09:27,71907876,71907877
17711019,khá thú vị và hay,4,2020-11-30 20:43:01,71907876,71907877
20435270,,4,2021-04-06 19:57:56,71907876,71907877
11970143,,4,2021-04-05 17:58:21,71907876,71907877
8182498,,4,2021-04-05 09:19:32,71907876,71907877
1596853,,4,2021-04-04 22:33:08,71907876,71907877
19352311,,4,2021-04-04 13:18:48,71907876,71907877
15793860,,4,2021-04-04 10:01:16,71907876,71907877
6924107,Hay,4,2021-03-16 22:52:28,71907876,71907877
10867228,,4,,71907876,71907877
19705461,sách hơi bẩn,4,2020-12-29 20:09:24,71907876,71907877
1441784,,4,2021-04-01 22:05:52,71907876,71907877
12562917,,4,2021-04-01 19:17:41,71907876,71907877
21129910,,4,2021-03-31 15:57:40,71907876,71907877
11382388,,4,2021-03-31 13:17:22,71907876,71907877
21117482,,4,2021-03-31 12:53:41,71907876,71907877
19583775,,4,2021-03-31 12:51:28,71907876,71907877
7071669,,4,2021-03-31 11:12:26,71907876,71907877
6347975,,4,2021-03-31 09:38:40,71907876,71907877
7134273,Bị bẩn,4,2021-01-31 15:35:52,71907876,71907877
14940060,,4,2021-03-30 22:40:47,71907876,71907877
7724790,,4,2021-03-30 20:55:55,71907876,71907877
13363692,,4,2021-03-29 21:41:57,71907876,71907877
20634084,,4,2021-03-29 12:22:01,71907876,71907877
21058105,,4,2021-03-29 11:27:05,71907876,71907877
13072141,,4,2021-03-29 08:44:43,71907876,71907877
6716756,,4,2021-03-28 10:27:22,71907876,71907877
8582607,hayyyyyyy,4,2021-02-03 13:36:47,71907876,71907877
10584935,,4,2021-03-27 14:54:48,71907876,71907877
18635901,,4,2021-03-26 11:30:05,71907876,71907877
20759112,,4,2021-03-26 09:11:55,71907876,71907877
5671232,ok,4,2021-03-14 15:47:33,71907876,71907877
19349277,,4,2021-03-25 06:26:25,71907876,71907877
19603195,...........,3,2021-01-19 19:08:23,71907876,71907877
13258587,,4,2021-03-23 23:37:39,71907876,71907877
20757302,,4,2021-03-23 19:34:18,71907876,71907877
6466295,,4,2021-03-23 13:59:49,71907876,71907877
294153,,4,2021-03-22 07:34:06,71907876,71907877
14067760,,4,2021-03-21 21:36:24,71907876,71907877
11042651,sách hay,4,2021-01-27 18:18:45,71907876,71907877
10158027,,4,2021-03-20 18:12:21,71907876,71907877
16479058,,4,2021-03-20 09:03:40,71907876,71907877
19940696,,4,2021-03-19 18:14:50,71907876,71907877
2066736,,4,2021-03-19 16:34:29,71907876,71907877
18717380,,4,2021-03-18 22:20:36,71907876,71907877
13321690,,4,2021-03-18 12:31:49,71907876,71907877
15738179,,4,2021-03-17 22:09:24,71907876,71907877
7150113,,4,2021-03-17 12:50:20,71907876,71907877
801362,,4,2021-03-16 22:20:33,71907876,71907877
18723118,,4,2021-03-16 11:24:18,71907876,71907877
10910472,,4,2021-03-15 05:40:23,71907876,71907877
1706919,,4,2021-03-14 21:32:43,71907876,71907877
12704965,,4,2021-03-13 23:13:51,71907876,71907877
7961584,,4,2021-03-12 20:13:52,71907876,71907877
8417500,,4,2021-03-12 16:19:02,71907876,71907877
19200324,Giao hàng nhanh:)),4,2020-11-20 13:45:06,71907876,71907877
12446753,,4,2021-03-10 15:57:37,71907876,71907877
6932720,,4,2021-03-10 10:09:36,71907876,71907877
17740590,,4,2021-03-08 23:04:35,71907876,71907877
1527423,,4,2021-03-08 22:53:24,71907876,71907877
19463023,,4,2021-03-08 20:31:55,71907876,71907877
15948086,,4,2021-03-06 23:05:43,71907876,71907877
15545868,,4,2021-03-06 14:28:42,71907876,71907877
20477907,,4,2021-03-06 10:58:28,71907876,71907877
11829074,,4,2021-03-06 10:24:36,71907876,71907877
13639039,,4,2021-03-05 21:14:02,71907876,71907877
20105137,,4,2021-03-05 17:31:46,71907876,71907877
15167930,,4,2021-03-04 10:42:45,71907876,71907877
20544854,,4,2021-03-03 20:10:46,71907876,71907877
20436068,,4,2021-03-03 14:32:28,71907876,71907877
20479971,,4,2021-03-02 23:36:51,71907876,71907877
17424787,,4,2021-03-02 22:37:58,71907876,71907877
20338926,,4,2021-03-02 17:31:16,71907876,71907877
20486489,,4,2021-03-02 16:19:43,71907876,71907877
18222576,,4,2021-03-02 08:39:55,71907876,71907877
160473,,4,2021-03-02 03:17:56,71907876,71907877
1455096,,4,2021-03-01 11:55:29,71907876,71907877
20452031,,4,2021-02-28 18:00:05,71907876,71907877
19089709,,4,2021-02-28 07:43:57,71907876,71907877
9666184,,4,2021-02-27 10:44:09,71907876,71907877
15002189,,4,2021-02-26 10:39:20,71907876,71907877
5170835,,4,2021-02-26 07:19:00,71907876,71907877
20322394,,4,2021-02-25 23:22:47,71907876,71907877
12743142,,4,2021-02-25 21:36:22,71907876,71907877
8796487,,4,2021-02-25 13:07:57,71907876,71907877
11114680,,4,2021-02-25 09:28:19,71907876,71907877
20435296,,4,2021-02-24 21:30:19,71907876,71907877
20400737,,4,2021-02-24 17:16:53,71907876,71907877
326728,,4,2021-02-24 15:23:34,71907876,71907877
993138,,4,2021-02-24 12:56:05,71907876,71907877
10859324,,4,2021-02-24 00:19:06,71907876,71907877
19739254,,3,2021-02-23 21:28:37,71907876,71907877
19908185,,4,2021-02-23 18:23:46,71907876,71907877
5437843,,4,2021-02-23 14:07:12,71907876,71907877
16674925,,4,2021-02-23 09:57:54,71907876,71907877
18918641,,4,2021-02-22 10:26:44,71907876,71907877
1645897,,4,2021-02-21 21:58:04,71907876,71907877
13196620,,4,2021-02-21 20:56:13,71907876,71907877
13326682,,4,2021-02-21 19:16:45,71907876,71907877
6369742,,4,2021-02-21 16:12:32,71907876,71907877
18010817,,4,2021-02-21 11:54:19,71907876,71907877
20344160,,4,2021-02-21 10:38:09,71907876,71907877
18090672,,4,2021-02-20 23:04:56,71907876,71907877
19701204,,4,2021-02-19 19:20:40,71907876,71907877
13548387,,4,2021-02-19 18:46:41,71907876,71907877
18164449,,4,2021-02-19 15:38:36,71907876,71907877
15449631,,4,2021-02-19 15:19:57,71907876,71907877
19613983,,3,2021-02-19 07:47:05,71907876,71907877
2054220,,4,2021-02-18 23:26:01,71907876,71907877
6753273,,4,2021-02-18 18:53:28,71907876,71907877
14670155,,4,2021-02-18 15:40:11,71907876,71907877
20251335,,4,2021-02-18 11:04:20,71907876,71907877
20242583,,4,2021-02-17 16:51:42,71907876,71907877
18780851,,4,2021-02-17 10:52:24,71907876,71907877
6905646,,4,2021-02-17 10:10:07,71907876,71907877
19619688,khá ổn,4,2020-12-26 10:04:52,71907876,71907877
17072566,,4,2021-02-16 19:42:42,71907876,71907877
13017361,,4,2021-02-15 13:07:39,71907876,71907877
19199064,,4,2021-02-14 09:34:09,71907876,71907877
20165347,,4,2021-02-09 16:16:58,71907876,71907877
11174252,,4,2021-02-09 14:55:38,71907876,71907877
359325,,4,2021-02-09 02:28:57,71907876,71907877
19442483,thích,4,2021-01-04 21:35:33,71907876,71907877
19612059,👍🏻,4,2020-12-23 16:21:16,71907876,71907877
13782849,,4,2021-02-07 20:55:10,71907876,71907877
15307432,,4,2021-02-07 19:00:32,71907876,71907877
10474694,,3,2021-02-06 12:59:18,71907876,71907877
7474079,,4,2021-02-06 12:30:09,71907876,71907877
7811167,,4,2021-02-06 12:12:52,71907876,71907877
14820912,,4,2021-02-05 17:56:44,71907876,71907877
19934996,,4,2021-02-05 08:25:24,71907876,71907877
16375514,,4,2021-02-05 00:13:57,71907876,71907877
19213211,,4,2021-02-04 14:38:50,71907876,71907877
17589889,,4,2021-02-04 13:00:54,71907876,71907877
19629199,,4,2021-02-04 11:50:26,71907876,71907877
15935072,,4,2021-02-04 10:20:04,71907876,71907877
6987126,,4,2021-02-04 09:40:15,71907876,71907877
20099753,,4,2021-02-04 09:14:58,71907876,71907877
17838348,,4,2021-02-02 22:04:50,71907876,71907877
14449265,,3,2021-02-02 10:12:06,71907876,71907877
361204,,4,2021-02-02 09:04:26,71907876,71907877
16924500,,4,2021-02-01 21:06:08,71907876,71907877
7612103,,4,2021-01-31 18:46:23,71907876,71907877
14335796,,4,2021-01-31 13:11:27,71907876,71907877
6070634,,4,2021-01-31 12:56:18,71907876,71907877
7043075,,4,2021-01-31 11:33:35,71907876,71907877
13925983,,4,2021-01-31 11:22:23,71907876,71907877
18468822,,4,2021-01-30 18:24:39,71907876,71907877
20085727,,4,2021-01-30 16:19:45,71907876,71907877
10799581,,4,2021-01-29 22:38:11,71907876,71907877
19170212,,4,2021-01-29 22:01:34,71907876,71907877
11028268,,3,2021-01-29 18:28:33,71907876,71907877
536028,,4,2021-01-29 12:24:38,71907876,71907877
14916743,,4,2021-01-29 11:17:54,71907876,71907877
16629308,,4,2021-01-28 18:23:13,71907876,71907877
8779584,,4,2021-01-28 12:06:54,71907876,71907877
9617978,,4,2021-01-27 21:27:18,71907876,71907877
19608368,,3,2021-01-27 13:58:32,71907876,71907877
11205362,,4,2021-01-27 11:01:54,71907876,71907877
14425117,,4,2021-01-27 07:38:58,71907876,71907877
19613486,,4,2021-01-27 02:00:33,71907876,71907877
19954416,,4,2021-01-26 14:56:36,71907876,71907877
19873008,,3,2021-01-26 12:25:47,71907876,71907877
20005084,,4,2021-01-26 08:51:26,71907876,71907877
1615489,,4,2021-01-25 23:04:13,71907876,71907877
17454507,,4,2021-01-25 20:02:00,71907876,71907877
19330367,,4,2021-01-25 17:34:06,71907876,71907877
8398148,,4,2021-01-25 13:46:06,71907876,71907877
19871734,,4,2021-01-25 13:30:56,71907876,71907877
20004415,,4,2021-01-25 13:18:34,71907876,71907877
17914098,,3,2021-01-25 10:59:21,71907876,71907877
12760027,,4,2021-01-25 00:15:05,71907876,71907877
13962219,,3,2021-01-24 23:27:21,71907876,71907877
5386217,,4,2021-01-24 00:25:15,71907876,71907877
16248316,,3,2021-01-23 19:43:55,71907876,71907877
19719817,,4,2021-01-23 15:48:00,71907876,71907877
17605118,,4,2021-01-23 12:16:48,71907876,71907877
57100,,4,2021-01-23 11:13:25,71907876,71907877
10737092,,4,2021-01-22 19:21:10,71907876,71907877
13186200,,3,2021-01-22 17:53:01,71907876,71907877
17593246,,4,2021-01-22 08:03:54,71907876,71907877
19607607,,4,2021-01-21 22:37:41,71907876,71907877
19965081,,4,2021-01-21 22:24:07,71907876,71907877
8565706,,4,2021-01-21 18:33:15,71907876,71907877
15869201,,3,2021-01-21 18:10:26,71907876,71907877
16693416,,4,2021-01-21 16:43:29,71907876,71907877
19954209,,3,2021-01-21 15:39:24,71907876,71907877
19587872,,4,2021-01-21 15:05:37,71907876,71907877
19732474,,4,2021-01-21 09:25:50,71907876,71907877
19933155,,4,2021-01-20 22:41:50,71907876,71907877
19889091,,4,2021-01-20 16:57:45,71907876,71907877
948471,,4,2021-01-20 12:59:49,71907876,71907877
18609322,,4,2021-01-19 22:11:29,71907876,71907877
19336729,,4,2021-01-19 20:50:36,71907876,71907877
5101237,,4,2021-01-19 19:20:39,71907876,71907877
19923451,,4,2021-01-19 17:29:51,71907876,71907877
18140568,,4,2021-01-19 17:09:30,71907876,71907877
224564,,4,2021-01-19 10:09:45,71907876,71907877
17087524,,4,2021-01-19 08:36:19,71907876,71907877
11764009,,4,2021-01-19 08:11:38,71907876,71907877
19118025,,3,2021-01-19 06:16:04,71907876,71907877
18330756,,4,2021-01-18 17:56:12,71907876,71907877
17623061,,4,2021-01-17 15:05:21,71907876,71907877
19819259,,4,2021-01-17 12:11:18,71907876,71907877
17472189,,3,2021-01-17 10:18:13,71907876,71907877
5370231,,4,2021-01-16 17:05:55,71907876,71907877
5936194,,4,2021-01-16 15:45:39,71907876,71907877
19845435,,3,2021-01-16 11:38:05,71907876,71907877
11401937,,3,2021-01-16 10:40:53,71907876,71907877
487147,,4,2021-01-15 19:32:04,71907876,71907877
17328370,,4,2021-01-15 18:41:44,71907876,71907877
17164717,,4,2021-01-14 20:25:37,71907876,71907877
15056403,,4,2021-01-13 20:58:06,71907876,71907877
13599660,,4,2021-01-13 20:11:28,71907876,71907877
17132456,,3,2021-01-13 10:23:24,71907876,71907877
18258142,,4,2021-01-13 05:51:46,71907876,71907877
19134874,,3,2021-01-12 21:17:36,71907876,71907877
18100397,,4,2021-01-12 21:16:28,71907876,71907877
19768052,,4,2021-01-12 13:25:08,71907876,71907877
1545966,,4,2021-01-12 13:20:46,71907876,71907877
12977487,,4,2021-01-12 11:56:06,71907876,71907877
10279702,,4,2021-01-12 05:52:20,71907876,71907877
19791449,,4,2021-01-11 22:17:58,71907876,71907877
654990,,4,2021-01-11 19:26:38,71907876,71907877
19397265,,4,2021-01-11 16:27:34,71907876,71907877
1827887,,4,2021-01-11 16:10:51,71907876,71907877
18814892,,4,2021-01-11 12:34:56,71907876,71907877
15242552,,4,2021-01-11 11:25:18,71907876,71907877
19255461,,4,2021-01-11 08:32:53,71907876,71907877
7678694,,4,2021-01-10 23:43:14,71907876,71907877
12105571,,4,2021-01-10 16:52:00,71907876,71907877
8057341,,4,2021-01-10 15:18:25,71907876,71907877
11802618,,4,2021-01-10 11:16:49,71907876,71907877
14257927,,4,2021-01-10 08:38:38,71907876,71907877
14161212,,4,2021-01-10 08:17:57,71907876,71907877
585764,,4,2021-01-10 00:08:19,71907876,71907877
15449789,,3,2021-01-09 16:29:48,71907876,71907877
5596351,,4,2021-01-09 15:10:27,71907876,71907877
16845712,,4,2021-01-09 13:09:52,71907876,71907877
17120140,,4,2021-01-09 12:51:07,71907876,71907877
11902843,,4,2021-01-09 08:49:24,71907876,71907877
19778878,,4,2021-01-09 00:40:43,71907876,71907877
9763353,,3,2021-01-08 22:57:06,71907876,71907877
19072724,,4,2021-01-07 23:00:56,71907876,71907877
14127303,,4,2021-01-07 21:59:04,71907876,71907877
14414427,,4,2021-01-07 17:14:36,71907876,71907877
18414041,,3,2021-01-06 21:56:10,71907876,71907877
19643224,,4,2021-01-06 12:09:01,71907876,71907877
18094443,,4,2021-01-06 11:53:38,71907876,71907877
7902269,,4,2021-01-06 06:37:32,71907876,71907877
854796,,3,2021-01-05 21:15:32,71907876,71907877
19781036,,4,2021-01-05 19:23:51,71907876,71907877
5554590,,4,2021-01-05 08:10:35,71907876,71907877
19732835,,4,2021-01-04 20:01:31,71907876,71907877
18239556,,4,2021-01-04 19:13:20,71907876,71907877
19679499,,4,2021-01-04 18:33:30,71907876,71907877
19485858,,3,2021-01-04 14:14:20,71907876,71907877
19747214,,4,2021-01-03 20:48:42,71907876,71907877
11078945,,4,2021-01-03 15:54:23,71907876,71907877
9045866,,3,2021-01-03 14:18:23,71907876,71907877
18765342,,4,2021-01-02 09:44:35,71907876,71907877
11394270,,4,2021-01-01 19:37:26,71907876,71907877
16026128,,4,2021-01-01 09:17:54,71907876,71907877
13252132,,4,2020-12-31 16:39:33,71907876,71907877
19613837,,4,2020-12-31 10:04:01,71907876,71907877
14540332,,4,2020-12-30 19:10:42,71907876,71907877
9901760,,4,2020-12-30 12:34:51,71907876,71907877
1114389,,4,2020-12-29 17:06:01,71907876,71907877
8820950,,4,2020-12-29 15:13:55,71907876,71907877
11422173,,4,2020-12-29 11:30:56,71907876,71907877
1145967,,4,2020-12-29 10:40:16,71907876,71907877
10607097,,4,2020-12-29 00:08:59,71907876,71907877
10462835,,4,2020-12-28 19:41:33,71907876,71907877
16669908,,4,2020-12-28 15:55:07,71907876,71907877
13377816,,4,2020-12-27 17:07:09,71907876,71907877
9994161,,4,2020-12-27 11:17:05,71907876,71907877
11077918,,4,2020-12-27 10:20:42,71907876,71907877
19658458,,4,2020-12-27 08:02:30,71907876,71907877
19229764,,4,2020-12-27 07:31:20,71907876,71907877
19605130,,4,2020-12-26 22:11:07,71907876,71907877
6361116,,4,2020-12-26 08:51:31,71907876,71907877
1053107,,4,2020-12-25 18:33:12,71907876,71907877
16111003,,4,2020-12-25 16:45:07,71907876,71907877
19225171,,4,2020-12-25 14:15:51,71907876,71907877
12859979,,4,2020-12-25 12:02:22,71907876,71907877
19047522,,4,2020-12-25 10:29:15,71907876,71907877
19629573,,4,2020-12-24 07:49:03,71907876,71907877
16079247,,4,2020-12-23 23:12:54,71907876,71907877
18257053,,3,2020-12-23 21:36:45,71907876,71907877
2062245,,4,2020-12-23 19:50:31,71907876,71907877
13404746,,4,2020-12-23 19:06:51,71907876,71907877
19606222,,4,2020-12-22 22:53:52,71907876,71907877
19611161,,4,2020-12-22 22:20:38,71907876,71907877
13961424,,3,2020-12-22 20:19:01,71907876,71907877
19615097,,4,2020-12-22 17:40:59,71907876,71907877
7714319,,4,2020-12-21 20:03:39,71907876,71907877
19575858,,3,2020-12-19 13:47:20,71907876,71907877
18644179,,4,2020-12-18 20:37:12,71907876,71907877
14472838,,4,2020-12-18 18:18:23,71907876,71907877
7036807,,4,2020-12-17 17:15:57,71907876,71907877
11078807,,3,2020-12-17 13:27:45,71907876,71907877
5865231,,4,2020-12-16 16:10:52,71907876,71907877
12183152,,4,2020-12-16 09:47:32,71907876,71907877
17194000,,4,2020-12-15 23:26:13,71907876,71907877
17623677,,4,2020-12-14 01:10:21,71907876,71907877
9650252,,4,2020-12-13 19:43:39,71907876,71907877
17360370,,3,2020-12-13 12:39:56,71907876,71907877
12361774,,4,2020-12-12 12:24:12,71907876,71907877
17175329,,4,2020-12-12 09:37:20,71907876,71907877
1882205,,4,2020-12-12 07:50:06,71907876,71907877
19186681,,4,2020-12-11 11:44:14,71907876,71907877
6157839,,3,2020-12-10 21:50:05,71907876,71907877
17414169,,4,2020-12-10 11:02:04,71907876,71907877
10656731,,4,2020-12-08 19:46:04,71907876,71907877
7050651,,4,2020-12-08 09:23:17,71907876,71907877
19415400,,3,2020-12-07 20:01:42,71907876,71907877
18278883,,3,2020-12-07 17:48:37,71907876,71907877
9697446,,3,2020-12-07 09:01:00,71907876,71907877
16404532,,4,2020-12-06 20:59:42,71907876,71907877
8822145,,4,2020-12-06 17:16:23,71907876,71907877
7316952,,4,2020-12-06 01:25:54,71907876,71907877
6170951,,4,2020-12-05 21:39:28,71907876,71907877
19088429,,4,2020-12-05 21:11:46,71907876,71907877
5207845,,4,2020-12-04 07:19:37,71907876,71907877
19043653,,3,2020-12-03 17:59:10,71907876,71907877
1479180,,4,2020-12-02 09:44:20,71907876,71907877
18451046,,4,2020-12-01 16:30:03,71907876,71907877
19235209,,4,2020-11-30 20:14:00,71907876,71907877
5831091,,3,2020-11-30 14:27:49,71907876,71907877
19075978,,4,2020-11-29 16:00:39,71907876,71907877
18015882,,4,2020-11-28 22:14:56,71907876,71907877
12835289,,3,2020-11-24 09:36:56,71907876,71907877
17993886,ok,4,2020-11-11 12:23:18,71907876,71907877
7628500,.,4,2020-11-16 17:57:09,71907876,71907877
17119501,,4,2020-11-21 11:59:46,71907876,71907877
294796,,3,2020-11-20 21:40:30,71907876,71907877
15093627,,3,2020-11-17 21:54:03,71907876,71907877
7789500,,4,2020-11-16 14:22:33,71907876,71907877
12111352,,4,2020-11-16 07:11:08,71907876,71907877
19197251,,4,2020-11-13 22:44:44,71907876,71907877
19033613,,3,2020-11-12 13:13:38,71907876,71907877
19082943,,4,2020-11-11 10:32:29,71907876,71907877
8974369,,4,2020-11-10 18:15:28,71907876,71907877
551311,,3,2020-11-10 17:11:07,71907876,71907877
9147538,,4,2020-11-10 08:58:20,71907876,71907877
6891415,,4,2020-11-09 17:07:00,71907876,71907877
19089604,,3,2020-11-07 12:09:06,71907876,71907877
9081416,,3,2020-11-04 17:15:06,71907876,71907877
16132050,,3,2020-11-02 17:52:58,71907876,71907877
12518118,,4,2020-11-02 13:26:02,71907876,71907877
18976689,"- Tiki giao hàng sớm hơn dự kiến. Khâu đóng gói vẫn còn lỏng lẻo, hộp to nhưng không có giấy chèn. Một quyển được bọc giấy nylon trong (loại học tập học sinh) khá chắc chắn. Nhìn chung sách không bị hư hại gì đáng kể. - Sách bìa cứng, khổ vừa, có áo bìa, chất lượng giấy tốt. Sách được in màu toàn bộ, hình ảnh minh họa hài hước. Nội dung tập 2 tương tự như tập 1, những đứa trẻ hư và rắc rối chúng gây ra. - Giá mình mua đã giảm khá nhiều so với giá bìa nên mình thấy xứng đáng với một quyển sách chất lượng như thế này.",5,2021-10-28 10:57:09,90888310,90888311
16830272,"Truyện của David Walliams thì là siêu siêu hay rồi, mình mua cho tụi nhỏ tất cả các cuốn của tác giả này. Cuốn này bìa siêu đẹp, hình ảnh màu vui nhộn, bắt mắt. Tụi nhỏ vừa đọc vừa cười rúc rích, truyện hài siêu bựa. Có bìa áo bên ngoài, sách bìa cứng, chắc tay nhé mọi người. Sẽ là quà xịn cho các bé trong mùa hè này.",5,2021-06-22 21:56:07,90888310,90888311
18025738,"Sách vô cùng hài hước, hình minh họa ngộ nghĩnh, tác giả sử dụng nhiều từ tượng thanh khá đặc biệt. Các bạn nhỏ rất thích. Mình khá hài lòng với bản dịch này của Nhã Nam. Chất lượng 👍 Dịch vụ Tiki tốt, tiện ích.",5,2021-08-24 10:53:31,90888310,90888311
1284863,"Được bạn bè giới thiệu hay nên mua về cho con đọc vì vậy chưa đánh giá được nội dung. Hình thức sách trình bày đẹp. Mùa dịch nhưng tiki giao hàng cũng không quá chậm, khoảng 3-4 ngày",5,2021-08-12 12:47:35,90888310,90888311
21346185,"Sách kể về những nhân vật được phóng đại các tính cách or đặc điểm lên 1 cách k thực tế cho các bạn nhỏ dễ hình dung & thích thú. Sách phù hợp các bạn nhỏ nhỏ, bạn lớp 5 đọc bảo sách này cho trẻ con 😁",5,2021-12-01 17:13:02,90888310,90888311
12082447,,5,2023-05-12 20:37:17,90888310,90888311
28918,"Mê chú tác giả này lắm luôn, truyện đọc có nhiều cái bất hợp lý ghê nhưng qua ngòi viết của chú thì ta nói nó trơn tru ghê luôn, hài hước, dễ thương tuy đôi khi có nhiều tình tiết hơi ko phù hợp với các bé nhỏ, có lẽ do khác biệt về văn hóa . Người lớn cũng đọc được luôn nha.?",5,2021-06-10 11:40:21,90888310,90888311
21753168,Yes! Thích tg trong AGT VÀ BGT❤️??,5,,90888310,90888311
5299555,"Sách hay, tranh đẹp. Nội dung thì buồn cười kinh khủng, mình bắt đầu chuyển dần cho bé nhà mình sang đọc truyện nhiều chữ hơn, nhưng bé rất thích, nghe mẹ đọc mà cười khanh khách. Tóm lại là 5 sao về mọi mặt!",5,2021-05-01 09:13:55,90888310,90888311
16952419,Đã mua quyển 1 nên khi có quyển 2 thì k thể k mua tiếp. Sách có nhiều hình minh hoạ cute lắm,5,2021-05-18 17:32:02,90888310,90888311
1446612,Tập 1 nhóc ở nhà đọc thích quá nên cứ đợi tập 2 để đọc. Mang về là đọc say sưa. Chắc là hợp với lũ nhóc đó chứ mình cũng chưa có thời gian đọc hihi. Đã mua full bộ của tác giả này và dĩ nhiên là rất cuốn hút và thú vị dưới góc nhìn của lũ trẻ,5,2021-06-15 11:59:26,90888310,90888311
8592535,,5,2026-07-09 15:13:38,90888310,90888311
11252967,,5,2026-02-07 23:04:48,90888310,90888311
21565702,"Sách này rất hay, xem đi xem lại vẫn hay, nhà mình có tất cả sách của tác giả David William",5,2021-09-26 14:01:44,90888310,90888311
17587118,"Chuyện rất hay, hài hước, bé nhà mình đọc say mê lắm!",5,2022-03-13 11:35:53,90888310,90888311
1474718,Nội dung hài hước mà nhân văn. Tiki giao sách nguyên vẹn. Vẫn luôn ưng ý với Tiki. Cảm ơn Tiki đã rất nỗ lực giao hàng trong mùa dịch.,5,2021-09-28 11:15:12,90888310,90888311
17629113,"Nghe giới thiệu đoạn gỉ mũi ông con trai đã bắt mẹ mua bằng được. Cả nhà cùng đọc truyện cười nâng cao chỉ số vui vẻ, chống CoVid vậy",5,2021-06-08 16:28:32,90888310,90888311
768140,"sách in đẹp, giao nhanh phù hợp với trẻ từ 8 tuổi trở lên",5,2021-07-31 08:50:11,90888310,90888311
8182683,,5,2024-12-11 09:32:18,90888310,90888311
1380762,"Nhiều chi tiết phóng đại, bé m rất thích. Bìa cứng, có màu nhé",5,2023-05-15 08:08:22,90888310,90888311
956177,Bé chỉ mới đọc vài trang nhưng rất thích thú. Mùa dịch có sách này giúp bé xa điện thoại là ok luôn,5,2021-05-18 12:04:34,90888310,90888311
386342,"Sách đẹp, sạch, chất lượng. Nội dung cũng hay. Tiki giao hàng nhanh. Nói chung không có gì để chê.",5,2021-06-09 10:20:17,90888310,90888311
5660646,"Sách dễ thương, màu sắc đẹp, chuyển ngữ ổn, phù hợp với các bé cấp 1.",5,2021-07-08 13:32:01,90888310,90888311
6011980,"Sách rất đẹp, nội dung thì bé lớp 5 nhà mình mê tít luôn.",5,2021-09-27 15:02:15,90888310,90888311
21677095,Bé lớn nhà mình rất thích khi được nhận 1 cuốn sách này làm quà 1/6,5,,90888310,90888311
5961318,Con mình thích,5,2023-10-03 21:31:20,90888310,90888311
8674666,"Sách rất đẹp , hay , ý nghĩa , sâu sắc , hài hước",5,2021-09-02 19:27:04,90888310,90888311
1104838,"Nội dung truyện hài hước, bạn nhà mình rất thích",5,2021-08-16 19:05:00,90888310,90888311
7126244,"Một cuốn sách gây hứng thú cho bé, nội dung thì hấp dẫn.",5,,90888310,90888311
14805478,Rất ưng và hài lòng Sách đẹp Giao hàng nhanh chóng,5,,90888310,90888311
10269245,"bộ sách này rất hay, mình đã mua cả bộ cho con còn thiếu đúng tập này. sách rất đẹp",5,2021-12-23 23:36:34,90888310,90888311
1105689,"Cuốn này hay, thú vị cả về nội dung và cách trình bày. Nên mua",5,2022-06-12 09:06:46,90888310,90888311
6325362,"sách hay, phù hợp con 7 tuổi nhà mình",5,2021-10-11 18:21:36,90888310,90888311
706747,,5,2023-08-15 15:14:02,90888310,90888311
11238271,gia hàng siêu nhanh. sách đep. bé m rất thích. se mua thêm ạ. 🥰🥰🥰🥵🥰,5,2022-01-12 07:38:00,90888310,90888311
11255617,Sách kèm vỏ bìa. Màu sắc đẹp sống động. Đóng gõi kỹ giao nhanh,5,2022-03-07 14:42:55,90888310,90888311
18795305,Sách Đẹp,5,2022-02-08 09:23:37,90888310,90888311
5318412,"giao hàng nhanh, bìa đẹp, nội dung truyện hay. Rất thích tác giả truyện này.",5,2021-11-06 13:46:12,90888310,90888311
188380,Sau khi mua tập một thì nhất định phải mua tập hai. Hợp với mấy bạn tiểu học,5,2021-09-17 15:14:53,90888310,90888311
23693751,"đóng gói tốt, giao hàng nhanh đặt tối qua trưa nay đã có rồi",5,2021-12-19 17:10:54,90888310,90888311
5113305,"vui nhộn, rất đáng yêu. Tuy nhiên cuốn 1 gây ấn tượng đặc sắc hơn",5,2021-10-16 22:22:01,90888310,90888311
21488422,"cháu nhà mình rất thích . truyên hay, vui .",5,2022-04-30 09:37:44,90888310,90888311
10923508,,5,2023-02-16 06:23:49,90888310,90888311
10812742,Con mình đã cười ngặt ngoẽo khi đọc cuốn này,5,2022-03-02 10:08:04,90888310,90888311
9647936,Giao hàng nhanh.,5,2021-08-15 14:45:20,90888310,90888311
1527726,Cuốn sách quá đáng yêu. Con mình rất thích. Đọc tập 1 xong mà cứ ngóng tập 2 ra.,5,2021-06-09 08:40:03,90888310,90888311
11034627,Bạn 10 tuổi nhà mình rất thích sách của tác giả David Williams,5,2021-10-04 14:45:29,90888310,90888311
11689659,"sách hay, in đẹp",5,2021-06-12 12:48:34,90888310,90888311
9665714,Sách rất hay,5,2021-07-09 14:13:48,90888310,90888311
26835881,,5,2022-12-07 10:42:53,90888310,90888311
76973,,5,2021-09-05 22:33:27,90888310,90888311
16408823,sách đưpj,5,2021-06-23 16:57:22,90888310,90888311
27603591,Sách trình bày đẹp,5,2022-05-31 17:05:50,90888310,90888311
17106090,,5,2021-08-02 20:51:28,90888310,90888311
5886329,,5,2021-07-12 16:03:29,90888310,90888311
2224408,,5,2022-08-31 16:33:30,90888310,90888311
18124080,,5,2021-06-12 10:52:05,90888310,90888311
1803474,"Sách đọc rất hay, giao hàng cẩn thận!",5,2021-10-28 15:23:26,90888310,90888311
1916104,gato với trẻ con bây giờ! sách hai hước lắm,5,2021-08-05 20:04:07,90888310,90888311
27234484,,5,2022-07-12 14:35:05,90888310,90888311
1834047,,5,2022-07-08 19:12:20,90888310,90888311
7291786,"Giao rất nhanh, bọc cẩn thận. 5 sao",5,2021-10-25 15:07:28,90888310,90888311
717353,,5,2022-06-08 10:44:12,90888310,90888311
752854,,5,2022-05-30 14:13:06,90888310,90888311
527354,"tác phẩm quá hay, bé nhà mình mê tít",5,2021-09-06 21:38:56,90888310,90888311
1955783,Phần 01 hay nên mình nghĩ phần 02 chắc cũng hay,5,2021-06-24 09:46:49,90888310,90888311
20088537,,5,2022-04-30 20:33:58,90888310,90888311
7360436,"sách mới, đẹp, nội dung hay, con rất thích",5,,90888310,90888311
6877776,sách đẹp. bạn nhà mình rất thích,5,2021-08-05 21:55:03,90888310,90888311
58462,,5,2022-04-13 18:16:38,90888310,90888311
220066,Truyện hay. Cháu mình đã đọc cả bộ rồi.,5,2021-05-24 13:37:25,90888310,90888311
1868160,Hài lòng,5,2022-01-29 19:07:30,90888310,90888311
6432655,Bé nhà mình rất thích cuốn này luôn,5,2021-07-02 12:03:34,90888310,90888311
26533247,Ok,5,2022-03-10 16:47:42,90888310,90888311
439277,,5,2022-03-03 09:27:15,90888310,90888311
12213074,,5,2022-02-27 11:02:32,90888310,90888311
18328547,Tác giả được thiếu nhi yêu thích,5,2021-05-30 16:37:44,90888310,90888311
5483660,,5,2022-01-28 07:48:17,90888310,90888311
7073090,,5,2022-01-25 00:54:21,90888310,90888311
7978653,,5,2022-01-19 09:04:24,90888310,90888311
6047335,,5,2022-01-18 14:08:30,90888310,90888311
23573336,,5,2022-01-14 18:53:14,90888310,90888311
1718259,,5,2022-01-11 22:06:05,90888310,90888311
512987,,5,2022-01-06 19:50:58,90888310,90888311
6013955,,5,2022-01-02 14:31:18,90888310,90888311
7969551,,5,2022-01-01 11:36:04,90888310,90888311
22775532,Ok,5,2021-12-19 13:29:39,90888310,90888311
764929,Giao hàng nhanh,5,2021-09-27 07:29:15,90888310,90888311
8085991,rất hay,5,2021-10-28 06:10:14,90888310,90888311
749400,,5,2021-12-18 15:22:04,90888310,90888311
22084220,,5,2021-12-17 08:17:44,90888310,90888311
7119330,,5,2021-12-14 18:08:28,90888310,90888311
2003153,,5,2021-12-13 22:41:21,90888310,90888311
1802626,,5,2021-12-05 09:00:34,90888310,90888311
15641926,..,5,2021-11-12 15:32:53,90888310,90888311
20138134,,5,2021-11-15 12:06:57,90888310,90888311
7576721,Sp tt,5,2021-10-16 04:27:48,90888310,90888311
290069,,5,2021-11-13 15:08:11,90888310,90888311
17055463,,5,2021-11-11 09:04:56,90888310,90888311
12496667,Sách ok,5,2021-09-20 13:21:49,90888310,90888311
134594,,5,2021-10-27 20:31:35,90888310,90888311
23866807,Ok,5,2021-10-15 17:55:42,90888310,90888311
751137,Hay,5,2021-10-07 08:12:54,90888310,90888311
935836,,5,2021-10-21 11:24:57,90888310,90888311
11664998,Sách hay,5,2021-08-28 09:20:35,90888310,90888311
20779638,Ok,5,2021-09-29 11:15:09,90888310,90888311
18525148,,5,2021-10-08 17:52:14,90888310,90888311
20758903,,5,2021-10-06 13:55:03,90888310,90888311
22030581,,5,2021-10-06 07:33:27,90888310,90888311
294534,Hay,5,2021-09-15 12:59:26,90888310,90888311
325734,,5,2021-10-02 15:43:22,90888310,90888311
13559462,,5,2021-10-02 10:23:38,90888310,90888311
22649873,Ok,5,2021-09-11 23:46:07,90888310,90888311
14623771,,5,2021-09-22 15:38:13,90888310,90888311
22087214,,5,2021-09-20 14:43:36,90888310,90888311
11249959,,5,2021-09-17 21:04:05,90888310,90888311
6460706,Sách đẹp hay,5,2021-06-15 23:09:30,90888310,90888311
913441,,5,2021-09-17 07:37:48,90888310,90888311
7510527,,5,2021-09-11 19:47:25,90888310,90888311
6023794,,5,2021-09-04 09:23:24,90888310,90888311
405561,,5,2021-09-03 23:39:16,90888310,90888311
140403,,5,2021-08-28 23:35:42,90888310,90888311
5794365,,5,2021-08-28 12:21:39,90888310,90888311
12264969,Tốt,5,2021-07-29 15:14:14,90888310,90888311
7202395,,5,2021-08-27 15:52:25,90888310,90888311
953343,,5,2021-08-24 18:14:29,90888310,90888311
10389458,,5,2021-08-23 09:41:03,90888310,90888311
8487727,,5,2021-08-21 20:17:50,90888310,90888311
12813211,,5,2021-08-21 13:15:43,90888310,90888311
7082401,Rất hay,5,2021-06-25 22:19:19,90888310,90888311
9059998,,5,2021-08-13 16:57:55,90888310,90888311
6092900,,5,2021-08-12 13:26:27,90888310,90888311
11829026,,5,2021-08-11 13:21:35,90888310,90888311
366771,,5,2021-08-09 21:07:22,90888310,90888311
15877541,,5,2021-08-07 10:38:37,90888310,90888311
22161203,,5,2021-08-06 17:43:45,90888310,90888311
17198774,,5,2021-08-05 12:25:57,90888310,90888311
22615529,,5,2021-08-02 15:34:18,90888310,90888311
7407547,,5,2021-08-02 12:28:57,90888310,90888311
16350938,,5,,90888310,90888311
722403,,5,2021-07-23 10:13:27,90888310,90888311
564388,,5,2021-07-22 15:38:07,90888310,90888311
6981149,,5,2021-07-22 11:54:04,90888310,90888311
12498902,,5,2021-07-21 08:51:44,90888310,90888311
14174596,,5,2021-07-20 07:53:42,90888310,90888311
2015398,,5,2021-07-19 11:02:34,90888310,90888311
1837678,,5,2021-07-15 08:41:16,90888310,90888311
772337,,5,2021-07-13 11:05:10,90888310,90888311
11611061,,5,2021-07-13 10:08:33,90888310,90888311
499222,,5,2021-07-13 09:42:43,90888310,90888311
8643932,,5,2021-07-12 13:32:09,90888310,90888311
8054700,hay,5,2021-06-23 14:30:15,90888310,90888311
7489803,,5,2021-07-10 12:38:16,90888310,90888311
21662789,,5,2021-07-09 14:38:15,90888310,90888311
11435619,,5,,90888310,90888311
1325860,,5,2021-07-06 12:27:09,90888310,90888311
19728686,,5,2021-07-05 21:42:29,90888310,90888311
8482282,,5,2021-07-04 16:22:42,90888310,90888311
1179403,,5,2021-07-04 11:43:14,90888310,90888311
326775,,5,2021-07-03 12:40:29,90888310,90888311
951269,,5,2021-07-03 11:45:36,90888310,90888311
587522,,5,2021-07-03 10:59:41,90888310,90888311
1643884,,5,2021-07-01 15:42:46,90888310,90888311
10879280,,5,2021-06-30 20:41:09,90888310,90888311
17290774,,5,2021-06-30 10:55:12,90888310,90888311
17573576,,5,2021-06-28 12:20:56,90888310,90888311
17942939,Hay,5,2021-06-10 09:39:28,90888310,90888311
10340179,,5,2021-06-27 17:09:19,90888310,90888311
6572589,,5,2021-06-24 21:54:58,90888310,90888311
19719288,,5,2021-06-24 11:35:41,90888310,90888311
14741230,,5,2021-06-21 19:57:55,90888310,90888311
21105963,,5,2021-06-21 16:58:20,90888310,90888311
6996306,,5,2021-06-18 09:30:21,90888310,90888311
1584411,,5,2021-06-15 08:35:12,90888310,90888311
7563485,,5,2021-06-15 08:25:49,90888310,90888311
22007656,,5,,90888310,90888311
8600978,ok,5,2021-05-24 12:24:35,90888310,90888311
11935930,,5,2021-06-01 21:12:10,90888310,90888311
526285,,5,,90888310,90888311
6116310,,5,2021-05-30 11:50:29,90888310,90888311
481418,,5,,90888310,90888311
21901504,,5,2021-05-29 13:22:25,90888310,90888311
15218794,,5,2021-05-28 08:02:08,90888310,90888311
8547619,,5,2021-05-22 20:24:55,90888310,90888311
21698556,,5,2021-05-21 15:14:52,90888310,90888311
8638007,,5,2021-05-17 14:00:42,90888310,90888311
12826279,,5,2021-05-16 16:03:54,90888310,90888311
11583518,,5,2021-05-15 09:57:17,90888310,90888311
14579328,,5,2021-05-11 10:18:35,90888310,90888311
20223610,,5,2021-05-08 13:41:11,90888310,90888311
1386875,,5,2021-05-07 19:32:32,90888310,90888311
8260193,,5,2021-05-06 10:17:46,90888310,90888311
5333082,,5,2021-04-25 16:37:43,90888310,90888311
8362496,Sách bìa cứng. Đẹp.,4,2021-09-24 09:55:25,90888310,90888311
22093843,"Nội dung đơn giản, tranh minh họa không đẹp, giá quá đắt!",1,2021-07-13 11:21:20,90888310,90888311
9033302,"Khách hàng còn book care, nhắc giùm",1,2021-10-18 18:33:42,90888310,90888311
376922,"OK nhưng giá hơi cao, giảm giá thêm tý thì 5 sao",4,2021-06-14 16:38:23,90888310,90888311
21827952,,4,2022-03-03 21:39:42,90888310,90888311
5456662,,4,2021-11-03 09:05:08,90888310,90888311
19375354,,4,2021-10-10 21:04:51,90888310,90888311
6176295,,4,2021-08-11 07:31:27,90888310,90888311
545317,,4,2021-07-11 21:20:27,90888310,90888311
11933782,,4,2021-07-10 11:13:28,90888310,90888311
9097079,,4,2021-06-05 15:25:23,90888310,90888311
7710098,,4,2021-06-02 19:33:31,90888310,90888311
13525757,(*) Đánh giá không tính điểm Đóng gói ẩu nên bìa gáy sách bị sờn và nhăn. Nội dung sách thú vị với trẻ em.,3,2022-12-09 19:28:36,90888310,90888311
6920206,"Mình đọc nhiều truyện của David Williams rồi, quyển nào cũng hay. Truyện ""Ông nội vượt ngục"" kể về ông nội của cậu bé mang tên Jack. Ông nội Jack đã từng làm việc trong quân đội Anh. Nhưng khi hết chiến tranh ông nội Jack đã không còn được lái chiếc máy bay Spitfire mà ông yêu thích. Dần dần, ông nội của Jack đã bị lẫn mọi thứ với những điều xảy ra vào thời chiến. Những chuyến phiêu lưu kỳ lạ và mạo hiểm đã được thực hiện bởi hai ông cháu. Những chuyến phiêu lưu ấy là gì thi các bạn hãy đọc truyện để tìm hiểu nhá!!! Mình cho truyện này 9999999999 nghìn sao lun!⭐️⭐️⭐️⭐️⭐️⭐️⭐️⭐️⭐️⭐️",5,2022-03-21 12:23:18,101983078,101983079
18795305,Sách Đẹp,5,2022-02-08 09:23:07,101983078,101983079
628383,,5,2026-08-22 20:32:51,101983078,101983079
11252967,,5,2026-02-07 23:04:29,101983078,101983079
12441802,Doc hài thư giãn,5,2024-08-24 07:48:45,101983078,101983079
18950135,,5,2024-11-07 23:15:50,101983078,101983079
768140,sách in đẹp giao hàng nhanh chóng,5,2021-08-20 17:12:38,101983078,101983079
15901405,"sách nhận về bìa đẹp, ko bị quăn mép, có điều sách hơi bụi, phải dùng giẻ ẩm để lau",5,2021-08-13 10:14:07,101983078,101983079
17174823,Sách hay. Giao hàng nhanh. Đóng gói cẩn thận. Cảm ơn shop!,5,2022-04-05 10:23:34,101983078,101983079
5318412,"Sách giao nhanh, hàng đẹp, đóng gói cẩn thận nha, nội dung thì ko cần nói r, hay lém nhen, mik khuyên mn nên mua nè",5,2022-03-12 21:20:08,101983078,101983079
9745871,,5,2024-03-25 11:20:31,101983078,101983079
18857831,Sách đc bọc cẩn thận lắm nè nội dung thì khỏi phải bàn r. Tiki chưa bao giờ làm mình thất vọng,5,2022-04-11 23:22:31,101983078,101983079
13430694,Rất hay và nhân đức,5,2022-07-22 17:52:24,101983078,101983079
22965878,giao hàng nhanh,5,2022-06-22 15:35:40,101983078,101983079
6066078,"Đây là quyển bạn nhà mình cực thích, đọc đi đọc lại luôn",5,2022-09-03 10:22:33,101983078,101983079
362825,cuốn sách hay,5,2023-08-17 13:14:48,101983078,101983079
8883402,,5,2023-08-25 10:17:48,101983078,101983079
16780548,,5,2023-08-17 21:39:42,101983078,101983079
706747,,5,2023-08-11 16:54:58,101983078,101983079
28405899,,5,2023-07-13 12:27:32,101983078,101983079
6559213,,5,2023-06-07 09:34:12,101983078,101983079
23029412,sách hay và đẹp,5,2021-11-06 18:56:50,101983078,101983079
6659991,,5,2023-03-03 11:02:09,101983078,101983079
10923508,,5,2023-02-16 06:23:45,101983078,101983079
445395,,5,2023-02-08 21:45:00,101983078,101983079
26835881,,5,2023-01-10 10:37:15,101983078,101983079
17237292,"Sách hay vui, nên đọc",5,2022-07-15 06:18:04,101983078,101983079
28159560,,5,2022-10-27 21:38:02,101983078,101983079
11034627,Bạn 10 tuổi rất thích sách của tác giả David Williams,5,2021-10-04 14:47:01,101983078,101983079
91850,,5,2022-10-03 22:30:06,101983078,101983079
5706455,,5,2022-10-02 17:04:04,101983078,101983079
480468,,5,2022-10-02 11:28:41,101983078,101983079
1951853,"Truyện đóng gói cẩn thận, truyện hay",5,2021-12-22 22:02:34,101983078,101983079
7107873,,5,2022-09-22 15:16:50,101983078,101983079
2224408,,5,2022-08-31 16:33:27,101983078,101983079
5482846,,5,2022-08-22 12:05:06,101983078,101983079
851119,,5,2022-08-13 20:00:35,101983078,101983079
22549778,,5,2022-07-23 10:04:29,101983078,101983079
1868160,Hay,5,2022-06-07 15:50:02,101983078,101983079
1105689,,5,2022-06-12 09:07:48,101983078,101983079
8870521,"sách đẹp, gửi nhanh",5,2022-01-01 16:52:36,101983078,101983079
181720,,5,2022-05-22 19:51:35,101983078,101983079
16464549,Sách hay quá,5,2022-03-01 15:06:26,101983078,101983079
16054113,,5,2022-05-16 18:57:23,101983078,101983079
8180484,,5,2022-05-06 00:06:58,101983078,101983079
16131575,hay,5,2022-04-03 15:28:19,101983078,101983079
17246740,,5,2022-04-16 16:18:18,101983078,101983079
7170385,Hay,5,2022-03-21 21:59:17,101983078,101983079
14690601,Sách hay,5,2022-02-09 14:06:47,101983078,101983079
27051324,,5,2022-03-14 17:44:12,101983078,101983079
17540488,,5,2022-02-23 08:51:09,101983078,101983079
21766350,đẹp,5,2022-01-10 09:52:49,101983078,101983079
17703445,Mới đẹp,5,2021-11-28 09:45:00,101983078,101983079
1378216,,5,2022-01-27 05:39:47,101983078,101983079
11029973,,5,2022-01-24 12:14:21,101983078,101983079
5426316,,5,2022-01-24 09:38:55,101983078,101983079
53019,,5,2022-01-18 20:19:57,101983078,101983079
471616,,5,2022-01-18 07:44:32,101983078,101983079
17055463,,5,2022-01-12 21:47:02,101983078,101983079
6619811,,5,2022-01-07 09:36:22,101983078,101983079
512987,,5,2022-01-06 19:50:48,101983078,101983079
8784873,,5,2022-01-01 16:53:17,101983078,101983079
14108694,,5,2021-12-30 09:12:06,101983078,101983079
18765745,,5,2021-12-27 20:21:40,101983078,101983079
17465534,,5,2021-12-27 13:25:55,101983078,101983079
20714147,,5,2021-12-23 22:25:12,101983078,101983079
749400,,5,2021-12-18 15:22:02,101983078,101983079
5153510,,5,2021-12-17 20:26:17,101983078,101983079
49986,,5,2021-12-11 14:01:02,101983078,101983079
20259884,,5,2021-11-25 15:01:57,101983078,101983079
6010016,,5,2021-11-21 11:56:59,101983078,101983079
398919,,5,2021-11-15 15:17:55,101983078,101983079
113050,,5,2021-11-05 19:09:06,101983078,101983079
920496,,5,2021-10-10 10:33:10,101983078,101983079
22649873,Hay,5,2021-09-11 23:46:47,101983078,101983079
7782188,,5,2021-09-27 13:58:04,101983078,101983079
14623771,,5,2021-09-22 15:38:19,101983078,101983079
206204,,5,2021-09-09 13:23:14,101983078,101983079
1284863,,5,2021-08-26 23:59:06,101983078,101983079
11750271,,5,2021-08-18 20:23:46,101983078,101983079
765139,,5,2021-08-12 15:53:58,101983078,101983079
724595,"Sách không được bọc, khi đặt hàng có treo logo tikinow nhưng bị chuyển thành tikifast, delay giao hàng 2 lần không rõ lý do. nhận hàng sau 10 ngày đặt",2,2021-12-29 10:19:35,101983078,101983079
22668853,"Sách ko đc bọc, sơ sài Bé nhà mình rất thích sách của tác giả này",3,2021-12-20 11:59:30,101983078,101983079
12498902,"Mik mới đọc , truyện rất hay và hài . Mong các bạn sẽ mua, chuyện khá hay.",4,2021-10-13 20:00:08,101983078,101983079
5455588,,4,2023-04-16 22:00:16,101983078,101983079
12471620,,4,2023-01-29 14:00:36,101983078,101983079
26056621,Giao hàng thiếu . Chưa nhận được .,1,2021-12-25 15:05:10,101983078,101983079
21644331,sách vui nhộn,4,2022-02-22 20:27:02,101983078,101983079
23525101,,4,2022-02-17 21:27:14,101983078,101983079
29065259,,5,2026-06-07 18:35:18,77774771,77774772
12074738,,5,2024-10-08 09:24:14,77774771,77774772
12853170,Vui,5,2023-11-10 03:00:26,77774771,77774772
7941569,,5,2023-11-08 07:14:21,77774771,77774772
13725891,,5,2023-09-30 22:26:06,77774771,77774772
20671176,,5,2022-07-01 11:35:03,77774771,77774772
13974083,khá hay ạ,5,2021-10-22 20:21:13,77774771,77774772
11082093,,5,2021-12-21 17:52:41,77774771,77774772
1340296,,5,2021-11-27 09:00:20,77774771,77774772
6088204,,5,2021-09-24 11:43:30,77774771,77774772
6650065,okkkk,5,2021-08-05 10:16:14,77774771,77774772
12053435,,5,,77774771,77774772
22056183,,5,,77774771,77774772
12074738,,5,2024-05-10 21:36:23,354090,47434
26603532,,5,2023-06-07 08:32:03,354090,47434
28928657,,5,2023-05-17 20:01:52,354090,47434
18201459,,5,2023-02-23 11:15:34,354090,47434
28498912,,5,2022-12-11 18:41:52,354090,47434
12229523,"Sách mỏng, nhiều chuyện cười thú vị",5,2021-11-21 17:12:06,354090,47434
27587279,,5,2022-08-13 17:46:19,354090,47434
20671176,,5,2022-07-01 11:35:08,354090,47434
631195,"Quyển sách này có rất nhiều câu chuyện hài hước, đúng như tên của quyển sách. Nếu đọc 1 lần mà chưa hiểu cười ở chỗ nào, thì bạn hãy đọc lại lần nữa nha.",5,2019-01-25 17:01:37,354090,47434
11852951,,5,2022-04-07 23:34:17,354090,47434
13798614,,5,2022-03-11 17:29:47,354090,47434
5288546,,5,2022-01-03 13:47:42,354090,47434
355562,"Quyển sách là những truyện cười ngắn, ý nghĩa, cười nhưng không phải là cười rồi cho qua, nhạt nhẽo, vô bổ mà ẩn chứa nhiều kiến thức y khoa, kinh nghiệm dân gian trong đó. Có những kiến thức tưởng chừng đơn giản nhưng không phải ai cũng biết. Bạn có thể chọn quyển sách này để vừa giải trí, cười sảng khoái vừa có thể học thêm được nhiều điều từ vị bác sĩ được nhiều bạn đọc biết đến này. Quyển sách cũng có thể được dùng làm quà cho những ai thích sưu tầm truyện cười.",5,2016-04-25 09:00:08,354090,47434
664378,,5,2021-11-26 15:30:15,354090,47434
14592542,,5,2021-07-13 10:30:26,354090,47434
5277814,Cười nghiêng ngả và xả stress rất nhiều. Mỗi tối khi stress quá. Chẳng thể tiếp thu bất kỳ cái gì thì quyển này đã cứu rỗi tinh thần mình :))),5,2018-07-18 14:59:09,354090,47434
6128559,,5,,354090,47434
1838958,,5,2021-04-29 20:58:10,354090,47434
932282,,5,2021-02-19 20:54:18,354090,47434
794384,,5,2021-02-10 20:43:01,354090,47434
663152,"Mình đã đọc ""có một con mọt sách"", ""sức khoẻ gia đình"" và rất yêu thích lối kể chuyện hóm hỉnh của bác sĩ Đỗ Hồng Ngọc nên đã chọn quyển sách này về tủ sách nhà mình. Và đúng là ""ngàn thang thuốc bổ"" thật, đọc mà mình cười suốt. Nhưng theo mình nghĩ, bác sĩ ko cần sưu tầm gì nhiều, mà chỉ cần kể lại những câu chuyện của bác sĩ thôi là đã đủ mấy tập sách ấy chứ. Mình không dám đọc nhiều, mỗi lần đọc một ít, để dành đọc từ từ để được dài dài... Sẽ cố gắng sưu tầm đủ các tập sách của bác sĩ vì mình đã hâm mộ bác từ hồi còn đọc Nhi Đồng cơ.",5,2015-07-02 18:16:51,354090,47434
451822,,5,2021-01-25 09:33:55,354090,47434
17136802,,5,2021-01-17 12:13:46,354090,47434
1647668,,5,2020-12-25 11:45:38,354090,47434
5174359,Cuốn sách là tập hợp của các câu chuyện hài hước :),5,2019-08-13 13:42:34,354090,47434
12881497,,5,2020-08-26 21:06:50,354090,47434
1760729,"Đóng gói không cẩn thận. Kiện hàng bị rách. Sách sale nên cũ, không có steal và bookmark. Máy ảnh mình chụp ảo nên không thể hiện được các vấn đề trên.",3,2023-01-08 16:51:27,354090,47434
75423,Mỗi câu chuyện in cách ra khoảng trống khá lớn để làm dày sách,3,2021-03-16 21:18:18,354090,47434
11445400,Không hay như mình nghĩ..,3,2021-03-21 18:11:05,354090,47434
110193,"Mình mua chủ yếu để tạo niềm vui cho phụ huynh ở nhà, tuy nhiên khi mượn đọc mình cũng đã bị cuốn hút bởi các mẫu truyện dí dỏm & cười 1 cách tinh tế của tác giả.Hy vọng sách sẽ kéo khoảng cách giữa các thành viên trong gia đình lại gần nhau khi được mua về làm quà. Mỗi ngày mình đều share 1 mẫu truyện lên *** đều được bạn bè và người thân đánh giá là thú vị cũng như giảm stress sau những giờ làm việc căng thẳng. Xin cám ơn bác sĩ Đỗ Hồng Ngọc đã cất công viết và sưu tầm.",4,2015-09-12 14:01:01,354090,47434
18004978,,4,2021-03-23 10:08:01,354090,47434
493584,"Đúng như nhũng gì ông bà xưa đã nói:"" Một nụ cười bằng mười thang thuốc bổ"". Trong cuộc sông đầy bộn bề và ganh đua như ngày nay, thì đôi khi nụ cười không cồn thấy nhiều nữa, thậm chí nếu có chỉ là nụ cừoi hời hợt mà chúng ta không cảm nhận được tầm quan trọng của nó. Câu chuyện mang lại những phút giay thư giãn cho người đọc, những câu chuyện có thực trong đời sống được Bác sĩ lưu giữ lại như những thang thuốc bổ, để khi cần niềm vui thì chúng ta lại tìm vài ""thang' thuốc trong đó....",4,2015-07-31 11:35:00,354090,47434
277587,"Tôi rất thích đọc những quyển sách của bác sĩ Đỗ Hồng Ngọc bởi lời văn ông rất sáng ***, dễ hiểu và đôi khí có những câu châm biếm rất vui. Quyển sách này tập hợp những chuyện vui có lẽ phần lớn do ông chứng kiến trong cuộc đời bác sĩ của mình và gom lại thành một quyển truyện cười để chia sẻ với người đọc. Những nụ cười tế nhị, nhẹ nhàng sau mỗi mẫu chuyện trong sách đã nhiều lúc giúp tôi giải tỏa những căng thẳng trong cuộc sống thường ngày. Và dù đọc xong, thỉnh thoảng lật ra đọc lại vẫn thấy vui và thú vị.",4,2015-07-07 08:03:46,354090,47434
7089842,truyện cũng vui nhưng mình thấy bt,4,2020-05-12 18:05:04,354090,47434
9875825,Sách in đẹp,4,2020-09-10 15:16:50,354090,47434
17332931,,4,2020-07-21 13:27:00,354090,47434
705638,"sách như hình, chất lượng sách cũng tốt, nói chung là với mức giá này tôi thấy hài lòng.",4,2018-06-12 22:45:46,354090,47434
1634094,"Đã đóc xong quyển sách, tổng hợp nhiều câu chuyện hài nhỏ nhỏ. Khá vui, mình sẽ cho mấy sấp nhỏ đọc.",4,2017-12-05 05:38:35,354090,47434
981415,"Sinh động, hài hước, hấp dẫn, từng trang truyện sê ri ""Nhật kỳ chú bé nhút nhát"" đã dẫn dắt người đọc đi từ bất ngờ này tới bất ngờ khác qua mỗi ngày cậu bé Greg lớn lên. Bạn đọc chắc sẽ phải cười phá lên khi chứng kiến những rắc rối liên tiếp xảy đến với cậu. Đó là những trò đùa tinh quái nhưng hết sức thông minh của Greg. Trẻ con, mơ mộng, bướng bỉnh, Greg đã đi vào câu chuyện với tư cách là một trong những nguyên mẫu trẻ thơ đáng yêu nhất, ấn tượng nhất. Cậu đã chiếm được tình cảm của mình !",5,2015-12-03 10:08:08,343300,34095
1415196,"Mình mới nhận được quyển ""Nhật kí chú bé nhút nhát : mùa hè tuyệt vời"", mình rất thích những quyển nhật kí do Jeff Kidney. Tiki.vn đã giao cho mình quyển sách và mình rất thích tiki. Mình đã mua 2 quyển nhật kí chú bé nhút nhát do tiki giao hàng. Hai quyển sách được tiki gói trong hộp rất cẩn thận nên mình thật sự rất hài lòng về tiki.vn. Bên trong quyển sách thì mình không tiết lộ nhiều nhưng nói chung là sách nói về mùa hè của Greg Heffley- chú bé nhút nhát. Câu chuyện rất hài hước và mình thực sự thích tiki.vn.",5,2016-06-27 19:20:32,343300,34095
1079381,"Mình mua cuốn sách này nhân dịp tặng sinh nhật nhỏ bạn nhưng cũng kịp đọc ké một tẹo! Chú bé nhân vật chính dường như rất sinh động, rất đời thường và hiện lên vô cùng gần gũi với các bạn trẻ chúng ta! Gây cười nhưng cũng để lại nhiều tình cảm đẹp về bạn bè, về gia đình lắm đấy chứ! Đọc cuốn sách để bạn cười một tràng cười sảng khoái và lấy lại phong độ cho một ngày làm việc mới đầy nhiệt huyết thôi nào! Nhất định sẽ tìm mua các tập tiếp theo của Chú bé Nhút Nhát",5,2016-06-05 19:04:36,343300,34095
1074842,"Mình nói về nội dung của nó phù hợp với những đứa trẻ. Với những câu chuyện nhỏ hài hước, tạo ra góc nhìn khác dưới con mắt của một cậu bé, dễ dàng tạo ra những tiếng cười. NHững bài học qua những câu chuyện nhỏ để biết ý nghĩa của gia đình, của bạn bè, của những thứ xung quanh tác động đến bản thân cũng như bản thân đã tác động lên chúng. Đọc quyển sách này như thấy lại một thời tuổi thơ khá nổi loạn của bản thân vậy. Sách có những hình minh họa rất dí dỏm, hài hước. Bố cục sách rất hợp lý.",5,2016-04-23 19:39:54,343300,34095
520065,"Mỗi khi đọc Nhật kí (chính xác hơn với lời tác giả thì nó là Hồi kí) là cảm xúc lẫn lộn. Vui có buồn có giận có... Y như trở về với tuổi thơ vậy đó. Điểm cộng của sản phẩm : - Thiết kế bìa đẹp - Giấy xốp nhẹ, thơm :)) - Front chữ dễ đọc ( đương nhiên mình rất thích front chữ này vì dễ thương nữa chứ hehe) - Nội dung hài hước, phù hợp với ng lớn lẫn con nít - Nét vẽ vô cùng đáng yêu luôn!! nhờ những nét vẽ này mà đọc sách k cảm thấy nhàm chán xíu nào ... Còn về điểm trừ có lẽ mình chưa tìm ra haha. Nói tóm lại cảm thấy k tiếc nuối khi mua trọn bộ câu chuyện về nhóc Greg này :)",5,2016-04-10 11:59:01,343300,34095
1174527,"""Nhật Ký Chú Bé Nhút Nhát - Mùa Hè Tuyệt Vời"" là một tập rất hay Quyển truyện gồm những tình tiết vô cùng hấp dẫn, thú vị với những câu chuyện hết sức đời thường mà sinh động được chú bé Greg kể lại qua từng trang nhật kí. Cuốn sách này không chỉ hay về nội dung mà còn đẹp về hình thức. Mình rất thích cuốn sách này và rất hài lòng về nó, mình đọc không thể rời mắt khỏi trang giấy, quả là sự lựa chọn đúng đắn khi mua sách. Đây thực sự là cuốn sách tuyệt vời, bổ ích, không thể bỏ qua, đáng để đọc và mua.",5,2016-03-23 20:03:47,343300,34095
1142307,"Mình vừa đọc xong cuốn sách này hôm qua, có ý kiến riêng về cuốn sách như thế này: hình vẽ minh họa kèm giọng văn của tác giả rất sinh động và hài hước. Cuốn sách này có nói về mùa hè của cậu bé Gregory – một cậu bé mà nghĩ 3 tháng hè chỉ là 3 tháng ăn chơi vô vị. Mình biết đến series này khi xem phim về mùa hè của cậu bé này ( chính là tập này ). Mình mua thử bản giấy xem, nội dung vẫn như phim vậy, nhưng khi cầm bản giấy thì thấy thích hơn. Cảm ơn tiki!",5,2016-03-10 19:07:02,343300,34095
833612,"Tác phẩm này dành cho trẻ con hơn là người lớn đọc nhưng tôi vẫn khuyên các bạn lớn tuổi vẫn nên mua để đọc. Câu chuyện về chú bé greg tinh inghịch, đáng yêu, và các câu chuyện về gia đình, trường học, rất hài hưoc và dễ thuong. Seri nhật kí chú bé nhút nhát có 7 quyển nếu tôi nhớ không lầm. Bạn nên có cả trọn bộ vì nếu đọc một quyển thì chắc chắn bạn sẽ ghiền luôn như tôi vậy. Tôi cũng đã đặt mua trọn bộ ở tiki sau khi đọc một cuốn thôi đấy!!",5,2016-02-14 18:42:04,343300,34095
938958,"Mình vừa nhận được chú bé nhút nhất của Tiki. Sách phẳng phiu và sạch sẽ, chất liệu giấy rất tốt. Sinh động, hài hước, hấp dẫn, series Nhật kí chú bé nhút nhát đưa người đọc đến nhiều bất ngờ thú vị qua mỗi ngày Greg lớn lên. Tất cả là một mành ghếp hoàn hảo, không có bất kì một trang sách thừa nào. Trang nào cũng có hình minh hoạ hài hước và độc đáo vẽ tay bằng mực đen, hệt như một cuốn nhật kí thực thụ của Heffley - một trong những nguyên mẫu trẻ thơ đáng yêu nhất, ấn tượng nhất. Seri truyện thiếu nhi được cả thế giới đón đợi.",5,2016-01-06 18:28:19,343300,34095
263951,"mình đã coi 3 bộ phim về cậu bé Greg, trong phim cái cậu ấy cứ ngô ngố kiểu gì ấy, mà còn hay chứng tỏ mình là người lớn, chính điểm đó mang lại cho bộ phim một màu sắc rất ư là trẻ thơ nhưng rất ư là buồn cười cơ, đọc truyện thì hấp dẫn hơn nhìu nhìu vì khi đọc truyện mình có thể cảm nhận đc nhân vật Greg sâu hơn, giọng vân hóm hĩnh như con nít viết ấy, nhưng không kèm phần tinh tế, rất thích rất thích luôn, còn về phần giao hàng mình hông nghĩ là mình lại đc tặng kèm khi mua quyển sách này đâu, thế mà lại dc tặng kèm các bác ạ, sẽ ủng hộ tiki dài dài ... hình như mua hàng trên tiki bị ghiền ý, nhất là sách ấy",5,,343300,34095
340213,"Bị hấp dẫn ngay từ trang bìa, màu sắc bắt mắt quá đi mất. Nội dung truyện thì vô cùng hài hước. Một mùa hè đến với Greg cùng với bao rắc rối khiến người đọc không thể không bật cười. Những tình huống truyện vô cùng đáng yêu, gây thích thú đặc biệt với mình. Những triết lý của cậu nhóc trong truyện thực sự là một liều thuốc bổ ích cho những ngày căng thẳng của mỗi người. Đọc để tạm dẹp đi cái cuộc sống ồn ào phức tạp, để cảm thấy trẻ hơn, được sống lại với tuổi thơ của mỗi người.",5,2015-09-13 15:53:55,343300,34095
282791,"Cảm nhận đầu tiên của tôi khi đọc cuốn sách đó là sự hài hước, đáng yêu của Greg Heffley. Có lẽ điều đó chính là liều thuốc vui vẻ cho bất cứ độc giả nào của seri ""Nhật ký chú bé nhút nhát"". Câu chuyện là tập hợp những điều nho nhỏ, thú vị xảy ra trong cuộc sống hàng ngày của Greg. Greg ngây thơ, hồn nhiên, đôi khi lại bướng bỉnh, mộng mơ, nhiều lúc có những suy nghĩ giống hệt một ông cụ non. Chắc bạn sẽ không thể nhịn cười khi biết bố con nhà Heffley chờ đón seri truyện ""Li'l Cutie"" với lý do duy nhất là đọc để biết nó sẽ tệ như thế nào, hay Greg nghĩ bố đang ghen tị vì phải đi làm trong khi cậu được tận hưởng mùa hè, hay Manny bé bỏng được thưởng 25 cent cho mỗi lần tự đi vệ sinh vào bô,... Nhưng thi thoảng bạn sẽ bất ngờ với những triết lý như: "" Tôi muốn chắc chắn rằng tôi sẽ nhận được những thứ xứng đáng với số tiền mình đã bỏ ra.""... Greg đã có một mùa hè, tuy khác so với dự tính ""chơi điện tử với rèm cửa đóng kín"" nhưng sinh động, ý nghĩa và đáng nhớ.",5,2015-08-17 19:58:15,343300,34095
472173,"Lại một lần nữa Jeff Kinney đã cho chúng ta thấy được một bức tranh sinh động về một mùa hè của Greg, tuy nó rất hay, rất vui nhộn nhưng cũng đã dạy cho mình được những bài học rất là bổ ích. Đặc biệt hơn nữa, nó cũng đã giúp ta hiểu được một mùa hè bổ ích là như thế nào. Cái mà mình thích nhất ở tác phẩm này chính là việc thể hiện câu chuyện này một cách rất là độc đáo cùng với đó là việc kết hợp các bức tranh vẽ rất đẹp , hơn nữa bìa của cuốn sách này cũng đã thể hiện được nội dung, gây nên sự tò mò đối với người đọc ,tất cả những điều đó đã tạo nên một cuốn sách rất tuyệt vời.",5,2015-07-14 21:42:47,343300,34095
6042135,,5,2020-07-28 11:08:27,343300,34095
145374,"Sẽ không người lớn nào có thể hiểu rõ hết những cậu bé cô bé ở tuổi này nếu như không đọc những quyển sách như thế này. Nghịch ngợm,tươi mới, đôi khi có 1 xíu mưu mẹo đáng yêu ... Q uyển sách còn đem đến cuộc sống của 1 gia đình kiểu mẫu mà bạn có thể bắt gặp ở bất kì đâu, đem đến cho chúng ta sự gần gũi, ấm áp. Lật mở từng trang, tôi quên hết bộn bề của cuộc sống này và chìm ngập về cái quá khứ ngọt ngào mà thời gian không bao h hoàn trả lại!",5,,343300,34095
6571580,"Sách rất sạch , Bóng và đẹp. Đúng y như sách được giới thiệu.",5,2018-03-31 10:19:23,343300,34095
103815,"Hãy cùng cảm nhận một mùa hè thật vui nhộn và hài hước qua lời kể đầy thú vị của cậu bé Gregory Heffley. Những câu chuyện về mùa hè của cậu được kể liên tiếp, nối với nhau tạo nên những trang cười thú vị. Với lời kể của một chú bé đang lớn, giọng văn đầy hồn nhiên và ngộ nghĩnh, những suy nghĩ rất trẻ con được lộ ra hết như "" ...Nhưng tôi cũng sợ dưa hấu. Rodrick luôn nói với tôi rằng nếu ăn cả hạt thì một quả dưa hấu sẽ lớn lên trong bụng..."" Quyển sách đúng là một tràng cười đầy sảng khoái cho những ai thích sự hài hước. Đúng là một quyển sách đáng để đọc và dành cho mọi lứa tuổi.",5,,343300,34095
429216,mình thấy giấy sách màu trắng dã. Màu sách này đọc lâu sẽ nhanh mỏi mắt. Không biết các bạn khác nhận sách có giống v ko.,2,2018-04-13 20:44:52,343300,34095
