CustomerID,content,star,time_review,BookID,spid
7101514,"Mình ko chủ đích mua cuốn này lúc nhận về mình thấy khá ưng vì độ dày và đc bạch ngoài khá chỉn chu. Mình kiếm chỗ cho nó để dành đấy hôm nào rảnh hơn đọc sau. Được mấy hôm sau mình lôi ra đc thì đúng nhiều cái woa luôn, những chương đầu cho tới thời sinh viên cho mình nhiều cái nhìn tônhr quát về tgia, đi cùng bối cảnh của những thập niên ông sống. Những khái niệm ko mới nhưng đc hiểu trong bối cảnh và qua suy nghĩ của ông. Mình đọc khá chậm và suy ngẫm nhiều thành ra mới đọc đc gần 1 nửa cỡ hơn 200tr; Nhưng càng về sau mình cảm thấy nên bỏ dở 1 tgian để quay lại dù đã cố gắng đọc tiếp vài chập nhưng có vẻ ko tốt. Mình nghĩ nên để thời điểm thích hợp quay lại đọc tiếp, lúc cảm thân thấy nên quay lại, …. Ko hẳn là bỏ dở hmm",5,2026-01-15 15:41:52,278423155,278423156
181736,"Sách mới, bọc nilon cẩn thận, nội dung rất hay mà sâu sắc, cần suy ngẫm lâu.",5,2026-03-26 08:09:37,278423155,278423156
19392794,"Một cuốn sách rất hay của Carl Jung. Nó làm tôi muốn tìm thêm các tác phẩm khác của ông để đọc, để hiểu tiến trình tư duy, nhận thức của ông",5,2026-06-02 18:37:33,278423155,278423156
23152226,"Sách còn nguyên trong bao kính đóng gói tốt, cuốn này mình biết lâu rồi nay giảm giá nên chốt đơn luôn",5,2025-11-05 09:22:33,278423155,278423156
1290988,"Shop đóng gói cẩn thận và giao nhanh. Bìa đẹp ghê nha. Giá tốt, sách chính hãng. Sẽ tiếp tục ủng hộ shop ah.",5,2025-08-22 07:48:27,278423155,278423156
16875162,Cuốn sách đáng để đọc và suy ngẫm. Có lẽ sẽ còn phải đọc lại nhiều lần nữa khi dần có tuổi hơn mới ngẫm được hết,5,2026-04-23 18:04:18,278423155,278423156
526941,Sách giao nhanh và đóng gói cẩn thận.,5,2025-11-03 17:49:36,278423155,278423156
12005019,Hay,5,2026-06-06 00:10:05,278423155,278423156
30636550,"hàng giao nguyên vẹn, nhanh chóng; chất lượng sách như kỳ vọng",5,,278423155,278423156
534631,"Sách giao nhanh, đẹp, nội dung hấp dẫn.",5,2025-08-10 19:12:17,278423155,278423156
30273476,,5,2026-02-21 16:36:21,278423155,278423156
25983813,Sách hay,5,2025-09-04 21:48:22,278423155,278423156
1741872,"Sách bọc book care rất đẹp, cám ơn Tiki :)",5,2025-12-13 16:27:39,278423155,278423156
7992387,,5,2026-09-30 18:28:21,278423155,278423156
29825375,,5,2026-09-28 14:17:26,278423155,278423156
13494521,,5,2026-09-21 15:50:24,278423155,278423156
2238735,,5,2026-09-20 18:38:55,278423155,278423156
28476112,,5,2026-09-11 11:01:39,278423155,278423156
9972356,,5,2026-08-13 14:11:41,278423155,278423156
18299083,,5,2026-07-24 20:59:08,278423155,278423156
17804113,"Sách mới, chất lượng, đáng đọc",5,2025-11-07 22:59:11,278423155,278423156
23509381,,5,2026-07-11 10:20:54,278423155,278423156
30702244,,5,2026-07-08 21:50:54,278423155,278423156
9787843,,5,2026-06-22 14:25:46,278423155,278423156
6915092,Sách thiết kế bìa đẹp.,5,2025-11-18 05:18:24,278423155,278423156
6782419,,5,2026-05-09 13:38:22,278423155,278423156
1627932,,5,2026-04-24 22:05:50,278423155,278423156
20662301,,5,2026-04-12 07:04:21,278423155,278423156
30560044,,5,2026-04-05 15:07:21,278423155,278423156
8193123,,5,2026-04-05 11:22:42,278423155,278423156
30514497,,5,2026-04-03 12:47:40,278423155,278423156
5517045,,5,2026-03-31 15:22:01,278423155,278423156
14638609,,5,2026-03-30 10:03:58,278423155,278423156
7117824,,5,2026-03-29 12:11:22,278423155,278423156
1939069,,5,2026-03-28 15:49:01,278423155,278423156
20266955,,5,2026-03-25 18:38:45,278423155,278423156
30337437,Chuẩn ạ,5,2026-01-15 10:22:23,278423155,278423156
17807671,,5,2026-03-14 23:32:38,278423155,278423156
21863313,,5,2026-03-12 10:16:54,278423155,278423156
8185721,,5,2026-03-11 16:11:29,278423155,278423156
7016707,,5,2026-03-09 17:34:10,278423155,278423156
12185318,,5,2026-03-04 09:18:50,278423155,278423156
29650019,,5,2026-03-02 09:02:57,278423155,278423156
20461023,,5,2026-02-28 08:35:13,278423155,278423156
24679089,,5,2026-02-22 13:42:58,278423155,278423156
24254467,,5,2026-02-09 09:16:26,278423155,278423156
7080464,,5,2026-02-03 09:24:59,278423155,278423156
13822784,,5,2026-01-20 05:30:05,278423155,278423156
5680093,,5,2026-01-19 19:12:00,278423155,278423156
11483173,,5,2026-01-18 20:28:13,278423155,278423156
2175828,,5,2026-01-17 20:39:39,278423155,278423156
1067657,,5,2026-01-17 18:20:11,278423155,278423156
14881423,,5,2026-01-16 12:02:05,278423155,278423156
24551882,,5,2026-01-10 00:49:56,278423155,278423156
30125050,Sách hay,5,2025-11-15 18:39:11,278423155,278423156
13169484,,5,2026-01-03 11:10:49,278423155,278423156
6478069,,5,2025-12-29 18:27:07,278423155,278423156
1535732,,5,2025-12-26 18:36:52,278423155,278423156
8718086,,5,2025-12-22 14:54:13,278423155,278423156
29960649,,5,2025-12-15 15:20:22,278423155,278423156
21726795,,5,2025-12-14 17:54:10,278423155,278423156
6855729,,5,2025-12-12 06:21:44,278423155,278423156
27758813,,5,2025-12-06 14:29:34,278423155,278423156
8020236,,5,2025-12-04 12:30:26,278423155,278423156
29990552,sách đẹp,5,2025-09-23 14:17:54,278423155,278423156
5975952,,5,2025-11-29 12:21:15,278423155,278423156
28529566,,5,2025-11-29 02:20:13,278423155,278423156
790058,,5,2025-11-28 18:54:21,278423155,278423156
9920200,,5,2025-11-20 20:53:35,278423155,278423156
10212421,,5,2025-11-20 15:42:30,278423155,278423156
10856203,,5,2025-11-20 12:47:28,278423155,278423156
12644349,,5,2025-11-16 04:57:58,278423155,278423156
905309,,5,2025-11-12 22:03:24,278423155,278423156
4178130,,5,2025-11-10 06:32:11,278423155,278423156
12977402,,5,2025-11-04 17:21:02,278423155,278423156
1756369,,5,2025-10-27 08:03:40,278423155,278423156
13077404,,5,2025-10-24 15:10:44,278423155,278423156
21458855,Tìm hiểu.,5,2025-08-11 09:37:25,278423155,278423156
8045571,,5,2025-10-06 14:35:47,278423155,278423156
16824025,,5,2025-10-04 21:56:53,278423155,278423156
10966746,,5,2025-10-03 11:42:41,278423155,278423156
18221613,,5,2025-10-01 09:47:38,278423155,278423156
17570755,,5,2025-09-25 13:05:24,278423155,278423156
23271738,,5,2025-09-22 12:55:55,278423155,278423156
1868160,,5,2025-09-12 16:20:06,278423155,278423156
35158,,5,2025-09-12 13:43:18,278423155,278423156
10040980,,5,2025-09-08 11:47:46,278423155,278423156
7809546,,5,2025-09-03 11:19:30,278423155,278423156
18385880,,5,2025-08-29 16:08:25,278423155,278423156
16103808,,5,2025-08-21 16:25:30,278423155,278423156
16851334,,5,2025-08-17 10:37:56,278423155,278423156
485673,,5,2025-08-16 13:57:48,278423155,278423156
15188098,,5,2025-08-10 11:02:02,278423155,278423156
14142627,,5,2025-08-08 14:59:28,278423155,278423156
6015558,Có lẽ mình chưa đủ kiến thức để hiểu,3,2026-02-07 11:33:33,278423155,278423156
8438301,"Sách sai chính tả, ko biết phải sách lậu ko.",4,2026-01-16 17:26:28,278423155,278423156
17655680,tốt như hình có bookcare,4,2025-11-02 19:19:41,278423155,278423156
21581588,,4,2026-01-14 13:47:27,278423155,278423156
28743516,,4,2025-12-04 23:42:36,278423155,278423156
21609418,Ok,4,2025-11-06 16:25:39,278423155,278423156
297818,,4,2025-11-12 06:28:03,278423155,278423156
19269568,"Sách mới, đóng gói cũng đẹp nha ae, bản của mình cũng ko có chữ ký giống mọi người",5,2022-02-10 10:00:56,2249281,2217411
621107,"Tác phẩm là cuốn tự truyện về cuộc đời Lê Công Vinh và được chấp bút bởi nhà báo Trần Minh. Tác phẩm kể về thời thơ ấu, rồi ăn tập ở lò Sông Lam Nghệ An cho đến thời kỳ trở thành cầu thủ ghi nhiều bàn thắng nhất cho ĐTQG Việt Nam của Lê Công Vinh. Cuốn tự truyện này có nhiều điểm đặc biệt. Thứ nhất, nó là cuốn tự truyện đầu tiên nổi tiếng của một VĐV chuyên nghiệp ở Việt Nam, đều vẫn còn lạ lẫm với thị trường trong nước. Thứ hai, dù những con số cho thấy Công Vinh xứng đáng được nhắc đến với hai chữ huyền thoại, cuộc đời anh vốn được gắn với những tranh cãi, scandal do truyền thông thổi phồng. Thậm chí người ta đến nay vẫn cho rằng anh ăn may. Thứ ba, tự truyện có nhắc đến rất rất nhiều góc tối, góc khuất của thể thao nước nhà. Người đọc thậm chí có thể thấy truyện không hề đáng tin khi việc cầu thủ trộm cắp, bài bạc, đi bar, rượu chè, gái gú, dùng chất kích thích như cơm bữa. Đây cũng là lí do khi truyện ra mắt đã gây ra sự tranh cãi lớn khi nhiều cựu cầu thủ, HLV đã chỉ trích Công Vinh ăn không nói có, hoặc đem chuyện cá nhân đi bán. Sự thật như thế nào chỉ những người trong cuộc mới biết rõ. Mình cũng không tin những câu chuyện trong tác phẩm này 100%, tuy rằng phần đa những mẩu chuyện được kể là rất hợp lý so với những gì diễn ra trong thực tế. Tạm bỏ qua những tranh cãi xung quanh cuộc đời cầu thủ Công Vinh, cần phải có lời khen ngợi đến người chấp bút, nhà báo Trần Minh, đã biến những câu chuyện có phần bình thường trở lên hấp dẫn và lôi cuốn. Ngoài ra, chuyện tình yêu Công Vinh - Thuỷ Tiên cũng rất đẹp và càng ngày càng chứng tỏ họ không đến với nhau chỉ để đánh bóng tên tuổi. Qua cuốn tự truyện này, mình mới thấy Công Vinh yêu Thuỷ Tiên đến mức nào, và cũng thấy Thuỷ Tiên trưởng thành đến mức nào. Trích dẫn hay: ""Nàng kể cho tôi nghe về cuộc đời này vốn dĩ vô thường, về triết lý của những cơn sóng, khi sóng lên cao thì đừng có vội mừng vì cao rồi sẽ rơi xuống thấp, còn con sống nếu đang ở điểm thấp nhất thì cũng đừng vội buồn, vì xuống thấp nhất rồi thì lại lên cao."" Đánh giá cá nhân: 4/5",5,2021-08-21 19:13:32,2249281,2217411
17183798,"Nội dung rất thẳng thắn, dễ đọc, dễ đồng cảm. CV9 rất dũng cảm để nói lên những điều không mấy ai dám nói. Sách có động chạm đến nhiều cá nhân nên để bảo vệ bản thân thì bằng cách này hay cách khác, trực tiếp hoặc giám tiếp họ sẽ có sự phản biện, công kích tác phẩm. Gọn lại thì đây là một quyển sách rất tốt để mở rộng thế giới quan, tăng tư duy phảm biện.",5,2020-10-26 00:56:20,2249281,2217411
5406509,"Câu chuyện của anh Vinh rất truyền cảm hứng! Đó là một tấm gương tuyệt vời của sự cầu tiến. Bên cạnh đó sách còn giúp mình có thêm hiểu biết về nền bóng đá nước nhà vào thời của anh. Ngoài ra, lối viết văn của anh Trần Minh thì quá lôi cuốn, đọc không biết chán. Mình đã đọc một mạch xong hết cuốn sách trong 2 ngày cuối tuần.",5,2019-02-24 16:16:49,2249281,2217411
2075689,đọc cuốn hút và nhiều cảm hứng. rút ra là cs lên xuống thất thường. lúc đang lên đừng quá vui hay vung tay quá trán. Trong phúc có họa trong họa có phúc mà. luôn luôn đề phòng và chuẩn bị cho rủi ro.,5,2020-07-02 15:54:27,2249281,2217411
1198899,"Trong cuộc sống, dù giàu hay nghèo, thì sự quyết tâm bắt đầu từ con số 0, sự thành công đôi khi nằm ở lòng quyết tâm. Nhiều người chê trách CV, nhưng hãy nhìn vào dữ liệu thực tế, tất cả mọi thứ đều rất thực tế.",5,2019-08-20 12:27:10,2249281,2249285
5978816,"Hâm mộ ý chí và quyết tâm của CV từ rất lâu rồi, đọc tự truyện khác hẳn với những gì báo chí giật tít, hiểu thêm về bóng đá Việt Nam rất nhiều, qua truyện mới thấy tình yêu của CV và Thủy Tiên thật sự đáng ngưỡng mộ. Một quyển sách nên đọc đối với fan hâm mộ CV nói riêng và đá bóng nói chung,",5,2018-06-05 18:09:56,2249281,2217411
6951098,Rất hài lòng về chất lượng.,5,2020-11-02 19:54:54,2249281,2217411
264859,"Tôi mất 2 buổi tối để dọc xong tác phẩm này vì đi làm cả ngày, chỉ có rảnh vào buổi tối. Thực sự tự truyện rất hay, rất chân thật. Tôi tinh Vinh, tin ở những chi tiết trong tự truyện này",5,2018-06-08 21:43:08,2249281,2217411
19630025,tự truyện của Công Vinh rất truyền cảm hứng,5,2021-06-01 22:17:55,2249281,2217411
359193,Mình thấy giảm giá nên tranh thủ mua ngay. Truyện mới đẹp. Nội dung thì những nội dung chính về đá bóng thì mình đọc thấy rất hya. Nhưng có vài chương ngoài lề thì ko thích lắm/.,5,2019-07-09 15:07:01,2249281,2249285
847500,Tuyệt vời,5,2021-09-28 00:02:11,2249281,2217411
7189564,"Tôi ít khi mua sách nhưng nghe tin có tự truyện Lê Công Vinh là phải đặt liền nhưng mới nhận chưa lâu. Sau 2 ngày tôi đã ""nghiền"" hết cuốn sách. Chốt lại: cực hay",5,2018-06-10 08:56:13,2249281,2217411
11034983,Một cuốn sách rất hay về một người mà mình ngưỡng mộ. Nhất là cách anh sống với gia đình rất chừng mực.,5,2020-08-03 21:11:34,2249281,2249285
7206662,"Một câu truyện rất hay đáng để đọc về ý chí vượt khó, ý chí nâng tầm bản thân, niềm đam mê và hơn thế nữa. Tôi thấy anh quá thành công không chỉ bởi may mắn mà còn do cách sống, cách nhìn nhận các vấn đề.",5,2018-06-11 15:37:45,2249281,2217411
691190,"Sách hay, đọc sử không nhàm chán, người trẻ nên mua để biết về sử Việt",5,2020-01-13 06:30:42,2249281,2217411
2172828,Mặc dù có dính dáng đến nhiều nhân vật có tiếng tăm nhưng mình tin đó là sự thật. Mình cảm nhận LCV không tự nói tốt về mình . Anh ấy là người nội tâm và thẳng tính như bản chất người dân quê miền Trung,5,2018-06-15 09:10:49,2249281,2217411
6964995,"Không quá đặc biệt, nhưng sẽ là trải nghiệm thú vị dành cho các bạn",5,2020-01-03 09:52:43,2249281,2217411
16239754,,5,2022-04-21 22:57:28,2249281,2217411
114065,"sách viết nhẹ nhàng, chân thực, như một lời tâm sự, một buổi ngồi nghe CV9 kể chuyện. Và quả thực, đúng như mục tiêu của quyển sách, truyền được rất nhiều cảm hứng cho người đọc.",5,2018-06-02 09:46:28,2249281,2249285
12813923,,5,2022-01-06 21:45:25,2249281,2217411
7166230,"sách hay , nhiều điều để học hỏi , rất xúc độg về tình bạn vs điếc. Lê Công Vinh ??",5,2018-08-07 13:41:22,2249281,2249285
408848,,5,,2249281,2217411
22277062,,5,2021-07-07 18:09:42,2249281,2217411
1398101,hay,5,2021-06-15 15:28:19,2249281,2217411
8428770,,5,2021-05-29 21:17:18,2249281,2217411
5710888,Sách hay. Mọi người nên đọc để có góc nhiều đa chiều,5,2020-03-16 12:25:15,2249281,2217411
281890,,5,2021-03-31 12:42:07,2249281,2217411
8553743,,5,2021-03-23 10:39:56,2249281,2217411
12083847,,5,2021-03-17 23:10:52,2249281,2217411
371642,,5,2021-03-11 20:37:42,2249281,2217411
10787715,,5,2021-02-21 09:43:19,2249281,2217411
5237249,,5,2021-02-18 14:18:42,2249281,2217411
1904519,,5,2021-01-15 18:59:35,2249281,2217411
5345491,,5,2021-01-12 17:15:39,2249281,2217411
9012638,Sách hay sách viết về 1 Huyền thoại,5,2020-04-13 07:25:50,2249281,2217411
176343,Một cuốn tự truyện đáng xem. Không phải cuốn tự truyện nào đọc cũng muốn xem tiếp cho đến hết. đọc hết trong cuối tuần,5,2018-05-27 20:13:15,2249281,2249285
14176254,,5,2020-12-23 08:39:12,2249281,2217411
7197909,,5,2020-12-23 07:14:37,2249281,2217411
7509147,thật sự rấy hay. đọc tới đâu bị cuốn theo tới đấy ...,5,2018-07-24 20:59:18,2249281,2217411
9662477,,5,2020-12-16 17:26:33,2249281,2217411
1708935,"Truyện hay, miêu tả rất chân thực cuộc sống của các cậu bé nghèo vùng quê SLNA và những mặt tối/sáng trong bóng đá VN",5,2018-07-11 12:20:38,2249281,2217411
1299169,"1 câu chuyện tuyệt vời của CV9, 1 cuốn sách truyền cảm hứng, Tiki giao hàng nhanh, đóng gói cẩn thận.",5,2018-11-09 17:09:23,2249281,2249285
7477636,,5,2020-11-19 17:20:24,2249281,2217411
258011,"Người kể chuyện hay và chân thật, người chấp bút văn phong cũng hay. Đã đọc xong trong 1 ngày t7. Lên viết nhận xét luôn",5,2018-06-02 23:18:03,2249281,2217411
19207387,,5,2020-11-17 16:01:22,2249281,2217411
9646427,rất tuyệt,5,2020-08-27 12:08:27,2249281,2217411
7201117,Sản phẩm ok! Thanks nhiều,5,2020-04-19 12:04:48,2249281,2217411
12761769,,5,2020-09-20 15:22:51,2249281,2217411
1767275,,5,2020-09-09 18:09:18,2249281,2249285
1341737,,5,2020-07-23 09:53:06,2249281,2217411
1205598,"Câu chuyện rất lôi cuốn, cảm động, mang nhiều ý nghĩa tích cực cho cuộc sống.",5,2018-08-20 12:12:26,2249281,2217411
39857,Sách hay kể về góc tối trong giới cầu thủ và cuộc đời của CV9. Nên xem,5,2018-09-26 16:07:48,2249281,2217411
7181143,"Tuyệt vời cuốn tự truyện của anh Vinh. Rất hay, thiết thực",5,2018-10-05 19:01:10,2249281,2217411
1216160,"Lần đầu tiên đọc tự truyện, cảm nhận là hay, có tính giáo dục.",5,2018-06-03 23:46:15,2249281,2249285
6814551,sao em đặt từ ngày 22/5 mà giờ vẫn chưa nhận được hàng vậy ?,5,,2249281,2249285
5306473,"sách tốt, giấy thơm, ko bị dính, mờ trang, giao nhanh.",5,2018-07-29 12:25:12,2249281,2217411
908615,"Trân trọng những nỗ lực & cống hiến của Anh cho nền thể thao Việt Nam. Cuốn sách chia sẻ nhiều về nỗi niềm từ đội trẻ, SLNA đến đội tuyển quốc gia, cùng với nhiều thăng trầm. Nó truyền cảm hứng cho Tôi trong việc tập luyện và thái độ nghiêm túc trong công việc mình lựa chọn. Ngôn từ của cuốn sách hơi cứng, có thể, nó giống như cái cách mà Anh vẫn đối diện với thể thao, tuy nhiên cảm xúc cá nhân của người đọc đôi lúc dễ bị vụn. Dù sao, đây cũng là quyển tự truyện đáng đọc, nhất là với những người cần thêm động lực cuộc sống.",4,2021-06-18 09:34:06,2249281,2217411
1491408,Mình mua sản phẩm bản có chữ ký nhưng khi nhận hàng mở ra thì không thấy chữ ký đâu cả??? Thế thì mình mất oan tiền trả thêm cho mẫu chữ ký và phí ship???Và bìa ngoài lại cũ nữa Tiki làm ăn gì thì sao mình dám đặt niềm tin nữa,1,2020-05-09 11:53:11,2249281,2249285
24215680,"Truyện khá hay, nhiều vấn đề trong bóng đá. Giao hàng đóng gói tốt. Mới mua xong giờ lại giảm 40%. Có lẽ lại mua tiếp để tặng!",3,2023-01-05 08:26:58,2249281,2217411
7252883,Nội dung bộ lộ được quá trình trưởng thành và tình yêu của nhân vật. Một hành trình chiến đấu đầy tích cực và khát khao của nhân vật. Tuy nhiên ở đỉnh cao của sự nghiệp trong tâm lý của nhân vật cũng mắc mot chut bệnh sao. An bài quá sớm. Nếu cứ kiên cường như Anh Đức thì nhân vật sẽ hoàn hảo hơn,2,2019-08-12 15:05:45,2249281,2217411
5107187,"Xin chào tiki, Chất lượng sách và đóng gói thì đúng đẳng cấp tiki rồi. Cái đáng nói là đặt bản có chữ ký mà NHẬN lf không có chữ ký. Thời gian giao hàng chậm, bình thường là 2 ngày mà sau khi đặt hàng lần này là 2x4 lần. Ko có ***. Cần sự phản hồi từ Tiki: ***",1,,2249281,2249285
7013997,"mình đặt mua phiên bản tặng kèm chữ ký, vì chữ ký nên mình mới mua...mà tiki giao k có....quá chán",1,2018-08-07 20:21:34,2249281,2249285
822927,"Tôi mua quyển này vì đọc thông tin trên báo là Vinh sẽ dùng tiền bán sách để làm từ thiện, do đó quyết định mua 2 quyển để ủng hộ em. Sau khi đọc xong, tôi thấy nổi bật xuyên suốt quyển tự truyện là ý chí, nghị lực vươn lên không ngừng nghỉ để thoát nghèo khó của Vinh. Thâm chí có những thời điểm Vinh và Tiên bị thị phi quá nhiều, làm xấu đi hình ảnh và tính cách thật sự, 2 em vẫn không từ bỏ nhau. Nắm tay nhau đi cùng để vượt qua phong ba bão táp để cập bến bờ hạnh phúc.",3,2018-07-23 15:20:04,2249281,2217411
5823768,"Mình thấy tự truyện này hay mà. Nhưng k biết chương nói về VQ, CV có xin phép chủ nhân k nhỉ? Chứ bàn hơi nhiều về cá nhân, con người anh ấy quá. Với có vài ví dụ không hay về đồng đội rải rác ở các chương như ở chương Học tiếng anh chẳng hạn thì nên viết tắt hoặc nói chung chung thôi, k nên nêu trực diện thì hay hơn.",4,2018-06-15 08:56:31,2249281,2217411
5560116,"Sách hay, dễ đọc, có nhiều góc khuất trong bóng đá Việt Nam được tiết lộ trong cuốn tự truyện này. Nhưng có 1 điều tôi hơi băn khoăn về tính độ chính xác và hoàn cảnh về những câu chuyện hay đánh giá của Công Vinh về người khác. Nếu cuốn tự truyện nêu rõ được hoàn cảnh đầy đủ khi Công Vinh nhận xét hay đánh giá người khác thì độc giả mới hiểu rõ ngọn nguồn và độ chính xác của những đánh giá đó.",4,2018-06-11 11:04:41,2249281,2217411
11264094,Đặt bản tặng kèm chữ ký sao lại ko có chữ ký vậy shop. Có cách nào bổ sung hay ko. Hay phải đổi lại,4,2019-06-23 10:41:39,2249281,2249285
10643442,"Hi shop ơi, mình mua sách phiên bản có chữ ký, sao giao bản không có chữ ký vậy",3,2019-08-23 15:23:17,2249281,2249285
6738944,"Giao sai sản phẩm, sách không hề có chữ ký, còn bị bẩn và nát. Vô cùng thất vọng.",1,2019-06-25 14:30:15,2249281,2249285
1274668,"mình đặt bản có tặng kèm chữ kí những lại không nhận được, chỉ nhận được bản thông thường. Đây là lần thứ n Tiki không giao đúng sản phẩm có đầy đủ quà tặng kèm cho mình. Thật sự rất thất vọng.",1,2018-11-28 14:07:37,2249281,2249285
8488980,Tiki *** đảo riết quen rồi hay sao ấy. Bản có chữ ký mà lại không thấy chữ ký đâu. Chuyển qua mua hàng ở fahasa là vừa.,1,2019-07-10 09:13:59,2249281,2249285
440140,Tự truyện viết khá hấp dẫn. Cho thấy nhiều góc khuất trong làng bóng đá. Câu chuyện và tâm lý của Công Vinh trước những biến động của sự nghiệp và cuộc sống mang những bài học ý nghĩa.,4,2019-01-29 16:01:57,2249281,2217411
19266617,,4,2022-10-28 10:13:30,2249281,2217411
7344575,"Quá chán Tiki, sách đã không có chữ kí còn thiếu mất bookmark, làm ăn như thế này thì ai còn dám mua nữa :)",1,,2249281,2249285
7880822,Mình đặt cuốn có bản chữ kí mà giao bản thông thường v Tiki ???,3,,2249281,2249285
7177423,"Một trong những quyển sách đáng đọc. Về dịch vụ của Tiki, nhìn chung thì khá tốt, tuy nhiên có điểm chưa hài lòng về việc hẹn thời gian giao hàng. Dù vậy, vẫn đánh giá cao chất lượng sản phảm",4,2018-06-19 08:08:16,2249281,2249285
6856499,"Hay, đọc để hiểu thêm bề nổi và chìm của một ngành nghề khác trong cuộc sống cũng như học thêm được cách đi quá khó khăn, hay cảm nhận được khó khăn mà họ thành công của ngày hôm nay",3,2018-07-11 13:46:44,2249281,2217411
8113666,"Làm ăn *** đảo, đặt hàng sách có chữ kí tác giả mà nhận sách thường ko có chữ kí",1,2020-05-13 21:17:33,2249281,2249285
879550,Tôi chọn mua phiên bản tặng kèm chữ ký nhưng sách không hề có chữ ký cũng như posrcard và photobook? Chỉ là phiên bản thường!?,2,2019-06-20 11:42:53,2249281,2249285
10002214,"Mặc dù giao hàng rất nhanh, nhưng sách giao bị trầy. Chắc phải chuyển qua Fahasa",4,2018-12-30 11:37:26,2249281,2217411
963647,đặt bản tặng kèm chữ ký mà lại giao bản thường không có.,1,,2249281,2249285
5863277,"Không biêt do quá trình đóng gói hay sao mà khi nhận sách thì bìa sách có rất nhiều vết xước, hình thức xấu.",3,2019-02-11 21:22:48,2249281,2217411
1350162,Mình mua cuốn Tự truyện phút 89! Nhưng không nhận được bản có chữ ký của cầu thủ! Mong tiki phản hồi sớm.,1,2018-12-08 10:12:12,2249281,2249285
8980010,,4,2020-11-23 09:45:57,2249281,2217411
7244639,,3,2020-07-20 09:50:44,2249281,2217411
647491,TIki giao hàng chậm 5 ngày nhưng không chủ động thông báo đến khác hàng. Nội dung sách bình thường.,2,2018-06-14 09:50:42,2249281,2249285
1583669,tự truyện viết tạm thôi...vì hiếu kỳ chuyện phía sau sân bóng thôi...chứ giá đắt quá!,3,2018-08-23 09:02:13,2249281,2217411
1124685,Mặc dù gây war nhưng truyện đem lại nhiều góc nhìn mới mẻ thẳng thắn. Mình thích như vậy,4,2018-08-04 10:43:16,2249281,2217411
5157382,"Mình đặt mua bản có chữ kí, nhưng lại chỉ nhận sách bản thông thường.",2,2018-12-10 16:47:04,2249281,2249285
6056501,"Giao hàng đúng thời gian, nhưng bìa rất xấu, cắt ẩu, nham nhở. Không hài lòng một chút nào.",1,2018-07-06 11:04:42,2249281,2217411
1165923,"Theo ý kiến cá nhân mình thì truyện không hay lắm, mạch truyện rất rời rạc.",3,2018-06-13 10:39:24,2249281,2217411
1104279,Đọc sách cho cái nhìn sâu hơn về CV9 hơn là những ồn ào trên báo chí.,4,2018-06-19 09:00:09,2249281,2217411
1543874,"Khá hay, tự truyện phản ánh một góc của nền bóng đá Việt Nam",4,2018-06-19 16:01:18,2249281,2217411
7035349,tại sao đơn hàng của tôi ghi 4/6 có hàng mà h chưa có vậy,3,,2249281,2249285
5301550,Về phần LCV nói về cầu thủ và HLV khác cần xác thực.,3,2018-06-10 11:11:35,2249281,2217411
5163943,Đơn hàng đặt hẹn 2/6 sao chưa thấy đâu vậy Auaaaaaaaa,1,,2249281,2249285
22102320,"Từ một lần vô tình nghe về Cụ Phạm Xuân Ẩn trên series của Tuấn Tiền Tỉ đến bài phỏng vấn trên chương trình Người Đương Thời (mình nghe không dưới 10 lần) thì hiếm khi một người đàn ông, một nhân vật trong lịch sử Việt Nam đã cuốn hút mình mạnh mẽ đến thế. Và tác giả Larry Berman tiếp nối thêm trong quyển sách nhiều câu chuyện khác cùng nhiều ảnh chụp vô cùng quý giá về nhà tình báo vĩ đạo mà Việt Nam từng sản sinh ra. Mình dám chắc với bạn rằng nếu tìm hiểu về Phạm Xuân Ẩn, bạn sẽ yêu Việt Nam hơn rất nhiều và sẽ muốn tìm hiểu thêm nữa về lịch sử Nước nhà.",5,2025-07-29 20:48:09,185909452,185909453
6997027,"Sách in đẹp, chất lượng! Nội dung: đó là 1 góc nhìn rất khác từ 1 tác giả người Mỹ. Thi thoảng mình có cảm giác tác giả đang biện minh nói giảm cho tội ác trong chiến tranh chống Mỹ của nhân dân ta thông qua việc nhấn mạnh những lời khen ngợi và cảm tình của bác Ẩn dành cho người Mỹ! Tuy nhiên độc giả sẽ có thể có thêm 1 góc nhìn mới “thú vị” về miền Nam VN những năm 60-70!",5,2024-09-09 16:51:45,185909452,185909453
21602241,Sách viết rất cuốn hút. Các trích dẫn giải thích rõ ràng. Chân dung của nhà tình báo Phạm Xuân Ẩn được khắc hoạ qua lời kể của nhiều người khác nhau cho thấy cái nhìn khách quan rất báo chí của tác giả. Đáng để đọc!,5,2024-01-03 15:21:30,185909452,185909453
17696260,"Đóng gói cẩn thận, bìa sách đẹp. Tuy nhiên giấy trắng nên đọc lâu sẽ hơi đau mắt 🥺 nxb đổi thành giấy vàng thì perfect ko có j để chê nữa ạ",5,2025-04-27 18:06:14,185909452,185909453
6866191,Tiki 10 điểm,5,2025-05-15 15:42:30,185909452,185909453
549460,"Giao hàng nhanh, đóng hàng kỹ",5,2025-09-09 09:16:20,185909452,185909453
16137817,Chưa đọc hết.mới luoi qua nhưng hấp dẫn nha,5,2025-04-24 12:26:07,185909452,185909453
10512338,"Sách đẹp, nguyên deal và cầm rất vừa tay",5,2025-04-03 20:57:23,185909452,185909453
9759496,Nó thật sự rất hay và cuốn lắm ạ. ai có biết sách hay cho em xin qua zalo 0355...17...55.33 nha. em cảm ơn. em thích loại hồi ức như này,5,2023-05-14 13:31:11,185909452,185909453
28791612,"Nội dung hay, sách mới, đẹp",5,2025-06-05 15:06:46,185909452,185909453
624634,"Đóng gói cẩn thận, giao hàng nhanh, sách in đẹp, nội dung hay",5,2025-12-20 10:55:29,185909452,185909453
22880910,"Sách đẹp, bọc cẩn thận, có đầy đủ bookmark. Siêu ưng. Mãi yêu tiki",5,2025-09-15 16:50:27,185909452,185909453
672277,Sách hay giúp người đọc hiểu thêm về người anh hùng tình báo của quân đội nhân dân Việt Nam,5,2023-10-26 08:46:25,185909452,185909453
21120383,Rất cuốn,5,2026-08-14 10:14:47,185909452,185909453
30769349,Hay,5,2026-09-14 13:26:06,185909452,185909453
1403224,,5,2026-09-10 00:17:28,185909452,185909453
30600610,,5,2026-08-27 17:04:28,185909452,185909453
19004369,"Sách đc đóng gói rất cẩn thận, rất tốt 5* cho shop",5,2024-04-19 20:04:49,185909452,185909453
14245975,,5,2026-07-11 23:38:24,185909452,185909453
29099525,,5,2026-06-20 12:13:13,185909452,185909453
7961765,Giao hàng nhanh. Sách khổ lớn. Nhưng tiếc là những cuốn sách thể loại ntn lại k fai do người VN viết.,5,2023-02-06 14:11:19,185909452,185909453
1015168,"Giao hàng siêu nhanh, nội dung cực kỳ hấp dẫn",5,2025-04-23 06:24:51,185909452,185909453
662199,"Sách rất đẹp, đóng gói rất cẩn thận.",5,2025-05-22 01:29:55,185909452,185909453
5448071,,5,2026-02-26 13:03:08,185909452,185909453
18418411,,5,2026-02-13 11:34:10,185909452,185909453
1778805,,5,2026-01-27 17:15:22,185909452,185909453
30572947,,5,2025-12-25 15:41:27,185909452,185909453
23413828,,5,2025-12-16 19:10:27,185909452,185909453
16336398,,5,2025-12-06 20:56:31,185909452,185909453
6750857,,5,2025-11-10 10:13:22,185909452,185909453
17506038,,5,2025-10-20 09:14:48,185909452,185909453
16392243,,5,2025-10-16 07:56:39,185909452,185909453
29912876,,5,2025-10-13 12:32:26,185909452,185909453
20949300,,5,2025-10-12 04:54:32,185909452,185909453
30484891,,5,2025-10-06 18:24:01,185909452,185909453
169966,"In ấn đẹp, sách hay. Bản này có bổ sung thêm (theo tác giả và NXB)",5,2023-03-15 22:47:24,185909452,185909453
12736043,,5,2025-09-18 09:59:36,185909452,185909453
20248736,,5,2025-09-16 14:05:22,185909452,185909453
568239,,5,2025-08-04 11:28:30,185909452,185909453
30443431,,5,2025-07-25 19:00:15,185909452,185909453
24098934,,5,2025-07-10 08:53:17,185909452,185909453
1439804,,5,2025-07-08 23:44:51,185909452,185909453
16476506,,5,2025-07-01 14:56:36,185909452,185909453
23273694,,5,2025-06-20 02:35:57,185909452,185909453
733504,Sách tốt,5,2025-04-09 17:26:32,185909452,185909453
9035415,,5,2025-06-12 16:38:16,185909452,185909453
30203823,,5,2025-06-07 11:29:22,185909452,185909453
6133310,Sách hay,5,2025-04-14 12:57:48,185909452,185909453
9116055,Sách đẹp,5,2025-03-25 22:45:13,185909452,185909453
30385678,,5,2025-05-31 21:03:49,185909452,185909453
5865087,,5,2025-05-24 12:14:32,185909452,185909453
6358713,,5,2025-05-23 17:12:03,185909452,185909453
17198728,,5,2025-05-19 21:29:10,185909452,185909453
30372211,,5,2025-05-19 08:04:30,185909452,185909453
852787,,5,2025-05-18 17:16:20,185909452,185909453
28542270,,5,2025-05-16 11:41:27,185909452,185909453
10847189,,5,2025-05-16 10:50:07,185909452,185909453
8334182,,5,2025-05-14 16:34:34,185909452,185909453
15174146,"Sách hay, lý thú. Sách hay, lý thú. Sách hay, lý thú",5,2023-03-11 16:30:37,185909452,185909453
8439493,,5,2025-05-13 12:45:00,185909452,185909453
30368478,,5,2025-05-12 12:19:27,185909452,185909453
26544205,,5,2025-05-12 08:32:00,185909452,185909453
777784,,5,2025-05-03 14:13:56,185909452,185909453
15773132,,5,2025-05-03 08:11:40,185909452,185909453
315924,,5,2025-04-29 17:22:18,185909452,185909453
1647007,,5,2025-04-24 08:06:21,185909452,185909453
8092057,,5,2025-04-23 15:06:04,185909452,185909453
11241513,,5,2025-04-21 14:43:33,185909452,185909453
8059336,,5,2025-04-21 14:31:01,185909452,185909453
18478562,,5,2025-04-20 08:12:30,185909452,185909453
25804544,,5,2025-04-19 08:10:37,185909452,185909453
12602341,,5,2025-04-18 08:54:15,185909452,185909453
821797,"Sách hay, giao hàng nhanh, bookcare đẹp. Nói chung ổn. Nên mua đọc",5,2022-11-04 14:59:43,185909452,185909453
10019004,,5,2025-04-15 15:46:09,185909452,185909453
12029622,,5,2025-03-10 22:59:12,185909452,185909453
29386797,,5,2025-02-19 17:17:28,185909452,185909453
27707756,,5,2025-02-12 16:26:07,185909452,185909453
16068938,,5,2025-02-05 10:43:10,185909452,185909453
28276890,,5,2025-02-04 17:54:19,185909452,185909453
7920274,,5,2025-01-25 10:05:20,185909452,185909453
10278119,,5,2025-01-16 22:31:40,185909452,185909453
7201603,,5,2024-12-22 21:43:14,185909452,185909453
17090072,,5,2024-12-10 11:29:01,185909452,185909453
9838237,,5,2024-12-03 15:18:16,185909452,185909453
11995458,,5,2024-11-17 10:30:12,185909452,185909453
9804309,,5,2024-10-16 21:01:13,185909452,185909453
13261549,,5,2024-10-13 21:36:40,185909452,185909453
17266593,"Sách mới còn nguyên bọc, rất hay cho ai muốn tìm hiểu lịch sử và ngành tình báo.",5,2023-02-24 08:16:46,185909452,185909453
8145881,,5,2024-10-11 23:48:00,185909452,185909453
30136104,,5,2024-09-24 11:29:58,185909452,185909453
7876216,,5,2024-09-16 22:21:29,185909452,185909453
10292636,,5,2024-09-16 13:31:09,185909452,185909453
10912677,,5,2024-09-08 17:22:37,185909452,185909453
8068803,Sách hay,5,2024-07-14 23:36:10,185909452,185909453
28411495,,5,2024-08-30 23:50:51,185909452,185909453
15469359,,5,2024-08-29 20:08:35,185909452,185909453
29167033,,5,2024-06-17 10:22:23,185909452,185909453
17057000,Lịch sử Việt Nam đâu kém phần thú vị,5,2023-08-13 18:52:35,185909452,185909453
26792548,,5,2024-05-18 16:21:37,185909452,185909453
22173760,,5,2024-04-21 09:12:33,185909452,185909453
18983335,,5,2024-04-18 22:02:10,185909452,185909453
627095,Sách hay,5,2023-12-24 02:27:58,185909452,185909453
13648080,,5,2023-12-14 12:35:26,185909452,185909453
11629033,,5,2023-11-24 17:58:52,185909452,185909453
1389678,,5,2023-11-23 14:41:29,185909452,185909453
29172368,,5,2023-11-07 06:11:56,185909452,185909453
10183682,,5,2023-10-04 12:34:13,185909452,185909453
20119113,,5,2023-09-07 06:49:42,185909452,185909453
17134139,,5,2023-09-05 19:47:49,185909452,185909453
20294540,,5,2023-09-04 08:30:53,185909452,185909453
17110751,,5,2023-09-04 00:09:56,185909452,185909453
1161225,Hay,5,2023-07-26 13:37:04,185909452,185909453
16443525,,5,2023-08-11 22:34:12,185909452,185909453
7426985,,5,2023-08-04 09:02:54,185909452,185909453
17278124,"Sách hay lắm, nhưng mà đóng gói mép quăn :((",5,2022-09-19 20:50:47,185909452,185909453
8363,,5,2023-07-13 19:36:00,185909452,185909453
8531005,,5,2023-07-11 09:06:01,185909452,185909453
27197547,Rất tuyệtttt,5,2023-04-05 14:43:24,185909452,185909453
15124578,,5,2023-07-02 18:14:17,185909452,185909453
7779550,,5,2023-06-30 22:31:54,185909452,185909453
5320715,,5,2023-05-31 09:24:14,185909452,185909453
8508799,,5,2023-05-27 10:06:20,185909452,185909453
9882425,,5,2023-05-04 22:29:46,185909452,185909453
27828750,,5,2023-05-02 22:02:13,185909452,185909453
11080323,Rất tốt,5,2023-02-06 07:34:14,185909452,185909453
17578128,Đóng gói đẹp. Sách rất hay.,5,2022-09-09 10:03:06,185909452,185909453
16663300,,5,2023-04-05 11:07:45,185909452,185909453
5359961,,5,2023-04-02 10:26:34,185909452,185909453
5897437,,5,2023-03-27 14:53:27,185909452,185909453
5806032,,5,2023-03-15 20:01:19,185909452,185909453
568715,,5,2023-03-07 16:45:39,185909452,185909453
5098540,,5,2023-03-06 09:46:25,185909452,185909453
14650196,,5,2023-02-21 13:37:24,185909452,185909453
28127013,,5,2023-02-06 11:05:17,185909452,185909453
27878087,,5,2023-01-28 10:22:48,185909452,185909453
546845,,5,2023-01-04 21:13:39,185909452,185909453
214852,,5,2023-01-02 21:29:34,185909452,185909453
5960602,,5,2022-12-09 12:55:45,185909452,185909453
887127,,5,2022-12-03 20:20:59,185909452,185909453
1680459,,5,2022-11-30 01:28:02,185909452,185909453
13728772,,5,2022-11-11 20:33:52,185909452,185909453
319190,,5,2022-10-26 09:18:59,185909452,185909453
21863313,,5,2022-10-01 13:04:32,185909452,185909453
18266856,Qá ok,5,2022-08-21 22:24:51,185909452,185909453
19828704,,5,2022-09-19 09:11:49,185909452,185909453
28163118,,5,2022-09-17 16:41:13,185909452,185909453
21525080,,5,2022-09-10 09:05:37,185909452,185909453
8653469,,5,2022-09-07 13:26:09,185909452,185909453
17298600,,5,2022-08-26 11:34:52,185909452,185909453
20476963,,5,2022-08-10 14:14:43,185909452,185909453
23450670,,5,2022-08-04 13:19:06,185909452,185909453
19110012,"Tôi thực sự chưa thấy được thông tin giá trị trong quyển sách này. Biết rằng nhiều thông tin là bí mật quốc gia thì không được công khai nhưng nếu vậy thì quyển sách bày chẳng khác gì tập hợp các bài báo, không có gì đặc sắc",3,2025-04-13 19:20:09,185909452,185909453
14298867,,4,2025-10-26 06:08:34,185909452,185909453
11443118,,4,2025-08-18 08:36:47,185909452,185909453
13573851,,4,2025-07-03 23:48:51,185909452,185909453
22238828,,4,2025-06-24 05:06:59,185909452,185909453
1001229,NG Cộng đồng khách hàng Tiki đang chờ đợi đánh giá của bạn để đưa ra quyết định mua sắm.,2,2023-03-03 20:02:04,185909452,185909453
11781556,Giá trị,4,2024-05-20 19:47:48,185909452,185909453
23810021,Góc bìa hơi bị móp,4,2022-10-09 21:50:51,185909452,185909453
26524012,,4,2023-02-05 19:06:22,185909452,185909453
5363251,Nội dung thì hay và đọc cuốn. Có cái ngoại hình sách thì các góc bìa cứng bị nhăn nhúm dù bóc nguyên seal chụp hình xong thấy hơi mất đi xíu thẫm Mỹ nhưng dù sao cám ơn Tiki đã giao hàng nhanh và an toàn.,5,2025-03-03 10:56:01,273383957,273384043
15145790,"Sách chất lượng cao. Giao hàng nhanh đặt hàng sau 1h là nhận rồi. Tui thấy Tiki là nhất, giá tốt nhất, ship nhanh nhất, chất lượng nhất. Rất khuyên mọi người nên mua ở Tiki!",5,2024-06-16 17:31:03,273383957,273384043
1162969,"Sách đọc cuốn! Xuyên xuốt ko chỉ là những thành công của Múc, cả những lần hút chết. Điểm tốt và xấu của Múc cũng đc phơi bày. Đọng lại là tư duy của Múc khi tiếp cận và giải quyết, tối ưu vấn đề ở tất cả các công ty của Múc. Có thể áp dụng và hữu ích trong nhiều trường hợp.",5,2025-05-12 14:58:39,273383957,273384043
35274,"Sách bìa cứng rất đẹp, giấy tốt; Được tặng cuốn tập có một số câu nói cảm hứng của Elon Musk; Vận chuyển rất nhanh: mua lúc đêm mà 2h trưa nhận được; Giá rất tốt so với chỗ khác bán; Cám ơn Tiki, Tiki Trading, mình coi đây là món quà năm mới 2024 đầy hào hứng !!",5,2024-02-04 19:10:59,273383957,273384043
790058,"Sách dày, miêu tả cuộc đời nhiều cung bậc cảm xúc về cuộc đời đầy màu sắc của một con người phi thường, có lẽ định mệnh của elon là do thượng đế giao nhiệm vụ để kiến tạo và thay đổi thế giới",5,2025-01-30 16:32:10,273383957,273384043
5917418,,5,2026-09-20 10:58:17,273383957,273384043
7977574,,5,2026-09-16 15:55:21,273383957,273384043
17971905,"Sách đẹp, được tặng kèm sổ ghi chú đẹp,cho shop 5 sao",5,2024-02-06 11:14:46,273383957,273384043
23116595,"Thanks TIKI ❤️❤️❤️❤️❤️ Sách đẹp, mới",5,2024-02-16 12:26:21,273383957,273384043
647374,"Nội dung sách rất hay, đọc rất cuốn hút.",5,2024-04-03 21:32:28,273383957,273384043
30234165,Ok,5,2024-12-19 17:45:38,273383957,273384043
13057248,,5,2026-02-16 10:34:31,273383957,273384043
30229968,,5,2026-02-15 13:03:07,273383957,273384043
8963714,,5,2026-02-07 19:51:41,273383957,273384043
19051,Tiki giao hàng nhanh và đóng gói cẩn thận.,5,2024-01-11 22:38:53,273383957,273384044
5362631,Giao hàng nhanh đóng gói cẩn thận,5,2025-05-16 13:12:11,273383957,273384044
6023828,,5,2025-12-15 20:39:12,273383957,273384044
19468460,Nhà bán đã giao sản phẩm chất lượng cho tôi,5,2024-12-17 16:09:36,273383957,273384043
2167634,giao hàng rất nhanh. Nếu xét về độ uy tín và tin cậy tôi khuyên mọi người chọn Tiki,5,2024-02-19 10:54:08,273383957,273384043
891969,,5,2025-10-11 08:51:47,273383957,273384044
1251078,"Sách hay, mở ra nhiều góc nhìn về ELON MUSK",5,2024-11-29 19:58:39,273383957,273384043
105673,,5,2025-09-16 13:55:16,273383957,273384043
29023261,,5,2025-09-09 11:23:37,273383957,273384043
20470314,,5,2025-08-26 14:15:07,273383957,273384043
379190,"Sách có nội dung hay, hữu ích, có tinh thần động viên và khích lệ 👍👍👍",5,2024-01-25 13:49:08,273383957,273384043
23563897,Hay,5,2025-04-26 11:16:06,273383957,273384043
26544271,tốt,5,2023-12-30 15:13:53,273383957,273384043
5424366,,5,2025-03-16 00:04:06,273383957,273384043
286863,"Tiki giao hàng quá nhanh, sách được bọc kĩ, 10 điểm!",5,2024-02-17 13:32:07,273383957,273384043
16711828,,5,2025-02-26 13:08:17,273383957,273384043
10421897,,5,2025-02-21 19:41:04,273383957,273384043
11659281,,5,2025-02-17 11:35:43,273383957,273384043
1270288,,5,2025-02-10 10:40:55,273383957,273384043
7800428,"Nội dung hay, văn phong lôi cuốn",5,2024-06-03 10:51:43,273383957,273384043
21642208,Quá ok,5,2024-11-29 17:41:15,273383957,273384043
20644741,,5,2024-12-24 22:34:57,273383957,273384043
1689210,tuyệt vời. tôi thích elon musk từ lâu rồi,5,2024-02-23 08:47:10,273383957,273384043
10040980,,5,2024-12-17 00:26:19,273383957,273384043
612722,,5,2024-12-01 13:41:29,273383957,273384043
23831723,,5,2024-11-28 23:55:51,273383957,273384043
9797274,,5,2024-11-24 13:39:47,273383957,273384043
26258859,,5,2024-11-12 14:34:37,273383957,273384043
30172620,,5,2024-11-12 12:06:13,273383957,273384043
7007593,,5,2024-09-20 09:53:04,273383957,273384043
580450,Hayyyyyy!,5,2024-06-30 00:14:12,273383957,273384043
15845,,5,2024-07-04 16:31:40,273383957,273384043
5370316,,5,2024-06-28 14:10:33,273383957,273384043
26691633,,5,2024-06-27 09:46:56,273383957,273384043
21877078,,5,2024-06-15 16:49:25,273383957,273384043
1800738,Giao Hàng Nhanh,5,2024-03-11 20:18:15,273383957,273384043
22032474,,5,2024-06-12 13:45:16,273383957,273384043
9786862,,5,2024-05-28 06:29:42,273383957,273384043
1939069,Sách chất lượng,5,2024-01-08 17:37:15,273383957,273384043
11290275,,5,2024-04-27 15:33:29,273383957,273384043
5384898,,5,2024-04-05 20:29:56,273383957,273384043
6957332,,5,2024-03-30 23:30:41,273383957,273384043
28409794,,5,2024-03-21 10:55:44,273383957,273384043
1900692,,5,2024-03-11 14:25:31,273383957,273384043
10459434,,5,2024-03-03 17:19:22,273383957,273384043
19608641,Hay,5,2024-02-11 14:59:49,273383957,273384043
31149,,5,2024-02-18 15:18:58,273383957,273384043
9091866,,5,2024-02-17 14:36:48,273383957,273384043
29224459,,5,2024-02-14 13:25:46,273383957,273384043
5605489,,5,2024-02-09 07:26:06,273383957,273384043
13612069,,5,2024-01-27 08:26:47,273383957,273384043
1344328,,5,2024-01-21 19:14:40,273383957,273384043
8035799,,5,2024-01-16 13:16:21,273383957,273384043
29061780,,5,2024-01-15 15:30:07,273383957,273384043
464953,,5,2024-01-11 23:59:08,273383957,273384043
628117,,5,2024-01-08 19:20:26,273383957,273384043
7368547,,5,2024-01-04 14:06:57,273383957,273384043
474292,,5,2023-12-21 22:06:12,273383957,273384043
23156234,Ko comment về nội dung sách vì chưa đọc. Nhưng ko hài lòng dịch vụ của nhà sách. Ts bảo pre-order được quà rồi mình pre-order trước cả tháng xong được cái nịt ạ. Cay đcđ như bị ***. Ts mình còn mua tận 2 quyển nhé. Tí quyển kia rate 1 sao nữa 😡😡😡,1,2023-12-21 16:01:59,273383957,273384043
27843095,"Vui lòng hướng dẫn và hỗ trợ sử dụng AR, tôi đã quét mã QR và không nhận được thông tin gì cả",1,2026-08-16 22:01:47,273383957,273384044
56307,Nội dung tuyệt vời. Nhưng lại có quá nhiều lỗi chính tả. Đây là cuốn sách có nhiều lỗi chính tả nhất mà tôi đã từng đọc.,3,2024-12-19 16:50:04,273383957,273384044
22359305,"Giao hàng nhanh, đóng gói cẩn thận, đẹp đẽ...chưa đọc nhưng chắc OK",4,2024-10-28 17:33:04,273383957,273384043
1458959,"Bản sách đặc biệt như 1 cú lừa của Alphabooks. Chả khác gì bản thường, chém giá đắt x2. Thêm có mỗi cái AR chả có thêm tác dụng gì cũng chém được giá x2.",1,2023-12-28 11:29:00,273383957,273384043
30132248,Giáo hàng bị méo sách 1 tí,4,2024-11-12 11:57:11,273383957,273384043
2415,,4,2025-01-14 11:40:11,273383957,273384043
606540,,4,2024-11-06 15:34:08,273383957,273384043
22391820,,4,2024-03-09 11:59:59,273383957,273384043
11992154,,4,2023-12-22 15:20:46,273383957,273384043
15715798,"Cũng 2 năm rồi mình mới lên tiki mua sách lại, có vẻ sau một tràn phàn nàn suốt mấy năm liền thì tiki đã cố gắng cải thiện khâu đóng gói rồi. Lần này mình đặt 2 cuốn được bọc nhiều lớp ni *** chống sốc bong bóng á mn. Sách nhận được nguyên vẹn mới tinh còn nguyên seal. Mình săn được 2 cuốn lúc giảm cở 30-40%. Mà lúc đặt mình tưởng cuốn Franklin cũng dày dày ai nhè cũng vừa vừa vậy. Về nội dung các bạn nên tìm bài viết review chi tiết trên các hội nhóm sẽ hay hơn á.",5,2024-08-06 16:43:07,3082815,3083073
6700883,"Đây là một trong mấy cuốn mình đã đọc file epub trên Kindle ít lâu và quyết định mua thêm bản cứng để ủng hộ NXB. Cuốn này mình khuyên các bạn nên đọc càng sớm càng tốt, nhất là các bạn trẻ muốn tìm cho mình những bài học thực tế của một vĩ nhân với xuất thân từ tầng lớp bình dân.",5,2025-06-10 10:51:50,3082815,3083073
5726334,"Benjamin Franklin thì bạn ko nên bỏ qua, ông là một trong những người được ngưỡng mộ và nhắc đến khá nhiều trên thế giới. Sách được bọc kỹ và mới. Giấy như SGK :)) Mạch tư duy: Từ nguồn cội đến lúc ông trưởng thành và trải qua những biến cố cũng như bài học trong cuộc đời. Điểm tiêu biểu: Cách ông tự quán chiếu cuộc đời mình và đi theo những nguyên tắc do ông tự đề ra (được học khi đọc sách nữa). Nhận xét cá nhân: Cách ông áp dụng khá giống với trong các đạo nhắc đến sự quán chiếu bản thân. Với những đóng góp to lớn cho nhân loại bằng cách luôn nghĩ cách giúp tốt hơn cho con người, mình nghĩ ai cũng làm được nhưng chỉ khi có sự không vị kỷ trong con người mình. Love.!",5,,3082815,3083073
1925323,"Giao hàng nhanh, sách đẹp, sạch sẽ, rẻ hơn mua trực tiếp, giấy tốt, chữ in rõ nét.BenJamin Franklin là người quan trọng ký vào bốn văn kiện quan trọng của nước Mỹ. Được in rất rõ ở bìa trang sách.",5,2021-06-15 18:17:50,3082815,3083073
13833470,tốt,5,2025-03-08 09:39:16,3082815,3083073
1559948,"Một tác phẩm kinh điển, ghi lại hành trình tự lực vươn lên của Benjamin Franklin từ một cậu bé nghèo trở thành chính khách, nhà khoa học và nhà phát minh vĩ đại. Lối viết giản dị, gần gũi nhưng chứa đầy bài học sâu sắc về kỷ luật, tư duy độc lập và tinh thần khai phá. Đây không chỉ là tự truyện, mà còn là kim chỉ nam truyền cảm hứng cho những ai muốn sống một cuộc đời có giá trị.",5,2025-08-23 23:18:49,3082815,3083073
357616,Lối hành văn cổ điển tuy vậy vẫn dễ đọc và hình dung ra bối cảnh. Cuốn sách phác hoạ ra hình ảnh nước Mỹ thời kỳ đầu và quả thật nhiều điều khiến tôi thấy khá bất ngờ và thú vị. Một cuốn tự truyện đáng có trong tủ sách.,5,2025-03-03 00:23:12,3082815,3083073
639977,"Tuyệt vời. Mình đọc không sót chữ nào. Một con người mẫu mực, tự trai dồi, rèn dũa mình trong mọi khía cạnh cuộc sống. Những giá trị Benjamin để lại có thể áp dung cho mọi thời đại. Mình đọc sách, mua sách tặng rất nhiều bạn bè.",5,2023-03-16 14:04:13,3082815,3083073
7953324,"Một cuốn sách hay về một vĩ nhân lịch sử, là một người yêu thích những cuốn sách về vĩ nhân, mình cảm dịch giả Nguyễn Thụy Khánh Chương và NXB Lao Động đưa đến độc giả những cuốn sách hay và có giá trị tư duy cho thế hệ của chúng tôi.",5,2021-07-17 17:00:14,3082815,3083073
23454317,"Mình chỉ muốn nói rằng cuốn sách rất tuyệt với mình. Ngoài sự vĩ đại của Benjamin. cuốn sách còn giúp mình hiểu hơn về cuộc sống. Hiểu rõ vì sao có người thành công và vì sao có người thất bại, sự kiêu ngạo và thiếu kiến thức có thể đánh mất tính mạng của một con người... ôi quá nhiều bài học mình tự rút ra đc từ trong cuốn sách. Mọi người nên đọc để tự cảm nhận nhé.",5,2021-11-14 23:15:40,3082815,3083073
6331688,"Một cuốn tự truyện rất đời thường với những chuyện rất gần của Benjamin Franklin. Trong cuốn sách chúng ta sẽ thấy và có thể học hỏi được rất nhiều điều ở ông với các lập luận về chính trị , đạo đức , giáo dục , tôn giáo,kinh doanh... trong hành trình của một cậu thiếu niên trẻ tuổi đến nhà khai quốc Hoa Kỳ.Có một điều rất thú vị nữa mà mình cũng mới biết qua cuốn sách đó là người phát minh ra cột thu lôi chính là ông và nhiều phát minh khoa học khác. Sách khá đẹp nhưng thực sự bản dịch có vẻ chưa được chau chuốt về ngôn từ nên đọc nhiều đoạn lủng củng và có chỗ thiếu từ.Hi vọng bản tái bản mới tốt hơn.",5,2020-12-23 16:01:45,3082815,3083073
17277989,"Mình vừa nhận sách, vẫn nguyên màng bọc nilong, sách đẹp, chữ in rõ ràng, chất giấy tốt. Giá bìa 109k, mình đặt giảm giá còn 68k.",5,2024-10-11 11:23:27,3082815,3083073
279153,"Giao hàng nhanh, đóng gói cẩn thận. Sách mua hộ nên mình không rõ nội dung, về ngoại quan là rất mới",5,2023-12-30 10:28:58,3082815,3083073
1617328,"được ng khác gợi ý mua, chưa đọc nên chưa biết nội dung như thế nào. sách gói cẩn thận, đánh giá 5 sao cho sự tỉ mỉ này. nhìn cuốn sách rất thích luôn hi vọng nội dung giống như bề ngoài cuốn sách.",5,2021-10-26 19:32:04,3082815,3083073
1087847,"Sách quá xịn luôn, cầm mà mát tay luôn á. Mình chưa đọc sách nhưng các bạn có thể tham khảo các bạn review bên dưới nha. Giao hàng rất nhanh, nhân viên thân thiện.",5,2021-03-11 21:51:49,3082815,3083073
17447486,Đánh giá Sản phẩm rất ok. Giao hàng nhanh. Shipper nhiệt tình. Tư vấn chứ đáo. Nhân viên thân thiện. Sẽ ủng hộ shop nhiều hơn nữa.,5,2021-08-29 16:21:51,3082815,3083073
26630335,Mặc dù chưa đọc hết nhưng rất hài lòng về chất lượng in và giấy in,5,2024-01-09 10:16:39,3082815,3083073
30189847,,5,2026-08-08 18:22:41,3082815,3083073
476110,good,5,2025-03-16 14:37:24,3082815,3083073
16363597,,5,2026-06-12 04:44:47,3082815,3083073
7813978,Cuốn sách giúp mình hiểu hơn về sự thành công của ông cũng như những bài học ta học được thực sự hữu ích trong cuộc sống,5,2022-07-20 10:46:18,3082815,3083073
11093645,"Sách mới, đẹp, giao hàng nhanh.",5,2024-06-26 10:02:05,3082815,3083073
6785575,"Quyển sách khá dễ đọc, viết về một nhà lập quốc của nước Mỹ với những đức tính tốt đẹp mà chúng ta nên noi theo❤️❤️❤️",5,2023-06-15 03:06:31,3082815,3083073
30229968,,5,2026-02-15 13:03:27,3082815,3083073
23800859,"đóng gói kĩ nhưng không khó để mở sách tốt, không lỗi, giấy chất lượng đáng mua lắm nha mn",5,2021-10-26 16:45:17,3082815,3083073
29259034,,5,2023-07-13 11:34:38,3082815,3083073
30126410,,5,2025-11-19 16:08:46,3082815,3083073
27385893,Sách hay mình rất thích.,5,2024-03-17 12:28:31,3082815,3083073
15493974,tốt,5,2024-07-18 11:46:18,3082815,3083073
1422195,,5,2025-10-23 22:47:25,3082815,3083073
2019811,Nội dung rất hay,5,2025-06-21 15:39:45,3082815,3083073
18387707,,5,2025-10-11 00:18:45,3082815,3083073
7525855,"Chưa bao giờ tôi áp dụng kiến thức trong sách hiệu quả như này! ""Chừng mực "" tôi giảm cân thành công "" yên lặng "" nói những gì tốt cho mình hoặc người khác... Cuộc sống tôi ngày càng tốt đẹp hơn!",5,2021-09-08 11:30:29,3082815,3083073
15380192,Tôi chọn sách trên tiki vì ở đây có feedback chân thực. Tôi vừa đọc hết cuốn và muốn chia sẻ lại cho những bạn đang tìm mua 1. Sách viết về cuộc đời ổng Ben 2. Đọc và ngẫm nghĩ nha mọi người,5,2021-09-17 12:25:39,3082815,3083073
13696175,,5,2025-09-02 13:46:57,3082815,3083073
8591474,"Hay và rất đáng đọc, ngôn ngữ rất phong phú và thể hiện đầy đủ về con người ông",5,2021-06-23 10:03:55,3082815,3083073
13952529,,5,2025-08-17 10:05:03,3082815,3083073
21385217,"Sách đẹp, giao hàng nhanh",5,2021-07-03 14:56:16,3082815,3083073
723814,Giao hàng nhanh như kỳ vọng,5,2024-12-27 08:44:06,3082815,3083073
6192753,,5,2025-06-30 01:11:41,3082815,3083073
29012372,,5,2025-05-27 18:06:59,3082815,3083073
18059666,Giao đúng hẹn. gói hàng cẩn thận.,5,2024-09-18 08:52:25,3082815,3083073
18339212,,5,2025-05-10 14:14:35,3082815,3083073
80809,,5,2025-04-28 13:33:06,3082815,3083073
21437970,,5,2025-04-27 12:07:40,3082815,3083073
12454846,,5,2024-02-13 13:56:16,3082815,3083073
7402132,"benjamin đc coi như ng cha của dân tộc mỹ, một ng ko ngừng sáng tạo học hỏi và đề za các nguyên tắc giúp cho cs trở nên tốt đẹp hơn. zất hay, mọi ng nên đọc",5,2020-11-10 22:26:14,3082815,3083073
7791392,,5,2025-04-07 17:17:31,3082815,3083073
17752981,,5,2025-03-04 09:09:14,3082815,3083073
6716932,,5,2025-03-03 21:44:38,3082815,3083073
15594079,,5,2025-02-20 08:26:24,3082815,3083073
1251078,Sách hay,5,2024-11-29 19:59:26,3082815,3083073
21613137,Sách hay,5,2024-11-10 11:51:49,3082815,3083073
13229508,,5,2025-01-01 22:55:59,3082815,3083073
1599766,Rất hay được bọc sách. Rất thích,5,2022-12-12 09:24:04,3082815,3083073
10546310,,5,2024-11-07 00:18:37,3082815,3083073
22355086,,5,2024-10-30 20:59:49,3082815,3083073
6923532,,5,2024-10-19 23:56:06,3082815,3083073
29388404,,5,2024-09-27 22:02:32,3082815,3083073
23412893,"sách đẹp, giao hàng nhanh, đóng gói hàng cẩn thận. Rất ưng và sẽ còn ủng hộ shop dài dài.",5,2021-09-07 16:31:40,3082815,3083073
5382849,,5,2024-09-19 15:48:48,3082815,3083073
23720989,Nội dung cuốn sách rất hay,5,2021-10-09 07:45:43,3082815,3083073
650178,,5,2024-08-26 14:03:06,3082815,3083073
16119396,"Rất bổ ích, cho ta hiểu thêm về bản chất con người.",5,2023-07-24 15:10:51,3082815,3083073
22162412,,5,2024-08-10 23:44:33,3082815,3083073
422183,"Cuốn tự truyện này thì vô cùng nổi tiếng rồi ak. Sách in rất đẹp, nhìn là mê rồi. Cám ơn tiki",5,2021-06-12 22:05:22,3082815,3083073
29342659,,5,2024-07-30 22:58:59,3082815,3083073
17147991,,5,2024-07-13 13:14:54,3082815,3083073
2091356,,5,2024-06-06 14:28:53,3082815,3083073
18677839,,5,2024-06-06 10:54:18,3082815,3083073
872123,,5,2024-06-03 14:39:14,3082815,3083073
8035932,,5,2024-05-25 10:35:22,3082815,3083073
17453434,,5,2024-05-05 16:58:51,3082815,3083073
27015616,Hay,5,2023-02-01 14:48:26,3082815,3083073
22565926,sách dày dặn chất lượng nha mọi người yên tâm mà mua tiki trading,5,2021-10-24 15:51:48,3082815,3083073
23783813,,5,2024-04-26 13:41:08,3082815,3083073
27940201,.,5,2023-02-05 20:10:28,3082815,3083073
22407891,,5,2024-04-22 09:26:06,3082815,3083073
1086186,,5,2024-03-29 10:16:51,3082815,3083073
5740981,,5,2024-02-22 07:59:48,3082815,3083073
173946,,5,2024-02-21 14:20:46,3082815,3083073
29773205,,5,2024-02-12 21:33:37,3082815,3083073
14547087,,5,2024-02-07 18:30:44,3082815,3083073
6012022,,5,2024-01-29 21:41:46,3082815,3083073
1993841,,5,2024-01-18 21:12:07,3082815,3083073
16725018,,5,2024-01-13 23:04:23,3082815,3083073
13817395,,5,2024-01-12 15:42:35,3082815,3083073
17085541,,5,2021-07-27 12:14:33,3082815,3083073
18564529,"Giao hàng cực nhanh, chất lượng sách rất tốt, Hình thức bề ngoài rất đẹp Mình đã đọc qua ebooks và thấy có nhiều kiến thức để học hỏi nên đã chọn mua",5,2020-09-29 11:13:52,3082815,3083073
23368249,,5,2023-12-16 19:00:50,3082815,3083073
17824027,Không chỉ là tự truyện đây còn là một quyển self-help và động lực vô cùng hữu ích cho bất kì ai đang cần một lực đẩy cho bản thân.,5,2021-02-28 20:20:01,3082815,3083073
16952490,,5,2023-12-07 17:15:35,3082815,3083073
22305583,,5,2023-12-01 17:15:35,3082815,3083073
376156,Sách vĩ nhân rất hay cho giáo dục bản thân và con trẻ!,5,2022-10-29 13:44:18,3082815,3083073
29098833,,5,2023-11-22 12:40:25,3082815,3083073
27592109,Sách đẹp,5,2022-06-19 09:53:14,3082815,3083073
16326962,,5,2023-10-20 20:40:18,3082815,3083073
29064883,,5,2023-10-20 19:25:33,3082815,3083073
23283361,,5,2023-10-17 14:18:20,3082815,3083073
13826434,,5,2023-10-15 14:34:54,3082815,3083073
947920,,5,2023-10-13 20:08:05,3082815,3083073
8592535,,5,2023-10-11 09:48:49,3082815,3083073
6046012,,5,2023-09-24 07:06:26,3082815,3083073
6753313,,5,2023-09-13 05:25:59,3082815,3083073
22911751,,5,2023-09-09 01:18:34,3082815,3083073
15192096,tuyệt,5,2023-07-28 16:59:59,3082815,3083073
784606,,5,2023-09-03 23:01:44,3082815,3083073
22087421,,5,2023-08-24 22:27:36,3082815,3083073
15842545,Tuyệt vời,5,2023-06-02 08:34:28,3082815,3083073
11212808,,5,2023-08-05 11:55:43,3082815,3083073
19543363,Giao hàng nhanh và đóng gói chất lượng :)),5,2021-07-17 08:22:59,3082815,3083073
24572260,Hay,5,2023-07-11 11:09:42,3082815,3083073
17925715,"Nhờ web5ngay mình biết đến ông ""Ben"", mới mua về nên chưa kịp đọc. Ngoại hình ổn, giao hàng nhanh sớm hơn 3 ngày. Cảm ơn thầy 5, cảm ơn tiki!",5,2020-08-26 18:35:44,3082815,3083073
29166705,,5,2023-07-15 05:22:18,3082815,3083073
18666141,,5,2023-07-11 17:15:56,3082815,3083073
13881947,,5,2023-07-02 09:12:05,3082815,3083073
13531360,"Sách đẹp! Nội dung hay! Vù là cuốn tự truyện, nên mỗi người sẽ cảm nhận và rút ra bài học riêng!",5,2021-06-13 06:11:18,3082815,3083073
22145799,,5,2023-06-17 17:54:17,3082815,3083073
26356001,,5,2023-06-16 10:31:54,3082815,3083073
21940481,,5,2023-06-15 10:19:19,3082815,3083073
11706726,,5,2023-06-11 08:04:20,3082815,3083073
13806471,,5,2023-05-18 07:44:32,3082815,3083073
28928657,,5,2023-05-17 20:03:43,3082815,3083073
19222479,Giao nhanh. Shipper rất nhiệt tình. Bao bì cẩn thận nhưng chờ vài hôm mới mở vì sợ covid.,5,2021-07-19 14:18:04,3082815,3083073
6331447,,5,2023-05-13 21:49:47,3082815,3083073
22196706,rất tốt nhé,5,2023-01-27 14:32:23,3082815,3083073
13921225,bìa bên ngoài và chất lượng giấy thì ok còn nd thì khỏi bàn rồi,5,2020-10-24 23:12:28,3082815,3083073
26800394,,5,2023-04-28 07:50:08,3082815,3083073
16908293,"Chất lượng tốt, giao hàng nhanh!",5,2021-06-12 20:51:58,3082815,3083073
17119810,Đợi mãi mới mua được quyển sách mình thích. Sách đẹp tuyệt.,5,2020-10-13 06:45:06,3082815,3083073
17774917,,5,2023-03-11 12:32:29,3082815,3083073
8942170,"Sách hay, dễ đọc, dễ hiểu!!",5,2022-07-25 14:54:10,3082815,3083073
22209999,Hay,5,2021-11-25 11:45:38,3082815,3083073
7515512,,5,2021-12-07 00:49:41,3082815,3083073
5089178,,5,2023-02-17 10:48:39,3082815,3083073
13699162,,5,2023-02-14 14:02:46,3082815,3083073
1022870,cực kì đáng đọc,5,2021-07-16 11:25:48,3082815,3083073
13525050,,5,2023-01-30 16:54:19,3082815,3083073
1286724,Mình vẫn chưa đọc xong,5,2021-05-30 09:01:14,3082815,3083073
7207087,,5,2023-01-24 21:01:11,3082815,3083073
984833,"Sách chất lượng cực kì tốt, bìa thiết kế rất bắt mắt, nội dung tuyệt vời.",5,2021-05-31 16:34:09,3082815,3083073
16342313,,5,2023-01-04 00:01:10,3082815,3083073
7621628,,5,2021-10-16 11:48:57,3082815,3083073
8119131,Tác phẩm xuất sắc,5,2022-08-09 11:52:22,3082815,3083073
20277323,giao rất nhanh 5 sao cho tiki,5,2021-04-16 06:47:48,3082815,3083073
21617052,,5,2022-12-19 13:03:12,3082815,3083073
7165593,Ok,5,2021-09-24 19:16:30,3082815,3083073
13957286,,5,2022-12-16 13:34:34,3082815,3083073
22235987,,5,2022-12-15 17:52:12,3082815,3083073
15699070,,5,2022-12-14 11:38:44,3082815,3083073
18953928,,5,2022-12-13 12:03:48,3082815,3083073
17589089,,5,2022-12-12 11:11:04,3082815,3083073
20262036,,5,2022-12-12 06:17:40,3082815,3083073
5639423,,5,2022-12-03 22:39:10,3082815,3083073
11281259,,5,2022-12-03 18:31:09,3082815,3083073
21400981,Good,5,2022-11-08 05:58:49,3082815,3083073
24678151,,5,2022-11-30 12:13:35,3082815,3083073
13483128,"sách giao bìa đẹp , sách rất hay mọi người nên đọc",5,2021-10-24 20:50:46,3082815,3083073
2093175,,5,2022-11-11 11:14:17,3082815,3083073
1892164,,5,2022-11-04 18:14:32,3082815,3083073
7674410,"Sản phẩm giao nhanh, sách mới đẹp thanks!!!",5,2020-10-09 09:49:20,3082815,3083073
1282193,,5,2022-10-25 18:05:32,3082815,3083073
24800921,,5,2022-10-23 10:29:00,3082815,3083073
8751166,sách hay,5,2021-06-14 11:21:23,3082815,3083073
2198073,Sách giao nhanh.,5,2022-06-27 19:44:16,3082815,3083073
2118976,Sách đẹp. Nội dung mang nhiều giá trị lớn.,5,2021-11-04 00:03:12,3082815,3083073
13790492,,5,2022-09-15 10:42:13,3082815,3083073
1191366,,5,2021-06-30 22:21:24,3082815,3083073
22736207,"Cực hài lòng. In đẹp, phông chữ mình cũng rất thích.",5,2021-08-03 16:51:20,3082815,3083073
17436424,Cực kỳ hài lòng,5,2021-02-04 09:55:17,3082815,3083073
9843306,,5,2022-08-12 21:54:37,3082815,3083073
10252774,,5,2021-05-29 07:24:01,3082815,3083073
1197308,,5,2022-08-02 09:31:19,3082815,3083073
17057000,"Sách rất ổn, bìa đẹp. Nội dung hay vô vùng",5,2021-09-09 20:34:56,3082815,3083073
1658589,perfect,5,2022-06-15 15:19:36,3082815,3083073
7232084,"Mua 2 quyển, chất lượng rất ok!",5,2020-09-11 19:09:24,3082815,3083073
20290164,Sách rất hay và ý nghĩa. sách đẹp,5,2021-11-05 01:07:29,3082815,3083073
480164,,5,2022-07-13 20:57:43,3082815,3083073
15169513,OK,5,2022-06-27 13:48:22,3082815,3083073
1382697,,5,2022-07-05 22:46:08,3082815,3083073
14238066,,5,2022-06-23 07:20:57,3082815,3083073
168537,,5,2021-04-07 15:39:15,3082815,3083073
269371,,5,2022-06-19 19:02:18,3082815,3083073
27605229,,5,2022-06-19 15:24:37,3082815,3083073
295379,Rất thích,5,2021-01-26 10:44:47,3082815,3083073
19493101,,5,2022-06-06 15:53:21,3082815,3083073
5478419,Good,5,2021-02-20 16:56:17,3082815,3083073
8711561,Hài lòng bì giao hàng nhanh,5,2021-11-20 09:35:30,3082815,3083073
5885700,,5,2021-03-06 20:54:53,3082815,3083073
11278122,Có nhiều thứ cần suy nghĩ,5,2021-11-06 22:44:07,3082815,3083073
8788761,,5,2022-05-18 16:25:06,3082815,3083073
6072380,,5,2021-02-21 17:38:12,3082815,3083073
1513774,Mua sách vì Web5ngay ngày có giới thiệu. Đọc một vài trang thấy rất hay !,5,2020-11-16 16:19:18,3082815,3083073
14917747,Vì mình yêu nhân vật này ạ,5,2021-10-07 16:01:52,3082815,3083073
13514121,mình chưa đọc nhưng bao bì sách nhìn rất tốt,5,2021-04-11 12:44:35,3082815,3083073
16851082,sách hay nên đọc,5,2021-11-01 17:53:55,3082815,3083073
19616,Sách chất lượng,5,2021-10-26 15:06:34,3082815,3083073
7260302,sách hay có rất nhiều bài học bổ ích,5,2021-05-11 06:53:16,3082815,3083073
17179026,,5,2020-12-01 19:28:00,3082815,3083073
7924809,cách làm việc chuyên nghiệp của Tiki nếu vẫn duy trì và liên tục cải tiến tôi tin các bạn sẽ thành công,5,2018-09-25 22:05:04,3082815,3083073
894559,"sách mới tinh, đóng gói cẩn thận",5,2021-05-20 13:33:52,3082815,3083073
12275453,,5,2022-01-18 14:00:48,3082815,3083073
11602666,,5,2022-01-02 11:38:59,3082815,3083073
13629398,sách rất đẹp nên chưa đọc nên không đánh giá chi tiết được,5,2020-09-17 14:01:38,3082815,3083073
20155736,"Quá hay về nhà kiệt xuất, vĩ nhân nhân loại",5,2021-02-04 18:12:03,3082815,3083073
9025825,sách đẹp,5,2021-10-16 19:11:23,3082815,3083073
1464775,,5,2021-12-24 07:06:56,3082815,3083073
8507137,Giao hàng tốt,5,2021-09-20 18:44:57,3082815,3083073
21883400,giao hàng nhanh lắm,5,2021-08-15 16:23:19,3082815,3083073
5865568,Sách đẹp,5,2021-10-11 15:16:33,3082815,3083073
21337831,,5,2021-12-20 10:10:29,3082815,3083073
310980,Sách hay,5,2021-10-20 11:12:04,3082815,3083073
8430047,,5,2021-12-08 16:11:51,3082815,3083073
13606019,Chưa đọc. Sách đẹp lắm nha mn,5,2021-04-19 10:58:39,3082815,3083073
10113442,,5,2021-11-27 14:40:11,3082815,3083073
5746211,,5,2021-11-26 09:55:27,3082815,3083073
13547537,,5,2021-11-25 16:30:19,3082815,3083073
6606038,Sách rất đáng đọc,5,2021-06-28 22:39:06,3082815,3083073
5200753,,5,2021-11-21 09:38:53,3082815,3083073
8873386,hay,5,2021-10-30 15:00:34,3082815,3083073
1514639,,5,2021-11-16 16:04:00,3082815,3083073
19123635,,5,2021-11-14 19:02:48,3082815,3083073
21068563,,5,2021-11-12 12:08:37,3082815,3083073
16625870,,5,2021-11-09 18:15:36,3082815,3083073
7982127,,5,2021-11-08 12:41:58,3082815,3083073
20204281,,5,2021-11-04 05:46:13,3082815,3083073
13609050,,5,2021-11-02 21:40:43,3082815,3083073
13113917,,5,2021-11-02 15:46:19,3082815,3083073
1657813,,5,2021-11-02 14:44:47,3082815,3083073
690317,Ok,5,2021-10-21 21:50:53,3082815,3083073
23147057,,5,2021-11-01 14:01:36,3082815,3083073
22283692,,5,2021-11-01 08:35:35,3082815,3083073
12773736,,5,2021-10-30 21:50:07,3082815,3083073
18518944,,5,2021-10-30 15:09:28,3082815,3083073
9889930,đẹp,5,2021-09-25 04:50:27,3082815,3083073
22122499,,5,2021-10-22 07:28:42,3082815,3083073
1136678,"chưa đọc, nhưng thấy chất lượng in tốt đó",5,2020-11-23 02:12:05,3082815,3083073
5291254,,5,2021-10-20 14:46:35,3082815,3083073
5310600,Hay,5,2021-10-02 17:38:31,3082815,3083073
2025637,,5,2021-10-17 16:48:45,3082815,3083073
10133786,,5,2021-10-17 12:23:29,3082815,3083073
10511084,,5,2021-10-16 15:33:20,3082815,3083073
10735988,,5,2021-10-15 10:51:00,3082815,3083073
165616,,5,2021-10-09 08:36:15,3082815,3083073
10768131,,5,2021-10-06 19:06:20,3082815,3083073
17025691,,5,2021-10-05 17:16:38,3082815,3083073
5886406,,5,2021-10-04 10:34:29,3082815,3083073
282943,"Sách hay, hình thức đẹp, vận chuyển nhanh",5,2020-12-03 15:15:21,3082815,3083073
10617893,sách đẹp :P,5,2021-07-03 21:36:17,3082815,3083073
5307849,,5,2021-09-29 12:38:49,3082815,3083073
16235283,,5,2021-09-24 21:19:40,3082815,3083073
10519431,,5,2021-09-22 20:39:57,3082815,3083073
10795355,,5,2021-09-21 21:02:02,3082815,3083073
14269216,,5,2021-09-20 17:02:17,3082815,3083073
17183806,,5,2021-09-18 14:07:50,3082815,3083073
628117,,5,2021-09-18 12:27:55,3082815,3083073
10915862,ok,5,2021-09-06 08:07:54,3082815,3083073
8713951,,5,2021-09-15 15:36:20,3082815,3083073
12617095,,5,2021-09-14 12:15:41,3082815,3083073
12063649,Sách đẹp ạ,5,2021-06-10 15:20:45,3082815,3083073
13353048,,5,2021-09-08 06:30:11,3082815,3083073
16365003,nên đọc,5,2021-07-05 15:39:12,3082815,3083073
22491301,,5,2021-09-02 15:57:37,3082815,3083073
8680489,,5,2021-09-02 13:06:09,3082815,3083073
6231426,"Tuyệt vời, sách đẹp, sạch, không nhăn hay trầy",5,2020-09-08 07:18:14,3082815,3083073
7912852,,5,2021-08-22 11:59:23,3082815,3083073
170027,,5,2021-08-21 18:25:25,3082815,3083073
22422587,,5,2021-08-20 16:07:53,3082815,3083073
11524668,,5,2021-08-18 17:16:23,3082815,3083073
11473767,,5,2021-08-17 09:01:03,3082815,3083073
18264889,,5,2021-08-16 17:38:30,3082815,3083073
16802008,,5,2021-08-15 16:11:41,3082815,3083073
6288728,Sách hay hài lòng về sản phẩm này,5,2020-12-04 19:07:02,3082815,3083073
1824234,,5,2021-08-07 15:55:23,3082815,3083073
18080797,,5,2021-08-06 22:50:44,3082815,3083073
6995189,,5,2021-08-06 11:27:08,3082815,3083073
7012849,,5,2021-08-05 22:09:02,3082815,3083073
21217240,,5,2021-08-04 14:11:58,3082815,3083073
510847,,5,2021-08-03 21:50:28,3082815,3083073
96294,,5,2021-07-31 21:03:36,3082815,3083073
10131853,"Sách hay, ông kể khá nhiều việc trong cuộc đời ông, đặc biệt là cách rèn luyện đức tính cỏ lẽ khá có ích.",5,2019-04-19 14:23:39,3082815,3083073
14349784,,5,2021-07-24 14:15:38,3082815,3083073
17331478,,5,,3082815,3083073
20464711,,5,2021-07-22 16:09:18,3082815,3083073
22656868,,5,,3082815,3083073
146861,,5,,3082815,3083073
20491001,,5,2021-07-18 15:46:05,3082815,3083073
5524241,,5,,3082815,3083073
9666796,,5,2021-07-16 15:49:14,3082815,3083073
6044249,,5,2021-07-13 11:03:34,3082815,3083073
172593,,5,2021-07-12 20:22:59,3082815,3083073
7921347,,5,2021-07-11 23:00:51,3082815,3083073
12651273,,5,2021-07-11 13:53:06,3082815,3083073
9134993,,5,,3082815,3083073
14055315,,5,2021-07-09 16:26:14,3082815,3083073
301998,,5,2021-07-09 07:55:17,3082815,3083073
678138,,5,2021-07-08 19:35:42,3082815,3083073
5652979,,5,2021-07-08 12:24:37,3082815,3083073
20290037,,5,,3082815,3083073
1468405,,5,2021-07-04 12:01:33,3082815,3083073
191091,,5,2021-07-03 15:03:32,3082815,3083073
12192662,,5,2021-07-03 09:26:11,3082815,3083073
13659804,Đáng đọc,5,2021-04-17 20:03:35,3082815,3083073
8025994,,5,2021-06-29 20:47:56,3082815,3083073
15928315,,5,2021-06-28 15:04:30,3082815,3083073
13356649,,5,2021-06-25 19:33:19,3082815,3083073
13493839,,5,2021-06-25 10:37:55,3082815,3083073
17945006,h,5,2021-06-18 10:36:37,3082815,3083073
16162053,,5,2021-06-22 10:56:53,3082815,3083073
7111553,,5,2021-06-21 11:36:10,3082815,3083073
6231789,,5,2021-06-20 15:38:54,3082815,3083073
21085243,,5,2021-06-19 14:03:40,3082815,3083073
9749116,,5,2021-06-18 13:52:28,3082815,3083073
21425164,,5,2021-06-16 14:19:01,3082815,3083073
8501666,Rất hay.,5,2021-04-17 21:47:20,3082815,3083073
5451001,Ok,5,2021-05-29 16:20:58,3082815,3083073
685894,,5,2021-06-07 23:22:25,3082815,3083073
22040502,,5,2021-06-06 12:08:53,3082815,3083073
337609,,5,2021-06-05 22:23:44,3082815,3083073
14210943,,5,2021-06-04 17:56:59,3082815,3083073
16494231,,5,2021-06-03 18:24:04,3082815,3083073
19348207,Ok,5,2021-05-22 15:30:09,3082815,3083073
20715540,hay,5,2021-05-16 12:44:13,3082815,3083073
9787631,,5,2021-06-02 10:39:38,3082815,3083073
6557628,,5,2021-06-02 09:04:05,3082815,3083073
12733516,,5,2021-06-02 07:41:51,3082815,3083073
17265075,,5,2021-05-30 13:25:05,3082815,3083073
21566690,,5,2021-05-29 12:19:39,3082815,3083073
19091469,rất hay,5,2021-04-06 15:20:32,3082815,3083073
15080314,,5,2021-05-27 21:24:25,3082815,3083073
17374988,,5,2021-05-24 09:47:27,3082815,3083073
194209,,5,2021-05-19 15:57:03,3082815,3083073
17421550,,5,2021-05-19 14:07:32,3082815,3083073
21440415,,5,2021-05-18 09:39:15,3082815,3083073
16732792,sách hay,5,2021-03-25 12:44:29,3082815,3083073
13214412,,5,2021-05-14 15:40:30,3082815,3083073
11805363,,5,2021-05-12 13:36:34,3082815,3083073
13804149,,5,2021-05-10 10:34:44,3082815,3083073
17775680,,5,2021-05-09 10:52:38,3082815,3083073
899763,,5,2021-05-08 08:52:09,3082815,3083073
486461,,5,2021-05-01 07:31:04,3082815,3083073
11543605,,5,2021-04-30 10:11:33,3082815,3083073
6426142,,5,2021-04-26 22:05:38,3082815,3083073
11849066,,5,2021-04-23 17:50:05,3082815,3083073
12047634,,5,2021-04-22 20:02:32,3082815,3083073
7451968,,5,2021-04-18 12:40:58,3082815,3083073
2179362,,5,2021-04-17 21:53:30,3082815,3083073
958423,,5,2021-04-13 13:48:58,3082815,3083073
18955173,,5,2021-04-11 19:09:38,3082815,3083073
6507030,,5,2021-04-10 10:34:19,3082815,3083073
6994389,,5,2021-04-07 11:14:45,3082815,3083073
9874254,sản phẩm rất tốt,5,2020-11-16 08:21:37,3082815,3083073
759113,,5,2021-04-04 21:10:47,3082815,3083073
14719430,,5,2021-04-04 14:22:00,3082815,3083073
103933,,5,2021-04-04 12:35:34,3082815,3083073
11711307,,5,2021-04-03 18:52:12,3082815,3083073
1378284,,5,,3082815,3083073
6615083,,5,,3082815,3083073
9437451,,5,2021-04-01 15:35:15,3082815,3083073
17383672,,5,2021-04-01 11:05:10,3082815,3083073
18893428,,5,2021-03-31 15:22:06,3082815,3083073
8714895,,5,2021-03-29 17:37:48,3082815,3083073
20201508,,5,2021-03-28 18:31:09,3082815,3083073
7785260,,5,2021-03-28 10:10:27,3082815,3083073
605135,,5,2021-03-24 08:53:11,3082815,3083073
11694292,,5,2021-03-23 23:36:20,3082815,3083073
1045664,,5,2021-03-21 08:36:11,3082815,3083073
10758101,,5,2021-03-21 05:14:57,3082815,3083073
5308732,"Sách hay,bọc hàng cẩn thận",5,2020-09-02 21:09:21,3082815,3083073
1167464,,5,2021-03-20 11:11:58,3082815,3083073
14022365,,5,2021-03-20 08:13:01,3082815,3083073
5674402,,5,2021-03-18 19:09:26,3082815,3083073
6111800,ok ?,5,2021-02-22 09:34:42,3082815,3083073
855831,,5,2021-03-17 12:06:39,3082815,3083073
7623565,rất hay,5,2021-01-23 09:29:19,3082815,3083073
18385584,,5,2021-03-16 23:49:35,3082815,3083073
1796120,,5,2021-03-16 22:47:21,3082815,3083073
14637175,,5,2021-03-15 19:27:26,3082815,3083073
8410808,,5,2021-03-14 13:53:52,3082815,3083073
5526747,,5,2021-03-10 21:49:41,3082815,3083073
1958918,,5,2021-03-10 17:28:31,3082815,3083073
8799997,,5,2021-03-10 09:27:34,3082815,3083073
6909280,,5,2021-03-09 12:56:43,3082815,3083073
12132914,,5,2021-03-08 04:58:40,3082815,3083073
11568023,,5,2021-03-07 19:47:50,3082815,3083073
20028414,,5,2021-03-04 13:31:17,3082815,3083073
5745198,Oke,5,2021-02-14 22:10:03,3082815,3083073
1832013,,5,2021-03-02 20:45:25,3082815,3083073
18348682,,5,2021-03-02 13:38:20,3082815,3083073
20365415,,5,2021-03-01 18:04:56,3082815,3083073
2149996,,5,2021-02-27 17:00:22,3082815,3083073
5427575,,5,2021-02-27 14:15:21,3082815,3083073
20331509,,5,2021-02-26 22:01:56,3082815,3083073
12062926,Sách hay,5,2021-01-04 10:54:43,3082815,3083073
6588832,,5,2021-02-25 15:07:24,3082815,3083073
19324225,,5,2021-02-25 11:11:28,3082815,3083073
7903777,,5,2021-02-24 22:38:05,3082815,3083073
9882175,,5,2021-02-23 10:34:59,3082815,3083073
17884,,5,2021-02-23 00:46:12,3082815,3083073
11320772,Sách hay,5,2020-12-30 15:32:34,3082815,3083073
5554081,,5,2021-02-18 11:16:32,3082815,3083073
5781766,,5,2021-02-17 23:35:39,3082815,3083073
5777816,,5,2021-02-17 21:35:17,3082815,3083073
7369188,,5,2021-02-17 16:20:16,3082815,3083073
20046917,,5,2021-02-17 15:46:50,3082815,3083073
17370086,,5,2021-02-17 11:16:57,3082815,3083073
17190597,,5,2021-02-15 23:09:14,3082815,3083073
18036637,,5,2021-02-13 20:37:08,3082815,3083073
5510397,,5,2021-02-13 08:47:25,3082815,3083073
19298218,hay,5,2021-01-26 09:38:45,3082815,3083073
6827079,,5,2021-02-06 23:25:58,3082815,3083073
7144438,,5,2021-02-05 18:03:03,3082815,3083073
1053518,,5,2021-02-05 11:10:12,3082815,3083073
712142,,5,2021-02-03 09:43:20,3082815,3083073
15441457,,5,2021-02-02 05:42:42,3082815,3083073
13474283,,5,2021-02-01 22:50:45,3082815,3083073
18589,,5,2021-01-30 22:26:25,3082815,3083073
13333129,,5,2021-01-29 21:04:59,3082815,3083073
8048283,,5,2021-01-29 14:06:11,3082815,3083073
8447728,,5,2021-01-27 21:34:20,3082815,3083073
11618922,Các bạn cứ đọc đi tự tìm hiểu tại sao ông lại trên tờ 100$.,5,2019-10-05 17:58:15,3082815,3083073
614252,,5,2021-01-22 01:01:21,3082815,3083073
9970974,,5,2021-01-20 14:21:46,3082815,3083073
10841035,,5,2021-01-20 13:40:39,3082815,3083073
12785797,,5,2021-01-20 12:55:46,3082815,3083073
83476,,5,2021-01-18 22:20:01,3082815,3083073
711560,,5,2021-01-12 13:34:46,3082815,3083073
19472207,,5,2021-01-12 09:26:42,3082815,3083073
15020385,ok,5,2020-12-27 21:15:58,3082815,3083073
6822954,,5,2021-01-07 23:03:26,3082815,3083073
19245001,,5,2021-01-07 12:53:31,3082815,3083073
12670913,,5,2021-01-06 17:44:03,3082815,3083073
11033050,,5,2021-01-06 01:51:52,3082815,3083073
19402992,,5,2021-01-05 13:59:12,3082815,3083073
5639876,,5,2021-01-05 00:02:33,3082815,3083073
10372086,,5,2021-01-03 20:23:19,3082815,3083073
15828477,,5,2020-12-31 23:06:17,3082815,3083073
680640,,5,2020-12-31 08:18:23,3082815,3083073
5499845,,5,2020-12-30 19:08:29,3082815,3083073
109080,,5,2020-12-29 21:35:38,3082815,3083073
7917580,,5,2020-12-28 07:28:36,3082815,3083073
1434218,,5,2020-12-26 18:18:54,3082815,3083073
11011844,,5,2020-12-24 18:14:00,3082815,3083073
16902019,,5,2020-12-23 19:54:43,3082815,3083073
15200696,,5,2020-12-19 13:13:29,3082815,3083073
632553,,5,2020-12-19 07:26:12,3082815,3083073
5395232,,5,2020-12-17 22:33:10,3082815,3083073
19560867,,5,2020-12-17 14:48:39,3082815,3083073
706637,,5,2020-12-17 14:15:51,3082815,3083073
781389,,5,2020-12-16 21:49:19,3082815,3083073
1510990,,5,2020-12-16 00:26:37,3082815,3083073
5115156,,5,2020-12-15 12:04:50,3082815,3083073
2060494,,5,2020-12-14 08:04:52,3082815,3083073
14486656,,5,2020-12-13 12:39:35,3082815,3083073
13934866,,5,2020-12-12 20:12:53,3082815,3083073
10586320,ok,5,2020-11-29 22:14:31,3082815,3083073
8534819,Tốt,5,2020-11-11 15:07:18,3082815,3083073
5673957,,5,2020-12-10 00:50:17,3082815,3083073
16632320,,5,2020-12-08 10:41:45,3082815,3083073
1312277,,5,2020-12-05 07:43:12,3082815,3083073
1968632,,5,2020-12-04 14:49:48,3082815,3083073
16902237,,5,2020-12-03 10:02:11,3082815,3083073
862791,,5,2020-12-01 18:45:52,3082815,3083073
9121857,,5,2020-12-01 14:48:37,3082815,3083073
1895509,,5,2020-11-29 20:13:12,3082815,3083073
7930767,,5,2020-11-27 08:36:16,3082815,3083073
17888470,,5,2020-11-24 22:13:56,3082815,3083073
1017586,,5,2020-11-23 15:16:52,3082815,3083073
16270225,,5,2020-11-20 20:57:11,3082815,3083073
435994,,5,2020-11-19 06:25:30,3082815,3083073
15898161,,5,2020-11-19 05:50:55,3082815,3083073
7443141,,5,2020-11-18 06:55:40,3082815,3083073
18652185,,5,2020-11-16 21:23:49,3082815,3083073
6826609,,5,2020-11-06 18:42:03,3082815,3083073
411937,,5,2020-11-02 10:11:10,3082815,3083073
274802,,5,2020-10-28 14:26:00,3082815,3083073
409553,,5,2020-10-27 22:28:32,3082815,3083073
5223795,,5,2020-10-27 07:46:17,3082815,3083073
5400529,,5,2020-10-25 17:29:50,3082815,3083073
7068002,,5,2020-10-24 19:20:54,3082815,3083073
1960553,,5,2020-10-18 01:30:32,3082815,3083073
18820600,,5,2020-10-17 09:34:14,3082815,3083073
658177,,5,2020-10-16 05:46:58,3082815,3083073
1681376,,5,2020-10-14 12:42:40,3082815,3083073
7244770,,5,2020-10-09 21:06:56,3082815,3083073
920848,,5,2020-10-08 22:21:47,3082815,3083073
3702110,,5,2020-10-08 16:46:44,3082815,3083073
15335286,,5,2020-10-06 16:30:57,3082815,3083073
11137861,,5,2020-10-03 22:19:58,3082815,3083073
13066133,,5,2020-10-03 17:05:21,3082815,3083073
11519979,,5,2020-09-29 14:10:36,3082815,3083073
5819245,,5,2020-09-27 09:34:13,3082815,3083073
795672,,5,2020-09-22 20:08:06,3082815,3083073
10295793,,5,2020-09-22 14:31:22,3082815,3083073
1854961,,5,2020-09-18 09:53:56,3082815,3083073
1687682,,5,2020-09-17 22:21:43,3082815,3083073
6756384,,5,2020-09-16 22:06:25,3082815,3083073
11943776,,5,2020-09-14 12:27:43,3082815,3083073
6964508,,5,2020-09-11 09:48:11,3082815,3083073
497927,,5,2020-09-11 08:26:46,3082815,3083073
18171058,,5,2020-09-09 21:11:41,3082815,3083073
169452,,5,2020-09-05 23:38:34,3082815,3083073
18220820,,5,2020-08-27 22:36:23,3082815,3083073
1840560,,5,2020-08-28 08:58:05,3082815,3083073
7407090,,5,2020-08-20 20:44:30,3082815,3083073
12273250,"Quyển tự truyện của Benjamin Franklin kể về giai đoạn cuộc đời ông 17***. Quyển tự truyện được viết một mạch từ khi ông sinh ra, trải qua thời thiếu niên thế nào cho đến khi trở thành thành viên của Quốc hội. Ông là một trong những người tài ba và đức độ, cực kỳ thông minh của nước Mỹ. Theo như đánh giá của dịch giả, nếu ông sinh ra ở những thời đại trước đó, có thể ông sẽ là người tiên phong và lãnh đạo của một tôn giáo mới. Ông là người thích viết, đam mê đọc sách, tìm tòi nghiên cứu, đam mê ngành in và viết báo. Dành thời gian rãnh của mình vào sách chứ không tiêu khiển thú vui nào khác. Một số đóng góp tích cực của ông cho nước Mỹ nói riêng và thế giới nói chung: - Sáng lập câu lạc bộ Junto hay câu lạc bộ “Tạp dề da” để thoả mãn nhu cầu tranh luận, đọc sách của mình. Tiền thân của những thư viện khổng lồ và cách quản thư sau này. Tiến tới đó là thành lập thư viện Philadelphia. - Tự học và có thể giao tiếp lưu loát tiếng Pháp, Ý, Tây Ban Nha, Anh, Latin. Trở thành thư ký Quốc hội và thành lập Liên Minh Chữa Cháy của Philadenphia. - Được bầu vào Quốc hội, làm thứ trưởng Bộ bưu điện - Phát minh ra lò sưởi mở hay còn gọi là lò sưởi Franklin - Xây dựng học viện và phát triển lên thành Đại học Pennsylvania - Thành lập Hiệp hội Khoa học Mỹ - Hỗ trợ xây dựng một bệnh viện - Phát minh về bản chất của sấm sét và được bầu làm thành viên của Hiệp Hội Khoa Học Hoàng Gia - Được bổ nhiệm làm cao uỷ của Pennysylvania, đề xuất kế hoạch liên hiệp các thuộc địa - Dùng tài sản cá nhân huy động cung cứng cho quân đội của Braddocks, thông qua một dự luật quân tình nguyện, được phong hàm Đại tá và chỉ huy quân đội. Với thời đại mình, ông được kính trọng và được xem là một trong những người vĩ đại xuất chúng. Biết suy nghĩ cho cộng đồng và đặt nền tảng ban đầu cho các chính sách an sinh phát triển xã hội sau này. Vì sách không chia ra thành từng chương đoạn nên người đọc cảm thấy hơi “hụt hơi” và không có điểm dừng nhẹ trước khi đọc tới một sự kiện mới.",3,2021-07-30 16:51:00,3082815,3083073
457700,"- Về hình thức: Sách đẹp, chất lượng giấy tốt, sạch sẽ, không bị dính trang. Tuy nhiên, về phần dịch và edit sách còn nhiều lỗi, vài chỗ bị thiếu từ, lặp từ, sai chính tả (rất ít). Những lỗi này mình ít gặp ở những quyển sách mình từng đọc nên mong nhà xuất bản chỉnh sửa trau chuốt hơn. - Về nội dung: Quyển sách rất hay, rất cuốn hút. Vì đây là lời kể của chính Benjamin Franklin nên sẽ có nhiều cảm xúc, nhấn mạnh cần thiết của ông truyền đến thế hệ sau. Quyển sách này quả thực mang đến cho người đọc nhiều bài học thực tế, rất đáng học theo.",4,2021-03-10 11:50:11,3082815,3083073
580175,"Sách rất hay, kể về người cha già vĩ đại của nước Mỹ. Hành trình hình thành và tạo nên những đức tính dẫn dắt ông đến thành công. Tuy nhiên, mình cho 1 sao để Tiki chấn chỉnh lại dịch vụ bao sách, vì mình là 1 người yêu sách nên muốn cuốn sách phải được bảo vệ cẩn thận. Xin cảm ơn.",1,2021-08-07 10:36:33,3082815,3083073
6173218,"Nội dung sách thì mình không phải bàn rồi, nhưng mà bên nhà xuất bản nên kiểm tra lại kỹ nội dung trước khi in. Mình thấy được tầm nửa cuốn thì lỗi 'đánh máy, viết thiếu, viết sai' xuất hiện khá nhiều. Việc này vô tình khiến cho mình khá là khó chịu khi gặp những lỗi này thường xuyên như vậy.",4,2020-11-20 13:07:36,3082815,3083073
11013,"Sách đẹp, có bookcare, nội dung thì tùy độc giả tuy nhiên văn phong hơi cũ, mà nhiều câu chuyện ko lôi cuốn lắm.",4,2021-09-11 19:21:49,3082815,3083073
19511889,"Sách đẹp, nhưng đóng gói chưa được kỹ. Mấy lần mua hàng gần đây, khi nhận lúc nào hộp gói hàng cũng bị bể toét, làm cho sách bị cong, tróc các gốc sách",4,2021-07-09 14:27:16,3082815,3083073
12804101,sách mới và thơm tho nhưng cần gói hàng kỹ hơn,4,2022-05-27 20:56:12,3082815,3083073
21646975,Câu chuyện về 1 nhà lãnh đạo vỹ đại. Lo cho cs người nô lệ khổ cực,4,2024-04-08 20:36:44,3082815,3083073
12491929,,4,2025-09-21 10:20:31,3082815,3083073
6468863,"Đọc dài dòng lê thê, không như đánh giá và giới thiệu",1,2024-07-21 05:43:02,3082815,3083073
19094795,Nội dung thì không phải bàn chắc chắn phải đọc lại thêm 2-3 lần mới thấm hết đk nội dung trong sách 3 sao vì dịch sai và thiếu từ quá nhiều,3,2021-06-27 17:26:44,3082815,3083073
18371899,Giao hàng chậm hơn so với thông báo của app 2 ngày.,4,2022-12-03 21:04:55,3082815,3083073
804023,,4,2025-01-11 15:56:45,3082815,3083073
1565999,Sách k được bọc gì ma cho thẳng vào hộp catton luôn haizz mọi lần toàn được bọc cẩn thận và sách mới lần này nhìn sách cũ,3,2021-02-05 23:51:52,3082815,3083073
13642427,,4,2024-10-10 12:40:23,3082815,3083073
17757641,,4,2024-08-29 22:03:18,3082815,3083073
1749180,Mua ở tiki rất hay bị nhăn tnay,4,2021-08-07 08:53:41,3082815,3083073
6206905,"đây là cuốn tự truyện của Benjamin Franklin từ năm 1706 ( lúc ông sinh ra ) đến năm 1757 do vậy mà không đầy đủ về cuộc đời ông. Review cho mọi người tránh mua nhầm như mình, mình muốn đọc cuốn về B.F đầy đủ. Văn phong khá hay, nhiều tên riêng nên đôi khi sẽ khó nhớ và hơi lẫn, bạn đọc nếu không nhớ rõ có thể ghi ra giấy cho dễ hình dung.",4,2018-11-19 22:46:33,3082815,3083073
1489366,"Cuốn tự truyện này có nội dung giống như một quyển sách phát triển cá nhân: từ việc đề cao việc tự học, nên đọc nhiều sách đến phương pháp cụ thể để rèn luyện tính khí con người. Tất cả đều đơn giản, dễ hiểu, được đúc kết qua kinh nghiệm sống cũng như trải nghiệm thực tế của ngài BF Tuy nhiên sách có nhiều lỗi chính tả, viết dư từ, văn phong khôg hợp khiến việc đọc không được lưu loát Đây chỉ là nhận xét cá nhân",4,2018-09-18 18:37:22,3082815,3083073
18471847,,4,2024-05-08 07:45:31,3082815,3083073
17321473,,4,2024-05-02 11:53:31,3082815,3083073
20244486,Nội dung thì khá hay nhưng theo tôi thấy là vẫn chưa bao quát hết cuộc đời của ông! Có khá nhiều bài học Shop phục vụ cũng rất tốt!,4,2021-03-02 00:08:17,3082815,3083073
13161,"Chào mừng bạn đến với bảng nhớ tạm của Gboard, bất kỳ văn bản nào bạn sao chép sẽ được lưu tại đây.",2,2021-08-07 14:38:49,3082815,3083073
126174,"sách tái bản nhưng có rất nhiều lỗi chính tả, hy vọng nhà xuất bản xem kỹ trước khi tái bản lần sau",4,2021-09-13 16:34:50,3082815,3083073
9682020,Một cuốn tự truyện nhưng không trọn vẹn. Nghĩa là chỉ dừng lại ở một giai đoạn của benjamin franklin.,4,2021-09-06 14:44:18,3082815,3083073
10994155,Cảm ơn Book Shop-Sách rất đẹp,4,2023-02-09 19:24:50,3082815,3083073
18262886,"Mới mua mà đã bung giấy rồi, gáy bo rất kém hơi thất vọng",3,2021-04-24 22:19:14,3082815,3083073
1860366,Biết đến sách qua giới thiệu của 1 kênh podcast. Mong sẽ biết thêm đc nhiều điều thú vị ở Ben qua cuốn sach này,4,2021-05-30 09:10:22,3082815,3083073
18478745,,4,2023-08-27 21:54:32,3082815,3083073
27404056,Sách rất hay nhưng dịch rất kém Sách bị bung chỉ,3,2022-07-28 13:56:25,3082815,3083073
478105,"Nội dung nhàm chán, lối văn viết không tạo được bất kỳ sự cuốn hút nào, gắng mãi cũng không thể nào đọc được hơn 1 nửa.",2,2020-11-27 22:27:22,3082815,3083073
11420421,,4,2023-06-11 14:24:53,3082815,3083073
954445,"Nữa phần sau dịch quá tệ: câu văn lủng củng, sai chính tả, thiếu từ. Bìa đẹp.",4,2021-10-14 01:12:03,3082815,3083073
5532370,Giấy in hơi lỗi,4,2023-01-26 23:55:01,3082815,3083073
6456143,giao hàng rất nhanh có hơi nhàu chắc do quá trình vận chuyển,4,2020-12-29 21:00:11,3082815,3083073
16954119,"nội dung khó đọc, không lôi cuốn",2,2022-05-20 16:43:40,3082815,3083073
18312386,,4,2023-01-03 20:06:30,3082815,3083073
20808311,"hàng đóng gói cẩn thận, nhưng tiki giao hàng chậm hơn dự kiến",4,2021-09-17 18:36:38,3082815,3083073
1145898,"Bản dịch quá tệ, cực kỳ tệ, ảnh hưởng cực kỳ tệ đến trải nghiệm của người đọc",1,2020-11-15 22:07:22,3082815,3083073
19694625,"Sách đẹp, mới. Thế nhưng mình không biết do chủ shop hay Tiki mà đóng gói rất sơ sài.",4,2020-12-28 16:04:25,3082815,3083073
1455375,Bình thường. …………………………zzzz,3,2021-11-15 20:51:40,3082815,3083073
23624377,Sách đẹp. Đợt dịch nên giao hơi lâu,4,2021-11-28 14:59:57,3082815,3083073
22305809,Đã nhận hơi trễ ! Sớm hơn về sao dùm,2,2021-09-07 18:54:34,3082815,3083073
14998463,"giấy ko đc đẹp lắm nhưng mà nhìn chung là ổn, sách rất hay, hùng hồn.",4,2021-01-22 15:18:36,3082815,3083073
6961438,"gói hành k cẩn thận, sách bị cong",3,2021-10-22 19:38:34,3082815,3083073
8275034,,4,2021-03-18 13:42:13,3082815,3083073
5930370,"Giao hành nhanh, sách hay",4,2021-11-19 12:48:43,3082815,3083073
7749092,Vẫn còn nhiều lỗi chính tả. Sách hay nên bù lại. 4 sao,4,2021-01-17 08:58:19,3082815,3083073
2122896,Sách tiki dạo này giao toàn bị gãy góc,4,2021-05-09 13:32:23,3082815,3083073
5520652,khong co gi chi la chuyen khong hay,3,2021-07-16 17:28:24,3082815,3083073
16619252,,4,2022-01-04 18:14:05,3082815,3083073
11875205,"Khá hay, sẽ mua tập 2",4,2021-08-04 14:40:35,3082815,3083073
22031061,,4,2021-12-15 17:31:23,3082815,3083073
1051459,"Dịch thuật chán, lỗi từ ngữ nhiều. Đề nghị tái bản với bản dich khác tốt hơn",1,2018-12-18 08:45:59,3082815,3083073
7710757,,4,2021-11-09 23:26:40,3082815,3083073
6645640,,4,2021-10-22 23:21:25,3082815,3083073
23739718,,4,2021-10-08 21:33:43,3082815,3083073
1211803,,4,2021-10-07 21:57:11,3082815,3083073
21375990,,4,2021-09-29 20:09:58,3082815,3083073
437870,Sách tốt,4,2021-07-21 14:59:34,3082815,3083073
740983,Sách nội dung hay,4,2021-05-23 22:05:15,3082815,3083073
22079969,uhk,4,2021-07-21 20:19:27,3082815,3083073
16682657,great,4,2021-07-05 21:40:58,3082815,3083073
13362352,,4,2021-08-03 08:37:42,3082815,3083073
7462129,,4,2021-07-27 09:20:05,3082815,3083073
21386193,,4,2021-07-17 18:08:29,3082815,3083073
15541373,,4,2021-07-14 20:20:06,3082815,3083073
12369447,,4,2021-07-05 17:01:17,3082815,3083073
15286816,,4,2021-06-23 09:05:45,3082815,3083073
21986721,,4,2021-06-17 13:01:46,3082815,3083073
5177139,Chất luo,4,2021-04-14 19:57:14,3082815,3083073
5640591,,4,2021-04-14 12:42:19,3082815,3083073
5913870,,4,2021-04-11 22:33:35,3082815,3083073
20659931,,4,2021-03-18 11:47:50,3082815,3083073
5668237,,4,2021-03-04 15:08:38,3082815,3083073
10147591,,4,2021-02-25 16:52:36,3082815,3083073
13257400,,4,2021-02-18 19:41:41,3082815,3083073
1001328,,4,2021-02-04 14:00:56,3082815,3083073
18263769,sách hay,4,2020-12-10 11:35:54,3082815,3083073
17281079,,4,2021-01-31 21:54:52,3082815,3083073
16724175,,4,2021-01-18 15:12:38,3082815,3083073
1034215,,4,2021-01-04 16:13:08,3082815,3083073
1136391,,3,2020-12-12 14:43:26,3082815,3083073
19121298,,3,2020-12-11 00:40:06,3082815,3083073
6354867,,3,2020-12-08 17:32:39,3082815,3083073
8233232,,3,2020-12-06 18:35:41,3082815,3083073
2057019,,4,2020-11-01 20:39:44,3082815,3083073
6067160,,4,2020-10-16 13:35:31,3082815,3083073
1394862,,4,2020-09-29 22:11:43,3082815,3083073
30130360,"Sách tạo cảm hứng Vừa đọc vừa liên tưởng, vừa cảm nhận, rất xúc động Không nghĩ cuộc đời con người lại nhiều màu sắc tới vâyh",5,2024-10-10 20:00:49,153518797,153518798
17267875,"1 cuốn sách truyền cảm hứng và năng lượng tích cực thật tuyệt vời, mình đã mua 3 lần để tặng con và các cháu. cám ơn tác giả!",5,2024-07-12 16:14:37,153518797,153518798
872123,,5,2026-08-11 11:20:27,153518797,153518798
22715930,,5,2026-01-12 12:10:34,153518797,153518798
10133786,,5,2026-01-09 18:37:06,153518797,153518798
20131737,"Mua cho con gái lớp 5, đọc rất phù hợp",5,2025-01-16 07:26:10,153518797,153518798
16476506,,5,2025-07-01 14:56:50,153518797,153518798
5799794,,5,2025-05-09 23:06:53,153518797,153518798
30278279,,5,2025-02-03 18:35:51,153518797,153518798
6887192,,5,2024-12-16 00:12:03,153518797,153518798
22860022,,5,2024-11-05 11:42:54,153518797,153518798
22474913,"Sản phẩm tốt, giao hành nhanh chóng, nội dung đúng yêu cầu. Nhưng đóng gói không tốt, sơ sài. Mong đóng gói tốt hơn",5,2022-07-05 11:08:41,153518797,153518798
8639465,,5,2024-09-14 14:14:07,153518797,153518798
15708781,,5,2024-07-23 12:12:26,153518797,153518798
27775047,,5,2024-06-06 14:32:36,153518797,153518798
18891007,,5,2024-05-16 04:41:37,153518797,153518798
756370,,5,2024-04-23 12:14:38,153518797,153518798
10836600,Sách đóng gói đẹp giao cực nhanh vì mình đặt hoả tốc nhé ship rẻ. Chật luongjw ok,5,2022-07-27 12:24:36,153518797,153518798
10994590,,5,2024-03-17 07:28:43,153518797,153518798
10781891,Ok,5,2022-11-03 17:39:52,153518797,153518798
1297766,,5,2024-01-18 13:29:21,153518797,153518798
8561941,,5,2023-11-24 11:09:24,153518797,153518798
11003453,,5,2023-05-16 17:27:32,153518797,153518798
1309204,Sách hay,5,2023-03-21 08:49:33,153518797,153518798
10726406,,5,2023-03-10 10:35:50,153518797,153518798
19455780,,5,2023-03-05 20:09:20,153518797,153518798
7952715,,5,2023-03-04 13:04:12,153518797,153518798
8773615,,5,2023-01-31 07:13:03,153518797,153518798
11873858,,5,2023-01-11 22:56:54,153518797,153518798
27172896,,5,2022-06-29 13:00:39,153518797,153518798
126038,,5,2022-06-12 23:15:31,153518797,153518798
26738007,Sách bị thiếu 10 trang có thể đổi được không,1,2024-12-24 22:09:18,153518797,153518798
17721163,,4,2022-06-17 19:13:26,153518797,153518798
14083472,"Sách rất hay. Mình cảm nhận sự vất vả của bác sĩ khi làm việc hơn 100 giờ 1 tuần. Phẫu thuật 1 ca dài hết 36 tiếng. Nên vấn đề tại sao chị phí y tế đắt. Có 1 vụ ở Mỹ giám đốc công ty bảo hiểm bị bắn chết nhiều người rất vui mừng. Nhưng họ đâu biết bác sĩ phải bỏ thời gian tiền bạc gia đình và thậm chí sức khỏe 36 tiếng không ăn không uống tập trung cứu mạng sống con người. Vậy cái thằng bắn giám đốc công ty bảo hiểm còn huênh hoang , nghe đồn nhà còn giàu mà không biết thấu hiểu người khác. Nên đọc sách giúp bạn mở tâm hồn nhiều lắm. Cuộc đời đã bất công khi một người tốt cống hiến như anh vừa hoàn thành chương trình nội trú đã ra đi. Nhưng anh đã có một người yêu thương anh hết mực như vợ và bạn và cả ba mẹ. Chào mừng Cady đến với thế giới này. Con đã làm tâm hồn của một người đàn ông đang đau đớn sắp chết bằng một niềm vui chân chứa. Xúc động chắc tui cũng là công chúa trong mắt nhiều người",5,2025-05-12 21:13:54,750578,750581
1592998,"Đã mua lần thứ 3 cuốn này. Đọc hay quá mua tặng bạn bè, người thân. Chết không đáng sợ, đáng sợ là khi còn nhiều điều dang dở muốn làm, có nhiều người mình muốn che chở, nuối tiếc nhưng vẫn chiến đấu đến giờ phút cuối cùng. Sách hay và ý nghĩa. Nhận ra sống đừng chờ đợi, việc gì muốn làm cho mình và cho người thân yêu thì hãy làm hết đi, để đừng hối tiếc nếu xảy ra chuyện gì..",5,2020-10-14 21:20:55,750578,750581
16903808,"• Rất thích Tiki ở chỗ giá rẻ và giao hàng nhanh. Mình đặt hàng vào 11h đêm hôm trước, trưa hôm sau Tiki giao rồi. • Tuy nhiên đóng gói vẫn còn khá sơ sài, cuốn có bọc nylon bên ngoài, cuốn không. • Còn về nội dung mình chưa đọc nên chưa đánh giá được.",5,2023-08-20 17:14:46,750578,750581
18259219,"Thấy ít người mua nên cũng hơi băn khoăn, nhưng của tiki trading thì cũng yên tâm một chút. Nội dung thì mình chưa đọc, nếu bạn tò mò thì đọc cái phần giới thiệu của sách hoặc mua về đọc thử rồi cảm nhận. Sách đến tay mình nguyên vẹn, không bị hư hại gì 🥕",5,2022-03-06 19:31:59,750578,750581
10977904,Hồi ký,5,2024-10-09 23:20:20,750578,750581
18321502,"Tiki giao hàng nhanh thật ,mới đặt hôm qua mà nay đã giao luôn ,sách nguyên seal ,chưa biết nội dung như thế nào",5,2024-12-10 06:24:09,750578,750581
1592684,"Chất lượng đóng gói bên tiki rất tốt, chưa bao giờ làm mình thất vọng cả. Đây là cuốn sách mình tình cờ biết được qua kênh youtube của web5ngay và đây là cuốn sách dựa trên hồi ức của người viết nên cảm giác nó sẽ chân thật hơn. Các bạn trẻ ngày nay nên đọc những cuốn dạng như này để quý trọng cơ thể và tính mạng của mình.",5,2021-02-21 14:39:25,750578,750581
953009,"Đặt sách xuống rồi, mình lặng người vì dường như đâu đó vẫn còn thấy những trăn trở, những cố gắng, những ước mơ của bác sĩ. Cuộc đời là vô thường, mỗi chuyện đến là chuyện cần phải đến, đến để giúp ta học được một bài học gì đó trên hành trình sống của mình. Một trong những cuốn sách yêu thích của mình. Cuốn này là mua lại để tặng.",5,2023-07-14 21:25:48,750578,750581
19429897,"Về hình thức thì quá OK luôn.Sách sạch đẹp ko bị cong mép.Dịch vụ Tiki ko bao giờ làm mk thấy thất vọng. Về mặt nội dung lúc đầu mk nghe nhiều người giới thiệu bảo quốn này hay lắm.May có đợt giảm giá nên mua cuốn này thử thì thấy hay dữ lắm.Cuốn sách do 1 nhà giãi phẩu thần kinh mắc bệnh ung thư viết lại trong những ngày cuối đời của mình.Tác giả viết giọng văn bình dị mà cảm xúc dạt dào.Quốn sách dạy ta bt quý trọng thời gian,nỗ lực hết mình cho ước mơ vì ta đâu bt dc mai kia sẽ ra sao.Nên mình rất highly recommend cuốn này cho các bạn.Thân mến !",5,2021-02-03 16:27:14,750578,750581
14285112,Sẽ khó cảm thụ cho các bạn không thường xuyên đọc sách! Và muốn hiểu rõ câu chuyện của Paul phải đọc lại nhiều lần! Sách hay!,5,2020-12-15 12:48:09,750578,750581
13129041,"cuốn sách này không phải kiến thức Y khoa, không phải một tự truyện lâm li bi đát, đọc xong chỉ thấy xúc động, cảm thấy yêu nghề và yêu gia đình, cố gắng hết sức từng ngày, ngay cả khi bản thân có đang đứng trước cửa tử",5,2024-06-15 11:52:52,750578,750581
19404948,"đây là ảnh e chụp thật ạ, lần đầu mua ở tiki mà ưng cực kì. e sợ đg dịch nên hàng sẽ giao chậm nma chỉ chậm 1 ngày so với dự kiến thôi ạ. Sách của shop này rất ok ạ, hàng đóng gói cẩn thận lém, mà sách thì hay khỏi phải bàn r he, sẽ tiếp tục ủng hộ shop nhìu nhìu ạ !!!",5,2021-02-09 12:54:27,750578,750581
7249618,"Sách mới, ko có vấn đề gì với hình thức sách. Nội dung hay và ý nghĩa, mặc dù dùng nhiều từ chuyên ngành y nhưng vẫn tương đối dễ hiểu. Chỉ có một chút vấn đề là có cảm giác bản dịch chưa thật hoàn hảo, khi đock vẫn có một chút hơi gợn về mặt câu chữ.",5,2021-04-10 13:45:16,750578,750581
12449349,Chúng ta sẽ có nhiều hơn những suy ngẫm về cuộc sống khi gấp cuốn sách lại ở những trang cuối khi người vạ bác sĩ viết lại quãng thời gian cùng chồng đấu tranh cùng căn bệnh ưng thư👍,5,2025-03-10 22:09:41,750578,750581
14685786,"Tác phẩm giúp chúng ta thêm trân trọng hiện tại, quý trọng sức khỏe trước khi có những mục tiêu khác. Đồng thơi cũng mong muốn gửi gắm chúng ta rằng thời gian mỗi người chỉ qua chớp mắt hãy sống hết mình để đừng phí hoài một đời. Dịch vụ giao hàng nhanh, tuy không bọc nhưng rất may không bị quăn mép",5,2021-12-17 14:39:08,750578,750581
5224462,"TiKi gói hàng và giao hàng siêu nhanh, mình đặt từ tối hôm 12/12 thì sáng 13/12 nhận được rồi. Sách không có bao bọc nhưng không bị hư góc hay gì cả. Nội dung thì mình đang đọc, chưa review được. Tuy nhiên, mình thấy cách dịch của sách không lưu loát nhiều chỗ, đọc khá khó hiểu và vụng.",5,2021-12-14 16:31:33,750578,750581
8483077,"Sách hay, giấy đẹp. Mình đặc biệt xúc động về những đoạn nói về tình cảm của tác giả với vợ cũng như lơif kết mà vợ tác giả viết cho cuốn sách. Dù là trong hoàn cảnh éo le khi biết m mắc căn bệnh ung thư quái ác nhưng tác giả vẫn làm mình vẫn cảm nhận đc tính cách hài hước của tác giả.",5,2020-07-03 01:17:18,750578,750581
1889344,"Đọc cuốn sách này mình nhận ra rằng nếu muốn làm gì thì hãy cứ làm đi dù chỉ 1 lần vì cũng chỉ có 1 đời thôi nên mình cũng cần quý trọng bản thân mình hơn và coi mọi việc xảy ra không phải lúc nào cũng tệ nhất đâu. Tiki giao hàng nhanh, dịch vụ tốt!",5,2020-10-15 16:14:22,750578,750581
21285167,"sản phẩm rất tuyệt, khi nhận hàng anh shipper giao rất nhiệt tình và vui vẻ đưa hàng cho mình vào trời mưa và sách không ướt và thơm nữa nên đánh giá cho anh shipper và shop 5sao ạ",5,2022-05-31 12:17:34,750578,750581
30265400,Sản lượng tốt lắm mà vài chô bj lỗi,5,2025-03-01 15:07:31,750578,750581
20808277,"Cuốn sách rất hay, nhưng cũng không dễ dàng cho những ai đang mắc phải căn bệnh ung thư có thể đọc được nó, nếu đủ can đảm để đối diện rồi thì sẽ giúp ích cho người đó sống mạnh mẽ vượt qua bệnh tật.",5,2023-12-24 22:22:31,750578,750581
11137894,"Rất thích đặt hàng ở tiki. Mới đặt tối hôm qua sáng nay đã có. Sách được bọc seal kỹ càng, giao đến nơi còn mới và đẹp. Mong là tiki sẽ đa dạng hơn các sản phẩm của mình",5,2023-06-07 20:52:46,750578,750581
340494,cuốn sách không đưa ra câu trả lời chính xác cho thắc mắc của bạn What makes life meaningful enough to go on living mà nó là hành trình của Paul chiến đấu với căn bệnh ung thư mà thông qua đó bạn sẽ là người cảm nhận và tự tìm ra đáp án của mình,5,2022-01-27 22:14:07,750578,750581
1663274,"Lời tự sự và những trăn trở của tác giả nói riêng và những bác sĩ phẫu thuật phần kinh khác nói chung về cuộc đời, về ngành nghề, về giá trị của sự sống. Mỗi ca bệnh đều để lại họ những áp lực, những khó khăn về mặt tinh thần khi họ vừa phải đương đầu với tử thần vừa phải dốc hết năng lượng đến mức cạn kiệt mệt mỏi để cứu sống bệnh nhân khỏi cái chết. Thật sự, để nói đặc sắc thì không đến mức nhưng phải nói là rất hay và ý nghĩa. Đánh giá nội dung 7/10 và khâu đóng gói giao hàng 9/10 🤗",5,2022-08-18 07:24:16,750578,750581
16600896,"Cuốn sách giúp tôi nhận ra một số vấn đề đã tồn tại từ rất lâu mà tôi chưa thể nào hiểu được, cho tới khi tôi đặt mình vào vị trí như tác giả, cảm nhận cuộc sống theo một góc nhìn khác, dễ dàng hơn. Bên cạnh đó cuốn sách cũng để lại trong tôi nhiều giá trị khác. Cách viết của tác giả rất gần gủi và dễ hiểu. Cảm ơn alphabooks đã giúp tôi bắt gặp được cuốn sách này.",5,2020-03-10 14:17:08,750578,750581
16850020,"Đọc xong mở mang rất nhiều về nghề bác sĩ, qua đây mới thấy bác sĩ là cái nghề vất vả, cao cả đầy nhân tính nhưng cũng là nghề dễ để mất đi nhân tính nhất. Trong truyện có dùng nhiều từ ngữ chuyên ngành y khoa, nên mình nghĩ quyển này đọc bản tiếng anh sẽ khá khó.",5,2021-05-09 15:10:51,750578,750581
5532512,"Sách của tiki thì đỉnh khỏi bàn rồi, cuốn này trước giờ chưa từng sale quá 20%, nội dung lại hay nên mình cứ phải canh sale để mua hoài. Lúc sách sale 34% là mình mua liền. Nội dung sách có nhiều khía cạnh mới trong cuộc sống, kiểu biết được thêm cảm giác của con người khi cận kề cái chết như thế nào. Nên mua",5,,750578,750581
5640279,"Một cuốn tự truyện hay về cuộc đời của Paul Kalanithi. Sách của tivi giá rẻ hơn bìa nhưng sách rất đẹp cứng và nguyên vẹn. Tivi giao hàng đúng hẹn. Nội dung sách hay, tuyệt vời. Tóm tắt bằng 2 chữ : Xuất sắc",5,2017-10-12 19:50:04,750578,750581
85149,"Có thể nói đây là cuốn tự truyện, hoặc là một tản văn về nhân sinh, suy nghĩ về sự sống và cái chết. Mới mua và mới bắt đầu đọc nhưng thực sự thấy rất ý nghĩa.",5,2020-10-29 13:40:29,750578,750581
18134282,"""Bạn không bao giờ có thể đạt được sự hoàn hảo, nhưng bận có thể tin vào đường tiệm cận của những gì mình không ngừng hướng tới"". Cuốn sách mang tới cuộc hành trình đi tìm ý nghĩa sự sống.",5,2021-06-09 21:31:04,750578,750581
810311,"Khi Hơi Thở Hóa Thinh Không- Paul Kalanithi. Hãy sẳn sàng. Hãy ngồi xuống. Để xem dũng khí là như thế nào. Để thấy một người thật dũng cảm biết bao khi bộc lộ bản thân theo cách ấy. Đây là một món quà. Giờ thì đừng để tôi đứng chắn giữa bạn và Paul Sudhir Arul Kalanithi. Khởi đầu từ một sức khỏe hoàn hảo. Không dừng cho tới chết. Nhưng đây mới là điều tôi cần phải nhắc lại: bài văn đó là điều không thể quên được. Từ cây bút của mình, anh viết ra châu ngọc.",5,2019-10-16 14:19:59,750578,750581
29517337,,5,2026-07-07 20:11:50,750578,750581
30356126,Tốt,5,2026-05-08 20:58:43,750578,750581
25208230,Mình vẫn chưa cảm thụ được sách nhưng sách rất hay ... Các bạn nên đọc khi muốn tìm hiểu 1 ít về cái chết . Và các bạn cũng sẽ đc tìm hiểu câu chuyện thông qua lăng kính của một bác sĩ và một bệnh nhân..,5,2023-05-07 19:59:20,750578,750581
10723479,"Giá gốc truyện khá đắt nhưng không ngờ truyện mỏng vậy luôn á, có hơn 200 trang... Mà chất giấy bên trong cũng thường thường chứ không được xịn hẳn như một truyện cũng khá đắt là ""Khi lỗi thuộc về những vì sao"". Biết là sách hay nhưng cũng phải cân đối với chất lượng hình thức nữa chứ ? May mà được giảm chứ để giá gốc chắc chẳng bao giờ mua.",5,2020-10-24 11:08:04,750578,750581
383687,Tiki đợt này bảo quản sách sạch sẽ..mới nguyên. Quy trình đóng hộp cẩn thận. ship nhanh,5,2020-12-20 17:13:11,750578,750581
5558236,"Đọc xong gấp sách lại, trước mắt vẫn hình dung ra hình ảnh một bác sỹ có tài nhưng chẳng may mắc phải căn bệnh nan y. Ông cố gắng cống hiến hết tài năng của mình, chiến đấu với bệnh tật và giúp mọi người chấp nhận cũng như vượt qua khó khăn trong cuộc sống!",5,2019-08-20 15:03:25,750578,750581
19779854,Một cuốn sách mới đến từng thớ trang. Mở seal mà bất ngờ và hạnh phúc. Sách được đóng gói rất kĩ càng ?‍♀️,5,2021-04-24 21:39:56,750578,750581
5485023,Sách kể về quá trình điều trị ung thư của một bác sĩ đọc khá hay,5,2023-06-17 11:08:43,750578,750581
30330190,Rất xúc động,5,2025-08-07 22:50:24,750578,750581
16523152,"sách xịn xò lắm nha mn, chỉ là sách hơi bé so với tưởng tượng của mình, cơ mà giá sale như vậy là quá hời rồi ko đòi hỏi gì thêm",5,2021-12-23 16:07:36,750578,750581
17320980,"Sách mới, đóng gói kỹ lưỡng cẩn thận",5,2025-01-20 07:50:10,750578,750581
7112519,"Sách đóng gói đẹp, nội dung hấp dẫn. Cám ơn!!",5,2024-10-19 12:53:58,750578,750581
479737,"Khi ta đối diện với cận kề cái chết. Niềm tin, tình yêu và sự kiên định là điều quan trọng giúp ta đối mặt với cuộc sống và tiếp nhận thực tế diễn ra theo một cách nhẹ nhàng và bình thản nhất. Không quan tâm thời gian còn lại bao lâu, hãy quan tâm đến những người yêu thương và cố gắng tận hưởng nó một cách trọn vẹn nhất có thể.",5,2020-02-19 15:00:37,750578,750581
5849462,"Highly Recommend mọi người ơi. Thực sự rất đáng đọc. Câu chuyện là lời tâm sự của Paul - một bác sĩ y khoa, cũng là tác giả cuốn truyện về cuộc đời và trải nghiệm của mình. Cuộc đời anh tuy ngắn ngủi nhưng lại ý nghĩa vô cùng vì những nghĩa cử mà anh đã làm cho thế giới này.",5,2020-02-10 19:47:38,750578,750581
5610641,"• Về chất lượng: sách đẹp, không lỗi gì cả, anh shipper nhiệt tình, trời mua cũng ship. • Về nội dung: Tác giả là bác sĩ phẫu thuật thần kinh (cuốn sách cũng nói về tác giả luôn), nên sẽ rất hợp với những bạn theo ngành y, đặc biệt là phẫu thuật. Với mình thì mình ấn tượng nhất là ý chí của tác giả khi rơi từ đỉnh cao sự nghiệp, bị ung thư phổi, gần như chắc chắn sẽ chết chỉ là không biết lúc nào, sớm hay muộn. Nhưng rồi ông cũng đã kiên cường vượt qua được, tiếp tục công việc bác sĩ nội trú, dậy sớm đi làm, tối về muộn... Tổng kết lại thì độc giả có thể có cái nhìn sâu sắc hơn về thời gian, đặc biệt là khoảng thời gian khi sắp rời khỏi trần thế.",5,2020-02-03 21:53:18,750578,750581
30350625,Sách hay,5,2026-09-09 05:10:43,750578,750581
808851,"cuốn sách của tác giả Paul Kalanithi rất hay, bao quát chân thật cuộc đời từ một sinh viên đến bác sĩ phẫu thuật thần kinh và rồi kết đời với cương vị là một bệnh nhân. nghe như không tưởng nhưng lại là sự thật kinh khủng đối với tác giả cũng như gia đình. Dường như chúng ta cần phải chấp nhận sự thật và cố vượt qua mọi khó khăn trong cuộc sống",5,2018-10-12 09:30:03,750578,750581
24039944,sách được đóng gói cẩn thận lắm giao hàng cx nhanh nữa nội dung cuốn sách thì không phải bàn nữa rồi (⁠ ⁠◜⁠‿⁠◝⁠ ⁠),5,2022-11-25 11:08:46,750578,750581
19975722,"rất hài lònggggg, giá cả ok, ship nhanhh lắm á 1-2 ngày là tới òi, sách cũng y nguyên k bóp méo rách rưới hay bẩn gì. mình đem tặng bạn rùi nên k có ảnh nhma yên tâm nha mng mua thì oke rùi đó, chất lượng ổn nắmm",5,,750578,750581
29825375,,5,2026-09-29 10:39:12,750578,750581
2151313,"đợt này tiki giao hàng cực nhanh luôn. cũng như mọi khi , tiki luôn làm mình cực kì bởi cách đóng gói cũng như chất lượng sản phẩm. cho tiki 5* ❤❤❤❤❤",5,2020-01-15 05:03:28,750578,750581
16143507,"mình hơi bất ngờ vì mua ở tiki trading không có đánh dấu trang, bạn mình mua ở chỗ khác thì có. Nhưng nói chung chất giấy, bìa,... đều tốt, không bị nhàu, cũ hay móp méo",5,2022-02-05 18:16:52,750578,750581
17377075,Sản phẩm đóng gói cẩn thận. Sản phẩm đặt hàng được giao sớm hơn lịch hẹn dự kiến. Mình đọc review rất thích nội dung sách. Vừa nhận hàng nên chưa đọc. Nếu shop có sách mình mua sẽ ủng hộ tiếp.,5,2021-05-10 14:51:45,750578,750581
30599227,"Quá tuyệt, sách hay và ý nghĩa",5,2026-01-31 10:26:39,750578,750581
21697039,"Sách hơi khó đọc với những ai thích xu hướng truyện ngôn tình hoặc tiểu thuyết, nhưng sách mang hơi thở cuộc sống và đưa người đọc trực quan hơn khi gần kề cái chết.",5,2023-02-28 10:29:20,750578,750581
30742089,,5,2026-08-16 12:57:29,750578,750581
8491230,,5,2026-08-09 22:48:51,750578,750581
30713180,,5,2026-07-08 16:24:20,750578,750581
12006819,"Nói chung là rất ổn, chưa đọc qua nhưng bên ngoài không bị rách nát j hết, lướt các trang bên trong thấy ổn, lần đầu mua tiki cực kỳ hài lòng. Ship hàng chắc bằng tàu bay mất :)) cũng là lần đầu gặp a shipper của tiki mà thấy anh nói chuyện đáng yêu kinh khủng",5,,750578,750581
18755272,"Mình chưa mua được nhiều ở Tiki nhưng đợt nào lấy sách cũng ưng cực kì :< kiểu thích thích vui vui sao ấy :V sách của mình rất mới, đẹp, nguyên kiện, kh bong tróc hay bị bẩn gì cả. Còn thơm mùi sách nữa=))) Tiki giao hàng rất nhanh luôn:vvv Mình chưa kịp đọc nhưng xem kha khá review của mn nên mới quyết định mua. Chắc mình sẽ đọc sách với tâm trạng rất vui vẻ hóng hớt vì cứ bị thích sách mới í =^= xinh cực",5,2020-10-11 22:41:33,750578,750581
26458931,"giao hàng nhanh, đóng gói cẩn thận",5,2022-02-07 02:10:08,750578,750581
9155458,"tiki giao hàng rất nhanh nhaaa. em mới đặt chiều qua mà sáng đã có hàng rồi. sách rất đẹp, không hư hỏng hay trầy xước gì hết nha. về nội dung thì em chưa đọc qua, nhưng chắc chắn sẽ rất hay. đọc xong em sẽ quay lại review nè? cảm ơn tiki",5,2020-04-20 10:21:34,750578,750581
489701,"Sách mới, sạch, k bị bẩn hay rách hỏng gì. Tiki giao hàng tốt. Sách có nội dung đáng đọc và suy ngẫm.",5,2020-09-10 13:39:47,750578,750581
15188098,,5,2026-05-05 16:29:36,750578,750581
5446278,"️✍️ Cuốn tự truyện ""Khi hơi thở hóa thinh không"" (When Breath Becomes Air) của Paul Kalanithi được xuất bản tháng 01/2016, sau khi Anh đã qua đời (tháng 03/2015). * Paul Kalanithi luôn trăn trở về ý nghĩa của cuộc sống và cái chết (sự lựa chọn đạo đức) nên mặc dù đã tốt nghiệp chuyên ngành Văn học Anh và Sinh học ở ĐH Stanford, rồi tiếp theo là Lịch sử và Triết học Khoa học ở ĐH Cambridge thì vẫn học Y ở Yale và lựa chọn làm bác sỹ nội trú với chuyên ngành phẫu thuật & khoa học thần kinh ở Stanford. Chuyên ngành này dường như đã phù hợp với Paul, các ca bệnh về não/thần kinh thường mong manh giữa sự sống/chết; các bác sỹ phải lựa chọn bệnh nhân tiếp tục sống/ sống thực vật hoặc là chết hoặc....; truyền tải đến người thân của người bệnh về sự lựa chọn/tương lai,...Paul nói: ""Bác sỹ là đại sứ của cái chết"" ** Paul bị ung thư phổi khi đang trong kỳ thực tập cuối cùng (năm thứ 7) ở Đại học Stanford (tổng thời gian học y là 15 năm). Ở tuổi 36, khi đang trên đường đến đỉnh cao sự nghiệp, Paul bỗng trở thành bệnh nhân trong bệnh viện mà mình từng làm việc. *** Cuốn tự truyện được viết trong gần 1 năm và Paul chưa kịp hoàn thành nó. Nó không dài và mình cảm nhận rất rõ ràng về nhịp điệu ""vội"" trong giọng văn của tác giả, người đang phải tranh thủ thời gian còn lại để viết, trong những cơn đau. Mình đọc chỉ mất 2 ngày (không liên tục) nhưng luôn cảm giác ""nghẹn ngào"" và phải bật khóc khi Paul ôm con gái Cady (8 tháng tuổi). **** Paul tiếp cận thông tin mình bị ung thư theo cách Anh là bác sỹ, tập trung ngay cho lộ trình điều trị/phương pháp & thuốc, miêu tả cơn đau, các phản ứng của thuốc (với cách viết của một bác sỹ cho chính mình). Anh đã thành công ở giai đoạn 1, chiến đấu, chịu đựng những cơn đau để quay lại làm bác sỹ nội trú với cường độ làm việc cao trong vòng 6 tháng và hoàn thành chương trình. Trong suốt giai đoạn 1 này, Paul luôn hỏi bác sỹ của mình là ""tôi còn bao nhiêu thời gian?"". Anh muốn biết để làm gì tiếp theo: tiếp tục làm bác sỹ phẫu thuật hay là nhà văn? ***** Giai đoạn 2 của bệnh bị chuyển biến xấu rất nhanh, lúc này, Paul đã hoàn toàn coi mình là bệnh nhân. Anh quay lại đam mê của mình - làm nhà văn, viết cuốn tự truyện. Thời gian còn lại của anh chưa đến 1 năm....Anh hiểu nỗi đau của người mang bệnh hiểm nghèo, hiểu cái chết đúng theo góc nhìn của nó, mặc dù trước đây anh tưởng đã hiểu nó khi mình là bác sỹ. Sự luyến tiếc, sự day dứt và cả sự tức giận tại sao là mình, khi mình gần đạt các mục tiêu,...là điều mình cảm nhận từ những dòng tự sự. Nhưng, giọng văn của Anh không oán trách và cũng không gồng mình theo kiểu ""hero"", Paul tiếp nhận sự thật và viết cuốn tự sự của mình một cách chân thật. ****** Cuốn tự truyện được vợ anh (Lucy) viết tiếp đoạn cuối. Cô yêu Anh, tự hào về sự dũng cảm của Anh và nói với con gái rằng những gì trong câu chuyện là sự thật. Mình tin điều này! ❗Cuộc sống vẫn tiếp diễn theo cách vận hành của nó và sự lựa chọn là của mình.......?",5,2020-09-22 11:07:19,750578,750581
5157618,quá trời ngonnnnn quá trời ngonnnnn quá trời ngonnnnn quá trời ngonnnnn quá trời ngonnnnn quá trời ngonnnnn quá trời ngonnnnn quá trời ngonnnnn quá trời ngonnnnn quá trời ngonnnnn quá trời ngonnnnn quá trời ngonnnnn quá trời ngonnnnn quá trời ngonnnnn quá trời ngonnnnn quá trời ngonnnnn quá trời ngonnnnn quá trời ngonnnnn quá trời ngonnnnn mhgjhgmhgmhgmgmhgjhg,5,2020-09-17 10:22:42,750578,750581
26494155,"Đọc sách xong, mn sẽ nhận thấy được giá trị của thời gian cũng như sinh mạng, mình khuyến khích mn đọc quyển này với Vô Thường ( tác giả Nguyễn Bảo Trung), càng đọc mn càng thấm được ý nghĩa sống",5,2022-02-28 18:10:28,750578,750581
20297492,,5,2026-04-12 20:08:48,750578,750581
30200987,,5,2026-04-07 17:56:38,750578,750581
13963518,"Chưa đọc chưa biết ạ, nhưng có vẻ là hay và mình đọc nhận xét khen quá trời nhiều",5,2023-05-02 18:14:27,750578,750581
22576145,Sách nguyên vẹn tiếc là không có bookmark Sách hay lắm nha mọi người,5,2022-06-22 12:33:30,750578,750581
7981785,,5,2026-03-17 18:08:31,750578,750581
16569115,"Nội dung đọc thấy rất hay phù hợp. Nói về gia đình và cuộc sống nhân vật chính hoàn cảnh chớ trêu nỗ lực hết mình vì yêu nghề, làm cho đến lúc sức khỏe gục ngã k gượng được mới chịu thôi. Câu chuyện về 1 đời người đầy phi thường, văn võ song toàn, nhưng kém may mắn vì căn bệnh ung thư khiến a k thể làm gì được khi tìm đủ cách và phác đồ điều trị. Đọc xong thấy mình còn quá yếu kém với nhân vật chính câu truyện trên. Các bạn nên mua về đọc để tăng nghị lực sống, và ý chí hơn. Xin hết ạ ?",5,2020-07-02 16:40:12,750578,750581
5879108,,5,2026-02-05 11:05:00,750578,750581
6456338,"cực kì hài lòng về sản phẩm,đây là lần đầu mình mua nhưng tiki cho mình sự hài lòng ,sách đẹp,không bị xước,đặt hàng chiều t6 sáng cn đã nhận rồi mình còn tưởng qua tết mới giao cơ.bên shoppe họ đã nghỉ tết mình đặt vào cùng ngày thì tận 23 qua tết mới giao lận.",5,2018-02-11 22:09:16,750578,750581
10693590,Đọc xong cuốn sách mình cảm thấy có động lực hơn cả những cuốn self help. Trân trọng cuộc sống và cố gắng làm việc hơn.,5,2019-11-25 14:54:04,750578,750581
10664496,"mình mới nhận đc cuốn sách sớm 1 ngày so với hẹn của tiki. mặc dù chưa đọc qua ndung nhưng thấy review ndung rất đáng đọc, đọc xong mình sẽ nxet sau nhưng nhận sách rất đẹp còn nguyên vẹn nên hài lòng với dịch vụ giao hàng bên tiki",5,2020-02-08 21:56:59,750578,750581
6848996,"một tác phẩm tự sự đầy giá trị, khiến chúng ta phải suy ngẫm về cuộc đời. Tác phẩm là góc nhìn của vị bác sĩ với vai trò của người bệnh nhân, đầy tình cảm, cuộc đời của 1 con người và cuối cùng là bệnh tật đã cướp lấy mọi thứ của con người, đây cũng là lời cảnh giác với người đọc về tác động của bệnh tật, về tương lai mà không ai muốn sẽ xảy đến với mình. Tác phẩm rất hay, tuyệt cời ông mặt trời",5,2020-06-08 08:57:11,750578,750581
1790768,tác phẩm mang tới cho mình cách nhìn tích cực hơn trong cuộc đời dù nhiều lúc đời cũng không vui cho lắm. Rất cảm ơn tác giả và Tiki đang mang đến cho bạn đọc 1 tuyệt phẩm.,5,2022-06-11 08:09:09,750578,750581
22881402,Bọc seal mới cóng thích quá hihi,5,2022-11-29 16:33:44,750578,750581
671072,,5,2025-11-26 12:01:45,750578,750581
547190,"Mình chưa đọc đâu, nhưng sách nhận được còn mới, ko bong tróc hay bị mốc. Dạo này thấy nhiều người comment trên Tiki nên cũng hơi sợ, nhưng may quá quyển của mình ksao. Hnay mình order cùng lúc 5 qu k bị hỏng mốc, nên mình clone đánh giá luôn. Chưa đọc cả 5 qu nên k đánh giá j về nội dung.",5,2020-04-15 13:04:04,750578,750581
2113109,"Đã nhận sách bữa 6/10, TIKI giao hàng đúng lịch hẹn. Sách đẹp, không bị lỗi gì cả. Dù mình đọc chưa xong nhưng cảm thấy nội dung sách hay đúng như các bạn khác đã review.",5,2018-10-11 10:13:39,750578,750581
26964535,,5,2025-11-14 08:34:11,750578,750581
8360711,"sách đến tay mình vẫn còn nguyên phần nilong bọc ngoài, không một vết xước. Còn nội dung chưa đọc nên chưa thể đánh giá được",5,2023-03-23 18:22:18,750578,750581
21884576,1 câu chuyện về 1 đời người đã từng sống rất ý nghĩa,5,2024-08-22 17:20:15,750578,750581
17154423,,5,2025-10-13 17:42:15,750578,750581
8008309,"Truyện này đáng để có lắm nhé mn, nó giúp mình trân quý những điều diễn ra quanh mình và người thân của mình hơn",5,2021-01-16 18:03:12,750578,750581
22055511,,5,2025-10-10 16:40:15,750578,750581
5939462,"Mình rất ấn tượng với bìa sách, nội dung rất hay, nhiều đoạn rất cảm động. Những ai đang cảm thấy mình lạc lõng, thiếu may mắn thì nên đọc để có một cái nhìn nhẹ nhàng hơn về cuộc đời này. Tiki giao hàng nhanh, bookcare đẹp, k lỗi chính tả",5,2020-03-07 19:45:03,750578,750581
27796389,Sách hay nhưng chưa đến đôn chạm,5,2025-01-31 19:45:47,750578,750581
20137723,"sách có bookcare, in ấn rõ nét",5,2022-10-05 20:13:32,750578,750581
6894521,,5,2025-09-20 11:41:57,750578,750581
1779886,"Cuốn sách như cuốn nhật kí của môit vị bác sĩ trẻ vừa ra nghề cũng như mới lập gia đình và người vợ thì đang mang thai nhưng lại mắc căn bệnh ung thư. Và từng ngày là mỗi sự chống chọi trong đau đớn, dằn vặt. Tâm lí nhân vật hỗn loạn. Tồn đọng lại những giọt nước mắt cho người đọc.",5,2020-02-10 19:51:23,750578,750581
473488,Sách chất lượng tốt. Tiki giao nhanh. Nội dung cảm động và ý nghĩa.,5,2021-12-13 22:14:00,750578,750581
26241108,,5,2025-09-12 07:09:53,750578,750581
8524941,,5,2025-09-08 06:31:56,750578,750581
6633633,,5,2025-09-07 22:10:48,750578,750581
1719155,"Trích đoạn: Bởi vì tôi là chính tôi. Bởi vì tôi phải học cách sống khác, nhìn nhận cái chết như một vị khách không mời nhưng hiểu rằng ngay cả khi tôi phải chết, thì tôi vẫn sẽ sống cho đến lúc ra đi.",5,2020-04-01 21:40:29,750578,750581
187212,"Một trong các tác phẩm xuất sắc nhất từng đọc trong thời gian vài năm trở lại đây Nội dung cuốn sách có thể được mô tả qua lời tựa “Khi được chuẩn đoán mang căn bệnh nan y (ung thư phổi) trong người, tôi bắt đầu nhìn thế giới qua hai lăng kính; tôi bắt đầu nhìn cái chết trong cả hai vai trò bác sĩ và bệnh nhân”. Tác giả là một bác sĩ phẫu thuật thần kinh tốt nghiệp từ các trường đại học danh giá hàng đầu như Stanford, Yale,..., và ghi lại những suy tưởng của mình về sự sống và sự chết với tư cách là một bác sĩ và là một bệnh nhân ung thư. Tác giả đã mất vào 3/2015, trước khi cuốn sách được phát hành, ở tuổi 37.",5,2020-01-02 09:52:38,750578,750581
636330,"Giao hàng sớm 1 ngày, đóng gói cẩn thận, sách có nội dung hay, chất lượng giấy tốt.",5,2019-01-26 11:21:46,750578,750581
16930618,"hay, và chuyển hàng nhanh, sách ko bị hư hay rách j hết, nói chung là rất hài lòng vs tiki",5,2020-04-06 08:49:40,750578,750581
915220,"Hay ,nội dung hay,trình bày đẹp",5,2024-12-19 11:04:06,750578,750581
30438553,,5,2025-07-21 21:10:42,750578,750581
16504587,"Chưa đọc nội dung nhưng về hình thức thì chất lượng giấy tốt, giao hàng nhanh đặt buổi tối sáng mai đã nhận được hàng dù chỉ đặt giao với hình thức tiêu chuẩn.",5,2020-12-02 17:12:14,750578,750581
761028,"""...ai dạy con người cách chết sẽ đồng thời dạy họ cách sống..."" Một cuốn sách dạy con người đối diện với nghịch cảch. Tùy theo sợi dây sinh mệnh dài hay ngắn mà ta chọn điều gì là quan trọng nhất. Và đón nhận nghịch cảch một cách bình thản bởi vốn dĩ không ai là người thắng được thần chết.",5,2018-09-18 07:57:08,750578,750581
8579940,Một cuốn sách tuyệt vời mô tả chân thực nhất hành trình đi đến điểm cuối cuộc đời với nghị lực phi thường để tìm kiếm những điều ý nghĩa cho cuộc đời...,5,2020-12-04 19:01:11,750578,750581
27679642,,5,2025-06-21 20:59:23,750578,750581
20257110,"Tiki tradinng giao hàng nhanh, giá rất tốt..Giao sách đẹp, bọc cẩn thận.",5,2022-11-08 13:41:29,750578,750581
2010631,"Đọc những trang cuối cùng tôi đã bật khóc! Hình ảnh một bác sĩ cống hiến hết mình cho y học, cho người bệnh, lòng trắc ẩn. Và sự giằng co giữa sự sống và cái chết, khi còn cương vị là bác sĩ sau đó chính mình trở thành bệnh nhân. Cuốn sách thật xúc động!",5,2018-11-17 09:57:45,750578,750581
1219217,"Nội dung sách kết hợp giữa lối kể chuyện tự sự với khá nhiều các từ ngữ chuyên ngành y, mình nghĩ các bạn theo học ngày này đọc cuốn sách thì sẽ hiểu được sâu sắc hơn. Còn đối với người không trong ngành như mình, câu chuyện mà tác giả đưa đến rất ý nghĩa, vẫn lôi cuốn như bao cuốn chuyện được các tác giả không bị rơi vào cái cảnh ""biết mình sắp chết"" ngồi bình thản viết. Mạch chuyện bạn đầu khá chậm đôi lúc có hơi nhàm chán nhưng càng về hồi cuối, mạch chuyện vẫn không quá nhanh chóng nhưng lôi cuốn vô cùng, khiến người ta nhớ đến không chỉ câu chuyện của Paul mà còn là của những bác sĩ, những y tá, những bệnh nhân và cả người thân của họ.",5,2019-11-01 09:55:08,750578,750581
1781790,"Mình thuộc team ""mít ướt"" nên khi đọc quyển này khóc không dưới 5 bận nhưng vẫn thích đọc. - Paul là một người rất văn minh, nhân văn và đáng được trân trọng hơn bao giờ hết. - Qua các trang sách của Paul ta không chỉ hiểu được sự phá của cái gọi là tế bào ung thư và quan trọng hơn hết đó là cái tâm người làm ngành y không chỉ ở chỗ kỹ thuật giỏi để chữa bệnh cho bệnh nhân mà còn ở đạo đức của người hành nghề đối với bệnh nhân và thân nhân của họ. - Đối diện với cái chết là điều khủng khiếp nhất không phải ai ai cũng có được cách hành xử tốt đẹp như anh. Cầu mong anh được an lạc ở thế giới mới.",5,2019-10-23 14:25:48,750578,750581
17531238,Thật lòng là khi nhìn thấy mấy bình luận thì thật sự không yên tâm về dịch vụ giao hàng của Tiki. Nhưng khi nhận sách về thì thật sự an tâm! Giao còn nhanh hơn 1 ngày. Vô cùng hài lòng.,5,,750578,750581
7372547,"Một quyển sách giàu giá trị. Tác giả đã chia sẻ những cảm xúc, những cái nhìn đầy sâu sắc từ quá trình học tập và làm việc với vai trò một bác sĩ phẫu thuật thần kinh. Đọc cuốn sách mà mình thấy như trải nghiệm của mình phong phú hơn nhờ cây bút của tác giả, vui cùng thành công của ông, đồng cảm với trái tim yêu thương của ông, và đau cùng bệnh tật của ông.",5,2019-10-17 08:49:44,750578,750581
1396812,"Có thể đối với cá nhân mình, mình thấy quyển sách này nằm ở trên mức bình thường một chút, nhưng nó vẫn là một quyển sách mà bất kì ai cũng đều nên đọc, để hiểu rõ ranh giới sống chết thật sự quá mong manh và sau cùng vẫn là lựa chọn của chính mình. Có nhiều đoạn đọc đến thực sự nổi da gà, thực lắm và đời thường vô cùng. Có lẽ mỗi chúng ta đọc xong đều sẽ thấy yêu quí cuộc sống này và sống hết mình cho từng nhịp thở đến khi hoá thành thinh không. Mình thích tựa tiếng anh của sách: When breath becomes air, thật sự ý nghĩa.",5,2019-10-12 18:59:02,750578,750581
45897,"- Về dịch vụ của tiki: giao hàng siêu nhanh, đặt chiều hôm trước sáng hôm sau đã có hàng dù mình chọn giao hàng tiêu chuẩn. Bọc sách đẹp đẽ, sách mới. Nói chung là hài lòng - Về sách: Chương đầu có hơi khó nuốt hơn 1 xíu, do tác giả mô tả lại những kiến thức liên quan đến lĩnh vực thần kinh học. Tuy nhiên, từ ngữ rất dễ hình dung, không quá chuyên sâu, nên chương này cần đọc chậm rãi để có thể mường tượng được những gì tác giả đề cập. Từ đó, có thể đặt mình vô từng hoàn cảnh của từng bệnh nhận, và tác giả. Qua chương sau, nội dung sẽ xoay quanh về cảm nhận, cũng như cuộc đời của tác giả hơn, để người đọc có thể nhập tâm trở thành nhân vật trong sách, để cảm thụ được tâm huyết của tác giả. Một con người tâm huyết với nghề bác sĩ, một người bác sĩ thực thụ mà nếu có bị bệnh thì ai cũng mong ước được gặp 1 vị bác sĩ như vậy. Đọc cuốn sách này, để cảm thấy tiếc nuối cho 1 con người phải ra đi sớm, trong khi còn nhiều ước mơ hoài bão chưa thực hiện hết. Cảm thấy như Chúa cho người như vậy xuất hiện trên trái đất để hoàn thành nhiệm vụ cao cả, để rồi khi người ta đã hoàn thành được nhiệm vụ đó, thì sẽ quay về với Chúa vậy.",5,2019-10-13 15:14:15,750578,750581
29393628,,5,2025-05-14 18:26:41,750578,750581
4581318,"Sách hay, giao hàng nhanh, sách đc bao lại nên yên tâm, đóng gói ok",5,2022-11-22 23:29:23,750578,750581
29965185,,5,2025-05-05 22:28:34,750578,750581
19108535,,5,2025-05-04 07:16:47,750578,750581
1286992,Quyển sách mang nhiều triết lý cho bạn suy nghĩ về cuộc sống và cái chết dưới góc nhìn mang tính khoa học nhiều hơn là tâm linh. Đoạn cuối là cảm động nhất ở góc nhìn của người vợ và gia đình. Đáng đọc.,5,2021-01-14 11:32:58,750578,750581
12641843,Sách rất chất lượng!,5,2023-08-29 22:00:26,750578,750581
28194452,"Sách bao bọc tốt, giao hàng siêu nhanh, shiper siêu nhiệt tình. Rất là ok",5,2022-09-18 10:25:12,750578,750581
7307589,"Là một cuốn sách rất cảm động mình đã thực sự rớt nước mắt khi đọc. Sự yêu thương của một người chỉ còn chút ít thời gian nhưng vẫn mong muốn đảm bảo những người xung quanh sẽ hạnh phúc. Mình thật sự khâm phục Paul, anh ấy dạy ta cách chấp nhận ung thư và nỗi bất lực khi ta biết ta sắp hết thời gian. Tình cảm gia đình bạn bè cũng được bộc lộ rất cảm động, hãy đọc nó một lần!",5,2018-07-01 11:44:56,750578,750581
14355655,,5,2025-04-13 11:00:01,750578,750581
472564,"Sách hay, mình đọc một mạch là hết luôn. Đọc hồi ký mà như đọc truyện vậy đó, bị cuốn theo nhịp làm việc, sự cố gắng mỗi ngày của tác giả. Tác giả nhắc đi nhắc lại rằng nếu anh sống thêm được 10 năm thì vẫn tiếp tục đứng mổ, nếu chỉ sống thêm được 1 năm thì chỉ viết, nếu chỉ còn vài tháng thì sẽ dành thời gian còn lại để làm chồng, làm cha. Nhưng mình thực sự không hiểu, lẽ nào không có lựa chọn nào khác sao? Anh là một bác sĩ, hơn ai hết anh hiểu cường độ làm việc của bản thân. Nếu không làm bác sĩ nữa, chọn một công việc khác như làm vườn, viết văn ... thì sao? Và ở Mỹ không có các biện pháp chữa ung thư khác sao? (Thực sự thì mình có đọc cuốn Ung thư, sự thật, hư cấu, *** và phương pháp chữa lành hkoong độc hại’’ từ một tác giả người Mỹ thì thấy có đó). Phải chăng, ở những đất nước phát triển việt trở về sống ở một vùng quê rất khó (không hề thấy tác giả nhắc đến) hay những người lớn lên ở thành phố họ không nghĩ ra được rằng có nhữn cách chữa trị khác (cũng không thấy tác giả nghĩ ngợi gì, anh hoàn toàn tin vào tây y). Tây y đang ra rả rằng đi viện thì kéo dài thời gian sống thêm được vài năm. Theo mình thì sống thêm vài năm mà sống trong đau đớn, khổ sở thì mình không chọn sống thêm. Mình rất đồng ý với quan điểm này của bác sĩ. Trong sách cũng nêu rằng, nếu anh ngừng thở thì không hồi sức tích cực. Hình như ở bệnh viện VN khi người ta người ta ngừng thở thì đều hồi sức tích cực kiểu như đó là một quy trình, không làm không được (không biết có đúng không) mà trong khi người ta bị bệnh nan y, bản thân họ chỉ mong được chết cho nhẹ thân mà hồi sức tích cực có phải sung sướng gì đâu, nhồi con người ta đến be bét. Cuối cùng là cũng không thấy tác giả suy nghĩ gì về nguồn cơn của căn bệnh mà anh đã bị. Tóm lại là nếu ai bị bệnh nan y thì cũng nên đọc để học cách đối diện với các chết.",5,2019-08-21 08:53:40,750578,750581
30291841,,5,2025-03-23 12:57:09,750578,750581
16653929,,5,2025-03-16 10:38:42,750578,750581
27072694,Sách còn mới đóng ng gói kĩ,5,2023-06-09 12:01:58,750578,750581
6537925,"Điều đầu tiên rất ưng là GIAO HÀNG RẤT NHANH. Mình ở Bắc Ninh, đặt hàng tối 15/5 mà sáng 16/5 đã nhận đc. Thứ 2 là sách k bị nhàu nát 1 tí nào. Hơn nữa nhân viên giao hàng nhiệt tình. Còn về nội dung thì mình nghĩ là cũng hay vì mình mua quyển này tặng sinh nhật bạn mà bạn mình mê mẩn quyển này lâu lắm rồi.",5,2018-05-20 14:43:58,750578,750581
18596288,,5,2025-03-05 10:24:42,750578,750581
919758,Quyển này nổi tiếng lâu rồi mà chưa có đọc. Để đọc thử xem như nào,5,2022-07-02 17:35:25,750578,750581
737915,"Một quyển sách quá hay, đáng để đọc. Nó cung cấp một vài kiến thức y học có giá trị, trên hết, người đọc có thể cảm nhận được nỗ lực của bác sĩ với nghề nghiệp, với cuộc sống của bản thân anh ta. Bệnh tật là vậy, nhưng khi vừa khỏe lại, việc anh làm là trở lại với phòng phẫu thuật, với đôi bàn tay ấy, anh lại cứu thêm bao sinh mạng nữa ... nhưng để rồi bàn tay ấy lại không thể cứu được mình - cha bé Cady 8 tháng tuổi.",5,2018-05-15 07:49:13,750578,750581
150690,"Mình mua quyển sách này cách đây hơn 1 năm nhưng gần đây mới có thời gian đọc. Bản thân mình thấy quyển sách này Paul viết rất tâm huyết, có nhiều điều đáng để suy ngẫm. Cảm giác cùng Paul trải qua quá trình điều trị bệnh ung thư để lại cho bạn nhiều điều. Dù không thể vượt qua được cơn bạo bệnh nhưng những gì Paul viết ra sẽ khiến bạn có những thay đổi tích cực về cái cách mà bạn đón nhận những khó khăn.",5,2019-07-17 08:37:12,750578,750581
2160465,"Mình đã không đủ can đảm để đọc tiếp khi đến 1/2 cuốn sách. Mình sợ phải đối mặt với những mô tả về cái chết đau đớn của Bác sĩ Paul. Nhưng rồi, mình quyết định tiếp tục lật những trang còn lại. Và đã khóc như một đứa trẻ. Mọi sân si, danh vọng sẽ như gió thoảng ở giây phút thập tử nhất sinh. Khi đó, chỉ có tình yêu đích thực, tình chồng vợ, tình cha con, tình cảm gia đình mới tồn tại vĩnh hằng và cảm hóa tất cả. Sự ra đi cũng trở nên nhẹ nhàng, vì họ đã sống hết mình vì nhau. Hóa ra, ở tận nước Mỹ xa xôi cũng có một tình yêu và những phút giây tuyệt vời đến thế!",5,2019-07-05 14:51:18,750578,750581
2167673,"Sách mới đẹp, giao hàng nhanh. Mình chưa kịp đọc. Đọc qua mấy trang đầu thấy có vài lỗi chính tả",5,2021-11-13 14:52:13,750578,750581
30153800,,5,2025-02-04 23:31:48,750578,750581
7002148,"khúc dạo đầu có vẻ hơi ..... tới còn sau truyện còn thấy 1 bi kịch dường như rất đau lòng , cảm ơn tác giả paul , ở sách mình thấy hình dáng 1 người bác sĩ , 1 công việc áp lực , và mình cũng rất khâm phục ông đã chiến đấu đến cuối cùng. Hay",5,2019-06-24 14:48:47,750578,750581
7361511,,5,2023-11-11 20:43:21,750578,750581
21866896,,5,2025-01-22 14:05:07,750578,750581
16224111,,5,2025-01-20 21:12:20,750578,750581
17057000,Bài học về nhân sinh quan con người quá hay từ góc nhìn của một bác sĩ,5,2023-08-13 18:52:13,750578,750581
8484010,"Đóng gói SP cẩn thận, giao hàng nhanh. Một tác phẩm rất hay mà mình luôn muốn đọc nó",5,2022-02-15 13:42:42,750578,750581
17674433,,5,2025-01-19 10:49:31,750578,750581
1579006,"Sách đẹp, hay",5,2024-10-10 15:46:37,750578,750581
5125793,"Tiki giao hàng đúng hạn, sản phẩm ổn cả. Cuốn tự truyện sẽ cho bạn những cảm nhận chân thực, khiến bạn dễ dàng đồng cảm với con người đã nỗ lực cả một đời để rồi cuối cùng ra đi một cách an yên.",5,2020-09-25 20:48:43,750578,750581
20318464,,5,2024-12-23 11:06:11,750578,750581
14245975,"Shipper nhiệt tình, giao hàng sớm hơn dự kiến",5,2024-01-29 13:55:12,750578,750581
588041,,5,2024-12-20 21:29:21,750578,750581
29653656,,5,2024-12-14 15:42:34,750578,750581
16771066,đọc review thấy cuốn này hay lắm bìa đẹp tuy nhiên do đóng gói không kỹ nên hơi lỗi,5,2022-01-09 10:05:57,750578,750581
277023,"- Truyện được viết dưới bàn tay của một vị bác sĩ thần kinh trạc tuổi 35 - người được đánh giá có thể trở thành 1 trong những thiên tài, những tiến sĩ trong ngành thần kinh học trở thành nạn nhân của căn bệnh ""Ung thư phổi"". Câu chuyện mang cho đọc giả một cái nhìn khác về những căn bệnh hiểm nghèo, giữa cái chết trở nên chân thật hơn bao giờ hết, liệu bạn có muốn đổi hết tất cả để thêm thời gian được sống? Khi thời gian trở nên hữu hạn, làm thế nào để sống một cuộc đời ý nghĩa mới là thứ quan trọng. - ""Khi hơi thở hóa thinh không"" là một trong những cuốn mình chắc chắn các bạn nên đọc nếu có thể, cực kì hay và cực kì xứng đáng.",5,2019-04-28 01:50:13,750578,750581
30204379,,5,2024-11-27 21:27:00,750578,750581
472921,"Khi nghe tựa sách mình đã rất ấn tượng và muốn đọc ngay. Tuy mới đọc được 1/2 cuốn hay thôi nhưng mình rất ấn tượng với văn phong và kiến thức mà cuốn sách này mang lại. Đúng như nhận xét, tác giả là một người uyên bác và hiểu biết. Thật đáng ngưỡng mộ!",5,2018-04-12 12:41:13,750578,750581
26123405,"sách mới tái bản, đẹp, nghe mn review sách hay nên mua thử đọc",5,2022-06-14 22:09:38,750578,750581
5269702,"Cuốn sách thể hiện một tâm hồn lớn của tác giả, một hiểu biết rất sâu rộng các kiến thức chuyên môn về y khoa, bên cạnh kiến thức về văn học, và những trăn trở, cách nhìn nhận cuộc sống của tác giả Đọc sách như được trò chuyện với tâm hồn lớn ấy.",5,2019-06-25 10:58:50,750578,750581
26595757,,5,2024-11-16 21:16:47,750578,750581
48268,,5,2024-11-13 12:50:49,750578,750581
25006621,,5,2024-11-09 02:16:17,750578,750581
27913527,,5,2024-10-21 16:29:40,750578,750581
19351662,sách tốt ạ,5,2020-12-15 21:13:45,750578,750581
13328015,"Mình thấy rất nhiều nhận xét tiêu cực về sản phẩm. Nhưng mình vẫn quyết định mua, vì mình tin tưởng uy tín của Shop cũng như Dịch vụ TiKi. Mong muốn của mình là hàng mình lần đầu tiên đặt hàng tại Shop giao về sẽ như ý. Thank",5,,750578,750581
5438224,"Là tâm trang của một bác sĩ từ những ngày trẻ cho đến những ngày cuối cùng chống bệnh ung thư. Là nổi buồn day dứt khi chứng kiến cái chết đầu tiên đến những suy tư về sự sống, để chính anh tự thốt lên rằng bác sĩ không phải lúc nào cũng giành giật một mất một còn với thần chết mà nhiều khi còn phải là người đưa đường cho con người ta về với chúa một cách ít đau đớn nhất và bình an nhất. Sách chỉ được chia thành hai giai đoạn lớn nên cũng có chút gây khó khăn trong nắm bắt mạch cảm xúc cũng như nội dung.",5,2019-03-09 12:00:42,750578,750581
407321,"Giao hàng nhanh, không bị hư hỏng.",5,2020-07-13 13:39:06,750578,750581
10916778,,5,2024-10-10 08:38:58,750578,750581
16897183,về nội dung thì khó viết ra trong 1 nhận xét nên thôi xem xét về hình thức và bookcare thì rất đẹp. Các bạn nên xem review trên youtube trước khi mua vì nội dung không phải ai cũng phù hợp (kén người đọc),5,2020-09-09 08:10:00,750578,750581
5677984,Đóng gói cẩn thận,5,2024-05-20 09:37:31,750578,750581
1724302,"Một câu chuyện vô cùng xúc động về bác sĩ Paul đã truyền cho mình cảm hứng, nghị lực sống và sống một cuộc sống ý nghĩa. Mình nghĩ đây chắc chắn là cuốn sách không thể thiếu trong tủ sách mỗi người! Về Tiki thì vẫn ship nhanh, hàng mới toanh và mình rất hài lòng về sách của Tiki",5,2017-12-16 22:41:51,750578,750581
293921,"Một cuốn sách hay bàn luận về sự chết. Paul Kalanithi, khởi đầu nhìn nhận cái chết dưới góc độ của một bác sĩ, sau đó là dưới góc độ của một bệnh nhân ung thư giai đoạn cuối. Và ""Không dừng cho tới chết"" đó là thái độ của anh.",5,2019-11-24 17:33:45,750578,750581
1289605,,5,2024-10-01 10:20:43,750578,750581
494143,"Mình mua quyển vì khá ấn tượng về bìa và tựa sách, nội dung ấn tượng, lần này tiki giao sách chất lượng , gáy sách ko bị sờn , sách rất đẹp",5,2020-08-05 12:53:38,750578,750581
145734,,5,2024-09-26 15:28:36,750578,750581
13739165,,5,2024-09-18 11:19:51,750578,750581
17732561,,5,2024-09-16 21:05:45,750578,750581
474989,"Sách rất hay và ý nghĩa khi miêu tả chân thực những cảm xúc của một vị bác sỹ phẫu thuật dày dạn kinh nghiệm phải đối diện với căn bệnh ung thư. Trong phút chốc, gia đình trở nên vô cùng quý giá. Trong những thời khắc yếu đuối nhất, ông vẫn nghĩ về vợ , hi vọng vợ có thể tái hôn và giữ lại mầm sống của mình cho tương lai....",5,2019-02-07 18:16:08,750578,750581
900373,"Từng câu chữ trong cuốn sách như lôi cuốn tôi. khiến tôi đi từ câu chuyện này đến câu chuyện khác mà không thể ngừng đọc cho đến khi gấp cuốn sách ở trang cuối cùng. Tôi khâm phục trước tình yêu con của mẹ Paul bà vì hi vọng có thể đọc được những cuốn sách hay mà không ngại đi một quãng đường xa , tri thức vô tận mà kalanithi có được, tình yêu mà anh dành cho nghề bác sĩ nó thiêng liêng biết bao, và tình yêu đồng thời cũng là nghị lực mạnh mẽ giúp anh chống chọi những ngày tháng cuối đời. Cuốn sách khiến tôi cảm thấy yêu mến nghề y thật sự nó thiêng liêng cao cả biết bao.",5,2017-11-24 17:58:05,750578,750581
2146818,Sách đóng gói cẩn thận không xước không bẩn -)) cảm ơn tiki,5,2019-11-14 18:41:19,750578,750581
29127864,,5,2024-09-12 09:09:26,750578,750581
5536265,"- Nội dung: Tác giả đã chia sẽ rất chân thực cảm xúc và những trải nghiệm quý báu của mình. Tác giả dẫn dắt người đọc cuốn theo dòng hồi tưởng của mình về một thời quá khứ đáng nhớ và dần đưa ta trở về hiện tại- đối mặt với sự thật nghiệt ngã. Quả nhiên khi thực sự đối mặt với ranh giới của cái chết và sự sống, con người ta lại chợt nhận ra và thêm trân quý những gì vốn dĩ rất quen thuộc mà đôi lúc chúng ta thường không để tâm. - Cuốn sách này được hoàn thành với một nỗ lực không ngừng nghỉ và một ý trí phi thường của một người bác sĩ - người bệnh nhân này. - Sách có đề cập tới một số từ ngữ chuyên ngành nhưng cũng đã được giải thích. - Chất lượng giấy in và bìa tốt.",5,2019-01-27 20:11:33,750578,750581
29611047,,5,2024-08-28 11:13:05,750578,750581
24374464,"dách rất đẹp bìa mới, giao sớm hơn dự định, giấy chắc chắn, rất đẹp !!!",5,2021-11-03 11:32:06,750578,750581
1082503,"Một cuốn sách hay về sự sống và cả suy nghĩ sau ánh đèn mổ của một bác sĩ. Cuốn sách không chỉ thích hợp cho các sinh viên ngành y và tất cả mọi người đều nên đọc. Nó không có những phút giây kịch tính như phim hành động nhưng những tình tiết qua lời trần thuật của tác giả khiến người ta đau lòng đến thắt lại. Đây là cuốn sách hiếm hoi khiến mình phải khóc và thậm chí đã không dám đọc lại lần hai. Tác phẩm đã đưa đến một góc nhìn sâu và mới đối với những người không thuộc ngành y. Sau bức màn sự nghiệp là tất cả sự cố gắng, yêu thích và hy sinh to lớn của những người nghệ sĩ trên bàn mổ. Nó khiến chúng ta thấu hiểu hơn về cuộc sống của người hành nghề y. Cuốn sách còn là bức tranh về tình yêu, tình cảm gia đình. Ngoài kia dù cho phong ba bão tố thế nào thì vẫn còn có gia đình bên cạnh. Hố sâu tử thần đang chờ đón nhưng tác giả vẫn cảm thấy an lòng vì có một vợ tuyệt vời và đứa con bé bỏng còn chưa kịp gọi tiếng cha. Cuốn sách khiến người ta yêu hơn cuộc sống của mình, trân trọng những gì hiện tại.",5,2019-01-08 09:24:16,750578,750581
22483043,"có bọc nylong ngoài, sách ko bị nhăn nhó, giao hàng nhanh",5,2023-07-18 10:50:49,750578,750581
96254,nội dung rất xúc động dù 1 số chương nói về thuật ngữ y khoa mình đọc chưa hiểu lắm nhưng xuyên suốt tới kết thúc thực sự đã lấy nước mắt của mình :),5,2021-05-11 11:47:57,750578,750581
487058,"Một con người nhiệt huyết, dũng cảm, giàu lòng trắc ẩn, một bác sĩ tận tâm. Hành trình khổ luyện và chữa trị của anh khiến mọi người phải tự soi xét bản thân.",5,2020-11-06 09:26:01,750578,750581
655921,,5,2024-08-04 16:02:12,750578,750581
12259710,,5,2024-07-30 20:06:56,750578,750581
30043507,,5,2024-07-25 12:15:28,750578,750581
2077992,"Mìn chọn loại giao bình thường dù mình muốn giao nhanh 2h lắm :( Thế nào lại tối hôm qua đặt ,sáng hôm nay đã có rồiiii chẳng khác j giao nhanh lun. Hơn 109k giảm còn 76k. Qá đỉnkk",5,2019-10-10 13:01:56,750578,750581
711898,"Giao hàng nhanh, nội dung hay, mình đã mua rồi và mua thêm để tặng quà",5,2021-12-22 12:25:21,750578,750581
14924887,Sách mới đẹp. Ngửi mùi giấy mới quá đã,5,2021-04-12 21:06:26,750578,750581
1905722,"Sách đẹp, nội dung cực kì hay và ý nghĩa! Vận chuyển cũng nhanh, lại còn được freeship ^^ Cảm ơn Tiki đã đem đến cho mình cuốn sách này ?",5,2020-07-15 12:49:26,750578,750581
17080592,Đã mua sách ở tiki nhiều lần. Chất lượng khỏi phải bàn cãi. Nội dung chỉ mới đọc sơ qua. Mong là sau khi đọc xong sẽ không khóc.,5,2021-11-13 14:51:16,750578,750581
22983745,ko thấy bọc túi cho sách luôn để sách trần trong hộp cát tông mở ra chỉ sợ sách bị móp trộm vía sách vẫn nguyên vẹn 😥,5,2022-01-10 09:47:45,750578,750581
5450269,"- Suy nghĩ của vị bác sĩ từ khi còn sống đến khi ở ra đi khỏi trần gian này. - Đem lại nhiều cảm xúc cho người đọc, đoạn cuối gây ám ảnh về sự sống và cái chết. - Nên đọc 1 lần trong đời.",5,2020-06-19 23:38:29,750578,750581
1642262,"Sách được thiết kế với bìa nguyên gốc bản tiếng anh, giấy đẹp, ko biết các bạn trước mua gặp những quyển như thế nào nhưng riêng mình cảm thấy hài lòng về phần bao bì in ấn của sách.Nội dung sách tuy ko dài nhưng cách viết rất dễ cảm nhận được tác giả đặt hết niềm yêu nghề,gia đình qua những lời văn ko hoa mĩ nhưng dẽ chạm đến đấy nỗi lòng của mỗi người khi đọc.. Mình cam đoan sẽ chẳng hối hận gì cả khi bạn ko phải đang đọc được nữa mà như đang nghe lại những tâm sự cuối cùng của chính tác giả .. Sẽ còn đọc lại rất nhiều lần.",5,2017-09-11 04:21:59,750578,750581
465092,,5,2024-06-25 23:07:39,750578,750581
8696931,"Để thấy cuộc đời có thể ""hóa thinh không"" với bất cứ ai. Mới thấy cuộc đời có những điều oái oăm, 1 bác sĩ phẫu thuật thần kinh, nhà thần kinh học lại mắc bệnh ung thư phổi rồi sau di căn thành ung thư/u não. Rồi ám ảnh và cảnh tỉnh với ca tai nạn giao thông (trang 95) với những từ ngữ diễn tả chân thực và đầy hình ảnh làm rung động tâm trí. Cảm giác đọng lại là xót xa và cảm phục -đặc biệt là lời cuối của Paul ""anh sẵn sàng"". Paul ơi: RIP!",5,2018-11-13 09:33:08,750578,750581
401938,"Khi được chuẩn đoán chỉ còn 22 tháng để sống, làm sao mà Kalanithi có thể viết được cuốn sách này? Thật sự khâm phục! Nếu là t thì chắc hẳn là sự sợ hãi sẽ bao trùm suốt 22 tháng ấy. ??? #greatbook #readbooks? #khihoithohoathinhkhong",5,2018-07-17 19:45:18,750578,750581
113177,,5,2024-06-16 13:45:05,750578,750581
2086466,"Phải nói là lần nào đặt sách ở TIKI cũng hài lòng hết ♡♡♡ Đóng gói kĩ càng, sách không hề dơ hay rách, shipper thân thiện, giao hàng nhanh chóng ♡♡♡",5,2020-02-20 16:43:26,750578,750581
9865051,"Khi tâm trạng xuống dốc, tôi đọc cuốn sách này và đã có 1 vài chi tiết xúc động. tấm gương dũng cảm đối mặt với cái chết của tác giả và tiếc thương 1 người giỏi tài đức phải ra đi khi còn quá nhiều dang dở",5,2020-01-04 18:56:33,750578,750581
16452528,,5,2024-06-04 21:22:31,750578,750581
350456,"Nội dung sách là tự truyện cuộc đời của bác sĩ Paul Kalanithi. Một người đầy tài năng trong tất cả các lĩnh vực mà ông theo đuổi, cống hiến hết mình cho sự nghiệp, luôn mang trong mình những chiêm nghiệm về sự sống - cái chết - ý nghĩa cuộc đời. Trong khoảng thời gian ngắn ngủi còn lại sau khi phát hiện ung thư, như bao người khác, mơ hồ về những ngày mình còn được sống. Dù không biết khoảng thời gian còn lại là bao nhiêu, nhưng cuối cùng tác giả đã hiểu được cảm giác của những bệnh nhân của ông khi đối mặt với cái chết, tìm ra ý nghĩa cuộc đời và sống trọn vẹn đến thời khắc cuối cùng.",5,2018-10-03 16:20:02,750578,750581
29854479,,5,2024-06-01 13:01:41,750578,750581
811371,Sách hay,5,2021-11-11 20:26:05,750578,750581
8115124,,5,2024-05-26 11:22:21,750578,750581
1506484,quá trình từ người khỏe mạnh đến bệnh sắp phải ra đi để chấp nhận và thích nghi nó thật sự tàn nhẫn. bạn cần phải làm gì chuẩn bị những gì gia đình bạn ra sao ... tác giả đã viết thật đẹp cảm ơn tiki sách làm tôi hài lòng từ khâu vận chuyển đến thanh toán . 1 quyển sách hay đáng để đọc.,5,2018-10-16 11:36:06,750578,750581
7244297,"Nội dung cuốn sách hay, để lại cho người đọc nhiều cảm xúc , chắc phải đọc lại lần 2 để ngấm hơn. Tiki giao hàng nhanh, mà hình thức sách không được mới lắm (bìa sách bị bẩn) nhưng cũng không sao.",5,2020-03-20 12:01:38,750578,750581
606806,"Tôi chưa bao giờ đọc cuốn hồi ký nào chân thực và cảm động như này. Được viết bởi một bác sĩ phẫu thuật thần kinh, cuốn sách không những đem lại giá trị về mặt tri thức mà còn khơi gợi rất nhiều suy ngẫm về các liệu pháp chữa trị ung thu ở thời hiện đại.",5,2018-11-09 14:54:08,750578,750581
17327721,,5,2024-05-17 15:08:47,750578,750581
555902,"Sách hay, hãy đọc và cảm nhận. Nhưng không hiểu sách sao sách mình bị rách 1 trang, như bị rạch ấy. Dịch vụ giao hàng ok, mình toàn mua sách trên tiki. Thanks.",5,2020-01-13 15:11:25,750578,750581
29911484,,5,2024-05-09 14:35:09,750578,750581
6832097,"Tiki giao hàng nhanh, gói đẹp, sách hay. Sách giống như 1 quyển nhật kí của 1 bác sĩ mắc chứng bệnh ung thư phổi viết trước khi qua đời. Sách nói xuyên suốt về cuộc đời của tác giả từ lúc nhỏ đến khi qua đời. Giúp cho người đọc cảm thấy quý trọng cuộc sống và đồng cảm với những người mắc bệnh ung thư.",5,2018-09-25 20:37:33,750578,750581
2154894,"Giao hàng nhanh, sách đẹp và chất lượng , nội dung thì mình chưa đ",5,2020-08-14 17:48:22,750578,750581
8786044,Giao sách rất nhanh. Chất lượng sạch tốt.,5,2021-01-21 16:25:48,750578,750581
27533259,,5,2024-04-22 03:24:53,750578,750581
10777147,"Hàng rất đẹp! Phải nói là hoàn hảo luôn . Về nội dung thì khỏi bàn rồi, cảm xúc vẫn y như lần đầu đọc vậy. Điểm cộng nữa cho Tiki là đóng gói cẩn thận, giao hàng thần tốc sớm hơn dự kiến rất nhiều luôn ấy!!!",5,2019-10-06 08:06:38,750578,750581
5196153,"Paul, một con người phi thường khi vượt qua nghịch cảnh chấp nhận cái chết. Đọc xong quyển sách tôi cảm thấy bồi hồi day dứt, thấy yêu cuộc sống này hơn. Hãy trân trọng từng khoảnh khắc của cuộc đời này dù buồn hay vui. Vì bạn chỉ có một cuộc đời để sống.",5,2018-10-15 11:01:13,750578,750581
508572,"Đóng gói khá cẩn thận, nhưng vì sách nhỏ để trong hộp rỗng, ko có lót nên bìa sách hơi móp 1 chút. Nhưng dù sao vẫn rất hài lòng với tốc độ giao hàng của Tiki.",5,2019-10-17 16:30:19,750578,750581
29255529,"đọc hết trong 1 đêm, khóc:((((",5,2023-08-29 00:04:21,750578,750581
16217335,Giao hàng rất nhanh . Mình đặt buổi tối mà sáng mai đã giao rồi. Chỉ là hai bìa nó bị cái vệt dính gì đó thôi,5,2020-10-21 13:19:38,750578,750581
588656,"Rất lâu rồi chưa có cuốn sách nào khiến tôi có thể ngồi cả buổi để cố đọc hết cuốn sách như cuốn sách này. Rất nhiều cung bậc cảm xúc về nó, có lẽ sẽ không chỉ một lần mở ra đọc lại mà còn có những lần nưa. Cuốn sách này sẽ hay hơn cho nhưng bạn sinh viên y nội trú.",5,2018-08-23 13:36:40,750578,750581
26725344,,5,2024-04-03 10:23:24,750578,750581
17854024,,5,2024-03-24 11:35:00,750578,750581
27610742,Sách hay :3,5,2024-01-12 19:13:49,750578,750581
478759,"Với mình, Vị bác sĩ đã được sống trọn vẹn cuộc đời. Sự chuyển đổi từ vị trí người chữa trị thành người được chữa trị giúp anh sống trọn vẹn cảm xúc, thấu hiểu từ hai góc nhìn đối lập cái mà không phải người bác sĩ nào cũng có cơ hội trải nghiệm. Một cuốn sách mình phải đọc đi đọc lại nhiều lần.",5,2018-08-14 11:31:16,750578,750581
18771228,,5,2024-03-11 08:32:46,750578,750581
1651734,"- bao bìa hay phông chữ đều hợp gu mình - quyển sách đầu tiên mình mới nhìn cái bìa, đọc cái tên đã tức tốc cho vào giỏ hàng - nội dung ko có j để chê rồi. suy nghĩ của tác giả đc viết lại rất chân thật, thử đặt mình vô vị trí của Paul, hòa quyện những tâm tư đó là nước mắt rơi từng hàng : cảm giác khi biết mình ung thư, biết đây là lần cuối đc cầm dao phẫu thuật, dự tính cho vợ con, rồi cảm giác biết mình sắp chết, cảm giác đợi chết.... tất cả đều ám ảnh ng đọc. - những ai đam mê Y học đọc chắc càng ghiền nữa - nói chung đọc xong quyển này càng thêm trân trọng cuộc sống, thấy nghề Y đúng là cao quý.",5,2018-07-30 19:08:27,750578,750581
18762672,"Sách hay, vận chuyển cẩn thận",5,2023-07-30 22:17:56,750578,750581
535733,,5,2024-03-07 18:54:45,750578,750581
27234838,,5,2024-03-02 20:22:00,750578,750581
1154646,"sách hay. cuốn sách là những suy nghĩ vô cùng sâu sắc của tác giả về cái chết cũng như sự sống, về điều gì là có ý nghĩa. người đọc như đi cùng tác giả qua những dòng suy nghĩ từ lúc còn là 1 cậu sinh viên mải mê với khao khát vén màn cái chết đén khi phải đối mặt với cái chết của chính mình. thực sự vô cùng cảm động. chắc chắn sẽ đọc lại lần 2",5,2018-07-23 22:37:19,750578,750581
37953,"Bạn không cần là một bác sĩ để hiểu toàn bộ nội dung câu chuyện. Đây là câu chuyện có thật và cũng là những lời tự sự của một vị bác sĩ (khoa thần kinh- não) Paul Kalanithi. Thông qua cuốn sách, ta có thể biết được phần nào những góc khuất trong nghề y, cũng như nỗi niềm tâm tư của những người thầy thuốc. Đặc biệt là khi vị bác sĩ cũng là bệnh nhân ung thư... Tôi cảm thấy rất may mắn và yêu đời hơn sau khi đọc truyện, đồng thời rất nể phục tinh thần & suy nghĩ của tác giả.",5,2018-07-21 23:39:34,750578,750581
12816448,,5,2024-02-28 11:34:06,750578,750581
23179,,5,2024-02-25 20:31:30,750578,750581
20644627,Ok,5,2022-12-01 16:10:42,750578,750581
5310341,,5,2024-02-21 11:26:48,750578,750581
28628954,,5,2024-02-18 20:18:41,750578,750581
1271974,"Mình đã đặt quyển này 3-4 lần gì rồi, lần nào giới thiệu cho thầy cô hay bạn bè gì mọi người cũng nhờ mình đặt, nhận được phản hồi nói là sách viết rất hay, cảm động và sâu sắc. Bản thân mình cũng thấy vậy, tuy có hơi dài dòng ở phần dẫn dắt nhưng theo lối tự truyện như thế này thì khá ok, không vấn đề gì!! Mình nghĩ ai cũng nên có 1 quyển như thế này trong tủ sách của mỗi người",5,2018-07-01 23:13:59,750578,750581
5264168,"ung thư không phải là thứ khiến anh đầu hàng trước số phận, nó chỉ như một thử thách để anh sống trọn vẹn từng ngày tháng ngắn ngủi sau cùng, được là chính mình, làm điều mình muốn, sống theo cái mà mình vẫn hướng tới",5,2019-06-13 18:38:20,750578,750581
12910529,,5,2022-11-21 14:38:50,750578,750581
5914990,,5,2024-01-31 19:09:56,750578,750581
768710,"Lần đầu tiên trong cuộc đời ngồi đọc hết 1 cuốn tiểu thuyết. Truyện viết rất hay, lôi cuốn, miêu tả chân thực cảm xúc của nhân vật. Tuyệt vời. Mua quyển đầu đọc hay quá nên đặt mua thêm 1 quyển nữa để làm quà tặng cho bác sĩ đang chữa răng cho con mình.",5,2018-09-06 16:03:34,750578,750581
1032984,"Cuốn sách rất có ý nghĩa, cho người đọc thấy được cảm nhận về cuộc sống và cái chết qua con mắt của một vị bác sĩ phẫu thuật. Có lẻ vì vậy khi đọc xong quyết sách này bạn sẽ có cái nhìn khác về cuộc sống.",5,2018-05-30 12:37:32,750578,750581
26615575,hàng giao nhanh chất lượng khỏi bàn,5,2022-03-04 11:27:39,750578,750581
5150885,"Đọc đoạn đầu thì mình thấy hơn nản vì giọng văn đều đều không cảm xúc. Nhưng càng về sau thì lại càng cuốn hút bởi lối viết diễn tả những đặc thù của nghề bác sĩ giải phẫu thần kinh. Mình rất khâm phục Paul Kalanithi, chú ấy là một con người giỏi xuất sắc, và là người tốt như vậy nhưng lại không thể tiếp tục cống hiến tài năng và sự uyên bác của mình cho mọi người. Đọc phần do chú Paul viết thì mình chỉ khâm phục tài năng, ý chí của chú cả trên cương vị bác sĩ lẫn bệnh nhân. Nhưng đến phần do vợ chú viết thì mình cảm động thật sự. Đây thực sự là cuốn tự truyện hay và lay động nhất mình từng đọc. Tuy nhiên có mấy đoạn liên quan đến triết học và y khoa chuyên sâu hơi khó hiểu nhưng cũng không ảnh hưởng nhiều vì Paul Kalanithi đã lồng vào những kiến thức ấy những cảm xúc vô cùng nhân văn về nhân dạng, ý nghĩa của sự sống và cái chết.",5,2018-06-20 16:57:36,750578,750581
9688158,"Nếu bạn để ý cả 2 mặt của bìa sách cùng 1 lúc thì sẽ nhận thấy điều khá đặc biệt ở đây, đúng với 1 câu trong cuốn sách “ Khi được chuẩn đoán ... bác sĩ và bệnh nhân”.",5,2019-03-10 09:14:25,750578,750581
11946108,,5,2024-01-22 10:44:48,750578,750581
10529949,"Sách mới, đẹp, tikinow giao trong ngày nên rất tiện",5,2021-11-05 12:38:02,750578,750581
2211658,"Sách cảm động, kể lại quá trình trở thành một bác sĩ tài giỏi, cống hiến đánh đổi cả sức khỏe của mình cho việc cứu người và quá trình chống chọi với căn bệnh quái ác. Rất xúc động khi đọc đến đoạn Lucy phải trốn ra ngoài hoà chung dòng nước mắt với bố của Paul. Chắc hẳn con gái Paul sẽ rất tự hào vì có một người bố đầy nghị lực như vậy",5,2018-06-13 19:40:08,750578,750581
17420149,,5,2024-01-17 08:39:46,750578,750581
1850389,,5,2024-01-12 15:29:26,750578,750581
8943525,,5,2024-01-10 10:02:56,750578,750581
1373607,"Tiki giao hàng nhanh và đóng gói rất cẩn thận. Cách viết của tác giả rất chân thực và xúc động, tuy là có những chỗ mình k hiểu nhưng đọc xong vẫn cảm thấy trân quý cuộc sống này hơn",5,2020-03-19 14:15:02,750578,750581
21729342,Ok,5,2023-12-26 13:18:01,750578,750581
28256050,,5,2024-01-05 21:04:13,750578,750581
1039840,"một tác phẩm hay, Khi Hơi Thở Hóa Thinh Không, Tiki giao hàng nhanh, phục vụ thân thiện, sách tình cảm",5,2020-10-24 19:24:19,750578,750581
277896,,5,2022-10-13 22:41:57,750578,750581
1451488,"Lúc đầu khá tò mò về tít của cuốn sách, nhưng khi đọc rồi bạn sẽ chẳng thể gập lại được khi chưa đọc xong. Thật sự cuốn sách quá hay về nội dung, cách truyền đạt giản dị, chân thực. Đến cuối mình đã không cầm được nước mắt khi nhân vật chính ra đi",5,2018-07-26 14:11:39,750578,750581
654714,"Mình mua quyển này tặng anh nhà, mình cũng chưa đọc đến. Nhưng qua nhận xét của anh nhà: Cái chết có thể đến bất kể lúc nào. Hãy sống như ngày mai phải chết. Tác giả là một nguồn cảm hứng về sự kiên cường dũng cảm và đấu tranh với khó khăn ( ung thư phổi) để đi tới những mục tiêu của đời mình. Cái chết làm mọi người đến gần nhau hơn yêu thương hơn. Nhưng tiếc thời gian cho yêu thương chả còn nhiều Nói chung là một cuốn sách hay.",5,2018-05-16 08:12:59,750578,750581
20291874,,5,2023-12-21 21:23:03,750578,750581
10977622,,5,2023-12-21 07:57:38,750578,750581
714039,"Cuốn sách rất nhiều cảm xúc, chạm đến sâu tận đáy lòng của con người. Bác sỹ và bệnh nhân, hai thái cực ở cùng 1 người cảm nhận ở thời điểm rất gần nhau. Câu hỏi rất hay: ""tại sao lại là tôi?"" và câu trả lời là ""sao lại ko phải là tôi?"".",5,2018-11-17 22:55:01,750578,750581
22072910,"Nội dung ổn, sách ko bị móp méo gì cả",5,2023-03-08 18:57:18,750578,750581
104576,"Với những kiến giải và quan niệm độc đáo và sâu sắc về cuộc đời, về cái chết cuốn sách như đang giúp tôi đồng hành cùng với từng chặng đời của tác giả. Từ khi còn là một cậu bé sôi nổi với những con vật nhỏ trên sa mạc, cho tới khi trở thành một cậu sinh viên trường y tài năng và tâm huyết, sau đó trở thành một bác sĩ nội trú phẫu thuật thần kinh và một nhà thần kinh học được mọi người yêu quý. Ông làm tôi kính phục khi trong những ngày tháng cuối cùng của cuộc đời, mặc cho căn bệnh ung thư phổi hành hạ và rút cạn sức lực, ông vẫn dùng những câu chữ tài hoa của mình để truyền cảm hứng cho rất nhiều người và trong đó có cả tôi. Bản thân cái chết không đáng sợ, điều làm cho cái chết đáng sợ là khoảng thời gian chờ đợi nó. Nó khiến bản thân ta sợ hãi, mù mờ về tương lai bất định, không có gì là chắc chắn. rất đáng để đọc!",5,2018-05-07 13:47:32,750578,750581
6402203,"sách rất hay, đọc các bạn có thể cảm nhận được sự cố gắng của Paul mạnh mẽ đến nhường nào. Và thấy được sự vất vả của các bác sĩ, đặc biệt là bsi phẫu thuật thần kinh. Đọc đến đoạn Paul kiệt sức mình đã khóc rất nhiều. Mọi người hãy để ý tới sức khỏe của bản thân nhé.",5,2018-05-02 15:25:34,750578,750581
364542,"Một câu chuyện cực ký cảm động và sâu sắc, giúp mọi người có cái nhìn toàn diện hơn về cái chết và giá trị sống của con người thông qua lăng kính của một bác sĩ- bệnh nhân.",5,2020-03-28 23:00:40,750578,750581
14180977,,5,2021-07-05 08:53:14,750578,750581
507583,"Cuộc sống dưới con mắt của bác sĩ luôn mang lại một cảm xúc khó tả. Đó là câu chuyện về một con người đã cực kỳ chăm chỉ, siêng năng, đã sớm tìm ra ý nghĩa cho công việc và cuộc sống của mình, nhưng cuộc đời đôi khi không cho ta làm được mọi việc mình muốn. Có lẽ vì vậy mà anh đã có cơ hội nhìn lại cuộc sống của mình khi trước đó bị cuốn đi quá nhanh vì dòng chảy công việc. Nhất định phải đọc, nhưng đừng đọc trước khi đi ngủ.",5,2018-04-16 23:01:37,750578,750581
15010680,Sách có những chỗ về Kiến thức y khoa nên hơi khó hiểu. Nhưng sách mang lại những triết lý sống cũ mà mới. (Theo cảm nhận của bản thân),5,2019-11-19 11:08:56,750578,750581
129202,"Những ai luôn cảm thấy bản thân mình ẩn chứa một nguồn xúc cảm và niềm rung động với triết lý và ý nghĩa cuộc sống hãy dành thời gian đọc cuốn sách này. Mình không thể bình luận về cuốn sách, ko một từ ngữ đơn giản hay phúc tạp nào có thể giúp mình thể hiện được ý nghĩa của nó.",5,2018-04-10 22:28:02,750578,750581
651037,"Mua ở hội sách TpHCM lần 8, bản tiếng Việt sold out nhưng may mắn có được bản gốc bằng tiếng Anh. Hốt liền nhưng sau đó phải lên app đặt bản tiếng Việt để đọc trước ^^. Mình thích những câu chuyện thực tế hơn là lý thuyết suông. Với lại mình cũng thích đọc về y học nên mình thấy cuốn này hay.",5,2018-04-04 02:19:05,750578,750581
6482065,"Đây là một trong những quyển sách mình rất thích, sách viết trên hồi ký của Paul nên nội dung bên trong không có tý nào gượng ép, đem lại trải nghiệm rất thật với người đọc. Thật sự mình đã khóc khi đọc đến những trang cuối của cuốn sách này. Tuy nhiên một phần bản dịch không thực sự xuất sắc nên nhiều lúc gây khó hiểu, giá như Tiki bán kèm theo bản gốc TA thì tốt biết mấy",5,2018-04-05 09:02:16,750578,750581
21598214,,5,2023-11-11 19:14:34,750578,750581
26916467,,5,2023-11-11 15:11:33,750578,750581
1333083,"Khi đọc những trang Paul miêu tả cơn đau trong cơ thể song song với việc ông phải tiến hành ca mổ cứu sống các bệnh nhân thì tôi đã trào nước mắt. Sự trăn trở, đứng giữa 2 lựa chọn SỐNG CHO MÌNH - hay - SỐNG CỐNG HIẾN CHO ĐỜI. Những giây phút cuối cùng của cuộc đời Paul đã lựa chọn cống hiến sức lực cho lý tưởng, cho y học chứ không chọn lựa bỏ hết tất cả mà dành thời gian ở cạnh gia đình. Ông quả thật là một con người đáng khâm phục.",5,2018-04-02 21:11:03,750578,750581
7146929,,5,2023-11-07 17:43:24,750578,750581
7548126,,5,2023-11-05 09:41:08,750578,750581
5858897,,5,2023-11-03 18:25:07,750578,750581
6427099,,5,2023-11-01 23:14:17,750578,750581
11516138,"Sách đẹp, đóng gói tốt. Một ngày nhàn rỗi nên đặt về đọc",5,2021-05-07 18:06:36,750578,750581
17121447,,5,2023-10-30 09:07:43,750578,750581
26513079,sách có seal đẹp lắm lun,5,2023-04-28 17:21:08,750578,750581
26573131,,5,2023-10-24 13:04:59,750578,750581
28144043,,5,2023-10-19 17:18:55,750578,750581
1157459,Sách kể lại tâm lý nhân vật rất thật. đọc nhiều đoạn đâu hết cả ruột gan. chấp nhận cái chết không bao giờ là điều dễ dàng. do là ngòi bút của 1 bác sĩ nên có vài đoạn từ ngữ chuyên môn nên mình ko hiểu nổi. Dù gì vẫn là quyển sách hay đáng để đọc :),5,2018-05-14 16:31:20,750578,750581
1341960,"Biết đến cuốn sách này là do một người chị đang là bác sĩ thực tập của mình giới thiệu. Chị nói rằng muốn theo đuổi ngành y này, em nên ít nhất một lần đọc "" Khi hơi thở hóa thinh không "". Bản thân mình rất thích đọc sách, nhưng chưa thực sự đọc cuốn tự truyện về Y khoa nào. Song cuốn sách này- cuốn tự truyện đầu tiên về ngành y mà mình đọc đã để lại ấn tượng không quên nổi. Đọc những dòng đầu tiên vào đúng 9 giờ tối, đọc liền cho tới 4h25' sáng mới bỏ xuống, cứ đọc mới biết cái sức hút không nhờ sau trong đó. Phải nói cái mà Paul Kalanithi cho người ta nhiều hơn khi đọc câu truyện của ông không những là sự ngưỡng mộ cái tâm huyết, tình yêu cháy bỏng với nghề y- một phần của chính trái tim ông mà có lẽ, thiếu đi nó, con người vĩ đại ấy không thể sống đúng nghĩa, là sự quật cường, cứng cỏi của một tấm lòng ấm nóng tình người. Cuốn sách này thực sự sẽ không khô khan như bạn nghĩ, bởi người viết ra nó là một vị bác sĩ cả đời làm việc bên bàn mổ, đối diện với chết chóc từng tích tắc, mà nó sẽ làm người đọc như tôi cảm thấy như bộ óc của mình hòa vào từng dòng chữ. Lời văn của Paul rất thực, nhưng cũng rất hồn, rất nặng về tư tưởng, song cũng thanh thản về ý nghĩ. Rất cảm ơn Tiki đã đưa cuốn sách đến với độc giả. Mình hoàn toàn hài lòng về chất lượng phục vụ, ship hàng của Tiki!",5,2018-03-06 21:49:06,750578,750581
5306532,,5,2023-10-13 18:33:56,750578,750581
16975291,,5,2023-10-13 15:48:42,750578,750581
29490480,,5,2023-10-11 10:55:55,750578,750581
5155926,"Mình đã khóc khi đọc cuốn sách này, có một nỗi buồn man mác không thể tả nổi. Tiki giao hàng nhanh, sách in tốt.",5,2020-04-15 14:20:59,750578,750581
450100,,5,2023-10-05 21:57:15,750578,750581
6559367,quá hay quá tuyệt vời,5,2022-02-15 21:44:13,750578,750581
27863440,,5,2023-10-02 22:22:50,750578,750581
18272008,,5,2023-10-02 13:06:31,750578,750581
82528,"Đọc cuốn sách này và thấy hình ảnh của mình phảng phất trong đó. Giống như 1 nốt trầm trong 1 bản nhạc cao nốt vậy. Mình thích ngôn ngữ giản dị của tác giả, cũng như các lối so sánh. Cảm ơn Tiki đã giao hàng sớm hẹn cho mình có sách trải qua những ngày Tết không cô đơn ^^",5,2018-02-20 02:20:22,750578,750581
196923,"Một cuốn sách với điểm khởi đầu trông có vẻ khô khan là ngành y nhưng lại rất hay, nhân văn và đáng để đọc. Giao hàng nhanh, đóng gói cẩn thận.",5,2020-09-17 00:18:19,750578,750581
14649457,"Giao hàng nhanh, sách mới nhưng ko có bookcare nên bị xước.",5,2020-03-11 09:28:16,750578,750581
6915648,Đây là một trong những sách của tác giả mình thích đọc. Nội dung dù đọc đi đọc lại bao lần mình vẫn cảm thấy thương cho số phận nhân vật nhưng bù lại thì có kết quả tốt đẹp,5,2019-12-16 19:50:55,750578,750581
24579512,Ok,5,2022-06-26 20:37:15,750578,750581
18995785,,5,2023-09-19 01:07:18,750578,750581
5421332,Mình đã dc dc 3/4 sách rồi. Cuốn sách này nên dành cho những bạn học ngành y. Học ý chí mạnh mẽ của tác giả để chống chọi căn bệnh chính mình và chữa bệnh cho bệnh nhân ???,5,2020-02-14 10:24:50,750578,750581
1392432,"""...Cái chết đến với tất cả chúng ta... đó là định mệnh của chúng ta, những cơ thể sống... cái chết sẽ luôn chiến thắng..."" Dù vậy, cách chúng ta sống, cách chúng ta đón nhận cái chết như thế nào mới là quan trọng. Một tác phẩm hay, rất đáng để đọc.",5,2018-05-28 19:20:15,750578,750581
15641950,5 sao nha sách đẹp không bị móp hay lỗi sách hay lắm nha,5,2020-03-08 12:54:28,750578,750581
7801143,"Sách siêu hay mọi người ạaaaaaa :< Đúng là tác phẩm kinh điển có khác, trang văn lôi cuốn thật sự! Một cuốn sách khiến mình khóc khá nhiềuuuu",5,2020-10-14 22:15:13,750578,750581
13263020,,5,2023-09-10 18:48:56,750578,750581
18302083,vô cùng hài lòng.,5,2020-12-14 13:32:24,750578,750581
19315506,sách đẹp cả bìa và giấy bên trong. chưa dọc nên chưa cảm nhận dc nội dung,5,2020-12-17 21:28:07,750578,750581
19498554,sách đẹp lắm nha mọi người,5,2021-11-19 19:09:45,750578,750581
19656950,,5,2023-09-04 14:02:59,750578,750581
6072379,"Tôi đã đọc cuốn sách này của Kalanithi trong 1 ngày. Thật sự còn lại trong tôi là nỗi xót xa, thương cảm nhưng trên hết là tấm lòng tôn trọng và cảm phục người đàn ông can trường này. Người cùng lúc sắm hai vai, một bác sĩ phẫu thuật thần kinh đầy nhiệt huyết và bản lĩnh, một bệnh nhân dũng cảm chiến đấu đến cùng với căn bệnh ung thư quái ác. Tôi muốn gửi đến Paul lời cảm ơn chân thành vì những điều quý giá anh đem đến cho độc giả như tôi thông qua cuốn sách này.",5,2018-01-25 21:09:28,750578,750581
11186580,,5,2023-08-31 13:29:05,750578,750581
485910,Cuốn sách này thực sự làm mình phải đọc lại nhiều lần. Vì mỗi lần đọc lại khiến mình có động lực tìm ra mục đích sống của bản thân hơn. Thực sự cảm ơn tác giả đã để lại cho độc giả một tác phẩm đầy ý nghĩa như này trước khi anh tạm biệt cuộc sống.,5,2018-02-09 19:11:30,750578,750581
17242458,sách đẹp nội dung hay,5,2022-01-04 13:18:27,750578,750581
197109,,5,2023-08-22 12:54:26,750578,750581
7299671,,5,2023-08-21 00:08:36,750578,750581
28823481,,5,2023-08-19 13:33:01,750578,750581
13682135,Sáh đúng chuẩn mình thích Và càng yêu hơn khi mình học y,5,2021-04-19 20:51:36,750578,750581
590518,"Chân thật, nhiều suy nghĩ, mông lung, những câu hỏi, những trân trở và triết lý được kiếm tìm của một bác sĩ giỏi đồng thời là một bệnh nhân nan y ... KHI HƠI THỞ HÓA THINH KHÔNG là cái kết buồn nhất mà quyển sách mang lại cũng là cái kết đẹp mà một bất hạnh được đón nhận...",5,2018-01-03 09:12:28,750578,750581
1259375,"“Even if i dying, until i actually die, im still living” – Paul Kalanithi Một cuốn sách tuyệt vời với tôi. Chưa bao giờ hối hận khi mua nó, khép cuốn sách lại và cảm thấy một câu chuyện đẹp vừa diễn ra tức thì vậy. Tuy có khó khăn, phải nói là rất khổ sở và tuyệt vọng, nhưng khi đọc cuốn sách, chỉ cảm thấy như bản thân càng phải cố gắng thêm. Đấy là động lực",5,2018-01-02 01:05:24,750578,750581
5531649,Sâu sắc hhhhhhhhhhh,5,2022-01-20 12:57:30,750578,750581
855849,,5,2023-08-09 19:13:18,750578,750581
150213,"Từng trang sách mang cho tôi lại những góc nhìn đầy khác biệt về nghề bác sỹ, một cảm giác đầy ngưỡng mộ và khâm phục. Mỗi một trang sách là cả một nỗ lực tuyệt vời của Paul. Tôi vô cùng cảm phục ý chí và đam mê của anh. Tôi cũng ngưỡng mộ vô cùng vị bác sỹ chữa trị cho anh, không những chữa bệnh về thể chất và cả tâm hồn của anh. Cảm ơn Paul, cảm ơn những người bác sỹ tuyệt vời.",5,2017-12-31 23:01:24,750578,750581
24202670,,5,2023-08-08 15:25:38,750578,750581
1145904,"“Cuốn sách mỏng này có rất nhiều lớp ý nghĩa và rất nhiều sự kết hợp thú vị-sự sống và cái chết, bệnh nhân và bác sĩ, con trai, người cha, công việc và gia đình, đức tin và lý trí- Tôi biết tôi sẽ hiểu sâu hơn thế giới xung quanh.”( Bill Gates) Thích từ cái tiêu đề, quá xuất sắc và ý nghĩa !",5,2017-12-31 14:56:59,750578,750581
1107926,"Mh là một người rất mê y học, và mh bị cuốn hút vào cuốn sách này ngay khi đọc tóm tắt câu chuyện. Số phận thật tàn nhẫn với một người bác sỹ phấn đấu không ngừng cho sự nghiệp của mình. Tưởng đã đến lúc hưởng những trái ngọt đầu tiên thì...Nhiều bạn có thể sẽ thấy chán vì chương đầu nói khá nhiều đến chuyên môn của y học với các bệnh về thần kinh, nhưng bản thân mh thì thấy nó rất thú vị, đặc biệt là phần anh í nói về việc hiến xác cho y học. Đọc kỹ phần giới thiệu sách xem có hợp với mình không nha. Đối với bản thân mình thì đây là một trong những cuốn sách yêu thích. Tiki giao hàng nhanh và cẩn thận nữa.",5,2017-12-28 11:35:09,750578,750581
1737397,Đây là lần đầu mình đọc 1 cuốn sách ko những hay mà còn đầy xúc động như vậy . Sách chủ yếu nói về quá trình chống chọi căn bệnh của tác giả . Đọc mà ko ngừng cảm động và thán phục về quá trình ấy . Một tác phẩm truyền cảm hứng lớn và đáng để đọc,5,2018-02-25 13:52:11,750578,750581
5878314,"Cuốn sách hay mang lại nhiều cảm xúc và ý nghĩa về cuộc sống. Thực sự rất đáng để đọc rồi có những cái nhìn về cái chết của nhân vật. ""Cái chết không đánh sợ như bạn nghĩ ... "" Bên cạnh đó là những kiến thức về y học rất khoa học và hay nữa. Nói chung là TUYỆT.",5,2017-12-28 23:11:06,750578,750581
28970854,"Sách đẹp, nên mua",5,2023-03-28 10:04:20,750578,750581
9772689,chất lượng sách tốt. Mình mua sách tiki nhiều lần rồi và chưa lần nào nhận sách bị rách hoặc hỏng. cảm ơn.,5,2020-02-22 16:26:54,750578,750581
11037317,"hay, nên đọc sau quyển này sẽ khiến mk snghi nhiều hơn về cs và gdinh",5,2022-03-17 14:41:21,750578,750581
2075152,"Nội dung thì không nói nữa vì mọi người nói nhiều quá rồi? lần nay vẫn như thường, sách đẹp không tì vết và shipper nhiệt tình =)))) nói chung không có gì để chê Tiki luôn",5,2018-11-13 14:10:58,750578,750581
8082126,,5,2023-07-26 23:45:26,750578,750581
18768918,,5,2023-07-26 16:26:36,750578,750581
17327424,,5,2023-07-25 21:37:37,750578,750581
18140696,❤,5,2021-02-07 13:58:14,750578,750581
45925,"Quyển sách đã truyền đạt thành công những cung bậc cảm xúc của tác giả khi từ một người chữa bệnh thành một người bệnh. Chúng ta sẽ không bao giờ hình dung được những đớn đau về cả thể xác lẫn tinh thần mà một người mắc bệnh ung thư phải chịu đựng mỗi ngày, mỗi giờ, mỗi phút giây... cho đến khi đọc quyển sách này. Bằng cách chia sẻ lại những nỗi thống khổ mà bản thân đã trải qua cho đến lúc không thể chia sẻ được nữa, tác giả đã mang đến cho người đọc một hướng nhìn hoàn toàn mới, một hướng nhìn đầy thấu cảm đối với những người mắc bệnh ung thư, đối với những giày vò mà có thể đã nhiều người phải gánh chịu, nhưng hiếm ai mô tả lại, chia sẻ lại... Quyển sách đã để lại rất nhiều nỗi trăn trở, thấu cảm, nỗi buồn, và cả tinh thần lạc quan, một niềm tin vững chãi về những điều tốt đẹp trong cuộc sống này.",5,2017-12-12 11:21:18,750578,750581
22480206,,5,2023-07-18 14:09:01,750578,750581
17005710,,5,2023-07-17 18:20:49,750578,750581
15822575,"Chưa đọc nên chưa biết nội dung Mua vì nhiều người đánh giá nội dung rất hay Sách mới,không ố vàng,không tróc keo",5,2020-01-06 11:00:03,750578,750581
7134273,"Thật không còn gì để chê. Vừa nhận hàng là nhận xét liền cho Tiki luôn ạ! Về hình thức thì bìa quá đẹp, tuyệt vời, không lỗi. Còn nội dung thì chưa đọc nhưng nghe nói rất hayyy, rất ý nghĩa.",5,,750578,750581
5175934,"Sách viết dưới góc nhìn của cả bác sĩ và bệnh nhân nên cho độc giả thấy cái tổng thể, lột tả chân thực được cảm xúc của một cán bộ y tế từ lúc mới vào nghề đến lúc dạn dày kinh nghiệm. Góc nhìn từ phía bệnh nhân rất tích cực nhưng k cường điệu. Sách phù hợp cho những ai muốn hiểu thêm về giá trị của cuộc sống.",5,2017-12-02 22:11:19,750578,750581
14909411,,5,2023-07-12 10:29:11,750578,750581
29076561,Sách đẹp,5,2023-05-02 19:04:49,750578,750581
13156752,,5,2023-07-10 05:19:05,750578,750581
16774748,,5,2023-07-07 16:57:06,750578,750581
188171,"Mình nói như vậy không phải vì nó được viết quá hay dù đó cũng là sự thật, vì đây là lần đầu tiên mình trải nghiệm việc đọc sách mà không dám chắc cuốn sách sẽ dừng lại lúc nào! Mọi cuốn sách đều có bắt đầu và kết thúc, dù kết thúc mở nhưng bản chất vẫn là kết thúc, tác giả sẽ tiếp tục với những câu chuyện mới. Nhưng khi đọc cuốn sách này mình biết tác giả - 1 bác sỹ phẫu thuật thần kinh đã qua đời vì căn bệnh ung thư phổi từ hai năm trước, mình vẫn không kiềm được nước mắt khi đọc tới những dòng cuối cùng. Cái chết đã đến với tác giả rõ ràng và chân thật đến như vậy dù đã được báo trước nhưng khi đọc từng dòng chữ vẫn có cảm giác tác giả hiện lên vô cùng sống động và chân thực, đến mức thật khó chấp nhận rằng một người tuyệt vời như vậy đã ra đi mãi mãi. Thứ mình cảm nhận chỉ là một phần rất nhỏ của bức tranh, vì ai mà có thể tưởng tượng nổi những đau đớn mà anh phải chịu khi gắng gượng hoàn thành bản thảo chỉ trong 1 năm ngắn ngủi cuối đời. Sự dừng lại đột ngột của cuốn sách tuy đau đớn nhưng cũng là điều chân thật và thông điệp giá trị nhất, cái chết là điều không thể trốn tránh!",5,2017-11-26 16:33:54,750578,750581
516763,"Cuốn sách thật kì lạ. Ngay cả cái cách nó đến với mình và cái cách mình tiếp nhận cũng hoàn toàn thật kì diệu. Chỉ biết là đôi khi chúng ta nên nhìn cuộc sống một cách thực tế thì mọi chuyện sẽ dễ dàng chấp nhận hơn là chỉ toàn màu hồng. Nhưng sự thật thật là tàn nhẫn đối với những người phải trải qua cuộc sống ung thư. Cái chết vẫn luôn còn đó, chỉ là chúng ta nên cần thời gian để tiếp nhận nó! :). Hi vọng nó sẽ đọng lại điều gì đó có ý nghĩa cho mọi người!",5,2017-11-26 23:43:58,750578,750581
5194166,"Đây sẽ là quyển sách mình đọc đi đọc lại nhiều lần. Dù bạn là ai, làm nghề gì cũng nên đọc một lần, để hiểu cảm giác tương lai tươi sáng đang rộng mở bị đóng lại như thế nào; để hiểu được tác giả khao khát được cống hiến đến như thế nào.",5,2018-03-07 23:21:23,750578,750581
12924953,Nội dung hay,5,2023-04-10 09:23:00,750578,750581
1597143,,5,2023-06-28 23:16:05,750578,750581
685326,"Một bác sĩ tưởng chừng đang có tất cả, một tương lai mở rộng, thu nhập cao, công việc đáng mơ ước. Nhưng bỗng chốc tất cả khép lại. Cuộc sống con ngừoi vốn dĩ rất ngắn ngủi, và sống sao cho trọn vẹn là những gì ta đọc được. Khi hơi thở hoá thinh không là một câu chuyện đầy cảm xúc của một bác sĩ trẻ đầy tài năng. Anh đã vượt lên tất cả để chống chọi bệnh tật và chiến đấu đến hơi thở cuối cùng. Một tác phẩm hay.",5,2017-11-18 16:00:39,750578,750581
577001,"Nhận được hàng thì vui lắm tại vì cầm quyển sách lên cảm nhận được giá trị của trang bìa tốt này, giấy tốt này, đóng gói cẩn thận mà giao cũng nhanh. Tự truyện này nổi tiếng, mình biết qua nhờ đọc một bài báo của Bill Gates nhận xét về cuốn sách. Hay rất hay, đúng là mọi thứ vật chất trên cõi đời này đều trở nên vô nghĩa khi hơi thở của tử thần cận kề!",5,2017-11-18 21:37:24,750578,750581
23441410,Sách hay cho sinh viên y,5,2021-11-13 20:30:46,750578,750581
15991096,Hay.,5,2023-06-02 17:03:53,750578,750581
1822759,"Thật sự là lâu lắm rồi mình mới đọc một cuốn sách hay đến như vậy. Mình biết đến Paul Kalanithi với một nhân cách sống tốt đẹp mà anh mang lại cho đời. Giọng văn trong cuốn sách này nhẹ nhàng nhưng vẫn rất lôi cuốn, đưa người đọc qua rất nhiều cung bậc cảm xúc để rồi cuối cùng phải vỡ òa bật khóc. Các bạn hãy cùng đọc và trải nghiệm với mình nhé.",5,2017-11-15 19:46:00,750578,750581
6096070,,5,2023-06-25 16:08:41,750578,750581
20452000,,5,2023-06-24 06:08:16,750578,750581
189469,,5,2023-06-22 12:41:25,750578,750581
23367733,,5,2023-06-19 20:23:35,750578,750581
19812218,,5,2023-06-18 13:24:01,750578,750581
6522939,"Nội dung cuốn sách rất hay luôn, quả nhiên là lời văn của một tiến sĩ, .... Về việc đóng gói thì mong lần sau TiKi đóng gói cẩn thận hơn nhé! với bất kỳ ai thích đọc sách thì đều không muốn sách của mình bị rách 1 phần đâu!!!",5,2018-09-18 11:19:26,750578,750581
804880,"“Hầu hết cuộc đời đang sống với sự thụ động về cái chết - đó là điều xảy đến với bạn và những người xung quanh. Nhìn nhận cái chết như vị khách không mời nhưng hiểu rằng ngay cả khi tôi phải chết, thì tôi vẫn sẽ sống cho đến lúc thật sự ra đi.” Tình yêu thương chân thành, tình thân và sự có mặt dành cho nhau ở những thời khắc quan trọng của cuộc đời. Sự cống hiến, tận tâm, trách nhiệm và lòng trắc ẩn của người Bác sĩ...mà đôi khi nhìn xung quanh thấy nao lòng, vì có vẻ hiếm. Có những lúc cảm thấy đắng nghẹn, ko phải vì ko làm được gì nữa, mà vì tâm thái vô cảm trước nỗi đau của người khác. Đối diện và chấp nhận thực tế đau lòng...nhưng hoàn toàn ko phải là bi kịch mà là trải nghiệm, hành trình mọi người phải bước tới, có thể chỉ khác nhau ở thời điểm và cách thức. Cách Paul & Lucy tận hưởng những ngày bên nhau trọn vẹn, nghĩ và chuẩn bị cho tương lai của nhau một cách thực tế nhưng ko hề xuất hiện sự tàn nhẫn, mà chỉ đơn thuần xuất phát từ tình yêu chân thành và ko trốn tránh ^^",5,2017-11-06 10:54:09,750578,750581
412395,"✰ ✰ ✰ ✰ KHI HƠI THỞ HÓA THINH KHÔNG - Paul _____ Hmm... Quyển sách viết về ung thư thứ 3 trong năm mình đọc. 3 Quyển đó, có 2 quyển mình đã khóc khi đọc đó là quyển này và quyển ""Bốp à, mẹ bị ung thư"" (quyển Bốp à... mình đọc trong quán cafe, ngồi khóc tỉnh bơ :)) ) Chắc là mình của năm nay dễ xúc động và mau nước mắt vì những quyển sách hơn mình của lúc trước. Tuy nhiên, những quyển sách viết về ung thư thật sự rất xúc động. Về căn bệnh này, về cáii nhìn, về cảm giác và sự đối mặt với nó, với cáii chết của người trong cuộc. Hơn cả một quyển sách viết về trải nghiệm và kiến thức từ căn bệnh này, ung thư. Khi hơi thở hóa thinh không là quyển sách hàn lâm nhất trong 3 quyển, có lẽ do nó được viết lên từ 1 bác sĩ phẫu thuật thần kinh và cũng là 1 người xuất thân từ giới hàn lâm văn học Anh. Nên theo mình quyển này mức độ khó đọc là 3.5/5. Một trong những điều từ quyển sách thẩm thấu vào mình nhiều nhất là khi Paul viết: Khi con người không biết cụ thể chính xác khi nào mình sẽ chết thì người ta sẽ mặc định rằng họ sẽ sống rất lâu. Còn những người mang trong mình Ung thư. Họ nhận thức rõ ngày của cáii chết rất gần kề, có thể hôm nay, ngày mai hay ít tháng hoặc may mắn hơn là vài năm. Suy cho cùng cũng không ai biết chính xác ngày chết của mình. Nhưng với người mang Ung thư trong thì họ ý thức hơn mình nhiều rằng mỗi ngày trôi qua nó quý giá lắm. À mà quyển này viết nhiều về triết học lắm. :-< Mình đọc đôi chỗ cũng không thật sự hiểu rõ. Có lẽ với một người trong cuộc, hoặc chính họ trải qua những cảm giác đó thì mới hiểu được. Dù sao đii nữa, đây vẫn là 1 quyển sách hay.",5,2017-11-02 14:24:21,750578,750581
26282180,tuyệt,5,2023-05-03 18:30:57,750578,750581
28985133,,5,2023-06-12 18:01:07,750578,750581
13527942,,5,2023-06-12 06:44:38,750578,750581
332766,"Đây là một trong những cuốn sách xuất sắc nhất tôi đã được đọc. Có niềm vui, có nỗi đau, có sự tuyệt vọng nhưng cũng chan chứa tình yêu, niềm tin vào cuộc đời và con người. Tôi đã mua nhiều cuốn để tặng cho bạn bè thân thiết của mình.",5,2018-06-06 08:21:37,750578,750581
12719571,Cuốn sách cực hay và ý nghĩa đối với mình,5,2022-07-25 13:29:05,750578,750581
6474702,Giao hàng nhanh Sách không bị nát,5,2022-10-24 11:13:11,750578,750581
5126781,Phần đầu sách có hơi khó hiểu nhưng càng về sau lại càng hay và cái kết vô cùng xúc động. Tác giả truyền cảm hứng và tinh thần chiến đấu mạnh mẽ đến đọc giả . Đọc để thấy trân trọng những giây phút hiện tại và quý trọng sức khỏe hơn,5,2018-05-08 15:28:37,750578,750581
12526033,"Tiki giao hàng khá nhanh, sớm hơn ngày hẹn đến 4 ngày. Sách được bao gói cẩn thận, không có dấu hiệu bị gập hay bị nhàu. Cảm ơn Tiki",5,2020-09-13 02:21:22,750578,750581
1712386,"Đọc xong sách mới thấy được nghị lực phi thường của Paul, mang trong mình căn bệnh ung thư hành hạ nhưng Paul vẫn đủ nghị lực để hoàn thành cuốn sách, điều xúc động nhất là bức hình cuối của gia đình Paul ! Thật sự phải chung nghành mới hiểu sâu sắc những dòng tư tưởng của Paul Anh là thần tượng của tôi Paul !",5,2017-10-24 11:28:12,750578,750581
315840,"(Có thể tiết lộ nội dung sách) Có lẽ mình đã nghĩ hơi đơn giản về cái chết. Cho đến tối qua đọc xong cuốn ""Khi hơi thở hóa thinh không"", khi cảm nhận được sự đấu tranh bền bỉ mà mạnh mẽ ấy. Mình chợt nhận ra rằng: hóa ra ""sự chết"" nó không đơn giản như vậy. Trước cái chết thường là đau đớn. Chỉ là phải đối mặt với thời gian dài hay ngắn của sự hành hạ thể xác và tinh thần. Về những tiếc nuối và sự đau thương cho chính bản thân và gia đình. Dr Paul đã sống trọn vẹn, có lẽ vậy. Dù rằng trái ngọt sự nghiệp đã chín, dù rằng trái ngọt đó không thể hái xuống, nhưng anh đã sống hết mình đến giây cuối cùng của cuộc đời. Một liều moocphin và dừng lại cuộc sống. Bởi với cương vị ""từng"" là một bác sĩ, Paul biết cuộc sống của mình đã đến lúc dừng lại rồi. Mình biết rằng mình sẽ đọc lại cuốn này vài lần nữa, bởi một lần chưa đủ để thấm hết tâm tư tình cảm và cả sự nhiệt huyết anh đặt trong cuốn sách này. Và mình nghĩ cũng sẽ khó mà hiểu cặn kẽ được, những hãy đọc để rồi ta thấy mình được thấu hiểu hơn với một phần cuộc sống.",5,2017-10-21 07:46:35,750578,750581
1098865,Tác giả mãi đi tìm câu trả lời cho câu hỏi: cuộc sống này thế nào là ý nghĩa. Và chính tác giả là hiện thân cho câu trả lời đấy. Một quyển sách giá trị tiếp thêm sức mạnh cho những ai đang loay hoay đi tìm ý nghĩa đích thực của cuộc đời mình.,5,2018-04-28 22:43:53,750578,750581
13769797,,5,2023-05-30 22:56:46,750578,750581
28026242,,5,2023-05-30 21:01:56,750578,750581
1030917,"Sản phẩm đóng gói cẩn thận, giao hàng cực nhanh",5,2021-03-25 21:55:32,750578,750581
19127613,Sách hay nên đọc,5,2021-11-12 18:25:20,750578,750581
12370865,"Tiki giao hàng cực kì nhanh luôn, sớm tận 2 ngày. Sách rất đẹp nhưng có chỗ giấy bị gấp, cắt không được đẹp. Nhưng vẫn cho 5 sao nè",5,,750578,750581
1612220,"Tôi đọc cuốn sách bởi cái ban đầu là sự thu hút của chính tiêu đề và sự hiếu kỳ về những suy nghĩ cảm nhận của một con người khi họ ở những giây phút cuối của cuộc đời để rồi từ đó có thể có những suy ngẫm về mục tiêu của cuộc đời mình. Tác phẩm là một cuốn nhật ký của chính tác giả nhưng được viết rất tài tình bởi cây bút của một nhà văn và bởi nó giống như nhật ký nên nó chưa đựng tính tự sự và rất chân thật. Đó là những suy nghĩ và cảm nhận rất thật, rất con người, rất nhân văn. Những mâu thuẫn giữa lý trí và phần con người trong tác giả tình cảnh vừa là bệnh nhân và vừa là bác sỹ. Đó thật sự là một trải nghiệm không thể quên với tôi. Và với bạn nếu bạn có suy nghĩ giống tôi... hãy đọc nó.",5,2017-10-16 20:50:30,750578,750581
11512407,,5,2023-05-24 00:04:27,750578,750581
20297053,sản phẩm chất lượng tốt nên mua để đọc,5,2021-04-17 10:20:13,750578,750581
8651040,"Giao hàng siêu nhanh, đặt từ tối qua mà trưa nay đã có hàng rồi, chất lượng thì khỏi phải nói, quá tuyệt!",5,2021-03-18 20:14:45,750578,750581
11183838,,5,2023-05-22 10:44:59,750578,750581
8638332,,5,2023-05-20 21:10:39,750578,750581
13806471,,5,2023-05-18 07:44:12,750578,750581
16928494,hài lòng về sản phẩm. giao hàng nhanh,5,,750578,750581
20484785,,5,2023-05-17 06:05:46,750578,750581
28951504,Sách hay,5,2023-03-23 11:30:40,750578,750581
558770,"Quyển sách mang đến cái nhìn về y học, về con người và việc đối mặt với cái chết. Không quan trọng bạn chết như thế nào, vì thực tế sống cũng chỉ là quá trình chết mà thôi, nhưng cái quan trọng là làm thế nào để hành trình ấy thực sự ý nghĩa.",5,2018-03-17 11:44:34,750578,750581
10065474,"Quá hay luôn mọi người, nên mua nha",5,2022-09-02 15:55:45,750578,750581
14998463,"cuốn sách nội dung rất hay, cho mk 1 cái nhìn ms về nghành phẫu thuật thần kinh, cho mk thêm động lực để tiền lên",5,2021-01-24 18:14:42,750578,750581
1834096,"Ý nghĩa tích cực của câu chuyện lan tỏa mãi trong lòng.Cái chết chỉ thật sự đáng sợ chỉ khi con người đơn độc và sợ hãi. Và hơn hết,sách đề cao giá trị vô cùng quan trọng của gia đìnhvà bạn bè.Hãy trân quý thời gian,sức khỏe và những thứ bạn có tất cả chỉ là hữu hạn.",5,2017-10-01 18:56:25,750578,750581
22588512,,5,2023-05-07 10:32:43,750578,750581
454046,"Cuốn sách với lời tự sự của tác ỉa về những năm tháng cuối cuộc đời, khi trải qua căn bệnh mà biết chắc mình không thể qua khỏi làm tôi thấy hi vong nhiều hơn vào cuộc sống, bởi vì ngay cả biết chẳng có cơ hội hay con đường nào khác thì bác sĩ Paul vẫn lựa chọn hi vọng và sống tiếp như bình thường, bác sĩ coi rằng dù sao mình cũng phải chết - vì sự thực là vậy, chỉ không nghĩ tới rằng nó sớm hơn dự định thôi. Mong rằng những bạn đang có suy nghĩ tiêu cực hay thất vọng điều gì trong cuộc sống thì hãy đọc quyển sách này để mở rộng tầm mắt và nghĩ thoáng ra nha!",5,2017-09-28 00:09:05,750578,750581
917362,"Quyển sách này theo mình là hay nhất trong các cuốn mình đã đọc trong vài năm qua . VÌ là sinh viên ngành Y , mình càng thấu hiểu hơn cảm giác của Kalanithi , sự vất vả , nỗi đau và cả sự cô đơn nữa .. Mình khâm phục anh ấy , và mong rằng những quyết định sau này sẽ được đưa ra sáng suốt hơn .",5,2017-09-26 15:43:18,750578,750581
263776,"tiêu đề với cái bìa đã khiến bản thân mình ấn tượng. từng dòng Paul viết như tất cả nỗi lòng sự đấu tranh với bệnh tật và cả những tâm sự của anh. cách kể chuyện của Paul nhẹ nhàng như không phải mọi thứ bất hạnh đó xảy đến với anh,cuộc đời đang ở trên đỉnh cao của sự nghiệp thì mọi thứ ập tới.anh vẫn sống vẫn chiến đấu như một tượng đài bất tử. Paul chịu đựng nỗi đau đớn quay lại phẫu thuật.chi tiết "" Paul hát cho Candy và rung bé nhẹ nhàng trên đùi. Cô bé cười rạng rỡ, không buồn để ý đến dây truyền oxy trên mũi cha. Thế giới của anh trở nên nhỏ lại"" khiến mình thấy rất xúc động. Khi là một bác sĩ hay khi phải là một bệnh nhân Paul đèu rất kiên cường",5,2017-09-27 10:21:08,750578,750581
19428697,"sách đẹp lắm ?, giao hàng nhanh nữa, cảm ơn tiki nhiều",5,2021-01-18 19:16:19,750578,750581
17528325,Sách hay lắm Giao hàng nhanh. Mình đặt tối mà sáng hôm sau đã có rồi,5,2021-12-14 11:46:30,750578,750581
1945289,"Là một bác sĩ lại trực tiếp điều trị những bệnh nhân hồi sức sau mổ sọ não hay những bệnh nhân với những hậu quả nặng nề sau tai biến mạch máu não mình thấu hiểu phần nào những suy nghĩ của Paul. Bản thân mình đôi khi cũng lạc vào những suy nghĩ về sự sống, cái chết về ý nghĩa của cuộc sống về nhân diện của một con người. Thực sự đây là một câu truyện tuyệt vời phản ánh sâu sắc về một con người với vai trò bác sĩ - bệnh nhân. Những trải nghiệm mà không phải ai cũng có được.",5,2017-09-21 11:32:23,750578,750581
7889076,"Hãy trânbtrojng cuộc sống này và sống hết mình khi còn có thể, đây là những điều bạn có thể thấy đuọc sau khi đọc quyển sách này",5,2020-08-08 07:56:54,750578,750581
320508,"Quyển sách nói về sự đấu tranh khi vào nghề y , giữa những mâu thuẫn trong lý trí khi bản thân đang ở cực đỉnh của vinh quang , của thành quả cố gắng trong suốt những năm tháng qua , của những dự định hạnh phúc ....nhưng khi người ta tiếp nhận tin dữ về bệnh nan y đồng nghĩa với màn tối cuộc đời đang bao phủ và đạp đổ tất cả thì bản thân sẽ luôn phải đấu tranh : "" Tại sao lại là tôi ? tại sao không phải là tôi ... Sau tất cả, quyền lựa chọn sống hạnh phúc như thế nào vẫn chính là ở tự bản thân mình.",5,2017-09-20 08:19:21,750578,750581
9100488,,5,2023-04-25 05:03:47,750578,750581
1859700,"Sách thì ổn nhưng chả hiểu sao Tiki không hỗ trợ thanh toán quốc tế, thẻ Woori Bank không xài được. Gửi đến Tiki 1 lời than phiền.",5,2020-08-26 00:17:34,750578,750581
5823573,"Breath chính là Air mà, hóa gì nữa =))))). Tuy nhiên dịch tựa đề rất chất, có lời khen ạ, chữ ''Thinh Không'' thấy hay thực sự lun ấy. Bác sĩ động lực rất lớn. Nếu bạn biết đến Marvel sớm, có thể bạn đã thành Doctor Strange thứ 2 rồi.",5,2018-06-15 22:50:37,750578,750581
22340418,,5,2022-02-07 09:43:29,750578,750581
114450,"Không ít sách viết về các cảm nhận của chúng ta về cuộc sống khi đối mặt với cái chết. Điều đọng lại trong mình sau khi đọc cuốn sách này không phải là các cảm xúc của bệnh nhân Paul, mà là các chia sẻ của bác sĩ Paul. Có bao nhiêu bác sĩ nói cho bạn biết những sai sót trong sự nghiệp của họ, và ảnh hưởng của những sai sót đó đối với bệnh nhân của họ, và với họ. Cuốn sách khiến ""bác sĩ"" trở nên ""người"" hơn trong mắt mình.",5,2017-09-06 18:10:27,750578,750581
108523,"Cuốn sách khiến người đọc có tâm trạng khác nhau sau khi đọc. Ban đầu là việc đối mặt của Paul khi biết mình mang bệnh. Là một bác sĩ, Paul hiểu rất rõ về căn bệnh của mình việc này khiến việc đối mặt thật sự khó khăn hơn với những người không biết chút gì. Nhưng Paul đã mạnh mẽ đối mặt dù đôi lúc mệt mỏi gần như buông xuôi. Cái hay của truyện không phải là nghị lực chống lại căn bệnh hiểm nghèo của Paul vì còn những người khác cũng mắc bệnh và họ cũng đầy nghị lực. Cái hay đến từ việc Paul là một bác sĩ, một bác sĩ tài năng đã khẳng định được tên tuổi và chuẩn bị bước đi trên con đường chinh phcụ đỉnh cao của sự nghiệp sự lại bị chính bệnh tật đánh bại. Cả cái cách mà Paul từ từ hiểu ra, chọn việc làm bác sĩ và quảng thời gian trở thành bác sĩ khiến người đọc hiểu hơn về Paul, về bác sĩ.",5,2017-09-04 14:47:50,750578,750581
5500061,"Nỗi đau mà tác giả phải trải qua đau đớn ,cô đơn,rồi mạnh mẽ để vượt qua bệnh tật nó như hiện ra trước mắt tôi vậy .Dù không muống nhắc lại nhưng nỗi đâu ấy em tôi dã phải trải qua khi chưa đầy 17 tuổi.cái tuổi mà đáng lẽ phải được nhảy nhót vui đùa,cười nhưng nụ cười hồn nhiên và chuẩn bị cho kỳ thi đại học sắp tới,thì em với bộ quần áo bệnh nhân với việc thở cũng trở nên khó khăn,thân hình gầy gò làn da đên sạm ,những chiếc sương sống lộ rõ,em nằm chắc rất khó khăn và đau đớn .Nhưng em vẫn cười hy vọng một ngày có thể khoẻ mạnh đi học có thể bước chân vào cánh cửa của trường đại học Y.Rồi ngày mà chẳng ai mong đợi rồi cũng đến em đau nhiều hơn và liên tục đòi tiêm moocphin.Em nói muốn về nhà nằm trên chiếc giường của mình cùng chiếc gối ôm quen thuộc,em cười và rồi em đã ngủ giấc ngủ bình yên.Em tôi kể từ giờ phút này sẽ không còn phải chịu bất kỳ một nỗi đau nào nữa. Chị viết những dòng này sau khi đọc xong cuốn sách .chị nhớ em nhiều lắm H ạ.ở nơi ấy em vui vẻ và bình an nhé.mội người sẽ không bao giờ quên em.yêu em nhiều.?????",5,2017-08-28 19:42:09,750578,750581
12045859,,5,2023-04-13 22:28:25,750578,750581
22103100,,5,2023-04-11 12:22:59,750578,750581
1670224,"Phải nói là mình rất thích các tác phẩm viết về nghề y, không chỉ ngưỡng mộ tài năng và còn y đức của những vị bác sĩ như thế Khi hơi thở hóa thinh không là một cuốn sách như thế, còn nhớ mình đã khóc như thế nào khi kết thúc xong ""đèn không hăt bóng"", tác phẩm này làm mình choáng váng ngay từ những trang đầu tiên, câu trả lời chỉ có một, nhưng cách ta sống như thế nào mới là điều quan trọng và những người đáng-ngưỡng-mộ như thế đã chọn cách giành cả cuộc đời mình để công hiến, để ""even when im dying, im still alive"", với giọng văn cực kì trân trọng, mình cảm thấy nghẹt thở từ tận đáy lòng vì thế đối với mình cuốn sách này không chỉ là một sự nâng niu mà còn là thứ mình muốn gìn giữ mãi",5,2017-08-31 14:33:28,750578,750581
1487739,"Finished by Nhan - Aug 22nd, 2017 When the breath becomes air - Khi hơi thở hoá thinh không Lý do đầu tiên tôi chọn cuốn sách này là bởi tựa đề được dịch quá xuất sắc. Ngồi ngây người trước màn hình máy tính, tôi suy nghĩ mãi về ""air"" và ""thinh không"". Ban đầu tôi định tìm bản gốc được viết bằng tiếng Anh nhưng sợ những từ chuyên ngành y khoa mà hẳn là phải tra từ điển sẽ làm ngắt quãng dòng cảm xúc của mình nên đơn giản hơn, tôi đã chọn mua bản tiếng việt. Ngay khi nhận chồng sách mới, tôi dành nguyên 2 tiếng rưỡi đồng hồ để đọc cuốn này, từ đầu tới cuối. Sách là cuốn tự truyện của Paul - một bác sỹ phẫu thuật thần kinh tài ba - người đã chứng kiến cả SINH và TỬ qua lăng kính của một bác sỹ và cả một bệnh nhân khi chính anh lại mắc phải căn bệnh ung thư phổi ở độ tuổi đỉnh cao của danh vọng. Ban đầu tôi cứ nghĩ sẽ được đọc những trang sách kể chi tiết về cuộc chiến đấu lại thần chết, về sự mạnh mẽ và can trường của một bệnh nhân... giống như nhiều cuốn khác và nhiều nhân vật khác với nội dung tương tự. Nhưng không phải, xuyên suốt nội dung là niềm trăn trở, băn khoăn của một tâm hồn lương thiện nhưng nhạy cảm về cái chết ngay từ thuở thiếu thời cho tới khi anh làm bác sỹ, rồi trở thành bệnh nhân. ""Nếu tôi có hai năm, tôi sẽ viết. Nếu tôi có mười năm, tôi sẽ quay lại với phẫu thuật và khoa học."" - Đó là kế hoạch ban đầu của anh khi biết mình mắc căn bệnh này bởi cuộc sống của một người thông minh luôn có những giả thuyết và các phương án dự phòng. Thế nhưng anh đã...không chọn mệnh đề nào, anh chọn sống như bình thường, như hàng ngày vẫn vậy. Tưởng chừng đơn giản nhưng hẳn phải cần một sự ý chí mạnh mẽ nhường nào mới khiến anh bình thản chấp nhận đến vậy. Đúng như anh viết: ""Cho dù bạn có hoàn hảo, nhưng nhân gian thì không."" Vì nhân gian thì không nên cuộc đời dạy ta biết chấp nhận và vươn lên từ những chấp nhận đó. P/S: sẽ còn đọc lần 2, lần 3 để được thấm và thấu cảm hơn với triết lý sinh - tử của anh.",5,2017-08-23 22:04:36,750578,750581
11564761,sách hay,5,2021-12-03 08:16:20,750578,750581
19833984,"Sách nội dung thì miễn bàn, sách hay và ý nghĩa",5,2021-02-19 10:45:29,750578,750581
488586,"Có thể lời văn không đủ bóng bẩy nhưng từng câu chữ là sự thật với tất cả nỗi đau và hạnh phúc vốn có của nó. Cuốn sách thôi thúc người xem sống một cuộc đời có ý nghĩa hơn, ngay cả khi sắp phải đối mặt với cái chết, mất đi gia đình yêu quý và từ bỏ sự nghiệp đỉnh cao. Hãy sống có giá trị đến phút cuối cuộc đời dù kết thúc của nó thật bi ai.",5,2017-08-28 11:54:41,750578,750581
362738,"Theo mình, một sinh viên y khoa, đây là một tác phẩm rất đáng đặt lên kệ sách, tác giả đã giúp mình nhận ra một vài điều, biết trân trọng hơn, có trách nhiệm hơn, và hổ thẹn cho những lúc mình đọc 1 tấm phim di căn phổi của một bệnh nhân này hay 1 dải điện tâm đồ rung thất của bệnh nhân khác, những người chắc chắn sẽ chết, và mình không hề có chút cảm xúc nào, mình chỉ xem đó là tài liệu để học tập mà không thấy được rằng đằng sau đó là một cuộc đời, một nhân diện, một người mẹ, hay một đứa con bé bỏng... Cuốn sách đã dạy mình 1 bài học y đức mà ngày qua ngày mình dần lãng quên nó.",5,2017-08-15 11:42:34,750578,750581
17748941,,5,2022-01-21 12:37:47,750578,750581
5678756,,5,2023-04-03 18:07:06,750578,750581
118818,"Khi bác sỹ ấy trở thành một bệnh nhân, khi họ vừa mang trong mình niềm lạc quan vừa mang trong mình sự thật tàn khốc về căn bệnh đó. Là cách anh ấy đã chiến đấu với bệnh tật và truyền cảm hứng đến người đọc một cách dung dị và chân thành nhất. Sẽ mãi nhớ về bác sỹ tôi chỉ biết qua trang sách ấy..",5,2017-08-22 02:24:19,750578,750581
1442289,"""Khi hơi thở hóa thinh không"" là một cuốn sách rất đáng đọc. Nó mang trong mình cái nhìn điềm nhiên về sự sống và cái chết của một bác sĩ và cũng là một bệnh nhân. Với tư cách là bác sĩ, anh hiểu về sự sống hơn ai hết và ngược lại là một bệnh nhân, anh tường tận về cái chết. Trải nghiệm qua những lằn ranh sống - chết, anh thấu hiểu được ý nghĩa cuộc sống và ý nghĩa của sự tồn tại. Hơn hết thảy, điều quan trọng nhất trong cuộc đời hữu hạn của con người không phải đời sống dài hay ngắn mà là sống sao cho thật ý nghĩa, từng giây, từng phút.",5,2017-08-16 09:25:16,750578,750581
743713,"Bị hấp dẫn bởi nhan đề cuốn sách. Mình đã đặt mua và đọc liên tục. Cách nhìn nhận về cuộc sống khi đối diện với cái chết của tác giả đầy những góc nhìn mới, liên quan đến nhiều quan điểm sống. Một cuốn sách mang hàm lượng khoa học - triết lý sống nhất định nhưng lại không nhàm chán, khô cưng. Văn phong tuy đơn giản nhưng hám chứa nhiều quan điểm cần suy nghĩ cũng như có nhận thức nhất định mới có thể thấm. Một cuốn sách đáng đọc và suy ngẫm.",5,2017-08-17 10:25:29,750578,750581
7482688,"Cuốn sách tui rất thích, giá rẻ, đẹp, mỗi tội không có bọc",5,2021-12-26 15:39:38,750578,750581
246822,"giao hành cực nhanh, sách nguyên vẹn",5,2021-05-05 09:24:47,750578,750581
1890068,"Tác giả không chỉ là một bs pttm tài giỏi mà còn là một người yêu văn chương, tư duy triết học. Cuốn có chứa nhiều cung bậc cảm xúc, những giây phút căng thẳng trong phòng mổ, những khó khăn khi ra quyết định, những xét đoán và cả cả tình yêu, tình bạn...",5,2017-12-12 21:42:55,750578,750581
914337,"Cuộc đời con người vô thường đến lạ? Ta không biết khi nào ta sẽ chết, điều duy nhất có thể làm là sống trọn vẹn cho hiện tại. Cuộc sống, nếu được chọn lựa, ta sẽ chọn sống một cách ý nghĩa hay chỉ đơn thuần là sống-về-mặt-sinh-học? Nhưng riêng Paul, đến phút cuối cùng, khi chọn giữa đặt ống thở để duy trì sự sống (với khối u trên não có thể khiến anh không nhận thức được xung quanh) và việc ra đi. “Anh sẵn sàng”- câu trả lời ấy nghe sao quặn thắt, anh có quá trẻ để phải gánh chịu căn bệnh quái ác, anh là một bác sĩ có năng lực, tại sao LẠI LÀ ANH? .... Có những điều ta phải chấp nhận",5,2017-08-10 21:34:31,750578,750581
13330341,"Sách về sớm hơn dự kiến, hàng khá ổn. Nói chung là ok",5,2019-09-19 19:29:15,750578,750581
7935669,,5,2023-03-18 17:32:22,750578,750581
28420073,,5,2023-03-17 17:48:12,750578,750581
1161225,Hay,5,2023-02-25 19:32:47,750578,750581
9029299,,5,2023-03-14 19:16:46,750578,750581
12863756,,5,2023-03-07 12:52:37,750578,750581
7612951,,5,2023-03-05 20:38:21,750578,750581
7859171,,5,2023-03-04 17:48:28,750578,750581
2053049,"Mạng sống của người khác nằm trong tay mình. Nhưng để họ sống tiếp mà mất đi một phần như: không nói được, ko nhận biết được mọi người xung quanh, .... Đây mới là sự lựa chọn khó khăn. Sách mang đến cho mình một cách nhìn khác về nghề y.",5,2018-02-10 13:55:14,750578,750581
7107873,"Cuốn sách cực kỳ đáng đọc, mình đọc 1 lèo hết cuốn sách, lúc đầu chỉ đọc online thôi nhưng rồi quyết định phải có 1 cuốn vì nội dung quá hay",5,2020-02-22 19:11:01,750578,750581
1859591,"Tôi thật sự bị cuốn hút vào quyển hồi ký này. Bản thân cũng là một người khoác áo trắng, và chưa bao giờ nghĩ đến một ngày mình sẽ khoác chiếc áo xanh nằm trên bàn mổ. Quyển sách đã cho tôi một tầm nhìn mới, một suy nghĩ mới. Cảm ơn tác giả.",5,2018-01-13 23:18:52,750578,750581
19437048,,5,2023-02-27 12:36:08,750578,750581
13961418,,5,2023-02-27 05:28:39,750578,750581
24749576,,5,2023-02-25 10:24:57,750578,750581
1470162,"Ban đầu chỉ tò mò mua về đọc thử nhưng càng đọc càng bị thu hút bởi sự tận tụy cũng như nỗ lực đến phút cuối của Paul khiến cho con người ta nể phục, cũng như giúp ta làm thế nào để tìm đường tiệm cận cho riêng bản thân",5,2018-05-20 22:25:04,750578,750581
24671185,"Sách đẹp, giao hàng max nhanh còn nội dung mình cần đọc hết đã",5,2021-11-12 17:38:33,750578,750581
5975848,"giao hàng nhanh, đóng gói hàng rất kí, sách rất hay, một cuốn sách ý nghĩa cho những bạn học nghành y....... Nên đọc..............................................................................................................................",5,2018-10-21 20:55:21,750578,750581
11248761,"Sách rất cảm xúc, nói về nghị lực sống và những suy nghĩ, hi vọng của tác giả. Những suy nghĩ về sự sống và cái chết trước căn bệnh hiểm nghèo, không chịu thua trước số phận",5,2019-06-12 12:47:50,750578,750581
28435491,,5,2023-02-22 11:26:42,750578,750581
11880245,,5,2023-02-18 10:59:17,750578,750581
13192622,,5,2023-02-15 22:23:37,750578,750581
13270961,,5,2023-02-14 08:40:11,750578,750581
6591073,,5,2023-02-11 21:06:34,750578,750581
19069764,,5,2023-02-11 19:53:36,750578,750581
6294744,"Sách đẹp dã man Ship nhanh kinh khủng Tiki làm việc vô cùng chất lượng, luôn luôn tin tưởng khi mua sách trên tiki hehe",5,2020-10-21 17:53:41,750578,750581
21387370,,5,2023-02-09 22:38:46,750578,750581
10410473,,5,2023-02-08 14:41:42,750578,750581
10743135,,5,2023-02-05 09:22:44,750578,750581
16136039,,5,2023-02-04 21:39:22,750578,750581
27420889,,5,2023-02-04 19:59:05,750578,750581
6518759,"Cuốn sách rất hay và ý nghĩa . Giàu tính nhân văn . Sự việc diễn ra rất chân thật và đọng lại ấn tượng trong lòng độc giả như tôi ! ( Nếu được có thể làm thêm bookmark bên trong quyển sách , tôi nghĩ rất nhiều người thích điều này :)) )",5,2018-03-08 05:05:19,750578,750581
16383727,,5,2023-01-29 18:05:26,750578,750581
27367276,,5,2023-01-29 16:44:32,750578,750581
5595170,,5,2021-11-15 14:16:39,750578,750581
26883391,giao nhanh đóng gói ok,5,2022-08-29 11:05:44,750578,750581
18884956,giao hàng nhanh đúng với lịch hẹn,5,2022-05-21 14:15:13,750578,750581
5972780,"giao hàng nhanh, sách không có vấn đề nhưng mình thấy để được tặng lì xì mà không thấy đâu",5,2021-02-18 11:25:03,750578,750581
2113004,"Cuốn sách hay từ tiêu đề đến nội dung. Với sự từng trải của chính bản thân, tác giả đã cho độc giả hiểu thêm một cái nhìn khác về nghề Y và với bệnh nhân: "" chúng ta có thể biết nhưng chúng ta chỉ thực sự hiểu khi đã từng trải qua chuyện đó""",5,2017-11-19 19:43:29,750578,750581
18569798,Sách rất hay. Mọi ng nên mua nhé không hối hận đâu,5,2022-01-09 21:51:15,750578,750581
11895200,"Quyển sách rất ý nghĩa, tiki giao hàng rất nhanh, đóng gói rất cẩn thận. Cảm ơn ạ",5,2020-03-02 12:40:44,750578,750581
5186277,Tiki giao hàng nhanh. Sách thì không cần phải bàn. Quá xuất sắc,5,2020-08-12 20:44:55,750578,750581
7331531,"Một cuốn sách hay, thực sự mình ko muốn đặt sách xuống vì cuốn hút theo câu chuyện của tác giả",5,2021-01-22 23:39:47,750578,750581
8348201,,5,2023-01-16 22:43:41,750578,750581
28065086,,5,2023-01-16 17:20:07,750578,750581
529468,Giọng văn quá hay. Sách viết về nỗi trăn trở của một người bác sĩ có tâm & có tầm. Đọc để thấy mình nhỏ bé & cần cố gắng nhiều.,5,2020-03-22 12:07:45,750578,750581
23551384,,5,2023-01-08 11:40:47,750578,750581
5431094,"Nội dung sách ý nghĩa, cảm động, đầy tính nhân văn. Tiki giao hàng đúng hẹn, sách đẹp. Mình đang đặt thêm để tặng bạn bè và người thân.",5,2020-02-23 15:13:18,750578,750581
5977224,"Một cuốn sách rất hay nhưng đôi khi không thể hiểu hết những gì tác giả muốn truyền đạt nếu không thuộc chuyên ngành của tác giả, mình thật sự đã khóc khi đọc đến đoạn tác giả qua đời",5,2019-01-11 23:17:47,750578,750581
8255667,,5,2023-01-02 05:46:51,750578,750581
12288341,sách được bọc rất kĩ,5,2021-04-20 11:18:17,750578,750581
366455,"Quyển sách này thật sự hay và xúc động, mình đã đọc liên tục mà không rời cuốn sách lúc nào. Đọc xong mới thấy vị bác sĩ ấy thật kiên cường.",5,2019-12-09 12:50:00,750578,750581
2123061,"Sách rất hay, cuốn sách là một tâm sự của một bênh nhân và cũng là một bác sĩ kể về công việc của mình, quá trình trở thành một bác sĩ. Cũng như quá trình chống chọi với căn bệnh ung thư. Sách được bao gói rất kĩ càng và còn đẹp nữa :). *****",5,2017-11-24 22:47:20,750578,750581
23634608,,5,2022-12-21 11:17:01,750578,750581
10292636,,5,2022-12-12 01:11:42,750578,750581
16847661,,5,2022-12-09 09:54:06,750578,750581
27408091,,5,2022-12-09 08:46:48,750578,750581
601958,"Hơi rách ở góc bìa 1 chút, còn lại ok",5,2020-12-23 15:01:26,750578,750581
680664,,5,2022-12-04 21:15:59,750578,750581
5152982,,5,2022-12-04 11:36:07,750578,750581
12357286,"sách mới ,giao hành nhanh",5,,750578,750581
1198652,"Giao hàng nhanh, sách chất đẹp",5,2021-02-09 14:23:15,750578,750581
462489,,5,2022-11-24 19:47:04,750578,750581
13481253,"Nội dung rất hữu ích.khoa học, rõ ràng, những ai có người nhà mắc bệnh này nên đọc.",5,2021-02-17 17:26:52,750578,750581
727348,"Sách in chuẩn, nội dung cuốn hút về một bác sỹ luôn cố gắng học tập, làm việc và tìm ra chân lý cuộc đời mình ngay cả khi bị ung thư giai đoạn cuối",5,2019-10-15 13:06:30,750578,750581
17178520,"Đóng gói cẩn thận, giao hàng nhanh",5,2021-01-05 14:12:52,750578,750581
15454231,Mình phải dành lời ken và lời cảm ơn tới Tiki vì dịch vụ quá đỉnh và tiện ích. Nếu bạn nào còn phân Vân sợ này sợ nó thì đừng lo nha,5,2020-01-13 16:49:51,750578,750581
24712334,,5,2022-11-14 09:35:27,750578,750581
13390826,"đọc xong rui ms nhớ đánh giá, sách bọc cẩn thận",5,2021-11-14 16:54:05,750578,750581
16226949,,5,2022-11-11 22:19:21,750578,750581
8917604,"tôi đã khóc rất nhiều khi đọc quyển sách này, quyển sách mang lại một góc nhìn khác về cuộc sống, rất đáng tìm đọc",5,2020-05-31 11:08:07,750578,750581
6167439,"sách rất hay, đọc vô cùng xúc động",5,2020-11-28 23:12:26,750578,750581
6608150,giao hàng nhanh tiến độ. chất lượng bao bì đẹp. nội dung quyển sách rất hay. khi đọc quyển sách. tâm trạng được lắng đọng va thật sự hiểu được sự sợ hãi cũng như nghị lực phi thường của một bác sĩ trên giường bệnh.,5,2018-03-09 12:05:34,750578,750581
7310469,Sách đẹp lắm shop,5,2021-04-10 11:55:03,750578,750581
469158,"Lâu rồi chưa đọc 1 cuốn sách mà thấy gần gũi đến thế. Dù dịch có phần lủng củng vội vã, nh có thể bỏ qua vì sự đồng cảm với tác giả và sự hâm mộ giành cho trí tuệ uyên bác, tinh thần mạnh mẽ của ông...1 tiền bối tuyệt vời và đáng kính",5,2017-09-23 20:17:44,750578,750581
18260675,,5,2022-10-31 09:38:25,750578,750581
19483094,"Giao hàng nhanh, đóng gói cẩn thận",5,2020-12-14 20:37:42,750578,750581
13685832,"Sách mới, giao hàng nhanh",5,2022-05-12 11:03:31,750578,750581
2051162,,5,2022-10-27 13:04:20,750578,750581
209560,"Một quyển sách rất đáng đọc. Tiki giao hàng cho mình hôm 28 tết, cảm ơn Tiki.",5,2020-01-25 23:38:12,750578,750581
6734014,"sách k có màng bọc , nhưng mới tinh và đẹp .",5,2020-09-20 09:33:21,750578,750581
1126703,,5,2022-10-25 09:20:38,750578,750581
26524012,,5,2022-10-25 06:28:37,750578,750581
28060104,,5,2022-10-22 23:26:38,750578,750581
24800921,,5,2022-10-21 17:01:52,750578,750581
11095713,Sách hay,5,2022-08-27 11:45:40,750578,750581
13803294,"sách về đẹp lắm ạ, k bị hư hay lỗi ở đâu cả ship hàng vừa kịp mai tặng sn bạn tui luôn ?",5,2019-09-07 17:42:16,750578,750581
23359319,,5,2022-10-11 11:50:33,750578,750581
1653763,,5,2022-10-06 06:43:20,750578,750581
14497616,Đọc chầm chậm và suy nghĩ để trân trọng hơn những gì mình đang có!,5,2021-05-09 15:16:14,750578,750581
13057248,,5,2022-10-04 10:26:11,750578,750581
12146069,,5,2022-10-03 19:11:59,750578,750581
157122,"1 quyển sách hay về sự sống và cái chết, cách đối diện với nó!",5,2021-05-29 12:18:57,750578,750581
15067956,,5,2022-09-27 18:29:06,750578,750581
10724477,,5,2022-09-26 23:34:53,750578,750581
14588848,sản phẩm rất hay ngay từ bìa sách đã lột tả được rất nhiều về cuốn sách.,5,2021-02-10 13:39:50,750578,750581
20727002,Dc,5,2022-09-09 17:50:18,750578,750581
21265262,,5,2022-09-14 10:09:29,750578,750581
17794972,,5,2022-09-10 06:13:43,750578,750581
8991721,"Ai cx nên đọc , lời văn ko dài dòng , bắt chéo hay trùng lặp , ở mỗi câu chuyện đều có sự khác biệt và ý nghĩa riêng",5,2020-04-06 20:44:06,750578,750581
1408564,"mua cuốn này cùng "" 12 năm nộ lệ"". Cả 2 cuốn mk đọc 2 ngày là hết. Giọng văn cuốn hút từ những trang đầu, cầm sách lên rồi là không muốn đặt xuống. Rất đáng đọc!!",5,2019-03-15 16:32:41,750578,750581
12970259,:3333 tuyệt vời lun ạ,5,2022-03-28 07:04:48,750578,750581
22365637,,5,2022-09-01 14:02:27,750578,750581
19429664,,5,2022-08-30 16:24:15,750578,750581
17653911,,5,2022-08-30 08:16:29,750578,750581
197454,,5,2022-08-27 23:54:52,750578,750581
16057782,một cuốn sách hồi ký hay. anh ấy đã phải đối mặt và lựa chọn tiếp tục làm gì khi biết mình mắc bệnh và sắp chết....,5,2020-02-21 23:53:38,750578,750581
2061572,Khá hay và xúc động,5,2021-01-16 13:02:14,750578,750581
27344406,,5,2022-08-21 20:51:31,750578,750581
17914833,Sản phẩm khá ok ah,5,2021-01-22 16:11:33,750578,750581
19756941,"Cảm ơn mình đã nhận được sách. Sách đẹp, đóng gói cẩn thận. Trân trọng.",5,2021-01-04 12:34:52,750578,750581
10008597,Hiao hàng nhanh,5,2022-05-16 07:44:36,750578,750581
7970683,"khi nhận sách đóng gói kỹ , nội dung hay nha. sẽ tiếp tục ủng hộ tiki",5,2020-01-01 00:31:08,750578,750581
431533,"Nội dung sách hay, cho mình ngẫm lại những suy nghĩ chệch hướng, cho mình thấy mình thật may mắn cho tới hiện tại, nên trân trọng mọi điều xung quanh mình. Về hình thức của sách thì mình thấy sách có vài lỗi typing, mực in ở những trang cuối bị mờ làm mình hơi nghi ngờ về sách một chút, nhưng về phần bookcare mình thấy đẹp, chỉnh chu.",4,2024-03-20 06:44:17,750578,750581
20479254,good,5,2021-05-08 13:39:05,750578,750581
14291223,lần đầu mua hàng bên tikk. rất ưng ý luôn.tiki giao hàng nhanh. bạn shiper thân thiện,5,,750578,750581
23379677,chất lượng sản phẩm tốt,5,2022-01-26 10:52:05,750578,750581
6102841,"Sách đẹp k nhăn k bẩn mặc dù k có bookcare, giao đúng ngày.",5,2020-03-24 14:32:02,750578,750581
18332573,"sách xịn, giá rẻ, giao nhanh",5,2022-01-18 20:47:41,750578,750581
1411366,Hài lòng về tất cả. 5 sao :)),5,2020-10-19 20:04:34,750578,750581
6398927,"sách hay, đáng để đọc buồn nhưng không ủy mị, đọc để thấy mỗi ngày được sống là một ngày hạnh phúc sống sao cho đáng với vốn quý mà mình đang có",5,2019-06-04 10:07:34,750578,750581
905851,chất lượng tốt,5,2022-04-03 12:00:34,750578,750581
1045462,Sách hay. Giao hàng nhanh,5,2020-12-10 06:38:05,750578,750581
6636022,,5,2021-05-16 21:21:20,750578,750581
22596619,sách giao nhanh và bao bọc đẹp,5,2021-12-22 16:38:31,750578,750581
18107645,,5,2022-07-23 11:11:57,750578,750581
662122,,5,2021-05-07 18:02:14,750578,750581
435430,"Sách kể về câu chuyện có thật của một bác sĩ tim mạch trong khoảng giai đoạn cuối của căn bệnh ung thư. Giọng văn lạc quan, nói về sống - chết nhẹ nhàng Càng đọc càng cuốn hút bởi những câu chuyện nghề nghiệp của nhân vật.",5,2017-11-08 19:09:11,750578,750581
16490098,"Một tác phẩm tuyệt vời :);)) Tiki giao hàng nhanh, thân thiệt",5,2020-02-27 08:08:58,750578,750581
21578938,,5,2021-05-04 20:52:03,750578,750581
2235638,"Tiki giao hàng cực nhanh, mình rất hài lòng, đặt hồi chiều thứ bảy mà thứ 2 đã có hàng rồi. Còn về nội dung sách thì không phải nói nữa, cực hay.",5,2018-04-20 19:41:03,750578,750581
1338989,"cuốn sách là câu chuyện của 1 người bác sĩ khi mà phát hiện chính bản thân mình mang căn bệnh quái ác. rất đáng để đọc và nghiền ngẫm :) # tiki giao hàng nhanh, tuy nhiên gáy sách bị rách 1 tẹo do k có màng co",5,2018-04-23 21:38:49,750578,750581
1836667,"Sách mới, hay, người yêu mình thích sách này...... Sách của một vị bác sĩ chống lại căn bệnh ung thư của mình",5,2020-04-13 10:47:47,750578,750581
194497,"Lời kể chân thật, ""Gấp sách lại, có lẽ điều chúng ta nên làm là biết ơn rằng ta vẫn còn hơi thở, vẫn còn thời gian để thực sự trao đi yêu thương"" -st",5,2019-05-08 19:03:46,750578,750581
1584246,rất thích luôn,5,2021-01-12 10:42:30,750578,750581
12805327,Good,5,2022-06-13 06:03:49,750578,750581
7081493,"Giao hàng nhanh. Sách không có vấn đề gì. Vẫn hài lòng về tiki khi giá sách luôn rẻ hơn khi mua trực tiếp, lại còn freeship khi mua trên 150k.",5,,750578,750581
12179659,Cuốn sách rất đáng đọc,5,2021-12-29 20:32:54,750578,750581
7993158,,5,2022-06-28 13:16:59,750578,750581
1409064,Đây là một cuốn sách vô cùng lôi cuốn và bạn đọc hực sự sẽ chẳng bao giờ có thể đưa một tác phẩm đấy chân thực như vậy vào quên lãng,5,2019-07-22 21:26:41,750578,750581
8557551,,5,2022-06-26 11:56:40,750578,750581
17397852,,5,2022-06-23 16:25:44,750578,750581
292103,"Sách đẹp nè, đọc rất ý nghĩa. Highly recommend....",5,2020-04-10 18:46:40,750578,750581
10854150,,5,2022-06-19 00:34:05,750578,750581
19127678,,5,2022-06-18 12:00:38,750578,750581
12815923,"sản phẩm đẹp, tốt",5,2022-01-10 20:54:46,750578,750581
8240646,"Sách bao bìa đẹp, đóng gói kỹ càng",5,2020-07-13 01:40:03,750578,750581
17301579,,5,2021-03-31 09:46:49,750578,750581
15503996,,5,2021-03-25 11:01:21,750578,750581
11237005,"Sp chất lượng, đóng gói cẩn thận, nhân viên giao hàng vui vẻ! .... hài lòng về chất lượng sản phẩm và dịch vụ!",5,2020-02-08 16:16:28,750578,750581
13673943,sách còn rất mới đóng gói rất kĩ càng. Không trầy xước gì cả. Mình sẽ ủng hộ Tiki nhiều hơn,5,2020-06-13 23:09:53,750578,750581
5556256,"Lôi cuốn mạnh mẽ, không thể dừng lại theo dòng cảm xúc ấy. Cảm thấy mình hạnh phúc hơn nhiều số phận ngoài kia, và học được ngoài kia nhiều điều. Cảm ơn tác giả!",5,2018-12-15 10:29:36,750578,750581
209503,Chất lượng tương xứng với giá tiền. Hình thức đẹp. Đáng mua. Nội dung thì tự mỗi người cảm nhận.,5,2020-04-20 17:03:16,750578,750581
5877754,,5,2022-05-31 23:12:50,750578,750581
15455785,"Đọc rất hay, cho tôi thấy được sự vất vả, dũng cảm của Paul. Rất hợp với ai muốn học y và đang học y... Rất Hay",5,2020-01-02 20:01:37,750578,750581
12705959,Thật hay và ý nghĩa,5,2022-01-06 21:18:59,750578,750581
11416993,Chẩt lượng giấy tốt,5,2021-12-14 11:29:20,750578,750581
14514142,,5,2022-05-21 15:49:39,750578,750581
14306936,Quyển sách mang lại nhiều bài học quý giá,5,2021-07-14 21:14:04,750578,750581
1825378,Đầy ý nghĩa về từ 1 góc nhìn khác về cuộc sống.,5,2021-04-26 08:06:10,750578,750581
11669777,thank you shop!!!,5,2022-01-27 07:23:14,750578,750581
754220,"Giao hàng nhanh, nhận được sách đẹp, mình lúc nào cũng thích bookcare của Tiki. Bảo quản sách rất tốt",5,2020-04-10 15:39:52,750578,750581
13015734,"Truyện đọc hay. Hàng giao nhanh, chất lượng tốt",5,2021-05-12 22:45:40,750578,750581
7613718,"sách đẹp, cầm chắc tay, chất giấy khá tốt, nội dung thì phù hợp với mình và những bạn đang muốn tìm về nội tâm hay trải nhiệm về cuộc sống. Nên đọc!",5,2019-02-10 13:20:35,750578,750581
9985041,Mình mua sách tặng một người bạn. Tiki giao sách nhanh. Sách rất ok. Trải nghiệm tốt.,5,2020-08-12 10:04:34,750578,750581
8365023,Cuốn sách ý nghĩa. Ship hàng đóng gói cẩn thận,5,2021-05-13 12:39:17,750578,750581
7260302,thực sự rất hay dù đọc bao nhiêu lần đi nữa,5,2021-05-11 06:53:57,750578,750581
595720,,5,2022-04-19 12:49:55,750578,750581
1361889,Sách này đặt cho bạn thân. Người bạn đó review lại rằng Sách rất hay. Dành cho tất cả mọi người.,5,2020-04-01 00:23:36,750578,750581
6052724,tiki đóng gói cẩn thận. không bị cong rách gì cả. mình chưa đọc nội dung nên chưa có nhận xét j nhưng cho tiki 5 sao,5,2018-10-12 18:50:10,750578,750581
14081703,Đóng gói cẩn thận nên hàng của mình may mắn còn đẹp rất vui luôn,5,2019-09-22 15:37:58,750578,750581
12899817,Sách rất hay các bạn ạ. sau khi đọc xong quyển này lại muốn tìm quyển. Hiểu về sự chết.,5,2020-06-02 19:41:59,750578,750581
1530105,Sách hình thức đẹp. Giao hàng đóng gói rất tốt. Canh sale nên mua được giá tốt. Cảm ơn tiki,5,2020-05-27 22:45:39,750578,750581
17124496,,5,2021-01-25 11:12:02,750578,750581
19946849,Sách nói về cuộc sống và cái chết hay lắm xem rv hay cực,5,2021-02-09 15:02:16,750578,750581
22221907,,5,2022-04-06 00:39:36,750578,750581
7034612,"Sách được đóng gói bao bì cẩn thận, chất lượng giấy okie, giao hàng nhanh. Rất hài lòng với khâu đóng gói của Tiki",5,2019-11-26 11:48:09,750578,750581
8117877,,5,2022-04-03 15:43:03,750578,750581
580353,Là một bác sĩ biết rõ tình trạng mình sắp chết như thế nào. Quá dũng cảm khi đối mặt với cái chết như vậy. :(,5,2019-12-01 15:20:48,750578,750581
9805947,Đóng gói tốt.,5,2021-12-16 21:48:36,750578,750581
12536941,Sách đẹp,5,2022-01-20 14:43:20,750578,750581
6376493,,5,2022-03-31 15:33:18,750578,750581
8515714,"Sách bọc seal rất mới nhưng bên trong thiếu tận 16 trang, đang đọc hay quá trời làm tụng mood ghê luôn á Tiki ơi, giờ kiếm đâu mấy trang này để đọc đây",3,2023-12-01 21:41:10,750578,750581
17619322,chưa bao giờ phải thất vọng về tiki. sách đẹp giao hàng nhanh shipper dễ thương.,5,2020-08-20 13:23:02,750578,750581
8477292,Đây là quyển sách đã lấy đi rất nhiều nước mắt của tôi. Tạm biệt 1 nhân tài. Quyển sách của ông sẽ luôn là 1 tuyệt phẩm trường tồn mãi với thời gian,5,2019-01-07 19:05:36,750578,750581
16378218,,5,2021-01-12 20:41:16,750578,750581
11708196,Hãy quý trong cái mình đang có. Chăm sóc cho bản thân. Làm điều mình dám nghĩ để không hối tiếc,5,2020-04-16 11:44:25,750578,750581
7517586,,5,2021-01-05 00:08:04,750578,750581
16876546,,5,2021-01-04 20:00:42,750578,750581
1722113,"Một sản phẩm chất lượng từ hình thức tới nội dung, sách nhẹ trang giấy láng mịn, mình rất hài lòng về sản phẩm này, nội dung thì mình rất hâm mộ tác giả, các trích dẫn rất ý nghĩa!",5,2018-05-14 21:45:13,750578,750581
10756900,,5,2022-03-18 10:14:24,750578,750581
353958,,5,2022-03-17 23:11:53,750578,750581
6404216,"Tuyệt! Sách đẹp, giao nhanh. Đó giờ mua sách chỉ tin tưởng Tiki?",5,2020-12-04 11:31:36,750578,750581
18299083,"Shipper có tâm, sách hay không phải bàn luôn ạ",5,2021-04-23 15:32:17,750578,750581
26703436,Hay,5,2022-02-27 00:11:28,750578,750581
15392463,Hay,5,2022-02-26 20:20:36,750578,750581
13658561,"giao hàng nhanh, mới đặt sáng hôm qua, sáng nay tới",5,2021-03-18 14:44:09,750578,750581
5617334,"1 cuốn sách rất bổ ích, cho bạn trẻ muốn cống hiến cho ngành y, để gặt hái được thành quả phải cố gắng nỗ lực hết mình. Trên hết là tấm lòng của bác sỹ với bệnh nhân.",5,2018-07-21 22:20:02,750578,750581
924640,"Mua hàng tiki rất hài lòng về hàng hóa nhưng nhân viên giao hàng lúc nào cũng nạt nộ mình. Vì mình học ra trễ nên không nhận hàng đúng giờ, có vậy thôi mà nạt nộ, thiếu chút là chửi mình luôn. không thích như vậy chút nào",5,,750578,750581
11342131,"Rất cảm động, đi sâu vào chuyên môn nên phải đọc nhiều lần mới hiểu.",5,2020-09-09 15:36:18,750578,750581
5689464,,5,2020-12-28 14:25:45,750578,750581
26697299,,5,2022-03-11 12:10:44,750578,750581
7733426,,5,2020-12-27 14:22:34,750578,750581
13488384,,5,2022-03-10 11:07:20,750578,750581
6295722,,5,2022-03-09 12:35:54,750578,750581
6529203,Khâm phục vị bác sĩ này dù trong thời khắc sinh tử vẫn luôn đấu tranh và không từ bỏ.Sách có khá nhiều từ chuyên ngành nên hơi khó hiểu nhưng truyện rất cảm động xứng đáng để nghiền ngẫm.,5,2018-03-14 20:32:47,750578,750581
5488941,"Càng đọc càng lôi cuốn. Cái nhìn của tác giả về thế giới có lẽ sẽ tác động mạnh mẽ đến suy nghĩ của giới trẻ, về những nỗ lực của bản thân và niềm tin vào cuộc sống.",5,2018-06-30 22:18:50,750578,750581
1266181,"Cuốn sách là một món quà đặc biệt đối với bản thân tôi, giúp tôi hiểu ra đc rất nhiều thứ... hơn hết chính là khơi dậy đam mê vs nghê... Thực sự rất biết ơn tác giả.",5,2018-08-21 09:54:22,750578,750581
16759034,,5,2022-03-06 20:08:14,750578,750581
14977152,,5,2022-03-05 14:47:26,750578,750581
23888035,,5,2022-03-04 01:34:03,750578,750581
19542192,,5,2022-02-27 21:00:52,750578,750581
8502714,,5,2020-12-16 08:23:42,750578,750581
17198781,,5,2020-12-15 14:18:15,750578,750581
11220177,sách hay,5,2022-01-04 21:58:45,750578,750581
7509166,,5,2022-02-26 10:01:44,750578,750581
1744812,"tiki giao hàng nhanh, còn về nội dung sách thì giờ mình sẽ bắt đầu tìm hiểu. Hình thức sách đẹp, sạch sẽ.",5,2018-10-04 10:13:14,750578,750581
18856640,,5,2022-02-25 14:34:39,750578,750581
18976574,,5,2022-02-23 21:13:18,750578,750581
23890980,,5,2022-02-22 19:41:04,750578,750581
7229615,O,5,2022-02-15 21:20:49,750578,750581
7372744,Mình chưa đọc nhưng chất lượng in vs đóng gói tốt,5,2021-02-05 07:02:52,750578,750581
25800066,Good,5,2022-01-26 10:34:39,750578,750581
16773253,Giao hàng nhanh gọn lẹ làm mình không kịp chuẩn bị để nhận nên phải nhờ người nhận hộ ???,5,2020-03-19 01:10:09,750578,750581
18535106,,5,2022-02-18 11:30:48,750578,750581
18447446,,5,2022-02-17 23:20:17,750578,750581
23141174,,5,2022-02-17 19:22:04,750578,750581
9980068,,5,2022-02-16 21:22:18,750578,750581
16584068,,5,2022-02-16 08:32:19,750578,750581
234764,,5,2022-02-15 19:06:32,750578,750581
9114114,Ok,5,2022-02-03 18:22:19,750578,750581
25130673,Sp không bọc,5,2021-11-19 07:01:12,750578,750581
7735596,,5,2022-02-14 21:43:13,750578,750581
15592243,,5,2022-02-13 06:56:26,750578,750581
17775603,Tốt,5,2022-01-14 21:11:09,750578,750581
5807420,"Sách hay. Cuối sách đọc mà khóc quá trời, lật ra gấp lại mãi mới đọc hết được. Thương Paul. ㅠ.ㅠ",5,2018-10-20 22:34:27,750578,750581
7639171,,5,2022-02-11 20:37:57,750578,750581
22466081,,5,2022-02-11 08:20:11,750578,750581
18261294,,5,2022-02-11 07:10:23,750578,750581
12691829,,5,2022-02-09 23:09:31,750578,750581
9099076,,5,2022-02-09 21:15:45,750578,750581
16048317,,5,2022-02-07 19:33:12,750578,750581
20592014,,5,2022-02-07 17:43:53,750578,750581
21562866,,5,2022-02-07 10:22:36,750578,750581
19744002,,5,2022-02-07 08:34:31,750578,750581
14009139,,5,2022-02-06 22:00:00,750578,750581
23453978,,5,2022-02-06 14:45:26,750578,750581
14810136,Nice,5,2022-01-13 09:55:16,750578,750581
16558355,sách hay.. đáng để mua ạaa,5,2020-05-07 15:57:40,750578,750581
16998614,Sách đẹp,5,2021-11-25 12:00:01,750578,750581
1089596,sách đẹp thơm phẳng lì luôn! nghe nhìu ng nói sách nhăn nên mình hơi lo nhưng ko sao tiki ổn lắm,5,2020-03-18 23:07:34,750578,750581
8820163,"sản phẩm y như hình minh hoạ , giao hàng đóng gói đúng tiêu chuẩn và đúng ngày hẹn . rất hài lòng",5,2020-02-07 00:00:30,750578,750581
13406032,,5,2022-01-26 12:48:14,750578,750581
513561,,5,2022-01-25 01:29:26,750578,750581
12191111,,5,2022-01-24 23:59:41,750578,750581
22389499,,5,2022-01-24 11:14:57,750578,750581
6140782,,5,2022-01-23 15:29:20,750578,750581
6440799,,5,2022-01-22 14:21:22,750578,750581
15196357,,5,2022-01-21 21:43:36,750578,750581
26080908,,5,2022-01-21 17:06:56,750578,750581
9147015,,5,2022-01-21 08:26:34,750578,750581
21858988,,5,2022-01-20 11:15:06,750578,750581
2054692,,5,2022-01-20 09:04:09,750578,750581
21489444,,5,2022-01-20 04:43:02,750578,750581
1840367,,5,2020-11-07 15:15:28,750578,750581
19753649,,5,2022-01-19 21:28:34,750578,750581
8006965,,5,2022-01-19 00:51:22,750578,750581
7680007,,5,2022-01-18 21:14:01,750578,750581
8635652,rất hay cho những bạn theo đuổi ngành y ạ,5,2021-03-14 15:50:19,750578,750581
15203815,,5,2022-01-18 10:19:01,750578,750581
19320385,,5,2022-01-18 09:24:51,750578,750581
5091544,,5,2022-01-17 17:26:41,750578,750581
1131969,"Câu chuyện hay, dữ dội và buồn, mình chưa đọc hết nhiều đoạn cảm giác không thể đọc nổi vì sự buồn và cảm xúc trong đó",5,2019-06-14 17:02:27,750578,750581
13183428,,5,2022-01-16 13:55:35,750578,750581
26489951,,5,2022-01-15 15:45:24,750578,750581
22607596,,5,2022-01-14 23:06:47,750578,750581
6584609,,5,2020-11-02 12:47:24,750578,750581
21075644,,5,2022-01-13 13:46:49,750578,750581
16727600,Đọc để trân trọng từng giây từng phút mình đang đc thở một cách khoẻ mạnh,5,2020-06-07 11:22:35,750578,750581
1624472,,5,2022-01-12 10:17:37,750578,750581
6289150,,5,2022-01-11 23:07:30,750578,750581
9816256,Đây là cuốn sách để lại cho mình nhiều cảm xúc nhất trong rất nhiều cuốn sách mình đã đọc.,5,2020-01-29 17:48:27,750578,750581
22602048,,5,2022-01-10 11:20:35,750578,750581
12181983,Mình không hợp với nội dung cuốn này lắm nhưng chất lượng bìa giấy cũng khá tốt nha,5,2020-04-11 10:21:09,750578,750581
6887703,,5,2022-01-08 11:30:56,750578,750581
12512084,,5,2022-01-07 23:52:49,750578,750581
10081787,,5,2022-01-07 00:10:25,750578,750581
8199184,,5,2022-01-06 17:30:28,750578,750581
720996,,5,2022-01-06 12:30:19,750578,750581
5113789,,5,2022-01-05 19:13:53,750578,750581
9890777,,5,2022-01-05 16:18:20,750578,750581
23858746,,5,2022-01-05 15:46:53,750578,750581
1268921,,5,2022-01-04 19:28:56,750578,750581
7766737,hay,5,2021-12-17 12:18:05,750578,750581
7147809,"lần đầu đặt tiki luôn, đóng gói cẩn thận. Quyển sách rất ý nghĩa để tìm đọc, đặc biệt là những bạn yêu thích y học",5,2019-06-19 22:57:41,750578,750581
11488980,"Đóng gói kỹ, bìa đẹp. Nội dung hay",5,2021-04-15 12:41:52,750578,750581
942727,"Quyển sách đáng để đọc, rat xúc động, rất hay!",5,2020-12-30 08:22:54,750578,750581
6032421,"Tiki đóng gói rất đẹp. Nội dung sách là cả một câu chuyện về cuộc đời của vị bác sĩ, đọc rất thấm, nhẹ nhàng và đáng để chúng ta suy ngẫm.",5,2018-12-21 13:52:39,750578,750581
10083834,tốt,5,2021-12-02 15:30:13,750578,750581
22477022,,5,2021-12-30 14:35:53,750578,750581
384539,,5,2021-12-29 22:43:54,750578,750581
16612465,,5,2021-12-29 15:18:57,750578,750581
7231465,,5,2021-12-28 23:54:19,750578,750581
20180633,,5,2021-12-28 19:35:13,750578,750581
5757079,,5,2021-12-28 15:07:43,750578,750581
5114857,,5,2020-10-15 19:14:00,750578,750581
20257807,,5,2021-12-27 18:14:55,750578,750581
8269409,"Những trang sách nhẹ nhàng, ý nghĩa, đáng ngẫm nghĩ. Recommend cho mọi người nhé♥️",5,2020-04-21 20:19:02,750578,750581
1637860,,5,2021-12-26 10:26:30,750578,750581
9804414,,5,2021-12-26 10:21:23,750578,750581
21343742,,5,2021-12-26 09:59:29,750578,750581
34112,,5,2021-12-26 02:05:00,750578,750581
5990544,,5,2021-12-25 22:51:48,750578,750581
2197511,,5,2021-12-25 19:42:28,750578,750581
24408679,,5,2021-12-25 15:42:38,750578,750581
8878164,,5,2021-12-25 12:25:32,750578,750581
6483851,"Sách siêu hay! Không thể nghĩ là chọn đc 1 quyển sách cực kì hài lòng, đóng gói cẩn thận",5,2020-03-04 20:47:58,750578,750581
7215429,,5,2020-10-12 22:21:39,750578,750581
14077402,,5,2021-12-22 14:04:33,750578,750581
1176,cuộc chiến sức khoẻ mỗi ngày đối chọi với rủi ro bệnh tật,5,2020-09-04 20:49:13,750578,750581
22453611,Hay,5,2021-12-04 10:46:38,750578,750581
535975,"Bạn thấy cuốn sách bán rất chạy, được khen rất nhiều. Bạn tin tưởng đặt mua. Và khi bạn bắt đầu đọc, niềm háo hức vỉ tin rằng sắp được thưởng thức một tác phẩm hay bắt đầu xẹp dần xuống như một quả bóng bị xì hơi. Cuốn sách bắt đầu bằng việc tác giả phát hiện ra căn bệnh ung thư, tiếp theo kể lại quá trình học và thực tập vất vả để trở thành bác sỹ phẫu thuật thần kinh, cuối cùng là giai đoạn chữa trị. Cuốn sách sử dụng rất nhiều thuật ngữ, tên gọi y khoa, các suy nghĩ mang tính triết học nên thực sự rất khó ngấm. Đối với mình đây giống như một cuốn hồi kí khô khan, chán ngắt, đầy lí trí, hoàn toàn không có chút nào chạm tới mình cả. Khi Emma hỏi Paul điều gì quan trọng nhất đối với anh? Paul chỉ chấp niệm là tiếp tục làm bác sĩ phẫu thuật chỉ vì anh đã phải rất vất vả mới vươn tới được vị trí đó. Lúc đó mình chỉ muốn chửi thề thôi. Thế còn gia đình, người yêu, và đặc biệt là sức khoẻ của chính anh thì sao ? Liệu anh có bao giờ nghĩ chính việc vắt kiệt bản thân là nguyên do khiến anh bị ung thư ? Liệu trở thành bác sĩ có phải là con đường duy nhất khiến anh cảm thấy cuộc sống này có ý nghĩa ? Tin mình đi, bạn sẽ không hối tiếc chút nào nếu không đọc cuốn sách này đâu. Thay vào đó, nếu bạn quan tâm chủ đề này, mình giới thiệu bạn hãy đọc cuốn Điểm Đến Cuộc Đời của bác Đặng Hoàng Giang - một cuốn sách được viết chân thực, rất đời, giàu cảm xúc, dễ tiếp thu và sẽ chạm tới bạn đấy.",2,2025-12-21 21:08:30,750578,750581
20935619,,5,2021-12-21 06:05:12,750578,750581
22558984,,5,2021-12-19 20:24:01,750578,750581
26074279,,5,2021-12-18 14:11:26,750578,750581
20525794,,5,2021-12-17 15:35:24,750578,750581
5541776,,5,2021-12-17 15:35:44,750578,750581
18331321,,5,2021-12-16 02:52:29,750578,750581
6738000,,5,2021-12-15 16:02:02,750578,750581
1487689,,5,2021-12-15 08:47:42,750578,750581
21027940,,5,2021-12-14 16:10:49,750578,750581
5158880,,5,2021-12-14 09:40:23,750578,750581
20880913,,5,2021-12-11 20:47:09,750578,750581
24547096,,5,2021-12-07 16:33:19,750578,750581
904178,"Sách hay, đọc ngẫm ra nhiều thứ. Tiki giao hàng nhanh chóng, đóng gói cẩn thận.",5,2020-05-11 08:09:59,750578,750581
16304198,Sách hay bọc bìa cần thận ko chày xước,5,2021-02-15 20:06:24,750578,750581
11052441,,5,2021-12-02 21:12:30,750578,750581
11831063,,5,2021-12-02 16:51:56,750578,750581
13198100,,5,2021-12-02 12:38:57,750578,750581
21979852,,5,2021-11-30 21:56:00,750578,750581
19692136,"sách đc bọc kĩ càng, nội dung rất nhân văn",5,2021-01-18 13:16:19,750578,750581
19110402,,5,2021-11-29 21:16:51,750578,750581
7197630,,5,2021-11-29 09:32:15,750578,750581
512984,Sách được gói rất cẩn thận. Quyển sách rất hay kể về những cảm nhận của tác giả quá trình từ khi phát hiện bệnh được kể rất cẩn thận,5,2018-12-13 11:27:25,750578,750581
16863278,,5,2021-11-28 13:24:45,750578,750581
16674941,,5,2021-11-26 17:35:21,750578,750581
15021024,,5,2021-11-26 08:52:28,750578,750581
131296,"một quyển sách rất hay khiến ta trân trọng hơn mỗi giây phút được sống, được hít thở không khí và được ở bên những người yêu thương.",5,2019-01-07 00:20:50,750578,750581
1161115,,5,2021-11-25 01:18:39,750578,750581
16757040,,5,2021-11-23 09:42:22,750578,750581
16903345,"Sách chất lượng tốt, mới, nội dung hay, mọi người nên mua nhé!",5,2020-08-05 20:26:37,750578,750581
5702236,,5,2021-11-21 17:47:56,750578,750581
10825063,,5,2021-11-18 11:37:02,750578,750581
23656091,,5,2021-11-17 20:03:08,750578,750581
1347711,,5,2021-11-17 18:36:26,750578,750581
16707448,,5,2021-11-15 14:01:57,750578,750581
5287170,,5,2021-11-14 10:13:29,750578,750581
10737860,,5,2021-11-13 13:53:28,750578,750581
1344648,Rất đáng đọc. Tác phẩm mang đến cho người đọc cái nhìn rõ hơn về công việc của bác sĩ phẫu thuật nội thần kinh và cuộc chiến chống lại bệnh tật của vị bác sĩ tài giỏi mà rất kiên cường,5,2017-10-25 14:04:50,750578,750581
16265890,,5,2021-11-13 08:11:05,750578,750581
16986145,,5,2021-11-12 20:08:04,750578,750581
21498331,,5,2021-11-11 19:46:54,750578,750581
16072693,"sách đẹp, chữ rõ, sách mới, rất nên đầu tư",5,2020-11-30 17:22:02,750578,750581
8216228,,5,2020-08-28 22:09:12,750578,750581
13388901,,5,2021-11-06 08:25:24,750578,750581
12693978,"Sách hơi cũ ạ, nhưng không sao. Sách hay quá!!!",5,2020-12-13 21:46:03,750578,750581
14507555,,5,2021-11-03 15:38:16,750578,750581
11022322,,5,2021-11-02 17:12:09,750578,750581
5687133,"Đọc 1 lèo hết chương, nhận xét ban đầu thì rất cuốn hút theo tình tiết cốt truyện. Điểm trừ vì sách đóng gói và bọc lại hơi ẩu. Bìa sách phía trong thấy bong lớp hồ ra, nhìn lởm chởm khó chịu.",5,2017-10-09 13:46:49,750578,750581
1480029,"Hay, xúc động. Mọi người nên đọc để hiểu thêm về ngành y. Chuẩn bị khăn giấy khi đọc. Thương Paul kinh khủng",5,2019-07-05 18:36:45,750578,750581
6758739,"Sách hay, chất lượng giấy tốt, nhân viên giao hàng nhanh.",5,2020-09-16 15:58:17,750578,750581
5420893,"Rất hay , không có gì để nói thêm . Đọc cực kỳ thu hút Kể theo ngôi thứ nhất nên nghe như có ai dẫn dắt mình theo câu chuyện . Có lịch sử , quá trình của tôn giáo Ấn Độ và THIÊN CHÚA GIÁO ??",5,2017-11-12 19:34:29,750578,750581
16740969,"sách giao đẹp Tiki ạ, cảm ơn Quý Tiki nhé",5,2020-12-24 08:40:29,750578,750581
16644909,,5,2020-08-10 09:54:00,750578,750581
6907825,cuốn sách không quá dày nhưng ý nghĩa vô cùng. ai đang cần tăng niềm tin vào cuộc sống thì nên đọc cuốn này.,5,2018-05-25 12:20:47,750578,750581
2230327,"Sách hay, ý nghĩa. Tiki đóng gói đẹp",5,2021-01-31 22:19:07,750578,750581
5259359,"nội dung sách hay, lôi cuốn, mang lại nhiều cảm xúc cho người đọc. một cuốn sách tuyệt",5,2018-10-23 16:50:34,750578,750581
18673350,sách đc đóng gói cẩn thận và phẳng đẹp,5,2020-12-12 20:18:29,750578,750581
7441702,"Giao hàng cực nhanh và sách cũng đẹp nữa, cảm ơn Tiki rất nhiều ạ",5,2020-06-04 14:27:15,750578,750581
69573,"Sách hay nhưng hơi ngắn, mình đã nghỉ nó phải dài hơn",5,2020-09-09 21:48:59,750578,750581
2228238,"Sách mới rất đẹp, đóng gói cẩn thận, giao hàng trước ngày dự kiến 1 ngày.",5,2020-03-17 14:17:32,750578,750581
8856664,Giao hàng nhanh. mà cuốn sách bị mốp 1 góc. nhưng không sao cho 5*. sẽ ủng hộ tiki tiếp,5,2020-01-21 20:40:08,750578,750581
11904784,,5,2020-07-26 12:16:26,750578,750581
5089572,Sách đẹp nội dung hay Tiki hơi gặp vấn đề lúc xác nhận đơn nhưng sách hay lắm,5,2020-02-20 17:33:14,750578,750581
11210694,Nội dung xuất sắc,5,2021-05-21 13:12:38,750578,750581
8325103,"Mua sách từ Tiki là lần thứ 3 rồi, giao hàng nhanh và sách rất hay. Cảm ơn Tiki",5,2019-01-01 08:02:15,750578,750581
6883377,,5,2020-07-20 15:20:08,750578,750581
6600670,"Giao hàng nhanh ( đặt thứ 4 dự kiến thứ 7 có hàng nhưng t5 đã có rồi) Bọc hàng cẩn thận, khá đẹp Còn nội dung thì mình không biết vì mua để tặng",5,2018-09-14 12:15:40,750578,750581
1086166,"Đọc, hiểu và cảm phục những anh hùng mang áo blue",5,2020-09-22 14:13:09,750578,750581
1048112,"Một câu chuyện cảm động về cách chết, hay cách đối diện với cái chết nhẹ nhàng và ý nghĩa nhất, cũng là câu chuyện về cách sống những giây phút quý nhất của cuộc đời",5,2018-02-26 22:01:14,750578,750581
326238,Người đọc phải chịu khó đọc chậm về tìm hiểu về các khái niệm/từ ngữ bên triết học nếu muốn hiểu sâu sát cuốn sách.,5,2019-02-12 13:56:45,750578,750581
14371183,"sách mới, rất tin tưởng tiki",5,2021-02-18 22:10:14,750578,750581
16457045,"sản phẩm cực kì tốt, nhiều lần mua sách ở tiki r mà lần nào cũng ưng ý",5,2020-03-21 10:53:19,750578,750581
18779345,sachz đẹp. hay giao hành nhanh,5,2021-02-20 19:02:31,750578,750581
339407,Chưa đọc xong nhưng bà chị đem lên máy bay cái để quên luôn trên đó.,5,2020-04-13 14:38:27,750578,750581
5218433,Khi hơi thở hoá thinh không....cuốn sách tuyệt vời,5,2020-09-10 17:21:07,750578,750581
14563817,sách hay ạ,5,2021-06-23 09:56:40,750578,750581
10913016,"sách hay, chất lượng tốt. giao nhanh",5,2020-12-21 17:16:35,750578,750581
10314162,Rất OK ! Lê Như Anh người nhận xét sản phẩm của Tiki,5,2020-08-02 19:39:00,750578,750581
8819708,"Tiki giao hàng nhanh, sách đẹp, được tặng kèm bookmark đáng yêu nên rất hài lòng",5,2018-11-13 10:59:06,750578,750581
5896637,Rất sâu sắc và ý nghĩa nha mn. Mại dô mại dô???..............,5,2019-04-01 07:36:24,750578,750581
2228506,"Đóng gói cẩn thận, hàng giao đúng hẹn. Sách hay nên đọc",5,2020-06-30 19:55:37,750578,750581
9703140,Hàng giao nhanh và cẩn thận. Mình rất hài lòng về sự chuyên nghiệp này.,5,2020-03-14 16:58:08,750578,750581
8899408,"Nhận đc sách lâu rồi nhưng nay mới cảm ơn Tiki. Cảm ơn Tiki rất nhiều! Sách giao rất đúng hẹn, bọc cẩn thận! Mình rất hài lòng ạ.",5,2018-12-06 15:25:51,750578,750581
20465399,câu chuyện hay,5,2021-05-05 10:37:49,750578,750581
6148458,kh ông bàn tới quá nhiều về bìa sách hay thời gian giao hang nhưng nội dung của quyển sách này thật sự rất đáng để các bạn có thể bỏ thời gian ra đọc,5,2018-06-27 17:35:14,750578,750581
17705354,ý nghĩ,5,2021-06-25 16:19:05,750578,750581
335409,"Sách rất hay, nên đọc tiki giao hàng nhanh, gói hàng cẩn thận, anh giao hàng rất thân thiện nhiệt tình",5,2019-08-11 11:54:17,750578,750581
7591335,"Hài lòng, sách đóng gói cẩn thận, giao hàng nhanh, chất lượng tốt.",5,2020-03-28 16:17:13,750578,750581
6681484,Quyển sách hay và ý nghĩa. Mình đã mua để tặng người yêu,5,2020-05-22 18:55:00,750578,750581
5960673,Sách hay,5,2021-06-04 11:28:44,750578,750581
9957530,sách giấy đẹp. nội dung OK. gói hàng OK. nhân viên giao hàng nhiệt tình vui vẻ,5,2020-01-03 09:16:40,750578,750581
1316587,"Cuốn sách hướng tới giá trị của cuộc sống, đem lại cho mình nhiều giọt nước mắt",5,2019-10-14 15:13:31,750578,750581
1412784,"Chất lượng sách tốt, dịch vụ bookcare tốt. Tiki giao hàng nhanh ?",5,2020-04-01 21:33:18,750578,750581
143785,"Đời người là hữu hạn, đọc xong cuốn này mình thấy mỗi người chúng ta nên quý từng giâu từng phút trong cuộc đời. Cuốn sách này rất thích hợp để làm quà tặng.",5,2018-02-16 22:54:12,750578,750581
11801030,tuyệt vời,5,2021-04-25 21:08:12,750578,750581
21348668,,5,2021-07-10 09:45:14,750578,750581
5861323,"Sách đc giao nhanh,đóng gói cẩn thận Nội dung thì miễn chê, tuyệt vời",5,2020-02-11 01:29:50,750578,750581
21464374,,5,2021-07-09 07:49:15,750578,750581
223920,,5,2021-07-08 22:40:00,750578,750581
6771206,Quá hay!,5,2021-05-17 08:01:30,750578,750581
1993656,,5,2021-07-08 09:54:46,750578,750581
6357536,"Sách mới cóong. Đóng gói cẩn thận ^^ Trời mưa gió bên giao hàng vẫn chăm chỉ đi giao cho mình, thương các bạn !",5,2018-01-28 11:22:56,750578,750581
15884429,,5,2021-07-07 16:25:31,750578,750581
10937817,"quá tuyệt vời, tiki giao hàng rất nhanh, sách thì mới tinh luôn.",5,2020-04-13 10:33:59,750578,750581
6839863,,5,2021-07-06 16:40:37,750578,750581
14253295,"Đóng gói sp kĩ càng, giao nhanh hôm trc đặt hôm sau đã giao",5,2020-05-17 08:19:58,750578,750581
2118614,Mua sách tiki chưa bao giờ mình thất vọng.,5,2020-09-09 20:07:39,750578,750581
8274440,,5,2021-07-04 17:46:14,750578,750581
13832070,Sản phẩm tốt,5,2021-03-21 00:25:41,750578,750581
13930428,yêu thích,5,,750578,750581
7116156,,5,2021-06-29 21:16:11,750578,750581
728507,,5,2021-06-21 10:38:37,750578,750581
16855309,"Ship nhanh, vì là hàng tặng nên không biết nội dung hay dở ra sao",5,2020-03-20 13:38:25,750578,750581
19995042,,5,2021-06-18 23:55:45,750578,750581
20905235,,5,2021-06-17 17:26:22,750578,750581
18985493,,5,2021-06-16 13:13:45,750578,750581
8391817,,5,2021-06-16 09:43:33,750578,750581
14364912,Okkkkkkkkk,5,2021-04-18 11:45:57,750578,750581
6226220,"Giao hàng nhanh, sách đẹp",5,2020-12-21 23:03:50,750578,750581
7821193,ok,5,2021-06-02 19:35:33,750578,750581
7771775,Cực kì hài lòng với sản phẩm.Nội dung hay rất đáng để đọc,5,,750578,750581
14952389,"Sách đẹp lắm cho 5 sao, giao hàng nhanh và nhân viên giao nhiệt tình",5,2020-02-24 14:13:38,750578,750581
6974517,,5,2021-06-10 12:13:50,750578,750581
14711297,,5,2021-06-10 09:59:32,750578,750581
1327242,Rất hay,5,2021-04-18 11:35:17,750578,750581
12184397,,5,2021-06-07 20:05:11,750578,750581
11234436,,5,2021-06-06 16:38:41,750578,750581
13912557,"Sách hay. Nhưng hơi buồn, đọc xong có rất nhiều cảm xúc...!",5,2020-03-24 23:09:31,750578,750581
8487196,Hay,5,2021-05-19 10:28:54,750578,750581
14832579,"Giao hàng rất nhanh, shipper đẹp trai thân thiện. Mình rất hài lòng.",5,2020-02-10 14:47:34,750578,750581
305958,,5,,750578,750581
7673443,Buồn ...,5,2021-04-03 11:02:10,750578,750581
6285412,Sách hay Đọc để mở rộng kiến thức y học Rất có ý nghĩa,5,2020-03-12 20:35:36,750578,750581
19082562,,5,2021-05-30 15:00:27,750578,750581
7870267,,5,2021-05-30 14:32:33,750578,750581
13453441,Sách đẹp,5,2021-03-20 11:21:53,750578,750581
11399850,,5,,750578,750581
858844,,5,2021-05-26 09:17:34,750578,750581
11802313,Rất hfay và ý nghĩa ạ,5,2020-12-12 10:34:32,750578,750581
211706,,5,2021-05-24 14:41:50,750578,750581
1263249,,5,2021-05-23 16:47:36,750578,750581
8418122,,5,2021-05-23 16:08:45,750578,750581
7753265,"mình mới mua chưa đọc, mà bìa nhìn bắt mắt đọc review cũg ổn",5,2020-02-10 10:25:53,750578,750581
5107018,,5,2021-05-22 09:34:27,750578,750581
1508767,,5,,750578,750581
7375060,"Quyển sách vừa rồi cũng bị gãy, cuốn này nhận còn gãy dữ hơn nữa. Cảm giác giao hàng cũ và tồn kho, ko kiểm tra trước cho khách. Tiki giao đơn cho vận chuyển cũng muộn nữa.",3,2025-01-25 12:45:30,750578,750581
21069973,,5,2021-05-20 09:08:24,750578,750581
16195480,rất đáng để mua nha,5,2020-12-18 22:42:46,750578,750581
6342872,sách đẹp. giao hàng ok,5,2020-12-12 09:04:40,750578,750581
16384165,,5,,750578,750581
20850832,Anh,5,2021-04-30 09:48:30,750578,750581
5948978,,5,2021-05-17 08:10:12,750578,750581
6726542,,5,2021-05-16 16:54:28,750578,750581
20172413,,5,2021-05-16 14:49:59,750578,750581
5188991,,5,2021-05-16 08:21:42,750578,750581
1620030,,5,2021-05-15 17:35:32,750578,750581
1903451,,5,2021-05-14 14:38:23,750578,750581
12762052,,5,2021-05-13 17:41:02,750578,750581
674227,,5,2021-05-13 15:10:06,750578,750581
5502650,"Sách tiki giải chất lượng, đúng mẫu. Sách rất hay và ý nghĩa",5,2020-02-12 09:11:48,750578,750581
19557088,Ship nhanh như cơn gió,5,2020-12-17 21:31:57,750578,750581
10811892,,5,2021-05-11 20:48:57,750578,750581
20373944,,5,2021-05-11 17:26:51,750578,750581
7590394,,5,2021-05-11 13:14:20,750578,750581
21464995,,5,2021-05-10 16:27:44,750578,750581
1123513,,5,2021-05-10 12:07:27,750578,750581
12527796,,5,2021-05-09 14:23:06,750578,750581
6242558,,5,2021-05-09 14:04:27,750578,750581
9755785,,5,2021-05-09 12:36:37,750578,750581
16750788,,5,2021-05-09 11:47:06,750578,750581
5320034,,5,2021-05-09 10:46:45,750578,750581
869075,,5,2021-05-08 14:23:58,750578,750581
6485415,"Giao hành rất nhanh, sách đẹp",5,2020-10-09 13:35:14,750578,750581
8351396,"trang sách đẹp, tiki giao hàng nhanh, sách ko bị móp méo",5,2020-03-18 16:33:46,750578,750581
11647697,,5,2021-05-05 20:39:27,750578,750581
5700719,,5,2021-05-05 20:34:49,750578,750581
5574608,,5,2021-05-05 08:22:29,750578,750581
8888581,,5,,750578,750581
7076875,,5,,750578,750581
21515330,,5,2021-05-04 14:47:16,750578,750581
20066706,,5,,750578,750581
15968886,,5,2021-05-02 15:36:24,750578,750581
13735645,"câu chuyện về người bác sĩ, người bệnh nhân và sứ giả của cái chết",5,2019-11-10 17:43:47,750578,750581
11582903,,5,2021-05-01 12:04:34,750578,750581
19043319,,5,2021-05-01 08:46:19,750578,750581
93838,,5,2021-04-29 20:44:11,750578,750581
825692,,5,2021-04-28 13:23:09,750578,750581
17848196,,5,2021-04-27 18:50:47,750578,750581
7835676,Niceeeeee,5,2021-03-05 18:21:04,750578,750581
1400730,,5,2021-04-26 21:26:16,750578,750581
16965824,sách hay lắm nhaa,5,2020-12-30 22:34:58,750578,750581
17788620,,5,2021-04-26 17:52:59,750578,750581
9807069,"rất hay và cảm động, mấy ai ở vào hoàn cảnh này mà vẫn bình tĩnh, kiên cường đến phút chót.",5,2019-05-13 09:34:36,750578,750581
12665342,,5,2021-04-25 17:26:51,750578,750581
6044771,,5,2021-04-25 16:15:36,750578,750581
5429421,,5,2021-04-25 12:28:36,750578,750581
7039978,,5,2021-04-25 10:38:41,750578,750581
11917868,,5,,750578,750581
21465420,,5,2021-04-24 15:39:00,750578,750581
21418617,,5,2021-04-23 16:08:07,750578,750581
148952,Trân trọng là điều mình muốn nói ngay từ những trang đầu của cuốn sách!,5,2019-10-21 22:26:56,750578,750581
6317741,Câu chuyện hay,5,2021-01-13 13:11:54,750578,750581
355698,,5,2021-04-22 16:10:29,750578,750581
789725,Câu chuyện rất hay và xúc động. Đoạn lời bạt của người vợ mình đã ngân ngấn lệ vì quá xúc động. Từ bìa sách cho đến cốt truyện luôn làm mình rất thích và ấn tượng,5,2017-09-26 10:02:04,750578,750581
17279721,,5,2021-04-21 10:44:25,750578,750581
9050688,,5,,750578,750581
7063099,Tuyệt vời! Giao hàng nhanh và đóng gói kĩ càng. Nội dung rất hay,5,2020-01-13 19:25:37,750578,750581
11738056,,5,2021-04-16 10:16:46,750578,750581
18715101,,5,2021-04-16 09:37:18,750578,750581
7940314,"nội dung hay, chuyển nhanh, sách đẹp, đóng gói cẩn thận",5,2020-03-02 11:37:52,750578,750581
15548116,khá hay,5,2021-02-27 17:21:22,750578,750581
17188608,,5,2021-04-14 22:53:42,750578,750581
18403431,,5,2021-04-14 20:52:49,750578,750581
8885702,,5,2021-04-14 15:15:41,750578,750581
1240742,sách hay nha,5,2021-01-28 12:24:39,750578,750581
17521163,,5,,750578,750581
19403765,,5,2021-04-13 18:59:07,750578,750581
17936800,Hinh như hơi khó ngấm vs mjh,5,2020-10-02 15:46:44,750578,750581
21249562,,5,2021-04-13 11:54:16,750578,750581
6884428,,5,2021-04-13 09:06:52,750578,750581
1458254,Một cuốn sách đầy cảm xúc. Khép lại mà lòng vẫn đầy day dứt. Ranh giới giữa sống chết vẫn thật mong manh. Cuộc hành trình sống của Paul quá ý nghĩa với mỗi người đọc.,5,2017-09-23 13:18:32,750578,750581
21145280,,5,2021-04-12 15:42:39,750578,750581
15189563,,5,2021-04-12 07:53:48,750578,750581
415907,,5,2021-04-11 15:32:17,750578,750581
583703,,5,2021-04-10 22:19:35,750578,750581
5170853,,5,2021-04-10 01:03:29,750578,750581
6619164,,5,2021-04-07 22:39:34,750578,750581
17149358,,5,2021-04-07 22:23:57,750578,750581
20650287,,5,2021-04-07 19:52:34,750578,750581
5705814,,5,2021-04-06 16:26:24,750578,750581
15580946,,5,2021-04-05 19:07:42,750578,750581
17657603,,5,2021-04-05 06:42:12,750578,750581
7586954,super fast delivery,5,2020-12-14 11:01:34,750578,750581
19981068,,5,2021-04-04 08:30:40,750578,750581
14394578,,5,2021-04-03 19:46:22,750578,750581
2024447,,5,2021-04-03 13:15:42,750578,750581
14161788,,5,2021-04-03 11:17:31,750578,750581
5285132,,5,2021-04-03 06:23:27,750578,750581
20085790,,5,2021-04-02 21:04:30,750578,750581
12514504,mọi thứ đều ok,5,2020-11-30 05:51:38,750578,750581
2047992,,5,2021-03-31 20:35:01,750578,750581
16294609,,5,2021-03-31 17:27:35,750578,750581
17805921,,5,2021-03-31 16:53:27,750578,750581
14199225,,5,,750578,750581
6932978,sản phẩm được gói kĩ. Giao trước dự kiến❤❤❤❤❤❤❤❤❤❤❤❤,5,2019-10-04 08:39:10,750578,750581
5542122,,5,2021-03-30 18:11:20,750578,750581
16165191,,5,2021-03-29 23:12:29,750578,750581
21057559,,5,2021-03-29 20:06:33,750578,750581
7275433,Hay,5,2021-03-12 07:12:29,750578,750581
7552290,,5,2021-03-29 16:09:08,750578,750581
576203,,5,2021-03-29 13:41:23,750578,750581
21057371,,5,2021-03-29 10:39:52,750578,750581
7887508,,5,2021-03-28 12:35:12,750578,750581
6181264,In đẹp,5,2021-02-03 10:36:01,750578,750581
16160550,,5,2021-03-27 19:29:11,750578,750581
211901,,5,2021-03-26 22:24:44,750578,750581
11806221,,5,2021-03-26 18:05:25,750578,750581
16821446,,5,2021-03-26 14:19:22,750578,750581
10252774,,5,2021-03-26 07:52:52,750578,750581
10627769,,5,2021-03-26 07:40:56,750578,750581
13240533,,5,2021-03-25 16:57:29,750578,750581
7903339,,5,2021-03-25 10:38:51,750578,750581
20628756,,5,2021-03-25 09:58:24,750578,750581
11200338,một cuốn sách truyền cảm hứng sống rất đáng để đọc.,5,2020-01-15 17:43:36,750578,750581
5404853,"Tiki giao hàng nhanh, đóng gói cẩn thận. Mình đã mua hàng trên tiki nhiều lần và lần nào tiki cũng làm mình hài lòng. Mãi tin tưởng ở tiki",5,2018-07-04 00:11:13,750578,750581
20599216,,5,2021-03-23 13:02:01,750578,750581
17083766,,5,2021-03-22 21:37:21,750578,750581
1170470,,5,2021-03-22 18:59:01,750578,750581
15002566,,5,2021-03-22 15:36:37,750578,750581
6734634,Những câu chuyện rất hay trong cuốn sách nhỏ,5,2020-04-28 12:01:58,750578,750581
6161267,Ok,5,2021-03-09 12:50:00,750578,750581
15714213,,5,2021-03-20 14:38:40,750578,750581
910637,,5,2021-03-20 11:31:52,750578,750581
1845183,,5,2021-03-20 08:22:49,750578,750581
5334851,,5,2021-03-19 14:57:04,750578,750581
14284175,,5,2021-03-18 13:46:12,750578,750581
8099803,"Nội dung chân thực, ý nghĩa, rất đáng để đọc và suy ngẫm.",5,2019-12-24 08:35:00,750578,750581
2116552,,5,2021-03-17 15:15:09,750578,750581
14814150,Sách hay,5,2021-01-23 23:02:25,750578,750581
20562029,,5,2021-03-17 13:22:58,750578,750581
5854964,"Giao hàng cực kì nhanh và đóng gói đẹp,cẩn thận",5,2020-03-20 01:05:31,750578,750581
131603,,5,2021-03-17 08:25:26,750578,750581
7144904,,5,2021-03-17 08:19:12,750578,750581
8342093,,5,2021-03-17 07:17:44,750578,750581
7367851,"Sách rất đẹp ạ!Vận chuyển hàng rất nhanh ,nói chung là rất tuyệt vời♥",5,2018-06-29 20:49:02,750578,750581
16361746,,5,2021-03-16 19:58:12,750578,750581
319677,Tuyệt,5,2021-02-02 13:33:14,750578,750581
10907859,hay,5,2021-02-25 21:36:09,750578,750581
9011871,,5,2021-03-14 21:32:59,750578,750581
206461,,5,2021-03-14 16:43:13,750578,750581
685894,,5,2021-03-14 13:40:37,750578,750581
16131824,sách có chất lượng tốt đóng gói cẩn thận ạ,5,2020-03-28 11:53:21,750578,750581
16861431,"nhìn bên ngoài khá đẹp, sách đọc cũng rất hay ?",5,2020-03-22 12:13:34,750578,750581
9655177,,5,2021-03-13 14:29:17,750578,750581
18866663,,5,2021-03-12 10:32:30,750578,750581
5200545,,5,2021-03-12 08:18:34,750578,750581
8750357,,5,2021-03-10 22:18:15,750578,750581
1465664,Ổn,5,2021-02-14 19:20:36,750578,750581
1111474,,5,2021-03-09 21:44:56,750578,750581
586563,,5,2021-03-09 20:31:13,750578,750581
15752085,,5,2021-03-09 20:07:47,750578,750581
1181903,,5,2021-03-09 17:14:11,750578,750581
13645418,,5,2021-03-09 12:24:30,750578,750581
14100248,Hay,5,2021-02-19 09:00:36,750578,750581
8066183,,5,2021-03-08 20:52:33,750578,750581
7846602,,5,2021-03-08 11:59:45,750578,750581
1154773,,5,2021-03-08 06:52:28,750578,750581
5858326,"Sản phẩm tốt, giấy đẹp. Giao hàng nhanh nhiệt tình, thân thiện",5,2019-11-26 15:46:08,750578,750581
20593031,,5,2021-03-07 20:32:09,750578,750581
18028190,,5,2021-03-07 19:45:25,750578,750581
16418561,,5,2021-03-07 16:52:53,750578,750581
20535348,,5,2021-03-07 13:04:36,750578,750581
1207494,,5,2021-03-07 11:47:30,750578,750581
15845483,,5,2021-03-07 10:16:21,750578,750581
13991032,,5,2021-03-07 08:17:27,750578,750581
7585634,,5,2021-03-06 20:22:55,750578,750581
786368,,5,2021-03-06 15:34:15,750578,750581
568531,,5,2021-03-06 14:43:43,750578,750581
20159125,,5,2021-03-06 13:22:37,750578,750581
5496177,Sách hay,5,2021-01-12 17:51:37,750578,750581
12486768,Sách rất hay,5,2020-12-08 15:30:33,750578,750581
8908367,,5,2021-03-06 03:14:20,750578,750581
16204355,,5,2021-03-05 18:38:39,750578,750581
1200076,,5,2021-03-05 12:55:18,750578,750581
6209000,,5,2021-03-04 22:09:21,750578,750581
791669,Đặt hôm trước hôm sau có luôn :)) đc tặng cả bookmark cute,5,2018-10-20 17:44:08,750578,750581
1031494,,5,2021-03-04 15:05:19,750578,750581
5366518,sách rất hay và đáng mua ạ! Vị bác sĩ này thật sự rất nghị lực và truyền cảm hứng rất nhiều cho mình,5,2018-12-30 15:26:07,750578,750581
20091105,,5,2021-03-04 11:21:06,750578,750581
6913994,,5,2021-03-04 06:46:00,750578,750581
19450366,,5,2021-03-03 19:02:41,750578,750581
8214331,,5,2021-03-03 15:48:44,750578,750581
8400114,,5,2021-03-03 12:20:31,750578,750581
625528,Tiki giao hàng nhanh và đóng gói cẩn thận. Luôn ủng hộ Tiki và các shop uy tín trên Tiki.,5,2019-06-15 22:19:21,750578,750581
364644,,5,2021-03-02 22:11:58,750578,750581
18361814,,5,2021-03-02 19:04:27,750578,750581
8277572,,5,2021-03-02 15:46:53,750578,750581
13119630,,5,2021-03-02 11:20:36,750578,750581
11035547,,5,2021-03-01 10:28:24,750578,750581
5451550,,5,2021-03-01 09:17:00,750578,750581
11954940,"sản phẩm còn nguyên , đẹp . Nhưng nếu có thẻ đánh dấu trang đang đọc thì tốt hơn.",5,2019-06-08 23:23:49,750578,750581
13209510,,5,2021-02-28 21:09:12,750578,750581
10045638,,5,2021-02-28 19:00:04,750578,750581
6556234,,5,2021-02-28 18:00:18,750578,750581
5285291,,5,2021-02-28 14:54:03,750578,750581
9781173,,5,2021-02-28 08:51:25,750578,750581
1621092,,5,2021-02-27 20:20:28,750578,750581
12263569,,5,2021-02-27 11:20:24,750578,750581
19071152,,5,2021-02-27 07:46:13,750578,750581
774060,,5,2021-02-26 21:02:26,750578,750581
20432537,,5,2021-02-26 16:12:11,750578,750581
735856,,5,2021-02-26 11:45:15,750578,750581
850663,,5,2021-02-25 21:39:26,750578,750581
15392031,,5,2021-02-25 17:59:33,750578,750581
20159374,,5,2021-02-25 00:00:43,750578,750581
10741317,,5,2021-02-24 20:48:06,750578,750581
9643771,,5,2021-02-24 20:35:02,750578,750581
7587157,Đang đọc. Sách thơm quá??,5,2020-08-21 18:55:38,750578,750581
6081328,,5,2021-02-24 14:39:36,750578,750581
10105288,,5,2021-02-24 13:59:21,750578,750581
6116900,"Lần đầu tiên mình cay cú đến như vậy. Trước đây thường rất an tâm khi mua sách trên Tiki vì nó vừa rẻ vừa chất lượng. Nhưng lần này thì không! Sách mới bóc ra thấy nhiều vết xước như đã qua sử dụng ( thực sự xước xấu đến kinh khủng), gáy sách bị nhàu 1 tí và in còn bị lỗi nữa. Sau lần này thì mất niềm tin vào Tiki. Lí do mình cho 2 sao là vì chuyển phát cũng nhanh nhưng còn về sản phẩm thì :))",2,2020-02-13 23:27:36,750578,750581
735765,,5,2021-02-24 10:31:07,750578,750581
12113269,,5,2021-02-24 09:25:50,750578,750581
8723550,,5,2021-02-24 02:50:01,750578,750581
11815241,,5,2021-02-24 02:10:04,750578,750581
1899382,,5,2021-02-23 21:14:01,750578,750581
19616528,tốt,5,2021-01-25 09:16:52,750578,750581
9858104,,5,2021-02-23 13:07:34,750578,750581
16576856,Sách đẹp đóng gói cẩn thận giao hàng nhanh,5,2020-04-13 21:28:19,750578,750581
1056545,,5,2021-02-23 12:40:20,750578,750581
734414,,5,2021-02-23 11:09:15,750578,750581
13515195,,5,2021-02-22 18:55:04,750578,750581
17660031,,5,2021-02-22 18:24:04,750578,750581
542444,,5,2021-02-22 14:58:13,750578,750581
11910331,,5,2021-02-22 08:36:43,750578,750581
6358013,,5,2021-02-21 20:34:26,750578,750581
1604511,"Câu truyện là trăn trở giữa bộn bề công việc và gia đình, là những suy ngẫm về cuộc sống thật ý nghĩa, nội dung hay, là một cuốn sách không thể bỏ qua.",5,2017-12-22 10:54:28,750578,750581
1778850,,5,2021-02-21 16:35:07,750578,750581
6123923,,5,2021-02-21 14:47:42,750578,750581
2070008,,5,2021-02-21 14:42:09,750578,750581
1592095,,5,2021-02-21 12:04:38,750578,750581
10435792,,5,2021-02-21 09:28:36,750578,750581
5099470,,5,2021-02-20 21:03:00,750578,750581
9434279,,5,2021-02-20 15:24:03,750578,750581
564504,,5,2021-02-20 12:31:39,750578,750581
10939128,,5,2021-02-20 10:05:54,750578,750581
18964735,,5,2021-02-20 00:14:45,750578,750581
13040130,,5,2021-02-19 14:12:26,750578,750581
12801693,,5,2021-02-19 07:20:55,750578,750581
20171118,,5,2021-02-18 18:48:26,750578,750581
20272226,,5,2021-02-18 17:52:44,750578,750581
18516581,,5,2021-02-18 16:36:41,750578,750581
201492,,5,2021-02-18 14:53:57,750578,750581
39431,,5,2021-02-18 09:25:31,750578,750581
8943000,,5,2021-02-17 16:13:25,750578,750581
14086988,,5,2021-02-17 16:13:56,750578,750581
14126909,,5,2021-02-17 14:30:24,750578,750581
809824,,5,2021-02-17 10:16:00,750578,750581
5153285,"Một cuốn sách có nội dung sâu sắc và xúc động, tuy hơi khó đọc cho những người lần đầu đọc mật độ dày đặc thuật ngữ y khoa.",5,2018-05-30 09:47:54,750578,750581
18528888,,5,2021-02-16 19:25:56,750578,750581
235995,"Rất hay, đọc xong thấy cần phải chăm sóc sức khỏe mình tốt hơn",5,2019-10-19 15:20:56,750578,750581
485980,,5,2021-02-15 17:20:06,750578,750581
564103,,5,2021-02-14 22:47:25,750578,750581
2120050,,5,2021-02-14 22:36:10,750578,750581
1460403,sách hay,5,2020-12-23 23:39:57,750578,750581
11942099,,5,2021-02-14 12:17:41,750578,750581
846915,,5,2021-02-14 11:33:47,750578,750581
18197765,,5,2021-02-14 10:23:13,750578,750581
79332,,5,2021-02-13 19:53:32,750578,750581
14401664,,5,2021-02-13 19:19:38,750578,750581
5856033,Tốt,5,2021-01-15 11:29:00,750578,750581
1889113,,5,2021-02-13 14:47:54,750578,750581
1618119,"Chờ đợi cuốn sách này lên Tikinow, bị hụt vài lần cuối cùng cũng mua được. Rất đáng xem!",5,2019-03-25 16:00:41,750578,750581
5454902,Một cuốn sách thật sư ý nghĩa. Còn sống là còn hạnh phúc!!,5,2019-11-25 16:36:36,750578,750581
10922671,,5,2021-02-11 12:52:32,750578,750581
1329589,"Nội dung hay khỏi chê, chất giấy cũng tốt",5,2020-04-07 14:40:34,750578,750581
8269091,"Sách tốt,, mua sách ở tiki thì k phải nghĩ r",5,2020-04-01 15:51:08,750578,750581
12664496,,5,2021-02-10 19:25:22,750578,750581
1640048,,5,2021-02-10 12:24:12,750578,750581
11109293,,5,2021-02-10 11:12:33,750578,750581
10339054,"sách đẹp,nội dung thì đang đọc",5,2020-06-15 06:17:34,750578,750581
20101348,,5,2021-02-09 18:19:53,750578,750581
611001,,5,2021-02-09 15:20:22,750578,750581
1244249,,5,2021-02-09 12:44:49,750578,750581
15088025,,5,2021-02-08 19:45:56,750578,750581
1453116,🤩🤩🤩,5,2020-11-30 13:38:03,750578,750581
5799357,"Sách hay, tiki đóng gói lúc nào cũng đẹp",5,2020-04-22 07:20:46,750578,750581
19506054,,5,2021-02-08 13:10:14,750578,750581
6306888,,5,2021-02-08 12:51:43,750578,750581
18935057,ok,5,2021-01-27 19:38:20,750578,750581
13627729,,5,2021-02-07 21:49:56,750578,750581
105615,,5,2021-02-07 00:52:49,750578,750581
13026424,,5,2021-02-06 17:25:35,750578,750581
19723841,,5,2021-02-06 14:34:47,750578,750581
11620409,,5,2021-02-06 12:34:51,750578,750581
5800908,Good,5,2021-01-13 15:48:05,750578,750581
772730,,5,2021-02-06 00:21:07,750578,750581
17919247,,5,2021-02-05 22:25:28,750578,750581
17629304,,5,2021-02-05 16:30:19,750578,750581
831996,,5,2021-02-05 10:06:42,750578,750581
6183342,,5,2021-02-04 21:36:56,750578,750581
8471425,,5,2021-02-04 18:19:46,750578,750581
7277029,,5,2021-02-04 16:09:54,750578,750581
12496995,,5,2021-02-04 15:10:54,750578,750581
8174486,,5,2021-02-04 14:20:30,750578,750581
17011788,,5,2021-02-04 13:20:57,750578,750581
16308607,,5,2021-02-04 11:06:36,750578,750581
6994389,,5,2021-02-03 19:36:50,750578,750581
8394681,,5,2021-02-03 12:45:21,750578,750581
16166831,,5,2021-02-03 10:28:35,750578,750581
969319,Sách hay,5,2020-12-12 09:09:15,750578,750581
17823492,,5,2021-02-02 12:33:12,750578,750581
19501924,,5,2021-02-01 23:16:50,750578,750581
924746,,5,2021-02-01 20:33:28,750578,750581
2727,,5,2021-02-01 16:08:42,750578,750581
10922321,,5,2021-02-01 10:23:47,750578,750581
319274,,5,2021-02-01 07:03:34,750578,750581
609888,,5,2021-02-01 03:02:55,750578,750581
5282132,Rất hay rất ý nghĩa từ hình thức đến nội dung. Mình rất thích tp này,5,2019-08-30 09:47:37,750578,750581
1272548,,5,2021-01-31 14:01:38,750578,750581
15207000,,5,2021-01-31 12:26:43,750578,750581
534444,,5,2021-01-31 12:10:39,750578,750581
281890,,5,2021-01-31 10:24:23,750578,750581
323467,,5,2021-01-31 00:20:41,750578,750581
16960061,,5,2021-01-30 23:51:18,750578,750581
17537571,,5,2021-01-30 21:24:40,750578,750581
10930716,,5,2021-01-30 20:56:27,750578,750581
995616,,5,2021-01-30 14:53:48,750578,750581
19557442,,5,2021-01-30 08:01:52,750578,750581
1966295,,5,2021-01-29 23:36:37,750578,750581
17302512,,5,2021-01-29 20:48:35,750578,750581
1659340,,5,2021-01-29 15:12:36,750578,750581
16694718,,5,2021-01-29 12:05:32,750578,750581
1794224,,5,2021-01-29 11:36:32,750578,750581
5406509,Rất xúc động! Vì quá luôn cuốn nên tôi đã không thể bỏ cuốn sách xuống và quyết tâm đọc hết trong gần 3 tiếng đồng hồ.,5,2018-07-01 20:46:10,750578,750581
5307840,,5,2021-01-28 20:52:10,750578,750581
12006577,,5,2021-01-28 15:26:14,750578,750581
19626793,,5,2021-01-28 14:42:01,750578,750581
18447211,,5,2021-01-28 07:52:26,750578,750581
8021398,"Sách rất hay, bìa đẹp",5,2020-08-17 12:09:00,750578,750581
16198274,,5,2021-01-27 16:55:40,750578,750581
8128290,,5,2021-01-27 16:09:40,750578,750581
11258828,,5,2021-01-27 15:10:55,750578,750581
11314379,,5,2021-01-27 14:26:33,750578,750581
6839921,,5,2021-01-27 13:14:57,750578,750581
19518180,,5,2021-01-27 10:33:23,750578,750581
9998132,,5,2021-01-27 08:55:31,750578,750581
17321728,,5,2021-01-27 06:42:46,750578,750581
2014768,"tiki giao hang nhanh, còn về sách thì dây có lè là 1 quyen sách dabg đẻ đọc, giàu tính nhân văn và triết lí, là sự đu tranh giựa y dức và nội tam cũng như tài năng , ???",5,2017-09-29 09:30:46,750578,750581
6575873,,5,2021-01-26 22:27:56,750578,750581
516922,,5,2021-01-26 08:46:45,750578,750581
5463180,Đầy nghị lực và truyền cảm hứng,5,2020-05-07 21:09:49,750578,750581
8597116,,5,2021-01-25 17:22:44,750578,750581
1706365,,5,2021-01-24 20:26:48,750578,750581
7543345,,5,2021-01-24 20:06:45,750578,750581
342207,"rất hay, đáng đọc để hiểu bác sĩ",5,2020-04-30 15:40:46,750578,750581
10278546,,5,2021-01-24 10:09:53,750578,750581
16821577,,5,2021-01-24 08:53:28,750578,750581
315274,"Sách giao đúng hẹn, mới, giấy in tốt. Nội dung không cần bàn cãi, thật sự rất hay, rất cảm động, đáng suy ngẫm.",5,2018-09-22 20:32:59,750578,750581
16750574,,5,2021-01-23 22:40:50,750578,750581
1841817,"Một câu chuyện rất đáng đọc, cuốn sách làm mình trân trọng từng phút giây được sống, được hít thở.",5,2018-11-25 14:53:06,750578,750581
6273666,,5,2021-01-23 15:39:22,750578,750581
14465500,,5,2021-01-23 10:00:32,750578,750581
10738644,,5,2021-01-23 08:58:41,750578,750581
12900766,,5,2021-01-23 00:24:49,750578,750581
12539400,,5,2021-01-22 21:55:41,750578,750581
7848315,ok,5,2021-01-10 22:29:35,750578,750581
16742939,,5,2021-01-22 11:45:33,750578,750581
267641,Sách hay. Tiki giao hàng nhanh đóng gói kỹ,5,2020-04-10 10:43:54,750578,750581
6251513,,5,2021-01-21 20:48:18,750578,750581
6952668,Rất thú vị ! Hãy nên đọc nhé vì nó rất hay và ý nghĩa,5,2019-12-03 10:25:07,750578,750581
19945994,,5,2021-01-20 21:09:44,750578,750581
7257935,,5,2021-01-20 21:00:05,750578,750581
12906284,,5,2021-01-20 13:04:54,750578,750581
12002315,,5,2021-01-20 12:27:04,750578,750581
19100344,,5,2021-01-19 20:03:17,750578,750581
7144438,.,5,2021-01-13 16:09:12,750578,750581
306081,"Hiểu biết thêm được nhiều về công việc của bác sĩ thần kinh, triết học về cái chết.",5,2018-01-09 15:49:59,750578,750581
8025994,,5,2021-01-18 18:14:38,750578,750581
19921741,,5,2021-01-18 15:36:27,750578,750581
19005531,cx ổn,5,2020-12-08 16:59:35,750578,750581
5936996,,5,2021-01-18 09:19:09,750578,750581
6565639,nice,5,2020-12-25 18:39:58,750578,750581
5092325,,5,2021-01-17 23:13:00,750578,750581
6474916,,5,2021-01-17 22:44:45,750578,750581
5529997,,5,2021-01-17 21:01:29,750578,750581
2008361,"Một cuốn sách đáng để đọc, nhấn mạnh là ĐÁNG, tác giả có một kiến thức uyên thâm, một tâm hồn mạnh mẽ đối diện với số phận",5,2018-04-05 17:11:50,750578,750581
5235501,,5,2021-01-17 14:16:17,750578,750581
11351997,,5,2021-01-17 13:51:27,750578,750581
8547467,,5,2021-01-17 10:40:03,750578,750581
19706489,,5,2021-01-17 08:42:00,750578,750581
19308866,,5,2021-01-17 07:48:21,750578,750581
19703697,,5,2021-01-16 19:36:39,750578,750581
15020418,,5,2021-01-16 12:02:42,750578,750581
18115895,,5,2021-01-16 08:05:41,750578,750581
11643697,Tiki đóng gói cẩn thận giao hàng nhanh,5,2020-04-22 08:13:35,750578,750581
546535,,5,2021-01-15 09:49:02,750578,750581
19488343,,5,2021-01-15 09:00:25,750578,750581
7859233,,5,2021-01-15 05:33:26,750578,750581
6218588,"về nội dung sách và cách trình bày thì khỏi bàn. Tuy nhiên tiki giao hàng chậm, và sách đã bị đọc qua chứ không còn bao nilong bọc mới, sách có nếp gấp",5,2017-12-24 15:10:45,750578,750581
83050,,5,2021-01-13 23:38:31,750578,750581
19846911,,5,2021-01-13 21:48:44,750578,750581
14728140,"Sách mới . Giao nhanh , giá rẻ hơn thị trường. ??????",5,2019-12-30 18:18:19,750578,750581
12018266,,5,2021-01-13 15:13:39,750578,750581
15368570,,5,2021-01-13 12:40:01,750578,750581
12887891,,5,2021-01-13 11:49:18,750578,750581
1154102,tác giả đã thể hiện cảm nhận của mình trên cả hai cương vị là bác sĩ và bệnh nhân giúp người đọc hiểu sâu sắc hơn về cuộc đời và cái chết.,5,2017-12-17 20:47:19,750578,750581
15665831,Sách mới,5,2020-11-09 18:45:39,750578,750581
12040485,Sách cực kì hay. Tiki giao đúng hẹn,5,2020-05-06 14:14:04,750578,750581
11834436,,5,2021-01-11 23:16:00,750578,750581
10794955,Sách rất hay và ý nghĩa. Rất hài lòng với phục vụ của Tiki,5,2019-10-25 14:17:45,750578,750581
18406289,,5,2021-01-11 11:51:21,750578,750581
5305582,,5,2021-01-10 21:16:41,750578,750581
308348,,5,2021-01-10 17:57:39,750578,750581
11802662,,5,2021-01-10 15:54:45,750578,750581
1889417,"Chất lượng sách tốt, đảm bảo giao hàng đúng ngày thời gian",5,2019-10-18 11:42:16,750578,750581
6291883,,5,2021-01-10 13:05:19,750578,750581
19797891,,5,2021-01-09 15:05:47,750578,750581
136952,,5,2021-01-09 14:22:39,750578,750581
284403,,5,2021-01-08 22:23:29,750578,750581
1319562,,5,2021-01-08 14:01:07,750578,750581
1517843,,5,2021-01-07 21:47:22,750578,750581
8957593,,5,2021-01-07 20:00:39,750578,750581
13541231,,5,2021-01-07 14:13:50,750578,750581
16916960,,5,2021-01-07 09:34:17,750578,750581
1887624,,5,2021-01-07 09:26:37,750578,750581
5254869,,5,2021-01-07 08:05:45,750578,750581
7520784,2 năm chưa đọc hết,5,2020-08-13 09:47:28,750578,750581
14252715,,5,2021-01-06 12:29:10,750578,750581
1169662,,5,2021-01-06 08:48:53,750578,750581
12758664,"Sách hay, bìa đẹp. Cám ơn.",5,2020-06-27 09:37:37,750578,750581
12287323,,5,2021-01-06 06:49:57,750578,750581
7070683,"Sâu lắng, nhẹ nhàng, hơi buồn",5,2020-05-28 16:34:11,750578,750581
18214643,,5,2021-01-05 11:46:29,750578,750581
10687200,,5,2021-01-05 10:06:21,750578,750581
588563,Giao hàng ko anh hưởng gì đến sản phẩm,5,2020-03-19 00:33:17,750578,750581
5511235,,5,2021-01-05 00:41:03,750578,750581
7546256,,5,2021-01-04 22:44:41,750578,750581
13136078,,5,2021-01-04 17:45:31,750578,750581
1548243,,5,2021-01-04 11:03:59,750578,750581
19072468,sp đẹp,5,2020-11-12 15:36:06,750578,750581
10085026,,5,2021-01-03 20:52:46,750578,750581
19331226,,5,2021-01-03 20:16:18,750578,750581
8760927,,5,2021-01-03 20:14:21,750578,750581
19643119,,5,2021-01-03 14:56:30,750578,750581
16361728,"mình vừa nhận được sách, đây là lần đầu tiên mình mua sách trên tiki, giao hàng rất nhanh nhưng mình khá thất vọng về chất lượng sách. Bìa sách bị xước và gãy, hơi ố nên nhìn sách không được mới. mình hơi buồn về điều đó nên mong tiki lần sau hãy làm việc cẩn thận hơn.",3,2020-02-12 15:04:53,750578,750581
13606515,,5,2021-01-02 15:02:21,750578,750581
10777634,,5,2021-01-02 11:47:06,750578,750581
17667709,Sách đẹp. Giao hàng nhanh.,5,2020-07-04 19:28:38,750578,750581
1572065,,5,2021-01-01 23:54:44,750578,750581
19084301,,5,2021-01-01 16:13:39,750578,750581
19602968,,5,2021-01-01 15:48:11,750578,750581
1827247,,5,2021-01-01 15:06:13,750578,750581
10014038,,5,2020-12-31 17:18:07,750578,750581
900974,,5,2020-12-31 12:32:45,750578,750581
954447,,5,2020-12-31 11:29:25,750578,750581
8541405,,5,2020-12-31 09:12:49,750578,750581
19398463,,5,2020-12-31 08:47:04,750578,750581
17028153,,5,2020-12-30 19:25:42,750578,750581
1445088,,5,2020-12-30 17:55:04,750578,750581
177610,,5,2020-12-30 11:25:54,750578,750581
17102253,,5,2020-12-30 10:40:16,750578,750581
839188,tác phẩm đáng để đọc và ngẫm nghĩ,5,2020-03-24 19:59:37,750578,750581
8566590,"Nội dung hay và rất tuyệt vời,nội dung rất có ý nghĩa và cảm động",5,2019-08-09 10:35:49,750578,750581
1873359,,5,2020-12-29 11:36:27,750578,750581
16614922,,5,2020-12-29 11:13:32,750578,750581
752644,,5,2020-12-29 10:37:44,750578,750581
1100648,,5,2020-12-29 10:09:57,750578,750581
12379334,,5,2020-12-29 09:35:47,750578,750581
1722229,,5,2020-12-28 21:22:06,750578,750581
844406,,5,2020-12-28 17:24:56,750578,750581
5140243,,5,2020-12-28 16:15:06,750578,750581
6724049,,5,2020-12-28 15:47:50,750578,750581
2136119,,5,2020-12-28 15:15:35,750578,750581
14697553,,5,2020-12-28 13:15:22,750578,750581
19560867,,5,2020-12-28 12:55:07,750578,750581
18073954,,5,2020-12-28 09:05:37,750578,750581
6671400,,5,2020-12-27 23:20:51,750578,750581
6352019,,5,2020-12-27 21:05:23,750578,750581
13375238,,5,2020-12-27 16:42:07,750578,750581
240379,sách đẹp chữ rõ,5,2020-08-20 15:44:34,750578,750581
8624991,,5,2020-12-26 23:29:00,750578,750581
2144107,Cuốn sách mang đến cho mình rất nhiều trải nghiệm thú vị và bổ ích!,5,2019-07-25 10:12:16,750578,750581
1283140,,5,2020-12-26 15:46:29,750578,750581
5385073,,5,2020-12-26 13:29:35,750578,750581
288829,,5,2020-12-25 14:23:23,750578,750581
293973,,5,2020-12-25 12:41:45,750578,750581
939567,,5,2020-12-25 08:58:53,750578,750581
6378999,hay,5,2020-12-07 14:25:29,750578,750581
5579384,,5,2020-12-24 21:34:22,750578,750581
459539,,5,2020-12-24 15:57:18,750578,750581
947459,,5,2020-12-24 08:30:07,750578,750581
335275,,5,2020-12-23 21:41:30,750578,750581
1835318,,5,2020-12-23 20:17:49,750578,750581
137788,,5,2020-12-23 13:40:07,750578,750581
11106799,,5,2020-12-23 11:44:15,750578,750581
1491378,,5,2020-12-23 08:29:31,750578,750581
6191280,,5,2020-12-22 12:34:09,750578,750581
1646708,,5,2020-12-22 08:30:46,750578,750581
1888179,,5,2020-12-22 08:07:59,750578,750581
6380237,"Qúa khâm phục nghị lực của anh, quá tôn trọng tình yêu của anh chị. và quá buồn khi anh ra đi sớm vậy. Đọc đoạn cuối mình đã khóc",5,2018-04-02 13:15:46,750578,750581
6089493,"tôi mua cho bạn gái, cô ấy đọc hết nên chắc là hay.",5,2019-11-26 08:15:06,750578,750581
655328,,5,2020-12-21 21:25:41,750578,750581
19519288,,5,2020-12-21 20:47:26,750578,750581
6148199,,5,2020-12-21 17:14:05,750578,750581
1780445,"Một quyển sách rất tuyệt, đáng để đọc và cảm nhận! Hơi không hài lòng về cách đóng gói của Tiki, Hộp đựng bị rách làm sách cuốn cả bìa.",5,2018-01-10 21:06:35,750578,750581
1142719,,5,2020-12-20 20:36:38,750578,750581
5525768,,5,2020-12-20 13:07:45,750578,750581
17700238,,5,2020-12-20 06:29:27,750578,750581
11031756,,5,2020-12-19 15:52:05,750578,750581
209092,,5,2020-12-17 22:06:36,750578,750581
10122025,,5,2020-12-17 21:46:49,750578,750581
361226,,5,2020-12-17 19:30:18,750578,750581
6707948,,5,2020-12-17 13:36:58,750578,750581
7799420,,5,2020-12-17 07:56:23,750578,750581
7741462,"Sách hay, đáng để đọc",5,2020-06-24 22:36:10,750578,750581
11952908,,5,2020-12-16 22:38:50,750578,750581
8302252,,5,2020-12-16 19:06:49,750578,750581
15623556,,5,2020-12-16 16:37:27,750578,750581
1668839,,5,2020-12-16 14:00:56,750578,750581
7591940,,5,2020-12-16 10:24:55,750578,750581
2173655,,5,2020-12-16 07:06:01,750578,750581
52642,"rất thích, sách rất hay. thanks Tiki",5,2020-04-14 14:34:23,750578,750581
18666536,,5,2020-12-15 21:35:20,750578,750581
5112820,,5,2020-12-15 20:25:32,750578,750581
18315595,,5,2020-12-15 19:55:46,750578,750581
5265419,,5,2020-12-15 08:02:47,750578,750581
11863394,,5,2020-12-15 07:47:40,750578,750581
5355061,,5,2020-12-14 19:34:27,750578,750581
19449918,,5,2020-12-14 17:22:16,750578,750581
10035178,,5,2020-12-14 17:11:12,750578,750581
14293524,,5,2020-12-14 11:36:07,750578,750581
12082119,,5,2020-12-14 11:06:14,750578,750581
14301549,,5,2020-12-13 23:07:59,750578,750581
7244686,,5,2020-12-13 16:04:18,750578,750581
14486656,,5,2020-12-13 12:39:22,750578,750581
412119,,5,2020-12-13 12:24:49,750578,750581
7766541,,5,2020-12-13 12:13:29,750578,750581
6957468,,5,2020-12-13 09:20:30,750578,750581
998396,,5,2020-12-13 08:52:07,750578,750581
15818897,,5,2020-12-12 11:27:40,750578,750581
5664040,,5,2020-12-12 09:40:38,750578,750581
1957779,,5,2020-12-12 08:15:54,750578,750581
18752491,,5,2020-12-12 06:19:38,750578,750581
1965040,,5,2020-12-11 22:54:59,750578,750581
10028406,,5,2020-12-11 21:34:46,750578,750581
1550411,,5,2020-12-11 12:38:09,750578,750581
11705480,,5,2020-12-11 12:28:02,750578,750581
226156,Giao hàng nhanh đóng gói cẩn thận. Cho 5 sao.,5,2020-02-05 16:30:29,750578,750581
9061548,,5,2020-12-11 09:17:35,750578,750581
11888065,,5,2020-12-11 00:14:23,750578,750581
13620930,,5,2020-12-10 12:02:03,750578,750581
11900284,ok,5,2020-11-28 16:01:23,750578,750581
19227184,,5,2020-12-10 07:37:06,750578,750581
19247475,,5,2020-12-08 19:29:42,750578,750581
19434359,,5,2020-12-08 15:38:24,750578,750581
13885388,"Nội dung quá hay, sản phẩm đẹp",5,2020-04-18 19:21:04,750578,750581
18938366,,5,2020-12-08 13:32:48,750578,750581
598739,"Bìa sách đẹp, nội dung hay.",5,2020-05-23 19:12:50,750578,750581
11332819,,5,2020-12-08 12:32:04,750578,750581
6523620,sách đẹp từng trang hay từng chữ,5,2020-04-06 21:19:21,750578,750581
646654,,5,2020-12-07 20:44:47,750578,750581
411580,,5,2020-12-07 12:47:45,750578,750581
8055626,,5,2020-12-07 11:38:15,750578,750581
5211848,,5,2020-12-07 10:50:53,750578,750581
1955783,1 cuốn sách trên cả mong đợi. Mình không thể tưởng tượng được nếu ở vị trí của tác giả mình sẽ phải làm sao? Thật khó có thể thấu cho được!,5,2017-11-10 16:11:08,750578,750581
1541126,,5,2020-12-06 17:56:39,750578,750581
19344604,,5,2020-12-06 01:19:42,750578,750581
17740301,,5,2020-12-05 23:26:01,750578,750581
919874,,5,2020-12-05 20:29:59,750578,750581
19286806,,5,2020-12-05 09:42:32,750578,750581
6329054,,5,2020-12-05 09:09:27,750578,750581
7976592,,5,2020-12-04 16:45:14,750578,750581
7890560,,5,2020-12-04 11:02:00,750578,750581
13371528,,5,2020-12-03 22:40:27,750578,750581
7714958,,5,2020-12-03 19:24:39,750578,750581
18307295,,5,2020-12-03 15:53:39,750578,750581
11827058,,5,2020-12-03 09:29:50,750578,750581
5912966,,5,2020-12-02 18:46:17,750578,750581
8725202,,5,2020-12-02 16:44:47,750578,750581
429826,,5,2020-12-02 11:56:52,750578,750581
19309457,,5,2020-12-02 08:50:33,750578,750581
8266776,,5,2020-12-01 23:34:13,750578,750581
182419,,5,2020-12-01 14:17:47,750578,750581
6723329,,5,2020-12-01 12:13:12,750578,750581
16326758,,5,2020-12-01 11:28:07,750578,750581
5486970,,5,2020-12-01 10:44:41,750578,750581
987842,,5,2020-12-01 09:14:04,750578,750581
19305359,,5,2020-12-01 08:10:50,750578,750581
2021678,,5,2020-11-30 23:40:03,750578,750581
2216861,,5,2020-11-30 11:18:45,750578,750581
19124834,,5,2020-11-29 22:35:25,750578,750581
8145881,,5,2020-11-29 22:27:01,750578,750581
1425777,,5,2020-11-29 20:09:08,750578,750581
5542360,,5,2020-11-29 15:06:15,750578,750581
11947623,,5,2020-11-29 13:26:25,750578,750581
12668148,tot tot tot tot tot tot tot tot tot tot tot tot tot tot tot tot tot tot tot tot tot tot,5,2019-07-09 22:48:40,750578,750581
10413103,"Sách đẹp, nội dung ý nghĩa!",5,2020-05-08 18:10:22,750578,750581
1282311,"Sách có nội dung hay, cảm động",5,2020-04-15 08:11:43,750578,750581
1514684,Đọc xong rất nhiều cảm xúc về BS Paul và gia đình!!!,5,2019-11-03 12:01:35,750578,750581
1784968,,5,2020-11-28 16:16:29,750578,750581
19316273,,5,2020-11-27 15:10:15,750578,750581
7846697,,5,2020-11-27 13:21:53,750578,750581
14952211,,5,2020-11-27 11:42:42,750578,750581
2073321,"Sách hay mỏng, mình đặt nhầm 2 cuốn nhưng mình thích giấy mỏng cầm nhẹ tay",5,2019-05-15 16:32:53,750578,750581
1883752,,5,2020-11-26 19:05:46,750578,750581
867171,,5,2020-11-26 13:49:39,750578,750581
5130055,,5,2020-11-26 00:56:22,750578,750581
19110234,,5,2020-11-25 22:35:17,750578,750581
11106823,,5,2020-11-25 19:21:27,750578,750581
8949534,,5,2020-11-25 12:42:22,750578,750581
32823,,5,2020-11-25 12:10:58,750578,750581
15363302,,5,2020-11-25 10:40:36,750578,750581
672088,,5,2020-11-24 23:36:13,750578,750581
19242918,,5,2020-11-24 18:20:39,750578,750581
8722016,"Nội dung rất hay, đáng suy ngẫm về dự sống và cái chết. Mình đax khóc khi đọc",5,2019-04-14 06:29:31,750578,750581
13001842,Sách chất lượng và vô cùng ý nghĩa. Tôi đã khóc khi đọc nó,5,2019-08-30 23:37:01,750578,750581
17884,,5,2020-11-23 21:22:42,750578,750581
7394446,,5,2020-11-22 14:56:54,750578,750581
17777471,rất hay,5,2020-09-30 20:23:55,750578,750581
1120301,,5,2020-11-21 14:40:23,750578,750581
1966314,,5,2020-11-20 17:47:42,750578,750581
7538954,chat luong sach tốt giao đúng hẹn,5,2020-04-06 01:22:49,750578,750581
19231111,,5,2020-11-19 21:20:57,750578,750581
1599489,,5,2020-11-19 15:58:14,750578,750581
12239054,,5,2020-11-19 13:29:25,750578,750581
14412708,"chất lượng, hài lòng , ship nhanh",5,2020-03-30 16:39:07,750578,750581
9815472,Giao hàng đúng hẹn.......,5,2020-05-26 17:58:17,750578,750581
414422,"Dù đang đọc nửa nhưng có thể thấy được nội dung khá hay, rất thật.",5,2019-06-10 21:58:53,750578,750581
11507034,,5,2020-11-17 12:10:24,750578,750581
8604109,,5,2020-11-17 10:41:03,750578,750581
15433861,một cách nhìn khác về cuộc sống,5,2020-03-16 16:38:30,750578,750581
694220,,5,2020-11-15 09:24:39,750578,750581
8823568,Sách rất hay. Khúc đầu đọc k mấy hấp dẫn nhưng càng về sao rất hay cảm động,5,2019-03-29 13:35:55,750578,750581
6430865,,5,2020-11-14 15:01:25,750578,750581
14210943,,5,2020-11-13 11:06:29,750578,750581
16963010,Sách đẹp k 1 vết xước tks,5,2020-04-28 10:42:37,750578,750581
8905821,,5,2020-11-12 14:29:16,750578,750581
12654899,,5,2020-11-12 13:05:23,750578,750581
17274612,,5,2020-11-12 11:13:18,750578,750581
7139164,,5,2020-11-12 10:27:14,750578,750581
15343572,,5,2020-11-11 23:09:26,750578,750581
17033556,,5,2020-11-11 22:33:44,750578,750581
8257642,,5,2020-11-11 19:15:44,750578,750581
12807145,,5,2020-11-11 16:23:56,750578,750581
18528893,,5,2020-11-11 13:30:07,750578,750581
11088186,,5,2020-11-11 08:47:42,750578,750581
13074704,Hài lòng với sản phẩm .,5,2020-04-13 22:14:04,750578,750581
6499707,"Tiki giao hàng nhanh, sách đẹp. Nội dung thì phải nói là quá hoàn hảo.",5,2019-06-26 08:22:01,750578,750581
16426246,,5,2020-11-09 14:01:30,750578,750581
17844320,,5,2020-11-09 10:11:25,750578,750581
13193006,"Tiki giao sách đúng dự kiến, sách đẹp . Sẽ ủng hộ nhiều hơn",5,,750578,750581
1321959,"Sách bao đẹp, giao hàng nhanh. Mỗi người đọc có tư duy khác nhau. Hãy đọc và cảm nhận",5,2017-11-23 10:52:23,750578,750581
113057,Hay hay hay Hay hay hay hay Hay hay hay hay Hay hay hay hay,5,2019-11-29 17:55:01,750578,750581
13895858,,5,2020-11-08 10:10:22,750578,750581
2086120,tốt,5,2020-10-09 21:50:24,750578,750581
61276,Giao nhanh,5,2020-09-09 23:12:00,750578,750581
18030661,,5,2020-11-06 18:41:49,750578,750581
7155790,sách rất hay,5,2020-08-09 10:25:48,750578,750581
8248440,,5,2020-11-04 22:51:12,750578,750581
12870920,"sách đẹp, giao hàng nhanh",5,2020-05-13 09:10:18,750578,750581
1422397,,5,2020-11-04 17:01:00,750578,750581
7441782,,5,2020-11-03 21:23:28,750578,750581
957455,,5,2020-11-02 21:24:19,750578,750581
2122431,Mình đã đọc xuyên suốt cuốn này trong vòng 3 tiếng rưỡi trên chuyến xe về nhà. 1 câu chuyện thực sự rất buồn.,5,2018-07-13 23:15:04,750578,750581
6324187,Ai học Y nên đọc quyển này nhé,5,2020-03-13 16:40:02,750578,750581
5618399,,5,2020-10-31 15:02:36,750578,750581
9106285,,5,2020-10-31 07:34:50,750578,750581
5926672,"""Bạn không bao giờ có thể đạt được sự hoàn hảo, nhưng bạn có thể tin vào đường tiệm cận của những gì mình không ngừng hướng tới""",5,2017-12-29 20:56:42,750578,750581
576359,Sách hay. Giao hàng khá nhanh.,5,2020-04-20 15:22:54,750578,750581
919561,,5,2020-10-30 06:51:29,750578,750581
432410,"ý kiến cá nhân: đây là một quyển sách rất nên đọc, mua xong, cứ vài năm lấy ra đọc lại, để sống tích cực hơn, hơn nữa, hơn nữa, bạn ạ.",5,2017-11-23 21:03:14,750578,750581
285668,,5,2020-10-29 13:15:20,750578,750581
18852933,,5,2020-10-28 22:09:22,750578,750581
1069895,,5,2020-10-28 20:59:15,750578,750581
302565,,5,2020-10-28 07:57:51,750578,750581
17754240,rất hay,5,2020-09-05 12:40:37,750578,750581
8838536,,5,2020-10-26 21:12:01,750578,750581
18615834,,5,2020-10-26 12:32:18,750578,750581
810884,,5,2020-10-25 10:03:02,750578,750581
7782965,"Giao hàng nhanh, sách khá mới",5,2020-04-09 12:03:16,750578,750581
7010935,,5,2020-10-24 22:01:18,750578,750581
7333443,sách hay.chất lượng tốt??,5,2020-04-14 14:01:28,750578,750581
1118879,,5,2020-10-23 17:46:33,750578,750581
10586711,,5,2020-10-23 08:38:12,750578,750581
7792850,,5,2020-10-22 21:24:50,750578,750581
7104884,sách hay và rất ý nghĩa thực sự nên đọc đóng gói tốt giao hàng nhanh hơn dự kiến,5,2019-02-15 20:15:21,750578,750581
17518169,,5,2020-10-22 10:33:34,750578,750581
1220590,I Tiếp tục phát huy nhé Tiki! Ok ok Ok ok ok ok ok ok,5,2019-11-12 08:40:54,750578,750581
5253296,,5,2020-10-21 18:42:55,750578,750581
5231430,,5,2020-10-21 11:42:11,750578,750581
18196687,,5,2020-10-19 11:57:49,750578,750581
1410139,,5,2020-10-17 14:40:57,750578,750581
12675031,,5,2020-10-16 22:46:28,750578,750581
5591114,,5,2020-10-15 18:44:46,750578,750581
5345323,,5,2020-10-14 18:11:55,750578,750581
14837321,,5,2020-10-14 15:23:56,750578,750581
18766245,,5,2020-10-13 12:47:02,750578,750581
16655227,,5,2020-10-12 23:03:54,750578,750581
11487255,,5,2020-10-12 22:03:32,750578,750581
129063,,5,2020-10-12 14:01:33,750578,750581
8331920,,5,2020-10-12 10:07:52,750578,750581
13505096,,5,2020-10-11 17:40:41,750578,750581
15978367,,5,2020-10-11 12:03:58,750578,750581
1263236,Mình luôn hài lòng khi nhận sản phẩm của tiki vì đóng gói cẩn thận. Sách hay.,5,2019-03-18 10:10:46,750578,750581
492506,,5,2020-10-10 20:02:35,750578,750581
18273861,,5,2020-10-10 18:52:28,750578,750581
17366468,,5,2020-10-10 18:05:25,750578,750581
12010605,,5,2020-10-10 17:37:37,750578,750581
18533399,,5,2020-10-09 23:38:46,750578,750581
18686018,,5,2020-10-09 17:22:03,750578,750581
12439505,,5,2020-10-09 09:19:20,750578,750581
5975435,,5,2020-10-08 13:31:51,750578,750581
5776811,"Sách đẹp, mình đã tặng cho 1 bệnh nhân ung thư của mình, tiếc là em ấy đã ra đi mãi mãi :(",5,2018-11-29 22:48:03,750578,750581
1195570,Tiki gioa hàng nhanh. Bọc bookcare cẩn thận. Nội dung sách rất hay và chân thật.,5,2019-03-26 08:15:21,750578,750581
964862,,5,2020-10-07 11:26:58,750578,750581
294520,,5,2020-10-07 00:43:24,750578,750581
5839905,,5,2020-10-06 13:15:22,750578,750581
5846941,Một cốn sách với lời văn chân thật. Đối diện với mọi khó khăn một cách lạc quan kể cả là cái chết. Đọc xong khó có thể quên được nó,5,2017-11-09 11:15:41,750578,750581
6329898,"Sản phẩm tiki gói rất kĩ càng, chất lượng sách rất tốt. Mình rất ưng dịch vụ giao hàng bên tiki. Cảm ơn tiki",5,2018-07-06 17:22:24,750578,750581
2137853,Sách hay !,5,2020-07-30 14:02:47,750578,750581
12514749,,5,2020-10-01 19:55:17,750578,750581
18462009,,5,2020-09-30 04:29:15,750578,750581
14185213,,5,2020-09-29 20:40:34,750578,750581
16680449,a Sn greesvvjhhreccbhgwwww,5,2020-04-30 15:54:22,750578,750581
5269446,,5,2020-09-28 17:19:14,750578,750581
766809,,5,2020-09-28 13:13:58,750578,750581
10218031,,5,2020-09-27 11:03:28,750578,750581
1203790,,5,2020-09-26 23:01:11,750578,750581
18002397,,5,2020-09-26 13:16:28,750578,750581
15195033,,5,2020-09-26 00:19:45,750578,750581
16531298,,5,2020-09-25 16:36:08,750578,750581
5193085,,5,2020-09-25 14:07:11,750578,750581
10343241,,5,2020-09-24 12:17:03,750578,750581
1971555,,5,2020-09-24 10:40:48,750578,750581
8375731,,5,2020-09-22 21:27:56,750578,750581
14978150,,5,2020-09-21 20:10:10,750578,750581
688719,"Từ 1 bác sĩ chữa lành cho biết bao bệnh nhân lại trở thành 1 bệnh nhân ung thư. Buồn, câu chuyện rất buồn !",5,2018-07-13 09:58:36,750578,750581
667893,,5,2020-09-20 09:56:38,750578,750581
16554967,giao hàng nhanh cảm ơn ạ?❤,5,2020-03-05 15:14:44,750578,750581
10483467,very good Rất vui khi nhận được sách. Thích lắm luôn Lần đầu đặt Tiki :)),5,2019-03-14 16:38:21,750578,750581
2051930,,5,2020-09-19 20:28:27,750578,750581
8195640,Sách hay giao hàng cũng nhanh,5,2020-03-16 16:07:03,750578,750581
5710888,Sách quá hay và tuyệt vời,5,2020-03-16 12:24:46,750578,750581
2098626,sách nên đọc,5,2020-06-11 11:11:40,750578,750581
18392235,,5,2020-09-18 11:26:31,750578,750581
18487407,,5,2020-09-17 16:17:13,750578,750581
6911454,,5,2020-09-17 09:03:02,750578,750581
17309119,,5,2020-09-16 19:43:58,750578,750581
17463734,,5,2020-09-15 17:35:42,750578,750581
13813970,,5,2020-09-15 17:30:49,750578,750581
12890254,Giao nhanh sách mới người giao vui vẻ sách hay gói cẩn thận,5,2019-07-15 21:23:11,750578,750581
6165110,,5,2020-09-14 17:10:27,750578,750581
5583630,,5,2020-09-14 10:29:50,750578,750581
7117142,,5,2020-09-13 17:25:16,750578,750581
7945705,,5,2020-09-12 22:29:49,750578,750581
995766,,5,2020-09-12 20:09:44,750578,750581
18398301,,5,2020-09-12 10:49:57,750578,750581
16536458,,5,2020-09-11 13:23:37,750578,750581
14736931,,5,2020-09-11 11:08:23,750578,750581
5135960,,5,2020-09-11 11:08:03,750578,750581
16293754,,5,2020-09-11 09:56:33,750578,750581
6252317,,5,2020-09-11 07:08:45,750578,750581
17549720,,5,2020-09-09 21:03:53,750578,750581
17238689,,5,2020-09-09 19:55:39,750578,750581
1120551,,5,2020-09-09 13:46:47,750578,750581
5962045,,5,2020-09-09 12:45:14,750578,750581
10321179,,5,2020-09-09 06:36:43,750578,750581
6349083,,5,2020-09-09 01:14:14,750578,750581
16892616,,5,2020-09-08 22:58:14,750578,750581
13955391,,5,2020-09-08 21:59:27,750578,750581
6150222,"sách hay, rất hợp vs những người đang học và làm việc ở ngành y hay các ngành công nghệ cần có tâm với mội người",5,2018-04-25 17:43:06,750578,750581
5646693,,5,2020-09-07 13:02:25,750578,750581
842386,"Nội dung quá hay, cảm xúc trong từng câu chữ, nhiều thông tin về y học",5,2019-04-11 09:16:49,750578,750581
499491,ok,5,2020-08-25 13:28:13,750578,750581
54698,,5,2020-09-05 23:50:13,750578,750581
1777413,,5,2020-09-05 21:54:57,750578,750581
6532436,,5,2020-09-05 14:10:23,750578,750581
17114036,,5,2020-09-04 21:02:42,750578,750581
16414922,,5,2020-09-04 09:49:22,750578,750581
1131301,,5,2020-09-02 14:49:53,750578,750581
927550,"Đóng cẩn thận, bìa thẳng không bị gấp, giao hàng nhanh",5,2019-07-26 09:13:15,750578,750581
5155289,Một cuốn sách rất sâu sắc. Chắc chắn mình phải đọc lại lần nữa.,5,2019-03-29 22:30:57,750578,750581
865639,"Sách hay, có chiều sâu, phù hợp người thích thực tế. Đôi đoạn khá chuyên ngành nên người đọc dễ không hiểu và phải lướt qua.",5,2018-01-04 20:48:15,750578,750581
9847883,,5,2020-08-31 16:04:15,750578,750581
1289228,,5,2020-08-31 10:53:38,750578,750581
7920007,,5,2020-08-30 21:01:08,750578,750581
8379730,,5,2020-08-30 19:26:19,750578,750581
1006379,sách hay. giao hàng nhanh,5,2020-03-25 00:58:58,750578,750581
520002,,5,2020-08-28 14:52:44,750578,750581
607557,,5,2020-08-28 11:13:04,750578,750581
991095,"Sản phẩm là tinh hoa của trí tuệ và cảm giác . Là quyển sách nên đọc, để thấy con người nhỏ bé và tương lai là gì !",5,2018-03-14 21:32:18,750578,750581
11682990,,5,2020-08-24 23:57:03,750578,750581
16760039,,5,2020-08-24 23:36:46,750578,750581
5765863,,5,2020-08-23 20:00:46,750578,750581
5164394,,5,2020-08-22 20:15:18,750578,750581
1475570,Ý nghĩa,5,2020-06-30 19:17:13,750578,750581
1872593,,5,2020-08-20 20:46:59,750578,750581
6501037,,5,2020-08-20 20:12:10,750578,750581
10660443,,5,2020-08-20 20:07:53,750578,750581
5091003,,5,2020-08-20 20:06:12,750578,750581
748202,,5,2020-08-20 19:43:05,750578,750581
15479128,,5,2020-08-20 15:11:46,750578,750581
7576229,,5,2020-08-19 18:29:02,750578,750581
16031761,,5,2020-08-18 13:33:29,750578,750581
1141883,,5,2020-08-18 03:50:26,750578,750581
18056914,,5,2020-08-17 19:08:08,750578,750581
594918,,5,2020-08-17 09:43:18,750578,750581
15000307,,5,2020-08-15 16:22:57,750578,750581
7427712,,5,2020-08-15 10:05:27,750578,750581
1045429,"Sách được giao rất đẹp, nội dung thì vô cùng lôi cuốn, lần đầu đọc một tác phẩm có đề tài như thế này, quá suất sắc.",5,2018-01-14 23:53:34,750578,750581
13913060,,5,2020-08-11 21:05:31,750578,750581
1441236,,5,2020-08-11 15:36:55,750578,750581
8554054,,5,2020-08-11 14:47:25,750578,750581
11191750,,5,2020-08-11 11:38:45,750578,750581
8846268,"Mua đọc chơi cũng đc, giao hàng nhanh. Bọc oke vote 5*",5,2019-08-08 11:37:35,750578,750581
12799045,,5,2020-08-10 16:07:07,750578,750581
7692645,,5,2020-08-09 23:30:14,750578,750581
8653934,Giao hàng nhanh chóng. Rất hài lòng về sách nhận được.,5,2019-07-01 21:53:06,750578,750581
10543428,,5,2020-08-07 10:51:34,750578,750581
2111525,,5,2020-08-06 08:30:50,750578,750581
2227607,,5,2020-08-05 12:28:08,750578,750581
5571053,,5,2020-08-05 07:07:12,750578,750581
14990917,,5,2020-08-02 12:01:23,750578,750581
1620907,,5,2020-08-02 20:48:31,750578,750581
5982321,,5,2020-08-01 08:25:57,750578,750581
1330809,,5,2020-07-31 17:04:14,750578,750581
13669712,,5,2020-07-31 14:05:26,750578,750581
17297362,,5,2020-07-31 13:23:07,750578,750581
5438392,,5,2020-07-31 12:22:03,750578,750581
17878827,,5,2020-07-29 23:02:37,750578,750581
7982029,,5,2020-07-29 10:47:16,750578,750581
13410050,,5,2020-07-28 15:13:07,750578,750581
10563296,,5,2020-07-28 08:35:11,750578,750581
15337421,,5,2020-07-28 08:04:32,750578,750581
5397413,,5,2020-07-27 20:39:15,750578,750581
5509894,"Một cuốn sách không nên bỏ lỡ. Cuốn sách giúp tôi thêm yêu hơn vềngành nghề của chính bản thân. tiki giao hàng nhanh, đóng gói cẩn thận.",5,2017-10-13 11:52:05,750578,750581
6716750,hay,5,2020-07-08 14:32:12,750578,750581
14542404,,5,2020-07-25 13:18:22,750578,750581
5407245,,5,2020-07-25 07:17:46,750578,750581
1569822,,5,2020-07-24 22:27:48,750578,750581
14692572,,5,2020-07-24 16:42:02,750578,750581
10994088,,5,2020-07-21 21:04:16,750578,750581
6393462,,5,2020-07-20 06:58:34,750578,750581
17296938,,5,2020-07-19 18:17:02,750578,750581
12508601,,5,2020-07-18 13:57:20,750578,750581
16165730,,5,2020-07-17 20:58:25,750578,750581
10424175,,5,2020-07-17 15:16:05,750578,750581
10491118,,5,2020-07-17 06:50:42,750578,750581
9767859,,5,2020-07-15 19:38:44,750578,750581
12140189,Thời gian giao hàng nhanh và chất lượng sách khá ổn,5,2019-07-05 15:00:26,750578,750581
10640817,,5,2020-07-14 15:38:09,750578,750581
8848826,,5,2020-07-14 09:07:57,750578,750581
11138979,,5,2020-07-12 20:46:19,750578,750581
16202778,,5,2020-07-12 07:38:51,750578,750581
6164913,"Chất lượng sách ok, nội dung ok (Sao lại bắt viết ít nhất 50 kí tự chớ huhu, em thấy ok viết ok là đc rồi mà huhu)",5,2018-03-16 11:29:29,750578,750581
14070893,,5,2020-07-10 13:23:26,750578,750581
11793744,,5,2020-07-09 22:15:26,750578,750581
17599249,,5,2020-07-09 11:04:31,750578,750581
16796065,,5,2020-07-07 13:53:07,750578,750581
17583771,,5,2020-07-07 10:36:21,750578,750581
16617963,,5,2020-07-06 06:21:14,750578,750581
17105831,,5,2020-07-05 06:43:02,750578,750581
7583996,,5,2020-07-04 22:40:28,750578,750581
803394,Rất hay! Những ai có thân nhân bị bệnh ung thư nên đọc để chăm sóc người thân được tốt hơn nhất là về mặt tinh thần,5,2018-01-03 21:20:56,750578,750581
1821869,,5,2020-07-04 18:08:30,750578,750581
17605995,,5,2020-07-02 14:08:43,750578,750581
9821687,,5,2020-07-01 19:51:58,750578,750581
64884,,5,2020-06-30 09:06:32,750578,750581
17590387,,5,2020-06-27 08:23:59,750578,750581
15973,,5,2020-06-26 15:41:16,750578,750581
11062360,,5,2020-06-25 21:15:37,750578,750581
6686354,,5,2020-06-25 02:26:18,750578,750581
10427008,,5,2020-06-24 13:25:51,750578,750581
1888210,,5,2020-06-23 21:11:11,750578,750581
13012399,,5,2020-06-23 20:37:23,750578,750581
335694,,5,2020-06-22 19:47:33,750578,750581
7230627,,5,2020-06-22 07:51:17,750578,750581
5634104,,5,2020-06-21 08:31:29,750578,750581
5580729,"Giao hàng rất nhanh mà còn miễn phí, giá cả cũng ổn nữa, rẻ hơn rất nhiều so với giá thị trường ?? bên ngoài đựng hộp khá lịch sự nè!",5,2017-08-19 13:41:06,750578,750581
16256536,,5,2020-06-20 11:27:31,750578,750581
15782190,,5,2020-06-20 08:15:20,750578,750581
14993389,,5,2020-06-19 21:46:08,750578,750581
649809,,5,2020-06-18 15:21:54,750578,750581
2011138,"Nội dung sách hay, giàu ý nghĩa tuy nhiên thì hơi nhiều từ mang thuật ngữ y khoa nên hơi khó hiểu . Đáng để đọc",5,2018-03-14 11:13:25,750578,750581
5314072,,5,2020-06-17 12:08:16,750578,750581
17049751,,5,2020-06-16 16:47:50,750578,750581
2158642,,5,2020-06-16 16:01:43,750578,750581
5233077,,5,2020-06-15 12:07:56,750578,750581
5744107,,5,2020-06-13 22:59:33,750578,750581
15092108,,5,2020-06-12 19:07:46,750578,750581
8140102,,5,2020-06-11 22:05:05,750578,750581
10501473,,5,2020-06-11 20:44:28,750578,750581
380952,,5,2020-06-10 10:14:40,750578,750581
7035274,,5,2020-06-09 22:40:26,750578,750581
14293530,,5,2020-06-08 13:28:12,750578,750581
6791658,,5,2020-06-07 11:49:00,750578,750581
7034568,,5,2020-06-07 08:49:45,750578,750581
6648622,,5,2020-06-06 17:32:00,750578,750581
5153143,,5,2020-06-04 13:11:36,750578,750581
5623097,,5,2020-06-02 10:05:22,750578,750581
7182368,"sách rất hay, đáng để chúng ta dành thời gian để đọc, (giao hàng nhanh)",5,2018-12-12 13:50:41,750578,750581
11173513,sản phẩm rất ok.giao hàng cũng nhanh gọn lẹ.nói chung là ổn,5,2019-03-21 15:58:21,750578,750581
6902638,,5,2020-06-01 18:59:31,750578,750581
1618716,,5,2020-06-01 10:27:59,750578,750581
13606574,,5,2020-05-31 16:04:10,750578,750581
7818540,,5,2020-05-31 13:45:52,750578,750581
612514,"nội dung rất hay, rất cảm động và đáng suy ngẫm, giấy in tốt, tiki giao hàng nhanh.",5,2018-09-30 19:37:02,750578,750581
16890155,,5,2020-05-30 14:53:52,750578,750581
11197385,"Sách rất hay. Giao hàng nhanh, đóng gói cẩn thận. ???",5,2019-05-13 21:07:37,750578,750581
6146815,"sách đẹp ,nội dung kể về tự truyện của một bác sĩ mắc bệnh ung thư,một câu truyện cảm động và sâu sắc",5,2018-02-22 15:48:44,750578,750581
1655050,"Một quyển sách rất hay và ý nghĩa, dạy chúng ta yêu cuộc sống và quý trọng bản thân mình hơn.",5,2018-06-16 09:39:15,750578,750581
1127228,Nội dung rất hay. Bạn nào học y thì cần nên đọc hơn nữa,5,2017-12-27 18:57:17,750578,750581
5604540,Tôi rất thích tác phẩm này và rất hài lòng về nó. Thật là tuyệt vời khi Tôi sở hưũ quyểnsách này.,5,2017-12-24 18:42:00,750578,750581
494585,Chân thực và cảm động. Khi người bác sĩ cởi áo blouse và khoác lên mình chiếc áo bệnh nhân.,5,2018-06-21 23:36:00,750578,750581
123835,"Sách hay, nội dung good và giá rẻ, tiki giao hàng đúng hẹn",5,2019-03-29 10:43:07,750578,750581
5757457,Suy nghĩ kĩ trước khi đọc quyển sách này. Vì nó sẽ làm bạn tốt khá nước mắt ...,5,2018-08-26 18:55:12,750578,750581
5815067,Một quyển sách - một cuộc đời của một bác sĩ trẻ tài giỏi bị ung thư phổi. Mua sách vì muốn đọc nhiều lần. Cảm ơn Tiki.,5,2017-09-30 22:28:52,750578,750581
1855839,"Đọc và nghiệm ra được rất nhiều điều trong cuộc sống, học cách sống chậm lại và bình thản hơn",5,2018-03-31 18:42:23,750578,750581
1597649,"Sách có khá nhiều từ chuyên ngành nên hơi khó hiểu nhưng truyện rất cảm động, tựa tựa như câu chuyện về Pi ấy.",5,2017-12-15 21:24:58,750578,750581
796272,hài lòng với sản phẩm này. nội dung khá hay!! bìa sách đẹp!,5,2019-01-27 15:17:38,750578,750581
7047663,Giao hàng nhanh - Cực kỳ hài lòng - Nội dung hay - Sách đẹp - Bổ ích,5,2018-11-30 09:29:06,750578,750581
2204744,"Giao hàng hơi chậm, sách đẹp hoàn hảo, nội dung hay",5,2019-03-22 23:36:35,750578,750581
1150622,"Không có gì để chê. giao hàng sớm, sách đẹp giấy tốt.",5,2019-01-26 13:18:27,750578,750581
5218570,"sách giấy bìa tốt , tiki vận chuyển nhanh , mình rất hài lòng",5,2017-10-15 15:41:02,750578,750581
9715126,Mặc dù hơi khó đọc nhưng sách rất hay và lôi cuốn.,5,2019-02-17 15:22:03,750578,750581
1545861,"Hồi hộp, ngẹt thở, cuốn sách mang lại nhiều cảm xúc cho người đọc. Xin gửi lời cảm ơn đến tác giả.",5,2018-01-07 14:34:44,750578,750581
5321606,"Nội dung hay, sâu sắc. Sách đẹp, chất lượng giấy in tốt. Tiki giao hàng nhanh, đóng gói rất cẩn thận.",5,2018-02-09 19:35:55,750578,750581
1807389,"đóng gói hàng cẩn thận, giao hàng nhanh. nội dung sách hay nên đọc.",5,2018-10-31 08:43:20,750578,750581
328732,Mọi lời nhận xét sẽ không là gì. Hãy đọc để được hiểu thêm nhiều điều về lẽ sống.,5,2018-04-05 07:30:16,750578,750581
5270219,"sách rất hay, giấy đẹp, không bị hư hỏng gì, tiki giao hàng và đóng gói rất kĩ rất tốt",5,2018-05-03 19:25:19,750578,750581
1976662,"quyển sách rất cần cho mỗi bạn trẻ. tiki đóng gói rất đẹp, lại giao hàng nhanh, sẽ tiếp tụp ủng hộ tiki.",5,2017-12-04 22:02:52,750578,750581
5213879,"Cảm ơn Tiki nhiều, giao hàng sớm hơn dự kiến làm mình thật bất ngờ và hạnh phúc (cùng với một người bạn nữa) ???",5,2017-09-30 20:07:50,750578,750581
2090182,"Tiki giao hàng nhanh, đóng gói cẩn thận. Cho Tiki 5 sao",5,2019-02-11 12:58:09,750578,750581
5772333,rất hay và ý nghĩa. phản ánh chân thân quá trình đào tạo bác sĩ và những vất vả phải trai qua của một nghề cao quý,5,2017-09-29 16:36:24,750578,750581
5483514,"Khâm phục tác giả về những gì mà anh đã chiến đấu, và làm được trong giai đoạn anh viết cuốn hồi ký này.",5,2017-10-29 11:26:34,750578,750581
6320381,"tiki giao hàng rất nhanh, sách được để cẩn thận còn nội dung của cuốn này thì ko cần bàn rồi ?",5,2018-02-05 08:28:00,750578,750581
1058856,Sách nội dung hay nhưng vài chỗ dịch có hơi khó hiểu,5,2019-01-03 14:14:32,750578,750581
2063481,"Sách hay nhưng khó hiểu, phải suy ngẫm nhiều lần mới thấm được từng câu từng chữ trong đó.",5,2018-02-19 11:02:45,750578,750581
6599821,"Sách hay, nội dung tuyệt vời, nên đọc để thấu hiểu",5,2018-12-01 16:36:37,750578,750581
1189315,"Bản dịch tốt, chất lượng in tốt. Phương thức giao hàng của Tiki nhanh gọn, nhân viên thân thiện, nhiệt tình.",5,2017-10-08 22:25:17,750578,750581
13454227,"Mình rất hay đặt sách trên tiki nhưng sản phẩm lần này rất tệ. Mình mua 2 quyển thì một quyển được bao bọc kĩ lưỡng, trạng thái tốt. Còn quyển "" Khi hơi thở hoá thinh không"" thì không được bao bọc gì, còn bị bong tróc như hình, trông giống như đã qua sử dụng vậy. Mặc dù giao hàng còn trước lịch hẹn, nhưng tình trạng sản phẩm thì không chấp nhận được. Làm ơn kiểm tra lại sản phẩm để tránh trải nghiệm tồi tệ từ khách hàng. Cảm ơn!",2,,750578,750581
6204424,"Sách hay, giá tốt, giao hàng nhanh chóng, mong tiki chèn thêm vào hộp để sách ko bị va đập.",5,2018-03-02 10:11:42,750578,750581
5769728,"giao hàng nhanh lắm, gói hàng cũng cẩn thận nữa. ...",5,,750578,750581
1780944,"Cuốn sách viết rất hay, về một đề tài không mới nhưng vẫn mang đến sự ấn tượng rất lớn cho người đọc.",5,2017-08-28 09:12:51,750578,750581
5742208,"Sách hay, ý nghĩa, bìa đẹp, giao hàng nhanh. Duyệt!",5,2017-09-23 19:00:09,750578,750581
7710716,"Chất lượng sách tốt, đẹp giao hàng nhanh khá hài lòng",5,2018-10-25 21:54:25,750578,750581
5147946,mình có thắc mắc người dịch chắc không phải chuyên ngành Y?. Một số từ chuyên ngành ko sát nghĩa!,5,2017-11-21 09:34:24,750578,750581
6285945,"Đóng gói cẩn thận, giá cả hợp lý. Sẽ ủng hộ tiki cho lượt mua sách tiếp theo",5,2018-04-11 17:27:20,750578,750581
6876603,"Tốn rất nhiều nước mắt vì quyển sách này, bạn nên mua nó",5,2018-09-01 16:47:23,750578,750581
999624,BÂY GIỜ TÔI MỚI HIỂU THẬT SỰ CÓ NHỮNG CÁI CHẾT NHẸ NHƯ LÔNG HỒNG,5,2018-04-21 08:55:52,750578,750581
5339988,"đọc hơi khó hiểu, nhưng đọc đi đọc lại nhiều lần sẽ rất ý nghĩa",5,2018-06-07 16:16:22,750578,750581
6785195,"Tiki giao hàng nhanh , chất lượng tốt. Nội dung rất hay , rất đáng để đọc",5,2018-05-04 00:46:30,750578,750581
6258497,"1 cuốn sách ý nghĩa! giúp ta trân trọng cuộc sống, trân trọng thời gian hơn.",5,2018-05-02 21:25:30,750578,750581
8661230,Sách hay và ý nghĩa . Tiki giao sách nhanh . Ủng hộ,5,2018-11-14 22:58:37,750578,750581
1267248,"Tiki giao hàng rất nhanh, sách giao rất đẹp không bị cong hay nhăn. Nội dung thì tóm trong 1 câu: Đừng bỏ lỡ",5,2017-09-10 17:12:27,750578,750581
661872,sách hay tuy nhiên phải đọc đi đọc lại nhiều lần thì mới hiểu hết được ý của tác giả.,5,2017-11-21 11:38:43,750578,750581
1920774,Một cuốn truyện tuyệt vời. Nó cảm động đến mức sẽ khiến bạn đau lòng và ám ảnh không nguôi,5,2017-10-14 09:33:38,750578,750581
6496767,Rất ý nghĩa .Khi hơi thở hoá thinh không.....lấy đi rất nhiều nước mắt của con.,5,2018-02-24 21:21:26,750578,750581
1984893,"Một cuốn sách hay, để lại nhiều cảm xúc. Đáng đọc.",5,2018-08-23 10:23:57,750578,750581
1538986,"Tiki giao hàng nhanh. Các bạn học y nên đọc cuốn sách này. Trong sách có vài chỗ viết sai chính tả,",5,2017-10-11 22:17:07,750578,750581
6006559,sản phẩm rất phù hợp cho người yêu ngành y cũng như sở thích và cho mình lòng nghị lực sống,5,2017-11-06 19:41:32,750578,750581
1596740,mới đọc vài trang đầu mình đã bị cuốn hút rồi. bìa sách có cách bố trí rất ấn tượng,5,2017-11-01 07:51:26,750578,750581
613429,"Bài học về cuộc sống và đời người, rất đáng đọc và ngẫm.",5,2018-05-29 21:49:26,750578,750581
5908985,Một cuốn sách mang lại nhiều cảm xúc. Không hối hận khi mua quyển sách này,5,2018-03-01 08:04:43,750578,750581
6206997,"Quyển sách không còn gì để chế cả. yêu sách, yêu luôn tiki, sách max đẹp.",5,2018-03-02 20:15:18,750578,750581
497182,"Nội dung hay. Đáng suy ngẫm, nếu ai đó đang cảm thấy bế tắc thì cõ lẽ chưa nên đọc",5,2017-11-23 07:40:41,750578,750581
1771709,"Sách hay ý nghĩa, tiki giao hàng nhanh đóng gói kỹ càng!",5,2018-07-30 11:05:57,750578,750581
6403038,"giấy đẹp, giao hàng nhanh, đóng gói cẩn thận, nội dung hay, nói chung là ok",5,2018-02-22 09:31:00,750578,750581
7244229,"Rất hay và bổ ích, sẽ ủng hộ những sản phẩm thế này",5,2018-06-13 17:14:29,750578,750581
6092799,Sách rất hay và đáng đọc trong xã hội quay cuồng với công việc như hiện nay.,5,2018-01-03 21:25:01,750578,750581
860045,Sách rất hay và ý nghĩa. đem lại nhiều cảm xúc cho người đọc,5,2018-04-12 09:30:19,750578,750581
14228,"Sách đọc rất cuốn hút, tuy nhiên hơi nặng về chuyên môn của bác sĩ.",5,2018-02-12 17:37:19,750578,750581
5574922,"đã đọc và thấy rất có ý nghĩa. lời văn tuy đơn giản nhưng rất gần gũi, dễ hiểu",5,2017-10-10 11:48:05,750578,750581
6267486,"• Cuốn sách là tự truyện của vị bác sĩ thần kinh. Trc đây tác giả đã từng chữa trị cho nhiều người nhưng k ngờ khi sự nghiệp đang lên cao thì tác giả bị mắc ung thư. Sách là lời kể của tác giả về cuộc đời của ông, lí do ông chọn theo nghề y (chuyên khoa thần kinh) vá cách ông đối diện với căn bệnh quái ác. Nhìn chung nội dung sách hướng bạn đọc tới những điều tích cực, làm việc hết mình... • Sách theo lối tự truyện nên hơi lan man (hợp với những độc gia hay đọc theo lối này, hoặc hay đọc tiểu thuyết có thể hợp). Do mình đọc quen sách mang tính triết lý, bài học cuộc sống nhiều nên thấy cũng bình thường, k có nhiều đặc sắc. • Tiện đây, mình highly recommend sách đọc khá hay (ngắn gọn, triết lý, gần với thực tiễn) là: Bước chậm rãi giữa thế gian vội vã và Yêu những điều k hoàn hảo. Đây là 2 cuốn mình đọc đi đọc lại k biết bao nhiêu lần, xốc lại tinh thần mình rất nhiều! • Sách đến tay phẳng phiu, bìa đẹp! Tiki giao hàng 2 ngày. Nói chung hài lòng ^^",4,2021-01-31 22:26:49,750578,750581
873708,"tạm ổn, đọc thấy nhiều vấn đề hay . rất ý nghĩa, rất hay, rất ý nghĩa",5,2017-12-14 09:11:34,750578,750581
5420842,"đọc đến những trang cuối, được viết bởi người vợ mình đã ko kìm được nước mắt",5,2017-08-18 14:34:37,750578,750581
6266757,kể về cuộc đời của bác sỉ chuẩn bị ra đi khỏi cõi đời,5,2018-02-22 17:30:56,750578,750581
331885,cực kì hài lòng cả về nội dung và hình thức. đóng gói cẩn thận. Giao hàng nhanh.,5,2017-09-29 23:58:24,750578,750581
5709774,một cuốn sách rất ý nghĩa cho 1 cô sv y khoa như mk. rất đáng để đọc,5,2017-12-19 08:59:56,750578,750581
5196268,Rất hay. Rất sâu sắc. Nên có trong tủ sách của mọi người.,5,2018-03-04 21:54:06,750578,750581
5870058,"Sách đẹp, đúng như mình mong muốn, cả ơn tiki nhiều! Bọc gói cũng cẩn thận.",5,2017-10-22 23:27:35,750578,750581
1798357,Cuốn sách rất hay lối viết nhẹ nhàng nhưng cuốn hút. Mọi người có thể đọc thử,5,2017-09-01 15:19:26,750578,750581
2158209,sach dep van chuyen nhanh!thank tiki!tiep tuc ung ho!,5,2018-06-27 21:53:56,750578,750581
6250905,rất hay và rất hữu ích... dem lại bao nhieu điều mới mẻ,5,2018-02-28 22:31:25,750578,750581
5680914,Sách có nội dung rất hay cho thấy kiến thức uyên bác của tác giả,5,2017-11-30 18:12:25,750578,750581
6181621,"chất lượng sp như yêu cấu. giao hàng nhanh, sách đọc rất hay",5,2017-12-30 13:29:28,750578,750581
131521,"Sách chất lượng tốt, nội dung hay, phù hợp với mô tả của web.",5,2017-11-26 22:23:11,750578,750581
1038073,Một cuốn sách hay về sự nỗ lực chống chọi lại với căn bệnh nan y,5,2017-10-08 23:11:33,750578,750581
6268089,"Khâm phục vị bác sĩ này. Sách đóng gói đẹp, giao hàng nhanh",5,2017-12-27 13:37:07,750578,750581
2006183,sách rất truyền cảm hứng cho minh...................,5,2018-03-19 05:11:15,750578,750581
5633263,hay nhanh gọn lẹ sách nên có cái sợi dây để đánh dấu đọc đến đâu,5,2017-09-27 11:31:30,750578,750581
1667779,"Tiki giao hàng nhanh, đóng gói cẩn thận Cuốn sách đọc hay.",5,2018-01-07 14:01:09,750578,750581
90787,"Một quyển sách đáng đọc , cho ta thêm cảm hứng sống tốt hơn",5,2017-11-19 10:40:41,750578,750581
5777679,Cảm ơn TIKI đã đưa mình đến với tựa sách rất hay và ý nghĩa này!,5,2017-10-07 09:51:32,750578,750581
5863592,tiki giao hàng thân thiện sách hay đáng mua tiki bắt nx dài quá ???,5,2017-11-13 21:01:00,750578,750581
1270100,"Cuốn sách rất đáng đọc, mình cảm thấy rất thích cuốn sách này",5,2017-10-16 13:34:32,750578,750581
686876,"Cuốn sách khá hay và chân thực. Paul Kalanithi đã cho người đọc thấy được một phần công việc của một bác sỹ phẫu thuật thần kinh, và sự thật đau đớn về căn bệnh ung thư quái ác, cảm xúc của con người tại lằn ranh giữa sự sống và cái chết.",4,2021-03-07 15:26:48,750578,750581
6558370,"Hay, ý nghĩa, đáng suy ngẫm.......................",5,2018-02-28 14:49:47,750578,750581
457529,"rất đáng để đọc, đáng để suy ngẫm. một câu truyện tuyệt vời",5,2017-09-02 13:04:55,750578,750581
125792,"Hôm nay ngày 26/7/2020 là được 2 tuần từ lúc mình đặt cuốn sách này. Mình mua cuốn sách này với mục đích sưu tầm, nhưng kể từ đây chắc chắn là cuốn cuối cùng mình mua bên tiki, à ngoài sách thì đây là lẫn cuối mình mua hàng ở tiki. Sách của mình mua với dịch vụ bookcare, nhưng kể từ đơn đầu tiên bên bạn giao một cuốn sách bị gãy bìa, thậm chí các trang sách cũng bị gấp như được các bạn ném vào trong thùng rồi gửi đi và KHÔNG HỀ ĐƯỢC BỌC BOOKCARE cho mình. Sau khi mình gọi điện tổng đài, mình được tư vấn rằng sẽ cho mình đổi trả và sau đó sẽ BỌC BOOKCARE và giao lại sau cho mình. Mình chờ 1 tuần sau đó, và cuốn sách được gửi đến cũng chẳng hề được BỌC BOOKCARE, và lần này mình vẫn phải gọi điện, cũng nhận được những câu : em xin lỗi, em rất tiếc, em sẽ cộng lại bookcare cho chị, em sẽ cho thu hồi và BỌC BOOKCARE sau đó gửi trả lại cho chị. Sau đó đúng 1 tuần sau mình lại tiếp tục nhận được một cuốn sách KHÔNG HỀ ĐƯỢC BỌC BOOKCARE, và lần này gọi lên tổng đài thì bạn điện thoại viên bảo: "" ĐỐI VỚI SÁCH ĐỔI TRẢ BÊN EM SẼ KHÔNG HỖ TRỢ BỌC BOOKCARE"" Thế thì 2 bạn trước đó mình gọi điện và bạn lần này được training theo mỗi người một kiểu chẳng? Không những đơn hàng sách lần này, những đơn lần trước mình đặt cũng không hề được bọc bookcare, mình vì đợt đó quá bận và không phải lúc nào cũng túc trực chờ bên tiki giao đến nên chấp nhận cộng lại bookcare và cầm cuốn sách đó. Nhưng lần này thật sự là giọt nước tràn ly khi đã 3 đơn liên tiếp không cuốn sách nào được bọc (3 đơn mới chứ không phải 3 đơn đổi trả lần này nhé), và cứ kiểu giải quyết cộng lại bookcare đã mất? Vậy bên tiki bán bookcare làm gì khi những cái bookcare đó còn chẳng hề được bọc? Lấy doanh số hay làm giàu? Chưa kể thái độ của bạn điện thoại viên lần thứ 3 này vô cùng thái độ. Mình bảo bạn tra mình còn bao nhiêu bookcare thì bạn bảo mình tắt đi rồi liên hệ tổng đài? Ủa chứ bạn đang trực cái đường dây gì? Chưa kể bạn bảo bên bạn quên nên không bọc rồi đổi trả sẽ không hộ trợ bọc bookcare? Ủa bên bạn quên là việc của bạn, còn đã biết quên là lỗi bên mình mà sửa sai theo kiểu ""KHÔNG HỖ TRỢ"" là mình nghe lần đầu. Cả về dịch vụ và thái độ thật sự là không chấp nhận được. Lần đầu mình đánh giá sản phầm không phải vì sản phẩm tồi mà là một dịch vụ tồi, từ một thương hiệu nhận là thương mại điện tử của Việt Nam đang đứng số một. Đặt một cuốn sách giao ngay trong ngày để rồi đến 2 tuần sau nhận lại chỉ có tức thêm trong người chứ không một vấn đề gì giải quyết.",1,2020-07-26 12:47:00,750578,750581
5844660,"nội dung chân thực, nhiều ý nghĩa cuộc sống, sách đẹp ,mới",5,2017-10-13 08:50:04,750578,750581
5147753,Nếu được hãy tặng cho mỗi quyển sách một cái kẹp sách ^^,5,2017-10-10 07:55:12,750578,750581
5302794,"Sách rất hay, giao hàng nhanh, cẩn thận, chất lượng",5,2017-12-17 21:31:33,750578,750581
2084848,nội dung sâu sắc rất đáng đọc Khâm phục ý chí của Paul,5,2017-10-24 13:57:25,750578,750581
60967,"Sản phẩm chất lượng tốt, giao hàng nhanh, nói chung hài lòng",5,2017-09-27 08:47:47,750578,750581
2116902,giao hàng nhanh so với dự kiến mình rất thích tiki,5,2017-12-11 18:46:46,750578,750581
5761448,Sách tuyệt hay! Đây là cuốn sách mà bạn không nên bỏ qua.,5,2017-09-22 22:07:50,750578,750581
1218090,"sách bìa đẹp và hay lắm ạ, khi bs trở thành bệnh nhân :'(",5,2017-09-01 17:37:38,750578,750581
1881616,tiki giao hàng rất nhanh còn về sách thì tuyệt vời lắm,5,2017-09-22 12:26:12,750578,750581
5571451,sách rất hay. dịch vụ vận chuyển chuyên nghiệp. cảm ơn,5,2017-08-19 17:42:01,750578,750581
12874149,"sách đẹp giao nhanh nhưng bị móp méo 1 chỗ , nội dung sách hơi khó ngấm đối vs mình vì có nói nhiều đến lịch sử , văn hóa phương tây và một số tác phẩm mình ko biết , tác giả là một người rất giỏi và sâu sắc , Đến đoạn cuối của quyển sách mình đã khóc . các bạn có thể đọc phần cuối trước rồi đọc sách để hiểu rõ hơn hoàn cảnh của tác giả",4,2020-04-18 15:38:09,750578,750581
16056885,"Sách in thiếu. Mục lục có phần lời bạt và lời cảm ơn tới trang 232, nhưng thực tế mình đọc tới trang 224 đã thấy hết rồi. Sau đó ra fahasa coi cọp thêm đc những trang cuối. Hụt hẫng thực sự",2,2021-12-02 13:19:51,750578,750581
9682020,"Thời gian, công việc, gia đình và cái chết. Tất cả được nhà văn mô tả một cách sâu sắc, nhưng nhẹ nhàng. Không phải áng văn hùng hồn, triết lý mà đó là sự thật được nhìn lại, được thuật lại một cách đơn giản và dễ tiếp thu. Sách khá hay nhưng tiki gửi sách lỗi trang",3,2020-04-08 14:38:25,750578,750581
19143005,"Sách bị dơ, nhăn, lần này em đặt 4 cuốn mà không có cuốn nào hài lòng hết, mong tiki lần sau sẽ chú ý hơn ?",2,2021-03-24 11:14:56,750578,750581
16386045,"Sách hay, giao hàng nhanh, thân thiện, lại gặp đợt sale nên giá khá tuyệt hehe:) Tuy nhiên sách bị bẩn ở trang đầu, chắc là dính keo, phải cạo khá lâu nhưng vẫn chưa hết được:( Nội dung rất tuyệt, tuy có hơi khó hiểu chút nhưng mà cảm động lắm lắm. Luôn ủng hộ cho Tiki:))))))",4,2020-02-14 18:53:14,750578,750581
1418837,"Sản phẩm bị đứt rời từng trang khi mình lật đến đó, giao hàng đúng thời hạn, mình mua 5 quyển trong đơn hàng này mà chỉ có cuốn “KHI HƠI THỞ HOÁ THINH KHÔNG” bị thôi, mong tiki đổi sản phẩm lại nhanh chóng giúp mình nhé!",1,2019-12-03 14:20:09,750578,750581
47878,"Về chất lượng: tôi luôn tin tưởng khi mua sách trên Tiki, tủ sách của tôi hầu như đều là mua trên tiki Lần đầu đánh giá 2 sao: đã tích chọn sử dụng bookcare, trên hệ thống cũng ghi nhận trong đơn hàng, cũng bị trừ lượt sử dụng. Nhưng khi nhận sách cả 2 quyển ko được bọc Có thể do bạn nhân viên đóng hàng bất cẩn ko xem kĩ thông tin đơn hàng. 2 bọc sách ko thể nói lên chất lượng, nhưng sẽ phảm ánh thái độ làm việc.",2,2019-09-04 11:25:51,750578,750581
1578123,"đóng gói k thể tệ hơn, ba đơn sách của mình đều phải đánh giá thấp vì khoản đóng gói, đến lúc nhận sách mà hộp móp méo, thậm chí còn bị bung băng dính như kiểu bị mở hàng rồi. nhưng mình đoán là do đóng gói cẩu thả, vận chuyển bị bung ra, may mà sách không ảnh hưởng. nếu gặp trời mua xác định hỏng",1,2022-01-18 10:04:59,750578,750581
8292433,"Tôi đã mua sách ở Tiki rất nhiều lần rồi nhưng đây là lần đầu tiên mà Tiki khiến tôi không hài lòng. Đơn hàng tôi đặt 3 cuốn đều có sử dụng bookcare mà Tiki chỉ bọc cho tôi 2 cuốn, chừa lại 1 cuốn để làm gì????? Trong khi đó Tiki trừ của tôi 3 cái bookcare. Tại sao Tiki có thể mắc một lỗi sơ đẳng như vậy. Trước khi nhân viên đóng gói không có kiểm tra lại đơn hàng sao??? Tôi mua sách ở trên Tiki vì sách có thể được bọc bookcare để tôi bảo quản sách vậy mà giờ lại không có bọc!!!!",2,2019-08-10 16:51:27,750578,750581
682189,"Bìa 2 có keo dính vào trang đầu, gây rách giấy. Trang cuối có vệt ố vàng. Giấy cắt chưa tốt. Nói chung là cầm cuốn sách không thấy đáng tiền về hình thức, cảm giác đầu tiên là như sách đã qua sử dụng. Rất tệ.",2,2018-05-08 06:39:10,750578,750581
677566,"Mình chỉ đánh giá về dịch vụ của Tiki. Đây là lần đầu tiên mình gặp trường hợp như thế này. Mình được giao nhanh Tikinow. Nhưng sách có 1 số trang quá nhăn nhúm, và còn hơn chục trang bị đóng ngược như hình. Đề nghị phía Tiki phải kiểm tra thật kỹ trước khi giao cho khách hàng nhé. Quyển sách nội dung hay mà bị như thế này hơi thất vọng!",2,2019-06-15 06:42:31,750578,750581
1643943,"Mình mua về đọc được gần 1 nửa mới thấy sách đánh số từ 96 xong nhảy sang 112 . Cả chục trang sau đánh số ngược, làm lúc đọc rất là khó chịu. Nội dung sách thì rất hay nhưng hình thức như này làm đọc mất hứng lắm.",2,2020-04-30 15:59:07,750578,750581
10965917,"Về nội dung thì khỏi nói rất hay nên đáng lẽ mình sẽ cho 5 sao. Nhưng có điều rất không hài lòng mua sách 3 lần thì 3 lần dư giấy hoặc là dính giấy mình thật sự rất không hài lòng về chuyện này, lúc giao hàng không bết có kiểm tra hay không mong lần sao tiki sẽ rút kinh nghiệm",4,2019-03-09 21:22:58,750578,750581
11021045,Sách này mấy bạn Y khoa đọc thì dễ hiểu hơn người bình thường. Nội dung cơ bản là từ một bác sĩ chuyển thành bệnh nhân và sau đó là quá trình chống trọi với cái chết.,3,2020-11-17 10:34:52,750578,750581
660815,"Tôi không hề hài lòng về chất lượng cuốn sách tiki giao cho tôi, lỗi chưa cắt hết trang rất nhiều, thêm vào đó là lỗi chính tả tôi yêu cầu tiki có phản hoof về sản phẩm này",1,2019-07-08 20:53:38,750578,750581
10759649,"Sách đẹp, nội dung rất ý nghĩa. Số tiền cũng rất hợp lý. Mình sẽ lựa chọn mua thêm nhiều sản phẩm của tiki hơn đặc biệt là sách. Cảm ơn tiki!",4,2020-01-11 19:39:39,750578,750581
2043136,"Mình thấy đọc văn phong ko xuôi lắm. Có thể do có quá nhiều từ chuyên ngành y. Bản thân mình có bố bị ung thư, mình đã mua với kỳ vọng sẽ đưa cho bố đọc. Nhưng cuốn sách chỉ nên dành cho người khoẻ mạnh đọc để biết trân trọng cuộc sống hơn. Anh bác sĩ tác giả quá lí trí, nhiều khi lí trí quá sẽ suy nghĩ tiêu cực hơn khi bị bệnh. May mà mình đã đọc trước và sẽ ko đưa bố mình đọc cuốn sách này. Mình thấy nhiều người khen cuốn sách, nhưng với cá nhân mình thì có lẽ ko đạt kỳ vọng nên mình cảm thấy cũng bình thường.",3,2021-01-12 14:59:56,750578,750581
6877106,"Nội dung quá tuyệt! Đây là một trong những cuốn sách mình thích nhất! Trước mượn của bạn đọc hay quá nên quyết mua 1 quyển cho riêng mình. Vậy mà khi đọc lại thì thất vọng vì sách bị lỗi! (còn vẫn xúc động như lần đầu đọc) Sách bị in ngược gần 20 trang, còn bị bung hẳn giấy ra khỏi gáy sách nữa! Mà lại quá hạn đổi trả nên không biết làm thế nào :(( đành ngậm ngùi để đấy",3,2019-07-27 20:17:34,750578,750581
30669764,,4,2026-05-14 17:47:37,750578,750581
24612622,Hàng đẹp nhưng bị móp vs dơ hơi nhìu :(((,4,2021-11-23 15:25:13,750578,750581
8622330,Sách bị cong góc 1 chút xíu khi vận chuyển. Mình nghĩ bọc thêm 1 lớp chống sốc cố định sách chắc sẽ giữ phẳng. Vẫn luôn thích đóng gói và hộp của Tiki,4,2021-12-15 22:32:51,750578,750581
19546435,Chờ cả tuần để nhận đc gói hàng,1,2021-12-25 12:50:39,750578,750581
1945563,"đây là cuốn sách nhận được . Cảm giác hản là cực cực ko hài lòng , sách bám bụi như kiểu là tồn kho lâu năm",1,,750578,750581
12640226,"dòng văn dễ đọc dễ hiểu, ko khô khan. khi đọc cuốn sách này, mình đã hiểu thêm về não bộ con người, VD đơn giản, trước có nghe qua về tắt nghẽn ngôn ngữ ở người bị chấn thương não, sau khi đọc, mình hiểu nguyên nhân nào gây ra tình trạng này. tuy nhiên, sách mình mua bị mất trang từ 97 đến 112. hic",4,2020-07-22 13:19:48,750578,750581
1199649,Là một người khá thích và hay mua sách trên tiki. Đây là lần thứ 2 gặp cuốn sách đóng sai thứ tự số trang. Nội dung sách thì không có gì phải bàn vì đây là một trong những cuốn sách rất hay.,2,2019-10-17 13:21:20,750578,750581
8999720,Lần đầu tiên gặp tình trạng sách bị gập gãy bìa và rách thế này từ Tiki. Vui lòng thực hiện đổi sản phẩm giúp tôi. Cám ơn.,3,2019-11-21 14:07:23,750578,750581
26899715,"sách tất cả mọi thứ đều ổn áp hết ạ, mình chưa có đọc nên cũng chưa biết bên trong sách ntn nhưng đánh giá chung về giấy, chữ, bìa okiii ạ ^^ nội dung thì 0hair chờ mình đọc xem s ^^",4,2022-02-27 17:46:30,750578,750581
18292062,"Mình mua vì ấn tượng tiêu đề, đọc thì thoạt đầu chán lắm luôn, mạch văn có lẽ không hợp với mình, đoạn cuối truyện thì khá hay và cảm động, nói chung lại thì cuốn này cũng tàm tạm thôi không đến mức phải đáng mua đáng đọc",3,2021-02-15 12:38:39,750578,750581
6395598,"Tiki giao hàng nhanh. Đánh giá nội dung cuốn sách 3.5/5 sao. Tác giả là người khá thành công và mắc bệnh ung thư, tác giả đã kể lại tinh thần chiến đấu ung thư của mình mạnh mẽ như thế nào dù rất cực khổ, tác giả và vợ có quyết định lớn và can đảm vô cùng là có con khi ung thư giai đoạn cuối, sau 8 tháng đứa con chào đời thì tác giả ra đi. Nói chung đọc sẽ hiểu hơn về ung thư giai đoạn cuối và dũng cảm sống cuộc sống xứng đáng hơn.",4,2020-04-14 16:08:01,750578,750581
11120713,"Một tác phẩm hồi ký về cuộc sống và công việc của một bác sĩ ngoại khoa tài năng với căn bệnh nan y. Cuộc sống vố dĩ nó là những lựa chọn, và người ta trong một hoàn cảnh nhất định bắt buộc phải chọn giữa ""sống"" và ""tồn tại"". Sách muốn truyền đạt đối với các y bác sỹ, nhân viên y tế về quan niệm: chữa người bệnh quan trọng hơn chữa bệnh. Và một phần khắc họa được sự vất vả và hy sinh của những y bác sỹ trong hành trình chiến đấu với tử thần, giành giật sự sống cho bệnh nhân.",4,2020-04-02 19:38:54,750578,750581
29960402,"giao hàng siêu lâu, rất thất vọng với tiki",2,2024-10-24 18:45:24,750578,750581
5858228,thường thì những cuốn sách hay sẽ hấp dẫn người đọc ngay từ những trang đầu tiên nhưng cuốn sách này lại k mang lại điều đó. Cảm thấy rất thất vọng khi nó đạt review rất cao. sách có nhiều chỗ dịch lũng cũng. còn tiki bao bọc rất đẹp. gửi hàng nhanh.,3,2019-02-21 20:08:22,750578,750581
6337632,"Lần này tiki giao mình sách cũ, không có bọc nilong như mọi khi. Mặt bìa bị trày xước nhiều. Khá khó chịu, mình mua mấy cuốn rồi nhưng lần này hơi thất vọng",2,2021-03-16 16:32:38,750578,750581
22358897,"Sách cũng ổn, chỉ thấy chưa hợp với mình lắm, kiểu kêt chuyện dài dòng lang mang í",4,2023-11-19 18:23:23,750578,750581
767566,"Quá thất vọng với Tiki. Mình đặt hàng lúc 19h, 1 tiếng sau đã nhận được nhưng mở ra thì bìa sách bị gấp nếp như thế này. Mình vô cùng bực mình. Mình nghĩ đây là lỗi do người xếp đơn hàng và mình hi vọng lần sau Tiki làm việc có trách nhiệm hơn, trước khi đóng gói hàng nên kiểm tra kĩ xem sách có nguyên vẹn, mới cứng không. Là một người mua hàng thì ai chả thích sách mới hoàn toàn không bị sứt sẹo gì phải không ạ? Hơn nữa đây còn là cuốn sách mình định mang đi tặng bạn bè, thử hỏi bìa sách thế này ai dám mang đi tặng nữa? Mình đánh giá 1 sao là do lỗi bìa sách ở trên chứ không phải do nội dung sách. Với mình thì nội dung cuốn sách này đánh giá 10/10 sao cùng xứng đáng. Sách rất giàu ý nghĩa và đáng đọc.",1,2018-09-12 00:16:40,750578,750581
5963319,"Sách viết rất logic, nội dung cô đọng, văn phong rõ ràng mạch lạc. Sách cũng chứa nhiều kiến thức y khoa (thần kinh học) và tư tưởng Công giáo, sẽ rất thú vị với các bạn có hứng thú hoặc chỉ cần open mind. Cũng chính vì vậy nên sẽ hơi khó đọc với các bạn đang tìm kiếm một câu chuyện đơn giản.",4,2019-11-10 15:25:38,750578,750581
5772157,"Nhiều từ ngữ chuyên môn được sử dụng với tần suất khá nhiều đôi khi khiến tôi đọc phải ngồi ngẫm cho kĩ. Cuốn sách như tóm tắt lại cả cuộc đời của tác giả với những suy nghĩ của bác về sự nghiệp, cái chết, gia đình, tình yêu,..... Thật sự đoạn cuối khiến tôi khóc rất nhiều vì suy nghĩ một ngày mình sẽ phải đối mặt với cái chết với vai trò một người chứng kiến hay người chứng thực cái chết đó.",4,2019-10-31 14:03:37,750578,750581
5927680,"Mua sách lâu rồi nhưng giờ mới đưa ra đọc. cũng chả nhớ hồi trước mua bằng tài khoản nào nên giờ cứ viết bằng nick này vậy. Phía Tiki giao hàng với gói ghém thì mình thấy oke, không sao hết vì không xây xước hay quăn mép gì cả. Điều quan trọng là sách này mình tưởng là sách fake luôn á. 1 trang chắc cũng lên tới 5 6 lỗi chính tả. lúc đầu còn châm chước nghĩ 1 vài cái thôi, nhưng không :)) mình không rõ vấn đề biên tập sách như này thì lên tiki nói có được không, nhưng không nghĩ 1 cuốn sách nổi tiếng như này lại biên tập cẩu thả đến mức vậy được. nên ý kiến của mình đang nghiêng về sách này không ổn là thật hay giả. Cảm ơn đã đọc ạ.",2,2019-10-27 18:39:59,750578,750581
719835,,4,2025-05-28 22:53:35,750578,750581
1719610,"nội dung mình ko nói tới, nhưng mình mong bên nhà cung cấp bảo quản sách tốt hơn, vì khi mình nhận thì sách bị gấp khúc, điều này rất khó chịu với một quyển sách mới.",4,2020-09-18 23:05:16,750578,750581
6364201,Sách in mất quá nhiều trang như vây làm sao mà đọc :(. Tiki vui lòng đổi sách,1,2020-03-08 00:51:23,750578,750581
7103363,"Cuốn sách hay, nhẹ nhàng.Đến cuối cuốn sách vẫn cảm nhận được tình yêu cuộc sống, khao khát được sống ý nghĩa của tác giả.Tưởng nhớ và ngưỡng mộ một vị bác sĩ phẫu thuật tài ba, một người có tình yêu văn học tha thiết.",4,2019-04-29 15:47:51,750578,750581
5090217,"quyển sách này thực sự rất đẹp, đặc biệt là phần nội dung mang tính nhân văn sâu sắc.Tôi rất thích cách người bạn cuả Paul Kilanithi đã nói về cảm nhận của ông ấy. Tôi cảm thấy trong cuộc sống này để nhận ra đc tình bạn đẹp và vô cùng khó khăn và cách mà chúng ta trân trọng nó như thế nào lại càng khó",4,2018-06-08 22:46:49,750578,750581
6108276,"Như tiêu đề sách rất khó đọc không phải vì cách in cũng không phải vì cách dịch mà là do cuộc đời rất thực của Paul Sudhir Arul Kalanithi Bạn sẽ phải dừng lại vì hình ảnh não chảy qua mũi, hay một ông già giao tiếp bằng ""mã thập phân"" BỐN SÁU MỘT TÁM MƯỜI CHÍN",4,2018-07-10 13:07:41,750578,750581
1102339,"Đã có rất nhiều tác phẩm viết về nỗ lực đối mặt với cái chết nhưng với “Khi Hơi Thở Hoá Thinh Không” (tựa tiếng Anh When Breath Becomes Air – Paul Kalanithi, Trần Thanh Hương dịch) lại trở nên đặc biệt hơn khi người viết chính là một bác sỹ phẫu thuật thần kinh. Một chuyên khoa được mô tả theo như lời của nhân vật là “giúp theo đuổi cái chết: nắm lấy nó, lột mặt nạ của nó và nhìn thẳng vào nó, không chớp mắt”. Bằng cách mô tả đi từ lúc nhận được xét nghiệm, rồi hồi tưởng lại thời gian tác giả được thân mẫu gieo những hạt mầm của nền mống triết lý đạo đức thông qua một loạt những tác phẩm văn học kinh điển từ lúc mười tuổi, đến khi hoang mang giữa một ngã tư đường trở thành một nhà văn hay theo nghiệp y nối tiếp truyền thống gia đình, tới thời điểm trở thành một trong những bác sỹ phẫu thuật thần kinh vượt trội và cuối cùng là kết thúc trên giường bệnh của một bệnh nhân mà sự sống chỉ kéo dài một vài năm. Đi theo hành trình của tác giả, là đi theo một chuỗi những đấu tranh với cái chết, liệu cái chết có phải là một kết thúc, hay đơn giản cái chết chính là kết thúc của một bắt đầu. Vô số những quan điểm về sự chết được tác giả mô tả bằng một thứ ngôn ngữ dễ hiểu nhưng cũng vô cùng triết lý nhất. Là bác sỹ, tác giả nhận thức mình mang trên mình một cái ách nặng nề về trách nhiệm trọng đại. Cái chết sẽ luôn chiến thắng hả hê trước bao nỗ lực níu giữ người bệnh nhân. Cuộc đời vốn dĩ ăn gian, tất cả sẽ thua cuộc, nhưng điều đó không cho phép tác giả ngừng nghỉ để chiến đấu. Sẽ chẳng có ai đạt được sự hoàn hảo, nhưng “bạn có thể tin vào đường tiệm cận của những gì mình không ngừng hướng tới”. Đọc “Khi Hơi Thở Hoá Thinh Không” không chỉ dừng ở việc ta đồng hành cùng bác sỹ “sống” không ngơi nghỉ cho đến lúc chết, mà còn vô tình góp nhặt ít nhiều những nghịch lý không-thể-phá-tan của khoa học. Ví dụ: Những quy tắc hiện tượng hay lý thuyết được tạo nên để thao túng thế giới, biến các hiện tượng thành các đơn vị có thể quản lý được, tuy nhiên những nhận định về vật chất này lại không thể mang ra lý giải cho bản chất con người, vốn độc nhất, chủ quan và không thể dự đoán. Những mâu thuẫn liên tiếp được khơi gợi kèm theo những giải thích chặt chẽ nhưng không kém phần uyển chuyển. Đây chính là nét đặc biệt trong giọng văn của tác giả: một sự kết hợp đặc sắc giữa hai tâm thế - bầy tôi của khoa học và đứa con của văn chương. Tựu trung, đây không đơn thuần chỉ là một nhật ký thay đổi hành trình nhận thức của một cá nhân đối với thế giới quan thông qua cách ứng phó với cái chết được biết trước, ta đọc để hiểu rẳng con người vốn dĩ là là những chấm sao cô đơn trong vũ trụ tối cao, dù bị khuất phục bởi hành trình đi đến ngày lụi tàn không thể chối bỏ, nhưng quan trọng nhất, ta chính là góp phần tạo nên quỹ đạo của cuộc đời này.",4,2018-05-03 12:46:34,750578,750581
5582020,"Không biết các bạn có bị giống như mình hay không ... mua về thì bị mất trang như thế này (81-96, 145-160) hi vọng trước khi chuyển hàng tiki nên kiểm tra hàng kĩ trước khi giao cho khách. Thân !!",3,2017-09-11 23:05:19,750578,750581
992147,"sách in bị thiếu trang 226-227 và 230-231. Quá thất vọng, lần đầu tiên bị như thế này.",2,2020-12-12 22:15:56,750578,750581
7315319,"Giao hành nhanh, giá rẻ.",4,2023-05-28 11:25:07,750578,750581
6387093,"Quyển này lúc mình kỳ vọng đọc xem cách mà bác sĩ họ đối mặt với bệnh hiểm nghèo thế nào. Nhưng chỉ có một đoạn sau là bác sĩ kể về việc này thôi. Nói chung là không ngừng khóc, tiếc thương một nhân tài trong ngành Y học.",4,2020-05-11 13:47:22,750578,750581
1717201,"bộ mặt quyển sách mà thế này đây :( Thấy Tikinow giao nhanh quá đang hớn hở nên cũng không bóc ra kiểm tra, về mở ra thì thấy nguyên một đường gấp nếp như thế này :( thất vọng quá Tiki ơi :(",2,,750578,750581
5619626,"Bản thân mua cuốn sách này vì chủ đề đang quan tâm và review rất tích cực. Có lẽ vì thế mà mình đạt nhiều kì vọng vào nó. Cuốn sách mô tả sự khó khăn và nỗ lực của người làm bác sĩ, nhưng suy nghĩ và trăn trở của paul khi nghe tin về căn bệnh của bản thân. Mình trân trọng sự dũng cảm, cách mà Paul đối diện với thực tế căn bệnh nhưng bản thân mình kì vọng nhiều hơn thế nên hơi hẫng khi thông điệp chưa tới. Ấn tượng nhất với mình trong cuốn sách lại là 2 người phụ nữ có ảnh hưởng đến Paul nhất - Lucy (vợ paul) và Emma (bác sĩ điều trị của Paul). Emma không chỉ là bác sĩ điều trị, cô còn như 1 người bạn, 1 người định hướng cho Paul. Qua mô tả của Paul, thấy Emma là 1 người bác sĩ tận tâm và đáng quý. Còn Lucy, một người vợ tuyệt vời, luôn ở bên Paul chia sẻ khó khăn và cùng anh đối mặt. Một cuốn sách có ý nghĩa nhưng chưa đủ để mình muốn đọc lại lần nữa (nội dung đủ cho người không bị kì vọng do đọc review)",3,2019-03-26 23:16:20,750578,750581
5848681,"Mình quyết định mua cuốn này vì mức độ nổi tiếng của nó cũng như những đánh giá rất cao của độc giả không chỉ ở VN mà còn trên khắp thế giới. Tuy nhiên hiện tại đã đọc được đến 70% mà vẫn chưa thấy có gì quá đặc biệt như được ca ngợi. Cá nhân mình thấy không phải nội dung sách không hay, mà vấn đề của cuốn sách này có lẽ nằm ở bản dịch nhiều hơn. Dĩ nhiên việc cuốn sách chứa rất nhiều từ ngữ chuyên môn ngành y cũng là một tác nhân gây chán vì không phải ai cũng hiểu, nhưng điều này là không tránh khỏi và mình thông cảm được. Tuy nhiên mình cảm thấy bản dịch này sử dụng nhiều từ ngữ, câu cú diễn đạt khá lủng củng, thiếu mạch lạc, có những câu đọc đi đọc lại hai, ba lần mới hiểu nghĩa của câu đó, khiến quá trình đọc bị mất đi sự trôi chảy. Lắm lúc đọc xong một đoạn văn mà không hiểu ý tác giả là gì luôn. Kì vọng của mình về cuốn sách này cao hơn thế và mình hơi thất vọng. Trong tương lai mình sẽ tìm đọc bản gốc tiếng Anh để cảm nhận rõ hơn về tác phẩm và hi vọng sẽ không thất vọng như với bản dịch này.",3,2019-03-25 14:20:04,750578,750581
29918628,,4,2024-11-03 12:05:02,750578,750581
366775,"Đọc 1 số nhận xét có bạn bảo sách cũ. Mình đã cẩn thận chọn luôn đơn vị phân phối là Tiki Trading. Thế mà sách mình nhận đc vẫn cũ. Tem bị trầy bong tróc hết cả. Các trang sách lại có đg cắt k ngọt, bị sần ngay mép. Nhìn quyển sách xấu quá cũng k có tâm trạng đọc nữa. Đây là lần cuối mình mua ở Tiki",1,2019-03-19 18:10:29,750578,750581
8360188,dạo này thực sự mệt mỏi khi mua hàng tiki. Cuốn sách bị đóng ngược thế này đương nhiên m biết là lỗi của nxb nhưng nó vẫn làm m rất thất vọng vì đây đã là lần thứ mấy trong vài ngày liên tiếp m phải lên phản ánh về chất lượng sản phẩm r,3,2019-08-25 15:05:43,750578,750581
9840201,"Mình thấy sách hơi khô cứng, nhiều câu hơi sao sao mà mình đọc k hiểu mấy. Mình chỉ đọc dc nửa cuốn vì sách k phải gu mình. Tuy nhiên nhiều chỗ cho mình biết thêm xíu kiến thức về ngành y, thú vị. Tiki giao đẹp, cám mơn Tiki",4,2020-03-03 10:52:11,750578,750581
10701665,"Tiki giao hàng nhanh, trước thời gian dự kiến, đóng gói cẩn thận Sách rất mới, được Tiki bao bằng giấy bóng ngoài bìa rất ok, mình rất thích điều này. Nhưng, ngay trang đầu tiên sau khi lật lại bị bẩn 1 tí, còn lại thì rất mới, in rõ, nói chung là ổn. Nội dung sách thì khỏi phải bàn cãi, rất hay và ý nghĩa! Nên mua nha!! Thanks Tiki!!",4,2019-02-12 11:59:08,750578,750581
1024412,"Sách đọc hơi dài dòng, chưa hẳn có chiều sâu lắm, nhưng Đọc sách để gột rửa tâm hồn lấy thêm động lực cũng đc.",4,2021-01-30 22:06:54,750578,750581
17720245,,4,2024-09-12 21:24:35,750578,750581
7776309,"Đóng gói đẹp, gọn gàng, nhân viên giao hàng tận tình, nội dung sâu sắc. Có lẽ mình đã thấy đâu đó nhân vật cũng chính là mình bây giờ. Bệnh ung thư chẳng từ chối một ai trong chúng ta cả. Cuốn sách mang lại luồng gió sự kiêng cường đến lạ. Ai đang phải đối chọi căn bệnh giết người và ai đang trên đường đời hãy nên đọc nó một lần trong đời.",4,2018-12-28 10:12:27,750578,750581
6437049,Sách mới mà rất nhiều trang bị bẩn và còn bị rách bìa,2,2019-10-23 09:59:55,750578,750581
12146928,Sách hay nhân văn một số kiến thức bổ ích chuyen ngành y học não bộ,4,2023-02-23 12:40:15,750578,750581
758594,"""Bạn không bao giờ có thể đạt được sự hoàn hảo, nhưng bạn có thể tin vào đường tiệm cận của những gì mình không ngừng hướng tới"" Gấp lại trang sách với nhiều điều nuối tiếc ... Cuối cùng thì ""Điều gì khiến cuộc đời đủ ý nghĩa để sống tiếp?"" Cuộc đời thì luôn ngắn ngủi và liệu ngày mai bạn có chắc chắn rằng sẽ k đón nhận một tin xấu nhất nào đó vô tình ập đến. ""Tại sao tôi vốn rất uy quyền trong bộ y phục phòng mổ nhưng lại trở nên rụt rè trong bộ đồ bệnh nhân?"" Xuyên suốt cuộc đời xuất chúng của Paul cho tới lúc anh ra đi... Trải qua nhiều cung bậc cảm xúc từ một bác sỹ phẫu thuật thần kinh với mỗi quyết định là mỗi lần nắm giữ sinh mạng của người khác cho tới khi đã trút bỏ bộ áo blouse bất lực đấu tranh với thời gian cùng căn bệnh ung thư phổi. ... cuối cùng một đời người, bỏ lại sau lưng tất cả hư danh phù phiếm thì vẫn là vòng tay của gia đình, của bè bạn.",4,2017-09-03 11:09:33,750578,750581
2167738,"Ngay ngày đầu tiên, tôi đã đọc tác phẩm suốt 4h và đọc xong nó chỉ hơn 2 ngày. Đây là lần đầu tiên tôi hiểu khái niệm về thời gian, về ngành Y và về bác sĩ phẫu thuật thần kinh chân thực và sâu sắc đến thế. Nếu bạn còn chần chừ về nó, tôi nghĩ rằng nó rất xứng đáng để thử đọc một lần. Và tin tôi đi, sau lần đọc ấy, bạn sẽ còn đọc đi đọc lại rất nhiều lần...",4,2018-11-21 11:00:30,750578,750581
401122,"Là một sinh viên năm nhất của ngành Y, tôi rất thích quyển sách này. Nội dung kể về một bác sĩ nội trú bị ung thư, mọi việc xảy ra quá bất ngờ. Mỗi câu chuyện được kể làm ta phải suy nghĩ. Rất đáng đọc",4,2020-03-15 19:30:07,750578,750581
629695,"sách bị dính rất nhiều trang, ở trên bị sần, không được bằng phẳng. Mình chưa đọc nên không nhận xét nội dung sách được, nên đánh giá của mình chỉ riêng về hình thức.",1,2019-09-14 23:09:32,750578,750581
5570776,"Mình có vài nhận xét về quyển sách ""Khi hơi thở hóa thinh không"" đặt mua ở Tiki lần này. Sách về tay đúng hạn, Tiki giao hàng nhanh thật đấy. Sách thì thẳng thớm, nói chung thì ok nhưng chỉ có một việc là khi mình lật ra xem (mình mới xem thôi vì hổm rày không có thời gian) thì thấy bên trong của bìa phần in ấn bị lỗi, mất phần giới thiệu tác giả của quyển sách. Mình phải nhờ bạn của mình chụp lại từ quyển của nó để xem phần đó viết gì. Nói chung hơi không hài lòng tí nhưng cũng sẽ ủng hộ Tiki tiếp tục.",3,2017-08-23 11:06:58,750578,750581
1690887,"Sách đẹp, giấy tốt. Nội dung thu hút người đọc. Tuy nhiên, mình cảm nhận người dịch chưa thật chuyên nghiệp, có nhiều câu bị cụt, không rõ nghĩa, có những câu phải đọc đi đọc lại nhiều lần mới hiểu.",4,2020-02-28 08:59:44,750578,750581
1932170,"Mình đọc quyển này khá nhanh. Có lẽ vì vậy mà không hiểu hết được suy nghĩ và góc nhìn của Tác giả. Thật sự thì có lẽ phải là bác sĩ, phải ở trong hoàn cảnh chờ đợi cái chết đến, mới hiểu được hết quyển sách này. Hình như khi người ta ý thức được rằng mình không còn nhiều thời gian, bộ não, theo phản xạ tự nhiên, luôn cố gắng tua lại hết tất cả những mơ ước, dự định, lý tưởng sống, trăn trở, và niềm tin vào các giá trị sống.",4,2018-10-13 18:17:43,750578,750581
235194,"Sách hay, chất lượng tốt. Nội dung mang tính triết lý cao. Nhiều chỗ hơi khó hiểu, có lẽ do bản dịch chưa diễn đạt hết được ý của tác giả hoặc có lẽ còn diễn đạt theo ngữ pháp tiếng Anh",4,2020-05-30 17:03:17,750578,750581
2204777,Mình nhận sách tới mãi vài ngày sau mới xem thì thấy trang giấy dính khá nhiều. Sách đẹp nhưng giấy dính làm mình cũng hơi khó chịu. Bù lại shipper giao nhanh. mới đặt hàng hôm trước là hsau hàng về liền. mình ở tỉnh lẻ nha,3,2019-10-17 21:12:03,750578,750581
120479,"Đọc cuốn sách này khiến mình có cảm giác kể cả khi cận kề cái chết, con người ta đều phải chạy đua. Khi mạnh khỏe và minh mẫn, con người ta chạy theo những ước mơ, hoài bão cá nhân và những mục tiêu buộc phải hoàn thành, những ước mơ này chỉ có lớn lên, dài ra và đặc biệt là cần nhiều thời gian để thực hiện hơn bao giờ hết. Cho đến một ngày đẹp trời, mọi thứ dừng lại. Đồng hồ thời gian thì vẫn quay cuồng còn đồng hồ của bạn thì bỗng chốc có hạn mức sử dụng và có thể ngừng bất cứ lúc nào!!! Lúc này, khi bạn biết quỹ thời gian của bạn có hạn, bạn bắt đầu sắp xếp và nhận ra mọi thứ đều quá sức và bạn buộc phải lựa chọn. Thứ quan trọng nhất trước giờ là công việc, bây giờ trở thành một gánh nặng, thứ giản dị nhất là gia đình, là thứ quan trọng nhất...",4,2018-09-07 15:32:50,750578,750581
6019924,"Về hình thức nói chung ok, giấy chất lượng tb, sách mới. Về nội dung là tâm sự, là khao khát sống mãnh liệt. Người đàn ông ấy, qua bao vất vả để với đỉnh vinh quang, tưởng chừng sắp có tất cả nhưng mọi thứ vụt tắt hoàn toàn,... trân trọng tất cả mọi thứ hiện tại, sống trọn từng khoảnh khắc. Nên đọc",4,2018-08-29 20:34:39,750578,750581
7021554,"Tiki vui lòng đổi đơn hàng khác cho mình, mình nhận sách bị thiếu từ trang đầu tiên phần Lời bạt đến hết như hình, tổng cộng trên dưới 30 trang sách. Sđt: ***",2,2019-08-13 09:57:52,750578,750581
7599177,,4,2024-02-28 08:15:35,750578,750581
99734,"Giấy in sách hơi tệ, cảm giác ko sạch sẽ khó chịu lắm . Nội dung khá tốt . Nhờ tiki góp ý nhà xuất bản về việc giấy in sách. Đây là cuốn đầu tiên mình mua ở tiki mà than phiền chuyện giấy này .",3,2018-11-08 08:48:56,750578,750581
585179,"Sách mới nhận thì hình thức đẹp, đọc tới trang 54, 55 thì bị sút ra như hình, chất lượng tệ quá",1,2019-08-24 13:59:41,750578,750581
12918582,Nội dung sách ổn lắm ạ nhưng mà trang sách có lỗi như này. Đọc rất khó chịu. Yêu cầu tiki xem xét lại,2,2019-07-19 14:03:36,750578,750581
14099584,"sách hơi cũ,, lại bị dập với hơi dơ nma giá cả ok nội dùng hay lắm ạ",4,2021-05-05 19:33:42,750578,750581
1622518,"Lần này thấy thất vọng về khâu kiểm hàng tiki. Sách đóng bị lỗi trang, mất 17 trang bị lặp!",1,2019-09-06 21:48:47,750578,750581
18173089,"Sảm phẩm chắc chắn sẽ hay rồi, cơ mà anh shiper đầu tiên chán quá, đến anh thứ 2 thấy anh khá vui vẻ nên cho 3 sao, sp lần này ko được bọc nhưng vẫn rất đẹp",3,2020-09-11 15:54:01,750578,750581
465492,"Khi người ta đối diện với cái chết, đặt biệt là cái chết đã được báo trước thì lại càng đáng sợ hơn nữa. Tác giả dưới góc nhìn của một người bệnh phải đối diện với cái chết, một bác sĩ đã quá quen với việc thông báo cái chết để nhìn nhận cuộc sống, thời gian còn lại qua hai lăng kính vừa rất quen vừa khác biệt. Chương cuối qua lời kể của người vợ rất xúc động.",4,2018-04-30 20:36:50,750578,750581
16242476,Chưa đọc nhưng về dvu của tiki mình thấy ổn dù ko có bookcare. Chỉ hơi bị móp một xíu ở góc thôi ko ảnh hưởng lắm ncl hài lòng!,4,,750578,750581
586981,"Mọi thứ đúng là sẽ trở thành cát bụi. Một cuốn sách đáng có trong tủ, chất lượng dịch thì khó tránh, rất nhiều sách đều mắc lỗi dịch, chỉ nên thấm tinh thần cuốn sách. Tiki lúc nào giao hàng cũng nhanh và đóng gói cẩn thận",4,2018-01-06 22:53:16,750578,750581
865906,"Nếu bạn thích thể loại sách suy ngẫm và mang tính triết lý nhiều hơn thì đây là cuốn sách dành cho bạn! Bạn sẽ thấy nhiều thuật ngữ chuyên ngành giải phẫu học thần kinh và những triết lý có phần hơi trừu tượng ở tác phẩm này. Tuy nhiên, tác giả lại mang đến cho bạn cảm nhận mới mẻ và có phần lắng đọng về những trải nghiệm của chính anh, cũng như những thời khắc khiến bạn khó có thể quên được khi đọc quyển sách này. Nhin chung, sách có thể làm bạn hơi thấy chán ở phần đầu. Nhưng càng về sau càng xót xa cho số phận của vị bác sĩ trẻ tài năng phải chống chọi với căn bệnh quái ác!",3,2018-04-10 16:25:08,750578,750581
783786,"Nội dung rất hay và xúc động. Tuy nhiên phần dịch thuật không tốt, đôi chỗ đọc đến tận ba bốn lần vẫn không hiểu được. Có một câu mình không nhớ rõ nhưng đại ý là ""ánh trăng PHẢN XẠ xuống mặt nước"". Trong khung cảnh êm đềm yên tĩnh buổi đêm mà dịch là phản xạ thì thô quá. Bỏ qua những vấn đề đó thì đây là quyển sách rất đáng đọc.",4,,750578,750581
556441,"Tiếc rằng chắc phải mất thêm 1 vài lần đọc nữa tôi mới hiểu tường tận toàn bộ những gì tác giả viết. Song đây vẫn là một quyển tự truyện tuyệt vời. Một góc nhìn về sứ mệnh tìm ra mục đích sống của loài người, một góc nhìn đầy lạc quan về cuộc sống bệnh nhân nơi bệnh viện. Đây là cuốn sách thứ 2 khiến tôi cảm thấy xúc động.",4,2018-03-19 15:00:39,750578,750581
13456756,"Tiki giao hàng nhanh và sách đẹp nguyên vẹn, nhưng bị lỗi in 16 trang liền như hình. Thực sự rất ức chế vì sách hay.",2,2020-04-06 23:32:29,750578,750581
5451821,"Hơi bất ngờ trong hoàn cảnh khó khăn tác giả lung lay vào niềm tin vào ông Trời, và buồn cho tác giả khi cuộc đời không như là mơ...nhưng đọc thấy được ý nghĩa của những việc làm mình yêu thích, lúc khó khăn gia đình là chổ dựa cuối cùng, đỉnh cao của sự nghiệp không bằng tình cảm của gia đình",4,2018-03-08 10:55:57,750578,750581
403064,"Tôi đọc đầu sách khi tôi đang chăm mẹ chiến đấu với K *** giai đoạn 3. Dù biết và được động viên an ủi K *** có tỷ lệ thành công cao, hoang mang vẫn rất nhiều. Đọc cuốn tự truyện, tôi thấy được những cảm xúc của tôi, của mẹ, của gia đình đã trải. Rồi nhận ra, vui vẻ, bớt sân si, mọi chuyện sẽ hóa thinh không... Cảm ơn tác giả, cảm ơn tiki.",4,2018-03-08 10:15:55,750578,750581
6469698,sách chưa đọc đã thấy k có cảm tình. tiki đóng sách ntn mà để nó sức gáy sách mấy trang ngay từ lần đầu mở ra vậy. vô cùng thất vọng với 1 quyển sách hay mà bị như vậy. mong tiki làm tốt hơn. mình cũng thấy nhiều người bị như mình. sẽ ủng hộ tiki. nên tiki cũng nên làm hài lòng người dùng. cám ơn,1,2018-03-05 01:12:21,750578,750581
1351808,"Một tác phẩm mà chứa đựng nhiều ý nghĩa về sự đấu tranh giữa cái sống và cái chết, đặc biệt của những bệnh nhân ung thư cũng như chính tác giả. Bên cạnh đó, tác giả cũng cung cấp cho người đọc khá nhiều kiến thức về y học rất bổ ích. Có đôi chỗ phần đầu mình không thích lắm nhưng phần cuối lai kiến mình rất cảm động.",4,2018-03-05 11:17:35,750578,750581
874014,"Quyển sách không quá cầu kỳ, không quá nặng nề, là một câu chuyện dài về tác giả về một bác sỹ và rồi là một bệnh nhân. Cảm xúc khi đọc xong thực sự rất lạ, bạn sẽ phải tự hỏi rằng thời gian là gì? thời gian của bạn có thực sự nhiều đến vậy, bạn sẽ phần nào hiểu về cảm xúc của các bệnh nhân, khi mà định nghĩa thời gian với họ như một món quà vô giá, hay cái cảm xúc mà sự tồn tại của một người chỉ là và phút ngắn ngủi, vài phút cho cả một quãng đời, nghe thật mỉa mai nhưng cuộc sống là thứ tàn nhẫn và khắc nghiệt như vậy. Thời gian của mỗi người là khác nhau và thời gian cho chính mình là bao nhiêu? có lẽ chính mình cũng không thể biết được.",4,2018-03-01 12:54:02,750578,750581
37593,"Thực sự tác phẩm khiến mình xúc động với tư cách của một sinh viên y khoa đang chuẩn bị ra trường khi con đương trở thành bác sĩ của anh có nhiều điểm tương đồng về mạnh cảm xúc với mình. Những đoạn chia sẻ về cả suy nghĩ lẫn trách nhiệm của anh chân thực tới mức mình nghĩ rất nhiều nhân viên y tế sẽ tự thấy mình trong đó. Tác phẩm thực sự khiến mình cảm thấy nên trân trọng nhiều hơn cái thực tại này. Tuy vậy, cũng với tư cách một sinh viên y, bản dịch này có rất nhiều lỗi mà mình nghĩ là khó chấp nhận được và mình thẳng tay trừ 2 sao vì nó làm nhiều đoạn trở nên cực kỳ khó hiểu và không chính xác nữa. May mắn mình là sinh viên y khoa nên mình đoán được ý nghĩa chính xác của từ ngữ, vậy còn người bình thường thì sao? Khá thất vọng. Chất lượng giấy, chất lượng in và bìa đóng tốt là điểm đáng khen.",3,2018-02-16 21:03:50,750578,750581
308435,"Về hình thức, mình rất thích bìa cuốn này, nhìn rất hiện đại và thể hiện nội dung chính của cuốn sách. Tiki giao hàng nhanh. Tuy nhiên, giấy hơi mỏng. Về nội dung, mình ấn tượng nhất với phần kể về quá trình trưởng thành của nhân vật chính, với cách anh này lựa chọn con người mình muốn trở thành và cuối cùng lựa chọn trở thành một bác sỹ. Phần viết về thời gian anh này điều trị và vượt qua những nỗi đau do căn bệnh ung thư gây ra thì lại không gây ấn tượng cho mình lắm.",4,2018-02-07 20:55:26,750578,750581
82137,Đọc xong quyển sách này khiến cho mình thấy được việc hằng ngày được sống khỏe mạnh bên gia đình thật đáng quý biết bao. Cảm ơn tác giả đã viết ra quyển sách này để mọi ng có thể nhận thấy và trân trọng cuộc sống mình đang có!,4,2018-10-31 21:46:48,750578,750581
283118,Giao hàng ok nhưng mà nội dung sách mình cố gắng để đọc hết cuốn sách. Chắc mình không hợp với giọng văn với cả cũng thiên về bệnh lý khá nhiều,3,2020-08-27 02:11:56,750578,750581
1451033,"Tiki giao hàng nhanh, sách nội dung rất hay. Tuy nhiên một vài trang bị lỗi cắt chưa hết.",4,2019-07-17 10:59:24,750578,750581
16847213,"Nội dung chưa đọc nên chưa thể nói được gì, hình thức đóng gói đẹp giấy đẹp tuy nhiên phải hạ sao bởi vì giao hàng bên Tiki thái độ làm cha làm mẹ của thiên hạ",4,2020-04-03 10:58:03,750578,750581
11992154,,4,2023-08-15 12:59:49,750578,750581
1053146,"Lần này Tiki giao hàng siêu nhanh. Mình đặt từ chiều chủ nhật mà sáng thứ 2 đã có rồi. Sách đẹp, yêu từ tiêu đề tới nội dung. Tuy nhiên chất lượng giấy chưa được tốt lắm vì đã giảm 40% r mà",4,2018-05-14 22:55:58,750578,750581
6324002,"Giao hàng nhanh, đóng gói cẩn thận. Chất lượng sách ok, chỉ chưa ưng lắm về chất lượng giấy in sách, nếu giấy trắng và dai hơn một chút nữa thì sẽ hoàn hảo, nội dung sách thì mình chưa đọc nên chưa dám đánh giá vì mới nhận được sách sáng nay.",4,2018-07-16 22:29:50,750578,750581
670843,Bản thân mình thì thấy sách không hay. Không thu hút và đọc thấy rất chán và ngôn từ cảm nhận khá tiêu cực. Không hiểu sao lại nổi tiếng. Chắc do tựa đề nhìn khá cuốn hút và PR tốt chăng? Mặt khác muốn cám ơn Tiki vì lúc nào cũng giao hàng nhanh và đóng gói cẩn thận.,2,2018-02-06 11:08:03,750578,750581
9807147,"Cảm giác sung sướng cầm trên tay quyển sách không được bao lâu, lật lật vài trang lại có một trang bị rớt ra như thế này. Xót",1,2019-10-27 16:48:07,750578,750581
29282632,,4,2023-08-09 09:01:33,750578,750581
1241943,Tác giả có cái nhìn sâu sắc trong lĩnh vực y khoa cũng như đời sống. Những chia sẻ của một người luôn ý thức được cái chết đang gần kề qua mỗi hơi thở rất đáng trân trọng,4,2019-12-04 15:12:16,750578,750581
1016944,mới nhận sách mh thật sự thất vọng về cách đóng gói của tiki.,3,2021-01-06 12:12:56,750578,750581
414530,"Về phần bìa thì nhìn khá đẹp, chất bìa và giấy tốt. Về phần nội dung theo cá nhân mình thấy hơi lan man, từ ngữ có chút khó hiểu nếu không tập trung, dù nó thể hiện được những kiến thức văn học và y khoa của tác giả. Nhiều đoạn mô tả góc nhìn rất ""thực"" của tác giả, đôi chỗ còn có chất trần trụi nữa, đây là điểm mình thích trong văn phong của ông và người dịch. Nhìn bao quát thì tác giả có thể mang đến cho người đọc cái nhìn mới về cái chết, người ta có thể nhìn thấy được sự nỗ lực và niềm tin của ông. Cuốn sách này có thể tạo được động lực và truyền cảm hứng cho mọi người. Cuối cùng thì ý nghĩa của quyển sách này đã góp phần làm nó trở nên đáng đọc hơn, đó là khi cận kề cái chết, con người ta mới nhận ra được những giá trị trong cuộc sống.",3,2017-12-01 20:55:36,750578,750581
9999269,"Mua nhiều sản phẩm của Tiki rồi, nhưng lần này ngoài giao hàng quá lâu thì chất lượng sách tệ. Nhận hộp hàng thì ọp ẹp dẫn đến gáy sách và mặt bìa bị trầy.",2,2020-03-13 11:00:15,750578,750581
5891639,"Paul theo đuổi lý tưởng sống của anh, anh đã thành công nhưng anh đã quá gắng sức, quá lao lực để đạt được mục tiêu để rồi ra đi khi còn quá trẻ. Ung thư thường được cho là do di truyền, do môi trường sống nhưng lối sống mới là nhân tố quyết định tất cả. Paul đã không giữ gìn sức khỏe cho mình. Anh chết !?",4,2017-11-10 00:17:05,750578,750581
125182,"Tuy rằng giao hàng chậm mất 20 phút so với thời gian ghi trong ***, nhưng điều đó không khiến mình thấy bất mãn với Tiki, mà ngược lại còn thấy ấn tượng về tốc độ giao hàng hơn. Về quyển sách, cá nhân mình thấy sản phẩm này khiến mình ấn tượng đến mức ám ảnh, mình không muốn nói sâu về nội dung, chỉ là mình muốn nhắn nhủ với các bạn một điều là thông điệp của tác giả sẽ còn khiến người đọc nhớ mãi không thôi!!!",4,2017-11-08 01:53:28,750578,750581
627276,"ranh giới của 1 cuộc sống hoàn hảo và cái chết rất gần nhau, cuốn sách cho ta rất nhiều trải nghiệm cũng như tâm tư của 1 người đang đứng trước cái chết kề cận, để ta thêm yêu thương, quý mến cuộc sống cũng như sức khỏe của mình hơn. sách hay, đáng cho ta suy ngẫm, tuy rằng khúc đầu còn hơi dài dòng, và những thuật ngữ chuyên nghành y học còn hơi làm mình khó hiểu.",4,2017-10-24 08:22:22,750578,750581
1669220,"Nghe nói nội dung có thể đổ nước mắt. Ngoại hình sách đẹp, lướt sơ qua k bị lỗi chính tả",3,2020-03-11 20:24:36,750578,750581
208878,"Sách bị dính keo tùm lum lên bìa, bị tróc ở gáy sách. Sách để trong hộp cũng không có xốp hay chống sốc gì hết làm sách của mình bị nhàu góc. Tiki nên xem lại cách bọc hàng",2,,750578,750581
5757121,"Mình đã đọc cuốn sách này một lần, vì quá thích những cảm xúc mà nó đem lại, mình quyết định đặt mua một cuốn. Tiki giao sách rất nhanh, mình sẽ rất hài lòng nếu như sách không bị lỗi. Trừ 1 sao vậy :D",4,2017-11-07 18:14:55,750578,750581
293894,"Bản dịch tệ, nhiều đoạn google dịch lộ liễu, vẫn còn lỗi chính tả dù đây là bản tái bản. Sách đẹp, giao hàng nhanh.",2,2020-10-21 22:04:02,750578,750581
5485567,"Sách cung cấp cho chúng ta một cái nhìn sâu hơn về nghề bác sĩ, mà đặc biệt là bác sĩ phẫu thuật thần kinh, về những khó khăn trên con đường trở thành một ""vị cứu tinh"" và cả những trăn trở về ý nghĩa của cuộc sống, của cái chết. Vì luôn bị ám ảnh bởi những suy nghĩ về ý nghĩa cuộc sống như vậy cộng thêm văn phong có phần màu mè của một bác sĩ đã từng học chuyên ngành văn học, nên xuyên suốt trong tác phẩm ta thường gặp phải những dòng suy nghĩ, liên tưởng, chiêm nghiệm khá là trừu tượng, đôi lúc khó hiểu. Có lẽ không phải ai cũng hiểu hết được tất cả những gì mà tác giả muốn nói chỉ qua 1 lần đọc.",4,2017-08-29 23:11:41,750578,750581
1704113,"Một câu truyện rất hay về việc đối mặt với cái chết, Paul vẫn sống hết mình cho dù mình không nhiều thời gian. Hy vọng Khi hơi thở hóa thinh không sẽ là một món quà tuyệt vời để Cady luôn thấy cha mình luôn hiện hữa và đáng tự hào. Cảm nhận của mình là sách dịch chưa được trau chuốt lắm, lỗi chính tả làm cho mình bị dị ứng, sách in trên nền giấy trắng mình cũng không thích lắm.",4,2017-08-25 08:14:14,750578,750581
663082,"Một cuốn sách hay và cảm động về cuộc đời của kalanithi đứng trước căn bệnh ung thư ở tuổi đời còn quá trẻ. Tôi ít khi rơi nước mắt, nhưng cuốn sách này đã làm tôi khóc. ""Khi còn sống ai cũng như nhau, t nhưng có những cái chết đau đớn hơn tất cả"" - Bill Gate ông đã nhận định như thế. Bill Gates tiếp lời: ""Tôi không biết bằng cách nào mà Kalanithi đã có sức mạnh để viết nên cuốn sách này khi sức khoẻ cậu ta rất yếu. Thế nhưng, tôi mừng vì cậu ta đã làm được. Suốt cả cuộc đời, Kalanithi đã cống hiến cho y tế, khoa học cùng việc viết sách. Đọc cuốn hồi kí kia, tôi mừng vì được chứng kiến một phần nhỏ câu chuyện đời của Kalanithi"". Cảm ơn đã cho tôi biết nên trân trọng cuộc sống!",4,2017-08-10 13:25:32,750578,750581
146784,"Truyện viết về suy nghĩ của BS Paul, một bs ngoại thần kinh về ý nghĩ cuộc đời, ý nghĩ của sự sống và cái chết cũng như là những gì anh đã trải qua mà căn bệnh ung thư phổi di căn mang đến. Anh đã nhìn bản thân dưới 2 vai trò, vừa là bác sĩ, vừa là bệnh nhân. Và anh đã chiến đấu 1 cách mạnh mẽ. Nhưng chắc đoạn hay nhất chính là đoạn cuối do vợ anh viết. Rất hay và cảm động. Mình nghĩ có lẽ bản dịch chưa thật sự thành công lắm. Nhưng đây chỉ là ý kiến riêng.",4,2017-08-12 13:31:25,750578,750581
5376522,"Về nội dung, sự sống và cái chết mà vị bác sĩ trải qua đem lại một trải nghiệm thật đặc biệt. Sự sống khiến cho cái chết trở nên ý nghĩa và cái chết làm cho cuộc đời thật đáng sống. Về hình thức, sách trình bày bìa đẹp, chất lượng giấy tốt.",4,2017-12-28 06:54:52,750578,750581
5746330,"Rất đáng để đọc, nhất là với các bạn dân Y : "" Bạn sẽ không bao giờ có thể đạt được sự hoàn hảo, nhưng bạn có thể tin vào đường tiệm cận của những gì mình không ngừng vươn tới"" ( Paul Kalanithi)",4,2017-10-13 20:11:13,750578,750581
11841084,sách quá tệ mới mua đã bị bung keo hết . cảm thấy thất vọng,1,2019-07-12 14:33:31,750578,750581
11004189,"Giao hàng sớm Không hiểu sao có rất nhiều trang sách bị rơi , cảm thấy không được thoải mái !",1,2020-01-16 12:53:16,750578,750581
25639081,,4,2021-12-22 21:29:30,750578,750581
18163002,"Góc sách hơi bẩn chút, nh nhìn chung mới, đẹp, giao hành nhanh",4,2020-10-08 21:23:51,750578,750581
10004634,,4,2023-03-03 01:15:33,750578,750581
476742,"CHƯA ĐỌC NỘI Dung nhưng chất lượng sách thì okie~ giao hàng cực nhanh: order chiều qua, sáng nay nhận được. :p",4,2020-12-17 14:46:19,750578,750581
5193275,"cuốn sách giúp mình cảm nhận được những góc khuất của ngành y, của những bác sĩ khi đối mặt vs cái chết của bệnh nhân, mình nghĩ là đáng để đọc và tìm hiểu",4,2019-10-17 14:21:23,750578,750581
18817051,"Giao lâu, sách nhìn k đc mơi, quăn góc",3,2022-06-07 20:58:55,750578,750581
11482610,"Tự truyện về một bác sĩ từ khi đi học, đi làm đến khi mắc ung thư phổi. Tiki giao hàng nhanh, 4 sao cho tiki, truyện thì bình thường.",1,2020-06-22 19:15:20,750578,750581
26735444,,4,2023-02-01 21:34:24,750578,750581
2109042,Kiện hàng bị ướt và làm ẩm vào sách. Mong tiki cẩn thận hơn khi giao hàng nhé.,3,2020-04-18 11:55:25,750578,750581
906264,"Sách đảm bảo nội dung, không có lỗi chính tả. Tuy nhiên, vài trang trong sách in mực lem qua trang sau gây khó đọc.",3,2018-06-06 08:07:39,750578,750581
5104996,"Sắp xếp từ trong câu không thuần việc, vẫn theo kiểu dịch word by word, mạch văn không trôi chảy, khó hiểu ý của câu. Cần nâng cao chất lượng dịch bài",1,2019-12-23 12:14:20,750578,750581
8479266,Đến thời điểm hiện tại tôi đã đọc được nửa cuốn sách. Ấn tượng nhợt nhạt. Hành trình chống chọi với bệnh tật thì chỉ mới bắt đầu vài trang. Tôi đã kì vọng nhiều hơn ở cuốn sách này!,3,2018-12-13 14:12:23,750578,750581
14000569,"Đối với bất cứ mọt sách nago thì với tình trạng trên thì chỉ 1 chữ thôi ""xót""......",4,2020-02-11 11:12:49,750578,750581
14587471,quá tệ cách đóng gói của shop mua 10 quyển mà giao cái hộp to chà bá làm hư mấy góc sách quá chán cách làm việc của shop k có gì bọc cẩn thận cả.1 sao cho shop,1,2019-10-25 20:00:35,750578,750581
18273644,"mua 4 quyển lận, nhưng quyển này kh đc bọc, vẫn đẹp nha",4,2020-09-04 10:10:17,750578,750581
519636,"Chất lượng sách tệ (mình ko đề cập nội dung), sách mới mở ra đã bị bong hết bìa ra khỏi thân sách, mở vài trang là cuốn sách bị tách làm 2 mảnh. Đang cố dùng keo để dán lại",1,2019-05-17 20:15:00,750578,750581
503836,"Nội dung dịch hơi thất bại khi chuyển ngữ cảnh từ y tế nước ngoài sang Việt Nam. Đọc ko thể liên hệ được tới bản thân hay môi trường, dẫn đến rất dễ chán.",4,2019-08-18 22:22:00,750578,750581
2091344,Sách hay nhưng bị lỗi trong đóng tập. Sắp xếp trang nhầm lẫn. Có lẽ khâu kiểm soát chất lượng quá tệ,3,2019-08-29 22:22:21,750578,750581
453106,Mình nghĩ cuốn sách này sẽ giúp cho các bạn có thêm dũng cảm đương đầu với những khó khăn trong cuộc sống vì người ta còn có thể hy vọng về tương lai thì mắc gì mà mình buôn bỏ.,4,2019-03-27 11:53:21,750578,750581
17822698,"sách mua tặng mà nhận hàng mở ra xem chán ghê. Dơ một mảng, gáy sách bị tróc một ít",3,2021-03-30 17:28:15,750578,750581
19523592,,4,2022-12-15 19:15:39,750578,750581
5261633,"Chán ghê cơ nhìn cái gáy sách gãy xong vặn vẹo mà buồn, sách cũng có rẻ rúng gì đâu :((",2,,750578,750581
5784791,"Tôi đặt tiki để làm quà tặng cho e gái. Nhưng không hài lòng như trước đây các cuốn sách tôi mua tại Tiki đều rất mới và đc bọc nilong. Còn lần nay sách không đc mới, chả còn cả bọc nilong nũa.",2,2018-12-03 17:18:50,750578,750581
196734,"tôi cũng không biết điều gì là quan trọng nhất, nhưng tôi đã rơi nước mắt, khi bác sĩ Paul nói ""đã sẵn sàng"" - sẵn sàng từ bỏ sự hỗ trợ y tế để từ từ cảm nhận cái chết, đó có lẽ cũng là một cái quyền của mỗi con người.",4,2018-02-22 10:25:15,750578,750581
5997956,sách bị trầy khá nặng mình mua 5 cuốn mà đến 4 cuốn là bị trầy r,3,,750578,750581
792647,"Nội dung về cuộc đời của vị bác sĩ, rất nhân văn, giàu cảm xúc, tình yêu thương và trân trọng sự sống. Sách không quá dày nên đọc nhanh, không tốn nhiều thời gian. Nên đọc, nhất là với những người chai lỳ cảm xúc.",4,2018-05-10 16:58:05,750578,750581
16221696,"sản phẩm tuy không được bọc kĩ càng cũng như bị dính bẩn 1 số chỗ nhưng hài lòng vì chất lượng trang sách tốt, nội dung tuyệt hay.",4,2020-02-12 16:44:33,750578,750581
696764,"Sách hay nhưng đối với riêng tôi, nó lại ko lôi cuốn lắm.",4,2018-01-03 17:26:53,750578,750581
28296963,,4,2022-10-26 16:23:27,750578,750581
13940097,đây là 1 cuốn nhật kí của 1 bs chuyên khoa thần kinh ghi lại cuộc đời ngắn ngủi nhưng cống hiến hết mình vì công việc của ông.,4,2020-03-05 10:21:24,750578,750581
357955,"Chưa đọc sách tuy nhiên ko hài lòng về bookcare cho lắm. Gần đây mua 3 cuốn thì 2 cuốn bookcare bị lỗi, phải lấy băng dính để dính lại",3,2020-01-29 10:19:41,750578,750581
1484620,"Sách hay, rất đáng để đọc. Mọi người hãy đọc và cảm nhận năng lượng tích cự của sự lạc quan nhé.",4,2020-08-16 14:27:00,750578,750581
2125789,"- Nội dung hay, làm cho mình càng trân trọng từng giây phút cuộc sống. - Chất lượng sách: giấy vàng đẹp, sách nhẹ, nhưng chất lượng in không tốt, chữ nhạt, khi đọc phải điều tiết mắt nhiều.",4,2018-10-31 09:43:31,750578,750581
7877467,"Sách đẹp, tuy nhiên giao hàng hơi chậm",4,2022-01-02 16:01:43,750578,750581
148659,"Sách bị lấm bẩn ở một trong những trang đầu và phần đối diện với gáy sách. Vì tác giả phải chạy đua với thời gian nên không có thời gian sắp xếp lại suy nghĩ thật cẩn thận. Tuy nghiên đọc cũng được, cũng biết được nhiều thứ.",3,2017-11-15 04:47:37,750578,750581
11291197,"Gáy sách xấu, đọc nội dung theo cảm nhận của mình mới đọc đc hơn chục trang thấy tự truyện không quá hay",4,2020-07-05 15:52:36,750578,750581
67664,"Mình đọc nhiều nhận xét, một số bạn kêu hay, nhưng mình đọc đến 1/2 quyển sách những chưa cảm nhận được cái hay của quyển sách này. Sách có nhiều thuật ngữ trong phẫu thuật y khoa nên đọc cũng hơi nhạt, khó hiểu...",2,2018-02-22 16:25:54,750578,750581
1106745,"Phần đầu sách đọc cũng bình thường, tuy nhiên càng về cuối càng hay.",4,2021-03-24 13:37:29,750578,750581
1565461,"Cuốn sách này không quá hấp dẫn đối với mình, nhưng nó cho mình một cái nhìn rất khác về ngành y, về các bác sĩ.",4,2020-04-05 15:17:03,750578,750581
1534212,"Chất liệu sách tạm ổn, nội dung đôi chỗ nghiêng về lí thuyết nhiều nên mình có phần không hiểu. Tính nhân văn cao, câu chuyện ý nghĩa, đáng đọc. Tuy nhiên vì kì vọng hơi nhiều vào sách nên mình cũng thất vọng nhiều.",4,2018-02-19 10:25:59,750578,750581
230491,"Sách được gói cẩn thận, sách đẹp giấy tốt. Nội dung và tốc độ giao hàng khỏi phải bàn",4,2019-06-28 18:54:17,750578,750581
8199964,"Quyển sách mình đọc xong chưa hết ám ảnh, không phải vì nội dung không hay mà quá chân thực, chưa dám đọc lại một lần nữa.",4,2020-01-06 15:39:59,750578,750581
11000339,,4,2022-07-26 11:17:12,750578,750581
900566,"Sách hay, giao hàng nhanh 5 sao cho nội dung. Nhưng trang sách bị rơi ra thật sự quá chán...",3,2019-08-25 20:09:48,750578,750581
14172809,"Việc đóng gờ sách rất ẩu , k thể chấp nhận được , cầm sách nhưng bung hrets cả máy trang giấy , tn thì làm sao có lần tiếp theo mua sách",1,2019-10-06 19:01:14,750578,750581
7267589,"cảm ơn tiki. tiki giao hàng rất nhanh đóng gói cẩn thận. sách rất đẹp về nội dung của sách thì khỏi nói rồi , rất hay và cảm động?",4,2018-08-10 10:06:24,750578,750581
17074406,Hay,4,2022-06-24 07:32:07,750578,750581
479276,"Màu sách quá nhạt, không giống như trong ảnh hay sách ngoài thực tế ở nhà sách. Nhận được sách cảm thấy hơi thất vọng. Nội dung ổn.",3,2019-10-09 23:59:06,750578,750581
431908,"Nội dung quyển sách là những chân tình của một ác sĩ sắp mất vì bệnh. Xúc động với hoàn cảnh, nhân sinh quan là điểm hay trong quyển sách này. Tuy nhiên quyển sách chưa thực sự sâu sắc, viết còn lan man, phụ chú nhiều khá rối rắm.",3,2017-10-09 18:50:29,750578,750581
6610547,"mình mới mua sách được vài ngày là bị tróc giấy ra rồi , cho 3 sao vì nội dung hay.",3,2019-08-20 16:12:27,750578,750581
6890154,rất không hài lòng. Tiki bán sách mới cho KH mà vừa mở ra đã thấy rách bìa với bám bẩn. Không biết bán sách cũ hay sách mới cho KH nữa.,1,,750578,750581
755783,Khá ổn.,4,2021-02-06 19:45:08,750578,750581
21749477,sản phẩm chất lượng,4,2021-12-27 14:23:36,750578,750581
23642,"Không nghi ngờ gì nữa, đây là một quyển sách hay và đầy ý nghĩa nhân văn. Tuy nhiên điều đáng tiếc nhất, tôi nghĩ là bản dịch này đã không thực sự được trau chuốt. Hi vọng sẽ có một nhà xuất bản khác làm lại quyển sách này.",3,2017-08-12 17:14:58,750578,750581
1549268,"Chất lượng dịch trung bình, nhiều câu đọc rất khó. Sách Omega cần cải thiện khâu dịch thuật rất nhiều.",3,2020-03-28 10:54:51,750578,750581
10107086,trang sách bị rời ra và từ trang 96 sang trang tiếp theo là trang 112..buồn vô cùng :((,1,2019-06-29 16:11:28,750578,750581
22381539,sách bụi,4,2022-02-20 19:01:47,750578,750581
806404,"Nội dung cuốn này rất hay, nhân văn. Nhưng mình khá khó chịu khi sách có lỗi sai chính tả khá nhiều. Đây là một cuốn sách đáng đọc để biết trân trọng cuộc sống này nhiều hơn",4,2018-08-30 09:58:57,750578,750581
5349234,Bản dịch khá là khô khan :(( Thực sự hơi tiếc cho 1 cuốn sách hay như vậy. Mong là sẽ có 1 NXB dịch lại cuốn sách này :(( p.s: Nói vậy thôi chứ mọi người nên mua đi nhé =..= Dẹp vụ dịch đi thì sách ý nghĩa và hay lắm nhé.,4,2017-10-07 16:24:17,750578,750581
13754823,Sách bị gãy ở phần bìa,1,2020-07-27 11:30:18,750578,750581
2090236,"Về hình thức sách đẹp, giấy đẹp. Về nội dung tổng quát thì rất hay và cảm động, tuy nhiên còn một số đoạn mình đọc vẫn không hiểu...hình như dịch giả có đoạn đọc hơi lủng củng...",3,2018-04-12 19:45:29,750578,750581
5915964,,4,2021-01-06 12:34:50,750578,750581
12717302,,4,2022-03-08 00:24:28,750578,750581
8571050,"Một số trang bịn dính với nhau, phần keo ở gáy sách cũng khổng được thẩm mĩ cho lắm, trang cuối có vết bẩn.",3,,750578,750581
26686561,,4,2022-03-04 20:45:26,750578,750581
263531,.,4,2022-02-21 07:46:25,750578,750581
2239806,"Sách hay, cuộc đời tác giả kể từ góc nhìn của bác sỉ và khi trở thành bệnh nhân ung thư",4,2020-04-23 11:13:45,750578,750581
7861741,.,4,2022-02-18 11:55:25,750578,750581
1123481,"Tiki giao hàng rất nhanh.Truyện có nhiều từ ngữ chuyên ngành nên cần tìm hiểu một chút.Bác sĩ trong truyện không chỉ chữa bệnh về thể xác mà còn chữa trị cho tâm hồn bệnh nhân nữa,rất đáng khâm phục.",4,2018-01-01 00:23:14,750578,750581
12924938,ok,4,2022-02-10 20:30:25,750578,750581
26523464,,4,2022-02-20 18:21:35,750578,750581
541714,mình đã mong cuốn sách này hay hơn. cố đọc đến những trang cuối mới thấy hay và cảm động. tuy nhiên phải kiện trì lắm mới đọc đến cuối cuốn sách được vì phần dịch khá khó hiểu và thiếu cuốn hút,3,2017-11-22 19:58:51,750578,750581
21618513,Sách đẹp,4,2021-12-01 09:51:53,750578,750581
5741011,Giao hàng nhanh hơn thời gian dự kiến và không hư hại gì. Nhưng có một điểm trừ là sách k đc bọc ni lông ngoài nhìn không chuyên nghiệp cho lắm.,4,2019-03-14 12:20:40,750578,750581
10023755,Nhận hàng như website nhé. Sách hay,4,2020-03-21 13:00:41,750578,750581
8389592,không được như mong đợi,3,2021-07-02 16:11:04,750578,750581
7586071,,4,2022-01-17 09:38:53,750578,750581
21269582,cách gói sản phẩm không mấy hài lòng,4,2021-04-16 12:12:47,750578,750581
16162377,,4,2022-01-11 15:05:58,750578,750581
13359278,,4,2022-01-08 13:01:51,750578,750581
1394617,"Thấy mọi người nói nhiều nên mình cũng kỳ vọng lắm. Vì mình không học y nên phần nửa đầu nói về chuyên môn không đọng lại mấy, có nhiều chỗ quá dài làm mình nản vì khó hiểu quá.",4,2018-03-17 21:47:52,750578,750581
10634109,Mình mua sách tiki rất nhiều nhưng lần này thất vọng ... Sách bị ố 1 gốc :) bìa phía sau thì dính những vết xướt :),2,2019-08-30 18:42:07,750578,750581
156863,"Sách giao ngoài giờ làm việc nên hơi bất tiện, dạo này tiki đóng sách ko được như trước, sách bị dơ quá, bụi dính đen giấy, cong gốc.Về sách vừa mới nhận nên chưa review được.",3,,750578,750581
1008369,Cuốn sách cho ta thấy được diễn biến tâm trạng của một người bệnh từ chối bỏ đến chấp nhận. Tình yêu của họ đã dìu nhau vượt lên tất cả.,4,2018-12-08 09:16:23,750578,750581
18221110,,4,2020-10-10 12:05:06,750578,750581
11791864,"Nội dung bình thường, không quá lôi cuốn",3,2021-02-27 07:00:02,750578,750581
23716779,,4,2021-12-15 11:53:11,750578,750581
15399126,,4,2021-12-14 07:27:36,750578,750581
6367635,Mình cảm thấy cuốn sách là 1 câu chuyện của 1 bs...- nhưng mình k có thấy ấn tượng nhiều,3,2020-02-13 23:00:34,750578,750581
936683,"K có bookcare. Đóng gói sơ sài. Nhưng sách đẹp, chất lượng in tốt",4,2020-08-12 08:51:24,750578,750581
9642609,Tiki giao nhanh nhưng bìa in quyển sách bị in ngược,4,2019-09-24 11:50:13,750578,750581
19803298,,4,2021-11-18 10:43:54,750578,750581
6072578,Sách mua về chưa đọc đã bung ra mấy tờ yêu cầu nsx in ấn đóng sách có trách nhiệm xíu. tôi rất ko hài lòng.,1,,750578,750581
5731064,"Tiki giao hàng nhanh thật, cuốn sách rất tốt. Bao gói rất ổn. Về chất lượng cuốn sách thì quá tốt.",4,2019-10-28 18:33:53,750578,750581
2221512,Hộp mình nhận được không còn nguyên vẹn bị móp và rách trong quá trình vận chuyển. Nhân viên giao hàng cũng không chắc là của tiki.,3,2019-03-11 10:52:39,750578,750581
19628768,"Sách giao nhanh, bìa và sách mình thấy ổn",4,2021-01-07 11:45:50,750578,750581
1427185,"Mình thật sự không nghĩ là sách ở tiki mà có lỗi sai chính tả, mình mới đọc khoảng vài 3 chục trang đầu đã thấy 2-3 lỗi rồi, khá thất vọng. Mong tiki chú ý hơn về việc này! Nội dung thì hay!",3,2017-11-03 23:47:07,750578,750581
13856981,"Sách rất hay, ý nghĩa. Tiki giao hàng nhanh, anh giao hàng nhiệt tình. Luôn ủng hộ tiki",4,2020-02-27 16:20:02,750578,750581
65347,"Cách viết nhẹ nhàng, không quá bi lụy giống như tên của tác phẩm ""Khi hơi thở hóa thinh không""",4,2019-11-19 10:24:32,750578,750581
9657244,"Bìa sách có dính keo nến, còn sách nó hơi bị vệnh chút xíu Thâth sự là hơi buồn với tiki",3,2019-12-09 15:25:28,750578,750581
20244860,Thiếu miếng đánh dấu trang,4,2021-03-07 19:01:12,750578,750581
17423007,sách cong và k có bọc nylon,3,2021-03-13 09:38:09,750578,750581
1421786,"Mình thấy ko hay như kỳ vọng, truyện cũng khá xúc động",4,2020-07-26 19:01:50,750578,750581
6610523,sách hay nhưng đóng gói ko cẩn thận lắm. lần sau tiki chú ý nhé_-_,4,2019-02-18 13:36:27,750578,750581
1748238,,4,2021-08-08 07:07:45,750578,750581
6219002,Chưa đọc sách nhưng hài lòng về cách thức làm việc của TiKi. Mình mới đặt sách hôm qua mà hôm nay đã nhận được sách rồi!. Mùi sách rất thơm mình rất thích! Cám ơn TiKi nhé!,4,,750578,750581
7495236,"Mua cùng cuốn bài giảng cuối, thế giới như tôi thấy. Thất vọng",1,2020-03-20 07:42:45,750578,750581
8383056,Hay,4,2021-06-18 18:31:31,750578,750581
19163745,càn xem lại shipper nha tiki ạ!,1,2020-12-07 12:02:16,750578,750581
2094141,"Cá nhân mình nghĩ người dịch dịch chưa hay lắm. Có nhiều chỗ đọc đi đọc lại vẫn thấy rối mà không hiểu gì. Mỗi lần như vậy đâm nản, chả muốn đọc tiếp nữa.",3,2018-01-21 15:23:19,750578,750581
16240406,,4,2021-06-28 17:10:52,750578,750581
21415458,móp góc,4,2021-05-04 18:16:37,750578,750581
122991,,4,2021-06-08 19:56:54,750578,750581
6734023,,4,2021-06-08 12:46:28,750578,750581
11621940,Giao cả sách cũ lẫn sách mới. Một cuốn bị dính hết sáp nến vào gáy.,3,2019-10-11 11:18:33,750578,750581
431745,Tiki giao hàng nhanh. Sách thì cả hình thức lẫn nội dung mình đều hài lòng.,4,2018-09-11 21:54:48,750578,750581
5231764,"Sách thực sự truyền cảm hứng rất nhiều. Tiki giao hàng nhanh chóng, đóng gói cẩn thận.",4,2019-08-16 13:32:05,750578,750581
1362184,"Ndung hơi khó đọc, chắc m ko hợp thể loại này. Tiki giao hàng nhanh, bìa sách bị gãy và rách ở bìa sau nên m ko hài lòng lắm.",4,2018-11-16 17:27:08,750578,750581
8652368,sản phẩm tốt giao hàng nhanh. và nội dung thì tuyệt vời thanks tiki,4,2018-11-04 21:09:41,750578,750581
19642625,,4,2021-05-14 16:31:26,750578,750581
5423536,ưu điểm : dành cho những người trên 20 nhược điếm : đối với tuổi teen sách hơi khó cảm thụ,3,2019-05-20 20:49:59,750578,750581
11314345,nội dung hay nhưng chưa đủ lôi cuốn nhg vẫn nên mua thử để đọc,4,2020-01-06 20:52:23,750578,750581
59943,,4,2021-04-28 21:46:38,750578,750581
6841465,,4,2021-04-23 11:39:20,750578,750581
11907891,,4,2021-04-22 15:29:41,750578,750581
21280640,,4,2021-04-17 18:40:05,750578,750581
12383142,"Nên đọc để cân bằng cuộc sống, đời vô thường",3,2020-03-31 17:26:39,750578,750581
5960415,k có ni lông bọc sách hơi thất vọng,3,2020-07-18 23:21:34,750578,750581
1186405,,4,2021-04-11 15:10:57,750578,750581
10736686,"Nội dung sách khá là khó ngấm, chắc tại toàn thuật ngữ chuyên môn",3,2019-12-03 17:34:18,750578,750581
19173340,,4,2021-04-01 08:07:49,750578,750581
11086990,,4,2021-03-30 18:56:38,750578,750581
36629,Tiki không hề chú ý đến vấn đề hình thức cuốn sách. Nhận được 1 cuốn sách mới nhưng bong gáy sách như là 1 cuốn sách đã được sử dụng đến vài tháng rồi. Rất tệ!,1,2017-09-03 10:23:05,750578,750581
6830398,Sản phẩm dùng tốt. Nếu mua ưu đãi thì càng được hơn.,4,2020-02-01 13:26:43,750578,750581
9751184,khá OK,3,2021-02-03 14:24:43,750578,750581
15994130,,4,2021-03-15 10:08:04,750578,750581
12363223,Sách đẹp như quảng cáo,4,2020-09-18 12:51:07,750578,750581
16909601,Sách hay nhưng khi giao sách hơi bẩn ở phần bìa .,4,2020-03-26 12:54:05,750578,750581
6067477,,4,2021-03-11 08:30:27,750578,750581
18067693,,4,2021-03-09 19:36:25,750578,750581
5473509,"Sách ổn, nhưng nếu có bọc bóng kính, ni lông thì sẽ tốt hơn. Mình mua để tặng nên chưa đọc.",4,2018-01-18 12:54:17,750578,750581
8380,"sách khá là bình thường, có khi hơi chán đối với mình, sách viết lê thê về những công việc hàng ngày của vị bác sỹ, nhiều từ ngữ chuyên ngành không cần thiết.",3,2017-11-07 14:50:31,750578,750581
10978306,,4,2021-03-06 21:41:36,750578,750581
10352076,,4,2021-03-05 13:41:23,750578,750581
7318728,Sách hay nhưng mép sách khi giao đến thì bị mất hình dạng như ban đầu :_(,4,2018-07-01 21:41:16,750578,750581
19127991,,4,2021-03-03 11:15:05,750578,750581
1494461,,4,2021-03-03 07:36:52,750578,750581
5768560,"Mình hơi thất vọng với cuốn sách này. Có lẽ là chưa hợp duyên chăng? Phần đầu rất khô khan, lật ra phần cuối thấy khác hẳn ấy ạ",3,2018-05-30 19:43:01,750578,750581
6051856,"Một câu chuyện cảm động. Sự trăn trở về ý nghĩa của cuộc sống, về đam mê, và về cái chết. Đọc xong, hiểu hơn về bộ não người ?",4,2018-05-06 16:15:32,750578,750581
5212394,"Mình đã đọc sách này từ hai năm trước, và mình đã khóc vì nó.",4,2019-11-02 22:42:11,750578,750581
1053748,Thật sự mua cả năm và chưa có time đọc nữa,3,2020-03-23 13:36:26,750578,750581
10787236,,4,2021-02-19 13:15:05,750578,750581
6816602,sách ổn,4,2020-12-22 14:53:15,750578,750581
8946808,,4,2021-02-15 21:21:47,750578,750581
5931340,,4,2021-02-15 19:46:19,750578,750581
872123,,4,2021-02-15 17:45:43,750578,750581
18478864,,4,2021-02-12 20:07:18,750578,750581
20137587,,4,2021-02-05 06:55:28,750578,750581
9139900,,4,2021-02-03 19:47:09,750578,750581
6735106,,4,2021-02-03 15:22:02,750578,750581
5642306,"Sách đọc hay, nhìn bề ngoài đẹp nhưng một số chỗ bị lỗi, cong, rách giấy.",4,2018-04-28 23:49:20,750578,750581
20154030,,4,2021-02-02 14:50:29,750578,750581
19716784,,4,2021-02-02 11:01:12,750578,750581
618893,Mới nhận chưa đọc nhưng trang sách ko đẹp làm buồn quá!,3,,750578,750581
6889405,,4,2021-01-29 14:14:48,750578,750581
13202899,Mình chưa cảm được nội dung cuốn sách này,4,2020-03-11 17:18:58,750578,750581
105120,,4,2021-01-26 01:05:39,750578,750581
12960061,,4,2021-01-25 14:42:41,750578,750581
7365425,bìa xước và dính bẩn,3,2020-08-14 10:12:05,750578,750581
19277496,,3,2021-01-24 11:58:29,750578,750581
15129675,,4,2021-01-22 05:21:06,750578,750581
5936194,,4,2021-01-16 15:45:33,750578,750581
16855717,,3,2021-01-10 17:13:48,750578,750581
605806,"Nội dung tác phẩm hay nhưng tác giả dịch sai chính tả, câu văn lủn củn, ngắt khoảng không hợp lý; đọc tuột cảm xúc cực kì. Chắc hết dám đọc sách dịch",2,2017-11-03 01:16:43,750578,750581
18101389,,4,2021-01-07 23:26:51,750578,750581
868154,"Sản phẩm đẹp, hợp với giá tiền , giao hàng nhanh, đóng gói cẩn thận",4,2019-08-02 16:52:59,750578,750581
835062,,4,2021-01-04 22:30:53,750578,750581
5886406,,4,2021-01-03 17:58:47,750578,750581
5221241,mua 2 quyển thì quyển này không được bọc bị quăn trầy một số chỗ có thể do vận chuyển mong tiki đóng gói cẩn thận hơn,4,2018-07-06 20:21:23,750578,750581
5635896,,4,2021-01-02 11:26:14,750578,750581
1782203,,4,2020-12-31 08:44:59,750578,750581
2048498,"Tác phẩm hay, lôi cuốn. Chế độ đổi sản phẩm lỗi của Tiki khá tốt, sản phẩm của mình bị lỗi và được đổi sản phẩm mới.",4,2018-05-03 16:38:56,750578,750581
5249737,,3,2020-12-29 08:37:49,750578,750581
18805948,,4,2020-12-28 19:08:17,750578,750581
1333989,,3,2020-12-23 15:08:32,750578,750581
16747078,,4,2020-12-21 12:34:47,750578,750581
6784609,,4,2020-12-14 16:04:36,750578,750581
2037479,,4,2020-12-13 09:09:51,750578,750581
10695207,,4,2020-12-12 13:03:52,750578,750581
19048749,,3,2020-12-09 18:04:25,750578,750581
13995183,,4,2020-12-08 18:57:33,750578,750581
12256160,,3,2020-12-05 14:47:05,750578,750581
5905478,,4,2020-12-02 20:37:29,750578,750581
1240801,,4,2020-11-30 16:36:12,750578,750581
636167,,4,2020-11-29 20:41:57,750578,750581
19203842,,4,2020-11-25 12:37:19,750578,750581
9639747,,4,2020-11-23 15:39:12,750578,750581
409211,,4,2020-11-21 21:55:01,750578,750581
6759631,"Sách này mình không bọc bookcare lúc mua về mở ra thấy nhiều vết tay bẩn chắc là do lúc đóng gói, nhìn rất khó chịu",1,2018-07-12 16:57:27,750578,750581
18705578,,4,2020-11-16 10:31:22,750578,750581
1844270,,4,2020-11-16 02:25:52,750578,750581
18753607,,4,2020-11-10 22:25:05,750578,750581
10812372,,4,2020-11-10 21:55:38,750578,750581
13107528,,3,2020-10-28 14:36:41,750578,750581
13115137,,4,2020-10-22 14:24:22,750578,750581
7517007,,4,2020-10-19 11:06:29,750578,750581
13393091,Sách hay khá đẹp tuy nhiên TiKi nên đóng hộp cẩn thận hơn,4,2019-08-17 12:40:49,750578,750581
111699,,4,2020-10-15 22:31:01,750578,750581
462958,,4,2020-10-15 17:45:04,750578,750581
5762995,,4,2020-10-14 13:29:43,750578,750581
7157773,,4,2020-10-14 10:23:24,750578,750581
16097446,Giao hàng thực sự rất nhanh,4,2020-03-28 16:46:30,750578,750581
1084896,"Sách nội dung hay, rất thích. Tuy nhiên ngôn ngữ dịch chưa được trau chuốt, nên cũng nhiều phần ảnh hưởng đến chất lượng.",4,2018-03-25 23:05:57,750578,750581
6295811,,3,2020-10-09 19:48:50,750578,750581
466660,,3,2020-10-05 09:52:19,750578,750581
10626875,"hơi buồn vì giấy hơi bẩn , bìa sách cũng bị bong nhẹ , nhưng sách hay , lôi cuốn",4,2019-02-15 21:33:34,750578,750581
126757,,4,2020-09-28 12:10:59,750578,750581
7089247,"Một cuốn sách hay và ý nghĩa. Sách đẹp, giao hàng nhanh, bảo quản tốt.",4,2019-04-18 13:47:15,750578,750581
6955206,"Vài trang cuối sách bị lớn hơn các trang còn lại nên bị nhàu phần thừa ra, bìa cuối thì nhỏ hơn khổ của cuốn sách",4,2018-04-29 09:22:22,750578,750581
5288214,,4,2020-09-13 13:48:21,750578,750581
17354421,,4,2020-09-09 16:19:12,750578,750581
1345762,"Để thấy yêu cuộc sống này hơn nữa. Dù không có tiền bạc và thời gian thì cũng hãy chăm dắt nhau (bồ, gia đình, bạn bè) đi khám sức khỏe :)",4,2017-10-09 11:08:19,750578,750581
1363227,,4,2020-08-27 00:23:56,750578,750581
13631956,,4,2020-08-25 12:30:10,750578,750581
448777,,1,2020-08-18 16:10:53,750578,750581
172229,"Cuốn sách rất ý nghĩa, và tích cực ! Tôi dành tặng cho bố tôi đang bị bệnh, và bố đã thấy vui hơn nhiều khi đọc cuốn sách",4,2018-01-24 13:44:53,750578,750581
6632391,,4,2020-08-16 17:06:24,750578,750581
522310,,4,2020-08-11 19:43:34,750578,750581
123790,"5 sao cho Tỉ kĩ về khoản giao sách nhanh, bọc sách kỹ. 3 sao cho chất lượng giấy của sách mình thấy hơi mỏng, dán keo sách bị tràn làm khó gập mở.",4,2017-08-10 09:15:53,750578,750581
15453130,,4,2020-08-11 15:05:50,750578,750581
5359605,Sách rất hay. Rất đáng để đọc. nhưng làn này tiki giao hàng hơi chậm,4,2019-03-14 12:21:45,750578,750581
5616138,"Sản phẩm nhận được nguyên vẹn. Bìa sách đẹp, chất lượng giấy tốt. Khá hài lòng, cảm ơn Tiki nhiều ạ",3,2018-06-05 22:45:27,750578,750581
489684,,4,2020-08-08 17:09:37,750578,750581
1602286,,4,2020-08-07 11:24:11,750578,750581
5878988,"quyển sách khá hay, đoạn cuối rất cảm động nhưng từ ngữ còn khó hiểu nếu không tập trung thì không thể nắm chắc nội dung của sách",4,2017-11-03 20:03:40,750578,750581
7783566,,4,2020-08-02 18:25:22,750578,750581
12848085,,4,2020-08-01 17:06:09,750578,750581
13020819,,4,2020-07-26 09:02:54,750578,750581
6526114,"Tiki giao sách đúng hẹn nhưng sách bị tróc ở phần đế, còn bị trầy ở mặt bìa nữa, đề nghị giao sách mới cho khách",3,2018-02-27 00:31:20,750578,750581
6492764,,3,2020-07-18 11:38:56,750578,750581
86291,"Nội dung rất xúc động, là động lực để độc giả thêm yêu nghề, yêu đời. Thiết kế bìa sách rất đẹp.",4,2018-05-03 14:31:40,750578,750581
5587468,"Lời văn giản dị, dễ hiểu. Sự dũng cảm, tình yêu thương giúp mọi việc trong cuộc sống trở nên nhẹ nhàng hơn.",4,2018-03-23 22:06:17,750578,750581
6812881,,4,2020-07-02 21:24:33,750578,750581
8649065,,4,2020-06-25 15:35:59,750578,750581
7328007,,4,2020-06-24 11:55:39,750578,750581
15026888,,3,2020-06-15 22:39:01,750578,750581
7630777,Mình là người trong ngành Y và mình thấy cách dịch của tác giả có vẻ không phù hợp lắm.,3,2018-08-18 10:59:44,750578,750581
8459058,,4,2020-06-06 23:23:36,750578,750581
7007142,Mình mua sách bên hiệu sách thấy giấy nó dày lắm nhung sách này giấy mỏng quá dễ bị nát lắm ạ,4,2018-06-03 22:31:40,750578,750581
17115769,,4,2020-05-30 21:32:57,750578,750581
5395331,"Nội dung hấp dẫn, lôi cuốn người đọc về những trăn trở trong ngành y, về sự sống và cái chết. Đáng để suy ngẫm.",4,2017-12-14 16:51:48,750578,750581
1904253,Sách hay nhưng sách khi giao hàng bị rách góc dù mới mua gần đây,3,,750578,750581
5618084,Truyện hơi nhăn nheo. Có chỗ chưa dính keo. Nói chung độ hoàn thiện trung bình. Khâu đóng gói chưa tốt,4,2018-05-04 15:11:07,750578,750581
5682685,"tác phẩm với giọng văn bình thường ko đặc biệt lắm với bản thân mình. TiKi giao hàng nhanh, tốt, sách được bọc cẩn thận.",4,2017-10-15 20:37:26,750578,750581
453533,"Cuộc đời của con người ngắn ngủi, vì thế bạn hãy cố gắng sống hết mình cho hiện tại và ước mơ.",4,2018-03-04 06:39:02,750578,750581
5997130,đây có phải là bã kẹo cao su ko Tiki? Ko gỡ ra được :(,3,2017-11-10 20:24:25,750578,750581
2100293,rất hay nha mọi người.............................50kt,4,2019-03-30 17:14:54,750578,750581
5882235,"Giọng văn rất hay, nội dung ý nghĩa nhưng thực sự rất khó để thẩm thấu toàn bộ (ý kiến của 1 HS cấp hai)",4,2017-12-14 22:22:47,750578,750581
5136967,"Rất không hài lòng về bản dịch này, lan man, dài dòng, nhiều từ ngữ chuyên môn khó hiểu, không cần thiết",1,2017-12-23 10:43:46,750578,750581
66790,Sách chỉ được vẻ bề ngoài chứ nội dung thì dịch lủng củng. Phải mua lại cuốn tiếng anh đọc cho đỡ bực,2,2017-10-23 16:02:36,750578,750581
294556,"Sách đẹp, nhẹ. Nội dung ý nghĩa. Tiki giao hàng tương đối đúng thời gian.",4,2018-07-18 21:31:25,750578,750581
6626951,Mới nhận sách và lướt thấy nội dung khá hay tuy nhiên sách hơi cũ ố vàng 1 chút:((((,4,2018-04-26 14:46:47,750578,750581
5940975,chất lượng sách tốt còn nội dung thì mình đọc reveiw của mn còn cảm động hơn cả đọc sách là sao,3,2017-12-22 19:50:28,750578,750581
998144,"thật sự người dịch sách chưa diễn đạt hết ý của tác giả, vài chỗ lời dịch bị lủng củng, khó hiều",4,2017-09-28 08:08:30,750578,750581
399051,"Mua sách tặng vợ, đúng chuyên ngành chuyện nghề chuyện cs xoay quanh bệnh viện",3,2018-05-10 07:43:17,750578,750581
1172612,lúc đọc giới thiệu cảm thấy rất háo hức nhưng khi đọc sách thì nó không thực sự hấp dẫn như tôi nghĩ,3,2017-09-24 23:39:46,750578,750581
787159,"Cái chết thật sự tồn tại nhưng gượm đã, tại sao phải sợ hãi nó nhỉ?",4,2018-05-16 09:44:13,750578,750581
5417423,Sao mình order và lịch hẹn là hnay giao hàng mà mãi ko thấy đâu cả. Lần này thấy tiki giao hàng trễ quá :(,1,,750578,750581
1601316,"Lỗi in sai từ nhiều, font chữ, khoảng cách, hy vọng tốt hơn để khách hàng an tâm khi mua ấn phẩm văn học",3,2017-09-15 14:54:25,750578,750581
7427669,sách giao cũ. đóng gói cẩu thả....................,3,2018-11-12 18:57:09,750578,750581
6296577,sách hay nhưng mà em mới mua về coi đc 1 ngày thì sách đã bị sứt mấy trang đầu ra rồi,4,2018-01-03 19:35:44,750578,750581
803922,"Bảo quản sách ko dc tốt, lúc gửi tôi thì giấy ố vàng rồi",4,2018-07-17 09:42:26,750578,750581
362754,Sách dịch không kỹ những từ chuyên ngành y khoa. Đọc cảm thấy khó hiểu,3,2018-03-27 13:45:22,750578,750581
6080742,"Giao hàng khá nhanh, sách đẹp tuy nhiên ở cuối gáy sách bị rách 1 chút. Sách hay cảm động",4,2017-11-28 22:41:16,750578,750581
6176077,"Lần này Tiki giao hàng nhanh nhưng mà quên mấy miếng mút rồi, sách mình bị móp mấy góc",3,2017-12-08 10:31:03,750578,750581
788353,Ngẫm. Ranh giới mong manh giữa sự sống và cái chết ta tìm đâu lối thoát.,4,2018-02-25 14:17:38,750578,750581
1841878,Mua ngay đợt giảm giá nên cảm thấy thật tuyệt vời với cuốn sách này,4,2018-02-24 09:22:15,750578,750581
1807850,Cuốn sách được PR quá nhiều nên thành sách bán chạy chứ nội dụng thì cũng nhạt nhòa.,3,2017-10-20 12:45:45,750578,750581
5890835,"Dự kiến 12-10 nhận sách mà không thấy, cũng không có *** phản hồi. Thực sự thất vọng!",1,,750578,750581
726356,Sách gửi cho mình gáy sách đã nhăn nheo hết. Thật sự chán!,3,2018-05-17 21:14:14,750578,750581
559637,Câu chuyện không mấy logic lắm giống tự truyện hơn .. nhưng nội dung tạm ổn,3,2017-12-27 11:51:49,750578,750581
133827,Truyện cũng hay nhưng mình không rõ ngành y nên một số vấn đề không hiểu lắm,3,2017-12-01 14:24:04,750578,750581
682017,Mô tả chân thực về sự chuyển biến nội tâm của nhân vật.,4,2018-03-13 00:10:09,750578,750581
6044669,"Nội dung hay & sâu sắc. Giao hàng quá lâu, trễ hơn dự kiến tới 4 ngày.",3,2017-11-26 17:06:27,750578,750581
5706489,"sách tạm được, bên trong ok nhưng mép bị móp ở gáy sách",4,2018-01-08 19:43:42,750578,750581
5870106,"huhu sao Tiki giao hàng lâu vậy ạ, em chờ 1 tuần rồi :",3,,750578,750581
5890762,"Tiki đóng gói đẹp, giao hàng qua ư là nhanh luôn. Hài lòng lắm??",4,2017-11-16 13:05:05,750578,750581
5166167,Mình đọc để trân trọng hơn cuộc sống của mình. Cảm ơn.,4,2017-11-30 10:09:23,750578,750581
1864113,mình đặt hàng 3 ngày rồi mà chưa thấy hàng về gì cả?,4,,750578,750581
1098439,Nội dung sách hay. Tiki đóng và giao hàng chu đáo.,4,2017-11-18 19:58:22,750578,750581
5667735,"Góc quyển sách bị hư 1 tí,còn lại mình thấy ok hết.",4,2017-09-20 19:25:58,750578,750581
5765789,"Giao hàng nhanh, nhưng sách hơi củ sách bị gấp nhiều",4,2017-09-21 21:19:17,750578,750581
29039821,(*) Đánh giá không tính điểm Xin lỗi chú shipper vì ghi nhầm địa chỉ. Nhưng mà vì thái độ nóng nảy của chú nên cháu xin phép đánh giá 3 sao,3,2023-06-04 20:19:55,750578,750581
30762877,"Hộp móp chắc do đi đường mưa bão, nhưng sách được bọc lại nên không thấm ướt, cảm ơn shop.",5,2026-09-18 18:39:57,277770425,277770426
18603392,"Cuốn hồi ký của cụ Nguyễn Thị Bình đã cho ta thấy những vất vả, hy sinh của cụ trong 2 cuộc kháng chiến chống Pháp, chống Mỹ cứu nước, sau này là những đóng góp đầy ý nghĩa của cụ trong cả quá trình xây dựng, phát triển đất nước. Cụ Bình luôn cố gắng hoàn thành tốt những nhiệm vụ mà Đảng và nhân dân giao phó. Với tâm niệm làm tất cả mọi việc đều vì lợi ích nhân dân Việt Nam. Thật sự thấy rất ngưỡng mộ tình thần làm việc hết mình của cụ. Dù đã nghỉ hưu ở tuổi 75 nhưng cụ vẫn có nhiều hoạt động đóng góp cho sự phát triển của ngành Ngoại giáo, ngành Giáo dục, các hoạt động bảo trợ Trẻ em,.... Xin chúc Cụ thật nhiều sức khoẻ. Cảm ơn nhà sách Tiki đã đem đến 1 cuốn sách rất hay và hữu ích. Sách đẹp, đóng gói cẩn thận, giao hàng nhanh.",5,2025-12-16 21:55:28,277770425,277770426
22533490,Nội dung chưa đọc nên chưa dám bình luận. Cuốn sách được bọc màng co cẩn thận. Giao hàng nhanh và được bọc kỹ càng. Điểm 10 về dịch vụ giao hàng.,5,2025-09-10 23:39:45,277770425,277770426
12037412,"Nội dung sách rất hay, bổ ích, giúp hiểu thêm về bối cảnh đất nước trong những năm tháng nhọc nhằn, những năm tháng hân hoan, hạnh phúc",5,2026-04-17 19:51:50,277770425,277770426
30431038,"Sách in đẹp, ko lỗi, ship nhanh, shipper thân thiện và đóng gói kĩ có lớp bọc nilon an toàn cho sách.",5,2025-07-16 23:26:37,277770425,277770426
27613622,"Sách hay, đóng gói cẩn thận, nhân viên giao hàng thân thiện",5,2026-01-27 10:29:19,277770425,277770426
12293130,"Sách hay, in ấn đẹp. Tiki đóng gói, bọc và chèn lót sách cẩn thận. Rất ưng ý. Xin cảm ơn.",5,2025-05-09 15:17:27,277770425,277770426
5636070,Tiki 10 điểm chu đáo. Mua sách ở Tiki luôn nhận đc trải nghiệm tốt,5,2026-09-02 15:16:43,277770425,277770426
1329988,Mê mẩn cuốn này và còn mua tặng cho bạn bè nữa chứ,5,2026-08-26 15:23:21,277770425,277770426
9663288,ưng,5,2025-11-13 20:43:01,277770425,277770426
21909421,"Nội dung sách hay, có giá trị lịch sử dân tộc",5,2025-12-26 11:53:43,277770425,277770426
30474145,Mua xong thì thấy anh Tiki fiame giá sâu hic hic,5,2026-01-12 14:13:49,277770425,277770426
22055511,,5,2025-08-25 11:09:44,277770425,277770426
8611537,Nội dung hay. Sách đóng gói cẩn thận,5,2026-01-26 12:48:46,277770425,277770426
15766340,Cảm ơn tiki đã giao hàng nhanh đóng gói cẩn thận.,5,2025-09-09 21:01:28,277770425,277770426
685894,,5,2026-08-02 20:28:15,277770425,277770426
560885,,5,2026-07-26 09:26:10,277770425,277770426
625376,Giao hàng rất nhanh. Có bọc bookcare cẩn thận,5,2025-08-16 06:58:46,277770425,277770426
761244,,5,,277770425,277770426
15630788,,5,2026-04-26 16:50:31,277770425,277770426
15737079,,5,2026-04-17 22:41:25,277770425,277770426
22793858,,5,2026-04-12 15:14:39,277770425,277770426
13879641,Tốt in đẹp . Nội dung hay,5,2025-10-05 12:04:50,277770425,277770426
144663,,5,2026-04-08 15:13:20,277770425,277770426
17300382,,5,2026-03-27 18:59:29,277770425,277770426
17300382,,5,2026-03-27 18:59:29,277770425,277770426
8223521,"Cực kỳ hài lòng, sản phẩm y như mô tả!",5,2025-05-20 14:33:12,277770425,277770426
5718695,,5,2026-03-11 09:11:59,277770425,277770426
15742083,,5,2026-02-23 18:08:47,277770425,277770426
3000782,,5,2026-02-11 12:45:23,277770425,277770426
1128327,,5,2026-02-07 11:37:06,277770425,277770426
17889486,Giá phải chăng . Đóng gói cẩn thận,5,2025-04-29 15:15:42,277770425,277770426
24743551,,5,2026-01-07 19:17:45,277770425,277770426
5287412,,5,2026-01-02 09:30:33,277770425,277770426
14223233,,5,2025-12-30 22:17:37,277770425,277770426
30055645,"Giao hàng nhanh, đóng gói cẩn thận",5,2025-04-28 15:57:49,277770425,277770426
17158145,,5,2025-12-26 16:26:29,277770425,277770426
30570755,,5,2025-12-19 09:33:27,277770425,277770426
10817407,,5,2025-12-16 07:42:32,277770425,277770426
27143291,,5,2025-12-03 08:14:36,277770425,277770426
9041134,,5,2025-11-24 13:45:19,277770425,277770426
26191862,,5,2025-11-11 09:20:56,277770425,277770426
29051776,,5,2025-11-10 21:44:26,277770425,277770426
30375523,,5,2025-11-05 18:21:20,277770425,277770426
20320706,,5,2025-10-23 13:11:28,277770425,277770426
23472324,,5,2025-10-20 21:14:27,277770425,277770426
16392243,,5,2025-10-16 07:56:49,277770425,277770426
18195383,,5,2025-10-14 21:32:50,277770425,277770426
8068803,,5,2025-10-12 23:00:27,277770425,277770426
13057248,,5,2025-10-11 17:24:21,277770425,277770426
9940673,,5,2025-10-09 19:11:28,277770425,277770426
11036173,,5,2025-10-08 06:37:51,277770425,277770426
17506038,,5,2025-10-06 12:04:12,277770425,277770426
2207704,,5,2025-10-01 08:21:49,277770425,277770426
936362,,5,2025-09-28 21:48:39,277770425,277770426
675594,,5,2025-09-27 16:01:45,277770425,277770426
11981121,,5,2025-09-26 21:08:57,277770425,277770426
5235,,5,2025-09-21 15:13:07,277770425,277770426
2085629,,5,2025-09-19 20:47:55,277770425,277770426
8400434,,5,2025-09-19 12:26:03,277770425,277770426
317483,,5,2025-09-14 14:41:19,277770425,277770426
9786862,,5,2025-09-10 13:27:25,277770425,277770426
30102306,,5,2025-09-09 05:28:56,277770425,277770426
2052273,,5,2025-09-03 21:54:01,277770425,277770426
14792096,,5,2025-08-28 11:48:45,277770425,277770426
14302737,,5,2025-08-27 23:08:10,277770425,277770426
531066,,5,2025-08-20 16:02:09,277770425,277770426
1226705,,5,2025-08-11 13:18:25,277770425,277770426
8059336,,5,2025-08-08 19:48:55,277770425,277770426
28894310,,5,2025-08-08 13:00:08,277770425,277770426
5610555,,5,2025-08-07 10:26:02,277770425,277770426
2129492,,5,2025-08-01 07:53:48,277770425,277770426
22190598,,5,2025-07-29 12:46:44,277770425,277770426
113745,,5,2025-07-13 12:56:04,277770425,277770426
7279901,,5,2025-07-01 22:12:17,277770425,277770426
16476506,,5,2025-07-01 14:56:43,277770425,277770426
12029622,,5,2025-06-29 16:05:06,277770425,277770426
30259389,,5,2025-06-18 11:16:13,277770425,277770426
29367525,,5,2025-06-11 18:07:50,277770425,277770426
1958961,,5,2025-06-11 09:08:08,277770425,277770426
818116,,5,2025-05-29 13:58:47,277770425,277770426
22059215,,5,2025-05-26 20:07:10,277770425,277770426
16425554,,5,2025-05-20 10:56:51,277770425,277770426
7785260,,5,2025-05-18 15:01:29,277770425,277770426
145458,,5,2025-05-15 16:16:15,277770425,277770426
1419411,,5,2025-04-26 14:45:19,277770425,277770426
16844076,"Tiki gia hàng nhanh, đóng gói cẩn thận. Sách mới. Nội dung sách hay. Tuy nhiên mình rất không hài lòng về chất lượng giấy in của sách: mực in mặt này chồng lên mặt kia nhìn rất khó chịu và khi đọc gây nhức mắt.",3,2025-12-09 11:40:09,277770425,277770426
22715930,,4,2026-09-23 10:00:50,277770425,277770426
30502765,,4,2026-08-21 18:45:54,277770425,277770426
22667742,,4,2026-03-12 20:50:31,277770425,277770426
17774517,,4,2025-12-04 14:10:14,277770425,277770426
9888759,,4,2025-10-28 19:40:38,277770425,277770426
11432052,,4,2025-09-09 13:09:30,277770425,277770426
30459022,,4,2025-08-20 10:23:50,277770425,277770426
30059744,"Cuốn này không nặng về trinh thám, mấy pha giật gân cũng y như mấy cái jumpscare trong game Áo cưới giấy :)) , phù hợp với những bạn thích đọc nhiều tình tiết lãng mạn và k kì vọng về mãng trinh thám, đặc biệt truyện có nhiều chi tiết 18+ ( cách 2-3 trang lại nhắc đến 1 lần ) nên ai chưa 18 thì cân nhắc nhé 🥹",5,2024-08-10 07:28:50,269897426,269897427
6329367,"Sách hay *** chưỡng. Mặc dù dày 500tr nhma mình đã đọc một lèo hết trong vòng 1 đêm. Thật sự là nd toxic kinh khủng, plot twist đập dô mặt ầm ầm luôn :))) xứng đáng 10/10",5,2024-02-27 11:13:34,269897426,269897427
27646304,"mình thích cái bìa sách quá ạ, đẹp qtqđ",5,2024-04-11 17:34:11,269897426,269897427
14177076,Sách sạch sẽ đóng gói cẩn thận giấy nâu vàng dày dặn in ấn sắc nét rõ ràng nội dung hấp dẫn lôi cuốn dễ đọc dễ hiểu sẽ mua lại lần sau,5,2024-06-08 12:13:22,269897426,269897427
8631889,"Đọc mà hồi hộp, hốt hoảng. Hay lắm.",5,2026-06-30 15:19:12,269897426,269897427
518779,,5,2026-09-02 07:30:06,269897426,269897427
30150729,"Sản phẩm chất lượng tốt, giao hàng nhanh, đóng gói cẩn thận lắm nha",5,2025-03-12 15:47:13,269897426,269897427
7434177,Rất hay mà hơi toxic. Đọc cuốn dã man ạ,5,2025-05-25 10:08:54,269897426,269897427
492059,,5,2026-03-13 13:48:46,269897426,269897427
30570823,"Thật sự là hết nói nổi. Mua quyển này lần một: sách dơ, bìa xước, giấy cắt lỗi, sứt góc. Rồi shop đổi lại cho quyển mới và nó còn tệ hơn. Sách không dơ mà gãy góc bìa, giấy cắt vẫn lỗi, sứt bìa. Tệ.",1,2026-08-05 10:20:46,269897426,269897427
7654663,,5,2025-12-01 10:59:07,269897426,269897427
25659361,,5,2025-05-26 14:23:08,269897426,269897427
26187818,,5,2025-05-12 12:13:00,269897426,269897427
30053538,,5,2024-10-22 10:39:35,269897426,269897427
30145102,,5,2024-10-12 13:35:55,269897426,269897427
8342019,,5,2024-09-26 21:03:21,269897426,269897427
18148677,,5,2024-09-16 02:01:39,269897426,269897427
21274525,,5,2024-09-15 16:38:57,269897426,269897427
30053402,Good,5,2024-08-02 22:10:39,269897426,269897427
456993,,5,2024-06-27 11:15:13,269897426,269897427
6676574,,5,2024-06-11 21:40:12,269897426,269897427
16207536,,5,2024-05-01 10:46:27,269897426,269897427
362973,,5,2024-03-04 05:28:15,269897426,269897427
9634025,,5,2024-01-26 13:30:05,269897426,269897427
29374966,Hay gói cẩn thận,5,2023-08-27 19:14:46,269897426,269897427
23459639,,5,2023-11-30 16:25:08,269897426,269897427
29302490,,5,2023-09-13 07:40:49,269897426,269897427
17692329,,5,2023-08-31 22:21:05,269897426,269897427
570701,,5,2023-08-20 18:30:58,269897426,269897427
8206325,,5,2023-08-08 21:31:45,269897426,269897427
23901852,"nếu bạn đang đọc những cuốn tiểu thuyết như Đội gạo lên chùa hay Biển và chim bói cá thì Verity đối ngược hẳn, vắng như chùa Bà Đanh và quá yên tĩnh. Truyện viết được nhưng mình cũng sẽ chưa đọc tác phẩm tiếp theo của CoHo vì không hợp gu lắm. nhưng nhìn chung là ổn và thú vị cho hai ngày nghỉ cuối tuần",4,2026-01-23 21:36:09,269897426,269897427
7948100,"Sách bám bụi ở bìa, rìa sách bẩn và nhăn.",3,2025-02-14 15:58:23,269897426,269897427
30705464,giấy cắt bị xấu nhưng mua dc giá 70k nên khá ổn ạ,4,2026-07-13 15:34:20,269897426,269897427
642183,"Quyển này Tiki đã đổi lại cho mình, mà vẫn không mới lắm nhưng thôi vẫn chấp nhận được.",4,2025-08-21 15:23:08,269897426,269897427
2036821,Sách hơi u tối..............,2,2024-11-17 15:33:27,269897426,269897427
26108225,,4,2024-09-26 15:07:39,269897426,269897427
17794972,,4,2024-01-06 12:19:15,269897426,269897427
15912581,"Mình biết đến quyển sách khi kiếm trên mạng làm thế nào để học hiểu quả, và mình thấy 1 cách học được cả Bill Gates áp dụng đó là cách của giáo sư Feynman, ông ấy nói rằng: Khi bạn chưa giải thích được cho 1 đứa trẻ 12 tuổi hiểu được vấn đề chứng tỏ bạn chưa thực sự hiểu được vấn đề đó. Mình tìm thấy quyển sách này và quyết định mua nó. Đây quả là lựa chọn đúng với mình vì đọc quyển sách rất cuốn hút. Cách ông ấy nói về câu chuyện của mình cũng như về khoa học làm mình cười bể bụng. Tác giả là một nhà khoa học về vật lí nhưng có cách diễn đạt thật sự thú vị và cũng tấu hài. Mình thích tính cách thẳng thắn và cách làm việc của ông. Đọc quyển sách bạn sẽ thấy là một nhà khoa học, điều đầu tiên là do có sự tò mò về thế giới, bạn phải thử làm và kiên nhẫn với nó. Cuốn sách cho ta biết rất nhiều về khoa học, những gì thật sự diễn ra ngoài đời sống. Đọc cuốn sách mình đã học hỏi được rất nhiều điều, các bạn đừng mua cuốn sách này đọc nhé vì sẽ bị nghiện luôn đấy ?",5,2021-03-14 10:13:40,12053550,12053551
8789439,"Giao hàng nhanh. Đóng gọi ổn. Sách in tốt, giấy tốt, chữ rõ, bìa đẹp. Nội dung tuyệt vời. Cảm ơn Tiki.",5,2021-05-30 21:18:20,12053550,12053551
13730202,"Hành trình phát triển khá chân thật của GS Feynman. Có những suy nghĩ rất khác những “chiên da” khác. Tuy nhiên nói siêng năng thì giỏi k đúng vì mình thấy GS là người học nhanh hiểu rộng hơn nhiều so vs người bình thường, âu cũng là có tố chất để trở thành GS r",5,2021-10-06 11:35:52,12053550,12053551
30640495,,5,2026-09-11 16:35:10,12053550,12053551
872123,,5,2026-08-11 11:20:19,12053550,12053551
97737,,5,2026-06-20 21:55:04,12053550,12053551
30611132,,5,2026-05-01 16:27:20,12053550,12053551
15525144,,5,2026-03-02 10:50:30,12053550,12053551
30500243,,5,2026-02-19 23:32:12,12053550,12053551
5152894,"Một tinh thần khoa học tuyệt vời. Cảm thấy thật may mắn vì mình đã đọc được cuốn sách này, được biết đến Feynman và tất cả những liên quan đến cuộc đời ông.",5,2021-06-04 21:16:19,12053550,12053551
29227752,,5,2026-01-09 19:54:57,12053550,12053551
10792194,"Quá ngưỡng mộ ! Cả về trí tuệ (đương nhiên) , nhưng đặc biệt nhất là về khía cạnh con người.",5,2021-07-05 16:56:43,12053550,12053551
19691042,"Hàng đỉnh của chóp, lúc mới mua còn có bọc xịn cẩn thận nhưng mình bóc mất ùi :)) Săn sale được hôm 7/7 mà công nhận xịn thật cảm ơn shop nhiều nha",5,2021-07-08 16:05:17,12053550,12053551
13247925,,5,2025-10-12 12:34:34,12053550,12053551
23862979,,5,2025-09-14 11:39:00,12053550,12053551
22046656,,5,2025-08-16 22:19:56,12053550,12053551
8618643,"Lú rớt môn VLĐC và học lại, chính người thầy dạy lại này đã truyền cảm hứng cho mình học tốt hơn, từ đó mình đầu tư tg tìm hiểu nhiều hơn về các định luật vật lý, cùng với sự ngẫu nhiên tình cờ nào đó mà mình biết đến Feynman. Lần mò, tìm kiếm sách của ông trong các kho sách của thư viện tỉnh. Thế rồi độc qua một lần và mình quyết định phải sở hữu nó 100%. Lên tiki tìm kiếm thì sách đã ko còn, mình nghĩ chắc rất lâu mới mua lại đc... thỉnh thoảng tạt qua thư viện tỉnh để đọc vài trang cho nhớ mùi rồi thôi.Mới đây cũng search xem thử tn. Thì may quá nó đã tái bản. Thế là mình đã có rồi. Kèm theo bonus cuốn Ý nghĩa mọi thứ trên đời nhưng phải bỏ tiền túi. Đang đọc đây mn ạ!!!",5,2019-11-20 12:53:53,12053550,12053551
25982960,,5,2025-04-02 23:27:16,12053550,12053551
7402132,"sách đẹp về hình thức, nội dung cực hay, viết hài hước nhưng bên trong lại rất nghiêm túc, đúng kiểu mừn thứt.",5,2021-09-12 15:11:56,12053550,12053551
17787021,"Mùa dịch nhưng giao rất nhanh. Hình thức ổn, sách của tác giả đoạt giải Nobel Vật lý thì đáng đọc rồi",5,2021-11-08 21:09:13,12053550,12053551
1359498,"""Feynman - chuyện thật như đùa!"" đã xuất hiện cách đây 10 năm, thật tuyệt vời khi sách đã được tái bản. Trước đây khá lâu tôi đã lục tung mọi nhà sách khi có cơ hội đến, tìm kiếm ở các trang mạng, các *** hay group sách cũ... đều không có. Giờ đây, khi tình cờ thấy sách đã được tái bản, tôi liền mua ngay dù đã có file pdf bản đẹp. Về nội dung, đây là một cuốn sách đặc biệt và thú vị, nếu ai là fan của Feynman thì đừng nên bỏ lỡ cuốn sách tuyệt vời này.",5,2019-07-26 14:12:14,12053550,12053551
10713277,,5,2024-10-21 12:55:04,12053550,12053551
850034,,5,2024-10-11 09:44:38,12053550,12053551
21221657,"Nội dung sách hay, chất lượng giấy tốt. Giao hàng nhanh, nhân viên thân thiện. Khá hài lòng về sản phẩm",5,2021-06-09 17:55:27,12053550,12053551
5983075,,5,2024-09-18 23:18:41,12053550,12053551
28682915,,5,2024-08-09 20:33:19,12053550,12053551
14506,"Sách đẹp; giảm giá nhiều, nội dung hay từ người dịch có chuyên môn và tác giả xịn.",5,2021-06-12 11:54:40,12053550,12053551
1831691,"Hài hước và cuốn hút, quyển sách làm mình phải đọc liền một mạch từ đầu đến cuối",5,2021-05-05 14:55:27,12053550,12053551
10491118,,5,2024-05-12 23:05:06,12053550,12053551
1433000,,5,2024-05-02 12:24:56,12053550,12053551
28650527,,5,2024-04-22 18:36:01,12053550,12053551
5531649,,5,2024-02-28 20:12:43,12053550,12053551
29762828,,5,2024-02-06 08:44:42,12053550,12053551
26953063,Tôi chưa nhận được hóa đơn VAT của sản phẩm này,5,2022-12-19 13:13:55,12053550,12053551
16326962,,5,2023-12-26 23:22:21,12053550,12053551
5371695,"đã từng mua và thực sự say đắm, ngay khi tái bản mua luôn để sưu tập",5,2021-04-23 18:13:47,12053550,12053551
18951393,"giao hang nhanh, đóng gói cẩn thận nhesss",5,2021-12-14 22:50:04,12053550,12053551
786793,,5,2022-09-14 18:17:11,12053550,12053551
5625871,,5,2023-09-08 14:34:30,12053550,12053551
29644786,"Bị móp góc, giao hàng không cẩn thận. Làm mất hết giá trị cuốn sách.",3,2025-10-12 15:55:22,12053550,12053551
20243355,Sách hay hộp hơi mốp nhưng vẫn nguyên,5,2021-08-17 19:25:38,12053550,12053551
196125,,5,2023-07-15 19:31:08,12053550,12053551
21702032,Đã nhận được hàng nhanh chóng. Okkkkkkkkkkkkkkk,5,2021-05-14 11:20:36,12053550,12053551
9833137,sách đẹp bao kĩ càng,5,2021-10-24 10:48:35,12053550,12053551
7890560,"Sách hay, giao tốt",5,2021-11-06 21:25:09,12053550,12053551
8033777,,5,2023-05-15 21:42:12,12053550,12053551
18357605,,5,2023-04-19 21:29:55,12053550,12053551
17846793,,5,2023-04-09 14:42:43,12053550,12053551
7376979,,5,2023-02-21 10:45:39,12053550,12053551
19747573,,5,2023-02-16 21:56:10,12053550,12053551
378303,Vào lúc dịch này mới thấy tiki giao nhanh dễ sợ. Hôm trước hôm sau Có rồi.,5,2021-07-19 10:34:49,12053550,12053551
631429,,5,2023-01-06 21:30:27,12053550,12053551
24655795,,5,2023-01-05 13:06:08,12053550,12053551
8905321,Một quyển sách thú vị. Có những chuyện của các nước cách đây 80 năm mà giống như Việt Nam vậy. Hic hic,5,2020-10-24 17:29:56,12053550,12053551
10418172,,5,2022-12-09 12:49:13,12053550,12053551
319646,"Sách có nội dung sâu sắc. Tác giả có trí tuệ cao, nhân cách đặc biệt.",5,2021-06-27 16:31:46,12053550,12053551
16263010,,5,2022-11-22 05:10:45,12053550,12053551
28307208,,5,2022-10-12 17:48:00,12053550,12053551
6630989,Hay,5,2022-08-30 11:03:41,12053550,12053551
1182533,,5,2022-09-03 20:07:29,12053550,12053551
27866615,,5,2022-07-26 23:40:12,12053550,12053551
343804,,5,2022-06-29 22:34:46,12053550,12053551
16999388,Cuốn sách này đọc dễ bị nghiện,5,2021-10-20 11:02:38,12053550,12053551
8621119,,5,2022-06-01 20:22:27,12053550,12053551
18118699,,5,2022-05-21 11:37:12,12053550,12053551
1384584,,5,2022-05-09 18:36:52,12053550,12053551
24652608,rất tốt,5,2022-02-08 16:33:46,12053550,12053551
5805473,.,5,2022-03-20 01:24:55,12053550,12053551
5670000,,5,2022-03-24 06:39:09,12053550,12053551
16182438,"sản phẩm rất tuyệt vời, cảm ơn ạ",5,2020-03-13 11:42:35,12053550,12053551
264454,Mưa lại 2 lần,5,2021-10-31 07:42:35,12053550,12053551
22147062,,5,2022-02-09 12:41:29,12053550,12053551
20553378,,5,2022-01-28 16:47:12,12053550,12053551
1378303,giao hàng nhanh,5,2021-09-22 09:41:49,12053550,12053551
13057248,,5,2021-12-17 12:08:31,12053550,12053551
6161754,,5,2021-12-15 13:59:49,12053550,12053551
73311,"Sách có màng bọc, giao hàng đúng hẹn.",5,2021-03-10 00:59:51,12053550,12053551
1948348,,5,2021-12-02 02:49:58,12053550,12053551
2189110,,5,2021-11-23 20:06:33,12053550,12053551
8207473,,5,2021-11-08 12:15:12,12053550,12053551
17153193,,5,2021-10-30 20:07:23,12053550,12053551
5911816,,5,2021-10-07 11:13:21,12053550,12053551
12269866,Ok,5,2021-09-25 11:49:42,12053550,12053551
1409168,Amazing,5,2021-08-22 11:23:17,12053550,12053551
7067517,,5,,12053550,12053551
21261862,,5,2021-09-07 10:46:34,12053550,12053551
1174358,,5,2021-09-06 12:36:14,12053550,12053551
6856857,ok,5,2021-08-16 16:09:31,12053550,12053551
888095,,5,2021-07-25 19:22:11,12053550,12053551
703965,Sách hay. Nên đọc.,5,2021-03-11 17:20:37,12053550,12053551
8059336,,5,2021-07-16 09:58:16,12053550,12053551
1234718,,5,2021-07-14 16:04:52,12053550,12053551
280697,,5,2021-07-07 23:31:31,12053550,12053551
847140,,5,2021-07-03 21:26:39,12053550,12053551
11121839,,5,2021-07-01 11:48:20,12053550,12053551
10840912,,5,2021-06-29 15:56:20,12053550,12053551
7031251,"mình hài lòng về dịch vụ giao hàng tiki, nhân viên đều rất nice",5,2020-03-09 23:45:21,12053550,12053551
11561091,,5,2021-06-07 13:48:48,12053550,12053551
1994386,,5,2021-05-28 17:58:59,12053550,12053551
982544,,5,,12053550,12053551
9659037,,5,2021-05-12 15:20:02,12053550,12053551
17566247,,5,,12053550,12053551
5443230,,5,2021-04-26 09:38:58,12053550,12053551
17578005,,5,2021-04-24 15:09:20,12053550,12053551
15892942,Sách hay,5,2021-03-02 16:55:21,12053550,12053551
17777784,,5,2021-04-21 10:03:30,12053550,12053551
671173,,5,2021-04-14 22:08:30,12053550,12053551
20286809,,5,2021-04-13 17:23:59,12053550,12053551
14507555,,5,2021-04-05 09:49:16,12053550,12053551
9019817,,5,,12053550,12053551
8572501,,5,2021-03-28 11:05:53,12053550,12053551
11530826,,5,2021-03-18 19:39:01,12053550,12053551
18652285,,5,2021-03-15 22:26:59,12053550,12053551
7782976,,5,2021-03-14 16:54:37,12053550,12053551
1284884,good,5,2021-02-18 11:48:24,12053550,12053551
454393,,5,2021-03-11 17:01:57,12053550,12053551
19290284,,5,2021-03-10 21:38:53,12053550,12053551
21101,Great book,5,2021-01-04 12:51:20,12053550,12053551
853332,,5,2021-02-27 22:54:50,12053550,12053551
517033,,5,2021-02-25 21:17:14,12053550,12053551
5415149,"sách đẹp, mới tinh, rất ưng ý, nội dụng rất hay, cảm ơn tiki",5,2019-11-21 22:44:42,12053550,12053551
1297321,,5,2021-02-05 19:28:43,12053550,12053551
904328,,5,2021-01-29 19:51:21,12053550,12053551
10149917,,5,2021-01-14 21:48:58,12053550,12053551
348750,,5,2021-01-14 14:39:18,12053550,12053551
463046,,5,2021-01-14 09:35:09,12053550,12053551
11460519,ok,5,2020-12-11 23:19:39,12053550,12053551
1670402,,5,2020-12-20 15:31:05,12053550,12053551
2148168,,5,2020-12-10 16:54:27,12053550,12053551
11935610,,5,2020-12-02 12:16:55,12053550,12053551
38677,,5,2020-11-26 14:16:35,12053550,12053551
5917936,,5,2020-11-13 12:43:21,12053550,12053551
5752838,,5,2020-11-12 21:53:03,12053550,12053551
1434087,,5,2020-10-13 20:17:42,12053550,12053551
8829978,Khá,5,2020-09-03 09:07:21,12053550,12053551
18305972,,5,2020-09-15 14:04:11,12053550,12053551
7557094,,5,2020-08-29 08:47:11,12053550,12053551
1680506,,5,2020-08-24 05:34:04,12053550,12053551
6291182,,5,2020-06-12 09:25:16,12053550,12053551
148320,,5,2020-06-03 11:36:06,12053550,12053551
22359305,"Sách sạch đẹp, tuy nhiên thiếu note...",4,2024-10-08 17:23:15,12053550,12053551
6450235,"nếu các bạn mong chờ vào 1 tác phẩm hài hước, hóm hỉnh thì đây không phải là tác phẩm dành cho các bạn và cũng không dành cho tôi. Tôi đã đọc qua các đánh giá và giới thiệu sách thì tôi cho rằng mọi người nói và đánh giá hơi quá đà cho tác phẩm này. Không thể phủ nhận trí thông minh, lạnh lợi của ngài Feyman nhưng câu chuyện của ngài không dành cho tất cả mọi người. Nội dung kể lể về cuộc đời của ngài và những trò đùa của ngài, nhưng nó không phải lúc nào cũng vui và đa phần là không vui, nó chỉ vui với chính ngài mà thôi và thể hiện sự kiêu ngạo và tự phụ về trí thông minh của mình. Tôi đọc đến đúng trang 100 và thấy nhàm quá nên dừng. Cảm nhận của mỗi người một khác và tôi chia sẻ cảm nhận của một độc giả phổ thông với kiến thức và học thức phổ thông. Hy vọng sẽ giúp ích cho các bạn có ý định mua cuốn sách cũng không được rẻ cho lắm, hãy tiết kiệm để dành cho tác phẩm khác xứng đáng hơn.",1,2022-02-16 08:28:38,12053550,12053551
28950994,Ổn,4,2025-12-20 18:20:49,12053550,12053551
10799954,"Nội dung thú vị. Bìa đẹp. Nhưng chất lượng bản in tệ, chữ mờ, nét mỏng cứ như in lậu vậy. Thua xa chất lượng in ở các sách khác mình đã mua.",4,2021-05-17 15:51:55,12053550,12053551
13196909,Hay và thú vị!,4,2024-04-05 08:34:59,12053550,12053551
8096566,Ko hay như mong đợi đã nghĩ nó hấp dẫn và đặc sắc hơn nhưng thất vọng quá. Ko phải như mình nghĩ,2,2021-10-06 16:28:22,12053550,12053551
11580277,,4,2023-02-05 10:04:13,12053550,12053551
2216816,,4,2023-01-27 13:11:18,12053550,12053551
111202,Chuyện hay,4,2022-10-21 08:12:29,12053550,12053551
16151400,ok,4,2022-06-07 20:03:16,12053550,12053551
11390325,,4,2022-05-23 20:36:43,12053550,12053551
211558,,4,2021-01-31 15:30:57,12053550,12053551
2092089,,4,2021-10-19 21:12:22,12053550,12053551
6709426,"Hơi khó đọc, lối văn khá là ngang",3,2021-01-15 20:25:29,12053550,12053551
21287402,chuẩn,4,2021-07-23 19:12:08,12053550,12053551
12904192,,4,2021-08-03 11:08:56,12053550,12053551
6580160,,4,2021-07-10 23:17:55,12053550,12053551
39659,,4,2021-06-27 10:33:40,12053550,12053551
19833893,,4,2021-06-14 20:29:37,12053550,12053551
17909,,4,2021-06-08 21:16:24,12053550,12053551
5743164,,4,2021-05-24 19:46:18,12053550,12053551
13844187,,4,2021-05-17 13:04:21,12053550,12053551
5803360,,4,2020-12-25 22:48:18,12053550,12053551
10592415,,4,2020-11-29 21:37:36,12053550,12053551
10473020,,4,2020-06-18 12:57:22,12053550,12053551
8355583,"Chắc do địa phương của mình ít người mua trên Tiki hay sao đó, dạo này không có shipper bên Tiki giao nữa. Phải ghép đơn đi chung với bên khác, giao muộn hơn. Sách mới, đóng gói kĩ càng.",5,2025-08-04 21:34:03,278293499,278293500
23116595,"Sách mới, đúng loại Có bọc sách Giao hàng nhanh Thanks TIKI",5,2025-11-03 11:41:11,278293499,278293500
190363,"sách giao nhanh, bọc sách ok. cuốn này mới đậu phần đầu thấy khá cuốn. Phong cách dí dỏm của Murakami cũng là một điểm sáng.",5,2025-09-03 21:09:14,278293499,278293500
26894033,"Sách đẹp, giao nhanh Nd sách thì nghe có vẻ hợp vs gu đọc của mình",5,2025-07-16 15:47:22,278293499,278293500
7975299,Nice,5,2026-04-17 23:17:09,278293499,278293500
12712870,,5,2026-07-09 19:31:19,278293499,278293500
13201829,,5,2026-06-01 09:32:38,278293499,278293500
261857,,5,2026-03-08 10:17:25,278293499,278293500
11556863,,5,2026-03-04 11:24:25,278293499,278293500
695319,,5,2026-02-02 13:18:59,278293499,278293500
10836456,,5,2025-11-27 14:49:05,278293499,278293500
11897114,,5,2025-11-03 23:31:57,278293499,278293500
20440557,,5,2025-10-24 12:22:12,278293499,278293500
27451078,,5,2025-09-28 04:52:04,278293499,278293500
5996160,,5,2025-08-28 14:55:19,278293499,278293500
25325045,,5,2025-08-02 06:19:54,278293499,278293500
15188098,,5,2025-07-18 13:34:52,278293499,278293500
29023516,,5,2025-07-17 20:09:44,278293499,278293500
3103,"Sách được bọc seal cẩn thận tránh rách, gập, hư hỏng sách trong quá trình vận chuyển. Giấy in sách sáng, sạch, tốt. Nội dung được review thấy khá ổn. Sách của tác giả nổi tiếng với nhiều tựa sách hay.",4,2025-08-12 18:16:56,278293499,278293500
123687,quyển sách mấy trăm ngàn mà k có nỗi một cái bookmark,4,2026-01-30 20:30:14,278293499,278293500
12317292,"Tiki giao hàng cực nhanh, sản phẩm đẹp, chữ in rõ nét rất dễ đọc. Nội dung thì mình đã xem trước rồi nên mua để sưu tầm thêm. Đây là một tác phẩm đồ sộ, chi tiết mà tác giả đã dày công nghiên cứu về cuộc đời của trùm phát xít Hitler, người làm thay đổi lịch sử thế giới. Rất đáng đọc các bạn ạ. Cảm ơn nhà cung cấp và Tiki.",5,2023-03-03 13:56:03,179372229,179372230
30317739,"Sách đẹp , hình mình họa thôi . Shop gửi hàng nhanh",5,2026-07-30 10:58:18,179372229,179372230
9937258,Tuyệt vời,5,2022-11-20 15:47:13,179372229,179372230
9294209,"Mình không có bookcare mà cũng được bọc sẵn luôn, cơ mà bọc như này thì thà đừng bọc chứ nhìn đau đầu quá 🤨🤨🤨",5,2022-12-05 17:57:09,179372229,179372230
14089040,,5,2025-05-06 18:42:22,179372229,179372230
23615626,"Giao nhanh, sách đẹp chất lượng. Nhưng mà lỡ tay sao đặt một lần 2 cuốn kkkkk. Ai cần mình để lại",5,2023-03-03 17:14:44,179372229,179372230
12167668,"Chưa đọc nên chưa đánh giá được nội dung. Sách dày, bìa cứng đẹp. Tiki xác nhận, gửi và giao hàng nhanh. Shipper dễ thương, nhiệt tình.",5,2023-07-12 01:21:49,179372229,179372230
505400,,5,2026-02-14 12:21:02,179372229,179372230
849071,,5,2026-01-04 17:26:27,179372229,179372230
887127,,5,2025-11-23 20:21:35,179372229,179372230
21547620,,5,2025-07-18 14:58:04,179372229,179372230
29940539,,5,2025-06-29 15:00:20,179372229,179372230
17589580,,5,2025-05-25 12:18:30,179372229,179372230
10554152,,5,2025-02-28 22:52:57,179372229,179372230
12813211,"Đóng gói cẩn thận, sách đẹp. Giao hàng nhanh, đúng hẹn. Mua đúng dịp 8/8 nên giảm giá khá nhiều. Rất ưng ý.",5,2022-08-15 20:32:36,179372229,179372230
7756151,"Chất lượng tốt, đóng gói kỹ",5,2023-02-14 02:22:06,179372229,179372230
13787583,Sách hay,5,2023-06-06 23:56:43,179372229,179372230
16276966,,5,2023-07-13 19:12:10,179372229,179372230
19369371,,5,2023-06-16 13:22:57,179372229,179372230
484525,,5,2023-05-05 20:25:54,179372229,179372230
17061748,,5,2023-03-21 16:59:07,179372229,179372230
23729733,"Giao hang nhanh, đóng gói cẩn thận",5,2022-07-20 09:06:43,179372229,179372230
13513176,,5,2023-03-06 11:29:50,179372229,179372230
13721264,Bìa đẹp dày dặn,5,2022-10-11 00:23:28,179372229,179372230
28228203,,5,2023-01-03 12:03:52,179372229,179372230
7670500,,5,2022-12-27 17:08:25,179372229,179372230
641736,,5,2022-12-22 06:49:15,179372229,179372230
13812929,,5,2022-12-12 06:42:21,179372229,179372230
343615,,5,2022-11-24 23:23:29,179372229,179372230
28185003,Xót không :)),4,2023-06-08 20:50:09,179372229,179372230
26941950,Giao Hàng lâu sách đã cũ Còn bị ướt,1,2022-10-25 18:49:34,179372229,179372230
20174343,Ok,4,2022-12-21 15:49:18,179372229,179372230
21014494,"Cuốn sách viết khá chuyên sâu, được viết bởi 1 nhà báo nổi tiếng. Sách có tài liệu tham khsro phong phú.",5,2025-01-08 08:30:38,273383954,273383955
1344932,,5,2025-07-03 12:04:37,273383954,273383955
17506038,,5,2024-04-11 07:29:02,273383954,273383955
10040980,,5,2025-01-11 16:07:24,273383954,273383955
919665,Good,5,2024-07-28 07:52:56,273383954,273383955
23783813,,5,2024-04-28 00:02:08,273383954,273383955
836743,,5,2024-04-05 21:57:16,273383954,273383955
11476110,,5,2024-01-30 11:13:48,273383954,273383955
27421464,,5,2024-01-09 18:31:04,273383954,273383955
11992154,,4,2025-11-27 01:17:15,273383954,273383955
17813674,"Cuốn sách bất hủ không bao giờ sợ hết hàng. Mua về trong thời điểm sale ngày Tết nên mua về luôn. Rất hâm mộ Phạm Xuân Ẩn, đây cũng là cuốn sách chứa ít nhiều tài liệu về cuộc đời của ông. Sách rất nên mua lưu trữ làm tủ sách gia đình!",5,2025-02-04 11:50:46,185909442,185909443
15366086,"* Về nội dung: Một quyển sách rất hay về cuộc đời tình báo của Thiếu tướng, AHLLVTND Phạm Xuân Ẩn. Quyển sách viết về cuộc đời ông từ những lúc đầu tiên bước vào nghề, đi Mỹ học trong 2 năm *** đến những câu chuyện sau khi về Việt Nam vừa viết báo vừa hoạt động cách mạng đến sau khi giải phóng. Hãy đọc để cảm nhận những sự khó khăn, gian khổ và một chủ nghĩa dân tôcn tuyệt vời của một nhà tình báo tài ba. *Về hình thức: Sách bìa cứng, đẹp, có nhiều hình ảnh xuyên suốt cuộc đời ông. Cảm ơn giáo sư Larry Berman vì đã dày công tìm hiểu và viết nên một quyển sách về cuộc đời của Anh hùng tình báo Phạm Xuân Ẩn.",5,2023-03-11 10:44:19,185909442,185909443
22533490,Nội dung chưa đọc nên chưa dám bình luận. Cuốn sách được bọc màng co cẩn thận. Sách được in ấn rất đẹp. Giao hàng nhanh và được bọc kỹ càng. Điểm 10 về dịch vụ giao hàng.,5,2025-09-10 23:40:45,185909442,185909443
7997839,"Đây là một trong những cuốn sách đáng đọc nhất mà tôi đã từng đọc, cũng là cuốn sách đang mua nhất tôi đã từng mua. Sách in bìa cứng cầm chắc tay, giấy đẹp, chữ to, in rõ nét. Nội dung cũng vô cùng hấp dẫn, kể về các chặng đường hoạt động và cuộc đời của ông Phạm Xuân Ẩn. Tuy có những điều không thể viết ra hết do đặc thù nghề nghiệp nhưng qua cuốn sách, người đọc cũng có thể hình dung là cuộc đời và sự nghiệp của ông, đồng thời, hiểu thêm về thế hệ cha ông trong cuộc chiến cứu nước và dựng nước.",5,2024-08-21 14:21:43,185909442,185909443
5090027,Hi vọng có thật nhiều đầu sách được viết về cuộc chiến hào hùng của dân tộc ta. Đọc cuốn sách cho mình thấy chiến thắng của cha ông ta thời hiện đại không đơn giản và hào hùng,5,2025-07-28 08:05:12,185909442,185909443
30403992,"Sách bọc rất cẩn thận,được tặng thêm bookcare. Mực in đẹp,rõ ràng.Nội dung sách thì xuất sắc rồi.10 điểm.",5,2025-10-08 14:02:15,185909442,185909443
14089040,"Đóng gói rất cẩn thận, sách mới tinh, nói chung là ko chê đc điểm nào.",5,2025-03-25 19:43:14,185909442,185909443
17514184,Cuốn sách hay nên đọc!,5,2026-05-24 16:05:39,185909442,185909443
30774108,,5,2026-09-20 16:06:07,185909442,185909443
24189517,,5,2026-08-31 20:59:25,185909442,185909443
8579524,Sách đẹp hay,5,2026-05-07 14:04:24,185909442,185909443
30650069,Sách tốt,5,2026-04-29 16:46:03,185909442,185909443
27956888,rất hay,5,2026-05-04 18:02:02,185909442,185909443
29290468,,5,2026-06-04 19:10:45,185909442,185909443
11535645,,5,2026-02-27 14:41:26,185909442,185909443
6984688,,5,2026-01-25 23:35:00,185909442,185909443
27978431,,5,2024-11-10 19:27:05,185909442,185909443
27317243,,5,2025-11-28 00:42:26,185909442,185909443
7446240,,5,2025-10-07 14:15:22,185909442,185909443
762430,"Bìa đẹp, chắc chắn",5,2025-04-25 08:23:51,185909442,185909443
1975957,,5,2025-07-22 17:51:45,185909442,185909443
1989112,"Mình đặt hàng giúp thôi nhưng lúc nhận hàng đóng gói rất kỹ, giao hàng nhanh",5,2023-12-12 07:44:53,185909442,185909443
30377262,,5,2025-05-24 18:51:44,185909442,185909443
27967761,,5,2025-05-18 19:06:50,185909442,185909443
9860629,,5,2025-05-14 19:15:49,185909442,185909443
5762132,,5,2025-04-19 23:21:15,185909442,185909443
11599587,,5,2025-04-06 09:52:35,185909442,185909443
14008591,,5,2025-04-03 15:26:07,185909442,185909443
26158658,Giao siêu nhanh. Sách bìa cứng rất đẹp,5,2024-05-07 11:27:07,185909442,185909443
30154577,,5,2025-01-19 15:17:01,185909442,185909443
11268991,,5,2025-01-17 11:07:34,185909442,185909443
22571814,,5,2025-01-07 16:59:18,185909442,185909443
13527388,"Sách đẹp , nội dung rất hay về một vị tướng tình báo vĩ đại",5,2023-08-07 11:51:30,185909442,185909443
29342659,Tuyệt vời,5,2024-08-29 12:22:26,185909442,185909443
22165210,,5,2024-09-29 11:21:56,185909442,185909443
7624390,,5,2024-09-22 09:22:19,185909442,185909443
11754583,"Giao nhanh, đóng gói cẩn thận",5,2024-02-16 11:19:02,185909442,185909443
14124339,,5,2024-07-31 21:15:21,185909442,185909443
21309136,,5,2024-06-27 19:45:21,185909442,185909443
10799997,,5,2024-06-14 16:35:04,185909442,185909443
24652458,,5,2024-06-12 14:22:42,185909442,185909443
23030167,,5,2024-06-09 19:54:35,185909442,185909443
21261196,Đúng sách mình thích,5,2022-10-24 12:32:16,185909442,185909443
21619237,Rất hay,5,2023-01-25 21:43:56,185909442,185909443
27204512,"Sách viết hay, chi tiết và chân thực",5,2023-06-03 19:56:59,185909442,185909443
18430279,,5,2024-02-21 20:07:17,185909442,185909443
28424960,,5,2024-02-17 20:16:49,185909442,185909443
6182288,,5,2024-02-17 17:55:09,185909442,185909443
28046414,,5,2024-01-23 19:05:06,185909442,185909443
8408506,"sách đẹp nguyên seal, tks shop",5,2023-03-14 12:49:21,185909442,185909443
660815,Sách chất lượng và đóng gói đẹp,5,2023-01-14 21:34:13,185909442,185909443
5511620,,5,2023-09-06 15:56:51,185909442,185909443
29075597,,5,2023-06-25 17:08:23,185909442,185909443
19052935,,5,2023-06-15 20:40:20,185909442,185909443
11581960,,5,2023-03-23 18:27:43,185909442,185909443
8990765,,5,2023-03-16 00:04:03,185909442,185909443
16459990,,5,2023-02-28 23:13:17,185909442,185909443
28847894,,5,2023-02-21 11:18:05,185909442,185909443
8891959,,5,2023-02-19 23:08:47,185909442,185909443
28820724,,5,2023-02-15 20:15:58,185909442,185909443
7957599,,5,2023-02-12 08:07:42,185909442,185909443
892405,,5,2023-02-08 18:56:32,185909442,185909443
9612405,,5,2023-02-07 15:01:27,185909442,185909443
22539848,,5,2023-02-04 23:45:47,185909442,185909443
21675799,,5,2023-01-13 10:24:01,185909442,185909443
10597542,,5,2022-12-18 08:30:06,185909442,185909443
10852683,,5,2022-12-13 19:36:02,185909442,185909443
21118162,,5,2022-12-11 09:16:54,185909442,185909443
23155949,,5,2022-11-25 12:01:24,185909442,185909443
11396544,,5,2022-11-14 10:09:33,185909442,185909443
12324631,,5,2022-10-26 19:56:22,185909442,185909443
10177062,,5,2022-10-26 12:47:29,185909442,185909443
934122,"Mình ko rate sách nha, mình rate cách bọc, bạn nào mua sách cứ mua nhé. Bọc siêu ẩu và bong sau 2 ngày, ko hiểu tại sao có thể bọc sách trông như này mà vẫn tặc lưỡi giao cho khách luôn. Bao nhiêu người phàn nàn về cách bọc rồi nhưng vẫn vậy, bao nhiêu quyển bị bong sau khi nhận rồi mà chả muốn rate gì cơ mà sau bao lần thì cũng đến lúc nhận nó bực mình thật sự. Người ta đã chọn bookcare là người ta rất trân trọng sách nhưng nhân viên Tiki bọc cái kiểu gì thế hả trời. Đây là kiểu làm cho có, làm vì bị ép đi làm thì mới ẩu được thế này.",2,2025-05-23 13:53:16,185909442,185909443
5169574,"Sách mới, nhiều trang bị dính ri rít vào với nhau (như kiểu bị dính keo hay sao á) làm mình phải tách ra rất dễ gây rách sách cực khó chịu",3,2023-07-22 10:38:10,185909442,185909443
30333073,Hài lòng,4,2025-09-09 15:05:15,185909442,185909443
29388404,"Sách đóng gói cẩn thận, chất lượng tạm",4,2024-09-27 22:02:17,185909442,185909443
30161216,,4,2024-10-12 17:27:54,185909442,185909443
20447523,,4,2024-09-19 10:48:23,185909442,185909443
1616522,,4,2023-12-04 13:17:56,185909442,185909443
8476867,,4,2022-12-08 15:56:32,185909442,185909443
16418610,"Thực sự thì cuốn nhật ký này đã khiến mik phải rơi lệ. Vì lẽ đó là cái thực tại nghiệt ngã của Kito Aya. Căn bệnh Thoái hoá tiểu não đã bào mòn cả lẫn tâm trí đến cả thế xác của cô hơn suốt cả cuộc đời của mik. Ấy vậy mà cô vẫn gắng giữ một niềm tin, một sự lạc quan bất khuất qua từng chữ viết nhật ký của cô. Đọc qua ta thấy bản thân mình may mắn đến chừng nào khi ta còn đc khoẻ mạnh, còn được sống là đã đủ.",5,2025-09-22 18:22:05,19662184,19662185
28279656,"Nội dung khá hay, in ấn rõ nét. Phù hợp với mọi lứa tuổi nhưng bìa trước của sách hơi dơ.",5,2023-02-23 23:00:46,19662184,19662185
1167988,"Sách hay, rất ý nghĩa nhất là cho các bạn trẻ tuổi teen, chuẩn bị bước vào đời, lựa chọn ngành nghề... Về dịch vụ Sách của Tiki thì chán chẳng buồn nói, sách nhăn cong gáy từ trước ra sau",5,2024-08-22 08:39:37,19662184,19662185
22405575,"Recommended mn nên đọc thử nha, sách lấy nước mắt lắm ạ😢",5,2023-08-08 18:07:12,19662184,19662185
16303137,"saostar.vn PHIM ẢNH 19/07/2023 - 14:03 (GMT+7) Cùng tạo hình Lưu Diệc Phi lấn át mỹ nữ Bắc Kinh: Đẳng cấp thiên tiên là đây Hạ Băng Cùng tạo hình Lưu Diệc Phi lấn át mỹ nữ Bắc Kinh Lưu Diệc Phi và nàng mỹ nữ Bắc Kinh bất ngờ đụng độ tạo hình. Xem tiếp sau quảng cáo Dù không liên tiếp có phim bạo, thế nhưng Lưu Diệc Phi vẫn được đánh giá là sao nữ đứng đầu lứa 85 bỏ xa cả Triệu Lệ Dĩnh – Dương Mịch. Diễn xuất có thể gây tranh cãi, thế nhưng nhan sắc của thần tiên tỷ tỷ là điều mà công chúng không thể phủ nhận. Ngoài vẻ đẹp mặn mà, Lưu Diệc Phi còn được trời phú cho khí chất thanh lãnh, thoát tục ít ai có thể bì kịp. Trong cuộc đua đụng độ tạo hình với nàng mỹ nữ Bắc Kinh, thần tiên tỷ tỷ hoàn toàn áp đảo. Cùng tạo hình Lưu Diệc Phi lấn át mỹ nữ Bắc Kinh: Đẳng cấp thiên tiên là đây Ảnh 1 Theo đó, Lưu Diệc Phi từng diện một bộ trang phục cực kỳ đặc biệt đến tham gia Đêm hội Điện ảnh Weibo năm 2022. Đây là một bộ váy màu vàng tôn dáng với phần ống tay áo phồng lớn. Điểm đặc biệt của bộ trang phục này chính là chiếc cổ áo cao cầu kỳ. Lộ diện trong tạo hình này, Lưu Diệc Phi khiến dân tình bấn loạn với nhan sắc xinh đẹp, kiểu tóc búi cao sát đầu càng làm tôn lên chiếc cổ cao cực phẩm của cô. Cùng tạo hình Lưu Diệc Phi lấn át mỹ nữ Bắc Kinh: Đẳng cấp thiên tiên là đây Ảnh 2 Cùng tạo hình Lưu Diệc Phi lấn át mỹ nữ Bắc Kinh: Đẳng cấp thiên tiên là đây Ảnh 3 Mới đây, Cảnh Điềm cũng xuất hiện trong một bộ trang phục có nhiều điểm tương đồng với Lưu Diệc Phi. Cũng là chiếc váy màu vàng lấp lánh, ống tay phồng và chiếc cổ áo ấn tượng, thế nhưng khác là bộ trang phục của nữ chính Tư Đằng bồng bềnh như công chúa. Ngoài ra, Cảnh Điềm cũng chọn kiểu tóc buông xõa tự nhiên thay vì búi cao như Lưu Diệc Phi. Được biết đây là tạo hình của nàng tiểu hoa khi quay một MV âm nhạc. Cùng tạo hình Lưu Diệc Phi lấn át mỹ nữ Bắc Kinh: Đẳng cấp thiên tiên là đây Ảnh 4 Cùng tạo hình Lưu Diệc Phi lấn át mỹ nữ Bắc Kinh: Đẳng cấp thiên tiên là đây Ảnh 5 Đặt lên bàn cân so sánh, khán giả cho rằng ở kiểu trang phục tương đồng thế này Lưu Diệc Phi hoàn toàn lấn át Cảnh Điềm. Không chỉ có nhan sắc thu hút hơn, điểm nổi bật của thần tiên tỷ tỷ so với nàng mỹ nữ Bắc Kinh chính là khí chất ít ai bì kịp. Dù vậy, Cảnh Điềm vẫn hệt như một nàng công chúa xinh đẹp là điều không ai có thể phủ nhận. Cùng tạo hình Lưu Diệc Phi lấn át mỹ nữ Bắc Kinh: Đẳng cấp thiên tiên là đây Ảnh 6 Cùng tạo hình Lưu Diệc Phi lấn át mỹ nữ Bắc Kinh: Đẳng cấp thiên tiên là đây Ảnh 7 Trong 2 năm trở lại đây, thần tiên tỷ tỷ thành công lớn khi quay lại màn ảnh nhỏ với Mộng Hoa Lục và Đi Đến Nơi Có Gió. Được biết hiện tại Lưu Diệc Phi đang quay dự án phim mới là Câu Chuyện Hoa Hồng. Trong khi đó Cảnh Điềm cũng là nữ chính của bộ phim cổ trang Tứ Hải Trọng Minh. Xem thêm: Pháo Hoa Nhân Gian Của Tôi do Dương Dương và tiểu Lưu Diệc Phi đóng bị tẩy chay Bài viết Hạ Băng Xem tiếp sau quảng cáo Tin liên quan Thảm đỏ Rồng Xanh 2023: Song Hye Kyo - Suzy tựa nữ thần, trùm cuối quá đỉnh Ngô Lỗi thừa nhận Triệu Lộ Tư là ánh dương duy nhất trong lòng anh Đàm Tùng Vận sắp kết hôn, theo chồng bỏ cuộc chơi? Là tiểu hoa đứng đầu lứa 95, Triệu Lộ Tư bị 'nữ thần thanh xuân' mới nổi hạ gục PHIM MỚIPHIM HOA NGỮLƯU DIỆC PHICẢNH ĐIỀMCÂU CHUYỆN HOA HỒNG Chia sẻ BÌNH LUẬN PiaLinh x Lâm Phúc Vietnam Idol: 'Bạn thì bạn nhưng đã vào cuộc chơi thì...' PiaLinh x Lâm Phúc Vietnam Idol: 'Bạn thì bạn nhưng đã vào cuộc chơi thì...' Rơi - Hà An Huy (MV Lyrics) Kim Nhã tự nhận thất bại trong tình yêu, Mỹ Tâm khai sáng định nghĩa mới Mỹ Tâm khó xử không biết phải làm sao với thí sinh giống Đan Trường? Mai Kim Liên ngỏ ý muốn nhạc sĩ Huy Tuấn trở thành chồng chưa cưới Vietnam Idol 2023 - Tập 2: Dàn thí sinh 'khủng' lộ diện Loạt biểu cảm siêu đáng yêu, 'keo ly mãi mặn' của Mỹ Tâm tại Vietnam Idol Nguyễn Lâm Phúc Tâm Sự Cùng Người Lạ đi thẳng vào vòng trong Hồ Võ Thanh Thảo ngọt ngào Yêu Xa, bất ngờ nhận vé vàng vào thẳng vòng Nhà Hát Dương Thành Đạt đốn tim Mỹ Tâm khi hát Thương Em Là Điều Anh Không Thể Ngờ Xem thêm Tin tài trợ Quảng cáo www.saostar.vn Thuộc Hội Người Mẫu Việt Nam Giấy phép Tạp chí điện tử Saostar số: 13/GP-BTTTT do Bộ Thông tin & Truyền Thông cấp ngày 11/01/2016 Tổng biên tập Nguyễn Quang Minh Thư ký tòa soạn Nguyễn Quỳnh Hoa Trụ sở TP. Hồ Chí Minh 5B Nguyễn Đình Chiểu, Phường Đa Kao, Quận 1 Hotline *** Hợp tác nội dung *** Hợp tác quảng cáo *** BẢNG GIÁ QUẢNG CÁO",5,2023-07-19 21:41:59,19662184,19662185
10813046,Tui đọc từng câu thấm từng chữ thấm hiểu nổi đau thấu tận tâm can của cô bé. Mình cũng là người khuyết tật rất hiểu cảm giác mình không giống vs các bạn cùng trang lứa không thể làm được những chuyện được cho là hiển nhiên nó đau đớn lắm. 10 điểm,5,2023-10-31 07:57:11,19662184,19662185
14763125,"Cuốn sách rất thật vì đó là Nhật ký vượt qua đau khổ của nhân vật chính cùng với những người thân yêu của cô bé. Đọc xong, cá nhân mình rất xúc động và thương cho nhân vật. Và có nhiều động lực để sống tốt hơn, ý nghĩa hơn,... mọi người ạ 🌿",5,2023-07-19 15:04:55,19662184,19662185
5778539,"Sách đẹp, hình in rõ nét. Mình mua 3 cuốn thì 1 cuốn bị nhăn ở góc cạnh và bẩn một xíu, kh đáng kể. Tiki giao hàng siêu nhanh lun",5,2023-10-13 19:32:56,19662184,19662185
17956859,"Mình kỳ vọng rất cao về cuốn sách qua những review mình đã đọc, nhưng quên mất một điều rằng nó đơn thuần chỉ là những trang nhật ký được biên tập lại. Điều này dẫn đến việc khi đọc phần đầu tác phẩm, mình có hụt hẫng về văn phong và nghi ngờ khả năng mình có thể kiên nhẫn theo dõi tới cuối truyện. Chắc chắn mình viết như vậy không phải để chỉ ra điểm trừ của Một lít nước mắt, mà là những mong mọi người khi đến với cuốn sách sẽ được chuẩn bị tinh thần và sẵn lòng lắng nghe tâm tư của Aya một cách trọn vẹn nhất. Bởi mình chắc chắn, qua những dòng chữ chân thực đời thường đó, độc giả ai cũng sẽ học được điều gì đó từ cô gái này, từ câu chuyện của gần một thập kỷ chống trọi với căn bệnh mà cái kết vốn đã được viết sẵn, tàn nhẫn đấy nhưng chẳng ai có thể làm gì khác ngoài chấp nhận gọi đó là số phận. Cho tới cùng, ngành Y Nhật Bản đương thời chẳng thể có được phép màu hay kỳ tích nào, nhưng cô gái trên đối với mình chính là một phép màu, và câu chuyện cô đã kể chính là một kỳ tích.",5,2022-11-01 19:48:43,19662184,19662185
7990063,"Sách mới, nội dung đọc sơ qua thấy hay, cuốn sách này có 1 bộ phim cùng tên 1 lít nước mắt, hồi xem phim mình đã khóc rất nhiều, nội dung thật cảm động, sâu sắc, đánh vào tâm lí người đọc",5,2021-06-22 16:27:57,19662184,19662185
27713063,"Mình thích chất bìa, mướt bóng loáng luôn Không biết đó in ấn hay sao mà giấy góc dưới bị đen đen như này",5,2023-02-15 16:47:32,19662184,19662185
19877632,"Đọc review và thấy cuốn sách tràn đầy ý nghĩa về cuộc sống của tác giả, ai coi phim rồi cũng biết ha? Sách về nhanh và an toàn, có hơi móp một xíu vì không còn nguyên seal ạ.",5,2022-08-31 11:56:38,19662184,19662185
28040815,"Sách đóng gói cẩn thận, được bọc bảo vệ nên khi nhận hàng không có vấn đề. Nội dung hay, nhân văn.",5,2025-04-05 10:09:15,19662184,19662185
21423877,"Sách hay thật sự luôn, mình biết đến cuốn sách này thông qua bộ phim cùng tên. Thật sự, đọc sách mà mình không ngừng suy nghĩ về những số phận bất hạnh trên cuộc đời này. Sách còn cho chúng ta thấy được nhiều bài học ý nghĩa mà sâu sắc, nhân văn. Đây là một cuốn sách đáng để đọc và được biết đến rộng rãi",5,2021-05-06 17:15:53,19662184,19662185
27367276,"Sách đẹp, nội dung chưa đọc nên không thể review, gói hàng thì tiki không còn làm mình bất ngờ nữa vì quá quen rồi =) hàng từ Hà Nội về mà chỉ vỏn vẹn 2 cuốn (mình mua 2 cuốn) gói gọn trong 1 hộp carton, mỗi cuốn được bọc bằng bọc sách (mình không biết gọi gì) may mà sách không nên cho 5sao, đáng lẽ là 4sao vì dịch vụ gói hàng nhưng thôi, nói quài cũng vậy",5,2022-04-26 12:25:27,19662184,19662185
21680704,"HÀNG CHUẨN 100% - GIÁ RẺ NHẤT THỊ TRƯỜNG - Gửi hàng ngay sau khi nhận được đơn - Giao hàng toàn quốc, thanh toán khi nhận hàng - Hỗ trợ đổi size thần tốc - Giải quyết mọi khiếu nại thắc mắc theo đúng quy định",5,2022-04-30 04:15:20,19662184,19662185
1454186,Cảm ơn Aya. Những suy nghĩ trong Nhật ký của em làm tôi cảm thấy trân trọng cuộc sống hơn bao giờ hết. Niềm tin và nghị lực sống của em sẽ mãi mãi là tấm gương cho tôi và những người đã đọc cuốn sách này. Một lần nữa xin cảm ơn em.,5,2021-09-25 21:05:52,19662184,19662185
27124482,Ngay từ khi cầm cuốn sách mình thực sự đã rất ưng chiếc bìa luôn. Nội dung có lẽ không cần bàn cãi nhiều bởi đây là tp gần như bất hủ luôn rùi,5,2022-03-24 22:34:28,19662184,19662185
141214,"câu chuyện cũng khá cảm động, có lẽ đây là những lời của Aya nên câu văn không quá trau chuốt và hơi lộn xộn, mẹ Aya cũng lược bớt đi nhiều chi tiết quá nên thành ra câu chuyện hơi sơ sài. mình không thích cách mẹ của Aya chỉ đích danh bệnh viện này bệnh viện kia không support Aya quá nhiều trong quá trình điều trị. bệnh của Aya khá đặc thù, Aya cũng chỉ là 1 trong rất nhiều bệnh nhân của bệnh viện, họ giúp được đến đâu hay đến đấy thôi nên không thể trách móc họ được. phần trách móc của *** trong cuốn sách kỷ niệm của con gái là giá trị quyển sách bị giảm hẳn luôn. đọc cuốn này mình không khóc cũng không thấy quá cảm động, chỉ lâu lâu đồng cảm vì mình cũng ở trong cảnh đi tìm người thuê để trông con cả chục lần nên hiểu phần nào.",5,2020-03-10 20:50:03,19662184,19662185
25074409,Hàng giao đến trước 1 ngày á mn. Chưa đọc nhưng sách đẹp và chất lượng.,5,2021-11-21 16:03:44,19662184,19662185
1911999,"Tiki giao hàng nhanh, đóng gói cẩn thận",5,2025-01-20 23:07:20,19662184,19662185
26513079,sách hông có bao bì luôn ạ=))Còn bị rách với nhăn góc sách nữa:((Nhưng mong tiki cẩn thận lại nên khuyến khích cho 5 sao:>,5,2022-02-12 15:30:16,19662184,19662185
9942351,Sách đẹp lắm ạ. Đóng gói kĩ càng vận chuyển nhanh,5,2022-03-09 07:37:08,19662184,19662185
20451789,"mình muốn mua cuốn này lâu lắm r ấy, xong thấy sale cơ. sách mới, tuy k có bọc bảo vệ nhưng k bị trầy xước gì cả. nói chung là hơn kì vọng của mình cơ",5,2021-04-01 12:18:33,19662184,19662185
11260524,"Sách là nhật ký của Kito Aya, cô bị mắc bệnh thoái hóa tiểu não. Những dòng nhật kí ngây ngô đượm buồn và tuyệt vọng ấy khiến mình xúc động. Sách rất tuyệt, sách mới và rất đẹp.Tiki giao rất nhanh. Cảm ơn shop ❤❤❤",5,2020-10-17 11:07:17,19662184,19662185
30716781,,5,2026-07-17 10:21:58,19662184,19662185
13256011,"Giao hành nhanh, sách đẹp. Cảm ơn shop nhiều ạ",5,2021-12-23 23:55:02,19662184,19662185
7389446,"Nội dung sách hay, giọng kể của chị aya khá gần gũi và truyền cảm. Chất lượng bìa và giấy in sách khá tốt. mình mua cuốn này khi đang giảm giá 25% và cảm thấy cả nội dung và hình thức sách đều rất xứng đáng",5,2019-10-03 20:56:33,19662184,19662185
8771624,,5,2026-06-07 13:43:54,19662184,19662185
28702468,"Thực sự không nói quá nhưng mình thấy sách rất cảm động. Và đặc biệt, Tiki giao hàng rất nhanh lunn í. Hôm qua mình đặt là hôm nay giáo rồi. Mãi iuu shop và iuu Tiki❤️",5,2023-01-10 18:08:13,19662184,19662185
19424331,"Sách tốt, hongg bị quăn góc hay gì cả :>> Nhưng sách có vẻ hơi hơi cũ xíuuu :",5,2021-03-31 21:34:05,19662184,19662185
20711996,"Sách rất hay và ý nghĩa, tổng thể thì sách giao không bị tổn hại nhiều, mới tuy nhiên phần gáy sách hơi bị móp một tí.",5,2021-07-03 10:55:37,19662184,19662185
30018084,Sản phẩm không có gì để chê.,5,2024-07-09 10:07:42,19662184,19662185
30654330,,5,2026-05-04 19:31:06,19662184,19662185
24231880,"sách tốt, thơm, ship nhanh lắm",5,2022-02-18 07:28:39,19662184,19662185
18997309,"Dành cho đọc giả nào muốn tìm hiểu sâu thêm về Kito Áya , phim 1 lít nước mắt 2005 đã cải biên , thêm vài nhân vật .... nên đọc thêm sách để có thêm trãi nghiệm !",5,2021-06-15 20:21:41,19662184,19662185
26863230,"Nói thật thì tui khá ấn tượng với cách gói hàng của bên này, bảo vệ môi trường. À, sách cũng rất tuyệt, cảm ơn shop nhiều nhiều luôn",5,2023-03-17 11:05:00,19662184,19662185
30569333,,5,2025-12-24 09:10:30,19662184,19662185
29680241,sách xịn chỉ tiếc là kh có kèm bookmark,5,2023-12-26 12:27:43,19662184,19662185
17969255,,5,2025-08-04 12:47:38,19662184,19662185
19443582,Lần đầu mua sách ở Tiki mà không được ưng ý cho lắm :( sách xước và đóng gói không được chắc chắn cho lắm :(((,5,2022-01-02 16:16:50,19662184,19662185
22262531,"Sách vừa cảm động còn vừa hay, tiki giao cũng nhanh còn gói đẹp. Cực mê luôn á",5,2021-06-22 16:15:54,19662184,19662185
20137723,"Sách cảm động, nhỏ gọn, in ấn rõ nét, nên mua",5,2023-02-09 19:19:12,19662184,19662185
17137716,mình mua hộ thôi nên khum rõ nội dung😃 nhưng mà truyện về đến nơi an toàn nha,5,2022-05-29 17:04:24,19662184,19662185
17469326,Bản sách đã truyền tải đầy đủ hơn những khía cạnh tâm lí mà phim không đủ thời lượng để thể hiện. Rất cảm động,5,2022-09-05 10:30:08,19662184,19662185
10022880,Vì là nhật kí nên mình cũng không thể đòi hỏi văn phong thật tốt được. Đọc giải trí ok.,5,2023-04-20 09:37:09,19662184,19662185
740588,Sách nhận k bị móp méo hay cong gáy sách. Quyển này m nhận chất lượng rất ok.,5,2023-07-22 20:47:57,19662184,19662185
7209402,Sách nội dung rất hay và cảm động,5,2024-04-18 19:42:40,19662184,19662185
26308716,"sách thơm mùi giấy, in đẹp, cầm chắc chắn, giao hàng nhanh, shipper rất dễ thương",5,2022-02-15 16:30:12,19662184,19662185
5446278,"Đã đọc, mua lần 2 đeer tặng",5,2024-04-10 07:32:32,19662184,19662185
26894996,,5,2024-11-11 00:04:41,19662184,19662185
13104074,,5,2024-10-31 13:05:32,19662184,19662185
7101514,,5,2024-10-30 13:33:06,19662184,19662185
5943049,"Phải nói quyển sách mang lại động lực rất lớn, rất tuyệt vời…",5,2023-06-15 13:16:43,19662184,19662185
9612676,xút động lém lun,5,2024-05-15 13:33:48,19662184,19662185
6186460,"Từng câu chữ đều diễn tả rất chân thực và đi vào lòng người, một cô gái bất hạnh mang một căn bệnh hiểm nghèo nhưng mang một khát khao sống cháy bỏng. Tôi ngưỡng mộ cô gái này và cả người mẹ vĩ đại của cô♡",5,2020-03-20 10:40:15,19662184,19662185
24807605,"giao hàng nhanh, bọc hàng không cẩn thận, không có thêm giấy chống sốc nhưng sách vẫn mới và ko bị móp méo nhiều. Lần sau sẽ ủng hộ ạ",5,2021-11-27 16:28:41,19662184,19662185
30048806,,5,2024-09-08 22:25:46,19662184,19662185
23746559,"Sách giao đúng ngày, shipper lịch sự. Chất lượng sách rất tốt, mới tinh, bao bì cẩn thận rất okela.",5,2022-09-02 12:30:47,19662184,19662185
27115024,"Bìa đẹp cực kì , chưa đọc nma thấy vô cùng thương chị Aya",5,2022-04-03 19:25:18,19662184,19662185
20515932,,5,2024-08-25 15:05:02,19662184,19662185
26706520,Mê sách đẹp xĩu,5,2023-01-30 16:58:24,19662184,19662185
22415119,"coi phim khóc sướt mướt vì quá cảm động , nhật kí cũng hay và buồn lắm",5,2023-02-15 12:26:50,19662184,19662185
12522587,"sách mới và rất hay , mình biết đến sách này thông qua bộ phim cùng tên",5,2021-12-16 15:32:51,19662184,19662185
18622094,"Mình đọc và không đặt xuống được . Thương người mẹ trong đó , thương số phận nghiệt ngã mà Aya phải gánh chịu",5,2020-12-17 08:00:16,19662184,19662185
18320426,"Sách hay, nhiều thông điệp. Mọi người nên mua.",5,2023-07-28 07:11:36,19662184,19662185
5666217,,5,2022-01-27 19:32:42,19662184,19662185
19045353,"từng coi phim rồi, không nghĩ có sách thật, giờ biết nên là phải mua. cảm ơn đã giao nhé",5,2022-08-24 14:12:17,19662184,19662185
3764686,Cả phim lẫn truyện đều rất hay. Nghe rv nhiều rồi nhưng bây h mới tậu đc em nó. Chắc chắn sẽ đọc lại nhiều lần nữa,5,2021-12-21 13:03:50,19662184,19662185
20737964,,5,2024-06-05 22:51:29,19662184,19662185
17091269,Một câu chuyện đầy nghị lực của một cô gái mạnh mẽ! Đôi khi đi lại ăn uống bình thường cũng là điều ước ao! Trân trọng!,5,2021-10-19 23:19:54,19662184,19662185
28405899,,5,2024-06-03 13:34:25,19662184,19662185
11849519,truyện hay😍😍😍,5,2021-07-19 13:17:11,19662184,19662185
13191369,"đóng gói kĩ , sách ý nghĩa",5,2022-08-04 11:43:52,19662184,19662185
23742703,Tiki là tuyệt vời nhất,5,2023-11-01 13:25:54,19662184,19662185
24706115,,5,2024-04-09 18:51:11,19662184,19662185
9901955,hơi dơ với nhăn góc một tia nhưng nhìn chung ok,5,2020-12-13 14:57:22,19662184,19662185
29625040,,5,2024-04-05 02:10:46,19662184,19662185
9804309,,5,2024-03-13 12:53:22,19662184,19662185
19193736,"sách đẹp lắm, mỗi tội quyển Mắt Biếc và Bến Xe đều có bookmark nhưng quyển này không có huhu. chưa đọc nên chưa đánh giá được nội dung",5,2021-04-30 15:59:10,19662184,19662185
21220641,Giao hàng nhanh đóng gói cẩn thận,5,2023-07-02 09:32:13,19662184,19662185
15127626,,5,2024-02-04 16:00:09,19662184,19662185
21124282,"Sách hay thật sự, bên ngoài bìa rất đẹp và ko bị móp méo j cả... Trong thời gian gần, mình sẽ cố gắng để dành tiền mua thêm sách nữa",5,2021-04-24 22:22:01,19662184,19662185
27510069,sách đẹp đóng gói kĩ,5,2022-05-16 19:16:53,19662184,19662185
7725610,,5,2024-01-08 11:47:50,19662184,19662185
29607741,,5,2024-01-04 17:52:11,19662184,19662185
19434876,,5,2023-12-24 18:00:18,19662184,19662185
19810358,"Sách okiii , mà shipper giao lâu khó chịu lắm 😐",5,2021-10-24 14:17:59,19662184,19662185
2054326,,5,2023-11-27 13:55:42,19662184,19662185
29084998,"Rất hay, tốt Giao hàng nhanh",5,2023-05-09 06:09:45,19662184,19662185
8248205,"Giao hàng nhanh ,đóng gói cẩn thận ⭐️⭐️⭐️⭐️⭐️⭐️⭐️⭐️⭐️⭐️⭐️⭐️⭐️⭐️⭐️⭐️⭐️",5,2021-07-26 15:27:41,19662184,19662185
15771703,"một tác phẩm nhân văn và rất có ý nghĩa, giúp mọi người có cái nhìn tích cực hơn về cuộc sống",5,2021-11-17 14:02:49,19662184,19662185
26025003,"hay lắm, gói hàng kỹ nữa",5,2022-02-27 09:08:01,19662184,19662185
17114847,,5,2023-11-02 06:53:42,19662184,19662185
28417977,Sách đẹp ảnh bên trg rất nét,5,2023-03-17 20:19:26,19662184,19662185
24914406,,5,2023-10-20 16:18:39,19662184,19662185
11056055,quyển sách này siêu xịn lun nha mn rất đáng mua luôn nha tiki giao hàng rất nhanh đóng gói rất tốt nưa❤️❤️❤️,5,2021-06-29 22:20:45,19662184,19662185
17775675,,5,2023-10-14 10:32:42,19662184,19662185
14704266,,5,2023-10-09 16:24:23,19662184,19662185
19581145,,5,2023-09-24 21:36:10,19662184,19662185
5384752,,5,2023-09-23 21:14:43,19662184,19662185
26718341,,5,2023-09-20 15:44:37,19662184,19662185
27063097,,5,2023-08-28 13:01:05,19662184,19662185
13977525,,5,2023-08-27 19:58:22,19662184,19662185
16239007,"Sách xinh lắm ấy , giấy in cũng đẹp nữa . Nói chung là hoàn hảo",5,2021-02-21 17:43:38,19662184,19662185
6122054,,5,2023-08-19 16:49:56,19662184,19662185
15887709,,5,2023-08-17 09:42:28,19662184,19662185
22758968,,5,2023-08-15 11:35:45,19662184,19662185
159251,,5,2023-08-10 20:55:30,19662184,19662185
114851,,5,2023-08-08 12:59:50,19662184,19662185
28985133,,5,2023-08-05 20:06:51,19662184,19662185
14679804,,5,2023-08-03 11:14:24,19662184,19662185
21381809,,5,2023-07-28 08:23:04,19662184,19662185
29287792,,5,2023-07-24 09:31:44,19662184,19662185
29213499,,5,2023-07-23 12:39:27,19662184,19662185
8180898,,5,2023-07-06 13:24:58,19662184,19662185
8305487,,5,2023-07-06 00:06:22,19662184,19662185
18178039,,5,2023-06-23 21:17:18,19662184,19662185
28963781,giao hàng nhanh,5,2023-03-20 17:09:01,19662184,19662185
13741812,rất hay đọc xong cảm thấy được sống đã là một món quà quý giá,5,2022-02-06 21:10:23,19662184,19662185
12189489,,5,2023-06-15 20:36:45,19662184,19662185
27636400,,5,2023-06-10 13:22:15,19662184,19662185
203318,"Quá hay quá xuất sắc, xuyên suốt cuốn sách là một cô gái đầy lạc quan, đọc xong biết trân trọng cuộc sống hơn",5,2021-02-17 16:57:33,19662184,19662185
18448521,,5,2023-06-08 13:59:19,19662184,19662185
10990942,,5,2023-06-06 08:01:39,19662184,19662185
15745014,"Một tác phẩm hay và đã đem đến cho mình niềm cảm hứng với việc đọc sách. Câu chuyện gây ám ảnh, cho ta bài học sâu sắc và rất đáng để đọc 1 lần",5,2020-04-13 10:02:49,19662184,19662185
18322651,,5,2023-05-29 03:03:26,19662184,19662185
28850863,nội dung hay,5,2023-03-07 21:48:14,19662184,19662185
7214227,,5,2023-05-11 21:19:59,19662184,19662185
27300085,"sách đẹp, ko xước nhưng cần gói kĩ hơn à",5,2022-06-06 11:52:53,19662184,19662185
28831693,Sách hay,5,2023-02-19 20:41:49,19662184,19662185
28683323,,5,2023-04-12 12:32:30,19662184,19662185
19762486,Good,5,2022-01-04 17:28:45,19662184,19662185
22235630,,5,2023-04-08 22:38:04,19662184,19662185
20021262,,5,2023-04-04 00:07:35,19662184,19662185
28364398,,5,2023-04-03 15:50:58,19662184,19662185
21852083,,5,2023-03-31 11:15:15,19662184,19662185
19646206,,5,2023-03-27 20:43:56,19662184,19662185
28546300,,5,2023-03-23 08:48:13,19662184,19662185
23592848,"Sách rất hay lấy nhiều nước mắt của người đọc,mọi người nên mua",5,2021-10-17 13:50:25,19662184,19662185
28916750,,5,2023-03-15 16:33:55,19662184,19662185
12024636,,5,2023-03-15 08:14:31,19662184,19662185
16412212,,5,2023-03-14 18:10:41,19662184,19662185
10845668,Tốt,5,2023-02-13 10:52:43,19662184,19662185
8138891,Chất lượng giấy in ổn,5,2022-09-17 06:45:31,19662184,19662185
7984000,"Đọc xong sách mà khóc đúng ra cả 1 lít nước mắt, cảm động vô cùng",5,2021-10-06 08:51:21,19662184,19662185
26735114,sách hay và rất cảm động,5,2022-08-18 10:08:35,19662184,19662185
27859293,,5,2023-02-12 13:29:56,19662184,19662185
10300738,"Sách hay, giao hàng nhanh",5,2022-09-07 02:09:47,19662184,19662185
14127303,,5,2023-02-09 12:33:34,19662184,19662185
694469,,5,2023-02-01 18:54:20,19662184,19662185
11167401,,5,2023-01-30 22:14:41,19662184,19662185
21082055,,5,2023-01-30 20:10:38,19662184,19662185
28670068,,5,2023-01-30 16:10:10,19662184,19662185
12493274,,5,2023-01-30 10:43:53,19662184,19662185
6619866,,5,2023-01-29 14:47:05,19662184,19662185
28474125,,5,2023-01-26 18:41:17,19662184,19662185
22742379,,5,2021-10-25 08:55:10,19662184,19662185
383088,,5,2022-12-25 23:56:33,19662184,19662185
26649860,,5,2022-12-23 12:21:19,19662184,19662185
12513818,,5,2022-12-22 17:17:04,19662184,19662185
6067160,,5,2022-12-22 08:13:59,19662184,19662185
6729067,,5,2022-12-20 22:32:32,19662184,19662185
20500653,,5,2022-12-17 21:13:03,19662184,19662185
17644937,,5,2022-12-17 09:23:43,19662184,19662185
5250893,,5,2022-12-14 14:41:21,19662184,19662185
453699,đã mua đc cuốn sách mơ ước cho em gái. rất cám ơn Tiki,5,2021-10-26 17:02:31,19662184,19662185
13864704,tốt,5,2021-08-23 08:10:02,19662184,19662185
27944102,,5,2022-12-03 19:21:13,19662184,19662185
8210151,,5,2022-12-03 14:04:09,19662184,19662185
15068832,,5,2022-11-25 14:42:48,19662184,19662185
458789,"Nhà tôi cần mua, đang rất thích đọc nên chấp nhận đặt giao nhanh 2h với mức phí giao cao, yêu thích sách nên dùng book care bọc sách. Kết quả giao 1 quyển sách hư, bị dính trang, cái này lúc bọc sách đang lẽ phải thấy rồi. Kết quả báo, chờ 1 ngày đến thu hồi xong bảo đợi 5-7 ngày làm việc sẽ giao sách mới. Mất lòng tin với mua sách online qua Tiki . Sau khi đánh giá trên trang thì về nhà 2h sau thấy giao nhanh 2h sản phẩm đến",3,,19662184,19662185
7818265,,5,2022-11-10 20:15:19,19662184,19662185
13357775,,5,2022-11-08 20:40:22,19662184,19662185
18351499,ok,5,2022-10-26 20:11:46,19662184,19662185
21629242,"giao hàng nhanh, sách mới đẹp, đóng gói okie",5,2021-12-18 09:35:50,19662184,19662185
27832701,,5,2022-10-23 22:32:44,19662184,19662185
23119983,,5,2022-10-22 15:50:22,19662184,19662185
14217312,,5,2022-10-20 15:18:21,19662184,19662185
22050193,Truyện cảm động lúm luôn 🥰,5,2022-03-12 08:29:09,19662184,19662185
18617748,"Sách đẹp lắm luôn, ko bị hư ở đâu hết, đóng gói cẩn thận, ship nhanh nữa",5,2021-03-30 16:02:25,19662184,19662185
6435378,,5,2022-10-13 08:07:45,19662184,19662185
6578463,Giao hàng nhanh vô cùng,5,2022-05-02 08:48:22,19662184,19662185
26969509,tiếc là đóng gói ko đc tốt,5,2022-03-07 13:32:46,19662184,19662185
27431554,"Giao nhanh, sách đẹp",5,2022-05-08 12:46:20,19662184,19662185
23067999,,5,2022-09-21 23:44:41,19662184,19662185
19999709,,5,2022-09-15 22:15:35,19662184,19662185
7411972,,5,2022-09-15 11:15:01,19662184,19662185
16106152,"giao hàng nhanh, sách ko bị gãy hay rách, sẽ ủng hộ tiki lâu dài",5,2021-06-13 16:27:18,19662184,19662185
27619233,,5,2022-09-10 21:07:42,19662184,19662185
27822391,,5,2022-09-09 15:56:32,19662184,19662185
8120854,Sách hay,5,2022-06-30 07:54:19,19662184,19662185
5608790,,5,2022-08-18 17:45:34,19662184,19662185
27956020,,5,2022-08-16 18:31:39,19662184,19662185
19627705,,5,2022-08-12 17:05:49,19662184,19662185
20102312,,5,2022-08-12 11:33:49,19662184,19662185
27420930,,5,2022-08-11 08:14:15,19662184,19662185
17101433,,5,2022-08-09 21:14:10,19662184,19662185
23068418,,5,2022-08-06 22:20:07,19662184,19662185
27938630,,5,2022-08-04 20:34:10,19662184,19662185
17001168,,5,2022-07-27 20:19:57,19662184,19662185
26221292,,5,2022-07-26 17:57:39,19662184,19662185
15989843,,5,2022-07-25 15:37:45,19662184,19662185
14026688,"sách đẹp, nội dung hay",5,2022-02-08 20:37:48,19662184,19662185
27871487,,5,2022-07-22 11:40:25,19662184,19662185
7307913,,5,2022-07-17 03:05:20,19662184,19662185
10645485,,5,2022-07-16 21:28:19,19662184,19662185
20565170,Đẹpppp,5,2021-03-12 07:38:26,19662184,19662185
21244167,"chất lượng sản phẩm rất tốt , giao hàng nhanh , nói chung oki",5,2021-04-10 19:00:34,19662184,19662185
9085538,sãh đẹ0 lắm nha,5,2022-02-24 15:26:36,19662184,19662185
5811512,tiki giao sách nhăn,5,2022-02-23 23:03:42,19662184,19662185
7713350,,5,2021-04-13 15:45:11,19662184,19662185
27683454,,5,2022-06-24 00:20:32,19662184,19662185
22797163,,5,2022-06-14 04:05:20,19662184,19662185
26186620,,5,2022-06-13 18:38:03,19662184,19662185
22549347,,5,2022-06-08 20:58:41,19662184,19662185
7843590,"Đóng gói tốt, giao hàng nhanh",5,2021-11-15 15:54:37,19662184,19662185
10025671,,5,2022-06-08 00:14:26,19662184,19662185
25983168,sách hay,5,2022-04-10 09:18:32,19662184,19662185
16913310,,5,2022-05-31 13:00:15,19662184,19662185
8026102,,5,2022-06-01 10:15:34,19662184,19662185
18127705,,5,2021-03-13 17:42:46,19662184,19662185
17251276,,5,2022-05-24 16:07:11,19662184,19662185
22099101,,5,2022-05-19 15:02:51,19662184,19662185
16768861,,5,2022-05-16 10:34:19,19662184,19662185
21489041,,5,2022-05-15 22:38:18,19662184,19662185
16851951,,5,2021-03-01 09:56:43,19662184,19662185
115690,,5,2022-05-10 20:20:15,19662184,19662185
20335507,,5,2021-02-18 15:39:59,19662184,19662185
11888388,,5,2022-05-02 19:49:28,19662184,19662185
26959183,ㅎㅎ,5,2022-03-20 16:33:17,19662184,19662185
11447577,,5,2022-04-14 20:04:23,19662184,19662185
26989134,,5,2022-04-13 12:15:38,19662184,19662185
15183919,Câu chuyện khá buồn. Sản phẩm tốt.,5,2021-07-17 20:17:40,19662184,19662185
7894243,ok,5,2022-03-11 08:42:39,19662184,19662185
8410256,,5,2022-03-17 14:16:43,19662184,19662185
11691530,,5,2022-03-17 13:15:29,19662184,19662185
12717302,,5,2022-03-13 20:35:11,19662184,19662185
21736002,,5,2022-03-10 21:39:02,19662184,19662185
18281043,,5,2022-03-10 16:56:59,19662184,19662185
15216032,"câu chuyện cảm động và đầy nhân văn, chất lượng sách rất tốt, tiki phục vụ nhiệt tình",5,2020-04-29 12:49:38,19662184,19662185
21182270,,5,2022-03-08 13:41:47,19662184,19662185
13304839,,5,2022-03-07 15:45:59,19662184,19662185
8557801,,5,2022-03-03 19:04:12,19662184,19662185
26886555,,5,2022-02-28 10:07:04,19662184,19662185
26735624,,5,2022-02-26 22:14:55,19662184,19662185
14278724,,5,2022-02-25 19:43:49,19662184,19662185
17634117,,5,2022-02-21 18:49:42,19662184,19662185
22030071,,5,2022-02-21 12:30:51,19662184,19662185
22767721,Sách hay,5,2021-12-26 14:08:32,19662184,19662185
6561500,,5,2022-02-16 12:42:32,19662184,19662185
12343851,"sản phẩm chất lượng, giao hàng nhanh, nói chung là tuyệt vời ạ",5,2020-11-04 19:21:00,19662184,19662185
1255417,,5,2022-02-14 21:22:00,19662184,19662185
25800066,Hay,5,2022-01-26 10:34:27,19662184,19662185
11429791,Nhanh,5,2022-01-13 23:57:54,19662184,19662185
16900847,,5,2022-02-11 12:50:35,19662184,19662185
23098842,Chất lượng tốt,5,2021-10-10 10:43:12,19662184,19662185
10637185,,5,2022-02-09 12:07:09,19662184,19662185
8595255,,5,2022-02-05 11:40:14,19662184,19662185
19716616,hàng tốt,5,2021-12-01 19:00:17,19662184,19662185
23982584,100/10,5,2021-12-27 15:53:18,19662184,19662185
17338551,sách oke lắm nha,5,2021-10-11 03:18:40,19662184,19662185
2017221,,5,2022-01-24 16:21:41,19662184,19662185
18323738,,5,2022-01-19 12:09:32,19662184,19662185
22500905,,5,2022-01-13 11:19:34,19662184,19662185
23030474,,5,2022-01-09 13:41:28,19662184,19662185
18239180,,5,2022-01-05 15:14:14,19662184,19662185
26329566,,5,2022-01-05 11:28:16,19662184,19662185
9961348,,5,2021-12-31 09:10:56,19662184,19662185
17971142,,5,2021-12-26 14:16:47,19662184,19662185
26058671,,5,2021-12-20 03:11:33,19662184,19662185
17114211,,5,2021-12-18 12:44:07,19662184,19662185
11790558,,5,2021-12-14 21:19:25,19662184,19662185
20317470,,5,2021-12-10 17:05:14,19662184,19662185
22789344,,5,2021-12-03 22:43:58,19662184,19662185
9020332,"giao hàng nhanh lắm ạ. Em vừa đặt lúc 8, 9h đên hôm trước thì sáng tầm hơn 9h một tí là đã giao đến nơi rồi ạ. Shipper cũng rất thân thiện, lúc gửi tiền em đưa ảnh tờ hơi lớn ảnh thối hết tiền lẻ nên tội anh ghê. Còn về sách thì em đã nghe nhiều đanh giá tốt về sách rồi. Tuy nhiên, đây là lần đầu em được giao sách bẩn như vậy ạ. Hơn nữa sách còn bị cong ở phần bìa. Nhưng vì là lỗi nhỏ và chắc là vì tết nên cũng ổn, không sao ạ.",4,2021-02-09 13:25:04,19662184,19662185
838883,,5,2021-11-29 15:46:56,19662184,19662185
21558704,,5,2021-11-28 21:55:50,19662184,19662185
21381101,,5,2021-11-23 23:46:42,19662184,19662185
20757638,,5,2021-11-17 11:15:44,19662184,19662185
23718668,,5,2021-11-16 08:25:24,19662184,19662185
6430905,,5,2021-11-15 22:21:34,19662184,19662185
8870252,,5,2021-11-08 22:33:09,19662184,19662185
21096379,,5,2021-11-04 13:32:44,19662184,19662185
24369542,,5,2021-10-26 17:32:45,19662184,19662185
8912973,,5,2021-10-21 10:58:34,19662184,19662185
728275,Hay nhưng buồn quá.,5,2021-06-08 20:18:21,19662184,19662185
1635513,,5,2021-10-19 12:13:51,19662184,19662185
12351328,"Sp tốt, chất lượng",5,2021-05-24 11:07:53,19662184,19662185
16231054,,5,2021-10-15 14:49:51,19662184,19662185
16921368,,5,2021-10-06 20:25:05,19662184,19662185
9936544,,5,2021-10-01 12:54:29,19662184,19662185
5264618,Sách được đóng gói kỹ. Giao hàng nhanh.,5,2020-12-11 10:08:00,19662184,19662185
11953379,Hegge,5,2021-08-31 08:15:02,19662184,19662185
16309353,,5,2021-09-22 10:31:39,19662184,19662185
16738502,,5,2020-07-06 19:06:08,19662184,19662185
16076075,,5,2021-09-07 01:09:39,19662184,19662185
20674627,sản phẩm siêu tốt nhấ,5,2021-03-12 12:27:19,19662184,19662185
6809786,,5,2021-08-28 10:35:14,19662184,19662185
22666294,,5,2021-08-27 14:18:06,19662184,19662185
15208552,,5,2021-08-23 07:13:39,19662184,19662185
22044458,,5,2021-08-18 13:37:45,19662184,19662185
5959505,,5,2021-08-14 20:32:03,19662184,19662185
12631341,,5,2021-08-14 11:36:56,19662184,19662185
13841425,Câu chuyện rất cảm động. Tiki giao hàng nhanh. Khuyên mọi người mua thử,5,2020-02-28 09:51:24,19662184,19662185
7063099,Nội dung rất hay. Đóng gói rất đẹp và giao hàng rất nhanh.,5,2020-06-02 15:48:10,19662184,19662185
9925034,Tiki giao hàng rất nhanh và sách rất chất lượng và đặc biệt giá luôn rẻ hơn thị trường. LOVE U 3000,5,2019-07-12 10:58:18,19662184,19662185
13046851,,5,2021-07-20 13:17:54,19662184,19662185
9963025,"Sách đẹp, thơm, hay. Phê.",5,2021-01-14 08:41:22,19662184,19662185
1584593,sách hay,5,2021-05-22 20:30:20,19662184,19662185
14111655,,5,2021-07-12 20:46:31,19662184,19662185
6986731,,5,2021-07-07 14:41:12,19662184,19662185
10078549,,5,,19662184,19662185
1466277,,5,2021-07-02 16:25:29,19662184,19662185
18107964,,5,2021-06-23 11:50:59,19662184,19662185
20621775,Xịn xò jjkkkkhh,5,2021-03-10 06:00:13,19662184,19662185
5601480,,5,2021-06-22 15:46:05,19662184,19662185
14383430,,5,2021-06-15 20:12:39,19662184,19662185
22101262,,5,2021-06-15 14:13:15,19662184,19662185
20542177,,5,2021-06-15 12:51:09,19662184,19662185
20953037,,5,2021-06-09 16:15:01,19662184,19662185
7363856,,5,2021-06-01 19:38:57,19662184,19662185
8566837,,5,,19662184,19662185
8645900,sách rất ý nghĩa,5,2021-01-02 12:31:04,19662184,19662185
16313859,,5,2021-05-23 08:56:55,19662184,19662185
6524348,,5,2021-05-22 17:20:04,19662184,19662185
9748232,,5,2021-05-19 19:47:30,19662184,19662185
10871229,,5,2021-05-18 08:21:51,19662184,19662185
18972521,,5,2021-05-16 12:57:52,19662184,19662185
21209060,,5,2021-04-29 21:46:43,19662184,19662185
14390233,,5,,19662184,19662185
6113648,,5,2021-04-23 13:18:54,19662184,19662185
20029598,,5,2021-04-23 12:09:26,19662184,19662185
2097809,,5,2021-04-19 18:45:00,19662184,19662185
18451067,,5,2021-04-16 19:55:05,19662184,19662185
6883650,"giao hàng nhanh, chất lượng sảm phẩm được giao đến tốt",5,2020-02-12 00:05:35,19662184,19662185
9244481,,5,2021-04-09 16:44:23,19662184,19662185
10431663,,5,2021-04-04 18:01:52,19662184,19662185
7094713,,5,,19662184,19662185
7823861,,5,2021-04-01 16:10:12,19662184,19662185
16571190,,5,2021-03-31 21:32:16,19662184,19662185
10214281,,5,2021-03-31 13:59:08,19662184,19662185
18080378,,5,,19662184,19662185
7887508,,5,2021-03-27 18:45:33,19662184,19662185
20929898,,5,2021-03-23 18:24:02,19662184,19662185
20360067,hay,5,2021-02-27 15:30:04,19662184,19662185
20718371,,5,2021-03-15 10:57:53,19662184,19662185
17114135,,5,2021-03-12 12:27:16,19662184,19662185
20629234,,5,2021-03-11 12:12:49,19662184,19662185
5638055,,5,2021-03-10 21:10:16,19662184,19662185
6175322,,5,2021-03-10 20:30:33,19662184,19662185
844625,,5,2021-03-10 11:43:16,19662184,19662185
10746684,,5,2021-03-08 20:04:00,19662184,19662185
8431676,"Giao hàng chất lượng, nhanh, shipper nhiệt tình",5,2020-04-14 21:59:57,19662184,19662185
19622051,,5,2021-03-06 07:41:00,19662184,19662185
6735068,,5,2021-03-05 22:41:06,19662184,19662185
19838236,,5,2021-03-03 19:58:25,19662184,19662185
20479849,,5,2021-03-03 13:52:39,19662184,19662185
280458,,5,2021-03-01 15:16:45,19662184,19662185
19568608,,5,2021-02-26 19:07:48,19662184,19662185
20117716,,5,2021-02-22 21:59:38,19662184,19662185
16729302,,5,2021-02-22 16:21:29,19662184,19662185
19838532,,5,2021-02-19 17:29:23,19662184,19662185
20297551,,5,2021-02-18 16:50:17,19662184,19662185
11679586,dịch vụ tốt,5,2020-11-10 20:09:25,19662184,19662185
5178092,,5,2021-02-17 11:10:42,19662184,19662185
602407,,5,2021-02-15 10:26:54,19662184,19662185
5716850,"Phải nói là hay cực, bài học để lại cũng ý nghĩa nữa chứ.",5,2019-11-12 19:28:05,19662184,19662185
10739502,đẹp quá trời,5,2020-10-28 18:12:16,19662184,19662185
19996037,,5,2021-02-09 15:55:57,19662184,19662185
8023142,sách hay,5,2020-12-17 10:17:58,19662184,19662185
19971730,,5,2021-02-04 20:19:28,19662184,19662185
8139123,,5,2021-01-27 20:32:40,19662184,19662185
18564376,,5,2021-01-27 10:40:22,19662184,19662185
19869193,,5,2021-01-24 20:48:16,19662184,19662185
1036299,,5,2021-01-24 13:35:10,19662184,19662185
5179920,,5,2021-01-22 16:52:36,19662184,19662185
671895,,5,2021-01-20 20:49:34,19662184,19662185
12748851,,5,2021-01-16 18:49:35,19662184,19662185
14022978,,5,2021-01-15 12:05:07,19662184,19662185
10736844,,5,2021-01-13 09:23:11,19662184,19662185
10783120,,5,2021-01-13 00:37:45,19662184,19662185
19795185,,5,2021-01-09 12:43:55,19662184,19662185
7063490,,5,2021-01-06 00:42:13,19662184,19662185
7493866,,5,2021-01-01 22:08:34,19662184,19662185
6430793,,5,2020-12-22 07:33:55,19662184,19662185
19409822,ok,5,2020-12-07 22:19:13,19662184,19662185
19391003,,5,2020-12-10 18:57:27,19662184,19662185
724137,,5,2020-12-10 11:45:33,19662184,19662185
18273843,,5,2020-12-09 23:17:24,19662184,19662185
18163210,,5,2020-12-04 11:21:42,19662184,19662185
17312657,,5,2020-11-28 17:00:47,19662184,19662185
13642389,Cực kỳ hài lòng,5,2020-07-28 16:01:35,19662184,19662185
18938463,,5,2020-11-27 12:48:48,19662184,19662185
7744415,,5,2020-11-22 16:28:17,19662184,19662185
2029496,,5,2020-11-16 19:41:05,19662184,19662185
16840557,,5,2020-11-16 18:46:04,19662184,19662185
8277562,,5,2020-11-14 17:55:23,19662184,19662185
18921636,,5,2020-10-28 23:35:45,19662184,19662185
18310866,,5,2020-10-25 10:52:12,19662184,19662185
5876454,,5,2020-10-21 12:44:21,19662184,19662185
16904317,,5,2020-10-18 18:23:35,19662184,19662185
11567434,,5,2020-10-12 11:48:12,19662184,19662185
1230404,,5,2020-10-09 11:53:16,19662184,19662185
500105,"Đọc hay và ý nghĩa, mỗi tội đọc tới đâu, khóc tới đó",5,2019-08-02 09:57:44,19662184,19662185
16538036,,5,2020-10-04 10:27:27,19662184,19662185
16500168,,5,2020-08-26 18:36:12,19662184,19662185
1613031,,5,2020-08-23 14:58:36,19662184,19662185
22308307,"Tình cờ lên xem đơn hàng mình thấy giới thiệu quyển này. Vào đọc bình luận thấy mọi người khen nên đã đặt. Hôm qua đặt hôm nay đã đến. Mặc dù Tiki k hề bọc sách, nhưng sách vẫn không bị ảnh hưởng. Về nội dung thì mình sẽ review sau khi đọc ạ",4,2021-06-29 09:59:58,19662184,19662185
1692004,,5,2020-08-10 01:18:44,19662184,19662185
1214493,,5,2020-08-04 12:16:09,19662184,19662185
13958576,,5,2020-07-28 10:25:21,19662184,19662185
9831999,,5,2020-07-27 16:49:39,19662184,19662185
16717436,,5,2020-07-22 22:26:04,19662184,19662185
12303967,,5,2020-07-22 08:20:16,19662184,19662185
9111568,,5,2020-07-08 08:46:44,19662184,19662185
19843942,"Mình mua Tiki cũng hơn 200 cuốn sách, nhưng…. Tiki đóng hàng tệ quá, cách đây 3-4 năm đóng cẩn thận, hộp giấy dày, vừa với khổ sách, chống sốc tốt, 1 năm trở lại đây không còn trân trọng sách như ngày nào, 1 cái hộp giấy, thả hết sách khách đặt vào, bỏ thêm cho 1 tờ giấy xi vò lên trên, rồi gửi hàng, quá trình vận chuyển sách va đập, tất cả mọi cuốn nhận được đều hư gáy, quăn bìa, xước bìa,… chưa nói có đơn góc hộp rách tươm, sách trồi cả ra, cứ thế này sao ủng hộ tiếp được, nhìn những cuốn sách mà xót xa!",3,2023-03-09 22:21:14,19662184,19662185
24858314,"Giao hàng nhanh, đủ số lượng. Sẽ vui hơn khi người bán đóng gói hàng cẩn thận. Mình mong bạn sẽ rút kinh nghiệm để đem lại những trải nghiệm tốt cho khách hàng.",4,2022-11-29 20:36:49,19662184,19662185
6766211,"quá thất vọng nhé. giao hàng thì lâu , nói là được tặng coupon mà nhận hàng hơn ngày rồi có thấy gì đâu. ủa chơi gì kì vậy, định ỉm đi hả tiki LÀM ĂN CHỚT CHÁT. dịch vụ tiki dạo này quá tệ ,nếu có thể mình còn muốn vote 0,00001 sao cơ chứ k phải 1 sao đâu mong rằng đọc đc đánh giá này tiki sớm trả mình coupon trước ngày 38. sau ngày 28 thì dẹp mẹ đi",1,2019-08-25 21:34:08,19662184,19662185
24792909,sách giao đến có phần hơi bẩn và đóng gói cũng không kĩ lắm,4,2021-12-18 11:16:42,19662184,19662185
16829743,"Nhận sách sau 6 ngày chờ đợi,tiki đợt này giao hàng cẩn thận,sách đẹp,về nội dung thì mình chỉ mới lướt qua nhưng khá ưng ý.Cảm ơn ạ",4,2021-03-08 16:28:44,19662184,19662185
12047144,"Hay bổ ích, giúp người đọc có nhiều nghị lực hơn trong cuộc sống",4,2023-10-08 09:32:12,19662184,19662185
16988981,"sách bị bẩn, k hài lòng cách bọc hàng",2,2023-01-07 10:15:55,19662184,19662185
29174678,"Màu sắc rõ nét giao hàng chậm,méo nhưng mà sách thì ko sao",4,2023-09-17 22:04:33,19662184,19662185
22460133,Chung là do bên vận chuyển. sách như nào chưa biết chứ nhìn vầy là hết muốn đọc,2,2021-11-15 14:09:45,19662184,19662185
22434929,này là sách cũ ạ? không có seal cũng không sao nhưng mà nó dơ quá vậy ạ?,4,2021-10-29 10:23:50,19662184,19662185
9064849,Không hiểu sao một bên quyển này lại bị mấy vệt dơ như vậy hơi buồn một xíu :((,3,2020-03-31 12:21:36,19662184,19662185
29280821,,4,2024-04-20 11:01:40,19662184,19662185
9860537,"Tuy giao hàng khá nhanh nhưng sách lại cũ,dơ.Thật sự thất vọng về tiki.Mong sẽ sớm phản hồi lại cho mình................................................................................................................",2,2020-04-08 14:16:21,19662184,19662185
23926499,"sách hơi cũ ,ko có bookmark nên hơi bất tiện,giao hàng nhanh sách hơi bị trầy, lần 2 mua sách trên tiki ko hài lòng lắm",3,2021-11-08 11:46:30,19662184,19662185
22069531,"sách k đc bookcare, k có seal, bị ố bẩn nên mình k ưng lắm, có hơi thấy vọng :((",4,2022-07-20 16:12:40,19662184,19662185
7602675,"Một câu chuyện buồn thật, đọc mới thấy những điều bình dị mỗi ngày mới thật đáng trân trọng làm sao.",4,2020-08-21 21:28:50,19662184,19662185
9949720,"không nói về nội dung tác phẩm, sách thì bị dính keo, còn móp nữa :(( mong lần sau đóng gói cẩn thận ạ",3,2019-06-19 17:29:29,19662184,19662185
17483576,,4,2023-12-16 10:12:07,19662184,19662185
9086291,"Giao hàng nhanh, đóng gói ko kĩ lắm.",4,2022-01-04 17:14:08,19662184,19662185
17357500,bên giao hàng làm gãy đôi bìa sách của mình mặc dù đã mua bookcare tương đối thất vọng,2,2020-11-23 17:12:42,19662184,19662185
20247982,,4,2023-07-01 08:52:10,19662184,19662185
28938806,,4,2023-06-23 21:47:43,19662184,19662185
24652557,"sách đẹp, vận chuyện nhanh nhưng không được bọc bằng bookcare 😥",4,2021-12-10 20:59:33,19662184,19662185
19421760,"sách lần này giao hơi cũ, lưng sách như sắp rách",3,2022-03-30 08:11:25,19662184,19662185
27151382,"sách hơi móp 1 tẹo, nhưng đọc vẫn hay",4,2022-05-28 11:09:44,19662184,19662185
10793591,"Xem phim và đọc truyện khiến mình thấy biết ơn cuộc sống và khâm phục ý chí của bạn nhân vật chính, nó khiến mình mong muốn giúp những người kém may mắn hơn mình",3,2019-10-20 10:36:31,19662184,19662185
23087764,Sách đẹp nhưng bìa hơi cong,4,2022-08-12 11:05:28,19662184,19662185
17314322,"Giao hàng nhanh, sách đẹp tuy nhiên có một vết bẩn ở gáy sách lau không sạch",4,2020-05-12 14:49:56,19662184,19662185
6745430,"khá buồn vì sách giao tới chỉ được đóng gói trong hộp, kh đc bao gì hết nên sách bị cong :((",4,,19662184,19662185
9896522,,4,2022-10-27 11:22:06,19662184,19662185
1791438,,4,2022-10-22 06:28:04,19662184,19662185
12722767,"sách ko được bọc bao , nên khi giao hàng nó bị gãy mép",4,2020-03-29 20:48:20,19662184,19662185
14560439,"Kiểu bút kí, đọc ko cuốn hút lắm",3,2021-09-16 20:34:18,19662184,19662185
25461027,huhswuknvcvhidsfjnh,4,2022-02-03 00:36:51,19662184,19662185
20478416,hơi dính những vết bẩn khá nhiều,3,2021-08-22 13:40:30,19662184,19662185
10914610,"Sách không mới, bị cong, bám bụi",3,2021-08-17 03:27:59,19662184,19662185
5839869,,4,2022-02-10 20:57:20,19662184,19662185
9780300,,4,2022-02-08 11:38:08,19662184,19662185
26516001,,4,2022-02-05 10:36:39,19662184,19662185
13039574,"sách được đóng gói kỹ càng, giao hàng cũng rất nhanh!!. khá hài lòng, nội dung thì chưa đọc song nên chưa cho ý kiến được",4,2019-07-26 23:07:04,19662184,19662185
1341231,,4,2021-12-29 10:49:17,19662184,19662185
14543579,,4,2021-11-28 14:14:14,19662184,19662185
22523378,Bìa sách cũ,4,2021-09-05 10:20:48,19662184,19662185
17594886,,4,2021-10-22 13:53:19,19662184,19662185
12085108,"Tiki giao nhanh, truyện bìa có hơi bẩn một chút nhưng mà truyện cảm động lắm",4,2020-02-06 19:35:29,19662184,19662185
1317861,,4,2021-08-25 21:57:32,19662184,19662185
22574306,,4,2021-07-10 14:34:50,19662184,19662185
20443267,cuốn sách khá hay?,4,2021-02-24 18:01:11,19662184,19662185
22187645,,4,2021-06-30 17:25:40,19662184,19662185
7426060,,4,2021-06-26 21:36:20,19662184,19662185
6874376,"Tiki gửi hàng nhanh, sách rất đẹp. Nội dung tương đối hay.",4,2020-03-10 22:11:52,19662184,19662185
16907712,,4,2021-04-10 11:37:10,19662184,19662185
13720914,,4,2021-04-06 11:04:54,19662184,19662185
5218433,Nhẹ nhàng. Hơi lộn xộn,4,2020-10-12 09:48:13,19662184,19662185
7213024,,4,2021-03-30 13:00:00,19662184,19662185
12705474,hay ý nghĩa,4,2020-12-21 11:41:41,19662184,19662185
8175604,,4,2021-02-24 20:46:48,19662184,19662185
7450333,,4,2021-02-19 12:01:56,19662184,19662185
10843521,,4,2021-02-01 22:33:57,19662184,19662185
5394388,một cuốn sách hay,4,2020-09-12 12:07:20,19662184,19662185
16889580,sách hay chỉ giao hàg toàn lộn địa chỉ,3,2020-03-25 18:55:49,19662184,19662185
812574,,4,2020-12-23 12:40:20,19662184,19662185
7736268,,4,2020-12-22 11:42:17,19662184,19662185
1331460,,4,2020-10-07 22:32:28,19662184,19662185
12380677,,4,2020-08-28 21:34:29,19662184,19662185
8748584,,4,2020-08-18 14:35:39,19662184,19662185
11411420,,4,2020-07-22 13:22:58,19662184,19662185
11963056,,4,2020-06-21 10:50:14,19662184,19662185
22439379,(*) Đánh giá không tính điểm Nội dung rất hay nha. Do hồi trước coi phim rùi nên mk biết trước nội dung. Coi phim mấy lần r lần nào cx khóc hết nước mắt nên luôn muốn mua cuốn nàu về đọc. Cơ mà tiki gói hàng quá chi là sơ sài. Mình mua nhiều cuốn mà cho vào mỗi cái hộp carton trơ trọi. May mà sách k sao. Mong tiki cải thiện khâu này,3,2023-02-03 20:04:49,19662184,19662185
26886098,(*) Đánh giá không tính điểm gói hơi sơ sài nhưng sách không hư tổn mấy nên cho 3sao 🤦,3,2023-02-18 20:10:48,19662184,19662185
22582050,"Đóng gói đẹp, mua sách được tặng Post card, sách đẹp, hài lòng",5,2026-06-07 11:42:19,76543328,76543329
1264228,"Sách đọc có giá trị. Bìa sách thiết kế đẹp mộc mạc, chất liệu giấy đẹp. Cuối sách có tập tranh về sen do tác giả vẽ rất đẹp. Nhà sách tặng kèm tấm thiệp carte hoa sen của tác giả. Cám ơn nhiều!",5,2022-07-07 20:37:01,76543328,76543329
11360189,,5,2026-09-21 19:29:25,76543328,76543329
22643444,,5,2026-09-09 19:38:57,76543328,76543329
123687,,5,2026-03-27 22:01:21,76543328,76543329
2970,"Sản phẩm rất ok, đóng gói tốt và giao hàng nhanh.............",5,2021-05-09 09:43:28,76543328,76543329
9864966,"Giao nhanh, chất lương!",5,2021-10-04 10:49:10,76543328,76543329
295451,Đẹp,5,2021-04-24 11:06:51,76543328,76543329
16327406,,5,2022-07-12 11:14:49,76543328,76543329
1612296,,5,2022-05-30 16:17:29,76543328,76543329
9781727,,5,2022-05-11 11:23:09,76543328,76543329
1692471,Hàng đúng như quảng cáo. Giao hàng đúng hẹn. Cám ơn nhiều,5,2021-03-07 15:03:19,76543328,76543329
25399484,,5,2022-04-28 19:57:01,76543328,76543329
12414051,,5,2022-04-26 12:11:02,76543328,76543329
6590955,,5,2022-04-21 12:21:28,76543328,76543329
59840,,5,2022-04-11 18:02:45,76543328,76543329
683777,Sách đóng gói cẩn thận. Chưa đọc,5,2021-07-18 11:03:35,76543328,76543329
11606609,,5,2022-04-01 10:35:17,76543328,76543329
21928235,,5,2022-02-24 08:04:41,76543328,76543329
187766,,5,2022-02-18 12:46:18,76543328,76543329
944587,,5,2022-02-08 18:49:42,76543328,76543329
987206,Hay.,5,2021-04-28 19:38:21,76543328,76543329
19846771,,5,2021-05-18 06:39:20,76543328,76543329
5625232,,5,2021-05-17 14:06:43,76543328,76543329
112885,,5,2021-05-16 09:02:16,76543328,76543329
6599952,,5,2021-04-19 13:38:05,76543328,76543329
7830515,,5,,76543328,76543329
18241257,,5,2021-03-30 14:01:16,76543328,76543329
9627877,,5,,76543328,76543329
101769,,5,2021-02-28 17:17:57,76543328,76543329
7564237,,5,2021-02-23 21:00:25,76543328,76543329
12293130,"Tác phẩm này của dịch giả, hoạ sỹ Trịnh Lữ là cuốn chọn lọc những ghi chép, trải nghiệm về đời và nghệ thuật của ông. Sách đẹp, kèm poscat tranh của ông.",4,2021-03-18 13:46:03,76543328,76543329
15926443,"Cuốn sách là tập hợp những ghi chép cá nhân của Trịnh Lữ, cảm giác như đang đọc suy nghĩ của tác giả nên có nhiều chỗ vẫn lửng lơ và lan man, không rõ ý.",4,2021-09-10 09:48:33,76543328,76543329
20492344,"Giao hàng nhanh, nhưng bìa sách có những chỗ bị quăn :( hơi buồn huhu",3,2022-04-17 22:46:47,76543328,76543329
18113050,,4,2021-07-07 21:57:38,76543328,76543329
647285,,4,2021-05-07 08:51:39,76543328,76543329
7950306,,4,,76543328,76543329
11248651,,4,2021-03-24 16:21:46,76543328,76543329
7533250,"Biết đến cuốn sách khi nó nằm trong list sách của Trung Nguyên dành cho lãnh đạo nên mua đọc thử dù bản thân ko hứng thú mấy dạng truyện viết. Để cả năm nhớ ra đọc thử không ngờ quá đỗi hay, sách là 1 bề tôi khuyên chúa công về thuật trị quốc, thay vì trị quốc có thể hiểu như cách 1 người lãnh đạo củng cố địa vị của mình tuỳ vị thế hoàn cảnh để thu phục cấp dưới, ném đá giấu tay, dùng người và diệt trừ thế lực… có nhiều điều rất đáng học hỏi và suy gẫm. Là 1 cuốn sách rất khác so với các sách về lãnh đạo. Đã đọc binh pháp nhưng thật sự binh pháp tôn tử khá khó hiểu, theo mình đánh giá sách rất phù hợp với các vị trí bắt đầu lãnh đạo, đáng mua.",5,2023-09-26 21:16:28,5914507,5914769
10678029,"Cảm nhận riêng là mình đánh giá cao bản dịch của Thiếu Khanh hơn nhiều bản dịch khác. Văn phong của bản dịch này khá lưu loát, đọc rất trôi chảy và thuận tai. Ngoài phần dịch “Quân vương”, bản này còn dịch thêm hai ghi chép khác của Machiavelli (“Mô tả các phương cách được Quận công Valentino áp dụng” và “Cuộc đời của Castruccio Castracani”) để giúp người đọc hiểu hơn về tư tưởng chính trị đậm tính quyền biến của ông. Nhược điểm của bản dịch này là dịch giả Thiếu Khanh không dịch thẳng từ chánh văn tiếng Ý mà dịch lại từ bản tiếng Anh của N. H. Thomson. Ngoài ra, một tác phẩm chính trị kinh điển như “Quân vương” mà lại thiếu bản đồ của bán đảo Ý thời Phục Hưng thì quả thật có phần bất tiện cho những ai muốn hình dung được diễn biến của các sự kiện trong tác phẩm. Về hình thức thì nhà xuất bản đã đầu tư tốt trong khâu thiết kế và đóng sách. Nói chung, đây là bản dịch đáp ứng tốt nhu cầu của một độc giả nghiêm túc.",5,2021-03-02 19:27:05,5914507,5914769
756009,"Nội dung xuất sắc miễn bàn , bản dịch của Nhã Nam là tốt nhất so với các bản mình đã đọc, sách trình bày đẹp, đóng gói kỹ, giao hàng nhanh",5,2024-01-15 11:01:53,5914507,5914769
16119396,Tuy tựa là QUÂN VƯƠNG nhưng nó nói lên bản chất con người và làm cách nào để ta nắm bắt được điều đó nhằm có lợi cho mình tránh bị lợi dụng.,5,2025-05-31 15:17:39,5914507,5914769
11609641,"Tiki giao rất nhanh chỉ trong 1 ngày. Sản phẩm mới, không bị trầy xước gì. Về nội dung, thông qua mục lục thấy rằng sách viết rất thiết thực chứ không quá truừ tượng.",5,2023-03-16 17:26:36,5914507,5914769
12167668,"Nội dung thì mình không đánh giá nữa vì đã có nhiều trên các trang nhóm rồi. Sách bìa mềm nhưng có áo bìa kiểu như mấy cuốn truyện. Tiki tiếp nhận đơn nhanh, đóng gói và vận chuyển phải nói là nhanh không ngờ luôn. P/s: Khâu đóng gói mà thêm ít miếng chống sốc vào thì yên tâm hơn.",5,2023-02-15 13:47:35,5914507,5914769
20183822,"Nội dung hay tuy có dịch sai, thiếu. Nội dung có liên quan tới chính trị, nhưng không quá nặng. Bối cảnh châu âu cổ. Có diểm tương đồng với bộ máy nhà nước của các nước hiện nay. Vài từ ngữ khá khó hiêu. Nhưng nội dung làm bản thân mình mở mang đầu óc rất nhiều và khá ngạc nhiên là ồ ng xưa đã có suy nghĩ hay vậy. Không phù hợp với các bạn không thích chính trị dù nó không nặng chính trị lắm nhưng xoay quanh chính trị. Nếu bạn thích lịch sử chây âu cổ thì chắc sẽ có rất nhiều khoảnh khác ồ à wow",5,2022-11-14 07:31:58,5914507,5914769
59953,"tác phẩm này thì ko còn lời nào để nói: Kinh điển, quá hay, càng lớn tuổi đọc càng thấm. mình mua hẳn 3 quyển để tặng bạn bè. khuyên các bạn đừng mua mấy sách kỹ năng lấy ideal quyển này viết lại. đọc sách này, nghiệm lại tình huống thực tế mình gặp là hay nhất. ko thì cứ lồng nó vào mấy bộ phim chiến tranh, vua là thấm rất nhanh.",5,2022-07-10 12:19:46,5914507,5914769
18083422,"Chất lượng sách tuyệt vời cả về hình thức lẫn nội dung. Tkik gian hàng đúng hẹn. Mình rất thích Quân Vương, cuốn sách thực sự là một kho báu. Cái kinh điển của Quân Vương là tính vượt thời đại vủa nó. Một vị Đế Vương phải làm sao để có cái nhìn toàn diện về quyền lực của mình, với quân, với thần, với dân, với các nước chư hầu bề tôi khác. Một cuốn sách sẽ không lỗi thời!",5,2020-10-14 21:59:40,5914507,5914769
20147851,"Chưa có cuốn sách nào cuốn hút từng câu chữ với mình như vậy. Quân Vương là cuốn sách rất hay, đáng để đọc và suy ngẫm, mình đọc một mạch hết cuốn sách trong ngày thứ 7 và dự định sẽ đọc lại vài lần nữa. Lần sau sẽ mua lại cuốn Quân Vương bản dày hơn để sưu tầm và ngắm các tranh trong đấy",5,2021-09-05 13:52:44,5914507,5914769
17447486,Đánh giá Sản phẩm rất ok. Giao hàng nhanh. Shipper nhiệt tình. Tư vấn chứ đáo. Nhân viên thân thiện. Sẽ ủng hộ shop nhiều hơn nữa.,5,2021-08-29 16:21:49,5914507,5914769
8444188,"Sách chất lượng tuyệt đối,đúng sách chính hãng,bìa sách bọc 2 lớp rất kèm thẻ đánh dấu trang đọc,tiki giao hàng nhiệt tình và rất nhanh..nó điều kiện sẽ đặt của shop các thể loại khác",5,2022-09-05 10:30:32,5914507,5914769
1446147,"Cuốn sách này dùng nhiều từ mà mình phải tra từ điển để hiểu. Nội dung đọc có lẽ khiến nhiều người không có kiên nhẫn đọc hết nhưng những ý nghĩa, bài học trong cuốn sách này khá hữu ích, tùy nhiên có những phần có lẽ chúng ta chỉ đọc để tránh làm như thế, đây là cuốn sách hữu ích không chỉ cho những nhà lãnh đạo mà bất cứ ai cũng có thể vận dụng vào đời sống của mình.",5,2020-10-06 09:15:39,5914507,5914769
10508,"Mình mua bản Quân Vương này để đọc thử vì thấy nhận xét đây là bản dịch hay nhất, mình chưa so sánh được nhiều lắm nên không dám nhận xét về phần dịch nhưng cuốn sách này rất đáng đọc",5,2022-05-18 08:07:12,5914507,5914769
183050,,5,2026-04-05 12:43:44,5914507,5914769
30606427,,5,2026-03-02 15:36:07,5914507,5914769
10940620,sách rất hay. ý nghĩa. bản dịch ổn. sale giá rẻ. thank you!,5,2022-08-02 08:42:42,5914507,5914769
1227848,"một tác phẩm tuyệt vời, nhà sách đóng gói cẩn thận sách còn thơm mới",5,2022-03-25 21:25:13,5914507,5914769
5363030,,5,2025-12-11 21:56:26,5914507,5914769
16487105,"Mình thấy mỏng nhẹ, khá ổn, chờ đọc xem sao sẽ review sau",5,2023-03-01 22:16:15,5914507,5914769
12971968,"Giao hàng nhanh, sp từ TP HCM ra HN mất có 3 ngày, đóng gói cẩn thận, sẽ ủng hộ Tiki",5,2022-08-01 09:49:56,5914507,5914769
13317504,"Sách hay, chất lượng tốt, giao hàng nhanh",5,2023-06-01 14:05:04,5914507,5914769
23299712,"sách bìa giấy thì có bìa bọc ngoài làm gì nhỉ😅. Nhà sách cầu kì ghê. Sách cần thời gian đọc và chiêm nghiệm, giao hàng nhanh, nói chung khá oke",5,2022-07-06 09:52:15,5914507,5914769
24024739,,5,2025-05-21 17:12:18,5914507,5914769
12317292,Nội dung kinh điển về quyền lực chính tri. Cuốn sách để đời của Machiavilli,5,2021-05-28 05:51:40,5914507,5914769
27613613,hài lòng với sản phẩm,5,2022-06-04 21:24:46,5914507,5914769
12893423,"Sách mới đẹp , có cả cái vỏ bao sách luôn, rất hài lòng về chất lượng",5,2023-09-26 11:01:03,5914507,5914769
20266955,Ok,5,2025-03-15 21:55:21,5914507,5914769
7577661,,5,2025-03-16 21:20:42,5914507,5914769
27882201,tuy những điều trong cuốn sách này trái với luân thường đọa lí nhưng không thể phủ nhận tài năng của tác giả,5,2022-08-22 10:01:12,5914507,5914769
889321,,5,2024-10-08 11:18:42,5914507,5914769
14615841,Sách đẹp và đóng gói cẩn thận,5,2021-08-18 11:25:50,5914507,5914769
18398538,Sách đẹp đóng gói kĩ lưỡng nội dung thì khỏi phải bàn,5,2022-04-30 22:46:51,5914507,5914769
11598782,"đã mua và thấy sách ship đến khá đẹp dù hơi móp ở góc tí,sách rẻ hơn so với bản 110k nhưng nội dung giống nhau ,lọc bỏ các hình ảnh thừa thãi nên mỏng và nhỏ hơn bản 110k do đó giá rẻ hơn, ai đang phân vân ko biết mua bản nào thì hãy mua bản này",5,2019-07-17 10:57:28,5914507,5914769
29383516,,5,2024-08-26 22:48:41,5914507,5914769
10620144,Sách hay,5,2023-04-03 04:28:19,5914507,5914769
29342659,,5,2024-07-30 22:58:57,5914507,5914769
7402132,"sách hơi khó đọc, chắc do mừn ko hỉu lịch sử euro lắm, nhưng sách khá lắm mưu nhiều kế",5,2021-07-21 21:41:59,5914507,5914769
17094644,,5,2024-07-14 09:18:13,5914507,5914769
1091490,,5,2024-06-11 08:40:40,5914507,5914769
5621124,,5,2024-05-13 20:47:28,5914507,5914769
13465401,Sách hay cho lãnh đạo,5,2022-09-29 21:17:11,5914507,5914769
29701784,sách hay,5,2024-03-18 09:52:00,5914507,5914769
28222418,Tốt,5,2023-01-14 18:24:26,5914507,5914769
27940201,.,5,2023-02-06 00:08:01,5914507,5914769
8251924,10đ chất lượng,5,2022-10-14 11:11:17,5914507,5914769
13349739,,5,2024-04-05 00:47:06,5914507,5914769
6565460,Good,5,2022-12-25 07:48:49,5914507,5914769
18084338,,5,2024-03-29 17:48:25,5914507,5914769
8399970,,5,2024-03-25 15:46:33,5914507,5914769
21918075,,5,2022-12-09 21:09:46,5914507,5914769
7203645,Sách đẹp dù ko bị quăn nhưng vẫn mong tiki đóng gói cần kĩ càng hơn,5,,5914507,5914769
8070187,,5,2024-02-04 15:37:49,5914507,5914769
7725610,,5,2024-01-23 10:05:28,5914507,5914769
18872825,Nội dung rất hay. Giao hang k có bộc đóng gói khá sơ sài,5,2022-11-28 12:21:45,5914507,5914769
6368693,,5,2024-01-18 09:17:29,5914507,5914769
5478251,,5,2024-01-01 17:23:18,5914507,5914769
13648080,,5,2023-12-14 12:35:31,5914507,5914769
11700241,,5,2023-12-13 00:15:15,5914507,5914769
16668424,đc,5,2022-08-17 21:56:23,5914507,5914769
79234,,5,2023-11-04 08:18:40,5914507,5914769
27824683,Tốt,5,2023-10-03 14:41:58,5914507,5914769
6695049,,5,2023-10-31 15:04:58,5914507,5914769
919665,hoàn hảo ! áp dụng cho cả 1 doanh nghiệp đc.,5,2022-12-02 09:04:48,5914507,5914769
26498626,,5,2023-10-08 18:47:02,5914507,5914769
9901409,,5,2023-09-30 00:17:58,5914507,5914769
20461023,,5,2023-09-19 17:33:51,5914507,5914769
29311035,,5,2023-09-06 23:47:53,5914507,5914769
307403,Sách rất hay và khoa học. Bốn chương đầu đọc khá chán. Chương cuối cực hấp dẫn,5,2019-07-21 10:21:16,5914507,5914769
25977968,,5,2023-08-23 12:44:34,5914507,5914769
22598649,,5,2023-08-23 09:31:16,5914507,5914769
13977207,"Đi học được thầy review về cuốn này :"" sách hay thì vô kể, nhưng sách mà mấy thế kỉ sau vẫn có người đọc thì chỉ có vài cuốn """,5,2020-11-28 00:56:28,5914507,5914769
6519586,Được,5,2022-04-11 17:35:21,5914507,5914769
24202670,,5,2023-08-08 15:26:00,5914507,5914769
15315954,,5,2023-08-07 13:21:24,5914507,5914769
10844643,,5,2023-07-26 17:10:31,5914507,5914769
29266136,,5,2023-07-23 10:51:34,5914507,5914769
1842873,"Sách đẹp, sale sập sàn giá 10k, tiki gói hàng cẩn thận, giao hàng rất nhanh",5,2020-10-31 17:37:01,5914507,5914769
20622136,Ok,5,2022-04-01 19:03:07,5914507,5914769
920868,,5,2021-01-09 18:38:25,5914507,5914769
15006980,"Sách ok ! Chất liệu giấy tốt, chữ in khá đẹp. Nội dung thì tuỳ vào mỗi độc giả",5,2021-09-15 21:07:27,5914507,5914769
6143882,,5,2023-05-21 19:27:47,5914507,5914769
476110,Rất nhanh,5,2021-12-19 10:33:57,5914507,5914769
11637770,,5,2023-04-23 17:59:50,5914507,5914769
16417041,,5,2023-04-14 00:10:28,5914507,5914769
8404138,,5,2023-04-12 01:24:29,5914507,5914769
21692735,,5,2023-04-05 20:41:18,5914507,5914769
27927603,,5,2023-04-04 11:05:17,5914507,5914769
27933540,,5,2023-03-27 21:41:54,5914507,5914769
19524491,Sách được đóng gói cẩn thận. Thời gian giao hàng nhanh.,5,2022-02-09 11:56:39,5914507,5914769
27845002,,5,2023-03-11 22:55:54,5914507,5914769
97198,,5,2023-02-26 08:56:45,5914507,5914769
136806,Một cuốn sách rất hay.,5,2022-08-26 21:40:34,5914507,5914769
10358789,,5,2023-02-10 13:22:52,5914507,5914769
5642070,,5,2023-02-05 10:10:29,5914507,5914769
7247990,,5,2023-01-20 12:02:30,5914507,5914769
8860258,,5,2023-01-08 01:31:54,5914507,5914769
19400890,Đọc từng chương phải suy ngẫm và đối chiếu với xã hội ngày nay thấy đúng.,5,,5914507,5914769
7446691,,5,2022-12-22 03:55:24,5914507,5914769
13536990,,5,2022-12-07 20:09:05,5914507,5914769
1100303,,5,2022-12-04 12:06:05,5914507,5914769
8758499,tốt,5,2022-10-28 18:34:51,5914507,5914769
21619237,Tốt,5,2022-10-24 10:56:50,5914507,5914769
23847199,,5,2022-11-20 08:44:24,5914507,5914769
22070716,,5,2022-11-19 15:24:56,5914507,5914769
18400744,,5,2022-11-14 21:16:19,5914507,5914769
18127231,,5,2022-11-14 06:55:42,5914507,5914769
5885598,,5,2022-10-31 18:57:49,5914507,5914769
7192788,,5,2022-10-29 21:02:28,5914507,5914769
9149388,"sách có bìa kép luôn nha, vô cùng ưng ý. đóng gói oke, ship cũng nhanh nữa ?",5,2020-03-02 13:29:06,5914507,5914769
17061748,,5,2022-10-27 14:19:18,5914507,5914769
8008967,,5,2022-10-16 12:59:15,5914507,5914769
22631589,,5,2022-10-12 23:39:14,5914507,5914769
5294197,,5,2022-10-07 13:49:04,5914507,5914769
6158890,,5,2022-09-23 14:18:04,5914507,5914769
915220,,5,2022-09-18 12:03:09,5914507,5914769
11811326,,5,2022-09-17 11:38:06,5914507,5914769
14303438,,5,2022-09-15 13:45:52,5914507,5914769
1723649,,5,2022-09-11 14:01:54,5914507,5914769
16816885,,5,2022-09-10 14:44:03,5914507,5914769
16505449,,5,2022-08-26 16:53:55,5914507,5914769
25574088,,5,2022-08-25 22:13:27,5914507,5914769
846583,,5,2022-08-24 14:17:02,5914507,5914769
10041204,,5,2022-08-20 09:24:39,5914507,5914769
20343217,,5,2021-06-06 18:34:50,5914507,5914769
1261773,Good,5,2022-07-24 14:00:43,5914507,5914769
8297538,,5,2022-08-15 09:10:01,5914507,5914769
9889930,,5,2022-08-10 20:57:43,5914507,5914769
15931583,giao hàng nhanh,5,2021-02-19 11:54:58,5914507,5914769
11967347,,5,2022-07-30 11:17:30,5914507,5914769
27464866,,5,2022-07-24 14:19:55,5914507,5914769
16922694,gghhghgghghghgg,5,2022-04-24 11:46:59,5914507,5914769
8641825,,5,2022-07-20 12:26:12,5914507,5914769
27663510,,5,2022-07-19 10:40:55,5914507,5914769
7811753,,5,2022-07-17 08:45:09,5914507,5914769
9701112,Đẹp,5,2022-06-06 10:52:25,5914507,5914769
15384902,,5,2022-07-06 16:55:14,5914507,5914769
6067317,,5,2022-07-05 16:47:30,5914507,5914769
12729794,,5,2022-06-30 11:42:01,5914507,5914769
19917062,,5,2022-06-17 11:03:53,5914507,5914769
7013410,,5,2022-06-14 18:37:12,5914507,5914769
5316663,,5,2022-06-12 12:19:00,5914507,5914769
1541203,,5,2022-06-10 10:13:36,5914507,5914769
139444,,5,2022-06-08 16:28:07,5914507,5914769
166940,,5,2022-06-07 16:56:31,5914507,5914769
688503,,5,2022-06-03 20:44:41,5914507,5914769
605447,,5,2022-05-31 12:41:31,5914507,5914769
19306687,,5,2022-05-31 01:49:41,5914507,5914769
17517042,,5,2021-03-14 08:30:38,5914507,5914769
762043,,5,2022-05-26 00:05:59,5914507,5914769
6763559,,5,2022-05-23 19:49:50,5914507,5914769
5206425,,5,2022-05-22 12:32:26,5914507,5914769
17293514,ok,5,2022-05-05 20:30:08,5914507,5914769
18321608,,5,2022-05-16 21:50:28,5914507,5914769
11324055,Sách chất lượng.,5,2022-01-05 12:31:26,5914507,5914769
12517104,,5,2022-05-06 21:06:21,5914507,5914769
18333977,,5,2022-04-26 17:15:40,5914507,5914769
22770792,,5,2022-04-25 11:07:56,5914507,5914769
27046933,,5,2022-04-23 10:08:51,5914507,5914769
1988235,,5,2022-04-12 13:20:30,5914507,5914769
12158773,"tuyệt vời, một quyển sách khá dark",5,2021-07-27 21:18:18,5914507,5914769
15962055,rất hay,5,2022-02-14 11:09:05,5914507,5914769
5878956,,5,2021-01-23 17:08:57,5914507,5914769
151732,,5,2022-04-06 12:52:05,5914507,5914769
17287572,,5,2022-03-27 22:48:25,5914507,5914769
5670000,,5,2022-03-24 06:39:43,5914507,5914769
11850727,,5,2022-03-21 00:05:07,5914507,5914769
7560546,Đọc hơi khó hiểu nhưng khi đã hiểu thì rất hay.,5,2021-03-21 15:40:12,5914507,5914769
9267070,,5,2022-03-17 18:53:09,5914507,5914769
6340698,,5,2022-03-17 18:19:48,5914507,5914769
26063057,,5,2022-03-02 13:02:20,5914507,5914769
173858,1 tác phẩm ấn tượng,5,2021-09-21 22:27:59,5914507,5914769
11911760,,5,2022-02-21 17:20:33,5914507,5914769
22449600,,5,2022-02-14 12:55:07,5914507,5914769
8520738,Giao nhanh đúng hẹn sách đẹp,5,2021-07-09 18:03:27,5914507,5914769
12392208,,5,2022-01-26 22:00:15,5914507,5914769
7206828,,5,2022-01-18 10:45:37,5914507,5914769
7301988,"Sách giao nhanh, đọc cuốn hút.",5,2021-06-10 20:28:33,5914507,5914769
15240167,,5,2022-01-12 01:21:31,5914507,5914769
8416611,,5,2022-01-09 18:56:20,5914507,5914769
26352238,,5,2022-01-09 15:44:50,5914507,5914769
2129145,,5,2022-01-08 23:11:03,5914507,5914769
2060967,"Đây là sách kinh điển, miễn bàn về nội dung, quá hay rồi. Tiki giao hàng nhanh, sách mới tinh sạch sẽ.",5,2019-12-26 13:01:54,5914507,5914769
9683371,sách hay. biết đến từ cuốn anh hùng hiện thực.,5,2021-01-06 11:11:10,5914507,5914769
20030757,,5,2021-12-19 22:28:49,5914507,5914769
13951126,,5,2021-12-07 21:29:21,5914507,5914769
1043166,,5,2021-12-06 09:49:04,5914507,5914769
22055689,,5,2021-12-05 12:59:22,5914507,5914769
11095713,,5,2021-11-24 13:55:48,5914507,5914769
24713265,,5,2021-11-13 22:01:06,5914507,5914769
1044884,,5,2021-11-06 09:34:01,5914507,5914769
13219875,,5,2021-10-31 13:20:51,5914507,5914769
12057279,,5,2021-10-17 19:24:45,5914507,5914769
2078053,,5,2021-10-11 00:06:31,5914507,5914769
189522,,5,2021-10-02 13:07:19,5914507,5914769
19061474,,5,2021-09-26 21:16:14,5914507,5914769
15884616,Chất lượng sách rất tốt,5,2021-03-12 14:07:00,5914507,5914769
8127404,,5,2021-08-21 14:16:18,5914507,5914769
533100,,5,2021-08-20 12:57:17,5914507,5914769
6913270,Cực hay,5,2021-06-19 09:44:30,5914507,5914769
13986409,,5,2021-08-07 20:41:04,5914507,5914769
8135023,"Sách đẹp, mới. Tuyệt vời. Quân Vương. Hay ạ",5,2020-08-27 15:31:59,5914507,5914769
22082290,,5,2021-07-30 12:59:12,5914507,5914769
11901804,,5,2021-07-25 11:07:09,5914507,5914769
416125,,5,2021-07-24 09:01:12,5914507,5914769
599551,,5,2021-07-22 13:53:09,5914507,5914769
7554826,,5,2021-07-22 11:08:19,5914507,5914769
17839133,,5,2021-07-13 19:00:31,5914507,5914769
7690544,,5,2021-07-12 22:00:44,5914507,5914769
5492336,,5,2021-07-11 19:56:25,5914507,5914769
324054,"Sách đọc hơi khó hiểu, nhưng đọc kỹ sẽ rất hay",5,2020-07-02 07:22:10,5914507,5914769
8108530,,5,2021-07-09 14:58:23,5914507,5914769
19690069,,5,2021-07-07 18:44:35,5914507,5914769
22106137,,5,2021-06-30 13:15:17,5914507,5914769
22169809,,5,2021-06-22 12:57:24,5914507,5914769
1294222,,5,2021-06-16 11:44:56,5914507,5914769
9943530,,5,2021-06-14 11:01:47,5914507,5914769
16952774,Hay,5,2021-05-17 18:45:50,5914507,5914769
1975567,,5,2021-06-01 13:00:56,5914507,5914769
8987925,sách hay,5,2021-04-05 22:01:23,5914507,5914769
10072863,,5,2021-05-26 17:40:29,5914507,5914769
1349534,,5,2021-05-26 13:07:33,5914507,5914769
7575231,,5,2021-05-25 17:01:25,5914507,5914769
13075419,,5,2021-05-24 14:29:06,5914507,5914769
7104746,sách mới,5,2021-03-19 11:17:35,5914507,5914769
14287169,,5,2021-05-22 17:30:31,5914507,5914769
10760259,,5,2021-05-20 15:05:54,5914507,5914769
16116883,,5,2021-05-19 10:23:19,5914507,5914769
5596743,,5,,5914507,5914769
9026065,,5,,5914507,5914769
5446795,,5,2021-05-03 08:50:17,5914507,5914769
13891146,,5,2021-04-30 12:32:34,5914507,5914769
5753314,rất rất hay nhé.,5,2020-12-27 02:34:37,5914507,5914769
18319488,,5,2021-04-28 11:49:58,5914507,5914769
17945006,,5,2021-04-28 08:48:18,5914507,5914769
8621829,,5,2021-04-26 17:29:47,5914507,5914769
672949,,5,2021-04-20 10:14:41,5914507,5914769
9186796,,5,2021-04-12 14:36:24,5914507,5914769
870698,"Hay, nhưng cuốn này chỉ hợp với số ít người đọc.",5,2020-03-14 17:34:49,5914507,5914769
5139569,,5,2021-04-04 17:24:59,5914507,5914769
1384183,,5,2021-03-31 10:15:29,5914507,5914769
1575516,,5,2021-03-28 19:23:48,5914507,5914769
241896,,5,2021-03-21 20:48:23,5914507,5914769
8723721,,5,2021-03-19 16:05:54,5914507,5914769
1419689,,5,2021-03-19 09:55:25,5914507,5914769
5740638,,5,2021-03-18 22:27:10,5914507,5914769
14361,,5,2021-03-10 16:25:55,5914507,5914769
5188825,,5,2021-03-08 14:03:11,5914507,5914769
18405823,,5,2021-03-07 10:50:48,5914507,5914769
20319156,,5,2021-03-05 21:40:47,5914507,5914769
6006838,,5,2021-03-05 19:10:13,5914507,5914769
507996,,5,2021-03-03 06:56:04,5914507,5914769
20338741,,5,2021-03-01 13:50:55,5914507,5914769
10087998,,5,2021-02-28 16:44:45,5914507,5914769
20431705,,5,2021-02-28 10:41:16,5914507,5914769
20035295,,5,2021-02-27 09:20:53,5914507,5914769
6588832,,5,2021-02-25 15:07:14,5914507,5914769
20047112,,5,2021-02-24 14:50:37,5914507,5914769
1715505,,5,2021-02-23 17:09:12,5914507,5914769
809346,,5,2021-02-18 23:11:30,5914507,5914769
280853,,5,2021-02-17 15:30:18,5914507,5914769
1780731,,5,2021-02-17 14:33:24,5914507,5914769
5304474,,5,2021-02-15 08:04:46,5914507,5914769
7401247,,5,2021-02-12 18:45:08,5914507,5914769
292183,,5,2021-02-10 21:10:01,5914507,5914769
16560266,,5,2021-02-03 09:26:38,5914507,5914769
19996984,,5,2021-01-30 21:25:13,5914507,5914769
11452997,,5,2021-01-28 08:22:05,5914507,5914769
5105864,,5,2021-01-22 16:31:11,5914507,5914769
83476,,5,2021-01-18 22:19:54,5914507,5914769
1354832,,5,2021-01-09 07:15:13,5914507,5914769
14564534,,5,2020-12-28 10:17:54,5914507,5914769
8231284,,5,2020-12-25 12:35:04,5914507,5914769
231875,"Ai muốn làm lãnh đạo thì mua đọc, ko thì ngưng , đừng mất thời gian bản thân",5,2019-05-14 08:54:01,5914507,5914769
1221538,,5,2020-12-16 23:54:08,5914507,5914769
907377,,5,2020-12-16 05:29:46,5914507,5914769
9654043,"5 sao, rất hay",5,2020-09-13 10:15:14,5914507,5914769
19292247,,5,2020-12-15 20:05:16,5914507,5914769
17382988,,5,2020-12-13 14:26:51,5914507,5914769
17120031,,5,2020-12-09 19:30:15,5914507,5914769
2194584,,5,2020-12-06 14:16:46,5914507,5914769
1623962,,5,2020-12-02 14:50:24,5914507,5914769
917132,,5,2020-12-02 11:47:11,5914507,5914769
2100044,,5,2020-11-29 20:14:48,5914507,5914769
891,,5,2020-11-27 20:02:05,5914507,5914769
15208375,"Sách khá hay, nhưng mà dịch hơi chán. Dịch giả làm mình khó hiểu nhiều đoạn, diễn giải chú thích nhiều chỗ cũng khó hiểu không kém. Nhưng do sách bản chất hay nên nó vẫn hay. Tuy nhiên nặng về mặc quan điểm, bạn nào thoáng thì chắc oke, còn không thì tùy quan điểm mà có thái độ khác nhau với sách.",4,2022-06-27 02:20:12,5914507,5914769
14146181,,5,2020-11-14 20:40:55,5914507,5914769
11383931,,5,2020-11-11 19:14:15,5914507,5914769
1688804,,5,2020-11-03 21:30:54,5914507,5914769
1158604,,5,2020-10-27 12:30:45,5914507,5914769
5948475,,5,2020-10-25 12:13:00,5914507,5914769
188615,,5,2020-10-23 13:45:52,5914507,5914769
1675614,,5,2020-10-18 19:42:46,5914507,5914769
416720,,5,2020-10-16 21:48:34,5914507,5914769
7006113,Cuốn sách này thật sự rất hay......???????????????,5,2019-10-30 20:14:43,5914507,5914769
18800720,,5,2020-10-12 21:28:02,5914507,5914769
5253296,,5,2020-10-11 12:30:35,5914507,5914769
17422396,,5,2020-10-11 01:38:07,5914507,5914769
9136539,,5,2020-09-28 09:38:53,5914507,5914769
1241168,,5,2020-09-22 19:17:49,5914507,5914769
18001183,,5,2020-09-10 22:22:21,5914507,5914769
14986085,,5,2020-09-07 17:44:18,5914507,5914769
1265683,ok,5,2020-08-19 23:47:02,5914507,5914769
249867,,5,2020-08-29 10:23:28,5914507,5914769
18218562,,5,2020-08-25 15:34:57,5914507,5914769
8723592,ok,5,2020-08-08 16:46:11,5914507,5914769
14944152,"sách tốt,",5,2020-06-08 18:39:44,5914507,5914769
14032812,,5,2020-07-28 00:10:18,5914507,5914769
6421549,,5,2020-07-07 19:00:50,5914507,5914769
1180692,"Mình đọc rồi nên sách nhìn có hơi cũ xíu nhưng lúc giao rất chỉn chu nha. Cuốn này đọc thích lắm, nhưng do mình đọc sau cuốn giới thiệu về Machiavelli nên bị rối não giữa cách sử dụng từ và tên gọi. Quân vương là Nicolo Machiavelli là cuốn nên đọc và không bao giờ lỗi thời. Mặc dù dạy cách bậc quân vương cách tạo dựng và trị nước. Góc nhìn của Machiavelli rất hay và có nhiều quan điểm phù hợp ngay cả thời nay.",4,2021-03-30 14:47:23,5914507,5914769
38120,"Mình đánh giá 1* vì khâu đóng gói. Sách ko có seal. Đã có rất nhiều bạn nói với Tiki về chuyện gói thêm 1 lớp chốg sốc trước khi giao đi rồi. nhưng Tiki cố tình ko quan tâm. Sách mình nhận đc vì ko có seal lẫn lớp bọc chống sốc nên nó thấm nước, nhăn và bẩn do mưa!!!!",1,2022-04-06 17:54:03,5914507,5914769
1164156,"Tiki giao hàng không có gì phải nói. Nhưng sách từ các nhà xuất bản dường như rất tệ, mực in mờ và thiếu trang!",1,2020-08-31 21:47:40,5914507,5914769
17906844,"Đây là bản dịch hay nhất, dễ hiểu nhất, so với Alpha!",4,2023-04-28 21:00:26,5914507,5914769
1018566,,4,2024-03-07 19:53:06,5914507,5914769
5123867,Sách có nội dung hay và in đẹp nhưng vận chuyển thì chưa tốt nên sách bị méo mó ở góc sách.,4,2022-04-16 15:04:45,5914507,5914769
73910,Mình vừa nhận sách và sách bị rách như này này =.=,1,2021-11-18 12:32:11,5914507,5914769
6934505,"đóng gói hàng rất tệ, sơ sài, sách bị móp",1,2021-12-23 12:14:21,5914507,5914769
359642,,4,2023-12-31 00:40:33,5914507,5914769
22614729,,4,2023-10-12 13:31:10,5914507,5914769
10993223,"Mua 5 cuốn đều bị bẩn do đóng gói, Mình k muốn đổi lại, nhưng tiki để ý khâu này nhé",3,2020-10-09 17:11:08,5914507,5914769
8420777,Có nhiều kiến thức bổ ích,4,2023-03-05 10:06:25,5914507,5914769
20830019,"sách k có bọc seal, cảm giác k dc trân trọng người mua",3,2022-07-25 16:19:29,5914507,5914769
24377781,Good,4,2023-05-13 17:25:12,5914507,5914769
1718011,,4,2023-05-18 20:16:20,5914507,5914769
11904784,"Đóng gói tốt, không hư hỏng và không bị bẩn.",4,2020-12-18 15:31:38,5914507,5914769
5396119,"khá thú vị nếu muốn tìm hiểu về việc cai trị quốc gia, điều hành và quản lý còn việc áp dụng thì tùy người đọc.",3,2020-09-01 22:26:36,5914507,5914769
25994504,"Sách in đẹp, đóng gói cẩn thận, cảm ơn shop nhiều.",4,2021-12-17 14:41:43,5914507,5914769
8728472,,4,2022-12-21 08:37:27,5914507,5914769
27878087,,4,2022-12-03 18:19:07,5914507,5914769
15958414,bên trong thì không có gì nhưng bìa ngoài nhìn cứ như đồ cũ ấy mất thiện cảm,3,2020-02-14 15:36:08,5914507,5914769
24683498,sách viết sai dấu câu nhiều nên đọc bất mãn quá,1,2021-11-14 13:02:39,5914507,5914769
16920288,,4,2022-11-15 21:29:53,5914507,5914769
14799651,Shipper nói chuyện chán..,1,2022-03-29 21:24:08,5914507,5914769
9171252,,4,2022-08-18 14:47:30,5914507,5914769
25854756,,4,2022-06-25 10:44:53,5914507,5914769
27562344,,4,2022-06-02 11:53:40,5914507,5914769
1340674,Bìa bị gập. Sách bẩn. Khi đóng gói sách làm ơn rửa tay có được không?????,2,2019-07-05 14:06:19,5914507,5914769
1314667,,4,2022-03-11 21:35:03,5914507,5914769
19007570,,4,2022-01-15 09:37:08,5914507,5914769
6563547,,4,2021-09-19 06:53:37,5914507,5914769
17753270,,4,2021-09-11 15:36:56,5914507,5914769
22730944,,4,2021-08-10 01:44:25,5914507,5914769
18723786,,4,2021-07-06 18:49:06,5914507,5914769
1437358,,4,2021-07-04 15:36:54,5914507,5914769
39538,"Sách chất lượng ổn, nhưng bản dịch rất khó đọc",3,2020-06-09 14:17:58,5914507,5914769
1213851,,4,2021-05-05 20:54:19,5914507,5914769
107807,,4,2021-04-12 21:50:13,5914507,5914769
14246416,,4,2021-03-30 10:11:30,5914507,5914769
193676,,4,2020-12-01 18:50:26,5914507,5914769
7971239,,4,2020-09-25 08:43:11,5914507,5914769
5939462,,4,2020-09-01 05:54:26,5914507,5914769
2034152,,4,2020-06-20 22:40:49,5914507,5914769
6454376,"Một cuốn sách rất hay, ngôn từ phong phú, đầy màu sắc và âm thanh của thiên nhiên. Đọc xong chỉ muốn đến châu Phi ngay để chiêm ngưỡng vẻ đẹp hoang sơ nơi đó (hy vọng vẫn còn nhiều vùng chưa bị khai phá). Đây không phải là truyện hư cấu mà là những câu chuyện có thật và rất nhân văn về khoảng thời gian 18 năm ở Kenya của tác giả với rất nhiều thăng trầm cùng với những người dân bản địa, người da trắng nhập cư, vật nuôi trong khu đồn điền cà phê của tác giả cũng như những con thú hoang vẫn lẩn quất trong vùng. Qua những câu chuyện mình cảm nhận được tác giả là một người có tấm lòng nhân hậu, yêu con người và yêu thiên nhiên, luôn bênh vực những kẻ yếu thế. Hình chụp đính kèm là một đoạn mô tả cô nàng linh dương xinh đẹp mà tác giả mua về nuôi. Rất đáng đọc, dành cho mọi lứa tuổi! Sách được bọc giấy bóng kính rất đẹp. Tiki đóng gói cẩn thận, luôn có bọc chống sốc",5,2025-02-22 22:50:46,174605333,174605337
473057,"TẠI SAO LẠI LÀ CHÂU PHI? Vì chẳng có nơi nào giống như vùng đất ấy: Một lục địa ”đen” ở nơi tưởng như xa xôi nghìn trùng, vừa ôm ấp vào lòng vẻ đẹp hoang sơ hùng vĩ đến nghẹt thở của những vạt rừng đại ngàn, vừa như kiêu hãnh thách thức sức sống mãnh liệt của con người nơi đây để cùng nhau tồn tại trong điều kiện thời tiết khắc nghiệt, để không ngừng đấu tranh với tất cả gian nan, khổ ải, áp bức lẫn sự phân biệt chủng tộc đã có từ ngàn đời. Thế giới không ngừng đổi thay, vạn vật biến thiên hỗn loạn trong guồng quay phát triển, dường như chỉ có châu Phi và con người nơi ấy vẫn bình thản vui sống theo cách riêng của mình, bằng tình yêu, bằng những vũ điệu, nụ cười trên những gương mặt, để lặng im ngắm nhìn thế giới xoay vần trong những dải hoàng hôn nhuốm màu hoàng thổ… Châu Phi của hiện tại, với những vấn đề nan giải vẫn hiện hữu mang tính toàn cầu, liệu nó có còn mang trong mình sự bí ẩn, sự khác biệt, sự độc đáo, sự hồn nhiên lẫn vẻ đẹp ẩn chứa sức mạnh phi thường của con người như trong những trang tự truyện đậm chất thơ của Isak Dinesen được viết đã gần 100 năm trước đây?",5,2022-11-24 08:44:10,174605333,174605337
728630,"Sách đẹp, truyện thể loại hồi ký, những chuyện diễn ra hàng ngày cuộc sống của tác giả tại Phi Châu và chiêm nghiệm của tác giả. Văn phong đẹp. Mạch chậm chậm",5,2022-09-24 10:06:23,174605333,174605337
12293130,"Isak Dinesen là bút danh của bà Karen Blixen, tác giả cuốn sách Out Of Africa, tựa tiếng Việt: Châu Phi nghìn trùng. Cuốn hồi ký ra đời từ những năm tháng bà sinh sống tại châu Phi (***) trên một đồn điền cà phê gần Nairobi. Sách bìa mềm tay gấp, in giấy khá đẹp. Nhận sách trong tình trạng nguyên seal.",5,2022-08-08 14:13:53,174605333,174605337
169764,"Sách có nội dung hay, bản dịch cũng rất xuất sắc. Châu Phi của một thời mà thiên nhiên vẫn còn ngự trị hiện lên thật sống động và đầy cảm xúc. Sách này xứng đáng được có trong túi của bạn nào muốn có 1 quyển sách đọc trong lúc du lịch hoặc dịp lễ",5,2023-12-24 12:57:07,174605333,174605337
20442127,"Giao rất nhanh, đóng gói cẩn thận",5,2026-09-20 18:17:40,174605333,174605337
2218629,Sách được in rất đẹp và chất lượng. Nội dung mình chưa đọc nhưng thấy nhiều người nhận xét là hay. Sách nên có trong tủ sách gia đình,5,2022-07-17 21:40:27,174605333,174605337
19181283,"Bìa đẹp, hàng mới. Giao nhanh. Đóng gói tốt. Cuốn này mình đọc sơ thì dịch siêu ưng, rất mượt, từ ngữ đa dạng .",5,2022-08-15 13:54:59,174605333,174605337
22701075,,5,2026-08-17 10:44:36,174605333,174605337
20297611,Sách mới đẹp vẫn còn màng co. Nội dung thì mình chưa đọc nhg xem review của mn nhiều ng khen hay. Cám ơn tiki giao hàng rất nhanh,5,2022-10-10 13:20:57,174605333,174605337
14489857,"Tiki giao hàng nhanh. Sách đẹp, đóng gói cẩn thận. Sách rất mới.",5,2022-09-20 11:07:49,174605333,174605337
14694085,,5,2026-03-31 19:54:32,174605333,174605337
7654663,,5,2026-01-17 21:47:56,174605333,174605337
21238771,Đống gói rất cần thận. Tiki giao hàng nhanh,5,2023-08-09 15:24:56,174605333,174605337
17772893,"Hình thức rất đẹp, từ chất lượng giấy, trình bày bìa sách và dàn trang cũng như không có lỗi chính tả. Nội dung rất hay và người dịch xuất sắc!",5,2022-08-13 14:27:55,174605333,174605337
207210,"Mới đọc xong cuốn Gỗ mun, thích châu Phi quá nên mua thêm cuốn này.",5,2023-02-03 20:50:29,174605333,174605337
1126099,,5,2025-08-06 21:12:28,174605333,174605337
30328948,Tốt,5,2025-06-12 08:05:43,174605333,174605337
2035479,,5,2025-01-08 12:49:20,174605333,174605337
8732142,"sách đc bọc kĩ càng, có màng co, nội dung thì vì mình mua tặng nên ko rõ, cơ mà đọc review thấy mn khen quyển này nhiều lắm",5,2022-05-30 08:43:49,174605333,174605337
16241266,,5,2024-11-12 17:09:44,174605333,174605337
45162,"Sách ổn, kể về vùng đất châu Phi lý thú với nhiều câu chuyện. Bố cục khúc cuối hơi lan man.",5,2022-12-07 13:42:09,174605333,174605337
5885023,,5,2024-10-30 21:33:32,174605333,174605337
6830308,"Giao hàng nhanh, sách mua trên tiki lúc nào cũng rất yên tâm",5,2022-06-18 15:15:23,174605333,174605337
22044620,"Mình chưa đọc hết, nhưng sách đẹp, giao hàng đúng hẹn, gói cẩn thận",5,2023-05-04 18:58:18,174605333,174605337
477236,,5,2024-08-30 19:17:33,174605333,174605337
13046851,,5,2024-08-12 16:50:05,174605333,174605337
5287822,,5,2024-08-04 11:22:59,174605333,174605337
23694041,Nice,5,2024-06-08 12:42:33,174605333,174605337
13812628,,5,2024-07-01 08:51:22,174605333,174605337
23900433,,5,2024-06-29 12:15:10,174605333,174605337
642183,Sách còn nguyên màng co,5,2022-10-10 11:44:43,174605333,174605337
18316229,,5,2023-03-01 12:11:48,174605333,174605337
177919,"Châu Phi là một vùng đất kì bí đối với mình, không đến được thì mình xem sách thôi",5,2022-07-09 12:35:14,174605333,174605337
25864135,,5,2024-04-10 18:40:34,174605333,174605337
7660531,,5,2022-12-12 08:07:13,174605333,174605337
10421897,Sách đẹp giao hàng nhanh,5,2022-06-07 14:23:13,174605333,174605337
8444833,,5,2024-01-12 15:30:55,174605333,174605337
277896,,5,2022-10-13 22:41:28,174605333,174605337
190542,,5,2023-12-24 12:34:16,174605333,174605337
8059336,,5,2023-12-18 07:54:41,174605333,174605337
9740065,Sách tốt giấy đẹp nội dung hay giao nhanh chóng,5,2022-12-21 20:05:38,174605333,174605337
29570359,,5,2023-11-13 21:50:40,174605333,174605337
7541225,,5,2023-11-08 13:35:55,174605333,174605337
21661877,,5,2023-10-25 16:50:43,174605333,174605337
1594430,,5,2023-10-12 02:42:27,174605333,174605337
15525144,,5,2023-10-04 16:42:40,174605333,174605337
16848626,,5,2022-07-18 16:25:37,174605333,174605337
18953123,,5,2023-09-19 14:48:20,174605333,174605337
327750,,5,2023-09-09 07:23:25,174605333,174605337
14509380,,5,2023-07-12 17:06:58,174605333,174605337
5308900,,5,2023-07-09 09:35:09,174605333,174605337
27910285,,5,2023-05-31 20:50:44,174605333,174605337
185417,Dịch rất hay,5,2023-02-23 17:43:48,174605333,174605337
11684214,Tôi hài lòng về cuốn sách,5,2022-10-22 11:27:32,174605333,174605337
28344852,,5,2023-04-01 12:56:15,174605333,174605337
305059,,5,2023-03-30 16:46:05,174605333,174605337
27730456,Giao hàng nhiệt tình sách mới đẹp,5,2022-07-16 12:18:54,174605333,174605337
11330418,,5,2023-03-14 17:53:36,174605333,174605337
162872,,5,2023-03-06 21:30:12,174605333,174605337
1799301,,5,2023-02-08 14:28:18,174605333,174605337
23960054,,5,2023-02-06 11:50:24,174605333,174605337
27993688,,5,2023-02-02 18:16:55,174605333,174605337
19026815,,5,2023-01-12 17:05:47,174605333,174605337
9661239,Sách bị nhăn dập. Bị lỗi,5,2022-06-08 14:22:18,174605333,174605337
6288875,,5,2022-12-14 21:02:01,174605333,174605337
5236186,,5,2022-12-14 17:22:51,174605333,174605337
16275603,,5,2022-12-14 17:17:39,174605333,174605337
8616831,,5,2022-12-10 19:45:05,174605333,174605337
16663530,,5,2022-12-01 07:52:40,174605333,174605337
7940205,,5,2022-11-21 17:07:02,174605333,174605337
2088756,,5,2022-11-19 06:46:39,174605333,174605337
10874234,,5,2022-11-13 02:12:25,174605333,174605337
1218253,,5,2022-11-12 01:39:18,174605333,174605337
15355537,sách ổn,5,2022-08-27 12:11:26,174605333,174605337
7708968,sách đẹp và mới,5,2022-06-13 10:07:30,174605333,174605337
528763,,5,2022-10-18 20:43:11,174605333,174605337
1873251,,5,2022-10-16 23:18:19,174605333,174605337
13892699,,5,2022-10-15 18:55:21,174605333,174605337
68275,,5,2022-10-11 07:32:54,174605333,174605337
531482,,5,2022-10-10 16:54:16,174605333,174605337
5222577,,5,2022-10-05 21:45:08,174605333,174605337
7604012,,5,2022-10-02 12:54:38,174605333,174605337
24888259,,5,2022-09-27 11:03:05,174605333,174605337
16303293,,5,2022-09-21 13:29:49,174605333,174605337
27565614,,5,2022-09-08 08:29:31,174605333,174605337
14327733,,5,2022-09-06 16:21:31,174605333,174605337
1382362,,5,2022-09-06 15:11:03,174605333,174605337
7211451,,5,2022-08-30 22:54:40,174605333,174605337
26992379,,5,2022-08-16 17:02:50,174605333,174605337
11727616,,5,2022-08-05 21:12:20,174605333,174605337
7921733,,5,2022-08-04 23:13:47,174605333,174605337
366813,,5,2022-08-02 03:48:10,174605333,174605337
6155390,,5,2022-07-24 20:53:41,174605333,174605337
5424053,,5,2022-07-24 18:11:31,174605333,174605337
12968667,,5,2022-07-24 15:50:37,174605333,174605337
50758,,5,2022-07-22 06:34:18,174605333,174605337
47555,,5,2022-07-21 12:09:26,174605333,174605337
104790,,5,2022-07-20 22:57:48,174605333,174605337
7755024,,5,2022-07-18 21:11:40,174605333,174605337
17744908,,5,2022-07-09 22:35:55,174605333,174605337
367245,,5,2022-07-07 09:44:33,174605333,174605337
1163332,,5,2022-06-14 18:28:42,174605333,174605337
13887782,,5,2022-06-06 23:10:35,174605333,174605337
8132739,,5,2022-06-06 06:52:57,174605333,174605337
397822,,5,2022-05-18 20:01:28,174605333,174605337
11867121,,5,2022-05-12 22:24:22,174605333,174605337
22681878,,5,2022-05-08 01:35:03,174605333,174605337
11980512,,5,2022-05-06 13:53:37,174605333,174605337
379536,"Nội dung đọc cá nhân ko thấy hợp, có thể do dịch ko hay, dài dòng lan man, ko kịch tính lôi cuốn",4,2023-03-10 09:17:18,174605333,174605337
22455890,"Sách hay, giao hàng nhanh nhưng sách hơi móp nên cho 4 sao thôi",4,2022-10-21 11:04:12,174605333,174605337
381201,,4,2022-11-09 10:22:49,174605333,174605337
139444,,4,2022-07-11 08:54:20,174605333,174605337
17104779,,4,2022-06-23 15:41:06,174605333,174605337
30741795,,5,2026-08-16 22:51:24,275794409,275794410
305394,,5,2026-03-21 07:29:41,275794409,275794410
6061874,,5,2026-03-04 19:04:22,275794409,275794410
578256,,5,2026-02-22 23:10:55,275794409,275794410
8323973,Đã đọc Gánh gánh gồng gồng Giờ thêm Khắc khi khắc đến 🥳,5,2024-09-30 09:49:45,275794409,275794410
30528308,,5,2025-11-24 08:33:32,275794409,275794410
29726550,,5,2025-11-18 11:08:21,275794409,275794410
16049809,,5,2025-07-16 21:38:03,275794409,275794410
8576492,,5,2025-07-08 16:34:03,275794409,275794410
26633150,ok,5,2025-02-17 23:22:13,275794409,275794410
4365416,,5,2025-02-25 09:13:59,275794409,275794410
12107289,,5,2025-02-16 21:19:49,275794409,275794410
7477746,,5,2025-01-09 20:45:16,275794409,275794410
17259415,,5,2025-01-02 23:56:24,275794409,275794410
12836232,,5,2024-12-15 16:25:53,275794409,275794410
15500648,,5,2024-11-21 16:01:42,275794409,275794410
19275485,,5,2024-10-08 00:37:00,275794409,275794410
6008852,,5,2024-09-23 21:59:03,275794409,275794410
22723726,,5,2024-09-18 06:04:52,275794409,275794410
11777937,,5,2024-09-12 19:07:42,275794409,275794410
5989978,,5,2024-08-25 17:51:11,275794409,275794410
11688523,,5,2024-08-20 09:09:27,275794409,275794410
29309812,"sách k bọc, móp gáy, bìa bẩn, xước lung tung",1,2025-12-14 17:17:03,275794409,275794410
5883373,,4,2025-02-07 11:59:57,275794409,275794410
9838326,"Văn phong Nam Cao thì hay đó giờ rồi. Mình mua tuyển tập để đọc Tư Mõ. Quá chân thực và đúng với xã hội VN thời đó. Sách giao tới tay chỉn chu, ko xước ko gãy góc, chỉ mỗi tội mở sách rộng ra để đọc thì có khả năng gãy khung sách thôi hic.",5,2024-08-30 17:41:22,221230165,221230167
11323037,"Sách được mình tìm mua sau khi nói chuyện với một người chị, đọc lại mới thấy hay quá! Ngày xưa đi học có đọc Lão Hạc rồi. Giờ đọc lại Lão Hạc cảm nhận khác ngày xưa.",5,2025-11-06 08:53:58,221230165,221230167
13613087,"Sách chất lượng, giá rẻ, giao hàng nhanh, đóng gói cẩn thận. Rất hài lòng",5,2025-03-02 13:27:04,221230165,221230167
6685728,,5,2026-08-30 21:49:44,221230165,221230167
14228605,,5,2026-05-25 12:52:15,221230165,221230167
20548984,,5,2026-04-03 09:16:57,221230165,221230167
30154619,,5,2026-02-18 19:17:55,221230165,221230167
24743551,,5,2026-01-07 19:17:32,221230165,221230167
12858546,,5,2025-09-09 20:38:04,221230165,221230167
15343256,,5,2025-08-26 16:52:12,221230165,221230167
29260834,,5,2025-02-20 10:45:35,221230165,221230167
18341942,,5,2025-01-29 19:47:30,221230165,221230167
11609391,,5,2025-01-01 19:40:38,221230165,221230167
29812789,,5,2024-12-15 11:35:17,221230165,221230167
14754250,,5,2024-12-12 22:51:01,221230165,221230167
22171539,,5,2024-08-23 14:19:28,221230165,221230167
976750,,5,2024-08-21 16:14:32,221230165,221230167
17980352,,5,2024-08-13 14:43:06,221230165,221230167
12000495,,5,2024-08-07 17:50:54,221230165,221230167
20060830,Nội dung sách hay.,5,2023-10-16 19:34:54,221230165,221230167
13923749,,5,2023-05-21 09:26:37,221230165,221230167
16339793,"Giao đúng thời hạn, nhưng sách bị gói hàng nhiều vết bẩn. Mình rất tiếc luôn vì không thích sách bị như này",3,2026-01-03 16:53:05,221230165,221230167
590302,,4,2025-05-30 15:12:27,221230165,221230167
22173760,,5,2026-03-31 20:29:34,10581327,10581328
21619231,Tuyệt,5,2025-09-20 18:49:50,10581327,10581328
11677163,,5,2025-08-14 10:55:08,10581327,10581328
29288251,,5,2025-08-04 10:59:51,10581327,10581328
10040980,,5,2025-07-10 07:24:20,10581327,10581328
29959103,Về khá nhanh ạ Sách in tốt cực ok luôn ý,5,2024-06-03 21:48:43,10581327,10581328
11642146,"nội dung sách thì quá kinh điển bà được nhiều nhà phê bình thẩm định rồi nên không có gì bàn cãi, sách bìa đẹp và thấy thơm lắm nhe mn",5,2021-02-05 21:38:31,10581327,10581328
30279626,,5,2025-02-03 17:26:59,10581327,10581328
5545466,,5,2024-11-04 09:46:54,10581327,10581328
30074177,,5,2024-11-01 23:58:35,10581327,10581328
30010185,,5,2024-08-02 18:20:39,10581327,10581328
26117383,,5,2024-07-10 18:27:50,10581327,10581328
16729962,"giao hàng nhanh, sách không bị méo hay hỏng chỗ nào, nói chung là sản phẩm rất tốt",5,2020-06-18 11:11:14,10581327,10581328
6906291,Hàng đẹp,5,2020-09-26 20:32:04,10581327,10581328
6579417,sách rất hay,5,2020-08-03 14:25:14,10581327,10581328
18531471,,5,2020-09-27 10:33:12,10581327,10581328
18251279,,5,2020-09-01 16:43:05,10581327,10581328
11803067,,5,2020-08-21 22:42:43,10581327,10581328
175367,"Sách ko có bọc kiếng, bị đóng bụi nên hơi cũ, lau sạch lại cũng ổn ko bị dơ.",4,2025-02-25 17:55:19,10581327,10581328
30103798,sách ok nha mng,4,2025-01-25 10:53:22,10581327,10581328
29174678,Tốt giao hàng hơi méo nhưng mà sách ko sao,4,2023-09-17 22:03:22,10581327,10581328
2137939,Sách giao hơi cũ. Nhưng đây là một quyển sách đáng để đọc. Và cần mua vì cần nghiên cứu nhiều lần.,4,2020-03-13 07:07:53,10581327,10581328
17482265,,4,2020-06-16 06:11:06,10581327,10581328
27938336,"Sách đẹp, riêng mua sách ở tiki trading giá rất ổn, như cuốn này mua chưa app mã có 93k ở bên s thì app mã vẫn hơn 100. Sách bọc seal hộp còn nguyên vẹn ko bị móp. Nói chung trải nghiệm mua sách ở tiki ổn hoen sraats nhiều. Giao lại nhanh rất đúng lịch",5,2026-01-03 07:48:17,132355740,132355741
5485023,"Sách viết kiểu như tư liệu của đoàn phim sẽ tìm qua những nơi mà Bác đã đặt chân tới, những nơi mà Bác đã ở lại và làm việc, sách hay lắm nha",5,2025-05-07 08:20:59,132355740,132355741
30092812,Nội dung sách thì hay quá rồi Shop giao hàng nhanh đóng gói cẩn thận Chỉ tiếc nếu có bìa cứng sẽ rất đẹp,5,2025-08-09 12:29:34,132355740,132355741
11769068,"Đọc khá cuốn, dễ hiểu, nội dung sắp xếp theo khu vực chứ k phải thời gian",5,2025-06-02 17:09:22,132355740,132355741
30205670,"Giao hàng nhanh, đóng gói ổn Sách mới, đẹp , chất lượng",5,2025-03-17 13:08:00,132355740,132355741
30650069,Sách tốt,5,2026-04-18 11:26:40,132355740,132355741
970220,,5,2026-06-16 20:51:35,132355740,132355741
18201784,Sách hay. Giấy đẹp,5,2024-10-28 19:28:42,132355740,132355741
21603370,,5,2026-01-23 10:08:21,132355740,132355741
1248735,,5,2025-09-08 22:34:14,132355740,132355741
6791117,,5,2025-09-03 22:14:29,132355740,132355741
29833486,,5,2025-08-10 21:52:30,132355740,132355741
28501447,,5,2025-08-08 22:18:41,132355740,132355741
20406189,,5,2025-05-13 10:58:13,132355740,132355741
1676415,,5,2025-05-05 00:26:08,132355740,132355741
30302585,,5,2025-04-07 18:45:31,132355740,132355741
128322,,5,2025-02-20 12:36:17,132355740,132355741
18611364,,5,2025-01-23 18:37:14,132355740,132355741
29361602,,5,2025-01-13 12:29:17,132355740,132355741
1823366,,5,2025-01-11 18:28:37,132355740,132355741
1620896,,5,2025-01-02 13:21:37,132355740,132355741
22819314,,5,2024-12-03 14:02:57,132355740,132355741
909314,,5,2024-11-22 14:33:06,132355740,132355741
706279,,5,2024-09-13 13:36:38,132355740,132355741
12550129,,5,2024-09-03 13:41:46,132355740,132355741
6669967,,5,2024-07-08 22:11:22,132355740,132355741
62596,,5,2023-01-31 15:22:43,132355740,132355741
10519431,,5,2022-10-12 11:09:10,132355740,132355741
5918816,,5,2022-05-06 15:09:22,132355740,132355741
20375536,.ok,5,2022-02-19 16:55:35,132355740,132355741
24058974,,5,2022-01-23 08:35:20,132355740,132355741
1178685,,5,2021-12-02 00:50:05,132355740,132355741
13674568,,4,2025-04-29 08:19:08,132355740,132355741
20447523,,4,2024-10-31 11:54:43,132355740,132355741
839630,"Hơn tám mươi phần trăm mua từ sàn, ngày càng phình to. Gửi tín hiệu vũ trụ để có tiền xây nhà bự hơn. Review này cho nhanh 😗",5,2025-07-18 13:41:12,276886510,277347889
16695306,Không có ý kiến,5,2026-03-14 17:55:38,276886510,277347889
7981785,,5,2026-08-22 19:44:19,276886510,277347889
7095314,,5,2025-03-04 12:09:14,276886510,277347889
66363,,5,2026-04-07 19:01:22,276886510,277347889
9924491,,5,2026-03-07 20:45:25,276886510,277347889
28849907,,5,2025-12-23 15:48:41,276886510,277347889
1005933,,5,2025-06-06 12:38:53,276886510,277347889
21379518,,5,2025-05-10 10:40:52,276886510,277347889
297818,,5,2025-04-07 13:48:25,276886510,277347889
5094181,Sách đẹp lắm. Giấy rất dày và mực chữ in đậm. Đúng là sách Nhã Nam in luôn đẹp. Giao hàng nhanh,5,2023-05-10 08:56:39,107026335,107026336
18588167,"Sách tiki ship đợt này khâu đóng gói hơi ẩu, mua 3 quyển mở ra thấy mỗi tờ giấy nâu bọc bên trên chứ không bọc cả bên dưới, sách bị cong. Tuy nhiên mình không phải type giữ sách cẩn thận nên vẫn cho 5 sao. Sách hay, mn nên đọc lời giới thiệu ở bìa sau để có cái nhìn trước xem có hợp hay không. Cá nhân mình thấy “Trắng” là một quyển sách buồn, nhưng không phải buồn đến đau đớn tim gan mà kiểu như sương mù hơn, bao quanh mình và có chút ngột ngạt, tuy nhiên đọc xong lại thấy khá yên bình.",5,2023-02-09 09:48:57,107026335,107026336
29301479,"Giấy dày lắm nha, chất lượng tốt, ok phết. Giao hàng nhanh.",5,2025-08-07 13:15:21,107026335,107026336
14462521,"Chấm cho Tiki 10/10 nhưng chấm cho sách chỉ 3/5 thôi, chắc là vì không hợp văn phong của tác giả này. Nghe đồn Han Kang có 2 quyển khác được xb ở Việt Nam được đánh giá cũng không tệ lắm nên nếu 2q đó giảm chắc mịn cũng sẽ tìm đọc thử.",5,2021-11-08 11:38:24,107026335,107026336
1290988,Shop đóng gói cẩn thận và giao nhanh. Sẽ tiếp tục ủng hộ shop ah.,5,2024-11-11 21:53:26,107026335,107026336
5574029,sách của Nứ nhà văn đoạt giải Nobel thì chắc là hay.. chưa đọc nên chưa nhânj xét gì được.,5,2026-01-29 14:59:23,107026335,107026336
8802715,Đầy cảm xúc,5,2024-10-30 06:24:22,107026335,107026336
21437318,"#MeTiki #ReviewThang6 #Sach nickname: chatonn ? Trải nghiệm mua sách tại Tiki ? Nhân một ngày nắng đẹp, mình quyết định đặt mấy quyển sách cho khoay khoả tâm hồn. Từ hồi biết đến Tiki thì mỗi tháng vẫn hay mua sách ở đây, 23/6 mình lân la đặt 2 quyển sách ở Fahasa trong Tiki. Mình còn được áp dụng mã giảm giá 50% nên giá thanh toán rất hời luôn ạ. ? Về chất lượng dịch vụ : Mình đặt từ 23/6 nhưng đến 27/6 mình mới nhận được. Có lẽ do dịch bệnh nên việc giao cũng hơi lâu nhưng đổi lại gói hàng nhận được rất chỉn chu luôn ạ. Bên Fahasa của Tiki lần nào cũng có miềng xốp chống sốc cho sách. Không lo sách bị cong hay rách giấy. Mình rất ưng khâu đóng gói của Tiki luôn ạ. Nhân viên tư vấn giải đáp thắc mắc siêu tận tình, còn anh shipper thì siêu thân thiện luôn ạ. ? Về sản phẩm: Mình nhận được đủ 2 quyển sách, không bị méo mó hay rách gì luôn ạ. Mình không phải đắn đo lo sách giả luôn, bên Tiki luôn là hàng thật nên cũng yên tâm lắm.Nói chung là đó giờ chưa bao giờ Tiki làm mình thất vọng luôn ạ. Giá thì quá rẻ luôn nên đáng đồng tiền, do mình dùng coupon giảm 50% đó ạ. Rất là vui luôn. ? Về trải nghiệm thực tế: Sách đợt này mua về mình mới mở ra, giấy thơm lắm. Nội dung thì thấy mấy bạn đánh giá trên Tiki tốt nên cũng oke lắm. Mình sẽ đọc ngay và liền luôn. Khỏi phải bàn cãi, lần nào mua sách, mình cũng wow lên vì sướng, sách đẹp vô bờ, hehe. ? Chấm điểm: Về dịch vụ: 10/10 ( dù giao hàng hơn trễ nhưng chất lượng oke nên cho 10 luôn ạ ?) Về sản phẩm: 10/10 ( có ? điểm mình cho luôn ? )",5,2021-07-20 16:51:01,107026335,107026336
30442209,,5,2026-08-29 00:12:55,107026335,107026336
14151346,Sách hay,5,2024-12-20 09:52:10,107026335,107026336
30616447,❤️,5,2026-03-13 23:35:35,107026335,107026336
5335739,,5,2025-01-04 21:24:44,107026335,107026336
24039944,"Giao hàng rất nhanh, đóng gói kỹ, sách mới Rất ưng luôn",5,2022-08-09 13:11:24,107026335,107026336
1433000,,5,2025-12-15 10:34:04,107026335,107026336
5879108,Câu chuyện cuốn hút và có phần sâu lắng,5,2025-01-01 11:55:40,107026335,107026336
29743060,,5,2025-10-30 14:34:14,107026335,107026336
17506038,,5,2025-10-20 09:14:05,107026335,107026336
16873136,,5,2025-10-16 19:10:27,107026335,107026336
30329429,,5,2025-08-08 09:58:28,107026335,107026336
6081658,,5,2025-07-15 22:06:18,107026335,107026336
21204418,,5,2025-07-15 09:54:20,107026335,107026336
22831022,,5,2025-07-05 22:19:17,107026335,107026336
348091,,5,2025-06-18 12:48:47,107026335,107026336
30388040,,5,2025-05-27 15:19:56,107026335,107026336
1142412,,5,2025-03-31 04:47:56,107026335,107026336
8227537,,5,2025-03-20 07:30:55,107026335,107026336
2035534,,5,2025-03-07 18:10:20,107026335,107026336
317483,,5,2025-02-28 06:49:27,107026335,107026336
27333920,,5,2025-02-10 18:35:33,107026335,107026336
8059060,,5,2025-02-05 19:20:00,107026335,107026336
29842892,,5,2025-01-19 08:11:22,107026335,107026336
23680695,,5,2025-01-16 12:58:28,107026335,107026336
30232170,,5,2025-01-08 23:14:53,107026335,107026336
543733,,5,2024-12-21 17:06:00,107026335,107026336
18075264,,5,2022-07-19 20:32:21,107026335,107026336
20440557,,5,2024-12-06 07:48:40,107026335,107026336
27673136,,5,2024-11-23 15:05:43,107026335,107026336
456873,,5,2024-11-16 10:19:34,107026335,107026336
9890798,,5,2024-11-16 10:02:30,107026335,107026336
597741,,5,2024-11-16 09:19:42,107026335,107026336
1431569,,5,2024-11-12 13:39:54,107026335,107026336
17862349,,5,2024-11-05 20:50:14,107026335,107026336
7478213,,5,2024-11-04 18:03:49,107026335,107026336
13046851,,5,2024-10-28 15:21:54,107026335,107026336
23451499,,5,2024-05-16 10:44:41,107026335,107026336
642183,Tiki giao hàng nhanh,5,2022-10-11 10:36:45,107026335,107026336
26567069,"sách hay, không bị móp méo, nên mua",5,2022-02-17 17:28:43,107026335,107026336
9738790,lần nào mua sách của Tiki cũng ok. lần này còn giao nhanh hơn dự kiến,5,2022-01-04 12:41:55,107026335,107026336
17042898,Gửi siêu nhanh,5,2021-11-01 12:35:03,107026335,107026336
10410473,,5,2023-03-06 10:10:41,107026335,107026336
26014959,,5,2022-12-15 07:12:55,107026335,107026336
11520071,,5,2022-12-12 11:31:52,107026335,107026336
28058154,,5,2022-11-14 21:08:26,107026335,107026336
6158890,,5,2022-09-20 23:39:22,107026335,107026336
25407841,,5,2022-08-08 10:11:14,107026335,107026336
13941905,,5,2022-07-22 09:32:01,107026335,107026336
25983168,sách hay,5,2022-05-10 21:26:09,107026335,107026336
52905,,5,2022-06-11 19:32:43,107026335,107026336
11544,Sách hay,5,2022-04-11 10:50:51,107026335,107026336
777880,,5,2022-05-26 11:29:28,107026335,107026336
1501077,Sách rất xinh và hay ạ,5,2021-11-02 12:18:07,107026335,107026336
24326389,,5,2022-04-03 03:18:09,107026335,107026336
16333902,,5,2022-03-22 10:16:57,107026335,107026336
26497911,,5,2022-03-07 15:50:48,107026335,107026336
18782481,,5,2022-03-04 16:02:43,107026335,107026336
1126747,,5,2022-03-03 13:40:02,107026335,107026336
7602862,,5,2022-02-27 08:54:03,107026335,107026336
6946521,,5,2022-02-12 08:18:43,107026335,107026336
9060391,,5,2022-01-02 14:12:27,107026335,107026336
1635513,,5,2022-01-02 12:17:05,107026335,107026336
12687146,,5,2021-12-30 19:12:42,107026335,107026336
1624472,,5,2021-12-28 11:19:15,107026335,107026336
23901888,,5,2021-11-06 08:43:21,107026335,107026336
17037664,,5,2021-10-25 06:47:25,107026335,107026336
19498252,,5,2021-10-22 13:28:12,107026335,107026336
14121092,,5,2021-10-17 13:18:58,107026335,107026336
1246842,,5,2021-10-03 22:51:30,107026335,107026336
292797,,5,2021-10-03 10:11:15,107026335,107026336
12744806,,5,2021-09-27 23:29:43,107026335,107026336
6179703,,5,2021-09-15 12:46:15,107026335,107026336
136475,,5,2021-09-14 16:17:06,107026335,107026336
160530,,5,2021-09-01 09:19:45,107026335,107026336
48091,,5,2021-08-21 04:24:58,107026335,107026336
13175757,,5,2021-08-16 19:39:21,107026335,107026336
59981,,5,2021-08-10 13:34:02,107026335,107026336
5353024,,5,2021-08-09 20:03:07,107026335,107026336
710710,,5,2021-07-24 07:04:46,107026335,107026336
19439534,"sách hay (nhưng mà vài chỗ mực in mờ 🥲 sách bị bẩn xíu, bìa xước, giấy nhiều trang bị nhăn nhẹ 👁️👄👁️) chất giấy dày dặn ok, đã khóc vì khuyết điểm",4,2022-06-16 21:51:49,107026335,107026336
17483576,"Shipper giao hàng nhanh Sách được bao bọc cẩn thận Sách khá mỏng, khoảng 100 trang nên mình đọc khá nhanh",4,2025-10-18 19:24:35,107026335,107026336
1882779,,4,,107026335,107026336
19452967,Ngắn rất ngắn nên không biết nhận xét thế nào,4,2025-01-23 01:21:55,107026335,107026336
1778805,"Sách đẹp, nội dung hấp dẫn, cuốn hút.",4,2024-10-19 15:11:24,107026335,107026336
7964188,Sách bị quăn bìa trong. Nội dung chưa đọc nên chưa review được,3,2021-10-15 12:40:02,107026335,107026336
1392424,Một quyển tiểu thuyết chưa đầy 100 trang nhưng đầy trăn trở. Từng mảng màu trắng được vẽ nên.,4,2021-07-23 10:28:15,107026335,107026336
29282639,Sách tốt,4,2024-06-11 10:03:09,107026335,107026336
15025775,"Vận chuyển làm móp sách, rất buồn luôn.",4,2021-10-13 16:50:45,107026335,107026336
16754917,,4,2022-03-28 06:52:17,107026335,107026336
7859171,,4,2022-03-06 17:47:22,107026335,107026336
19753649,,4,2022-01-18 13:43:35,107026335,107026336
11210016,,4,2021-12-18 15:20:30,107026335,107026336
899623,,4,2021-10-19 07:11:19,107026335,107026336
194383,,4,2021-09-13 13:52:53,107026335,107026336
50854,,4,2021-08-15 12:48:36,107026335,107026336
24441114,"Bao bì đẹp, chất lượng giấy đẹp (mình chỉ buồn là không tặng bookmark🥲). Nghe review về cuồn này nhiều rồi nên mới quyết định mua về đọc xem sao. Giao hành cực nhanh💯, đóng gói có bao chống sốc cẩn thận nên về tới tay mình sách không bị móp méo gì cả🫶🏻",5,2023-12-28 15:30:04,272112011,272112012
28758037,,5,2026-09-24 16:00:09,272112011,272112012
30718582,,5,2026-08-03 12:53:50,272112011,272112012
7117824,,5,2025-06-11 12:02:03,272112011,272112012
748786,,5,2025-05-09 00:02:30,272112011,272112012
15843046,"Sách hay, giao hàng rất nhanh",5,2024-08-08 17:31:20,272112011,272112012
5118931,,5,2024-12-21 00:11:21,272112011,272112012
29147498,,5,2024-10-23 12:51:43,272112011,272112012
5569328,,5,2024-10-18 15:15:43,272112011,272112012
29834581,,5,2024-09-15 19:11:58,272112011,272112012
29944137,,5,2024-05-21 11:39:26,272112011,272112012
13969662,,5,2024-04-26 12:52:38,272112011,272112012
29891055,,5,2024-04-12 14:17:30,272112011,272112012
22922233,,5,2024-01-24 20:28:52,272112011,272112012
23022366,"Không bàn đến nội dung sách, mình đánh giá 2 sao vì bìa sách bị sứt một chỗ như hình, bìa còn bị trầy.",2,2025-04-18 20:17:55,272112011,272112012
7274749,,4,2025-12-19 09:53:46,272112011,272112012
254826,Ổn,4,2025-05-24 15:15:11,272112011,272112012
17364552,Tiki giao hàng nhanh. Sách vẫn nguyên màng co. 5/5.,5,2022-07-08 14:48:30,1576137,1576275
211558,,5,2021-07-08 19:31:57,1576137,1576275
1708394,"Vận chuyển nhanh, đóng gói kỹ càng, không bị móp méo, nội dung hay, thích hợp chi những ai đam mê túc cầu",5,2021-08-22 00:23:35,1576137,1576275
496990,"Cuốn sách cho ta hiểu biết sâu sắc về cuộc đời và sự nghiệp của ông - bộ óc thiên tài của bóng đá thế giới, trên hết là về tình cảm và tâm huyết trọn vẹn ông dành cho triết lý bóng đá đẹp và việc đào tạo, nâng đỡ các tài năng trẻ. Cuốn sách còn cho ta thấy những góc khuất, những tâm sự của ông về 3 lần dời khỏi CLB Ajax, những kỷ niệm không vui với Rinus Michels, xung khắc với giới truyền thông v.v.. Tinh thần mà ông truyền lại sẽ khiến ông bất tử trong lòng người hâm mộ!",5,2018-12-31 21:39:05,1576137,1576275
112885,"Bóng đá là môn thể thao đồng đội, luôn là như thế. Cho nên nhiều ngôi sao vì “sanh bất phùng thời” hay “không sợ kẻ địch mạnh như hổ, chỉ sợ đồng đội ngu như bò” đành lắm phen ngậm hờn, tài thì có mà…cúp thì không! Danh sách này kể ra thì nhiều lắm, nhứt là ở cấp độ đội tuyển quốc gia, khi các anh ấy phải gánh team mà….gánh hoài hổng nổi, như Shevchenko (Ukraine), Litmanen (Phần Lan), George Best (Wales), Ibrahimovic (Thụy Điển) hay…Mkhitarian (Armenia). Mọi sự có hơi khác ở tầm CLB, vì ít nhiều 1 cầu thủ có quyền lựa chọn đội bóng để thi đấu. Gần đây, ai cũng biết case của Ibrahimovic, con người nổi tiếng “mát tay”, ảnh đi mô là đội đó vô địch, gần như 1-2 năm lại đổi CLB, mà cúp kiếc vẫn lãnh ào ào! Xin thưa rằng cách nay 40 năm, thế giới đã từng có 1 người như thế, đó là Johan Cruyff. Ông ta hễ …giận là bỏ đội, qua giúp đội kia …vô địch cho bõ ghét! Đỉnh điểm là ở tuổi 35-36 gì đó, Cruyff còn dám từ giã Ajax qua chơi cho đại kình địch Feyenoord (ở Hà Lan, Ajax với Feyenoord cũng ghét nhau như Real và Barca ở TBN vậy đóa!), và ngay lập tức giúp Feyenoord đoạt cú đúp quốc nội, trước khi chính thức từ giã nghiệp cầu thủ (chính thức …lần 2, vì ông ấy đã từng 1 lần tính giã từ bóng đá 6 năm trước đó!) Ba chương 3-4-5 của Tự truyện Cruyff kể về giai đoạn hậu Ajax trong sự nghiệp cầu thủ: ***, với vô số hỉ nộ ái ố: - ***: Barcelona: 5 mùa bóng, vô địch La Liga 1 lần theo cách …ko thể kịch tính hơn: do các thủ tục khó dễ của các Liên đoàn bóng đá TBN và Hà Lan, Cruyff đến Barcelona từ đầu mùa bóng nhưng phải chờ 2 tháng mới được dự Liga. Khi đó Barcelona đang lóp ngóp ở nửa dưới BXH, nhưng với sự có mặt của cầu thủ đắt giá nhất thế giới thời đó (giá chuyển nhượng kỷ lục: 2 triệu USD!), họ thắng một lèo và đoạt luôn chức VĐQG lần đầu từ năm 1960, trong đó có trận hạ nhục Real Madrid 5-0 ngay trên sân Bernabeu! Những năm 70 đó, TBN vẫn còn sống dưới chế độ độc tài quân sự của Tướng Franco, nên Real hưởng lợi, Barcelona và Cruyff bị ép ra bã, cả trong và ngoài sân cỏ…nên Cruyff đá cho Barcelona 5 năm trong gđ phong độ đỉnh cao mà chỉ giành 1 Liga và 1 Copa del Rey là quá ít, và theo ổng là phần nhiều do bị ép! - Năm 1978, Cruyff tính giã từ bóng đá, nhưng sau đó chắc do …kẹt tiền (đầu tư …nuôi heo, mua đất bị bạn bè lừa sạch, hic, rồi bị truy thu thuế thu nhập cá nhân …vài triệu USD), nên anh ý qua Mỹ chơi 3 mùa bóng, tại 2 CLB ở hai rìa Tây và Đông của đất nước này: 1 đội ở LA, 1 đội nằm tuốt bên DC… Lý ra là dưỡng già rồi nghỉ luôn (dạo đó qua Mỹ đá bóng cũng như các siêu sao bây giờ qua Trung Quốc thi đấu vậy đó!), ai dè đến năm 1981, ở tuổi 34, Cruyff lại quay về chơi ở trình độ đỉnh cao tại châu Âu, và về ngay Ajax! - Và trong mấy năm cuối sự nghiệp “quần đùi áo số”, Cruyff vẫn không mất phong độ cả trong và ngoài sân cỏ. Ba mùa bóng cuối cùng, đoạt 3 chức vô địch Hà Lan và 2 cúp QG Hà Lan, mà hay nhứt là với 2 đội bóng kình địch nhau, như đã nói ở trên: Ajax và Feyenoord! Túm lại, ở cả cấp độ CLB và đội tuyển, Thánh Johan đều ra đi trong tư thế huy hoàng, cực dị và cực độc!",5,,1576137,1576275
14100169,,5,2023-07-26 09:29:12,1576137,1576275
374328,,5,2023-07-21 17:42:33,1576137,1576275
16535853,"Hàng đẹp, đóng gói cẩn thận, chưa đọc nhưng sách nói về JOHAN CRUYFF hứa hẹn sẽ rất hấp dẫn",5,2020-02-26 16:24:54,1576137,1576275
14181345,,5,2021-12-10 12:53:43,1576137,1576275
22311715,,5,2023-02-08 11:44:40,1576137,1576275
13109334,,5,2023-01-21 23:01:18,1576137,1576275
817303,Sách có bìa đẹp. Giao nhanh. Sẽ tiếp tục mua sách trên Tiki dài dàiiiiiii. Good job ! !,5,2021-05-06 14:00:16,1576137,1576275
17958845,,5,2022-12-26 18:40:44,1576137,1576275
19266617,,5,2022-10-10 17:13:26,1576137,1576275
5399132,,5,2022-07-19 23:09:54,1576137,1576275
13821761,nội dung cuốn sách rất hay kể về toàn bộ cuộc đời của Cruyff có vài chữ đọc hơi khó hiểu ( tại ko bt khác vùng hay dịch sai ),5,2019-11-03 02:19:06,1576137,1576275
8029233,Giao hàng nhanh,5,2022-01-23 21:59:17,1576137,1576275
10580453,,5,2022-04-21 13:24:23,1576137,1576275
8428770,,5,2022-03-31 20:27:39,1576137,1576275
10647093,,5,2022-01-15 11:15:10,1576137,1576275
8024056,sách hay giao hàng nhanh,5,2021-07-16 14:53:39,1576137,1576275
11028909,,5,2021-12-07 15:31:51,1576137,1576275
5634628,,5,2021-12-04 14:43:43,1576137,1576275
14192930,,5,2021-11-16 13:18:16,1576137,1576275
478556,,5,2021-11-06 13:04:47,1576137,1576275
10695122,,5,2020-08-05 12:01:05,1576137,1576275
10816630,,5,2021-09-18 19:13:42,1576137,1576275
21963880,,5,2021-05-29 09:22:44,1576137,1576275
784995,"Sách dễ mua, dễ đọc. Giao hàng đúng hẹn :))",5,2020-04-24 02:13:12,1576137,1576275
1904519,Sản phẩm tốt để sử dụng,5,2020-08-10 22:40:12,1576137,1576275
10892743,,5,2021-03-05 08:52:43,1576137,1576275
19178290,,5,2021-02-17 19:38:15,1576137,1576275
18386128,,5,2021-02-17 15:31:23,1576137,1576275
5340012,,5,2020-12-26 10:30:30,1576137,1576275
10837079,,5,2020-11-15 17:25:30,1576137,1576275
18183438,,5,2020-08-30 15:39:43,1576137,1576275
17520458,,5,2020-08-21 11:55:26,1576137,1576275
3702110,,5,2020-07-21 19:34:01,1576137,1576275
17468285,,5,2020-06-04 14:02:07,1576137,1576275
16757639,,5,2020-06-01 15:22:30,1576137,1576275
5981670,,4,2024-04-19 12:39:30,1576137,1576275
24232990,Giao sách hơi rách nha,4,2022-08-11 13:08:12,1576137,1576275
8811453,nhìn chung thì đc mẫu mã đẹp giấy tốt giá hợp lí nội đung sách đúng với bản gốc. nhưng giấy của sách ko dc cho mới mở hàng mà giấy đã có vài đoạn vì vàng,4,2019-07-30 14:34:03,1576137,1576275
144868,Sách chất lượng. Cho những ai fan thánh Johan và Total power style,4,2020-08-17 09:26:18,1576137,1576275
6280614,,4,2020-06-29 08:20:23,1576137,1576275
17787021,"Nhà văn Nguyên Hồng thì hẳn ai cũng biết đến qua các tác phẩm nổi tiếng như Bỉ vỏ, Những ngày thơ ấu...Mỗi tác phẩm của nhà văn đều mang nhiều ý nghĩa nhân sinh, hướng con người về phía ánh sáng",5,2021-01-28 22:19:53,9810502,9810503
368418,Mình thích đọc những cuốn hồi ký thế này để hiểu hơn cuộc sống XƯA thời ông cha ta. Nhất là những nỗ lực của những người viết văn như Nguyên Hồng một thứ gì đó giống như động lực cho mình khi mỗi sáng làm vài trang đọc nhâm nhi.,5,2021-01-29 08:18:32,9810502,9810503
5773694,"Sản phẩm có bọc màng co kĩ lưỡng, giao hàng nhanh, chất giấy rất đẹp.",5,2021-01-28 19:58:51,9810502,9810503
16650557,"Sách xinh lăm, nội dung hay, giao hàng nhanh lắm luôn. Mình hài lòng",5,2021-01-28 16:06:06,9810502,9810503
60695,Mua về sưu tập truyện.,5,2021-01-28 22:42:50,9810502,9810503
1782676,NXB Trẻ đổi loại giấy rất thích,5,2020-08-31 06:57:20,9810502,9810503
18980433,,5,2021-03-29 18:48:39,9810502,9810503
13846165,sách đẹp,5,2020-12-29 12:34:07,9810502,9810503
17189600,,5,2021-01-20 20:52:38,9810502,9810503
91702,Có thể lắng nghe được thế hệ trước,5,2020-03-23 19:13:15,9810502,9810503
7031251,,5,2021-01-01 17:27:22,9810502,9810503
12800368,quá hay,5,2020-11-14 18:54:02,9810502,9810503
155533,,5,2020-12-24 22:19:15,9810502,9810503
18189951,,5,2020-12-20 14:40:20,9810502,9810503
120954,.,5,2020-12-13 12:01:52,9810502,9810503
6393027,,5,2020-12-16 18:48:56,9810502,9810503
5969598,,5,2020-12-16 11:30:19,9810502,9810503
5135208,,5,2020-12-13 11:27:27,9810502,9810503
1905291,,5,2020-11-19 17:26:33,9810502,9810503
5153412,,5,2020-11-12 13:19:05,9810502,9810503
308332,"Hồi ký của nhà văn Nguyên Hồng-một nhà văn lớn Việt Nam. Tác phẩm kể lại Bước đường gian truân, nhọc nhằn của nhà văn từ thời thanh thiếu niên đến khi thành đạt với nhửng tác phẩm hay, có gía trị Rất bổ ích cho những người trẻ tuổi.",4,2020-06-08 10:49:32,9810502,9810503
1088449,"Cũng bình thường thôi, đọc tạm",3,2021-02-24 10:41:32,9810502,9810503
17378702,,4,2021-03-08 20:54:28,9810502,9810503
5381028,Tiki đóng gói sản phẩm kĩ lưỡng và giao đúng sách đặt. Vận chuyển đúng như dự kiến dù trong giai đoạn thời tiết mưa bão.,5,2025-10-11 17:16:19,58971676,58971678
13827707,Luôn ngưỡng mộ ông Phạm Xuân Ẩn nhưng chưa đọc tác phẩm này.,5,2025-09-30 15:32:26,58971676,58971678
28291396,,5,2026-06-21 13:42:47,58971676,58971678
1778805,,5,2026-01-23 12:56:27,58971676,58971678
23901852,,5,2025-11-18 08:20:23,58971676,58971678
2086544,,5,2025-10-24 18:13:40,58971676,58971678
568239,,5,2025-08-04 11:28:51,58971676,58971678
12058844,,5,2025-06-11 07:31:39,58971676,58971678
28791612,,5,2025-05-12 15:38:27,58971676,58971678
125233,"Không đồ sộ như “Điệp viên hoàn hảo”, nó như một góc nghiêng về nhà tình báo Phạm Xuân Ẩn. Một chút khai phá nhướng trầm tích về ông!",5,2021-03-10 12:35:37,58971676,58971678
17542328,"Sách rất hay, nên đọc Giao hàng nhanh, gói đẹp, không bị rách như trước",5,2020-12-07 17:29:37,58971676,58971678
8513448,Sách chất lượng tốt. Giao hàng nhanh.,5,2021-07-09 15:56:27,58971676,58971678
15990063,Rtxyg,5,2021-02-18 23:49:06,58971676,58971678
1495469,"Sách hay đáng đọc, chất lượng giấy tốt, Tiki giao hàng nhanh",5,2020-11-10 15:37:00,58971676,58971678
11705233,vị tôi ngưỡng mộ ong,5,2021-07-02 20:56:19,58971676,58971678
11937363,,5,2021-07-13 06:34:52,58971676,58971678
930180,,5,2021-07-07 22:42:54,58971676,58971678
5584377,,5,2021-07-05 13:08:30,58971676,58971678
655288,thú vị,5,2021-05-07 21:44:57,58971676,58971678
19713931,hay!,5,2021-05-30 14:00:28,58971676,58971678
8039814,,5,2021-06-20 22:27:01,58971676,58971678
15139426,,5,2021-06-04 12:28:55,58971676,58971678
120061,,5,2021-05-21 20:01:01,58971676,58971678
18291590,,5,2021-05-06 22:01:52,58971676,58971678
5826684,,5,2021-04-29 20:24:02,58971676,58971678
1340,,5,2021-04-18 12:00:26,58971676,58971678
16233262,,5,,58971676,58971678
1889113,,5,2021-03-18 16:41:30,58971676,58971678
8914914,,5,2021-02-25 00:31:22,58971676,58971678
10628945,,5,2021-02-21 15:18:40,58971676,58971678
503560,,5,2021-02-19 07:58:57,58971676,58971678
1171784,,5,2021-02-13 02:55:47,58971676,58971678
786498,,5,2021-01-20 09:37:35,58971676,58971678
8066183,,5,2020-12-13 11:43:56,58971676,58971678
531330,,5,2020-12-04 16:56:34,58971676,58971678
8453202,,5,2020-11-09 22:44:19,58971676,58971678
7010014,,5,2020-10-28 19:12:49,58971676,58971678
7401685,,5,2020-10-28 10:59:49,58971676,58971678
923662,,5,2020-10-26 07:33:47,58971676,58971678
16488115,,5,2020-09-24 18:18:20,58971676,58971678
7950306,,5,2020-09-09 14:06:37,58971676,58971678
6651266,,4,2026-02-19 22:06:16,58971676,58971678
14020579,"bìa sách bị bong tróc, cũng không thấy có khuyến mại firstnews. được cái ship nhanh có sách",2,2020-11-19 15:49:01,58971676,58971678
209499,"Sách k hay như mong đợi, chỉ là những nhận định của tác giả về Mr Ẩn.",3,2021-01-19 22:35:25,58971676,58971678
17027921,,4,2021-07-15 12:05:42,58971676,58971678
21907361,,4,2021-05-27 10:33:45,58971676,58971678
6621237,,4,2021-04-23 12:18:11,58971676,58971678
8663868,,4,2021-03-08 09:58:19,58971676,58971678
16191668,"💯 Mình đã đọc xong, cuốn sách cực kỳ hấp hẫn đối với mình, mỗi tối mở ra đọc là không muốn gấp lại, mng cũng thử đọc nhé!",5,2025-03-02 20:43:06,275218113,275218114
25143687,,5,2025-09-27 20:40:10,275218113,275218114
30328834,,5,2025-04-08 08:25:12,275218113,275218114
21471908,,5,2025-03-23 00:05:25,275218113,275218114
6759760,,5,2025-03-13 22:51:32,275218113,275218114
30262971,,5,2025-02-08 18:27:38,275218113,275218114
27374781,,5,2025-01-29 12:56:53,275218113,275218114
6095461,,5,2024-12-27 13:48:36,275218113,275218114
26968220,,5,2024-11-04 15:42:14,275218113,275218114
20301537,"Đầu tiên mình không biết Jennet McCurdy là ai cả nhưng biết sách viết về hồi ký của một cô diễn viên nổi tiếng. Một *** toxic ép con đi vào con đuờng diễn xúât và mang căn bệnh K ***, nửa sau sách là hành trình Net vuợt qua biến cố với mẹ thời trẻ. Giọng văn dễ đọc, các chương chỉ có 3-4 trang, nên hoàn thành cũng dễ dàng. Tuy nhiên, điểm trừ lớn là quá nhiều nội dung toxic và cách tác giả đối diện với nó cũng chả mang lại bài học gì. Quyển này best seller ở nước ngoài nhưng thật sự quá overrated, một trong những quyển hồi ký tệ nhất từng đọc.",1,2024-12-13 06:18:15,275218113,275218114
27852057,,4,2025-04-05 11:39:04,275218113,275218114
7001328,"Hồi ký của giáo sư Trần Văn Thọ chia sẻ những tình cảm và suy nghĩ của tác giả về quá khứ, hiện tại và cả tương lai nước nhà.",5,2025-06-08 09:58:03,278011249,278011250
28317984,,5,2026-06-27 23:18:18,278011249,278011250
26944675,,5,2025-11-15 12:01:47,278011249,278011250
1876039,,5,2025-11-04 19:14:03,278011249,278011250
5830020,,5,2025-10-25 14:33:58,278011249,278011250
6432043,Tuyệt vời,5,2025-06-26 12:55:18,278011249,278011250
5666626,,5,2025-08-20 11:35:46,278011249,278011250
906906,,5,2025-07-21 14:55:15,278011249,278011250
6933199,,5,2025-07-07 02:20:11,278011249,278011250
16748683,,5,2025-06-28 21:50:57,278011249,278011250
16855628,,5,2025-06-27 07:07:33,278011249,278011250
11929272,,5,2025-06-21 16:10:45,278011249,278011250
276433,,5,2025-06-19 18:47:44,278011249,278011250
29453148,,5,2025-06-17 16:51:55,278011249,278011250
8718086,,5,2025-06-16 08:05:46,278011249,278011250
528391,,4,2026-02-14 19:48:27,278011249,278011250
10746566,"Góc có hơi móp 1 tý nhưng nhìn chung là ổn, giao hàng đúng hẹn. Anh shipper siêu dễ thương, mình không hay điện thoại tận 30p nhưng gọi lại anh vẫn vui vẻ, thân thiện. Về nội dung thì phải đọc mới biết... ^^",5,2022-08-12 22:34:47,73222804,73222805
21976254,Sách in bằng giấy Ford màu kem nên không Sách in bằng giấy Ford màu kem nên không bị chói lóa khi đọc. M luôn yên tâm khi mua sách ở Tiki.,5,2025-02-28 19:06:45,73222804,73222805
16335328,"Sách đẹp, chưa đọc nên chưa biết nội dung. Được tặng bookmark rất là dễ thương.",5,2025-05-15 09:52:57,73222804,73222805
1412231,Quyển sách cung cấp một cái nhìn hoàn toàn đối lập với những điều mà Hoa Kỳ và đồng minh vẫn hay sử dụng phương tiện truyền thông của mình để nói về Putin và đường lối lãnh đạo của mình.,5,2024-03-06 17:35:14,73222804,73222805
1400752,Lúc nhận đc sách thì khá buồn vì tình trạng của quyển sách. Nhg mình vẫn cho 5* vì giá trị của một quyển sách ko phải nằm ở bề ngoài mà là nội dung bên trong.,5,2022-02-27 10:43:09,73222804,73222805
16730196,"Sách đẹp, nội dung phong phú.",5,2023-03-27 13:59:38,73222804,73222805
5632455,Sách ok,5,2024-11-26 13:56:25,73222804,73222805
30229968,,5,2026-02-15 13:03:14,73222804,73222805
8444188,"sách ok..mà nội dung *** quá,viết tào lao bí đao,trả liên quan gì đến cuộc đời -tư tưởng Putin.đọc 1 lần bỏ góc",5,2023-09-26 12:19:36,73222804,73222805
7391914,Thấy sách của đế chế nên mua mặc dù chưa biết nội dung ra sao....đọc r sẽ rì viu thêm. Nghĩ là sẽ hay,5,2022-10-01 20:36:28,73222804,73222805
21907476,,5,2025-12-24 08:03:25,73222804,73222805
510291,Nội dung khá hay,5,2025-07-30 21:20:05,73222804,73222805
11653692,,5,2025-11-10 19:54:06,73222804,73222805
28373793,,5,2025-10-30 13:36:17,73222804,73222805
10800767,,5,2025-10-19 13:26:03,73222804,73222805
762133,Khá ưng ý. Bookcare tốt 👍 mình chọn tikinow vì có sách sớm trong ngày thì càng khiến háo hức hơn. Cứ canh shiper gọi ra nhận sách 🙂,5,2021-10-21 21:40:43,73222804,73222805
13326648,,5,2025-08-13 00:28:20,73222804,73222805
8084054,"Nội dung chủ yếu là các bài phỏng vấn Putin về các vấn đề chính trị, hiện tượng xã hội, các sự kiện nổi cộm thời gian qua. Chất lượng sách thì tốt, giấy màu ngà đỡ nhức mắt.",5,2021-10-01 13:15:34,73222804,73222805
12029622,,5,2025-07-18 13:16:26,73222804,73222805
1226566,"Giao hành nhanh, đóng gói kĩ.",5,2022-08-03 16:38:03,73222804,73222805
29367525,,5,2025-06-11 18:08:17,73222804,73222805
1541167,,5,2025-06-05 20:17:12,73222804,73222805
28669516,"Sách hay, bao gói cẩn thận.",5,2024-11-12 13:20:50,73222804,73222805
21600183,,5,2025-03-26 15:59:33,73222804,73222805
10111841,Sách đẹp,5,2023-10-12 09:33:36,73222804,73222805
30051561,hay và dùng đẹp và chính hang,5,2024-07-30 12:38:53,73222804,73222805
16068938,,5,2025-02-05 10:42:59,73222804,73222805
25600979,,5,2025-01-29 06:15:03,73222804,73222805
7920274,,5,2025-01-25 10:05:14,73222804,73222805
9105091,"Sách đóng gói đẹp, sạch, in rõ nét, ko có gì để chê",5,2022-10-10 14:02:06,73222804,73222805
15352353,Chất lượng tốt,5,2023-07-05 13:54:12,73222804,73222805
30171459,,5,2024-10-23 17:49:13,73222804,73222805
22486350,đọc sách mới hiểu hết khí chất bất phàm của Putin. Quả thực là danh bất hư truyền,5,2022-12-22 01:08:10,73222804,73222805
5294619,,5,2024-09-02 12:32:02,73222804,73222805
11324055,"Đọc để biết rõ hơn vì sao nhân dân Nga lại ủng hộ và trung thành với Putin đến vậy. Ông quả thực là một người phi thường. Sách đẹp, giao đúng hạn.",5,,73222804,73222805
10621250,,5,2024-08-14 16:11:30,73222804,73222805
12440541,,5,2024-08-13 21:59:09,73222804,73222805
22140382,,5,2024-06-21 11:22:31,73222804,73222805
11891685,,5,2024-06-15 19:39:38,73222804,73222805
7449574,,5,2024-05-11 16:57:04,73222804,73222805
451499,,5,2024-04-23 20:43:28,73222804,73222805
5171107,,5,2024-03-30 20:21:32,73222804,73222805
8858291,Hay,5,2022-11-11 11:36:47,73222804,73222805
6643836,,5,2024-01-25 14:31:40,73222804,73222805
13084333,chất lượng giấy tốt nhưng ko hiểu sao tiêu đề in mờ,5,2021-09-13 14:53:01,73222804,73222805
23997962,Đọc ngay cho nóng,5,2022-03-09 14:45:42,73222804,73222805
9165,,5,2023-09-20 11:24:56,73222804,73222805
10417657,,5,2023-08-27 14:28:01,73222804,73222805
27439483,"đóng gói kĩ càng, chưa đọc nên chưa biết hay hay ko",5,2022-07-14 11:40:42,73222804,73222805
8496729,,5,2023-07-17 23:32:26,73222804,73222805
8455946,,5,2023-07-12 20:12:05,73222804,73222805
7238617,"Bạn nào mê lịch sử nên đọc nha, hay ạ",5,2021-06-09 13:32:43,73222804,73222805
10418172,,5,2023-04-30 18:30:14,73222804,73222805
641511,,5,2023-04-25 06:22:55,73222804,73222805
23074558,,5,2023-04-08 22:15:41,73222804,73222805
1390553,,5,2023-03-30 20:53:12,73222804,73222805
14879876,Sách hay,5,2023-01-28 09:56:16,73222804,73222805
2140507,,5,2023-03-11 16:29:01,73222804,73222805
16011441,,5,2023-03-11 00:41:29,73222804,73222805
21370574,,5,2023-02-28 01:11:07,73222804,73222805
23624377,Sách đẹp. Đóng gói cẩn thận,5,2022-07-18 09:21:42,73222804,73222805
14650196,,5,2023-02-21 13:37:19,73222804,73222805
14567592,,5,2023-02-06 14:04:17,73222804,73222805
23012231,,5,2023-02-05 09:42:43,73222804,73222805
27092918,,5,2023-02-01 13:44:22,73222804,73222805
1785701,"Giao hàng nhanh, bao bì và sản phẩm đẹp!",5,2022-03-31 10:59:56,73222804,73222805
15002290,,5,2023-01-16 14:24:25,73222804,73222805
8755923,"so good, you should buy it.",5,2022-08-04 23:51:34,73222804,73222805
14722549,"Sách đẹp. Giao nhanh, nội dung chưa đọc hết",5,2022-02-09 15:41:34,73222804,73222805
93770,,5,2022-12-27 16:51:57,73222804,73222805
28480374,đẹp,5,2022-11-21 13:33:41,73222804,73222805
15201378,,5,2022-12-14 14:50:59,73222804,73222805
887127,,5,2022-12-03 20:21:03,73222804,73222805
12058000,"Sách giao nhanh , bọc cẩn thận ! Ok nhé",5,2022-02-23 21:31:41,73222804,73222805
11665160,,5,2022-11-19 16:25:05,73222804,73222805
20215213,"Sách rất tốt, giao hàng nhanh.",5,2021-02-06 17:12:11,73222804,73222805
22587574,Hayyy,5,2022-10-08 21:42:50,73222804,73222805
620317,,5,2022-10-26 19:53:11,73222804,73222805
10065019,"sách đẹp, chất lượng tốt",5,2022-03-27 14:30:11,73222804,73222805
18488036,bìa sách có hơi sờn tí xíu nhưng không ảnh hưởng nhiều. sách ok,5,2021-07-01 11:32:35,73222804,73222805
33957,"Bao đẹp, mà đọc chưa xong",5,2022-04-04 09:46:12,73222804,73222805
23553948,,5,2022-10-12 16:19:17,73222804,73222805
997171,,5,2022-10-04 09:50:18,73222804,73222805
20340403,,5,2022-10-01 11:16:46,73222804,73222805
25150113,,5,2022-09-28 11:05:44,73222804,73222805
26938790,,5,2022-09-07 14:38:44,73222804,73222805
8238316,,5,2022-09-06 19:26:39,73222804,73222805
17352605,,5,2022-09-05 10:01:34,73222804,73222805
27508957,,5,2022-08-31 20:58:19,73222804,73222805
452323,"Đóng gói cẩn thận, nội dung thì đọc rồi đánh giá sau",5,,73222804,73222805
21193793,,5,2022-08-09 23:21:04,73222804,73222805
8993549,,5,2022-07-30 20:59:59,73222804,73222805
8533980,,5,2022-07-23 15:45:09,73222804,73222805
664787,,5,2022-07-23 11:52:02,73222804,73222805
6061918,hay,5,2022-07-04 11:16:04,73222804,73222805
878582,,5,2022-07-13 13:43:59,73222804,73222805
7174426,,5,2022-07-04 21:12:32,73222804,73222805
17225556,,5,2022-07-03 14:28:50,73222804,73222805
21525519,,5,2022-06-24 15:39:29,73222804,73222805
460654,"hài lòng về sản phẩm, giao hàng nhanh, nội dung hay",5,2021-06-26 11:21:06,73222804,73222805
10025671,,5,2022-06-22 14:36:44,73222804,73222805
11726,,5,2022-06-18 22:56:49,73222804,73222805
22911751,Sách hay,5,2022-04-25 16:35:24,73222804,73222805
2227428,,5,2022-06-15 22:00:07,73222804,73222805
10351222,,5,2022-06-14 12:32:58,73222804,73222805
11188275,,5,2022-06-05 12:26:44,73222804,73222805
599551,,5,2022-05-26 15:14:13,73222804,73222805
21378977,,5,2022-05-24 19:08:35,73222804,73222805
24106660,ok,5,2022-05-10 21:42:05,73222804,73222805
23756045,Đẹp,5,2022-04-16 00:08:12,73222804,73222805
27393204,,5,2022-05-10 22:08:23,73222804,73222805
726014,,5,2022-05-05 15:43:16,73222804,73222805
22711168,,5,2022-04-26 20:49:43,73222804,73222805
1649826,ok,5,2022-04-03 11:44:10,73222804,73222805
20285404,,5,2022-04-12 14:17:57,73222804,73222805
8488513,sách đẹp,5,2022-01-13 22:10:53,73222804,73222805
5670000,,5,2022-03-24 06:39:05,73222804,73222805
9025825,chất lượng rất tốt,5,2021-10-16 19:11:39,73222804,73222805
14326300,Chất lượng tốt,5,2021-11-18 17:45:36,73222804,73222805
26149704,hay,5,2022-03-01 15:21:17,73222804,73222805
5770824,,5,2022-03-13 20:22:38,73222804,73222805
8487247,,5,2022-03-06 11:19:53,73222804,73222805
26877123,,5,2022-03-04 04:49:37,73222804,73222805
659252,,5,2022-03-03 08:42:54,73222804,73222805
26758326,,5,2022-02-20 16:24:53,73222804,73222805
22827376,Đóng gói tốt,5,2021-11-11 15:18:25,73222804,73222805
22208511,Hay,5,2022-01-27 19:04:45,73222804,73222805
9022751,nội dung không hấp dẫn,5,2021-08-15 17:22:05,73222804,73222805
1053595,,5,2022-01-31 13:53:08,73222804,73222805
6640718,,5,2022-01-31 10:34:17,73222804,73222805
18445731,,5,2022-01-26 21:48:41,73222804,73222805
1433845,,5,2022-01-19 14:33:36,73222804,73222805
11020674,,5,2022-01-18 10:07:15,73222804,73222805
2077213,hay,5,2021-12-27 16:03:39,73222804,73222805
22310495,,5,2021-12-30 22:17:00,73222804,73222805
11592626,,5,2021-12-30 18:09:34,73222804,73222805
8258963,,5,2021-12-27 18:57:58,73222804,73222805
6923280,,5,2021-12-17 08:40:25,73222804,73222805
7003143,,5,2021-11-25 22:27:01,73222804,73222805
7821000,,5,2021-11-16 11:34:27,73222804,73222805
7846265,,5,2021-11-14 12:24:12,73222804,73222805
22712892,,5,2021-11-10 17:48:08,73222804,73222805
6245091,Hay,5,2021-10-10 11:42:53,73222804,73222805
12438036,,5,2021-10-24 22:39:41,73222804,73222805
1212061,,5,2021-10-21 13:41:49,73222804,73222805
5232014,,5,2021-10-21 09:07:04,73222804,73222805
20542215,,5,2021-10-12 08:17:47,73222804,73222805
512301,,5,2021-10-10 11:54:06,73222804,73222805
21350626,,5,2021-10-09 21:19:41,73222804,73222805
5489292,ok,5,2021-09-25 18:57:57,73222804,73222805
8574346,,5,2021-10-01 23:14:22,73222804,73222805
583508,ok,5,2021-09-19 16:18:49,73222804,73222805
6459216,,5,2021-10-01 01:25:46,73222804,73222805
21751879,,5,2021-09-22 13:46:02,73222804,73222805
17317046,,5,2021-09-15 14:08:42,73222804,73222805
9605895,,5,2021-09-11 13:21:11,73222804,73222805
9838326,,5,2021-09-11 13:06:32,73222804,73222805
6906179,,5,2021-09-11 12:21:28,73222804,73222805
19403789,,5,2021-09-04 14:28:07,73222804,73222805
23348989,,5,2021-09-04 00:55:07,73222804,73222805
9044270,,5,2021-08-23 12:43:14,73222804,73222805
2229595,,5,2021-08-11 14:23:33,73222804,73222805
12839799,,5,2021-08-09 22:22:57,73222804,73222805
22052588,,5,2021-07-23 13:21:31,73222804,73222805
22313946,ok,5,2021-07-11 19:14:01,73222804,73222805
5275062,,5,2021-07-16 08:02:11,73222804,73222805
363278,,5,2021-07-12 10:43:02,73222804,73222805
18334058,,5,2021-07-06 13:49:41,73222804,73222805
22113210,,5,,73222804,73222805
395859,,5,2021-06-28 10:17:52,73222804,73222805
21795338,,5,2021-06-06 13:30:40,73222804,73222805
10491118,,5,,73222804,73222805
1995,,5,2021-05-23 21:13:07,73222804,73222805
19905763,,5,,73222804,73222805
10989011,,5,2021-05-13 07:13:01,73222804,73222805
17738259,,5,2021-05-06 09:59:44,73222804,73222805
12040009,,5,2021-04-26 17:29:11,73222804,73222805
12747400,,5,2021-04-22 16:35:50,73222804,73222805
1285470,,5,2021-04-21 10:27:47,73222804,73222805
14220803,,5,2021-04-02 20:40:32,73222804,73222805
605135,,5,2021-03-24 08:53:01,73222804,73222805
2176074,,5,2021-03-11 12:56:56,73222804,73222805
854355,Oki,5,2021-02-09 03:55:07,73222804,73222805
5851071,,5,2021-02-17 19:12:49,73222804,73222805
1763796,,5,2021-02-17 12:16:22,73222804,73222805
17601485,,5,2021-02-15 15:32:50,73222804,73222805
13259687,,5,2020-12-17 08:55:41,73222804,73222805
17774517,Nội dung hay nên đọc để hiểu hơn những góc khuất mà trên mạng chưa nói hết.,4,2025-09-03 07:47:46,73222804,73222805
28368568,Chất lượng giấy in ko cao In ko đc rõ,4,2025-06-04 11:44:20,73222804,73222805
20032040,Nội dung sách không dễ đọc,4,2025-03-24 18:43:59,73222804,73222805
17709208,"Gáy sách vuông vắn, trang giấy đẹp, thơm. Tuy nhiên nếu được bọc ni lông vào thì sẽ tốt hơn",4,2021-02-06 23:05:15,73222804,73222805
1306757,Hàng gói đẹp,4,2022-06-26 15:11:34,73222804,73222805
8557917,,4,2024-10-22 09:10:37,73222804,73222805
16760225,,4,2024-07-21 13:11:06,73222804,73222805
2131737,,4,2024-07-02 13:16:18,73222804,73222805
8888235,,4,2023-07-13 13:00:19,73222804,73222805
538313,"Không được bọc tử tế, chỉ để trong cái hộp giao hàng, nên cũng hơi trầy trụa",4,2021-11-13 15:00:04,73222804,73222805
11112137,Giao nhận nhanh gọn lẹ. Sách hơi bị bụi,4,2021-02-11 16:03:15,73222804,73222805
14080506,"Sách bị gấp nếp vài trang đầu, hơi bụi",4,2022-02-07 19:50:29,73222804,73222805
19496818,,4,2022-12-02 13:04:20,73222804,73222805
21558252,Bìa sách bị trầy xước khá nhiều,4,2022-02-07 18:16:58,73222804,73222805
9049866,,4,2022-07-18 11:11:31,73222804,73222805
5783718,,4,2022-06-05 09:12:53,73222804,73222805
21609418,Ok,4,2022-04-04 11:01:54,73222804,73222805
19007570,,4,2022-02-05 16:42:03,73222804,73222805
8826741,"Sách nhận được như hình, không bị hỏng, lỗi",4,2021-02-19 13:51:28,73222804,73222805
7365543,,4,2022-01-09 16:16:55,73222804,73222805
8548069,sách bìa hơi cũ,4,2021-09-06 21:28:08,73222804,73222805
5385926,,4,2021-09-19 06:13:32,73222804,73222805
6588832,,4,2021-09-11 13:48:55,73222804,73222805
20830508,,4,2021-09-08 20:05:21,73222804,73222805
20466917,,4,2021-08-14 08:30:00,73222804,73222805
11116755,,4,2021-07-03 23:22:00,73222804,73222805
9971524,,4,2021-05-21 20:30:39,73222804,73222805
6621237,,4,2021-04-23 12:17:16,73222804,73222805
14426195,,4,2021-01-14 11:51:00,73222804,73222805
469959,"“Người tị nạn” không hẳn là câu chuyện riêng về người tị nạn dù ít nhiều yếu tố tị nạn được đề cập đến. Tác phẩm là các câu chuyện về những người Việt xa sứ hay những con người có ít nhiều gắn bó Việt Nam. Không đặc sặc trong văn phong kể chuyện, không phán xét các vấn đề có tính lịch sử cũng không mưu cầu về đạo đức hay triết lý. “ Người tị nạn “ đơn giản là các câu chuyện cuộc sống quanh chúng ta được tác giả ghi chép lại bằng góc nhìn của một người tị nạn.",5,2025-08-12 09:24:14,985825,985827
1814191,"Sách in đẹp, giấy láng bóng mà lại nhẹ. Dù 200 trang hơn nhưng mỏng như sách 100 trang. Về phần sách thì văn phong tác giả nhẹ nhàng, không đao to búa nặng, kể những câu chuyện cóp nhặt một cách bình tâm chậm rãi, như cách những người việt kiều kể về một chuyện cũ, gạn lọc lại, ít đụng chạm hơn. Cảm giác văn phong là kiểu miền Nam mình, không cần sự khoa trương. Mọi người nên đọc nhé. Dù sao đây cũng là tác giả người “gốc việt” đoạt giải pulizer đầu tiên, không phải dễ dàng mà làm được điều này trên đất Mỹ. Chắc chắn tác giả phải có điều chi vượt trội xuất sắc. Cám ơn tiki đã giao sách nhanh và đẹp.",5,2021-03-31 09:35:19,985825,985827
22992092,"Chiến tranh đi qua, nhưng tàn dư của nó vẫn đọng lại đến bây giờ. Đọc sách, mình càng hiểu thêm và hình dung được phần nào về quá khứ đau thương và cuộc sống hiện tại của những mảnh đời đã trải qua thời khắc đen tối ấy, để thấy rằng mình hạnh phúc biết nhường nào. Rất nên đọc nha mọi người! Sách đẹp, giao hàng nhanh, mình rất hài lòng!",5,2021-10-25 11:16:13,985825,985827
6175263,"Sách mới, có bọc một lớp nilong ở ngoài, đơn hàng lần này Tiki xử lý rất chu đáo. Đặt 3 ngày thì nhận được sách, mình nghĩ trong tình hình dịch bệnh hiện nay thì thời gian giao hàng như vầy là khá nhanh. Mình chưa đọc nội dung bên trong nhưng mình rất ấn tượng với chất liệu giấy của sách!",5,2021-10-13 16:04:22,985825,985827
5828588,"sách đẹp, đóng gói kĩ càng",5,2023-04-17 10:07:02,985825,985827
1132297,"sách in giấy trắng , 200 trang hơi mỏng, có tặng kèm thẻ dấu trang tiện ích",5,2021-05-10 20:25:01,985825,985827
30641120,,5,2026-04-11 09:42:33,985825,985827
29384347,Nội dung sách thì mình chưa đọc nhưng bản thân mình không thích chất giấy và sách có nhiều chữ bị mờ khi in,5,2023-12-13 19:39:52,985825,985827
741740,"Cuốn sách hay, lối văn hiện đại, mở ra nhiều suy ngẫm",5,2023-08-18 14:09:00,985825,985827
41130,"Sách mỏng hơn so với mình nghĩ, nhưng mà màu bìa đẹp. Ủng hộ các tác giả gốc Việt nè. Nội dung mình chưa đọc nên chưa nhận xét được.",5,2021-11-08 23:29:28,985825,985827
26741419,,5,2025-10-11 13:18:09,985825,985827
11391731,"Giao hàng nhanh, săn sale được giá tốt. Chất lượng sách nguyên vẹn, nội dung đáng tham khảo.",5,2022-08-20 15:38:02,985825,985827
1811771,,5,2025-01-13 15:14:56,985825,985827
12440857,,5,2024-12-06 09:53:49,985825,985827
21675474,,5,2024-12-03 18:22:35,985825,985827
6164588,"Sách đẹp, giao hàng nhanh, văn của Viet Thanh Nguyen rất hay",5,2022-08-03 15:50:23,985825,985827
5735902,"Tạo hoá luôn ban tặng chúng ta những điều đau khổ xen lẫn cảm giác hạnh phúc để chúng ta biết trân trọng những gì chúng ta đang có.thật khó khăn cho bản thân khi đọc cuốn sách lại phải kiềm chế cảm súc mạnh mẽ ,sự thật đau lòng nhưng dù gì nó cũng đã qua nhưng nó sẽ ám ảnh chúng ta cho đến hết cuộc đời.Thật sự cuốn sách miêu tả rất chân thực ,tự nhiên ,dòng cảm súc như chính chúng ta đang trải nghiệm .cảm ơn tác gỉa Nguyễn Việt Thanh rất nhiều ạ!...",5,2018-01-13 17:01:04,985825,985827
109004,"Không hổ danh một tác giả đoạn giải Pulitzer, tập truyện ngắn ""Người Tị Nạn"" của Viet Thanh Nguyen đã đem lại cho độc giả nhiều cảm xúc. Đó là một sự ám ảnh đến run sợ. Đó là một sự hồi tưởng về quá khứ đau buồn. Tác giả không kể lể, không bi lụy, chính điều đó đã giúp tập truyện thật đặc biệt và ý nghĩa.",5,2017-12-31 00:30:47,985825,985827
6669967,,5,2024-05-14 10:13:57,985825,985827
273998,Đồng tác giả cuốn Cảm Tình Viên. Chưa đọc nhưng hy vọng không trùng với cuốn Kẻ Ly Hương,5,2022-06-23 00:23:42,985825,985827
28143517,,5,2024-04-12 15:05:49,985825,985827
1789841,,5,2024-02-16 13:28:24,985825,985827
9165,,5,2023-12-04 10:23:32,985825,985827
138266,"Từ xưa đến nay, đã có quá nhiều tác phẩm đề cập đến cuộc sống của những nguời bước qua chiến tranh Việt Nam, nhưng ít có tác phẩm nào đề cập đến những số phận sống sót bên kia chiến tuyến, những người đánh cược với số phận trên các chuyến tàu vượt biên. Một góc nhìn hoàn toàn mới được kể lại qua những truyện ngắn khác nhau với những mảnh đời khác nhau. Viết Thanh Nguyễn có một giọng văn mạnh mẽ, uyển chuyển, giúp ông thể hiện được những góc khuất sâu thẩm trong tâm hồn mỗi nhân vật một cách sắc sảo. Không cứng nhắc, không triết lý, không màu sắc chính trị, Người Tị Nạn là một trong những tác phẩm đầu tay hay nhất mà minh từng đọc.",5,2018-03-06 17:28:54,985825,985827
190040,"Hầu hết các truyện ngắn trong cuốn sách này đều kết thúc bỏ ngỏ, khiến người đọc tiếp tục suy nghĩ về cuộc sống của những nhân vật sau đó. Tôi thích hầu hết các nhân vật trong sách. Họ khác nhau, thú vị, đều có các câu chuyện trong quá khứ, vừa hoài cổ, vừa chút oán giận. Bóng ma quá khứ của cuộc chiến, những cơn ác mộng rồi cũng vơi đi, nhưng với nhiều người họ vẫn cố chấp mặc dù thế hệ con cháu họ đã cởi mở hơn rất nhiều, như Giáo sư Khanh, ông P. Tôi thích cuốn sách vì những câu chuyện rất đời và nhân văn. Xin cảm ơn tác giả. Sách in giấy láng bóng tôi nghĩ không cần thiết. Bìa không được đẹp lắm và giá quá cao so với một cuốn sách mỏng.",5,2018-01-15 20:55:15,985825,985827
19787106,,5,2022-05-13 20:06:04,985825,985827
27730456,Giao hàng nhiệt tình sách mới đẹp,5,2022-10-11 12:34:46,985825,985827
22614674,,5,2023-06-06 14:57:15,985825,985827
1648044,,5,2023-04-17 16:34:32,985825,985827
455382,"Cốt truyện hay, cách viết lạ về cuộc sống cùng những câu chuyện buồn, chua chát về người Việt Nam ở Mỹ. Văn hoá dường như đã thấm vào gene nên dù sinh ở đâu, sống ở đâu bạn vẫn ít nhiều thuộc về nền văn hoá của dân tộc hay chủng tộc của bạn.",5,2018-01-02 09:24:12,985825,985827
2091,,5,2023-02-01 06:32:12,985825,985827
23868951,"sách hay, chất lượng giấy tốt,giao hàng nhanh, shipper thân thiện.",5,2021-10-05 22:00:33,985825,985827
5269446,Lời văn dễ cảm,5,2021-06-01 12:58:01,985825,985827
16604543,"Sách bọc kĩ càng , giao nhanh , cảm ơn shop",5,2022-02-10 23:30:18,985825,985827
15238162,Hay,5,2022-10-23 11:57:49,985825,985827
51781,,5,2022-10-21 16:23:46,985825,985827
12030437,,5,2022-10-12 15:41:41,985825,985827
278130,,5,2022-08-17 20:51:20,985825,985827
18699346,,5,2022-08-09 11:40:30,985825,985827
20440557,,5,2022-08-07 07:33:59,985825,985827
1378139,,5,2022-07-06 22:57:33,985825,985827
7566857,,5,2022-06-21 19:20:46,985825,985827
1778805,"Một tác phầm hay, người đọc có cảm giác thú vị đặc biệt qua những truyện ngắn của tác giả.",5,2020-05-14 16:49:42,985825,985827
7185710,,5,2022-04-12 09:16:21,985825,985827
2655,,5,2022-03-16 08:16:07,985825,985827
108150,,5,2022-03-08 23:31:02,985825,985827
13499680,,5,2022-02-01 11:39:21,985825,985827
795943,,5,2021-12-27 14:02:27,985825,985827
16609592,,5,2021-12-26 15:09:46,985825,985827
211558,,5,2021-12-19 12:25:50,985825,985827
238519,,5,2021-12-16 12:55:27,985825,985827
372883,,5,2021-12-12 13:06:01,985825,985827
22949595,,5,2021-12-10 14:46:38,985825,985827
20318314,,5,2021-12-03 16:00:15,985825,985827
22704557,,5,2021-12-02 10:37:33,985825,985827
9176044,,5,2021-11-01 09:13:14,985825,985827
21169064,,5,2021-10-25 20:47:57,985825,985827
7747216,,5,2021-08-09 00:19:25,985825,985827
19563326,,5,2021-07-25 14:03:11,985825,985827
9129632,,5,2021-07-02 14:22:13,985825,985827
5135341,,5,,985825,985827
10721851,,5,2021-06-24 07:13:32,985825,985827
16505449,,5,,985825,985827
1247270,"tiki giao hàng nhanh, đóng gói cẩn thận truyện nội dung hay",5,2020-04-23 15:24:07,985825,985827
659909,"Sách in đẹp, không rách không hư gáy. Hài lòng với tiki",5,2020-05-09 14:33:31,985825,985827
314349,,5,2021-06-03 14:44:40,985825,985827
725910,,5,2021-05-30 11:31:33,985825,985827
17345229,,5,2021-05-23 15:34:52,985825,985827
197209,,5,2021-04-17 21:57:15,985825,985827
194272,,5,2021-04-17 19:06:58,985825,985827
9889947,,5,2021-04-17 17:42:57,985825,985827
754693,,5,,985825,985827
1338206,Nội dung sách mang giá trị lịch sử cao,5,2020-05-21 15:23:08,985825,985827
388001,,5,2021-02-07 20:17:38,985825,985827
6067160,,5,2021-01-28 13:42:12,985825,985827
231103,sách hay,5,2020-10-19 11:27:46,985825,985827
173503,,5,2020-12-02 13:22:26,985825,985827
17668334,,5,2020-11-19 11:39:25,985825,985827
580450,,5,2020-10-24 10:58:45,985825,985827
6795199,,5,2020-07-29 18:11:51,985825,985827
9670884,,5,2020-06-03 15:22:32,985825,985827
6130197,"sách hay, lột tả hoàn toàn xã hội Thời bấy giờ. rất ý nghĩa. các bạn hãy tìm và đọc nhé",5,2017-12-23 09:44:29,985825,985827
632637,"Đóng gói kỹ, giao nhanh",5,2019-05-10 10:14:14,985825,985827
6563585,"Giao hàng nhanh, đóng gói đẹp, rất vừa lòng với sp",5,2018-06-26 18:57:51,985825,985827
439554,Sách giấy đẹp. Nội dung hay. Giao hàng nhanh chóng.,5,2018-01-03 23:33:26,985825,985827
1231830,"Sach dep, in giay dep nhu nha sach, giao hang nhanh.",5,2018-01-23 11:44:25,985825,985827
5658481,Sách bị nếp gấp ở bìa. Hơi xấu,3,2024-12-01 06:19:02,985825,985827
5963319,"Tiki giao hàng đúng hẹn, đóng gói cẩn thận, sách mới nguyên, mình rất ưng ý. Về sách gồm những mẩu chuyện ngắn xoay quanh cuộc đời các nhân vật là người Việt Nam tị nạn ở các nước trên thế giới trong thời chiến. Nhiều chuyện khá xúc động. Tuy nhiên vì là kết cấu khá ngắn nên chưa thật sự để lại ấn tượng rõ nét.",4,2020-08-04 21:15:34,985825,985827
9813362,,4,2025-04-25 23:13:32,985825,985827
7683027,,4,2025-03-27 11:35:06,985825,985827
22201033,,4,2024-09-16 11:40:44,985825,985827
11992154,,4,2024-02-20 15:17:04,985825,985827
288635,"Rất hoan nghênh nỗ lực của NXB mang đến cho độc giả tác phẩm mới, có cái nhìn đa chiều, nội dung hay. Tuy nhiên có vài điểm trừ: - giấy mỏng và trơn, nên hay dính vào nhau, dẫn đến khó lật trang - đặc biệt chất lượng dịch thuật không tốt. Có thể cấu trúc câu và ngữ pháp được giữ nguyên theo bản gốc tiếng Anh, không phù hợp với tiếng Việt. Rất nhiều lần mình phải đọc đi đọc lại 2-3 lần 1 đoạn văn gồm 2-3 câu, vì ko thể hiểu đoạn văn đang nói đến cái gì.",2,2018-01-14 14:03:47,985825,985827
864196,"Thực sự mình trông chờ cuốn The sympathizer của Viet Thanh Nguyen hơn, cuốn này không hay cho lắm",4,2020-02-27 17:37:41,985825,985827
2053944,"Truyện viết quá chán, rất khó đọc.",1,2022-05-02 08:53:51,985825,985827
7009926,nội dung chst lượng,4,2022-06-19 11:40:27,985825,985827
6627664,"Truyện càng về cuối càng nhạt . Đã vậy lại bị cắt hết một chương truyện . Mình vẫn hy vọng quyển The Sympathizer của tác giả này sớm có bản Tiếng Việt , vì nhờ quyển này mà ông ấy nổi tiếng .",4,2018-04-17 05:53:14,985825,985827
481996,"tiki làm ăn mất uy tín, không đáng mua nữa.",1,2021-06-24 12:00:46,985825,985827
1263974,,4,,985825,985827
12731988,,4,2021-06-15 02:26:41,985825,985827
331351,Tuy tác phẩm hay nhất không có mặt trong tập truyện này nhưng tôi vẫn hài lòng vì chờ đợi khá lâu và cũng không nghĩ truyện ngắn này được dịch qua tiếng Việt,4,2018-01-15 11:01:48,985825,985827
842306,Hài lòng,4,2021-01-24 12:53:04,985825,985827
17858011,,3,2021-01-25 07:38:07,985825,985827
130081,"Nội dung Rời rạc, dở với mô típ cũ không lôi cuốn. Lời giới thiệu về tác phẩm quá tương phản với nội dung. Tôi đánh giá không cao tác phẩm này.",1,2018-01-02 08:41:58,985825,985827
6394981,sách hơi cũ và dơ,3,2020-09-10 17:23:03,985825,985827
168627,,4,2020-12-17 11:15:30,985825,985827
18908134,,3,2020-11-29 13:29:36,985825,985827
451863,,4,2020-09-08 13:53:02,985825,985827
10529949,,4,2020-06-16 19:30:50,985825,985827
2171897,sách hay. nhưng mực bị nhòe Đôi chỗ chữ lúc to lúc nhỏ. khó đọc,4,2017-12-27 12:26:08,985825,985827
10977904,Truyện,5,2024-12-03 22:32:48,275105102,275105103
12686613,"Sách mới, bọc sách đẹp, tiki giao nhanh mà còn được miễn phí ship. Nói chung là rất hài lòng.",5,2024-10-21 14:04:25,275105102,275105103
30514685,,5,2026-04-21 20:47:59,275105102,275105103
13441131,,5,2026-01-30 22:24:16,275105102,275105103
7981785,,5,2026-01-06 11:53:05,275105102,275105103
15568864,,5,2024-11-20 22:20:33,275105102,275105103
691321,,5,2024-10-30 15:45:15,275105102,275105103
1687103,,5,2024-10-27 06:08:36,275105102,275105103
30032284,,5,2024-10-01 08:47:11,275105102,275105103
5757175,,5,2024-06-22 13:45:43,275105102,275105103
30235514,"Cạnh của một vài trang giấy hơi bị gấp vào, lỗi 1 xíu",3,2025-09-23 19:03:31,275105102,275105103
6794293,Đúng là bộ kỳ thư. Đọc sử ký mới thấy Tử Trường Tiên Sinh bỏ ra công sức cũng không nhỏ để viết nên bộ ký này.,5,2021-12-12 20:48:56,107707582,107707583
13916172,"Sách đẹp, săn sale được giá tốt. Nhân phẩm khá nên dẫu dính quả đóng gói đậm chất Tiki nhưng sách vẫn bình an :))))",5,2021-12-23 23:27:10,107707582,107707583
14248083,"Bản này hầu như lược dịch nên đọc nhanh hết lắm , với lại cả nửa quyển sau là nguyên tác Hán văn nên còn lại chừng 300 trang , cũng thiếu khá nhiều phần so với các bản hiệu đính về sau .",5,2022-06-22 10:22:17,107707582,107707583
14463069,,5,2025-10-13 15:36:02,107707582,107707583
20529768,,5,2025-09-18 07:38:11,107707582,107707583
179975,"Đây là cuốn sách hay kinh điển của văn học phương, sách rất đẹp, giấy tốt thích lắm ạ!",5,2022-06-21 12:42:00,107707582,107707583
5897740,Quyển này mua vì bìa đẹp nhưng gần 1/3 sách là chữ Hán T___T,5,2022-11-30 22:08:57,107707582,107707583
13834610,,5,2024-12-20 06:38:17,107707582,107707583
21190354,"thời gian giao hàng nhanh, sách đẹp, nội dung hay, rất đáng đọc",5,2022-06-08 21:44:50,107707582,107707583
8428517,"k thích nhận xét nhe , bat nhận xét hoài cho 1*",5,2022-02-05 21:42:55,107707582,107707583
7503570,"Giao hàng nhanh, sách hay.",5,2022-06-20 16:49:20,107707582,107707583
7434625,đóng gói và hình thức rất tuyệt. 👏🏻,5,2021-12-25 14:38:00,107707582,107707583
1432282,,5,2022-06-26 10:11:21,107707582,107707583
6903383,Ok,5,2022-01-01 15:52:42,107707582,107707583
6615268,Sách đẹp,5,2022-10-01 00:33:24,107707582,107707583
559383,,5,2022-11-20 21:33:22,107707582,107707583
21569165,,5,2022-11-02 09:28:07,107707582,107707583
1296442,"sách giao nhanh , đúng",5,2022-04-09 11:49:19,107707582,107707583
5859998,,5,2022-08-15 12:19:57,107707582,107707583
202813,,5,2022-07-16 00:04:57,107707582,107707583
18069574,,5,2022-07-07 16:35:32,107707582,107707583
5931208,,5,2022-07-05 13:26:18,107707582,107707583
948689,,5,2022-06-13 12:21:33,107707582,107707583
21663407,,5,2022-06-10 17:22:52,107707582,107707583
22461071,,5,2022-06-06 10:54:24,107707582,107707583
7821,"Bao bì cẩn thận, giao hàng nhanh ...",5,2021-10-02 11:34:13,107707582,107707583
122483,,5,2022-05-22 14:45:54,107707582,107707583
26490424,sách đẹp,5,2022-03-08 22:48:58,107707582,107707583
470130,,5,2022-04-26 22:27:01,107707582,107707583
16055835,,5,2022-04-20 07:34:49,107707582,107707583
21124950,,5,2022-04-02 14:53:32,107707582,107707583
7706252,oki,5,2022-02-24 01:04:06,107707582,107707583
20274117,ok,5,2022-02-20 12:41:01,107707582,107707583
7945693,Sách tốt,5,2021-12-22 10:08:10,107707582,107707583
11119187,Sách đẹp quá,5,2021-11-16 09:56:17,107707582,107707583
7095314,,5,2022-02-07 11:22:11,107707582,107707583
19698295,,5,2022-02-06 15:41:52,107707582,107707583
5353717,,5,2022-02-06 06:24:17,107707582,107707583
15484633,,5,2022-02-02 18:14:32,107707582,107707583
265056,,5,2022-01-10 08:35:50,107707582,107707583
6173342,Hay,5,2021-12-06 16:15:32,107707582,107707583
67497,,5,2021-12-22 20:11:37,107707582,107707583
98653,,5,2021-12-18 12:29:36,107707582,107707583
12958393,,5,2021-12-01 11:43:18,107707582,107707583
20085028,,5,2021-11-24 13:42:03,107707582,107707583
10291175,,5,2021-11-22 23:28:07,107707582,107707583
17301506,,5,2021-11-17 18:48:19,107707582,107707583
21212252,,5,2021-10-22 19:05:47,107707582,107707583
2114277,,5,2021-10-19 23:35:58,107707582,107707583
1095147,,5,2021-10-03 10:42:02,107707582,107707583
6965441,,5,2021-07-18 09:52:02,107707582,107707583
189522,,5,2021-07-16 21:23:45,107707582,107707583
30065588,,4,2026-09-05 06:12:17,107707582,107707583
18310133,"Sách đẹp, đoạn cuối là bản chữ hán, chiếm 1/3 quyển sách",4,2022-04-14 10:26:23,107707582,107707583
22287214,,4,2022-08-27 08:24:19,107707582,107707583
13164603,giáo hàng nhanh,4,2022-03-10 20:40:43,107707582,107707583
14856339,,4,2022-06-07 08:49:32,107707582,107707583
16442350,,4,2022-01-11 19:00:20,107707582,107707583
14052374,"“Tro Tàn Của Angela” là cuốn hồi kí đậm chất hiện thực về năm tháng tuổi thơ của tác giả vào những năm 30 của thế kỉ XX. Văn hóa đòi nghèo đã khắc họa rõ nét qua đức hi sinh và tình yêu thương của người mẹ qua những buổi đi xin giúp đỡ ở Hội Thánh Vincent de Paul, xin cứu tế ở Bệnh xá miễn phí và thậm chí, hoàn cảnh ấy đẩy bà vào con đường đi ăn xin vì những đứa trẻ của mình. Trong khi đó, người cha lại là một kẻ nghiện rượu, ươn hèn nhưng luôn đề cao chủ nghĩa yêu nước và dạy những đứa trẻ thề phải chết vì Ireland. Lớn lên một gia đình đông con, Frank McCourt không đổ lỗi cho số phận mà ngược lại nhìn nhận mọi thứ dưới một góc nhìn đầy tình yêu thương, niềm bao dung và đức tin cao cả. Qua giọng văn dí dỏm, tự nhiên, không lãng mạn hóa nhưng cũng không phán xét, người đọc thấy được sự trưởng thành của những đưa trẻ trong những ngày tháng cơ cực. Câu chuyện của tác giả không chỉ miêu tả hoàn cảnh khó khăn, thiếu thốn của riêng gia đình ông mà còn phản ánh cảnh sống đói nghèo của cả một thế hệ ở Ireland lúc bấy giờ.",5,2022-11-26 16:59:40,191919683,191919684
13552782,"Với tất cả tình yêu thương, câu chuyện được viết theo lối kể hóm hỉnh, nhẹ nhàng và tràn ngập hi vọng bên cạnh những nỗi đau cuộc sống. McCourt không phán xét số phận mà đón nhận tất cả với lòng bao dung và thi vị, làm bật lên ý nghĩa cuộc sống từ những điều đơn giản nhất. Tiki gói hàng đẹp, giao siêu nhanh, cực hài lòng",5,2022-08-13 14:34:22,191919683,191919684
18387707,Nội dung sách hay phù hợp với mọi lứa tuổi. Trình bày rõ ràng bố cục dễ hiểu. In ấn rõ nét Chất lượng giấy tốt,5,2025-02-03 16:05:08,191919683,191919684
198939,Mình rất thích quyển Người Thầy cùng tác giả nên phải mua luôn quyển này. Mới đọc được tầm 20 trang và thấy rất thú vị với lối kể chuyện hài hước.,5,2022-08-28 11:09:18,191919683,191919684
507804,"Sách hình thức đẹp, nội dung do chưa đọc nên chưa đánh giá được nhưng nghe nhiều lời khen rồi. Chất lượng giao hàng của Tiki tốt, giao hàng nhanh chóng.",5,2022-08-22 09:53:43,191919683,191919684
17893500,Món hàng nhận được rất hoàn hảo. Thành thật cám ơn shop và nhân viên giao hàng .,5,2023-12-18 09:47:15,191919683,191919684
7915518,"sách đẹp, giao nhanh. Sách khổ to, nội dung mình chưa đọc nhưng tác giả minhc đã đọc cuốn Người thầy rất thích nên cuốn này k fai ngoại lệ",5,2022-08-10 06:39:09,191919683,191919684
17231720,"Tiki giao hàng nhanh, sách còn mới nguyên seal",5,2023-02-20 14:50:47,191919683,191919684
9928184,,5,2025-01-04 12:34:45,191919683,191919684
394544,Sách còn nguyên màn co. Tiki giao hàng nhanh hơn dự kiến.,5,2022-08-10 17:55:53,191919683,191919684
21390673,"Sách hay tuyệt vời, rất đáng để sưu tầm.",5,2022-09-02 21:27:58,191919683,191919684
11052859,,5,2024-09-28 07:39:06,191919683,191919684
5424053,,5,2024-09-09 08:57:45,191919683,191919684
13175757,Còn nguyên seal. Giao hàng nhanh,5,2022-10-07 12:09:54,191919683,191919684
8012920,Sách nguyên màng co luôn mới cứng,5,2022-08-20 10:43:59,191919683,191919684
642183,Sách còn nguyên màng co,5,2022-10-21 16:13:45,191919683,191919684
21269640,1 quyển sách hay,5,2022-11-20 16:29:07,191919683,191919684
751879,"Sách hay, có ý nghĩa, văn phong rõ ràng, dễ hiểu. Cảm ơn tác giả và người dịch",5,2022-08-26 06:55:03,191919683,191919684
6293989,Ok,5,2022-10-22 22:26:28,191919683,191919684
27746445,,5,2022-09-22 14:58:01,191919683,191919684
20461023,,5,2023-11-12 17:27:43,191919683,191919684
8824707,Rất hay,5,2023-04-09 19:18:17,191919683,191919684
20390110,,5,2023-03-14 12:51:14,191919683,191919684
21751991,,5,2022-12-28 19:06:42,191919683,191919684
10372078,,5,2022-12-03 20:46:25,191919683,191919684
14468637,,5,2022-11-29 18:53:07,191919683,191919684
12588796,Rất hay,5,2022-09-25 09:25:26,191919683,191919684
47288,,5,2022-10-28 18:33:53,191919683,191919684
17088516,,5,2022-10-17 15:07:00,191919683,191919684
6158890,,5,2022-10-13 15:14:19,191919683,191919684
551223,,5,2022-09-15 09:51:11,191919683,191919684
191964,,5,2022-09-06 19:32:51,191919683,191919684
21629828,,5,2022-08-20 15:52:12,191919683,191919684
1247108,,4,2022-09-24 22:28:44,191919683,191919684
20068645,Chưa đọc nội dung nhưng mk thích tìm hiểu lịch sử giai đoạn này. Mấy hôm mưa sách được bọc chống nước. 10 điểm cho khâu đóng gói. Shiper vui tính. 5sao cho tiki,5,2022-07-24 14:33:08,76227766,76227767
30235617,"Sách hay, tư liệu quý, nội dung khá...",5,2025-05-26 22:43:14,76227766,76227767
21848997,tò mò chuyện của người thua cuộc là như thế nào (có giống với chuyện người thắng kể không),5,2022-03-20 14:53:03,76227766,76227767
29398643,hào hứng lắm luôn,5,2023-09-02 22:20:49,76227766,76227767
17976810,Giao đúng thời gian. Sách đẹp như quảng cáo,5,2024-01-10 13:46:14,76227766,76227767
10007662,Chất lượng ổn. Giao hàng nhanh.,5,2021-10-23 13:18:05,76227766,76227767
6879751,"giao hàng nhanh, tài xế ân cần lịch sự, sách mới không bị gãy bìa",5,2022-03-25 11:31:57,76227766,76227767
5555758,,5,2024-04-09 11:57:54,76227766,76227767
7890904,,5,2024-04-03 23:30:02,76227766,76227767
14664265,,5,2024-03-08 04:48:43,76227766,76227767
14227829,"Sách đẹp, vận chuyển siu nhanh, anh ship nhiệt tình tận tâm ạ 😄",5,2022-11-07 17:36:54,76227766,76227767
12304661,,5,2024-02-16 16:37:08,76227766,76227767
1264228,Sách ok. Cám ơn Tiki.,5,2022-05-24 23:31:29,76227766,76227767
7550538,Nội dung hay. Tuy nhiên hình ảnh hơi ít. Sách giao rất nhanh nhưng có hơi cũ,5,2021-03-07 14:12:23,76227766,76227767
12838997,,5,2023-10-31 19:09:55,76227766,76227767
21731920,"Đóng gói kỹ, cẩn thận. Bao bì đẹp, chắc chắn",5,2022-10-04 14:08:50,76227766,76227767
98567,Sách quá hay,5,2023-06-03 20:41:57,76227766,76227767
21023897,tuyet voi,5,2023-06-16 14:15:49,76227766,76227767
22135432,đúng,5,2022-03-30 10:38:49,76227766,76227767
25678853,,5,2023-06-16 11:13:39,76227766,76227767
23048435,,5,2023-06-05 09:26:42,76227766,76227767
9635771,quá xa lạ với lịch sử được giảng dạy,5,2021-04-08 11:03:41,76227766,76227767
22090149,"đẹp, gửi nhanh, bookcare tuyet voi",5,2021-06-16 13:16:37,76227766,76227767
10412949,,5,2023-03-31 11:19:40,76227766,76227767
16907712,"Cuốn sách này cực kỳ hấp dẫn, nó c",5,2022-06-28 10:12:52,76227766,76227767
14282498,Hàng mới đẹp❤️ưng quá ưng luôn,5,2021-04-23 15:44:12,76227766,76227767
5190907,,5,2023-03-16 09:01:07,76227766,76227767
336134,,5,2022-11-17 20:44:21,76227766,76227767
528763,,5,2022-10-11 12:29:19,76227766,76227767
6208921,,5,2022-09-28 12:33:31,76227766,76227767
726356,Hayy,5,2021-04-26 10:47:18,76227766,76227767
8834906,,5,2021-05-15 12:25:05,76227766,76227767
5885023,Hay,5,2022-06-11 16:23:14,76227766,76227767
7425506,.,5,2022-06-03 11:48:10,76227766,76227767
641736,,5,2022-06-02 19:32:47,76227766,76227767
8517974,,5,2022-05-03 10:07:34,76227766,76227767
16601077,,5,2022-04-30 21:33:15,76227766,76227767
18159283,,5,2022-04-09 07:10:38,76227766,76227767
6399721,,5,2022-03-27 18:22:36,76227766,76227767
6046712,Nên đọc,5,2022-01-06 12:45:27,76227766,76227767
402781,,5,2022-03-10 03:33:48,76227766,76227767
448119,,5,2022-02-17 14:53:09,76227766,76227767
5525233,,5,2022-02-13 11:49:49,76227766,76227767
1576246,,5,2022-02-13 11:22:03,76227766,76227767
21311881,,5,2022-02-07 07:39:12,76227766,76227767
17897701,Sách hay bổ ích,5,2021-10-16 07:47:07,76227766,76227767
8723442,Giao hàng nhanh. chất lượng tốt.,5,2021-06-10 21:46:20,76227766,76227767
10755465,,5,2022-01-07 13:55:06,76227766,76227767
13057248,,5,2021-12-25 14:08:18,76227766,76227767
12695016,"Giao hàng nhanh, sách chất lượng.",5,2021-05-04 08:41:51,76227766,76227767
24200761,,5,2021-12-12 13:41:07,76227766,76227767
21865428,,5,2021-11-18 11:06:15,76227766,76227767
7909020,,5,2021-11-17 08:48:33,76227766,76227767
7907119,,5,2021-08-31 12:48:46,76227766,76227767
8391184,,5,2021-08-20 17:34:24,76227766,76227767
1707385,,5,2021-08-08 23:03:17,76227766,76227767
1961568,,5,2021-08-05 14:20:47,76227766,76227767
22455889,,5,2021-08-05 10:25:58,76227766,76227767
5175704,,5,,76227766,76227767
17027921,,5,2021-07-15 12:06:50,76227766,76227767
6124729,,5,2021-06-14 21:12:02,76227766,76227767
1775660,,5,2021-06-08 15:15:36,76227766,76227767
554987,,5,2021-05-30 09:54:00,76227766,76227767
6703276,,5,2021-05-29 19:41:30,76227766,76227767
12643087,,5,2021-05-19 10:30:19,76227766,76227767
894984,,5,2021-05-09 09:00:21,76227766,76227767
6255464,Tốt,5,2021-03-25 05:39:30,76227766,76227767
1952424,,5,,76227766,76227767
771803,,5,2021-04-13 09:52:41,76227766,76227767
7047428,,5,2021-04-07 09:16:00,76227766,76227767
10881244,,5,,76227766,76227767
14220803,,5,,76227766,76227767
11210616,,5,2021-03-18 10:58:06,76227766,76227767
8019391,,5,2021-03-14 10:38:31,76227766,76227767
16821437,,5,2021-02-09 13:25:47,76227766,76227767
1233310,Một tác phẩm rất hay và hiếm hoi viết về chế độ VNCH được xuất bản tại Việt Nam. 5 sao. Rất tiếc khi chất lượng giao hàng và dịch vụ của Tiki ngày càng đi xuống. 1 sao.,2,2021-07-27 17:05:17,76227766,76227767
9599799,"lần này mình cực kỳ thất vọng về kiện hàng, đóng gói sơ sài khiến sách bị móp méo ở góc, sách thì dính keo và nhìn hơi cũ",1,2022-06-10 21:59:23,76227766,76227767
10630965,,4,2022-12-28 17:56:46,76227766,76227767
62958,Tikinow ko áp dụng cho mùa dịch là sao?,1,2021-08-02 16:31:57,76227766,76227767
9906432,,4,2022-04-14 23:41:31,76227766,76227767
20424080,,4,2021-11-28 12:34:27,76227766,76227767
7115288,,4,2021-10-09 08:24:12,76227766,76227767
5398769,,4,2021-07-25 14:23:49,76227766,76227767
16832308,,4,2021-07-15 20:48:01,76227766,76227767
342163,,4,2021-05-20 07:26:39,76227766,76227767
82774,"Bắt đầu đọc Virginia Woolf và thích thú với quan điểm, tính cách của bà, mình tìm đọc các tác phẩm của bà đã được xuất bản. Cuốn này mình chưa đọc nhưng lướt qua thì cảm quan thấy sách được làm chỉn chu, cẩn thận, lại là dịch giả Nguyễn Thành Nhân đã dịch nhiều cuốn khác của bà. Thế nên hẳn đây sẽ hứa hẹn là một cuốn sách hay.",5,2021-01-20 13:10:09,10697870,10697871
16932715,,5,2023-06-22 14:40:09,10697870,10697871
16668718,"Kiệt tác thời kỳ đầu của Woolf, đọc các tác phẩm khác quay lại đọc thời kỳ đầu thấy thú vị thật.",5,2020-12-02 18:23:42,10697870,10697871
8216796,,5,2023-10-09 23:06:34,10697870,10697871
18131456,Bọc hàng ổn Giao nhanh Sách hay,5,2022-08-06 22:55:35,10697870,10697871
18238298,,5,2022-11-17 16:54:58,10697870,10697871
7771310,,5,2022-05-02 18:03:42,10697870,10697871
25892423,,5,2022-02-08 13:09:14,10697870,10697871
16074,,5,2021-08-12 18:51:09,10697870,10697871
22287822,,5,2021-07-11 11:33:15,10697870,10697871
1644384,,5,2021-06-11 16:48:11,10697870,10697871
11416739,,5,2021-05-04 09:56:20,10697870,10697871
290552,,5,2020-12-21 07:53:29,10697870,10697871
2426,"văn của Hồ anh Thái bao giờ cũng hấp dẫn. Do sở hữu một nền tảng tri thức cùng với việc tiếp xúc nhiều nề văn hóa khác nhau nên văn anh luôn mới mẻ,kiến văn phong phú cùng với giọng kể tài hoa pha chút hóm hỉnh nên lúc nào văn anh cũng mới,rất đáng đọc. Giao hàng nhanh,dù đang dịch mà giao vẫn sớm. Vote 5☆ cho Tiki.",5,2021-07-11 09:06:57,109488216,109488217
15905220,,5,2026-07-01 19:39:41,109488216,109488217
406164,,5,2024-05-21 13:29:02,109488216,109488217
28536978,,5,2022-12-29 09:01:56,109488216,109488217
5240059,,5,2022-12-06 01:19:59,109488216,109488217
901648,,5,2022-08-05 19:19:01,109488216,109488217
125233,Ok,5,2022-05-30 20:59:01,109488216,109488217
13427529,,5,2022-06-04 08:37:16,109488216,109488217
21952783,,5,2022-03-12 20:03:07,109488216,109488217
21169064,,5,2021-12-17 10:54:03,109488216,109488217
6831000,,5,2021-12-01 10:57:39,109488216,109488217
21979852,,5,2021-11-30 21:51:42,109488216,109488217
12448,,5,2021-11-14 13:39:55,109488216,109488217
11733187,Đáng mua,5,2021-09-15 15:08:35,109488216,109488217
8772751,,5,2021-10-24 20:02:57,109488216,109488217
18737417,,5,2021-09-09 23:53:41,109488216,109488217
855000,,5,2021-09-01 11:02:46,109488216,109488217
1386875,,5,2021-08-16 09:05:34,109488216,109488217
11983057,,5,2021-08-05 13:34:45,109488216,109488217
2045866,,5,2021-07-27 15:58:31,109488216,109488217
920868,Hàng giao đúng hẹn nhưng sách có vẻ hơi cũ. Bìa bẩn,4,2021-10-04 14:42:19,27611075,27611076
1210755,"Tạm dc, sách hơi bẩn và bụi",4,2021-05-11 14:38:25,27611075,27611076
5747012,,4,2020-07-30 08:17:05,27611075,27611076
6081328,Bị nghiện mua sách cứ sợ hết nên đọc 10 năm chưa hết sách. Tiki ơi đừng giảm nữa hại não lắm. Sách đẹp bọc tiki thì êm nhất,5,2021-04-23 19:45:00,27611075,27611076
5538018,"Đã mua rất nhiều lần ở Tiki, nhưng thật sự lần nào cũng bị ít nhất là 1 sản phẩm bị lỗi, cũ, và gãy, dơ. Rất mong Tiki thực hiện chính sách đổi lại.",1,2020-10-01 16:22:49,27611075,27611076
19723151,Quá bẩn và xấu sách cũ để trên giá lâu,1,2021-10-04 10:52:54,27611075,27611076
14911048,"Nhận cuốn sách nhìn hờn luôn, cũ mèm, vừa dơ vừa bụi!",2,2021-08-20 22:45:02,27611075,27611076
5716547,,5,2021-12-07 14:12:45,27611075,27611076
9165916,luôn có ấn tượng với công giáo,5,2021-01-24 16:05:19,27611075,27611076
7225613,,5,2021-08-11 20:57:05,27611075,27611076
485483,,5,2021-04-28 06:52:25,27611075,27611076
13870530,,5,2021-02-24 19:24:28,27611075,27611076
11341039,"sách bị nhàu nát do vận chuyển, có thể do bị rơi........",3,2019-12-14 09:51:58,27611075,27611076
19667335,,3,2021-01-26 20:23:50,27611075,27611076
200927,,5,2021-01-25 12:20:42,27611075,27611076
1684712,,5,2021-01-14 08:49:45,27611075,27611076
755319,"Sách có 1 tép dư ra ngoài, cạnh có vài vết bẩn và một vết cấn.",1,,27611075,27611076
9897151,,5,2020-09-16 14:30:09,27611075,27611076
16320456,,5,2020-07-27 13:55:14,27611075,27611076
10540369,,5,2026-07-02 15:32:54,153521876,153521877
9097317,Có vẻ hơi cũ và bụi nhưng vẫn nguyên vẹn.,5,2024-10-21 16:11:25,153521876,153521877
27057104,,5,2025-02-06 16:36:42,153521876,153521877
6814295,,5,2024-05-26 10:41:40,153521876,153521877
8344341,,5,2023-09-06 16:57:57,153521876,153521877
28664370,,5,2023-04-22 19:25:51,153521876,153521877
19599723,,5,2023-03-26 03:31:38,153521876,153521877
28228203,,5,2023-03-21 11:56:27,153521876,153521877
19578680,,5,2023-02-21 07:57:59,153521876,153521877
20553378,,5,2023-01-21 16:02:29,153521876,153521877
17733497,,5,2023-01-16 23:54:04,153521876,153521877
10025671,,5,2022-11-01 13:49:52,153521876,153521877
27103319,,5,2022-05-28 11:03:38,153521876,153521877
18088536,,5,2022-03-22 21:38:26,153521876,153521877
18387707,Nội dung sách hay. Trình bày rõ ràng dễ hiểu. Chất lượng sách tốt,4,2024-03-23 16:44:51,153521876,153521877
6465497,sách giao đến bị móp méo khá nhiều chắc do vận chuyển,2,2022-07-08 06:01:50,153521876,153521877
5886406,Nên có thêm nhiều dạng sách như thế này để khuyến khích tinh thần tìn hiểu lịch sử và tinh thần yêu nước.,5,2024-04-01 17:03:28,219164822,219164823
30347501,,5,2025-04-12 13:25:09,219164822,219164823
506401,"Bao bì,đóng gói tốt,nội dung hấp dẫn",5,2024-04-11 10:03:49,219164822,219164823
24699412,Bộ Tam,5,2023-03-01 08:46:52,219164822,219164823
18176366,,5,2024-05-29 21:09:42,219164822,219164823
7405861,,5,2024-05-15 20:46:22,219164822,219164823
5336307,,5,2024-04-05 09:03:25,219164822,219164823
1120551,,5,2024-04-05 08:51:00,219164822,219164823
29232336,,5,2023-12-27 15:42:14,219164822,219164823
14073052,,5,2023-11-10 09:51:27,219164822,219164823
735537,Êm,5,2023-09-28 18:19:44,219164822,219164823
14221687,,5,2023-06-14 15:45:32,219164822,219164823
28373793,,5,2023-05-09 14:56:04,219164822,219164823
852216,,5,2023-04-17 14:43:49,219164822,219164823
6011113,,5,2023-04-08 00:53:14,219164822,219164823
8303642,,5,2023-03-16 14:33:37,219164822,219164823
5169835,Luôn ủng hộ sản phẩm đề tài lịch sử :),4,2023-08-25 11:49:17,219164822,219164823
5216330,,5,2026-04-25 20:29:37,221230184,221230187
29753126,Rất ưng ý. Mới người nên mua❤️,5,2024-01-27 10:53:06,221230184,221230187
30558970,,5,2025-12-05 22:31:50,221230184,221230187
12000495,,5,2024-08-07 17:50:32,221230184,221230187
15343256,,5,2025-08-26 16:51:54,221230184,221230187
29940539,,5,2025-07-20 16:27:52,221230184,221230187
18316229,,5,2025-03-26 13:01:02,221230184,221230187
11609391,,5,2025-01-01 19:40:31,221230184,221230187
7600253,,5,2024-05-10 08:59:20,221230184,221230187
8347283,,5,2023-10-22 12:50:36,221230184,221230187
1242913,Bìa sách bị bung ra do khô keo! Chắc do sách ko được bảo quản tốt hoặc tồn quá lâu,1,2024-06-11 15:51:40,221230184,221230187
30516073,"Không biết nói gì về quyển này, Quá Hay đọc mà cảm nhận được nổi nhớ, tình yêu mãnh liệt của tác giả với người thương của mình. Sự khốc liệt mà chiến tranh đem lại và tâm hồn thơ mộng của Thạc qua từng dòng nhật kí thật sự khiến mình bất ngờ. Vì sao giữa chiến trường Quảng Trị mà chàng lính trẻ ấy vẫn giữ vững được niềm tin của mình vẫn kí thác cảm xúc của mình trọn vẹn đến thế.",5,2026-04-07 20:56:39,278567905,278567906
30755811,"Nội dung: sách hay, nên mua, đọc giấy thích hơn đọc trên mạng, ủng hộ nền văn học nước nhà. Thái độ giao hàng: chủ động lên hệ giao hàng, lịch sự, có trách nhiệm. Đóng gói: kỹ , có lớp chống chầy bên ngoài",5,2026-09-04 16:21:43,278567905,278567906
5224016,sách đẹp quá,5,2025-09-07 12:16:46,278567905,278567906
16934269,Ok,5,2025-09-18 14:46:02,278567905,278567906
30279684,,5,2026-09-11 14:29:04,278567905,278567906
29907862,,5,2026-08-01 20:44:37,278567905,278567906
767069,,5,2026-06-07 18:48:41,278567905,278567906
10817407,"Sách hay, giá tốt",5,2025-12-16 07:43:17,278567905,278567906
30513240,Cuốn sách rất hay.,5,2025-10-05 23:23:22,278567905,278567906
30562994,,5,2026-01-05 14:36:28,278567905,278567906
1770934,,5,2025-11-23 09:39:18,278567905,278567906
30503171,,5,2025-09-26 20:34:41,278567905,278567906
16647525,,5,2025-09-22 13:23:04,278567905,278567906
22715930,,5,2025-09-12 22:42:03,278567905,278567906
391718,"những nhận xét cách đây hơn 1 thế kỷ nhưng giờ đọc vẫn thấy đúng. cuốn sách dành cho những ai có thể dũng cảm đối diện những điều dở của mình, dân tộc mình mà sửa đổi. không cần phải làm gì quá cao siêu, chỉ cần nhận ra cái xấu của mình mà tu sửa rồi lan toả ra đã là đáng quý rồi. hi vọng cuốn sách này sẽ đến tay nhiều người Việt để chúng ta cùng suy ngẫm...",5,2019-10-22 15:19:55,9976127,9976128
5252493,"Sách được giao cẩn thận. Nội dung sâu sắc, đọc đến đâu tự soi mình đến đấy, lắm khi ngao ngán với thói tệ của bản thân.",5,2020-08-02 14:28:54,9976127,9976128
365487,"Dù là những lời cảnh tỉnh của ""người xưa"" nhưng tôi thấy các thói hư tật xấu được nêu trong sách cũng giống như thực tế hiện nay, thậm chí nay còn có nhiều tiểu xảo và biến tướng hơn xưa. Người Việt Nam nên nhìn lại để thay đổi theo con đường văn minh của những quốc gia đi trước.",5,2019-05-07 10:06:18,9976127,9976128
12338221,"Có thể xem đây là quyển sách để gột rửa tập khí xấu trong tâm ngõ hầu cải tà quy chánh, do vậy sẽ chiêu cảm mọi điều tốt lành đến bên mình vậy. Cảm ơn tiki đã phục vụ.",5,2020-08-22 15:51:38,9976127,9976128
11250271,"Mới chỉ đọc xong một chút, mà mình hiểu tại sao những Tỷ Phú Mỹ thích đọc những cuốn sách Văn Hoá lại lao vào làm những hoạt động Công Ích xã hội nhiều tới vậy",5,,9976127,9976128
1517064,"Lần này quá thất vọng, khó chịu khi nhận được sản phẩm. Sách cũ và bẩn quá",5,2019-08-27 09:26:22,9976127,9976128
1969508,"Một quyển sách rất hay, phản ánh thẳng thắn và chân thực về con người Việt Nam. Xin chúc tác giả sức khỏe, sống lâu trăm tuổi..",5,2019-02-21 16:46:48,9976127,9976128
24256,Một trong những thói xấu của ng VN là rất sợ nói đến thói xấu ... cả xã hội đóng băng trong sự tự khen thưởng..,5,,9976127,9976128
12603853,Giao hàng nhanh hơn dự kiến. Sách nội dung khá hay.,5,2020-05-01 12:51:46,9976127,9976128
11666482,Ôn cố tri tân! Là người Việt cũng nên đọc!,5,2020-03-19 20:01:48,9976127,9976128
1220590,Tiếp tục phát huy nhé Tiki! Ok ok Ok ok ok ok ok ok,5,2019-11-12 08:38:34,9976127,9976128
10946698,,5,2020-08-28 21:23:52,9976127,9976128
1077045,Rất hay.,5,2020-06-04 16:49:54,9976127,9976128
8470797,,5,2020-06-28 09:35:29,9976127,9976128
11257546,Sách hay!,5,2019-03-20 10:25:45,9976127,9976128
1842266,"Mình vừa nhận hàng hôm 14/12 nhưng nay mới mở hộp, mép sách bị quăn nhiều và rất bẩn, nhìn như sách cũ :(((.",3,2019-12-16 13:38:39,9976127,9976128
14463152,"Giao hàng nhanh. Sách như sách cũ, sách dính mực, không bao bọc cẩn thận.",1,2020-04-14 10:54:27,9976127,9976128
5208699,"Sách hay nên đọc, nhất là cho giới trẻ hiện giờ. Tuy nhiên sách giao cũ và bẩn quá, kiểu vứt kho lâu rồi lấy giao luôn hay sao ý.mình lấy khăn lau bìa mà đen sì",3,2019-08-15 09:50:51,9976127,9976128
13561478,Có rất nhiều bài học hay. Nên mua,4,2020-10-09 23:00:13,9976127,9976128
5256528,"Sách bụi, nhiều vết bẩn vào tận trong trang sách. Không hiểu bảo quản kiểu gì.",3,2019-09-17 15:16:56,9976127,9976128
835156,Đáng đọc để soi rọi lại chính bản thân mình. Người xưa mà mắt xanh đến ngàn sau...,4,2019-03-24 17:32:49,9976127,9976128
6266633,Các Bạn nên mua để gối đầu,4,2020-05-12 12:52:10,9976127,9976128
432808,"Sách hay, nhưng biên tập vẫn có nhiều đoạn bị trùng lặp",3,2019-03-15 10:01:03,9976127,9976128
7409255,"đọc rất hay, cuốn này với mình là vô giá. vì tâc giả viết với mục đích lưu giữ kỷ niệm cho cụ thôi nên là khi đọc có vài chỗ khó cảm nhận được á. tóm lại thì đây là một cuốn sách xuất sắc, tuyệt vời, bất cứ ai cũng nên đọc lấy một lần. tiki giao hàng nhanh, sản phẩm chất lượng",5,,7496313,7496315
201105,Nhật Ký Của Nguyên Hồng là cuốn sách rất hay. Rất may khi chương trình giảm giá đã giúp mình mang được về cuốn sách. Cảm ơn Tiki.,5,2021-10-23 12:28:13,7496313,7496315
17657752,,5,2024-04-25 21:15:43,7496313,7496315
2149529,Good,5,2022-09-21 10:28:12,7496313,7496315
1384584,Giấy tốt in đẹp. Mới đọc đoạn đầu nhưng thấy cũng khá hay.,5,2021-12-24 16:32:44,7496313,7496315
17052695,"Sách hơi bẩn, nhưng may là có bọc ni lông.",5,2021-02-19 12:20:51,7496313,7496315
14210,"Đang đọc, đúng sách quý. Giấy xịn, sách đẹp. Cảm ơn tác giả, cảm ơn tiki.",5,2019-01-10 09:56:39,7496313,7496315
16760225,,5,2022-06-09 13:50:26,7496313,7496315
5153412,,5,2021-12-15 19:33:06,7496313,7496315
21169064,,5,2021-12-15 11:49:48,7496313,7496315
21545987,,5,,7496313,7496315
14089040,"Sách nhận được nguyên seal, hơi bám bẩn chút, gáy hơi cấn nhẹ nhưng ở mặt sau nên ko sao. Giá sale tốt rồi nên khá ok. Tks Tiki.",4,2025-09-19 13:30:31,7496313,7496315
18875111,,4,2021-01-06 11:17:05,7496313,7496315
26671984,May k bị df sách đẹp lắm luôn. Mình khá tò mò về sách của xuân quỳnh về tình yêu và gđ của cố gái ấy nên quyết định mua về. Rất may là mình k bị thất vọng về nó.,5,2023-01-19 18:18:41,199177643,199177644
719686,"“TĐMTXLVV” là tập những trang nhật ký, ghi chép chưa được công bố của nữ sĩ Xuân Quỳnh. Là nỗ lực tập hợp, chắt lọc những ghi chép đời thường phần nhiều chưa được công bố của tác giả Sóng, bao gồm ba phần: - Phần nhật ký dành cho con trai đầu Lưu Tuấn Anh; - Phần ghi chép những ngày ở chiến trường Vĩnh Linh; - Phần thư từ viết cho con, cho người thân trong gia đình và những đối thoại thư từ của Xuân Quỳnh - Lưu Quang Vũ. Sách do PGS Lưu Khánh Thơ - biên soạn, Nhã Nam và NXB Hội Nhà Văn ấn hành.",5,2022-10-23 09:54:23,199177643,199177644
91702,"Đọc những trang đầu là suy nghĩ của tuổi trẻ. Đọc những trang cuối là suy nghĩ của tuổi trẻ đã đi qua. Trước khi đọc tôi đoán biết nội dung rất hấp dẫn, nhưng đầy tính riêng tư, mà bản thân nên cất giữ suy xét cho riêng mình. Tôi không sống thời đại đó, nhưng đã hình dung một ít về thời đại đó. Tôi cảm nhận không khác gì tôi bây giờ. Bản thân và gia đình chỉ tạo ra một cảm giác, đó là tình thương yêu vĩnh viễn. Chúng ta có thể diễn đạt khác nhau, nhưng khi chúng ta nhìn nhau trong im lặng, ta biết rõ cảm giác yêu thương đó giống nhau. Có người viết, rồi nói, có người yên lặng, chỉ nhìn nhau đã hiểu. Quyển sách đầy riêng tư này không cần chạm đến riêng tư của bạn và tôi để làm gì. Bạn có thể đồng cảm với phụ nữ nhiều hơn và yêu thương họ đúng nghĩa. Còn nhiều suy nghĩ cá nhân nên giữ riêng cho mình.",5,2023-07-25 11:22:17,199177643,199177644
1314100,"Trong đáy mắt trời xanh là vĩnh viễn - Xuân Quỳnh Sách gồm 3 phần, nhật ký viết cho con trai đầu lòng, ghi chép về chiến sự và thư từ qua lại giữa Xuân Quỳnh và Lưu Quang Vũ. Những năm tháng chiến tranh, mơ ước nhỏ nhoi của Xuân Quỳnh và những *** khác là mẹ được gần con, vợ được gần chồng. Trong cái thời thiếu thốn ấy, tình cảm, sự cảm thông là thứ không mất tiền để mua nhưng cũng là thứ khó có được. Ngay cả bây giờ, hoà bình, thịnh vượng nhưng sự cảm thông thì cũng không dễ dàng gì. Thư tình của Xuân Quỳnh thì có lẽ tập sách này hơi ít. Đọc chưa có đã. Mong là có cuốn nào tập hợp được nhiều hơn.",5,2023-06-21 06:44:16,199177643,199177644
14241781,"Nội dung mình chưa đọc nên chưa thể nhận xét. Tuy nhiên liên quan đến cô Xuân Quỳnh thì như nào mình cũng thấy hay cả. Còn về bìa sách thì khỏi bàn nha, xinh lắm ạ.",5,2023-01-29 17:22:54,199177643,199177644
19211278,"Thật sự quá đẹp ý ạ, một bầu trời xanh ngắt với mây trắng lãng đãng. Tên sách cũng là một câu thơ. Cuộc sống, nội tâm, tình yêu của Xuân Quỳnh dành cho con, cho Lưu Quang Vũ sống động dưới từng nét chữ. Phụ lục cuối sách còn có bản chụp lại trang nhật kí, với chữ viết tay của nữ thi sĩ. Một cuốn sách tuyệt vời cho những bạn yêu thơ Xuân Quỳnh.",5,2023-01-27 14:38:21,199177643,199177644
6308768,"Mua tặng mẹ 20.10. Bìa đẹp nín thở luôn ấy, luôn yêu thích văn sĩ Xuân Quỳnh nên chắc chắn sẽ mượn mẹ đọc ké ❤️❤️‍🔥",5,2022-10-21 16:14:59,199177643,199177644
29281549,"Đóng gói hàng cẩn thận, sách ko bị móp, 10 điểm ạ",5,2023-07-22 20:42:13,199177643,199177644
19559845,Mình nghĩ đây là món quà ý nghĩa và phù hợp nhất để tặng cho giáo viên ngữ văn.,5,2024-02-12 20:21:27,199177643,199177644
17585917,,5,2026-05-31 07:28:50,199177643,199177644
9786862,,5,2025-08-26 13:28:12,199177643,199177644
499326,Sách được bọc và không có lỗi. Đẹp,5,2023-03-09 06:27:37,199177643,199177644
8355583,"Tiki giao nhanh, sách mới.",5,2023-01-27 14:58:59,199177643,199177644
26284709,Sách xinh lắm luôn 💕,5,2023-02-01 10:57:12,199177643,199177644
20279769,,5,2024-08-13 20:02:32,199177643,199177644
20373944,Sách đẹp,5,2023-03-08 07:50:59,199177643,199177644
891764,,5,2024-07-23 08:42:29,199177643,199177644
27868975,"Sách nhận về sớm hơn dự tính Đóng gói tốt, sách đẹp lắm hiihi",5,2023-02-01 20:32:13,199177643,199177644
1949138,,5,2024-03-01 09:10:35,199177643,199177644
24989992,,5,2023-12-25 11:59:03,199177643,199177644
25733409,,5,2023-11-07 12:03:13,199177643,199177644
29416707,,5,2023-09-09 15:04:20,199177643,199177644
256848,,5,2023-07-30 11:31:15,199177643,199177644
5850859,,5,2023-06-23 23:01:33,199177643,199177644
27900103,,5,2023-06-13 14:38:00,199177643,199177644
19537589,,5,2023-06-02 14:01:07,199177643,199177644
16682974,,5,2023-06-01 16:20:18,199177643,199177644
18859579,,5,2023-05-18 21:11:55,199177643,199177644
191494,,5,2023-05-15 11:18:50,199177643,199177644
12318491,,5,2023-05-11 14:32:35,199177643,199177644
1963503,,5,2023-04-09 19:05:22,199177643,199177644
18419301,,5,2023-03-13 22:58:33,199177643,199177644
10817045,,5,2023-03-11 10:21:46,199177643,199177644
27033339,Hay,5,2023-02-07 15:06:31,199177643,199177644
10155834,,5,2023-02-08 21:57:59,199177643,199177644
22913208,,5,2023-02-06 21:33:15,199177643,199177644
10532438,,5,2023-01-29 12:38:34,199177643,199177644
13260128,,5,2023-01-28 00:26:45,199177643,199177644
21014423,,5,2023-01-02 12:40:22,199177643,199177644
19043779,"Mình khá mong đợi sách, nhưng đến lúc nhận sách mình hơi ngỡ ngàng, trời thì mưa, hộp móp méo, khui ra thì sách chỉ được bọc trong màng bọc thực phẩm, cái chống xốc thì để dưới đáy xã hội (để vô như không). Nên trong quá trình vận chuyển làm móp gáy hết 4 cuốn sách mình mua. Mình không hài lòng về cách đóng gói đơn hàng của Tiki và bên đvvc. Rate 1* vì đóng gói và vận chuyển, sách mình chưa đọc, nhưng mình cũng nghe qua review rồi, có lẽ là một cuốn sách hay.",1,2023-05-26 23:53:07,199177643,199177644
18597297,,5,2022-12-15 16:10:10,199177643,199177644
88616,,5,2022-12-12 14:45:41,199177643,199177644
19065737,,5,2022-12-12 14:28:57,199177643,199177644
354661,,5,2022-12-09 22:26:25,199177643,199177644
919202,,5,2022-11-18 22:22:38,199177643,199177644
10011149,,5,2022-11-15 12:07:11,199177643,199177644
8775164,,5,2022-10-31 11:14:28,199177643,199177644
6158890,,5,2022-10-22 14:52:09,199177643,199177644
10808765,,5,2022-10-17 15:37:38,199177643,199177644
14651,,5,2022-10-13 19:20:46,199177643,199177644
13038966,"Khi đọc tên sách, mình thực sự thấy rung động. Nhưng ngây thơ nghĩ là trong sách sẽ có bài thơ có tiêu đề. Đáng tiếc là k có nên cũng không tha thiết gì nữa. :)",4,2023-02-02 20:22:41,199177643,199177644
163049,,4,2023-06-09 13:55:59,199177643,199177644
6763869,,4,2022-12-02 20:25:33,199177643,199177644
48964,,4,2022-11-01 16:10:41,199177643,199177644
19696468,"Thế gia là cuốn dày nhất trong bộ 4 cuốn Sử kí. Những câu truyện, nhân vật trong Thế gia đã trở thành điển tích từ mấy nghìn năm nay. Như đã nói, nếu có một hệ thống chú thích kĩ lưỡng hơn sẽ làm cho tác phẩm toàn diện hơn với người đọc",5,2021-04-23 16:49:01,73356673,73356674
5318619,"Tiki giao sách rất nhanh, chỉ 1,2 ngày kể từ khi đặt hàng đã nhận được sách. Nhận được sách nguyên vẹn. Thế là đã đủ 4 quyển của bộ Sử ký, không biết có phát hành nốt phần Thư và Biểu không?",5,2022-11-04 11:04:01,73356673,73356674
10370086,"Sách hay lắm, nội dung hấp dẫn chỉ sau phần Liệt truyện. Đây cũng là phần quan trọng khi nói về cã nước chư hầu thời Xuân Thu - Chiến Quốc cũng như các vương hầu, quý tộc và các khai quốc công thần nhà Hán",5,2021-03-27 16:09:12,73356673,73356674
16902900,"Giao hàng nhanh, sách hịn, mịn :))",5,2021-11-09 10:17:01,73356673,73356674
47206,,5,2024-09-20 14:06:48,73356673,73356674
2220667,"Ấn bản này đúng với yêu cầu của mình.Vậy là mình đã có đủ bộ SỬ KÝ (BẢN KỶ, LIỆT TRUYỆN và THẾ GIA) của nhà sách Nhã Nam. Vẫn còn hóng phần THƯ VÀ BIỂU.",5,2021-03-29 08:36:45,73356673,73356674
5633843,,5,2024-07-08 14:41:33,73356673,73356674
1384280,giá ổn so vs thị trường,5,2021-02-25 13:23:04,73356673,73356674
14387711,,5,2023-12-17 18:47:06,73356673,73356674
7480241,Lần đầu tiên mới đọc được nguyên phần Thế gia này. Rất bổ ích. Hy vọng NXB ra đủ bộ cho người đọc thêm phần hiểu biết.,5,2020-12-26 20:39:00,73356673,73356674
6537704,,5,2023-08-31 15:31:45,73356673,73356674
327155,Tốt.,5,2022-05-02 16:42:49,73356673,73356674
16079245,,5,2023-08-06 14:08:20,73356673,73356674
17566207,Đánh giá để được tiki xu,5,2021-07-09 00:56:17,73356673,73356674
5449068,,5,2022-12-08 11:28:50,73356673,73356674
5447017,"Giao hàng nhanh, sách không bị hư hại; về nội dung Sử ký thì không bàn cãi thêm!",5,2021-02-18 22:07:16,73356673,73356674
6158890,,5,2022-09-23 08:37:53,73356673,73356674
22828796,,5,2022-09-17 06:18:06,73356673,73356674
14637806,,5,2022-09-03 10:29:07,73356673,73356674
17679761,,5,2021-06-19 11:11:37,73356673,73356674
21569148,,5,2022-08-29 06:30:56,73356673,73356674
576,,5,2022-08-05 21:54:10,73356673,73356674
182339,,5,2022-03-23 09:41:30,73356673,73356674
18782481,,5,2022-03-15 13:13:47,73356673,73356674
18190597,,5,2022-03-09 18:56:15,73356673,73356674
47555,Sách hay,5,2021-12-17 14:27:33,73356673,73356674
1533454,,5,2021-12-06 18:09:03,73356673,73356674
63461,,5,2021-10-26 12:33:57,73356673,73356674
6634251,,5,2021-10-08 13:51:07,73356673,73356674
6627702,,5,2021-06-28 20:51:50,73356673,73356674
376774,,5,2021-06-11 21:10:00,73356673,73356674
7976003,,5,2021-06-01 16:27:16,73356673,73356674
1480612,,5,2021-05-13 15:30:37,73356673,73356674
206805,,5,2021-05-09 19:46:35,73356673,73356674
1913849,,5,2021-05-07 14:15:48,73356673,73356674
5589430,,5,2021-04-30 22:09:31,73356673,73356674
6719506,,5,2021-04-20 07:19:52,73356673,73356674
2224865,,5,2021-04-05 08:46:25,73356673,73356674
11654983,,5,2021-04-05 22:59:29,73356673,73356674
306358,,5,2021-04-04 14:15:26,73356673,73356674
505400,,5,2021-04-01 12:52:41,73356673,73356674
750014,,5,2021-03-31 11:55:42,73356673,73356674
135037,,5,2021-03-29 20:40:17,73356673,73356674
15354457,,5,2021-03-20 10:54:21,73356673,73356674
1503508,,5,2021-03-20 08:16:59,73356673,73356674
195609,,5,2021-03-19 15:04:59,73356673,73356674
157416,,5,2021-03-12 18:48:47,73356673,73356674
24641,,5,2021-03-11 17:33:18,73356673,73356674
308341,,5,2021-03-10 18:16:35,73356673,73356674
12504256,Good.,5,2021-02-01 10:59:36,73356673,73356674
538736,,5,2021-02-21 19:41:23,73356673,73356674
1032278,,5,2021-02-21 15:46:18,73356673,73356674
1013070,,5,2021-02-18 12:12:33,73356673,73356674
6595227,,5,2021-01-19 17:12:55,73356673,73356674
559383,,5,2021-01-11 19:48:19,73356673,73356674
531330,,5,2021-01-08 19:50:22,73356673,73356674
5744655,,5,2021-01-07 21:33:40,73356673,73356674
46741,,5,2021-01-05 16:33:47,73356673,73356674
706040,,5,2021-01-03 13:41:13,73356673,73356674
6279359,,5,2020-12-31 12:24:12,73356673,73356674
177463,,5,2020-12-28 18:31:09,73356673,73356674
5399042,,5,2020-12-17 21:18:43,73356673,73356674
948689,Sách bị df ở các góc,4,2022-06-19 12:27:44,73356673,73356674
22391820,,4,2026-01-09 15:20:50,73356673,73356674
193424,Giao hàng không bọc xốp để,3,2021-02-26 10:42:59,73356673,73356674
1973776,Sách bị vết ố bẩn dài. Mua sách nhiều của Tiki nhưng lần này trải nghiệm không hài lòng.,2,2021-04-23 08:27:30,73356673,73356674
15144543,Chất lượng sách bình thường so với giá. Còn lại viêc mua bán và giao hàng đều tốt,3,2021-07-19 15:47:51,73356673,73356674
644387,"Bản dịch có ưu điểm là đầy đủ, đợi Nhã Nam làm nốt phần còn lại của bộ Sử Ký",4,2021-03-07 19:08:42,73356673,73356674
5411052,ship bị cấn nhẹ gáy vì hộp ko có chống sốc,3,2021-03-11 09:34:53,73356673,73356674
11036485,,4,2022-01-20 17:11:06,73356673,73356674
7862334,,4,2021-10-05 16:46:26,73356673,73356674
5561652,"Sachs ddepj, hay",4,2021-04-03 06:59:58,73356673,73356674
9763526,,4,2021-05-09 14:18:28,73356673,73356674
1421511,,4,,73356673,73356674
404264,,4,2021-04-23 19:02:03,73356673,73356674
20723358,,4,2021-04-21 19:58:40,73356673,73356674
9033950,,4,2021-03-05 19:18:25,73356673,73356674
647285,,4,2021-02-23 10:35:37,73356673,73356674
731606,,4,2021-01-24 20:51:31,73356673,73356674
184998,,4,2021-01-20 21:48:39,73356673,73356674
8657851,,4,2021-01-13 22:34:04,73356673,73356674
2415,,4,2020-12-19 18:12:08,73356673,73356674
22670275,"Giao hàng nhanh, sản phẩm tốt, chất lượng giấy và mực in hoàn hảo, đáng để mua sản phẩm này. Nội dung hay! Cảm ơn Tiki để e được mua sản phẩm với giá quá tuyệt vời!",5,2022-11-13 18:28:15,150711999,150712000
8337902,Tốt,5,2025-07-20 18:41:23,150711999,150712000
8577398,"hay ạ, sách đẹp, thơm",5,2023-07-13 10:37:45,150711999,150712000
10252681,Giao hàng nhanh chóng sản phẩm đóng gói cẩn thận. Rất ưng chất lượng sách. Sẽ tiếp tục ủng hộ tiki,5,2022-07-07 18:13:14,150711999,150712000
7428494,"Đọc để thấy rằng việc dạy con gái luôn tự tin, độc lập, coi trọng giá trị bản thân quan trọng thế nào.",5,2023-02-18 11:02:51,150711999,150712000
7686357,,5,2025-03-21 11:29:18,150711999,150712000
26056621,Đóng hộp vừa in nên sách k bị hỏng mép sách như mình lo lắng. Giao hàng nhanh chóng.,5,2022-03-23 20:44:02,150711999,150712000
28566802,Sách in ấn rõ nét đẹp giao hàng khá nhanh,5,2023-01-04 23:06:56,150711999,150712000
20053770,sang sịn mịn,5,2022-04-09 11:01:51,150711999,150712000
11825837,,5,2024-11-25 20:29:20,150711999,150712000
19711187,Đóng gói gọn gàng Bao bì đẹp,5,2022-12-14 12:41:25,150711999,150712000
814633,Hay. Giao hàng nhanh đóng gói cẩn thận. Sẽ ủng hộ tiếp tục vào lần sau.,5,2022-02-10 14:50:05,150711999,150712000
20486379,Là 1 câu chuyện tự chuyện. Mkt hơi quá. Cũng đáng để đọc. Thiết kế quá đay so với 1 cuốn gần 400 tr bt,5,2022-08-09 23:45:55,150711999,150712000
5099295,"sách hay, bìa đẹp, chất lượng tốt, giao hàng trong tết nên rất nhanh",5,2022-02-10 15:29:45,150711999,150712000
16745501,"Sản phẩm giao nhanh, đóng gói cẩn thận, sách còn mới nguyên, chất lượng ok ạ. Sẽ còn ủng hộ shop những lần sau ạ!",5,2022-04-05 20:53:34,150711999,150712000
5497538,,5,2024-06-10 21:11:01,150711999,150712000
6448430,hay luôn đúng là quyền lực các bạn ạ.,5,2022-06-08 22:15:10,150711999,150712000
14335771,Lâu rồi mới đọc được một quyển sách hay như thế này. Thank you.,5,2022-10-26 11:28:03,150711999,150712000
23294709,,5,2024-02-29 11:21:01,150711999,150712000
9754492,"Giao hàng cực kì nhanh, sách được bọc bảo vệ cẩn thận.",5,2022-12-23 11:17:44,150711999,150712000
26199626,,5,2024-01-08 16:11:49,150711999,150712000
28590830,"sách đẹp, chất lượng in tốt. Nội dung hấp dẫn",5,2022-12-22 08:59:10,150711999,150712000
7410804,,5,2023-11-28 16:29:30,150711999,150712000
7915518,Đẹp không tì vết👏👏👏,5,2022-02-10 00:13:05,150711999,150712000
2013969,,5,2023-09-26 13:26:00,150711999,150712000
10844739,,5,2023-09-09 00:24:31,150711999,150712000
18944212,,5,2023-08-10 18:28:33,150711999,150712000
38074,"Sách đẹp, chất liệu tốt, nội dung hay. Đáng để mua đọc",5,2022-05-07 16:27:54,150711999,150712000
1390728,"mua tặng bạn, chưa đọc, nhưng giao hàng nhanh, đóng gói oke",5,2022-03-26 18:36:07,150711999,150712000
87155,,5,2023-05-15 20:06:39,150711999,150712000
11094892,"Sách giao nhanh dã man, hàng chất lượng !!",5,2022-07-19 11:56:49,150711999,150712000
14072175,Sách hay,5,2023-02-09 12:06:32,150711999,150712000
11707160,,5,2023-03-24 14:23:15,150711999,150712000
12712480,,5,2023-03-21 22:04:05,150711999,150712000
6711299,Sách đóng gói cẩn thận giao nhanh,5,2022-07-21 19:02:21,150711999,150712000
5142746,,5,2023-03-09 23:44:21,150711999,150712000
8508799,,5,2023-03-06 10:14:47,150711999,150712000
12009138,,5,2023-02-17 10:44:54,150711999,150712000
11047237,,5,2023-02-15 12:18:06,150711999,150712000
14284081,,5,2023-02-06 11:01:50,150711999,150712000
23414216,,5,2023-01-26 11:13:45,150711999,150712000
8029346,,5,2023-01-18 20:27:23,150711999,150712000
632150,"Sách đẹp, giao hàng nhanh, đóng gói kỹ",5,2022-03-26 08:36:15,150711999,150712000
27450835,,5,2022-12-20 09:30:04,150711999,150712000
474789,,5,2022-12-17 23:02:27,150711999,150712000
5993516,,5,2022-12-13 19:57:39,150711999,150712000
1376138,,5,2022-11-26 11:36:11,150711999,150712000
1176583,,5,2022-11-18 20:12:59,150711999,150712000
8020236,,5,2022-11-11 21:15:58,150711999,150712000
23680695,"hàng giao nhanh, sách ms",5,2022-06-08 11:05:58,150711999,150712000
28322510,,5,2022-10-30 23:14:04,150711999,150712000
8915925,đáng đọc,5,2022-08-14 11:06:56,150711999,150712000
7142222,,5,2022-10-17 12:22:59,150711999,150712000
27836077,,5,2022-10-14 18:56:37,150711999,150712000
361019,,5,2022-10-14 08:38:13,150711999,150712000
8379499,,5,2022-09-20 20:58:15,150711999,150712000
11042481,,5,2022-09-20 09:45:57,150711999,150712000
21577075,,5,2022-09-18 20:09:48,150711999,150712000
11767423,"Sách đẹp, chất lượng tốt.",5,2022-02-17 16:26:23,150711999,150712000
5131012,,5,2022-09-07 08:15:41,150711999,150712000
7664710,,5,2022-09-06 11:43:49,150711999,150712000
7966345,,5,2022-09-03 21:31:17,150711999,150712000
22592587,Rất đẹp và tuyệt vời,5,2022-03-03 20:54:55,150711999,150712000
17144568,Ok sách hay,5,2022-06-16 10:53:47,150711999,150712000
22989862,,5,2022-08-18 07:51:30,150711999,150712000
16655917,,5,2022-08-12 14:09:47,150711999,150712000
9196712,Sách rất hay,5,2022-05-15 12:37:21,150711999,150712000
8219925,,5,2022-08-06 21:05:42,150711999,150712000
9630720,,5,2022-08-06 20:12:23,150711999,150712000
1717257,,5,2022-07-26 15:50:37,150711999,150712000
27683454,,5,2022-07-26 15:05:13,150711999,150712000
19198365,hay,5,2022-07-05 19:09:56,150711999,150712000
14055084,,5,2022-07-22 21:16:58,150711999,150712000
5476122,,5,2022-07-21 18:39:53,150711999,150712000
8693703,,5,2022-07-20 08:37:28,150711999,150712000
22533978,,5,2022-07-12 14:32:15,150711999,150712000
8446847,hài lòng,5,2022-05-13 18:26:36,150711999,150712000
16914076,giao hàng rất nhanh,5,2022-01-03 11:09:31,150711999,150712000
13057248,,5,2022-05-05 16:03:33,150711999,150712000
22139582,,5,2022-04-19 12:56:19,150711999,150712000
17568642,,5,2022-04-17 06:05:03,150711999,150712000
6614393,,5,2022-04-08 23:19:37,150711999,150712000
22882521,,5,2022-04-07 21:21:04,150711999,150712000
6245075,,5,2022-04-02 07:59:34,150711999,150712000
26377638,,5,2022-04-01 07:39:47,150711999,150712000
8047552,,5,2022-03-31 12:32:45,150711999,150712000
13421113,,5,2022-03-31 01:36:51,150711999,150712000
1528150,,5,2022-03-29 10:31:35,150711999,150712000
26975622,,5,2022-03-24 16:20:26,150711999,150712000
23075550,R,5,2022-03-11 20:30:53,150711999,150712000
26011929,,5,2022-03-15 21:14:11,150711999,150712000
24766702,,5,2022-03-14 11:49:05,150711999,150712000
7209435,,5,2022-03-10 17:29:43,150711999,150712000
11255640,,5,2022-03-01 01:39:44,150711999,150712000
1046605,,5,2022-02-27 11:20:24,150711999,150712000
21709310,,5,2022-02-13 10:02:04,150711999,150712000
275232,,5,2022-02-09 16:46:58,150711999,150712000
22456806,,5,2022-02-07 21:28:14,150711999,150712000
21951386,,5,2022-02-04 10:56:03,150711999,150712000
24021285,,5,2022-01-29 21:17:37,150711999,150712000
1624472,,5,2022-01-28 11:36:12,150711999,150712000
18352152,,5,2022-01-23 15:56:47,150711999,150712000
6864603,,5,2022-01-14 17:59:05,150711999,150712000
13735319,sách đẹp nhưng mà đóng gói không có chống sốc làm hư góc sách nhiều. bạn nào mà kỹ tính như mình chắc không hợp mua sách ở đây đâu.,3,2022-02-07 14:40:54,150711999,150712000
1235358,"Gói hàng rách bung, cuốn của cô vợ ko sao, cuốn của ông chồng móp góc, tiki đợt này giao ẩu",2,2022-02-15 22:45:02,150711999,150712000
27577592,,4,2023-02-28 00:52:36,150711999,150712000
586025,,5,2026-05-02 09:59:02,167034118,167034120
11312406,,5,2025-12-02 10:43:23,167034118,167034120
23559839,,5,2022-12-09 12:43:46,167034118,167034120
20353369,Ok,5,2022-09-30 12:51:26,167034118,167034120
22152959,Sách hay về một nhà soạn nhạc vĩ đại,5,2022-08-06 13:14:48,167034118,167034120
23842094,,5,2023-03-03 18:42:17,167034118,167034120
22018211,,5,2023-02-03 13:55:03,167034118,167034120
20640362,,5,2023-01-21 08:13:10,167034118,167034120
6579,,5,2022-09-03 19:32:35,167034118,167034120
24699834,,5,2022-06-17 22:23:53,167034118,167034120
15169513,sách ok,5,2022-05-01 06:51:28,167034118,167034120
8566920,,5,2022-05-08 12:07:03,167034118,167034120
7158129,,5,2022-04-27 13:05:46,167034118,167034120
21437450,,4,2022-08-29 08:04:27,167034118,167034120
29512603,"Mình đọc đã đọc thử trước ở trên mạng và rất hài lòng khi nhận được bản giấy, chất liệu và mực in đẹp. Hàng giao nhanh, đặt chiều hôm trước, sáng hôm sau nhận được. Xét về nội dung, nếu yêu thích Quân khu Nam đồng, Hà Nội Mũ rơm tem phiếu thì chắc chắn sẽ yêu quyển sách này.",5,2024-10-09 11:10:59,11253093,11253094
6149330,"Những ai đã từng là cư dân của khu tập thể này đặc biệt là những cư dân của thời kỳ đầu rất nên đọc quyển sách này. Truyện hay và chính xác đến từng chi tiết đưa chúng ta trở về một tuổi thơ thật hồn nhiên, trong sáng cũng những kỷ niệm của một giai đoạn hình thành và phát triển của khu tập thể cao cấp đầu tiên của HN. Cám ơn tác giả rất nhiều.",5,2019-05-14 23:02:21,11253093,11253094
9768166,"Nên mua mọi người ạ. Sách chắc chắn, đọc những câu chuyện xưa của Hà Nội, một thời chiến tranh, rồi bao cấp, rồi đổi mới. Nhân vật chính trong đó là những khu tập thể, qua biết bao thời gian, bao lần đổi thay... sách hay!",5,2019-12-12 09:04:43,11253093,11253094
18241671,,5,2024-07-04 15:25:20,11253093,11253094
19710484,Ok,5,2024-01-15 15:35:07,11253093,11253094
1465597,"Một cuốn sách nên đọc cho những ai còn yêu thích Hà Nội xưa, những khu tập thể. Một thời lịch sử.",5,2020-08-09 18:21:59,11253093,11253094
20240634,,5,2023-10-19 21:24:36,11253093,11253094
17676048,"Truyện hay, kể về Ha nội xưa thôi bao cấp",5,2020-10-17 23:10:12,11253093,11253094
26888225,,5,2022-05-21 08:19:00,11253093,11253094
7373093,,5,2022-03-17 20:32:43,11253093,11253094
10381997,"Rất hay, nhất là những ai trên 40 tuổi từng có nhiều kỷ niệm với Khu Kim Liên",5,2019-12-03 15:53:02,11253093,11253094
16714189,"Chất lượng sách tốt, giao hàng nhanh. Cám ơn Tiki!",5,2020-06-29 13:25:56,11253093,11253094
1930757,"tác phẩm rất hay, nhân văn, rất nên đọc !",5,2020-05-20 14:53:51,11253093,11253094
20672036,,5,2021-03-19 10:35:29,11253093,11253094
11050511,,5,2021-03-03 23:08:32,11253093,11253094
19014150,,5,2021-01-04 14:23:09,11253093,11253094
13513176,,5,2020-11-27 17:25:16,11253093,11253094
16490645,Giao hàng nhanh !!!!!!!!!!!,5,2020-04-13 22:16:31,11253093,11253094
16320456,,5,2020-07-31 15:20:17,11253093,11253094
12807145,,5,2020-06-27 11:50:12,11253093,11253094
18005527,Về hình thức thì bìa sách hơi bụi 1 chút. Tuy nhiên ko đáng kể. Nội dung sách viết về kí ức Hà Nội ở khu tập thể Kim Liên rất hay! ❤️,4,2021-05-20 12:10:40,11253093,11253094
11306064,"Một cuốn sử về khu Kim Liên hơn là một quyển tiểu thuyết. Nội dung không có nút thăt nút mở, nhưng chứa đựng nhiều chi tiết có giá trị về thời bao cấp.",4,2020-04-22 16:31:36,11253093,11253094
5467139,sách bẩn như qua sử dụng quăn mép ..................,2,2020-01-31 10:18:17,11253093,11253094
6621237,,4,2021-07-10 12:02:28,11253093,11253094
9874882,,4,2021-05-15 17:42:14,11253093,11253094
7950306,,4,,11253093,11253094
5326970,"Tiki giao hàng nhanh, đóng gói cẩn thận, cảm ơn tiki",4,2020-01-21 07:12:34,11253093,11253094
186362,,4,2020-11-04 15:15:39,11253093,11253094
5887533,"Cuốn sách đáng đồng tiền bát gạo luôn nha mọi người ơi, đóng gói kỹ càng giao tận tay người đọc luôn nha",5,2022-10-18 14:18:35,21430150,21430151
7248661,"Sách mới, được bọc cẩn thận. Không phải là người thích đọc hồi ký, đọc vì được giới thiệu nhưng ngoài sự mong đợi, rất hay và rất hợp với mình. Sẽ mua thêm để tặng người thân.",5,2021-02-15 23:30:20,21430150,21430151
23901852,,5,2024-08-21 07:54:58,21430150,21430151
28534544,,5,2025-03-03 11:01:10,21430150,21430151
19403603,,5,2025-02-04 20:51:50,21430150,21430151
23144055,,5,2024-06-01 09:09:12,21430150,21430151
29361602,,5,2024-04-19 11:23:01,21430150,21430151
5631360,hài lòng,5,2021-03-08 09:57:38,21430150,21430151
2426,Tiki now nên cực nhanh. Bao gói đẹp. chất lượng sách rất ổn. không có gì để phàn nàn cả.,5,2019-07-28 09:20:29,21430150,21430151
9076938,,5,2021-01-18 13:36:59,21430150,21430151
13724462,sách đẹp,5,2021-04-02 21:39:13,21430150,21430151
18245958,,5,2021-02-26 03:16:32,21430150,21430151
45338,,5,2021-01-14 11:27:22,21430150,21430151
1229807,"chưa đọc nhưng nhìn bìa đẹp quá nên phải mua, canh mãi mới có dịp giảm giá",4,2021-02-11 02:58:41,21430150,21430151
190363,sách đẹp,4,2021-04-05 07:16:16,21430150,21430151
22391820,,4,2022-07-29 22:44:40,21430150,21430151
13022500,san pham dong goi rat kem - tray xuoc gay sach…...,2,2019-08-19 15:08:58,21430150,21430151
12178922,,5,2025-04-18 20:06:29,195801299,195801305
720395,,5,2025-03-18 15:09:56,195801299,195801305
1121328,,5,2024-09-03 06:58:07,195801299,195801305
13229508,,5,2024-08-08 09:19:57,195801299,195801305
9786862,,5,2024-06-17 11:38:31,195801299,195801305
6981576,"sách in mầu rất đẹp, hoạ sĩ mình hâm mộ, rất ưng, cảm ơn",5,2022-10-23 18:01:10,195801299,195801305
9691604,,5,2023-02-02 08:36:22,195801299,195801305
12834762,,5,2022-12-21 18:43:01,195801299,195801305
5808560,Tốt,5,2022-10-30 07:20:57,195801299,195801305
8650060,,5,2022-11-25 17:27:06,195801299,195801305
7916607,,5,2022-11-24 09:57:36,195801299,195801305
11177662,,5,2022-11-10 15:44:07,195801299,195801305
2123221,,5,2022-11-02 19:32:01,195801299,195801305
47555,,5,2022-10-23 13:19:53,195801299,195801305
20638717,,5,2022-09-10 16:36:04,195801299,195801305
1193276,,5,2022-08-30 17:45:07,195801299,195801305
15314516,,4,2022-09-28 22:32:40,195801299,195801305
2415,,4,2022-09-17 20:53:35,195801299,195801305
27360630,(*) Đánh giá không tính điểm Móp góc nặng do tiki đóng gói chỉ bỏ vào hộp mà ko có chống sốc trong khi mình mua 2 quyển bìa cứng 536k chứ ko rẻ.,2,2023-07-14 23:57:17,195801299,195801305
8337902,Tốt,5,2026-09-05 06:07:23,53205302,53205303
116405,"Mặc dù sách viết về Nam Phi xa xôi nhưng cảm giác rất gần gũi, có chút liên tưởng đến hồi còn nhỏ. Đọc sách thấy dễ thấm và đồng cảm với tác giả, chắc là do lời tựa riêng cho đọc giả việt nam",5,2021-05-30 12:11:07,53205302,53205303
8227537,,5,2026-03-15 10:42:41,53205302,53205303
6158890,"Sách rất đẹp, chất lượng tốt. Hài lòng!!!",5,2022-08-09 15:25:59,53205302,53205303
15908102,Sách rất đẹp.,5,2022-07-04 15:27:36,53205302,53205303
15051286,"Sách đẹp, đóng gói chắc chắn, được giao hàng miễn phí, giao nhanh",5,2021-04-19 11:44:42,53205302,53205303
6970741,Sản phẩm rất tốt,5,2022-10-01 16:39:33,53205302,53205303
52554,Sách ok k vấn đề gì,5,2020-12-12 11:18:08,53205302,53205303
284567,,5,2022-01-31 23:28:12,53205302,53205303
21979852,,5,2021-11-30 21:53:24,53205302,53205303
439554,,5,2021-11-14 15:44:08,53205302,53205303
10932060,,5,2021-03-13 12:29:36,53205302,53205303
1314885,,5,2021-01-16 14:59:52,53205302,53205303
9049,,5,2020-12-05 14:09:55,53205302,53205303
1246842,,5,2020-11-16 21:22:23,53205302,53205303
7859171,,4,2022-09-12 15:51:15,53205302,53205303
5335406,"Sách hình thức tốt, nội dung hay, dịch vụ Tiki tốt, chấm cho 09 điểm. Mình lười up hình thông cảm và cho thưởng hé.",5,2023-02-03 09:01:59,532669,253589
30090634,"Hàng chuẩn hãng. Hàng mới 100%, nên mua",5,2025-04-11 19:38:48,532669,253589
17267875,"mọi thứ thật hoàn hoả, mình đã mua 3 lần cuốn này để tặng con và các cháu. 1 cuốn sách truyền cảm hứng tuyệt vời.",5,2024-07-12 16:12:45,532669,253589
697945,,5,2026-04-07 15:11:57,532669,253589
12962244,,5,2025-06-10 15:23:05,532669,253589
16954119,,5,2025-04-28 14:09:04,532669,253589
12665248,,5,2024-12-23 23:25:43,532669,253589
6887192,,5,2024-12-16 00:15:07,532669,253589
18891007,,5,2024-11-19 17:48:56,532669,253589
1853830,,5,2024-09-05 13:43:20,532669,253589
14883910,sách hay lắm mấy bạn ơi ...,5,2020-03-15 21:44:14,532669,253589
28637836,,5,2024-03-29 19:15:32,532669,253589
5999395,sách hơi cũ nhưng vẫn ok,5,2021-02-18 11:15:10,532669,253589
27192773,"Sách đẹp, giao hàng nhanh, chuyên nghiệp.",5,2023-02-28 17:50:59,532669,253589
1161225,Hay,5,2023-02-25 19:32:57,532669,253589
17816995,rất hay và ý nghĩa,5,2022-10-30 14:22:23,532669,253589
1797448,"Sản phẩm giá tốt, cảm thấy hài lòng !!",5,2021-01-30 07:37:05,532669,253589
1065163,,5,2022-12-27 13:42:36,532669,253589
28178986,,5,2022-12-05 20:55:59,532669,253589
21600955,Thật ý nghĩa,5,2021-05-09 16:33:16,532669,253589
112007,Nội dung hay. Giao hàng nhanh.,5,2020-12-22 21:44:42,532669,253589
21563270,,5,2021-12-04 10:45:28,532669,253589
22674483,Sách hay,5,2021-09-07 18:28:57,532669,253589
21169694,,5,2021-09-26 22:20:11,532669,253589
22127041,,5,2021-08-29 17:30:30,532669,253589
22018338,Hay,5,,532669,253589
20491001,,5,2021-07-18 15:46:06,532669,253589
7643421,,5,2021-06-26 12:30:04,532669,253589
2227428,,5,2021-06-22 12:19:34,532669,253589
11463328,,5,2021-06-18 22:34:10,532669,253589
21948063,,5,2021-05-28 14:08:22,532669,253589
19257160,,5,2021-05-19 13:24:28,532669,253589
10133786,,5,,532669,253589
21462047,,5,2021-04-24 11:27:17,532669,253589
5886329,,5,2021-04-21 22:34:03,532669,253589
16456891,,5,2021-04-04 13:13:09,532669,253589
506085,,5,2021-03-10 12:19:15,532669,253589
19192588,,5,2021-03-06 22:24:30,532669,253589
11687057,,5,2021-03-06 11:02:35,532669,253589
14890735,,5,2021-02-15 21:24:16,532669,253589
1861262,Thầy viết hay quá . Mọi người mua đọc ủng hộ thầy .......,5,2019-11-22 20:57:01,532669,253589
10917889,,5,2021-02-03 11:15:46,532669,253589
12495839,,5,2021-01-26 09:46:19,532669,253589
19809138,,5,2021-01-17 10:51:46,532669,253589
1658503,,5,2021-01-15 09:57:13,532669,253589
16048144,,5,2020-12-28 14:33:39,532669,253589
9116825,,5,2020-12-22 19:26:36,532669,253589
1652975,,5,2020-12-01 07:30:43,532669,253589
19052827,,5,2020-11-12 20:56:14,532669,253589
16682866,Giao hàng nhanh chóng hàng đẹp,5,2020-03-31 07:51:06,532669,253589
1409064,,5,2020-08-25 16:17:05,532669,253589
1341609,"Sách mình nhận được bìa bị bẩn, móp, sước, giấy bị ố giống một quyển sách cũ. Mong nhà sách nên chú ý các bảo quản sách và lựa chọn sách trước đi gửi đi cho khách hàng vì ai cũng mong nhận được một quyển sách mới với số tiền họ bỏ ra, hơn nữa trải nghiệm người đọc rất quan trọng. Cảm ơn!",3,2020-07-08 12:37:28,532669,253589
13451699,"Sách hay khỏi bàn cãi nữa, ship hàng cũng rất nhanh; nhưng sách bị nếp gấp gãy ở bìa, đóng hộp bị méo ;(",3,2020-02-16 18:30:08,532669,253589
27360630,"sách bị móp, ko có chống sốc.",4,2023-02-14 19:40:23,532669,253589
5802501,sách hơi cũ và bị nhăn( chắc do khâu vận chuyển),3,,532669,253589
5335406,"Sách hình thức tốt, nội dung hay, dịch vụ Tiki tốt, chấm cho 09 điểm. Mình lười up hình thông cảm và cho thưởng hé.",5,2023-02-03 08:24:21,167034143,167034144
5785126,"Sách rất đẹp , nội dung phù hợp mọi đối tượng giá rẻ đóng hàng cẩn thận ,",5,2024-01-30 20:51:51,167034143,167034144
18387707,,5,2025-10-11 10:56:27,167034143,167034144
26520146,"Nội dung rất bổ ích, nhưng có chỗ in sai",5,2023-01-29 09:19:06,167034143,167034144
10063578,Ưng ý,5,2024-11-14 08:20:03,167034143,167034144
1049249,,5,2024-10-12 20:19:32,167034143,167034144
5382849,,5,2024-09-19 15:48:30,167034143,167034144
27746751,In ấn rõ nét và không bị lỗi .,5,2022-08-22 18:54:47,167034143,167034144
15452513,"Sách đẹp, giao nhanh",5,2022-08-19 11:41:14,167034143,167034144
20353369,Rất thích,5,2022-09-30 12:51:51,167034143,167034144
18307268,Sách ok,5,2022-08-10 19:46:36,167034143,167034144
1264228,Sách ok. Thank you.,5,2022-05-04 00:40:48,167034143,167034144
26664476,Rất ok,5,2022-05-06 20:28:45,167034143,167034144
8292686,,5,2023-08-26 12:40:55,167034143,167034144
21437450,"Sách nên đọc, dành cho học sinh từ đầu cấp 2",5,2022-08-23 08:23:42,167034143,167034144
7586248,,5,2023-07-26 19:20:38,167034143,167034144
10869936,9,5,2022-04-07 22:15:35,167034143,167034144
23842094,,5,2023-03-03 18:42:12,167034143,167034144
22018211,,5,2023-02-03 13:54:52,167034143,167034144
20640362,,5,2023-01-21 08:13:16,167034143,167034144
24766702,,5,2022-12-24 19:23:15,167034143,167034144
26783335,Nice ❤️❤️❤️❤️,5,2022-06-25 12:33:48,167034143,167034144
18376295,ok,5,2022-07-06 00:31:35,167034143,167034144
24699834,,5,2022-06-17 22:24:09,167034143,167034144
8566920,,5,2022-05-08 12:07:08,167034143,167034144
6970741,tốt,5,2022-04-04 15:30:51,167034143,167034144
7158129,,5,2022-04-27 13:05:52,167034143,167034144
29323418,"Việt Nam - nơi những người phụ nữ anh hùng. Gánh gánh gồng gồng Gánh sông gánh núi Gánh củi gánh cành Ta chạy cho nhanh Về xây nhà bếp Nấu nồi cơm nếp Chia ra năm phần… …Gánh gánh gồng gồng… Được PGS.TS Trần Thị Thu Hoài gợi mở tìm đọc cuốn sách “Gánh Gánh Gồng Gồng”. cô Hoài nói rằng, đối với cô đây là quyển sách hay nhất. Khi nghe cô nói vậy mình đã rất tò mò. Lại còn vì tên sách rất hay, nhẹ nhàng mà vần nhịp. Mai Khuê đã âm thầm cho vào waitlist... Tìm mua cuốn sách không hề dễ dàng. Mình mê tít cảm giác lượn lờ rất nhiều hiệu sách đi tìm Gánh Gánh Gồng Gồng. Nhưng không có, đành ngậm ngùi đặt Tiki, không thích mua sách online nhưng phải thừa nhận sách Tiki rất chất lượng. Đọc rồi để thấy hóa ra có cuộc đời Việt Nam nghị lực và phi thường đến thế. Có thể bạn không biết bà Xuân Phượng nhưng khi nhắc đến một số người bạn tiêu biểu của bà, tôi cá chắc rằng bạn sẽ thấy cuộc đời người phụ nữ này “đỉnh” đến mức nào. Bà thân thiết gọi cụ Trần Đại Nghĩa, cụ Chế Lan Viên là anh, là cô y sĩ đích thân Bác Hồ dặn dò nếu làm tốt thì có thưởng, là người bạn thân thiết của nhiều danh nhân trên thế giới như Joan Baez hay Jane Fonda. Vân vân và vân vân các nhân vật lẫy lừng khác. Nói vậy để bạn mường tượng ra tầm vóc kiêu hãnh của người phụ nữ này. Cuốn sách là câu trả lời cho câu hỏi, sự lạc quan sẽ đưa ta đi xa đến đâu. Cái gì không làm được, thì vừa khóc vừa làm. Kiên trì, bền bỉ trườn mình qua gai chông để hái quả ngọt là những gì mình học được từ bà Xuân Phượng. Cuốn sách rất phù hợp với phụ nữ, phải sống hiện đại, sống trọn từng giây từng khắc như thế. Là hồi ký khiến mình suy tư nhiều nhất năm nay, và sẽ còn đọc lại lần nữa, lần nữa trong tương lai.",5,2025-12-27 10:04:16,207035097,207035099
30088004,"Một cuốn hồi ký ghi lại cuộc đời, một số phận, một kiếp người trong chiến tranh. Không chỉ là cuộc chiến nhân dân mà còn là cuộc đấu tranh giành quyền được sống, được làm mẹ, được làm con, được hết mình vì lý tưởng của bà. Nhờ bà mà mình thêm hiểu và thêm khâm phục người phụ nữ Việt Nam thế hệ trước và thầm biết ơn vì đất nước độc lập ngày hôm nay. Văn phong của bà dễ đọc, dễ nghiện, không rờm rà tình tiết mà đan xen mọi chuyện rất uyển chuyển.",5,2025-09-13 14:27:20,207035097,207035099
5118556,"Mình chuyên đọc hồi ký, đặc biệt là hồi ký chiến tranh, ôi nó cảm xúc vô cùng, cuốn này kể về cuộc đời ng phụ nữ trong chiến tranh, lẫn lộn bao nhiêu cảm xúc, bao nhiêu điều con cháu t cần biết, cs chiến tranh khổ vô cùng cực",5,2026-09-02 05:53:33,207035097,207035099
11352562,"Quá tuyệt vời cho một cuốn hồi ký! Tất cả những năm tháng chiến tranh kéo dài được tái hiện chân thực qua những hồi tưởng, trải nghiệm của tác giả! Thật lắm! Chạm lắm! Nhiều đoạn đọc mà rơi nước mắt! Cảm phục sự hi sinh, sự dám từ bỏ cái dễ dàng, sung sướng cho bản thân để cống hiến tài năng và tuổi trẻ cho sự nghiệp của dân tộc, của đất nước. Một người phụ nữ vĩ đại! Ngưỡng mộ cụ lắm lắm!",5,2024-03-21 10:07:19,207035097,207035099
1159202,"Cuốn sách kể câu chuyện chân thực về bà Xuân Phượng - một người phụ nữ phi thường đã thoát ly đi cách mạng từ năm 16 tuổi cho đến hiện tại. Đọc sách để hiểu thêm về hoàn cảnh lịch sử, tình hình dân tộc, số phận của mỗi cá nhân trong một thời kỳ lịch sử bước ngoặt. Văn phong giản dị, gần gũi mà cuốn hút.",5,2024-01-16 10:25:20,207035097,207035099
29598773,"Sách là 1 cuốn hồi ký hay, lối kể chuyện mộc mạc nhưng đầy cuốn hút. 1 ng phụ nữ kiên cường nhưng lại giàu nghệ thuật điện ảnh. Đọc sách và nghe thêm phỏng vấn của bà trên Vietcetara thì tuyệt hơn nữa",5,2023-12-14 21:10:29,207035097,207035099
13700891,"Mình mới đọc được mấy chương đầu nhưng thực sự rất cuốn hút. Cuộc đời bà nhiều thăng trầm nhưng qua cách kể của bà lại rất nhẹ nhàng. Mình tìm thấy sự yêu đời, lạc quan và bình tĩnh trong cách sống của bà.",5,2024-11-29 10:02:09,207035097,207035099
16548119,"Sách 5 sao lunnnn mọi người ơi. Cuốn sách này khiến mình bị lôi cuốn theo đạo cả ngày lẫn đêm, và thật sự cuốn sách vô cùng xúc động. Một cuốn sách rất hay và ý nghĩa cho bạn nào thích sách về chủ đề nữ quyền hoặc phụ nữ.",5,2024-07-20 15:48:14,207035097,207035099
5905904,"Giao hàng siêu nhanh. Tối đặt sáng ngày mai đã nhận được hàng, sách nặng tay, bìa cứng đẹp",5,2025-06-02 10:26:43,207035097,207035099
29722047,"Mình được cô giới thiệu khi trải lòng về việc sẽ tự viết cho đời mình một quyển sách, thật sự tâm đắc!",5,2024-05-14 11:49:47,207035097,207035099
6645247,"Sách đẹp lắm ạ, giấy dày, hình in sắc nét. Tiki hỏa tốc nên trong buổi sáng là nhận được luôn. Mình sẽ tiếp tục ủng hộ Tiki nhé ~",5,2023-09-08 11:47:04,207035097,207035099
30177462,"Giao hàng nhanh, đóng gói cẩn thận",5,2026-07-25 21:10:52,207035097,207035099
332335,"Nội dung hay đúng là người đàn bà thép, thần tưong cô Xuân Phượng luôn",5,2024-06-28 18:34:10,207035097,207035099
6822273,Sách hay. Sống động. Sâu sắc... ngôn ngữ của mình không diễn tả hết cảm nhận. Mình mua tặng mọi người xung quanh khá nhiều,5,2024-07-31 07:08:45,207035097,207035099
30130360,"Đọc hay lắm, cảm động nữa ạ Không từ ngữ nào có thể diễn tả hết cảm xúc khi đọc xong cuốn tự truyện này",5,2024-10-10 19:58:33,207035097,207035099
796657,,5,2025-07-25 11:34:31,207035097,207035099
17192584,,5,2026-09-03 09:49:34,207035097,207035099
445579,,5,2026-08-20 19:22:15,207035097,207035099
16115910,"Chất giấy trơn mịn, nội dung hay, nói chung là rất tuyệt",5,2025-06-14 17:47:32,207035097,207035099
12699083,"Sách hay,đọc rất xúc động. Các bạn trẻ nên đọc để hiểu thêm về lịch sử, về cách sống cho tương lai.",5,2024-03-31 20:57:17,207035097,207035099
22715930,,5,2026-04-03 14:42:39,207035097,207035099
29974760,,5,2026-02-12 14:59:49,207035097,207035099
18367288,,5,2026-01-23 15:56:35,207035097,207035099
7905152,,5,2026-01-08 17:04:49,207035097,207035099
581515,"Một cuốn sách quá hay và đáng đọc, văn phong hài hước, thu hút, giản dị, thông tin cô đọng. Một cuốn sách nhiều cảm xúc và trải nghiệm",5,2023-03-10 12:40:08,207035097,207035099
11430370,,5,2025-12-08 21:17:06,207035097,207035099
26894033,,5,2025-12-08 11:31:21,207035097,207035099
7654663,,5,2025-12-01 11:00:27,207035097,207035099
18362512,,5,2025-11-23 10:28:26,207035097,207035099
9813362,,5,2025-11-20 14:51:24,207035097,207035099
22917572,,5,2025-10-11 20:50:36,207035097,207035099
26771647,Trình bày và bố cục đẹp. Giao hàng nha,5,2023-10-13 10:12:58,207035097,207035099
12045524,,5,2025-08-17 08:45:56,207035097,207035099
97737,,5,2025-08-01 12:26:51,207035097,207035099
20508334,,5,2025-07-08 09:30:33,207035097,207035099
2189588,Sách hồi ký rất hay và cho người đọc nhiều thực tế về giai đoạn lịch sử,5,2023-11-15 16:29:48,207035097,207035099
23644521,"Sách hay, ý nghĩa",5,2024-11-26 09:55:42,207035097,207035099
2152567,,5,2025-03-04 23:15:19,207035097,207035099
136829,"Sách giao nguyên vẹn, chất lượng giấy rất tốt.",5,2024-03-05 10:30:22,207035097,207035099
8115928,Một cuốn sách đáng đọc không chỉ 1 lần,5,2024-04-06 09:58:31,207035097,207035099
8435106,Gáy sách chùn vào chắc do người đóng gói cố nhét vào box😢,5,2023-11-17 11:21:24,207035097,207035099
77698,,5,2025-01-02 23:54:17,207035097,207035099
15910124,"Nội dung sách hay, đọc rất cuốn Câu từ lại dễ hiểu nữa",5,2023-09-28 15:35:45,207035097,207035099
10293379,Quyển sách rất hay và ý nghĩa. Yêu mến bà Xuân Phượng,5,2023-10-28 00:27:38,207035097,207035099
28633862,,5,2024-11-28 11:26:53,207035097,207035099
744224,,5,2024-11-25 20:17:29,207035097,207035099
18084326,,5,2024-11-07 11:02:44,207035097,207035099
12576118,,5,2024-11-04 14:37:07,207035097,207035099
870450,,5,2024-11-02 20:07:22,207035097,207035099
15080849,,5,2024-11-01 21:18:51,207035097,207035099
10032406,,5,2024-10-24 22:05:46,207035097,207035099
12647285,,5,2024-09-02 13:40:34,207035097,207035099
26621924,,5,2024-08-25 11:10:03,207035097,207035099
67077,Sách nội dung hay. Đóng gói chắc. Sách mới đưpi. Vận chuyển nhanh gọn.,5,2023-03-14 19:45:44,207035097,207035099
17283965,,5,2024-06-05 09:36:52,207035097,207035099
29949204,,5,2024-05-29 13:22:37,207035097,207035099
27697978,,5,2024-05-26 16:09:51,207035097,207035099
8309351,,5,2024-05-24 10:45:27,207035097,207035099
14266483,Hayyyyyy,5,2024-04-01 13:07:48,207035097,207035099
5635905,,5,2024-05-11 02:43:14,207035097,207035099
11670528,,5,2024-05-05 20:07:31,207035097,207035099
21635405,,5,2024-04-29 10:27:45,207035097,207035099
10557281,,5,2024-04-26 07:51:44,207035097,207035099
1656380,,5,2024-03-28 21:42:17,207035097,207035099
22173760,,5,2024-03-28 20:50:26,207035097,207035099
21957872,,5,2024-03-23 10:10:01,207035097,207035099
5749548,,5,2024-03-15 20:04:47,207035097,207035099
19784848,,5,2024-02-15 22:50:30,207035097,207035099
16579040,,5,2024-02-13 19:59:08,207035097,207035099
18628861,,5,2024-02-02 12:01:04,207035097,207035099
15301546,,5,2024-01-31 16:55:30,207035097,207035099
18371380,,5,2024-01-11 11:50:53,207035097,207035099
3979,,5,2024-01-02 13:31:26,207035097,207035099
1378139,,5,2023-12-31 17:24:46,207035097,207035099
5575459,,5,2023-12-28 08:02:46,207035097,207035099
190899,,5,2023-12-09 18:02:04,207035097,207035099
29570359,,5,2023-11-13 21:50:29,207035097,207035099
7238124,Mình thông cảm với bạn shipper trời mưa giao hàng vất vả nên vẫn đánh giá cao! Tuy nhiên lần này đóng gói và nhận hàng không tốt! Mong Tiki lưu ý trải nghiệm của khách hàng giúp mình với! Nếu là hàng mang tặng nữa thì quá buồn đó ạ! Sách mưa thấm hết các góc và bìa phải sấy để không bị bong ra...,4,2023-01-08 15:27:08,207035097,207035099
11688523,,5,2023-10-25 17:13:52,207035097,207035099
526112,,5,2023-10-10 09:20:50,207035097,207035099
20650192,,5,2023-10-01 20:57:09,207035097,207035099
22636254,,5,2023-09-27 07:26:53,207035097,207035099
14302737,,5,2023-09-16 18:09:19,207035097,207035099
70533,,5,2023-09-16 12:35:36,207035097,207035099
16945028,,5,2023-09-11 17:03:25,207035097,207035099
29401121,,5,2023-09-10 14:21:41,207035097,207035099
962973,,5,2023-08-08 05:31:03,207035097,207035099
714535,,5,2023-04-26 22:32:05,207035097,207035099
14300244,,5,2023-04-17 10:40:36,207035097,207035099
1412829,,5,2023-04-10 20:47:53,207035097,207035099
5475591,,5,2023-04-05 22:35:29,207035097,207035099
7609331,,5,2023-03-19 06:26:09,207035097,207035099
26770043,,5,2023-03-10 21:27:23,207035097,207035099
697788,,5,2023-02-04 09:22:09,207035097,207035099
15774282,,5,2023-02-02 08:54:11,207035097,207035099
460671,,5,2023-01-16 12:42:59,207035097,207035099
15578,,5,2023-01-11 19:53:15,207035097,207035099
9933785,,5,2023-01-07 12:54:35,207035097,207035099
5112793,,5,2023-01-05 23:14:54,207035097,207035099
30483601,Mình chưa đọc nhưng rất thích những cuốn viết về phụ nữ và cũng xem 1 tập trên have a sip mời bà Xuân Phượng nên muốn đọc xem sao.Tuy nhiên không biết là tại sao cuốn này khi nhận về lại không có seal hay là kiểu vậy,4,2025-09-07 12:51:37,207035097,207035099
12453540,Có vẻ đây là cuốn sách đã được sử dụng vì có nếp gấp ở bìa. Khi tôi mở bao bì ra thì bìa và các trang sách đầu cong lên theo nếp gấp. Tôi hơi thất vọng về người bán.,3,2023-05-15 12:57:22,207035097,207035099
30190543,"To hơn mình nghĩ, nma phần bìa sách bị cong vào 🥹 mua hai quyển df cả hai",4,2025-06-24 10:10:57,207035097,207035099
123687,,4,2026-01-30 20:32:10,207035097,207035099
10836456,,4,2026-01-23 09:14:14,207035097,207035099
30203823,,4,2024-12-19 19:34:41,207035097,207035099
7859171,,4,2023-01-05 17:38:46,207035097,207035099
18078264,"Sách đẹp, Tiki đóng gói cẩn thận, giao hàng nhanh.",5,2024-10-22 14:14:12,253470339,253470340
7440648,,5,2025-08-28 21:24:24,253470339,253470340
192835,,5,2025-01-03 08:02:22,253470339,253470340
30043507,,5,2024-07-25 12:14:40,253470339,253470340
162872,,5,2023-09-04 10:37:05,253470339,253470340
12047419,,5,2023-08-23 23:06:51,253470339,253470340
21169064,,5,2023-08-06 18:51:30,253470339,253470340
1658123,Giao hàng khá nhanh.chưa đọc nên chưa review được.nhưng thấy trên goodread đánh được giá khá cao....,4,2023-06-11 12:38:12,253470339,253470340
10367667,,4,2024-08-13 13:01:00,253470339,253470340
13603919,,4,2023-09-12 17:43:45,253470339,253470340
18025738,"Thiết kế sách đơn giản mà đẹp. Mình đã xem phim tư liệu hay những thước phim ngắn về cuộc đời và sự nghiệp của ông nhưng vẫn muốn mua sách để đọc. Có bạn nào giông mình ko 😋. Dịch vụ Tiki trong mùa dịch vẫn rất chất lượng, nhanh, thuận tiện. Sách được đóng hộp cẩn thận , nhân viên giao hàng nhiệt tình. Thanks!",5,2021-09-14 14:56:59,49550305,49550306
17364552,Tiki giao hàng đúng hạn. Sách vẫn nguyên màng co.,5,2022-07-08 14:49:13,49550305,49550306
22166103,sản phẩm giảm giá tốt tiki giao hàng nhanh sách bọc cẩn thận nội dung mình chưa đọc nhưng sách về lĩnh vực thể thao bóng đá là mình thích,5,2021-07-11 22:03:35,49550305,49550306
9986638,Khi đọc cuốn sách này giúp tôi hiểu thêm về Ông . Nó như nguồn cảm hứng cho tôi chơi bóng vậy cảm ơn Ông rất nhiều Pele.,5,2021-10-11 02:00:13,49550305,49550306
27204512,Quá tuyệt về một huyền thoại bóng đá,5,2024-05-10 10:07:55,49550305,49550306
914965,tiki giao hàng rất ok có bọc rất kỹ cuốn sách hay dành cho các fan bóng đá thích hoài niệm về quá khứ,5,2021-07-18 18:54:01,49550305,49550306
14967833,,5,2024-06-28 13:19:37,49550305,49550306
1797448,"Sản phẩm giá tốt, cảm thấy hài lòng !!",5,2021-02-01 07:30:05,49550305,49550306
16513043,hình thức đẹp ạ nội dung do chưa đọc nên chưa biết ạ,5,2021-09-26 12:46:32,49550305,49550306
13387232,Giao hàng nhanh vs vẫn còn mới đẹp ạ,5,2022-01-12 11:57:10,49550305,49550306
19266617,,5,2022-10-10 17:13:42,49550305,49550306
19622931,"Sản phẩm đẹp nhưng giấy hơi mỏng, dễ rách",5,2021-10-05 08:34:54,49550305,49550306
21087212,,5,2021-04-11 15:39:24,49550305,49550306
10399112,,5,2022-05-19 11:32:29,49550305,49550306
1487174,Vì nó đậm chất huyện thoại đá banh pele,5,2021-06-10 20:06:56,49550305,49550306
98653,,5,2021-10-14 00:21:59,49550305,49550306
439447,,5,2021-07-19 17:09:04,49550305,49550306
21162318,,5,2021-06-05 13:26:37,49550305,49550306
20167992,,5,,49550305,49550306
7533389,,5,2021-05-20 15:05:39,49550305,49550306
17738760,,5,2021-04-27 11:49:39,49550305,49550306
5700624,,5,2021-03-19 12:57:50,49550305,49550306
20194936,,5,2021-02-06 18:51:56,49550305,49550306
16014192,,5,2021-01-06 11:22:26,49550305,49550306
7031251,,5,2020-11-10 00:10:38,49550305,49550306
1927976,,5,2020-10-10 16:28:33,49550305,49550306
606540,,4,2026-06-08 18:27:00,49550305,49550306
16903934,nhờ tiki xem lại. mình có mua gói 100bookcare. mình chưa dùng hết sao trong tài khoản của mình báo không còn cái nào. và mình nhận sp cũng k đc bọc bookcare,4,2021-03-03 14:37:16,49550305,49550306
6169458,Mực in hơi mờ Mực in hơi mờ Mực in hơi mờ Mực in hơi mờ,3,2020-05-02 14:03:38,49550305,49550306
211558,,3,2020-10-27 14:00:00,49550305,49550306
522878,Cuốn sách là những thông điệp và tâm tư của danh ca Mariah Carey tới người hâm mộ. Qua đó chúng ta thêm mến mộ và cảm kích những cống hiến cho nghệ thuật của nghệ sĩ.,5,2022-06-08 21:18:45,153521894,153521895
44594,"Sách khá đẹp dù mình thích bìa gốc hơn, tựa mạ vàng nên bên ngoài nhìn cũng ok hơn so với trên hình, in ấn rõ nét chất lượng. Bản dịch thì chưa đọc nhưng lướt sơ thấy cũng mượt.",5,2022-07-23 14:19:25,153521894,153521895
85262,"“Khi bạn có cha mẹ khác màu da thì thực sự phức tạp. Khi bạn còn nhỏ, với người mẹ da trắng, bạn bị cách ly khỏi những phụ nữ da đen khác, đó là nỗi cô đơn khủng khiếp”",5,2022-01-27 21:04:53,153521894,153521895
12384468,,5,2025-11-26 09:20:57,153521894,153521895
18387707,,5,2025-10-11 10:59:50,153521894,153521895
1682720,💓,5,2023-01-05 23:23:36,153521894,153521895
28134126,,5,2023-01-24 22:19:01,153521894,153521895
6203048,,5,2022-12-18 15:08:34,153521894,153521895
35259,,5,2022-08-15 09:05:34,153521894,153521895
8441922,Rất hay,5,2022-05-14 17:13:10,153521894,153521895
17109983,,5,2022-05-24 16:57:58,153521894,153521895
18088536,,5,2022-03-15 18:11:37,153521894,153521895
12014320,,5,2022-02-13 13:34:28,153521894,153521895
30681537,Sách cũ quá. Không hài lòng nha trời,3,2026-05-29 17:36:44,153521894,153521895
63510,,4,2022-09-29 13:15:07,153521894,153521895
8337902,Tốt,5,2026-08-28 14:34:31,209332786,209332787
22466799,,5,2026-08-30 19:25:38,209332786,209332787
12029622,,5,2025-10-20 19:51:08,209332786,209332787
11169668,Trên đời làm gì có Utopia cho nên mới có tư liệu để Orwen viết sách,5,2023-03-11 01:51:00,209332786,209332787
18387707,,5,2025-10-11 10:13:27,209332786,209332787
14280194,,5,2025-08-05 21:58:07,209332786,209332787
720590,,5,2025-04-02 12:05:25,209332786,209332787
11688523,,5,2025-02-24 10:25:31,209332786,209332787
8724099,,5,2024-10-27 17:48:29,209332786,209332787
8408506,,5,2024-10-26 13:58:06,209332786,209332787
778798,,5,2024-03-07 14:06:22,209332786,209332787
19147070,,5,2024-01-26 12:45:02,209332786,209332787
16326962,,5,2023-12-26 23:22:13,209332786,209332787
190542,,5,2023-12-24 12:34:06,209332786,209332787
29570359,,5,2023-11-13 21:50:24,209332786,209332787
29392087,,5,2023-11-08 20:23:19,209332786,209332787
7541225,,5,2023-11-08 13:35:43,209332786,209332787
6578874,,5,2023-10-22 17:48:19,209332786,209332787
6738891,,5,2023-10-04 19:15:15,209332786,209332787
8288840,,5,2023-09-30 21:13:47,209332786,209332787
24224942,,5,2023-09-30 13:16:47,209332786,209332787
1949138,,5,2023-09-20 11:03:09,209332786,209332787
26738376,,5,2023-07-22 07:09:10,209332786,209332787
5802899,,5,2023-06-30 20:23:49,209332786,209332787
162872,,5,2023-05-08 11:55:21,209332786,209332787
8174937,,5,2023-04-24 19:40:50,209332786,209332787
1285,,5,2023-03-27 14:40:15,209332786,209332787
9786862,,5,2023-03-13 10:04:33,209332786,209332787
7800274,,5,2023-03-05 23:18:55,209332786,209332787
5383161,,5,2023-02-22 12:48:02,209332786,209332787
12119040,,5,2022-12-28 22:18:13,209332786,209332787
169764,"Nội dung sách rất hay, rất cuốn hút, nhiều chỗ đọc mà xúc động. Tiki giao hàng nhanh Điểm chê lớn nhất là cái bìa sách quá xấu, thiết kế cẩu thả (không biết có thiết kế không hay lấy đại một hình nào đó?) Font chữ làm 2 màu vàng đỏ choé, siêu xấu, trên một cái nền bìa cũng siêu xấu nốt. Thật sự phí phạm cho một tác phẩm quan trọng và thú vị như vậy",4,2024-02-24 21:43:46,209332786,209332787
7865979,Không biết bị móp trước hay trong lúc giao vì mình thấy góc sách bị móp khá nặng mặc dù được bộ 1 lớp xốp và 1 lớp bìa r,3,2025-02-14 11:01:59,209332786,209332787
12293130,"Sách bìa mềm, khá đẹp, còn nguyên bọc. Vận chuyển không chèn lót hộp.",4,2022-12-26 16:00:50,209332786,209332787
21476969,,4,2024-01-26 13:21:09,209332786,209332787
11992154,,4,2023-11-16 13:05:19,209332786,209332787
9687653,,4,2023-07-31 16:11:09,209332786,209332787
593227,"Sách hay, lôi cuốn. Tết cũng giao hỏa tốc.",5,2026-02-20 13:08:03,168234706,168234707
26687142,"Một cuốn sách chia sẻ những triết lý rất đáng để suy ngẫm và áp dụng từ “giáo sư”. Giấy và mực in rất đẹp, đáng đồng tiền bát gạo.",5,2023-01-27 13:42:21,168234706,168234707
5278823,Hay,5,2022-04-06 08:31:54,168234706,168234707
17364552,Tiki giao hàng nhanh. Sách vẫn nguyên màng co. 5/5.,5,2022-07-08 14:48:40,168234706,168234707
15219239,"Cuốn sách hay và ý nghĩa, nhiều triết lý và quan điểm hay về bóng đá của ông, có thể áp dụng cho ngành nghề khác",5,2022-10-10 14:58:21,168234706,168234707
1316488,"Là một fan Arsenal thì không nên bỏ qua quyển này, rất hay và ý nghĩa từ chuyên môn cho đến những bài học trong cuộc sống",5,2022-07-27 22:45:33,168234706,168234707
318030,Những ai là fan của Arsenal nên đọc quyển sách này để hiêủ thêm về Arsene Wenger - HLV huyền thoại của câu lạc bộ,5,2022-07-20 09:02:28,168234706,168234707
14301227,Chờ mãi sách mới về tại mới xuất bản nên hết hàng. Bản thân là 1 fan Arsenal nên cuốn sách thật sự có ý nghĩa với mình,5,2022-04-24 10:28:59,168234706,168234707
9094110,"Sách in rất đẹp, màu sắc nét, tuy lúc vừa đặt và thanh toán thì hết hàng đợi gần 1 tuần, nhưng vẫn rất xứng đáng. COYG",5,2022-04-05 12:06:16,168234706,168234707
542148,Giao nhanh,5,2024-08-07 12:28:16,168234706,168234707
1927976,,5,2025-11-21 19:53:25,168234706,168234707
32038,"Sách có màng co nên đẹp khỏi chê. Tối qua mình đặt, sáng nay đã nhận được, quá đã!",5,2022-10-26 22:12:12,168234706,168234707
18387707,,5,2025-10-11 11:00:16,168234706,168234707
11897114,,5,2025-07-13 03:07:05,168234706,168234707
2037588,,5,2025-05-13 08:30:21,168234706,168234707
1673891,"Mới nhận sách tức thì, sách được bọc và đóng gói cẩn thận,, vote 5 sao cho nv giao hàng..",5,2022-04-05 11:37:31,168234706,168234707
19051,Sách được bao bọc cẩn thận. Tiki giao hàng đúng hẹn.,5,2024-02-24 21:44:31,168234706,168234707
1346520,đợi mãi,5,2022-04-04 10:08:09,168234706,168234707
371706,,5,2024-10-26 22:56:14,168234706,168234707
5394223,sách chất lượng đấy mà cảm giác sách này đọc nhiều đoạn ko biêta có lược bớt ko nữa mà cảm xúc chưa tới,5,2022-04-08 07:27:25,168234706,168234707
756370,,5,2024-04-23 12:14:29,168234706,168234707
27199639,"sách đẹp lắm, may mình mua kịp trước khi hết hàng, bọc màng bảo vệ và hộp cẩn thận nữa.",5,2022-04-11 20:12:30,168234706,168234707
7519502,Fast delivery Great goods Nice,5,2022-06-15 08:15:41,168234706,168234707
16392221,Rất mong chờ sản phẩm,5,2022-06-20 08:06:06,168234706,168234707
10133118,Giao hàng nhanh hơn dự kiến,5,2022-05-14 20:39:32,168234706,168234707
23641529,Good,5,2022-10-18 11:43:03,168234706,168234707
27191680,Đây là CLB tôi yêu thích của tôi nên tôi muốn hiểu rõ hơn về Arsène Wenger và đội bóng.,5,2022-04-06 18:53:17,168234706,168234707
27200010,Đợi khá lâu nhưng nhận được hàng rất ưng ý.đóng gói cẩn thận sách mới tinh,5,2022-04-08 17:22:46,168234706,168234707
20634396,tuyệt vời,5,2022-06-13 11:12:12,168234706,168234707
7831665,,5,2023-08-10 10:37:45,168234706,168234707
10120623,"Đặt từ đêm hôm trước mà sáng hô. Sau tiki đã giao rồi, quá nhanh",5,2022-03-28 23:49:42,168234706,168234707
10389065,good,5,2022-04-12 09:33:26,168234706,168234707
26211071,Thơm,5,2022-04-05 11:38:53,168234706,168234707
11472067,like,5,2022-04-08 21:16:58,168234706,168234707
10817399,,5,2022-04-08 13:53:08,168234706,168234707
2218479,,5,2022-04-07 13:29:22,168234706,168234707
18320614,,5,2022-04-07 12:15:33,168234706,168234707
18417361,"Sản phẩm đóng gói cẩn thận, thời gian giao hàng nhag",5,2022-05-19 00:17:49,168234706,168234707
1508233,"HiuHiu, Idol ♨️♨️♨️♨️♨️♨️♨️",5,2022-04-07 10:31:56,168234706,168234707
27174758,Đó là cuốn sách yêu thích của đời tui,5,2022-04-06 11:22:53,168234706,168234707
16597848,,5,2023-01-14 15:08:52,168234706,168234707
11275069,"Sách đọc hay, đóng gói cẩn thận",5,2022-05-08 14:17:30,168234706,168234707
12723630,,5,2023-01-02 15:01:18,168234706,168234707
5770824,,5,2022-12-19 12:00:16,168234706,168234707
15095110,Tuyệt vời,5,2022-09-27 08:54:51,168234706,168234707
25745007,"giao nhanh, bọc kỹ",5,2022-08-04 15:01:32,168234706,168234707
125812,"Sách hay, Love Arsenal",5,2022-07-29 12:50:44,168234706,168234707
24232596,"ship nhanh, sách đẹp, đáng mua ạ",5,2022-04-11 23:52:50,168234706,168234707
28033609,,5,2022-11-28 16:04:48,168234706,168234707
26342316,Càng đọc càng ngưỡng mộ wenger,5,2022-04-06 21:39:42,168234706,168234707
456165,,5,2022-11-23 17:32:37,168234706,168234707
8321525,,5,2022-11-16 11:41:21,168234706,168234707
17853868,,5,2022-11-08 11:35:58,168234706,168234707
27788785,Hay,5,2022-10-19 21:11:16,168234706,168234707
15471118,Good 👍,5,2022-09-10 13:32:38,168234706,168234707
381376,This is my favourite coach,5,2022-06-01 12:49:50,168234706,168234707
2186260,Sách của bố già quá đỉnh,5,2022-04-15 15:30:50,168234706,168234707
1219579,,5,2022-10-29 11:47:42,168234706,168234707
18680837,Quá là bay luôn trời oi,5,2022-05-17 11:42:19,168234706,168234707
27188872,là fan pháo nên phải đọc,5,2022-04-14 08:43:48,168234706,168234707
15849485,7 ngày để ship từ HCM ra Hn,5,2022-04-07 13:17:04,168234706,168234707
8751372,,5,2022-10-02 19:23:55,168234706,168234707
11050268,Ok,5,2022-09-19 11:07:59,168234706,168234707
16501465,,5,2022-09-21 11:35:13,168234706,168234707
7731747,Có bọc sách cẩn thận,5,2022-04-07 10:10:10,168234706,168234707
8158629,,5,2022-09-16 00:26:53,168234706,168234707
20176125,,5,2022-09-14 05:48:40,168234706,168234707
27195142,"Giao nhanh, tác phẩm hay",5,2022-04-06 21:42:44,168234706,168234707
28136417,,5,2022-09-07 14:54:53,168234706,168234707
9638935,,5,2022-09-03 00:10:27,168234706,168234707
25641977,,5,2022-08-26 19:43:46,168234706,168234707
27198672,sách bọc cẩn thận,5,2022-04-07 15:33:03,168234706,168234707
5943557,,5,2022-08-14 23:50:39,168234706,168234707
8606291,,5,2022-08-12 10:59:23,168234706,168234707
7396890,,5,2022-08-08 09:30:34,168234706,168234707
22728098,,5,2022-07-23 16:14:14,168234706,168234707
551656,Nice,5,2022-06-28 14:02:34,168234706,168234707
19726135,,5,2022-07-20 13:44:10,168234706,168234707
10024832,Best book in town,5,2022-04-11 14:20:09,168234706,168234707
26894313,tuyệt,5,2022-06-05 08:47:48,168234706,168234707
26366192,tuyệt,5,2022-06-04 19:30:05,168234706,168234707
22616430,đẹp,5,2022-06-09 23:02:45,168234706,168234707
21552137,Hàng xịn rẻ,5,2022-04-09 18:54:46,168234706,168234707
1491304,,5,2022-07-04 15:32:40,168234706,168234707
17300237,,5,2022-07-01 16:21:47,168234706,168234707
1191818,,5,2022-06-30 19:46:50,168234706,168234707
13310777,hay,5,2022-06-09 21:48:37,168234706,168234707
6612308,,5,2022-06-26 10:38:36,168234706,168234707
19636175,,5,2022-06-24 23:07:46,168234706,168234707
11517152,tuyệt vời,5,2022-04-08 19:14:19,168234706,168234707
1104712,,5,2022-06-23 18:06:27,168234706,168234707
23724946,,5,2022-06-21 15:51:00,168234706,168234707
27674498,,5,2022-06-14 18:48:54,168234706,168234707
8898038,,5,2022-06-14 13:00:37,168234706,168234707
12376680,,5,2022-06-12 13:14:13,168234706,168234707
20837593,quá đẹp,5,2022-04-08 18:15:39,168234706,168234707
6878774,Good,5,2022-05-18 14:43:54,168234706,168234707
25784269,tuyệt,5,2022-04-22 09:23:44,168234706,168234707
22051552,,5,2022-06-01 17:00:03,168234706,168234707
1845642,,5,2022-05-31 11:23:16,168234706,168234707
8387325,,5,2022-05-30 21:10:58,168234706,168234707
1068724,,5,2022-05-30 15:30:31,168234706,168234707
1199678,,5,2022-05-30 02:05:02,168234706,168234707
17329947,,5,2022-05-29 14:43:30,168234706,168234707
22624854,ok,5,2022-05-14 13:32:51,168234706,168234707
1155184,,5,2022-05-25 15:03:21,168234706,168234707
1904519,,5,2022-05-25 10:23:04,168234706,168234707
25794006,,5,2022-05-24 00:02:55,168234706,168234707
12188113,,5,2022-05-21 08:44:25,168234706,168234707
1429297,,5,2022-05-15 14:53:17,168234706,168234707
11508250,,5,2022-05-13 12:09:40,168234706,168234707
1275804,,5,2022-05-09 09:55:50,168234706,168234707
27219095,,5,2022-05-09 08:30:26,168234706,168234707
9689631,,5,2022-05-06 15:09:27,168234706,168234707
25155162,,5,2022-05-05 23:55:57,168234706,168234707
27194589,tốt,5,2022-04-05 10:28:38,168234706,168234707
10517150,,5,2022-05-04 05:37:49,168234706,168234707
6795556,,5,2022-05-02 10:52:27,168234706,168234707
12167474,Hay,5,2022-04-12 17:18:42,168234706,168234707
1858213,hay,5,2022-04-07 20:24:24,168234706,168234707
12629128,,5,2022-04-25 09:06:23,168234706,168234707
5399132,oki,5,2022-04-05 22:40:07,168234706,168234707
12371776,,5,2022-04-22 21:55:35,168234706,168234707
1472662,,5,2022-04-19 23:16:27,168234706,168234707
11950577,,5,2022-04-19 12:40:41,168234706,168234707
24554918,,5,2022-04-15 04:18:47,168234706,168234707
319235,,5,2022-04-14 22:58:24,168234706,168234707
14757136,,5,2022-04-13 00:47:44,168234706,168234707
5757984,,5,2022-04-12 16:44:50,168234706,168234707
7780497,,5,2022-04-12 14:45:38,168234706,168234707
12295468,,5,2022-04-12 08:59:39,168234706,168234707
23293226,,5,2022-04-11 11:13:43,168234706,168234707
27188826,,5,2022-04-10 19:12:50,168234706,168234707
10294894,,5,2022-04-10 16:49:46,168234706,168234707
698794,,5,2022-04-10 13:42:38,168234706,168234707
7855181,,5,2022-04-09 07:48:46,168234706,168234707
7687995,,5,2022-04-09 00:00:37,168234706,168234707
23034696,,5,2022-04-08 19:48:01,168234706,168234707
7801289,,5,2022-04-08 19:44:14,168234706,168234707
18390607,,5,2022-04-08 18:03:54,168234706,168234707
20369088,,5,2022-04-08 12:20:35,168234706,168234707
5703902,,5,2022-04-08 12:01:56,168234706,168234707
16560763,,5,2022-04-08 11:28:25,168234706,168234707
21485654,,5,2022-04-08 10:58:31,168234706,168234707
5574602,,5,2022-04-07 22:02:06,168234706,168234707
19235083,,5,2022-04-07 21:48:42,168234706,168234707
7900372,,5,2022-04-07 21:23:16,168234706,168234707
5350208,,5,2022-04-07 19:24:11,168234706,168234707
7056753,,5,2022-04-07 10:55:23,168234706,168234707
588413,,5,2022-04-07 10:24:45,168234706,168234707
27247708,,5,2022-04-06 22:01:56,168234706,168234707
6274914,,5,2022-04-06 20:03:57,168234706,168234707
6741135,,5,2022-04-06 12:28:43,168234706,168234707
22437675,,5,2022-04-06 11:54:48,168234706,168234707
8105495,,5,2022-04-06 09:30:46,168234706,168234707
13152551,,5,2022-04-06 07:44:43,168234706,168234707
5113789,,5,2022-04-05 20:00:59,168234706,168234707
6941587,,5,2022-04-05 13:48:47,168234706,168234707
27192127,,5,2022-04-05 13:46:44,168234706,168234707
11322195,,5,2022-04-05 10:51:38,168234706,168234707
8331491,,5,2022-04-05 10:37:17,168234706,168234707
27192149,,5,2022-04-05 10:25:13,168234706,168234707
27215085,,5,2022-04-04 20:09:10,168234706,168234707
27188860,,5,2022-04-01 15:22:00,168234706,168234707
14508102,,5,2022-04-01 09:08:26,168234706,168234707
9946030,,5,2022-03-30 19:56:58,168234706,168234707
7720693,,5,2022-03-29 22:31:24,168234706,168234707
17314786,,5,2022-03-29 14:51:45,168234706,168234707
18777644,,5,2022-03-29 08:19:39,168234706,168234707
11650391,,5,2022-03-27 14:59:53,168234706,168234707
10388377,,5,2022-03-22 21:39:35,168234706,168234707
1840399,Một bản dịch thuật phải nói là quá tệ. Người dịch dường như mới vào nghề và không có kiến thức nhiều về bóng đá. Bố cục trình bày cũng không rõ ràng. Tệ!!!,1,2022-12-29 21:34:32,168234706,168234707
12987283,Shop lên đơn rất rất lâu. mình đặt hàng từ tháng 3. mà giờ mới nhận được. quá chán,1,2022-04-08 10:47:46,168234706,168234707
14194192,,4,2022-09-27 09:52:37,168234706,168234707
26775091,,4,2022-08-14 09:14:53,168234706,168234707
15290816,Sách được,4,2022-04-19 08:40:33,168234706,168234707
20362210,,4,2022-03-30 19:12:25,168234706,168234707
302503,,4,2022-03-21 10:22:23,168234706,168234707
1259563,Trước giờ cứ nghĩ là Việt Nam không có tai nạn hàng không. Qua cuốn sách này phần nào mình thấy được sự kinh khủng của việc là người duy nhất sống sót sau tai nạn và tinh thần mãnh liệt của tác giả.,5,2021-12-21 13:49:07,404967,107269
17614013,"Mình mới nhận được sách, mới mơ xem sơ lược, có 2 phần: phần tai nạn và phần trở lại ...chưa đọc nên chưa đánh giá đc nhiu",5,2020-12-28 10:59:07,404967,107269
18387707,,5,2025-10-11 00:13:54,404967,107269
6545649,Nội dung sách hay Hộp đóng gói đẹp,5,2021-10-11 16:49:49,404967,107269
5554915,"Câu chuyện của 1 nạn nhân người Hà Lan, người sống xót duy nhất của vụ tai nạn máy bay tại Khánh Hoà năm 1992. Rất đáng để đọc nhé các bạn.",5,2020-02-08 10:44:39,404967,107269
291364,Người thân của mình có mặt trong chuyến bay này. Rất cảm ơn tác giả và nhà xuất bản đã ra mắt một cuốn sách chân thực và đầy cảm động.,5,2020-12-14 13:58:29,404967,107269
19847676,Sách rất hay và ý nghĩa cho ta hiểu thêm về thiên nhiên và trên cuộc sống còn rất nhiều điều thần kì,5,2021-01-12 14:15:41,404967,107269
15006678,,5,2022-10-28 18:59:50,404967,107269
26810412,,5,2022-04-01 21:12:46,404967,107269
1356700,"Câu chuyện về nghị lực sống phi thường của Annette Herfkens, nữ hành khách duy nhất sống sót trong vụ tai nạn máy bay khủng khiếp tại thung lũng Ô Kha (Khánh Hòa) năm 1992. Sách rất hay, các bạn trẻ nên đọc.",5,2018-01-05 14:48:07,404967,107269
10209543,,5,2021-10-17 08:42:57,404967,107269
35859,"Cuốn sách không chỉ viết về hồi ký mà còn cho ta rất nhiều ý nghĩa về triết lý nhân sinh quan của cuộc sống mà tác giác Annette đã nghiệm ra qua sự được mất mà cô ấy đã trải qua từ lúc xảy ra tai nạn chuyến bay cho đến lúc cô ấy quay trở lại chính nơi mà cô đã mất đi tình yêu lớn nhất của đời mình. Phải nói Annette là một cô gái rất mạnh mẽ, biết chấp nhận và đồng hóa mình cũng những nỗi đau và sự thất vọng mà ít người có thể trải qua được. "" Mọi thứ trong cuộc đời luôn tồn tại hai mặt. Khi bạn nhìn lại những xui rủi mình đã trải qua, luôn luôn có một điều tốt đẹp chờ đợi bạn khám phá"".",5,2016-01-01 17:06:51,404967,107269
1568068,,5,2021-06-15 11:17:30,404967,107269
1098439,Một quyển hồi kí tuyệt vời,5,2020-10-21 23:31:19,404967,107269
1095888,Sách hay đáng đọc,5,2020-12-29 09:34:38,404967,107269
769221,,5,2021-04-29 16:16:27,404967,107269
5981059,,5,,404967,107269
17058162,,5,2021-04-08 16:04:07,404967,107269
421650,"Một lần nữa, nxb First News lại chinh phục mình. Một câu chuyện kể thực từ chính nhân vật đã từng trải qua trong câu chuyện. Hãy thử tưởng tượng và đặt mình vào hoàn cảnh của nhân vật trong câu chuyện xem, bạn sẽ thấy nỗ lực giành giựt sự sống từ tay thần chết của cô ấy thật mạnh mẽ biết dường nào. Du lịch tới nơi đất khách, xứ lạ, và máy bay gặp tai nạn, mất đi người mình yêu, nỗi đau nhưng từng cơn dồn dập cùng một lúc ập vào người phụ nữ ấy, nhưng cô vẫn sống, vẫn muốn sống, vẫn yêu sự sống, khát khao được sống, và quan trọng là giữ trọn lời hứa với chồng mình. Bạn hãy đọc và cảm nhận, để thấy quý trọng cuộc sống mà cha mẹ đã ban tặng cho mình, và hãy nỗ lực cho những điều tốt đẹp.",5,2015-08-09 13:07:12,404967,107269
129901,"Sau khi mình xem được bài phóng sự trên VTV về câu chuyện này và biết được có xuất bản sách, mình quyết định mua sách về đọc. 192 Hours - Giành Giật Sự Sống Từ Chuyến Bay Định Mệnh, cái tên miêu tả được nội dung câu chuyện. Thật là một hồi ức buồn khó quên cho Annette Herfkens, chứng kiến cái chết của bao nhiêu người mang lại sự ám ảnh cho cô. Nhưng với nghị lực sống phi thường, Annette Herfkens đã vươn lên số phận, tìm được hạnh phúc mới và luôn trân trọng những gì thượng đế ban cho ngày hôm nay.",5,2015-07-31 09:38:11,404967,107269
276840,"Cuốn sách “192 Hours - Giành Giật Sự Sống Từ Chuyến Bay Định Mệnh” ra đời đánh dấu những hồi ức không thể nào quên, một sự kiện kinh hoàng và khủng khiếp đối với Annette Herfkens. Người phụ nữ trẻ tỉnh dậy bên xác người chồng sắp cưới và những xác chết khác đang phân hủy giữa rừng sâu (núi Ô Kha, thuộc xã Sơn Trung, huyện Khánh Sơn, tỉnh Khánh Hòa- 1992) sau tin nạn máy bay thảm khốc; Cô buộc phải sống. Câu nói của cô thật hay: “Điều lớn lao nhất tôi muốn gửi đến mọi người là đừng bao giờ sợ hãi điều gì từ cuộc sống”",5,2015-07-28 15:07:12,404967,107269
786502,,5,2021-02-23 17:54:50,404967,107269
6847492,,5,2021-02-15 10:21:37,404967,107269
189421,"Mình biết đến câu chuyện về chuyến bay định mệnh này do một lần xem chương trình phỏng vấn chính cô gái trẻ trên chuyến bay ấy, cũng là người may mắn duy nhất sống sót. Nhưng lúc ấy mình không hề quan tâm mà chỉ khi đọc cuốn sách này mình mới thực sự chú ý. Cô gái ấy đi trên chuyến bay định mệnh, vị hôn phu của mình chết, bên cạnh la liệt xác chết và mảnh vỡ máy bay, chính cô thậm chí cũng bị thương rất nặng không thể đi lại được. Giữa cảnh rừng nhiệt đới không người ở đấy, lại khi người yêu thương nhất của cuộc đời mất đi, quả thực cô đã phải rất mạnh mẽ để có thể sinh tồn. Cuốn sách đã đề cao, vinh danh sự can đảm, lạc quan, mạnh mẽ của con người.",5,2015-07-02 22:15:52,404967,107269
303472,"Mình đã mua cuốn sách này được gần 1 năm rồi, nhưng những gì mà Annette đã trải qua vẫn còn ám ảnh và khiến mình phải suy nghĩ. Cuộc sống đúng là không ai lường trước được điều gì, nhưng nếu chúng ta trang bị đủ kĩ năng sống, kinh nghiệm sống và đặc biệt là thái độ tốt thì chúng ta đều có thể vượt qua tất cả, có thể dễ dàng, có thể là rất khó khăn, nhưng nếu chúng ta có nền móng vững chắc thì tất cả mọi việc đều có thể. Annette đã giành giật sự sống như thế, bằng tất cả nghị lực và những kĩ năng, kinh nghiệm sống. Mọi thứ không hiển nhiên mà đến với chúng ta, nếu chúng ta chỉ ngồi đó chờ đợi. Hãy đọc để hiểu rõ hơn và khám phá sức mạnh tiềm ẩn bên trong mỗi con người chúng ta. Và biết trân quý yêu thương từng khoảnh khắc.",5,,404967,107269
7128010,,5,2021-01-08 14:00:51,404967,107269
475937,,5,2020-12-12 19:55:03,404967,107269
6512083,sách hay,5,2020-10-13 09:23:48,404967,107269
6587404,,5,2020-11-11 23:38:31,404967,107269
8063436,,5,2020-08-17 20:38:02,404967,107269
45959,"Mình đã đọc quyển sách này ngay trong một đêm vì mình bị cuốn vào những tình huống nghẹt thở xảy ra với tác giả lúc cô bị thương nặng nằm tại bãi xác máy bay với những thi thể bắt đầu phân rã khác và cả thi thể người cô yêu thương nhất. Bên cạnh đó tinh thần lạc quan, cái cách cô giữ cho lý trí mình tỉnh táo và cái cách cô duy trì nguồn nước cho bản thân khi chờ đợi người đến cứu làm mình thật sự khâm phục nghị lực sống và thích nghi với nghịch cảnh của cô. Hơn thế nữa, thủ pháp đan xen chuyện đời, chuyện công việc thành công của cô với những ngày khủng khiếp bên xác máy bay làm mình thêm thấm thía nỗi đau đớn cũng như thêm khâm phục ý chí và nghị lực của cô.",5,2014-09-23 08:12:57,404967,107269
143088,"Quyển sách này không chỉ là một quyển hồi ký mà còn là một câu chuyện tình cảm lãng mạn giữa 2 cô cậu sinh viên Annette và Pasje, từ thời sinh viên đầy mơ mộng với những quyết tâm nỗ lực để đạt được thành công trong cuộc sống. Nhưng mọi mơ ước đều vỡ tan trong chuyến bay định mệnh, quyển sách như quay chậm lại một bộ phim kinh dị, một cô gái cô đơn lạc lõng giữa những xác người, người cô yêu nhất cũng đã chết. Chưa bao giờ tôi thấy nổi gai óc như quyển sách này bởi vì nó quá thật, nó là sự hồi tưởng lại chứ không phải hư cấu như các truyện kinh dị khác. Tuy nhiên, cốt lõi nhất của quyển hồi ký chính là tinh thần, cho dù bạn có giàu có đến đâu, bạn có nhiều người yêu thương đi chăng nữa, thì chính bạn mới là người quyết định mình hạnh phúc hay không...",5,2014-08-22 14:52:45,404967,107269
2219480,"Nhận sách sớm, quyển sách mang nội dung thông điệp hay",5,2018-03-22 18:09:44,404967,107269
30124042,"Đóng gói chày sách, giáo hàng nhanh, lần sau cần đóng gói kĩ",2,2025-07-09 10:33:48,404967,107269
699674,"Cuốn sách là 1 câu chuyện hồi ký của 1 nhân vật may mắn trong 1 vụ tai nạn hàng không, cô phải chiến đấu từ cơ thể đến cả lý trí, làm sao để mình không bị quật ngã trong hoàn cảnh không được may mắn. Cô rất kiên cường, và chấp nhận, hài lòng với số phận. Nhưng cuốn sách hồi ký là không miêu tả quá nhiều về việc tai nạn, mà lại miêu tả, đi sâu vào tâm trạng của sống của cô khi cô có con, có gia đình mới quá nhiều.",4,2019-10-10 10:27:53,404967,107269
414919,"Mình nhận được cuốn sách này trong một đợt tặng sách kèm chữ kí tác giả của First News Trí Việt. Quả thực đó là món quà rất ý nghĩa với mình. Mình rất ấn tượng và khâm phục Annette Hefken. Một người bị tai nạn máy bay, may mắn còn sống và sống sót sau hơn 1 tuần đến khi có người cứu hộ đến. Cô đã trải qua rất khiều khó khăn vất vả để giành giật sự sống trong khi chờ người cứu hộ đến: Phải chịu đựng những vết thương đau điếng ở hông, ngực, chân và tay, phải nằm chung với những con đỉa, con côn trùng trong rừng bên cạnh những xác chết đang dần phân huỷ và mảnh vỡ máy bay,... Nhưng với tinh thần lạc quan và nghị lực phi thường, cô đã vượt qua trở ngại, khó khăn để duy trì sự sống trong điều kiện thiếu nước và không được ăn uống trong hơn một tuần liền,... Qua cuốn sách, mình học được rất nhiều điều về nghị lực sống và vượt qua khó khăn, về cách ứng xử khi có tai nạn xảy ra, và thêm yêu, thêm trân trọng cuộc sống này hơn. Cuốn sách có nhược điểm khá lớn là cuộc sống trước đây và những ngày đối mặt với tai nạn được sắp xếp đan xen với nhau khiến người đọc hơi khó theo dõi, mặc dù đã có đề mục ghi ""ngày thứ nhất, ngày thứ 2,...."" nhưng mình quen kiểu bố cục này cho lắm, nếu kể hết một loại những câu chuyện xảy ra trước khi tai nạn rồi kể quá trình vượt khó khăn ở trong rừng thì sẽ hay hơn. Nhưng nhìn chung, cuốn sách này rất hay, rất nên đọc.",5,,404967,107269
465921,"Mình đã đọc cuốn sách này liên tục trong 4h vì thực sự bị cuốn hút. Mình thấy khâm phục cô Annette quá. Cô là hình mẫu một người phụ nữ mà bất kì cô gái nào cũng ao ước nhưng hơn cả là cô ấy luôn biết vươn lên, vượt qua mỗi đau của bản thân, cố gắng hiểu và chấp nhận những khiếm khuyết của bản thân và người khác. Cách cô đối diện với nỗi đau của mình từ vụ tai nạn thảm khốc đến chuyện đứa con trai bị tự kỉ. Đó hẳn là một người phụ nữ thông minh, tài giỏi mà vẫn giàu tình yêu thương! Cuốn sách này đáng để đọc và suy ngẫm nhiều lắm!",5,,404967,107269
16089976,,4,2022-10-10 19:01:23,404967,107269
259095,"Cuốn hồi ký được xuất bản đúng thời điểm nóng, khi cả thế giới vẫn chưa hết bàng hoàng bởi hàng loạt những thảm kịch máy bay xảy ra liên tiếp. Nó đánh trúng vào tâm lý tò mò của người đọc, khiến người ta phải lật giở từng trang rồi bị cuốn vào đó từ lúc nào không hay. Bắt đầu mở cuốn sách chỉ là tò mò, hiếu kỳ; đóng cuốn sách lại là sự khâm phục tuyệt đối. Trước giờ,nghe thông tin báo đài, người ta cũng sợ hãi sự kinh hoàng của những vụ tai nạn máy bay, thứ phương tiện vốn được biết đến là an toàn nhất, nhưng một khi xảy ra tai nạn thì cũng thảm khốc nhất. Nhưng dù sao đó cũng chỉ là cảm giác của người bên ngoài nhìn vào. Với cuốn hồi ký này, Annet đã cho người đọc thấy một cách chân thực nhất cảm giác của những nạn nhân, những con người *** khổ có mặt trên chuyến bay định mệnh ấy. Người đọc, theo từng dòng hồi tưởng của tác giả, càng lo lắng, sợ hãi và thương cảm bao nhiêu thì lại càng khâm phục bấy nhiêu người phụ nữ trẻ tuổi ấy. Trong hoàn cảnh đối mặt với cái chết: cái chết của chồng chưa cưới, cái chết của những hành khách khác trên chuyến bay, và thậm chí cả cái chết lơ lửng treo trên đầu của chính mình, với biết bao nhiêu đau đớn và sợ hãi, người phụ nữ ấy vẫn luôn có một niềm tin mãnh liệt vào cuộc sống. Trong những hoàn cảnh bi đát nhất, cô vẫn luôn tìm đến ánh sáng và hy vọng. Nếu ở vào hoàn cảnh của cô, người ta có thể thấy giống như đang rơi vào địa ngục, thì Annet vẫn thấy khu rừng nơi máy bay vỡ tan đó, mới tuyệt đẹp làm sao. Và kỳ diệu thay, nó trở thành nguồn động lực cho cô tiếp tục sống và chờ đợi đội cứu hộ đến. Bên cạnh lòng can đảm, có lẽ tinh thần sống tích cực, lạc quan là một nhân tố quan trọng giúp Annet vượt qua và sống sót được sau tám ngày một mình trong nơi rừng sâu núi thẳm... Bên cạnh giá trị là một cuốn hồi ký, ""192 giờ giành giật sự sống từ chuyến bay định mệnh"" thực sự là một cuốn sách hay đề cao giá trị của tinh thần sống lạc quan và không ngừng hy vọng của con người. Đây là một cuốn sách đáng đọc.",5,,404967,107269
8507137,Văn hay,4,2021-09-20 18:44:41,404967,107269
572187,"Cuốn sách nói về ý chí kiên cường, sức sống mãnh liệt của Annette Herfkens. Một câu chuyện có thật mà bà đã trải qua. Những nỗi đau, cảm xúc mất mát, sự lo lắng, sợ hãi.... đều được thể hiện trong truyện. Cuốn sách ko chỉ kể về những ngày mà bà trải qua trên núi khi tai nạn máy bay, mà xen kẽ vào đó, bà đã kể về câu chuyện gia đình bà, tình yêu của bà, đứa con của bà trước và sau tai nạn ""Không có mất mát nào là mãi mãi, khi nó trở thành một phần không thể tách rời trong cuộc sống của chúng ta, là một phần của hôm qua, hôm nay và cả ngày mai. Như Einstein đã từng chứng minh rằng, năng lượng không thể bị hủy diệt, nó chỉ thay đổi dạng thức mà thôi.""",3,2015-10-05 09:29:16,404967,107269
56881,"Cuốn sách là một tự truyện, một câu chuyện hoàn toàn có thật của Annette Herfkens. Đó là một nỗi ám ảnh không thể quên đối với người đã trải qua nhưng từ trong sự mất mát và hoàn cảnh bi thương ấy cô đã mãnh liệt vươn lên bám lấy sự sống. Không chỉ nói về những gì đã xảy ra trong chuyến bay định mệnh , ""192 Hours - Giành Giật Sự Sống Từ Chuyến Bay Định Mệnh"" còn là có những hồi ức của chính nhân vật, những hồi ức ấy đã là sức mạnh để cô có thể tiếp tục bước qua những khó khăn. Cuốn sách đã đem lại những thông điệp ý nghĩa tới người đọc, dù trong hoàn cảnh nào ta cũng có thể vượt qua, chỉ cần chúng ta can đảm.",4,2015-09-11 16:39:03,404967,107269
24486,"Thực tế, cuốn sách không dành toàn bộ dung lượng của mình để nói về chuyến bay và tai nạn. Xen kẽ trong câu chuyện giành giật sự sống cúa nhân vật chính là những câu chuyện về gia đình, tình yêu và người đan foong của cô - tạo nên sự đan xen giữa hiện tại và hồi ức. Và cũng chính đây là động lực giúp cô chống chọi với hoàn cảnh khắc nghiệt mà ranh giới sống - chết quá mong manh. Những câu chuyện chân thực về sự sống sót kỳ diệu của Annette Herfkens đã chuyển tải đến chúng ta quá nhiều giá trị: hãy yêu cuộc sống và trân trọng những gì trong cuộc sống, sự lạc quan, can đảm trong mọi tình huống và tình yêu cuộc sống sẽ là động lực không có gì lớn hơn để giúp con người chiến thắng kể cả trong hoàn cảnh ngặt nghèo nhất. Tuy nhiên, người đọc vẫn mong đợi cuốn sách sẽ chueyenr tải nhiều hơn thông tin về vụ tai nạn đã đi vào lịch sử này!",4,2015-08-30 01:17:29,404967,107269
452215,,3,2021-01-18 11:40:15,404967,107269
13457403,,4,2021-01-15 11:03:53,404967,107269
10207177,,4,2021-01-06 11:56:51,404967,107269
129789,"Nếu bạn tìm kiếm những cảm xúc nghẹt thở của một vụ tai nạn máy bay như trong các film điện ảnh hay lo lắng sự vô nghĩa của một tai nạn thì cuốn sách này không dành cho bạn. Cuốn hồi ký được viết đan xen giữa các lớp cắt thời gian: khi tai nạn và sự gặp gỡ ,câu chuyện tình yêu và câu chuyện tuổi trẻ của tác giả. Tiếp sau là lớp cắt không gian: khi được tìm thấy và cảm xúc của người thân khi vụ tai nạn được công bố. Câu chuyện không chỉ xoay quanh sự kiện này mà còn dẫn dắt độc giả đến tai nạn khủng khiếp hơn trong tâm hồn của Annette khi cô phải cố gắng trải qua cuộc sống không có Pas. Biết cách đối mặt, chấp nhận, nghĩ về cái chết như nhìn vào sự kỳ diệu, giải thoát và hướng đến điều tích cực là giải pháp của tác giả gợi ý cho độc giả. Đây không phải là cuốn sách hướng dẫn về kỹ năng sinh tồn, theo tôi cuốn sách là sự tâm tình của một người trẻ đầy nghị lực, can đảm và yêu đời; Một người mẹ không đánh mất sự sống trước đứa con bị tự kỷ mà thay vào đó cô tìm được một người thầy và Một người đi tìm lại quá khứ với biết bao sự bất ngờ, sửng sốt và thú vị ẩn chứa mà cô không hề biết trong suốt 13 năm. Một cuốn sách chân thực.",4,2014-09-09 12:09:19,404967,107269
410961,"Tiêu đề chính là điều tôi cảm nhận về tác giả sau khi khép cuốn sách lại. Cuốn sách không chỉ là là về chuyến bay định mệnh năm 1992 mà dường như là hồi ký cuộc đời của cô - Annette Herfkens cho tới hiện tại. Một người bạn của cô nói rằng cô luôn giành được may mắn. Nhưng tôi không nghĩ vậy. Tai nạn máy bay không chỉ là khó khăn và nỗi đau duy nhất, nhưng cô đối với nó luôn có thái độ hóm hỉnh và mạnh mẽ để chấp nhận thử thách và vượt qua. Tôi thích cách mà các chương của quyển sách được sắp xếp. Đó là sự đan xen giữa ""tiểu sử"" của tác giả với những ngày cô nằm chờ người đến giải cứu. Thật thông minh vì thật ra mà nói, 8 ngày nằm chờ giải cứu của cô thật ra không có thông tin gì nhiều và không có nhiều chữ để viết (vì cô bị thương nặng, tất cả cô có thể làm là chờ đợi, tự động viên và nhấc mình một chút khi cần...). Sự đan xen này làm cho cuốn sách hấp dẫn hơn việc đọc một mạch ""tiểu sử"" từ đầu đến cuối. Điều thứ hai tôi thích ở quyển sách này đó là sự thẳng thắn của cô. Tôi là người VN. Tôi đọc cuốn sách và trong đó có vài sự châm biếm, sự ""khó chịu"" của cô đối với VN, lẽ dĩ nhiên tôi cũng không thích lắm và có phần không vừa lòng với tác giả. Tôi không thích điều cô nói về đất nước tôi, nhưng tôi thích sự thẳng thắn đó. Một điểm trừ là văn phong của cuốn sách hơi cứng, nó không thu hút tôi lắm. Có lẽ là do nhiều triết lý sống của tác giả. Mà bạn biết đấy, triết lý của Châu Âu và Việt Nam dẫu sao vẫn có sự khác biệt (về cách suy xét vấn đề), nên nhiều khi tôi ngẫm nghĩ mà không hiểu hết được suy nghĩ của tác giả. Và điều nữa là tôi thích nhìn hình màu hơn hình trắng đen :D Một cuốn sách về tình huống thực tế đáng để chúng ta dành thời gian để đọc.",4,,404967,107269
10742518,đợi tái bản hơi lâu nhưng các bạn hỗ trợ rất nhiệt tình,5,2025-12-28 21:00:42,606165,606166
5482509,,5,2026-06-29 06:08:52,606165,606166
5518961,,5,2026-04-18 21:47:25,606165,606166
7266408,,5,2026-03-09 01:05:32,606165,606166
30575921,,5,2025-12-30 09:35:26,606165,606166
309333,"Đọc mới thấy tình yêu thương bao la và đẹp đẽ đến thế nào! Cảm động và thấy yêu cuộc sống hơn vì có quá nhiều điều tốt đẹp vẫn tồn tại ở thế giới sắt thép, bê tông này! Yêu con, yêu chị Mai Anh và Yêu cả những bố mẹ đã gửi tình thương đến cho các con. Một cuốn sách ko thể hay hơn được nữa vì nó là Yêu Thương! Mong có thật nhiều người đọc cuốn sách này!",5,2017-06-18 08:09:36,606165,606166
8164611,"Mình không ở nội thành nhưng nhận được sách trong sáng ngày hôm sau, nhân viên lịch sự, giao hàng nhanh, văn minh, cuốn sách thực sự ý nghĩa, những mộc mạc không trau chuốt văn vẻ quá mức. Để thấy rằng ôi cuộc đời còn nhiều điều tốt đẹp quá!",5,2018-10-10 08:55:08,606165,606166
380471,"Đọc cuốn sách thấm đẫm yêu thương này, để thấy cuộc sống đã thật ưu ái cho chính mình. Và để cảm phục, yêu quý, trân trọng nhiều thật nhiều chị Mai Anh, người phụ nữ bé nhỏ mang trong mình trái tim vĩ đại.",5,2019-05-31 09:09:07,606165,606166
181110,"Cảm ơn chị Trần Mai Anh đã nhận nuôi Thiện Nhân, để chúng ta được đọc 1 quyển sách hay về tình người như vậy, không dừng ở việc chăm lo cho Thiện Nhân, chị Mai Anh còn dành tặng chú bé một gia đình thực sự, hai ông anh trai thực sự và một cuộc đời thực sự! Cảm ơn cuộc đời...",5,2017-10-30 13:12:08,606165,606166
1757267,"Thực chất, nếu nhận xét về cách viết của cuốn sách này rất bình thường và dung dị, ngôn ngữ rất đời thường. Đây có thể hiểu là cuốn sách ghi lại hành trình và chuyến đi phẫu thuật của chú lính chì. Có những câu chuyện rất di dỏm nhưng lại rất đáng học hỏi về việc đối xử giữa con người với con người, đón nhận nó 1 cách nhẹ nhàng nhất. Cuốn sách như là một hồi ký đẹp mà nếu trải qua bạn sẽ cảm nhận được. Có những sự việc tưởng đơn giản nhưng lại không hề đơn giản tý nào. Có những thứ đơn giản, có thể bạn cho nó là quá đỗi bình thường nhưng nó lại là hạnh phúc, phép màu và sự kỳ diều nhỏ nhoi trong đó ""Con chim xinh xinh"". Lòng người, tình thương, sự đón nhận tất cả đã gói gọn vào trong cuốn sách ""Hành trình yêu thương""",5,2017-10-14 10:47:42,606165,606166
287040,"Cuốn sách ghi lại hành trình chữa bện cho con đầy gian nan nhưng cũng thấm đấm tình yêu thương và nhân ái của một Người mẹ vĩ đại - Chị Mai Anh. Cuốn sách truyền rất nhiều cảm hứng cho người đọc, để ta sống tốt hơn nữa, thêm niềm tin vào những câu chuyện cổ tích có thật trong cuộc đời. Một cuốn sách rất đáng đọc",5,2017-07-13 14:04:00,606165,606166
365297,"Biết về Thiện Nhân từ những ngày con vừa ra đời, những gì trong sách cũng đã biết qua do theo dõi về sức sống mạnh mẽ của con cùng những con người ngỡ chỉ có trong cổ tích. Nhưng mỗi trang giấy, từng lời văn, mỗi hình ảnh vẫn tràn đầy cảm xúc...Yêu Thiện Nhân và yêu lắm luôn mẹ Mai Anh.",5,2017-06-12 08:22:53,606165,606166
825655,"1 cuốn sách rất đáng đọc, đọc để biết được rằng cuộc sống này còn rất nhiều những tấm lòng.",5,2017-07-14 09:12:32,606165,606166
5123497,"tiki giao hang nhanh, gói cẩn thận và đẹp, cảm ơn tiki rất nhiều",5,2017-06-09 15:02:25,606165,606166
8337902,Tốt,5,2026-08-28 14:34:16,57180805,57180807
2121812,"Tác phẩm về các cậu bé, tuy chưa đọc nhưng mình liên tưởng đến Tuổi thơ dữ dội của Phùng Quán. Cùng bộ tác phẩm với Chiến tranh không có một khuôn mặt phụ nữ nên hi vọng nội dung cũng hay như vậy.",5,2021-05-07 07:12:03,57180805,57180807
7545498,"Giao nhanh, cảm ơn tiki và chú shipper rất nhiều. Nội dung sách thì ko có gì phải bàn 10đ",5,2025-06-25 18:47:26,57180805,57180807
30572947,,5,2025-12-25 15:41:09,57180805,57180807
24026709,,5,2024-05-14 14:36:16,57180805,57180807
20266955,Ok,5,2024-12-21 22:44:31,57180805,57180807
5165462,"Sách được ship nhanh, bọc màng cẩn thận. Bìa được thiết kế đẹp. Mình sẽ đọc nhanh để review lại",5,2021-08-05 11:26:05,57180805,57180807
21221657,"Sách thiết kế đẹp, giấy chất lượng. Nội dung khá hay. Giao hàng nhanh, thân thiện. Khá hài lòng với sản phẩm",5,2021-06-08 13:44:10,57180805,57180807
21169064,,5,2024-08-16 20:01:10,57180805,57180807
19978390,"Sách ok lắm nè, nhận được hàng mừng lắm luôn. Sách ko bị hư hại j dù lưu kho lâu",5,2021-09-19 20:06:18,57180805,57180807
28533643,,5,2024-02-17 11:03:01,57180805,57180807
5399042,Truyện hay và mang tính phê bình xã hội cao. Đáng để đọc và sưu tầm.,5,2021-06-08 15:55:13,57180805,57180807
24691452,,5,2023-10-14 11:30:36,57180805,57180807
8911387,giao hàng nhanh. In đẹp. Cám ơn rất nhiều.,5,2022-09-15 19:40:00,57180805,57180807
956605,nên đọc,5,2020-10-26 17:53:26,57180805,57180807
411385,,5,2020-12-20 17:38:43,57180805,57180807
706279,"Sách bọc cẩn thận, giao nhanh, shiper thân thiện, chưa đọc nên chưa biết sách hay hay ko.",5,2021-06-17 12:52:43,57180805,57180807
1854451,,5,2023-01-01 18:36:46,57180805,57180807
1382362,,5,2022-11-22 16:19:13,57180805,57180807
15990063,Packing bao nylon. Ngon. Sách hay nhất năm.,5,2020-10-02 22:32:39,57180805,57180807
21269640,1 trong những tác phẩm viết về chiến tranh rất hay,5,2021-09-16 20:26:44,57180805,57180807
10852683,,5,2022-09-02 14:21:15,57180805,57180807
6964508,,5,2022-08-11 16:21:11,57180805,57180807
26637248,,5,2022-07-22 12:27:44,57180805,57180807
5287822,,5,2022-07-20 13:04:24,57180805,57180807
13643681,,5,2022-05-19 10:01:31,57180805,57180807
21950259,,5,2022-03-01 18:46:14,57180805,57180807
6135993,,5,2022-02-23 13:20:18,57180805,57180807
7965038,"Đóng gói cẩn thận, sạch sẽ. Shipper dễ thương. :,))",5,2021-01-17 12:14:41,57180805,57180807
25645317,,5,2022-01-04 18:44:04,57180805,57180807
434117,Nọi dung hay,5,2021-09-04 14:12:39,57180805,57180807
6178440,,5,2021-11-18 18:27:38,57180805,57180807
8462347,,5,2021-09-12 15:44:56,57180805,57180807
259060,Hay lắm,5,2021-07-12 14:05:47,57180805,57180807
7891203,,5,2021-08-23 10:02:44,57180805,57180807
5902873,,5,2021-08-17 14:36:03,57180805,57180807
15821563,,5,2021-07-31 11:51:45,57180805,57180807
374202,,5,2021-06-21 22:13:59,57180805,57180807
305817,,5,2021-05-05 21:06:31,57180805,57180807
75934,rất hay,5,2021-02-17 10:08:41,57180805,57180807
7258199,,5,2021-03-30 20:28:04,57180805,57180807
8722016,,5,2021-03-09 15:49:48,57180805,57180807
5487810,,5,2021-03-08 22:41:53,57180805,57180807
498419,,5,2021-02-20 17:40:12,57180805,57180807
7989167,,5,2021-02-18 22:44:49,57180805,57180807
464261,,5,2021-02-11 20:53:54,57180805,57180807
17738760,,5,2021-01-14 11:34:49,57180805,57180807
11530826,,5,2020-12-25 23:14:09,57180805,57180807
1246842,,5,2020-11-29 11:35:55,57180805,57180807
5631938,,5,2020-11-23 13:33:11,57180805,57180807
499694,,4,2021-09-25 08:56:53,57180805,57180807
1658123,bình thường,4,2021-01-08 20:41:16,57180805,57180807
341986,,4,2020-10-24 14:27:24,57180805,57180807
5808184,Nghe giới thiệu đến tác phẩm này đã lâu nhưng chưa rước em ấy về. Nay nhân dịp hội sale mình quyết tâm mua ngay. Nếu ai còn phân vân thì nên tìm đọc bài giới thiệu về tác phẩm & tác giả để có thêm niềm tin vào tiểu thuyết lịch sử nước nhà.,5,2022-07-21 21:24:05,14616761,14616762
16487105,Sách mới còn nguyên màng co. Giao hàng nhanh. Giấy đẹp chất lượng. Mua sale nên hài lòng về sản phẩm,5,2022-07-18 21:43:43,14616761,14616762
276877,"tác phẩm quá hay, đi vào từng ngóch ngách trong nội cung triều Nguyễn, còn hơn là xem phim cung đấu nữa. mình đọc 2 ngày là gần hết cuốn sách.",5,2022-07-21 14:49:14,14616761,14616762
590798,"Nhờ lối viết dễ hiểu và kịch tích mà mình đọc 2 quyển trong vòng 2 ngày. Tuy nhiên, phần kể về thái hậu Từ Dụ sau khi đăng quang Hoàng Quý Phi mình thấy có vẻ hơi nhanh, kết truyện là thái hậu lui về hậu cung ko tham gia triều chính nữa, mình hơi tò mò giai đoạn sau bà sống như thế nào vì bà sống tới năm 1902 lận, nghĩa là còn sống qua nhiều đời vua sau Tự Đức nữa. Nói chung, 1 tác phẩm rất đáng đọc mà ko 1 chút nhàm chán.",5,2020-10-03 22:48:45,14616761,14616762
1501062,"Lâu lắm mới đọc bộ sách hay đến vậy. Mặc dù cá nhân mình thích quyển hạ hơn, nhưng nhìn chung hai cuốn hợp lại thành một bộ đầy cuốn hút. Ngôn từ của Trần Thùy Mai dẫn dắt người đọc rất nhẹ nhàng nhưng có điểm nhấn. Đọc truyện mà cảm giác đang xem một bộ phim vì âm thanh phát ra từ truyện kéo lòng người quá. Hay tuyệt!",5,2020-04-22 18:31:39,14616761,14616762
52094,"Tập thượng tuyệt vời và tập hạ cũng rất ổn. Nói chung đây là một trong những ít tác phẩm lịch sử mà mình thấy viết xuất sắc, tiểu thuyết cung đấu của nước Việt hiện lên một cách bài bản, xuất sắc, nhưng vẫn còn lấn cấn xíu ở một số cách xưng hô (quyển thượng đang dùng cách xưng hô người Huế, nhưng sau đó lại chuyển qua cách xưng hô bình thường), vài lỗi chính tả nhỏ, nhưng nhìn chung đây là bộ tiểu thuyết hấp dẫn.",5,2019-05-01 11:11:57,14616761,14616762
15171549,,5,2024-02-16 08:56:22,14616761,14616762
49349,"Giao hàng nhanh, book care bọc hàng cẩn thận, chất lượng sản phẩm tốt.",5,2021-01-30 14:47:13,14616761,14616762
28748408,,5,2023-01-29 19:34:15,14616761,14616762
12686613,Sách mới và đẹp nên mình rất hài lòng!,5,2020-07-17 01:04:39,14616761,14616762
1350079,,5,2022-07-18 15:15:37,14616761,14616762
5583960,,5,2022-04-01 16:45:30,14616761,14616762
26143934,,5,2022-02-14 05:46:36,14616761,14616762
518886,,5,2020-11-24 20:01:36,14616761,14616762
1247186,giao hàng nhanh,5,2021-05-05 06:35:17,14616761,14616762
21326436,,5,2021-07-06 09:00:15,14616761,14616762
16814718,sách mới. ngon,5,2021-03-27 21:19:18,14616761,14616762
7036337,,5,2021-06-14 12:39:43,14616761,14616762
21173483,,5,2021-06-02 12:51:52,14616761,14616762
12601753,,5,2021-04-12 16:31:49,14616761,14616762
8131207,Quyển sách hấp dẫn ngay từ trang đầu tiên đến trang cuối cùng.,5,2019-12-06 12:58:42,14616761,14616762
6116896,,5,2021-03-13 14:35:05,14616761,14616762
12448,,5,2021-03-05 20:54:29,14616761,14616762
17654925,,5,2021-02-07 18:37:29,14616761,14616762
7083007,,5,2021-02-04 11:59:22,14616761,14616762
1739382,,5,2021-02-02 13:46:24,14616761,14616762
5614715,,5,2021-01-14 22:02:39,14616761,14616762
13380359,,5,2021-01-10 15:35:54,14616761,14616762
827536,,5,2020-12-31 01:14:00,14616761,14616762
19007409,,5,2020-11-27 17:19:53,14616761,14616762
434886,"truyện hay, rất đáng để đọc",5,2020-02-18 18:35:25,14616761,14616762
13037367,,5,2020-09-20 10:44:39,14616761,14616762
5244016,,5,2020-06-21 13:23:11,14616761,14616762
14626811,,5,2020-06-17 08:04:17,14616761,14616762
191595,,5,2020-06-12 18:29:24,14616761,14616762
16889499,"Cuốn sách rất hay, đối vs một ng lm biếng đọc sách như tôi thì 1 cuốn sách mấy trăm trang thật sự đọc hết cx là một vấn đề lớn. Nhưng ko ngờ tôi lại có thể đọc nó trg vòng 3-4 ngày. Đồng thời sách cx có một chút khuyết điểm là chữ đánh sai khá nhiều, lần sau mong nhà sản xuất rút kinh nghiệm",4,2020-04-05 20:19:01,14616761,14616762
86106,"Tiki gói hàng tệ hết chỗ nói, không bọc chống sốc gì cả mà cứ thế thả vô hộp. Sách mình đến nơi thì bị cong mép, quá sức thất vọng dv gói hàng của tiki",3,2022-02-24 18:41:41,14616761,14616762
12504228,"Một tác phẩm khá hay, thỏa mãn đc phần nào những độc giả thích đọc sách về lịch sử như mình, mặc dù cách xây dựng câu chuyện của tác giả có vẻ khá tham vọng và trải dài, cho nên quá nhiều nhân vật, quá nhiều tình tiết chưa đủ độ thỏa mãn đối với mình. Quyển Thượng đọc lôi cuốn, hấp dẫn, quyển Hạ thì có vài chỗ xây dựng tình tiết câu chuyện vs tâm.lý nhân vật không tốt cho lắm, không thuyết phục cho lắm.",4,2019-06-22 21:53:08,14616761,14616762
5256400,"Bạn đã từng đọc ""Biểu tượng thất truyền"" của Dan Brown chưa? Nếu đọc rồi, bạn có thấy đau đầu và rối ren với ngồn ngộn sự kiện, nhân vật và thông tin nén chặt vào diễn tiến thời gian chỉ có hơn 24h của nó không? Nếu câu trả lời là ""Có"" thì thái cực ngược lại của nó là ""Từ Dụ Thái Hậu"" - dù so sánh như vậy có phần hơi kì cục. Tuy bộ truyện dài gần 1000 trang nhưng diễn tiến thời gian của nó kéo dài đến hơn 25 năm, với bao nhiêu biển dâu của thời cuộc, bao nhiêu con người, bao nhiêu sự kiện... nên có cảm giác mọi thứ hình như trôi qua hơi nhanh: Miên Tông từ một cậu hoàng tử bé có phần rụt rè, nhoằng cái đã lớn, đã chín chắn, nhoằng cái nữa đã lên ngôi, nhoằng cái nữa đã qua đời... Với số lượng nhân vật, sự kiện, thời cuộc như thế thì hai tập sách có vẻ hơi đơn bạc, có lẽ phải 4 tập dày dặn cỡ như Sông Kôn mùa lũ thì chắc sẽ tuyệt vời hơn. Ưu điểm đáng kể của tác phẩm là giọng văn mượt mà, thanh thoát, giàu nữ tính của Trần Thùy Mai sẽ làm cho độc giả thấy đỡ bức bối, dồn nén với cuộc sống ngột ngạt trong bốn bức tường Đại Nội. Mà cũng đúng thôi, nhân vật chính là phụ nữ cơ mà...",4,2019-05-19 23:49:24,14616761,14616762
5858296,Chi phí vận chuyển quá cao. mua một lần 5 cuốn và vận chuyển vài ba km mà phí vận chuyển quá đắt. Đề nghị xem lại,1,2020-10-07 07:44:08,14616761,14616762
1413920,"Sách mới, nhiều lỗi chính tả. Mình nghĩ quyển Thượng tác giả viết tốt hơn.",4,2020-03-24 14:18:51,14616761,14616762
18025738,"""Câu chuyện về một vận động viên đua xe lẽ ra đã trở thành thợ sửa chữa ô tô. Nhưng nhờ bố mẹ và chính bản thân mình, anh đã trở thành một người nổi tiếng thế giới một cách nhanh chóng và đầy may mắn. Anh chỉ khao khát lái xe càng nhanh càng tốt."" - Thiết kế sách đơn giản với hình ảnh minh họa đen trắng. Chất liệu giấy xốp nhẹ cầm êm tay. Like! Dịch vụ Tiki thuận tiện, giao hàng nhanh, đóng họp chắc chắn. Thanks!",5,2021-09-14 14:02:49,50704028,50704029
8924189,"Giao hàng nhanh, đóng gói rất cẩn thận. Tuy nhiên giấy in chất lượng hơi kém.",5,2021-01-27 14:06:06,50704028,50704029
17958845,,5,2022-12-22 14:33:51,50704028,50704029
98653,Mua giảm được 70%.Cảm ơn tiki.,5,2021-01-27 16:52:27,50704028,50704029
227990,Sách được dịch khá chu đáo,5,2020-04-15 22:03:56,50704028,50704029
26306122,,5,2022-01-11 08:11:58,50704028,50704029
1826533,,5,2021-11-10 12:56:18,50704028,50704029
16524466,Good,5,2021-10-13 14:39:10,50704028,50704029
1403998,,5,,50704028,50704029
39678,,5,2021-04-18 17:51:34,50704028,50704029
6627905,,5,2020-12-16 12:34:11,50704028,50704029
5641372,,5,2020-11-24 20:28:01,50704028,50704029
1482870,"Mình rất ko hài lòng với lần nhận hàng này. Vì muốn nhận hàng trong 1 lần mà gói hàng của mình có 1 đồ cũng của tiki trading nhưng lại ko giao sau 2h được, nên mình chọn tiki giao hàng hôm sau với phí 29k, để địa chỉ là ở cơ quan. Mùa dịch đi làm tắc bụp, cả ngày ở cơ quan chờ hàng chẳng thấy tiki đâu, đến tận cuối ngày trạng thái gói hàng vẫn là đã bàn giao vận chuyển. Hôm sau mình nghỉ ở nhà thì tiki mới giao hàng, đương nhiên mình có ở cơ quan đâu mà nhận. Gọi cskh thì bảo là mình phải nhận hàng trả tiền trước rồi mới được hoàn phí giao 29k. Giờ mình đã nhận hàng, ok chả thấy hoàn gì đâu. Biết mùa này nhiều đơn giao lắm, 29k cũng chẳng lớn nhưng nói thật vậy là hơi bị thất vọng á tiki, nhắm ko giao được thì đừng cho option thì hơn. Đánh giá 1* là tiki còn sách thì bỏ rẻ 2,5* á, dịch ẩu ngay từ vài trang đầu, chưa tính nếu khắt khe sẽ thấy cả lỗi typo thiếu từ đệm làm mình đọc hơi bực mình. Sách về thần tượng của mình nên kỳ vọng cũng hơi cao chút và ko biết có phải Trẻ dịch do trendy vì năm nay bắt đầu có đua xe F1 và Kimi có lượng fan tại VN cũng cao hay ko. Có lẽ người dịch cũng ko biết nhiều về kỹ thuật, nhưng ngay từ đoạn đầu nếu so với bản Eng đã thấy dịch rất trúc trắc. Hay bản dịch từ tiếng Phần Lan?",1,2020-04-19 07:35:47,50704028,50704029
22402217,,4,2022-12-18 18:47:44,50704028,50704029
1567210,"Giao hàng trễ, nhưng vì dịch bệnh có thể thông cảm",4,2021-11-12 11:32:39,50704028,50704029
528919,"có nhiều lỗi dịch thuật, cảm giác như đọc google dịch vậy",3,2021-04-14 08:21:25,50704028,50704029
5909109,,4,2021-12-11 12:32:55,50704028,50704029
13269144,,4,2021-08-29 09:39:53,50704028,50704029
588678,"Nhìn thấy quyển này trên Mọt sách Tiki và mua luôn vì đang được mã giảm, chuyển từ Sài Gòn ra vẫn ko vấn đề gì vì mình mua của Tiki Trading đóng hàng luôn chỉn chu, cẩn thận. Mình xem phim này rồi bây giờ đọc truyện để hiểu rõ hơn nội dung và đề tài về Trung Đông và thế giới Ả Rập là một đề tài mà mình rất say mê.",5,2024-03-13 22:12:32,212212324,212212325
6779577,👍👍,5,2024-03-14 18:42:32,212212324,212212325
5362631,"Bọc sách rất đẹp , giao hàng nhanh",5,2025-07-20 12:00:35,212212324,212212325
5318619,Đã nhận được sách nguyên vẹn mặc dù là sách bìa mềm nhưng do có màng bọc ngoài nên giữ được sách.,5,2023-02-06 18:41:41,212212324,212212325
12178922,,5,2025-02-05 19:40:48,212212324,212212325
11697146,"Sách hay , hình thức đẹp , ship nhanh chóng.",5,2024-03-20 10:17:13,212212324,212212325
23135068,,5,2024-12-11 20:59:27,212212324,212212325
23917394,"Giao nhanh, sách đẹp, thank tiki",5,2023-02-25 08:24:15,212212324,212212325
17017,"Bọc cẩn thận, giao nhanh",5,2024-02-20 15:03:39,212212324,212212325
18607334,,5,2024-08-06 16:39:07,212212324,212212325
913445,,5,2024-08-01 18:13:41,212212324,212212325
22235987,,5,2023-02-17 10:20:49,212212324,212212325
21619237,Ok,5,2023-01-25 21:35:13,212212324,212212325
47206,,5,2024-01-27 20:25:20,212212324,212212325
20461023,,5,2024-01-09 11:28:39,212212324,212212325
211558,,5,2023-12-15 10:38:36,212212324,212212325
1151927,,5,2023-10-12 06:18:39,212212324,212212325
5540670,,5,2023-06-11 12:40:20,212212324,212212325
6588314,,5,2023-05-31 18:40:06,212212324,212212325
19075825,,5,2023-05-30 18:34:18,212212324,212212325
162872,,5,2023-04-27 05:42:56,212212324,212212325
12119040,,5,2023-03-21 23:20:45,212212324,212212325
1482350,,5,2023-02-27 00:44:05,212212324,212212325
10491118,,5,2023-02-04 20:16:53,212212324,212212325
11966988,Giao hàng rất nhanh. Chất lượng đóng gói tệ,2,2024-09-23 18:37:13,212212324,212212325
15554683,,4,2024-11-26 11:54:27,212212324,212212325
7599177,,4,2023-07-13 10:53:33,212212324,212212325
28182745,"sách đẹp, nhưng mà hơi nhiều lỗi chính tả",5,2023-06-07 15:23:16,125640312,125640313
27894120,,5,2025-09-29 12:28:23,125640312,125640313
15829753,,5,2025-05-27 08:00:13,125640312,125640313
24641,,5,2024-08-03 11:20:26,125640312,125640313
13527388,,5,2024-05-04 14:20:22,125640312,125640313
26864456,Giao hàng đúng mẫu - Tặng bạn 5 sao,5,2022-03-04 20:35:39,125640312,125640313
14129260,Rất bổ ích. Tuy nhiên vẫn còn một ít lỗi chính tả.,5,2022-02-13 20:10:01,125640312,125640313
14110759,,5,2023-03-07 12:26:31,125640312,125640313
8604918,,5,2021-12-20 18:54:56,125640312,125640313
10646737,,5,2023-01-16 18:43:16,125640312,125640313
23096572,,5,2023-01-07 16:11:32,125640312,125640313
1770934,,5,2022-12-23 13:56:40,125640312,125640313
1382171,ok 👌👌👌👌👌👌,5,2022-07-06 17:11:14,125640312,125640313
1492075,"sách đẹp, bao bì kỹ lưỡng",5,2022-05-10 08:16:27,125640312,125640313
6317899,,5,2022-11-17 01:34:44,125640312,125640313
27904070,Ok,5,2022-10-15 23:30:09,125640312,125640313
9883391,hay và ý nghĩa,5,2022-07-03 19:49:17,125640312,125640313
23770291,,5,2022-09-07 19:16:23,125640312,125640313
13135868,"sách hay, bìa cứng đẹp. giao nhanh",5,2021-11-18 19:49:12,125640312,125640313
26723451,"được, giao nhanh",5,2022-02-09 15:21:18,125640312,125640313
16487754,Ok,5,2022-04-27 13:50:37,125640312,125640313
11358279,,5,2022-04-17 09:35:55,125640312,125640313
15065334,,5,2022-03-30 08:03:53,125640312,125640313
15135828,,5,2021-12-28 16:55:49,125640312,125640313
12385926,,5,2021-12-16 04:37:04,125640312,125640313
22389499,,5,2021-12-15 14:54:47,125640312,125640313
10741063,,5,2021-12-12 20:18:57,125640312,125640313
19410170,,5,2021-12-05 23:30:28,125640312,125640313
13575334,OK,5,2021-11-20 11:39:27,125640312,125640313
18324964,,5,2021-11-14 10:17:50,125640312,125640313
27360630,"Sách hơi bị móp vì tiki chỉ bỏ vào hộp, ko có chống sốc. Mình rất thích nhân vật này nên sưu tầm để xem.",4,2023-01-07 22:51:43,125640312,125640313
5818201,Giao hàng nhanh. Chất lượng vừa tiền Hơi thấu trang thì phải,4,2022-08-06 17:23:59,125640312,125640313
14326300,"Sách bị móp, ko có bọc, như kiểu sách cũ, hơi thất vọng",3,2022-01-20 18:04:49,125640312,125640313
20170245,,4,2023-06-17 06:11:30,125640312,125640313
19437569,,4,2022-11-12 21:05:19,125640312,125640313
12568494,,4,2022-05-09 10:06:35,125640312,125640313
1828636,"sách đẹp, hấp dẫn, có đẩy đủ phụ lục ghi chú, giày xốp nhẹ, giao hàng cực nhanh, đóng gói cẩn thận",5,2021-05-28 17:04:27,72646511,72646512
21385217,Sách đẹp lắm ạ,5,2021-08-25 15:26:38,72646511,72646512
13455721,,5,2021-11-22 23:54:59,72646511,72646512
12423677,,5,2021-07-24 12:10:58,72646511,72646512
9822512,,5,2021-05-31 10:44:01,72646511,72646512
339115,,5,2021-04-14 12:04:33,72646511,72646512
9911561,,5,2021-04-01 11:00:04,72646511,72646512
15354457,,5,2021-03-31 11:25:25,72646511,72646512
9908272,,5,2021-03-18 13:08:04,72646511,72646512
692653,,5,2020-12-10 21:40:12,72646511,72646512
27635778,,4,2025-08-01 15:41:56,72646511,72646512
23097832,,4,2021-10-08 20:31:37,72646511,72646512
17787021,"Sách gồm nhiều mẩu chuyện ngắn, mỗi câu chuyện đem lại những cảm xúc khác nhau. Khi trời vào thu đọc sách này rất phù hợp với tâm trạng",5,2020-12-20 13:58:16,11375865,11375866
1886241,"Giao nhanh, sách mới,m mua đc giá sale tốn có mấy k thôi, mỗi lần muốn mua sách, tiki luôn là lựa chọn hàng đầu của m,mãi yêu tiki",5,2021-01-10 10:41:47,11375865,11375866
6719891,"Sách cảm quan đẹp, mua lúc sale 91%, quá bất ngờ. Nghĩ là sách cũ lắm ai ngờ còn cả màng co",5,2020-12-16 13:20:23,11375865,11375866
9670257,chất lượng giấy tốt hài lòng với sản phẩm,5,2020-12-28 22:39:28,11375865,11375866
16650557,"Sách đẹp, giao nhanh, đóng gói cẩn thận.",5,2020-12-16 11:18:12,11375865,11375866
8331530,,5,2021-02-19 09:27:07,11375865,11375866
12800368,hya đó,5,2020-12-17 15:42:49,11375865,11375866
1432810,,5,2021-01-13 20:31:37,11375865,11375866
1487450,Sách đẹp,4,2021-01-18 08:23:28,11375865,11375866
5774877,,4,2021-01-11 11:39:11,11375865,11375866
21893730,"Một tác phẩm thực sự tuyệt vời! Khơi gợi lại trong lòng người đọc những cảm xúc đẹp đẽ về thời thơ ấu, về tình cảm giữa những thành viên trong gia đình và tình làng nghĩa xóm. Ở đâu và ở đất nước nào cũng có một thời như thế, dù nghèo khó nhưng chan chứa tình người. Bây giờ đây chỉ còn đọng lại trong chúng ta những tiếc nuối không nguôi.",5,2024-01-19 10:48:14,247858751,247858752
478265,,5,2025-11-28 10:24:49,247858751,247858752
10296368,,5,2025-09-27 11:24:30,247858751,247858752
20440557,,5,2024-12-06 07:48:26,247858751,247858752
13536990,,5,2023-08-17 20:39:09,247858751,247858752
11080400,,5,2023-07-09 17:03:20,247858751,247858752
9786862,,5,2023-05-20 14:03:30,247858751,247858752
391267,,5,2023-04-28 06:01:38,247858751,247858752
366165,,5,2023-04-06 11:42:22,247858751,247858752
12911,,4,2023-10-16 01:14:29,247858751,247858752
27573972,Sách đỉnh cao nha đọc mà mê messi,5,2026-06-01 13:14:55,205986062,205986064
1927976,,5,2025-12-28 16:02:53,205986062,205986064
19051,Sách mới còn bọc seal. Tiki giao hàng nhanh. Nội dung vì chưa đọc nên chưa bình luận được.,5,2022-12-28 22:37:42,205986062,205986064
9764067,,5,2024-08-05 10:59:03,205986062,205986064
620482,,5,2023-08-03 20:30:19,205986062,205986064
374328,,5,2023-07-21 17:42:20,205986062,205986064
8576061,,5,2022-12-22 00:01:47,205986062,205986064
27102664,,5,2022-12-21 21:08:58,205986062,205986064
17047871,,5,2022-12-20 22:20:31,205986062,205986064
27259470,,5,2022-12-17 09:57:40,205986062,205986064
341986,,5,2022-12-15 23:02:57,205986062,205986064
818116,,5,2022-12-12 10:09:47,205986062,205986064
6368489,,5,2022-12-08 13:08:00,205986062,205986064
10388377,,5,2022-12-01 14:44:28,205986062,205986064
7958302,,4,2023-01-15 13:02:13,205986062,205986064
469959,"“Tại sao tôi cứ muốn nó hòa cùng số phận dân chúng. Giã từ êm ấm đâu phải chuyện dễ. Những kẻ giã từ những may mắn ở đời. Để chung khối với những nỗi buồn tủi ở đời, chỉ là những giống người hoang tưởng. Công bằng ư? Ai ai cũng biết nói lên chữ đó, nhưng tin vào miệng đời, người ta sẽ đến nhà điên ”. Ở lĩnh vực sáng tác tiểu thuyết đây có lẽ là tác phẩm đầu tiên của nhà văn Nguyên Xuân Khánh. Chắc hẳn nó đã được viết từ rất lâu, đã gắn bó cùng tác giả qua nhiều thăng trầm trước khi được xuất bản lần đầu vào năm 1990. Ngay ở tác phẩm đầu tay này phong cách viết truyện của ông đã được định hình rõ nét. Đó là những tâm tình con người về thời cuộc, những suy tư khắc khoải trước những đổi thay mang tính lịch sử. Tác phẩm của ông cũng khá nặng về triết lý mà trên hết là những vấn đề nhân sinh, luôn đau đáu với câu hỏi “làm người”.",5,2025-06-01 22:51:13,803663,803665
9655646,"“Hoang tưởng trắng” - một tác phẩm buồn mà hoang vu gai góc, người đối thoại với mông lung, với cái vô cùng hoang hoá, với đóa hoa ban trắng của anh, sự tranh giành đọa đày hủy diệt nhau của thiện ác, nỗi kinh hoàng bạt vía trong giấc mộng chiêm bao “Chúa chơi chim”, tiền và tiền và tiền tuý luý bên vò rượu ngả nghiêng Jesus kêu con hãy trở về với ta trong đai xích nô dịch nhưng Jesus lành sương sa lại đến bên con trong những giọt nước mắt. Nguyễn Xuân Khánh làm tôi xúc động và day dứt bởi từng dòng văn của ông thực lòng không điêu trá giả nguỵ, tư tưởng đầy khắc khoải suy tư…",5,2022-01-02 19:10:16,803663,803665
12167668,"Nội dung thì mình không đánh giá nữa vì đã có nhiều trên các trang nhóm rồi. Sách thiết kế bìa đẹp, còn nguyên seal. Tiki tiếp nhận đơn nhanh, đóng gói và vận chuyển phải nói là nhanh lắm luôn. P/s: Khâu đóng gói mà thêm ít miếng chống sốc vào thì yên tâm hơn.",5,2023-03-03 21:08:50,803663,803665
5249719,"Quyển sách được viết theo phong cách trải lòng của nhân vật qua hình thức viết thư. Giọng văn mộc mạc chứa đầy tâm sự giúp tâm tình nhân vật được thể hiện rất tốt. Sách hay, Tiki giao hàng nhanh chóng.",5,2021-01-31 21:10:18,803663,803665
16650557,"Sản phẩm ok, giao hàng nhanh, mình rất hài lòng về dịch vụ. Mình sẽ tiếp tục ủng hộ Tiki",5,2022-06-08 20:45:32,803663,803665
22415792,,5,2024-11-26 21:27:20,803663,803665
8818414,Mình cần tìm Hồ Quý Ly nữa mà tìm mãi...,5,2021-07-07 16:06:50,803663,803665
1823083,"Tác phẩm xen giữa hư và thực, hoang tưởng nhưng cũng chính là hiện thực. Một hiện thực khắc không với những người có lương tri. Một xã hội mà để sống được, để được làm người theo đúng nghĩa thì công việc duy nhất mà một ""phó thường dân"" có thể làm ấy là bán máu. (đọc cuốn này mình mới biết ""Phó thường dân"" tức là không phải thường dân, là hoàn cảnh của họ còn *** cùng hơn những thường dân khác)",5,2019-02-08 18:22:06,803663,803665
21834835,,5,2024-06-26 22:46:05,803663,803665
13999685,,5,2024-05-07 21:01:22,803663,803665
14509380,,5,2023-07-12 17:09:10,803663,803665
12319926,,5,2023-04-07 11:00:33,803663,803665
754693,,5,2022-12-30 09:40:59,803663,803665
777533,Hay,5,2022-11-25 01:05:55,803663,803665
21295445,"Sách bị dính vết dơ trên giấy. Mình mua sách mới nhưng nhận lại sách trông cũ nhỉ, chụp điện thoại có thể thấy không rõ như xem trực tiếp. Sau đánh giá Tiki đã liên hệ để đổi hàng rất nhanh, cảm ơn Tiki đã hỗ trợ",3,2025-06-07 19:25:22,803663,803665
328679,"Giao hàng nhanh, chuẩn",5,2022-05-22 09:45:36,803663,803665
17223701,,5,2022-08-08 19:09:41,803663,803665
20440557,,5,2022-08-07 07:34:47,803663,803665
5885023,Tuyệt,5,2022-05-16 21:58:21,803663,803665
7519845,,5,2022-06-17 19:37:25,803663,803665
10141674,,5,2022-06-14 14:49:42,803663,803665
8666615,hay,5,2022-03-18 21:54:18,803663,803665
1674516,sách hay,5,2022-02-09 18:59:26,803663,803665
21301021,"Sách hay lắm, tiki giao siêu nhanh",5,2021-08-14 20:19:53,803663,803665
24918420,sản phẩm tuyệt,5,2021-11-22 22:15:53,803663,803665
19463774,Okii,5,2022-02-07 09:41:53,803663,803665
13216348,,5,2022-02-14 19:38:37,803663,803665
21169064,,5,2022-01-15 17:07:32,803663,803665
10258,,5,2022-01-12 21:11:26,803663,803665
17725540,,5,2022-01-04 17:03:55,803663,803665
8772751,,5,2021-12-26 15:59:49,803663,803665
7104746,tác phẩm tuyệt vời. ngôn từ của Nguyễn Xuân Khánh như thơ. tác giả miêu tả tâm lý Nhân vật rất tuyệt vời,5,2019-09-16 12:47:59,803663,803665
22037231,"Sách hay, gửi nhanh chóng",5,2021-06-06 22:07:21,803663,803665
10370054,,5,2021-10-22 15:04:49,803663,803665
6719891,"Truyện hay xuất sắc, có điều không dễ đọc. Nặng về tư tưởng, triết lý.",5,2020-03-30 18:35:51,803663,803665
11483560,,5,2021-10-12 16:31:14,803663,803665
17940547,,5,2021-08-07 12:11:04,803663,803665
1868160,Hay,5,2021-07-16 09:42:57,803663,803665
6008861,,5,2021-06-22 19:45:47,803663,803665
7478213,,5,2021-06-15 09:50:24,803663,803665
777184,,5,2021-05-25 18:12:32,803663,803665
65838,Nội dung cuốn hút. Tiki giao hàng nhanh.,5,2020-08-21 22:39:39,803663,803665
16456096,,5,,803663,803665
716184,,5,2021-05-09 16:34:36,803663,803665
14367887,,5,2021-04-15 06:29:15,803663,803665
588373,,5,2021-02-13 20:45:08,803663,803665
5266018,Tiểu thuyết hấp dẫn,5,2020-09-08 14:36:37,803663,803665
10226194,,5,2020-09-19 07:56:28,803663,803665
309615,,5,2020-08-24 22:15:07,803663,803665
18362512,,4,,803663,803665
12293130,Là cuốn tiểu thuyết nhiều cay đắng của nhà văn Nguyễn Xuân Khánh. Gây ám ảnh mạnh cho người đọc bởi nỗi buồn và nhiều điều day dứt..,4,2021-09-06 13:42:15,803663,803665
20164397,"Thích những cuốn tiểu thuyết khác của Nguyễn Xuân Khánh hơn: Mẫu Thượng ngàn, Đội gạo lên chùa, Chuyện ngõ nghèo.",4,2021-06-08 15:34:38,803663,803665
22143857,,4,2021-12-15 10:27:03,803663,803665
10844030,,4,2021-10-19 10:50:50,803663,803665
18080199,Đọc xong thấy mình như hoang tưởng!!!,4,2020-08-27 16:33:54,803663,803665
6317899,,4,2020-12-24 11:00:01,803663,803665
6283947,,2,2020-09-03 11:22:24,803663,803665
18387707,Nội dung sách hay phù hợp với mọi lứa tuổi. Nhân vật đa dạng. Bố cục rõ ràng. In ấn rõ nét. Chất lượng giấy tốt,5,2025-03-03 17:38:56,193116255,193116256
30559267,Sách mới sạch đẹp bọc kĩ càng chống shock không móp méo ship nhanh,5,2026-04-09 16:47:51,193116255,193116256
5195993,"Sách dày dặn, bìa đẹp, dính vài lỗi chính tả. Nội dung là một câu chuyện tình lãng mạn, đầy day dứt tiếc nuối, một mối tình bị chia cắt bởi chiến tranh, tôn giáo, lợi ích gia tộc.",5,2022-11-07 00:45:28,193116255,193116256
5654272,"Sách rất đẹp, nội dung dc nhiều bạn review 5 sao nên sẻ thử xem ntn, tiki giao hàng nhanh chóng, sẽ tiếp tục ủng hộ tiki",5,2022-12-27 11:38:33,193116255,193116256
8718086,,5,2026-05-13 07:45:40,193116255,193116256
13175757,"Giao hàng nhanh. Tuy sách không bi méo mó nhưng cái hộp bị móp, nhìn không đẹp mắt. Nếu",5,2022-10-24 11:51:19,193116255,193116256
12319926,Sách giao ko có bọc chống sốc gì cả có mỗi cái hộp. Cũng may là sách còn nguyên vẹn,5,2022-09-13 23:08:37,193116255,193116256
10972744,"Giao hàng rất nhanh, sách nguyên vẹn không móp. Chất lượng giấy in tốt.",5,2022-08-16 11:19:23,193116255,193116256
10597980,,5,2024-08-15 10:51:35,193116255,193116256
5230289,,5,2024-06-08 09:22:37,193116255,193116256
7152385,,5,2024-05-08 18:15:39,193116255,193116256
8412943,,5,2024-01-22 14:54:20,193116255,193116256
1142385,,5,2023-08-13 20:26:30,193116255,193116256
26704752,,5,2023-05-25 22:42:07,193116255,193116256
388602,Rất hài lòng,5,2022-12-24 23:32:40,193116255,193116256
17307918,,5,2023-03-27 11:16:34,193116255,193116256
1597143,,5,2023-02-11 18:09:15,193116255,193116256
6207083,,5,2023-02-05 01:36:43,193116255,193116256
354097,,5,2023-01-07 21:32:50,193116255,193116256
6410710,,5,2022-12-09 21:16:02,193116255,193116256
8158806,,5,2022-11-30 13:26:11,193116255,193116256
22067615,,5,2022-10-25 11:48:12,193116255,193116256
185102,,5,2022-10-07 16:26:19,193116255,193116256
236680,,5,2022-09-09 10:45:02,193116255,193116256
13494521,,5,2022-08-27 14:38:29,193116255,193116256
599551,,5,2022-08-26 10:49:13,193116255,193116256
642183,"Sách trông hơi lem nhem, giá sale tốt nên chấp nhận được",4,2025-06-15 11:19:21,193116255,193116256
560885,"Sách tốt, 1 vài chỗ sai chính tả. Nếu không có chiến tranh, câu chuyện của Lettie và Leo sẽ đi về đâu? 1 chuyện tình tuy là sâu sắc nhưng sai trái.",4,2023-02-05 12:48:40,193116255,193116256
739380,,4,2024-09-16 10:36:17,193116255,193116256
101214,,4,2022-12-02 17:53:29,193116255,193116256
16104618,"Hồi ký hay cuộc đời của một đại văn hào diễn ra như thế nào nhỉ? (tôi đang đọc phần đâu) Tôi giữ sự tò mò đó đi vào câu chuyện đời ông, bước lên đảo Funen và đi vào thủ phủ của nó, thành phố Odense nơi Andersen sinh ra. Và được dịp nghe qua những trải nghiệm không thiếu kì thú và đầy ắp thương yêu, dịu dàng thuở thơ ấu của ông, có thể nói ngoài gia cảnh hơi thiếu thốn ra thì ông có đủ đầy những thứ khác vô giá hơn nhiều mà sau này chúng đều giúp cậu bé Andersen trưởng thành và kha khá đi vào tác phẩm của cậu. Những khóm hoa cậu nghịch ở khu vườn nơi bà nội làm việc, những người điên thân thiện và các cụ bà dệt tơ trong bệnh viện sở hữu khu vườn đó, hay chính bà nội cậu, người tần tảo, nhẫn nhịn và hơn hết, thương yêu cậu hết mực. Con người xung quanh Andersen đẹp và nồng hậu đến lạ, tôi nhớ đến anh lính ngoại quốc đã ẳm cậu bé 3 tuổi lên, hôn cậu và rơi nước mắt nơi đất khách quê người. Vậy đấy, tôi không tiếc mua quyển hồi ký dày cộp này vì tôi biết tôi sắp được bước vào một câu chuyện thần tiên khác mà Andersen sẽ kể tôi nghe, của thiên nhiên và con người thật đẹp, tuy có đau khổ nhưng vẫn giữ tâm hồn mình tràn đầy ấm áp và dịu dàng.",5,2022-05-18 16:51:38,174605357,174605358
25917411,"Giao hành nhanh. Mình đọc được lời giới thiệu về sách xong quyết định mua ngay nên rất ưng. Không biết bản dịch được dịch từ nguyên tác hay bản tiếng Anh, nhưng giọng dịch rất dễ đọc và khá cuốn.",5,2022-05-10 10:33:49,174605357,174605358
33282,Cuốn tự truyện của Andersen là cuốn sách rất đáng đọc. Ta sẽ biết thêm được nhiều điều kỳ thú về người viết truyện cổ tích của nước Đan Mạch.,5,2022-06-09 07:38:21,174605357,174605358
26269,Mua cùng đợt với các quyển còn lại. Sách dày và gia công tốt. Tuy nhiên giọng văn dịch còn hơi thô và đôi chỗ hơi tối nghĩa.,5,2022-06-12 07:45:25,174605357,174605358
19696468,"Sách in đẹp, nội dung phong phú, một tác phẩm đáng để mua",5,2022-08-09 12:59:40,174605357,174605358
25323070,"tiki giao hàng nhanh, đóng gói cẩn thận, sách sạch đẹp .",5,2022-06-25 10:13:13,174605357,174605358
5112793,Không chỉ cuộc đời của ông mà còn giúp ta hiểu thêm về tình hình cuộc sống ở Châu Âu vào cuối thế kỷ XIX,5,2022-07-07 22:23:41,174605357,174605358
9728972,"Đóng gói cẩn thận,giao hàng nhanh,sách đẹp",5,2022-07-30 19:54:19,174605357,174605358
1190516,"Giao hàng nhanh, sách đẹp, đóng gói cẩn thận 💕",5,2022-04-28 21:07:17,174605357,174605358
20461023,,5,2023-09-19 17:33:38,174605357,174605358
17157358,"giao hàng nhanh,sách đẹp nhưng tiếc là k bọc cẩn thận",5,2022-05-25 21:17:16,174605357,174605358
19611072,"truyện hay , giao hàng nhanh ,",5,2022-10-31 08:19:31,174605357,174605358
815173,,5,2022-09-10 16:54:37,174605357,174605358
587515,,5,2022-07-01 11:03:52,174605357,174605358
5886329,,5,2022-06-14 00:41:34,174605357,174605358
8836415,Ok,5,2022-05-12 11:22:44,174605357,174605358
5852986,,5,2022-05-19 19:05:25,174605357,174605358
5349658,,5,2022-05-14 00:17:46,174605357,174605358
911153,Sách mới xuất bản nên khá mới. Chỉ bị hư hại nhẹ nhưng nhìn chung thì ô kê.,4,2022-04-28 18:25:45,174605357,174605358
10623253,"Chờ mấy ngày trời cuối cùng nhận được là sách cũ, bị dơ, và móp méo. Ko vui chút nào",1,2023-03-02 15:04:40,174605357,174605358
858200,"Sách mỏng hơn dự kiến, nội dung chưa đọc qua nên chưa thể đánh giá về nọi dung được",5,2022-10-23 13:16:52,146065917,146065918
12209130,Sách đẹp. Nội dung không hấp dẫn lắm.,5,2023-05-27 19:30:36,146065917,146065918
6396528,,5,2023-10-12 10:53:06,146065917,146065918
632189,,5,2023-04-08 20:57:02,146065917,146065918
22140343,,5,2023-02-01 13:11:34,146065917,146065918
14507555,,5,2022-12-12 17:59:24,146065917,146065918
19611072,,5,2022-09-07 20:57:05,146065917,146065918
22389499,,5,2022-08-30 11:30:38,146065917,146065918
27236667,sách tốt.,5,2022-04-07 09:59:55,146065917,146065918
10025671,,5,2022-05-14 18:09:33,146065917,146065918
5657054,,5,2022-04-15 08:38:13,146065917,146065918
22365637,,5,2022-03-18 23:15:39,146065917,146065918
139444,,5,2022-03-18 11:01:39,146065917,146065918
1241170,Ok,5,2022-03-06 09:55:04,146065917,146065918
1390058,,5,2022-02-26 13:01:08,146065917,146065918
18312,,5,2022-02-08 08:21:44,146065917,146065918
11674229,,5,2022-01-14 07:16:58,146065917,146065918
26343852,,5,2022-01-07 20:43:11,146065917,146065918
26136133,,5,2021-12-25 10:16:34,146065917,146065918
18611195,,5,2021-12-18 22:46:02,146065917,146065918
28796231,"Sách có giấy khá tốt, dày dặn, nhưng điểm trừ là có một số chỗ dịch hơi khó hiểu và nội dung sách ko thú vị như mình nghĩ",3,2023-03-01 21:26:45,146065917,146065918
27434304,"sách có dấu hiệu muốn bung rời các trang,nếu đọc lại lần nữa mà ko giữ sách cẩn thận sẽ bị rời các trang ra,nên mình chỉ cho 4 sao",4,2022-05-04 23:39:00,146065917,146065918
21830078,,4,2025-08-20 17:13:32,146065917,146065918
50617,,4,2023-02-05 04:16:18,146065917,146065918
19044200,Khó đọc,4,2022-07-11 22:33:14,146065917,146065918
6550893,Bọc hàng không kĩ càng gì hết,3,2022-01-20 18:20:43,146065917,146065918
13594631,,4,2022-07-08 11:55:03,146065917,146065918
5098906,noi dung khong hay nhu ky vong!,3,2021-12-23 09:02:28,146065917,146065918
2415,,4,2022-01-02 19:38:49,146065917,146065918
651562,"Đây là cuốn sách của năm trong những cuốn sách hay mình đã đọc, một câu chuyện mà cứ ai dù trẻ hay già, sinh ra là phụ nữ, thì cần đọc để cảm nhận rằng, dù rằng hiện nay bình đẳng giữa nữ và nam tuy nhiên ở đâu đó trên thế giới này vẫn còn những sự coi thường, khinh miệt phụ nữ.",5,2021-02-04 12:20:46,58063566,58063567
30381174,,5,2025-08-07 09:56:39,58063566,58063567
466553,Bạn nào không muốn khóc thì đừng đọc. ???. Tiki giao hàng nhanh.,5,2021-03-07 09:09:22,58063566,58063567
512311,Biết đến sách từ chị Hà Khuất. Mới đọc được chút nên chưa có đánh giá về nd,5,2021-03-16 09:56:16,58063566,58063567
13303089,"giao sớm, bảo bọc ko cẩn thận nhưng sách bên trong ko bị gì, sách, sách mới, đẹp",5,2020-12-15 20:52:01,58063566,58063567
5985189,A very good book,5,2021-03-05 10:38:53,58063566,58063567
14981475,,5,2021-05-10 12:06:22,58063566,58063567
16239407,,5,2021-02-27 10:52:30,58063566,58063567
19964902,,5,2021-02-25 11:05:15,58063566,58063567
15538445,,5,2020-10-10 12:58:51,58063566,58063567
7892935,Sách mới có nhãn bọc ngoài mới nguyên và chính hãng! Rất yêu quý và ngưỡng mộ cầu thủ LUKA MODRIC lên mua về đọc. Đặt 20/5 nhận 23/5! Cảm ơn dịch vụ TIKI và sp chính hãng uy tín TIKI TRADING!,5,2022-05-23 22:52:37,116577640,116577643
10294582,Sách như mô tả của shop,5,2023-08-03 15:56:45,116577640,116577643
1927976,,5,2025-12-28 09:48:50,116577640,116577643
5625,"Nếu bạn ko phải là fan của Modric thì đây vẫn là một cuốn tự truyện hay, phù hợp đọc để thư giãn.",5,2022-04-10 01:11:20,116577640,116577643
13564813,,5,2025-06-02 14:45:58,116577640,116577643
25242581,Good! Meaningful! Beautiful! Fast delivery!,5,2022-03-09 18:43:26,116577640,116577643
15673706,"Phải nói quyển sách này giúp tôi có thể hiểu rõ hơn về Luka, anh ấy đã truyền cho tôi động lực để khiến tôi càng thêm yêu bóng đá nhiều hơn. Respect Luka",5,2022-02-04 14:42:54,116577640,116577643
11059443,"Tiki giao hàng nhanh, sách gói cẩn thận, nội dung thì rất good 👍",5,2022-06-09 16:15:56,116577640,116577643
593227,,5,2024-10-13 15:13:46,116577640,116577643
20091773,"Giao hàng siêu tốc độ, đóg gói rất đẹp",5,2022-09-05 15:02:19,116577640,116577643
6887192,,5,2024-09-04 19:21:44,116577640,116577643
23468468,,5,2024-09-03 21:00:49,116577640,116577643
29745103,,5,2024-02-13 15:06:06,116577640,116577643
21976718,ok,5,2022-07-12 13:05:17,116577640,116577643
20221239,,5,2023-06-13 20:01:06,116577640,116577643
16510426,bọc cẩn thận,5,2023-02-06 17:04:51,116577640,116577643
8070456,,5,2021-11-15 10:05:58,116577640,116577643
17958845,,5,2022-12-26 18:40:41,116577640,116577643
14211790,,5,2022-12-04 14:31:18,116577640,116577643
6743842,,5,2022-11-25 15:58:58,116577640,116577643
8428770,"sách đẹp , giao nhanh 😊😊😊",5,2022-03-29 14:36:25,116577640,116577643
19266617,,5,2022-10-28 10:13:26,116577640,116577643
26695733,Bổ ích,5,2022-07-25 11:10:14,116577640,116577643
77660,,5,2022-09-10 10:17:17,116577640,116577643
10034562,,5,2022-07-07 15:26:20,116577640,116577643
11299398,,5,2022-06-10 11:04:40,116577640,116577643
10399112,,5,2022-06-04 15:32:39,116577640,116577643
5404860,,5,2022-06-01 08:30:29,116577640,116577643
17397852,sách hay,5,2022-03-13 14:23:45,116577640,116577643
283232,,5,2022-04-13 13:42:04,116577640,116577643
9116142,,5,2022-04-12 10:27:36,116577640,116577643
26563631,,5,2022-04-01 17:21:14,116577640,116577643
14803733,,5,2022-04-01 00:32:46,116577640,116577643
7210531,,5,2022-03-27 20:47:44,116577640,116577643
276172,,5,2022-03-19 07:02:08,116577640,116577643
10797203,"My idol, Lukita",5,2021-11-23 15:35:29,116577640,116577643
25641977,Sách hay,5,2021-12-10 20:25:25,116577640,116577643
17468989,,5,2022-01-23 00:15:15,116577640,116577643
11059063,,5,2022-01-20 18:06:58,116577640,116577643
14192930,,5,2022-01-09 14:58:14,116577640,116577643
6551229,,5,2021-12-28 11:21:28,116577640,116577643
21683185,,5,2021-12-09 22:52:45,116577640,116577643
211558,,5,2021-11-26 14:03:10,116577640,116577643
1100969,hay,5,2021-11-01 13:11:14,116577640,116577643
11050268,Giao hàng *** như ông nội người ta,3,2021-11-24 15:20:05,116577640,116577643
17265341,"Vừa mua thì hôm sau sale off, chán",4,2021-10-18 14:04:45,116577640,116577643
5808184,Sách về có bọc bằng màng bọc thực phẩm nên nhìn còn mới. Cuốn này rất nhiều bạn khen hay nên mình cũng mua đọc.,5,2022-06-16 07:32:41,78632286,78632287
22860283,,5,2026-08-26 11:26:46,78632286,78632287
22654106,"Sách hay từ cách viết đến cả nội dung. Nhiều phần tâm lý, góc nhìn đa chiều. Đọc xong thích chị tác giả ghê.",5,2021-12-03 16:46:07,78632286,78632287
25443579,"Bìa Rời và kèm bookmark, mong cuốn này sẽ cho mình những trải nghiệm tuyệt vời",5,2022-07-17 12:35:17,78632286,78632287
1521661,"Sách được bọc bookcare,đóng gói cẩn thận,giao hàng nhanh chóng.",5,2021-06-02 10:57:21,78632286,78632287
1826995,"giao nhanh, giấy tốt",5,2022-06-15 08:37:03,78632286,78632287
17350373,,5,2021-07-07 00:12:15,78632286,78632287
1054101,"Giao hàng nhanh, đóng gói cẩn thận! Noiij dung sách hay",5,2021-05-02 15:39:25,78632286,78632287
18534638,,5,2022-05-04 23:32:52,78632286,78632287
26170571,,5,2022-02-27 08:40:10,78632286,78632287
13359278,,5,2022-01-08 13:01:46,78632286,78632287
20417919,,5,2021-08-03 13:44:24,78632286,78632287
845376,ok,5,2021-07-03 12:05:50,78632286,78632287
1401726,,5,2021-06-18 11:09:30,78632286,78632287
11043967,,5,2021-05-06 10:36:24,78632286,78632287
20476072,,5,2021-05-05 09:38:25,78632286,78632287
20898693,,5,2021-03-22 14:32:51,78632286,78632287
232767,,5,2021-03-21 17:51:37,78632286,78632287
8018732,,4,2022-02-22 12:14:23,78632286,78632287
18949891,,4,2021-07-08 21:38:50,78632286,78632287
13129041,"đây là một trong những quyển sách mình yêu thích nhất. nội dung đơn giản nhưng dí dỏm, dễ gần, đến mức mình phải follow và add friend *** ngay tác giả để tìm hiểu thêm. dù không quen nhưng đọc sách làm mình cảm thấy như tìm được tri kỉ trong tâm hồn. cám ơn tác giả đã dẫn mình đi London qua hình ảnh và lời văn thú vị như thế, dẫu cho đời này mình không bao giờ có dịp nhìn London qua lăng kính thật!",5,2024-06-15 11:48:36,5427639,5427641
5381526,"Lời văn của tác giả đơn giản, mộc mạc với lối tả thực phong phú và nhẹ nhàng. Là một cô sinh viên từng qua london, UK du học, từng lời văn của tác giả đều gợi lại chính xác những gì tôi đã trải nghiệm và cảm nhận tại London. Từng câu chuyện rời rạc nhưng được ghép thành chuỗi ngày sống và học tập tại London. Sách phù hợp với những bạn thích thể loại lifestyles và trải nghiệm.",5,2021-01-06 15:21:30,5427639,5427641
1983216,"Cực kỳ hay và ý nghĩa, nếu bạn là một người thích khám phá văn hoá và luôn khao khát được mở rộng tầm mắt bằng việc trải nghiệm cuộc sống bên ngoài biên giới nước Việt, bạn thích trải nghiệm những việc làm ý nghĩa và có hào hứng hoà nhập và đón nhận những điều tích cực trong cuộc sống. Đây là cuốn sách để bạn nhìn thấy và tận hưởng những điều đó.",5,2019-03-28 12:31:26,5427639,5427641
17300382,,5,2024-09-25 07:07:19,5427639,5427641
180823,"Sách rất hay, văn phòng tác giả tuy chân chất nhưng nội dung rất có thần. Chưa được gặp *** Don lần nào nên vay mượn tạm chút con chữ để hiểu hơn.",5,,5427639,5427641
1873251,,5,2022-10-16 23:18:22,5427639,5427641
5816550,,5,2022-05-01 11:28:16,5427639,5427641
251609,,5,2020-12-16 12:07:45,5427639,5427641
12212636,,5,2020-11-22 11:20:01,5427639,5427641
1241170,,4,2022-01-13 22:33:26,5427639,5427641
176261,,4,2021-11-29 03:28:18,5427639,5427641
2188531,"Sách hay. Đọc cuốn cực kì ko dứt ra được. Câu chuyện cuốn hút. Giọng kể tự nhiên mà hấp dẫn, thu hút vô cùng. Còn ông chủ nhìn tướng là thấy dc sự kiêu ngạo rồi. Đọc sách khác hẳn, sẽ thấy ổng là người đáng mến, tử tế. Chắc là do người khác viết nên thế. Cơ mà sách hay lắm. Đáng đọc dù mình cũng ko phải fan của mỹ phẩm (ngược lại ấy chứ).",5,2023-05-09 00:26:51,111874312,113587310
727348,"1 cuốn sách cực thú vị và bổ ích. Mình mua cuốn này vì thích mỹ phẩm Estee Lauder, nhưng đọc rồi mới thấy cuốn này không chỉ nói về mỹ phẩm. Tác giả còn đưa ra những bài học về quản lý doanh nghiệp, xây dựng sự nghiệp, tạo dựng thương hiệu cá nhân cũng như thương hiệu sản phẩm, sự sáng tạo trong quảng bá sản phẩm và cạnh tranh, cách giải quyết những vấn đề mà bất cứ doanh nghiệp nào cũng gặp phải ❤❤❤ Rồi cuốn sách cũng giúp ta biết thêm về con người Leonard A.Lauder qua những thú vui sưu tập, hoạt động thiện nguyện, tình yêu thủy chung với người vợ Evelyn cũng như định hướng cho ""Gia đình doanh nhân"" của ông. Mình cực kỳ ưng ý với cuốn này luôn 👍👍👍",5,2022-03-04 10:48:28,111874312,113587310
30197646,,5,2025-06-22 14:22:46,111874312,113587310
5099080,,5,2024-12-13 14:19:11,111874312,113587310
8920317,Sách cực kì hay. Kinh nghiệm của một tỷ phú.,5,2022-06-16 15:12:40,111874312,113587310
379190,,5,2024-02-02 10:49:43,111874312,113587310
37060,,5,2023-05-09 14:24:49,111874312,113587310
98653,,5,2022-09-10 12:13:16,111874312,113587310
19715256,,5,2022-07-23 16:47:22,111874312,113587310
1277045,,5,2022-04-28 21:56:49,111874312,113587310
19986690,,5,2022-02-14 11:28:26,111874312,113587310
188873,đọc được,5,2021-08-14 23:43:36,111874312,113587310
11451464,,5,2021-02-19 13:29:14,11375863,11375864
11637703,,5,2025-11-03 06:38:05,11375863,11375864
18387707,,5,2025-10-11 10:59:39,11375863,11375864
25519269,,5,2025-01-25 10:42:29,11375863,11375864
10093800,,5,2024-09-24 06:57:57,11375863,11375864
6176711,giao hàng rất nhanh đóng gói cẩn thận,5,2023-11-17 20:27:47,11375863,11375864
29636655,Ok,5,2024-06-23 11:29:22,11375863,11375864
257096,,5,2024-05-17 21:19:34,11375863,11375864
7568086,,5,2024-04-26 10:44:15,11375863,11375864
26859275,,5,2024-03-06 19:41:26,11375863,11375864
8594516,"sach moi, con boc nhua.",5,2021-05-08 20:05:36,11375863,11375864
29412931,,5,2024-01-05 20:02:41,11375863,11375864
25956581,,5,2023-11-07 16:42:00,11375863,11375864
29504943,,5,2023-10-30 19:30:53,11375863,11375864
29523610,,5,2023-10-19 20:37:26,11375863,11375864
446030,"Cuốn hồi ký của vị HLV vĩ đại nhất trong lịch sử, kỹ năng quản lý, lãnh đạo những cầu thủ hàng đầu",5,,11375863,11375864
18079138,Hayy,5,2021-01-25 11:48:12,11375863,11375864
2020835,Bài học quản lý k chỉ đội bóng mà là 1 tập thể với nhiều nhân cách và cá tính mạnh,5,2021-06-15 20:47:14,11375863,11375864
13310777,tuyệt vời,5,2021-05-12 14:44:35,11375863,11375864
64655,Rất hay. Sách in trên giấy nhẹ cầm đọc ko bị mỏi tay,5,2020-06-09 20:46:24,11375863,11375864
6520402,tốt,5,2021-03-14 21:34:56,11375863,11375864
2237664,"Sách giao nhanh, bọc trong giấy bóng, tình trạng đẹp.",5,2021-05-22 10:11:31,11375863,11375864
7007286,sách còn nguyên nilon bọc.chắc sách tồn lâu ?,5,2020-04-29 08:23:53,11375863,11375864
8640885,,5,2021-02-17 12:50:15,11375863,11375864
9660188,"Sản phẩm khá tốt, khá hài lòng",5,2021-05-06 07:55:10,11375863,11375864
10695122,,5,2020-08-05 12:01:17,11375863,11375864
5435521,sách đẹp giao đúng ngày,5,2021-04-06 07:35:58,11375863,11375864
12139216,"Chất lượng giấy tốt, sản phẩm chính hãng.",5,2020-10-09 16:58:47,11375863,11375864
16976263,Đọc rất hay,5,2021-05-19 14:36:14,11375863,11375864
510847,,5,2021-08-03 21:50:30,11375863,11375864
2141164,,5,,11375863,11375864
6295377,hay,5,2021-05-13 14:24:48,11375863,11375864
10006436,,5,2021-05-30 11:06:44,11375863,11375864
572172,,5,2021-05-24 16:32:29,11375863,11375864
17190345,,5,,11375863,11375864
66452,,5,2021-05-22 15:23:58,11375863,11375864
183923,,5,2021-05-15 12:27:08,11375863,11375864
8548947,,5,2021-05-13 19:13:46,11375863,11375864
21639790,,5,2021-05-10 16:22:09,11375863,11375864
20205660,,5,2021-05-05 20:33:40,11375863,11375864
20468361,,5,2021-04-28 13:30:26,11375863,11375864
7270068,Sách đẹp. Giao hàng đúng hẹn,5,2020-09-21 14:30:31,11375863,11375864
6049585,,5,2021-04-24 21:13:17,11375863,11375864
1461032,Cảm nhận rất chân thực về ngài.,5,2020-08-06 09:31:44,11375863,11375864
263836,,5,2021-04-09 11:57:54,11375863,11375864
18179520,,5,,11375863,11375864
691280,,5,2021-04-06 10:47:25,11375863,11375864
19501237,,5,2021-04-04 11:01:09,11375863,11375864
21132700,,5,2021-04-01 11:50:02,11375863,11375864
20620354,,5,2021-03-31 19:15:03,11375863,11375864
11648102,,5,2021-03-31 17:55:09,11375863,11375864
17381762,Đây cũng là 1 cuốn sách đc dịch rất hay.,5,2020-05-23 19:23:25,11375863,11375864
2141785,,5,2021-03-22 22:55:29,11375863,11375864
20313997,,5,2021-03-18 18:22:25,11375863,11375864
7354521,,5,2021-03-17 10:21:11,11375863,11375864
8162016,"Sách ổn nha, giấy đẹp, thơm.... nói chung là ok cả :D",5,2020-02-23 22:37:50,11375863,11375864
8309142,,5,2021-03-15 13:20:49,11375863,11375864
11736866,,5,2021-03-07 18:19:01,11375863,11375864
16608694,,5,2021-03-06 17:51:56,11375863,11375864
18436011,,5,2021-03-06 09:39:22,11375863,11375864
7337820,,5,2021-02-27 12:59:37,11375863,11375864
20244860,,5,2021-02-22 22:45:33,11375863,11375864
11631763,,5,2021-02-22 12:43:22,11375863,11375864
9640700,,5,2021-02-21 19:27:40,11375863,11375864
5234075,,5,2021-02-17 23:05:19,11375863,11375864
18386128,,5,2021-02-17 15:31:27,11375863,11375864
20180744,,5,2021-02-08 13:43:17,11375863,11375864
12685198,,5,2021-02-05 10:17:22,11375863,11375864
13395634,,5,2021-01-27 09:34:32,11375863,11375864
19207387,,5,2021-01-16 13:38:56,11375863,11375864
19726538,,5,2021-01-15 16:49:53,11375863,11375864
19273054,ok,5,2020-12-30 14:17:41,11375863,11375864
6727044,,5,2021-01-06 22:59:42,11375863,11375864
8124339,,5,2021-01-05 07:52:32,11375863,11375864
10646269,,5,2020-12-26 22:43:06,11375863,11375864
1904519,Cực kỳ hài lòng.,5,2020-08-10 22:39:26,11375863,11375864
8961813,,5,2020-12-13 22:17:46,11375863,11375864
1229518,,5,2020-12-12 18:38:16,11375863,11375864
113348,Sách đóng gói đẹp + kỹ càng,5,2020-05-09 11:58:38,11375863,11375864
8091979,,5,2020-12-11 08:54:50,11375863,11375864
10039913,,5,2020-11-26 16:22:45,11375863,11375864
6905036,,5,2020-11-20 10:42:46,11375863,11375864
7129165,,5,2020-11-15 12:13:44,11375863,11375864
12367310,,5,2020-11-11 01:30:10,11375863,11375864
7313595,,5,2020-11-06 10:44:03,11375863,11375864
5715939,,5,2020-09-24 22:23:47,11375863,11375864
5974972,,5,2020-09-09 18:08:40,11375863,11375864
328985,,5,2020-08-28 15:21:28,11375863,11375864
7664440,,5,2020-08-27 16:22:35,11375863,11375864
12770233,,5,2020-08-23 18:59:27,11375863,11375864
13623044,,5,2020-08-02 21:48:12,11375863,11375864
17685330,,5,2020-08-02 14:39:56,11375863,11375864
1341737,,5,2020-07-23 09:53:15,11375863,11375864
17213302,,5,2020-07-03 19:32:00,11375863,11375864
14465319,,5,2020-06-26 22:49:03,11375863,11375864
11329709,,5,2020-06-19 18:13:31,11375863,11375864
333399,,5,2020-06-12 22:17:21,11375863,11375864
9856053,,5,2020-06-06 13:52:30,11375863,11375864
6792639,,5,2020-05-29 21:13:34,11375863,11375864
929533,rất không hài lòng. Sách in bị lỗi mà tiki vẫn giao cho khách hàng.,1,2020-12-24 09:49:22,11375863,11375864
6826091,Chất lượng sách tốt,4,2024-08-30 09:03:43,11375863,11375864
10524726,Chất lượng sách rất tệ. Vết cắt sách rất rõ. Tiki đang bán sách đúng chất lượng không?,1,2020-10-16 23:37:43,11375863,11375864
11534214,"ngt đánh giá bằng sao rồi mà còn bắt phải viết nhận xét nữa, rườm rà quá :))",3,2021-05-14 11:52:05,11375863,11375864
5879740,"Giao hàng nhanh, sách được gói cẩn thận.",4,2020-04-19 20:37:38,11375863,11375864
2083608,"Fan MU, Fan của sir thì mua thôi ạ Sách đẹp, khổ lớn, chất liệu giấy nhẹ, tốt.",4,2020-08-31 10:05:20,11375863,11375864
17274495,"Hàng đến đúng ngày, chất lượng cũng k phải quá tốt nhưng cũng k quá lăn tăn",4,2020-09-19 07:37:35,11375863,11375864
21373267,,4,2021-04-21 22:31:36,11375863,11375864
127943,,4,2021-04-18 11:14:24,11375863,11375864
7930876,shipper thái độ,4,2020-12-17 21:50:34,11375863,11375864
19745123,,4,2021-01-03 22:10:30,11375863,11375864
16226259,,4,2020-12-25 14:46:59,11375863,11375864
10001295,,4,2020-12-15 11:15:29,11375863,11375864
785653,Chất lượng giấy in tệ,3,2020-06-20 11:10:16,11375863,11375864
10448126,Hài lòng. Sách gói rất đẹp.,4,2020-05-10 16:33:37,11375863,11375864
14246573,,4,2020-07-22 09:28:51,11375863,11375864
8483077,"Đợt này mình mua sale 70% có kèm chữ ký. Sách của nxb trẻ lúc nào cũng rất đẹp, giấy đẹp, lần này thật sự rất hài lòng, hài lòng. Hất trong mấy năm mua sách từ tiki. Sách giảm 50,60,70% nhưng đều mới quá trời, còn nguyên màng co. Trước kình mua sách tiki cũng giảm 40,50% nhưng dù sách còn mới thì người kỹ tính như mình vẫn nhận ra là sách đã có người đọc. Nhưng lần này thật sự ngoài mong đợi Mới đặt trưa qua chưa tới trưa mai đã có. Phấn khích dã man rợ. Đơn mình mua có giá bìa gần 1tr3 thế mà giảm giá xong được giảm thêm 20% của nxb trẻ, được giảm thêm 30k khi cà thẻ sacom nên quá đã. Nội dung thì mình chưa đọc nhưng rất thích cô Quỳnh Hương nên hi vọng sẽ hay. Thường thì mình sẽ đọc xong mới review nhưng lần này phấn khích quá, k chờ được nên review ngay cho nóng. Cảm ơn tiki và nxb trẻ và sacombank rất nhiều! Sẽ tiếp tục ủng hộ tiki ???",5,2021-05-04 12:11:00,20626037,20626039
20472986,"săn sale đc giá rẻ mà sách mới tinh, bọc màng co, có bookmark đẹp nữa. Đó giờ mua sách cũng nhiều mà chưa thấy quyển nào giấy đẹp như quyển này á. Sách của nxb trẻ sịn thật sự🤗. Nội dung sách thì chưa đọc nên k thể nhận xét đc hic.",5,2021-10-23 10:55:11,20626037,19819008
28348955,Có thể thì mình sẽ đọc cái cuốn sách này bởi vì cuốn đó cũng rất hay,5,2025-10-24 18:13:07,20626037,19819008
465520,"Cực kỳ thích MC Quỳnh Hương và chương trình Thay lời muốn nói, tiếc là đã ngừng, chương trình hay đến mức họ hàng bên Pháp mình khi về thăm cũng ráng tìm vé để tham dự. Mỗi một lá thư là một tâm tình, nhiều lá thư làm người xem phải khóc vì cảm động.",5,2021-04-25 10:41:39,20626037,20626039
19652604,"Sách có nên mua không? Sách có phù hợp với trẻ hay không? Giá sách liệu có hợp lí? Giao hàng liệu có đảm bảo: thuận tiện, nhanh? Trải nghiệm và cảm nhận. Thực sự phù hợp và hài lòng.",5,2021-04-24 11:17:53,20626037,20626039
16891115,giao hàng khá nhanh . sách được bọc cẩn thận . nội dung mình chưa đọc nên không nhận xét,5,2021-06-04 16:19:20,20626037,19819008
20804428,"Quá hay cho một quán sách, chương trình thay lời muốn nói đã gắng bó với rất nhiều bạn trẻ, cuốn sách nói về trải nghiệm của tác giả về chương trình, sản phẩm đóng gói tốt, giao hàng nhanh, cám ơn Tiki ạ.",5,2021-05-08 13:22:23,20626037,19819008
15992116,"Tiki đóng gói cẩn thận, vận chuyển nhanh, sách đẹp, mình rất là hài lòng!!!",5,2021-06-01 15:45:53,20626037,20626039
97367,Câu chuyện nhẹ nhàng. Đọc để hồi tưởng kỷ niệm cũng được nè. Săn được sales 80% lun đó mọi ngưoi,5,2021-06-10 12:20:15,20626037,19819008
60695,Mua sale 90% không có gì phàn nàn cả. Đọc đánh giá thấy view tốt nên mua thử về thẩm nhưng còn chưa kịp thẩm thì phải vội đánh giá ngay lấy 1k xu quý giá.,5,2021-04-26 15:14:23,20626037,20626039
23348,"Thích sách của tác giả MC truyền hình Quỳnh Hương từ khi ra cuốn đầu tiên. Các viết mộc mạc, gần gũi và lắng đọng, quyển này cũng vậy, đặc biệt hơn là quyển này như một cuốn hồi ký tổng hợp lại khi chị gắn bó với chương trình""Thay lời muốn nói"". Tất cả như một bản nhạc khi cất lên rất du dương đến khi kết thúc thì đầy sâu lắng. Đây cũng là một phần nhỏ ngòi lý ức của mình. Về tiki thì giao hàng nhanh và đợt này lại giảm sâu nữa. Ủng hộ tiki.",5,2020-01-04 15:35:37,20626037,20626039
13147507,Nhận sản phẩm khá nhanh có chữ ký ạ đẹp mê hồn mình rất mong muốn tiki có nhiều sản phẩm tốt chất lượng hơn nữa đến tay người đọc 5 * cho tiki,5,2020-02-10 20:55:46,20626037,20626039
2083263,Còn nguyên màng co. Hơi cũ song cực thích vì là bản có chữ ký. Cảm ơn Tiki nhiều nhiều,5,2021-04-23 19:20:30,20626037,20626039
970251,"Sách viết về những kỉ niệm của chương trình Thay lời muốn nói trên truyền hình. Bên cạnh những dòng tâm sự của những khán giả là những hoài niệm, những kỉ niệm đẹp của người dẫn chưoqng trình - MC Quỳnh Hương.",5,2020-12-22 13:30:44,20626037,19819008
5996497,"Hồi nhỏ mình rất thích xem chương trình Thay lời muốn nói nên quyết định mua quyển sách này để ủng hộ cô Quỳnh Hương. Đọc sách cảm giác rất gần gũi, chân thật.",5,2020-10-23 16:50:01,20626037,19819008
18750373,"Mik rất may mắn khi săn đc flash sale cuốn này. Sách được bọc cẩn thận, tiki giao hàng rất năng suất luôn ấy! Tóm lại là hài lòng lắm ấy!",5,2021-03-19 23:07:10,20626037,19819008
17470000,"Sách hay, giao hàng nhanh , đóng gói cẩn thận.",5,2024-04-19 12:03:00,20626037,19819008
381980,sản phẩm đã mua được giao nhanh và đẹp. Đúng hàng. Mua sale rất ưng ý nha mọi người. sẽ ủng hộ tiki dài dài về sau nữa.,5,2021-04-28 08:21:22,20626037,20626039
381980,sản phẩm đã mua được giao nhanh và đẹp. Đúng hàng. Mua sale rất ưng ý nha mọi người. sẽ ủng hộ tiki dài dài về sau nữa.,5,2021-04-28 08:21:41,20626037,19819008
15418956,"Sách đẹp, bọc nilon cẩn thận, sale rất rẻ, đáng mua.",5,2021-05-05 09:45:34,20626037,19819008
5124343,"sách được đóng gói cẩn thận, bao bọc cả cuốn sách, hàng mới, giao hàng nhanh chóng, hài lòng",5,2021-04-24 20:29:12,20626037,19819008
17268002,"giao hàng siêu nhanh 24h là nhận được sách, được giảm giá sách và phí ship mà chất lượng sách vẫn đẹp",5,2022-03-26 13:45:51,20626037,19819008
8369347,Sách còn nguyên seal...tiki đóng gói sản phẩm khá ổn... sẽ tiếp tục ủng hộ dịch vụ,5,2021-04-23 15:24:58,20626037,19819008
14326338,Hay,5,2024-02-29 21:02:37,20626037,19819008
16650557,Sách ok có ý nghĩa hình ảnh đẹp săc nét dale nhiều nên mua sẽ ung ho tiki nua,5,2021-04-26 16:57:22,20626037,19819008
6630729,"Sản phẩm tốt , giá rẻ. Hihi",5,2021-11-20 19:09:53,20626037,19819008
22389499,,5,2023-02-24 15:23:59,20626037,19819008
12077278,"Một cuốn sách tuyệt vời mn nên tìm đọc , chất lượng giấy tốt mùi sữa đậu nành, mực in rõ nét ❤❤❤",5,2020-12-20 22:08:14,20626037,19819008
17009649,,5,2023-01-29 21:55:44,20626037,19819008
628738,,5,2021-11-13 18:26:10,20626037,19819008
441373,"sách y hình, giao nhanh, nội dung hay",5,2021-02-23 17:40:00,20626037,19819008
8184100,Sách hay và rẻ thanks Tiki,5,2021-04-23 16:39:16,20626037,19819008
7531992,ihvgvvigciyctctcgc,5,2021-04-24 08:19:29,20626037,20626039
12550555,,5,2022-09-02 17:20:42,20626037,19819008
13904387,amazing good job,5,2021-03-19 10:02:53,20626037,19819008
1428415,,5,2021-06-12 12:02:58,20626037,19819008
17260796,,5,2021-06-02 19:31:12,20626037,20626039
11406855,sách đk bọc rất cận thận,5,2020-09-19 09:58:19,20626037,20626039
12703095,,5,2022-05-22 19:50:14,20626037,19819008
11155602,ok,5,2022-03-11 12:59:24,20626037,19819008
19084508,,5,2020-12-13 10:49:55,20626037,19819008
15807726,Còn màng bọc. Giao hàng siêu nhanh. Sách đẹp !,5,2021-03-31 12:27:28,20626037,20626039
11558961,"Sách hayy lắm ạ,có chữ ký của cô nữa",5,2021-04-25 21:50:16,20626037,20626039
1112576,"Sách của chị Quỳnh Hương thì hay rồi. Đọc để chiêm nghiệm, hiểu hơn về cuộc sống xung quanh.",5,2020-02-28 07:22:50,20626037,20626039
22705309,,5,2021-11-05 20:25:10,20626037,19819008
1715449,,5,2021-07-04 21:51:57,20626037,20626039
6793474,,5,,20626037,20626039
8278562,,5,2021-06-17 19:00:27,20626037,19819008
12262659,Hài lòng,5,2021-04-19 20:54:39,20626037,20626039
7711633,,5,2021-06-10 12:22:49,20626037,19819008
7673145,,5,2021-06-05 12:00:29,20626037,19819008
118243,good,5,2021-05-11 21:28:38,20626037,20626039
1343695,,5,,20626037,20626039
20283854,,5,,20626037,20626039
8015979,,5,2021-06-01 16:19:26,20626037,19819008
957547,,5,2021-05-31 17:15:15,20626037,20626039
3954,,5,2021-05-30 15:38:19,20626037,20626039
16469503,,5,,20626037,20626039
12602282,Giá tốt,5,2021-03-31 19:08:37,20626037,20626039
7928824,ko có gì để nói. OK,5,2020-12-27 13:46:46,20626037,19819008
12746724,,5,2021-05-20 07:44:28,20626037,19819008
6248252,,5,2021-05-07 13:52:22,20626037,19819008
11396799,,5,,20626037,19819008
12262659,,5,2021-05-04 12:27:46,20626037,19819008
701705,,5,2021-04-26 13:34:48,20626037,19819008
17836143,,5,2021-04-25 19:21:11,20626037,19819008
20809841,,5,2021-04-16 20:42:36,20626037,19819008
19514032,U,5,2021-04-04 15:44:54,20626037,20626039
14285242,,5,2021-04-06 10:10:19,20626037,20626039
18231061,,5,2021-03-31 16:10:39,20626037,20626039
7499502,,5,2021-03-31 10:47:50,20626037,19819008
17585516,,5,,20626037,19819008
12178922,,5,2021-03-24 10:38:27,20626037,19819008
20749165,,5,2021-03-20 21:41:44,20626037,19819008
12037088,,5,2021-03-20 16:38:21,20626037,19819008
19098240,,5,2021-03-18 15:16:14,20626037,19819008
13787004,,5,2021-03-10 17:58:30,20626037,19819008
10145787,,5,2021-02-22 22:22:29,20626037,20626039
745417,,5,2021-02-19 14:07:24,20626037,20626039
10376531,sách hay,5,2020-12-19 22:12:00,20626037,19819008
220395,,5,2021-02-07 17:50:30,20626037,20626039
6682640,,5,2021-02-05 19:33:58,20626037,19819008
8919348,,5,2021-01-28 19:33:42,20626037,19819008
7980000,,5,2021-01-27 23:37:34,20626037,19819008
5291859,,5,2021-01-21 12:09:30,20626037,19819008
7911988,,5,2021-01-20 19:08:38,20626037,19819008
612658,,5,2021-01-09 16:56:43,20626037,19819008
1052332,,5,2021-01-06 22:31:26,20626037,19819008
7631099,,5,2021-01-02 09:04:30,20626037,19819008
11181680,,5,2020-12-31 14:58:33,20626037,20626039
17172035,,5,2020-12-28 22:26:29,20626037,19819008
8246594,,5,2020-12-24 14:19:26,20626037,20626039
6248456,,5,2020-12-23 20:35:59,20626037,20626039
19367935,,5,2020-12-22 22:18:55,20626037,19819008
19481640,,5,2020-12-17 12:03:32,20626037,19819008
1322259,,5,2020-12-17 07:06:29,20626037,19819008
1240563,,5,2020-12-16 09:11:41,20626037,19819008
19043854,,5,2020-12-15 15:32:58,20626037,19819008
8680376,,5,2020-12-15 09:02:40,20626037,19819008
7800864,,5,2020-12-14 19:39:25,20626037,19819008
10101664,,5,2020-12-14 19:25:12,20626037,19819008
11175871,,5,2020-12-13 19:44:39,20626037,19819008
5428690,,5,2020-12-13 08:17:09,20626037,19819008
1809938,,5,2020-12-12 02:13:30,20626037,19819008
7131415,,5,2020-12-11 22:00:03,20626037,19819008
5665724,,5,2020-11-27 22:20:33,20626037,19819008
6871294,,5,2020-11-18 09:28:28,20626037,19819008
158834,,5,2020-10-30 18:23:40,20626037,19819008
17153193,,5,2020-10-27 12:04:06,20626037,19819008
7200001,,5,2020-10-24 20:32:35,20626037,20626039
5944807,,5,2020-10-22 13:57:21,20626037,19819008
166005,,5,2020-10-18 15:15:19,20626037,20626039
18787215,,5,2020-10-18 11:34:36,20626037,19819008
298240,,5,2020-10-09 15:22:02,20626037,20626039
17825172,,5,2020-10-01 21:36:00,20626037,20626039
16300463,,5,2020-07-29 12:31:09,20626037,20626039
2069325,,5,2020-06-30 16:27:47,20626037,20626039
21487544,"Chưa đọc chưa biết, nhưng sách đã bị dơ 1 chút và rách sơ bọc bao bên ngoài",4,2024-02-19 08:34:55,20626037,19819008
11213431,"Mình không ưng lắm với sản phẩm này của tiki giao, quyển sách mình nhận được không còn nguyên seal kiếng bên ngoài, phần giấy chỗ seal tróc bị dơ, làm quyển sách của mình mất hẳn giá trị.",2,2021-06-25 13:53:15,20626037,20626039
20288387,Mua lúc sale nên hời chất lượng giấy lại tốt nữa,4,2021-04-01 18:01:08,20626037,20626039
9670599,mình đặt 4 quyển n thấy quyển này ổn nhất. được bọc kĩ nên k bị sao hết,4,2021-11-24 15:51:20,20626037,19819008
1567210,"Sách còn nguyên seal, mua trong lúc giảm giá nên khá rẻ",4,2021-11-12 11:35:33,20626037,19819008
18767075,ko có chữ kí........ của tác giả vậy mà người khác có,2,2020-12-18 20:22:32,20626037,19819008
16542259,"giá tốt , sách cũng ok???",3,2021-04-04 14:15:00,20626037,20626039
935508,Sách hơi bị bẩn,4,2021-03-20 10:23:09,20626037,19819008
16609953,,4,2021-07-07 00:03:35,20626037,19819008
167201,,4,2021-05-25 10:25:40,20626037,19819008
805555,,4,2021-04-11 13:00:16,20626037,19819008
408969,,4,2021-04-05 16:48:00,20626037,19819008
20757302,,4,2021-03-23 19:33:35,20626037,19819008
1436573,,4,2020-12-13 20:47:33,20626037,19819008
14839443,,4,2020-11-06 20:12:09,20626037,20626039
5931584,,4,2020-10-25 12:35:56,20626037,19819008
7312977,,4,2020-10-17 03:02:21,20626037,20626039
12384468,,5,2025-02-07 12:43:40,109088709,110638750
25208230,Ko có nhiều lời để đánh giá vì bìa sách đã nói lên tất cả...,5,2022-02-24 11:46:22,109088709,110638750
15094682,,5,2022-12-13 13:29:45,109088709,110638750
24076158,"Giaoooo hàng nhanh, xịn",5,2021-12-13 07:49:44,109088709,110638750
632150,,5,2022-04-11 17:40:04,109088709,110638750
15412758,,5,2022-01-18 13:58:34,109088709,110638750
1778805,,5,2021-10-07 17:25:28,109088709,110638750
1743328,,5,2021-09-25 13:11:34,109088709,110638750
16951462,,5,2021-08-29 12:43:35,109088709,110638750
14282105,,5,2021-08-14 02:06:22,109088709,110638750
1120443,,5,2021-07-21 19:32:35,109088709,110638750
1279867,Nội dung cuốn sách tốt. Tuy vậy khi giao sách thì có một trang có bị rách (trang 339/340) và có vết màu đỏ nhỏ ở cạnh trên sách.,4,2022-01-05 11:45:30,109088709,110638750
14608908,,4,2022-04-16 20:26:30,109088709,110638750
432895,Sách hay,4,2021-11-17 22:15:02,109088709,110638750
538804,,4,2021-11-18 15:12:30,109088709,110638750
14349156,22g 42p. Toi van ko the nao chop mat.toi quyet dinh phai dat cho duoc quyen sach nay. đây là lần đầu tien tôi tìm và mua 1 quyển sách trên mạng về đọc.điều tôi ấn tượng và thôi thúc mình tìm đến nó chính la tên của quyển sách.và điều thứ 2 là vì thông điệp mà tác giả muốn mang đến cùng nhóm bvss. Điều em may mắn nhất trong cuộc đời mình là có mẹ bên cạnh.em ko cô đơn em còn có những người ko họ hàng ko máu mủ ruột thịt.họ vẫn giang tay đón và ôm lấy em vào lòng. Tôi mừng vì e đã trưởng thành sau những vấp ngã của cuộc sống.đã đủ mạnh mẽ để có thể đối diện với ngày mai.điều quan trọng và vĩ đại nhất đó là làm mẹ. Bản thân tôi cũng đã làm mẹ.tôi đã ko được hưởng trọn vẹn tình yêu thương từ gđ.tôi ko biết lam mẹ đơn thân nó vất vả thế nào Nhưng tôi biết 1 đứa trẻ nó sẽ cô đơn thế nào khi ko có ba mẹ bên cạnh. Tôi mong em sẽ kiên cường hơn.để vừa làm cha vừa làm mẹ của con gai minh.còn người đàn ông ấy họ ko thuộc về mẹ con em.đến lúc đủ đau.hoá đau thương thành sức mạnh e sẽ thôi ko còn nghĩ tới.cho dù có vô tinh lướt qua nhau.họ cũng ko còn đủ sức để sát thương đến em nữa. Chúc cô( mẹ em)và mọi người trong nhóm bvss thật nhiều sức khoẻ. Chúc em thành công và phải thật hạnh phúc trên con đường em đã chọn bước.em ko bao giờ cô độc.e còn hạnh phúc hơn cả những người có mẹ có chồng và người thân bên cạnh.nhưng lại đối xử với nhau chỉ vì trách nhiệm.như vậy mới là cô độc.cô đơn trong chính cuộc hôn nhân của họ. Tôi sẽ ko thể quên lời văn của em:” cái lạnh nhất không phải là khi đông sang.mà là sự lạnh lùng hèn hạ từ người bạn từng xem là tất cả”,5,2019-10-12 11:44:02,11801215,11801216
5446291,"Tôi vừa đặt quyển sách xuống với biết bao cảm xúc trong lòng. Đầu tiên, tôi muốn gửi lời cảm ơn đến tổ chức BVSS rất nhiều, mọi người đọc và cảm nhận hết cuốn sách thì sẽ hiểu vì sao nhé. Thứ 2, tôi vô cùng cảm phục sự mạnh mẽ từ chị Lan từ lúc tình yêu chớm nở cho đến lúc hoàn thành tác phẩm, chắc chị đã gặp phải rất nhiều khó khăn nhưng hãy mạnh mẽ vượt trên tất cả chị nhé. Chúc chị và bé Chôm Chôm thật mạnh khỏe, vui vẻ, hạnh phúc. Cuối cùng, tôi muốn gửi lời chúc đến những người phụ nữ đã và đang trong hoàn cảnh như vậy mọi điều tốt lành trong cuộc sống. Mong mọi người sẽ nhận được nhiều sự yêu thương, cảm thông và hỗ trợ từ những con người, tổ chức giàu lòng nhân ái như BVSS.",5,2020-11-15 21:19:47,11801215,11801216
10134096,"Sau khi đọc cuốn sách này, tôi không khóc được, tôi chỉ ấm ức, rất ấm ức, sao cô ấy *** ngốc thế, khờ dại thế. Có lẽ 1 phần cũng do đã trải qua 1 thời gian rồi nên cô ấy không miêu tả được hoàn toàn cái nội tâm mệt mỏi, xót xa của mình, cái lạnh lùng, hờ hững của hắn, mà chỉ nói được lên được quyết định của mình, và chỉ rõ cho mọi người rằng mẹ đơn thân phải đối mặt với cái gì, lúc khó khăn mới là lúc biết ai bên cạnh mình, và tương lai cuộc đời cô ấy quyết định đối mặt. Ít nhất, tôi vẫn khâm phục cô ấy, dám đối mặt, dám dứt khoát với mọi thứ, cũng mừng cho cô ấy khi người thân cận nhất trong đời cô có thể thấu hiểu, có thể chấp nhận, và có lẽ bé gái nhà cô rồi cũng sẽ giống mẹ, tuy trưởng thành trong 1 gia đình không trọn vẹn, không có bờ vai vững chắc của người đàn ông nào chống đỡ nhưng bé sẽ có 2 tấm lòng bao dung, yêu thương và che chở bé đến cùng, và cô bé cũng sẽ trở thành 1 cô gái mạnh mẽ giỏi giang như mẹ :) Cuối cùng, tôi mong rằng bất kỳ cô gái nào, người phụ nữ nào cũng nên cảnh giác với đàn ông, bạn nam khác để bảo vệ chính mình, và phụ nữ với nhau thì hãy thấu hiểu cho nhau nhiều hơn, đàn ông đã làm khổ phụ nữ rồi thì xin phụ nữ cũng đừng làm khổ nhau. :) Mong một cuộc sống hạnh phúc đến với gia đình tác giả, mong bé lớn lên ngập tràn tiếng cười và hạnh phúc",5,2019-04-08 23:46:57,11801215,11801216
11423470,"lâu lắm rồi mình mới đọc một cuốn truyện hay như thế, câu truyện rất xúc động nói về cuộc đời một cô gái trẻ mới ra trường nhưng vì quá yêu , quá tin nên đã trao nhầm cuộc đời mình vào tay một kẻ sở khanh nên đã giang dở hết tất cả giấc mơ hoài bão của tuổi đẹp nhất thời con gái! mong cho *** trẻ trong câu truyện này luôn mạnh mẽ, kiên cường và hạnh phúc bên cô con gái nhỏ đáng yêu của mình và sẽ không xa nữa sẽ gặp được một nửa còn lại xứng đáng hơn gấp trăm vạn lần người đàn ông trong câu truyện này nhé! chắc chắn sẽ là như vậy rồi. chúc em luôn vui tươi, xinh đẹp, hạnh phúc và ngày càng thành công hơn nữa nhé!",5,2019-04-10 08:58:52,11801215,11801216
18577503,,5,2022-01-09 21:17:22,11801215,11801216
18582070,Giao nhanh,5,2021-03-04 13:45:55,11801215,11801216
7691372,,5,2021-04-24 14:12:44,11801215,11801216
16469503,,5,,11801215,11801216
16473617,,5,2020-10-08 21:05:22,11801215,11801216
7514330,"Đơn có 3 quyển thì 2 quyển cong mép, bẩn, cũ",2,2021-03-19 10:57:48,11801215,11801216
990942,"Mình vô cùng hài lòng với sản phẩm được giao. Tiki giao sớm cho mình 1 ngày :>>, vô cùng bất ngờ khi được bạn shipper gọi luôn tại ko ngờ mới tối hôm trước đặt mà hôm sau đã có hàng liền ( ko dùng TikiNow). Sách lúc giao đẹp, oke, đã vậy còn đc giảm 50% Một trải nghiệm mua sách vừa rẻ vừa lẹ, vô cùng hài lòng luôn ạ",5,2021-06-10 21:22:59,22383811,22383812
18765644,"Mới mua về mình thấy sách cũng không mới tinh mà hơi cũ và có khá nhiều vết xước trên bìa, nhưng chất liệu thì siêu OK luôn nhé, có điều mỗi khi đọc thì cái bùa hay bị tuột khỏi sách khi cầm thằng đọc bình thường và nên ngồi ghế, để sách trên bàn rồi đọc chứ cầm không trụ nổi đâu. Mình mới đọc chưa được 1/5 sách nên không dám đánh giá nhiều về nội dung sách. Ấy thế mà mình đã có những cảm xúc cảm động, tức giận, bất ngờ mà chưa có 1/5 cuốn sách nào mà mình đọc làm được điều ý, phần mình đọc thì bà ấy phê phán về phân biệt chủng tộc ở Mĩ, mình cũng biết sơ sơ về phân biệt chủng tộc nhưng mình không ngờ lại đến mức đấy theo cảm nhận của Michelle, vì mình quá thích sách về ngôn từ, nội dung nên mấy cái xước gì gì đấy thì kệ nó đi. Bọc hành rất kĩ lưỡng nha! Sách về mà mình ngồi ôm em nó mấy chục phút ?",5,2021-04-02 22:16:23,22383811,22383812
6756016,"Hôm qua tình cờ thấy Tiki sale 240k nên tranh thủ đặt vì cũng muốn mua lâu rồi , lại có thêm mã khuyến mãi nữa nên freeship (giao hàng tiêu chuẩn) luôn. Thấy nhiều bạn nói về việc sách bị móp méo nên mình cũng lo. Nhưng hôm nay nhận được sách phải nói là ngoài mong đợi: đóng gói cẩn thận, sách đẹp, giấy tốt. Nội dung sách thì không phải bàn rồi. Cảm ơn Tiki nhé.",5,2020-10-15 13:07:08,22383811,22383812
431127,"Hài lòng Cuốn sách in ấn rất tuyệt, bìa cứng cáp và lớp màng mỏng bên ngoài dễ bóc không sợ trầy tay. Điều duy nhất mình hơi phiền lòng về hình thức là không rõ do chữ tập trung quá nhiều ở khúc đầu các trang hay sao mà khi đóng sách lại thì nhìn vệt đen như dính bẩn. Sách có cả bookmark lẫn dải lụa đánh dấu. Nội dung thì rất ổn. Mình quyết định mua cuốn sách bởi vì những đoạn trích trên ***, đọc thấy rất gần gũi. Cho dù mình không sống ở Mỹ, cũng không có 1 ông chồng sắp đắc cử tổng thống và chưa có con, mình vẫn thấy đồng cảm với Michelle. Ngoài ra trong sách còn đề cập đến cuộc sống thời thiếu nữ của bà và một ít về tâm tư của người gốc Phi trên đất Mỹ nữa. Giở ra bất kỳ đoạn nào mình cũng có thể đọc tiếp được. Đây là lần đầu tiên mình mua 1 cuốn sách thuộc thể loại Hồi ký",5,2020-11-20 17:10:05,22383811,22383812
10327559,"Being an avid fan of Michelle Obama, I am very grateful for having Becoming and so excited to follow her journey via her book. I have watched the documentary “ Becoming “ on Netflix that talked about Michelle's journey behind the scene of publishing her book. If you are interested in Michelle Obama's life story also her book so I would 100% recommend this film to you guys. The Tiki service is also great, my book didn’t have any mistakes when it was delivered to me and it was packaged pretty well. Hope you like my review",5,2021-05-23 18:29:31,22383811,22383812
13398451,"Giao hàng siêu nhanh, mới đặt tối hôm trc mà sáng hôm sau đã có luôn. Bìa cứng, giấy rất mịn và đẹp. Săn sale còn 255k ưng quá trời ?. Mình ms đọc 1 ít nhưng đã bị thu hút bởi chất văn lôi cuốn của Michelle và Lê Duy Khương dịch",5,2020-06-18 22:02:55,22383811,22383812
1209563,"Sách in chất lượng cao Nội dung hay, đọc để hiểu thêm về con người cũng như công việc của tác giả. Không cần phải quan hệ với họ nhưng đọc sách của họ cũng là được làm bạn với họ. Phụ nữ nên có cuốn này trên giá sách nhé Cảm ơn First News, dịch giả Lê Duy Khương, Tiki đã mang cuốn sách tới độc giả Việt",5,2019-07-26 11:31:42,22383811,22383812
296442,"Chất lượng sản phẩm cực tốt. Mua Tiki với giá giảm 64% , giá là 175k cho đơn sale này :3 Nhận được sản phẩm không cong vênh, không va đập, sách mới tinh. Nhân phẩm tuyệt đối trong lần đặt đơn này. Cám ơn Tiki nhiều",5,2020-09-03 21:22:44,22383811,22383812
6625594,"Sản phẩm ở trạng thái hoàn hảo khi đến tay, rất thích hợp để nhâm nhi trong mùa bầu cử năm nay!!! Tiki giao quá nhanh!!!",5,2020-11-08 01:07:40,22383811,22383812
9944445,"Tôi đọc cuốn hồi kí Phượng hoàng của Hoàng Thuỳ Linh sau cuốn hồi kí Becoming của Michelle Obama, và dù tưởng như rất không liên quan, cơ mà 2 cuốn sách lại dường như gửi cùng 1 thông điệp. Tôi ấn tượng với Michelle khi nghe bà phát biểu trong một buổi phỏng vấn, bà nhắn với các cô gái là: ""đừng mơ mộng về 1 chàng hoàng tử nào đó, phải chăng chính bạn nên là công chúa đã, và món trang sức quý giá nhất mà bạn có thể mang, đó chính là tri thức, đừng bao giờ ngưng học tập"". Trong cuốn hồi kí, bà đã kể về khoảng thời gian khó khăn khi bị miệt thị về màu da, lần bị cả nước lên án vì việc chạm vào Nữ hoàng Anh Elizabeth. Và rồi 8 năm, sau bao nhiêu nỗ lực, cả nước lại kêu gọi bà hãy ứng cử tổng thống - nhưng với nhiều lí do, bà đã từ chối. Tôi vẫn nhớ 1 ngày năm lớp 7, mấy đứa rêu rao, ""ê tụi bây ơi Vàng Anh lộ clip ***"", đó quả là 1 tin chấn động, tôi vẫn nhớ hình ảnh 1 đống đứa con trai trong trường tập trung kéo nhau sang tiệm net để xem cái video đó, và tôi cảm thấy thật may mắn vì cái thời chưa có điện thoại cá nhân và wifi đó, vì biết đâu nếu xem được, với cái đầu non nớt trẻ con, tôi lại hùa với đám bạn bình luận, chửi bớt 1 cô gái đang bị cả nước vùi dập như vậy? Linh bảo, đời là bể khổ, mà nếu vậy thì hãy nhớ bạn phải tự tập bơi cứu lấy bản thân, đừng dựa dẫm vào cái phao nào. Tôi nghe cô kể chuyện, không hề bi luỵ, không hề cầu xin sự thấu cảm, bởi vì 1 nạn nhân tại sao phải cầu xin sự tha thứ? Cả 2 người phụ nữ ấy, trong cuốn sách của mình luôn nhấn mạnh đến sự lựa chọn - lựa chọn mạnh mẽ. Tôi ám ảnh với câu chuyện thụ tinh nhân tạo của Michelle khi muốn có con, khi chồng của mình phải bận rộn lo công việc mà dường như đã bỏ rơi cô ấy 1 mình, tự tiêm vào tay, tự uống thuốc, tự lo mọi thứ, thay vì trách móc, cô ấy đã lựa chọn nghĩ là ""mình muốn có con, và con chính là món quà vô giá, hãy tự chăm sóc bản thân và con mình thật tốt"". Đấy là thái độ tự tin và lạc quan đến độ tôi đã nghĩ, làm sao bà lại có thể nghĩ được như vậy để vẫn có thể ủng hộ chồng cả khi chưa biết tương lai của người đàn ông ấy như thế nào? Và Linh - cô gái ấy đã vươn lên bằng những sản phẩm chất lượng và khẳng định mình mà chẳng cần tôi phải nói nhiều thêm. Tôi thích nụ cười của Linh, và tôi không thích bìa của sách, tôi thích 1 nụ cười rạng rỡ như mặt trời của Linh và muốn nó nên là ảnh bìa, nhìn vào đó, làm sao ai biết cô đã trải qua những gì? Viết 1 chặp lại nhận ra ôi mình đã viết nhiều như vậy ư? Bao lâu rồi chưa trải lòng ra khi đọc xong 1 cuốn sách nhỉ? Và rồi tôi cũng học đòi 2 nhân vật hay dành chương kết để nhắn gửi các cô gái, tôi cũng muốn nói vài lời: bạn có thể được truyền cảm hứng rất nhiều, và học được những bài học có thể tránh, hãy dành thời gian đọc thử và cho mình biết những điều mình cảm nhận có phải là những điều bạn nghĩ sau khi đọc xong không nhé!",5,2019-08-30 16:02:32,22383811,22383812
904297,"Sách này mình chờ mua đã lâu nhưng đến bây giờ sở hữu được! Về mặt hình thức thì bao bìa dày dặn nhìn rất thu hút. Về mặt nội dung cũng rất hay và ngôn từ sử dụng dễ ngấm, phù hợp với chị em phụ nữ chúng mình. Mình hi vọng sẽ học được những điều tuyệt vời từ cuốn sách này.Cảm ơn Tiki nhiều!",5,2021-01-22 11:25:51,22383811,22383812
624415,"Cực kì ưng ý. Trộm vía mình hợp mua sắm ở Tiki thì phải ? Mua hàng 5-6 năm nay chưa bao giờ gặp trục trặc gì. Hàng đến tay lúc nào cũng tinh tươm bắt mắt, chất lượng miễn bàn. Chọn nhà cung cấp là Tiki Trading thì luôn yên tâm về độ uy tín chính hãng. Mà hơn hết là Tiki giao hành rất nhanh, đóng gói cẩn thận chuyên nghiệp, đổi trả cũng dễ dàng hơn nữa. Nói chung so với *** hay ***, mình thấy TIKI là đỉnh nhất rồi ?",5,2020-10-26 18:11:40,22383811,22383812
247131,"Nhân dịp Tiki có sale mình phải mua ngay sản phẩm này, không biết bao nhiêu người đã khen sản phẩm rồi. Cầm sách trên tay mình rất hài lòng, chất giấy sang xịn mịn cực kì tốt, phải nói thuộc hàng top trong những quyển sách mình sở hữu, lí giải tại sao sách lại có giá hơi cao chút so với trung bình. Nội dung sách mình chưa kịp đọc để đánh giá, nhưng rất mong chờ.",5,2020-09-08 23:30:21,22383811,22383812
11407090,"Sách đẹp, giấy mịn rất xịn sò. Tuy nhiên, dưới gáy sách hơi bị móp nhưng không sao. Mình mua được giá sale nên thấy rất rẻ.",5,2021-04-26 13:00:27,22383811,22383812
1463186,đỉnhhhhhhhhh,5,2021-03-30 10:55:44,22383811,22383812
18209128,"Giao hàng nhanh, sách mới còn nguyên seal đẹp tốt cho 5 sao chất lượng Tiki không làm tôi thất vọng",5,2020-08-26 11:30:42,22383811,22383812
18660866,"Giao nhanh, sách mới, đẹp",5,2020-11-13 15:26:53,22383811,22383812
144258,"mình có xem review trên mạng rồi mới đặt mua cuốn này , ko ngờ đúng dịp đc sale quá đã . tiki giao hàng nhanh thần tốc . sách được bọc màng bảo vệ nữa . nội dung mình chưa đọc , nhưng quyển này khá nổi tiếng rồi nên chắc sẽ hay .",5,2021-04-25 13:52:48,22383811,22383812
279177,"Tiki giao hàng nhanh. Sách được bảo quản rất tốt. Về chất lượng sản phẩm thì đây là một cuốn tự truyện rất đáng để đọc. Một người phụ nữ da màu gốc Phi rất kiên cường, bản lĩnh, thông minh và giàu lòng trắc ẩn. Là tấm gương để phụ nữ hiện đại trau dồi bản thân mình.",5,2020-04-03 01:49:35,22383811,22383812
8514401,"giáo hàng nhanh, hàng đúng như mô tả sách in chất lượng",5,2019-10-22 22:46:45,22383811,22383812
7824622,"Mình đang đọc gần hết cuốn này rồi. Mình ngưỡng mộ nghị lực của Michelle. Bà ấy cũng là con người (ko phải thánh nhân), cũng trải qua rất rất nhiều khó khăn và cũng là người phụ nữ có cảm xúc như bao người khác. Chỉ có điều sự nỗ lực, kiên trì của bà ấy hơn chúng ta gấp trăm gấp ngàn lần. Do đó, chức danh Đệ nhất phu nhân dành cho bà là một điều hoàn toàn xứng đáng.",5,2020-02-08 13:08:29,22383811,22383812
6536491,"3 e này nằm đợi trong danh sách mua sau của mk mún lên mốc mọc meo lun.....vì so với tài chính của mình 3 e hơi chát.... mà cảm ơn tiki lắm lun, tạo cơ hội cho mk rước 3 e nhằm đợt sale đậm 50 - 60%. Mua sách sale cũng hồi hộp lắm.... nhưng 1 điều khiến mk đã yêu lại càng thêm yêu là sách còn nguyên bọc nguyên kiện ngoài bộ harry vì cái hộp màu xanh nên mấy trang sách có bị lan màu xíu ngoài ra không vấn đề gì hết.....ak mà có có 1 vấn đề rất lớn là yêu tiki quá làm sao giờ. Cảm ơn tiki....ak phải khen thêm anh shipper tiki rất thân thiện vui vẻ.....5 sao cho tiki",5,2020-01-20 07:36:47,22383811,22383812
5662130,được mua với giá sale 50% chỉ còn 240k thì quá tuyệt cho 1 tuyệt phẩm như vầy. ship nhanh chỉ 2 ngày mà sách không bị hư hại gì hết.. cảm thấy mình thật may mắn,5,2019-12-28 12:16:12,22383811,22383812
5670010,"Một cuốn sách đẹp cả về hình thức lẫn nội dung. Tôi thực sự bị thuyết phục bởi cách dạy con của mẹ bà Michelle khi bà còn nhỏ từ đó hình thành nên một người phụ nữ đầy tri thức, quyết đoán, mạnh mẽ, không dễ gì bị khuất phục. Tôi cũng thấy được rằng sự can đảm của cựu đệ nhất phu nhân nước Mỹ khi bà cố lấy kim tiêm vào đùi để kích hoạt quá trình sản sinh trứng khi thụ tinh nhân tạo, dù đau đớn nhưng vì quá muốn có con và muốn dành tình thương cho những sinh linh nhỏ bé của bà. Bà quả thật là một người phụ nữ độc lập, tri thức và đầy lòng nhiệt huyết khi còn đương nhiệm. Thông qua cuốn sách này cũng có thể hiểu được con người và phong cách làm việc của vợ chồng Obama. Một cuốn sách rất đáng để đọc nhé các bạn.",5,2019-12-03 12:04:09,22383811,22383812
17816681,"Mình mua lúc sale 60% nên cũng không dám kỳ vọng nhiều. Nhưng ôi thôi, sách về xịn xò thực sự đó mọi người ơi Nhìn quyển sách rồi mới biết tại sao giá lại chát thế. Sách vừa to vừa dày, giấy cực mịn, chất lượng cực cao,về nội dung thì chắc mọi người cũng biết quyển này hot thế nào rồi mà Về Tiki: mình đã mua cỡ mấy chục quyển sách ở Tiki nhưng chưa lần nào bị thất vọng về mặt hình thức và khâu vận chuyển. Tiki giao hàng luôn cực nhanh luôn hôm trước đặt, hôm sau đã có dù mình ở tỉnh lẻ, gói hàng lại cực kỳ chắc chắn.Kỳ này mình đặt 11 quyển duy chỉ có bao ni lông bọc quyển này nhìn có hơi nát tí nhưng may mắn làm sao sách vẫn nguyên vẹn Về nội dung: mình chưa đọc :))) nhưng gần đây rất có hứng thú với thể loại tự truyện, vô tình đọc được đánh giá khá tốt về quyển này, chẳng biết sao lại đúng lúc đó Tiki lại flash sale thế là hốt thôi. 5* cho Tiki không bàn cãi",5,2021-01-18 12:23:44,22383811,22383812
1182859,"giao hàng siêu nhanh, mình thấy sale 40% nên đặt lúc 11h30 trưa mà 15h30 chiều mình đã nhận được hàng rồi, mặc dù mình chọn giao hàng tiêu chuẩn cho tiết kiệm. sách cầm rất chắc và nặng tay, nhìn siêu xịn sò :) highly recommend các bạn nên mua để hiểu rõ hơn về 1 người phụ nữ có tầm ảnh hưởng vô cùng lớn lao với nước Mỹ nói riêng và thế giới nói chung dù họ mang trong mình 1 sắc tộc khác biệt mà có lẽ vẫn còn đâu đó trên Trái Đất này kì thị họ. giọng văn cũng gần gũi vui vẻ lắm nên đọc ko bị ngán đâu ^^^^^",5,2019-11-02 07:42:54,22383811,22383812
1880624,"Vì là bìa cứng nên kích thước sách khá lớn, tuy nhiên giấy mịn thôi rồi, sờ mê luôn. Về nội dung sách mình có viết lại 1 bài review trong blog của mình, nếu bạn nào cuốn coi tóm tắt thì tham khảo thêm nha: https://medium.com/@ngdoan.it/review-book-becoming-320d9574b7d3",5,2020-03-08 11:14:50,22383811,22383812
15020645,"Giao hàng nhanh, sách không bị móp méo gì hết, ban đầu thấy review sách bị móp trong khâu vận chuyển nên hơi sợ, nhưng may mắn sách nguyên vẹn. Chắc cũng phần ng giao hàng nhẹ tay nên ko bị vấn đề gì hết. Lần nào mua sách của tiki cũng rất ok. Sẽ mua tiếp trên tiki",5,2020-01-08 00:11:03,22383811,22383812
377517,"Sách khổ to, chất liệu giấy tốt. Mình mới nhận sách, chưa kịp đọc nhưng mà theo review cho thấy là nội dung sách rất hay. Mua ngay dịp sale off 50% nên chỉ tốn 240k. Shipper giao hàng nhanh, thân thiện. Mình sẽ ủng hộ tiki dài lâu.",5,2020-10-15 13:42:50,22383811,22383812
14954221,"Một cuốn sách truyền cảm hứng! Nhờ nó mà mình hiểu thêm về việc bầu cử ở nước Mỹ cũng như cách một người phụ nữ vừa cố gắng chu toàn trong công việc xã hội, trong việc chăm lo con cái cũng như ủng hộ chồng mình trong sự nghiệp chính trị. Cảm giác về những tâm sự rất chân thật! Chất lượng giấy cũng như dịch thuật cũng đều tốt. Thật sự rất thích cuốn sách này.",5,2020-11-16 09:19:38,22383811,22383812
41130,"Mình không kỳ vọng nhiều ở quyển sách này nhưng nó lại làm mình ngạc nhiên, khá hay đó mọi người. Đọc xong là phải quay video chia sẻ cảm nhận liền luôn kẻo nguội. :) Mình đã biết nhiều thông tin hơn về trách nhiệm cũng như quyền lợi của Tổng thống Mỹ qua lời kể của cô Michelle.",5,2020-11-05 23:58:27,22383811,22383812
5939462,"Đó là những cảm giác sau khi đặt cuốn sách này xuống. Điều gì làm cho 2 con người với tính cách khác nhau lại gắn bó với nhau và làm nên những điều tốt đẹp cho đồng loại? Ở vị trí quyền lực nhất họ vẫn có thể dùng ảnh hưởng của mình làm giàu cho bản thân nhưng quá khứ và hiện tại lại thể hiện cách sống trái ngược hoàn toàn. Đọc cuốn sách này ta có cảm hứng họ rất gần gũi, thân thiết chứ không hề xa cách như chúng ta thấy trên ti vi hay báo đài. một nhân cách tốt. Bìa sách siêu đẹp, sách gia công rất tỉ mỉ, chất lượng giấy cao cấp. Xứng đáng mua",5,2020-10-15 14:18:55,22383811,22383812
6853280,"tuyệt vời! tiki giao hàng thần tốc ( như mọi khi ), và đây là chiến lợi phẩm đợt giựt cô hồn của mình nên giá vô cùng yêu thương, tuy nhiên không vì thế mà sách kém chất lượng. Đóng gói kĩ, nguyên màng co, không trầy rách, chất giấy xịn vô cùng. Về nội dung vote 5*, ai cũng nên đọc thử nha",5,2020-08-26 16:53:24,22383811,22383812
14349784,,5,2026-03-19 22:01:33,22383811,22383812
451419,"Sách đẹp, chất giọng lôi cuốn, phong cách Michelle Obama ko lẫn vào đâu được. Cuốn sách truyền cảm hứng mạnh mẽ tới những ai mong muốn được sống 1 cuộc sống y nghĩa, chinh phục mọi thứ bằng chính năng lực, nghị lực của bản thân mình.",5,2020-01-30 14:30:12,22383811,22383812
1993318,"Thật sự cuốn sách này rất hay rất lôi cuốn, mình mua cuốn này về cho chồng mình đọc (vì anh rất thích đọc tự truyện, hồi ký) nhưng nhận được sách mình đọc thử vài trang và đã bị hấp dẫn nên mình đã giành phần đọc trước anh chồng, một cuốn sách mà đọc xong hai vợ chồng mình vẫn có nhiều chuyện để nói với nhau liên quan đến cuốn sách này. Cuốn sách rất tuyệt vời!",5,2020-07-14 09:41:17,22383811,22383812
1086236,"1. Giao hàng: sách nguyên vẹn, không bị gập, cong 2. Nội dung: rất hay, kể về quá trình trưởng thành của Michelle Obama. Sách đưa cho mình rất nhiều thông tin, góc nhìn về nước Mỹ cũng như chính trị nhưng rất hợp lí, không khô khan",5,2020-04-10 17:32:46,22383811,22383812
13425450,"Mình đến với quyển sách trong tâm thế không biết gì về cô Michelle ngoài việc cô là vợ của Barack Obama – tổng thống Mỹ gốc Phi đầu tiên. Có lẽ chính sự *** này tạo cho mình sự tò mò đến độ không muốn đặt quyển sách xuống. Quyển hồi ký là hành trình khi cô Michele khi còn là một đứa bé lớn lên tại South Side – Chicago khát khao muốn chứng tỏ cho mọi người thấy mình là ai đến cô khi trở thành Đệ nhất phu nhân Hoa Kỳ - người muốn dùng tiếng nói của mình để mang đến cơ hội cho những cô bé da màu khác. Điều hấp dẫn có lẽ chính là sự chân thật trong cách cô kể lại câu chuyện đời mình. Cô đã không khắc họa nên hình ảnh của một phu nhân hoàn hảo từ vẻ ngoài tới tính cách. Bạn sẽ nhìn thấy hình ảnh một phụ nữ như bao phụ nữ khác, cũng có những tranh đấu, buồn phiền, tức giận của riêng mình. Cô là một người vợ sẵn sàng hy sinh lợi ích bản thân để hỗ trợ chồng nhưng đồng thời cũng cảm thấy khó chịu trước tính cách xuề xòa, thích bừa bộn của người đàn ông đứng đầu nước Mỹ này. Cô cũng là một người mẹ, khao khát chở che cho hai cô con gái, mong muốn con mình được trưởng thành một cách trọn vẹn nhất. Cô cũng không tỏ ra là người cao thượng mà sẵn sàng chỉ đích danh những kẻ từng tổn thương gia đình mình. Quyển sách cho mình một cái nhìn rõ nét hơn về chính trị Mỹ, nơi những Đảng phái sẵn sàng công kích nhau để giành lại lợi ích cho riêng họ chứ không phải vì lợi ích chung của đất nước. Mình cũng có cơ hội mở rộng sự hiểu biết về cuộc sống của gia đình tổng thống; sự xa hoa lộng lẫy của Nhà Trắng, quy trình bảo vệ khủng khiếp của đội ngũ an ninh hay việc gia đình Tổng thống phải tự chi trả những chi phí trong sinh hoạt, số tiền mà các ứng viên phải có để vận động tranh cử tổng thống,... Nhưng điều khiến mình bất ngờ nhất có lẽ là vấn nạn phân biệt chủng tộc tại nước Mỹ. Trước đây mình cũng từng nghe về những bất công mà những người da màu phải gánh chịu nhưng chưa bao giờ nghĩ rằng nó tàn khốc đến thế. Nhất là khi bây giờ đã là thế kỷ 21 thời đại mà con người luôn được nhắc đến kèm theo hai từ văn minh. Mình bật khóc khi đọc về cái chết của những trẻ em da đen vô tội. Đáng căm phẫn hơn là những mất mát tang thương ấy lại không khiến cho các nhà chính trị gia của đất nước này có bất kỳ một sự lưu tâm nào. Họ vẫn xem lợi ích và tiền bạc là vấn đề quan trọng hàng đầu (Đọc đến đây lại thấy thật may mắn khi được sinh ra và lớn lên tại Việt Nam). Thông qua quyển hồi ký mình thấy được cách mà vợ chồng tổng thống Barack Obama vượt qua những khó khăn trong suốt 8 năm nhiệm kỳ bằng sự điềm tĩnh, chân thành và ấm áp. Họ đã nỗ lực rất nhiều để tạo nên sự thay đổi trong xã hội Mỹ. Xuyên suốt gần 500 trang giấy là nỗi khát khao được khẳng định bản thân, khẳng định nữ quyền. Kết thúc quyển hồi ký, mình cũng không ngừng tự hỏi bản thân mình là ai và mình có đủ tài giỏi không. Chúng ta dường như đều đang sống trong lớp vỏ sợ hãi được cất lên tiếng nói của riêng mình. Chúng ta không dám chia sẻ câu chuyện đời mình, chúng ta chấp nhận việc bản thân bị đánh giá thấp và vô tình những điều đó khiến ta trở thành phiên bản theo đúng nhận định của mọi người xung quanh. Bằng lối kể chân thật và hóm hỉnh, Chất Michelle đã thật sự truyền cảm hứng cho người đọc về hành trình vượt qua những định kiến, sợ hãi để khẳng định mình. Hãy tin rằng, chỉ cần bạn nỗ lực, thành công nhất định sẽ đến.",5,2020-05-22 08:51:17,22383811,22383812
6791050,"Tiki giao hàng nhanh mặc dù mình chọn giao hàng tiêu chuẩn. Sách được đóng gói cẩn thận. Chất lượng sách phải nói là rất tốt, cầm đọc tay cứ hay chà chà lên mặt giấy bóng loáng. Nội dung sách thì khỏi bàn tới vì tác giả đã diễn tả cuộc đời mình một cách chân thành và làm động lực cho rất nhiều bạn trẻ nên recommend cho mọi người tìm đọc",5,2020-05-28 21:50:11,22383811,22383812
489108,"Review một chút cho bạn nào quan tâm về cuốn sách Becoming - Michelle: “Nội dung sách là những câu chuyện về cuộc đời Michelle Obama, từ tuổi thơ ở Chicago đến những năm tháng giữ vị trí điều hành, bí quyết cân bằng áp lực giữa công việc và gia đình, cho đến 8 năm quyền lực sống tại Nhà Trắng. Đó là những câu chuyện của một người phụ nữ có tố chất mạnh mẽ và sâu sắc, người đã kiên định, nỗ lực hiện thực hoá ước mơ của mình và truyền cảm hứng trong hành trình tự khẳng định bản thân trong mỗi người” => Một cuốn sách đáng và nên đọc. Mến thương ❤️",5,2020-04-09 09:09:52,22383811,22383812
43163,"Tiki giao đúng hạn. Mình đọc bản tiếng Anh rồi, mua bản này cho mẹ mình đọc. Dịch rất ổn, dù có vài chỗ hơi khác bản gốc nhưng vẫn giữ được nghĩa chung của đoạn văn. Rất nên đọc cuốn này để hiểu hơn về người phụ nữ quyền lực nhất nước Mỹ thời Obama.",5,2020-05-16 12:42:16,22383811,22383812
8215085,"Nội dung k có gì để bàn cãi nhưng sách tiki giao bị nhăn mép bìa... Mình vẫn cho 5* vì nội dung nhưng tiki nên xem lại cách đóng gói và kiểm tra chất lượng sp. 3 lần mình mua gần nhất lần thì bẩn, lần rách trang bên trong, lần này nhăn mép",5,2019-11-04 10:45:31,22383811,22383812
6926443,"Tiki giao hàng nhanh, đóng gói kỹ, nói chung là hoàn hảo. Mình chưa đọc nên chưa đưa ra nhận xét bên trong quyển sách được. Nhưng nhìn sơ qua thì khá là hài lòng. Mình mua được giảm hơn 50% nên cũng tò mò muốn đọc xem chất lượng sách bên trong thế nào?.",5,2020-09-04 07:33:06,22383811,22383812
673745,"Giao hàng nhanh, bạn nhân viên gia hàng rất thân thiện. Sách được đóng gói cẩn thận, có bọc kính ở ngoài. Mình đã đọc được một nửa và cảm thấy nội dung được viết rất chân thực và cuốn hút.",5,2020-06-24 00:31:24,22383811,22383812
7186599,"Tiki giao hàng nhanh chóng, sách mới, chất lượng giấy tốt, không chóa mắt, luôn ủng hộ Tiki đặc biệt là nhà sách Tiki. Nội dung sách là câu chuyện về cuộc đời của Đệ nhất phu nhân da đen đầu tiên qua chính những lời tự sự của Michelle Obama. Lời văn nhẹ nhàng, gần gũi giúp chúng ta hiểu hơn về cuộc đời của người phụ nữ phi thường, luôn cống hiến hết mình cho gia đình và xã hội, luôm khẳng định bản thân và khát khao cháy bỏng thay đổi nhận thức của con người về màu da và giới tính. Tóm lại, đây là một cuốn sách hay nên đọc.",5,2020-03-04 05:50:55,22383811,22383812
6675871,"Câu chuyện của Michelle Obama thật sự rất hay và truyền nguồn cảm hứng lớn cho người đọc. Ngoài ra, chúng ta cũng có thể hiểu thêm 1 tí về cuộc sống của gia đình Obama khi đọc cuốn sách này. Tuy nhiên, lối viết văn của bà Michelle không chuộng nhiều người đọc cho lắm. 1 số người đọc sẽ thấy buồn ngủ và khô khan. Nhưng đối với mình thì cực cực hay nha! ?",5,2020-02-20 21:43:50,22383811,22383812
14178948,"Lần đầu tiên mình đặt sách trên tiki. Thời gian giao hàng k nhanh lắm, 4 ngày. Bìa sách đẹp, nhưng chất giấy ngả vàng, k trắng như mình nghĩ. Nội dung sách rất hay, mình mới đọc tầm chục trang mà thấy cuốn hút lắm",5,2020-02-18 10:45:02,22383811,22383812
6723003,"Sách mình nhận đc k có gì ảnh hưởng nghiêm trọng tới vẻ bề ngoài (mình k quá khắt khe về cái này nên bỏ qua), bìa cứng cáp, giấy xịn xò, dày, mịn, cực đẹp, màu giấy k gây mỏi mắt, sách dày và hơi nặng, nội dung mình rất thích. Mình thích phần từ khi Michelle gặp Obama trở đi hơn là phần đầu về gd và sự nghiệp trước khi gặp Obama của bà. Đọc xong thì mình hiểu thêm về chính trị Mỹ, Nhà Trắng, nước Mỹ, quá trình vận động tranh cử,... Đọc đến mấy chỗ khủng bố cũng thấy hỏi chấm bọn khủng bố, tức nữa. Đọc đoạn chờ công bố kết quả tranh cử cũng hồi hộp. Thấy cuộc sống của những người liên quan đến chức vụ và quá trình đấy thực sự rất vất vả, mệt mỏi và bị xáo trộn nhiều. Đọc đoạn Donald đắc cử thấy hỏi chấm luôn, cũng hơi tức. Nói chung là phần sau đọc xong thì mình hay nói ""Tức ghê"" vs ""Hỏi chấm"". Cũng có chỗ hài, có chỗ lãng mạn tình cảm. Mình rất thích quyển sách này. Đọc xong vào ngày 13.12.2019, xong giờ thấy hứng thú vs những quyển hồi kí của tổng thống và ứng cử viên tổng thống Mỹ hơn (sắp có sách của bà Hillary, sẽ mua sách của Bush, k biết có mua của Donald k nhưng hiện tại chưa có hứng thú đọc về ông ý, k hiểu sao k thích ông ý lắm). Nên mua nha các bạn.",5,2020-01-26 23:14:49,22383811,22383812
16646198,"mới mua tặng cho bạn. nội dung ko bàn đến nhưng thấy tiki giáo hàng nhanh, sách ko bị lỗi như một số bạn. Sách bìa cứng nhìn chắc chắc, đẹp",5,2020-05-18 15:34:41,22383811,22383812
1622633,"Mình mới nhận hàng ngày hôm qua, công nhận tiki giao hàng nhanh kinh khủng luôn. Sách in thì không thể chê được, giấy đẹp, sắc nét. nội dung thì mình chưa bàn tới, sau khi đọc xong mình sẽ review cho mọi người biết cụ thể.",5,2019-12-14 07:49:01,22383811,22383812
5382842,"sách giấy và bìa đều rất đẹp. đúng là tiền nào của đó. nội dung kể về cuộc đời từ hồi nhỏ, đến mẫu giáo, trung học,đại học, gặp và kết hôn với tổng thống,...",5,2019-08-23 20:12:47,22383811,22383812
8369458,"Cái cảm giác mà mở hộp hàng, mở bao bóng bọc sách, sờ,chạm, ngửi mùi sách mới nó còn sung sướng hơn mua được bộ đồ mới. Lần này Tiki giao nhanh, mình thấy khá nhiều cmt bảo gáy sách bị gãy và giấy bên trong cắt chưa kĩ, may mà sách của mình chỉ bị nhẹ. Mùi sách thơm và chất giấy mịn xịn lắm còn nội dung thì chưa đọc xong nhưng nó bán đc hơn mấy triệu bản chỉ từ năm ngoái tới nay thì tất nhiên là bạn hiểu nội dung có sức ảnh hưởng đến mức nào rồi. Chúc mọi người học được ít nhiều những sự truyền động lực của bà!!",5,2019-12-02 20:00:26,22383811,22383812
1687103,"Quyển hồi ký thực sự làm mình rất xúc động. Mình cảm nhận được nạn phân biệt chủng tộc hiện hữu, cách giáo dục và tình yêu từ gia đình, lòng biết ơn, sự cố gắng không ngừng nghỉ và nhiều trái tim nhiệt huyết bên cạnh một trái tim ấm áp.",5,2020-06-06 01:04:22,22383811,22383812
180512,"Giao hàng nhanh chóng, sách đẹp được bọc kĩ càng, rất hài lòng",5,2020-08-09 11:08:02,22383811,22383812
12032,"Đọc cuốn này mới thấy đúng là “mây tầng nào gặp mây tầng đó”. Để ráng tập thể dục nhiều nhiều, dãn cơ cho dẻo để búng nhảy cho cao, để sớm được gặp mây cao cao mới được ? Cơ mà người ta nổi tiếng cũng đúng, cũng có lý do của nó... Người gì đâu mà giỏi dữ thần... Đọc đi mấy bợn, cho có động lực sống động lực phấn đấu làm việc ???",5,2019-11-10 13:04:42,22383811,22383812
1247299,"sách đóng gói kĩ, mới tinh, giấy nhẹ, mướt, đọc rất thích. văn phong của tác giả khá lạ, thu hút, đọc nghiền ngẫm sẽ thấy rất giá trị. cám ơn Tiki và anh shipper.",5,2019-09-01 23:23:52,22383811,22383812
8856118,"Perfect. Cuốn sách viết từ góc nhìn của người phụ nữ nên rất gần gũi và nhiều cảm xúc. Không chính trị, giáo điều. Cuốn sách dày nhưng đọc xong vẫn thấy nuối tiếc, muốn becoming dài thêm và đồng hành được nhiều quãng hơn trong cđ của ng phụ nữ đó.",5,2020-03-20 15:03:47,22383811,22383812
933017,"Mình chưa đọc sách nên chưa biết review nội dung ra sao. Nhưng mà sách được bọc rất cẩn thận, giao hàng cũng rất nhanh và giá thì rẻ hơn so với bình thường nữa",5,2020-12-23 20:45:57,22383811,22383812
660719,"Nhận được sách rất ưng vì hình thức đẹp, không bị bám bẩn hay móp méo. Chất lượng bản dịch được mọi người đánh giá tốt. Lại còn mua trúng đợt tiki giảm giá còn có 210 nghìn, cầm quyển sách trên tay mà thấy hạnh phúc ghê lắm.",5,2020-08-13 12:28:39,22383811,22383812
335143,"Trước tiên tôi phải thừa nhận rằng không có điều gì khiến tôi thích hơn là được đọc một quyển sách hay. Khi đọc BECOMING, tôi bất ngờ nhận ra tập hồi ký của Michelle là một quyển sách thực sự đặt biệt. Tôi không chỉ yêu mến mà còn rất tự hào về Michelle. Quyển sách là những tâm sự, chia sẻ từ trái tim rất chân thực, hấp dẫn, lôi cuốn - và - đầy quyền năng. Oprah Winfrey.",5,2019-09-20 14:51:38,22383811,22383812
13022654,Sách thật hay và giàu ý nghĩa. Đây là một trong những cuốn sách hay nhất mà tôi đã từng đọc,5,2019-10-30 17:50:06,22383811,22383812
8949879,"Becoming không chỉ là một câu chuyện ký ức sinh động về trải nghiệm rất riêng tư của một người phụ nữ có tư chất đặc biệt mà nó còn tái hiện rất chân thật những lát cắt lịch sử nước Mỹ đầy thăng trầm, vui buồn lẫn lộn trong cuộc đời Michelle Obama từ thuở thiếu thời đến khi bước vào Nhà Trắng. Thật sự quyển sách này rất đáng tiền các bạn ạ",5,2019-09-20 07:41:02,22383811,22383812
6302642,"Mình háo hức quyển này từ rất lâu rồi, khi ở việt nam có bản tiếng việt là mình mua luôn. Sách rất xịn, nội dung cũng hay. Đọc xong thấy mình cần mạnh mẽ, quyết đoán hơn nữa. 2 người phụ nữ da màu mà mình rất ngưỡng mộ là Michelle Obama và Oprah Winfey. nhưng tiểu sử của Oprah đọc lôi cuốn hơn .",5,2019-08-05 10:10:59,22383811,22383812
1372271,"Mình là người không yêu sách! Thành thật là như vậy. Mình hiếm khi đọc hết trọn vẹn 1 quyển sách. Nhưng sức hút của Michelle Obama và cách kể của her khiến mình chăm chỉ đọc nó ít nhất 1h mỗi ngày. Mình mới đọc được khoảng 1/10 quyển sách nhưng cảm thấy nó đáng đọc. Mỗi chuyện Michelle kể mình luôn rút ra, hoặc tự bà ấy rút ra cho mình được những điều giá trị, như cách dạy con, tâm lý 1 cô gái mới lớn... Mình sẽ đọc hết nó.",5,2019-08-13 11:28:07,22383811,22383812
14383949,"Cuốn sách hay,nên mua, chất lượng rất OK.Mình may mắn khi mua sản phẩm giá chỉ có 250k nên rất vui. Khoản mua sách tiki là số 1 rồi.",5,2020-04-08 08:13:33,22383811,22383812
8093705,"Tôi đã quyết định mua cuốn sách ngay từ lúc đọc câu"" Success isn't about how much money you make, it's about the different you make in people's lives"" .Đến khi đọc nội dung thì quả thực cuốn sách đã không làm tôi thất vọng. Không chỉ là bài học,suy tư và hành động trong cuộc sống mà còn truyền cảm hứng cho bất kỳ",5,2019-07-30 10:12:56,22383811,22383812
5867951,Mình canh mãi mới đợi ngày sale 60% :))) Tiki đóng gói và giao cho mình khá là nhanh dù mình ở tỉnh. Nhận sách khá là hài lòng không có gì thất vọng cả.,5,2021-01-15 16:25:04,22383811,22383812
6750511,"Nhận dc sách lần nào cũng vô cùng hào hứng. Sách bao đẹp, chuẩn chất lượng. Tiki giao hàng rất nhanh.",5,2019-08-06 09:36:18,22383811,22383812
10643697,"Tôi mua khi sách sale 50%, nhưng sách mới và được đóng gói cẩn thận, vì chưa xem nội dung nên chưa có nhận xét. Giao hàng siêu nhanh, tôi đặt chiều thứ 2 (6/1) mà trưa thứ 3 (7/1) đã nhận được hàng rồi, bình thường sau 2-3 ngày đặt hàng sách mới về tận tay.",5,2020-01-08 20:33:52,22383811,22383812
6412082,"Sách rất đẹp, thêm cả dây bookmark nữa. Rất đáng để dành thời gian để đọc.",5,2020-01-01 22:08:19,22383811,22383812
19788249,"- Dịch vụ: Tiki giao hàng nhanh bất ngờ, đặt tối hôm trước hôm sau đã nhận được hàng ? - Về sách: cuốn sách nên có của mọi cô gái hiện đại",5,2021-01-19 12:47:43,22383811,22383812
8548069,"giao hàng nhanh , chưa kịp chụp ảnh để đánh giá nói chung là gói cẩn thận sách đẹp vì là quà tặng người nhận quà rất hài lòng ? khoe luôn cuốn mình được tặng này đọc bao phê !",5,2020-04-10 22:10:47,22383811,22383812
461439,"Ngày click chuột mua sách mình không hề đắn đo về giá cả, bởi giá trị quyển sách mang lại cực kỳ lớn, mình không hối hận khi phải mua, đọc tuyệt vô cùng, sách hay bởi tính nhân văn - nghị lực phi thường đáng học hỏi, đọc cuốn hút vô cùng, mình thích lắm. Cám ơn TIki",5,2019-07-23 15:01:08,22383811,22383812
2111165,"Sách còn nguyên bao bì, đẹp. Tiki giao hàng nhanh và anh giao hàng rất dễ thương. Cảm ơn Tiki.",5,2020-11-11 09:38:50,22383811,22383812
1616597,Mình vừa nhận chiều này. thông báo thứ hai có mà mãi thứ ba mới được giao. được an ủi khi sách không bị móp và bọc nilong cẩn thận cảm ơn tiki nhá.,5,2020-10-13 22:26:16,22383811,22383812
7882071,"Bao bì đẹp, cẩn thận, sách không bị móp méo. Chỉ tiếc không được bookcare",5,2021-01-20 08:11:48,22383811,22383812
363397,?? rất hay.,5,2021-02-20 20:35:32,22383811,22383812
5856612,"Tiki giao hàng nhanh, đóng gói kĩ càng, sách đẹp, hay ho, cảm ơn tiki nhìu nha!!",5,,22383811,22383812
14794125,Fan của Michael lâu rồi mới được đọc cuốn sách về cuộc đời bà. Ngưỡng mộ vk ck nhà Obama vơi lối sống giản dị đời thường và gần gũi. Rất tuyệt! Sách mình thích và luôn coi bà là hình mẫu phụ nữ tuyệt với để học hỏi,5,2020-03-03 23:16:43,22383811,22383812
10410643,"Sách đẹp, chắc chắn và hay. shipper giao hàng nhanh hơn 1 ngày. Mình đặt từ tối thứ 7 mà sáng thứ 2 đã có hàng( nhà ở Phú Thọ)",5,2021-01-18 20:22:21,22383811,22383812
16829743,Sách của Đệ nhất phu nhân thì chắc không cần bàn cãi nhiều nữa...nhưng tiki gói sách không có tâm gì cả..nhăn hết luôn ấy ạ..mong tiki sẽ chú ý ạ,5,2020-07-09 21:40:32,22383811,22383812
724469,"Tác phẩm dịch ngoại văn hay nhất từng đọc Việt hoá rất tự nhiên, mượt mà, sang, đắc! Nội dung hay!",5,2021-06-07 17:31:53,22383811,22383812
2137871,"Sách là câu chuyện về cuộc đời của Michelle Obama, giọng văn gần gũi nhẹ nhàng, sâu lắng. Khá hay, thi thoảng rảnh mình đọc. Tiki giao hàng cuốn này nhanh, cho hộp cẩn thận",5,2020-01-12 19:41:53,22383811,22383812
15940598,"Cuốn sách mà các bạn nữ nên đọc 1 phụ nữ, 1 người vợ, 1 người mẹ tuyệt vời Cuốn sách truyền cảm hứng cho mình rất nhiều",5,2020-10-31 21:43:35,22383811,22383812
18487341,"Hàng chất lượng, bìa đẹp hình ảnh màu đẹp, giao cực nhanh",5,2021-01-14 17:31:43,22383811,22383812
5852013,"Sách đẹp ngoài sức tưởng tượng của mình. Mở hộp ra cảm thấy rất thích thú, tiki gói hàng cẩn thận và giao hành nhanh. Nội dung chắc chắn sẽ làm hài lòng những ai mong đợi về nó?",5,2019-09-23 13:56:02,22383811,22383812
12700383,"Giao hàng nhanh, sách đẹpppppp, có một lỗi nhỏ nhưng k sao bỏ qua dc . 10 điểmmmmmmmmmm?❤️?‍♀️?",5,2020-03-11 15:21:49,22383811,22383812
15766837,"giáo hàng nhanh. sách đẹp, giâý trơn mịn .nội dung sách sẽ đánh giá sau",5,2020-09-03 21:27:57,22383811,22383812
318373,"Mình đang đọc, sách in chất lượng, đóng gói hàng chắc chắn, mong sẽ có những bài học thua vị.",5,2021-05-23 10:29:44,22383811,22383812
5875704,"chất lượng sách rất tốt, lại còn được tặng kèm 1 bộ bookmark xinh xắn. Tui mê quyển này lắm, lại còn mua đc giá tốt ?",5,2020-11-17 08:32:21,22383811,22383812
439041,"Sáng đặt hàng, chiều nhận được luôn dù kg sử dụng Tikinow. Sách đẹp, còn nguyên bao nilon. Giá siêu tốt, giảm dc 40-50%",5,2020-11-13 22:36:41,22383811,22383812
23348,"Một cuốn sách tự sự về cuộc đời phu nhân đương kim tổng thống , hơn cả một gia đình và cả một câu chuyện đáng đọc và truyền cảm hứng cho mọi người.",5,2021-02-17 10:12:59,22383811,22383812
5400578,☘️ hàng chuẩn đẹp giá ưu ái.chuc CTY bban đắc csông gdinh luôn van sự như ý nhé ??? Điểm cảm ơn tiki chức tiki ngày thêm đong khách hàng...?,5,2020-04-27 22:49:06,22383811,22383812
1285346,"Tôi đặt sách hôm qua ngay khi mở bán và chưa có dấu Tiki Now do vậy hạn giao sách đến tận 23/7. Hôm nay mở ra thấy có Tiki Now, bản thân tôi có dịch vụ đó cho đến 2020, vậy xin hỏi sách đã đăng ký mua rồi có chuyển qua được Tiki Now ?",5,,22383811,22383812
13713220,"Giao hàng nhanh, Shipper thân thiện, sách rất đẹp, nội dung ý nghĩa",5,2020-08-13 15:00:52,22383811,22383812
16988347,"Một cuốn sách viết về đệ nhất phu nhân Mỹ. Nó không chỉ viết về cuộc đời của bà mà nó còn cho ta cái nhìn sâu hơn về giáo dục con cái, tình cảm gia đình tác động đến con trẻ như thế nào",5,2020-04-28 13:15:30,22383811,22383812
22154912,Sách đỉnh lắm nha mng nhưng phần gáy sách hơi móp 1 tẹo phía dưới chắc do bên đvvc. Rẻ hơn những chỗ khác và đáng tiền lớm 😚👍,5,2021-08-08 17:33:44,22383811,22383812
8794972,"Lần nào mua hàng cũng ok hết. Đáng phải có trong tủ sách, câu chuyện rất thu hút không tiếc khi mua cuốn sách này",5,2019-08-07 22:30:51,22383811,22383812
9981331,"Sách rất đẹp, chất lượng giấy tốt, nội dung thì cực kì hay, cho ta hiểu thêm về cuộc đời của phu nhân của một vị tổng thống là như thế nào. Mình mới đọc hết một nửa thôi và thấy rất hay",5,2020-03-19 21:45:44,22383811,22383812
20476506,"mới đặt 10h tối hôm qua mà trưa nay về rồi, siêu nhanh mua giá hời, 175k nên rất hài lòng?",5,2021-03-26 08:54:38,22383811,22383812
8823888,"Giao hàng nhanh, đóng gói đẹp, sách rất hay, rình được đúng đợt sale 50% nên mua được giá tốt, rất đáng mua.",5,2020-10-12 12:59:24,22383811,22383812
16567347,"Sách giao quá nhanh, vừa đặt tối hôm trước là trưa hôm sau nhận hàng về luôn... Tiki gói hàng gọn gàng, cẩn thận, đẹp mắt, nhân viên giao hàng nhiệt tình k bố *** như mấy bên khác",5,2020-07-11 14:57:51,22383811,22383812
1540756,"Sách bìa cứng, chất giấy rất đẹp, nội dung thì hay khỏi bàn luôn! Tiki giao hàng nhanh lắm, đến trước cả ngày dự kiến giao 2 hôm. Perfect!",5,2020-02-25 23:45:48,22383811,22383812
9839402,"Đọc được một xíu, thấy hấp dẫn. Sách đẹp, tiki đóng gói cẩn thận. Có tặng kèm mảkbook lún. Lúc rảnh rỗi có thể vừa đọc sách vừa uống Càé rồi",5,2019-10-08 10:05:17,22383811,22383812
7540465,"Không thấy chủ nhân chê gì nên chắc là ổn, trừ việc giao trễ, canh để giao 8/3 thì 9/3 các ông mới giao, thế còn làm ăn gì nữa ?",5,2021-05-27 10:54:18,22383811,22383812
543426,"Quyển sách này thật sự quá hay. Cảm nhận được sự yêu thương con vô bờ bến của một người mẹ, là hậu phương vững chãi và luôn ủng hộ, đồng hành cùng chồng",5,2020-08-21 15:04:07,22383811,22383812
11904784,"Giao hàng ok , khâu đóng gói rất cẩn thận , khoing bị hư hỏng gáy sách hay gì hết , sách thì khỏi bàn rồi hén",5,2020-07-26 12:11:56,22383811,22383812
6960778,"Sách mới được bọc cẩn thận. Đọc trên kindle bản tiếng anh, mà vẫn muốn mua sách giấy về đọc thêm",5,2020-09-05 09:02:36,22383811,22383812
1660738,"Ngưỡng mộ bà Michella đã lâu, nay đọc sách cảm thấy cực kỳ thú vị, truyền cảm hứng, rất đáng để đọc. Tiki giao hàng đúng thời gian, được bao bọc cẩn thận.",5,2020-08-11 12:43:07,22383811,22383812
5934405,Cuốn sách tuyệt vời để hiểu thêm về 1 người có tầm trên thế giới,5,2021-04-21 14:51:04,22383811,22383812
13813935,"Sách rất đẹp, shop bọc cẩn thận. Giao hàng cực nhanh. Tặng shop 5 sao ạ⭐️⭐️⭐️⭐️⭐️. Tiki chưa bao giờ làm mình thất vọng. Luôn ủng hộ tiki❤️❤️❤️",5,2020-08-04 14:20:44,22383811,22383812
7725168,"Giao hàng nhanh, sách đẹp, bìa và chất giấy đẹp, nội dung thu hút dù mình chỉ vừa đọc vài trang. Sách đáng xem cho phái đẹp ❤",5,2020-01-31 18:47:23,22383811,22383812
1506723,Sáng nay mình đặt mua 2 cuốn . 1 cuốn cho mình và 1 cuốn tặng bạn. Sách rất hay và bạn mình rất vui khi món quà này!!! Cảm ơn Tiki Now nhiều nhiều!!!,5,,22383811,22383812
19152502,"Sách mới, đẹp vẫn còn bọc nilon. Tiki giao hàng nhanh hơn dự kiến. Nội dung sách thì mình đang đọc nên chưa nhận xét được.",5,2021-03-18 22:07:56,22383811,22383812
5702414,"sản phẩm in chất lượng tốt, giao hàng nhanh",5,2021-07-31 22:22:04,22383811,22383812
6941918,"chất lượng giấy tốt, đúng chuẩn chính hãng. ngoại hình đẹp, tuy bìa có méo chút nhưng không sao.mình mua giảm giá có 242k thôi, rất hài lòng cho đợt mua này",5,2020-07-03 17:03:12,22383811,22383812
6185362,Chưa bàn đến nội dung vì em chưa mở ra đọc. Nhưng giấy xịn mịn thì thôi rồiiiiii. Em chưa sờ đc vào quyển nào xịn như quyển này ?,5,,22383811,22383812
7828421,Mua sách trên tiki là thích nhất luôn. Ao ước mua cuốn sách từ nay nay đã mua được. Hihi. Giao hàng nhanh mới hôm trước đặt hôm sau có hàng luôn.,5,2020-09-26 12:39:00,22383811,22383812
12041195,"Mình đang đọc mấy trang đầu cũng thấy khá hấp dẫn. Chỉ hơi thất vọng vì bên bán ko bọc sách cẩn thận hơn, sách",5,,22383811,22383812
279977,6h sáng đặt thì chiều 3h đã có hàng dù mình chỉ dùng giao hàng tiêu chuẩn. Hàng gói rất đẹp. Sẽ tiếp tục ủng hộ tiki dài dài,5,,22383811,22383812
578811,"Chất lượng giấy rất đẹp. Đọc xong hiểu thêm nhiều điều về bà và Barack Obama, cách dạy con của mẹ bà rất đáng để học hỏi.",5,2019-09-04 11:34:55,22383811,22383812
12838621,"Sách được bọc nilon, không bị trầy xước, bị quăn 1 vài chỗ (có thể chấp nhận được) Nội dung: chưa đọc nhưng mong là sẽ không thất vọng",5,2020-08-25 15:31:45,22383811,22383812
40831,"sách nên đọc để rèn luyện bản thân trở thành người chồng, người vợ, người cha người mẹ, người ông, người bà có trách nhiệm",5,2020-07-19 12:54:55,22383811,22383812
281441,"Cuốn sách tuyệt vời cho những cô gái tin vào bản thân mình, nghị lực và muốn cuộc sống theo ý mình",5,2020-04-12 14:46:46,22383811,22383812
6689999,"Giao hàng nhanh chóng, sách còn trong bọc kính, mình rất hài lòng",5,,22383811,22383812
16875983,"Sách đẹp, shipper siêu dễ thương, đó giờ đều mua ở tiki và đều rất hài lòng",5,2020-09-03 14:09:00,22383811,22383812
278240,"Đọc quyển sách này làm cho mỗi người có cái nhìn rất chân thật về cs, ko phải cứ kiếm thật nhiều tiền là hạnh phúc, cao hơn thế là giá trị mình mang lại cho cs này",5,2020-01-19 19:05:42,22383811,22383812
11562131,"Giao hàng nhanh, nguyên seal, chất lượng tuyệt vời ❤️❤️❤️",5,2019-10-10 09:43:52,22383811,22383812
11210616,"Mua 6 cuốn liền, chưa đọc đến. Mới lướt qua nhưng hài lòng. Đây là cuốn sách có chất liệu giấy đẹp nhất của First New mà mình đã mua (chắc là vì vậy nên giá thành đắt)!",5,2019-10-20 12:27:10,22383811,22383812
6062015,"sách rất đẹp mua sale giá cực rẻ, mình rất hài lòng về sản phẩm",5,2020-10-14 17:16:11,22383811,22383812
16207658,Sách hay mua đk giá hời nên thíchhhh,5,2021-06-14 07:57:47,22383811,22383812
7455945,chẳng biết nói gì hơn. ?? great !,5,2020-04-14 19:34:48,22383811,22383812
6940486,"Cũng vì nghe nhiều review khen nên tò mò mua về đọc! Mua ngay đợt được giảm giá, sách dày, nặng, bìa đẹp long lanh, nguyên seal, đóng gói cẩn thận!",5,2020-05-11 00:18:50,22383811,22383812
9006715,"Mua sách đúng vào đợt sale khủng của Tiki, một cuốn sách hoàn hảo từ bìa sách, nội dung, chất lượng giấy in... Cám ơn Tiki rất nhiều!!!!!",5,2020-07-03 21:53:29,22383811,22383812
7817120,"Tiki giao hàng rất nhanh,sách mới,nguyên bì,đẹp...rất hài lòng. Nội dung thì mình chưa đọc nên chưa cmt.",5,2020-01-11 15:19:24,22383811,22383812
220089,Đã giảm nửa giá còn có bookcare dù mình không order. Giao hàng tốc độ ánh sáng :)))) lò vé mãi yêu,5,2020-02-10 18:36:26,22383811,22383812
152341,"Sách hay lắm nha, đọc có thêm nhiều động lực và cảm hứng, tuy có 1 số đoạn hơi chủ quan tác giả. Biết thêm chuyện tình đẹp nữa!",5,2020-07-06 11:12:24,22383811,22383812
19530482,"Gói hàng cẩn thận , hàng rất okee nha :33",5,2021-03-25 19:45:57,22383811,22383812
19178633,Chất giấy siêu đẹp. Rất đáng đồng tiên bát gạo nha cả nha. Mình mua đợt sale còn 216k. Hên ghê.,5,2021-03-30 18:57:54,22383811,22383812
18757896,"Sách được giao cẩn thận, nguyên vẹn. Nội dung của sách thì thật sự không có gì để chê cả.",5,2021-04-16 22:32:33,22383811,22383812
13089510,"Rất hài lòng, giao nhanh, đóng gói đẹp. Có thêm quà tặng dễ thương. Sách được giảm giá siêu yêu",5,2020-01-09 11:46:24,22383811,22383812
17018780,"Sách mới toanh❤️love TiKi,lần nào mua sách của TiKi cũng toàn mới sạch và đẹp❤️",5,2020-04-16 09:29:11,22383811,22383812
8432601,"Hàng được đóng gói bao bì cẩn thận, giấy in sách rất đẹp và chất lượng. Cực kỳ hài lòng.",5,2020-01-18 15:18:25,22383811,22383812
774703,"Sách lỗi chính tả rất ít nhưng nội dung vẫn đầy đủ và trọn vẹn. Là một cuốn sách nên có trong tủ sách. Những khi bạn hết động lực, hãy đọc quyển này!",5,2019-11-28 17:41:10,22383811,22383812
7000003,"Sách vẫn bọ trong bìa bóng chưa mở, mới như vừa lấy trong kho sách ra. Mình rất hài lòng",5,2020-03-05 12:16:46,22383811,22383812
13192622,Tốt.,5,2020-08-26 19:50:16,22383811,22383812
21969985,"Cực kỳ hài lòng với chất lượng sách, giá cả phù hợp, rất thích quyển sách này",5,2021-06-22 19:44:49,22383811,22383812
1471539,rất tuyệt vời! về cả giao hàng và chất lượng sách!,5,2020-11-05 08:52:41,22383811,22383812
16857432,"Sách được đóng gói đẹp, kỹ càng. Giao hàng nhanh, nhân viên nói chuyện lịch sự.",5,2020-04-08 15:11:49,22383811,22383812
10858876,"Một cuốn hồi kí chân thực về Michael. Bà rất thực tế, mạnh mẽ và nghị lực. Câu chuyện truyền cảm hứng cho nhiều người.",5,2020-07-21 06:09:27,22383811,22383812
8630861,Cảm ơn shop đã đóng hàng cẩn thân giao hàng nhanh chóng.,5,2020-10-16 20:37:55,22383811,22383812
9691454,Đối với mình đây là quyển sách rất hay và rất đáng để đọc. Sau khi đọc xong mình quyết đinh sẽ mua thêm 1 quyển bản gốc.,5,2020-07-08 12:02:34,22383811,22383812
6724928,"Sách đẹp, giấy đẹp... Rất hài lòng, rất nóng lòng đọc sách :D Hi vọng may mắn sẽ đến sau 2 tuần nữa :D",5,2019-09-14 18:26:24,22383811,22383812
11589358,rất đáng để đọc,5,2021-06-24 11:43:14,22383811,22383812
800131,"Sách đẹp, tiki giao hàng nhanh. Mình chỉ mới đọc được vài trang nhưng thực sự nội dung sách rất lôi cuốn, hấp dẫn. Rất đáng để tìm đọc",5,2020-03-13 07:51:43,22383811,22383812
804474,Sách hay đẹp giao hàng nhanh,5,2021-05-03 14:50:33,22383811,22383812
602481,Cuốn sách cho mình hiểu về cuộc đời của một người phụ nữ có tầm ảnh hưởng. Hiểu được tại sao bà có thể trở nên xuất chúng như vậy,5,2020-02-23 19:51:56,22383811,22383812
7274534,"Vẫn là tiki, vẫn luôn giao hàng nhanh đến bất ngờ. Sách thì quá tuyệt rồi.",5,2020-04-25 12:07:01,22383811,22383812
6453765,Giao nhận rất đúng thời gian. Đóng gói gọn gàng và chuyên nghiệp. Mong là 2 đơn tới như đơn này. Tks Tiki,5,2019-09-17 16:34:40,22383811,22383812
11498167,"Rất cảm ơn Tiki đã giao hàng rất nhanh, đặt chiều hôm trước sáng hôm sau đã nhận được luôn, sách mới và được bọc cẩn thận.",5,2020-05-02 15:09:05,22383811,22383812
7789177,"Rất hài lòng về Tiki, sách đóng cuốn cực kỳ đẹp và đẳng cấp. Sách thuộc hàng Best Seller phải đọc.",5,2019-07-17 20:11:45,22383811,22383812
6059146,"sản phẩm tốt , tiki bọc sách gọn gàng , giao hàng siêu nhanh , sách quá mới , sẽ tiếp tục ủng hộ",5,2019-10-11 17:22:47,22383811,22383812
6219205,Sách bìa cứng đẹp. Giao hàng nhanh.,5,2021-01-20 10:32:43,22383811,22383812
12686613,"Sách mới, còn nguyên seal. Rất hài lòng!",5,2020-12-14 19:28:37,22383811,22383812
329942,Cuốn sách truyền cảm hứng khá tốt cho phụ nữ. Mỗi lần có vấn đề không mong muốn hay chán nản trong công viec minh lai doc,5,2020-06-06 15:49:58,22383811,22383812
7158884,"Mượn của bạn đọc được 50-60% quyển, thực sự hay và cuốn hút nên thấy sale là phải mua ngay ko chần chừ!",5,2020-09-07 14:08:23,22383811,22383812
2027349,"cảm ơn ti ki,sản phẩm đóng gói chắc chắn,đẹp, mình đã đọc được hơn nửa quyển, cảm thấy cực kì thú vị, đáng đồng tiền bát gạo",5,2020-01-11 06:59:25,22383811,22383812
1750537,"Mình mua làm quà tặng rất ưng! Sách bọc nilon nên không bị bụi hoặc ố như 1 số quyển đã mua trên Tiki Bìa cứng, có dây màu đánh dấu trang đang đọc",5,2019-10-17 15:19:17,22383811,22383812
531488,Phu nhân Tổng thống mà mình yêu quý nhất đã đúc kết những thông điệp đầy sức nặng tại đây!,5,2020-10-30 23:56:51,22383811,22383812
16605596,,5,2021-08-07 19:43:27,22383811,22383812
5853330,"sách đẹp, giao hàng nhanh, nội dung sách truyền cảm hứng.",5,2020-06-18 11:55:36,22383811,22383812
129587,"Nội dung sách thì khỏi bàn. Mình rất hài lòng về thời gian giao hàng của Tiki và chất lượng giấy, sách của Cựu Đệ nhất phu nhân có khác, đáng đồng tiền.",5,2019-08-08 05:29:01,22383811,22383812
5223795,Đây là một quyển sách hay,5,2021-01-19 16:32:34,22383811,22383812
10230784,"Sách đẹp, em thấy kết cấu có vẻ hơi lỏng lẻo sách k được chắc chắn cho lắm.. dù sao cũng ổn ạ. Em cảm ơn shop",5,2020-05-25 00:40:57,22383811,22383812
12293458,"Khá ấn tượng về cuốn sách hay, rất y nghĩa, cảm ơn TIki đã giao hàng rất nhanh",5,2019-12-09 18:38:16,22383811,22383812
1415648,"Tốc độ giao hàng của tiki thì khỏi chê r Sách bản lớn, bìa dày dặn đẹp đẽ, cầm quyển sách mà thích dã man. Còn nội dung thì chỉ một từ thôi, PERFECT",5,2019-08-07 08:16:19,22383811,22383812
21709171,hài lòng,5,2021-05-14 14:48:20,22383811,22383812
15059960,"Giao hàng nhanh, sách đẹp, mua duoc sale. Đang chuẩn bị thưởng thúc nội dung",5,2020-01-13 13:32:48,22383811,22383812
206056,"Sách rất hay, chất lượng in rất tốt Nội dung khiến cho ta có thêm nhiều góc nhìn về một người phụ nữ tuyệt vời mang tên đệ nhất phu nhân",5,2019-10-23 14:22:08,22383811,22383812
1301328,,5,2021-06-21 14:48:10,22383811,22383812
1830486,"Từ chất lượng giấy, in ấn, nội dung... tất cả đều rất tuyệt! 5 sao!",5,2021-03-13 18:04:06,22383811,22383812
18611778,Hshshsh,5,2021-05-03 21:41:09,22383811,22383812
12784054,,5,2021-06-09 17:22:15,22383811,22383812
316217,"Sách hay - bìa sách đẹp - giấy in tốt. Nội dung sách rất hay, đáng để gối đầu giường, đặc biệt là cho các cô bé mới lớn. Tiki bọc sách đẹp ?",5,2019-08-22 22:36:36,22383811,22383812
1574213,"Quyển sách đáng mua, đọc mới được đoạn đường đầu thôi nhưng cảm thấy đắm chìm trong câu chuyện của cô Michelle",5,2020-03-26 00:52:01,22383811,22383812
8875977,,5,2021-06-06 12:41:21,22383811,22383812
20649852,Sách đẹp!,5,2021-03-20 23:04:49,22383811,22383812
5342013,Giao hàng rất nhanh dù giữa mùa dịch Điểm 10 cho tiki,5,2021-08-02 08:41:06,22383811,22383812
13552782,"Sách rất hay, đọc mà biết nhiều hơn về Michelle, biết thêm về nước Mỹ và nhiều vấn đề xung quanh cuộc sống của bà tại Nhà Trắng",5,2019-11-17 20:18:15,22383811,22383812
6794806,Đây là một cuốn hồi ký có góc nhìn thật sự rất hay và ấm áp,5,2021-04-20 16:48:20,22383811,22383812
7309075,Đọc được hơn nửa rồi. Rất hay có điều dài quá nên đọc 1 mạch hơi ngán,5,2021-01-22 19:16:21,22383811,22383812
13534892,"Quyển sách này khá hay, thời gian giao hàng nhanh hơn dự kiến",5,2020-03-18 22:54:09,22383811,22383812
8471425,,5,2021-05-24 10:22:38,22383811,22383812
5279207,"Tuyệt vời, sách đẹp nội dung hay, đc quà tặng bookmark nữa chứ thích lắm lun",5,2019-10-27 16:02:41,22383811,22383812
6055847,"Một cuốn hồi ký hay và chân thực, tràn đầy năng lượng tích cực.",5,2020-01-02 22:41:58,22383811,22383812
1428143,"sách còn bọc nilong cực kì đẹp, mới. tiki vẫn nhanh nhẹn như mọi lần",5,,22383811,22383812
424905,"Nội dung sách thì không dám bàn, nhưng hình thức thì tuyệt vời, chất lượng dịch vụ của Tiki cũng rất tốt. Cảm Ơn Tiki!",5,2020-02-10 21:27:21,22383811,22383812
1786843,Chưa đọc nội dung nhưng thấy sách rất chất lượng. Giao hàng nhanh,5,2020-01-09 20:16:17,22383811,22383812
17249577,"Mua được giá tốt mà sách lại mới tinh tươm, đẹp lắm ạ ❤️",5,2021-03-16 18:51:39,22383811,22383812
6656123,"Tiki giao hàng nhanh, mình vừa đặt là sau 2 hôm sau có hàng giao luôn. Sách được bao bọc cẩn thận, có luôn lớp kính bên ngoài.",5,2020-01-08 13:09:56,22383811,22383812
9854137,"Sách mới cứng trong bọc, ship nhanh",5,2020-08-19 18:11:40,22383811,22383812
14931289,"Vừa nhận được sách, sách cực đẹp.",5,2020-07-14 11:20:31,22383811,22383812
217349,"Sách được làm rất tỉ mỉ, bìa sách rất đẹp. giấy cũng rất tốt nữa, thật sự không có gì để chê. lời dịch cũng rất trau chuốt",5,2019-10-02 10:46:00,22383811,22383812
5334792,Đóng gói cẩn thận,5,2020-11-26 06:36:45,22383811,22383812
16124720,"tiki giao hàng nhanh, sách được đóng gói kĩ càng, cẩn thận",5,2020-02-07 10:00:58,22383811,22383812
16170535,Xịn lắm ạ,5,2021-01-05 20:14:26,22383811,22383812
15228765,"sách rất tuyệt, gói hàng thì cẩn thận. Thank all❤",5,2021-06-10 17:31:13,22383811,22383812
7783963,"Đóng gói đẹp, sách cầm cảm giác khá chắc chắn, mọi người nên mua",5,2019-11-09 19:23:22,22383811,22383812
8578304,Nhìn thôi cũng đủ yêu rồi..! Một cuốn sách thực sự đáng tiền và nên đọc,5,2019-08-31 12:00:19,22383811,22383812
9860717,"Hàng rất ok, đóng gói đẹp, kỹ càng, sẽ ủng hộ nữa,",5,2020-01-31 11:22:18,22383811,22383812
10013598,Sách rất ok ạ! Tuy nhiên bìa có chút hơi móp một chút và mấy trang đầu bị dính mép hơi khó chịu ??,5,2020-05-19 11:46:18,22383811,22383812
1037643,"sách rất hay, rất sâu sắc, sách truyền cho em rất nhiều động lực để tiếp tục nổ lực và phấn đấu",5,2020-04-10 19:13:16,22383811,22383812
1498001,Mua tặng nên đánh giá hình thức sách cực kì xuất sắc.,5,2021-04-06 09:54:41,22383811,22383812
8694953,giao nhanh. cực kì hành lòng về chất lượng lẫn giá tiền.,5,2019-12-24 17:00:59,22383811,22383812
11495187,"sách đẹp, nội dung chờ xem xong mới biết.",5,2021-07-03 18:29:10,22383811,22383812
6578033,lên đây để nói cho mọi người biết là nên mua sẽ không hối hận đâu. Dịch vụ tốt nếu có 10* thì cho cũng đáng,5,2020-01-10 13:43:43,22383811,22383812
5362136,"Bạn nhà mình rất thích, tiki giao hàng nhanh, chất lượng sách tốt. Cảm ơn rất nhiều!........",5,2020-07-03 15:40:33,22383811,22383812
5933384,"Sách xịn và chất, chưa thấy lỗi gì ạ. Lần sau mình sẽ mua tiếp ở đây :)",5,2020-10-18 10:55:31,22383811,22383812
11076456,Giá trị cuốn sách mang lại nhiều hơn giá bìa rất nhiều. Cảm ơn vì đã có duyên gặp gỡ ?,5,2020-06-26 13:25:18,22383811,22383812
18912140,,5,2021-02-06 17:21:18,22383811,22383812
7414691,"Đây là quà tặng của mình cho bạn, chưa đầy 24 tiếng sách đã đến tay người nhận. Thật tuyệt vời. Luôn ủng hộ tiki",5,2019-11-13 22:30:52,22383811,22383812
12358014,,5,2021-01-15 20:46:31,22383811,22383812
1196512,"Về nội dung và hình thức thì không phải bàn nhiều, sản phẩm tuyệt vời, rất hay, chị em phụ nữ nên đọc.",5,2020-01-16 10:00:42,22383811,22383812
16809856,"Giao hàng nhanh và sách mới, ko bị lỗi :)",5,2020-03-20 16:12:40,22383811,22383812
10771340,"Quyển sách đáng đọc, mà tiki lại hay sale. Mua đc giá quá hời. Cảm ơn nhiều",5,2020-09-02 20:49:39,22383811,22383812
7509770,sách hay,5,2020-11-03 21:51:39,22383811,22383812
5753188,sách đẹp,5,2020-10-15 11:16:53,22383811,22383812
13604631,tuyệt vời,5,2020-10-08 16:23:50,22383811,22383812
10211862,,5,2020-12-19 12:46:50,22383811,22383812
17365237,,5,2020-12-17 14:00:40,22383811,22383812
587586,Wow... hay lắm nha. good good good good good good 😍,5,2020-01-21 01:01:15,22383811,22383812
11485843,,5,2020-11-26 16:37:39,22383811,22383812
1437847,Good and inspirational.,5,2021-09-25 14:58:38,22383811,22383812
16029459,"Sản phẩm rất tốt không có hư hại gì và giao rất nhanh, mới đặt tối hôm qua chiều mai đã có ^^.",5,2020-02-08 12:51:31,22383811,22383812
525915,"Tiki giao hàng nhanh, đóng gói sách cẩn thận. Sẽ tiếp tục ủng hộ Tiki.",5,2020-08-27 10:08:11,22383811,22383812
72459,"Nhẹ nhàng, rất phụ nữ và đầy tính nhân văn",5,2021-02-15 22:25:28,22383811,22383812
9634511,"Sách rất hay, chất lượng giấy tốt, mình đã mua rất nhiều sách trên tiki và mình rất tin tưởng",5,2020-02-12 22:45:37,22383811,22383812
5448319,cuốn sách quý,5,2021-10-11 12:06:09,22383811,22383812
7905033,"Giấy mướt đẹp.hài lòng. Săn sale đc giá rẻ, ko còn j để nói",5,2020-10-11 19:19:22,22383811,22383812
9029333,sách hay,5,2020-09-12 13:27:47,22383811,22383812
18672599,ôk,5,2020-10-17 13:03:49,22383811,22383812
481217,"Sách đẹp, chất lượng khỏi chê, nội dung thì vô cùng hữu ích, càng đọc càng thích. Mong tương lai có thêm sách mới.",5,2019-09-06 08:25:23,22383811,22383812
944901,"Sách rất hay, càng đọc càng cuốn hút. Thấy mình cần phải cố găng nhiều hơn nữa.",5,2020-04-29 10:52:08,22383811,22383812
11556359,"Giao hàng nhanh, tốt. Thanks tiki",5,2021-05-31 16:21:52,22383811,22383812
17888665,"sách đẹp mới, giá sale rẻ, like ??",5,2021-04-18 14:05:15,22383811,22383812
9671551,"Sách giao nhanh, chất lượng giấy tốt",5,,22383811,22383812
6387172,"Sách bọc cẩn thận, tuy chưa đọc hết nhưng khá thú vị .Nên đọc",5,2020-08-18 09:01:41,22383811,22383812
6563133,"Sách đẹp, không bị hư hại gì cả.Nhân viên giao hàng lịch sự.",5,2020-09-04 17:14:31,22383811,22383812
8282376,"Tiki giao hàng nhanh cực mới đặt trưa qua trưa nay có rồi. Sách đẹp, gói cận thận.",5,2020-04-16 11:34:34,22383811,22383812
14665843,Sách chất lượngggg,5,2021-07-25 19:22:41,22383811,22383812
30393,Cuốn sách rất đáng để đọc. Chỉ mới đọc phần mở đầu là đã thích rồi. Tiki giao hàng cũng rất nhanh nữa.,5,2019-09-08 13:02:41,22383811,22383812
1061486,Nhận quyển sách đã thấy yêuuu rồii . Dù là sách đắt thật đấy nhưng thấy xứng đáng với số tiền bỏ ra,5,2019-10-01 09:47:55,22383811,22383812
8245661,"Lằn nào mua cũng thích, shop đóng hàng chắc chắn. Cảm ơn shop nhiều",5,2020-08-05 09:51:15,22383811,22383812
14890867,đẹp và sạch sẽ và ko móp méo gì,5,2021-03-25 11:41:51,22383811,22383812
1137442,,5,2021-11-22 11:58:17,22383811,22383812
607085,"đáng đồng tiền. Sách rất lớn và nặng, thêm nữa là bìa cứng nhìn rất chắc chắn. Bên trong còn có ảnh màu",5,2019-09-05 17:41:55,22383811,22383812
14547,":) nhận n sách rồi, đọc xong mới nhận xét tiếp pppppppppppppppppppppppppppppppppppppppppppppppp",5,2020-02-14 14:03:32,22383811,22383812
6734634,"Giao hàng nhanh trong 2 tiếng, sách đẹp chuẩn bị đọc",5,2020-10-15 11:29:26,22383811,22383812
5661676,tiki không làm mình thất vọng. sách rất tuyệt,5,2020-12-04 15:33:50,22383811,22383812
1403639,cưc kỳ hài lòng,5,2021-07-08 14:35:35,22383811,22383812
8808989,Sách đóng gói cẩn thận. Giao hàng nhanh hơn dự kiến. Dịch vụ tốt,5,2020-06-24 06:13:19,22383811,22383812
1768219,"Chưa đọc nhưng bìa cũng như trang sách rất đẹp, hài lòng",5,2020-09-01 17:05:31,22383811,22383812
12325615,"Sách đẹp, chất giấy đẹp. Mình rất ưng. Cảm ơn Tiki nh nha",5,2020-08-13 21:07:37,22383811,22383812
6748363,,5,2021-10-24 21:33:43,22383811,22383812
8682331,"Sách đẹp, chất lượng giấy tốt, đóng gói cẩn thận, vận chuyển nhanh chóng.",5,2020-03-27 19:44:52,22383811,22383812
5310600,Hay,5,2021-10-02 17:38:34,22383811,22383812
8522758,Một quyệt sách rất hay. Tiki giao rất nhanh và mới hoàn toàn,5,2020-08-10 21:58:42,22383811,22383812
2138995,Truyền cảm hứng,5,2021-06-15 16:39:07,22383811,22383812
1361326,mình nhận xét mỏi tay quá =)))) sách hay bookcare đầy đủ và shipper đẹp zai nhaa,5,2020-03-20 11:20:59,22383811,22383812
499694,,5,2021-10-10 21:47:06,22383811,22383812
566538,"Cuốn hồi kí chân thành, giàu cảm xúc và tràn đầy cảm hứng từ cựu đệ nhất phu nhân Hoa Kỳ",5,2019-11-08 13:52:14,22383811,22383812
464616,"Sách còn nguyên bao kính, chất lượng giấy tốt, đẹp. Tiki giao hàng rất nhanh chóng.",5,2020-02-14 10:30:37,22383811,22383812
7332620,"Becoming - Chất Michelle sach hay , minh rat thich, cam on Tiki, giao nhanh, ban ship than thien..............................",5,2019-09-21 01:54:29,22383811,22383812
5670362,,5,2021-10-03 00:25:43,22383811,22383812
1523088,Sách đẹppp,5,2021-07-09 19:01:35,22383811,22383812
13229017,"sách ok lắm ạ, shipper tận tình, nội dung hay miễn bàn ???",5,2020-08-08 14:48:04,22383811,22383812
6309953,"quá ok cho các bạn trẻ nên đọc, rất nhiều nguồn cảm hứng",5,2020-07-04 16:40:22,22383811,22383812
782987,"Mua giùm người bạn nên chưa biết nội dung, nhưng hình thức đẹp, giao nhanh trong ngày.",5,2019-11-23 07:42:16,22383811,22383812
5267592,"Chất lượng giấy tốt, tiki giao hàng nhanh. Sách đáng để đầu tư mua và đọc",5,2020-02-24 14:28:09,22383811,22383812
22509090,,5,2021-09-12 18:48:40,22383811,22383812
10240209,,5,2021-09-05 08:53:18,22383811,22383812
989263,giao hàng nhanh đóng gói cẩn thận TUYỆT!,5,2020-11-09 20:57:46,22383811,22383812
336179,"Mua được giá giảm 50%, cuốn sách quành tráng quá, để dành đọc tết, cám ơn tiki",5,2020-01-15 13:58:01,22383811,22383812
15960711,đóng gói tốt,5,2021-05-25 18:22:58,22383811,22383812
16896886,Hàng đóng gói cẩn thận. chất lượng giấy đẹp ạ,5,2020-08-13 18:59:32,22383811,22383812
6639656,"mất 2 tuần nằm viện mới đọc xong. sách hay, nên mua.",5,2020-07-25 14:32:15,22383811,22383812
14243880,"sách chính hãng, bìa đẹp, không sai lỗi chính tả, nội dụng tạm ổn",5,2020-04-11 07:39:22,22383811,22383812
23070680,,5,2021-08-24 10:22:28,22383811,22383812
16897916,,5,2021-08-21 14:59:48,22383811,22383812
18674091,mua tặng sinh nhật bạn rất ok,5,2021-01-16 20:55:37,22383811,22383812
736056,,5,2021-08-19 18:20:44,22383811,22383812
329254,Nội dung Sách rất sâu sắc và nhiều trải nghiệm. Trình bày đẹp,5,2020-04-30 08:46:06,22383811,22383812
6829383,"Sách nội dung tuyệt vời. Đóng gói rất chắc chắn, giấy tốt",5,2020-05-22 12:56:47,22383811,22383812
17283329,"Giao hang nhanh, sach dep. Không trầy xước nhăn nhúm, giấy tốt.",5,2020-06-01 13:22:54,22383811,22383812
20397223,Sách đẹp giao hàng nhanh,5,2021-02-23 10:05:46,22383811,22383812
10187818,"Sách rất mới luôn, rất ưng ý sẽ ủng hộ shop nhiều nhiều nha",5,2020-05-05 18:32:21,22383811,22383812
10475547,,5,2021-08-08 10:19:59,22383811,22383812
1832232,,5,2021-08-04 13:11:54,22383811,22383812
22102984,,5,2021-08-04 10:55:20,22383811,22383812
22042825,,5,2021-08-03 22:54:25,22383811,22383812
510847,,5,2021-08-03 21:50:47,22383811,22383812
8500231,"Sách được đóng gói chắc chắn, nhìn sách rất đẹp , nội dung sâu sắc",5,2020-02-22 17:39:05,22383811,22383812
272192,,5,2021-08-01 16:13:40,22383811,22383812
926945,"Quá tuyệt. Giao hàng nhanh, sách đẹp, nội dung hay",5,2020-08-15 18:46:10,22383811,22383812
19921015,thích mê luôn ủng,5,2021-03-23 19:17:56,22383811,22383812
7489215,"Sách rất hay, truyền cảm hứng. Khi nhận sách không bị móp hay lỗi",5,2020-03-31 17:01:07,22383811,22383812
21914345,,5,2021-07-27 08:17:14,22383811,22383812
11035986,,5,2021-07-26 16:26:56,22383811,22383812
6186465,"Đọc một lèo, Michelle Obama trở thành Idol của mình",5,2020-07-22 10:05:56,22383811,22383812
8460656,,5,2021-07-25 16:09:25,22383811,22383812
10076781,"tiki giao hàng rất nhanh, sách chất lượng tốt",5,2020-09-01 07:29:08,22383811,22383812
20025078,,5,2021-07-24 15:18:28,22383811,22383812
8789678,,5,,22383811,22383812
17072841,"bìa sách đẹp, ko bị quăn ở góc sách",5,2020-10-20 22:25:39,22383811,22383812
22629896,,5,2021-07-22 15:05:46,22383811,22383812
22526479,,5,2021-07-20 14:33:21,22383811,22383812
7993216,,5,2021-07-16 11:28:15,22383811,22383812
6149849,"Giao hàng nhanh, sản phẩm chất lượng, đang được sale 50% nên mình đặt luôn",5,2020-01-07 08:40:35,22383811,22383812
10715839,hàng đóng gói chất lượng. sẽ ủng hộ tiki,5,2020-08-26 14:14:00,22383811,22383812
10640917,,5,2021-07-11 08:03:07,22383811,22383812
1362874,,5,2021-07-10 12:45:57,22383811,22383812
18759063,Sách quá hay bìa quá đẹp các bạn ơi,5,2020-10-13 13:26:10,22383811,22383812
1044357,"sách có nhiều trang cắt chưa tách ra . Ngoài ra mọi thứ ổn, bìa dày đẹp, trang in mịn",5,2019-10-22 08:56:41,22383811,22383812
14947326,,5,2021-07-08 11:26:15,22383811,22383812
109760,"mình đặt hôm trước hôm sau giao luôn, chưa mở ra xem nhưng thấy đóng gói khá là cẩn thận",5,2019-09-13 08:39:15,22383811,22383812
537350,,5,2021-07-07 07:34:36,22383811,22383812
12249338,,5,2021-07-05 13:33:55,22383811,22383812
13372478,"Sách hay lắm luôn, học Michelle để trở nên vĩ đại hơn",5,2020-05-17 08:09:09,22383811,22383812
115975,,5,2021-06-30 09:18:19,22383811,22383812
13085340,,5,2021-06-29 16:14:39,22383811,22383812
2089535,"giấy đẹp, sách đẹp",5,2021-01-20 12:25:24,22383811,22383812
302233,,5,2021-06-25 09:38:52,22383811,22383812
6915242,,5,2021-06-25 08:48:04,22383811,22383812
77582,,5,2021-06-24 20:33:18,22383811,22383812
11056961,,5,2021-06-23 08:46:21,22383811,22383812
12340362,,5,2021-06-22 17:06:42,22383811,22383812
21115223,,5,2021-06-21 21:54:03,22383811,22383812
10483339,,5,2021-06-18 21:19:26,22383811,22383812
11666929,,5,2021-06-18 16:12:13,22383811,22383812
5102325,,5,2021-06-18 13:15:34,22383811,22383812
14063149,,5,2021-06-17 22:14:52,22383811,22383812
10774637,,5,2021-06-15 21:42:00,22383811,22383812
18181822,,5,2021-06-15 20:06:35,22383811,22383812
902140,,5,2021-06-15 12:59:05,22383811,22383812
7456380,,5,2021-06-14 16:26:27,22383811,22383812
13519861,,5,2021-06-13 15:52:10,22383811,22383812
5940943,,5,2021-06-12 18:24:46,22383811,22383812
7628537,,5,2021-06-10 12:22:15,22383811,22383812
17762329,,5,2021-06-11 11:06:35,22383811,22383812
541730,,5,2021-06-06 09:24:04,22383811,22383812
1338812,,5,2021-06-05 23:52:41,22383811,22383812
1462510,,5,,22383811,22383812
1937314,Sách rất hay với những người đề cao giá trị gia đình!,5,2020-04-16 04:09:30,22383811,22383812
7762381,"sách rất hay, nên đọc",5,2020-12-23 11:45:35,22383811,22383812
17232576,,5,2021-06-04 13:22:16,22383811,22383812
690174,,5,2021-06-03 19:13:38,22383811,22383812
293894,,5,2021-06-01 15:12:03,22383811,22383812
8322056,,5,2021-05-31 18:59:28,22383811,22383812
8008833,Sách nguyên seal bìa cứng chắc chắn.giao hàng nhanh,5,2020-06-08 19:51:00,22383811,22383812
17409808,,5,2021-05-31 08:37:44,22383811,22383812
8029514,,5,2021-05-31 08:29:48,22383811,22383812
7481100,Một cuốn sách đáng đọc.,5,2020-11-19 06:55:48,22383811,22383812
16814260,Tiki giao hàng sớm 1 ngày trước dự định. Bao bì cẩn thận.,5,2020-03-24 14:46:57,22383811,22383812
1767638,,5,2021-05-29 17:04:20,22383811,22383812
17241192,,5,2021-05-29 09:25:00,22383811,22383812
9074725,Sách hay thật sự,5,2021-01-26 12:57:59,22383811,22383812
11918575,hơi bị đẹp và h,5,2021-01-18 16:54:55,22383811,22383812
983809,,5,2021-05-26 10:26:55,22383811,22383812
348434,,5,2021-05-25 14:27:59,22383811,22383812
12369352,,5,2021-05-25 11:05:13,22383811,22383812
1743924,,5,,22383811,22383812
7254842,,5,2021-05-24 21:18:24,22383811,22383812
18244429,,5,2021-05-23 11:55:54,22383811,22383812
677151,"Sách hay, đóng gói như mọi lần mình đặt, chất lượng tốt.",5,2020-03-01 13:58:55,22383811,22383812
6307592,,5,2021-05-19 12:43:42,22383811,22383812
12414300,,5,2021-05-18 15:35:04,22383811,22383812
100034,,5,2021-05-17 21:31:23,22383811,22383812
7630650,,5,2021-05-16 21:13:04,22383811,22383812
19363605,,5,2021-05-15 11:53:06,22383811,22383812
692059,Đây thực sự là một cuốn sách vô cùng đáng đọc!,5,2020-04-30 11:22:53,22383811,22383812
88964,,5,2021-05-15 07:11:06,22383811,22383812
18367970,Rất hữu ích. Cám ơn shop và Tiki!,5,2020-09-15 12:51:20,22383811,22383812
18001579,,5,2021-05-12 17:04:11,22383811,22383812
905329,Quá tuyệt vời cho tiki ❤️,5,2020-10-24 10:01:37,22383811,22383812
10513909,"Tiki giao hàng nhanh, sách hay nói về giá trị của bản thân, rất đáng đọc",5,2019-11-19 00:10:56,22383811,22383812
14050797,,5,2021-05-10 09:12:35,22383811,22383812
1848328,,5,2021-05-09 11:58:29,22383811,22383812
6847792,Nội dung quá xuất sắc nên đọc thử. Tiki giao hàng nhanh!,5,2020-03-25 11:30:13,22383811,22383812
5659798,,5,2021-05-07 20:08:38,22383811,22383812
6765198,,5,2021-05-07 13:26:05,22383811,22383812
5661259,,5,2021-05-07 07:59:13,22383811,22383812
1609040,"Sách đẹp, nội dung hay",5,2020-11-24 09:56:26,22383811,22383812
9135670,"Nội dung rất hay. Sách đẹp, Tiki giao hàng nhanh.",5,2020-06-01 21:59:00,22383811,22383812
8903650,nxjaiic,5,2021-03-26 21:19:42,22383811,22383812
21319854,,5,2021-05-05 16:18:15,22383811,22383812
12624812,,5,,22383811,22383812
88707,,5,2021-05-04 18:56:37,22383811,22383812
12498539,,5,,22383811,22383812
2007730,Sách đẹp nội dung khá hay và truyền cảm hứng,5,2020-05-26 11:49:21,22383811,22383812
8530056,,5,2021-04-29 15:29:44,22383811,22383812
884762,,5,2021-04-28 20:04:51,22383811,22383812
13673510,"sản phẩm giao nhanh, chất lượng....................................................",5,2019-11-06 20:38:11,22383811,22383812
20476072,,5,2021-04-27 10:39:11,22383811,22383812
7872654,,5,,22383811,22383812
136952,,5,2021-04-26 07:23:55,22383811,22383812
16757639,,5,2021-04-25 17:24:19,22383811,22383812
338403,"Bìa đẹp, sách rất hay!",5,2020-11-06 14:17:16,22383811,22383812
1236,,5,2021-04-23 07:34:50,22383811,22383812
9889500,,5,,22383811,22383812
21419575,,5,2021-04-22 12:55:59,22383811,22383812
5818659,Cuốn này thì khỏi cần phải bàn nữa! Best of all,5,2020-05-05 23:54:21,22383811,22383812
5309742,,5,2021-04-21 09:53:58,22383811,22383812
21148935,,5,2021-04-17 20:57:18,22383811,22383812
770988,,5,2021-04-14 16:52:51,22383811,22383812
11470776,"Giao hàng nhanh. Sách Chất lượng, bao bọc kĩ càng.",5,2020-04-21 14:25:14,22383811,22383812
7911548,"Gói hàng đẹp, sách thì chưa đọc nên chưa biết",5,2020-04-26 12:17:34,22383811,22383812
7930609,,5,2021-04-11 12:22:50,22383811,22383812
885175,,5,2021-04-10 13:08:50,22383811,22383812
16679798,,5,2021-04-09 13:00:30,22383811,22383812
1750527,,5,2021-04-07 09:21:26,22383811,22383812
356543,,5,2021-04-06 09:55:11,22383811,22383812
18965379,,5,2021-04-05 12:55:52,22383811,22383812
6976804,,5,2021-04-04 06:57:32,22383811,22383812
1595085,,5,2021-04-03 14:20:04,22383811,22383812
353213,,5,,22383811,22383812
6078585,,5,,22383811,22383812
20728204,,5,2021-04-01 18:37:50,22383811,22383812
7358745,"Hài lòng với chất lượng, nội dung thì miễn bàn rồi",5,2020-03-05 16:24:23,22383811,22383812
5275062,,5,2021-03-31 15:50:56,22383811,22383812
10108632,rất tuyệt vời cho những người tầm mấy ngày nay có rất nhiều thịt,5,2019-11-08 07:07:28,22383811,22383812
14222940,"Sách hay, có thể học hỏi thêm về những điều tốt hơn trong cuộc sống",5,2019-10-21 12:23:10,22383811,22383812
6586254,,5,2021-03-29 22:58:24,22383811,22383812
18456665,sách chữ đẹp lắm nhé,5,2020-10-09 20:49:27,22383811,22383812
20402916,,5,2021-03-27 13:29:29,22383811,22383812
11564633,,5,2021-03-26 19:32:44,22383811,22383812
147824,,5,2021-03-25 19:14:03,22383811,22383812
143022,,5,2021-03-25 13:12:58,22383811,22383812
5927415,,5,2021-03-24 10:34:41,22383811,22383812
12557799,,5,2021-03-22 10:00:07,22383811,22383812
1908345,,5,2021-03-22 07:54:07,22383811,22383812
20397952,,5,2021-03-22 00:45:45,22383811,22383812
8848474,,5,2021-03-21 22:10:30,22383811,22383812
879348,,5,2021-03-21 12:05:56,22383811,22383812
20812696,,5,2021-03-20 21:57:01,22383811,22383812
525450,,5,2021-03-20 19:30:25,22383811,22383812
12426918,,5,2021-03-20 08:31:59,22383811,22383812
6298533,,5,2021-03-19 19:05:44,22383811,22383812
20580148,,5,2021-03-19 11:17:05,22383811,22383812
993824,Tốt,5,2021-02-18 05:47:10,22383811,22383812
7316797,,5,2021-03-18 19:37:20,22383811,22383812
15258414,,5,2021-03-17 17:15:53,22383811,22383812
14316761,,5,2021-03-17 14:23:04,22383811,22383812
20799546,,5,2021-03-16 21:27:36,22383811,22383812
7243258,,5,2021-03-14 16:24:20,22383811,22383812
11265566,,5,2021-03-14 15:07:19,22383811,22383812
7999582,,5,2021-03-14 09:39:39,22383811,22383812
9030584,,5,2021-03-13 12:27:07,22383811,22383812
915926,Sách cực hay và bao bọc tốt,5,2020-08-20 22:01:43,22383811,22383812
7989906,,5,2021-03-12 16:20:37,22383811,22383812
1383751,,5,2021-03-12 12:16:21,22383811,22383812
16508457,"Sản phẩm chất lượng tốt, đóng gói kỹ càng",5,2020-04-06 10:28:39,22383811,22383812
2164784,"Sách hay, chất lượng giấy rất đẹp",5,2020-06-15 01:10:52,22383811,22383812
534846,,5,2021-03-09 23:40:15,22383811,22383812
12172036,đóng gói cẩn thận,5,2020-10-20 10:49:04,22383811,22383812
13287784,"Mình mua tặng một người thân, về nội dung và dịch vụ quá tốt! Cảm ơn tiki.",5,2019-08-12 13:29:51,22383811,22383812
13890571,Một cuốn sách mà ai nấy cũng nên đọc ít nhất 1 lần trong đời .,5,2019-11-09 21:35:09,22383811,22383812
20069810,,5,2021-03-08 16:22:35,22383811,22383812
6789866,"Cuốn sách thực sự rất hay, chất lượng giấy xịn....",5,2020-02-05 04:20:41,22383811,22383812
10568080,,5,2021-03-08 12:30:54,22383811,22383812
5537424,Sách được bọc kỹ càng và bìa rất đẹp. Giao hàng nhanh.,5,2020-01-12 09:41:38,22383811,22383812
5736037,,5,2021-03-07 15:57:32,22383811,22383812
5126380,,5,2021-03-06 08:39:35,22383811,22383812
15006678,,5,2021-03-05 20:02:21,22383811,22383812
9616613,,5,2021-03-05 17:00:50,22383811,22383812
8829615,,5,2021-03-03 22:21:50,22383811,22383812
8358126,,5,2021-03-03 17:27:40,22383811,22383812
1659224,,5,2021-03-03 13:39:36,22383811,22383812
1860686,,5,2021-03-03 08:27:08,22383811,22383812
858844,,5,2021-03-01 13:46:44,22383811,22383812
215549,,5,2021-03-01 07:11:08,22383811,22383812
19229777,,5,2021-03-01 01:58:12,22383811,22383812
11483247,,5,2021-02-28 21:51:31,22383811,22383812
1982078,Vẫn chưa đọc hết nhưng nó là 1 quyển sách hay,5,2020-03-18 07:40:52,22383811,22383812
13725719,,5,2021-02-25 11:20:19,22383811,22383812
1698329,Cuốn sách rất đáng đọc đấy các bạn,5,2020-05-08 17:28:49,22383811,22383812
554730,,5,2021-02-24 16:36:59,22383811,22383812
1400730,,5,2021-02-24 09:21:33,22383811,22383812
5759114,,5,2021-02-23 06:31:47,22383811,22383812
8859194,,5,2021-02-23 00:44:55,22383811,22383812
11095903,Sach mới và rất hay. Tiki giao hành nhanh,5,2020-05-24 01:10:52,22383811,22383812
1010586,,5,2021-02-21 11:08:45,22383811,22383812
13488708,,5,2021-02-20 16:13:23,22383811,22383812
1193942,,5,2021-02-19 21:18:26,22383811,22383812
5431743,,5,2021-02-19 17:39:43,22383811,22383812
13040130,,5,2021-02-19 14:12:59,22383811,22383812
7731477,,5,2021-02-19 01:09:43,22383811,22383812
10257220,"Tiki bọc sách kĩ càng, nội dung sách tuyệt vời",5,2020-03-16 21:25:10,22383811,22383812
12961568,,5,2021-02-18 19:05:32,22383811,22383812
8626365,,5,2021-02-18 18:40:57,22383811,22383812
9724591,,5,2021-02-18 10:39:17,22383811,22383812
11706495,,5,2021-02-18 10:01:07,22383811,22383812
18118699,,5,2021-02-17 17:17:22,22383811,22383812
1797911,,5,2021-02-17 00:59:26,22383811,22383812
7490664,"Cuốn sách rất hay, tiki giao hàng nhanh.",5,2020-05-22 19:23:17,22383811,22383812
1205039,Rất tuyệt!!! Các bạn nên đọc nè,5,2020-06-09 14:43:22,22383811,22383812
5316991,,5,2021-02-15 16:17:12,22383811,22383812
10528065,,5,2021-02-15 08:59:50,22383811,22383812
8401515,"Hài lòng, giao hàng nhanh",5,2020-09-03 14:38:31,22383811,22383812
6404557,sách chất lượng từ hình thức đến nội dung. nên đọc :),5,,22383811,22383812
6052936,Tiki giao hàng nhanh. Sách bìa đẹp. Chất lượng,5,2020-03-17 11:59:55,22383811,22383812
92626,,5,2021-02-12 10:41:49,22383811,22383812
911937,,5,2021-02-11 13:51:35,22383811,22383812
1640048,,5,2021-02-10 12:24:23,22383811,22383812
19129855,,5,2021-02-08 09:46:54,22383811,22383812
8470643,Đóng gói rất tốt Giá rất phải chăng so với quyển sách này.,5,2019-11-15 22:35:40,22383811,22383812
16452117,,5,2021-02-07 22:46:56,22383811,22383812
6468914,Ok Ok,5,2021-01-09 14:10:17,22383811,22383812
10567371,,5,2021-02-07 19:34:32,22383811,22383812
16631494,,5,2021-02-05 11:19:55,22383811,22383812
44725,,5,2021-02-04 21:19:15,22383811,22383812
15977595,,5,2021-02-03 20:07:06,22383811,22383812
542726,,5,2021-02-03 16:29:39,22383811,22383812
5665652,,5,2021-02-03 11:05:53,22383811,22383812
449267,,5,2021-02-03 10:58:05,22383811,22383812
2135936,,5,2021-02-03 06:39:39,22383811,22383812
18658030,Hay,5,2021-01-15 17:36:12,22383811,22383812
115421,,5,2021-02-02 00:47:42,22383811,22383812
1360705,,5,2021-02-02 00:25:09,22383811,22383812
5825374,,5,2021-02-01 17:51:39,22383811,22383812
9877294,,5,2021-02-01 14:58:30,22383811,22383812
13009786,,5,2021-02-01 13:44:13,22383811,22383812
5154227,,5,2021-01-31 22:05:44,22383811,22383812
53717,,5,2021-01-31 19:38:21,22383811,22383812
9838326,,5,2021-01-31 17:13:30,22383811,22383812
5724833,,5,2021-01-30 16:25:26,22383811,22383812
5852322,,5,2021-01-30 15:02:19,22383811,22383812
10500463,Sách Ok,5,2020-12-14 16:25:06,22383811,22383812
1321447,,5,2021-01-30 08:25:21,22383811,22383812
16144239,,5,2021-01-29 12:31:33,22383811,22383812
17951435,,5,2021-01-29 08:15:32,22383811,22383812
11401789,Giao hàng nhanh. Chất giấy cũng đẹp,5,2020-05-17 00:26:31,22383811,22383812
11212252,,5,2021-01-28 20:08:22,22383811,22383812
10518984,,5,2021-01-28 09:55:59,22383811,22383812
9692809,,5,2021-01-27 23:14:08,22383811,22383812
7296014,,5,2021-01-27 22:07:30,22383811,22383812
5261221,,5,2021-01-26 20:51:41,22383811,22383812
10492710,,5,2021-01-26 12:08:00,22383811,22383812
5132897,"Sách hay, đáng mua, bạn nào thích bà thì ráng mua 1 quyển để đọc",5,2019-10-04 12:32:26,22383811,22383812
1399855,,5,2021-01-25 14:56:21,22383811,22383812
902692,,5,2021-01-25 12:11:57,22383811,22383812
288204,,5,2021-01-25 09:22:07,22383811,22383812
8687566,,5,2021-01-24 21:23:42,22383811,22383812
8015277,,5,2021-01-24 09:32:49,22383811,22383812
656243,,5,2021-01-24 09:33:09,22383811,22383812
1969059,"Giao hàng nhanh, đóng gói đẹp, sách hay. Sẽ mua tiếp với Tiki",5,2019-11-12 08:55:38,22383811,22383812
8607438,,5,2021-01-23 15:16:20,22383811,22383812
5678596,Sản phẩm tốt,5,2020-10-10 09:06:31,22383811,22383812
19640356,,5,2021-01-23 14:10:19,22383811,22383812
18938879,,5,2021-01-23 10:18:36,22383811,22383812
18591675,,5,2021-01-22 13:08:26,22383811,22383812
579733,,5,2021-01-22 09:45:16,22383811,22383812
1231009,Bookcare cẩn thận. Tiki giao hàng nhanh,5,2020-05-09 14:28:31,22383811,22383812
586886,,5,2021-01-21 11:16:25,22383811,22383812
9773079,,5,2021-01-20 22:57:08,22383811,22383812
786498,,5,2021-01-20 09:37:15,22383811,22383812
16200995,,5,2021-01-19 13:42:08,22383811,22383812
17311931,,5,2021-01-19 11:28:40,22383811,22383812
9274982,Giao hàng nhanh. Đóng bọc rất cẩn thận. Chất lượng sách chuẩn,5,2019-10-08 14:03:22,22383811,22383812
7863420,,5,2021-01-18 23:00:43,22383811,22383812
19846472,,5,2021-01-18 20:28:43,22383811,22383812
18073820,,5,2021-01-18 18:32:04,22383811,22383812
7797124,,5,2021-01-18 05:17:03,22383811,22383812
1775885,,5,2021-01-17 22:28:22,22383811,22383812
8269252,,5,2021-01-17 14:26:50,22383811,22383812
19885796,,5,2021-01-16 10:29:00,22383811,22383812
17606928,,5,2021-01-17 09:05:08,22383811,22383812
5133054,,5,2021-01-17 08:47:00,22383811,22383812
10467461,,5,2021-01-16 19:39:12,22383811,22383812
13119143,,5,2021-01-16 17:55:08,22383811,22383812
1474792,,5,2021-01-16 15:33:21,22383811,22383812
5193661,,5,2021-01-16 14:54:06,22383811,22383812
19667335,,5,2021-01-16 14:13:06,22383811,22383812
8559760,,5,2021-01-15 19:03:28,22383811,22383812
520211,,5,2021-01-15 17:05:29,22383811,22383812
13636921,,5,2021-01-15 15:23:14,22383811,22383812
12500315,,5,2021-01-15 14:04:04,22383811,22383812
16577191,,5,2021-01-15 13:53:23,22383811,22383812
19884263,,5,2021-01-15 10:43:15,22383811,22383812
1415288,,5,2021-01-15 10:34:04,22383811,22383812
15045907,"Rất hay, các bạn trẻ hãy nên tìm đọc.",5,2020-03-28 19:17:52,22383811,22383812
7548232,,5,2021-01-14 21:34:34,22383811,22383812
10372330,,5,2021-01-14 16:25:06,22383811,22383812
5887041,,5,2021-01-14 12:58:58,22383811,22383812
7656433,,5,2021-01-14 12:07:12,22383811,22383812
638302,,5,2021-01-13 19:36:32,22383811,22383812
2182692,,5,2021-01-11 21:23:25,22383811,22383812
12054398,hayyy. siêu thích sách này,5,2020-07-19 14:54:48,22383811,22383812
469438,,5,2021-01-10 13:41:55,22383811,22383812
1782676,Sách đẹp chuẩn luôn,5,2020-08-11 10:34:43,22383811,22383812
1369439,,5,2021-01-08 11:02:23,22383811,22383812
5199046,"Rất thích khi nhận hàng, chất lượng",5,2020-04-14 12:21:18,22383811,22383812
9035266,,5,2021-01-07 10:20:08,22383811,22383812
5679716,,5,2021-01-06 21:44:47,22383811,22383812
5356387,,5,2021-01-06 09:50:33,22383811,22383812
7127683,,5,2021-01-06 00:00:24,22383811,22383812
5097306,,5,2021-01-05 22:20:19,22383811,22383812
6505729,,5,2021-01-05 21:26:16,22383811,22383812
14529648,,5,2021-01-05 10:04:52,22383811,22383812
1938180,,5,2021-01-05 09:16:44,22383811,22383812
17577246,,5,2021-01-05 08:37:22,22383811,22383812
10505852,,5,2021-01-05 00:04:36,22383811,22383812
5302267,Sach hay va tốt trong số sách mình đã,5,2020-04-16 15:41:44,22383811,22383812
6703762,Sản phẩm tốt và chất lượng. Sách hay. Cảm ơn shop.,5,2019-12-15 09:29:28,22383811,22383812
620317,Xuất sắc xuất sắc xuất sắc,5,2020-05-24 00:51:11,22383811,22383812
622569,,5,2020-12-31 21:54:54,22383811,22383812
19002072,,5,2020-12-31 20:58:05,22383811,22383812
5949525,,5,2020-12-31 08:04:46,22383811,22383812
948821,,5,2020-12-30 19:50:49,22383811,22383812
374632,,5,2020-12-30 09:53:06,22383811,22383812
6475719,,5,2020-12-29 19:51:10,22383811,22383812
6923283,"sách được bọc cẩn thận, còn nguyên vẹn, rất hài lòng.",5,2019-11-04 19:00:57,22383811,22383812
1058087,,5,2020-12-28 22:51:17,22383811,22383812
1128327,,5,2020-12-28 21:33:37,22383811,22383812
7675635,,5,2020-12-28 13:25:56,22383811,22383812
8786589,,5,2020-12-28 13:11:00,22383811,22383812
6798624,,5,2020-12-28 12:13:06,22383811,22383812
6018724,,5,2020-12-28 11:41:50,22383811,22383812
1496369,,5,2020-12-28 11:35:03,22383811,22383812
12927847,ok ok ok ok ok ok ok ok ok ok ok ok ok ok ok ok ok,5,2020-03-10 15:45:00,22383811,22383812
6267603,,5,2020-12-27 18:55:50,22383811,22383812
1438707,,5,2020-12-26 10:10:16,22383811,22383812
7279225,"sách đẹp, đóng gói cẩn thận",5,2020-05-17 23:01:31,22383811,22383812
10973537,,5,2020-12-25 19:35:49,22383811,22383812
1915774,"Hay , rất đáng đọc. i love it.",5,2020-05-22 21:27:00,22383811,22383812
6724254,tiki giao hàng nhanh. sách nội dung rất rất hay.,5,2020-01-20 22:43:22,22383811,22383812
13116175,,5,2020-12-24 21:11:27,22383811,22383812
6683097,,5,2020-12-23 15:00:46,22383811,22383812
2235939,,5,2020-12-22 23:55:47,22383811,22383812
11737534,Dịch vụ rất tốt.,5,2020-08-04 13:02:58,22383811,22383812
698637,,5,2020-12-22 13:42:51,22383811,22383812
8426262,,5,2020-12-21 22:54:28,22383811,22383812
655328,,5,2020-12-21 21:25:07,22383811,22383812
16430404,,5,2020-12-21 06:36:46,22383811,22383812
14233261,Rất hài lòng về giao hàng và chất lượng sách...........,5,2019-11-13 11:07:29,22383811,22383812
12091519,"Sách hay, nhân văn, truyền cảm hứng và tạo sự kết nối con người",5,2019-08-17 12:02:42,22383811,22383812
14608908,,5,2020-12-19 22:46:14,22383811,22383812
18321074,,5,2020-12-18 19:41:42,22383811,22383812
18013022,,5,2020-12-17 21:58:29,22383811,22383812
6901585,,5,2020-12-17 13:41:13,22383811,22383812
56577,,5,2020-12-16 21:44:14,22383811,22383812
16325789,Tuyệt vời ah :v,5,2020-08-27 11:10:52,22383811,22383812
8836760,,5,2020-12-16 08:47:50,22383811,22383812
5155723,"Sách đẹp từ trong ra ngoài, mình tặng bạn mình rất thích luôn í!",5,2019-08-18 15:38:11,22383811,22383812
19195575,,5,2020-12-15 14:23:44,22383811,22383812
11089899,,5,2020-12-15 12:48:27,22383811,22383812
10888607,,5,2020-12-14 16:48:29,22383811,22383812
1962980,,5,2020-12-14 16:05:48,22383811,22383812
1330305,,5,2020-12-14 12:59:12,22383811,22383812
192285,,5,2020-12-13 16:05:11,22383811,22383812
10249321,,5,2020-12-13 12:39:50,22383811,22383812
14081581,sách siêu xịn,5,2020-09-04 21:12:38,22383811,22383812
325557,,5,2020-12-13 01:36:38,22383811,22383812
5400606,,5,2020-12-12 19:05:16,22383811,22383812
7555387,,5,2020-12-12 15:44:25,22383811,22383812
10676233,,5,2020-12-12 15:30:22,22383811,22383812
911070,,5,2020-12-12 00:05:04,22383811,22383812
5270467,,5,2020-12-11 13:15:26,22383811,22383812
17706198,,5,2020-12-11 04:29:56,22383811,22383812
9642270,"Hàng đúng chất lượng, thanks",5,2020-05-14 14:01:25,22383811,22383812
8805940,,5,2020-12-10 11:39:37,22383811,22383812
6558922,,5,2020-12-10 09:39:52,22383811,22383812
5512813,,5,2020-12-10 09:11:32,22383811,22383812
354182,,5,2020-12-09 15:15:53,22383811,22383812
1959675,,5,2020-12-09 09:35:28,22383811,22383812
10750705,,5,2020-12-09 09:33:13,22383811,22383812
18230217,,5,2020-12-08 11:23:07,22383811,22383812
1340548,Sách rất hay ai cũng nên đọc,5,2020-05-11 22:33:38,22383811,22383812
1451959,,5,2020-12-07 22:21:05,22383811,22383812
483535,,5,2020-12-07 22:03:32,22383811,22383812
12709619,,5,2020-12-07 18:44:24,22383811,22383812
5682097,,5,2020-12-07 10:50:20,22383811,22383812
5639503,,5,2020-12-07 09:07:51,22383811,22383812
8426850,,5,2020-12-06 15:44:05,22383811,22383812
15958613,,5,2020-12-06 07:10:26,22383811,22383812
15877683,Hoàn toàn hài lòng với sách,5,2020-05-21 04:52:04,22383811,22383812
10772909,,5,2020-12-05 11:41:28,22383811,22383812
9888324,,5,2020-12-05 08:11:35,22383811,22383812
750930,,5,2020-12-04 21:04:13,22383811,22383812
13511413,,5,2020-12-04 12:46:23,22383811,22383812
1128099,,5,2020-12-03 22:18:35,22383811,22383812
15387754,,5,2020-12-03 19:15:57,22383811,22383812
12513145,,5,2020-12-02 21:32:31,22383811,22383812
15049582,,5,2020-12-02 08:16:35,22383811,22383812
1120024,"Sách này hay nè, nên đọc",5,2020-06-03 13:58:11,22383811,22383812
373021,,5,2020-12-01 11:13:31,22383811,22383812
11526635,,5,2020-11-29 18:52:09,22383811,22383812
386400,,5,2020-11-29 15:57:01,22383811,22383812
107263,,5,2020-11-29 11:12:35,22383811,22383812
8402594,"Sách đẹp, giao nhanh, đóng gói cẩn thận. Rất hài lòng",5,2019-10-27 14:28:03,22383811,22383812
16878685,,5,2020-11-27 20:13:10,22383811,22383812
17868474,,5,2020-11-27 12:37:51,22383811,22383812
961169,,5,2020-11-27 08:10:40,22383811,22383812
18713105,,5,2020-11-25 21:47:20,22383811,22383812
13500180,,5,2020-11-25 20:07:33,22383811,22383812
18634928,,5,2020-11-25 14:47:23,22383811,22383812
6569123,,5,2020-11-24 10:21:08,22383811,22383812
8482455,,5,2020-11-23 08:00:15,22383811,22383812
752825,,5,2020-11-22 09:59:03,22383811,22383812
10827357,,5,2020-11-19 05:26:03,22383811,22383812
9799176,,5,2020-11-17 13:48:55,22383811,22383812
370662,,5,2020-11-17 12:13:19,22383811,22383812
7132173,sách chụp đẹp,5,2020-07-27 20:56:02,22383811,22383812
11636001,,5,2020-11-14 16:04:51,22383811,22383812
5836784,Sách đẹp ! Noi dung hay ! Bọc sách rất cản than ! Đáng tiên,5,2019-09-14 15:20:48,22383811,22383812
7537158,,5,2020-11-13 14:55:57,22383811,22383812
7485493,,5,2020-11-13 14:20:49,22383811,22383812
5787885,,5,2020-11-13 12:12:40,22383811,22383812
11735713,,5,2020-11-12 21:25:00,22383811,22383812
5838159,,5,2020-11-12 19:30:20,22383811,22383812
13360023,,5,2020-11-11 20:44:47,22383811,22383812
13248166,,5,2020-11-11 20:35:15,22383811,22383812
19100899,,5,2020-11-11 19:55:07,22383811,22383812
14371699,"Mik săn được giá giảm đến 50% nên vui lắm còn được tặng thêm một cuốn biên niên cô đơn tổng cộng hết 190k miễn phí ship luôn vui quá trời định sẽ cho 5 sao nhưng lúc nhận hàng về hơi buồn xíu vì sách bị móp ở góc( như hình) nên chỉ cho 4 sao Mong tiki sau sẽ cẩn thận hơn trong việc đóng gói sách Về nội dung hàng vừa mới nhận nên mình ch đọc, ch thể nhận xét",4,2021-04-06 20:28:15,22383811,22383812
12350156,,5,2020-11-11 13:15:33,22383811,22383812
463046,,5,2020-11-11 13:15:51,22383811,22383812
1246021,,5,2020-11-11 13:14:24,22383811,22383812
6073465,,5,2020-11-11 13:05:12,22383811,22383812
14031147,Chất michelle,5,2020-08-15 15:29:11,22383811,22383812
10097044,,5,2020-11-11 00:11:10,22383811,22383812
5917466,,5,2020-11-10 22:45:30,22383811,22383812
1902314,,5,2020-11-10 22:40:58,22383811,22383812
191243,"sách dày, chắc chắn. bọc cẩn thận. giao hàng nhanh",5,2019-11-07 20:06:26,22383811,22383812
17202386,,5,2020-11-09 07:59:54,22383811,22383812
18746622,,5,2020-11-08 15:20:34,22383811,22383812
7271707,"Sách rất hay, mình rất tâm đắc",5,2020-03-18 21:31:16,22383811,22383812
5325719,"Sách tuyệt vời, nên đọc..",5,2020-04-22 12:04:59,22383811,22383812
431848,Một quyển sách rất đáng đọc.,5,2020-03-17 11:42:03,22383811,22383812
404615,,5,2020-11-05 21:47:18,22383811,22383812
134380,,5,2020-11-05 10:21:31,22383811,22383812
15783065,,5,2020-11-05 09:53:05,22383811,22383812
17884,,5,2020-11-03 22:52:47,22383811,22383812
5118660,,5,2020-11-03 13:04:15,22383811,22383812
5575838,Sách in đẹp. Nội dung tuyệt vời. Mọi người nên đọc.,5,2019-09-21 07:29:50,22383811,22383812
17803246,Sách đẹp,5,2020-08-24 23:46:36,22383811,22383812
5142539,,5,2020-11-02 20:05:28,22383811,22383812
79427,,5,2020-11-02 10:52:04,22383811,22383812
720151,,5,2020-11-01 13:58:35,22383811,22383812
1525875,"Giao hàng nhanh, chất lượng ổn.",5,2020-03-17 09:30:15,22383811,22383812
6812881,,5,2020-10-27 10:24:00,22383811,22383812
372453,,5,2020-10-26 20:50:08,22383811,22383812
1177393,,5,2020-10-26 18:35:17,22383811,22383812
1625409,,5,2020-10-26 17:11:14,22383811,22383812
1118879,,5,2020-10-26 14:09:46,22383811,22383812
8868427,,5,2020-10-26 14:02:59,22383811,22383812
11053804,,5,2020-10-26 00:50:47,22383811,22383812
1628604,,5,2020-10-25 22:40:27,22383811,22383812
18961941,,5,2020-10-25 19:47:02,22383811,22383812
313121,,5,2020-10-25 18:37:34,22383811,22383812
18256550,,5,2020-10-25 00:56:52,22383811,22383812
1985649,,5,2020-10-24 20:04:31,22383811,22383812
8024222,,5,2020-10-24 15:01:58,22383811,22383812
151926,,5,2020-10-24 10:20:40,22383811,22383812
10423136,,5,2020-10-23 16:15:22,22383811,22383812
1872755,,5,2020-10-23 15:49:20,22383811,22383812
13432138,Sách hay. ...............,5,2020-05-24 07:34:57,22383811,22383812
7466684,,5,2020-10-21 21:20:02,22383811,22383812
847419,sp y hình. nội dung đang đọc,5,2020-03-30 22:17:27,22383811,22383812
12169014,sach rat hai longggggggggg,5,2020-05-21 23:39:38,22383811,22383812
7885685,,5,2020-10-20 04:51:49,22383811,22383812
2160208,,5,2020-10-20 01:33:23,22383811,22383812
12727820,"bìa cứng, chất lượng tốt!",5,2020-03-28 23:12:16,22383811,22383812
15077943,"Sách hay, truyền cảm hứng",5,2020-04-13 23:11:04,22383811,22383812
5102120,,5,2020-10-17 18:05:09,22383811,22383812
7133613,,5,2020-10-17 09:34:21,22383811,22383812
8541313,,5,2020-10-16 19:20:02,22383811,22383812
18031855,,5,2020-10-15 22:08:25,22383811,22383812
16481203,,5,2020-10-15 21:43:31,22383811,22383812
10514178,,5,2020-10-15 18:06:12,22383811,22383812
540298,,5,2020-10-14 18:01:42,22383811,22383812
8614914,,5,2020-10-14 11:52:56,22383811,22383812
7942338,,5,2020-10-13 10:47:47,22383811,22383812
9079649,,5,2020-10-13 10:24:16,22383811,22383812
18072317,,5,2020-10-12 22:20:53,22383811,22383812
14130942,,5,2020-10-11 09:35:13,22383811,22383812
2199665,,5,2020-10-11 07:31:04,22383811,22383812
15196810,,5,2020-10-10 21:59:36,22383811,22383812
16548671,,5,2020-10-10 07:54:37,22383811,22383812
11624257,sách hayyyyyyyyyyyyyyyyyyyyyyyyyyyyyyyyyyyyyyyyyy.,5,2019-12-16 21:07:36,22383811,22383812
7150882,,5,2020-10-09 23:02:53,22383811,22383812
7620011,,5,2020-10-09 19:16:22,22383811,22383812
9667375,,5,2020-10-09 14:38:59,22383811,22383812
16257136,"Seal cẩn thận, sách mới ?",5,2020-04-03 22:18:23,22383811,22383812
8159247,,5,2020-10-07 11:57:48,22383811,22383812
5930166,Sách rất hay và bổ ích. Rất hài lòng,5,2020-01-06 09:02:49,22383811,22383812
8499348,Tuyệt vời,5,2020-07-22 01:06:23,22383811,22383812
9849518,,5,2020-10-05 12:57:27,22383811,22383812
533010,Tôi rất thích quyển sách này Nội dung mang tính nhân văn cao,5,2019-08-02 14:14:34,22383811,22383812
8451273,"Sách hay, bìa đẹp và bọc kỹ lưỡng. Tôi rất hài lòng",5,2019-08-26 08:57:38,22383811,22383812
1840644,Đáng đọc,5,2020-07-17 11:36:15,22383811,22383812
1232532,,5,2020-09-30 22:53:23,22383811,22383812
153332,,5,2020-09-29 21:53:51,22383811,22383812
897082,,5,2020-09-28 01:57:23,22383811,22383812
11863994,,5,2020-09-26 14:45:24,22383811,22383812
14304272,,5,2020-09-25 10:45:12,22383811,22383812
642004,"Sách mình chưa đọc nên chưa bàn đến nội dung. Mình xin đánh giá về service của Tiki dạo gần đây: Điểm tốt: Giao đúng hàng đúng số lượng, sách mới còn seal. Sách rẻ, mình còn mua đúng đợt mua đơn hàng tiki trading trên 360k đc tặng boxset dạy con làm giàu 13 quyển như ảnh. Rất là hời luôn. Chê: Gói hàng sơ sài, sách chỉ được để trong hộp cartoon k bọc gì bên ngoài cả, lúc nhận hộp móp, rách, sách lòi ra cả ngoài, may mắn làm sao k bị móp, bẩn hay ướt sách :(, chỉ bị bụi chút thôi. Mình mua sách trên tiki 7 năm nay cách gói hàng của tiki vẫn vậy, hồi trước nhận hàng đến hộp cũng không móp là do hồi xưa hàng ít shipper nhẹ tay hơn, giờ nhiều hàng nên shipper hay quăng hàng, tiki mà k thay đổi cách gói thì sách rất dễ bị defect. Tiki có thể thu thêm phí gói hàng, chứ gói sơ sài như vậy nên dạo gần đây mình cũng ít đặt sách tiki hơn :(",4,2021-02-17 22:29:32,22383811,22383812
582659,,5,2020-09-24 10:42:24,22383811,22383812
14646778,,5,2020-09-23 16:05:49,22383811,22383812
6600413,,5,2020-09-23 13:38:25,22383811,22383812
12522874,"Sách mới, đẹp",5,2020-06-04 06:11:12,22383811,22383812
16754163,,5,2020-09-21 15:43:02,22383811,22383812
10610627,,5,2020-09-19 16:05:13,22383811,22383812
2168989,,5,2020-09-19 10:28:56,22383811,22383812
409335,,5,2020-09-18 12:10:00,22383811,22383812
7478931,,5,2020-09-15 22:30:56,22383811,22383812
14224385,,5,2020-09-15 10:01:14,22383811,22383812
6393768,,5,2020-09-12 13:41:13,22383811,22383812
480440,,5,2020-09-11 01:33:53,22383811,22383812
14580084,,5,2020-09-10 21:25:12,22383811,22383812
508410,,5,2020-09-10 12:51:41,22383811,22383812
7040049,,5,2020-09-09 17:18:13,22383811,22383812
5208548,,5,2020-09-06 22:12:46,22383811,22383812
18022833,,5,2020-09-06 20:26:56,22383811,22383812
17411808,,5,2020-09-06 10:18:34,22383811,22383812
18325556,,5,2020-09-05 19:11:40,22383811,22383812
18232521,,5,2020-09-05 18:41:00,22383811,22383812
169365,,5,2020-09-05 08:09:15,22383811,22383812
866910,sách rất hay nhaaaaaaaaaa,5,2020-03-25 12:29:04,22383811,22383812
14176657,"Sách hay, dày.",5,2020-06-03 09:57:33,22383811,22383812
5135960,,5,2020-09-04 16:02:53,22383811,22383812
877883,,5,2020-09-04 14:58:33,22383811,22383812
721110,,5,2020-09-04 09:24:54,22383811,22383812
5362284,,5,2020-09-03 22:09:17,22383811,22383812
17926047,,5,2020-09-03 11:56:03,22383811,22383812
372926,,5,2020-09-03 10:07:46,22383811,22383812
9986067,,5,2020-09-02 14:07:27,22383811,22383812
7926407,,5,2020-09-01 11:35:15,22383811,22383812
13521245,,5,2020-08-31 14:30:42,22383811,22383812
6939131,,5,2020-08-30 18:23:29,22383811,22383812
7801202,,5,2020-08-29 12:27:47,22383811,22383812
8499462,,5,2020-08-28 12:09:04,22383811,22383812
12635639,,5,2020-08-28 09:46:07,22383811,22383812
12915586,,5,2020-08-27 19:14:55,22383811,22383812
10022718,,5,2020-08-27 18:18:07,22383811,22383812
11770534,,5,2020-08-27 14:30:42,22383811,22383812
6235722,,5,2020-08-27 10:45:53,22383811,22383812
11324068,,5,2020-08-27 09:07:12,22383811,22383812
6851275,,5,2020-08-27 08:57:30,22383811,22383812
6579587,,5,2020-08-26 17:47:43,22383811,22383812
12852151,,5,2020-08-26 13:10:41,22383811,22383812
412119,,5,2020-08-26 05:09:49,22383811,22383812
6078943,,5,2020-08-25 01:25:40,22383811,22383812
46597,,5,2020-08-24 23:39:24,22383811,22383812
9815916,,5,2020-08-24 21:22:14,22383811,22383812
1268728,,5,2020-08-23 19:05:14,22383811,22383812
12041043,,5,2020-08-23 17:22:23,22383811,22383812
6264426,"sách hay, giao hàng nhanh",5,2020-03-18 15:46:46,22383811,22383812
1794732,,5,2020-08-22 20:00:16,22383811,22383812
17671181,,5,2020-08-22 16:58:45,22383811,22383812
5789703,,5,2020-08-22 14:30:23,22383811,22383812
10468732,,5,2020-08-21 22:09:46,22383811,22383812
7254525,,5,2020-08-21 20:56:30,22383811,22383812
12017600,hai lòng..... OK OK OK,5,2020-03-22 20:03:33,22383811,22383812
16428122,,5,2020-08-19 13:18:27,22383811,22383812
9925066,,5,2020-08-19 10:03:14,22383811,22383812
425359,,5,2020-08-17 20:32:22,22383811,22383812
1512869,,5,2020-08-17 19:27:44,22383811,22383812
7725616,,5,2020-08-17 11:03:51,22383811,22383812
11534734,Tuyệt vời,5,2020-06-01 21:47:56,22383811,22383812
16435374,,5,2020-08-16 16:24:35,22383811,22383812
2190082,,5,2020-08-16 09:24:45,22383811,22383812
8407082,,5,2020-08-12 15:44:38,22383811,22383812
5182674,,5,2020-08-11 23:47:48,22383811,22383812
18009889,,5,2020-08-10 22:21:33,22383811,22383812
900096,,5,2020-08-10 21:14:03,22383811,22383812
5380075,,5,2020-08-10 15:38:19,22383811,22383812
7022546,,5,2020-08-09 13:44:52,22383811,22383812
1982770,,5,2020-08-07 20:41:31,22383811,22383812
981770,,5,2020-08-07 16:30:43,22383811,22383812
14581298,,5,2020-08-06 22:37:30,22383811,22383812
80729,,5,2020-08-06 13:49:54,22383811,22383812
285668,,5,2020-08-06 13:40:00,22383811,22383812
1621057,,5,2020-08-04 13:37:10,22383811,22383812
12340007,,5,2020-08-03 14:51:23,22383811,22383812
8152809,,5,2020-08-02 22:30:36,22383811,22383812
5295650,,5,2020-08-02 12:02:42,22383811,22383812
786924,,5,2020-07-31 09:29:42,22383811,22383812
9796658,,5,2020-07-31 07:50:04,22383811,22383812
44608,,5,2020-07-30 23:21:54,22383811,22383812
15342489,,5,2020-07-27 14:39:44,22383811,22383812
7470271,,5,2020-07-25 18:05:24,22383811,22383812
189850,"Thực sự rất rất thích Michelle Obama. Cách đây 1 năm mình có search để tìm mua nhưng lúc đó sách chưa được việt hoá, giờ đã có thì ngại gì không mua :))) Chất giấy tốt, có bìa ngoài. Nhưng sách lại bị móp và mấy trang đầu bị dính vô nhau rất khó chịu. Mong nhà xuất bản để ý kỹ hơn",4,,22383811,22383812
1480470,,5,2020-07-24 19:28:39,22383811,22383812
689767,bbb,5,2020-07-05 11:47:34,22383811,22383812
5384432,,5,2020-07-21 17:15:32,22383811,22383812
529938,Good,5,2020-06-27 08:31:43,22383811,22383812
10627089,,5,2020-07-17 12:31:11,22383811,22383812
17156701,Ok,5,2020-07-04 14:39:42,22383811,22383812
15343572,,5,2020-07-15 22:57:56,22383811,22383812
8298373,,5,2020-07-14 22:04:59,22383811,22383812
7156951,,5,2020-07-12 11:16:50,22383811,22383812
8854192,,5,2020-07-10 22:18:14,22383811,22383812
1860707,,5,2020-07-10 12:14:17,22383811,22383812
14238011,,5,2020-07-08 14:44:41,22383811,22383812
7483379,,5,2020-07-07 19:03:21,22383811,22383812
1433118,,5,2020-07-07 05:49:26,22383811,22383812
16783519,,5,2020-07-05 22:55:13,22383811,22383812
1178580,,5,2020-07-05 09:16:11,22383811,22383812
16815367,,5,2020-07-04 11:09:05,22383811,22383812
11763528,,5,2020-06-30 00:40:12,22383811,22383812
7105380,,5,2020-06-29 16:50:23,22383811,22383812
16673842,,5,2020-06-28 16:06:15,22383811,22383812
1073062,,5,2020-06-28 09:37:22,22383811,22383812
10687593,,5,2020-06-28 05:59:43,22383811,22383812
12335557,,5,2020-06-27 14:35:13,22383811,22383812
8649065,,5,2020-06-25 15:35:13,22383811,22383812
196246,,5,2020-06-25 13:17:36,22383811,22383812
2002516,,5,2020-06-24 17:46:46,22383811,22383812
1017346,,5,2020-06-23 20:24:31,22383811,22383812
1969425,,5,2020-06-23 13:40:27,22383811,22383812
12776011,,5,2020-06-22 20:43:37,22383811,22383812
7533056,,5,2020-06-22 19:29:38,22383811,22383812
307011,,5,2020-06-20 23:05:10,22383811,22383812
16808813,,5,2020-06-20 11:34:59,22383811,22383812
12227005,,5,2020-06-19 10:20:28,22383811,22383812
17562240,,5,2020-06-18 21:02:54,22383811,22383812
126913,,5,2020-06-18 14:20:00,22383811,22383812
6072890,,5,2020-06-17 01:06:46,22383811,22383812
27702,,5,2020-06-16 12:42:46,22383811,22383812
8075142,,5,2020-06-15 12:30:54,22383811,22383812
6004049,,5,2020-06-15 11:58:44,22383811,22383812
5819025,"QUÁ TỆ Mình chọn gói quà để mang tặng thì nhận được là một bọc hàng xấu xí, cũ kĩ, lủng lỗ chỗ. Xé băng cái bọc luôn thì phát hiện cuốn sách đóng đầy bụi bặm. Cái này mà mang tặng thì nhục mặt",1,2021-01-28 18:40:20,22383811,22383812
8932112,,5,2020-06-14 12:54:39,22383811,22383812
1597588,,5,2020-06-12 21:49:13,22383811,22383812
542879,,5,2020-06-12 07:27:26,22383811,22383812
14834135,,5,2020-06-11 11:44:27,22383811,22383812
11734788,,5,2020-06-06 10:21:40,22383811,22383812
13933261,,5,2020-06-06 08:42:43,22383811,22383812
10808765,,5,2020-06-05 01:47:35,22383811,22383812
5250097,,5,2020-06-03 07:58:08,22383811,22383812
14623864,,5,2020-06-02 09:36:54,22383811,22383812
5585232,,5,2020-05-31 21:47:07,22383811,22383812
12019832,,5,2020-05-31 20:51:16,22383811,22383812
7951114,,5,2020-05-30 06:05:45,22383811,22383812
512643,,5,2020-05-29 20:51:47,22383811,22383812
1183216,"vừa nhận sách xong chưa đọc, nhìn qua sách cũng hết muốn đọc. mình mua hàng của tiki biết bao nhiêu lần, chưa lần nào tệ như lần này, sách mình nhận đc bị rách bao nilong bên ngoài, dù là bìa cứng nhưng bìa sách lại bị cong vênh mặc dù cái hộp vẫn rộng chứng tỏ sách bị trước khi đc nhét vào hộp, người đóng sp cũng cứ thế mà nhét vào và giao cho khách... giờ phải làm sao đây? mình rất là bực mình!",2,,22383811,22383812
391626,"Không bàn đến nội dung, điều làm mình thất vọng chính là chất lượng dịch vụ ngày một đi xuống của Tiki. Một quyển sách quý và đẹp như vậy, nhưng sau quá trình bảo quản, đóng gói, vận chuyển của Tiki, quyển sách đến tay khách hàng trong tình trạng tệ như thế này.. :)",1,2020-10-13 08:39:50,22383811,22383812
14334865,"Hàng đóng gói ko chắc chắn, sách bóp méo và bị bong nilon. Nếu đặt tikinow mà đóng ko chắc chắn thế này thì mình ko hài lòng.đề nghị tiki xem lại việc đóng gói.",3,2020-08-01 11:00:33,22383811,22383812
358581,"Mình đặt hôm trước hôm sau có hàng liền. Sách vẫn còn màng bọc nilon, bìa cứng nên hơi nặng. Giấy in rất đẹp: dày dặn, ngả màu kem, không phải giấy bóng nhưng bề mặt nhẵn mịn xờ rất thích. Nội dung mượt mà, không nhàm chán và mình ấn tượng dịch giả dịch rất thoát í, trôi chảy",4,2020-04-23 08:50:01,22383811,22383812
264366,"Về dịch vụ giao hàng của Tiki: Giao hàng đúng thời gian. Nhưng lỗi về dịch vụ bookcare - Trong hệ thống đã báo bọc (đã có trừ số bookcare), nhưng khi giao đến tay mình lại là không bọc. Nên trừ 1 sao. Về nội dung: Cuốn sách dễ đọc nhưng 448 trang với khổ 24.2 x 16.4 cm nên cũng tốn 4 buổi tối mới hoàn thành. Tuy hành văn và mạch truyện không đặc sắc, thậm chí là hơi dài dòng và chán ở phần đầu, nhưng đây là một cuốn sách mang ý nghĩa động viên tốt. Cuốn sách này không nhấn mạnh nhiều về đời sống phu nhân tổng thống, mà là một cuốn tự truyện về sự sinh ra và lớn lên của một người phụ nữ hiện đại có chủ kiến, có hoài bão và quyết tâm khẳng định bản thân mạnh mẽ. Một người phụ nữ rất thật với những mâu thuẫn và khó khăn trong cân bằng giữa điều mình muốn làm và điều xã hội kỳ vọng, giữa vừa phát triển sự nghiệp với chăm sóc cho gia đình. Cuốn sách là lời thôi thúc vươn lên đối với những người thuộc nhóm yếu thế trong xã hội - phụ nữ, người da màu, người sống trong khu vực kém phát triển. Thông điệp mà Michelle luôn nhắc đi nhắc chúng ta không thể lựa chọn nơi chúng ta sinh ra, không thể thay đổi ngay lập tức điều kiện sống hiện tại; Nhưng với quyết tâm học tập, hướng đến nền giáo dục tốt hơn, nồng nhiệt vận động những người cùng chí hướng, tận dụng mọi điều kiện mà chúng ta có, thì dần dần - tương lai tươi sáng hơn, bình đẳng hơn cho mọi người sẽ không còn là viễn cảnh quá xa vời.",3,2020-02-04 14:34:07,22383811,22383812
11607776,"chưa đọc sách ,mới nhận sách ,có quyển sách mà muốn trả lại ,đã gửi *** cho tiki ,mầy ngày chưa thấy trả lời ,gọi điện mấy hôm rồi cũng không nghe máy ,cảm giác như đem con bỏ chợ ,web này bốc hơi luôn mọi người ạ ! Mình rất bực mình ,dịch vụ không nổi một sao ,đến giờ cũng không ai thèm rep *** mình ,ai đặt sách ở đây cẩn thận ,đừng để phải trả lại nhé mọi người !",1,2021-08-17 09:46:40,22383811,22383812
1738382,Quyển Becoming chất Michelle thì khá ổn về nội dung lẫn bên ngoài. Riêng quyển sách tặng kèm thì ko chấp nhận được: hộp giấy giao rất cẩn thận mà bên trong quyển sách như vất ở đâu đó,2,2019-09-19 19:04:26,22383811,22383812
8466157,sao tẹt lét z nè. mình vừa mở ra. huhu bị dơ,1,2020-03-16 09:10:26,22383811,22383812
1445140,"khá hài lòng về chất lượng giấy nhưng cảm thấy khâu đóng gói còn sơ sài, chỉ bọc mỗi lớp ni lông mỏng không có bất kì vật chèn hay bảo vệ nên có thể trong quá trình vận chuyển các đầu sách đều bị gãy. cảm thấy khá buồn vì mình là một người rất nâng niu, trân trọng và luôn muốn giữ từng quyển sách sạch đẹp không nếp gấp :(",3,2020-04-16 16:20:35,22383811,22383812
150474,"Không bàn tới nội dung cuốn sách Vì Michelle là idol của mình và cuốn này hay miễn phải bàn (phụ nữ nên đọc) Nhưng Tiki đóng hàng kiểu gì vậy ạ, gáy sách méo gãy hết cả! Mình lại mua tặng nữa, thật sự là bực ko bik để đâu cho hết!",2,2021-01-16 09:55:42,22383811,22383812
2122431,"Mình chưa đọc đc nhiều lắm, nhưng cứ lên tiki là hỏi review nên mình xin phép đươnc review là. Đọc được ít nhưung mình tin rằng đây là 1 quyển dách đáng đọc. Lôu r mình k tìm đc quyển sách nào mà có thể khuyên người khác là đáng đọc.!!!",4,2020-07-26 13:58:07,22383811,22383812
13008170,"Điểm cộng cho Tiki là giao hàng nhanh, chất liệu giấy rất đẹp như mong đợi. Điểm trừ là sách bị gãy góc trên và dưới, mình không hài lòng với điều này. Bởi mình rất quý những cuốn sách mà bản thân mình mua và nâng niu nó ngay cả khi đang đọc hay đã đọc xong và cho lên kệ. Vậy nên lời góp ý này để hy vọng Tiki cẩn trọng hơn về sau. Thank you so much!",4,,22383811,22383812
11460479,giao hàng nhanh chóng nhưng đóng gói cẩu thả quá. chỉ bỏ sách vào hộp dán băng keo lại là xong. Trong quá trình vận chuyển làm cong mép sách và làm rách mép bìa. Nếu có đóng gói có thể bọc lại bằng nilon xốp bóp nổ gói hàng chống sốc. để báo quản sách đẹp. có thẩm mĩ tới tay người nhận,2,2019-08-26 10:18:24,22383811,22383812
5119491,Lần sau mua những cuốn đắt tiền sẽ mua ở hiệu sách chứ khó mà tin được :((,2,2020-02-01 20:46:21,22383811,22383812
18018893,"Sản phẩm đẹp , sale được giá tốt, thấy review hay nên mua tặng quà bạn bè. Nhưng trừ đi 1 sao vì giao hàng đóng gói không cẩn thận (chỉ bỏ sách vào hộp, không có bọc sách lại bằng nilon) làm móp góc trái sách . Bên cạnh đó giao hàng dịch vụ tiki now trên trang nói giao trước 10h sáng mà 14h mới giao . Lân đầu đặt sách bên tiki nhưng chưa được như mong đơi.",4,2020-08-08 22:30:24,22383811,22383812
5396937,"Nội dung sách hay, cách viết dí dỏm và gần gũi, có những bài học có thể học thêm và áp dụng vào cuộc sống hiện tại. nhưng phần in ấn cần được chú ý hơn, Khu vực ảnh in mầu giữa cuốn sách có các trang giấy dính vào nhau, phải xé ra làm sách bị nhem dìa gây cảm giác khó chịu.",4,2020-06-15 14:08:18,22383811,22383812
85049,"Sách rất hay!Nhưng cách viết phần đầu chưa hấp dẫn lắm. Cuốn hút thật sự khi bắt đầu tác giả gặp Obama và nhất là chiến dịch tranh cử rất chân thực và sống động. Qua tác phẩm ta nhìn thấy một Michelle thật sự rất chất! Một tấm gương người phụ nữ quyết đoán, bản lĩnh và có một trái tim rất ấm áp. Cuốn sách rất đáng để đọc dù nó hơi dài.",4,2020-04-21 06:13:05,22383811,22383812
11359582,"Mình đọc sách này trong vòng 1 tuần, lời văn khá lôi cuốn và mạch lạc. Đọc xong cảm thấy hiểu hơn một chút về chính trị và nước Mỹ. Hình ảnh gia đình tổng thống Obama gần gũi và rất chân thật. Và sau khi đọc xong mình cảm thấy khâm phục bà Obama về nhiều mặt. Một quyển sách rất đáng để đọc.",4,2020-01-02 19:23:35,22383811,22383812
7519929,"Cảm ơn Tiki vì đã giao hàng nhanh như vậy. Mình đặt từ hôm thứ 6, dự kiến là thứ 4 nhưng thứ 2 hàng đã được chuyển đến rồi. Sách được bọc trong bọc kính dày để bảo vệ bìa mình thấy rất hay, phần giá tem bóc ra vẫn còn dính keo nên nhìn khá bẩn. Về chất lượng sách thì giấy rất đẹp, mướt, độ sang điều chỉnh cho thị lực. Tuy nhiên mình không hài lòng vì các góc sách đều bị móp. Vừa mới giở bìa sách ra đã thấy có nếp gấp như sách đã dùng rồi. sách có nhiều vết bẩn thành ra mất giá trị của một quyển sách đẹp. Mình cần Tiki kiểm tra lại đơn hàng cho mình.",2,2019-12-09 15:15:30,22383811,22383812
12516100,"Mình rất không hài lòng về shipper giao đơn hàng ngày hôm nay, shipper gọi cho mình lúc 16:57, mình đang không có nhà, và mình bảo họ đợi một lát bạn mình xuống lấy, từ lúc nhận đc cuộc gọi từ họ và bạn mình ra nhận hàng chỉ vỏn vẹn 2p, bạn mình vừa xuống, chưa kịp mở cổng thì anh này bảo: ""phải Dung không? "" rồi anh này chỉ về phía ngoài cổng, bảo: "" hàng đấy!"" thế rồi phóng xe đi, và theo hướng chỉ tay thì hàng mình được để trên phía ngoài cánh cửa cổng, rất không hài lòng về thái độ của anh shipper này! không thể bớt thêm 30s để tay trao tận tay món hàng mà tôi đã đặt, quá tệ!",1,,22383811,22383812
1659427,"Chương đầu bạn đọc sẽ thấy nhịp độ hơi chậm. Tuy nhiên, càng về sau nội dung quyển sách càng hay. Tiki lần 1 gửi cho mình quyển bị gãy gáy, mình đã phải trả lại. Tuy nhiên, đến lần 2 mình đặt lại thì Tiki đã khắc phục được lỗi này (vẫn rất ưu tiên tiki đấy nhé). Quyến sách lần này đẹp.",4,2019-09-27 15:32:03,22383811,22383812
13063031,"Mình không bình luận gì về sách Chỉ đánh giá cho dịch vụ 0* của Tiki, dịch vụ Giao hàng lẫn CSKH, Mình đặt 1 san phẩm vào ngày 11 đến tận ngày 19 mình mới nhận được sách. Hẹn ngày 16 giao hàng rồi nhắn tin xin hoãn đến ngày 17 , Hết ngày 17 không nhận được tin nhắn hay liên lạc hay gì, gọi lên tổng đà thì bảo "" Chị đợi"", hỏi đợi đến bao giờ thì Đợi giúp trong vòng tầm 3 ngày :(((( trong lúc mình đã chờ 1 tuần rồi :((((. Không có thêm 1 tin nhắn xin hoãn giao hay gì cả, dịch vụ kém không thể tả nỗi Nếu mà đánh giá được âm * thì cho TiKi -5* luôn . Thất vọng, từ sau sẽ hạn chế Tiki nhất có thể. Trân trọng !",1,2019-09-20 13:51:14,22383811,22383812
16849631,"Ấn tượng với hình ảnh,cách làm bìa 2 lớp,chất liệu giấy rất Ok. Nhưng đơn của t có đc tặng 1 sách nói nhưng ko có kèm theo gì khi nhận,chỉ có mỗi sách này.",4,2020-11-07 12:40:20,22383811,22383812
14287742,"một điểm trừ là sách không được đóng gói cẩn thận lắm, hộp ọp ẹp, 4 góc sách bị cong vênh dù chất lượng sách rất tốt. Quyển sách đáng đọc.",3,2019-10-14 15:13:24,22383811,22383812
1028061,"tôi rất hài lòng về nội dung sách và giao hàng nhanh của tiki. nhưng phải phàn nàn 1 chút ở khâu bọc hàng, sách còn mới nguyên lớp bọc ni lông mỏng, nhưng ko có thêm bất cứ bọc nào khác, trong quá trình vận chuyển ko tránh được sự va đập nhưng nếu có thêm lớp chống sốc thì sách đã ko bị móp gáy và mất mĩ quan",4,2019-08-02 13:50:46,22383811,22383812
94875,nội đứng như những loại tự truyện hay self-help khác trên thị trường. ko quá đặc biệt. gợi ý mng nên nghe audio sẽ saving hơn.,3,,22383811,22383812
11812552,"Các mép sách bị nhăn gãy nhiều, phía dưới và bên mình vừa bóc ni lông ra đã thấy bẩn.",1,,22383811,22383812
5123043,"Giao hàng nhanh. Sách bìa cứng, nhìn ngoài đẹp. Chưa đọc nên chưa biết chất lượng giấy bên trong.",4,2020-08-13 14:51:27,22383811,22383812
5964628,"Mình đặt hàng thứ 7 Tiki nói giao thứ 4 mà thứ 2 đã giao rồi, làm không có ở nhà để nhận, giận nên cho 3 sao. Nói chung mình chưa đọc hết nhưng sách rất dày dặn, bìa lẫn giấy đẹp khỏi chê...",3,2019-08-01 13:20:48,22383811,22383812
21633360,"Đóng gói làm thế nào mà rách mất góc bìa, huhu sách đắt mà phải dùng bằng dính dán lại bìa chán ghê",3,2021-06-24 10:33:48,22383811,22383812
9843773,Sách có bọc giấy bên ngoài làm mình cực ấn tượng NHƯNG nó bị hư mọi người ạ :),2,2020-06-17 11:40:08,22383811,22383812
5676092,Mình khá thích quyển này. Có hơi thất vọng một chút vì sách khá bụi và dính bẩn.,4,2020-06-23 18:36:50,22383811,22383812
386872,"Sách quý mà khi bóc hộp ra lại thấy 1 vết rạch trên bìa, chắc do lúc đóng hộp. Sót quá mà thôi. Mong tiki cẩn thận hơn lần sau",3,2020-08-21 21:39:12,22383811,22383812
315213,"Mình đặt hàng 11h trưa nay, chiều nhận sách lúc 3h kém, mà là chuyển thường ko phải chuyển nhanh, mà trong số hộp đựng đồ giao hàng online mình có thì hộp của tiki luôn đẹp đẽ chỉn chu ít móp bẹp nhất, và cũng nhiều nhất hihi",4,,22383811,22383812
5936339,"Sách nội dung hay. Chất lượng giấy đẹp tuy nhiên chất lượng in thì không tương xứng với số tiền bỏ ra. Có rất nhiều, rất rất nhiều phần chữ bị mờ như ảnh",4,2019-08-03 11:23:22,22383811,22383812
642155,"nó cho thấy sự chân thật của một con người từ chưa có gì đến khi trở thành một đệ nhất phu nhân mỹ , và những đau đớn cái giá phải trả để đạt được thứ mình muốn",4,2020-07-09 11:10:22,22383811,22383812
5180507,Biết được nhiều điều về chính trị nói chung và nước Mỹ nói riêng. Tuy nhiên sách nặng về các vấn đề chính trị nên đọc đôi lúc hơi nặng. Cá nhân tôi đánh giá sách hot 1 phần vì được PR rầm rộ,4,2019-10-01 17:22:39,22383811,22383812
19363660,"Sách đẹp, nội dung miễn bàn. Nhưng tiếc là do vẫn chuyển đóng gói nên bìa hơi móp và bẩn. Nhưng vì săn được deal hời nên không sao. Good.",4,2021-01-19 15:04:37,22383811,22383812
5118781,"Sách bị bóc ra và dơ làm mất thẩm mỹ, thật sự rất thất vọng :(((",2,2021-03-29 13:06:48,22383811,22383812
6991118,Giao hàng nhanh nhưng đóng gói sp thì max kém! gáy sạch và bìa sạch bị gập rất xấu!,2,,22383811,22383812
5086292,Mình là ng đọc sách rất giữ gìn nhưng khi nhận đc sách thì rất buồn. Bị móp mất một góc của gáy. Ko nhẽ lại yêu cầu đổi nên thôi,4,2020-12-29 12:15:22,22383811,22383812
60271,"Tiki làm việc kì quá , rõ ràng trong đơn hàng để dùng bookcare nhưng khi giao lại k có . Trong tài khoản lại có trừ đi 1 bookcare nữa",3,,22383811,22383812
8282777,"Nội dung cuốn sách thì k có gì bàn cãi, nhưng tiki giao hàng sách bị dập 1 chút phần gáy sách, dây đánh dấu trang thì in vệt rõ màu vàng vào 2 tờ sách kẹp. Còn chất liệu giấy, bìa đều oke.",4,2019-09-24 16:18:03,22383811,22383812
5235131,Mặc dù đơn hàng của mình để chứ bọc bookcare khá to ở đầu nhưng khi nhận hàng lại k thấy có bọc đâu. Cảm thấy bực mình vì mình sợ hư sách mà tiki lại làm ăn như vậy,2,,22383811,22383812
6118,Ngoại hình của sách rất okelah rồi nhé ?,4,2021-06-20 15:58:45,22383811,22383812
5390861,Cách viết của Michelle thật sự không hợp với mình. So với những người viết khác thì cô hoàn toàn kém. Xin lỗi cô Michelle nhưng đây là lời thật lòng.,1,2020-05-02 20:09:44,22383811,22383812
5852829,"Mua cho vợ đọc, bảo đọc hay nhưng chưa đọc thử. Kèm theo một số ảnh màu kể về cuộc đời của bà Michelle.",4,2019-11-21 21:10:59,22383811,22383812
8635400,"Đắn đo đặt lên đặt xuống mới mua ẻm nhưng sách bị nhăn mép huhuhu. Chất lượng giấy, in thì okeeee.",3,2020-01-13 14:54:14,22383811,22383812
274456,"Cuốn sách bài đẹp, hình ảnh chất lượng, nội dung thì cũng bình thường, Tiki giao hành nhanh chắc chắn",4,2021-01-31 09:45:53,22383811,22383812
57988,"Sách rất đẹp bên ngoài, chất liệu giấy sờ vào rất thích nhưng rất mong khi tiki đóng hàng kiểm tra kỹ trước khi gửi khách mở ra nó rách như vầy làm mình rất tiếc...",2,2019-08-08 07:10:00,22383811,22383812
6290410,"Mình mới đọc được khoảng 100 trang, thấy sách hay.Sách giúp mình hiểu hơn về nước Mỹ, học hỏi được nhiều điều thú vị vd cách dạy con của cha mẹ bà Michelle",4,2019-08-07 15:28:25,22383811,22383812
7033375,"Giao hàng nhanh. Nhưng sách nhận dược bị móp góc, hi vọng tiki cải thiện",2,2020-02-19 09:25:07,22383811,22383812
5324406,ở tỉnh nhưng 2 ngày là hàng tới sách nguyên vẹn nhưng bookmarks tặng bị dập méo,4,2019-10-12 15:58:55,22383811,22383812
12936475,"Tiki ơi hàng bị bẩn nhé, túi bóng bọc sách bị rách và sách bị bẩn, cảm thấy thất vọng quá",4,2020-09-03 13:04:14,22383811,22383812
501875,"Sách gói cẩn thận, nhưng ko thấy có tặng thêm sách nói như thông tin ban đầu.",4,2020-12-29 12:42:05,22383811,22383812
540036,Sach dep. Giao hang nhanh. Tuy nhien NXB neu in tren giay dinh luong mong hon thi mang di lai doc nhe nhang thi tot hon. Hơi nặng.,4,2020-05-31 13:34:01,22383811,22383812
13202899,"Sách lúc đầu đọc rất hứng khởi nhưng không hiểu sao càng ngày mk càng kéo dài lê thê tốc độ đọc, mấy tháng chưa xong",4,2020-01-10 20:37:37,22383811,22383812
10224217,"Quyển sách mở mang rất nhiều, thành công ko phải may mắn, những gì bạn có hôm nay là cả quá trình toi luyện và tích góp.",4,2020-01-14 08:00:29,22383811,22383812
6225116,"Quá buồn vì sau một ngày đặt hàng thì sản phẩm giảm giá 50%, nhìn giá giảm mà lòng đau như cắt, nước mắt đầm đìa.",4,2020-01-06 20:53:47,22383811,22383812
6008644,,4,,22383811,22383812
5103543,,4,2021-03-05 08:11:15,22383811,22383812
13083,Sách dày và giấy tốt nên khá nặng. Nội dung chi tiết từ thời thơ ấu cúa tác giả nên đọc đôi khi hơi mệt,4,2020-02-04 21:32:52,22383811,22383812
1646053,Hình như giảm giá nên móp mép hết cả,1,2020-04-17 13:01:29,22383811,22383812
190383,"sách cũng hay, giấy đẹp, mình rất thích những quyển sách minh họa sinh động thế này, mỗi cái là hơi mắc",3,2020-01-28 14:48:59,22383811,22383812
13352652,"Giấy chất lượng, mùi thơm, font chữ đẹp dễ đọc và nội dung dịch khá sát với bản tiếng Anh",4,2020-04-10 15:05:39,22383811,22383812
11259849,"giao hàng nhanh, chất lượng ổn",4,2020-05-18 07:28:08,22383811,22383812
18599014,có những trang bị dính vào nhau một ít. còn lại thì ưng lắm luôn,4,2020-10-11 17:56:03,22383811,22383812
15624047,Mình vẫn chưa nhận được voucher sách nói first new,4,2020-12-29 00:36:31,22383811,22383812
6395598,Tiki giao hàng nhanh. Đánh giá 3 sao vì thấy nội dung cuốn sách không hấp dẫn quá thôi.,3,2020-04-14 15:59:24,22383811,22383812
377949,Góc bìa sách bị móp. Tiki giao hàng nhanh.,3,2021-02-27 21:10:57,22383811,22383812
5113311,,4,2021-11-07 13:11:29,22383811,22383812
12367142,"Nhân viên giao hàng thân thiện,sản phẩm đóng đói cẩn thận. Rất thích mùi sách mới, nội dung đang đọc",4,2019-09-25 15:44:11,22383811,22383812
6848,Sách khá hay. Tuy nhiên mình k thấy đc bọc sách bằng nilon như bookcare mọi khi,4,2020-03-13 23:48:58,22383811,22383812
13485202,"Sách vận chuyển bị bẹp, méo nhúm bìa sách. Gói bọc sách vận chuyển sơ sài. Rất không hài lòng!",2,2019-09-23 15:06:35,22383811,22383812
971020,hơi bị móp bìa do đóng gói vận chuyển,3,2020-10-29 19:53:40,22383811,22383812
17640493,Sách bị rạch bìa 1 đường đai,2,2020-12-10 20:36:22,22383811,22383812
15862892,,4,2021-07-22 21:13:39,22383811,22383812
16675626,"Giao hàng nhanh , sách hay nhưng bị gấp một số trang ở phía trên",4,2020-04-07 12:51:46,22383811,22383812
10166633,,4,2021-06-29 15:32:50,22383811,22383812
7455015,Mình nhận nhưng sách bị ướt bong rộp phần lưng nhìn rất mất thẩm mĩ,3,2020-01-13 11:22:28,22383811,22383812
20634980,giao hàng nhanh,4,2021-03-15 17:39:01,22383811,22383812
1050820,,4,,22383811,22383812
19614791,,4,2021-05-11 11:35:40,22383811,22383812
13796749,,4,2021-04-29 16:21:10,22383811,22383812
6039905,,4,2021-04-16 08:16:39,22383811,22383812
5845663,Thái độ nhân viên giao hàng gắt gỏng.,3,2020-06-22 13:38:11,22383811,22383812
20959534,,4,2021-03-28 16:20:24,22383811,22383812
18669515,,4,2021-03-24 10:21:02,22383811,22383812
19198627,,4,2021-03-13 21:22:06,22383811,22383812
10531355,,4,2021-03-05 13:55:47,22383811,22383812
1052332,vẫn luôn hài lòng với cách gói bọc đóng gói của Tiki ???,4,2020-01-01 08:30:37,22383811,22383812
557118,,4,2021-02-21 23:28:23,22383811,22383812
1005759,,4,2021-02-19 19:17:45,22383811,22383812
311143,Chưa đọc được nhiều. Chất liệu ok tốt,4,2020-04-15 19:51:23,22383811,22383812
6560432,,4,2021-02-10 11:31:17,22383811,22383812
19647347,,3,2021-01-16 22:21:49,22383811,22383812
7317673,,4,2021-01-15 23:26:56,22383811,22383812
5755720,,4,2021-01-15 13:04:40,22383811,22383812
6049892,,4,2021-01-14 22:17:24,22383811,22383812
18285357,Cực kỳ hài lòng,4,2020-09-11 15:09:06,22383811,22383812
1828980,,4,2021-01-11 13:14:41,22383811,22383812
7018415,,4,2021-01-09 10:33:18,22383811,22383812
5363201,"sách hay, trình bày đẹp",4,2020-07-22 07:42:54,22383811,22383812
17500847,,4,2020-12-24 12:15:38,22383811,22383812
19310839,,3,2020-12-17 07:05:55,22383811,22383812
14134089,,4,2020-12-13 18:17:21,22383811,22383812
10506827,"Sách quý mà Tiki bọc hàng chán quá, hàng về hộp nát bét lun :(",4,2019-09-16 10:05:30,22383811,22383812
38870,,4,2020-12-04 17:18:53,22383811,22383812
7986733,"???? sách hay, đáng đọc . Recommend",4,2020-04-05 14:01:50,22383811,22383812
17618050,hay,4,2020-11-11 08:31:37,22383811,22383812
1133322,,3,2020-11-24 16:48:52,22383811,22383812
14363221,tốt,4,2020-10-21 14:24:57,22383811,22383812
17256120,,4,2020-11-11 21:59:14,22383811,22383812
13018824,,3,2020-11-08 10:28:31,22383811,22383812
5931584,,4,2020-10-25 12:36:09,22383811,22383812
6888100,Mình cũng đã nhận sách mà không nhận được Coupon?!?!?!,2,2019-08-21 16:04:19,22383811,22383812
8718449,,4,2020-09-25 21:11:57,22383811,22383812
766211,Good,4,2020-08-23 15:48:19,22383811,22383812
11543253,,4,2020-09-09 10:56:19,22383811,22383812
591499,,1,2020-09-02 23:20:02,22383811,22383812
111935,,4,2020-09-01 08:09:35,22383811,22383812
17081339,,4,2020-08-26 16:35:29,22383811,22383812
12470162,,4,2020-08-23 14:19:13,22383811,22383812
13443153,,4,2020-08-17 23:42:32,22383811,22383812
16848449,,4,2020-08-08 15:16:00,22383811,22383812
6804329,Hình thức đẹp -nội dung hay -giao hàng nhanh chóng,4,2019-08-18 12:06:05,22383811,22383812
6802561,,4,2020-07-14 02:38:43,22383811,22383812
10826635,,4,2020-07-06 18:53:08,22383811,22383812
894063,,4,2020-06-23 14:52:13,22383811,22383812
8069612,,4,2020-06-20 19:49:04,22383811,22383812
44202,"da nhan sach, nhung sao khong thay voucher 300,000",3,2019-08-19 22:45:28,22383811,22383812
6526438,,4,2020-06-09 10:12:32,22383811,22383812
21586545,"Mua đọc nhân dịp kỉ niệm 80 năm thành lập Chính phủ và Quốc khánh 2-9 Sách nhà First New lúc nào cũng chỉn chu về nội dung, dịch thuật, chất lượng sách, bìa minh họa ấn tượng. Thiết nghĩ thời gian gần đây phong trào yêu nước ngày càng được lan tỏa trong giới trẻ, các bạn có thể tìm hiểu cuốn ""Chân trần chí thép"" này để trau dồi thêm kiến thức sử nhà và tình yêu nước. ""Chân trần chí thép"" đặc biệt ở chỗ là của một cựu sĩ quan Mỹ tham gia trực chiến tại chiến trường Việt Nam. Ông có cái nhìn rất khách quan và công bằng sau khi tiếp xúc với hiện thực khắc nghiệt, những hậu quả nặng nề do chiến tranh gây ra cho nhân dân Việt Nam, đồng thời ông lên án những ""đường mật"" mà Chính phủ Mỹ đã kêu gọi người lính Mỹ lúc tham gia rải chất độc màu da cam lên những cánh rừng Việt Nam. Không phải cho đến tận giờ, khi nhắc đến Vietnam war, người dân Mỹ lại kính nể những cựu chiến binh đã tham chiến tại Việt Nam như thế: khắc nghiệt và đáng sợ, đó là 2 từ miêu tả rõ nét nhất. Các bạn hãy tìm đọc cuốn sách này, thực sự đáng giá",5,2025-08-20 11:47:31,181122317,181122318
13827707,Cuốn sách nên đọc & nên giữ nếu bạn thích lịch sử với nhiều góc nhìn khác nhau.,5,2025-09-30 15:30:37,181122317,181122318
1892455,"Nội dung sách hay,cho cái nhìn mới về cuộc chiến tranh kháng chiến chống Mỹ cứu nước của nhân dân ta",5,2025-05-05 07:15:23,181122317,181122318
29342659,"Sách hay, đóng gói cẩn thận",5,2026-03-05 14:37:29,181122317,181122318
7961765,Giao hàng nhanh. Đóng gói cẩn thận. Chưa bóc nhưng có vẻ sách chính hãng giấy đẹp,5,2023-02-06 14:11:14,181122317,181122318
5811028,,5,2025-07-28 21:42:35,181122317,181122318
24098934,,5,2025-07-16 12:34:12,181122317,181122318
6683369,,5,2025-06-29 23:07:09,181122317,181122318
11629033,,5,2025-04-14 21:35:18,181122317,181122318
12029622,,5,2025-04-02 16:16:12,181122317,181122318
16068938,,5,2025-02-05 10:42:53,181122317,181122318
12703320,,5,2024-09-07 19:20:28,181122317,181122318
17267875,Việt Nam anh hùng! Sách hay! Nên mua nhé mn,5,2023-11-18 18:29:03,181122317,181122318
28842286,,5,2024-07-10 16:46:20,181122317,181122318
29134435,,5,2024-05-30 15:24:04,181122317,181122318
8277073,,5,2024-03-14 08:21:25,181122317,181122318
22233186,,5,2024-02-27 09:48:45,181122317,181122318
27440948,,5,2024-01-16 16:46:26,181122317,181122318
6588832,,5,2023-11-14 17:59:05,181122317,181122318
27259470,,5,2023-11-12 08:46:30,181122317,181122318
11535193,,5,2023-10-24 00:50:25,181122317,181122318
14966583,,5,2023-10-10 22:28:31,181122317,181122318
28939487,"ok, giao hàng nhanh",5,2023-03-14 19:33:30,181122317,181122318
6010016,,5,2023-06-05 09:19:17,181122317,181122318
25741052,,5,2023-06-03 15:55:00,181122317,181122318
8508799,,5,2023-05-27 10:06:13,181122317,181122318
6448080,,5,2023-04-23 12:53:39,181122317,181122318
8891959,,5,2023-04-05 15:11:11,181122317,181122318
17064706,,5,2023-02-06 11:24:49,181122317,181122318
5830020,amazing,5,2022-09-28 14:15:57,181122317,181122318
1476414,,5,2022-11-07 18:43:18,181122317,181122318
13258251,Quá hay,5,2022-09-13 22:42:00,181122317,181122318
16079245,,5,2022-10-17 19:52:50,181122317,181122318
12278801,,5,2022-10-01 13:06:24,181122317,181122318
18417010,,5,2022-09-28 09:14:55,181122317,181122318
21997246,,5,2022-06-14 21:13:48,181122317,181122318
54679,Sách in ấn đẹp,4,2025-06-29 22:13:24,181122317,181122318
97737,,4,2025-06-16 13:36:58,181122317,181122318
29325778,,4,2023-08-08 13:52:57,181122317,181122318
7652521,Sách hay và bổ ích,4,2023-02-06 09:58:22,181122317,181122318
20822833,,4,2023-02-15 17:48:27,181122317,181122318
5112793,Sách đẹp,4,2022-08-10 04:01:38,181122317,181122318
5381028,Tiki đóng gói sản phẩm chắc chắn và giao đúng sản phẩm yêu cầu. Vận chuyển đúng như kế hoạch dù trong điều kiện thời tiết mưa bão ở Hà Nội.,5,2025-10-09 19:49:16,23609991,23609992
28874004,"Hình thức sách từ bìa đến chất lượng giấy, in ấn đều rất tốt, mình còn được tặng 1 cái bookmark kèm theo sách nữa, nội dung sách thì mình chưa đọc. Tiki giao hàng nhanh, sách lần này của mình còn nguyên vẹn, không bị móp méo.",5,2023-10-09 21:33:44,23609991,23609992
7249618,"Hình thức sách không có gì để nói, giấy ok, có bookmark kèm theo. Nội dung sách cũng là về cuộc chiến chống Pon Pot tuy nhiên cách viết của tác giả đậm chất văn học hơn, ít sỏi đá, ít đen tối hơn so với cuốn Chuyện lính Tây Nam của Trung Sỹ nhưng vẫn lột tả được những hy sinh mất mát của cuộc chiến. Nên đọc.",5,2021-05-05 07:51:01,23609991,23609992
16695306,Không có ý kiến,5,2026-01-17 16:32:53,23609991,23609992
141214,"sách giấy ngả vàng dịu mắt nội dung tạm ổn, giọng kể khá lạc quan, các sự kiện được kể cũng nhanh và tóm gọn, không có nhiều drama trong này. đọc để biết ông cha ta một thời hào hùng chịu đói chịu ốm đau để chiến đấu như thế nào cũng khá bổ ích, biết được nhiều mẹo hay kiểu như thả hạt đỗ vào tai con heo sẽ làm heo lăn quay",5,2020-02-27 12:36:17,23609991,23609992
12276415,"Một trong những quyển sách hay nhất về đời lính mà tôi từng đọc, quyển sách đã quay lại như một bộ phim về người lính tình nguyện Việt Nam tại chiến trường Campuchia. Những sự hì sinh mất mát gian khổ, những câu chuyên tếu táo đời thường rất tự nhiên của lính trong chiến tranh bom đạn họ vẫn vô tư trong sáng. Quyển sách còn cho ta thấy sự tàn bạo của bọn diệt chủng khmer đỏ, pol pot, sự đau khổ của dân Campuchia. Một quyển sách hay nên đọc.",5,2019-09-28 07:04:10,23609991,23609992
30645309,,5,2026-07-04 16:01:27,23609991,23609992
22715930,,5,2026-04-20 08:35:43,23609991,23609992
7981785,,5,2026-03-21 17:29:04,23609991,23609992
18795305,Sách Đẹp,5,2022-02-08 09:22:35,23609991,23609992
8393396,,5,2025-09-23 11:19:13,23609991,23609992
5692766,"Một quyển sách hay và đầy ám ảnh, với tôi nó là một cuốn sách miêu tả trần trụi về cuộc chiến tranh biên giới và những mất mát của quân và dân ta trên chiến trường Tây Nam để bảo vệ Tổ quốc. Tôi không sao khỏi xót xa và bần thần khi khép lại những trang cuối cùng, còn các bạn hãy đọc và cảm nhận nhé",5,2019-10-20 14:43:12,23609991,23609992
2095968,"Đây là cuốn sách rất xuất sắc nói về người lính Việt Nam ở chiến trường K. Bên cạnh việc chiến đấu, hành quân đầy gian khổ là tình đồng đội, đồng chí, những góc khuất ít người biết về những người lính được tác giả khắc hoạ vô cùng sinh động.",5,2020-01-10 09:58:15,23609991,23609992
675594,,5,2025-03-23 07:50:18,23609991,23609992
29453262,,5,2025-02-25 11:05:59,23609991,23609992
19061181,Tôi đã nghe> 5 lần trên vov và giờ đọc thấy nó rất hay nên mua cùng cuốn (mùa linh cảm),5,2021-11-09 21:03:13,23609991,23609992
6046712,Rất hay! Nên đọc!,5,2022-10-27 19:01:09,23609991,23609992
7157582,"Tiki giao hàng nhanh Một quyển sách rất hay và ý nghĩa, miêu tả chân thực về những tháng năm chinh chiến của bộ đội VN làm tình nguyện chiến đấu ở Campuchia, Sách in rất đep, đc cả bookcare nữa kkk",5,2020-05-13 22:52:49,23609991,23609992
23956337,Đọc sách để càng tự hào về một thời cha ông. Tôi cũng sẽ thi và mong đỗ vào môi trường quân đội,5,2022-04-09 16:03:19,23609991,23609992
10996567,"Giao hàng nhanh, sách được bao bọc kĩ.",5,2020-12-02 13:33:52,23609991,23609992
21436196,"Giao cực nhanh, sách hay",5,2022-02-09 12:02:51,23609991,23609992
7857796,Sách mới. Bìa đẹp giấy đến mực đều rõ ràng ko chê vào đâu được. Đóng gói cẩn thận rất tôn trọng khách hàng. Luôn luôn tin tưởng tiki.,5,2020-08-29 22:19:21,23609991,23609992
20189845,,5,2023-06-11 20:15:27,23609991,23609992
5287822,"Sách còn nguyên bọc, vận chuyển nhanh, thanks.",5,2022-07-12 19:40:13,23609991,23609992
15384336,"Giao nhanh, đúng giờ!",5,2022-12-11 17:23:15,23609991,23609992
12042637,,5,2023-05-05 16:35:51,23609991,23609992
7321364,,5,2023-05-05 04:10:11,23609991,23609992
12145658,Chưa mở nma mua đc giá hời sách có bọc nilon ở ngoài nên khá tốt,5,2021-12-23 10:37:50,23609991,23609992
596524,sách đẹp,5,2023-01-28 15:02:28,23609991,23609992
2936,giao hàngnhanhjhhhhhhhh,5,2021-08-26 13:57:56,23609991,23609992
11110210,,5,2023-03-23 08:21:03,23609991,23609992
14881423,Tuyệt vời.,5,2022-12-27 16:39:01,23609991,23609992
16439416,,5,2023-03-17 20:24:38,23609991,23609992
23698887,,5,2023-02-18 02:31:28,23609991,23609992
321544,,5,2023-02-05 17:13:33,23609991,23609992
7006284,,5,2023-02-01 12:50:26,23609991,23609992
22278351,"Sách hay , chán thực về người lính",5,2022-05-09 17:14:11,23609991,23609992
20313052,đọc rất hay và đóng gói khá là ok nhưng khi ship đến thì có bị móp cạnh một chút,5,2021-05-02 09:00:49,23609991,23609992
1244065,,5,2022-12-27 11:18:25,23609991,23609992
10247683,"Lời văn xúc tích, mạch truyện chân phương, người đọc như trải nghiệm từng giây phút trên chiến trường K năm nào. Cám ơn tác giả.",5,2020-04-07 11:39:37,23609991,23609992
28503683,,5,2022-12-03 16:14:40,23609991,23609992
11264367,,5,2022-11-08 10:24:20,23609991,23609992
15303730,"Sách đẹp mà lại giao nhanh, mỗi tội viết nhầm địa chỉ làm cho chị shipper hơi mệt :(((",5,2021-01-15 16:49:18,23609991,23609992
27003496,,5,2022-10-21 15:29:37,23609991,23609992
13477285,,5,2022-10-18 10:43:14,23609991,23609992
11185143,,5,2022-10-11 08:38:46,23609991,23609992
5807683,,5,2022-10-09 11:39:59,23609991,23609992
6479708,,5,2022-09-23 20:29:31,23609991,23609992
1787153,chân thật,5,2022-06-28 10:31:04,23609991,23609992
22560534,,5,2022-08-24 03:46:26,23609991,23609992
27008768,,5,2022-08-22 20:32:49,23609991,23609992
1541306,"Sách viết chân thực, khốc liệt về cuộc chiến ít người biết. Cảm ơn tác giả và thế hệ anh",5,2020-09-03 08:22:28,23609991,23609992
13542922,"1 tác phẩm quá tuyệt vời, quá ý nghĩa dành cho những bạn yêu thích hồi ký về lịch sử chiến tranh",5,2020-08-10 17:04:48,23609991,23609992
82494,hay,5,2022-06-06 18:22:05,23609991,23609992
6647675,,5,2022-06-15 00:43:44,23609991,23609992
11254515,,5,2022-05-29 21:21:08,23609991,23609992
14618315,Quá hay,5,2022-04-09 22:51:41,23609991,23609992
27544803,,5,2022-05-20 17:37:48,23609991,23609992
26972064,,5,2022-05-03 18:54:21,23609991,23609992
17267988,,5,2022-04-18 20:29:16,23609991,23609992
5805473,,5,2022-03-28 01:27:34,23609991,23609992
6531435,tác phẩm rất hay ạ,5,2020-08-09 17:43:59,23609991,23609992
26295817,,5,2022-03-05 12:40:53,23609991,23609992
2231978,,5,2022-02-21 11:24:25,23609991,23609992
6269887,,5,2022-02-14 21:05:08,23609991,23609992
1430877,,5,2020-12-03 09:17:38,23609991,23609992
8558875,tốt,5,2022-01-08 12:02:54,23609991,23609992
21243370,Sản phẩm đóng gói cẩn thận,5,2021-06-24 17:05:41,23609991,23609992
212653,,5,2022-01-11 15:41:26,23609991,23609992
21757545,Truyện hay nên thích mua,5,2021-07-20 20:30:16,23609991,23609992
5317980,,5,2021-11-15 13:27:27,23609991,23609992
2149844,,5,2021-09-30 10:33:48,23609991,23609992
17722241,,5,2021-09-27 11:46:15,23609991,23609992
22883843,,5,2021-09-16 08:49:37,23609991,23609992
853237,,5,2021-08-13 12:54:47,23609991,23609992
12813211,,5,2021-08-07 19:23:25,23609991,23609992
59877,,5,2021-08-02 11:54:51,23609991,23609992
619569,,5,2021-07-30 12:30:42,23609991,23609992
2053944,"Sách hay, nên đọc.",5,2021-03-10 15:46:21,23609991,23609992
22403704,,5,2021-07-16 16:49:51,23609991,23609992
7365132,,5,2021-07-15 14:56:24,23609991,23609992
21462923,,5,2021-07-14 16:56:13,23609991,23609992
8565885,,5,,23609991,23609992
8126503,,5,2021-06-17 17:18:25,23609991,23609992
16668192,"Một cuốn sách tuyệt vời, rất chân thực và xúc động!",5,2020-04-19 15:35:05,23609991,23609992
17153585,,5,2021-05-29 18:06:35,23609991,23609992
6271823,"một tác phẩm hay, chân thực nhất về cuộc chiến tranh bên đất Camp",5,2020-01-15 07:37:48,23609991,23609992
12701178,"nói nó hay là chưa đủ, phải thêm cả sự chân thực nữa",5,2020-03-30 22:54:33,23609991,23609992
11337946,,5,2021-05-05 12:58:31,23609991,23609992
20635184,,5,2021-05-04 11:11:30,23609991,23609992
2042150,"sách rất hay, in đẹp, sách được giao đảm bảo chất lượng, hàng chuẩn.",5,2019-11-11 06:30:47,23609991,23609992
10721851,,5,,23609991,23609992
7249627,,5,2021-04-14 01:08:48,23609991,23609992
67646,,5,2021-04-01 11:20:10,23609991,23609992
13917288,,5,2021-04-01 07:54:14,23609991,23609992
21073978,,5,2021-03-30 11:36:51,23609991,23609992
14729570,Gói rất kĩ và giao cũng khá nhanh. Nội dung truyện thì rất hay.,5,2020-01-02 18:43:46,23609991,23609992
2226818,,5,2021-03-26 10:11:18,23609991,23609992
15697452,,5,2021-03-24 06:26:29,23609991,23609992
20278785,min,5,2021-02-25 16:11:40,23609991,23609992
593248,,5,2021-03-02 06:04:58,23609991,23609992
20460482,,5,2021-03-01 19:39:43,23609991,23609992
10822387,Ok,5,2021-02-16 13:29:39,23609991,23609992
11547836,,5,2021-02-24 08:58:55,23609991,23609992
12524479,,5,2021-02-14 10:23:00,23609991,23609992
13538335,,5,2021-02-07 21:03:08,23609991,23609992
752298,,5,2021-02-07 13:38:01,23609991,23609992
17801086,,5,2021-01-25 15:52:09,23609991,23609992
19799095,,5,2021-01-22 22:34:48,23609991,23609992
17893114,,5,2021-01-13 20:53:40,23609991,23609992
7543099,,5,2021-01-05 11:48:45,23609991,23609992
1168676,,5,2020-12-28 15:07:05,23609991,23609992
1245489,,5,2020-12-28 00:11:57,23609991,23609992
151717,,5,2020-12-24 23:20:17,23609991,23609992
19547041,,5,2020-12-16 19:47:40,23609991,23609992
14963191,,5,2020-12-15 20:08:14,23609991,23609992
9675508,,5,2020-11-29 12:26:47,23609991,23609992
17768882,,5,2020-11-27 18:12:03,23609991,23609992
18604460,,5,2020-11-11 22:52:13,23609991,23609992
18031413,,5,2020-10-11 16:41:23,23609991,23609992
447973,"Truyện hay, giao hàng nhanh",5,2020-03-28 12:48:34,23609991,23609992
14110935,,5,2020-09-17 15:26:28,23609991,23609992
111515,,5,2020-08-01 13:11:58,23609991,23609992
1767499,,5,2020-06-13 19:34:53,23609991,23609992
23487550,sách rất đẹp shop đóng gói cẩn thận giao hàng rất nhanh,4,2022-07-18 14:35:40,23609991,23609992
18142246,"Sách bọc mang, đóng gói đẹp. Nội dung chủ đề về người lính, một nội dung mình rất thích.",4,2021-05-30 21:00:52,23609991,23609992
810890,lần đầu gặp tình trạng giao hàng của Tiki bị lỗi như này. sách hơi lỗi như hình,3,2020-02-27 18:07:51,23609991,23609992
13572260,"Giao hàng nhanh, nội dung bận chưa xem nhưng nhìn chung hình thức, giấy in ổn.",4,2021-05-21 13:34:26,23609991,23609992
5897982,,4,2023-07-12 15:19:46,23609991,23609992
17535315,Hay và xúc động,4,2022-11-12 12:10:55,23609991,23609992
12293130,"Sách đẹp, in ấn cẩn thận.",3,2020-09-01 00:22:55,23609991,23609992
1468721,Mình chưa đojc nhưng giao hàng và đóng gói ổn,4,2021-04-05 07:21:54,23609991,23609992
24579820,,4,2021-12-06 14:37:40,23609991,23609992
20596756,rất tốt,4,2021-09-26 20:43:34,23609991,23609992
10184381,"Sách in khá đẹp, tốt",4,2021-05-25 15:04:52,23609991,23609992
20013160,"Hay lắm, nên đọc nha",4,,23609991,23609992
5933775,,4,2021-09-03 15:55:56,23609991,23609992
10652376,truyện hay,4,2021-02-25 21:43:45,23609991,23609992
21196720,,4,2021-04-15 07:22:45,23609991,23609992
18079497,,4,2021-01-12 14:18:34,23609991,23609992
17246733,Hàng giao muộn ko đúng ngày,4,2020-05-09 18:35:41,23609991,23609992
18432755,,3,2020-10-17 10:55:49,23609991,23609992
14093626,"sách hay, giao hàng nhanh, đóng gói cẩn thận rất ok",4,2019-10-01 13:37:48,23609991,23609992
8066020,,4,2020-07-22 10:40:26,23609991,23609992
19926384,"Mình ko cầm sách trên tay để chụp, truyện đọc ổn, hài nhưng nhiều lúc cũng đau lòng, cái kết thì he chiều lòng con dân :))) thứ mình ko thích ở quyển này là khổ in ko đẹp, đặt kế cuốn em cùng mẹ Vê là ""Cái ái duyên"" nó lệch khổ nên nhìn khó chịu quá",5,2024-11-27 16:43:22,183539219,183539220
25308844,Sách đẹp giao nhanh sách còn seal nha Nd thì e chưa đọc nên chưa đánh giá nào đọc xong e quay lại,5,2024-10-24 09:40:20,183539219,183539220
27758822,"Lần đầu tiên đọc tiểu thuyết VN, mình rất thích cái cách tác giả dùng câu đối, ca dao và các chức được tìm hiểu trong một giai đoạn lịch sử Việt Nam. Đọc sách có rất nhiều cung bậc cảm xúc khác nhau. Mình thấy rất hay mọi người cũng nên đọc thử🥰🥰 Sách giao hàng nhanh, bọc sách cẩn thận, có kèm bookmark. Nhưng sách không dày như mình tưởng, mình đọc mất khoảng nửa ngày.",5,2023-01-07 17:30:58,183539219,183539220
28986403,"Sách mới, giấy đẹp bìa đẹp xỉu. Mình rất hài lòng",5,2023-05-17 21:34:44,183539219,183539220
20062534,"Hay lắm các bác ơi. Giọng văn, ca dao rất hay. Bìa và bookmark lại rất thơ và đẹp",5,2026-01-13 13:35:07,183539219,183539220
2009999,"Một tiểu thuyết của tác giả Việt Nam, cực kỳ thú vị và chứa đựng cái tâm trong từng con chữ! Nhiều đoạn dường như còn chứa đựng giai điệu, ngân nga như thi ca. Quan trọng là thông điệp cần truyền tải qua câu chuyện tình được xem là khôi hài, móc mỉa, nhưng lại sâu nặng và thấm nồng hai chữ “Trung, Trinh”.",5,2022-07-31 01:09:48,183539219,183539220
23092279,"Chờ rất lâu để được cầm cuốn truyện yêu thích trên tay. ❤️ Vẫn luôn mê giọng văn của chị Vê aka Vân Võ: câu gãy gọn, kể lôi cuốn (bả ít tả cảnh lắm luôn :))), thích trào phúng nhân vật của mình và đặc biệt hay gieo vần vô câu. Đọc có thể ngâm nga thành tiếng như karaoke luôn. :)) Truyện này có thể nói là đặc trưng phong cách của Vê: khai thác “người xấu”. Thằng huyện là một “ông quan xấu” trong miệng người làng, con hầu đi theo quan cũng “xấu” nốt. Nhưng hai đứa “xấu” nương tựa vào nhau để giữ 1 cái lòng yêu quê chung thì rất là bánh cuốn, mình tò mò không biết tiếp theo bọn nó sẽ làm gì, chuyện thế nào sẽ xảy ra, mình đọc hông dừng được. Tóm lại đây là chuyện tình cảm siêu ngọt, có thịt, phản diện x phản diện. cảm hứng lịch sử và giễu nhại chính trị chỉ là phụ hoi nhen nhen nhen 😤",5,2022-06-16 16:35:33,183539219,183539220
133306,"Đầu tiên là mình dùng tikinow nhận hàng rất nhanh, cảm ơn anh shipper giao hàng rất chu đáo dù trời mưa to 👍 Cuối tuần mới có thời gian đọc 1 lèo hết cuốn sách, truyện rất hay, lâu lắm rồi mình mới đọc thơ lục bát việt :) cảm giác rất đã 🧡 Hy vọng tác giả sẽ lấp các hố truyện 😚 và sáng tác thêm các tác phẩm thể loại này. Em rất thích 🤭",5,2022-07-10 19:59:33,183539219,183539220
8720143,"Không phải lúc nào tham vinh hoa hư lợi cũng là phản tặc, cũng không phải cứ đầu quân cho giặc là bán nước và không phải ai cũng dũng cảm để để nghe đời chửi là tham quan ""cướp ngày"". Câu chữ lời lẽ đậm chất lịch sử nhưng rất lôi cuốn chứ không hề khô khan. Cảm ơn tác giả Vân Võ đã mang đến một khía cạnh mà không phải ai cũng thấy được",5,2022-06-30 11:55:57,183539219,183539220
2241896,"Mình đã yêu thích truyện này từ lâu, nên truyện đã đọc rồi nhưng khi mua về vẫn bị cuốn vào đọc không dứt. Plot twist đc xây dựng khéo léo, đọc hơi bắt não tí nhưng hiểu rồi rất hay. Nội dung thể hiện sự tìm tòi và yêu thích của chị với lịch sử và văn hoá người Việt xưa, nên văn phong đọc rất thuần Việt hợp lý, không bị Trung Quốc hoá như nhiều tác giả khác. Sách đẹp, thơm, tiki giao nhanh, art vẽ cũng rất đẹp nữa. Mua về quá xứng tiền.",5,2022-06-26 17:22:14,183539219,183539220
560885,"Kẻ sĩ, có người thi thố vào đường quan trường lấy danh lấy lộc, còn ông Huyện này thì vứt danh cho *** gặm, chấp nhận cái danh tham quan, bán nước. Vì người, người chẳng biết, ông là kẻ khóc cho người thầy phơi xác, khóc cho người hầu làm việc nghĩa. Nàng, từ chỗ con gái người tuẫn tiết vì nước, lại thành kẻ tội đồ vì không tiền chôn xác mẹ, làm con *** cho thằng bán nước. Hai kẻ ấy, xấu xa nhất nhưng lại là trinh, tiết nhất. Mình thích giọng văn sắc sảo của tác giả. Cảm ơn.",5,2023-06-02 09:03:30,183539219,183539220
17388262,"Nội dung hấp dẫn, truyện có yếu tố hư cấu nhưng rất hay, bookmark xinh, các bức vẽ trong truyện cx xinh",5,2023-04-11 16:10:48,183539219,183539220
6034927,"ngôn lù việt nam, cũng khá là ok, 200 trang mà xôi thịt cũng dữ dằn nha",5,2023-11-30 22:25:45,183539219,183539220
8104203,"Một quyển sách rất thú vị. Cũng dựa trên mô tuýp cũ là đừng trông mặt mà bắt hình dong, cùng văn phong giản dị và ngôn ngữ chân thuần, nhưng cái cách dẫn dắt câu chuyện tự nhiên của tác giả đã bật lên được cái đau đáu của bậc trí sĩ trước việc đắn đo bảo toàn sĩ tiết và bán nhục để mưu cầu điều tốt đẹp hơn cho cả một tộc người (chứ không phải riêng vài cá nhân nhỏ lẻ). Người đời quen xét việc thông qua những gì mình thấy những cái mình nghe, nhưng cuộc đời lại chứa đựng rất nhiều sự thật chỉ có thể dùng trí tuệ và nhân tâm để nhìn rõ và dung nạp. Lại nữa, miệng đời dễ nói, hành động cụ thể khó làm; nhưng chỉ trong vòng non 200 trang sách, tác giả đã khắc hoạ tài tình hình ảnh và nội tâm sâu sắc của những bậc “gian sĩ” anh hùng, và thiết lập một định nghĩa trọn vẹn cho hai chữ “thái bình”. “Thằng huyện con hầu” chỉ là quyển sách mỏng dễ cầm dễ đọc, nhưng lại không hề dễ quên. Nó chứa đựng những triết lý sống mà dù thời bình hay thời loạn đều đáng để đọc, ngẫm và hành. Nếu có cần trích dẫn, xin mượn một câu trong những trang cuối cùng để chúc mọi người “sống thành danh nhân của chính cuộc đời mình”",5,2023-04-14 14:49:05,183539219,183539220
277741,"Tác giả VanVo là 1 trong những tác giả Việt Nam mà mình rất thích. Mình đã theo dõi và đọc truyện của chị trên wattpad lâu rồi, giờ mới mua cuốn Thằng Huyện Con Hầu đã được xuất bản. Văn phong trong truyện gần gũi, đầy chất làng quê xưa của phong kiến Việt Nam. Sẽ ủng hộ tác giả với những tác phẩm xuất bản sau này. ❤️❤️❤️ Mãi yêu 🥰🥰🥰",5,2023-03-08 09:32:00,183539219,183539220
12226170,"Sách đẹp, nội dung hay, văn phong đơn sơ nhưng rất đời, tình tiết suy nghĩ nhân vật phản ánh chân thực, tuy đơn giản nhưng đọc xong vẫn nghẹn ngào, sách hay ,nên đọc",5,2024-02-19 14:41:57,183539219,183539220
366258,"Sách đẹp, truyện hay lắm nha. Tại hạ lười chụp ảnh nên ko có ảnh =))) nói chung mình thích truyện lắm ạ, đáng đọc, và đó là một trong số bộ truyện Việt thuần Việt mà mình thấy đáng để mua về và sưu tầm đó ạ 🥰 bộ này mình đọc trên watt của chị VanVo lâu rồi, nên nay thấy chị xuất bản truyện liên ủng hộ chị, đọc lại vẫn thấy hay như ngày nào 😘",5,2022-11-28 13:42:45,183539219,183539220
275593,"Mua sách của Tiki thì vừa đẹp, vừa được bọc bookcare. Giao hàng nhanh và dịch vụ khách hàng cũng tốt",5,2023-12-15 00:36:09,183539219,183539220
27681131,"Truyện hay, bọc sách cẩn thận. Giao hàng nhanh.",5,2022-06-20 09:37:36,183539219,183539220
30188898,"Giao hàng nhanh, đóng gói sách chắc chắn 🥰🥰",5,2024-10-30 13:53:05,183539219,183539220
27321046,"Văn phong truyện rất hấp dẫn, trào phúng mà vẫn thơ. Tình tiết hấp dẫn. Cách xây dựng nhân vật nam chính vừa ""ngôn tình"" mà lại ko ngôn tình. Hình minh hoạ, trình bày đẹp. Tóm lại mình rất thích sách này và mong là nó cũng như tác giả được nhiều người biết đến hơn.",5,2022-08-04 13:43:20,183539219,183539220
8540490,"Một bộ truyện với giọng văn hài hước và khá ấn tượng với mình. Nếu bạn lăn tăn thì hãy mua đi nhé, sẽ không làm bạn thất vọng đâu. Tiki giao hàng nhanh, đóng gói cẩn thận nữa.",5,2022-08-15 20:43:37,183539219,183539220
10494643,Giao hàng rất nhanh. Sách và bookmark đều rất đẹp. Mua để ủng hộ văn học nước nhà.,5,2023-04-05 20:33:47,183539219,183539220
1121554,"yêu nước ở hành động chứ không phải ngồi khoanh chân luận chuyện, chửi đời. 2 mảnh đời nương tựa vào nhau, nhịn sống để nhìn thấy ngày có được ""Thái Bình""",5,2022-07-07 11:03:56,183539219,183539220
18943660,"Nội dung sách rất hay, đặc biệt là một người thích sử như mình thì cuốn sách cũng là một góc nhìn mới lạ về lịch sử. Tác giả cũng là tác giả yêu thích của mình nữa nên quyển này rất tuyệt vời nha",5,2022-11-10 14:32:20,183539219,183539220
8391901,"Shop đóng gói hàng kĩ và giao nhanh. Sản phẩm đẹp, bắt mắt, chất lượng tốt. Sẽ tiếp tục ủng hộ.",5,2022-07-15 17:53:22,183539219,183539220
14501503,vì là fan Vanvo55 nên mua cốt chỉ ủng hộ idol chứ thực ra toi đã đọc truyện tận 3 lần nhưnh vẫn chưa thoát được ra khỏi couple Trung Trinh nha mấy pồ,5,2022-08-27 07:54:07,183539219,183539220
1163276,"mới đọc vài trang đầu,lối viết văn hay, đậm chất văn học việt, hy vọng cốt truyện sẽ hấp dẫn vì mình thích cách viết văn của tác giả",5,2022-08-07 21:40:53,183539219,183539220
12386375,"Bìa siêu xinh, có seal nữa nên xinh x100000 🥹 nội dung thì đỉnh lắm khỏi bàn, mình đọc bên wattpad ghiền quá nên mới phải chốt sách về lẹ lẹ để đọc nốt đó 🫶",5,2023-04-03 17:30:15,183539219,183539220
30636511,,5,2026-07-28 07:03:13,183539219,183539220
27656632,"một cuốn sách hay, còn kèm theo cả bookmark nữa.Tiki luôn giao hàng nhanh , đóng gói cẩn thận. cảm ơn bạn shipper nữa nha, quá nhiệt tình luôn",5,2022-07-05 15:42:18,183539219,183539220
21619231,,5,2026-06-22 14:06:44,183539219,183539220
30686339,,5,2026-06-08 18:10:24,183539219,183539220
22570292,"Quá đã lun ạ, mới đặt hôm qua mà nay đã tới nhà. Truyện chị V thì chưa bao giờ làm mn thất dọngg, iu chị nhìu",5,2022-12-13 15:28:58,183539219,183539220
1154759,"Giao hàng nhanh, không làm méo, hư hại sách. Sách đẹp, màu xịn, cầm nặng tay. Nội dung thì siêu siêu siêu hayyyyyy. Nên mua nhen mọi người",5,2022-06-21 20:45:57,183539219,183539220
19012352,,5,2026-03-03 19:58:22,183539219,183539220
26480127,Sách nguyên seal đẹp và ko bị df góc gì hết luôn làn này gửi hàng 5s có chống sốc,5,2023-03-26 22:58:27,183539219,183539220
8915925,Đây là một quyển sách hay nên đọc Nội dung nhẹ nhàng. Vừa mang yếu tố lịch sử kết hợp với câu chuyện tình yêu lãng mạn trong thời kỳ loạn lạc,5,2022-11-28 11:04:01,183539219,183539220
602151,"Sách cực kì xinh, bìa ngoài lẫn cách bài trí bên tronh đều đẹp. Giá sale cũng rẻ. Nên mua ạ",5,2022-10-25 16:25:51,183539219,183539220
1813767,Sách đẹp,5,2024-06-22 07:44:32,183539219,183539220
30203823,,5,2025-11-04 17:20:29,183539219,183539220
20949300,,5,2025-10-12 04:54:50,183539219,183539220
1167758,,5,2025-10-07 18:55:26,183539219,183539220
9853994,"Truyện hay, tâm đắc về nội dung của truyện lắm",5,2023-06-15 12:56:05,183539219,183539220
189241,,5,2025-08-10 10:35:48,183539219,183539220
7879128,"Tiki giao nhanh, bọc rất kỹ. Sách cũng rất hợp gu, văn phong gần gũi, mình đọc hết một lèo luôn. Trải nghiệm 10/10",5,2023-03-30 22:48:34,183539219,183539220
917781,"Ấn tượng đầu tiên là bìa quá đẹp, tên truyện cũng gợi nhiều tò mò. Nội dung hay thú vị. Mong tác giả tiếp tục có thêm những tác phẩm mới",5,2022-08-05 11:03:06,183539219,183539220
25705064,Ume từ nội dung đến văn phong của tác giả. Đáng đọc lắm nhaaaa,5,2024-01-21 20:52:17,183539219,183539220
29971394,,5,2025-05-01 13:41:46,183539219,183539220
10848992,,5,2025-04-24 11:44:07,183539219,183539220
10606874,,5,2025-03-13 20:26:23,183539219,183539220
16511689,"cốt truyện mới,sách nhận được ko bị móp👍🏻👍🏻👍🏻👍🏻",5,2022-08-09 20:39:16,183539219,183539220
227877,"Nội dung rất hay, lần đầu đọc truyện của tác giả này, lối viết cuốn hút, cách dùng từ và xây dựng nhân vật rất hay.",5,2022-09-15 23:37:05,183539219,183539220
12212603,"Giao hàng nhanh, bọc kĩ, nội dung hay thật sự và có kèm bookmark nữa nha, đáng tiền mua!",5,2023-06-07 09:10:52,183539219,183539220
18299083,,5,2025-01-24 22:25:29,183539219,183539220
8542922,"Nhà sách Tiki không làm mình thất vọng, sách mới, đẹp, đóng gói kĩ",5,2022-07-02 15:42:30,183539219,183539220
1189344,Cuốn sách này thực sự hay và đẹp đối với mình!,5,2022-10-08 14:54:15,183539219,183539220
19784848,"Mình rất thích cuốn này, đúng thứ mình đang tìm",5,2023-12-15 00:45:32,183539219,183539220
1237188,,5,2024-11-15 11:23:11,183539219,183539220
16980570,,5,2024-11-12 21:51:17,183539219,183539220
30097119,sách đẹp,5,2024-08-27 14:04:14,183539219,183539220
21079749,,5,2024-10-24 13:09:49,183539219,183539220
27741245,"truyện bìa rất đẹp, nội dung hay rất đáng mua nhaaaa",5,2022-07-20 21:39:58,183539219,183539220
790297,,5,2024-10-21 08:21:15,183539219,183539220
16515155,"Giao hàng siêu nhanh, mới đặt hôm qua trưa hôm sau đã đến. Bìa truyện rất đẹp, nội dung hay khỏi bàn. 10điểmm",5,2022-07-24 19:48:53,183539219,183539220
30153289,,5,2024-10-19 14:21:10,183539219,183539220
27869287,"Truyện hay cực, mình mua ủng hộ chị tác giả. Giao hàng nhanh thật. Tuyệt vời 10 điểm.",5,2022-12-10 16:07:52,183539219,183539220
21164157,"giao hơi chậm, sách hay (ko có hình sorry)",5,2022-07-22 17:09:47,183539219,183539220
20489657,"Giao hàng nhanh, mua sale thích lăm",5,2022-09-11 19:53:49,183539219,183539220
12007982,,5,2024-06-24 14:25:12,183539219,183539220
14170259,,5,2023-04-09 13:19:00,183539219,183539220
8813282,,5,2024-05-30 07:48:28,183539219,183539220
9783203,"Rất là đẹp, giao hàng nhanh nhưng cần chú ý bọc lại hang trước khi cho vào thùng",5,2022-09-23 07:13:52,183539219,183539220
10006850,"HUHU SÁCH HAY GIAO NHANH KINH KHỦNG KHIẾP, TRINH TRUNG MỘT ĐỜI VỚI CUỐN NÀY",5,2022-11-13 17:35:11,183539219,183539220
27805975,"Nội dung quá pơ phệc Giao rất nhanh sách không cong, còn seal.",5,2023-02-11 16:35:08,183539219,183539220
6494781,Nf zznbczz nmnxzavm. Mmjxzbn jb nk,5,2023-09-06 13:08:45,183539219,183539220
27702523,"Đóng gói sp đẹp, ko móp góc",5,2022-06-24 13:01:45,183539219,183539220
1860703,"Sách đẹp,nội dung hay",5,2022-06-26 22:19:16,183539219,183539220
27778932,,5,2022-11-14 18:28:35,183539219,183539220
10421889,"Truyện hay, văn học nhẹ nhàng châm biếm.",5,2023-03-31 17:07:32,183539219,183539220
15252078,"giao hanhgf nhanh, sách được bọc gói đầy đủ cẩn thận. chấm 10 điểm ạ",5,2022-07-25 11:53:10,183539219,183539220
7733426,"Truyện rất là hay luôn ý, mọi người nên đọc",5,2023-02-06 12:23:47,183539219,183539220
25468393,,5,2024-01-15 08:21:11,183539219,183539220
753174,,5,2024-01-05 12:27:10,183539219,183539220
16406752,,5,2023-12-31 09:38:25,183539219,183539220
1587562,Hay xỉu up xỉu down,5,2023-07-13 11:42:19,183539219,183539220
28919204,,5,2023-11-12 10:35:44,183539219,183539220
13601974,,5,2023-10-27 13:13:32,183539219,183539220
11748093,,5,2023-10-15 23:09:24,183539219,183539220
17561234,xinhhhh,5,2022-06-17 16:02:40,183539219,183539220
21424135,,5,2022-07-26 14:56:57,183539219,183539220
8476293,,5,2022-07-01 17:09:49,183539219,183539220
27225643,Sách rất đẹp,5,2023-05-22 18:25:36,183539219,183539220
26303625,,5,2023-08-24 21:22:47,183539219,183539220
18699346,,5,2023-07-24 17:35:00,183539219,183539220
16047869,,5,2023-07-22 21:15:29,183539219,183539220
13875992,,5,2023-07-17 18:29:43,183539219,183539220
1535795,Truyện hay ạ,5,2023-03-30 17:35:32,183539219,183539220
12189489,,5,2023-06-15 20:36:37,183539219,183539220
27783753,,5,2023-06-06 12:22:58,183539219,183539220
26777627,,5,2023-06-04 07:42:11,183539219,183539220
13604314,,5,2023-05-18 12:50:10,183539219,183539220
16181480,,5,2023-05-14 09:37:34,183539219,183539220
28894504,,5,2023-05-02 22:28:13,183539219,183539220
21514446,,5,2023-04-23 12:52:04,183539219,183539220
24815819,Sách về đúng đẹp.,5,2022-11-26 17:58:01,183539219,183539220
6185363,,5,2023-04-11 21:40:51,183539219,183539220
28164761,,5,2023-04-10 19:19:10,183539219,183539220
493011,,5,2023-04-02 19:54:50,183539219,183539220
11110210,,5,2023-03-23 08:21:52,183539219,183539220
28967362,,5,2023-03-22 20:06:49,183539219,183539220
28811006,,5,2023-03-17 10:55:56,183539219,183539220
14057019,,5,2023-03-11 15:14:09,183539219,183539220
6228582,,5,2023-03-06 11:05:29,183539219,183539220
10925745,,5,2023-01-26 23:28:29,183539219,183539220
6290196,Sách đẹp nha còn seal ạ,5,2022-07-30 20:36:35,183539219,183539220
23737083,"hay , khóc liên tục hmuhmh",5,2022-07-22 11:21:25,183539219,183539220
24969283,,5,2022-12-21 11:09:35,183539219,183539220
1826533,,5,2022-12-13 15:28:22,183539219,183539220
15587872,,5,2022-12-09 13:49:39,183539219,183539220
26022930,,5,2022-12-08 17:55:25,183539219,183539220
6446741,,5,2022-11-30 20:17:42,183539219,183539220
6924924,,5,2022-11-25 07:08:42,183539219,183539220
18534410,đẹp rẻ,5,2022-09-14 13:01:29,183539219,183539220
9965891,,5,2022-11-16 10:21:32,183539219,183539220
596962,,5,2022-11-06 10:21:18,183539219,183539220
16739503,Sách hay,5,2022-09-13 12:17:45,183539219,183539220
7336791,,5,2022-11-04 11:21:13,183539219,183539220
9161076,,5,2022-10-31 12:56:50,183539219,183539220
28359346,,5,2022-10-21 17:58:55,183539219,183539220
10319410,"sách đẹp, hay.",5,2022-07-07 21:57:52,183539219,183539220
21749133,Just so so,5,2022-08-23 10:40:25,183539219,183539220
28046448,,5,2022-10-12 06:34:04,183539219,183539220
1106230,,5,2022-09-28 12:37:10,183539219,183539220
9174011,,5,2022-09-25 15:39:30,183539219,183539220
28214578,,5,2022-09-24 14:54:05,183539219,183539220
14527784,,5,2022-09-23 10:50:54,183539219,183539220
989891,,5,2022-09-20 22:47:37,183539219,183539220
21513360,,5,2022-08-30 09:54:44,183539219,183539220
1182082,,5,2022-08-29 21:17:05,183539219,183539220
10914781,,5,2022-08-28 19:36:40,183539219,183539220
19494836,,5,2022-08-27 10:16:39,183539219,183539220
15402720,,5,2022-08-18 07:15:28,183539219,183539220
26858201,,5,2022-08-10 10:22:11,183539219,183539220
27759359,,5,2022-08-08 12:54:56,183539219,183539220
87550,,5,2022-08-07 13:37:44,183539219,183539220
14992503,,5,2022-07-24 18:32:53,183539219,183539220
7624853,,5,2022-07-22 22:51:35,183539219,183539220
26214299,,5,2022-07-22 07:19:03,183539219,183539220
14635684,,5,2022-07-21 23:58:58,183539219,183539220
13956699,,5,2022-07-20 14:43:03,183539219,183539220
6763440,,5,2022-07-20 09:49:52,183539219,183539220
1390058,,5,2022-07-19 12:15:48,183539219,183539220
6471588,,5,2022-07-18 20:36:11,183539219,183539220
9786862,,5,2022-07-18 15:05:19,183539219,183539220
27831885,,5,2022-07-16 09:18:49,183539219,183539220
19460597,,5,2022-07-11 19:50:54,183539219,183539220
8434086,,5,2022-07-07 00:43:28,183539219,183539220
330521,,5,2022-07-06 08:35:01,183539219,183539220
22505301,,5,2022-07-04 16:51:33,183539219,183539220
26241740,,5,2022-07-03 20:14:58,183539219,183539220
7361051,,5,2022-07-03 08:04:08,183539219,183539220
27040853,,5,2022-06-26 13:05:31,183539219,183539220
7101847,,5,2022-06-25 16:22:38,183539219,183539220
8479286,,5,2022-06-23 10:41:21,183539219,183539220
15564518,,5,2022-06-22 19:19:43,183539219,183539220
464260,,5,2022-06-17 22:41:02,183539219,183539220
19776452,"Cốt truyện và các kể truyện đơn giản, có nhiều câu nhẹ nhàng và thấm. Nhưng nếu có thể đi sâu vào tâm lý nhân vật, làm rõ bối cảnh, xây dựng được 1 vài tuyến nhân vật phụ nữa thì sẽ hợp gu mình hơn.",4,2023-08-21 14:25:01,183539219,183539220
21214173,"Mình thấy nội dung cuốn này cũng khá ổn, cách xây dựng nội dung cũng không đặc sắc lắm, mình cũng đoán được nội dung khi đọc được1/3 cuốn r",4,2023-04-27 19:59:15,183539219,183539220
7396286,"Văn ổn, đọc chill thôi, tình tiết bình thường không có gì quá đặc sắc",4,2024-12-01 12:27:12,183539219,183539220
19026815,Mây chương đầu thì hay. Đến đoạn cuối thì thấy không hay nữa,4,2023-03-09 17:46:40,183539219,183539220
13545971,"Khúc đầu mới lạ, hài hài, khúc sau quay về mô tuýp cũ mèm, đầu mèo đuôi chuột",3,2022-10-05 08:51:29,183539219,183539220
1471028,"Ổn nha, mua sale 90% như thì còn gì để nói nữa, tuyệt zời. Nd thì mấy e review có vẻ hay.",4,2022-06-29 20:34:51,183539219,183539220
10596764,"Nội dung sách hay, khá ấn tượng. Không hài lòng với dịch vụ giao hàng bên Tiki",4,2022-09-02 12:18:28,183539219,183539220
16119396,*** nhí! Nội dung không rõ ràng viết như truyện Tàu.,2,2023-01-17 14:57:02,183539219,183539220
27790121,,4,2022-07-14 09:18:13,183539219,183539220
107123,"Tui mua cuốn này từ ngày mới phát hành, nhưng tối qua mới đọc. Tác giả - chị Kim Hạnh (nhà báo), dưới ngòi bút của mình chị đã mô tả chân thật nhứt những gì Sài Gòn đã trải qua, đen tối và đau thương nhất. Đọc đến đâu ký ức và hình ảnh trôi ngược về, nó cứ phát trực tiếp trong tâm trí. Sách còn có nhiều ảnh tư liệu chụp lúc đó, những hình ảnh .... giờ coi lại vẫn thấy buồn. Thôi ko đọc, tui quyết định cất nó lên kệ. Một ký ức lịch sử để giữ lại để cảm ơn cuộc đời này!",5,2026-04-11 10:12:04,278618370,278618372
10529571,"[Sài Gòn bao thương] Viết về Sài Gòn những ngày gồng mình chống Covid-19, những biến chuyển phức tạp của làn sóng dịch thứ tư đã đánh Sài Gòn trọng thương, những mất mát đau thương của bao gia đình, bao đứa trẻ, những bàn tay vươn ra che chở, giúp đỡ lẫn nhau, lá rách đùm lá nát và những tia sáng ấm áp sau những ngày u tối. 6 năm kể từ ngày ca nhiễm Covid đầu tiên xuất hiện, ký ức về Sài Gòn bị phong tỏa, tiếng xe cứu thương liên tục vang lên đến nhói lòng, những F0, F1 phải lên đường đi cách ly, có người trở về và có người không thể trở lại, những gói mì, túi gạo, bó rau cứu trợ, những tin nhắn động viên nhau, những thông điệp 5K, cách xa 2m cứ thế ùa về qua từng trang sách nhắc nhớ về những năm tháng không bao giờ quên. Sài Gòn thường ngày là những điều bao la, bao no, bao đẹp, bao bền, bao vui, rồi khi dịch bệnh xảy đến, Sài Gòn đau đớn đến ngã quỵ, khắp nơi trên cả nước dang tay giúp đỡ Sài Gòn, người Việt mình thương nhau, người Sài Gòn thương nhau, cứ thế Sài Gòn bao thương lúc nào hổng hay. Thương chứ, con virus ấy có phân biệt gì đâu, nó cứ ào ào đánh vào sức khỏe, tính mạng, y tế, kinh tế, đời sống của người ta thì chúng ta càng phải thương nhau, nghĩ cho nhau, lo cho nhau, cùng nhau đẩy lùi nó đi. Nó đi rồi nhưng cũng để lại bao tổn thương, đau đớn, Sài Gòn vẫn thương nhau, vẫn tiếp tục đồng hành với những hoàn cảnh khó khăn, cùng nhau vượt qua nghịch cảnh. Cuốn sách đã dành một chương viết về hoàn cảnh hiện tại của những mảnh đời bị sóng covid xô đẩy nhưng đã tìm lại được sự bình an, nuôi dưỡng hy vọng bước tiếp. Bất giác thấy lòng mình ấm áp đến lạ. #saigonbaothuong",5,2025-12-24 08:06:21,278618370,278618372
2006871,,5,2026-01-30 14:01:47,278618370,278618372
5627997,Hay,5,2026-01-02 15:11:40,278618370,278618372
15263572,,5,2025-10-17 21:08:47,278618370,278618372
12058844,,5,2025-10-14 06:50:01,278618370,278618372
12594236,,5,2025-09-30 23:29:06,278618370,278618372
22433719,,5,2025-09-17 05:29:33,278618370,278618372
131922,,5,2025-09-16 14:53:17,278618370,278618372
11654744,,5,2025-09-14 10:08:16,278618370,278618372
179825,đóng gói và shipper. Tuy nhiên thời gian cho đơn hàng này hơi lâu,4,2025-09-25 10:04:05,278618370,278618372
13988205,"Đang đọc thì có bà chị mê quá nên nhường chị ấy trước. Hôm nào có giảm giá sâu sẽ mua lại. Nói chung thì cụ Vương Hồng Sển viết thú vị, ít tính khoa học, đọc vui.",5,2022-06-08 19:59:02,170352285,170352298
30414921,,5,2026-08-06 17:40:50,170352285,170352298
786793,giao hàng nhanh sách đẹp,5,2022-06-25 15:56:19,170352285,170352298
125233,Sách của cụ Vương thì hay rồi khỏi suy nghĩ. Tiki bán sách thì yên tâm về chất lượng.,5,2022-05-07 08:58:55,170352285,170352298
33282,"Phần 2 của chuyện cũ ở Sốc Trăng. Tiki giao hàng nhanh, sách đẹp.",5,2022-07-01 07:35:41,170352285,170352298
12464026,,5,2023-07-10 11:25:55,170352285,170352298
8341977,,5,2022-08-08 16:39:06,170352285,170352298
1040334,,5,2023-10-10 10:19:07,170352285,170352298
601093,,5,2023-06-18 16:43:44,170352285,170352298
12666430,Sách hay,5,2022-11-13 16:23:23,170352285,170352298
67175,,5,2022-08-18 06:41:52,170352285,170352298
193960,,5,2022-06-30 08:27:11,170352285,170352298
5961433,,5,2022-06-22 21:43:01,170352285,170352298
7255757,,5,2022-06-10 17:02:28,170352285,170352298
10157304,,5,2022-05-10 17:57:36,170352285,170352298
1465831,"Cuốn sách thu hút tôi ngay từ những trang đầu tiên. Khi bạn cũng tập thể dục và cảm nhận được nỗi đau về thể xác (mỏi cơ ) hay tinh thần (phải dậy sớm khi nằm trong trăn ấm ) thì đọc quyển này sẽ rất sướng, có cảm giác tiếp thêm động lực. Mình đã nghe về phỏng vấn trực tiếp anh chàng Seal này rồi, gọng rất hay cho motivation video, không ngờ chính là anh chàng luyện cho Jesse về 1 tháng khắc khổ này. Các bạn có thể mua và đọc cuốn sách để biết là ai. Như thường lệ : Tiki giao hàng nhanh và tốt ^_^",5,2020-04-26 11:54:58,25641259,25641260
22723726,,5,2022-04-30 07:23:25,25641259,25641260
11685153,,5,2022-01-13 21:22:02,25641259,25641260
166409,"Sách phi tiểu thuyết mà đọc y như hư cấu, vì anh seal trong sách y như robot sống.",5,2020-04-22 23:26:57,25641259,25641260
15192591,sách đẹp rất hài lòng,5,2021-05-29 09:54:18,25641259,25641260
13513176,,5,2021-05-25 17:08:42,25641259,25641260
7614853,,5,2021-04-29 16:19:36,25641259,25641260
13318344,tiki giao cực nhanh. Sp đến tay rất tốt kh vết xước?,5,2020-03-31 20:49:52,25641259,25641260
18312312,,5,2021-01-18 19:58:10,25641259,25641260
13819058,có thể do bên vận chuyển hoặc là do bên shop sách đã móp méo,3,2021-03-29 17:15:01,25641259,25641260
8415969,,4,2021-12-17 08:23:15,25641259,25641260
17931783,,4,2021-02-16 11:48:47,25641259,25641260
839630,"Hơn tám mươi phần trăm mua từ sàn, ngày càng phình to. Gửi tín hiệu vũ trụ để có tiền xây nhà bự hơn. Review này cho nhanh 😗",5,2025-07-18 13:46:03,391254,92037
17052468,Quyển sách rất hay của nhà văn Sơn Nam. Mua sách trên tiki may mắn chưa có lần nào phải than phiền về chất lượng hay giao hàng,5,2022-08-23 15:45:36,391254,92037
7981785,,5,2026-03-21 17:29:02,391254,92037
7469966,,5,2025-11-01 15:33:10,391254,92037
6819008,,5,2025-05-08 10:36:28,391254,92037
29940539,,5,2024-10-28 11:08:34,391254,92037
154933,"Tôi cảm thấy Bà Chúa Hòn là 1 trong những tiểu thuyết hay nhất của bác Sơn Nam. Truyện rất lôi cuốn, tình tiết gay cấn, hồi hộp. Tình huống truyện thông minh. Truyện khắc họa được nhiều hình ảnh của vùng đất và con người miền Tây trước thời Pháp thuộc.",5,2018-09-24 21:48:02,391254,92037
10454715,"Sách của Sơn Nam thì khỏi bàn cãi, chất liệu sách rất tốt, đóng gói cẩn thận, sản phẩm đẹp và rất êm",5,2021-09-14 22:38:37,391254,92037
27165435,"Giao hàng nhanh, đóng gói cẩn thận, tiếp tục ủng hộ shop",5,2022-04-28 09:58:31,391254,92037
27469348,Thích,5,2022-07-23 16:37:48,391254,92037
78994,"Đây có thể xem là một trong những tiểu thuyết giá trị nhất của ông già Nam bộ Sơn Nam. Tiểu thuyết có câu chuyện lôi cuốn, hấp dẫn. Bối cảnh tái hiện lại Nam kỳ trước khi Pháp đến, từ cảnh quang thiên nhiên đến lối sinh hoạt, các đại gia giàu có thống trị xứ biển Tây một thời… Thậm chí, đến tín ngưỡng dân gian Nam bộ buổi đầu, cũng được nhà văn tài ba chú ý khai thác, ông Đạo Đất là một trong những nhân vật xuyên suốt tác phẩm, làm nổi bật đời sống tinh thần của cư dân Nam kỳ trên vùng đất mới khai khẩn ngày xưa. Những điều đó, ngoài tạo nên giá trị văn học, còn mang giá trị văn hóa sâu sắc, tái hiện lại một không gian - thời gian văn hóa là xứ Nam kỳ thời Nguyễn.",5,2016-07-09 17:22:59,391254,92037
20457178,,5,2021-08-16 10:15:57,391254,92037
390132,"Vẫn với ngòi bút đặc sắc viết về Nam Bộ, Bà Chúa Hòn tái hiện lại bối cảnh của không gian miệt vườn vùng đồng bằng sông Cửu Long. Nhưng nếp nghĩ, sinh hoạt của cư dân vùng châu thổ. hình ảnh chân thực đã giúp Bà chú hòn được lựa chọn cho một bộ phim lôi cuốn. Tập sách được in với minh họa đẹp, chất lượng cao đảm bảo việc trân quý những tác phẩm của ""ông già Nam Bộ"". Tôi lấy làm tiếc một điều nhà xuất bản trẻ không tái bản bìa cứng để phục vụ cho giới yêu sách có được một bộ sách đẹp của nhà văn Sơn Nam.",5,2015-11-14 01:51:27,391254,92037
15052614,,5,2021-03-30 17:36:53,391254,92037
12013888,,5,2020-12-31 20:21:47,391254,92037
17334267,,5,2020-08-04 16:51:12,391254,92037
11330418,"Mô tả sách là bìa cứng , nhưng sách giao là bìa mềm, là sao?",3,2022-11-29 18:04:34,391254,92037
6000943,thông tin ghi bìa cứng nhưng nhận sách là bìa mềm.,2,2021-12-23 20:05:30,391254,92037
22575012,,4,2021-09-30 16:16:04,391254,92037
9804727,,4,2021-01-27 12:29:21,391254,92037
20029726,,4,2021-01-26 02:57:31,391254,92037
7818590,"xb 2018 nhưng cũng còn khá mới, không mong đợi gì hơn",5,2025-12-15 09:56:47,5427635,5427637
8534819,,5,2025-12-26 11:27:33,5427635,5427637
29342659,,5,2024-07-30 22:58:19,5427635,5427637
9165,,5,2023-12-04 10:23:59,5427635,5427637
675594,Sách rất hay,5,2023-05-18 08:09:35,5427635,5427637
10418172,,5,2023-04-30 18:30:22,5427635,5427637
19715256,,5,2023-04-16 13:51:32,5427635,5427637
21420415,,5,2023-03-17 18:51:59,5427635,5427637
22742991,,5,2023-03-02 23:58:56,5427635,5427637
24803426,,5,2023-02-09 21:50:11,5427635,5427637
5376196,Thanks,5,2022-12-17 00:37:31,5427635,5427637
19455780,,5,2023-01-17 21:30:48,5427635,5427637
19400890,,5,2022-09-12 12:23:02,5427635,5427637
482910,"Nội dung sách về quá trình kinh doanh của Masayoshi Son, những thất bại và thành công của ông. Qua đó, nêu lên tầm nhìn xa của ông về thị trường",5,2018-10-23 21:20:23,5427635,5427637
7487772,Nội dung đã cũ. Không phù hợp,1,2023-02-25 11:29:28,5427635,5427637
22554838,,4,2023-03-26 23:30:53,5427635,5427637
20322850,,4,2022-12-09 10:48:31,5427635,5427637
642183,Sách được bọc cẩn thận. Tiki giao hàng nhanh.,5,2021-12-18 10:19:37,387005,87295
13513176,,5,2022-01-17 16:37:14,387005,87295
14355828,Truyện Ý nghĩa tiki giao hàng nhanh cho five sao luôn,5,2019-11-19 20:15:09,387005,87295
25077135,,5,2021-12-12 18:59:16,387005,87295
11035163,hài lòng,5,2021-09-18 16:02:49,387005,87295
110777,"Một tuyệt tác giàu kịch tích và đầy tính nhân văn, rất đáng trân trọng. Quyển sách làm thay đổi suy nghĩ người đọc. Nhiều tình tiết ly kỳ, hấp dẫn về một chú *** mặc dù bị đối xử tàn nhẫn nhưng cuối cùng chú lại là người giúp đỡ cho chính người đã đối xử tệ với mình. Lắng đọng, giàu cảm xúc với trí tưởng tượng phong phú và hư cấu nhưng rất đời thực, rất ý nghĩa. Quyển sách thật tuyệt vời với thông điệp gieo nhân nào, gặp quả ấy và thông điệp yêu thương, lòng nhân hậu. Cám ơn tiki.",5,2015-09-16 14:20:31,387005,87295
521993,"Yêu thương chân thành và tấm lòng nhân ái của Trison thực sự khiến người xem cảm động. Là giống chó Labrador siêu đẳng, Trison đã được huấn luyện bài bản để làm tốt vai trò "" cán bộ đường lối"" cho những người khiếm thị. Nhưng số phận đẩy đưa Trison làm nạn nhân chính cho âm mưu thay thế nội tạng cho Grin, chó cưng của đại gia bạo chúa Mikhailovich. May mắn là vợ ông ta, bà Olga đã bí mật cứu Trison và nó phải sống dưới thân phận của Grin từ đó. Khi bị phát hiện, Trison một lần nữa thoát chết nhờ người làm nhân hậu. Rồi cuộc sống lại thử thách trái tim của chú chó khi thành bạn dẫn đường cho ông chủ ác tâm lúc ông ấy bị mù. Cuối truyện, sự ăn năn của ông Mikhailovich là cái kết cảm động và có hậu, có ý nghĩa nhân văn cao: "" Tha lỗi cho tôi nhé, bạn chó yêu qúy, hãy tha lỗi cho tôi..."" Dĩ nhiên là Trison đồng ý. Vì bản giao ước bất thành văn giữa người và chó từ buổi bình minh của văn minh nhân loại là luôn giúp đỡ nhau, bất kể trong hoàn cảnh nào, tình huống nào.",5,2015-07-19 13:40:13,387005,87295
534452,"Lần đầu được cảm nhận tác phẩm viết về chó, mình thấy rất thú vị. Cũng không phí tiền khi mua sách cuả First new. Điểm xuất phát cũng là điểm ban đầu, Trison - chú chó dẫn đường được tác giả nhập vai, đã trải qua không ít tình huống nguy hiểm từ Baọ chúa Alexander Mikhailovich, nhờ ơn Chúa ban phát may mắn nên Trison đã thoát được nhờ những người tốt bụng có lòng thương động vật. Trison hoà nhập, làm bạn với loài mèo rất thân không như khái niệm xung khắc giữa chó và mèo xưa nay người ta hay nói. Trải qua cuộc sống từ khó nghèo rồi giàu sang bị đồng tiền làm mù mắt, sau tai nạn máy bay trực thăng, ông Bạo chúa Alexander Mikhailovich đã mù và không sống được bao lâu nữa do di chứng tai nạn để lại. Đó cũng là lúc con ngươì ta mới nhận ra giá trị cuộc đời đem tới. Tập truyện tuy ngắn nhưng đâỳ bài học ý nghĩa này sẽ dạy chúng ta nhiều điều sâu xa trong cuộc sống xung quanh mà có khi ta đã lãng quên mà không hề hay biết.",5,2015-02-04 19:59:32,387005,87295
194291,"Một câu chuyện nhỏ nhưng đầy cảm xúc. Đọc truyện, mình trải qua giây phút vui tươi khi chú *** Trison đối thoại cùng hai chú mèo, hấp dẫn ngay từ đầu truyện khi Trison bị bắt, hồi hộp lo lắng khi Trison bị phát hiện giả danh chú *** khác và đặc biệt là cảm động với những tấm lòng nhân hậu. Đó là bà vợ qua mặt ông chồng để cứu chú ***. Đó là gia đình anh nhân viên bất chấp có thể bị sa thải, cố tình giả cái chết của Trison khi nhận được lệnh bắn chú *** từ ông đại gia bạo chúa. Quả báo đã giáng xuống ông đại gia khi ông mất đi đôi mắt cũng như cận kề cái chết. Nhưng bất ngờ hơn cả là ở cuối truyện khi ông thú nhận rằng đã cố lờ đi để Trison được sống cũng như có những lời sám hối với những tội lỗi thời xưa. Và có lẽ cũng chính vì thế ông đã nhận lại được quãng thời gian cuối đời có Trison làm bạn tâm giao. *** Dẫn Đường - Đại Gia Và Nhân Quả là một cuốn sách đầy ý nghĩa, là lời cảnh tỉnh và khơi dậy lòng nhân hậu trong mỗi con người. Đừng vì hạnh phúc bản thân mà chà đạp lên mọi người xung quanh.",5,2014-08-05 01:00:47,387005,87295
156627,"giấy có vẻ hơi cũ nhưng cũng chấp nhận được, 30k sale còn 22k",4,2021-07-05 13:12:13,387005,87295
163702,"Tác giả nhìn thế giới với góc nhìn của một chú *** trong sáng, giọng văn dễ thương vô cùng luôn, có những pha hành động rất nhộn, một con mèo không thèm biểu lộ cảm xúc trước chú *** ở lần đầu tiên gặp mặt, không phải vì nó ""sang chảnh"" mà vì nó lười biểu cảm. Đọc cuốn sách như được phiêu lưu cùng chú ***. Đầu cuốn sách, chú *** ở trong trường huấn luyện, và đó cũng là nơi chú trở về ở những dòng cuối cùng của truyện. Một đại gia bạo chúa ở giữa những người tốt bụng thật tình, và vài người tốt bụng nhờ... ""tiền đưa đường dẫn lối"". Đọc xong *** Dẫn Đường - Đại Gia Và Nhân Quả, tôi lại tự hỏi mình, có bao giờ mình đang cố giữ cái gì đó khư khư, ra sức bảo vệ khi nó sắp mất đi mà lại vô tình làm tổn hại những sinh vật xung quanh không? Trong khoảnh khắc nào đó, có khi nào mình là đại gia bạo chúa như trong truyện mà không hề hay biết? Tôi nghĩ *** Dẫn Đường - Đại Gia Và Nhân Quả là một quyển sách hay, đáng chia sẻ cho bất cứ ai quanh mình, đặc biệt là cho những ai sẽ đang và đã là đại gia :)",5,,387005,87295
17283013,"giao hàng nhanh, giá hợp lý",4,2021-03-25 13:10:19,387005,87295
23693719,,4,2021-09-24 16:48:04,387005,87295
176277,"Đây là một trong 1 loạt các series truyện về chú *** dẫn đường. Mua sách rồi và đọc rồi mình mới biết điều này. Đọc rồi mình cũng mới biết tác giả của cuốn sách vẫn ở tuổi vị thành niên, vì vậy dường như cuốn sách hướng tới các độc giả nhỏ tuổi. Độ dài và nội dung của cuốn sách phù hợp với các bạn nhỏ, để học hỏi và xây dựng lòng trắc ẩn và nhân ái từ khi tuổi còn nhỏ. Các bố mẹ có thể mua cho con mình. Cuốn sách cũng mang lại những thông tin rất bổ ích về các giống *** thuần chủng, mình nghĩ cũng rất phù hợp để khơi gợ các bạn nhỏ ham học hỏi hơn về động vật và khoa học.",3,2015-03-30 20:53:55,387005,87295
1782676,,4,2020-09-30 21:45:16,387005,87295
5758917,"Một cuốn sách tuyệt vời nói về cuộc đời của Stephen Hawking nhưng dưới gốc nhìn mới thông qua lời kể của bạn bè, đồng nghiệp và cả học trò của ông. Những góc khuất chưa từng được nói đến về cuộc đời ông sẽ được lột tả ngắn gọn và có hệ thống thông qua những hình ảnh mang tính tư liệu rất cao. Sách được in màu rất đẹp, hình ảnh rõ nét và chân thật, đây là một ấn bản nên có đối với những người yêu mến Stephen Hawking, Lược Sử Thời Gian nói riêng và Vật Lý nói chung!",5,2021-03-12 03:02:18,24862418,24862419
7932316,"Từ khi đọc cuốn Lược sử thời gian mình phát hiện ra khoa học vũ trụ còn huyền bí và ma mị hơn cả những bộ phim khoa học viễn tưởng hay các bộ truyện fantasy. Và đặc biệt, phần lớn các ý tưởng về các vũ trụ, các thiên hà, các thế giới hay thế giới trong tương lại, quá khứ .... mà các bộ phim Hollywood xây dựng đều bắt nguồn từ .... thực tế khoa học vũ trụ mà các nhà khoa học giả thuyết và đang chứng minh. Stenphen Hawlking là người đặc biệt quan trọng vì ông đã đưa môn khoa học này đến công chúng qua cuốn Lược sử thời gian. Cuốn tạp chí mà bạn sắp cầm trong tay sẽ cho bạn một cái nhìn khá toàn diện về cuộc đời cũng như các công trình mà ông đã nghiên cứu. PHẢI MUA",5,2020-08-04 09:51:17,24862418,24862419
17045987,"Sách chất lượng tốt , hình ảnh rõ nét, đóng gói cẩn thận.",5,2022-07-22 17:39:54,24862418,24862419
1039840,"sách in màu đẹp, Tiki giao hàng nhanh, đóng gói cẩn thận, chất lượng phục vụ tốt, Sách in tốt.",5,2020-10-23 12:33:33,24862418,24862419
1298992,"chưa đọc nội dung, nhưng nhìn cuốn sách là ưng lắm rồi. Bìa đẹp, bên trong như tạp trí ấy, trộng sịn xò hết mức. còn có dịch vụ giao hàng nữa, rất nhanh và tận tình luôn, cảm ơn tiki rất nhiều",5,2019-10-04 12:18:15,24862418,24862419
1687673,,5,2022-10-10 06:48:50,24862418,24862419
16992680,,5,2022-07-23 20:44:26,24862418,24862419
19486103,hay,5,2022-06-17 00:57:10,24862418,24862419
20060480,sách xịn,5,2021-11-23 20:46:47,24862418,24862419
18544521,Nội dung và hình ảnh rất chất lượng,5,2021-02-03 21:30:23,24862418,24862419
5608142,Sách in màu rất đẹp và rõ. Có nhiều hình ảnh của ông Stephen Hawking. Nhìn như một cuốn tạp chí.,5,2019-11-18 18:37:26,24862418,24862419
1320978,,5,,24862418,24862419
5107299,sách hay,5,2021-04-15 13:12:19,24862418,24862419
12197740,,5,2021-05-24 09:42:54,24862418,24862419
609753,,5,2021-04-19 14:47:04,24862418,24862419
17092899,,5,2021-04-13 13:17:43,24862418,24862419
526443,,5,2021-01-10 21:40:47,24862418,24862419
7031251,,5,2021-01-01 16:57:52,24862418,24862419
11530826,,5,2020-12-25 23:15:25,24862418,24862419
997847,,5,2020-12-18 11:04:09,24862418,24862419
5280714,,5,2020-12-12 14:20:55,24862418,24862419
17234285,,5,2020-10-29 06:04:40,24862418,24862419
1330972,,5,2020-10-28 19:55:39,24862418,24862419
1118879,,5,2020-10-28 12:24:27,24862418,24862419
2011864,,5,2020-10-08 00:21:00,24862418,24862419
16485032,,5,2020-09-09 11:16:54,24862418,24862419
1839766,,5,2020-07-27 10:39:04,24862418,24862419
7478213,,5,2020-06-23 10:47:03,24862418,24862419
14294444,"Sách mới nhận về mà như thế này, rách ra hết rồi",1,2021-05-30 16:45:19,24862418,24862419
9068610,"Sách đóng ẩu. Mình mới nhận sách mở được vài trang đã bị rời ra từng trang một. Rất thất vọng về chất lượng đóng sách luôn >""",1,2021-03-24 14:23:24,24862418,24862419
15370764,Lúc đặt hàng thì tính là bookcare 3 quyển nhưng khi giao hàng thì quyển này không có bọc bookcare. Nhờ Tiki xem lại để trừ đúng vào lượt mua bookcare. Cám ơn.,3,2020-09-10 10:50:43,24862418,24862419
5575591,"Chưa đọc nhưng hình Stephan Hawking ở bìa bị nhoè (kiểu bị bể hình), làm mình khá hụt hẫng",2,2021-06-17 19:30:55,24862418,24862419
6192715,Cuốn sách là rất tuyệt về Stephen Hawking nhưng phần chữ nhà xuất bản để hơi bé! và phần bọc BOOKCARE thi không bọc mà chỉ có bìa BOOKCARE và chưa bọc quên hay gì đó....! yêu cầu TIKI kiểm tra kỹ trước khi giao hàng!,4,2019-09-27 16:04:43,24862418,24862419
7564237,Sách của em mới nhận trong hôm nay và đọc được nửa cuốn đã bị sứt các trang giấy ra hết. Ming tiki xem xét đổi trả cho em ạ. Em cảm ơn!,4,2019-09-01 14:55:36,24862418,24862419
7130716,"Đây là dạng tạp chí tóm tắt về Stephen Hawking, không phải sách về cuộc đời của đời của ông. :3 Lúc đầu cứ nghĩ là sách về cuộc đời, lúc nhận được hơi ngỡ ngàng.",4,,24862418,24862419
7080597,"tưởng là một cuốn sách do không để ý lên kgi nhận nó là một cuốn magazine, nhưng vì là nói về một thiên tài nên ko đổi trả",3,2020-07-25 09:21:05,24862418,24862419
12631514,"Sách mỏng mà Tiki chơi kiểu để dưới cùng, không có đóng gói cẩn thận, không có miếng chống sốc nào dậy Tiki?",1,2020-11-02 22:40:59,24862418,24862419
703,"Sách đóng gáy không tốt, dễ bung !",4,2021-07-05 10:06:47,24862418,24862419
10477850,,3,2021-02-10 13:04:23,24862418,24862419
1658299,,3,2021-01-12 11:28:56,24862418,24862419
18728529,,4,2021-01-06 08:16:10,24862418,24862419
5931584,,3,2020-10-30 09:58:15,24862418,24862419
17215299,,3,2020-09-23 11:39:01,24862418,24862419
9906565,,3,2020-06-17 13:11:15,24862418,24862419
28874004,"Chụp tạm 3 bức ảnh để đây. Nội dung sách thì mình chưa đọc, chất lượng giấy và in ấn tốt, bìa sách ấn tượng, ban đầu cầm sách lên mình cứ tưởng là sách bị dính máu, xem kĩ lại thì mới biết là do thiết kế bìa như vậy. Tiki giao hàng nhanh, sách còn nguyên vẹn.",5,2023-10-09 21:41:49,200780111,200780113
6779577,Giao hàng đúng như hình. Đóng gói cẩn thận.,5,2025-09-03 12:53:27,200780111,200780113
17267875,"1 cuốn sách rất hay, tái hiện cuộc chiến bảo vệ biên giới phía Bắc năm 1979 của ta trc anh bạn hàng xóm khổng lồ. Sách hay vô cùng. Mọi ng nên đọc nhé! Giao hàng nhanh, dc bọc cẩn thận.",5,2023-10-17 07:41:26,200780111,200780113
1296442,"Sách giao nhanh, bảo quản tốt , về nội dung sách thì tùy theo mỗi người mà có cách nhìn 17/2/1979 khác nhau.",5,2023-08-12 13:41:42,200780111,200780113
23514595,"giao nhanh, sách đẹp, nguyên vẹn, mùi sách mới thơm mọi người ạ 😘 riêng có một cái là tiki trading bao sách làm em hơi đau tim ạ",5,2023-01-28 13:38:47,200780111,200780113
10473881,,5,2025-08-19 20:46:17,200780111,200780113
568239,,5,2025-08-04 11:28:36,200780111,200780113
1648812,cảm ơn tác giả! để đc sống hoà bình là máu xương của biết bao con người đã ngã xuống!,5,2023-05-31 14:45:33,200780111,200780113
5947187,,5,2025-02-19 16:11:03,200780111,200780113
28986403,,5,2024-10-24 15:02:28,200780111,200780113
16216688,Giao hàng nhanh chóng,5,2023-02-17 11:19:01,200780111,200780113
675594,,5,2024-06-29 18:42:05,200780111,200780113
7658753,,5,2024-06-27 23:26:26,200780111,200780113
1284484,"Hay, oki",5,2023-02-20 13:10:33,200780111,200780113
29167033,,5,2024-06-17 10:22:15,200780111,200780113
13642427,,5,2024-05-29 12:49:25,200780111,200780113
28783299,,5,2024-05-16 22:13:46,200780111,200780113
13527388,,5,2024-05-04 14:20:14,200780111,200780113
11613807,,5,2024-04-15 09:30:09,200780111,200780113
16439416,Sách giúp hiểu thêm về một thời hào hùng và oanh liệt của cha ông.,5,2022-11-16 13:25:39,200780111,200780113
1955389,,5,2022-12-09 17:50:13,200780111,200780113
16687302,"Sách đẹp, chưa có thời gian đọc",5,2023-05-17 14:04:18,200780111,200780113
5287822,"Nội dung sách hay và ý nghĩa , đáng để đọc .",5,2023-02-11 15:42:50,200780111,200780113
5601347,"Sách hay, ông bạn đã đọc và khen",5,2023-03-02 07:27:19,200780111,200780113
17114847,,5,2023-11-02 06:53:33,200780111,200780113
12249675,"Đáng để đọc, giao hàng nhanh",5,2023-02-26 07:30:59,200780111,200780113
21169064,,5,2023-09-01 06:28:47,200780111,200780113
111515,,5,2023-08-27 14:15:31,200780111,200780113
5540670,,5,2023-08-26 14:42:45,200780111,200780113
26314236,,5,2023-08-25 13:50:54,200780111,200780113
405650,Sách hay về chiến tranh BG,5,2023-02-10 17:35:20,200780111,200780113
1380194,,5,2023-07-13 14:06:30,200780111,200780113
15556909,,5,2023-07-06 19:50:34,200780111,200780113
5582356,Bọc và ship cẩn thận,5,2023-01-29 14:54:43,200780111,200780113
8137415,,5,2023-06-13 18:13:29,200780111,200780113
1211636,,5,2023-06-13 10:10:55,200780111,200780113
6011113,,5,2023-04-26 22:23:16,200780111,200780113
12813211,,5,2023-03-28 23:14:17,200780111,200780113
10616765,,5,2023-03-13 13:24:44,200780111,200780113
5320715,,5,2023-03-09 23:19:42,200780111,200780113
9786862,,5,2023-03-03 10:05:14,200780111,200780113
9120031,,5,2023-03-03 05:02:56,200780111,200780113
1238773,,5,2023-02-28 20:09:20,200780111,200780113
22216991,,5,2023-02-25 03:56:58,200780111,200780113
1933510,,5,2023-02-24 13:50:28,200780111,200780113
24556602,,5,2023-02-22 07:34:40,200780111,200780113
6643134,,5,2023-02-22 05:43:19,200780111,200780113
449792,,5,2023-02-21 14:19:15,200780111,200780113
22713453,,5,2023-02-20 22:28:36,200780111,200780113
5885023,,5,2023-02-20 19:10:38,200780111,200780113
15933521,,5,2023-02-17 09:26:24,200780111,200780113
1563610,,5,2023-01-26 09:26:19,200780111,200780113
28705243,,5,2023-01-12 21:38:30,200780111,200780113
14684167,,5,2023-01-10 17:51:31,200780111,200780113
494562,,5,2022-12-27 19:24:43,200780111,200780113
12293130,Tập hồi ký “Tiếng vọng đèo Khau Chỉa” của tác giả Nguyễn Thái Long. Một người lính trực tiếp tham gia cuộc chiến đấu bảo vệ biên giới phía Bắc. Sách mới vừa ra mắt độc giả tháng 02/2023. Tiki giao hàng nhanh.,4,2023-03-01 14:42:12,200780111,200780113
11992154,,4,2025-11-27 01:17:03,200780111,200780113
278279,"Sách không hay thôi, k có j hấp dẫn",2,2023-08-01 19:31:26,200780111,200780113
20295495,,4,2023-06-22 13:16:13,200780111,200780113
8228474,,4,2023-03-16 18:17:54,200780111,200780113
1570339,"Ai yêu thích lịch sử chắc hẳn sẽ yêu thích cuốn sách này ngay từ cái nhìn đầu tiên, không phải thì sau khi “finish” nó, tôi chắc là bạn sẽ thích thôi. Bìa Sách khá là đẹp mắt- thể hiện nét đẹp vàng son của một thời gác tía lầu son.",5,2021-02-26 13:52:05,14616755,14616756
29833486,"Tiki giao hàng nhanh Sách đẹp, chất lượng in tốt. Sách hợp với người yêu thích lịch sử",5,2026-03-19 13:22:52,14616755,14616756
5318619,"Sách nhận được nguyên vẹn. Sách viết về Từ dụ thái hậu trải qua 3 đời vua: Minh mạng, Thiệu trị và Tự đức. Tuy nhiên viết về giai đoạn là thái hậu còn ít. Mặc dù là tiểu thuyết lịch sử nhưng mang tính chất sử nhiều hơn vì hầu hết các nhân vât và các sự kiện nêu trong sách là những nhân vật và sự kiện có thực được nêu trong các sách sử. Sách viết cuốn hút và rất hữu ích cho những ai yêu thích lịch sử.",5,2023-03-20 20:28:33,14616755,14616756
170798,"Đã đọc xong cả 2 quyển thượng và hạ, mình cảm thấy rất hài lòng với bộ truyện này. Nội dung hấp dẫn và lôi cuốn. Không chỉ là những câu truyện trong chốn hậu cung, các sự kiện lịch sử thời nhà Nguyễn cũng được lồng ghép và hiện lên vô cũng chân thực. Truyện phù hợp cho những ai yêu thích lịch sử.",5,2021-11-07 16:54:22,14616755,14616756
5716436,"Sách đẹp, in ấn chỉnh chu, không sai chính tả, chữ rõ nét mặc dù giấy hơi mỏng Nội dung viết về lịch sử bằng giọng văn hấp dẫn lôi cuốn Rất nên mua",5,2022-09-28 22:23:58,14616755,14616756
21552423,"Giao hàng nhanh, đóng gói cẩn thận, mua đợt sale nên giá rất tốt. Dc ng bạn giới thiệu tác giả này, đang đọc nên ko nhiều cảm nhận mà tiki cứ hối viết. Hì. Nói chung truyện lịch sử thì ko khô khan như cách viết sách sử thông thường, có cả cái nhìn cái tình cảm của tác giả nhưng hấp dẫn hơn sách gk sử. Hì. Nói chung hay, nên đọc. Đọc xong lại muốn đi tìm hiểu hơn về lịch sử.",5,2022-08-22 00:18:18,14616755,14616756
20393622,"Một tiểu thuyết lịch sử rất chân thực về 4 triều đại nhà Nguyễn (Gia Long, Minh Mạng, Thiệu Trị, Tự Đức). Bức màn lịch sử từ từ được vén lên và các nhân vật lịch sử từ từ xuất hiện. Những câu chuyện thâm cung bí sử được kể một cách tế nhị, nhẹ nhàng. Cuốn sách làm người đọc vô cùng ngưỡng mộ trước tấm lòng nhân nghĩa, lối sống thanh bạch và tài năng của các vị đại thần nhà Nguyễn. Đó còn là một câu chuyện tình yêu thầm lặng, chân thành và bền bỉ của Trương Đăng Quế dành cho Từ Dụ thái hậu.",5,2021-05-30 14:27:02,14616755,14616756
14635684,"Giao hàng rất nhanh, sách đc bao bọc kỹ càng. Mới giao là mình xé ra đọc thử liền. Tuy chưa đọc hết nhưng theo mình cảm nhận thì nội dung khá đặc sắc và lôi cuốn. Mình ngồi đọc 2 tiếng liền mà vẫn chưa muốn rời quyển sách luôn (^^*)",5,2022-10-19 15:30:09,14616755,14616756
18817746,"Hàng được giao nhanh, sơm hơn hẹn, được đóng gói cẩn thận, gọn gàng, shipper nhiệt tình, vui vẻ, nhã nhặn, sách đẹp. Nội dung chưa đọc, nhưng tin rằng sẽ hấp dẩn. Tóm lại rất hài lòng.",5,2023-07-29 09:16:05,14616755,14616756
574491,"Sách mới toanh, còn nguyên seal, hai tập dày cầm cực kỳ nặng tay. Hy vọng sách hay như kỳ vọng. Tiki giao hàng nhanh, đóng gói cẩn thận.",5,2023-01-29 10:24:23,14616755,14616756
13477614,"Bộ sách về lịch sử nhưng cuốn hút một cách sâu lắng. Các diễn biến lịch sử dưới ngòi bút của tác giả, đã trở nên thâm trầm và sinh động, mở ra cho chúng ta những cuốn hút thú vị. Một gia đoạn triều Nguyễn rất khác với kiến thức của sách giáo khoa kiệm lời.",5,2021-01-25 20:56:06,14616755,14616756
7378684,,5,2026-03-28 07:28:38,14616755,14616756
14379209,Mong có nhiều tiểu thuyết lịch sử như này,5,2025-04-25 13:15:49,14616755,14616756
19463774,"Tiki gói hành rất cẩn thận Ship siêu nhanh luôn, đặt hôm trc thì hôm sau giao luôn ấy ah.",5,2021-09-23 11:46:58,14616755,14616756
11920643,,5,2025-07-26 05:22:39,14616755,14616756
895195,"Tam phi Lê Thị Ngọc Bình, người được vua Gia Long rất sủng ái từng là hoàng hậu của hoàng đế Quang Toản nhà Tây Sơn. Quang Toản thua trận, cả nhà đều bị tru di, duy nhất Ngọc Bình thoát chết bởi sắc đẹp trời phú. Chỉ một chiếc bánh gai xuất xứ từ Bình Định do nô tỳ Hạnh Thảo đặc biệt là riêng cho Tam phi (quê hương của nhà Tây Sơn) xuất hiện trong bữa tiệc mà Nhị Phi ""xé"" ra to đến độ Gia Long truyền chỉ ""Cái gì liên quan đến nhà Tây Sơn nhất quyết bỏ đi không được dùng đến, riêng Ngọc Bình nay đã một lòng theo trẫm thì là người của Trẫm, can gì mà sợ?"" --- Ví dụ một sự kiện trong tiểu thuyết lịch sử TỪ DỤ THÁI HẬU của chị Trần Thùy Mai để thấy một mảnh ghép nhỏ đầy sức hút về các phi tần hậu cung tranh sủng. Nguyễn Triệu Luật, một nhà văn Việt Nam chuyên về tiểu thuyết lịch sử đã cho ta biết tôn chỉ của ông là trung thành với sử liệu ""Gốc tre già thì cứ vẽ là gốc tre già, không làm cho gốc trúc hóa long"". Alexandre Dumas, tiểu thuyết gia nổi tiếng người Pháp, lại nhấn mạnh trí tưởng tượng sáng tạo: 'Lịch sử chỉ là những cái đinh để tôi treo những bức tranh của tôi"" Và ở Từ Dụ Thái Hậu là sự kết hợp hoàn hảo giữa sử sách ghi chép và giai thoại truyền tụng. Đi hết cả hai quyển Thượng và quyển Hạ mới thấy sự kỳ công và nỗ lực không ngừng của tác giả để đưa một câu chuyện lịch sử không cứng ngắt, không nhàm chán mà trái lại vừa duy mỹ lại hấp dẫn không thể buông cho đến khi đi đến trang cuối cùng.",5,2019-09-30 14:56:02,14616755,14616756
8673236,,5,2024-02-22 16:33:10,14616755,14616756
13082733,"Bộ sách rất hữu ích, văn phong gần gũi, cách tiếp cận trung dung nhưng có quan điểm rõ ràng và đầy tính nhân văn về những vấn đề gai góc của triều Nguyễn xưa. Rất muốn gửi lời cám ơn trân trọng đến tác giả Trần Thùy Mai. Rất biết ơn vì chị đã dày công nghiên cứu và hoàn thành bộ sách này. Vừa đúng lúc một độc giả *** đặc về lịch sử như tôi đang cần một tài liệu tham khảo không mang tính thiên lệch mà lại đáng tin cậy. Thật sự rất là HỮU DUYÊN! Cám ơn Tiki đã giao sách nhanh đến bất ngờ!",5,2019-08-03 13:17:45,14616755,14616756
563350,"Mua 2 cuốn nhưng chỉ đọc trong 5 ngày là hết, 1 phần do đó giờ mình đọc sách cũng nhanh, nhưng lý do chính là do sách quá hấp dẫn. Trước giờ mình chưa từng nghĩ lịch sử các triều vua Việt Nam lại có thể hấp dẫn mình đến như vậy, nói thật có thể là hay hơn khi xem 1 bộ phim hậu cung của Trung Quốc. Sách hay lắm nên đọc để ủng hộ lịch sử Việt Nam nha mọi người ơi. Cám ơn tác giả đã viết ra cuốn sách này, mong là sẽ có nhiều sách về lịch sử Việt Nam hay như vậy nữa được xuất bản để mình có thể mua.",5,2019-06-19 20:12:55,14616755,14616756
242822,"một cuốn sách phác lại giai đoạn đầu Triều Nguyễn từ đầu thời Gia Long cho tới thời vua Tự Đức, một cuộc chiến cung đình gió tanh mưa máu. Phụ nữ khi có lòng tham quyền lực thì không từ thủ đoạn nào.",5,2019-06-23 21:54:01,14616755,14616756
6304219,Mua về đã lâu nhưng vẫn 5 sao vì đây chắc chắn là một bộ sách tuyệt vời vì mình khá yêu thích lịch sử mà,5,2021-05-19 10:09:45,14616755,14616756
5336307,Vote cho nhà bán,5,2024-04-05 09:04:06,14616755,14616756
28458481,"Một quyển sách dạng tiểu thuyết lịch sử hay , đáng đọc !",5,2022-12-07 11:10:06,14616755,14616756
651061,Đây là lần đầu tiên mình đọc 1 bộ tiểu thuyết lịch sử VN và thực sự mình đã bị cuốn hút vì nội dung hay. Nếu bạn nào thích thể loại cung đấu và lịch sử VN thì không nên bỏ qua bộ này.,5,2020-02-11 17:27:33,14616755,14616756
15990063,Quá ok,5,2022-10-05 17:24:05,14616755,14616756
825836,,5,2024-01-04 23:03:36,14616755,14616756
12296430,"Sách hay, càng về sau càng cuốn hút.",5,2023-04-12 10:38:56,14616755,14616756
16856959,Sách khá hay! Đọc rất lôi cuốn và biết thêm một phần lịch sử Triều Nguyễn VN,5,2022-05-07 09:45:02,14616755,14616756
8222886,Giúp tìm hiểu một phần về các vấn đề trong cung Triều Nguyễn. Một mảng đề tài lâu nay còn để trống trong lịch sử VN. Cám ơn tác giả Trần Thùy Mai,5,2020-11-17 09:07:53,14616755,14616756
17889486,Đóng gói cẩn thận. Giao hàng đúng hẹn,5,2023-01-09 21:32:44,14616755,14616756
28939146,,5,2023-06-30 17:38:38,14616755,14616756
68275,,5,2023-05-24 08:31:53,14616755,14616756
658278,,5,2023-02-27 18:34:20,14616755,14616756
19208641,,5,2023-02-03 14:13:33,14616755,14616756
95123,,5,2023-02-02 10:17:56,14616755,14616756
11899427,"Sách viết rất hay, từ ngôn từ tình tiết bên trong được thể hiện Sâu sắc qua ngòi bút của Tác giả Trần Thùy Mai",5,2020-09-27 21:02:19,14616755,14616756
6472898,,5,2023-01-20 19:07:50,14616755,14616756
1717739,,5,2023-01-07 21:58:47,14616755,14616756
8779148,"Truyện dã sử quá hay, làm mình muốn tìm hiểu thêm về lịch sử Việt Nam và triều Nguyễn.",5,2021-03-10 04:48:31,14616755,14616756
1291802,"Bộ truyện dựa trên lịch sử nhà Nguyễn nhưng không hề cứng nhắc, xây dựng và phát triển nhân vật hay.",5,2020-11-18 14:11:58,14616755,14616756
6220406,"Sách hay, bookcare cẩn thận, giao siêu nhanh.",5,2020-12-12 09:35:16,14616755,14616756
7772997,,5,2022-12-08 08:31:34,14616755,14616756
10319410,,5,2022-12-07 17:59:47,14616755,14616756
19574550,,5,2022-10-16 20:27:23,14616755,14616756
1504803,Sách hay và rất lôi cuốn.,5,2022-03-17 15:15:42,14616755,14616756
16161654,giao hàng nhanh,5,2022-05-17 09:40:02,14616755,14616756
21751879,,5,2022-07-06 22:56:47,14616755,14616756
11536313,Bọc hàng cẩn thận,5,2021-12-04 18:47:16,14616755,14616756
6802887,,5,2022-03-16 16:13:09,14616755,14616756
25888129,,5,2022-03-05 13:58:13,14616755,14616756
402472,"hài lòng, giao hàng nhanh, sách đẹp",5,2020-03-31 21:36:34,14616755,14616756
7643554,,5,2022-01-13 22:59:01,14616755,14616756
11672746,,5,2021-12-24 10:08:41,14616755,14616756
7104746,"sách hay, xứng tầm với giải nhất của hội nhà văn",5,2020-11-25 12:18:11,14616755,14616756
16353335,,5,2021-11-12 16:31:16,14616755,14616756
738617,Đọc để hiểu hơn về thời vua chúa Việt Nam. Lối sống trong cung và cuộc đời của Từ Dụ Thái hậu,5,2019-10-13 00:25:36,14616755,14616756
19446059,chất lượng,5,2021-07-23 22:21:30,14616755,14616756
9811923,Giao nhanh sách ko bị cong mép,5,2021-03-10 12:33:28,14616755,14616756
7925799,Mình rất thích bộ này.,5,2021-02-23 18:08:13,14616755,14616756
11347198,"Sách đóng gói kỹ. Nội dung quá hay, hấp dẫn. Bổ sung nhiều kiến thức lịch sử.",5,2019-11-11 22:21:43,14616755,14616756
7706612,Hài lòng. Đóng gói cẩn thận,5,2020-11-12 13:46:21,14616755,14616756
109510,,5,2021-06-08 13:11:26,14616755,14616756
9736086,,5,2021-06-06 15:42:16,14616755,14616756
8542273,,5,2021-05-17 14:14:13,14616755,14616756
16760225,,5,2021-04-19 15:06:37,14616755,14616756
5527504,Cuốn sách rất hay!,5,2020-12-04 19:01:19,14616755,14616756
1106715,,5,2021-04-01 19:35:07,14616755,14616756
78108,,5,,14616755,14616756
559428,,5,2021-03-29 23:55:23,14616755,14616756
6747175,,5,,14616755,14616756
16751421,,5,2021-03-18 09:28:55,14616755,14616756
1162311,,5,2021-03-12 00:32:19,14616755,14616756
11967413,,5,2021-03-05 15:39:14,14616755,14616756
295063,,5,2021-02-13 21:43:24,14616755,14616756
16858449,đây là tác phẩm hay và có giá trị,5,2020-05-28 14:40:09,14616755,14616756
1386875,,5,2021-02-03 20:42:34,14616755,14616756
20012206,,5,2021-01-30 22:56:00,14616755,14616756
12661119,,5,2021-01-26 13:57:39,14616755,14616756
11510739,,5,2021-01-20 06:53:28,14616755,14616756
655862,,5,2020-12-17 12:56:47,14616755,14616756
8308994,,5,2020-12-16 21:50:57,14616755,14616756
1824368,,5,2020-12-11 23:01:05,14616755,14616756
18284527,,5,2020-12-08 15:51:53,14616755,14616756
87884,,5,2020-12-08 13:52:03,14616755,14616756
6211922,,5,2020-12-04 12:32:58,14616755,14616756
1469065,,5,2020-11-26 08:03:12,14616755,14616756
11711461,,5,2020-11-10 15:35:04,14616755,14616756
6917580,,5,2020-10-14 18:22:51,14616755,14616756
6997784,,5,2020-10-06 08:18:50,14616755,14616756
9624253,Như sống cùng nhân vật. Không thể diễn tả thành lời. Hay!!!,5,2019-07-16 13:33:06,14616755,14616756
10532496,,5,2020-10-01 19:39:56,14616755,14616756
6203048,,5,2020-09-28 11:26:13,14616755,14616756
823476,,5,2020-06-26 18:01:16,14616755,14616756
9192487,,5,2020-06-08 07:29:52,14616755,14616756
54418,"Nếu bạn nào yêu thích lịch sử như mình thì bộ truyện này chắc chắn sẽ làm các bạn mê mẩn, không chỉ kiến thức mà còn đem theo những câu chuyện nhiều suy ngẫm. Lịch sử là sự thật nhưng dưới góc nhìn của mỗi người là một cảm nhận",4,2020-10-31 22:17:43,14616755,14616756
10586386,Sách bị lỗi nhoà chữ......,2,2022-02-17 11:53:47,14616755,14616756
11530286,Quyển hạ từ trang 352 nhảy trang thành 369. Thiếu 14 trang mong tiki khắc phục giúp mình,3,2020-09-09 15:26:26,14616755,14616756
5531653,Còn 10% chưa hài lòng do chất lượng bảo quản sách (Quyển Thượng) bị mối mọt ăn gáy sách,4,2020-12-08 08:19:16,14616755,14616756
831974,Giao hàng nhanh. Đóng gói cẩn thận. Sách chất lượng tốt. Cảm ơn tiki,4,2021-02-18 13:46:58,14616755,14616756
15109,"Lời văn tầm thường, xây dựng tính cách nhân vật khiên cưỡng, đọc khá chán.",2,2020-11-10 12:46:28,14616755,14616756
980512,"Sách cũ, hình như đã sử dụng vì có dấu gấp sách. Mình hơi thất vọng khi mở hộp.",3,2020-01-03 15:41:41,14616755,14616756
240889,"Truyện có tình tiết nhanh, không quá rề rà. Điểm trừ là nhân vật chưa dc đa dạng trong tính cách.",4,2019-08-28 09:35:18,14616755,14616756
12132311,,4,2021-06-26 20:52:11,14616755,14616756
8731959,,4,2021-05-20 07:16:11,14616755,14616756
11202026,sản phẩm oke,4,2021-02-05 18:23:32,14616755,14616756
21185947,,4,2021-04-16 11:24:11,14616755,14616756
10510170,Sách đọc khá hay,4,2020-10-04 15:10:00,14616755,14616756
6941194,,3,2021-01-31 13:39:48,14616755,14616756
369874,,4,2021-01-26 10:28:12,14616755,14616756
10557621,,4,2020-11-29 15:16:48,14616755,14616756
1125950,,4,2020-11-24 09:27:47,14616755,14616756
19213740,,4,2020-11-24 08:39:15,14616755,14616756
5177850,"Nhà báo Lê Văn Nghĩa kể về nhiều chuyện ở Sài Gòn trước năm 1975 còn đọng lại trong ký ức của ông. Chuyện này chuyện kia, chuyện giáo dục, chuyện các tên đường được đổi thế nào.... ai yêu Sài Gòn sẽ yêu cách viết của nhà báo Lê Văn Nghĩa",5,2025-10-04 08:54:21,116577645,116577646
1059302,"thật ra một dịp tình cờ, biết đến cuốn sách Sài Gòn những mảnh ghép rời Ký Ức, nên mới biết về tác giả nên mình mua trên tiki.vn chiết khấu 30% mà free ship. đọc qua một thời gian khá là hấp dẫn nên nên đọc rất là hay về Sài Gòn.",5,2021-11-18 18:43:36,116577645,116577646
742867,Giao hàng nhanh ngoài tưởng tượng! Đóng gói cẩn thận.,5,2022-05-16 08:42:07,116577645,116577646
16444293,"Sách hay,có giá trị tham khảo,in đẹp,đóng gói tốt ,giao hàng nhanh",5,2024-04-05 15:07:07,116577645,116577646
22950883,"Sản phẩm rất ok, giao hàng nhanh, mình rất hài lòng. Mình sẽ ủng hộ TK tiếp tục",5,2022-06-08 19:25:45,116577645,116577646
976750,,5,2024-09-26 02:59:06,116577645,116577646
5112793,Nếu bạn yêu Sài Gòn thì tác phẩm nào của bác Lê Văn Nghĩa cũng đều xứng đáng nằm trong tủ sách của bạn,5,2022-07-13 08:22:48,116577645,116577646
29940539,,5,2024-06-09 19:36:28,116577645,116577646
6025891,,5,2024-04-17 08:14:46,116577645,116577646
29360502,,5,2024-02-07 09:51:37,116577645,116577646
11330418,Sách nhắc nhớ những kỷ niệm một thời tuổi trẻ…,5,2022-10-31 16:02:26,116577645,116577646
33005,,5,2023-08-05 08:56:36,116577645,116577646
9854917,"Sách đẹp, đóng gói tốt giao hàng nhanh",5,2022-07-25 10:36:08,116577645,116577646
6543843,"Sách đẹp, mới, bọc seal kĩ càng, giao hàng nhanh cẩn thận",5,2021-12-11 18:57:54,116577645,116577646
7983810,,5,2023-01-31 09:36:04,116577645,116577646
27754092,,5,2022-10-13 12:28:37,116577645,116577646
7104979,,5,2022-10-11 08:20:30,116577645,116577646
20480117,,5,2022-08-08 20:45:08,116577645,116577646
10025671,,5,2022-08-08 09:51:49,116577645,116577646
18208049,,5,2022-06-22 16:29:32,116577645,116577646
7255757,,5,2022-06-10 17:02:35,116577645,116577646
583633,sách giao chất lượng.,5,2021-12-01 15:19:36,116577645,116577646
768191,Đúng mô tả,5,2022-02-06 16:07:26,116577645,116577646
8296156,,5,2022-03-27 22:59:46,116577645,116577646
185820,Yêu mến tác giả,5,2021-11-18 00:32:55,116577645,116577646
642699,,5,2022-03-02 08:54:38,116577645,116577646
14027973,,5,2022-01-09 10:10:12,116577645,116577646
7172458,,5,2022-01-03 10:01:59,116577645,116577646
2097343,,5,2021-12-27 10:35:28,116577645,116577646
11241800,,5,2021-12-11 21:56:16,116577645,116577646
375496,,5,2021-12-03 15:01:36,116577645,116577646
12074738,,5,2021-11-26 20:27:28,116577645,116577646
2204,,5,2021-11-19 11:41:19,116577645,116577646
1145186,,5,2021-11-18 23:42:26,116577645,116577646
167692,,5,2021-11-14 11:10:02,116577645,116577646
14037371,,5,2021-11-13 08:04:50,116577645,116577646
76291,,5,2021-10-30 00:34:00,116577645,116577646
7732601,,5,2021-10-26 17:52:53,116577645,116577646
11660456,,5,2021-10-10 21:39:56,116577645,116577646
373997,"Sản phẩm có chất lượng tốt, đóng gói cẩn thận, giao hàng nhanh.",4,2022-02-13 08:45:27,116577645,116577646
48964,,4,2023-07-18 11:51:34,116577645,116577646
5098906,tot.,4,2021-10-28 05:31:04,116577645,116577646
1953650,"Cuốn sách thực sự hay. Bác Hồ Văn Trung đã kể rất chân thực về cuộc đời mình. Cách bác đi qua những năm tháng tuổi thơ trên quê mẹ, rồi đi học, ở thành phố, những sóng gió của tuổi đôi mươi... vào tù ra tội, bị truy đuổi... rồi vượt biên ra nước ngoài... đến khi xây dựng được cơ đồ. 1 cuốn sách đáng để đọc. 1 cuộc đời đáng để làm 1 tấm gương sáng cho tình thần và nghị lực của người Việt Nam ta.",5,2021-01-11 14:52:21,376403,74761
5735479,"Nếu có 10 sao sẽ cho luôn, sách quá hay, tác giả kể chuyện lôi cuốn, nhất là phần tuổi thơ, đọc mà cảm tưởng đang xem phim, qua lối kể của tác giả, cực kỳ chi tiết, không biết có thêm thắt không nhưng khôgn biết sao tác giả nhớ rõ như vậy, nhờ đọc sách mà biết rõ hơn về huế ngày xưa, về cuộc sống sau 1975 và vượt biên là ntn",5,2019-10-16 21:10:32,376403,74761
22532312,Sách rất hay,5,2022-03-27 15:57:38,376403,74761
15807726,"Sách mới đẹp, rất nặng cầm chắc tay. Nội dung quá hay luôn !",5,2021-02-27 08:00:46,376403,74761
17348129,,5,2022-04-07 11:57:35,376403,74761
899706,"Cuốn sách được viết với ngôn từ giản dị, rất dễ đọc. Thật sự ko thể dùng 1 ngôn từ nào để miêu tả hết độ 'đỉnh"" của tác giả. Từ một cuộc sống cơ cực nơi làng quê cho đến chủ tịch tập đoàn. Tôi không biết rằng đằng sau thành công đó là bao nhiêu sương máu, đau thương,Nhưng tác giả ""đạp đổ"" tất cả. Điều mà đáng thán phục nhất ở ông là tư duy tích cực, trong những hoàn cảnh khổ cực nhất ông vẫn vực dậy và mạnh mẽ hơn bao giờ. Giờ tôi mới thấy những điều mà tôi cho rằng rất bi đác, chả là cây đinh gì so với tác giả. Sách cho tôi một động lực mạnh mẽ. Mỗi lần thấy mệt mỏi, nản chí, thiếu động lực, tôi đều nhớ đến ông Trung. Trân thành khuyên những ai đang chần chừ thì hãy click ngay vào dòng chữ ""thêm vào giỏ hàng"", giá tiền quá rẻ so với giá trị cuốn sách.",5,2016-07-08 15:32:26,376403,74761
7566072,sách hồi ký Việt hay nhất trong số sách mình yêu thích.,5,2020-06-10 16:28:19,376403,74761
800503,,5,2021-05-29 12:54:28,376403,74761
294072,"Đọc cuốn sách này , rồi nghe audio , tôi thật không thể hết đỗi khâm phục nghị lực của doanh nhân Hồ Văn Trung. Ông thực sự là tấm gương sách về tinh thần nỗ lực không biết mệt mỏi để đạt được thành công. Từ những năm tháng gian nan thời sinh viên cho đến những ngày tháng vượt biên đầy khổ ải, rồi cả những tháng năm bươn chải nơi đất khách quê người. Gần như ông đánh đổi cả cuộc đời, theo đuổi cả cuộc đời, nỗ lực cả cuộc đời ông để có được thành công trên thương trường kinh doanh. Tôi chỉ đọc thôi đã cảm nhận được những khó khăn chồng chất đó. Thực sự ngưỡng mộ cái ý chí sắt đá của ông.",5,,376403,74761
7917580,,5,2021-03-31 07:33:11,376403,74761
484093,"Tôi thấy rất khó để tìm một cuốn tự truyện hay của một doanh nhân thành đạt, và càng khó hơn nữa khi doanh nhân ấy lại là người Việt. Cuôn sách của chú Hồ Văn Trung đạt được cả 2 điều đó. Tôi bị cuốn hút tôi ngay từ nhưng trang đầu tiên và rồi càng đọc tôi càng cảm phục ý chí và tài năng của chú. Thật đúng với câu nói của một người bạn của chú trong cuốn tự truyên: ""Bạn đã vượt qua chính mình"". Tuổi trẻ chúng ta cần phải tích cực học hỏi những tấm gương sáng như chú Hồ Văn Trung, thầy Nguyễn Ngọc Ký, chú Nguyễn Thành Mỹ để ngày càng phát triển bản thân, giúp ích thật nhiều cho xã hội.",5,2015-08-05 22:48:47,376403,74761
1045864,,5,2021-02-17 17:44:09,376403,74761
19635990,,5,2021-02-11 18:45:27,376403,74761
19665455,great,5,2021-01-11 22:51:52,376403,74761
7908990,,5,2020-12-20 09:29:01,376403,74761
1003429,,5,2020-09-24 10:15:39,376403,74761
5455501,Great book for young people,5,2020-03-17 08:08:01,376403,74761
67340,"Những trang sách đầu tiên sẽ đưa người đọc trở về những ký ức thân thương nơi miền quê nghèo khó nhưng đầy ắp niềm vui trẻ thơ (bởi đó là hình ảnh gia đình, hình ảnh người mẹ hiền lam lũ một nắng hai sương), tiếp đến là những buồn vui kỷ niệm học trò mà ai đã một thời trải qua chắc chắn sẽ không thể nào quên. Tuy nhiên, cuộc sống là sự đan xen giữa các thái cực khác nhau, các mảng màu sáng tối. Như tác giả đã nhận xét, ai sinh ra cũng có trái tim, có những trái tim ngập tràn nhịp đập yêu thương; nhưng cũng có những trái tim nhẫn tâm & tàn bạo trong lớp vỏ bọc nhân văn. Dù vậy, mỗi người mỗi hoàn cảnh, mỗi cuộc sống khác nhau; nên nhìn người ta để phấn đấu chứ không phải để buồn tủi & suy sụp... Nước mắt chỉ có thể giải tỏa nỗi buồn chứ không giải quyết được mọi chuyện. Cuốn tự truyện là nguồn động viên to lớn để các bạn trẻ vững bước vào đời (không chỉ dừng lại ở khía cạnh cỗ vũ cho bầu nhiệt huyết tuổi trẻ, ý chí kiên định vững vàng, mà còn thấm đẫm tính nhân sinh & nuôi dưỡng tình thương dành cho gia đình, quê hương, đất nước)",5,,376403,74761
6944357,"Sách bẩn bìa bẩn không đẹp. sách xấu. vừa mua xong không có giảm, lên xem sách đã giảm 40%",1,,376403,74761
10771947,"Sách khá cũ. Tác giả nói về thời thơ ấu nhiều, đậm chất quê hương. Chỉ có khoảng 1/3 quyển sách nói về khoảng thời gian ở Úc và từ đó lập nghiệp.",3,2020-12-16 14:51:03,376403,74761
478202,"Em trai mình đã tặng mình cuốn sách này trong khoảng thời gian mình bế tắc nhất: không ước mơ, không đam mê, hoàn toàn lạc lối và mờ mịt về tương lai. Ban đầu mình đọc nó chỉ vì sự trân trọng món quà này, sau rồi cứ thế mà bị cuốn hút. Những dòng tâm huyết của bác Hồ Văn Trung khiến mình một lần lại một lần nghiêm túc tự nhìn nhận lại bản thân. Và từ đó, mình biết thay đổi tích cực hơn, biết nỗ lực, cố gắng hết mình cho hiện tại. ""Đừng bao giờ nản chí! Đừng bao giờ buông xuôi! Đừng bao giờ tuyệt vọng! "" Những câu đó luôn lặp đi lặp lại trong tâm trí mình mỗi khi chán nản, giúp mình vực lại tinh thần, vững tâm hơn, có sức mạnh lớn lao hơn bất kì lời động viên nào.",5,,376403,74761
10405224,sách photo ạ :((( . chất lượng giấy hơi kém. khá thất vọng.,2,2020-04-05 12:41:13,376403,74761
18257247,,4,2021-06-26 08:54:16,376403,74761
8243707,,4,,376403,74761
5169112,"Đây là cuốn sach mình đọc khá cảm động và thấy hay vì được trải nghiệm lại cuộc hành trình đầy gian khổ của tác giả trong cuộc sống,sự mưu sinh vất vả.",4,2017-09-25 16:16:41,376403,74761
13257400,sách hơi cũ,4,2020-08-16 18:51:04,376403,74761
6800250,dạo này Tiki làm ăn chán vầy. bìa sách cứ bạc màu hết cả. mình còn mấy đơn hàng đặt cả tuần rồi mà vẫn chưa thấy đâu,2,2018-04-04 10:20:55,376403,74761
20495306,"Mình thích nội dung cuốn này, là kể lại nên từng lời mộc mạc đọc hay lắm mà có sức cuốn hút. - Sách ? nhỏ như một quyển sổ tay, sách rất mỏng. Còn bọc nguyên seal. - Mình nhận xét phần bìa làm khá đẹp. - Giá cũng tốt. - Tikinow giao ngay trong ngày hôm sau, tối qua đặt, sáng hôm sau có nhân viên gọi rồi. Lần này, Tiki về khâu đóng gói rất cẩn thận, hộp nhìn đẹp, không bị móp, không nát, vì chính Tiki giao tốt hơn dịch vụ của bên thứ ba.",5,2021-04-16 04:16:01,653825,653863
5616714,Truyện về Bác thì lúc nào cũng chân thật và giản dị. Những mẩu chuyện đc kể lại đều hay như những chuyện trước đây về Bác,5,2020-12-23 15:31:27,653825,653863
7910768,,5,2025-04-20 08:38:04,653825,653863
16041734,tôi chưa đọc nhưng nhìn là thấy hay rồi,5,2021-02-11 19:16:45,653825,653863
17288774,Tiki giao hàng nhanh đóng gói đẹp sản phẩm ok,5,2020-06-09 16:39:23,653825,653863
7093117,,5,2021-03-19 07:38:24,653825,653863
15794251,,5,2020-11-12 22:04:35,653825,653863
6682114,,5,2020-08-16 15:23:16,653825,653863
810890,"Những dòng hồi kí khi tác giả được gặp Bác. Chân thành, mộc mạc nhưng đầy xúc động",4,2021-01-22 22:24:49,653825,653863
460829,,4,2021-01-13 15:50:23,653825,653863
17795,"Đây là một cuốn sách lớn, khó đọc nhưng cực kỳ ý nghĩa, cảm động. Câu chuyện về chủ nhân thật sự của những tế bào bất tử Hela mà ko ai biết đến. Nếu ai yêu thích khoa học và lại muốn một câu chuyện đầu cảm xúc đằng sau nó thì đây chính là cuốn sách cho họ. Tiki giao hàng nhanh, sách nguyên vẹn ko móp méo dù ko có seal.",5,2021-03-03 13:02:34,7986378,7987707
5242885,"Must-read nha mọi người ơiii. Câu chuyện chân thật, không hề có chi tiết hư cấu nào là một điểm cộng đối với mình. Hơn nữa, những thông tin giải thích khoa học được dẫn dắt rất dễ nắm bắt và không gây nhàm chán hay khô khan đâu ạ.",5,2021-08-07 23:41:47,7986378,7987707
11321486,"Sách rất đáng đọc, mở rộng hiểu biết về khoa học - y học cũng như số phận của những người da màu cách đây nhiều thập kỷ. Sách đậm chất y học nhưng lời văn dễ hiểu xúc tích, có nhiều phân đoạn đọc trào nước mắt rất xúc động. Tiki đóng gói đẹp chắc chắn.",5,2020-08-09 14:22:13,7986378,7987707
11476110,,5,2025-04-27 20:54:38,7986378,7987707
20461023,,5,2025-02-26 15:20:02,7986378,7987707
8882114,"1 câu truyện có thực khá dài nhưng lối viết cực kì sáng tạo và dễ hiểu. giao hàng nhanh, thân thiện",5,2021-05-11 09:59:56,7986378,7987707
18112815,sách đẹp. giao nhanh. chất lượng ổn. ko phải bìa cứng nên ko như mong đợi,5,2021-05-22 15:01:58,7986378,7987707
1932025,,5,2023-02-14 20:57:07,7986378,7987707
1494389,em muốn sử dụng gởi quà cho bạn bè mà click vô thì không đăng kí được ạ,5,2020-03-21 08:43:52,7986378,7987707
120808,,5,2022-04-07 12:43:39,7986378,7987707
1682276,"Cuốn sách hay tuy có vài lỗi biên tập, trước đã từng nghe nói đến quyển này bằng tiếng Pháp mà h mới có cơ hội đọc",5,2019-10-17 16:26:51,7986378,7987707
1920075,,5,2022-03-06 10:06:38,7986378,7987707
18400172,,5,,7986378,7987707
295091,,5,2021-06-27 17:17:28,7986378,7987707
16576856,"Khổ cực vừa, đóng gói đẹp cần thận giao hàng siêu nhanh",5,2020-04-13 21:29:21,7986378,7987707
7179771,,5,2021-04-28 15:51:41,7986378,7987707
187251,,5,2021-03-24 16:17:56,7986378,7987707
7864634,,5,2021-03-06 11:02:56,7986378,7987707
16142261,,5,2021-01-06 17:30:41,7986378,7987707
12911195,,5,2020-12-01 04:29:33,7986378,7987707
12496134,,5,2020-10-12 10:43:25,7986378,7987707
7940478,Cuốn sách hay tuyệt vời. Mình học được rất nhiều từ cuốn sách này.,5,,7986378,7987707
19766372,"bìa sách khá bẩn, bên trong sách có vài trang bị nhăn và có nếp gấp. Nội dung sách khá hay rất phù hợp với mình.",4,2021-07-02 07:55:41,7986378,7987707
6998154,"Sách bụi bẩn nhiều, lấy giấy lau thì đen bẩn hết giấy",2,2024-01-05 08:57:01,7986378,7987707
12651988,sách giao bị dở màng bọc giấy hơi nhăn từng hài lòng về sách tiki mà lần đầu cảm giác thất vọng tới vậy?,2,2020-07-10 15:33:31,7986378,7987707
7538409,"Cuốn sách đã xuất bản từ 2018 nhưng vì nhiều lý do mà nay mới được thưởng thức và thấy nó vẫn còn mới như ngày hôm qua. Cảm ơn tác giá đã cho mình được du học qua những trang sách. Tôi cũng có một ước mơ là được mời tác giả uống cafe để lắng nghe thêm những ""ngoại truyện ở Vịnh Tokyo""",5,2021-04-14 09:01:44,1256311,1270183
13154458,,5,2026-09-14 19:21:50,1256311,1270183
450955,"Đêm nay Tokyo mưa, mà mùa này đêm nào chả mưa. Cuộn tròn trong chăn nghe tiếng mưa rơi tí tách ngoài ban công và mơ về hình ảnh con tàu lướt đi giữa hai hàng ajisai* rực rỡ. Mơ thấy tiếng loa ngân dài mỗi khi tàu vào ga “Kamakuraaaaaa Kamakuraaaaaa”… Nước Nhật trong mắt cô sinh viên quan chức chính phủ không khác mấy so với nước Nhật được hình dung từ khi còn là một cô bé, ngồi trên bậu cửa cắm cúi đọc Tốt- tô- chan, mơ một ngày được đặt chân đến trường Tô-mô-e. “Cửa sổ của các toa tàu long lanh trong nắng mai. Nhưng đôi mắt của cô bé má hồng nhìn chúng qua bụi cây còn long lanh hơn thế nữa”, đến tận bây giờ mình vẫn nhớ câu này, nhớ nước Nhật trong những giấc mơ ấu thơ. Sách kể về 1 một năm học của nữ công chức xinh điệp tại Tokyo. Nội dung sách không quá nhiều điều mới lạ nhưng được viết hay, nhẹ nhàng. Qua từng trang sách, bức tranh xã hội Nhật hiện lên bản khá rõ, từ chuyện học tập, lao động, cho đến sex... Vote 4.9* cho cuốn sách này :D",5,2018-05-18 11:45:02,1256311,1270183
5867339,"chất lượng in sách rất tốt, sách rất thơm, vận chuyển tốt ko làm cong sách.",5,2022-01-26 20:00:18,1256311,1270183
22079180,,5,2023-02-01 19:55:25,1256311,1270183
1873251,,5,2022-07-22 13:47:03,1256311,1270183
5129861,,5,2020-12-12 18:43:37,1256311,1270183
1831567,,5,2021-12-16 19:05:31,1256311,1270183
12573876,,5,2021-08-22 13:02:49,1256311,1270183
1975453,,5,2021-02-09 21:20:45,1256311,1270183
11450158,,5,2020-09-20 18:55:39,1256311,1270183
17523750,Sách hay Rất cuốn ng đọc,4,2022-08-02 10:53:59,1256311,1270183
15526775,,4,2025-02-07 08:35:33,1256311,1270183
1241170,,4,2022-01-13 22:34:34,1256311,1270183
13380713,,4,2021-02-08 21:10:24,1256311,1270183
1633221,34t mới đọc cuốn sách này. Thực sự thì sự trải nghiệm của tác giả đáng nể phục. Cuốn sách khá nhiều thông tin mang tính cầm tay chỉ việc (hands-on) Nói chung bạn trẻ nên đọc càng sớm càng tốt,5,2020-04-18 07:36:54,2224869,2224871
7101514,"""Tuổi trẻ không hối tiếc"" của chị Huyền Chip được viết dựa trên rất nhiều những trải nghiệm thực tế ở đại học, cũng như khi đi làm, vừa mới mẻ, vừa thuyết phục. Quyển sách gần 300 trang với 4 phần. Phần đầu tác giả viết cho 1 người em (18 tuổi ) nhưng qua đó tgia như nhắn nhủ đến người đọc về những bước ngoặt trong tương lai cùng những kĩ năng cần thiếp. Phần 2, nói về việc học, phần 3 Làm, phần 4 Cháy. Ta sẽ phần nào cảm thấy khâm phục những kĩ năng và kinh nghiệm của chị, và cũng chuẩn bị cho mình những hành trang vững chắc. Và để hiểu sâu hơn về những lời tâm tình của chị Chip, các bạn hãy dành dụm chút tiền, để sở hữu nó nhé! Cuối cùng là vô cùng quen thuộc, ko quên đánh giá tiki : giao hàng tiểu chuẩn, gói hàng cẩn thận, mong nhiều người khác cũng được hưởng những dịch vụ tốt như thế này .",5,2020-08-25 15:00:32,2224869,2224871
8947241,"Sách được bọc bìa nilon và mình chưa bóc ra, nhưng nhìn từ bên ngoài thì sách mới, không có dấu hiệu rách. Nội dung thì quyển này rất đáng đọc (mình từng mua 1 quyển lúc trước), những lời khuyên của chị Huyền Chíp thực sự rất đáng giá, và mình thấy ít những tác giả trẻ có sự thông tuệ đến như vậy. Thực sự các bạn trẻ nên tìm đọc một lần!",5,2020-04-11 12:07:52,2224869,2224871
300974,"Chip ở ""Tuổi trẻ không hối tiếc"" già dặn, trưởng thành vô cùng. Qua lời văn, câu chữ, có thể thấy chị chân thành muốn chúng ta - những người trẻ sống trọn vẹn cuộc đời duy nhất của mình bởi chính mình, sống bằng tất cả nhiết huyết, trách nhiệm. Chị cũng không ngần ngại chia sẻ những trải nhiệm, bài học vô cùng quý báu mà chỉ bằng cách trải qua bao khó khăn mới đúc kết được. Cuốn sách chia làm 4 chương, chương cuối cùng chính là phần mình thích nhất - chương ""Cháy"", trong phần này chị chia sẻ quan điểm về việc yêu, đi và sống, còn có cả chết nữa, mình cực đồng tình với quan điểm của Chip và suy nghĩ rất nhiều về những điều này. Giống với những ai đã, đang, và sẽ luôn tin tưởng chị, mình nguo",5,2018-06-20 08:27:25,2224869,2224871
580631,"Cảm ơn em đã có những chia sẻ tuyệt vời và thẳng thắn. Các bạn tuổi teen nên đọc còn cha mẹ cũng nên đọc sẽ giúp hiểu hơn con cái mình, xem lại cách dạy dỗ con cái có nhiều sai lầm ở VN. Nhà càng có dk thì dường như lại càng sai.",5,2018-06-11 21:17:27,2224869,2224871
7299605,"Phải nói thật đây là quyển sách mà mình cảm thấy cực kỳ may mắn được đọc, một trong những quyển sách gối đầu giường của mình. Dường như tất cả kinh nghiệm của chị Chip đã được chị cố gắng truyền tải cho mọi người, nhờ sách mà thế giới quan của mình được rộng mở hơn cũng như có những hướng đi đúng đắn cho bản thân. Cảm ơn chị Chip và tiki rất nhiều.",5,2018-10-06 08:22:37,2224869,2224871
5488392,"Đây là cuốn sách đầu tiên mà mình đọc của chị Chip. Nội dung không giống những cuốn self-help thiên về truyền cảm hứng và động lực, cuốn sách của chị chứa nhiều tri thức. Đặc biệt là những kinh nghiệm chị đúc kết được khi chuyển mình lên người lớn (nhưng vẫn có cơ sở khoa học), các kĩ năng đan xen những trải nghiệm làm cuốn sách như lời tâm sự của người chị đến các em, với mong muốn các em tốt dần lên. Cuốn sách có chiều sâu nhưng cũng có độ rộng, bao quát hết vấn đề giới trẻ cần quan tâm: Làm sao để thành người lớn thực sự? (3 điều lớn-hơn 20 điều nhỏ) Học như thế nào? Làm như thế nào? Yêu như thế nào? Suy nghĩ và sống như thế nào cho đáng sống? Có nhiều trang sách mình highlight gần như tất cả như những tri thức và kinh nghiệm mà chị tự đúc kết, những cuốn sách, cách học không dễ gặp ở các cuốn sách khác. Thế nhưng cuốn sách cũng có một số hạt sạn, đầu tiên là nhiều bài giống như trên *** chị viết giảm sự bất ngờ của mình, nhưng như chị cũng đã nói, nó là điều bình thường. Một số kinh nghiệm của chị với mình hiện tại mình chưa áp dụng được, có thể sẽ phải cần thêm trải nghiệm để hiểu cuốn sách hơn. Kết luận lại thì, cuốn sách đặc biệt hay cho những người từ 18-22 thậm chí đến 25. Mong chờ những cuốn sách tiếp theo của chị, đặc biệt là về khoa học máy tính để giúp giới trẻ Việt Nam có cái hiểu đúng và khuyến khích mọi người tự tìm hiểu, học hỏi thêm về lĩnh vực này",5,2018-06-20 10:45:03,2224869,2224871
6954101,"Cách viết rất Huyền Chíp: Lối dẫn dắt nhẹ nhàng, dễ gần, gây thiện cảm với người đọc trẻ tuổi. Nếu so sánh với hai cuốn sách trước đây"" Xách ba lô lên và đi"" Huyền xuất bản thì mình thấy giọng văn trong cuốn này trau chuốt hơn, cách trình bầy cũng gãy gọn, không chỉ giàu cảm xúc mà còn rất văn mình, thể hiện được sự phát tư duy và sự trường thành của Chíp với tư cách là một nhà văn trẻ đồng thời là cũng là một nhà lãnh đạo trẻ. Những điều Huyền viết với mình không phải là mới nhưng Huyền thể hiện đươc cái ""Tôi- Huyền Chíp"" trong cuốn sách nên thu hút mình đọc. Đây là một cuốn sách mình nghĩ bạn trẻ nào cũng nên đọc để sống có ước mơ và có kế hoạch cụ thể để theo đuổi ước mơ của mình.",5,2018-06-07 21:25:13,2224869,2224871
5452838,"Quả là một cuốn sách tuyệt vời, đọc xong thấy mình biết thêm nhiều điều. Cách viết thẳng thắn trực diện vào vấn đề rất cụ thể như tính cách của Huyền Chip vậy. Đó là một tuổi trẻ cháy hết mình là tuổi trẻ với những kinh nghiệm đã trải qua và muốn chia sẻ cho mọi người.",5,2018-06-05 22:36:32,2224869,2224871
471257,"Một cuốn sách tuyệt vời dành cho thanh xuân cho tuổi trẻ trọn vẹn nếu làm theo những lời khuyên và kinh nghiệm đã đúc kết của Huyền chắc chắn bạn sẽ không hối tiếc. Hãy đọc và thực hành song song những điều trong sách để tự hoàn thiện mình và khám phá thế giới xung quanh. Chất lượng giấy tốt, tôi rất hài lòng với cuốn sách này. Tôi cảm thấy các bạn trẻ ngày nay thực hạnh phúc vì có những người chia sẻ cho các bạn những trải nghiệm tuyệt vời để các bạn biết thế giới này bao la rộng lớn thế nào.",5,2018-06-06 19:29:36,2224869,2224871
338905,"Quyển sách rất có ích cho các bạn trẻ khi chuẩn bị vào đời, mình cũng tên Huyền, tầm tuổi Huyền Chip và cũng đã từng trải qua hành trình và một số điều giống như Chip, mình thấy những điều bạn nói rất chính xác. Văn phong sách thẳng thắn và logic.",5,2018-06-15 10:11:12,2224869,2224871
308662,mua về nhưng chưa kịp đọc bao giờ đọc xong mình sẽ review lại,5,2022-03-01 10:27:39,2224869,2224871
10741274,sách các bạn trẻ trước khi bước vào đại học nên đọc,5,2022-02-15 18:40:12,2224869,2224871
21640260,Sách đẹp,5,2022-02-17 11:44:52,2224869,2224871
34212,"Thích nhất câu quote này trong sách: “Ai cũng muốn yêu cầu những quyền lợi của người lớn, nhưng không phải ai cũng đảm đương những trách nhiệm của người trưởng thành.”",5,2018-09-18 09:01:21,2224869,2224871
14524077,Nice,5,2022-02-11 19:55:09,2224869,2224871
5154547,,5,2022-02-20 14:27:59,2224869,2224871
1121328,,5,2022-01-25 14:08:36,2224869,2224871
26048642,,5,2022-01-07 19:47:04,2224869,2224871
6652291,sách còn nguyên bọc nè yêu tiki quá mn mua hàng ủng hộ nha,5,2019-08-20 15:08:54,2224869,2224871
5997198,Sách hay. Truyền cảm hứng và động lực để thay đổi và phát triển bản thân.,5,2020-03-17 15:57:05,2224869,2224871
7586954,Tuổi trẻ không hối tiếc is the best book I've ever read in 2020.,5,2020-05-20 16:21:35,2224869,2224871
8295179,giao hàng nhanh. chất lượng sản phẩm tuyệt vời,5,2020-06-27 16:23:21,2224869,2224871
1289845,tuổi trẻ suy nghĩ rõ ràng mạch lạc. sống thú vị.,5,2020-05-26 11:33:48,2224869,2224871
545572,Hay. Có những tư tưởng mới. Phù hợp giới trẻ,5,2020-04-30 12:12:20,2224869,2224871
494434,"Cho ai còn trẻ, còn nhiều không gian mộng mơ. Một cuốn sách truyền cảm hứng.",5,2019-07-03 10:42:22,2224869,2224871
20286,"Những chia sẻ bổ ích, cụ thể, giọng văn gần gủi giúp tôi có thêm những tips hay trong định hướng công việc, cuộc sống",5,2018-06-11 20:58:00,2224869,2224871
13205506,,5,2020-08-29 13:59:44,2224869,2224871
752487,Nếu còn tuổi trẻ bạn hãy dành thời gian đọc quyển sách này để 1 ngày nào đó không cảm giác hối tiếc,5,2018-07-04 09:31:42,2224869,2224871
7622446,,5,2020-08-22 19:00:41,2224869,2224871
6763011,"giao hàng nha, sách đúng chất lượng...................",5,2019-07-10 00:21:35,2224869,2224871
9634249,,5,2020-07-10 06:32:47,2224869,2224871
7161761,sách đơn giản hay rất thích hợp cho những bạn trẻ nhẹ nhàng mà sâu sắc,5,2019-01-10 19:09:54,2224869,2224871
11401513,,5,2020-06-23 10:33:19,2224869,2224871
160456,chỉ muốn gửi tới Chip 1 lời cảm ơn vì những chia sẻ ?. sách rất hay và hữu ích .,5,2018-10-09 23:51:00,2224869,2224871
7029837,,5,2020-06-15 19:04:51,2224869,2224871
6553658,"một quyển sách trên cả tuyệt vời. Cảm ơn chị Huyền Chip, mong chị sớm ra sách mới ạ!!",5,2018-07-16 20:58:27,2224869,2224871
1276806,Sách chị viết rất hay. Mọi người nên đọc.............,5,2018-10-23 17:56:40,2224869,2224871
91964,"Vẫn với lối văn gần gũi, và mang lại cho người đọc các góc nhìn mới, kiến thức bổ ích và phù hợp cho mọi đối tượng, quyển sách chỉ có 1 ĐIỂM TRỪ duy nhất đó chính là Nhiều bài viết trong quyển sách đã có trên trang *** của chị nên mình cảm thấy hơi hụt hẫng vì qua những bài viết rất chân thực của chị trên ***, mình mong quyển sách này sẽ chứa đựng nhiều hơn nữa các chia sẻ của chị.",4,2018-08-14 22:29:31,2224869,2224871
235234,"Nội dung cuốn sách hầu như đều có trên *** của Huyền Chip nếu các bạn theo dõi chị nên bỏ tiền mua 1 quyển sách mà nội dung gần như bạn đã đọc hết, chắc chắn bạn sẽ hơi thất vọng. Còn nếu bạn chưa từng đọc, thì không vấn đề gì. Mình mong Chip từ sau nếu định xuất bản thì đừng viết lên ***. Mình rất thích Chip, kiểu thích bất chấp những scandal =) Không phải ai sau những sóng gió ấy cũng có thể tiếp tục ngoan cường như Chip. Bất chấp những nhà phê bình, nhà đạo đức, Chip vẫn sống tốt và làm những điều mình muốn, mình giỏi. Người ta thường không tin những gì người ta không làm được. Kể cả tất cả những gì chị viết là bịa đặt, chị vẫn là một nhà văn lôi cuốn Thanks",4,2018-07-10 09:52:04,2224869,2224871
282120,"Ban đầu mình cứ nghĩ cuốn sách là những điều mới mẻ, kinh nghiệm, cách sống của tác giả. Nhưng hoá ra đó chỉ là những gì được copy y nguyên từ trang *** của Huyền Chip. Thực sự cảm thấy thất vọng và phí tiền. 79K là quá đắt bởi 99% những điều Chip đưa vào sách đều đã được đăng tải trên ***. Mong rằng cuốn sách sau của Chip sẽ khiến mình cảm thấy không phải hối hận khi rút ví ra.",1,2018-06-22 19:45:59,2224869,2224871
1713102,"Mình mới mua cuốn sách và vừa đọc xong hôm qua(7/6/2018). Sách nói là một tổng hợp những đoạn mà tác giả viết trên ***. Sau khi đọc, sách cho mình cách nhìn mới. Nói chung mình khá là thích.",4,2018-06-08 09:30:48,2224869,2224871
5527243,"Chả biết nói gì hơn, xin phép để 5 sao để Tiki rút kinh nghiệm :((",1,2019-02-19 12:30:15,2224869,2224871
1603955,quyển sách này mình nghĩ rất hữu ích với các bạn sinh viên đặc biệt là những bạn chuẩn bị kiếm việc làm nó có nhiều điều rất thú vị hữu ích,4,2018-09-01 17:26:03,2224869,2224871
2118175,"Vẫn có nhiều chỗ dài dòng, lan man. Đọc sách sẽ nhặt đc các tips hữu dụng cho 20s",3,2019-05-17 07:46:32,2224869,2224871
10700337,"Giao hàng đúng hẹn, đóng gói cẩn thận. Nội dung sách khá ổn, gần với giới trẻ.",4,2019-03-02 11:34:22,2224869,2224871
6051533,,4,2020-06-15 12:45:56,2224869,2224871
12914406,"Lần đầu tiên Hillary R Clinton tiết lộ những suy nghĩ và cảm nhận về một cuộc bầu cử tổng thống khó lường và gây tranh cãi bậc nhất lịch sử nước Mỹ. Khuyến nghị đọc kèm thêm với cuốn ""Nước Mỹ trong mắt Trump"" của Bill O'Reilly để có cái nhìn đa chiều về cuộc bầu của Tổng thống Mỹ năm 2016",5,2021-01-16 19:38:05,2373921,2373923
364542,"Cuốn sách về một con người đặc biệt, cảm ơn bà vì đã truyền năng lượng tích cuc cho cộng đồng, đặc biệt là phụ nữ.",5,2020-03-26 09:25:15,2373921,2373923
7036337,,5,2021-11-21 14:49:25,2373921,2373923
11022322,,5,2021-11-02 17:19:32,2373921,2373923
8723442,Giao hàng nhanh. Chất lượng sách tốt. Nên đọc để thấy được xã hội Mỹ dưới góc nhìn của người trong cuộc.,5,2019-07-15 09:39:55,2373921,2373923
833072,"Một cuốn sách vừa đủ khách quan, vừa đủ chủ quan về những điều đã xảy ra với người mà mình ngưỡng mộ",5,2018-10-03 09:49:31,2373921,2373923
18388159,"giao hàng siêu nhanh, đặt tối muộn hôm qua mà sáng cn hôm nay đã giao rồi, có điều sách nhìn hơi cũ, không được mới cho lắm, được cái sách được bọc cẩn thận 2 lớp",4,2020-11-15 16:49:57,2373921,2373923
6723003,"Về hình thức: sách bị bẩn, k đc bảo vệ cẩn thận, nhưng mình k quá khắt khe về hình thức nên mình bỏ qua (trừ 1☆ nhé) Về nội dung: mình nghĩ là người đọc sẽ bị hướng theo cách nhìn của tác giả. Bà ấy k chăm chăm chỉ trích Trump, nhưng đọc xong thì mình càng k thích Trump, rồi k còn cho rằng nước Mỹ cái gì cũng tuyệt nhất như trước. Sách cũng bổ ích và nếu hứng thú với chính trị Mỹ thì đọc cũng ok.",4,2020-04-14 13:54:04,2373921,2373923
6726044,"Nội dung chưa kịp đọc nhưng bóc hàng ra thấy sách thế này mà buồn quá Tiki ạ. Bìa cũ, rách, giấy bẩn",2,2019-07-27 12:30:19,2373921,2373923
5205644,"Sách có hơi cũ, nhưng vẫn đẹp, nội dung về cuộc sống của Hillary sau cuộc tranh cử tổng thống thất bại. Đúng là thắng làm vua, thua làm giặc, cuốn sách đem lại góc nhìn cá nhân 1 cách khá thú vị.",3,2019-11-16 08:46:02,2373921,2373923
570647,giáo hàng nhanh,4,2020-08-28 20:02:38,2373921,2373923
926945,Bìa hơi cũ,4,2020-08-28 12:18:55,2373921,2373923
6810322,"Một quyển sách tuyệt vời, mình đọc một lèo; đã sử dụng dịch vụ mua hàng ở nhiều nơi, theo ý kiến cá nhân của mình thì chưa có dịch vụ nào tốt như Tiki, nhận comment khách hàng là phản hồi ngay, đổi trả nhanh.",5,2020-10-26 13:24:33,442490,148545
1852423,"Tiki giao hàng cực nhanh, chuyên nghiệp. Thích cuốn này từ khi mới xuất bản, nhưng chần chừ mãi, đến khi Tiki tổ chức Hội sách 5 năm, giảm giá mạnh thì vô tình nhìn thấy nên nhất định phải mua. Giá bìa 98.000 nhưng Tiki giảm chỉ còn 66.000. Nội dung thì khỏi phải bàn, ai có hâm mộ và theo dõi Giáo sư thì chắc không cần phải nói nhiều về Ông - một nhân cách và trí tuệ tuyệt vời. Đọc để hiểu thêm và học tập ở GS đức kiên trì, bền bỉ, theo đuổi đam mê đến cùng và một công trình Học tập không ngừng nghỉ.",5,2016-11-13 20:43:22,442490,148545
44227,,5,2021-05-02 08:58:20,442490,148545
7451968,,5,2021-04-01 14:37:44,442490,148545
18689289,,5,2020-11-16 07:26:20,442490,148545
15433014,,5,2020-09-21 08:05:02,442490,148545
1212587,,5,2020-08-15 20:15:33,442490,148545
10970395,,5,2020-06-06 13:33:41,442490,148545
919665,"Có 1 sự cống hiến thầm lặng, để vượt qua được sự cô đơn cần rất nhiều ưu tư. Nếu tâm không vững thì rất dễ ngã lòng. Tình yêu thật sự đó chính là từ trong bản thân mình, vì trong bản thân mình nên mình không bao giờ cảm thấy mệt mỏi và bị tình yêu đó phản bội cả. Ông yêu âm nhạc và đó mới là tình yêu vĩnh cửu của ông",4,2018-10-22 23:07:49,442490,148545
955926,"Nội dung cuốn sách này là hồi kí của GS Trần Văn Khê từ lúc thơ ấu đến khi thành đạt. Mỗi câu chuyện của GS là 1 bài học đáng quý và sâu sắc về sự nhẫn nại, ý chí, nghị lực làm việc, vốn hiểu biết một cách uyên bác của Gs Khê. Quyển sách này ấn hành sau không lâu sau khi GS Trần Văn khê mất. Nó như một món quà nhỏ để tri ân GS, cũng như giới thiệu đến thế hệ trẻ, công chúng yêu âm nhạc dân tộc nước nhà về một tài năng, một cuộc đời đã cống hiến toàn bộ cho nghệ thuật âm nhạc dân tộc. Từng dòng chữ là những lời nhắn nhủ hết sức chân tình của GS đến thế hệ tương lai, kèm theo đó là những nhận xét của những người học trò, những người làm việc cùng GS để chúng ta có thể hình dung những cống hiến lớn lao của ông cho âm nhạc dân tộc",5,,442490,148545
18025738,Mình mua quyển này vì sách đẹp và các bạn review sách hay 🤩. Nhận sách rồi ứng lắm 😍. Dịch vụ Tiki nhanh và thuận tiện từ khâu đặt hàng đến giao hàng. Ủng hộ lâu dài. Like & Thanks!,5,2021-09-14 14:20:32,10374193,10374194
17364552,Tiki giao hàng đúng hạn. Sách vẫn nguyên màng co.,5,2022-07-08 14:50:13,10374193,10374194
259894,"Hờn ghê ấy, tiki sale suốt làm mình muốn rỗng ví luôn. Cơ mà Tiki không sale nữa thì buồn. Sách mới, đẹp, giá rẻ. Bên GHN giao chán quá, hay bị rách thùng dù vận chuyển hàng nhẹ",5,2021-01-28 20:03:16,10374193,10374194
112885,"Một tự truyện hay của ngôi sao tennis người Nga, Maria Sharapova. Không chỉ là chuyện tennis - các giải đấu, kỹ năng tập luyện, thi đấu và chiến thắng (được Maria kể lại rất thú vị, như độc giả có thể hình dung từ câu chuyện của các siêu sao thể thao!) - mà hơn thế nữa, cuốn sách này, theo tôi, còn là cuốn sách rất hay và cảm động về tình cảm gia đình, đặc biệt là tình cha con! Người cha của nữ VĐV tennis hàng đầu này - ông Yuri Sharapov - cũng là người thầy, người HLV, người quản lý đầu tiên của con gái ông. Ông đã thể hiện lòng yêu thương vô bờ bến, niềm tin sắt đá vào khả năng của Maria từ khi cô ta còn rất nhỏ, và sự kiên nhẫn đáng nể trong suốt chặng đường tập luyện, thi đấu và chiến thắng của Maria Sharapova, từ quê hương Nga xa xôi, sang tới nước Mỹ và sau đó là vòng quanh thế giới! Ở VN, tennis là môn thể thao được nhiều người quan tâm theo dõi, và hình như đây là một trong những cuốn sách đầu tiên về các ngôi sao tennis. Thế giới tennis chuyên nghiệp không chỉ có hào quang của các chức vô địch và những chiếc đĩa bạc của các Grand Slam, mà đó còn là một cuộc trường chinh của tập luyện từ độ tuổi ... nhi đồng, của những giải đấu lê thê vòng quanh trái đất, của những hy sinh và mô hôi nước mắt... Cuốn sách này sẽ cho các bạn thấy rõ hơn về tất cả những điều đó, nói một cách hình ảnh, cho chúng ta cái nhìn ""cận cảnh"" về cuộc sống và thi đấu của một VĐV tennis nữ hàng đầu thế giới!",5,,10374193,10374194
1668127,"Một cuốn sách xứng đáng để vạn dành thời gian ra để đọc. Thực sự một câu chuyện trưởng thành đầy thú vị của một con người luôn kiên cường, mạnh mẽ và không ngừng cố gắng, nỗ lực",5,2020-03-23 12:11:12,10374193,10374194
5371695,"hay. nhưng nội dung hơi đều, cuộc sống cô này hầu như xoay quanh các giải đấu",5,2021-04-23 18:10:53,10374193,10374194
19455780,,5,2023-03-17 22:02:38,10374193,10374194
7787551,"Sách hay, tiki giao hàng nhanh,sách đẹp",5,2021-01-28 17:31:54,10374193,10374194
20498086,Sản phẩm tốt và chất lượng cao. Nội dung hấp dẫn!,5,2021-11-19 15:26:24,10374193,10374194
17786300,"Săn sale 80% lận, sách đẹp ạ",5,2022-02-05 13:48:43,10374193,10374194
557471,,5,2022-01-09 17:35:29,10374193,10374194
23547263,,5,2021-12-16 10:33:44,10374193,10374194
15419264,,5,2021-11-27 09:05:08,10374193,10374194
5779106,Hay lắm ??,5,2020-06-30 09:16:09,10374193,10374194
5436818,,5,2021-11-12 23:14:11,10374193,10374194
23318041,,5,2021-11-10 20:10:26,10374193,10374194
16524466,Good,5,2021-10-12 21:48:24,10374193,10374194
13084333,"sách được bọc túi bóng, chất lượng giấy tốt",5,2020-05-05 22:15:58,10374193,10374194
15688739,,5,2020-12-28 09:09:17,10374193,10374194
957547,,5,2020-12-22 18:15:28,10374193,10374194
16548528,,5,2020-12-11 23:24:51,10374193,10374194
18842926,,5,2020-11-29 17:15:36,10374193,10374194
1887594,,5,2020-10-09 10:55:56,10374193,10374194
692104,"Sách in đẹp, rõ ràng, điểm trừ là 1,2 chỗ còn bị lỗi (mất từ) có thể do khâu biên tập chưa kỹ nhưng không ảnh hưởng đến nội dung sách. Là một cuốn sách truyền cảm hứng rất nên đọc đặc biệt là các bạn trẻ, để thấy con đường đi tới thành công và sự vĩ đại của một ngôi sao là như thế nào... Tiki giao hàng rất nhanh, trừ 1* là do lỗi in ở trên, hi vọng tái bản sẽ sửa chữa :)",4,2020-08-31 21:08:20,10374193,10374194
5854335,,4,2021-02-01 19:34:44,10374193,10374194
9055094,"Giao hàng nhanh, sách có bọc ngoài. Bìa cứng đẹp, giấy dày trơn. 70k cho 350 trang sách. Giống như tên sách. Nội dung là một câu chuyện buồn thời kháng chiến từ đầu đến cuối. Sách thiên về lối miêu tả để người đọc cảm nhận được sự hung tàn của thời chiến. Mở đầu sách là những hình ảnh chết chóc, những người lính ngã xuống hy sinh, kèm thêm là sự bí ẩn hoang dại của thiên nhiên. Những đấu tranh trong tâm lý của nhân vật Kiên. Lúc đầu có cảm tưởng NV hơi vô cảm với những cái chết của đồng đội, nhưng không họ chiến đấu vì 1 lý do. mình chết thì đồng đội mình vẫn còn sống, vẫn phải hoàn thành trách nhiệm. Những tình yêu, tình cảm gia đình trong chiến tranh. Đó là những nỗi mất mát, nỗi đau thương. Từ đấy mình cũng thấy rằng, được sống là một điểu đáng trân quý rồi :-)",5,2022-05-21 14:49:24,1034048,1034086
6520497,"sách mới bìa đẹp, mình đc thầy dạy lí luận giới thiệu cho cuốn sách này, đọc rồi mới hiểu những gì trước kia mình hiểu về chiến tranh còn non quá, hường phấn quá. Trong chiến tranh còn sống để trở về là một điều may mắn, nhưng chỉ là may mắn vì đc sống thôi, hậu quả mà chiến tranh để lại nó như một chất độc ngấm vào cơ thể, vào suy nghĩ của ta mỗi ngày ngay cả khi ta đag sống trong hoà bình, nỗi ám ảnh vấy vào mỗi cơn mê. Nó thay đổi ta từ con người hừng hực ý chí và lý tưởng sống trở thành cái xác mãi hoài niệm về những uẩn khúc nơi chiến trường...",5,2021-02-17 11:44:24,1034048,1034086
209499,"Siêu phẩm chiến tranh, tác giả đã lột tả sự thật tàn khốc của chiến tranh, ngòi bút siêu thực như bạn đang trong cuộc chiến, bạn sẽ đọc và k thể dứt ra dc. Tôi đã đọc và quyết định mua lại thêm 4 quyển nữa để tặng các đồng chí chung đơn vị. Sách phải nói cực kỳ hay.",5,2021-01-19 22:44:38,1034048,1034086
24780124,"Trong số những lần mua hàng trên Tiki Trading, thì số sách mua nguyên seal đếm trên đầu ngón tay :))) và hên là cuốn này nguyên seal. Đáng tiền và hay lắm. Cuốn này cũng canh sale lâu lắm rồi nhưng chẳng thấy giảm sâu bao nhiêu, cuối cùng mua luôn chứ nếu ko lại hết hàng thì tiếc 😊 một tác phẩm xuất sắc về đề tài chiến tranh.",5,2022-03-15 14:29:54,1034048,1034086
291403,"Trang 329 - 336 bị ngược. Còn lại sách in rõ nét, giấy đẹp. Một cuốn sách về chiến tranh đầy ám ảnh, sâu sắc về kiếp nhân sinh, về lý tưởng, tình yêu trong thời buổi loạn lạc, chia cắt và cả trong thời bình. Từ quá khứ đến hiện tại, tất cả đan xen, đảo lộn trong tâm trí với nỗi buồn dẫn lối để nhìn lại và hiểu rõ hơn về những gì đã xảy ra, đã đưa đến chúng ta của bây giờ.",5,2020-12-06 09:44:09,1034048,1034086
24414938,"truyện hay, để lại cho ta nhiều dấu ấn sâu sắc, cách miêu tả tâm lí nhân vật chân thật, chạm đến trái tim người đọc, mang đến những cảm xúc khó tả. Đây không hẳn là một tác phẩm dễ đọc nhưng nó rất đáng để ta thưởng thức. Ngoài ra, truyện còn được bọc một lớp bìa trong ở bên ngoài, kĩ lắm, truyện cũng đẹp vô cùng lun",5,2021-11-19 14:45:36,1034048,1034086
17431479,"sách tốt, bìa bên ngoài đẹp, chưa đọc nhưng nghe review hay lắm :333",5,2021-04-26 11:45:17,1034048,1034086
1572144,"#ndsreview Xin phép chia sẻ với mọi nguời tác phẩm Nỗi buồn chiến tranh của nhà văn Bảo Ninh. Tác phẩm về đề tài chiến tranh Việt Nam, được dịch và xuất bản tại 22 quốc gia trên thế giới và gặt hái không ít giải thưởng văn học cũng như sự công nhận của văn đàn quốc tế. Không chỉ dừng lại ở chuyện khắc họa hệ lụy, tính hủy diệt và bản chất vô nghĩa của chiến tranh, tác phẩm sở hữu tính thẩm mỹ văn học cao, thể hiện qua vốn từ phong phú, lối văn mô tả vừa hiện thực vừa lãng mạn, cũng như những suy tư lồng ghép về tình yêu, tình người. Điều đầu tiên cần bàn là bố cục của tác phẩm. Không đi theo dòng thời gian tuyến tính cũng không có mốc thời gian rõ ràng, tác phẩm theo chân anh lính Kiên trong thời hậu chiến. Cuộc sống thường nhật ở thời hiện tại của anh được kể đan xen cùng những hồi ức về những sự kiện xảy ra trước và trong chiến tranh. Vì lẽ này, người đọc dễ bị rối và cảm thấy khó chịu. Dòng văn trôi tự do theo sự lạc lối và loay hoay của Kiên, dễ khiến người đọc đâm cáu. Tuy nhiên, khi đọc đến những trang cuối cùng thì mình mới vỡ lẽ thì ra đây là một sự sắp xếp hữu ý và tinh ý của Bảo Ninh. Sự lý giải hợp lý và dễ cảm thông, đồng thời cũng cho thấy nét tài tình của tác giả. Cái hay thứ hai của tác phẩm này chính là vốn từ phong phú và cách sử dụng linh hoạt của Bảo Ninh. Hầu như mình không tìm thấy một đoạn văn nào mà từ vựng bị lặp lại, ông luôn có cách kết hợp từ để miêu tả rất đa dạng. Lời văn có khi trữ tình lãng mạn, có lúc trần trụi đau thương. Mình thoáng nghĩ, để mà dịch tác phẩm này sang một ngôn ngữ khác hẳn cũng là một nhiệm vụ khó nhằn. Cuối cùng, mình muốn nói đến thông điệp phản chiến trong tác phẩm. Có rất nhiều cái tên được Kiên nhắc đến trong tác phẩm, ai cũng có một số phận và một bi kịch riêng. Người đọc sẽ khó mà nhớ tên, nhớ vì sao mà họ chết, tuy nhiên, việc tác giả chỉ ra nhiều bi kịch đến vậy, cốt chỉ để nói đến một nỗi buồn chung trong chiến tranh. Và cũng để nói rằng, sự hủy hoại của chiến tranh là không chừa một ai, dù bạn ở phía nào của chiến tuyến, dù bạn tham chiến hay chờ đợi ở hậu phương. Không lý tưởng hóa chiến tranh, Bảo Ninh cũng mô tả “ngày hòa bình” không trọn vẹn cho cả những người may mắn sống sót. Kiên trở về không còn là Kiên của ngày xưa, Phương – cô gái anh yêu cũng đã bị chiến tranh hủy hoại. Tình yêu đã khác và họ không còn có thể chung bước, như họ vẫn hình dung trước khi Kiên nhập ngũ. Kiên thừa nhận mình khổ sở hơn ở trong thời bình, khi anh cô đơn, lạc lõng và bị những hồi ức dằn vặt. Nỗi buồn của Kiên cũng cô đơn, vì có ai hiểu được những trải nghiệm của Kiên, để hiểu được nỗi buồn của anh đâu. Một tác phẩm nên đọc, để có cái nhìn đúng đắn về chiến tranh, để suy tư chiêm nghiệm về tình yêu, tình người. Link: https://www.instagram.com/for_anie/",5,2021-07-01 14:51:12,1034048,1034086
19180518,"Hàng đóng gói rất vuông vắn, cẩn thận. Bìa sách đẹp mê li, chất lượng in tốt. Chất lượng giấy tốt, rất mướt và dai.",5,2020-11-18 11:47:07,1034048,1034086
10304818,"một cuốn sách rất hay, rất thật. mình nghe nội kể về chiến tranh nhiều rồi, biết rằng nó rất tàn khốc, nhưng qua cuốn sách này, mình càng cảm nhận sâu sắc nỗi đau, nỗi tàn khốc của cuộc chiến tranh ấy. đọc xong càng thấy khâm phục thế hệ trước đã hi sinh, đã cống hiến để đời sau được độc lập, được tự do, được hạnh phúc!",5,2020-12-26 18:44:26,1034048,1034086
6164588,"Một tác phẩm tuyệt vời thời hậu chiến, đầy ám ảnh. ""Cái giá phải trả cho chiến thắng"", nếu các tác phẩm ngày trước thường viết về chiến thắng thì tác phẩm này của Bảo Ninh nói về ""cái giá"" ấy. Những mất mát, đau thương, ám ảnh... Nhiều đoạn mình đọc mà nấc nghẹn, không thể nào đọc tiếp vì quá nhiều cảm xúc.",5,2020-09-20 21:57:11,1034048,1034086
7402581,"Giao hàng nhanh, đóng gói rất cẩn thận. Sách rất đẹp và cầm nặng tay lắm. Nội dung thì cực kì ý nghĩa! Đáng mua",5,2021-08-13 20:39:20,1034048,1034086
315044,"Mình chưa đọc cuốn “Nỗi buồn chiến tranh” nên chưa có nhận xét gì cụ thể. Bao h đọc xong sẽ lên tiki đánh giá sau. Còn về chất lượng sách thì... mình khá dễ tính và tiki bao giờ cũng là lựa chọn đầu tiên và duy nhất mỗi khi mình quyết định mua sách. Lần này sách giao sớm nên mình khá ngạc nhiên luôn đó. Vì dịch nên ở nhà, lại được mẹ trả tiền cho, hạnh phúc vô cùngg hiuhiuu.",5,2020-04-06 11:43:05,1034048,1034086
575408,"Lâu lắm mới được sờ một quyển sách mướt mườn mượt ntn... chất giấy rất ok nha... nâng như nâng trứng. Mới bóc tem nên giờ mới bắt đầu đọc, sẽ rv nội dung sau",5,2022-04-12 16:49:05,1034048,1034086
20075449,"Giao hàng nhanh, sách không bị in lỗi gì. Tác phẩm được viết trong thời hậu chiến nhưng miêu tả cuộc chiến tranh. Nên điểm nổi bật là có góc nhìn khác về cuộc kháng chiến bên cạnh nhân vật người lính quen thuộc.",5,2021-01-29 22:15:31,1034048,1034086
5856134,"Lia quyển này lâu phết rồi giờ mới có cơ hội hốt em nó về Bọc đẹp, giao hàng hơi kì xíu nhưng tạm chấp nhận, nội dung chắc sẽ hay nên sẽ nghiên cứu thêm",5,2022-03-03 11:26:11,1034048,1034086
6458064,"Sách rất hay rất buồn. Viết về Kiên một cựu chiến binh đang sống giữa thời bình hồi tưởng về cuộc chiến tranh đau thương và mối tình đã qua, ở đó có máu me khói lửa, có đạn nổ bom rơi, có tình đồng đồng đội, có lòng yêu nước. Giọng văn của tác giả khá trầm buồn nhưng có những đoạn tả cảnh thì lại giàu chất thơ. Cuốn sách này mình đã tặng lại cho người bạn, bạn ấy rất thích và khen hay.",5,2019-10-08 15:34:10,1034048,1034086
9845513,"quyển này mình nghe review thích quá nên phải hốt liền,nội dung thì khỏi phải chê,hoá ra những mất mát trong chiến tranh không hề mất đi khi hoà bình",5,2022-04-20 18:02:56,1034048,1034086
10434253,"Ôi đặt hôm qua, nay đã có, với cả là bao bọc k có túi chống sốc nên bị móp một góc sách, chất giấy vs in ấn ok. Vẫn 5s nha",5,2021-03-12 17:16:45,1034048,1034086
22874432,"ui thích lắm luôn, sách đẹp nha. Măm me lâu rồi h mới có cơ hội mua(●♡∀♡)",5,2022-02-23 22:10:39,1034048,1034086
26623269,"Sách đẹp, đóng gói cẩn thận, giao hàng nhanh, sách mới bọc kĩ nhé.",5,2022-03-30 22:06:21,1034048,1034086
16722145,"Một tác phẩm để lại cho người đọc nhiều cảm xúc. Những câu chuyện của Kiên tuy rời rạc về trình tự thời gian nhưng chứa đựng những nỗi buồn sâu thẳm và nỗi mất mát đau thương. Từ đó, tác phẩm truyền tải những thông điệp sâu sắc của người lính bước ra từ chiến tranh, của một thế hệ đã sống qua thời kỳ bom rơi đạn nổ và những biến đổi về mặt tâm lý, cảm xúc xuyên suốt cuộc chiến.",5,2020-04-21 00:24:16,1034048,1034086
16342633,"Sách thiết kế đẹp mắt, chất lượg in tốt. Nội dung thì k phải bàn nhiều, đó là phát hiện cái chân thực nhất của chiến tranh để ta hiểu thêm phần nào sự hi sinh của người lính. Sách cũng nhắc nhở con người sống trong thời bình cần trân trọng và chia sẻ với những người còn sống sót sau chiến tranh. Sự cống hiến của họ không thể dùng lời ca ngợi hết, cũng ko thể dùng những món quà vật chất để bù đắp.",5,2020-03-21 21:09:34,1034048,1034086
6785870,"Được giáo viên của mình giới thiệu là một tác phẩm đáng đọc nên mình đã lựa chọn ""Nỗi buồn chiến tranh"" cho kì nghỉ Tết kéo dài thêm 2 tuần vì Corona này. Câu truyện trong này không hề mạch lạc từ đầu đến cuối mà nó rời rạc thậm chí nhiều lúc làm mình lú lên. Đúng như tác giả có viết, đọc xong tác phẩm mình phải chắp nối lại hết mọi chi tiết giống như xoay một khối Rubik đa chiều để được một khối hoàn chỉnh. Nhưng không thể phủ nhận được cách lột tả một cách trần truồng sự thật chiến tranh mà trước giờ mình chưa từng được tiếp xúc qua. Và mình cũng đã hiểu vì sao thời đó người ta lại cấm xuất bản cuốn sách này, lại dè bỉu người con gái xinh đẹp lạc thời là Phương ấy. Có quá nhiều nỗi đau, sự đen tối, ảm đạm trong truyện mà đọc đến những trang cuối cùng cũng không hết bất ngờ. ""Nỗi buồn chiến tranh"" - một khía cạnh khác của thời khói lửa mà ta có thể đọc để hiểu hơn.",5,2020-02-14 21:23:19,1034048,1034086
980890,"Bảo Ninh đã mượn hình tượng nhân vật Kiên để thuật lại những tháng năm chinh chiến gian khổ ấy của dân tộc mà chính Kiên là nhân vật sử thi đại diện cho cả một tầng lớp bộ đội xưa. Trong truyện, có những con người vì sợ hãi mà đào ngũ, có những tình yêu day dứt mãi sau thời chiến, có những nỗi nhớ và ám ảnh khôn nguôi về một thời đã vãng... Đọc xong, nghĩ đến những dòng thơ của Quang Dũng: ""....Người đi Châu Mộc chiều sương ấy Có thấy hồn lau nẻo bến bờ Có nhớ dáng người trên độc mộc Trôi dòng nước lũ hoa đong đưa...""",5,2018-08-30 15:19:42,1034048,1034086
5890781,"Cuốn này mình mua lâu rồi, đọc xong lâu rồi. Mà nay vào coi thấy phần comment, nên comment cho các bạn - Sách in đẹp, giấy nhẹ, màu tự nhiên, đọc rất thích - Nội dung: thực sự ấn tượng với cách tác giả kể chuyện, vừa thực vừa hồi tưởng, như đúng cuộc sống của tác giả sau khi chiến tranh. Tham gia vào cuộc chiến với tinh thần và thể trạng tốt Đi ra khỏi cuộc chiến, là người sống sót còn lại, chẳng biết là điều may hay rủi. Còn sống là còn mang theo những ám ảnh ghê rợn của cuộc chiến, mất người thân, mất anh em, tình yêu cũng chẳng còn Mất đi trong cuộc chiến đôi khi lại là may mắn, may mắn vì được kết thúc khỏi đau thương và ám ảnh",5,2019-10-07 13:53:36,1034048,1034086
11468014,"Sách mới cứng, có màng bọc hẳn hoi, giao hàng nhanh, tui đọc dc 27 trang mà thấy đau lòng quá huhu",5,2022-03-18 09:34:06,1034048,1034086
1664998,"Mình mới đọc xong, không kìm được lòng mà phải viết đôi dòng. Một cuốn sách hay về mặt trái của chiến tranh. Để có được hòa bình như ngày nay chúng ta phải trả giá rất nhiều. ""Những người đáng sống nhất lại chết"", ta không chỉ sống cho chính mình mà còn cho cả những người đã ngã xuống, những người đã chết để chúng ta được sống hôm nay. Ám ảnh mình là đoạn Phương và Kiên ở trên tàu, nên khi nhìn thấy sự bất cẩn và bất lực của Kiên, không bảo vệ được Phương rồi cả những kẻ *** nạn trên toa tàu ấy mà mình uất quá. Mình căm Kiên quá, sao Kiên không bảo vệ được Phương, sao Kiên lại không làm gì lúc Phương bị bịt mồm, nhưng Kiên chỉ là cậu tra 17 tuổi, nhưng cuối cùng Kiên cũng đánh gãy tay 1 gã. Nếu biết sẽ có kết quả vậy chắc Kiên nhất định sẽ không về gặp Phương, hoặc không cho Phương đi theo và sẽ không bao giờ lên chuyến tàu định mệnh ấy. Còn cả Hòa nữa, lúc Kiên trơ mắt nhìn Hòa mà mình thấy đau khổ quá. Quả thực loài vật đáng sợ nhất trên hành tinh này chính là con người.",5,2019-07-09 10:56:01,1034048,1034086
11850476,"MỘT TÁC PHẨM XÚC ĐỘNG! Nội dung hay, ý nghĩa, lối viết hơi lộn xộn khó theo dõi nhưng một khi đã bắt được nhịp thì rất cuốn hút.",5,2021-03-02 12:54:33,1034048,1034086
370313,"Hãy đọc tác phẩm này một cách bao dung. Con người trong tác phẩm với những mảnh đời hiện ra như những lát cắt xoay quanh và bị cuốn bởi chiến tranh. Càng về cuối, giọng văn của nhà văn Bảo Ninh càng hay và thấm thía. Sau chiến tranh, đối với những người ở lại đó chỉ còn là kí ức bi thương, là những cơn bão lòng về tình yêu, tình đồng chí, tình người...Do không có một cốt truyện cụ thể, nhiều giọng kể, có sự giao nhau giữa hồi tưởng và hiện tại nên quá trình đọc tác phẩm hơi lâu và kiên nhẫn. Đây là 1 tác phẩm ""nở muộn"" nhưng giá trị. Bìa của NXB Trẻ cũng toát được tinh thần của tác phẩm nên ủng hộ.",5,2019-05-31 22:08:05,1034048,1034086
26308716,"sách thơm mùi giấy, in đẹp, cầm chắc chắn, giao hàng nhanh, shipper rất dễ thương",5,2022-02-15 17:35:45,1034048,1034086
8312112,"Một quyển sách viết về chiến tranh Việt Nam mình ấn tượng nhất cho đến hiện giờ, cầm sách một lần và không thể ngừng được. tác phẩm có cái nhìn rõ ràng về chiến tranh, kể về những số phận, những mảnh đời rất ám ảnh. Đan xen hiện thực và quá khứ, tác giả đã sống qua thời chiến nhưng vẫn không thể quên đi được những nỗi đau mà chiên tranh đã gây ra.",5,2019-05-12 13:48:45,1034048,1034086
514780,"Nỗi buồn chiến tranh của tác giả Bảo Ninh là một trong những tác phẩm viết về chiến tranh hay nhất. Ta có thể cảm nhận chiến tranh một cách chân thật nhất, không lý tưởng hóa, là hiện thực của nỗi đau thương mất mát mà các nhân vật chụi đựng. Có thể nói các tác phẩm viết về hiện thực chiến tranh Việt Nam không nhiều, và tác phẩm này khiến ta hình dung chiến tranh đã qua và hiểu rõ nỗi đau mà chiến tranh mà mang lại cho người dân Việt Nam.",5,2019-04-10 21:27:05,1034048,1034086
1670224,"Cuốn này này xuất sắc đến mức không gì so sánh nổi, một đỉnh cao chói lọi của dòng văn học chiến tranh, nỗi buồn của tác giả nó thấm đẫm từng trang giấy, lòng mình ngổn ngang, tràn ngập nỗi cô liêu khi gấp lại, chiến tranh đã để lại trong lòng những người lính thắng trận không chỉ là những vết thương thể xác, mà những ám ảnh tinh thần vẫn ngày đêm hở miệng, nó len lỏi rồi lại tất đỏ lên mỗi đêm. Một cuốn sách lớn lao đúng nghĩa, chiến tranh dù có thế nào đi chăng nữa thì cũng không bao giờ nên sảy ra!!!!!!",5,2019-03-30 23:57:31,1034048,1034086
14958424,"Nhận sách đóng gói ok nè mà chưa có đọc, phần đánh giá này là cho đóng gói và vận chuyện chứ phải liên quan nội dung sách nha.",5,2022-04-03 16:03:38,1034048,1034086
8437106,"sách đẹp, giao hàng đúng dự kiến, chưa đọc nhưng cảm thấy rất đáng tiền, săn đc hàng giảm giá 50% giá khá hời???? với lại có đc 1 tác phẩm kinh điển trên giá sách của mình cũng khá là tự hào????",5,2019-07-25 11:48:41,1034048,1034086
15382157,ok nạ,5,2021-02-08 12:04:27,1034048,1034086
1698285,"Đọc để hiểu chiến tranh cũng có những phần khuất lấp, những nét không hào hùng như ta vẫn nghĩ. Chiến tranh hoàn toàn là phi nghĩa, là khổ đau dù với bất cứ mục đích nào. Đọc để trân trọng hơn hòa bình ta đang hưởng và có cách nhìn đa diện về mọi vấn đề. Có thể sách này khó đọc vì viết theo dòng hồi tưởng nên khó nhớ, khó theo dõi xuyên suốt. Nhưng chính điều đó làm ta ám ảnh!",5,2019-02-22 13:40:48,1034048,1034086
17246706,Sách còn nguyên chưa bóc nhưng mong tiki đóng gói hàng cẩn thận hơn tại mấy cuốn giao chung ko đc bảo quản kĩ như vậy,5,2021-03-14 10:52:29,1034048,1034086
651612,Cuộc chiến tranh nào dù với bất kì lý do gì đều …,5,2022-06-15 07:46:20,1034048,1034086
484388,"Lần đầu tiên đọc một tác phẩm về hậu chiến mà lặng người, những lời văn cứ văng vẳng trong đầu, không đủ sức để cảm nhận được nỗi đau khổ, sự dằn xé tâm hồn mà một người lính thời hậu chiến phải trải qua kinh khủng đến thể nào",5,2019-07-19 13:30:02,1034048,1034086
10194637,"Nỗi buồn chiến tranh thật sự là một tác phẩm tạo ra sự ám ảnh cực độ đối với tôi. Tác phẩm không được viết theo chương hồi như những tiểu thuyết khác mà được góp nhặt từ những ký ức đan xen của Kiên - nhân vật chính của câu chuyện. Khi chiến tranh qua đi, những mất mát có thể bù đắp, nhưng tinh thần và tình cảm lứa đôi sẽ mãi có một khoảng trống. Họ hi sinh thân mình để vào trận, thế mà khi thời bình tới số phận của họ lại bèo bọt hơn cả. Đọc xong quyển này phải ngưng đọc sách 1 tuần mới thôi dằn vặt. Thật sự rất hay!",5,2019-01-19 14:28:38,1034048,1034086
1545731,"Với lối trần thuật đồng hiện, cuốn sách lôi cuốn người đọc vào quá khứ và hiện tại đan xen của nhân vật chính - Kiên, một nhà văn đã từng là một chiến sĩ. Tôi học Lịch sử, Văn học... chưa từng được nghe về những tổn thất vật chất, tinh thần của con người đất nước trong và sau chiến tranh một cách cụ thể, sống động và ám ảnh như vậy. Nỗi buồn chiến tranh không chỉ là nỗi buồn tổn thất vật chất hay thể xác, mà khủng khiếp hơn cả là sự tàn phá tinh thần: mất mát gia đình, tình yêu và tuổi trẻ, những người bạn yêu quý, ký ức, và cả một cuộc đời. Đó là nỗi buồn của một con người đi qua chiến tranh và nỗi buồn của một nhà văn. Chiến tranh mới có thắng lợi, có cái hào hùng, nhưng dường như niềm vui duy nhất của con người khi ấy là sự may mắn tìm được đồng đội và những người bạn đích thực. Đọc cuốn sách, tác giả vẽ cho tôi một bộ mặt mới của chiến tranh. Cuốn sách rất hay và có hình thức đẹp, thực sự xứng đáng với tình yêu và nồng nhiệt đón nhận của bạn đọc.",5,2018-12-27 12:14:30,1034048,1034086
5589409,"Đã đọc 1 lần và chưa dám đọc lại lần 2, do ám ảnh từ lần 1 vẫn còn. Tác phẩm phơi bày rất nhiều sự thật trong quá khứ. Đồng thời, tác phẩm miêu tả diễn biến tâm lý quá chân thực, làm mình cuốn theo, ám ảnh theo. Tuy nhiên, mạch tác phẩm là những mảnh ký ức hỗn độn, ko đầu ko cuối, nên sẽ khá khó chịu với 1 số người. Chung quy, đây là 1 tuyệt phẩm, nên đọc.",5,2018-12-13 17:56:11,1034048,1034086
19787106,"Văn của bác Bảo Ninh làm mình nổi hết da gà, so greatttttt",5,2022-03-19 22:31:04,1034048,1034086
18038470,"siu siu mê luôn đó, sách đẹp. Quá nét!!!",5,2022-06-06 17:28:31,1034048,1034086
15821587,"giao hàng cực nhanh, mình mua được với giá rẻ hơn ngoài thị trường nhưng chất lượng tốt thực sự á. Bìa sách cực đẹp và giấy xịn lắm luôn.",5,2021-06-09 12:25:20,1034048,1034086
17887147,nguyên seal luôn ^^ mình mua để tặng bà ngoại mình nên k mở ra đọc nội dung,5,2021-07-24 16:15:55,1034048,1034086
11211361,"sách được bọc seal cẩn thận, giao hàng siêu nhanh",5,2022-01-12 11:22:35,1034048,1034086
22033700,Mình thích những tác phẩm về thời chiến,5,2022-02-14 17:07:28,1034048,1034086
14515634,"giao hàng nhanh, đóng gói tốt và nội dung thì hay là đương nhiên. sẽ ủng hộ nhiều hơ",5,2021-03-21 19:44:25,1034048,1034086
17938256,"Sách giao rất nhanh, mới đặt hôm qua mà hôm nay đã nhận được.",5,2021-08-14 13:41:50,1034048,1034086
10661230,"đặt 8h tối mà 8h sáng giao hàng rồi, sách nguyên seal, không trầy không rách gì, 10đ =))))))",5,2021-02-08 08:46:35,1034048,1034086
3089111,"một tác phẩm khiến người đọc lưu lại nhiều suy nghĩ, có cái nhìn khác về cuộc sống của những con người cầm súng vì đất nước, để lại ám ảnh qua từng trang viết. Thực sự nên mua. Tiki luôn là sự lựa chọn tốt.",5,2019-07-03 23:47:42,1034048,1034086
13744086,Siu thích cách gói hàng và giao hàng của Tiki ^^ Sách đẹpppp có giấy niêm phong nên hem sợ bị gập gáy sách nhennn . Noái chung tuyệt vời xinh đẹp nhắmmmmm,5,2020-12-04 11:43:12,1034048,1034086
5473094,"Nên đọc vì: - Đây là truyện/ tiểu thuyết, ko phải sách tài liệu - Giúp hiểu được chiến tranh - Mang đến nhiều cảm xúc",5,2021-06-06 16:32:26,1034048,1034086
2102046,"""Những tổn thất, mất mát có thể bù đắp, các vết thương cũng sẽ lành, nhưng nỗi buồn về cuộc chiến tranh sẽ ngày càng thấm thía hơn, không bao giờ nguôi"". Cách sử dụng ngôn từ điêu luyện của Bảo ninh làm cho mình thấm thía đến từng câu chữ và có thể hình dung rõ ràng sự tàn bạo khủng khiếp của chiến tranh. Dù là địch hay ta, bên thắng hay bên bại, tất cả những ai trải qua cuộc chiến đau thương ấy đều phải chịu những nỗi đau dày vò suốt cuộc đời. Cuốn sách đi sâu vào tâm lý nhân vật Kiên, tuy rằng đây là tiểu thuyết nhưng mình cho rằng tác giả, một cựu chiến binh, đã gửi gắm một phần của ông vào đó. Cuốn sách không hề khó đọc như mình nghĩ mà cực kì cuốn hút, đau thương nhưng quyến rũ, để lại những ám ảnh và day dứt khó mà quên được. Cực kì đáng đọc, nhất là đối với những ai sinh ra trong thế hệ mới, để biết trân trọng cuộc sống bình yên của chúng ta ngày hôm nay.",5,2018-04-12 13:50:15,1034048,1034086
5114857,"đóng gói cẩn thận, sách rất đẹp, giao hàng tuy bị trễ 1 ngày nhưng xử lý rất chuyên nghiệp",5,2020-10-14 18:48:58,1034048,1034086
1265163,"Sách rất đáng đọc. Tác phẩm đi sâu vào miêu tả những biến cố sâu trong nội tâm của người lính trong chiến tranh. Qua đó thấy được sự nghiệt ngã của chiến tranh và những gì mà người lính phải trải qua, đau khổ, dằn vặt, thù hận, chán ngán... Để rồi khi hòa bình được lập lại người lính cũng rất khó để có thể hồi phục những tổn thương tâm lý trong lúc chiến đấu và hòa nhập với xã hội.",5,2018-03-15 10:57:51,1034048,1034086
8758211,Mình mua tặng chứ không đọc nhưng chất lượng sách nhận được rất ổn,5,2022-04-16 09:00:15,1034048,1034086
203318,"Sách rất hay, vẫn biết đây là tự truyện nhưng có đôi lúc tưởng như là chuyện ko có thật, rất hay, bạn nên đọc",5,2021-02-17 16:56:29,54057017,54057018
1631316,"sách đẹp quá thể đáng, bọc cẩn thận nữa",5,2020-11-06 11:39:18,54057017,54057018
407153,,5,2021-03-02 00:05:37,54057017,54057018
851497,"sách hay, không đọc phí cuộc đời. thế nhé",5,2020-11-27 18:34:57,54057017,54057018
11488257,goooooooooooooood,5,2020-12-12 20:41:01,54057017,54057018
14450579,,5,2021-03-09 22:33:11,54057017,54057018
11504340,Sản phẩm rất tốt,5,2020-09-28 22:28:53,54057017,54057018
7139681,,5,2021-02-11 11:20:51,54057017,54057018
1291456,,5,2021-01-29 07:10:00,54057017,54057018
1911012,Rất hay,5,2020-12-04 11:36:38,54057017,54057018
6909783,,5,2021-01-13 11:14:34,54057017,54057018
161644,,5,2021-01-11 10:14:09,54057017,54057018
12222050,,5,2020-12-24 00:24:05,54057017,54057018
12546543,,5,2020-12-06 13:07:41,54057017,54057018
5386714,,5,2020-12-01 11:44:28,54057017,54057018
9850656,,5,2020-11-22 03:45:29,54057017,54057018
1633221,,5,2020-11-10 19:42:30,54057017,54057018
2088213,,5,2020-11-05 21:34:03,54057017,54057018
16503541,,5,2020-10-27 18:40:17,54057017,54057018
6675199,,5,2020-10-16 18:59:54,54057017,54057018
665340,,5,2020-10-12 20:03:45,54057017,54057018
340118,,4,2021-02-14 17:22:17,54057017,54057018
11399442,,4,2021-02-10 14:35:27,54057017,54057018
18634458,,3,2021-02-06 23:23:42,54057017,54057018
18356612,,3,2021-01-28 14:38:48,54057017,54057018
5689865,,4,2021-01-09 16:42:00,54057017,54057018
1165194,,4,2021-01-02 05:56:39,54057017,54057018
11983339,ok,4,2020-12-02 20:31:59,54057017,54057018
1816318,,4,2020-12-07 09:22:55,54057017,54057018
901353,,4,2020-10-29 17:41:43,54057017,54057018
1390477,"tác giả cho thấy con đường học thuật và việc học y ở Mỹ một cách rất chân thực và đầy đủ. là một cuốn sách rất tâm huyết, tuy ko phải là dân chuyên khối Xã hội nhưng cách hành văn rất dí dỏm, dễ hiểu và gần gũi với mọi người đặc biệt khi đề cập đến chuyên ngành hay một số thuật ngữ chuyên khoa.",5,2020-11-02 19:06:02,35010878,35010880
900445,"Sách rất hay, thấy quá trình phấn đấu gian khổ của người Việt từ vùng Bạc Liêu khó khăn lên đến trả nghiệm hầu hết các trường danh tiếng ở Mỹ. Sách truyền cảm hứng cho bạn trẻ. Rất rất nên mua đọc !!!",5,2019-12-10 02:05:39,35010878,35010880
17752192,"Rất thích hợp cho các bạn trẻ, đọc để hiểu về quá trình rèn luyện và học hỏi ko ngừng nghỉ bất chấp mọi khoa khăn. 1 câu chuyện thực tế chứa đựng nhiều bài học bổ ích",5,2022-06-09 10:27:52,35010878,35010880
5479078,Cảm ơn Tiki đã giao hàng nhanh. Sách rất đẹp và nội dung rất hay. Chúc Tiki phát triển mạnh mẽ và vững bền.,5,2020-12-17 18:26:24,35010878,35010880
14398935,"sự thành công xuất sấc của tác giả là kết quả một tài năng hiếm có với một sự hiếu học và một quyết tâm mãnh liệt , sẽ là một tấm gương cũng như có sức lan tỏa và truyền cảm hứng cho giới trẻ trên con đường lập thân Lời văn là tự sự rất thật và đầy cảm xúc rất lôi cuốn người đọc Hy vọng đây sẽ là một tác phẩm có giá trị trong tủ sách gia đình như là một cuốn sách hướng nghiệp cho giới trẻ Rất mong sách có bản tiếng Anh để cho thế hệ con em nước Việt khắp nơi được lĩnh hội những kinh nghiệm cũng như kiến thức từ tác phẩm này Xin cảm ơn tác giả rất có tâm cho thế hệ trẻ",5,2021-02-24 03:42:42,35010878,35010880
1693448,Tác giả mô tả chi tiết quá trình học tập và làm việc ở Mỹ. Cuốn sách mang ý nghĩa như một cuốn hồi ký hơn là sách dạy kỹ năng. Nói chung là mình mong đợi nhiều hơn nhưng xét về khía cạnh tác giả là bác sĩ thì việc ra 1 tác phẩm văn học như vậy cũng là tâm huyết rồi.,5,2019-10-31 12:37:37,35010878,35010880
1115621,"DV 5* như mọi khi. Nội dung sách thì ko review. Mình muốn nói chug trải nghiệm là: app ngày càng cải tiến, mượt, lưu lại lịch sử tốt (thậm chí lịch sử tìm kiếm, dù mình vừa gỡ app ra cài đặt lại?!!), thông tin trình bày thân thiện. CSKH tốt. Keep up the good work and happy new year to you all :))",5,2021-01-02 10:16:36,35010878,35010880
11314860,"Một cuốn sách tự chuyện rất chân thật, sống động, với những cảm xúc rất gần gũi mà bất cứ ai trong chúng ta cũng có lúc phải trải qua, phải đối mặt nhưng có lẽ để có đc sự kiên định, nhẫn nại, ý chí mạnh mẽ để đạt đến thành công như bác sĩ Wynn Trần thì hiếm ai có đc.",5,2020-12-22 03:32:39,35010878,35010880
1754266,"Nội dung sách rất gần gũi, người đọc dễ hình dung được các câu chuyện thú vị mà tác giả đã trải qua. Tác giả là một con người giàu sức sống và tình cảm, do đó lời văn rất thực và lột tả được các tình huống trong cuộc sống. Cuốn sách có nhiều giá trị tham khảo trong cuộc sống, phát triển bản thân, lĩnh vực y khoa.",5,2020-11-06 11:54:21,35010878,35010880
6724845,"Bất kỳ học sinh giỏi nào, có óc định hướng, suy nghĩ sâu sắc, có nhu cầu tìm hiểu thêm về nghị lực phấn đấu vươn lên, cố gắng học tập hoặc tìm hiểu về con đường học y khoa ở Mỹ khi chân ướt chân ráo từ VN sang thì phải mua cuốn này đọc ít nhất 1 lần trong đời.",5,2020-08-18 23:25:43,35010878,35010880
14388995,"Tôi khâm phục Anh về sự kiên trì, Đức tính vượt khó, kiên định mục tiêu con đường mình chọn lựa và anh đã thành công, chúc anh luôn mạnh khỏe, hạnh phúc và bình an mang lại nhiều niềm vui , hạnh phúc cho những bệnh nhân mà anh luôn hướng đến. Hãy mãi là người Bác sĩ có tài và có tâm nhé. Tôi luôn ủng hộ anh!",5,2020-04-08 11:50:21,35010878,35010880
12971314,"Tac giả có lối diễn đạt văn từ , ý tưởng rât chân thật , cởi mở và dẫn dăt người muốn tìm hiểu lãnh vực y khoa khá cặn kẽ. Giúp phụ huynh có con em học y khoa có thể hiểu phần nào bươc đi của con em mình hầu cảm thông , hỗ trợ tich cực về tinh thần cũng như vật chât cho con em mình nỗ lực quyêt chí đến cùng. Sach cũng phac thảo được nhiều đường đi nươc bươc căn bản người sv y khoa sẽ phải trải qua , lường trươc phần nào nỗi vât vả của đặc thù ngành này . Ngoài ra sach này như môt hồi ký của một KTS một BS đã từng nếm trải nên nó là những câu chuyện thật , câu chuyện sống động & cảm động.",5,2020-03-18 06:49:51,35010878,35010880
420418,"Văn phong tự nhiên, hài hước và thú vị. Cách nói chuyện rất thực tế, giúp độc giả có định hướng và niềm tin để thực hiện ước mơ của mình. Cảm ơn tác giả rất nhiều về những đúc kết trong cuốn sách này!",5,2019-12-25 22:41:31,35010878,35010880
6230961,"Tôi thích quyển sách này vì tác giả chia sẻ rất chân thành và chi tiết quá trình học tập để trở thành bác sĩ Mỹ, sách rất hữu ích cho các bạn trẻ muốn đi vào con đường Y Khoa bên Mỹ, cũng hữu ích cho cha mẹ để hiểu và giúp đỡ con cái. Tôi đã mua nhiều quyển sách để làm quà tặng? Tôi đã mua",5,2019-12-09 18:07:23,35010878,35010880
8199964,"Sau khi đọc xong cuốn sách này, không biết nói gì hơn ngoài những từ: khâm phục và nể phục thực sự. Sự nghị lực không có điểm dừng, một cuốn sách cực kỳ tuyệt vời, lôi cuốn người đọc từ đầu đến cuối trang sách, không bỏ sót trang nào. Cảm ơn anh bác sĩ Wynn Tran đã truyền động lực cũng như sức mạnh tinh thần đến em, mong chờ cuốn sách kế tiếp của bác sĩ Wynn ?",5,2019-12-06 12:39:02,35010878,35010880
7949485,"Cuốn sách là hồi ký của tác giả về quá trình học và hành nghề Y tại Hoa Kỳ. Nội dung rất thú vị, giọng văn nhẹ nhàng, chân thành và đôi lúc hài hước. Đọc sách giúp ta có thêm nhiều thông tin hữu ích và hiểu về môi trường, về việc học tập và thực hành Y khoa tại Hoa Kỳ. Sách giúp chúng ta thấy được những khó khăn trong quá trình học tập, làm việc Y khoa, thấy được sự nỗ lực và kiên trì của tác giả. Qua đó chúng ta rút ra được nhiều bài học và sự động viên về tinh thần, nhất là cho những người đã, đang và sắp học hay hành nghề Y khoa!",5,2019-11-07 17:36:28,35010878,35010880
13779414,"Chia sẻ khá hay của tác giả về con đường học thuật, lựa chọn nghề nghiệp, đằng sau mỗi thành công là cả một quá trình nỗ lực không ngừng. Bản thân mình đang làm một kts khá đồng cảm với tác giả về hành nghề kiến trúc và bác sĩ. Rất đáng đọc",5,2020-04-06 15:25:13,35010878,35010880
677151,"Biết tác giả Huỳnh Wynh Trần đã rất lâu, đọc cuốn sách thấy những thăng trầm của cuộc đời chú, nhận ra bản thân không nên gục ngã cứ tiếp tục cố gắng với những gì bản thân đã lựa chọn, cảm ơn chú. Tiki giao nhanh Bookcare luôn rất tốt, cảm ơn TiKi",5,2020-03-01 23:10:57,35010878,35010880
6439178,"Sách hay dành cho các bạn sv y khoa muốn tìm hiểu thêm về chương trình đào tạo y khoa tại Mỹ cũng như các bạn bs có định hướng thi vào chương trình nội trú tại đây. Ngoài ra những bạn có ý định đổi việc hoặc đứng trc sự lựa chọn mới, một ngã rẽ mới trong sự nghiệp của mình thì quyển sách này sẽ tiếp thêm chút động lực giúp các bạn dũng cảm hơn trong quyết định của mình. Vì suy cho cùng mọi câu trả lời đều nằm trong tim mỗi người.",5,2019-10-21 22:20:31,35010878,35010880
1667208,"Cuốn sách nói về sự gian nan trên con đường tìm đến đam mê thật sự của BS Wynn, trên con đường đó rất nhiều bài học được thể hiện qua lời văn dí dỏm của tác giả, từng giai đoạn đều có lý do, mục đích. Qua đó chúng ta học được rất nhiều bài học hữu ích, cũng như có thêm động lực bước tiếp cho đam mê của riêng mình.",5,2019-10-16 22:52:56,35010878,35010880
7423324,Cuốn sách kể về hành trình của tác giả Huỳnh Wynn Trần đã từ bỏ Kiến trúc để theo đuổi con đường Y khoa và trở thành một bác sĩ.,5,2020-10-25 07:56:54,35010878,35010880
673745,Mình rất thích cuốn sách này. Một tấm gương sáng trong làng kiên trì học hỏi và không ngừng cố gắng. Lối văn viết chân thự pha chút hài hước. Mình cảm giác như mình bị đắm chìm qua từng câu chuyện của vị bác sỹ này.,5,2020-03-20 11:13:48,35010878,35010880
673210,"Sách hay, viết lôi cuốn. Người đọc có thể tìm thấy cách suy nghĩ và phương pháp học tập chủ động của tác giả cũng như các kiến thức liên quan đến việc học hành thi cử và làm việc của ngành y tế nước Mỹ.",5,2020-04-30 12:15:46,35010878,35010880
1572824,"Cảm ơn tác giả đã truyền cảm hứng cho tôi qua con đường dấn thân vào ngành Y của mình, lời lẽ chân thành giản dị không cầu kỳ đã lôi cuốn tôi đọc xuyên suốt không muốn ngừng. Mong chờ các tác phẩm khác từ tác giả.",5,2019-11-18 10:41:18,35010878,35010880
2192009,"Nếu bạn là một người đã biết về tác giả từ trước và muốn hiểu hơn về bác sĩ, thì đây là một quyển sách hay cho các bạn tìm đọc.",5,2020-02-16 17:16:24,35010878,35010880
19163162,"Đọc cuốn sách mới thấy ngưỡng mộ nỗ lực không mệt mỏi của anh trên con đường trở thành bác sĩ ở Hoa Kỳ. Tiki giao hàng rất sớm, sách rất đẹp.",5,2021-01-16 16:02:47,35010878,35010880
6965364,"Sách hay, dung dị, vừa hiểu về hành trình học tập của tác giả lại đc biết thêm về một số kiến thức y khoa !!!! Bs chia sẻ vô cùng dễ thương, dí dỏm!!!",5,2020-12-13 23:57:40,35010878,35010880
5909668,Lời văn giản dị chân thật về cuộc đời nhiều ngã rẽ và những lựa chọn của tác giả.,5,2021-01-09 20:17:22,35010878,35010880
8661225,Bác sỹ Wynn Tran thật tuyệt vời ♡,5,2020-12-10 13:08:20,35010878,35010880
487723,"Sách cực kì bổ ích. Những câu chuyện của bác sĩ giúp ta nhìn nhận lại mình nhiều hơn, có được những lựa chọn phù hợp với bản thân mình hơn.",5,2021-01-16 23:13:26,35010878,35010880
1872698,Mắc dù chưa đọc nhưng mong sách sẽ như mình kì vọng. Vì mình thích vị bác sĩ này trên youtube. Sách giao nhanh chất lượng không rách gì cả,5,2021-01-01 09:15:00,35010878,35010880
14110600,"Có 1 góc bị cong xíu nhưng vẫn OK, mong shop có thêm bookmark",5,2020-03-30 18:50:26,35010878,35010880
1039840,Người đàn ông giỏi,5,2020-10-22 11:27:46,35010878,35010880
8828443,sách hay,5,2021-01-24 21:27:21,35010878,35010880
5931037,tặng cho cháu ngoại như một tấm gương sáng về nghị lực ý chí và Kiên nhẫn sự quyết tâm vươn lên để đi đến thành công,5,2019-11-01 15:14:08,35010878,35010880
7133628,"Sách viết rất hay, rất dễ hiểu, truyền động lực , cảm hứng và đam mê. Các bạn chuẩn bị vào giảng đường đại học nên đọc.",5,2020-11-13 10:00:23,35010878,35010880
749287,"Bài viết giản dị, cô độc, súc tích. Trình bày đẹp. Tiện lợi mang theo để đọc mọi lúc, mọi nơi. Nhiều kiến thức bổ ích.",5,2020-12-15 17:34:47,35010878,35010880
5897923,"cuốn sách nội dung đơn giản mộc mạc nhưng hun đúc trong đó nhiều tình cảm, sự trăn trở nghề, niềm tự hào, tình yêu và sự thật cuộc sống. rất đáng đọc đặc biệt các bạn trẻ",5,2019-10-18 22:05:50,35010878,35010880
19428697,"mình nhận đc r nhé, gói rất cẩn thận, giao hàng nhanh nữa",5,2021-01-18 19:14:36,35010878,35010880
1713102,"Mới đặt sáng chiều tầm 2h có, siêu nhanh. Chắc là lần sau mua đồ trên TIKI cho đỡ phải đợi lâu. Dịch vụ quá tốt.",5,2020-12-24 15:26:42,35010878,35010880
6376847,"Sách rất đáng để đọc, tiếp thêm niềm tin, sức mạnh. Bạn phải tin vào chính mình, càng mơ xa, thành công càng lớn",5,2019-10-29 11:58:36,35010878,35010880
6359281,"Nhận đc sách đóng gói cẩn thận. Hình thức đẹp. Nội dung sách hay, những bạn nào hơi lười nên mua đọc để có ý chí phấn đấu, rất đáng để đọc",5,2020-03-14 10:44:46,35010878,35010880
439590,Cuốn sách truyền cảm hứng rất hay. Một hành trình đến với nghề thật nhiều điều đáng học hỏi. Nên mua.,5,2020-12-15 17:23:04,35010878,35010880
903171,"Quyển sách rất hay, tích cực, và vui vẻ. Cảm ơn bác sỹ đẹp trai, mình lười đọc sách mà mua về đọc 1 lèo hết luôn, hihi chấm 10 *",5,2020-05-14 14:04:05,35010878,35010880
12526608,"Một quyển sách đáng để đọc, một vị bác sĩ rất có tâm, tuy sống ở nước ngoài nhưng luôn hướng về việt nam! Yêu dân tộc!",5,2020-05-20 13:09:11,35010878,35010880
7167228,"Sách hay, lối viết giản dị nhưng chân thực. Câu chuyện tác giả kể rất truyền cảm hứng.",5,2021-01-30 14:38:58,35010878,35010880
1730085,Nội dung rất hay. Sau khi đọc xong tự cảm thấy tiếc thời sinh viên nếu mình có cách định hướng học tốt thì giờ chắc khác nhiều.,5,2020-03-21 22:22:15,35010878,35010880
1005725,"Sách hay, ngưỡng mộ sự nổ lực hết mình trong con đường học hành, sự nghiệp cũng như tấm lòng của bác sĩ. My idol!",5,2020-06-16 14:21:58,35010878,35010880
806167,Quyển sách đáng để đọc vì cuốn sách này mà tui suy nghĩ lại mình. Focus để thành công hơn. Cảm ơn,5,2020-08-24 14:55:34,35010878,35010880
11711203,Sách của idol nên mua ??? Đọc xong cuốn sách biết sao mình dở rồi ???,5,2020-01-19 00:37:22,35010878,35010880
7948359,"Nội dung sách hay! Đóng gói cẩn thận, giao nhanh (cực kì hài lòng với cả sách và dịch vụ của Tiki)",5,2020-08-07 16:13:01,35010878,35010880
20163704,Rất hài lòng,5,2021-02-05 09:18:46,35010878,35010880
5406509,Bạn sẽ phiêu cùng tác giả với sự liên tục thanh đổi lựa chọn trên sự nghiệp của anh ấy.,5,2020-08-20 13:54:37,35010878,35010880
945720,"Sách hay, tác giả kể lại hành trình của mình trên đất Mỹ.",5,2020-01-15 11:28:35,35010878,35010880
17233150,"Tôi đã đọc xong cuốn này. Bs có lối viết giản dị, chân thành. Thật cảm phục và ngưỡng mộ bs !",5,2020-05-17 22:17:02,35010878,35010880
126868,,5,2021-02-06 23:32:28,35010878,35010880
1412,Các bác nên đọc nội dung liên quan đến khoá CĐHA ....,5,2020-01-05 05:26:57,35010878,35010880
1482093,,5,2021-01-25 23:18:23,35010878,35010880
13571011,lần đầu đặt hàng TiKi. Hàng giao nhanh - sách đẹp . Hà chuẩn bị đặt tiếp mặt hàng khác. rất cám ơn TiKi,5,2020-02-09 14:25:08,35010878,35010880
16272240,"Sách hay về bác sỹ Trần, rất rõ ràng về mục tiêu",5,2021-02-24 02:44:37,35010878,35010880
1334975,Cuốn sách rất hay lại bổ ích.Mong có nhiều tác phẩm hay hơn nữa,5,2020-11-11 18:39:23,35010878,35010880
17469767,"sản phẩm đẹp như hình. đóng gói cẩn thận, chắc chắn. shiper nhiệt tình, thân thiên",5,2020-06-10 18:12:51,35010878,35010880
19200072,Rất bổ ích cho các bạn sv khối ngành sức khỏe,5,2021-02-10 11:32:20,35010878,35010880
7568388,"Cực kì thích cuốn này, mong đợi các quyển tiếp theo của doctor Wynn.",5,2020-08-27 22:49:34,35010878,35010880
177359,"Tiki lm việc rất chuyên nghiệp, m nhận sách sớm 1 ngày . Sách hay và ý nghĩa",5,2020-07-06 23:10:50,35010878,35010880
14268470,rất hài lòng về sản phẩm. đúng hẹn và đúng sản phẩm . được kiểm tra hàng trước khi nhận ! thank you shop,5,2019-10-18 13:25:04,35010878,35010880
2092569,mặc dù không dược nhận chữ ký của bác sĩ Wynn nhưng cũng vui vì được chia sẻ những thông tin bổ ích,5,2019-11-12 11:41:06,35010878,35010880
8097297,Sách viết rất hay và tạo cho tôi niềm thích thú với y học. Thật ngưỡng mộ Bs Huỳnh Wynn Trần.,5,2019-12-31 20:44:16,35010878,35010880
17531660,Quyển sách phù hợp cho những ai có định hướng học y tại mỹ,5,2020-08-20 16:48:13,35010878,35010880
126636,"Sách rất, rất hay luôn, truyền cảm hứng, động lực giúp bạn đi tìm và thực hiện ước mơ của mình.",5,2019-10-17 11:14:58,35010878,35010880
6944765,"Cảm ơn tác giả ,cảm ơn tiki đã đóng gói đẹp cẩn thận, nhận sách rất thích ❤",5,2020-02-27 23:07:06,35010878,35010880
7631137,"Giá hấp dẫn, hàng hóa chất lượng",5,2021-01-21 14:33:33,35010878,35010880
589651,Cuốn sách rất hay và truyền cảm hứng,5,2020-12-12 10:35:48,35010878,35010880
7215325,cám ơn Bác sĩ Huỳnh ạ !,5,2021-03-17 22:00:44,35010878,35010880
14924758,"sách đẹp, in rõ ràng lần sau ủng hộ nữa",5,2020-10-25 23:14:13,35010878,35010880
2081359,"Hay và thiết thực, có nhiều thông tin thú vị về nghi lực và học hỏi",5,2020-03-20 00:27:46,35010878,35010880
189132,"Sách giống hồi ký, văn phong đơn giản dễ hiểu, nhiều cảm hứng",5,2020-04-21 13:23:48,35010878,35010880
9093768,"Sản phẩm tốt, giao hàng nhanh",5,2021-01-11 17:58:41,35010878,35010880
8851895,rất hay và ý nghĩa,5,2021-03-19 15:15:16,35010878,35010880
14529402,"tiki giao hàng nhanh hơn dự kiến, sách mới tinh, ko 1 vết trầy xước. Mình rất hài lòng",5,2019-10-21 17:32:19,35010878,35010880
7201105,Cuốn sách hay ! Cảm ơn tâm huyết tác giả,5,2020-09-05 13:40:33,35010878,35010880
13832070,Sản phẩm tốt,5,2021-03-21 00:25:28,35010878,35010880
7322286,Sách đẹp và hay,5,2021-03-04 12:36:25,35010878,35010880
10669648,Tiki giao hàng nhanh nhưng không hài lòng về cách đóng gói Sách thì hay lắm,5,2020-01-09 13:19:59,35010878,35010880
70158,"ý nghĩa, dễ đọc. mẹ mình nghe youtube của anh này xong kêu mua sách luôn. nên mua",5,2019-11-23 08:35:32,35010878,35010880
14470788,thuong bac si wyynn,5,2021-02-26 10:11:20,35010878,35010880
7406823,"Tốt, giao hàng nhanh",5,2021-01-11 21:56:27,35010878,35010880
5794820,Sách rất hay mình biết đến do hay nghe bài thuyết trình của bs Wyn Tran trên youtube,5,2019-10-18 09:50:01,35010878,35010880
12676303,Rất hài lòng,5,2021-01-30 10:26:34,35010878,35010880
8091416,,5,2021-05-03 10:42:08,35010878,35010880
20139006,,5,2021-04-28 06:23:49,35010878,35010880
2114838,,5,2021-04-18 11:36:13,35010878,35010880
8968383,Quyển sách rất hay đặc biệt cho các bạn trong ngành Y,5,2020-03-18 17:37:24,35010878,35010880
7576957,,5,2021-04-12 10:16:45,35010878,35010880
411385,,5,2021-04-12 06:22:37,35010878,35010880
1255909,sách đẹp,5,2021-01-30 15:15:08,35010878,35010880
8006602,,5,2021-04-06 20:23:29,35010878,35010880
7297464,,5,2021-04-01 10:46:20,35010878,35010880
19885841,Tuyêt vời,5,2021-01-19 22:32:03,35010878,35010880
7912016,,5,2021-03-26 10:37:50,35010878,35010880
1168826,,5,2021-03-23 19:55:03,35010878,35010880
5609956,Good,5,2021-02-27 12:52:33,35010878,35010880
5913269,,5,2021-03-21 19:26:45,35010878,35010880
11150902,,5,2021-03-21 15:29:33,35010878,35010880
17858892,,5,2021-03-19 02:04:59,35010878,35010880
14314096,,5,2021-03-17 07:32:37,35010878,35010880
19635807,Sách hay,5,2021-01-21 12:34:13,35010878,35010880
624173,,5,2021-03-11 22:41:53,35010878,35010880
15667308,,5,2021-03-11 17:35:34,35010878,35010880
1893897,,5,2021-03-09 13:14:40,35010878,35010880
20506881,,5,2021-03-05 23:58:20,35010878,35010880
17611125,,5,2021-03-04 12:02:23,35010878,35010880
401657,,5,2021-03-02 11:12:08,35010878,35010880
5285291,,5,2021-02-28 14:53:50,35010878,35010880
8899192,,5,2021-02-27 11:45:38,35010878,35010880
6304013,,5,2021-02-24 09:56:12,35010878,35010880
434851,,5,2021-02-24 08:38:45,35010878,35010880
5996843,,5,2021-02-22 06:40:34,35010878,35010880
11496151,,5,2021-02-21 12:10:20,35010878,35010880
1180761,,5,2021-02-20 22:29:57,35010878,35010880
1264228,"Sách viết về nhà văn Nhất Linh, linh hồn của nhóm Tự lực văn đoàn đầu thế kỷ 20, cũng là chính trị gia Nguyễn Tường Tam, do con trai ông là tác giả, nhà văn Nguyễn Tường Thiết chắp bút kể về người cha kính yêu của ông. Sách tư liệu giá trị, thiết kế in ấn đẹp mắt.",5,2022-07-10 01:46:29,57117716,57658264
2131347,mình mua tặng bố nên ko có ảnh nhưng sách gói ghém trong bọc nylon kĩ càng. ko có gì để chê về hình thức cả,5,2021-05-20 10:28:39,57117716,57658264
445300,,5,2021-07-06 19:47:40,57117716,57658264
14811567,,5,,57117716,57658264
1196452,,5,2021-02-02 20:05:39,57117716,57658264
6852040,,5,2021-01-03 21:05:49,57117716,57658264
8749402,,5,2020-12-21 08:45:39,57117716,57658264
471325,,5,2020-12-07 20:50:05,57117716,57658264
392659,,5,2020-10-25 10:50:47,57117716,57658264
535584,,5,2020-09-24 20:35:36,57117716,57658264
5299617,,5,2020-09-22 19:04:44,57117716,57658264
65915,,5,2020-09-21 09:58:04,57117716,57658264
351934,,5,2020-09-13 18:32:13,57117716,57658264
15558171,,5,2020-07-28 20:50:42,57117716,57658264
1285346,,4,2021-03-15 10:14:53,57117716,57658264
19565030,,4,2021-02-24 01:07:25,57117716,57658264
149531,"Bìa cứng sách khổ to và nặng,nhưng bù lại nội dung quá hay trên cả tuyệt vời cho những người làm kinh doanh",5,2021-11-15 15:42:35,75376744,127524432
10338853,Ok,5,2022-01-26 19:24:17,75376744,127524432
5369607,Excellent book for who wanna know about Rockefeller biography deeply.,5,2022-01-13 19:49:14,75376744,127524432
1763662,,5,2022-03-17 17:26:36,75376744,127524432
6444713,,5,2022-01-12 11:59:16,75376744,127524432
18025738,"Một cuốn sách ko nên bỏ qua. Mình đã đọc rồi nhưng vẫn muốn mua lại làm kỉ niệm. Sách nhỏ gọn vừa tay cầm, thiết kế giản dị như cuốn nhật ký ngày xưa. Cuối sách có hình ảnh tư liệu đen trắng về nữ Anh hùng liệt sĩ Đặng Thùy Trâm. Dịch vụ Tiki tốt, giao hàng nhanh, đóng hộp cẩn thận. Thanks!",5,2021-09-10 19:32:02,4255309,4255311
18097823,"Giao hàng chậm hơn dự kiến, cũng ko có gì quá quan trọng vì dịch bệnh mà. Còn về hình thức thì đóng gói hộp rất oke, ko bị móp, bên trong dù ko có bọc chống sốc nhưng sách cực kì nguyên vẹn, sách mới bóng loáng luônnn. Nhìn đã gì đâu. Sau khi áp mã giảm và Tiki xu thì cuốn này chỉ có 32k 🥰 quá là ưng. Sách này mình biết trong lúc học chuyên Văn, bạn bè cùng lớp chuyên giới thiệu, phải canh sale mấy tháng trời để hốt nó về. Cũng có thể nói đây là cuốn sách giúp bạn hiểu rõ hơn về chiến tranh và giúp ích trong các dẫn chứng khi lập luận (vì mình thấy có nhiều điều mình áp dụng được vào bài văn cũng như kiến thức chuyên sâu về Văn). Sách Nhã Nam toàn hayyyy ko á, Tiki phải gọi là Best về sách và cả về Tiki xu nữaaaa, nhờ Tiki xu mà mình mua dc giá khá hờiiii. Cuốn này với “Lược sử tương lai” tổng chỉ có 98k ♥️ một đứa học sinh cấp 3 yêu sách như mình thì vậy đã là quá vui!!!",5,2021-08-22 04:13:09,4255309,4255311
14403378,"Cuốn sách mà mỗi chúng ta nên có và nên dành một góc cao quý nhất trên giá sách. Nhật ký là nơi ta được sống chính mình và những dòng của bác sĩ Đặng Thuỳ Trâm đã cho t thấy chân thực nhất cái ác liệt, tàn bạo của chiến tranh. Nhưng giữa đạn bom khói lửa là một cô gái với lòng trắc ẩn, tình thương, tình yêu hoà bình, một cô gái giỏi giang và có lý tưởng sống riêng. Phần cuối có phụ lục hình ảnh. Mua được giảm khoảng 40% so với giá bìa Mua vào đợt dọn kho nhưng được xác nhận đơn nhanh. Giao trong chưa đầy 24h dù là ngoại thành Đọc thêm review tại đây https://instagram.com/minhlimdocsach?igshid=YmMyMTA2M2Y=",5,2021-12-29 21:49:29,4255309,4255311
7144954,"Sách về đẹp lắm ạ rất ưng luôn, nội dung thì khỏi phải bàn chỉ là một quyển sách kiểu tổng hợp lại hai cuốn Nhật ký mà chị Trâm đã viết thôi nhưng đọc đó mình cảm nhận phần nào sự tàn khóc của chiến tranh , trong thời gian đó con người hầu như lúc nào cũng cận kề với cánh cửa sinh tử dầu vậy khi đọc mình luôn cảm thấy tinh thần lạc quan của họ trong mọi hoàn cảnh...",5,2021-01-19 22:18:22,4255309,4255311
19017319,"Đã đọc online lâu rồi nhưng muốn ủng hộ tác giả và nhà phát hành, cảm ơn tiki sách mới k bị lỗi gì hết.",5,2021-05-24 12:15:09,4255309,4255311
8006952,"Bìa sách đẹp, tuy hơi nhỏ. Nhưng mà cách gói hàng của Tiki dễ làm người ta hết hồn, may mà sách không sao",5,2022-01-02 08:21:59,4255309,4255311
13902198,"Mình được nghe về quyển sách này lâu lắm rồi nhưng nay mới hữu duyên được tiếp nhận. Về hình thức: Sách rất đẹp, thẳng, không trầy xước, không bung gáy, chất liệu giấy đẹp. Sách dày hơn 290 trang. Về giao hàng: Tiki xử lý đơn cực kỳ thần tốc. ""Nhất cự ly, nhì tốc độ"". Về việc này các bên khác phải nhường Tiki một bước! Về nội dung mình xin review sau khi đã đọc và cảm nhận xong. Chúc các bạn đọc sách vui. Cảm ơn Tiki và cộng sự!",5,2020-10-18 00:29:28,4255309,4255311
19698023,nhân ngày 1/6 mình mua tặng mẹ vì mẹ rất thích đọc sách lịch sử chiến tranh VN Cuốn này tái bản nhưng sẽ là ấn bản gần đầy đủ so với bản trước đó mình mượn về đọc.,5,2021-06-02 17:31:57,4255309,4255311
16782610,"Sách đẹp do Nhã Nam xuất bản. Sách giúp người trẻ chúng ta hiểu được nhiệt huyết tuổi trẻ thời chống Mĩ, cảm nhận rõ nét bầu không khí ngột ngạt, nguy hiểm của chiến tranh nhưng cũng khắc sâu trong ta một tâm hồn thánh thiện.",5,,4255309,4255311
621107,"Một cuốn nhật kí nhặt được bên xác của một nữ *** đã suýt bị người lính Mỹ ném vào lửa, nhưng người phiên dịch đã khuyên anh ta nên giữ lại vì ""trong đó có lửa"". Nhật kí Đặng Thùy Trâm là những ghi chép hàng ngày của một người nữ bác sĩ về cuộc sống của chị nơi chiến tuyến. Cuốn nhật kí là thế giới riêng của người trí thức nhạy cảm mà không yếu đuối, tha thiết với cuộc sống mà không hề sợ hãi trước những gian nan. Ở đó ta vẫn gặp những băn khoăn trăn trở trước tình yêu, trước cuộc sống phức tạp hàng ngày, những nỗi buồn, nỗi nhớ nhung, sự cô đơn của một người con gái, nhưng đồng thời chúng ta cũng thấy được một ý chí mãnh liệt, những lời nói tự động viên cảnh tỉnh, một lòng can đảm phi thường - những điều đã làm nên một thế hệ anh hùng.",5,2021-10-18 20:08:50,4255309,4255311
18005527,"Mình nhớ cách đây 4-5 năm cũng đã mua quyển này một lần trên Tiki rồi! Tuy nhiên lúc ấy chỉ đọc được một chút là sau đó sách đã mất. Bây giờ có dịp mua lại. Nếu được bọc thêm bìa plastic thì tốt tuy nhiên sách vẫn rất tốt, không ảnh hưởng gì đến chất lượng bên trong. Còn về nội dung, Nhật kí của Đặng Thuỳ Trâm thì không cần giới thiệu nữa rồi! Rất tuyệt vời ?, xuất sắc! Bố mình cũng rất thích sách của chị. Thi thoảng thường nhắc về chị Trâm và quê hương Quảng Ngãi thân thương lúc nhỏ của ông nội mình ❤️.",5,2021-07-18 05:45:19,4255309,4255311
1874382,"sách chất lượng, nội dung hay",5,2021-09-23 10:13:04,4255309,4255311
7595832,"Một bác sĩ trẻ đọc những dòng chữ nhiệt huyết, những niềm vui nỗi buồn của một bác sĩ trẻ. Một cô gái trẻ đọc những trăn trở nỗi niềm của một cô gái trẻ. Một con người nhạy cảm đọc những hố sâu hun hút trong lòng của một con người nhạy cảm. Một người thời bình nhưng lòng hỗn mang chiến trận đọc những tâm sự của một người thời chiến nhưng lòng sáng, bình tĩnh như trăng.",5,2022-03-24 12:26:58,4255309,4255311
1454186,"Chân thực, nhưng khá là khó để cảm được tinh thần của nhật ký, vì chiến tranh đã qua rất lâu, và khác biệt thế hệ quá lớn. Nhưng vẫn là 1 cuốn sách có giá trị tham khảo lớn về những năm tháng chiến tranh, những suy nghĩ của thanh niên thời bấy giờ.",5,2021-09-14 09:06:37,4255309,4255311
172185,"""Đau xót biết chừng nào! Không lẽ cuốn sổ này, cứ ghi tiếp mãi những trang đầy máu hay sao?! Nhưng Thùy ơi, hãy ghi đi, ghi cho đầy đủ tất cả những máu xương, mồ hôi nước mắt của đồng bào ta đã đổ hơn 20 năm nay"".Cảm kích trước những hy sinh lớn lao thầm lặng của các cha anh.",5,2020-10-04 17:34:33,4255309,4255311
17933641,"""Đau sót biết chừng nào! Không lẽ cuốn sổ này, cứ ghi tiếp mãi những trang đầy máu hay sao?! Nhưng Thùy ơi, hãy ghi đi, ghi cho đầy đủ tất cả những máu xương, mồ hôi nước mắt của đồng bào ta đã đổ hơn 20 năm nay""",5,2020-08-18 19:07:43,4255309,4255311
2150425,"Đọc mà nhiều lúc thấy rưng rưng nước mắt. Nể và thương những người đã chiến đấu và hi sinh cho Tổ Quốc này. Xin phép trích đoạn thơ trong bài Đất nước của Nguyễn Khoa Điềm - cũng là nằm trong đoạn thơ đã được đưa vào đề thi THPT QG lần 1 năm 2020: ""Nhưng em biết không Có biết bao người con gái, con trai Trong bốn nghìn lớp người giống ta lứa tuổi Họ đã sống và chết Giản dị và bình tâm Không ai nhớ mặt, đặt tên Nhưng họ đã làm ra Đất Nước.""",5,2020-08-22 09:52:41,4255309,4255311
13707468,"Thề là sách rất đẹp, rất hài lòng, mỗi tội hơi ẩu nên góc sách hơi nhăn. 5 sao trừ P/s: ko biết ông shipper nói gì với má tui mà tui bị chửi vậy ??:((",5,2021-10-13 15:47:20,4255309,4255311
15084302,sách đẹp ok ạ tiki giao hàng siêu nhanh mãi ủng hộ,5,2020-01-31 19:06:46,4255309,4255311
5223543,"Về nội dung thì mình đã đọc cách đây 2 năm nhưng muốn mua lại để tặng cho người quen, thật không ngờ tiki giao hàng nhanh đến vậy, chưa đầy 12h từ lúc đặt mặc dù mình chọn chế độ giao hàng là chế độ tiêu chuẩn",5,2021-05-05 09:09:19,4255309,4255311
2035405,"rate 5 sao cho dịch vụ, về nội dung thì mình hụt hẫng một tẹo, vì mới đầu tiêu đề sách đã làm mình chú ý, mình nghĩ sẽ gồm những bài thơ tình rất riêng của tác giả, sau mới biết tác giả chỉ viết lại cuộc đời và chuyện tình cảm của Hàn Mạc Tử, và thơ của ổng, kiểu như Đinh Hùng rất mến mộ HMT á, nên cuốn sách này như viết cho HMT vậy đó, với mình sách không hay!",5,2020-08-31 18:02:40,9734633,21582753
7591568,"Sách đẹp, đóng gói cẩn thận. Tiki giao hàng rất nhanh (sớm hơn dự kiến 01 ngày)",5,2020-12-31 16:59:06,9734633,21582753
6831000,,4,2021-01-29 13:23:26,9734633,21582753
