CustomerID,content,star,time_review,BookID,spid
5140909,,5,2026-04-10 15:57:09,7959222,7966343
26475227,,5,2025-12-26 12:08:17,7959222,7966343
7780303,,5,2025-05-22 16:49:27,7959222,7966343
11202148,vẫn ủng hộ sách trên tiki.điểm trừ duy nhất là ko bọc nilong nên n khi nhận sách hơi dơ.,5,2020-03-25 13:01:14,7959222,7966343
7104951,"Nội dung đơn giản,’phù hợp các bé nhỏ, mê sách như mê đồ chơi",5,2020-02-27 14:22:55,7959222,7966343
13032877,"Sách hay, đẹp, thú vị, có thể đang cho bé rất nhỏ vì khó bị xé rách",5,2019-12-14 16:10:17,7959222,7966343
12406356,"tuyệt vời, sách đẹp, tính tương tác cao",5,2020-04-25 12:54:58,7959222,7966343
1911245,Bé nhà mình rất thích ❤️ ❤️,5,2020-04-23 13:47:17,7959222,7966343
470084,,5,2020-07-10 19:00:56,7959222,7966343
7688703,,5,2020-06-06 18:53:09,7959222,7966343
12764104,"Sách đẹp, nội dung hấp dẫn. Con trai 2,5t của mình rất thích. Nếu nhiều trang hơn xíu thì ok. Nhưng nhiều nữa sợ hơi nặng nhỉ ???? Ahihihi",4,2019-11-11 14:30:02,7959222,7966343
175166,,4,2020-06-07 15:22:45,7959222,7966343
17451712,"Cuốn sách với những thông tin và hình vẻ màu sắc tươi sáng, phù hợp con trẻ. Rất đáng mua!",5,2024-07-20 11:22:18,4257173,4257213
12296596,"Mình thấy cuốn sách tương xứng vs số tiền bỏ ra mua và bằng chứng là cháu mình (3,5 tuổi) đã rất hào hứng khi đọc. Sách có hình ảnh màu sắc đẹp, nội dung phù hợp vs trẻ nhỏ, giấy in dày dặn, giao hàng rất nhanh và đúng giờ. Sách giới thiệu về các động vật dưới biển kèm theo 1 số thông tin nhỏ, mình nghĩ các bé 4-6 tuổi sẽ rất hứng thú khi đọc cuốn này. Mình sẽ mua tiếp các tập khác của sách này và chọn Tiki để mua!",5,2019-10-01 21:27:15,4257173,4257213
317483,,5,2024-12-21 10:17:01,4257173,4257213
6931245,,5,2024-10-09 12:41:50,4257173,4257213
102100,"Trang sách to,bìa dày, hình ảnh sinh động, kíchh thích sự tìm hiểu của trẻ",5,2020-03-01 15:12:40,4257173,4257213
1088094,"Sách đẹp, chất lượng ảnh và giấy in quá tuyệt vời, con mình 5 tuổi cực kì thích sách này.",5,2019-11-25 11:57:49,4257173,4257213
5095962,"Sách hay, đáng giá tiền, chất lượng giấy tốt, bé nhà mình rất thích!",5,2019-12-31 15:54:27,4257173,4257213
5207197,"san pham tot, dung chat luongsan pham tot, dung chat luongsan pham tot, dung chat luongsan pham tot, dung chat luong",5,2020-07-09 14:41:26,4257173,4257213
6493538,"mình nhận được hàng sơm hơn dự kiến. Sách đẹp, hình vẽ sống động. Chắc là các cháu mình sẽ thích lắm đây.",5,2019-11-01 10:40:59,4257173,4257213
1420694,Đã nhận hàng Chưa đọc nên chưa biết thế nào nhưng nhìn cách trình bày thì ấn tượng quá,5,2019-11-25 07:31:37,4257173,4257213
5466701,Nhóc 4 tuổi ở nhà rất thích. Hình vẽ màu nước rất đẹp. Sách đáng mua với.. giá khuyến mãi.,5,2019-05-30 10:17:21,4257173,4257213
15960986,Bao bì đẹp mắt sách không bị cong trầy rách gì cả ! very good,5,2020-02-04 15:28:29,4257173,4257213
5135037,"sách ko được mới lắm, bụi bị quăn ở góc",5,2020-04-16 16:21:24,4257173,4257213
1890222,Sản phẩm rất tốt. Sản phẩm rất tốt,5,2020-04-13 12:41:11,4257173,4257213
793465,giao hàng nhanh chóng. sách rất đẹo. nói chung ưng ý.,5,2020-01-05 13:30:18,4257173,4257213
1741345,Sách đẹp cực kìiiiiiiiiii phù hợp với mọi lứa tuổi,5,2019-12-10 22:13:38,4257173,4257213
706623,,5,2020-11-01 14:39:38,4257173,4257213
13142803,,5,2020-08-23 21:31:30,4257173,4257213
15033193,,5,2020-08-21 10:01:17,4257173,4257213
7871082,,5,2020-08-19 15:04:09,4257173,4257213
5164246,,5,2020-08-09 15:55:17,4257173,4257213
12173705,Đẹp,5,2020-07-02 21:28:31,4257173,4257213
5301790,,5,2020-07-30 01:20:52,4257173,4257213
8073002,,5,2020-07-04 18:15:16,4257173,4257213
1084555,,5,2020-06-10 05:57:15,4257173,4257213
47920,"mình đã mua rất nhiều sách tương tác big book sách khổng lồ, hàng ngày con mình đều lấy sách ra đọc. Xem các nhận xét mình quyết định mua thêm quyển về các loại động vật biển, mở sách ra rất thất vọng, hình vẽ những con cá như quái vật hung dữ xấu xí, ko phù hợp các bé dưới 5 tuổi.",2,2020-01-31 13:44:46,4257173,4257213
9662899,Tôi mua 7 cuốn trong bộ Big Book này cho con và rất ưng ý về cách trình bày nội dung sách. Đáng tiếc là 3 cuốn bị dập mất góc trang đầu trong lúc vận chuyển. Mong rằng Tiki sẽ cẩn thận hơn trong khâu đóng gói và vận chuyển để bảo đảm chất lượng hàng hóa giao cho khách hàng.,4,2018-12-10 11:18:40,4257173,4257213
7218359,"Tiki giao hàng nhanh, hình vẽ màu nước đẹp, tuy nhiên k dc sát thực tế cho lắm. Có thể dưới cái nhìn của trẻ thì có thể chấp nhận được.",4,,4257173,4257213
14206492,Sách đẹp nhưng nội dung k hợp với trẻ con nên bé nhà mình không thích lắm.,3,2020-07-24 12:14:57,4257173,4257213
7536040,"Sách chất lượng tốt, trình bày đẹp. Phù hợp cho trả khám phá. Nhưng giá hơi cao.",4,2020-04-14 19:38:43,4257173,4257213
6016088,sách minh hoạ bằng hình vẽ không phải hình chụp thật làm trẻ khó hình dung đúng với thực tế,3,2019-02-13 09:28:52,4257173,4257213
24748305,Bên ngoài hơi bụi tý nhưng sách đẹp lắm luôn,5,2022-04-01 11:54:50,2449681,2454163
13909037,"sản phẩm như hình ảnh, giao hàng rất nhanh, chất lượng giấy rất ổn, sẽ tiếp tục ủng hộ",5,2022-03-08 21:33:36,2449681,2454163
5834487,Ok,5,2026-05-05 10:07:16,2449681,2454163
926871,Cuốn này là cuôn t2 trong bộ Big Books mình mua Chất lượng sách rất ổn không phải bàn Tiki giao hàng nhanh và bọc cẩn thận,5,2022-03-11 20:30:19,2449681,2454163
7985473,"Sách tốt , hình đẹp",5,2025-04-01 07:52:28,2449681,2454163
2204600,"Tiki đóng sách rất kỹ nhưng gáy sách vẫn bị dập một chút. Nội dung hay, rõ ràng, gắn gọn. Nhược điểm là đã dịch tên của các tinh vân sang tiếng Việt. Hình ảnh to đẹp. Con mình 3 tuổi đọc rất thích, thuộc được khá khá tên luôn rồi.",5,2019-11-15 08:28:25,2449681,2454163
2182010,Ok,5,2022-04-10 19:33:58,2449681,2454163
7177555,Bé rất thíc,5,2022-03-28 18:12:11,2449681,2454163
7922413,,5,2022-04-26 13:23:52,2449681,2454163
8318791,"cuốn sách rất hay và bổ ích chứa đựng nhiều kiếm thức về các hành tinh và vũ trụ, hình ảnh đẹp, sinh động thu hút trẻ em. Mình rất hài lòng về cuốn sách này",5,2018-12-17 21:13:35,2449681,2454163
7738049,,5,2022-03-10 21:05:52,2449681,2454163
449365,"Nội dung đơn giản dễ hiểu, phù hợp cho trẻ em, sách chất lượng tốt",5,2020-02-06 17:14:30,2449681,2454163
1227968,"Sách rất đẹp, chất lượng, xứng đáng với giá thành, nội dung bổ ích cho các bạn nhỏ. Con mình rất thích.",5,2019-01-22 14:34:58,2449681,2454163
8681157,Bé rất thích truyện. Đóng gói tốt. Giao hàng nhanh.,5,2020-03-26 11:21:23,2449681,2454163
21101,Interesting content for children. Recommended for everyone.,5,2020-02-10 08:41:49,2449681,2454163
2118507,"Sách đẹp, to, giấy dày, in sắc nét, rất phù hợp với bạn từ mẫu giáo trở lên.",5,2019-05-11 07:51:30,2449681,2454163
8786679,"sách đẹp. giấy dày dặn, chắc chắn. in đẹp. rất hài lòng. đáng tiền",5,,2449681,2454163
5866572,"Sách to, hình rõ, đẹp. Nội dung phong phú……………………………………..",5,2018-10-30 08:29:45,2449681,2454163
1277836,,4,2025-12-04 13:11:40,2449681,2454163
8904824,Toi moi nhan duoc sach ma khong thay happy. Dat Sach moi ma nhu sach cu de lau ngay. Sach bia cung nhung gay sach da bi deffect. Khong con boc kieng ben ngoai bao ve. Day la lan dau tien toi bi truong hop nay khi dat hang qua Tiki. Hy vong Tiki cai thien de khong lam danh mat long tin cua khach hang.,2,,2449681,2454163
10931305,Kiểm hàng ko kĩ j hết. Mình nhận hàng trong 2h ko phải do vận chuyển r. Buồn tiki ghê,3,,2449681,2454163
7032996,"sách to, xem ok nhưng sẽ phù hợp với bé >3 tuổi :D bé mình còn nhỏ qá xem chưa hiểu gì, nhiều khi mình xem còn ko hiểu. Hình đẹp ^^",4,2019-04-18 09:40:34,2449681,2454163
999983,"Giấy và bìa cứng, nội dung trình bày khá đẹp. Phù hợp với giá cả. Bạn nhỏ nhà mình rất thích.",4,2019-03-07 10:12:29,2449681,2454163
199375,"sách bị rách gốc và lỗi, các trang gấp bị tuột keo, tách rời.",1,2019-11-09 23:35:34,2449681,2454163
14879758,Bìa cứng chắc,5,2025-08-03 08:59:15,10566743,10566744
6491896,"bé nhà mình rất thích, hình ảnh đẹp, đã mua được 2 bộ, sẽ tiếp tục mua về cho bé học và ba mẹ học luôn",5,2019-08-21 10:17:08,10566743,10566744
498284,"Mình mua cho bé gần như nguyên bộ bigbook. Không hiểu sao mua sách của Tiki chưa gặp phải phốt gì không hài lòng. Còn mua những cái khác thì đầu óc vô cùng căng thẳng. Có khi chắc chỉ mua sách thôi, mà mua lần nào cũng ưng cái bụng :)",5,2019-08-04 16:00:12,10566743,10566744
30358336,,5,2025-04-30 17:41:22,10566743,10566744
102100,"Cháu mình học cấp I, mua làm quà rất thích, hình đẹp, trang sách dày, chắc chắn, kích thích sự tìm hiểu của trẻ",5,2020-03-01 15:11:42,10566743,10566744
417291,"Vô tình thấy chị họ của bé có 1 quyển sách gần tương tự như vậy nên mình lật xem thử và quyết định mua cuốn này và 2 cuốn nữa. Phải nói chất lượng sách rất hài lòng, bé nhà mình gần 4 tuổi, bé có thể xem và đặt các câu hỏi về hình ảnh liên quan.",5,2019-08-10 09:34:47,10566743,10566744
9060396,"Sách to, đẹp, cứng cáp. Giao hàng cẩn thận. Nên mua vì sách to. Nhìn rất bắt mắt. Mình giở sách ra mà còn choáng ngợp vì đôj to của nó",5,2020-04-20 23:57:22,10566743,10566744
9625022,,5,2023-11-02 15:40:20,10566743,10566744
1088094,"Sách đẹp, chất lượng ảnh và giấy in quá tuyệt vời, con mình 5 tuổi cực kì thích sách này.",5,2019-11-25 11:58:09,10566743,10566744
8468538,Sách đẹp lắm! Bé nhà mình rất thích,5,2020-04-05 21:36:37,10566743,10566744
1420694,Đã nhận hàng Chưa đọc nên chưa biết thế nào nhưng nhìn cách trình bày thì ấn tượng quá,5,2019-11-25 07:32:02,10566743,10566744
12205,"Hình vẽ sinh động, rất đẹp. có nhiều chú thích bổ ích cho bé.",5,2020-03-09 09:35:24,10566743,10566744
1890222,Sản phẩm rất tốt. Sản phẩm rất tốt,5,2020-04-13 12:41:21,10566743,10566744
132456,Sách giống như mô tả. Chất lượng giấy tốt. Màu sắc in tốt.,5,2019-10-06 12:11:40,10566743,10566744
10533626,,5,2020-07-17 09:15:14,10566743,10566744
1281835,"Con mình 4 tuổi rưỡi và cháu rất thích đọc sách của Đinh Tị ! Đặt 2 cuốn , 1 về động vật và 1 về những chiếc xe tải ! Nhưng chỉ còn cuốn động vật ! Tổng quát : Thông tin hữu ích nhiều ! Hình vẽ đẹp ! Nhưng : vì là hình vẽ nên các bạn nhỏ sẽ ko thể hình dung được dung mạo thật của các con vật ! Một số con bé nhìn ko ra mặc dù bé đã từng xem ! Vì quá nhiều hình ảnh nên sẽ làm các bé nhỏ cảm thấy hơi rối và nhìn bao quát ko hết được !",3,2019-08-13 15:00:21,10566743,10566744
6292041,"Day la Cuốn sách khổng lồ thứ 2 mình mua, con mình rất thích. Suốt ngày ôm sách đọc và đòi đọc. Tiki giao hàng cẩn thận, sách mới đẹp",4,2020-02-14 09:57:00,10566743,10566744
5404597,"Sách dày, đẹp, bé rất thích. Tuy nhiên hình vẽ ko giống thật lắm",4,2019-11-13 17:30:54,10566743,10566744
11415048,sách rất hay. bé rất thích,4,2020-03-01 04:37:43,10566743,10566744
18743801,"Hài lòng, sách cứng, bé quăng ầm ầm cũng chưa rách.",5,2025-10-25 09:53:05,8470210,8470211
1111511,Chất lượng sách tốt,5,2025-10-03 12:03:43,8470210,8470211
716056,"Sách đẹp, dày dặn khó rách. Bé 3-5 tuổi thích lắm",5,2024-05-23 06:25:19,8470210,8470211
10012479,,5,2025-03-05 13:15:07,8470210,8470211
1241765,,5,2024-12-12 02:20:13,8470210,8470211
472485,"Sách cưng. Giao hàng nhanh. Nhân viên giao hàng nhiệt tình. Sách chỉ vài trang thôi. Hình ảnh vui nhộn bắt mắt, rất thú vị",5,2021-04-18 12:08:21,8470210,8470211
28656285,,5,2024-11-08 10:16:56,8470210,8470211
21215695,Nội dung dễ hiểu,5,2023-11-30 09:54:33,8470210,8470211
291364,"Sách rất đẹp, cứng cáp, phù hợp với bé dưới 2 tuổi do hơi ít nội dung. Các bé lớn 3-4 tuổi rất thích do chuyển động đẹp, nhưng sẽ nhanh chán do ít chữ.",5,2020-10-28 16:09:14,8470210,8470211
388871,Sách đẹp hơi ít trang nhưng tương tác tốt. Bé nhà mình lúc nào cũng bố ơi bố biết con gì đằng sau bụi cây ko ?,5,2021-01-29 09:19:23,8470210,8470211
16322266,Sách rất đẹp con mình rất thích,5,2021-06-20 20:53:47,8470210,8470211
7539058,"Bé nhà mình rất rất thích. Sách lật kéo được, nếu biết thể loại sách này sớm hơn, t đã mua nhiều rồi",5,2020-10-07 07:05:46,8470210,8470211
477438,"sách có hình đẹp, màu sắc vui nhộn, bé rất thích",5,2021-06-04 08:30:36,8470210,8470211
21496060,,5,2021-05-11 19:04:58,8470210,8470211
7070683,Nên mua bé rất thích nha các bạn,5,2021-07-05 14:59:48,8470210,8470211
214198,Good!,5,2020-10-21 14:01:53,8470210,8470211
55535,Sách rất đẹp và cứng cáp Bé nhà mình rất thích ???,5,2021-01-08 15:48:05,8470210,8470211
12809708,Sách đẹp bé mình rất thích,5,,8470210,8470211
21364547,bé nhà mình thik lắm. 5 sao,5,,8470210,8470211
10126996,rất thích sách mới đẹp,5,2021-05-28 17:05:28,8470210,8470211
6067016,sách đẹp,5,2020-07-01 07:39:08,8470210,8470211
367409,Bé mình rất thích,5,2021-05-22 22:10:47,8470210,8470211
6998335,"Chất lượng giấy tốt. Nội dung thú vị, hình ảnh đẹp",5,2020-08-09 23:41:20,8470210,8470211
1118983,Sách đẹp. Tiki giao hàng nhanh. Mua sách trên tiki is the best,5,2020-08-05 12:31:37,8470210,8470211
13983906,,5,2021-08-18 14:52:47,8470210,8470211
13759958,"Dách nội dung hay, nhiều màu sắc, thú vị. Mình rất hài lòng",5,2020-05-18 18:54:14,8470210,8470211
7331398,"Sách đẹp, nhiều ảnh động và màu sắc nên bé rất thích",5,2020-05-20 23:01:46,8470210,8470211
231916,,5,2021-07-07 19:38:14,8470210,8470211
15139031,,5,2021-07-03 23:02:22,8470210,8470211
1200359,,5,2021-07-03 16:17:23,8470210,8470211
164299,,5,2021-07-01 14:38:13,8470210,8470211
20144000,,5,2021-06-20 14:24:15,8470210,8470211
7691320,,5,,8470210,8470211
5549129,Tuyệt nhé. Dù dùng nhiều web mua hàng onl nhug tiki số 1 thật ạ,5,2020-03-21 10:53:16,8470210,8470211
1422912,,5,2021-06-10 10:53:36,8470210,8470211
1936560,,5,2021-06-09 08:48:07,8470210,8470211
8415571,Ok,5,2021-05-23 21:44:33,8470210,8470211
1838595,giao nhanh đóng gói kỹ,5,2020-12-20 12:17:15,8470210,8470211
931773,,5,2021-05-26 18:49:02,8470210,8470211
7091530,Màu sắc đẹp. Chất lượng sách tốt. Bé nhà mình rất thích.,5,2020-01-29 14:00:06,8470210,8470211
17707881,sách đẹp bé nhà mình rất thích,5,2020-08-26 13:06:07,8470210,8470211
5466701,Sách cứng cáp. Hình đẹp.,5,2020-10-09 20:46:40,8470210,8470211
6789132,,5,2021-04-14 14:05:44,8470210,8470211
12772535,,5,2021-03-19 14:29:49,8470210,8470211
583827,,5,2021-03-13 11:36:29,8470210,8470211
6275236,,5,2021-02-18 23:42:30,8470210,8470211
574150,,5,2021-01-31 21:41:47,8470210,8470211
953393,Bạn nhỏ rất thích,5,2020-09-09 20:35:16,8470210,8470211
7437023,,5,2021-01-26 09:55:52,8470210,8470211
857727,,5,2021-01-24 14:00:17,8470210,8470211
633665,,5,2021-01-14 22:56:13,8470210,8470211
6277054,,5,2021-01-12 18:55:55,8470210,8470211
32804,,5,2021-01-09 00:40:45,8470210,8470211
18403921,,5,2020-12-26 22:51:04,8470210,8470211
17643000,,5,2020-12-25 20:29:20,8470210,8470211
7613809,,5,2020-12-24 20:57:30,8470210,8470211
1794833,,5,2020-12-21 13:50:52,8470210,8470211
6744355,,5,2020-12-21 01:39:49,8470210,8470211
1012205,,5,2020-12-13 16:36:08,8470210,8470211
300702,,5,2020-12-10 00:46:10,8470210,8470211
499050,sách đẹp,5,2020-09-28 10:00:39,8470210,8470211
331391,"Sách có thiết kế bắt mắt, đẹp, độ tương tác cao, phù hợp giá tiền.",5,2019-06-07 10:08:37,8470210,8470211
1817465,,5,2020-11-18 10:11:54,8470210,8470211
13070482,,5,2020-11-12 19:28:26,8470210,8470211
6268299,"Hài lòng, sách đẹp",5,2020-06-19 19:12:27,8470210,8470211
5720136,,5,2020-11-01 20:36:47,8470210,8470211
10104202,Sách đẹpppppppppppppppppppp,5,2020-05-03 06:45:42,8470210,8470211
681271,,5,2020-10-21 21:10:03,8470210,8470211
1675735,,5,2020-10-20 03:51:49,8470210,8470211
6169005,,5,2020-10-07 09:55:02,8470210,8470211
6368005,,5,2020-10-03 13:23:56,8470210,8470211
2134791,,5,2020-10-01 22:20:21,8470210,8470211
17213283,,5,2020-09-29 07:12:21,8470210,8470211
606724,,5,2020-09-22 22:30:13,8470210,8470211
5095055,,5,2020-09-22 06:06:18,8470210,8470211
10275454,ok,5,2020-09-04 21:54:42,8470210,8470211
18154413,,5,2020-09-16 13:12:54,8470210,8470211
5793728,,5,2020-09-09 12:10:34,8470210,8470211
18095458,,5,2020-09-05 15:53:38,8470210,8470211
10978925,,5,2020-09-03 18:24:04,8470210,8470211
9087500,,5,2020-08-30 00:11:39,8470210,8470211
2138192,hài lòng,5,2020-07-01 17:11:50,8470210,8470211
13142803,,5,2020-08-23 21:30:19,8470210,8470211
10391681,,5,2020-08-11 14:12:18,8470210,8470211
124274,,5,2020-08-05 21:04:09,8470210,8470211
2122177,,5,2020-07-25 23:00:58,8470210,8470211
340134,,5,2020-07-09 19:52:42,8470210,8470211
930783,,5,2020-07-07 23:53:01,8470210,8470211
191595,,5,2020-06-12 18:29:01,8470210,8470211
7688703,,5,2020-06-06 18:53:03,8470210,8470211
7969881,Sách nội dung hay. Nhưng sản phẩm mình nhận không như mong muốn bị rách ở góc và ở mép bị cong lên thế này đây,3,2021-06-14 09:41:15,8470210,8470211
5115890,"sách đẹp , nội dung thú vị , nhưng đắt chỉ có 3-4 trang là hết rồi",4,2024-01-10 15:56:35,8470210,8470211
10426662,"Sách dày, cứng cáp, nhưng chỉ có 10 trang luôn bìa, lúc đầu trên web mô tả 14 trang. Sau khi tôi khiếu nại, 2 lần đầu hứa ghi nhận giải quyết, lần 3 thì lại sửa trên web thành 10 trang và không cho đổi. Tôi không có bằng chứng về việc mình khiếu nại nên sẽ không nói nữa. Quyển sách mấy chục ngàn không lẽ tôi đi làm khó hay nói sai cho các bạn.Tiki làm tôi không hài lòng. Trước đây vẫn thường mua hàng của các bạn, nhưng từ giờ thì không bao giờ. Thật sự thất vọng.",1,2019-05-31 15:27:33,8470210,8470211
7535387,"Sách Chuyển động Trồng trọt đã cũ, mép bìa bị nhàu. Như mua sách cũ vậy.",3,2020-12-30 09:36:39,8470210,8470211
6746505,"Sách đẹp, hấp dẫn và bền tuy nhiên, bé nhà mình lại không thích thể loại sách này lắm bé có vẻ thích những cuốn lật mở nhiều hơn",3,2020-08-05 08:41:21,8470210,8470211
7675215,"Sách it trang quá, nên con mình ko hứng thú lắm giá thi cao hic",1,2021-06-09 14:14:11,8470210,8470211
22288231,Sách nhiều hìn ảnh quá gây rối mắt,2,,8470210,8470211
7976049,"Sách đẹp, bé con thích lắm. Chỉ có điều là ít trang (^.^)",4,2020-10-27 11:39:40,8470210,8470211
11909555,"Sách được ít trang lắm ạ, tuy nhiên hình ảnh màu sắc đẹp",4,2020-09-01 14:00:46,8470210,8470211
10308664,,4,2021-09-11 07:27:34,8470210,8470211
7168011,"Quá đắt, mở ra được có vài trang",3,2020-11-14 08:50:58,8470210,8470211
7933852,,4,2021-05-12 10:00:12,8470210,8470211
21569254,,4,2021-05-05 11:56:54,8470210,8470211
19537535,,4,2020-12-15 15:16:17,8470210,8470211
10165408,Sách hay,4,2020-09-23 13:32:15,8470210,8470211
12299957,,4,2020-11-04 08:44:37,8470210,8470211
18853685,,4,2020-10-16 13:41:36,8470210,8470211
760877,,3,2020-10-16 13:18:10,8470210,8470211
13027871,,4,2020-10-16 12:00:08,8470210,8470211
14748639,,4,2020-10-14 20:07:40,8470210,8470211
6463139,"sách ít trang, dễ bong ra, hình ảnh hơi rườm rà, màu sắc đẹp",3,2019-07-03 13:33:08,8470210,8470211
17728926,,4,2020-07-12 21:29:11,8470210,8470211
10012479,,5,2026-07-19 21:06:27,8470218,8470219
5140909,,5,2026-04-10 15:57:12,8470218,8470219
18743801,Hài lòng.,5,2025-10-25 09:53:07,8470218,8470219
1241765,,5,2024-12-12 02:20:10,8470218,8470219
28656285,,5,2024-08-30 09:17:49,8470218,8470219
20460135,,5,2024-07-05 12:28:25,8470218,8470219
5483382,,5,2023-11-11 20:58:23,8470218,8470219
6320908,"Pé cực kỳ thích cuốn này, nhưng nội dung tương đối ít ko thành câu chuyện, nên ko có gì để kể cho pé ngoài việc cho pé nhìn hình và kéo đẩy theo hướng dẫn của sách",5,2020-04-20 11:09:52,8470218,8470219
2122177,"Sách hay, màu sắc bắt mắt, thiết kế sáng tạo, giúp các bé cảm thấy hứng thú hơn.",5,2020-07-25 23:00:35,8470218,8470219
7091530,Sinh vật phong phú. Cha mẹ có thể dạy con đặc điểm và tên các loài sinh vật biển. Bé nhà mình rất thích.,5,2020-01-29 13:59:04,8470218,8470219
11202148,vẫn ủng hộ sách trên tiki.điểm trừ duy nhất là ko bọc nilong nên n khi nhận sách hơi dơ.,5,2020-03-25 13:01:21,8470218,8470219
7951058,"Chưa lần nào mua sách ở Tiki mà lần này lại dính sách lởm như thế này. Sách thì cũ, bìa giấy thì nát, sờn mép, bung bét lại còn bẩn. aaaaaaa, mua tặng sinh nhật cho cháu mà như này thì ai dám tặng. Không ngờ Tiki không có quy trình kiểm định hàng trước khi giao cho khách. Như cmt bên dưới quả thật chính xác. Nội dung và hình thức + số trang ko tương xứng với giá. Nội dung quá đơn giản ít giá trị, hình thức tương tác đơn điệu ko hấp dẫn bé nhà mình. Số trang ít. Giá thì đắt, chất lượng không tương xứng giá tiền. Mong được hoàn tiền.",1,,8470218,8470219
10820288,sách đẹp. thú vị. hấp dẫn trẻ nhỏ,5,2020-08-02 12:17:47,8470218,8470219
6275236,,5,2021-02-18 23:42:24,8470218,8470219
17780530,,5,2021-01-10 15:38:18,8470218,8470219
11439246,Bé khá thích,5,2020-10-05 22:10:54,8470218,8470219
373241,"Sách dày dặn, in sắc nét, bé nhà mình rất thích. Sẽ tìm mua vài quyển cùng bộ nữa!",5,2019-04-12 09:07:35,8470218,8470219
1012205,,5,2020-12-13 16:36:03,8470218,8470219
10282568,,5,2020-12-05 10:00:13,8470218,8470219
6067016,,5,2020-10-26 11:00:10,8470218,8470219
10546282,,5,2020-10-14 11:01:22,8470218,8470219
10463455,,5,2020-10-10 20:02:04,8470218,8470219
15558487,,5,2020-10-05 10:21:20,8470218,8470219
7723192,,5,2020-09-21 10:46:50,8470218,8470219
2138192,hài lỏng,5,2020-07-01 17:11:40,8470218,8470219
442935,,5,2020-08-20 18:34:29,8470218,8470219
7871082,,5,2020-08-19 15:05:53,8470218,8470219
11353297,,5,2020-08-06 14:15:16,8470218,8470219
10959611,,5,2020-07-22 14:38:31,8470218,8470219
13396,"Giao sách cũ!mở ra chưa gì bị rách, sờ, cũ!quá tệ!",1,2020-04-07 09:07:24,8470218,8470219
2234077,"sách ít trang nhưng màu tươi vui. thao tác di chuyển hình dễ dàng, ko bị cứng. trang sách dày. tuy nhiên vì là sách giảm giá nên trang cuối rách chút đỉnh, hên là giấy dày nên vẫn xài được",4,2020-03-31 10:02:43,8470218,8470219
1134563,"Nội dung và hình thức + số trang ko tương xứng với giá. Nội dung quá đơn giản ít giá trị, hình thức tương tác đơn điệu ko hấp dẫn bé nhà mình. Số trang ít.",2,2019-07-16 12:58:54,8470218,8470219
6268299,Lần đầu tiên mua sách ở Tiki mà sách bị bong gáy. Không hài lòng,2,2020-06-22 21:38:15,8470218,8470219
5120606,"Sách khá ít trang và phần tương tác không nhiều, bù lại màu sắc đẹp và giấy chất lượng tốt.",4,2019-10-04 18:25:09,8470218,8470219
7869108,,4,2020-11-12 12:55:02,8470218,8470219
14748639,,4,2020-10-14 20:07:49,8470218,8470219
6440662,hơi ít trang,4,2020-06-25 17:42:54,8470218,8470219
6806410,"*** Kèm link âm thanh cho mọi người trải nghiệm. Được nghe truyện, tối tắt đèn kể trước ngủ, các bạn nhỏ nằm im re nghe. Lại không cần bật smartphone lên xem, mà chăm chú nhìn vào hình chiếu bóng. 2 bé ở nhà bỏ đt, đọc sách, mừng ghê nơi. Đọc sách sáng tạo, giúp con xa smartphone.",5,2020-10-22 16:40:30,38417459,38417460
2213786,"Sản phẩm sách chiếu bóng của Đinh Tị thì mình quá ưng r, chỉ luôn chờ sale để mua thôi =)) , sách có song ngữ anh việt, còn có cả mã QR là file audio đọc truyện. Quá tuyệt vời. Mong Đinh Tị sẽ ra thêm nhiều đầu truyện hơn nữa cho mảng sách chiếu bóng này",5,2021-02-01 09:32:39,38417459,38417460
1954692,"Hồi tôi còn nhỏ có lần má dẫn tôi đi coi chiếu bóng ngoài ủy ban xã, từ chiều má đã giục tôi ăn cơm tắm rửa để tối cả nhà kéo nhau ra đó, xem chiếu bóng thời ấy như một ngày hội thật sự người già trẻ con, nam thanh nữ tú hồi hộp theo từng cảnh chiếu phim lưu động. Những ngày tháng bé thơ ấy thực sự là những kỷ niệm tuyệt vời đong đầy trong ký ức tôi đến mãi sau này, tôi chẳng thể nào quên được cảm giác tò mò ngơ ngác của những đứa trẻ nơi làng quê nghèo xơ xác, trẻ con giữa thời đại mà mọi thứ phát triển vũ bão như bây giờ thật chẳng thiếu bất cứ điều gì. Nhưng cái gì cũng có mặt lợi và mặt hại, tôi không cấm con tiếp cận với điện thoại hay internet nhưng tôi biết cái gì nên hạn chế, tôi không muốn nhìn con gái bé xíu mắt đã đeo đôi kính cận dày cộp hay cứ mải mê với youtube xem phim hoạt hình. Tôi muốn giữ cho tuổi thơ con trong trẻo và hồn nhiên, tôi muốn nhìn con lớn lên theo cách tự nhiên như tôi ngày xưa. Hàng tuần niềm vui của hai cha con là được đi nhà sách, dù con còn bé tôi vẫn muốn bé tiếp cận với những quyển sách đầy ý nghĩa, được đọc sách cho con nghe là thói quen mỗi ngày, là niềm vui bé nhỏ sau một ngày dài bôn ba ngoài xã hội tôi muốn mình góp mặt trong hành trình khôn lớn cùng con. Hôm rồi vô tình trông thấy những quyển sách cinema book này trên Tiki được giảm giá rất mới mẻ nên đã mua thử về cho con gái xem, khi chiếu cho con gái xem quả thực tôi vô cùng xúc động cảm giác như kỷ niệm của 30 năm trước chợt ùa về, tôi thấy tuổi thơ mình đang trở lại trong hình hài bé nhỏ của con. Con gái hào hứng và háo hức theo dõi những trang sách chiếu trên tường kèm giọng đọc kể chuyện thật du dương, quyển sách như chiếc chìa khóa kì diệu mở ra những cánh cổng đưa con đến vùng đất thần tiên, nó khơi dậy những giác quan tiềm ẩn trong con. Con gái thỏa thích đắm chìm trong những câu chuyện cổ tích quen thuộc với bao thế hệ, được tiếp cận văn học đọc theo cách mới mẻ và độc đáo, bé ghi nhớ lâu hơn những tình tiết trong sách, những hình vẽ tỉ mỉ trong từng trang sách hiện lên thật đẹp đẽ thu hút cả với tôi – người đàn ông đã qua tuổi nhi đồng từ lâu lắc. Với tôi sách luôn là suối nguồn tri thức bất tận của tâm hồn, dù thế giới có thay đổi đến đâu tôi vẫn giữ nguyên sở thích đọc và thói quen lần giở từng trang sách như xưa, cảm giác lắng đọng lòng mình theo từng con chữ thật thú vị và giúp tâm hồn thêm tĩnh lặng. Tôi thấy hạnh phúc khi nhận ra con gái cũng bắt đầu yêu thích sách, dù con vẫn chưa biết đọc nhưng cảm giác háo hức khi được ba mẹ mua tặng những quyển sách vẫn làm tôi thấy vui, trẻ con là mầm xanh nhỏ xíu tính cách được nuôi dưỡng chăm chút kỹ từ nhỏ sau này chắc chắn sẽ thành một cây xanh tươi tốt. Tôi chọn cho con thật nhiều sách có ảnh minh họa sinh động cho bé dễ tiếp thu, những quyển sách như rạp chiếu bóng trong nhà bổ trợ rất nhiều cho tôi khi muốn truyền cảm hứng yêu sách cho con. Tuổi thơ con rồi sẽ đi qua không bao giờ trở lại tôi muốn cùng con gìn giữ nó thật nâng niu bởi tôi biết thời gian như chuyến tàu tốc hành một đi không trở lại, tôi muốn mình bên con trong suốt những năm tháng tuyệt vời này, tôi muốn dệt nhiều yêu thương cho tuổi thơ con mãi đẹp. Và những quyển sách đã được kiểm duyệt kỹ càng với nội dung chọn lọc của Tiki sẽ là người bạn đồng hành đáng tin cậy cùng tôi nâng cánh ước mơ con từ nay và mãi mãi về sau.",5,2020-10-18 17:59:35,38417459,38417460
26794009,Rất tuyệt vời nhưng hơi bị quá ngắn gọn. Chất lượng tốt nên nếu nội dung có dài xíu và giá cao xíu vẫn có thể mua được.,5,2022-02-24 11:54:08,38417459,38417460
7616465,Sách đẹp và rõ chữ. Có song ngữ cho các bé rất tiện. Khi chiếu bóng lên đẹp và dễ tạo hứng thú cho bé.,5,2022-06-09 00:19:27,38417459,38417460
48283,Đã nhận được sách. Cảm thấy hài lòng. Bạn nhỏ nhà mình rất thích đọc truyện chiếu bóng,5,2021-07-04 21:17:12,38417459,38417460
820924,Sách mua trên tiki giá rẻ hơn 30% so với giá niêm yết ngoài nhà sách. Đóng gói và giao hàng của Tiki thì khỏi nói rồi Seri gồm nhiều cuốn mình đang săn nua từ từ :D,5,2020-02-06 11:56:32,38417459,38417460
5235982,Câu chuyện quá quen thuộc nay được kể dưới dạng chiếu bóng bằng cách chiếu hình lên tường và đọc nội dung kèm theo.,5,2020-10-29 15:53:52,38417459,38417460
819363,"Thú vị. Bé nhà mình thích. Tuy nhiên, nội dung hơi sơ sài so với chuyện gốc. Đọc cho bé 3t thì hơi khó hiểu, mẹ cần giải thích thêm",5,2021-07-30 17:00:02,38417459,38417460
1487379,"Sách lạ, lần đầu mình đọc sách này. Bé rất thích thú khi đọc. Có điều nội dung tóm tắt nhiều quá.",5,2020-10-27 21:04:50,38417459,38417460
889305,Đóng gói tốt. Giao hàng nhanh,5,2021-02-09 11:47:43,38417459,38417460
329149,"Sản phẩm tốt, đóng gói cẩn thận tuy nhiên giao hàng hơi lâu! Tiki hỗ trợ thì vẫn nhiệt tình :) em bé nhà m rất thích truyện này!",5,2020-04-04 17:32:43,38417459,38417460
13334969,Sản phẩm hay rất thú vị phù hợp đọc sách cho bé rất hứng thú,5,2020-04-12 15:40:59,38417459,38417460
27213389,Bé nhà mình rất thích!,5,2022-04-26 10:18:27,38417459,38417460
6346876,,5,2022-06-22 00:06:45,38417459,38417460
20443329,,5,2022-05-18 22:01:06,38417459,38417460
26959600,,5,2022-05-05 23:12:14,38417459,38417460
23422002,,5,2022-03-02 15:47:36,38417459,38417460
59230,Sách đẹp,5,2021-12-18 13:02:03,38417459,38417460
6921067,sách hay,5,2022-01-02 15:16:24,38417459,38417460
1257418,,5,2022-02-19 13:56:16,38417459,38417460
17018274,Sách đẹp. Bé nhà m rất thích,5,2021-07-02 14:07:20,38417459,38417460
5155306,,5,2022-01-13 19:47:20,38417459,38417460
5423053,,5,2022-01-06 08:26:58,38417459,38417460
20314428,,5,2022-01-05 14:45:26,38417459,38417460
11313396,,5,2021-11-02 22:50:44,38417459,38417460
12956171,,5,2021-10-30 14:16:28,38417459,38417460
7539058,Tuyệt vời,5,2021-08-05 09:00:18,38417459,38417460
694641,,5,2021-10-04 23:55:46,38417459,38417460
16631463,good,5,2021-09-11 08:50:03,38417459,38417460
21899833,,5,2021-08-31 16:04:51,38417459,38417460
6569202,giọng đọc truyền cảm,5,2021-03-03 21:19:28,38417459,38417460
363147,,5,2021-08-16 00:13:23,38417459,38417460
5783130,,5,2021-08-12 16:11:42,38417459,38417460
17658442,Hàng dùng ok,5,2021-05-19 09:57:28,38417459,38417460
12593999,,5,2021-06-08 18:23:51,38417459,38417460
7128500,,5,2021-05-29 11:39:34,38417459,38417460
8876608,,5,2021-05-28 14:13:57,38417459,38417460
5550763,ok,5,,38417459,38417460
326778,Sách đẹp,5,2021-02-25 12:58:18,38417459,38417460
504894,,5,2021-05-06 13:17:43,38417459,38417460
592736,,5,2021-05-01 22:54:14,38417459,38417460
20333328,,5,2021-04-27 11:36:46,38417459,38417460
19444915,,5,2021-04-26 20:01:23,38417459,38417460
5569595,,5,2021-04-22 16:37:27,38417459,38417460
909404,,5,2021-04-21 21:50:02,38417459,38417460
1144954,,5,2021-04-18 10:34:51,38417459,38417460
5464516,,5,,38417459,38417460
761937,,5,2021-04-10 13:03:07,38417459,38417460
20723562,,5,2021-04-09 12:43:03,38417459,38417460
1562329,,5,2021-04-06 10:08:29,38417459,38417460
1551385,,5,2021-03-27 19:39:22,38417459,38417460
340134,,5,2021-03-26 11:14:17,38417459,38417460
1801372,Mấy đứa nhỏ mê lắm,5,2020-09-20 11:29:28,38417459,38417460
17383971,,5,2021-02-24 19:30:32,38417459,38417460
11143014,Sách ổn. Hình đẹp và sách có bìa chắc chắn,5,2020-03-27 10:37:19,38417459,38417460
10352719,,5,2021-02-19 12:28:38,38417459,38417460
36527,,5,2021-02-17 15:38:36,38417459,38417460
846915,,5,2021-02-14 11:33:27,38417459,38417460
1479180,,5,2021-02-10 13:35:53,38417459,38417460
199985,,5,2021-02-01 16:06:34,38417459,38417460
295331,"Sách đẹp, các câu thơ hay, bé nhà mình rất thích.",5,2020-02-01 20:50:42,38417459,38417460
1947358,,5,2021-01-28 15:37:44,38417459,38417460
1285653,,5,2021-01-23 10:42:43,38417459,38417460
11778380,,5,2021-01-15 19:45:06,38417459,38417460
5202411,,5,2021-01-10 20:56:16,38417459,38417460
1177667,,5,2020-12-23 21:56:09,38417459,38417460
921980,"Sách đẹp, lời đọc rất nhẹ nhàng",5,2020-03-28 18:10:40,38417459,38417460
10876016,,5,2020-12-13 14:04:45,38417459,38417460
633665,,5,2020-11-27 00:12:18,38417459,38417460
21930,,5,2020-11-10 08:01:44,38417459,38417460
8140175,,5,2020-09-13 17:13:09,38417459,38417460
11672897,,5,2020-09-01 12:21:30,38417459,38417460
13546351,,5,2020-08-25 14:19:42,38417459,38417460
16671957,,5,2020-08-20 06:53:26,38417459,38417460
7469347,,5,2020-07-20 20:06:06,38417459,38417460
14934993,,5,2020-06-25 15:42:17,38417459,38417460
645813,"sách cũ, bị trầy xước rất nhiều, bị rách",1,2021-07-05 11:38:25,38417459,38417460
111760,"Sách ổn, nhưng các góc rất sắc. Thứ tự trang bị sai nên nội dung trớt quớt",4,2021-03-09 08:48:15,38417459,38417460
11343997,Chưa thu hút được trẻ em do màu sắc chưa bắt mắt!,3,2020-11-02 13:40:23,38417459,38417460
5686972,Ảnh không nét. Sách hơi dơ khi nhận hàng,3,2020-10-02 06:05:34,38417459,38417460
6951455,sách khá cũ,3,2021-03-28 16:06:04,38417459,38417460
6833390,,4,2021-04-13 21:19:39,38417459,38417460
8117536,,4,2021-04-07 21:39:17,38417459,38417460
19437569,,4,2021-03-24 12:27:49,38417459,38417460
6263482,,4,2021-03-05 12:30:50,38417459,38417460
1024783,,4,2021-02-25 12:15:15,38417459,38417460
537110,,4,2021-02-17 15:46:53,38417459,38417460
8799446,,3,2021-01-23 20:06:40,38417459,38417460
328037,,4,2021-01-18 21:21:27,38417459,38417460
6913989,Sách lạ nhưng hình ảnh ko nét lắm,3,2020-05-06 17:01:29,38417459,38417460
808115,,4,2021-01-10 23:50:52,38417459,38417460
6569123,,4,2020-12-25 10:31:40,38417459,38417460
14282769,,4,2020-12-24 10:53:12,38417459,38417460
1820228,,3,2020-09-04 09:16:05,38417459,38417460
26475227,,5,2025-12-26 12:08:42,7959220,7966341
11182274,sách chuyển động rất hay. hình ảnh đẹp. phù hợp với các bé nhỏ,5,2021-03-22 21:14:52,7959220,7966341
21828481,,5,2021-09-01 15:55:24,7959220,7966341
78784,,5,2021-03-18 23:22:08,7959220,7966341
24352,,5,2020-12-05 16:21:30,7959220,7966341
1715335,sách mới. đóng gói cẩn thận,5,2020-03-24 10:37:53,7959220,7966341
826962,,5,2020-09-04 07:02:33,7959220,7966341
7717025,"Sách không có bọc nilon nên rất bẩn, bìa in lem nhem như bị dính màu từ cuốn khác sang, mình muốn đổi cuốn khác mới hơn thì làm thế nào ?",3,2020-01-21 20:14:04,7959220,7966341
15122687,"Tiki giao hàng nhanh, sớm hơn 1 ngày so với thông báo nhưng vào mở sách ra thì bẩn sờn như sách cũ, mình đã liên hệ tổng đài để báo, hy vọng tiki đổi hàng sớm giúp mình vì sách mình mua tặng. Tks",2,2020-04-15 13:16:33,7959220,7966341
7535387,"Bìa cũ, mép bị nhàu. giống như mua sách cũ vậy. Tiki xem đổi sách mới lại được không.",1,2020-12-30 09:38:18,7959220,7966341
12764104,"Sách đẹp, nội dung hấp dẫn. Con trai 2,5t của mình rất thích. Nếu nhiều trang hơn xíu thì ok. Nhưng nhiều nữa sợ hơi nặng nhỉ ???? Ahihihi",4,2019-11-11 14:29:41,7959220,7966341
8058785,Tuyet voi Qua tot Qua dep,4,2020-09-01 23:03:40,7959220,7966341
5422950,,4,2020-07-30 09:15:44,7959220,7966341
273157,"Các bé nhỏ thích sách này vì màu sắc đẹp, ít chữ. Nội dung chủ yếu cung cấp vài thông tin cơ bản về các bộ phận và chức năng cơ thể. Chất lượng in tốt. Phù hợp các bé buổi đầu tìm hiểu cơ thể người một cách dễ chịu vì thông tin ngắn gọn, vẽ rất đẹp và sinh động.",5,2019-08-07 22:46:27,2449679,2454145
7159796,"Sách có thiết kế thú vị. Trang sách được mở rộng khiến trẻ thấy thích thú. Nội dung phù hợp với trẻ em. Sách như giải đáp được những thắc mắc, tính tò mò bấy lâu. Hình minh họa rõ ràng, cụ thể rất dễ hiểu.",5,2019-04-24 08:53:04,2449679,2454145
7381945,"sách đẹp,hữu ích cho cả người lớn và trẻ em...tiki giao hàng đúng hẹn,cơ mà lần sau để hộp nhỏ thôi chứ có quyển sách mà giao cái thùng..hú hồn chim én ?,hơi quăn gáy xíu nhưng giá sale nên chấp nhận đc",5,2019-07-08 23:22:23,2449679,2454145
5834487,,5,2026-05-05 10:07:21,2449679,2454145
2040025,"Cuốn sách khổng lồ mà mẹ thích nhất trong bộ sách khổng lồ. Sách đẹp, thông tin hữu ích cho các bạn nhỏ cấp 1 tìm hiểu về cơ thể người, về hoạt động, những kiến thức rất cơ bản mà người lớn cũng thấy hấp dẫn. Còn các bạn nhỏ thì các ban ấy có vẻ thích khủng long nhất. :)",5,2019-03-25 09:34:55,2449679,2454145
14668467,,5,2024-10-23 23:06:10,2449679,2454145
12730452,,5,2024-05-07 23:05:22,2449679,2454145
796800,,5,2024-04-02 18:38:57,2449679,2454145
1728010,,5,2024-03-09 15:29:05,2449679,2454145
15493224,"Sách to đẹp. Nội dung hay, phù hợp cho bé. Hình ảnh chi tiết. Cám ơn tác giả, đội ngũ biên tập và bên giao hàng đã gửi hàng cẩn thận.",5,2020-03-06 14:45:32,2449679,2454145
2127829,,5,2023-09-09 14:00:19,2449679,2454145
491831,"sách có nội dung hay, Tuy nhiên chữ không nổi trên nền giấy nên các bạn bé cần có người lớn đọc giúp nếu ko muốn hỏng mắt. Các bé rất thích quyển sách với các trang khổng lồ.",5,2019-07-26 13:10:18,2449679,2454145
5095962,"Sách nội dung hay, chất lượng giấy tốt, rất phù hợp với bé từ 5 tuổi trở lên, biết giữ sách.",5,2019-12-31 15:55:22,2449679,2454145
6292041,"Sách rất bổ ích. Con mình cứ gọi đây là cuốn sách kỳ diệu vì nó siêu to, to bằng người con mình luôn. Mấy trang lật mở thực sự có sức hút với trẻ con",5,2020-01-06 11:16:10,2449679,2454145
7363979,"Sách đẹp, bé rất thích. Nhất là trang khổng lồ. Có thể qua sách làm cho bé hứng thú với việc tìm tòi sách vở, dạy bé nhiều kiến thức bổ ích.",5,2019-05-13 11:02:17,2449679,2454145
1080222,Sách rất đẹp hình đẹp nội dung rất hay ?????? thích hợp với các bạn 4+ tương tác cùng bố mẹ,5,2020-01-14 20:17:15,2449679,2454145
10571290,"Mình đánh giá cuốn này hay nhất trong bộ Big Books, từ 4 tuổi trở lên là đọc được.",5,2020-03-15 22:50:04,2449679,2454145
1227968,"Sách rất đẹp, chất lượng, xứng đáng với giá thành, hình minh họa sống động, nội dung bổ ích cho các bạn nhỏ. Con mình rất thích.",5,2019-01-22 14:34:30,2449679,2454145
6923506,"nội dung sách rất thú vị, hấp dẫn. Trang sách dày dặn, giúp trẻ khám phá được nhiều điều thú vị về cơ thể",5,2019-06-14 10:28:36,2449679,2454145
971834,"Bé nhà mình 4t rất thích quyển sách này, bộ sách này hay và bổ ích, màu sắc in đẹp, dày dặn",5,2019-09-16 10:39:32,2449679,2454145
5226065,"sách đẹp, nhiều thông tin, bạn bé nhà mình gần 4 tuổi rất thích, cả mẹ và con được bổ sung thêm nhiều kiến thức",5,2019-03-15 08:38:04,2449679,2454145
868938,"Đây là cuốn mình thích nhất trong bộ Big books, con mình 5 tuổi mê tít, mình cũng tặng cho nhiều bé khác đều thích cả.",5,2019-01-28 14:38:33,2449679,2454145
622936,sách rất đẹp. rất thích hợp cho trẻ tìm hiểu và khám phá. hình vẽ cụ thể. Tiki giao hàng nhanh và cẩn thận,5,2018-12-23 12:10:57,2449679,2454145
5130511,Cực kỳ Hài lòng về chất lượng cuốn sách. Phù hợp với bé cho khởi đầu tìm hiểu về cơ thể người.,5,2019-01-23 14:54:28,2449679,2454145
1890222,Sản phẩm rất tốt. Sản phẩm rất tốt,5,2020-04-13 12:41:04,2449679,2454145
7039615,"Sách tốt, giấy đẹp, giao hàng tiki nhanh chóng hơn mình mong muốn",5,2019-10-14 15:22:47,2449679,2454145
1296740,Sách phù hợp cho trẻ từ năm tuổi trở lên với nhiều thông tin bổ ích,5,2019-07-06 10:58:24,2449679,2454145
767381,Sách trình bày đẹp bổ ích các bạn bé nhà mình thích,5,2019-10-24 12:53:40,2449679,2454145
975515,"Sách rất hay, phù hợp tuổi bé.",5,2020-03-13 06:36:54,2449679,2454145
740775,"Sách to, minh hoạ rõ ràng, đơn giản, hấp dẫn. Một số kiến thức người lớn cũng thường bỏ qua",5,2018-10-18 10:35:30,2449679,2454145
9615977,,5,2020-08-08 12:55:45,2449679,2454145
5296934,,5,2020-07-26 12:10:16,2449679,2454145
1961233,Rất hài lòng với giá cả và chất lượng. Sẽ tiếp tục mua sách với Tiki,5,2019-01-27 20:49:40,2449679,2454145
27252397,"Nhìn như sách cũ, đã qua sử dụng, bẩn",3,2025-04-08 14:22:50,2449679,2454145
30269536,Sách rất cũ và không được bọc chỗ ngồi chày sướt,2,2025-04-09 21:52:40,2449679,2454145
123012,"Trước giờ vẫn luôn hài lòng với cách đóng gói và bảo quản sách của Tiki, nhưng đợt này mình nhận được thì không hài lòng lắm. Mong Tiki cẩn thận hơn.",4,,2449679,2454145
1420872,"Sách đẹp, nội dung hay và bổ ích. Có một lỗi là các trang sách dính vào nhau, trang sách dày nên rất khó để tách từng trang, dễ bị rách sách.",2,,2449679,2454145
13567334,"bé thích sách tương tác, dày cứng",5,2024-10-23 21:30:46,7959221,7966342
10101079,khong chi *** be nho ma nguoi cung thay rat thu vi. 1 quyen sach hay va dang mua,5,2021-05-06 08:03:21,7959221,7966342
17676048,sách hay kéo đẩy lật thu hút trẻ em nhưng sách nếu làm to hơn thì có lẽ thú vi và đẹp hơn,5,2020-08-31 21:47:39,7959221,7966342
76721,,5,2024-10-02 22:11:46,7959221,7966342
1301248,"Sách đẹp, dày dặn, các bạn trẻ rất thích",5,2023-05-14 18:28:18,7959221,7966342
67651,"chất lượng tạm ổn. trang đầu tiên bị cong vênh, keo bên trong bị tróc. tuy nhiên vẫn sử dụng được. màu sắc tươi vui, bé rất thích",5,2021-07-06 09:35:34,7959221,7966342
1325733,,5,2024-01-14 08:16:40,7959221,7966342
9692744,"Sách đẹp, dày dặn lắm Mỗi tội ít trang quá",5,2022-10-28 13:17:22,7959221,7966342
14247588,giao hàng nhanh,5,2023-03-23 07:51:31,7959221,7966342
18622094,"Giấy cứng khó rách hình ảnh đẹp ,màu sắc sáng ***",5,2021-02-05 21:36:25,7959221,7966342
25993600,,5,2023-04-11 20:30:52,7959221,7966342
13429357,,5,2023-04-07 07:32:25,7959221,7966342
2028536,giao hành nhanh. sách rất đẹp.......................................,5,2021-11-25 13:40:43,7959221,7966342
7093000,Sách này cho bé đọc rất thích. Tiki giao hàng siêu nhanh.,5,2021-12-17 10:50:55,7959221,7966342
11328929,,5,2022-12-17 15:21:18,7959221,7966342
11652377,,5,2022-11-29 10:48:13,7959221,7966342
1211222,,5,2022-11-15 21:06:53,7959221,7966342
77115,"sách dễ thương, bé nhà mình rất thích",5,2021-12-22 22:31:35,7959221,7966342
298614,,5,2022-09-23 10:27:24,7959221,7966342
10905691,Mình đọc còn mê nè mấy mom ơi Nên mua nhé ☺️,5,2020-07-23 10:49:34,7959221,7966342
19296417,,5,2022-09-03 21:26:40,7959221,7966342
11401966,,5,2021-06-22 10:37:13,7959221,7966342
1000755,"sách đẹp, sống động",5,2022-02-27 13:20:23,7959221,7966342
10573879,,5,2022-08-03 15:08:48,7959221,7966342
5976442,sách rất thú vị. nhưng bé chơi có nửa tiếng là chán rồi,5,2021-05-24 12:54:21,7959221,7966342
116414,"Sách rất đẹp, những hiệu ứng tương tác đa dạng, thú vị. Phần lời dịch cũng rất hay",5,2020-10-06 12:53:00,7959221,7966342
10385618,,5,2022-07-18 19:47:11,7959221,7966342
1342155,,5,2022-05-26 13:17:18,7959221,7966342
193674,,5,2022-04-12 13:22:44,7959221,7966342
11545115,Ok,5,2022-03-10 23:11:43,7959221,7966342
437625,,5,2022-03-06 19:05:51,7959221,7966342
507509,,5,2022-02-05 11:37:44,7959221,7966342
19542933,,5,2022-01-11 14:34:21,7959221,7966342
2052127,"Sách hình ảnh đẹp nhưng phù hợp với bé trên 2,3 tuổi. Con mình 1t chưa biết chơi.",5,2020-04-14 12:32:54,7959221,7966342
8951048,"cực kì thích luôn, sách đẹp, bìa chắc chắn, cảm ơn tiki!",5,2020-09-15 17:27:12,7959221,7966342
20234944,,5,2021-11-15 04:41:49,7959221,7966342
23013819,ok,5,2021-10-07 22:30:58,7959221,7966342
7129038,,5,2021-07-26 11:03:28,7959221,7966342
6495134,,5,2021-07-19 20:35:02,7959221,7966342
18535544,,5,2021-07-12 21:41:59,7959221,7966342
1528610,"Sách rất dễ thương, màu sắc bắt mắt. Bé nhà mình từ 1 tuổi đến 10 tuổi, 4 em đều rất mê",5,2019-07-21 02:20:29,7959221,7966342
7691320,,5,2021-06-14 13:06:02,7959221,7966342
7484079,,5,2021-06-01 17:19:33,7959221,7966342
14030533,"Sách mới, cứng cáp, giấy dày, nội dung rất hay. Tiki giao hàng rất nhanh",5,2019-12-28 01:39:17,7959221,7966342
1838595,giao nhanh đóng gói kỹ,5,2020-12-20 12:16:57,7959221,7966342
7118670,,5,2021-05-20 20:34:17,7959221,7966342
21690256,,5,,7959221,7966342
1104157,,5,2021-05-12 09:33:14,7959221,7966342
21115992,,5,,7959221,7966342
10505583,,5,2021-04-22 13:19:46,7959221,7966342
304157,,5,2021-04-21 10:52:41,7959221,7966342
12908376,,5,2021-04-15 11:15:43,7959221,7966342
8005542,,5,2021-04-01 10:25:09,7959221,7966342
5238784,,5,2021-03-23 16:44:58,7959221,7966342
7070683,,5,2021-03-16 20:47:20,7959221,7966342
316504,,5,2021-03-08 21:17:06,7959221,7966342
18377138,,5,2021-03-05 15:05:54,7959221,7966342
18544452,,5,2021-02-28 13:34:42,7959221,7966342
362320,,5,2021-02-19 09:04:18,7959221,7966342
6275236,,5,2021-02-18 23:41:56,7959221,7966342
8097406,,5,2020-12-25 22:05:51,7959221,7966342
24352,,5,2020-11-25 14:21:38,7959221,7966342
606724,,5,2020-09-22 22:30:09,7959221,7966342
1035722,,5,2020-09-09 16:36:17,7959221,7966342
568566,,5,2020-09-07 20:09:47,7959221,7966342
1343005,,5,2020-08-21 23:59:53,7959221,7966342
18055548,,5,2020-08-20 17:50:37,7959221,7966342
1304125,,5,2020-08-15 12:48:09,7959221,7966342
647050,,5,2020-07-05 07:28:33,7959221,7966342
15155118,Ok,5,2020-06-02 15:28:35,7959221,7966342
1440938,,4,2024-04-03 10:42:34,7959221,7966342
553513,,4,2023-03-09 16:08:37,7959221,7966342
1817783,Giá tốt,4,2021-06-20 11:59:43,7959221,7966342
12764104,"Sách đẹp, nội dung hấp dẫn. Con trai 2,5t của mình rất thích. Nếu nhiều trang hơn xíu thì ok. Nhưng nhiều nữa sợ hơi nặng nhỉ ???? Ahihihi",4,2019-11-11 14:30:13,7959221,7966342
11531626,,4,2022-03-13 13:40:52,7959221,7966342
8278565,Ok,4,2021-11-22 23:36:07,7959221,7966342
1102775,,4,2021-04-14 20:00:42,7959221,7966342
6568224,ít trang quá,3,2020-11-30 11:56:26,7959221,7966342
8575924,"Sách hay, tuy nhiên ít trang (có 4 trang) phù hợp với các bé từ 3-5 tuổi",4,,7959221,7966342
6440662,trang hơi ít,4,2020-06-25 17:43:04,7959221,7966342
5124467,"Sách đẹp, hình vẽ bắt mắt. Cháu mình 3 tuổi, mở vào mở ra xem sách rồi diễn kiểu ôi sợ quá chạy thôi. Bạn ấy rất hào hứng luôn, nên bạn nhỏ nào mê khủng long thì các mẹ cứ mua cho bé, đảm bảo trầm trồ ồ wao suốt, cute lắm",5,2022-11-02 15:55:19,4257177,4257223
22611917,"Giao hàng siêu nhanh, đầy đủ. Cuốn sách đẹp, màu sắc bắt mắt. Mình rất hài lòng.",5,2022-03-26 13:28:23,4257177,4257223
417291,"Mình mua cho bé nhưng mình là người xem nhiêu hơn bé vì thật sự rất thích các hình ảnh và nội dung cô đọng của sách. Cảm giác oh lên của 2 cha con khi lật trang sách bự nhất từ trước đến nay ra xem, cảm giác các con vật sống động và thật hơn. Kỷ niệm đẹp là bé con nàh mình ướm bàn chân nhỏ xíu vào dấu chân khủng long rồi bắt mình so sánh. Chỉ cần nghỉ uống 3-4 ly cafe có được cuốn sách cho con, không thấy tiếc nuối gì.",5,2019-08-10 09:41:51,4257177,4257223
5824341,,5,2024-10-13 16:10:27,4257177,4257223
9164729,cảm nhận đầu tiên khi bóc gói hàng đã thấy ưng cuốn sách này rồi cho đến khi mở sách ra thì thực sự thấy thích hơn nữa. Giấy dày dặn phù hợp với tất cả các bạn nhỏ ko hề lo rách. tranh to rõ và rất đẹp. chắc chắn con mình sẽ rất thích,5,,4257177,4257223
13709668,"Sách phù hợp với những bạn nhỏ mê khám phá các loài động vật, hình ảnh sinh động",5,2022-05-27 14:34:14,4257177,4257223
16002670,,5,2023-09-16 16:40:47,4257177,4257223
13331367,sách đẹp hơn mong đợi. màu sắc sinh động.,5,2022-04-26 14:59:14,4257177,4257223
1088094,"Sách đẹp, chất lượng ảnh và giấy in quá tuyệt vời, con mình 5 tuổi cực kì thích sách này.",5,2019-11-25 11:57:31,4257177,4257223
9602966,Sách hay,5,2022-10-16 15:40:41,4257177,4257223
6823906,Ok,5,2022-09-21 00:23:30,4257177,4257223
462633,,5,2022-06-15 08:37:30,4257177,4257223
687089,,5,2022-06-07 16:45:18,4257177,4257223
769802,,5,2022-06-01 13:42:32,4257177,4257223
681783,,5,2022-04-01 11:09:14,4257177,4257223
5262085,"sách to, rõ ràng, bé mình rất thích nhưng tên của các loài khủng long khá nhiều và hơi khó đọc.",5,2019-07-12 16:20:30,4257177,4257223
10737690,"cuốn sách đáng mua. hình ảnh đẹp, chất lượng hơn cả mình tưởng tưởng",5,2019-11-09 14:58:43,4257177,4257223
5466701,Hình vẽ rất đẹp. Khổ lớn làm nhóc con say sưa xem. Phụ huynh cũng còn tháy thích.,5,2019-05-30 10:19:07,4257177,4257223
320790,"Nội dung và hình ảnh rất đẹp, phù hợp cho trẻ tìm hiểu và đọc.",5,2019-07-30 12:24:52,4257177,4257223
10891233,,4,2022-04-14 12:10:15,4257177,4257223
1981581,"Sách rất hay. Sách dày, hình bóc dán đẹp, có thông tin chú giải đầy đủ. Các bài tập, câu hỏi thú vị, hình ảnh đẹp gây sự thích thú cho bé, không như nhiều sách bóc dán khác chỉ có mỗi hình dán, ko hề có thông tin gì khác. Sách rất phù hợp với lứa tuổi 2.5 đến 7. Nếu có 6 sao mình cũng đánh.",5,2021-10-07 15:25:52,48362486,48362488
12429108,Shop giao nhanh. Sách có nhiều hoạt động thú vị giúp tương tác hiệu quả với con. Sẽ ủng hộ shop những lần sau,5,2021-06-10 20:26:23,48362486,48362488
17612534,Giao hàng hơi lâu. Sách đẹp chữ in rõ ràng dễ hiểu❤️,5,2021-11-01 11:39:25,48362486,48362488
25398300,"đã mua một lần cho bé lớn và giờ đến bé nhỏ và những đứa cháu, nội dung phong phú đa dạng, hình ảnh bắt mắt, màu in xịn ko lem, rất nhiều nội dung phát triển đa dạng kỹ năng cho bé. ngàn lần nên mua nha mn. 👍",5,2024-05-24 16:35:44,48362486,48362488
6451540,"Mình mua về cho bé đang học đánh vần để có thể thực hành luôn, bé thích ạ!",5,2025-08-04 08:47:37,48362486,48362488
23892529,"sách này đẹp lắm đóng gói kĩ, giao hàng hơi lâu, vừa đặt thì giá sale quá trời nên hơi buồn tí. chả hiểu sao kì nặng tiền ship Tiki tăng cao thế, phải gom đơn mua chung hết 1 lần mới bớt tiền ship. sách chưa đọc nên chưa cho review được.",5,2021-11-01 19:13:01,48362486,48362488
991403,sách đẹp.,5,2022-08-06 11:20:07,48362486,48362488
52063,,5,2021-01-27 21:49:28,48362486,48362488
21982,"Sách đẹp xuất sắc, giấy dày, nội dung phong phú. Các mẹ nên mua nhé",5,2020-11-12 10:22:33,48362486,48362488
21844078,"Sách đẹp, nội dung về động vật rất hay, màu rất đẹp, rất đáng tiền, mình mua đợt sale nên đc giảm kha khá",5,2023-02-01 13:32:55,48362486,48362488
24135927,Hai quyển sách rất là thú vị! Hai bé nhà mình rất thích! Đi học về là đọc sách ngay,5,2023-03-22 08:48:21,48362486,48362488
28500827,,5,2024-11-16 21:04:23,48362486,48362488
190542,,5,2024-05-18 10:59:03,48362486,48362488
457991,"Hầu hết sách của các bạn bé nhà mình đều mua trên tiki. dễ lựa chọn đầu sách, sách đóng gói cẩn thận.",5,2020-12-22 21:48:38,48362486,48362488
5979408,,5,2024-03-01 09:36:51,48362486,48362488
984591,"Tiki đóng gói cẩn thận, sách in giấy đẹp. Tiki chưa làm mình thất vọng lần nào(hi vọng mãi về sau cũng vậy).",5,2020-08-05 15:07:38,48362486,48362488
16943729,,5,2024-01-11 11:14:54,48362486,48362488
5483382,,5,2023-11-11 20:58:24,48362486,48362488
132456,Sách bày trí đẹp - nội dung phong phú đa dạng - sticker nhiều chủ đề. Chất lượng sách cao hơn với giá trị tiền bỏ ra. Xứng đáng để mua,5,2020-12-23 19:22:17,48362486,48362488
536959,,5,2023-10-16 08:12:02,48362486,48362488
8820474,Sách hay và đẹp lần sau ủng hộ nữa,5,2022-12-03 19:46:33,48362486,48362488
8438,,5,2023-08-23 19:36:25,48362486,48362488
1477722,"sách hay, tương tác tô màu, dán sticker thông minh, đếm số kết hợp. nét vẽ hiện đại mà dễ thương",5,2021-08-09 12:57:03,48362486,48362488
199375,sách cực đẹp. hình ảnh sắc nét. các sticker dễ gỡ. khi dán vào rất tệp với trang được dán.,5,2020-05-04 08:45:33,48362486,48362488
2125027,sách đẹp nội dung hay và có thể chơi vui với các bạn nhỏ,5,2022-03-02 15:23:59,48362486,48362488
2090430,"Sách hay, sinh động, bé rất thích",5,2021-06-06 11:27:49,48362486,48362488
6775767,"Chất lượng sách rất tốt, hình ảnh, màu sắc chuẩn thích mắt, mẹ mua về cho con mà còn thích. Nội dung cũng khá tốt.",5,2020-11-09 20:54:54,48362486,48362488
8457866,"Sách đẹp vô cùng, hình ảnh sắc nét, giấy cứng, có nhiều bài học tương tác . Cháu mình rất thích. Cảm ơn Tiki",5,2020-11-12 10:09:41,48362486,48362488
7135220,Sách hay lắm mn ơi. 10 sao cho tiki,5,2021-04-13 16:40:21,48362486,48362488
22233668,,5,2021-10-14 10:49:44,48362486,48362488
9692744,,5,2022-12-09 07:25:48,48362486,48362488
10921820,chất giấy ghiền lắm,5,2021-03-30 20:50:03,48362486,48362488
19928097,"Sách đẹp, nội dung hay, bé nhà mình rất thích",5,2021-12-17 01:17:26,48362486,48362488
17891659,,5,2022-10-01 17:22:15,48362486,48362488
941625,"Sản phẩm đẹp, bắt mắt...bạn nhỏ rất thích",5,2021-10-14 16:00:05,48362486,48362488
298614,,5,2022-09-23 10:27:30,48362486,48362488
337059,Sách hay. Vừa chơi vừa học với con.,5,2020-10-18 20:27:27,48362486,48362488
27578091,,5,2022-09-09 08:01:53,48362486,48362488
9902951,Bé nhà mình lâu rồi k thích đọc sách mà khá thích quyển này. Vừa hiểu thêm về thiên nhiên vừa dán sticker rất vui,5,2020-05-19 13:54:00,48362486,48362488
7897732,,5,2022-08-24 21:41:35,48362486,48362488
10573879,,5,2022-08-11 15:03:52,48362486,48362488
23951641,,5,2022-08-05 22:12:26,48362486,48362488
8395495,,5,2022-08-04 11:39:50,48362486,48362488
13331367,sách đẹp. tiki giao hàng nhanh,5,2021-12-18 12:56:46,48362486,48362488
18081781,đóng gói tốt giao hàng supper nhanh,5,2020-08-13 10:43:20,48362486,48362488
7851025,Sách hữu ích. Nhiều trò chơi. Hình ảnh đẹp,5,,48362486,48362488
14526111,Hang dep. chat luong. Dang Tien mua,5,2021-11-15 20:45:03,48362486,48362488
10551475,"Sách đẹp, thú vị, thích hợp để chơi cùng bé",5,2021-06-23 09:56:22,48362486,48362488
56456,"cuốn sách rất hữu ích, bé nhà mình rất thích. tuy nhiên bìa sách dán keo nên rất dễ bong bìa.",5,2020-07-15 06:04:17,48362486,48362488
5616068,"Bé nhà mình rất thích sách này phù hợp với trẻ từ 4-6 tuổi. Hình ảnh sinh động, nội dung dễ biểu",5,2020-04-27 16:08:33,48362486,48362488
8317600,"sách hay, các con rất thích",5,2021-09-14 19:56:52,48362486,48362488
7872935,sách hay nên mua,5,2021-10-26 11:36:35,48362486,48362488
5890196,"con rất hứng thú với sách, chất lượng tốt",5,2021-03-08 08:58:21,48362486,48362488
20821469,"Giao hàng nhanh, sách đẹp, bé rất thích",5,2021-04-01 17:35:51,48362486,48362488
8883534,Sách quá hay. Bé rất thích. Đọc đi đọc lại nhiều lần,5,2020-10-31 19:17:38,48362486,48362488
23437470,,5,2021-11-26 22:59:11,48362486,48362488
11102190,sách đẹp,5,2021-09-16 19:17:43,48362486,48362488
25278629,,5,2021-11-24 22:31:35,48362486,48362488
11280300,,5,2021-11-22 18:01:46,48362486,48362488
11448581,,5,2021-11-07 01:16:57,48362486,48362488
21881619,,5,2021-10-29 12:32:05,48362486,48362488
14037627,,5,2021-10-29 12:05:54,48362486,48362488
8429290,,5,2021-10-28 12:01:20,48362486,48362488
16245063,,5,2021-10-24 10:03:45,48362486,48362488
11338042,sách đẹp,5,2021-08-11 08:48:51,48362486,48362488
5247443,,5,2021-10-16 08:45:32,48362486,48362488
20828995,,5,2021-10-10 08:41:54,48362486,48362488
22341777,,5,2021-10-08 14:34:42,48362486,48362488
8599663,,5,2021-09-27 17:08:58,48362486,48362488
352797,,5,2021-09-16 14:01:06,48362486,48362488
1107117,"Một quyển sách hay, sinh động cho các bé và ba mẹ vừa học vừa chơi",5,2020-04-28 08:24:30,48362486,48362488
1154272,Bé rất thích gỡ từng miếng dán và dán vào vị trí chính xác,5,2020-06-17 09:11:07,48362486,48362488
10578975,,5,2021-09-10 08:10:17,48362486,48362488
14515524,Sách rất đẹp,5,2021-05-26 21:50:41,48362486,48362488
23062823,,5,2021-09-07 20:46:40,48362486,48362488
18744320,sách đẹp,5,,48362486,48362488
7651429,"cuốn này cực đẹp, bé rất thích ạ",5,2020-12-01 16:48:49,48362486,48362488
6305763,,5,2021-08-26 12:26:05,48362486,48362488
13302114,,5,2021-08-21 09:18:43,48362486,48362488
18067867,"Hộp đóng gói bị ướt và rách, sách bên trong cũng bị ướt, sau khi mở hộp để khô, sách bị cong lại, lỗi do đóng gói và vận chuyển nên mình thấy hơi tiếc, còn về sách thì ok",2,2021-08-20 19:37:31,48362486,48362488
6592439,"Sách in rõ ràng, sticker dễ bóc không bị rách. Rất phù hợp cho các bé",5,2020-04-02 23:38:52,48362486,48362488
1198844,"Hình ảnh rươi sáng, bắt mắt, giấy tốt dễ tô màu",5,2020-08-01 09:13:28,48362486,48362488
5643154,,5,2021-08-14 12:38:11,48362486,48362488
17368429,sách rất thú vị. rất thích hợp để trẻ vừa học vừa chơi,5,2020-05-20 15:46:54,48362486,48362488
7926808,,5,2021-08-10 14:40:23,48362486,48362488
1086720,,5,2021-08-08 10:22:04,48362486,48362488
13550736,,5,,48362486,48362488
1318741,,5,2021-07-25 15:43:08,48362486,48362488
1011630,,5,2021-07-17 13:23:20,48362486,48362488
13352582,"sách nội dung hay, bé rất thích,",5,2020-11-30 19:30:44,48362486,48362488
22581150,,5,2021-07-15 14:54:03,48362486,48362488
5643359,,5,2021-07-13 10:47:03,48362486,48362488
7872789,,5,2021-07-10 11:35:22,48362486,48362488
747755,,5,2021-07-09 11:43:16,48362486,48362488
22177871,,5,2021-07-09 07:22:54,48362486,48362488
6275426,đóng gói cẩn thận,5,2021-02-17 08:04:12,48362486,48362488
845016,,5,2021-07-06 12:37:36,48362486,48362488
21649223,,5,,48362486,48362488
22479531,,5,2021-07-03 21:29:42,48362486,48362488
5637119,,5,2021-06-28 13:31:59,48362486,48362488
961231,,5,2021-06-28 12:06:57,48362486,48362488
22329383,,5,2021-06-26 11:14:54,48362486,48362488
22232555,,5,,48362486,48362488
5116829,,5,2021-06-23 07:16:04,48362486,48362488
22233296,,5,2021-06-21 12:03:46,48362486,48362488
2158776,5 sao về chất lượng sách dành cho bé,5,2020-09-19 14:56:11,48362486,48362488
20359191,hay,5,2021-05-25 20:54:05,48362486,48362488
5380894,"sách đẹp, ưng hết sức",5,2020-12-14 21:02:11,48362486,48362488
6374323,,5,2021-06-05 14:11:01,48362486,48362488
12222193,,5,2021-06-04 21:42:25,48362486,48362488
21628287,,5,2021-06-02 11:16:33,48362486,48362488
12520883,,5,2021-06-01 13:11:35,48362486,48362488
15157030,,5,2021-05-28 13:37:56,48362486,48362488
14015466,,5,,48362486,48362488
10065789,,5,,48362486,48362488
21610178,,5,2021-05-21 16:11:40,48362486,48362488
21792927,,5,2021-05-20 16:48:36,48362486,48362488
1086228,,5,2021-05-19 10:31:37,48362486,48362488
1334878,,5,,48362486,48362488
6635610,,5,2021-05-18 12:01:15,48362486,48362488
8306769,,5,2021-05-17 13:20:16,48362486,48362488
12326257,,5,2021-05-14 12:00:11,48362486,48362488
10442960,,5,2021-05-14 07:52:43,48362486,48362488
1275892,,5,2021-05-12 09:09:52,48362486,48362488
67042,,5,2021-05-09 09:14:27,48362486,48362488
514343,"Sách màu in rõ khá đẹp có sticker , nêu 1 số ít trong rất nhiều thứ mình k biết và mình thấy ít gặp chim dẽ, chim cốc hoa violet, hoa cúc mát bò, hoa mao lương vàng, hoa mỏ hạc. Nội dung thì mình k thấy hứng thú và tương tác chút nào.",3,2021-06-17 13:24:17,48362486,48362488
19663868,,5,2021-04-29 17:56:08,48362486,48362488
41240,,5,2021-04-21 08:47:21,48362486,48362488
6164779,,5,2021-04-15 16:40:40,48362486,48362488
1832744,,5,2021-04-03 17:40:54,48362486,48362488
5401953,,5,2021-03-25 17:22:55,48362486,48362488
20969480,,5,2021-03-25 09:18:52,48362486,48362488
191924,,5,2021-03-24 14:44:53,48362486,48362488
20706581,,5,2021-03-16 05:57:12,48362486,48362488
9715138,,5,2021-03-15 10:27:39,48362486,48362488
20445954,,5,2021-03-08 13:51:11,48362486,48362488
1878015,,5,2021-03-02 07:39:07,48362486,48362488
17826817,"sách to, đẹp. nội dung hay",5,2020-08-20 17:15:29,48362486,48362488
1288756,,5,2021-02-20 13:18:54,48362486,48362488
6462689,,5,2021-02-12 15:00:20,48362486,48362488
11035451,,5,2021-02-05 18:45:12,48362486,48362488
542898,,5,2021-02-04 19:54:48,48362486,48362488
10426662,,5,2021-02-02 15:16:56,48362486,48362488
18367100,,5,2021-01-28 21:20:13,48362486,48362488
865523,,5,2021-01-25 17:38:34,48362486,48362488
313960,,5,2021-01-15 00:51:01,48362486,48362488
7662981,,5,2021-01-12 09:21:45,48362486,48362488
1761255,,5,2021-01-09 16:46:15,48362486,48362488
6077961,,5,2021-01-05 11:08:24,48362486,48362488
1384074,,5,2021-01-03 14:22:20,48362486,48362488
180485,,5,2020-12-24 15:02:18,48362486,48362488
627848,,5,2020-12-23 23:38:08,48362486,48362488
2031155,,5,2020-12-22 11:00:50,48362486,48362488
10779516,,5,2020-12-19 08:33:01,48362486,48362488
18852724,,5,2020-12-16 18:42:32,48362486,48362488
212913,,5,2020-12-12 17:12:39,48362486,48362488
5659007,,5,2020-11-29 20:38:38,48362486,48362488
1163278,,5,2020-11-18 16:45:34,48362486,48362488
6852936,,5,2020-11-16 13:50:00,48362486,48362488
9101853,,5,2020-11-11 18:53:30,48362486,48362488
503119,,5,2020-10-19 13:27:30,48362486,48362488
118164,,5,2020-10-19 09:31:07,48362486,48362488
7879398,,5,2020-10-16 09:05:29,48362486,48362488
296743,Sach Usborne Activity dep mien ban,5,2020-03-17 23:26:42,48362486,48362488
7392079,,5,2020-09-20 09:32:20,48362486,48362488
13531926,,5,2020-09-12 17:47:38,48362486,48362488
7933673,,5,2020-09-09 08:49:20,48362486,48362488
7172473,,5,2020-09-06 14:02:15,48362486,48362488
6580683,,5,2020-09-03 21:17:24,48362486,48362488
5959801,,5,2020-08-31 18:08:09,48362486,48362488
43125,,5,2020-08-30 19:54:14,48362486,48362488
6569623,,5,2020-08-29 08:57:00,48362486,48362488
2231115,,5,2020-08-24 07:41:57,48362486,48362488
1084517,,5,2020-08-19 10:24:35,48362486,48362488
6743245,,5,2020-08-17 14:48:17,48362486,48362488
7694102,,5,2020-08-16 13:55:12,48362486,48362488
10819569,,5,2020-08-12 07:36:24,48362486,48362488
7420519,,5,2020-08-08 15:23:11,48362486,48362488
18003149,,5,2020-08-07 17:38:16,48362486,48362488
12411724,,5,2020-07-21 06:29:44,48362486,48362488
124504,,5,2020-07-02 11:19:17,48362486,48362488
13969285,,5,2020-06-17 21:13:57,48362486,48362488
1435519,,5,2020-06-03 22:54:04,48362486,48362488
8355902,,5,2020-06-01 10:53:41,48362486,48362488
16477567,"Đầu năm mới nhận sách Tiki đóng gói chán quá. Bị quăn mép sách, có cuốn như bục góc, ko có bọc chống xước j cho sách.",1,2021-02-16 15:59:41,48362486,48362488
5274223,"giao hàng lâu, sách phù hợp với trẻ 4t vì có phần tô màu, tìm điểm khác biệt, tìm đường. trẻ 2t thì có thể chơi phần dán sticker cũng rất ổn.",4,2021-11-06 09:33:45,48362486,48362488
14192370,Sp hình ảnh dễ thương. Tuy nhiên có một số hình anh chưa thật sắc nét.,4,2021-04-19 17:47:31,48362486,48362488
477438,"là sách dán hình, giấy dầy, màu sắc cũng được",4,2021-05-25 14:16:43,48362486,48362488
21726313,"rẻ, đẹp, chất lượng sản phẩm tốt ngoài mong đợi",3,2021-05-31 09:42:05,48362486,48362488
6377846,,4,2021-12-20 07:52:21,48362486,48362488
23347516,Sách tốt,4,2021-09-10 17:58:16,48362486,48362488
632756,,4,2021-08-13 07:03:21,48362486,48362488
14018874,Giao hàng nhanh,4,2021-04-25 22:09:57,48362486,48362488
11479449,"Sách dày dặn,hình ảnh đẹp",3,2020-11-29 15:41:23,48362486,48362488
11175633,,4,2021-04-06 14:10:33,48362486,48362488
9937534,,4,2021-03-22 09:39:25,48362486,48362488
18026131,,4,2021-03-19 16:23:01,48362486,48362488
6569123,,4,2020-11-10 10:55:48,48362486,48362488
11653410,,4,2020-07-22 07:11:50,48362486,48362488
16168859,,3,2020-06-11 21:00:37,48362486,48362488
9651016,"Sách màu sắc khỏi phải bàn ạ, hình ảnh siêu dễ thương, thu hút sự tập trung của bé nhà em lắm ạ. Cảm ơn Tiki đã giao hàng nhanh chóng ạ.",5,2021-09-27 15:39:52,107970958,107970959
331014,"Giao hàng 2h nhanh, sách đẹp. Ấn tượng ban đầu em bé không thích bằng cuốn Ú òa. Chắc vì mới 11m chưa hiểu số. Có thể đọc thêm một th.gian sẽ thích hơn.",5,2021-08-19 20:43:09,107970958,107970959
1697704,"Giá cả ok, giao hàng nhanh mà đóng gói cũng rất được. Hàng tốt giá cả mua sale rất ok. Sẽ mua lại lần nữa.",5,2022-07-12 09:20:22,107970958,107970959
27436325,Sách rất đẹp,5,2022-10-10 09:56:08,107970958,107970959
15951249,mẹ rất thích còn bé chưa biết ntm.,5,2022-05-05 06:33:28,107970958,107970959
18158193,,5,2024-01-13 10:49:08,107970958,107970959
467262,,5,2023-09-30 19:31:57,107970958,107970959
6389362,,5,2023-07-13 11:12:07,107970958,107970959
11415783,"Tiki bọc hàng kỹ, giao nhanh, giấy chất lượng tốt",5,2022-06-14 11:59:27,107970958,107970959
27832856,,5,2023-04-12 17:57:33,107970958,107970959
17429091,,5,2022-12-25 16:29:46,107970958,107970959
1234734,,5,2022-12-14 20:30:16,107970958,107970959
27840516,,5,2022-10-25 08:16:30,107970958,107970959
18438669,,5,2022-09-27 15:42:56,107970958,107970959
10685201,,5,2022-09-21 09:46:42,107970958,107970959
23154240,"truyện dễ thương, bé thích",5,2022-01-30 23:10:58,107970958,107970959
14419925,,5,2022-08-10 17:23:57,107970958,107970959
12535359,,5,2022-07-11 14:54:48,107970958,107970959
21557157,Sách hay,5,2022-04-29 12:10:32,107970958,107970959
11631091,Nhìn đáng yêu,5,2022-03-12 09:38:35,107970958,107970959
22871528,"Sách rất hay, thú vị, dày dặn, chắc chắn",5,2021-08-06 17:12:10,107970958,107970959
12216393,Bé rất thích,5,2022-02-25 19:11:51,107970958,107970959
15982208,,5,2022-05-27 22:51:33,107970958,107970959
13703696,Sách đẹp,5,2022-03-02 09:16:52,107970958,107970959
310481,,5,2022-05-05 19:46:35,107970958,107970959
26113827,good,5,2022-04-08 13:37:24,107970958,107970959
7338138,khá tốt,5,2022-03-01 16:42:21,107970958,107970959
21899234,Sách đẹp,5,2022-02-07 16:26:23,107970958,107970959
19082302,sách hay,5,2022-02-09 09:08:50,107970958,107970959
21369589,,5,2022-03-23 17:32:50,107970958,107970959
825713,Sách rất đẹp…,5,2021-11-12 14:20:13,107970958,107970959
1399617,,5,2022-02-28 21:42:12,107970958,107970959
5744457,,5,2022-02-12 13:55:02,107970958,107970959
21353587,Sách hay!,5,2021-11-26 20:51:55,107970958,107970959
20238973,,5,2022-01-02 22:33:27,107970958,107970959
833618,,5,2021-12-30 18:33:15,107970958,107970959
663446,Ok,5,2021-12-13 11:48:12,107970958,107970959
184345,,5,2021-12-24 13:07:41,107970958,107970959
23989115,,5,2021-12-05 19:47:41,107970958,107970959
6143442,,5,2021-12-01 19:37:31,107970958,107970959
392596,,5,2021-12-01 09:13:38,107970958,107970959
8320651,,5,2021-11-16 23:57:40,107970958,107970959
12808696,Quá hài lòng,5,2021-08-08 13:42:15,107970958,107970959
14058276,,5,2021-10-27 12:21:50,107970958,107970959
16711334,,5,2021-10-06 01:20:12,107970958,107970959
11564633,,5,2021-10-05 16:28:17,107970958,107970959
6713213,,5,2021-09-26 17:07:35,107970958,107970959
1670787,,5,2021-08-08 19:09:38,107970958,107970959
7738049,,5,2021-08-06 14:23:36,107970958,107970959
13589049,Mình mua 3 cuốn hai cuốn kha on. 1 cuốn bị xước nhu hinh. hôp hàng thì méo mó mình đặt hàng từ 14.9 đến gần 1.5 tháng sau mới nhận dc. Dịch nhưng qá chậm so vs shoppe *** kieu thì tiki làm việc lâu hơn.,3,2021-10-30 11:48:29,107970958,107970959
16208364,"Lần đầu tiên mình mua của Tiki trading mà vận chuyển chán như này. Gáy sách hơi nhăn, quyển Thân gửi sở thú mình cảm thấy phần lật mở hơi mỏng",4,2021-10-30 14:53:01,107970958,107970959
5975180,,4,2025-06-18 17:23:10,107970958,107970959
8974904,Quên bọc bookcare nhưng vẫn trừ vào phần đã mua.,2,2022-01-18 18:00:41,107970958,107970959
8329316,Ok,4,2022-09-13 11:00:17,107970958,107970959
26204498,,4,2023-02-19 13:28:59,107970958,107970959
12031443,"cũng tạm được, số thể hiện cầm rõ hơn để trẻ em phan biet",3,2021-08-14 08:02:56,107970958,107970959
11603203,sản phẩm ổn,4,2021-11-18 12:23:35,107970958,107970959
11983361,,4,2021-11-07 12:18:57,107970958,107970959
1095585,(*) Đánh giá không tính điểm Sách ko bọc nilong bị mưa nát,2,2023-02-09 16:20:03,107970958,107970959
11983385,"Sách có kể chuyện và kéo qua kéo lại kéo lên kéo xuống nên rất sinh động, em con rất thích.",5,2021-04-25 19:51:04,8470226,8470227
17210465,"Sách rất đáng yêu, bé nhà mình rất thích",5,2021-01-09 09:24:26,8470226,8470227
18535544,,5,2021-07-12 21:41:50,8470226,8470227
21661151,,5,2021-07-09 15:16:11,8470226,8470227
8839156,,5,2021-06-14 13:16:15,8470226,8470227
20333328,,5,2021-04-27 11:36:28,8470226,8470227
333954,,5,2021-04-25 17:53:21,8470226,8470227
6789132,,5,2021-04-14 14:06:11,8470226,8470227
8053044,,5,2021-03-11 22:56:37,8470226,8470227
6125861,,5,2021-03-10 14:08:17,8470226,8470227
534299,,5,2021-03-07 12:01:13,8470226,8470227
5957972,,5,2021-02-27 23:52:44,8470226,8470227
10583404,,5,2021-02-07 00:19:26,8470226,8470227
6688159,,5,2020-12-19 15:57:50,8470226,8470227
931885,,5,2020-12-14 11:19:40,8470226,8470227
700750,,5,2020-11-04 09:15:32,8470226,8470227
260176,,5,2020-10-23 14:43:25,8470226,8470227
986275,,5,2020-10-13 11:29:45,8470226,8470227
578371,,5,2020-09-09 23:15:01,8470226,8470227
5652966,,5,2020-08-23 12:06:25,8470226,8470227
1004715,,5,2020-06-01 11:12:32,8470226,8470227
344931,"sách bìa đẹp, dày dặn nhưng ko có nội dung câu chuyện liền mạch, chỉ vài câu cụt ngủn, bé nhà mình ko thích xem",3,2021-06-18 12:46:56,8470226,8470227
10810742,,4,2021-03-28 17:53:20,8470226,8470227
5586290,,4,2021-01-21 19:04:26,8470226,8470227
5861329,Sách tương tác hay sinh động thích hợp dành cho trẻ em,4,2019-07-26 11:30:24,8470226,8470227
333059,,3,2020-08-19 12:22:18,8470226,8470227
8067645,Hàng giao tốt nhưng nội dung ko như kỳ vọng: nhìn trang bìa nghĩ là sẽ có nội dung về bộ xương và các cơ quan cho bé học. Nhưng nội dung lại chỉ là các số liệu phù hợp với người lớn.,5,2021-11-17 12:40:26,7978955,7978956
124557,sách đẹp tiki giao nhanh. lưu ý là cho bé từ 5-6 t trở lên nhé. nhỏ quá đọc khó hiểu,5,2021-09-26 00:35:44,7978955,7978956
12519681,Sách đẹp. Giao nhanh,5,2021-10-10 09:30:46,7978955,7978956
6089699,,5,2023-04-16 18:06:42,7978955,7978956
19997935,,5,2023-02-16 05:53:59,7978955,7978956
13609374,,5,2023-02-15 14:01:58,7978955,7978956
6280831,,5,2022-10-27 21:50:20,7978955,7978956
7894162,,5,2022-10-25 19:51:27,7978955,7978956
17627603,,5,2022-03-17 07:07:53,7978955,7978956
16990927,Tốt,5,2021-10-16 22:37:59,7978955,7978956
21212391,,5,2021-11-08 21:58:07,7978955,7978956
2210,,5,2021-11-08 08:50:54,7978955,7978956
6896806,,5,2021-09-14 17:06:56,7978955,7978956
9653193,,5,2021-05-28 13:28:52,7978955,7978956
5423,,5,2021-03-31 09:51:58,7978955,7978956
1122865,ok,5,2021-03-15 21:27:24,7978955,7978956
14122062,,5,2021-03-16 13:40:53,7978955,7978956
1710458,,5,2021-03-12 10:00:19,7978955,7978956
8311138,,5,2021-03-01 12:40:49,7978955,7978956
11537744,Sách đẹp,5,2020-07-02 22:27:06,7978955,7978956
6186909,"sách bị rách, trời mưa chưa kiểm tra được hàng, nhờ tiki đổi lại",2,2020-07-06 20:53:03,7978955,7978956
167458,,4,2023-09-06 14:54:09,7978955,7978956
920619,"Giao nhanh. Sách dường như đã cũ, có dấu hiệu đã sử dụng, chất lượng giấy và in bình thường",4,2020-04-21 14:20:44,7978955,7978956
6657686,Sách hơi khô khan,3,,7978955,7978956
5906803,,4,2021-06-09 13:03:26,7978955,7978956
457991,"Mình hay mua sách trên tiki, giá phải chăng, rẻ hơn giá bìa, lại bọc gói cẩn thận.",5,2021-08-23 10:22:24,19699945,19699947
16256733,,5,2024-08-25 22:07:11,19699945,19699947
14199207,"Giao hàng nhanh, sách đẹp, nội dung hấp dẫn. Bé mình rất thích",5,2021-04-16 11:39:48,19699945,19699947
18953866,,5,2023-09-16 10:34:45,19699945,19699947
19509290,,5,2021-05-15 12:56:21,19699945,19699947
19380708,"sách đẹp, trẻ con rất thích",5,2021-07-14 10:36:33,19699945,19699947
632778,"Nội dung sách phù hợp cho bé, được đóng gói cẩn thận và giao hàng thân thiện",5,2020-03-24 11:28:01,19699945,19699947
540099,,5,2021-07-08 12:26:18,19699945,19699947
1013250,,5,2021-05-06 10:06:34,19699945,19699947
11466278,,5,2021-03-26 15:27:09,19699945,19699947
5698774,"Sach hay be minh thích, hình đẹp, giao hàng nhanh. Thông tin hay",5,2019-12-10 19:59:28,19699945,19699947
6454241,Sách hữu ích tuy nhiên mình thấy hơi rối mắt. Bé nhà mình rất thích,4,,19699945,19699947
12709622,"Sách dày dặn, chắc chắn hơn những gì mình nghĩ. Mình dùng đèn pin điện thoại để chiếu lên tường, không phải quá nét nhưng vẫn xem được rất rõ ràng. Cháu mình rất thích, còn kêu là sách này đọc lúc tắt điện ^^ Giao hàng của Tiki thì chẳng còn j để chê nữa, siêu nhanh luôn",5,2022-06-23 09:36:00,13602749,13602750
8087523,"sách kể theo câu thơ ,cũng khá hay,con mình rất thíc",5,2021-02-18 22:46:00,13602749,13602750
889305,Đóng gói tốt. Giao hàng nhanh,5,2021-02-09 11:47:27,13602749,13602750
17595089,Vận chuyển nhanh,5,2021-03-31 22:47:33,13602749,13602750
6346876,,5,2022-06-22 00:06:39,13602749,13602750
23892642,,5,2022-02-22 20:30:18,13602749,13602750
1122739,Sách thú vị lắm bé nhà mình rất thích.,5,2021-03-17 07:32:46,13602749,13602750
7368315,,5,2021-12-30 10:52:55,13602749,13602750
20314428,,5,2021-12-13 22:27:29,13602749,13602750
22237714,sách chắc chắn,5,2021-07-18 20:51:57,13602749,13602750
5652926,Hay,5,2021-08-12 13:24:56,13602749,13602750
12004239,,5,2021-08-16 14:04:35,13602749,13602750
491286,,5,2021-07-25 14:25:18,13602749,13602750
9182719,,5,2021-07-07 13:37:40,13602749,13602750
284971,,5,2021-04-23 13:59:38,13602749,13602750
5762377,,5,2021-04-18 19:42:47,13602749,13602750
761937,,5,2021-04-13 06:32:35,13602749,13602750
6265676,,5,2021-02-25 14:18:18,13602749,13602750
199985,,5,2021-02-01 16:06:31,13602749,13602750
388552,,5,2021-01-21 19:59:11,13602749,13602750
1177667,,5,2020-12-23 21:55:56,13602749,13602750
227642,,5,2020-11-01 13:29:15,13602749,13602750
13552,,5,2020-10-14 20:11:16,13602749,13602750
16068379,,5,2020-10-07 18:37:08,13602749,13602750
1095806,,5,2020-10-04 00:23:47,13602749,13602750
16873930,,5,2020-08-22 12:42:10,13602749,13602750
11353297,,5,2020-08-06 14:16:08,13602749,13602750
511497,,5,2020-07-22 11:47:23,13602749,13602750
15242252,,5,2020-06-19 12:06:16,13602749,13602750
7111486,"Mình dùng đèn flash nên hiệu quả ko ok lắm. Chữ thì nhỏ, vừa chiếu đèn vừa banh mắt đọc ý nên mới dùng 2 lần là hơi chán rùi",2,2021-06-27 16:25:13,13602749,13602750
12945897,,4,2022-07-13 08:44:05,13602749,13602750
649495,"Nội dung ổn, nhưng hình ảnh khá mờ, ko sắc nét, ko nhìn rõ các chi tiết làm khá ức chế.",3,2020-04-15 19:49:48,13602749,13602750
20462700,Sản phảm dùng tạm dc. Mua khi cần,3,2021-03-18 11:58:41,13602749,13602750
14982333,,4,2020-12-15 12:40:55,13602749,13602750
10346008,sản phẩm tốt. Giao hàng nhanh,4,2020-05-18 12:36:23,13602749,13602750
986114,"Bìa sách rất cũ, bị xước nhiều và bẩn. nội dung sách hay,",4,2019-07-17 08:14:26,13602749,13602750
6929636,,4,2020-09-25 10:27:08,13602749,13602750
13623240,sách tương tác cực mạnh kết hợp với chủ đề mới lạ khiến bé rất thích thú,5,2021-01-09 20:53:53,8470258,8470259
27,Trông có vẻ ok. Mình chưa đọc kỹ nội dung nhưng nhìn qua thấy không có vấn đề gì,5,2020-12-31 03:33:33,8470258,8470259
88634,"sách còn mới, dày đẹp, in màu, thiết kế dễ thương hết sức. Nội dung hay.",5,2020-06-05 21:50:52,8470258,8470259
8995950,sách đẹp.,5,2022-01-03 14:06:42,8470258,8470259
12204984,Bé rất thích Sách có màu sắc đẹp Giao hàng hơi lâu Mua dk sale giá rẻ,5,2021-03-17 10:24:37,8470258,8470259
12588992,mình yêu thích vũ trụ và cũng muốn con mình cũng vậy...và nhờ cuốn sách này 2 mẹ con mình đã iu thích vũ trụ hơn nữa,5,2020-03-16 23:41:00,8470258,8470259
1026128,"sách đẹp tuy nhiên hơi ít trang,thích hợp với trẻ nhỏ",5,2021-04-04 21:26:20,8470258,8470259
724474,,5,2022-04-12 21:59:26,8470258,8470259
20314428,,5,2022-04-03 12:44:33,8470258,8470259
8138051,,5,2022-02-19 21:30:14,8470258,8470259
12366644,Màu giấy đẹp,5,2021-10-17 13:30:40,8470258,8470259
11446817,"Bé nhà mình rất thích. Sách mới, cứng cáp.",5,2021-02-24 18:46:11,8470258,8470259
23560485,,5,2022-01-03 13:39:22,8470258,8470259
18403842,,5,2021-12-10 22:35:31,8470258,8470259
6968991,,5,2021-11-22 19:21:08,8470258,8470259
16858250,,5,2021-11-16 21:40:26,8470258,8470259
1342068,,5,2021-11-10 13:47:24,8470258,8470259
8415571,👍👍👍👍,5,2021-07-09 19:54:51,8470258,8470259
17408114,,5,2021-10-02 17:04:45,8470258,8470259
8959695,"Sách hay nhiều hình lật thú vị, các bé rất thích. Đặc biệt có song ngữ.",5,2020-02-17 13:21:25,8470258,8470259
824363,,5,2021-08-12 17:29:29,8470258,8470259
115694,,5,2021-08-01 13:11:13,8470258,8470259
8094296,,5,2021-07-26 10:44:29,8470258,8470259
236317,,5,2021-07-26 07:37:23,8470258,8470259
7331398,,5,2021-07-23 10:18:28,8470258,8470259
2096083,,5,2021-06-29 15:09:58,8470258,8470259
7228719,,5,2021-06-24 07:08:17,8470258,8470259
6772102,,5,2021-05-22 12:02:07,8470258,8470259
20333328,,5,2021-04-27 11:36:39,8470258,8470259
601539,,5,2021-04-24 22:37:00,8470258,8470259
433748,,5,2021-04-18 19:43:24,8470258,8470259
1144954,,5,2021-04-18 10:34:17,8470258,8470259
7091530,Màu sắc đẹp. Chất lượng sách tốt. Bé nhà mình rất thích.,5,2020-01-29 14:00:15,8470258,8470259
5489375,,5,2021-04-11 09:49:50,8470258,8470259
1180208,sp tốt,5,2021-02-07 14:48:51,8470258,8470259
9602653,,5,2021-03-21 21:57:38,8470258,8470259
381628,"Sách đẹp nội dung cũng dễ hiểu, bé thích, mẹ thích.",5,2020-02-15 21:08:36,8470258,8470259
8053044,,5,2021-03-08 19:33:00,8470258,8470259
583827,,5,2021-03-08 08:11:35,8470258,8470259
14425324,hay,5,2021-02-15 08:17:30,8470258,8470259
19316266,,5,2021-02-26 14:38:50,8470258,8470259
13895675,,5,2021-02-23 18:59:47,8470258,8470259
7943518,,5,2021-01-29 22:39:05,8470258,8470259
1623390,,5,2021-01-28 19:10:15,8470258,8470259
288550,,5,2021-01-27 06:56:40,8470258,8470259
19834536,,5,2021-01-13 11:56:26,8470258,8470259
10094064,,5,2021-01-01 07:14:42,8470258,8470259
6169005,,5,2020-12-29 19:11:38,8470258,8470259
13513176,,5,2020-12-10 21:26:33,8470258,8470259
6914536,,5,2020-10-07 16:35:43,8470258,8470259
480992,ok,5,2020-08-09 11:04:24,8470258,8470259
11054489,,5,2020-08-20 15:48:27,8470258,8470259
12548100,,5,2020-07-21 12:06:58,8470258,8470259
6564122,,5,2020-07-16 22:27:01,8470258,8470259
139739,,5,2020-06-20 16:07:11,8470258,8470259
1777320,"nội dung thì cũng ổn nhưng sách giao đến thì cảm giác sách cũ, đã được sử dụng qua. Thất vọng với lần đặt hàng này.",3,2020-09-14 14:41:12,8470258,8470259
9068841,"Sách chơi rất hay, chất lượng, toàn những thông tin có ích cho bé, nhưng hơi ngắn, mong nhà sản xuất chi sách nhiều trang hơn.",4,2022-02-19 20:26:48,8470258,8470259
181248,"Đóng gói của Tiki thì khỏi bàn. Đẹp, chắc. Tuy nhiên, sau vài lần mua hàng mình nhận ra rằng, nhà cung cấp là Tiki Trading có rẻ hơi một chút nhưng khả năng sách bị cũ, nhàu nhiều hơn các nhà *** khác.",4,2020-04-08 17:37:25,8470258,8470259
2233777,"Sách cũ, bẩn. Lần đầu tiên mình thất vọng với sách của Tiki, nhưng mua làm quà tặng nên ko kịp đổi.",1,,8470258,8470259
10165408,"Sách ít trang và các miếng lật mở , hình không giống thật lắm ạ",2,2020-09-23 13:32:02,8470258,8470259
7576526,,4,2021-09-09 13:17:30,8470258,8470259
15650939,"Sách nhìn hơi cũ, chắc do giảm giá 50%.",3,2020-10-11 13:15:14,8470258,8470259
20692997,,4,2021-05-13 22:04:03,8470258,8470259
868836,,4,2021-05-07 23:56:06,8470258,8470259
8765887,sách đẹp. nhưng ít trang hơn mình nghĩ,4,2020-07-08 12:11:37,8470258,8470259
19538100,,3,2020-12-23 17:01:02,8470258,8470259
5422950,,4,2020-07-30 09:16:35,8470258,8470259
15280730,,4,2020-07-28 18:00:08,8470258,8470259
7469347,,3,2020-07-20 20:06:16,8470258,8470259
13901958,,3,2020-07-14 14:42:33,8470258,8470259
2213786,"Giao hàng nhanh chóng thì không phải bàn ở tiki rồi, tuy mua với giá được giảm 58k nhưng phí ship là 44k nhưng không sao khi sách về tay đẹp, ko bị lỗi j, sách được bọc thêm 1 lớp túi bóng rồi mới cho vào hộp dù không được bảo vệ môi trường nhưng lại bảo vệ được sách (mình có tận dụng lại túi này mà không vứt đi nên rất hài lòng về việc bọc sách này). Nội dung trong sách đều ngắn gọn, dễ hiểu, lượng thông tin vừa đủ không gây nhàm chán cho các bạn bé, hình ảnh màu sắc chân thực, cực kỳ nhiều chỗ lật mở luôn. Điểm sáng nữa là sách tận dụng cả trang cuối để in thông tin của nhà phát hành... cùng với thông tin truyền tải đến các bé thay vì dành nguyên 1 trang để in thông tin về nhà phát hành như trước. Nói là sách cho trẻ con nhưng cá nhân mình là người lớn r mà vẫn thấy thích.",5,2021-05-26 19:48:09,2438597,2439765
120479,Sách đẹp và phù hợp với các bé tò mò thích khám phá,5,2024-06-25 12:48:51,2438597,2439765
11159375,,5,2026-06-20 10:42:55,2438597,2439765
10916615,Đã mua sách in ấn rất đẹp,5,2023-11-21 23:04:22,2438597,2439765
20278385,,5,2021-08-11 23:55:23,2438597,2439765
15852442,"Mua sách tặng quà cho bé cháu 6 tuổi, số lượng từ vừa phải để bé đánh vần k dễ chán, màu sắc đẹp, sách giúp bé tương tác tốt với câu hỏi thú vị. Đặc biệt là cho bé đam mê chủ đề vũ trụ!",5,2020-08-23 21:41:04,2438597,2439765
15495185,,5,2023-12-04 14:54:36,2438597,2439765
15488440,"Sách bổ ích, thú vị. Bé nhà mình rất thích",5,2021-07-21 16:18:08,2438597,2439765
381516,Hôm nay mới xem đến trang này. Sách bị lỗi hay sao shop ơi?,1,2025-12-09 21:27:09,2438597,2439765
6061091,"Bé nhà mình chưa tròn 4 tuổi nhưng rất mê quyển sách này, ba mẹ thường cùng con lật mở và đọc sách, đây thực sự là quyển sách thú vị và bổ ích đối với các bé thích khám phá.",5,2019-04-05 08:46:46,2438597,2439765
10112111,Tiki siêu nhanh cảm ơn tiki,5,2021-06-22 11:21:08,2438597,2439765
312705,Thích sản phẩm,5,2021-07-30 22:36:17,2438597,2439765
6955714,Sách tương tác luôn đem lại cho trẻ những ý tưởng mới,5,2020-05-28 13:43:40,2438597,2439765
10601959,,5,2021-07-15 13:02:42,2438597,2439765
299353,,5,2021-07-11 09:10:18,2438597,2439765
18249233,,5,2021-07-09 20:38:09,2438597,2439765
7758232,,5,2021-07-07 14:55:32,2438597,2439765
803114,,5,2021-06-19 09:59:53,2438597,2439765
5796612,,5,2021-06-17 12:52:09,2438597,2439765
10414617,,5,2021-06-16 19:48:21,2438597,2439765
5098349,,5,2021-06-16 11:59:09,2438597,2439765
19312236,,5,,2438597,2439765
1237513,,5,2021-04-29 13:26:49,2438597,2439765
19210,,5,2021-03-14 20:20:56,2438597,2439765
17644778,Sách hay cho bé,5,2020-10-27 10:06:35,2438597,2439765
8382345,,5,2021-01-18 13:35:58,2438597,2439765
5864460,,5,2020-12-23 10:04:10,2438597,2439765
15303154,rất hài lòng vì sách có Nhìu thông tin,5,2020-03-03 17:25:18,2438597,2439765
1233625,"bộ sách rất sáng tạp, đáng yêu",5,2020-03-20 12:49:03,2438597,2439765
12682,,5,2020-08-25 18:21:40,2438597,2439765
15292179,,5,2020-07-27 17:36:56,2438597,2439765
158873,,5,2020-07-09 18:54:07,2438597,2439765
1400795,"Mình mới nhận được sách, sách đẹp. Mình chưa đọc nội dung nên chưa biết như nào. Nhưng trang cuối có một số chi tiết lật mở bị mất chi tiết. không biết sách bị lỗi hay như nào. Tiki kiểm tra lại giúp mình nhé.",4,,2438597,2439765
397076,mua tặng sinh nhật cháu nên hình thức như vầy khó mà chấp nhận.,2,2020-04-14 16:33:50,2438597,2439765
1627213,"Vận chuyển nhanh, sách bên ngoài đẹp mà bên trong toàn thiếu (??) sách lỗi tuồn về bán hay sao mà chán đời :))",3,2020-06-06 13:20:32,2438597,2439765
1512109,"Tựa sách tiếng Anh, lại trong series lift the flap nên tưởng nội dung bên trong cũng có tiếng Anh như mấy quyển đã mua My abc, first 100 words, first 100 numbers, shapes and colours... Hoàn tooàn thất vọng vì tooàn tiếng Việt mà lại chi chít chữ.",3,2019-04-23 23:06:01,2438597,2439765
501164,"Sách hay, nhưng cái bìa thì trầy trụa trông như sách đã qua sử dụng ấy",3,2020-10-13 09:23:22,2438597,2439765
373428,"Mình thấy nội dung tạm ổn, không quá nhiều kiến thức thú vị, chủ yếu sách bìa cứng nên đắt. Nhưng giá như vậy quá đắt so với giá trị nhận được",4,2020-02-10 09:17:32,2438597,2439765
5466701,"Hình vẽ đẹp. Nhưng hình thức phù hợp mầm non mà nội dung nhiều chữ nhỏ chắc phải cấp 1, 2 mới thích. Chất lượng giấy và các tấm lật hơi thất vọng.",3,2019-10-02 22:56:14,2438597,2439765
1370060,"Nội dung hay, nhưng chữ bị nhỏ và hơi tối nên bố mẹ để ý ánh sáng cho con",4,2020-02-28 17:34:01,2438597,2439765
6657686,,4,,2438597,2439765
1847941,,4,2021-02-02 12:08:32,2438597,2439765
18154547,,4,2021-02-01 13:18:42,2438597,2439765
16293686,sách tạm được khá độc đáo .,4,2020-03-23 13:54:44,2438597,2439765
12669142,"Nhận được hàng rất ưng ý. Sách mới và như mong đợi. Vốn mê sách mà nhận được hàng thế này rất ưng qua nhiều lần đặt rồi. Nhân viên nhanh nhẹn, lễ phép với khách. Mình sẽ ủng hộ dài dài tiki nhé ❤️",5,,5457865,5457867
10344360,Sách nội dung đẹp và hay nhưng mà k bao kiếng nên bị bẩn,5,2021-06-12 14:33:15,5457865,5457867
377782,Sách hay và dễ thương để tập đọc cho bé,5,2021-05-17 12:17:10,5457865,5457867
918851,"Sách hay, phù hợp cho trẻ dưới 5 tuổi. Kích thích trẻ có hứng thú với sách.",5,2020-03-05 06:57:14,5457865,5457867
9010211,,5,,5457865,5457867
6507030,,5,2021-07-12 20:53:39,5457865,5457867
299353,,5,2021-07-11 18:51:23,5457865,5457867
6644529,,5,2021-06-26 09:07:30,5457865,5457867
22277640,,5,2021-06-22 19:46:05,5457865,5457867
22098920,,5,2021-06-21 08:16:20,5457865,5457867
20809821,,5,2021-05-12 15:11:00,5457865,5457867
9660139,"Sách có nội dung phù hợp, đẹp, hấp dẫn và thu hút trẻ",5,2020-02-18 16:05:12,5457865,5457867
726378,,5,2021-03-25 13:57:10,5457865,5457867
180925,,5,2021-03-06 17:46:22,5457865,5457867
168069,,5,2020-12-20 12:31:07,5457865,5457867
8485596,,5,2020-09-29 14:08:54,5457865,5457867
6876795,,5,2020-06-20 15:16:04,5457865,5457867
16626334,Hàng bị rách dán băng keo lại giao cho khách. Bán hàng không có tâm. Dù giảm giá nhưng cũng không phải mua với giá sách bị rách như vậy,1,2020-03-05 08:40:29,5457865,5457867
179878,"Sách hay, phù hợp với bé từ 12 tháng tuổi thik tìm tòi, khám phá. Đơn hàng mình mua tiki báo có bọc sách cho cuốn này và trừ của mình 1 bookcare nhưng khi nhận sách sách k đc bọc, rìa sách bị trầy.",4,2020-01-02 11:05:33,5457865,5457867
8679668,Sách giao hơi cũ,4,2021-01-23 22:31:19,5457865,5457867
17451712,Một cuốn sách khổng lồ giúp con trẻ nhận biết và phân biệt được màu sắc. Được dịch từ sách của NXB Usborne Anh Quốc nên không cần bàn cãi về chất lượng từ trong ra ngoài. Cảm ơn Tiki.,5,2024-08-17 13:16:22,7125301,7175349
412834,Sách bìa cứng in vẽ màu rất đẹp. Thích hợp cho bé học tập màu sắc . Bé thích vẽ sẽ rất thích. Giá tốt. Mẹ luôn thích những cuốn sách khổng lồ về các chủ đề. Đây là một trong những cuốn đáng mua trong bộ sưu tập sách của con.,5,2020-08-19 13:35:45,7125301,7175349
12643748,"Sách khổ to, màu sắc đẹp, trình bày sáng tạo, thu hút trẻ em Nhược điểm: hình hơi rối mắt. Tiki giao hàng nhanh, hộp đẹp.",5,2019-10-28 20:00:48,7125301,7175349
1728010,,5,2024-03-09 15:28:55,7125301,7175349
1133125,"Sách có nội dung phong phú về màu sắc, bản thân mình là người lớn nhưng mình cũng thích sách này",5,2020-07-22 14:28:51,7125301,7175349
18563332,,5,2021-02-07 10:52:38,7125301,7175349
14944233,"MINH DA MUA NHIEU LAN SACH BEN TIKI NHUNG CHUA BAO GIO NHẬN SÁCH RÁCH NHU VAY, DA GUI EMAIL VA GỌI TONG DAI THI BEN TIKI BAO DANG LAM THỦ TỤC THU HỒI & ĐỔI SÁCH MỚI ... NGAY HOM NAY LA 3 NGAY, MINH SE CHỜ TIKI XỬ LÝ TRUONG HOP NÀY NHU THE NÀO TIẾP",1,2020-03-29 23:51:55,7125301,7175349
132456,Sách giống như mô tả. Chất lượng giấy tốt. Màu sắc in tốt.,5,2019-10-06 12:11:15,7125301,7175349
594289,sách đẹp,5,2020-07-09 21:52:08,7125301,7175349
10372430,"Sach dep, minh rat hai long",5,2020-03-29 22:53:22,7125301,7175349
11418043,,5,2020-06-29 11:06:48,7125301,7175349
11416768,,5,2020-06-15 16:51:48,7125301,7175349
664454,"Tốn 30k cho dịch vụ gói quà mà sản phẩm nhận được ***, rách như thế này đây, nhân viên giao hàng thì xách hàng bằng cái dây ru băng đưa cho khách. Rất không hài lòng về chất lượng dịch vụ của tiki",1,,7125301,7175349
17313728,"Đóng gói sơ sài, móp méo thùng",1,2025-08-28 17:50:56,7125301,7175349
204152,"Ưu điểm. Sách to, nặng, in đẹp Nhược: Nội dung ít, vòng quay màu sắc trẻ em thể biết được vì dùng để phối màu trang phục. Độ tuổi phù hợp rộng từ 5-15 tuổi nên bé mình 5 tuổi mà chỉ hào hứng mỗi vài ngày vì chỉ là tả màu sắc. mỗi trang chỉ mỗi màu. Giá đắt",3,2020-07-26 19:39:57,7125301,7175349
1822194,"Nội dung sách phù hợp với bé từ 3-5 tuổi. Không hướng dẫn cụ thể cách sử dụng bánh xe màu sắc, cũng không đề cập đến việc pha trộn màu sắc. Nội dung sách không gây hứng thú cho bé.",2,2019-07-02 07:35:48,7125301,7175349
1112415,Sách bị bẩn lem nhem ở bìa. Trong các trang thì bụi bặm. Nội dung màu sắc đẹp,1,,7125301,7175349
7563259,,2,2020-07-31 09:57:48,7125301,7175349
5569999,"Sách đẹp, dầy dặn nha. Hình thức lạ, chiếu in lên tường còn có cả file mp3 đọc trên youtube. Khá hay về hình thức lẫn nội dung. Nên mua cho các con trái nghiệm.",5,2022-06-21 14:23:07,38417457,38417458
6806410,"Đặt tối hôm trước, trưa hôm sau đã nhận ngay, dù chỉ chọn giao hàng tiêu chuẩn. Nhận được sách khá là thích. 1 cách đọc sách hay cho bé. ,chiếu bóng kèm âm thanh và nhạc. Tắt đèn kể chuyện cho con. 2 bé ở nhà cực kỳ thích luôn",5,2020-10-22 16:28:04,38417457,38417458
26881949,,5,2024-10-22 08:23:08,38417457,38417458
14503306,"sách đẹp, cứng cáp, giao hàng nhanh,",5,2022-05-04 13:33:53,38417457,38417458
27213389,,5,2022-04-26 10:18:51,38417457,38417458
329149,"Sản phẩm tốt, đóng gói cẩn thận tuy nhiên giao hàng hơi lâu! Tiki hỗ trợ thì vẫn nhiệt tình :)",5,2020-04-04 17:32:52,38417457,38417458
2175,,5,2021-09-25 09:41:11,38417457,38417458
5158611,Hình ảnh hơi mờ còn lại ok,5,2021-02-04 22:21:53,38417457,38417458
2058522,,5,2021-08-07 16:49:25,38417457,38417458
8593301,,5,2021-08-01 12:36:36,38417457,38417458
14974239,ngon,5,2021-06-07 12:40:08,38417457,38417458
6625356,,5,2021-06-22 09:10:02,38417457,38417458
21897372,,5,,38417457,38417458
262482,,5,2021-05-18 11:49:46,38417457,38417458
592736,,5,2021-05-01 22:54:41,38417457,38417458
6141031,,5,2021-04-27 07:14:56,38417457,38417458
909404,,5,2021-04-21 21:49:52,38417457,38417458
5464516,,5,,38417457,38417458
5661137,,5,2021-03-09 10:13:10,38417457,38417458
1562887,,5,2021-03-03 16:41:38,38417457,38417458
8249283,,5,2021-02-20 12:41:17,38417457,38417458
20119479,,5,2021-02-03 19:33:07,38417457,38417458
199985,,5,2021-02-01 16:06:28,38417457,38417458
13146319,,5,2021-01-14 21:53:21,38417457,38417458
5202411,,5,2021-01-10 20:55:56,38417457,38417458
5832059,,5,2020-12-26 17:14:08,38417457,38417458
633665,,5,2020-12-04 12:05:40,38417457,38417458
21930,,5,2020-11-10 08:02:38,38417457,38417458
13552,,5,2020-10-14 20:11:21,38417457,38417458
1801372,,5,2020-09-08 08:30:23,38417457,38417458
645813,"sản phẩm rất cũ đã bị trầy xước rất nhiều, như đã được sử dụng rất lâu rồi",1,2021-07-05 11:35:17,38417457,38417458
17816206,"Sách màu trắng đen, ko đẹp bằng sách 3 chú heo con",4,2022-10-07 11:06:54,38417457,38417458
193720,,4,2022-06-05 23:35:44,38417457,38417458
11343997,Giá như truyện vừa xem không cần đèn chiếu thì tốt!,3,2020-11-02 19:31:39,38417457,38417458
272471,"Sách lạ, nhưng câu chuyện bản thân nó không mới. Mình sẽ mua mấy quyển cho con thôi.",4,2020-02-29 23:34:20,38417457,38417458
10212832,Hình chiếu hơi mờ,4,2021-06-25 23:01:42,38417457,38417458
9268000,hình chiếu lên tường mờ. không rõ nét,2,2021-01-14 17:47:20,38417457,38417458
21979006,,4,2021-07-11 12:31:03,38417457,38417458
1814573,,4,2021-06-01 05:34:54,38417457,38417458
10940369,,3,2021-01-23 19:46:01,38417457,38417458
6171952,"Sách rất đẹp, có vài vết sờn xíu nhưng chắc do vận chuyển thôi k sao. Mình đã sưu tầm bộ chiếu bóng cho con từ năm ngoái, đọc hết 1 vòng lại đọc lại. Khuyên các mẹ mua sách này về cho con, thích lắm. Trẻ con thấy cái gì lạ là chúng thích, như vậy cũng dễ dạy con đọc sách hơn.",5,2019-08-19 15:48:39,17373719,17373720
1325733,,5,2024-01-14 08:16:27,17373719,17373720
457991,"Nội dung đơn giản , ngắn gọn, ko đầy đủ như bản gốc nhưng các bé thích xem theo kiểu chiếu bóng này. xem đi xem lại ko chán. Các câu chuyện Việt nam hay hơn nước ngoài.",5,2020-01-05 14:32:33,17373719,17373720
17018274,Sách đẹp. Bé nhà m rất thích,5,2021-07-02 14:07:17,17373719,17373720
5155306,,5,2022-01-13 19:47:33,17373719,17373720
7368315,,5,2021-12-30 10:53:00,17373719,17373720
2078053,,5,2021-10-11 00:06:18,17373719,17373720
112443,Phù hợp cho trẻ nhỏ. Mong muốn có quyển dành cho HS lứa tuổi lớn hơn.,5,2020-03-23 17:36:09,17373719,17373720
16553981,,5,2021-08-20 11:14:38,17373719,17373720
21979006,tốt,5,2021-07-11 12:30:31,17373719,17373720
698176,,5,2021-08-07 23:04:09,17373719,17373720
491286,,5,,17373719,17373720
377782,,5,2021-06-25 11:34:24,17373719,17373720
14974239,ok,5,2021-06-07 12:40:01,17373719,17373720
8737785,,5,2021-06-01 15:56:39,17373719,17373720
8876608,,5,2021-05-28 14:14:20,17373719,17373720
9129187,,5,2021-05-22 10:49:53,17373719,17373720
7343198,,5,2021-05-09 09:16:03,17373719,17373720
12195929,,5,2021-04-13 14:08:55,17373719,17373720
1562329,,5,2021-04-06 10:08:26,17373719,17373720
16484944,,5,2021-03-23 13:32:13,17373719,17373720
846915,,5,2021-02-14 11:33:16,17373719,17373720
21930,,5,2020-11-10 08:02:32,17373719,17373720
8140175,,5,2020-09-13 17:12:57,17373719,17373720
314368,"Mình rất hào hứng khi nhận được sản phẩm nhưng mở ra chỉ thấy cuốn sách quá chán vì là đồ cũ, nó có dấu hiệu được mở ra xem nhiều lần ( nhìn giấy phần xỏ lò xo là thấy rõ ràng ), bìa và vỏ ngoài trầy xước tùm lum nhìn không chấp nhận được! Quyết gọi tiki trả hàng và hoàn tiền ngay lập tức!",2,,17373719,17373720
11202148,,5,2020-08-07 20:37:32,17373719,17373720
7140509,,5,2020-06-05 14:00:46,17373719,17373720
645813,"sách cũ, bị trầy xước rất nhiều",1,2021-07-05 11:40:28,17373719,17373720
1835168,"Sách lởm. Có 1 trang bị trùng lắp, thiếu 1 trang truyện",1,2021-06-04 19:19:46,17373719,17373720
7214924,Nội dung hơi vắn tắt so với chuyện gốc.,4,2022-01-15 10:31:07,17373719,17373720
1611232,"Sách đẹp, nội dung hơi ngắn. Mình chưa thử chức năng chiếu bóng, nhưng có vẻ ổn.",4,2020-04-21 08:59:49,17373719,17373720
11666224,"Hình ảnh chiếu lên tường mờ, k sắc nét, sách cũng giống sách cũ",2,2020-03-06 13:22:29,17373719,17373720
6263482,,4,2021-03-05 12:30:09,17373719,17373720
5877324,,4,2020-12-31 08:39:27,17373719,17373720
8005731,,5,2024-04-08 13:06:45,8470228,8470229
1975410,,5,2021-02-17 13:44:17,8470228,8470229
658633,rất hài lòng.,5,2020-10-27 20:06:50,8470228,8470229
17829106,,5,2020-12-16 14:58:09,8470228,8470229
647050,,5,2020-07-04 09:24:10,8470228,8470229
14376651,,5,2020-06-22 11:06:51,8470228,8470229
1004715,,5,2020-06-01 11:12:28,8470228,8470229
11156193,,5,2020-05-30 17:43:52,8470228,8470229
6235858,"Sách cũ, bẩn, bên trong lại còn rách nữa. Mua về để đem tặng mà nhận hàng như kiểu sách dùng rồi. Rất thất vọng!",1,2020-02-01 14:03:49,8470228,8470229
116414,"Phần tranh và các hiệu ứng rất tuyệt nhưng phần dịch lời quá tệ, đọc vào cảm giác còn dở hơn đem lên google dịch ấy, không một chút vần vẻ mà còn ngược miệng, rất chán. Tất nhiên là khi đọc sách cho con mình phải chế thêm lời và mô tả rất nhiều, nhưng không có nghĩa người dịch quăng vào một đống từ ngữ lộn xộn như vậy. Không hiểu sao dịch dở, không có tâm như vậy nhưng bao nhiêu lớp lang kiểm duyệt vẫn cho qua. Các bạn nên mua bộ “trồng trọt, kỳ nghỉ, các nàng tiên, sở thú, làm bánh” thì hơn, bộ đó dịch thơ rất hay. 5 sao cho hình thức và 1 sao cho nội dung. Đinh Tị nên xem lại bộ này.",2,2020-10-06 13:27:38,8470228,8470229
6030619,trong mô tả của tiki sách có 15 trang. nhưng t thấy chỉ có 5 tờ cả bìa (10trang) tiki nên chỉnh sửa lại,4,2019-04-16 15:34:07,8470228,8470229
333059,,4,2020-08-19 12:22:23,8470228,8470229
11983385,"Sách dày, màu sắc rất đẹp. Hình thức tương tác, kéo thay đổi hình ảnh như hình minh họa nè, bé rất thích. Chữ to, phù hợp cho các bé tập đọc nữa.",5,2021-02-24 06:30:52,8470224,8470225
20620058,,5,2024-07-06 11:53:33,8470224,8470225
58274,"sách đẹp, chắc chắn đáng đồng tiền",5,2021-04-26 18:49:22,8470224,8470225
1879102,"Hợp cho mấy đứa nhỏ. bền, tha hồ giặt sấy",5,2021-04-25 17:29:47,8470224,8470225
19444213,Sách rất đẹp,5,2021-11-27 18:38:30,8470224,8470225
25725157,ok,5,2022-01-20 09:52:50,8470224,8470225
23743988,,5,2022-01-10 11:17:30,8470224,8470225
11189251,,5,2022-01-03 23:49:05,8470224,8470225
17554336,,5,2021-12-22 14:03:36,8470224,8470225
464889,,5,2021-12-13 12:31:58,8470224,8470225
7530209,,5,2021-08-08 13:17:26,8470224,8470225
8094296,,5,2021-07-26 10:44:29,8470224,8470225
372982,,5,2021-06-11 14:30:12,8470224,8470225
6589344,,5,2021-05-18 15:03:20,8470224,8470225
5499114,"Mình không hài lòng với lần giao hàng này, sách cũ, bẩn, bìa cong queo như vừa nhét trong kho lấy ra vậy, không nên giao cho khách hàng sách quá cũ như vậy. Mình đã đề nghị đổi/trả sách.",2,2021-03-09 16:01:59,8470224,8470225
583827,,5,2021-03-08 08:11:12,8470224,8470225
5957972,,5,2021-02-27 23:52:19,8470224,8470225
176382,,5,2021-01-15 17:12:25,8470224,8470225
1891638,"bé nhà mình rất thích. Sách được gói hàng kỹ, đẹp, và giao khá nhanh.",5,2019-06-03 13:05:56,8470224,8470225
6806410,"mua về cho bạn nhỏ sưu tầm đủ combo nguyên series truyện. Bạn lớn 5 tuổi, mê bộ này từ lúc 2-3 tuổi. Bạn nhỏ 10month, cũng mê tít ngồi nhìn chị đọc, rồi đưa tay kéo kéo xoay xoay ??",4,2020-10-22 16:36:35,8470224,8470225
468340,"sách đẹp, có điều câu chuyện bị cắt nhiều quá nên hơi hụt hẫng. cho dù số lượng trang bị giới hạn thì cũng k nên giảm số lượng chữ quá mức như vậy",3,2021-05-14 08:16:50,8470224,8470225
10810742,,4,2021-03-28 17:53:12,8470224,8470225
8762927,,4,2021-03-02 21:26:54,8470224,8470225
296743,,4,2020-10-17 10:45:48,8470224,8470225
11983385,Sách có kể chuyện và có thể kéo ra kéo vô nên hai bé nhà mình rất thích.,5,2021-04-21 11:28:55,8818469,8818470
20371787,,5,2021-03-07 13:54:31,8818469,8818470
15595666,,5,2022-03-09 18:35:47,8818469,8818470
23743988,,5,2022-01-10 11:17:28,8818469,8818470
11189251,,5,2022-01-04 11:24:55,8818469,8818470
466889,,5,2021-11-10 19:25:58,8818469,8818470
12106956,,5,2021-11-07 00:18:51,8818469,8818470
17281912,,5,2021-11-06 14:42:26,8818469,8818470
8627646,Rất hài lòng,5,2021-05-24 08:45:22,8818469,8818470
372982,,5,2021-06-11 14:30:24,8818469,8818470
6261185,,5,2021-05-18 11:50:35,8818469,8818470
21115992,,5,,8818469,8818470
1206678,,5,2021-04-21 09:02:48,8818469,8818470
8053044,,5,2021-03-28 16:35:31,8818469,8818470
7719974,,5,2021-03-06 13:29:12,8818469,8818470
5957972,,5,2021-02-27 23:52:14,8818469,8818470
6268299,,5,2021-01-17 19:13:42,8818469,8818470
6688159,,5,2020-12-16 14:55:33,8818469,8818470
5778461,Sách có nội dung hơi cụt lủn và hơi cũ,4,2021-09-11 16:17:54,8818469,8818470
6932066,"K rõ nội dung truyện,k liền mạch và chuyển động tương tác ít hơn mong đợi",3,2021-08-07 23:16:57,8818469,8818470
1173049,đẹp,4,2021-10-11 08:22:17,8818469,8818470
10810742,,4,2021-03-28 17:53:05,8818469,8818470
296743,,4,2020-10-17 10:45:42,8818469,8818470
8076410,,5,2026-07-13 11:29:42,8470230,8470231
2213786,"Lần đầu nhận sách bị lỗi, tiki đổi trả rất nhanh. Nội dung sách là song ngữ anh việt, nội dung câu chuyện ngắn gọn để trẻ bước đầu làm quen.",5,2020-05-22 09:49:04,8470230,8470231
16489232,,5,2021-03-15 14:37:20,8470230,8470231
603132,,5,2021-01-11 21:57:24,8470230,8470231
6688159,,5,2020-12-19 15:57:45,8470230,8470231
6268299,,5,2020-09-29 19:51:30,8470230,8470231
10322791,,5,2020-08-21 14:46:55,8470230,8470231
647050,,5,2020-07-05 07:13:36,8470230,8470231
14376651,,5,2020-06-22 11:06:55,8470230,8470231
116414,"Phần tranh và các hiệu ứng rất tuyệt nhưng phần dịch lời quá tệ, đọc vào cảm giác còn dở hơn đem lên google dịch ấy, không một chút vần vẻ mà còn ngược miệng, rất chán. Tất nhiên là khi đọc sách cho con mình phải chế thêm lời và mô tả rất nhiều, nhưng không có nghĩa người dịch quăng vào một đống từ ngữ lộn xộn như vậy. Không hiểu sao dịch dở, không có tâm như vậy nhưng bao nhiêu lớp lang kiểm duyệt vẫn cho qua. Các bạn nên mua bộ “trồng trọt, kỳ nghỉ, các nàng tiên, sở thú, làm bánh” thì hơn, bộ đó dịch thơ rất hay. 5 sao cho hình thức và 1 sao cho nội dung. Đinh Tị nên xem lại bộ này.",2,2020-10-06 13:27:27,8470230,8470231
5518083,Nội dung cốt truyện tóm tắt hơi lủng củng. Các miếng ghép chuyển động cũng k được phong phú cho lắm,3,2019-06-20 10:48:35,8470230,8470231
6138346,,3,2021-01-10 14:56:19,8470230,8470231
7738925,,5,2026-07-16 11:18:49,8470216,8470217
28656285,,5,2024-11-08 10:16:54,8470216,8470217
358154,,5,2024-09-22 10:17:06,8470216,8470217
5573385,"Con mình la con trai bé rất thích, sách đẹp dày chắc Nhưng mà vì là sách chuyển động nên giá có cao hơn các loại sách thường",5,2019-11-08 10:02:02,8470216,8470217
7091530,Màu sắc hấp dẫn. Chất lượng sách tốt. Bé nhà mình rất thích các loài khủng long.,5,2020-01-29 13:59:44,8470216,8470217
10061115,"sách dày, đẹp, bé rất thích",5,2020-05-19 10:52:51,8470216,8470217
1012205,,5,2020-12-13 16:35:58,8470216,8470217
21631,sách đẹp! !!!!!!!!!!!!!!!!!!!!!!!!!!!!!!!!!!!!!!!!!!!!!!!!!!!!!!!!!!!!!!!!!!!!!!!!!!!,5,,8470216,8470217
260815,,5,2020-08-11 08:51:18,8470216,8470217
11156193,,5,2020-05-30 17:43:57,8470216,8470217
727896,đồng hành với tiki 3-4 năm lần đầu tiên bị nhận sách là sách cũ rách và móp rất chán không biết tiki có cho đổi ko,1,,8470216,8470217
434419,"Nội dung rất dễ thương, phù hợp trẻ em. Nhưng bảo quản sách không cẩn thận, gáy sách bị rách.",3,2019-03-11 12:58:51,8470216,8470217
8352774,"Sách cũng khá hay, nội dung chung chung, dễ rách khi bé sơ ý cầm đè mạnh tay",4,2020-03-13 13:16:38,8470216,8470217
14816037,"Nội dung hơi ít, ko quá phong phú",2,2020-04-06 11:54:41,8470216,8470217
10762807,bình thường . không hay mấy,5,2023-02-04 20:14:30,20286813,20286814
22475526,Sp tốt,5,2022-03-13 20:02:23,20286813,20286814
201969,,5,2023-03-07 18:29:27,20286813,20286814
11155152,,5,2022-09-12 21:47:52,20286813,20286814
12523404,,5,2022-06-20 20:23:27,20286813,20286814
365666,,5,2022-03-18 14:28:44,20286813,20286814
1020994,,5,2021-03-13 12:24:31,20286813,20286814
9172602,,5,2021-03-08 12:28:54,20286813,20286814
180925,,5,2021-03-03 14:49:02,20286813,20286814
445350,,5,2021-02-26 10:56:14,20286813,20286814
308341,,5,2020-08-19 00:12:11,20286813,20286814
6876795,,5,2020-06-20 15:14:49,20286813,20286814
11624,"Dạo này sách Tiki giao cũ, gãy sách nhiều quá. Mình mua lần nào cũng bị nhưng thường xuyên quá phải đánh giá momg Tiki cải thiện lại chất lượng.",3,2020-12-21 08:28:06,20286813,20286814
17946734,Sách không có tính khám phá,3,2022-07-03 10:14:49,20286813,20286814
11265644,"Sách hơi bụi, giấy cứng nên khá sắc Các con rất thích. 1 sản phẩm nên mua",4,2020-12-15 16:38:31,20286813,20286814
7251591,sách hơi bụi,4,2020-12-22 16:05:23,20286813,20286814
8215726,,4,2020-12-09 12:08:54,20286813,20286814
7133442,,5,2024-03-01 18:58:38,8470208,8470209
24512262,"Sách hơi cũ, thơ hay. Bé thích",5,2021-12-13 14:29:39,8470208,8470209
21671036,"Sách đẹp, nội dung dễ thương",5,2021-10-28 00:20:25,8470208,8470209
15523581,Ok,5,2021-10-01 13:14:43,8470208,8470209
17288202,"Sách đẹp, nội dung hay. Các bạn nhà m rất thích!",5,2020-08-27 13:55:24,8470208,8470209
17595089,Vận chuyển nhanh,5,2021-03-31 22:47:22,8470208,8470209
15800464,"Sách hay, be sminh rất thích",5,2022-01-08 22:23:38,8470208,8470209
11028061,Giao hàng nhanh,5,2022-01-24 21:20:41,8470208,8470209
5766575,"sách đẹp, giao nhanh",5,2021-10-24 22:18:21,8470208,8470209
20314428,,5,2022-01-05 14:44:44,8470208,8470209
10491938,sách hay,5,2021-11-03 18:47:50,8470208,8470209
11280300,,5,2021-11-22 18:01:43,8470208,8470209
154700,,5,2021-09-24 17:37:00,8470208,8470209
5652926,,5,2021-07-01 21:28:52,8470208,8470209
526297,"sach day dan, dep...",5,2021-02-02 13:25:33,8470208,8470209
783305,,5,,8470208,8470209
457991,Cácbanj bé rất thích sách này. Tuy nội dung hơi vắn tắt nhưng đủ để hiểu,5,2019-11-14 15:28:57,8470208,8470209
2129726,,5,2021-05-11 12:24:56,8470208,8470209
7343198,,5,2021-05-09 09:16:13,8470208,8470209
5762377,,5,2021-04-18 19:42:21,8470208,8470209
465092,,5,2021-02-20 21:44:11,8470208,8470209
216124,,5,2021-01-31 20:31:26,8470208,8470209
388552,,5,2021-01-22 11:53:47,8470208,8470209
11778380,,5,2021-01-15 19:44:52,8470208,8470209
77445,"Mua về cho bé làm quen, bé rất thích, sách có kèm theo hướng dẫn tải clip tự đọc nữa đấy",5,2019-02-22 16:46:22,8470208,8470209
7569453,,5,2020-12-17 17:10:55,8470208,8470209
13974981,,5,2020-12-04 18:55:08,8470208,8470209
13552,,5,2020-10-14 20:11:11,8470208,8470209
434761,,5,2020-09-17 16:03:37,8470208,8470209
11311598,,5,2020-06-18 10:22:05,8470208,8470209
11343997,"Mình nghĩ truyện này vừa xem đc vừa dùng đèn để chiếu dc, nhưng lật ra thấy toàn phim đen thui à, hơi bất ngờ!",3,2020-10-29 11:09:10,8470208,8470209
601707,"Sách cũ, bung lò xo xoắn gáy sách, bẩn bụi",1,2021-12-18 14:51:12,8470208,8470209
13267276,Chiếu không rõ,4,2021-06-27 09:10:35,8470208,8470209
10556260,,4,,8470208,8470209
15483247,sách tốt,4,2020-09-11 10:22:36,8470208,8470209
13530133,,4,2020-10-27 21:39:34,8470208,8470209
12159141,Cuốn này bằng giấy nên các bé nhỏ xé được. Nhưng mà hình ảnh và màu sắc siêu dễ thương.,5,2025-09-06 20:50:09,162406006,162406007
22174753,,5,2024-07-30 12:54:42,162406006,162406007
8373645,"Sách đẹp, ship nhanh",5,2024-02-22 13:25:01,162406006,162406007
18158193,,5,2024-01-13 10:48:44,162406006,162406007
467262,,5,2023-09-30 19:31:49,162406006,162406007
7080111,,5,2023-08-31 11:46:01,162406006,162406007
15336628,,5,2023-04-26 22:44:07,162406006,162406007
21667600,,5,2023-04-16 23:30:04,162406006,162406007
17471525,,5,2023-03-21 16:33:47,162406006,162406007
330924,,5,2022-12-31 10:21:07,162406006,162406007
7599676,,5,2022-12-03 19:55:27,162406006,162406007
22266274,,5,2022-10-25 00:45:35,162406006,162406007
2142244,sách đẹp,5,2022-07-15 21:02:37,162406006,162406007
850791,Sách hay bổ ích,5,2022-05-19 10:30:12,162406006,162406007
12535359,jj,5,2022-07-11 14:54:10,162406006,162406007
13820617,,5,2022-05-26 14:28:47,162406006,162406007
463457,,5,2022-04-13 21:42:18,162406006,162406007
7738049,,5,2022-03-10 21:06:38,162406006,162406007
5975180,Sách rất dễ thương dễ lật,3,2025-06-18 17:23:50,162406006,162406007
8329316,Ok,4,2022-09-13 10:59:33,162406006,162406007
1697704,,4,2022-07-08 07:33:56,162406006,162406007
7251835,,5,2026-02-28 15:58:23,1332589,1339001
255606,"sách đẹp, nội dung là những câu thơ ngắn gọn theo từng hình chiếu. bé nhà mình rất thích. mình thấy những loại sách này rất thú vị, khuyến khích các phụ huynh nên mua cho bé",5,2020-04-28 15:37:37,1332589,1339001
550357,"Bé nhà mình chỉ hứng thú lần đầu với sách. Nội dung sách đối với mình bình thường, không hấp dẫn lắm Hình thức sách lạ và sáng tạo Đáng trải nghiệm",5,2019-06-10 04:34:55,1332589,1339001
522608,"Bé mình rất thích sách này, từ khi có quyển này hầu như ngày nào cũng đòi ba mẹ đọc cho :), sách sáng tạo, tuy nhiên nội dung chưa phong phú lắm.",5,2019-07-04 09:42:52,1332589,1339001
1474222,"hài lòng về sản phẩm, tương tác rất tốt với trẻ, chất lượng sách đẹp",5,2020-01-20 13:01:09,1332589,1339001
8996896,Bé rất thích. Một hoạt động hay trước khi đi ngủ,5,2020-05-14 13:36:45,1332589,1339001
8791802,"rất hài lòng, giao hàng nhanh. Sách đẹp và mẹ và bé rất thích.",5,2020-02-16 04:07:55,1332589,1339001
272471,Nội dung bình thường nên bé đọc 1 lần là chán luôn,5,2020-02-29 23:36:07,1332589,1339001
11054064,Một dạng truyện khá độc đáo. Bé rất thích và luôn muốn xem vào mỗi tối.,5,2019-04-11 19:04:44,1332589,1339001
17707881,sách hay,5,2020-08-26 09:56:52,1332589,1339001
7238023,"Sản phẩm nhìn như sách cũ, bên trong sách bị rách, có những trang bị dính vào nhau không mở ra được. Điểm cộng duy nhất là chính sách CSKH của Tiki, sách đã được thu hồi vào ngày hôm sau, khi nào nhận được sách mới mình sẽ đánh giá lại.",1,2020-08-14 15:25:02,1332589,1339001
600807,Cũng hay nhưng phải dùng đèn pin một bóng hoặc đèn của điện thoại,5,2018-07-03 09:34:57,1332589,1339001
1364392,"Mình mua 5 cuốn thuộc thể loại sách chiếu bóng. Nội dung thì k phải bàn nữa. Chất lượng giấy tốt, lời dịch (những quyển mình mua) dưới dạng thơ, vần, dễ đọc và dễ đi vào giấc ngủ cho bé. Nhưng lần giao hàng này mình khá thất vọng vì sách k hề được bọc nilon cẩn thận như những lần trước, sách bụi bẩn ngoài bìa và bị trầy xước. Nhìn như quyển sách cũ. Hi vọng lần sau Tiki sẽ lưu ý hơn để không xảy ra tình trạng này nữa.",1,,1332589,1339001
9149084,,4,2020-09-01 14:31:22,1332589,1339001
8605194,,2,2020-08-26 21:33:58,1332589,1339001
7884650,,4,2020-06-29 19:37:41,1332589,1339001
15951249,mình đọc trước khi ngủ cho bé có vẻ bé thích,5,2022-05-05 06:29:39,139730463,139730464
8605045,mua sách là chọn tiki,5,2025-01-02 15:18:08,139730463,139730464
59718,Sách đẹp. Bé rất thích. Giao hàng nhanh. Sẽ tiếp tục mua ở shop.,5,2022-05-08 21:21:24,139730463,139730464
1023265,"Shop đóng gói cẩn thậnh, giao hành nhanh, giá sale tốt",5,2022-06-08 21:28:59,139730463,139730464
22174753,,5,2024-07-30 12:54:40,139730463,139730464
10768744,,5,2024-06-24 13:51:35,139730463,139730464
649623,"sách dễ thương, giao hàng nhanh",5,2022-05-16 20:29:00,139730463,139730464
6359123,,5,2024-02-15 10:55:17,139730463,139730464
358154,"sách đẹp, bé rất thích, hợp với trẻ trên 12m",5,2022-08-09 12:32:17,139730463,139730464
17471525,,5,2023-03-21 16:33:56,139730463,139730464
1700926,,5,2022-10-29 09:51:10,139730463,139730464
6447683,,5,2022-10-05 13:31:18,139730463,139730464
128165,,5,2022-07-21 17:23:03,139730463,139730464
12834829,,5,2022-07-14 18:09:11,139730463,139730464
119159,,5,2022-06-30 20:41:37,139730463,139730464
12963127,,5,2022-03-22 19:35:06,139730463,139730464
14482119,,5,2022-03-06 11:13:39,139730463,139730464
22561258,,5,2022-03-02 15:21:40,139730463,139730464
1399617,,5,2022-02-28 21:41:46,139730463,139730464
207410,,5,2022-02-14 13:25:07,139730463,139730464
9801630,,5,2022-01-19 20:17:04,139730463,139730464
184345,,5,2021-12-24 13:07:23,139730463,139730464
1013191,"Khá là ok, tuy nhiên nếu so sánh với các cuốn ú oà và mông ai đây thì k đẹp bằng.",4,2022-07-20 12:19:05,139730463,139730464
8278565,G,4,2022-01-07 21:18:46,139730463,139730464
5924008,"Sách kể chuyện bằng các đoạn thơ ngắn, nội dung gần sát với truyện gốc. Sử dụng điện thoại chiếu lên tường đẹp lung linh, các bé rất thích kể chuyện bằng pp này, thuộc cả các đoạn thơ. Giá bán của tiki thấp hơn giá gốc giao hàng nhanh, rất đáng mua.",5,2021-01-19 11:45:09,8470206,8470207
1832067,,5,2025-09-22 19:08:24,8470206,8470207
5235982,Sách chiếu bóng ngộ nghĩnh gây thích thú cho trẻ em.,5,2020-10-29 15:47:57,8470206,8470207
141214,"sách chiếu bóng khá mới lạ, có 2 trang hình minh hoạ giống nhau dù lời dẫn truyện khác nhau không biết là sách mình lỗi nên vậy hay là tác giả lười vẽ nên vậy",5,2020-03-03 22:52:32,8470206,8470207
457991,"Nội dung đơn giản , ngắn gọn, ko đầy đủ như bản gốc nhưng các bé thích xem theo kiểu chiếu bóng này. xem đi xem lại ko chán.",5,2020-01-05 14:31:49,8470206,8470207
263450,bé mình khá thích sách này vì mới lạ nhưng do mình chưa quen vừa cầm đèn pin vừa lật sách nên còn hơi khó khăn,5,2020-04-16 09:54:19,8470206,8470207
43812,Thể loại này mới mẻ với bé nên bé rất thích. phù hợp làm truyện kể trước khi đi ngủ.,5,2019-08-07 22:00:10,8470206,8470207
9804175,,5,2021-01-21 23:03:05,8470206,8470207
1177667,,5,2020-12-23 21:56:05,8470206,8470207
13552,,5,2020-10-14 20:11:31,8470206,8470207
1777320,,5,2020-10-08 16:45:57,8470206,8470207
16068379,,5,2020-10-07 18:37:01,8470206,8470207
1801372,,5,2020-09-21 08:17:27,8470206,8470207
5729407,,5,2020-09-14 06:27:16,8470206,8470207
8140175,,5,2020-09-13 17:13:17,8470206,8470207
16873930,,5,2020-08-22 12:41:47,8470206,8470207
102451,,5,2020-08-11 07:26:35,8470206,8470207
123249,,5,2020-07-30 15:14:02,8470206,8470207
14049095,"tiki giao hàng quá tốt, lần đầu tiên mua hàng nhưng cảm thấy rất thích. chất lượng sản phẩm thì ok.nhưng nội dung của quyển sách mình đọc từ ngữ ko thấy hay",1,2020-02-11 22:50:32,8470206,8470207
612115,"sáng tạo nhưng hình ảnh chiếu lên hơi nhỏ, mờ. giọng đọc hơi nhanh, chưa có điểm nhấn thu hút",3,2020-09-13 09:19:06,8470206,8470207
1320499,Sách đẹp bìa cứng gọn gàng. Điểm trừ là sách hơi bẩn chắc do lưu kho lâu. Tiki giao hàng nhanh nhiệt tình. Sẽ mua thêm cuốn nữa trong bộ 3 cuốn,4,2019-03-26 21:36:10,8470206,8470207
18540440,,4,2020-10-07 13:57:35,8470206,8470207
13249814,,2,2020-09-09 02:22:33,8470206,8470207
6489532,sách okay lă.s nbes,5,2021-02-17 11:09:53,2393061,2418747
7894162,,5,2024-05-12 04:36:06,2393061,2418747
632778,"Nội dung sách phù hợp với bé, được đóng gói cẩn thận và giao hàng lịch sự",5,2020-03-24 11:28:38,2393061,2418747
978142,,5,2021-05-21 10:06:22,2393061,2418747
2016542,,5,2021-05-21 09:50:41,2393061,2418747
18480756,,5,2021-05-17 07:49:51,2393061,2418747
1640658,,5,2021-05-14 14:46:56,2393061,2418747
361362,,5,2021-04-20 21:05:56,2393061,2418747
118031,sách hay,5,2021-02-06 23:28:31,2393061,2418747
14122062,,5,2021-03-16 13:40:58,2393061,2418747
2083631,,5,2021-03-10 21:06:54,2393061,2418747
15579885,,5,2021-03-04 10:24:53,2393061,2418747
180925,,5,2021-03-03 14:49:27,2393061,2418747
6538175,,5,2021-02-26 07:11:57,2393061,2418747
19662,,5,2021-02-02 05:36:36,2393061,2418747
10413836,,5,2021-01-20 15:34:17,2393061,2418747
55535,,5,2021-01-04 19:54:10,2393061,2418747
5866572,"Sách hay, tốt. Giao hang nhanh…………………………………………………………………………………...",5,2018-11-30 08:55:44,2393061,2418747
14859980,,5,2020-08-29 23:05:45,2393061,2418747
6876795,,5,2020-06-20 15:15:20,2393061,2418747
9777439,"Với giá này thì quá hài lòng. Mình đã mua các cuốn lift the flap khác, so với trước thì cuốn này giá quá mềm hơn, nội dung vừa đủ cho bé 2-5tuoi. Lớn hơn mình e là hơi ít, cần thêm nội dung. - Xem kỹ bên trong thì hình ảnh sinh động, rõ ràng, nội dung vừa đủ cho bé 2-5tuoi. - Có 1 điểm mình đặc biẹt chưa hài lòng là sách chưa có phần phụ tiếng anh (vì các cuốn truoc mình mua có nhiều hơn).",4,2019-07-24 16:14:59,2393061,2418747
11295736,"Sách giao cũ bụi đóng đầy , k lau nổi trước khi giao cho khách",1,,2393061,2418747
7031251,rất hay nhé ạ. mọi người hãy nên đọc 1 lần cho biết. sách rất đáng đồng tiền bát gạo nha mọi người. hehehhehe,5,2021-06-08 14:34:46,10581349,10581350
20373266,"sản phẩm tốt, hình ảnh đẹp, nội dung phu hop voi tr 2 -3tuoi",5,2021-05-16 14:56:02,10581349,10581350
20337245,"sách hay, đẹp, sinh động",5,2021-07-08 21:40:48,10581349,10581350
585310,"Sách đẹp, bé rất thích",5,2021-06-16 07:12:05,10581349,10581350
632778,"Nội dung sách phù hợp với bé, sách mới, đóng gói cẩn thận, giao hàng lịch sự",5,2020-03-24 11:05:33,10581349,10581350
11604093,? ? ? ? ? ? ? ? ? ? ❤ ❤ ❤ ❤ ❤ ❤ ❤ ❤ ? ? ? ? ? ? ? ? ❤ ❤ ? ❤ ? ❤,5,2020-04-23 13:51:44,10581349,10581350
13529823,,5,2021-08-11 11:26:04,10581349,10581350
16795669,,5,2021-07-30 15:06:20,10581349,10581350
9010211,,5,,10581349,10581350
299353,,5,2021-07-11 18:51:21,10581349,10581350
540099,,5,2021-07-08 12:26:36,10581349,10581350
11579043,,5,2021-05-20 18:43:11,10581349,10581350
1640658,,5,2021-05-14 14:47:06,10581349,10581350
479720,,5,2021-04-15 20:23:08,10581349,10581350
14626590,,5,2021-02-26 21:40:08,10581349,10581350
168069,,5,2020-12-20 12:31:10,10581349,10581350
6876795,,5,2020-06-20 15:14:59,10581349,10581350
6035381,"Bìa sách rất bẩn và cũ, gáy sách lỏng lẻo. Mà Tiki còn giao trễ cho mình hơn 1 tuần luôn mà không thông báo trước. Tặng mua sinh nhật cháu mà giờ phải trả lại. Đợi mãi chưa thấy ai đến thu hàng cả. Chắc lần sau không dám mua Tiki nữa.",1,2020-06-15 09:13:41,10581349,10581350
2038417,Tiki giao hàng nhanh nhưng sách hơi cũ và bị tróc một số chỗ,4,2020-05-07 16:11:46,10581349,10581350
6709959,"Sách dơ, dính nhiều bụi. Phải lau lại mới dùng được",2,2021-05-23 21:42:09,10581349,10581350
15842505,"sách mẫu mã đẹp, dày, hấp dẫn, đóng gói chắc chắn đẹp, nhân viên giao hàng nhiệt tình",4,2020-02-27 10:26:07,10581349,10581350
8967401,sách đẹp. nhưng sách bị bẩn 1 chút. khi đóng gói tiki chưa chú ý vệ sinh sạch đi,4,2020-04-24 14:57:21,10581349,10581350
12233099,,4,2021-07-30 12:52:30,10581349,10581350
12311483,Sách rất hay nhưng bìa hơi cũ,4,2020-05-27 12:11:40,10581349,10581350
1915737,,4,2020-08-07 09:43:01,10581349,10581350
2213786,"Sách độc đáo, chắc chắn bạn bé nào cũng thích vì ng lớn mà thấy quyển này cũng sướng rơn lên vì cách trình bày cực kỳ sáng tạo lại có cả song ngữ",5,2019-02-11 22:31:23,8470204,8470205
7945696,Sách có 1 vết như loang mực. Rách thì chắc do con mình làm. Sách chiếu bóng là 1 khám phá mới mẻ tuyệt vời. Người đọc sách online hay. Sách rất ít trang,5,2021-11-15 19:58:16,8470204,8470205
1147165,"Cháu mình vô cùng thích thú khi xem sách. Cháu chậm nói nhưng vẫn đọc lại những câu thơ mặc dù không tròn chữ. Cháu gọi là nhà vua, chứ nhất quyết không chịu ông vua. Bạn có thể cảm thấy sách mắc cho đến khi bạn nhìn đứa trẻ của bạn thay đổi tốt hơn.",5,2019-08-20 20:34:21,8470204,8470205
10603308,"sách đẹp, dịch tiếg anh tương đối ổn. giao hàng nhanh",5,2021-10-04 12:54:22,8470204,8470205
206799,"Đây là cuốn sách rất nên mua. Sách dày dặn cứng cáp, hình ảnh rất đẹp. bé nhà mình rất thích khi thấy những hình chiếu bóng in trên tường. Có cả tiếng việt lẫn tiếng anh, rất bổ ích",5,2019-08-22 17:57:14,8470204,8470205
26747665,Ok nhé,5,2022-02-16 18:12:09,8470204,8470205
6617824,,5,2022-10-03 16:31:53,8470204,8470205
14423735,"mk nghĩ n có màu. nhg hoá ra là đen trắng. nhg ks. sách đẹp đóng gói chắc chắn, sẽ ủng hộ shop",5,2020-10-23 10:45:07,8470204,8470205
15014168,"sách đẹp, đóng gói đẹp, bé nhà mình rất thích",5,2021-07-29 15:22:05,8470204,8470205
22783353,,5,2022-03-06 14:54:37,8470204,8470205
16296870,Giao hàng nhanh đẹp,5,2021-09-07 17:36:23,8470204,8470205
10491938,con rất thích,5,2021-10-11 14:02:58,8470204,8470205
22236056,,5,2021-12-30 21:13:47,8470204,8470205
7558484,,5,2021-11-17 20:24:56,8470204,8470205
2078053,,5,2021-10-11 00:06:06,8470204,8470205
1387121,,5,2021-09-16 12:31:58,8470204,8470205
16553981,,5,2021-08-20 11:14:35,8470204,8470205
14185936,,5,2021-08-03 00:09:47,8470204,8470205
8593301,,5,2021-08-01 12:36:31,8470204,8470205
637253,,5,2021-07-06 12:33:51,8470204,8470205
1856379,,5,,8470204,8470205
21897372,,5,,8470204,8470205
1115873,,5,2021-06-08 16:39:05,8470204,8470205
1962651,,5,2021-06-07 13:24:02,8470204,8470205
11091959,,5,2021-05-31 17:20:52,8470204,8470205
783305,,5,,8470204,8470205
7128500,,5,2021-05-29 11:39:25,8470204,8470205
1869950,,5,2021-05-27 19:33:46,8470204,8470205
262482,,5,2021-05-20 22:26:16,8470204,8470205
18109096,,5,2021-04-30 16:45:00,8470204,8470205
1709116,,5,2021-04-02 20:52:15,8470204,8470205
7367149,ghhj,5,2021-03-04 16:17:30,8470204,8470205
5109756,,5,2021-03-22 18:41:35,8470204,8470205
36527,,5,2021-02-17 15:38:28,8470204,8470205
17098905,,5,2021-02-03 22:48:43,8470204,8470205
388552,,5,2021-01-22 11:53:55,8470204,8470205
10876016,,5,2021-01-07 09:23:46,8470204,8470205
1928580,,5,2020-12-21 12:29:25,8470204,8470205
1180667,,5,2020-12-19 10:51:50,8470204,8470205
506741,,5,2020-11-02 21:25:37,8470204,8470205
6679640,,5,2020-11-01 13:04:04,8470204,8470205
13552,,5,2020-10-14 20:11:35,8470204,8470205
138399,,5,2020-10-03 08:02:45,8470204,8470205
13376746,,5,2020-09-12 13:23:37,8470204,8470205
8147746,,5,2020-08-04 23:23:17,8470204,8470205
15006979,"Mình dùng Tikinow để mua sản phẩm nhanh cho bé. Quá thất vọng khi nhận được 1 cuốn sách cũ, bóp méo và rách bìa. Đổi trả lại mất thêm vài ngày. Khá buồn",1,,8470204,8470205
645813,"sản phẩm rất cũ, đã bị sự dụng lâu, trầy xước rất nhiều",1,2021-07-05 11:37:06,8470204,8470205
2131273,"Khá phiền phức, không cò gì đặc biệt",3,2022-04-14 22:38:08,8470204,8470205
601707,"Sách bụi bẩn, trông rất cũ",1,2021-12-18 14:50:40,8470204,8470205
1211895,tạm được,4,2021-06-06 11:31:37,8470204,8470205
21979006,tốt,4,2021-07-11 12:30:57,8470204,8470205
7122440,"cuốn sách như rạp chiếu phim thu nhỏ, khá bổ ích, gây sự tò mò, thích thú với trẻ, rất mới lạ",4,2019-04-03 20:04:46,8470204,8470205
1878015,n8c3,4,2021-03-01 19:40:34,8470204,8470205
6065689,"Giao hàng nhanh, sách không bọc nên dính bụi nhìn hơi cũ",4,2019-11-12 15:43:13,8470204,8470205
7319437,,1,2020-07-12 15:30:21,8470204,8470205
820924,"Sách mua trên tiki giá rẻ 30% so với giá niêm yết ngoài nhà sách Chỉ có điều bộ truyện này chắc vì kích thước nên nội dung bị tóm gọn nhiều, lược nhiều chi tiết quá",5,2020-02-08 20:49:32,17373721,17373722
560496,,5,2023-02-22 20:10:36,17373721,17373722
6617824,,5,2022-09-28 17:23:30,17373721,17373722
24970706,,5,2022-07-03 10:47:18,17373721,17373722
6346876,,5,2022-06-22 00:06:32,17373721,17373722
17018274,Sách đẹp. Bé nhà m rất thích,5,2021-07-02 14:07:26,17373721,17373722
10784359,"Sách in và trình bày đẹp. Nội dung sách hay, có check được mã QR để xem video đọc sách khi chiếu.",5,2019-10-21 15:03:18,17373721,17373722
18188916,,5,2021-08-10 14:05:11,17373721,17373722
2058522,,5,2021-08-07 16:49:26,17373721,17373722
21798051,,5,2021-07-05 22:04:13,17373721,17373722
16597040,,5,2021-06-09 09:17:53,17373721,17373722
852666,đẹp,5,2021-04-24 10:28:35,17373721,17373722
8876608,,5,2021-05-28 14:14:11,17373721,17373722
504894,,5,2021-05-06 13:17:34,17373721,17373722
19444915,,5,2021-04-26 20:01:15,17373721,17373722
909404,,5,2021-04-21 21:49:58,17373721,17373722
1891638,"Sản phẩm rất đẹp, bé nhà mình rất thích, tối nào cũng đòi chiếu đèn và đọc bé nghe",5,2019-06-29 16:01:12,17373721,17373722
6833390,,5,2021-04-13 21:19:17,17373721,17373722
16378499,,5,2021-02-17 15:15:19,17373721,17373722
5202411,,5,2021-01-10 20:56:02,17373721,17373722
1177667,,5,2020-12-23 21:55:52,17373721,17373722
2127217,Sách rọi đèn xem rõ nét. Chất lượng tốt.,5,2020-01-15 22:56:28,17373721,17373722
14366654,,5,2020-11-11 10:33:46,17373721,17373722
6679640,,5,2020-11-01 13:04:26,17373721,17373722
13552,,5,2020-10-14 20:11:26,17373721,17373722
2142016,,5,2020-10-10 05:48:05,17373721,17373722
7203353,,5,2020-09-09 02:25:08,17373721,17373722
16648613,,5,2020-08-17 14:59:58,17373721,17373722
15455094,hiwi đát,5,2020-06-01 05:46:35,17373721,17373722
5924008,"Nội dung phù hợp với các bé, hình ảnh đẹp lung linh nếu chiếu đúng theo hướng dẫn cách nguồn sáng 25-30cm, cách tường 1,5-2m. Sách kể chuyện bằng các đoạn thơ ngắn tuy nhiên nội dung bị lược quá nhiều do câu chuyện quá dài. Nên mua câu chuyện ngắn. Tiki bán giá tốt, vận chuyển nhanh. Rất hài lòng với sp.",4,2021-01-19 11:48:18,17373721,17373722
8696084,"sách hơi xây xước một chút, tiki giao hàng nhanh",4,,17373721,17373722
6550842,"Chiếu hình mờ quá không rõ, rất dễ hư mắt trẻ em. Mặc dù làm theo cách trong sách hướng dẫn ( đèn pin chiếu phần dưới của hình ngay chữ phụ đề ) nhưng rất mờ hình ảnh. Sẽ không mua nữa cho đến khi có sản phẩm tốt hơn cho mắt trẻ em",1,2020-08-04 18:44:07,17373721,17373722
23919043,"Sách hoàn thiện tốt, quét mã qr có video kể chuyện sẵn mở cho bé nghe luôn. Có điều không biết dùng đèn gì chiếu cho đẹp!",4,2022-08-06 10:21:27,17373721,17373722
1322514,"Truyện có cách kể bằng thơ mới lạ, có thêm tiếng anh, nên người nhận khá thích thú. Tuy nhiên số trang hình ảnh quá ít, để truyền tải 1 câu chuyện dài, nhiều tình tiết.",3,2021-05-24 16:41:29,17373721,17373722
12945897,,4,2022-07-08 15:03:19,17373721,17373722
21979006,,4,2021-07-11 12:30:54,17373721,17373722
96581,,4,2021-06-17 20:12:00,17373721,17373722
5929826,"Sách đẹp nhưng bị rách một chút nhưng ko sao ,nội dung hay .",4,2020-04-03 17:23:30,17373721,17373722
8737785,,4,2021-06-01 15:56:46,17373721,17373722
5620273,,4,2021-04-01 16:18:23,17373721,17373722
580258,Mình thấy sách không được mới lắm. Hình thức cũng khá hay!,4,2019-11-06 06:22:41,17373721,17373722
2213786,"Sách gồm 5 trang, trang đầu tiên có lật giở, các từ vựng trong sách đều có cả tiếng anh và quan trọng hơn là có cả cách phát âm - đây là điều mà ít sách để tâm. Cạnh mỗi từ sẽ có biểu tượng tương ứng với nút âm thanh ở bên cạnh và sẽ được phát theo thứ tự. Âm thanh minh hoạ cũng rất chân thực. Điểm trừ là giá thành còn cao. Giá gốc là 199k mình mua được giá giảm nên thấy đỡ xót hơn",5,2021-02-01 09:13:00,37875478,37875479
13623240,Shop đóng gói cẩn thận Giao hàng nhanh Sách nội dung và hình ảnh rất dễ thương. Màu sắc tươi sáng Song ngữ xịn sò Sách kết hợp âm thanh và lật mở. Săn sale siêu rẻ,5,2020-12-30 14:33:46,37875478,37875479
372785,"Sách dễ thương, có các âm thanh xe cộ quen thuộc hàng ngày. Phù hợp với các bé mầm non❤️",5,2021-05-08 10:59:02,37875478,37875479
60695,"Mua 1 lần rồi, sale mua tiếp quyển nữa đem đi tặng. Sale 80% còn 40k cho 1 quyển sách chất lượng thế này thì nên mua quá ấy.",5,2021-04-26 17:05:25,37875478,37875479
17195572,"Sản phẩm chất lượng tốt, rất đáng mua, shop giao hàng nhanh đòng gói cẩn thận, sẽ tiếp tục ủng hộ shop khi có nhu cầu",5,2021-04-23 18:32:58,37875478,37875479
12429108,"sách cứng cáp, màu sắc đẹp. âm thanh cũng sống động nữa. săn được sale nên giá rẻ. mình rất hài lòng. sách rất đáng mua nhé mn.",5,2020-12-29 14:01:58,37875478,37875479
432136,"Mình mua quyển này vs giá km còn có 30k. Nên ưng ý lắm ạ. :) Âm thanh nghe rõ ràng, nhưng hơi nhỏ.Bé nhà mình rất thích",5,2021-04-24 08:55:25,37875478,37875479
1247122,"Sách có âm thanh phù hợp với phương tiện, bé rất thích tuy chưa tự ấn được các nút",5,2021-05-24 20:18:44,37875478,37875479
6218701,Sản phẩm tốt - giao hàng nhanh - đóng gói cản thận - giá dẻ hơn bên ngoài nhiều,5,2021-06-28 11:06:29,37875478,37875479
1329912,Sách âm thanh rất vui tai tuy nhiên nên canh sale,5,2021-04-24 18:34:23,37875478,37875479
8184315,sp tốt giao y hình,5,2021-04-04 11:18:55,37875478,37875479
20229328,"phù hợp tương tác âm thanh,phát triển thính giác cho con",5,,37875478,37875479
5265022,"Sách đẹp ok nha mn, mỗi tội là hơi ít trang để cho con đọc thôi à?",5,2021-01-29 21:11:52,37875478,37875479
36198,Số trang hơi ít nhưng bù lại khá hay và vui. Bé rất thích.,5,2021-03-11 16:13:51,37875478,37875479
8487504,Bé rất thích,5,2021-09-17 14:02:41,37875478,37875479
5620694,"Giao hàng nhanh, sách đẹp và thú vị cho trẻ.",5,2020-11-11 09:52:30,37875478,37875479
6089699,Sách đẹp giá tốt,5,2021-04-01 15:43:29,37875478,37875479
10091558,"sách hay, phù hợp cho trẻ con",5,2021-01-16 19:43:29,37875478,37875479
5147459,,5,2021-07-13 22:35:17,37875478,37875479
5961176,,5,2021-07-08 13:39:10,37875478,37875479
1468644,"Sách rất hay, in đẹp. Đinh Tị in sách và hoàn thiện tốt",5,2020-05-18 06:59:53,37873534,37873535
392793,Hài lòng sản phẩm. Giao hàng nhanh,5,2020-05-30 10:06:20,37873534,37873535
7080278,,5,2021-01-07 22:57:24,37873534,37873535
10571016,,5,2021-01-02 08:24:14,37873534,37873535
18026956,,5,2020-12-08 18:27:38,37873534,37873535
839981,,5,2020-09-25 08:04:14,37873534,37873535
457991,"Sách đóng gói cẩn thận, giao hàng lâu, đặt để 1/6 tặng mà cuối cùng đến 7-6 mới nhận đc . các bạn bé khá thích",4,2020-06-10 15:52:13,37873534,37873535
15978949,có 5 trang thôi hơi đắc một chút,1,2020-04-07 16:28:56,37873534,37873535
17105369,,4,2020-11-28 22:48:19,37873534,37873535
908196,,4,2020-06-09 05:11:26,37873534,37873535
