CustomerID,content,star,time_review,BookID,spid
30645655,Sách tuyệt vờiii nhưng mà mấy trang sau bị bung chỉ,5,2026-08-08 06:27:58,277228103,278093889
29198620,,5,2026-09-22 22:39:52,277228103,278599631
30624983,,5,2026-08-18 19:33:21,277228103,277228108
30732057,,5,2026-08-06 14:39:11,277228103,278093893
30646872,,5,2026-08-05 14:52:44,277228103,278093885
30646872,,5,2026-08-05 14:52:54,277228103,277228108
30732698,,5,2026-08-03 18:50:47,277228103,277228109
30732698,,5,2026-08-03 18:51:13,277228103,278093889
30544067,,5,2026-08-03 12:28:46,277228103,277228108
30725184,,5,2026-07-29 22:19:39,277228103,278093891
30725184,,5,2026-07-29 22:19:48,277228103,278599631
30607391,,5,2026-07-27 14:31:05,277228103,277228108
30607391,,5,2026-07-27 14:31:12,277228103,278093885
46251,"sách đẹp, giao hàng nhanh, 10 điểm",5,2025-09-22 01:38:47,277228103,277228108
30661360,,5,2026-05-13 14:04:28,277228103,278093891
30513267,,5,2026-04-22 12:32:06,277228103,278093895
10696677,,5,2026-04-05 19:51:09,277228103,278093895
850550,,5,2026-03-24 12:41:52,277228103,278093895
17105091,,5,2026-02-11 11:23:49,277228103,278599631
17105091,,5,2026-02-11 11:24:04,277228103,278093895
13905846,,5,2025-10-31 09:48:08,277228103,278093885
13905846,,5,2025-10-31 09:46:50,277228103,277228109
13905846,,5,2025-10-31 09:46:55,277228103,278093889
13905846,,5,2025-10-31 09:47:01,277228103,278093891
13905846,,5,2025-10-31 09:47:04,277228103,278093893
13905846,,5,2025-10-31 09:47:07,277228103,278093895
30645655,Sách bị hư phần này rồi tiếc quá,3,2026-08-08 12:44:43,277228103,277228109
12396203,"Nhân viên không hỗ trợ, ship tự ý cập nhật giao thất bại, df nặng",2,2026-08-23 06:59:52,277228103,278093895
12396203,"Dịch vụ tệ, nhân viên vô dụng, giao lâu, đóng gói tệ hại",1,2026-08-19 17:30:35,277228103,278093893
30172299,"Lâu rồi mới mua bên TIKI, đóng gói cải thiện rất nhiều, giá sách rẻ, giao hàng nhanh. Sách mới và ko bị dập gì cả. Hãy tiếp tục phát huy nha TIKI ❣️",5,2025-11-29 12:27:45,273746688,273204606
30011378,"Đóng gói cẩn thận, sản phẩm vẫn y nguyên, không hư hại -> tốt cực kỳ",5,2025-02-25 17:30:34,273746688,275406101
30718453,,5,2026-07-16 16:28:21,273746688,277964675
30718453,,5,2026-07-16 16:28:27,273746688,278457466
25459148,,5,2026-06-04 16:52:26,273746688,278457466
108494,,5,2026-04-20 08:28:32,273746688,278457466
20138500,,5,2026-04-10 14:51:24,273746688,278457466
463716,Giao hàng nhanh. Bìa đẹp,5,2024-04-13 21:59:59,273746688,273746691
20630197,,5,2025-10-09 11:03:40,273746688,278457466
385406,,5,2025-08-29 19:41:13,273746688,278457466
7981785,,5,2025-08-18 15:23:34,273746688,273204606
27576897,Tốt,5,2023-11-27 03:14:41,273746688,273204606
68275,Không ngờ là sách khổ lớn. Tiki giáo hàng cực nhanh.,5,2023-11-17 13:15:17,273746688,273204606
68275,,5,2024-10-21 20:41:02,273746688,275406101
13651255,,5,2024-10-14 16:43:14,273746688,275406101
29172326,"Đóng gói kĩ, sách đẹp.",5,2024-03-27 12:58:28,273746688,273204606
28361840,,5,2024-07-18 21:26:30,273746688,275406101
28361840,,5,2024-07-18 21:26:40,273746688,273746691
27067787,,5,2024-04-15 09:27:59,273746688,273204606
8802,Quá tuyet vời,5,2023-12-10 16:52:06,273746688,273204606
28082107,,5,2023-12-12 22:40:37,273746688,273204606
385406,,5,2023-11-27 21:58:17,273746688,273204606
520663,,5,2023-11-26 19:58:05,273746688,273204606
759415,Đã thu thêm 7.000vnd mà vẫn gói không kỹ càng để sách bị hư? Đề nghị nếu đã thu thêm phí gói thì làm ơn gói đàng hoàng giùm. Mua hàng chưa không phải chơi sổ xố đâu,1,2023-11-15 19:36:46,273746688,273204606
357871,,4,2023-12-21 14:08:23,273746688,273204606
1342710,"Đầu tiên là sách giao về còn nguyên vẹn, không móp hay cuốn góc. Sách cầm chắc tay, bìa đẹp. Sau nữa là nội dung, phải nói là okla luôn, truyện của Mộc Hề Nương kinh dị thì khỏi phải bàn, bên cạnh đó còn ngọt nữa, nói chung là dễ thương, có đáng sợ nhưng ngọt ngào nhiều hơn. Mong đợi quyển 3 mau rq để mua về, càng mong đợi sách sẽ in luôn các phiên ngoại đọc cho đã! Shipper dễ thương, nhiệt tình, mối quen nên giao mình nhanh lắm! Nói chuyện cũng vui vẻ vui vẻ nữa!",5,2024-06-03 12:29:18,272447731,262806375
1342710,"Đầu tiên là sách giao về còn nguyên vẹn, không móp hay cuốn góc. Sách cầm chắc tay, bìa đẹp. Sau nữa là nội dung, phải nói là okla luôn, truyện của Mộc Hề Nương kinh dị thì khỏi phải bàn, bên cạnh đó còn ngọt nữa, nói chung là dễ thương, có đáng sợ nhưng ngọt ngào nhiều hơn. Mong đợi quyển 3 mau rq để mua về, càng mong đợi sách sẽ in luôn các phiên ngoại đọc cho đã! Shipper dễ thương, nhiệt tình, mối quen nên giao mình nhanh lắm! Nói chuyện cũng vui vẻ vui vẻ nữa!",5,2024-06-03 12:29:35,272447731,272447743
11224107,Siêu yêu. Thích shop đóng gói rất cẩn thận. Sách bọc siu đàng hoàng. Giá rẻ. Giao quá nhanh. Nội dung lôi cuốn. Tớ đọc rồi mà thấy rẻ muốn mua siu tầm. Lâu lâu bỏ ra ngắm nghía cũng thấy vui,5,2024-10-31 12:06:27,272447731,272447743
16533696,"Giao hàng siêu nhanh, đóng gói bọc chống sốc cẩn thận, rất hài lòng",5,2026-07-08 18:26:25,272447731,275705489
16533696,"Giao hàng cực nhanh, đóng gói cẩn thận, rất hài lòng với shop",5,2026-07-08 18:28:24,272447731,275086997
11224107,"Sách bao bọc kỹ. Nội dung thì khỏi nói rồi. Quá hay, lôi cuốn. Giá mềm và đặc biệt giao hàng rất nhanh",5,2024-10-31 12:04:04,272447731,275705489
8071,"Sách nguyên seal, đầy đủ phụ kiện, tiki đóng gói chu đáo, giao hàng siêu nhanh, vote 5 sao, sẽ tiếp tục ủng hộ",5,2024-05-05 18:22:05,272447731,262806375
30731133,*** nhái bọc nó ít mà nó khùng mà ko df hay thiệt,5,2026-08-04 20:36:56,272447731,275705489
29815507,shop gói siêu kĩiiii yêu lắm ạ,5,2025-06-26 12:38:21,272447731,262806375
30745295,Sách seal nguyên gói rất kỹ nha,5,2026-08-19 22:18:49,272447731,275086997
25459148,,5,2026-08-10 14:18:00,272447731,275705489
25459148,,5,2026-08-10 14:18:15,272447731,275086997
30679567,,5,2026-07-08 11:56:29,272447731,262806375
30250101,,5,2026-04-25 04:24:43,272447731,275705489
16397719,,5,2026-04-18 20:44:50,272447731,272447743
16397719,,5,2026-04-18 20:45:15,272447731,275705489
16397719,,5,2026-04-18 20:45:35,272447731,262806375
28445271,"Bìa đẹp, giao hàng nhanh, sách không bị lỗi j",5,2024-02-21 15:40:03,272447731,272447743
131307,,5,2026-03-21 18:07:12,272447731,262806375
131307,,5,2026-03-21 18:07:16,272447731,275086997
131307,,5,2026-03-21 18:07:19,272447731,275705489
131307,,5,2026-03-21 18:07:22,272447731,272447743
28445271,"Nội dung hay, bìa đẹp, bọc hàng cẩn thận",5,2024-02-22 15:19:07,272447731,262806375
30526358,,5,2026-03-08 10:23:28,272447731,262806375
30588302,,5,2026-01-21 00:38:58,272447731,275705489
30588302,,5,2026-01-21 00:39:05,272447731,275086997
30588302,,5,2026-01-21 00:39:12,272447731,262806375
30588302,,5,2026-01-21 00:39:25,272447731,272447743
16533696,,5,2025-12-13 20:46:48,272447731,272447743
16533696,,5,2025-12-13 20:47:01,272447731,262806375
10512030,,5,2025-11-29 07:16:10,272447731,275705489
10512030,,5,2025-11-29 07:16:31,272447731,272447743
10512030,,5,2025-11-29 07:15:40,272447731,275086997
10512030,,5,2025-11-29 07:15:59,272447731,262806375
8418521,,5,2025-09-07 15:32:06,272447731,272447743
8418521,,5,2025-09-07 15:32:14,272447731,275086997
8418521,,5,2025-09-07 15:32:21,272447731,262806375
1583934,,5,2025-08-25 20:42:51,272447731,275705489
1583934,,5,2025-08-25 20:43:04,272447731,272447743
1583934,,5,2025-08-25 20:43:12,272447731,275086997
1583934,,5,2025-08-25 20:43:19,272447731,262806375
29551616,,5,2025-05-25 00:45:48,272447731,272447743
10941367,"giao hàng siêu nhanh, giá rẻ nhất trong các shop tìm kiếm, đóng hàng cẩn thận",5,2023-11-02 10:49:09,272447731,262806375
1903386,,5,2025-05-08 22:30:25,272447731,275086997
7590141,Ok,5,2023-11-25 15:25:43,272447731,272447743
27576897,Tốt,5,2023-10-10 15:28:08,272447731,262806375
27576897,Tốt,5,2023-10-10 15:28:19,272447731,272447743
29551616,,5,2024-11-28 06:17:02,272447731,262806375
10941367,"giao hàng siêu nhanh, đóng bọc cẩn thận, giá lại rẻ",5,2023-11-02 10:48:32,272447731,272447743
21270329,,5,2024-11-08 19:02:03,272447731,275086997
21270329,,5,2024-11-08 19:02:13,272447731,275705489
21270329,,5,2024-11-08 19:02:20,272447731,272447743
21270329,,5,2024-11-08 19:02:25,272447731,262806375
7590141,Ok,5,2023-07-07 13:08:20,272447731,262806375
1602708,,5,2024-09-09 15:54:25,272447731,275705489
1602708,,5,2024-09-09 15:54:39,272447731,275086997
30075717,,5,2024-08-26 13:52:32,272447731,262806375
30075717,,5,2024-08-22 21:38:20,272447731,275086997
30075717,,5,2024-08-22 21:38:42,272447731,272447743
23307715,"Giao hàng nhanh, sách đc bọc kỹ, còn nguyên seal",5,2023-09-11 18:59:28,272447731,262806375
19116834,,5,2024-05-08 19:45:26,272447731,262806375
385406,,5,2024-04-09 09:54:45,272447731,272447743
385406,Ok,5,2024-03-21 15:04:20,272447731,262806375
16394414,,5,2024-03-18 00:02:40,272447731,272447743
29475346,,5,2024-01-20 15:41:44,272447731,272447743
29475346,,5,2024-01-20 15:41:53,272447731,262806375
28809147,,5,2023-12-13 16:05:42,272447731,272447743
759415,,5,2023-11-14 13:43:02,272447731,272447743
68275,,5,2023-10-22 21:13:05,272447731,272447743
357871,,5,2023-10-20 21:57:52,272447731,272447743
481629,,5,2023-10-16 12:18:29,272447731,272447743
1812687,.,5,2023-10-05 11:05:40,272447731,262806375
13797364,,5,2023-10-08 14:04:12,272447731,262806375
759415,,5,2023-09-29 16:52:48,272447731,262806375
29365338,Ổn,5,2023-08-21 18:32:08,272447731,262806375
14877112,,5,2023-08-22 23:50:32,272447731,262806375
10794832,,5,2023-08-13 09:07:02,272447731,262806375
25459148,,5,2023-08-09 10:19:37,272447731,262806375
648191,,5,2023-08-06 12:02:36,272447731,262806375
481629,,5,2023-07-13 12:10:55,272447731,262806375
1602708,,5,2023-07-10 15:41:11,272447731,262806375
68275,,5,2023-07-09 08:46:48,272447731,262806375
30745295,"Đóng gói ổn, còn seal, mà bị df gáy nên t buồn lắm huhu",3,2026-08-19 22:20:01,272447731,275705489
30132241,"Giấy hơi nhăn, hơi móp gốc. Mik bị OCD nên ko thik điều này :)) liên hệ thì shop có đổi trả nhưng mik ko mún tốn tg nên ko đổi lại",4,2024-09-23 11:41:21,272447731,262806375
21983638,"Đóng gói sơ sài, ko có bọc chống sốc",3,2023-07-19 13:25:27,272447731,262806375
694893,,4,2023-08-10 16:20:42,272447731,262806375
25755454,"chưa đọc nên không biết nội dung, shop đóng gói hàng kĩ càng",5,2026-09-24 17:45:48,272447903,251885270
5961586,"Giao hàng nhanh sách có bọc ni lông nên khi nhận chỉ có ni lông trầy chứ sách vẫn ổn, mực in đẹp thơm mùi sách mới",5,2026-07-09 15:09:28,272447903,278637462
5961586,"Giao hàng nhanh sách có bọc ni lông nên khi nhận chỉ có ni lông trầy chứ sách vẫn ổn, mực in đẹp thơm mùi sách mới",5,2026-07-09 15:08:42,272447903,274323810
5961586,"Giao hàng nhanh sách có bọc ni lông nên khi nhận chỉ có ni lông trầy chứ sách vẫn ổn, mực in đẹp thơm mùi sách mới",5,2026-07-09 15:08:58,272447903,251885270
5961586,"Giao hàng nhanh sách có bọc ni lông nên khi nhận chỉ có ni lông trầy chứ sách vẫn ổn, mực in đẹp thơm mùi sách mới",5,2026-07-09 15:09:13,272447903,272447906
8071,"Sách nguyên seal, đầy đủ phụ kiện, tiki đóng gói chu đáo, giao hàng siêu nhanh, vote 5 sao, sẽ tiếp tục ủng hộ",5,2024-05-05 18:21:23,272447903,274323810
20851504,"Rất ok nha Nên mua,sản phẩm ổn áp Dịch tuy ko hay bằng trên mạng nhưng cũng ổn",5,2023-08-23 17:28:50,272447903,251885270
5961586,,5,2026-07-15 00:18:32,272447903,276841205
25459148,,5,2026-06-06 16:50:40,272447903,278637462
25459148,,5,2026-06-06 16:50:48,272447903,277964831
25459148,,5,2026-06-04 16:52:34,272447903,276841205
25459148,,5,2026-06-04 16:52:36,272447903,276238502
25459148,,5,2026-04-28 20:31:28,272447903,274323810
1903386,,5,2026-04-25 22:18:15,272447903,278637462
68275,"Cốt truyện hấp dẫn, dịch ổn tuy vẫn còn sót vài lỗi nhỏ. Chất lượng giấy và bìa đều mỏng hơn so với những cuốn trước đây của cùng NPH.",5,2023-05-06 14:18:25,272447903,251885270
2093930,"Giao hàng nhanh, truyện hay hấp dẫn.",5,2024-05-04 15:20:41,272447903,272447906
1903386,,5,2026-03-14 07:36:53,272447903,276841205
1903386,,5,2026-03-12 13:24:00,272447903,277964831
10617824,,5,2026-03-03 18:27:34,272447903,278637462
10617824,,5,2026-03-03 18:27:43,272447903,277964831
10617824,,5,2026-03-03 18:27:51,272447903,276841205
10617824,,5,2026-03-03 18:26:48,272447903,276238502
17105091,,5,2026-02-11 11:23:59,272447903,278637462
68275,Tập này là hết phần thế giới thứ 6. Sách đẹp mà dịch nhiều chỗ cấn quá.,5,2024-03-08 22:14:25,272447903,274323810
28941806,,5,2025-10-07 13:19:19,272447903,274323810
28941806,,5,2025-09-11 06:25:47,272447903,276841205
28941806,,5,2025-09-11 06:25:55,272447903,277964831
14018570,,5,2025-07-08 10:15:23,272447903,276841205
11745699,,5,2025-05-15 17:21:29,272447903,276841205
29551616,,5,2025-04-29 22:54:26,272447903,276841205
7590141,Ok,5,2023-11-25 15:18:12,272447903,272447906
1602708,,5,2025-02-08 17:56:47,272447903,276238502
1602708,,5,2025-02-08 17:56:56,272447903,276841205
27289056,Không có gì để chê lun,5,2023-06-09 13:16:04,272447903,251885270
2093930,"Giao hàng nhanh, đóng gói cẩn thận. Sách đẹp, nội dung hay, hấp dẫn.",5,2023-09-19 12:51:04,272447903,251885270
7590141,Ok,5,2023-06-21 18:31:09,272447903,251885270
1903386,,5,2024-06-06 21:29:26,272447903,273746733
1903386,,5,2024-06-06 21:29:29,272447903,274323810
1602708,,5,2024-05-20 15:15:37,272447903,273746733
357871,,5,2024-05-06 19:50:45,272447903,273746733
357871,,5,2024-05-06 19:50:50,272447903,274323810
1602708,,5,2024-03-20 15:53:10,272447903,274323810
309846,"Truyện đọc rất hay, bìa đẹp",5,2023-07-03 23:30:24,272447903,251885270
29365338,"Ổn, có vài chỗ móp",5,2023-08-21 18:31:21,272447903,251885270
23702787,,5,2024-01-05 23:00:47,272447903,272447906
23702787,,5,2024-01-05 23:00:39,272447903,251885270
759415,,5,2023-11-14 13:43:09,272447903,272447906
357871,,5,2023-10-20 21:57:57,272447903,272447906
1831588,,5,2023-10-19 18:58:49,272447903,272447906
16650036,,5,2023-10-17 09:49:35,272447903,251885270
16650036,,5,2023-10-17 09:49:52,272447903,272447906
481629,,5,2023-10-16 12:18:55,272447903,272447906
1812687,.,5,2023-10-05 11:05:26,272447903,251885270
284919,,5,2023-10-02 18:01:11,272447903,251885270
11601336,,5,2023-09-19 11:00:35,272447903,251885270
992884,,5,2023-09-17 12:04:00,272447903,251885270
14877112,,5,2023-08-22 23:52:21,272447903,251885270
481629,,5,2023-07-13 12:11:05,272447903,251885270
182224,,5,2023-06-17 17:58:25,272447903,251885270
6031697,,5,2023-06-09 12:28:58,272447903,251885270
7287481,,5,2023-06-07 23:22:36,272447903,251885270
10794832,,5,2023-06-07 22:37:14,272447903,251885270
759415,,5,2023-05-21 15:26:08,272447903,251885270
1602708,,5,2023-05-19 10:50:56,272447903,251885270
357871,,5,2023-05-15 22:01:39,272447903,251885270
26890989,,5,2023-05-06 22:23:21,272447903,251885270
14018570,,4,2025-09-05 12:27:04,272447903,277964831
27936970,"sách bị lỗi đóng keo, nhìn mất thẩm mỹ thật sự",1,2023-05-26 16:03:44,272447903,251885270
30743842,"Giao nhanh, đúng hàng, không hư hại gì mấy, sẽ tiếp tục ủng hộ.",5,2026-08-23 19:19:11,279334959,279334936
30412834,,5,2026-08-19 00:03:18,279334959,279334936
30648981,,5,2026-08-16 16:36:14,279334959,279334936
30689093,,5,2026-07-30 13:19:56,279334959,279334936
13262563,,5,2026-07-06 19:35:48,279334959,279334936
30674230,,5,2026-06-19 19:19:49,279334959,279334936
30676293,,5,2026-06-02 11:47:12,279334959,279334936
30670280,,5,,279334959,279334936
30642238,,5,2026-05-11 05:03:28,279334959,279334936
30666266,"Sách đẹp nha, bìa xinh, lấp lánh, bìa áo hơi bị gãy mép chút nhưng vẫn ok",4,2026-06-08 16:51:48,279334959,279334936
30693263,,4,2026-07-29 17:57:11,279334959,279334936
30726808,"Chất giấy siêu xịn, đóng gói tốt, thâth sự rất đáng mua luôn 💐",5,2026-09-16 11:43:18,160585832,160585833
1461011,"Xinh đẹp tuyệt vời luôn không mua thì tiếc lắm đó ạ. Truyện này mình có đọc thử mấy chương, thích lắm nên chờ xuất bản mãi 🥰🥰🥰 Card tặng kèm mỗi tập dày dặn, xinh xỉu, tiki bọc sách và gói hàng rất đẹp 💝",5,2022-02-17 17:46:37,160585832,160585833
18643060,"Giao hàng nhanh trong 1 ngày đã về tay, tiki đó h gói hàng chỉ có mỗi hộp giấy bên ngoài may mà ko bị hư gáy hay móp. Truyện đẹp full màu giấy cứng có tặng kèm postcard.",5,2022-09-10 20:19:32,160585832,160585833
309067,Ưng quá,5,2022-03-17 10:29:58,160585832,160585833
19271669,"Giao hàng nhanh, đóng gói tạm đc",5,2022-08-18 19:45:16,160585832,160585833
16104618,"Yêu yêu yêu, truyện về lành lặn nguyên bọc. Nội dung tinh tế, nhẹ nhàng và phần hình ảnh rất đẹp, các nhân vật trong thế giới đều có gu thời trang sành điệu và biết thưởng thức đời sống (cùng uống trà nhé) chăm chút cho bản thân, cho chàng thương mến và nàng yêu kiều. Đối với mình, đây là một bộ truyện truyền cảm hứng vì quá... đẹp và phong cách, càng đọc mình càng muốn trau dồi kỹ năng để có thể ngày nào đó thể hiện ý tưởng ra trang giấy cũng đẹp và quyến rũ (charming) như vậy :3",5,2022-05-01 20:48:19,160585832,160585833
8901353,truyện rất nhẹ nhàng và dễ thương,5,2022-03-31 13:28:14,160585832,160585833
20873895,Khá thích bộ này từ ánh mắt đầu tiên nhưng đúng lúc hết tiên nên giờ mới mua. Tập này trang 96 có lớp mực nhìn xót thực sự luôn ấy 🥲💔,5,2022-03-17 12:27:48,160585832,160585833
30549872,Xinh đẹp tuyệt vời 🫶🏻🫶🏻🫶🏻🫶🏻🫶🏻🫶🏻,5,2025-11-21 17:27:49,160585832,160585833
5932195,"Sách giao nhanh đúng hẹn, nội dung đơn giản, ăn tiền là ở nét truyện và cách pha màu, kiểu truyện có vibe của mấy phim Pháp thời xưa í. Chất giấy chắc chắn, không bị lem qua mặt sau. Mình có bookcare nên nhìn sách bóng bóng kiểu mới gấp đôi =)) Postcard cứng cáp đầu đủ. Mình trừ một sao vì lỗi lem mực ở trang 96 ^^",5,2022-02-12 12:34:19,160585832,160585833
26720176,tiki giao hàng quá nhanh luôn mặc dù là ngoài tỉnh nhưng mình mới đặt hàng hôm cn thì tới sáng t2 mình đã nhận được hàng rồi. sách không bị hư hỏng gì cả,5,2022-02-07 21:24:17,160585832,160585833
25790986,truyện đẹp giao nhanh,5,2022-04-03 07:50:41,160585832,160585833
5872715,"Rất là tỵt zời lun. Truyện nét vẽ đẹp mà quá là đáng iu nữa, đọc xong chỉ mún có mụt Anh ngừi iu như thế thui 🥺",5,2022-05-29 22:53:33,160585832,160585833
26570950,"giao hàng nhanh lắm nha, đóng gói cẩn thận nhma mình thích có thêm chống sốc nữa hơn, truyện này mình ngắm từ lúc được mua bản quyền rồi nên rất mong chờ, săn sale được giá khá ổn",5,2022-03-09 12:52:43,160585832,160585833
6879693,,5,2026-09-09 20:38:34,160585832,160585833
11391806,hàng đẹp mới giáo siêu nhanh,5,2022-06-06 23:03:57,160585832,160585833
26627535,"Nếu bỏ qua phần in lem mực của nhà sản xuất thì sách rất đẹp , nặng cầm rất đã tay .",5,2022-03-12 21:30:53,160585832,160585833
22049150,Art đẹp,5,2022-08-28 15:40:58,160585832,160585833
15807408,,5,,160585832,160585833
30387651,,5,,160585832,160585833
22919861,,5,2026-05-04 19:48:31,160585832,160585833
12869516,"giao nhanh và bọc kỹ lắm luôn ạ, truyện đẹp xuất sắc mình xin cảm ơn ạ",5,2024-10-20 12:07:30,160585832,160585833
17366247,"Săn sale xong áp giảm giá nên 3 q còn hơn 2 chăm, khá ổn",5,2022-10-10 10:43:26,160585832,160585833
9842362,"giao hàng nhanh, mua lúc sale nên rẻ lắm, mà truyện xịn với xinh lắm luôn, mặc dù không có bọc chống sốc nhưng cũng ko bị df miếng nào nha",5,2022-03-27 21:35:34,160585832,160585833
26915091,"Truyện hay, chill khỏi nói rồi, đáng đồng tiền bát gạo( theo giá tiki) tập cuối bìa hường phấn hết nước chấm",5,2022-09-03 15:50:13,160585832,160585833
13016198,"bìa đẹp, giấy siêu dày, màu in đẹp nốt mà sao ít thấy review quá ta",5,2022-05-05 14:35:14,160585832,160585833
12016594,Đẹpppppp,5,2022-04-21 21:24:56,160585832,160585833
13996109,xinh quáaaa truyện cầm nặng tay 😍,5,2024-02-03 10:35:30,160585832,160585833
29439304,Giao hàng nhanh và truyện đc đóng gói kĩ,5,2023-10-19 11:50:30,160585832,160585833
175566,good,5,2022-02-12 16:02:09,160585832,160585833
21023330,"Truyện hay, nét vẽ đẹp, màu đẹp, giao hàng nhanh",5,2022-04-27 15:33:28,160585832,160585833
7590141,"Giao hàng siêu nhanh. Hàng mới và ưng nhất là bọc sách cẩn thận, gói hàng chèn kỹ 👍",5,2022-09-28 13:47:10,160585832,160585833
27392459,"sách đẹp cực kì, bookmask cũng đầy nữa, nhưng đóng hàng không an toàn cho lắm, chỉ có sách để vào trong hộp giấy, không có bọc chống sốc luôn, cũng may là không sao",5,2022-04-28 11:55:57,160585832,160585833
16885110,"Ship nhanh, không bị hư hỏng góc sách",5,2022-06-19 14:21:49,160585832,160585833
16469571,,5,2022-11-26 23:40:20,160585832,160585833
15919634,"10 điểm cho sự xinh đẹp, tiki đóng gói kỹ, giao hàng nhanh",5,2022-12-08 11:38:03,160585832,160585833
25885005,xinh lắm lun nhưng mà mai mốt làm ơn bọc chống sốc hộ em với ạ :)) không bị df nhưng rất đau tim,5,2022-02-11 12:40:10,160585832,160585833
18370809,"Giao hàng nhanh, sách còn nguyên vẹn đc đóng gói cẩn thận. Vé ri gút 👍👍👍",5,2022-06-08 08:50:14,160585832,160585833
19139424,giao hàng đầy đủ. đóng gói khá sơ sài. thời gian giao hàng cũng khá ổn.,5,2022-06-11 22:07:58,160585832,160585833
23390251,"Quá chất lượng quá đáng tiền, màu in đẹp và nét, chất giấy sờ rất mướt, giao hàng nhanh k bị móp méo cảm ơn tiki nhìu",5,2022-08-08 02:04:36,160585832,160585833
17316488,Mình mua cả 3 tập mà tập nào cũng đc tiki đóng gói cẩn thận và cực kì ưng ý với veil huhuhu,5,2023-01-31 22:23:28,160585832,160585833
27475446,sách đẹp,5,2022-05-11 10:36:40,160585832,160585833
941887,"Truyện hay lắm ạ, nhưng không phải đam mỹ nhé kẻo các hủ nữ như mình lại mua nhầm vì được xếp vào đam mỹ",5,2022-07-10 00:49:01,160585832,160585833
21309993,"giao hàg cực nhanh, chất lượng hơi bị đỉnh l, rất ưng",5,2022-03-28 21:03:04,160585832,160585833
21235251,"Truyện đẹp đúng mô tả, không hư hỏng hay trầy xước gì, ổn áp a",5,2022-12-30 21:29:34,160585832,160585833
17555427,Truyện rất đẹp và không bị df ạ,5,2022-06-05 14:34:40,160585832,160585833
22789359,"Sản phẩm ko bị df, giao hàng nhanb",5,2022-06-17 09:16:47,160585832,160585833
11161808,👍 😆 truyện hay lắm còn cute nữa,5,2022-05-03 16:43:22,160585832,160585833
26966596,"đóng gói đẹp giao hàng nhanh, rất ưng ý",5,2022-03-07 11:25:16,160585832,160585833
15102656,,5,2024-02-29 18:14:36,160585832,160585833
29777027,,5,2024-02-14 11:09:34,160585832,160585833
29773044,,5,2024-02-10 01:19:00,160585832,160585833
18277418,giao hàng nhanh nma gáy sách bị nhăn đóng gói ko cẩn thận lắm nma cũng ko đáng kể vẫn tuyệt,5,2022-03-29 11:42:49,160585832,160585833
16814905,"Giao rất nhanh, tr nguyên seal ng kiện nhìn rất luxury. Nd thì dễ thương khỏi bàn r",5,2022-06-17 20:24:04,160585832,160585833
16533940,"giao hàng nhanh, đóng gói chắc chắn",5,2022-02-17 00:30:48,160585832,160585833
12722399,huhu xinh đẹp tuyệt vời luôn á,5,2022-03-11 19:08:42,160585832,160585833
20711813,Trộm vía xinh đẹp tuyệt vời huhu,5,2022-02-12 10:12:12,160585832,160585833
28152725,Đẹp,5,2022-09-09 14:32:10,160585832,160585833
22236760,"Art xinh xỉu, cực xịn luôn.",5,2022-03-22 09:09:11,160585832,160585833
26786121,Giao hàng tốc độ bàn thờ =]]]]],5,2022-02-14 16:25:48,160585832,160585833
27617590,sách còn mới i,5,2022-06-03 16:43:23,160585832,160585833
27956432,,5,2023-11-06 20:19:29,160585832,160585833
6631437,Ổn,5,2022-07-27 12:52:58,160585832,160585833
26400697,🥰🥰🥰😘🥰🥰,5,2022-03-31 09:34:40,160585832,160585833
25770129,oỏn áppp,5,2022-06-12 12:55:07,160585832,160585833
10184280,Đẹp giao nhanh,5,2022-04-29 12:11:37,160585832,160585833
10230080,,5,2022-07-23 13:22:23,160585832,160585833
26220778,đẹp xĩu lun áaaa,5,2022-03-04 17:58:37,160585832,160585833
16494309,Ưng ạ,5,2022-05-19 10:46:50,160585832,160585833
5957024,👍🏼,5,2022-05-13 14:58:13,160585832,160585833
12797251,,5,2022-06-27 15:53:35,160585832,160585833
2131854,,5,2023-08-17 16:52:20,160585832,160585833
9917347,Giao hàng nhanh,5,2022-02-11 19:09:34,160585832,160585833
26153668,,5,2022-04-29 07:57:43,160585832,160585833
16945850,Tuyệt vời,5,2022-02-07 14:13:03,160585832,160585833
21446209,,5,2023-07-05 00:08:13,160585832,160585833
5781018,ok,5,2022-04-04 02:25:47,160585832,160585833
7499089,"Giao hàng nhanh, hàng k hư hỏng",5,2022-11-25 12:52:25,160585832,160585833
26880169,,5,2022-04-10 15:36:09,160585832,160585833
5086070,,5,2023-06-20 06:23:40,160585832,160585833
7564725,,5,2022-04-03 11:13:06,160585832,160585833
18430621,,5,2023-05-07 06:07:59,160585832,160585833
22669116,,5,2022-02-14 18:45:35,160585832,160585833
7858615,,5,2022-02-13 15:41:54,160585832,160585833
430318,,5,2022-02-10 11:36:46,160585832,160585833
18418563,,5,2023-03-29 10:35:41,160585832,160585833
5092551,Sách đẹp lắm luôn,5,2022-10-29 19:36:07,160585832,160585833
8116297,Truyện không bị df dù gói k có bọc chống sốc,5,2022-04-13 10:04:48,160585832,160585833
5204311,,5,2023-03-16 15:47:11,160585832,160585833
20555407,"đóng gói tốt, truyện đẹp ko có gì chê",5,2022-05-19 20:18:51,160585832,160585833
6295427,,5,2023-03-01 01:34:10,160585832,160585833
2166162,,5,2023-02-18 16:03:02,160585832,160585833
17185214,Hãy mua cả ba quyển vì nó xứng đáng,5,2022-05-10 00:21:46,160585832,160585833
7331354,,5,2023-02-02 16:05:33,160585832,160585833
10941646,,5,2023-01-28 11:05:57,160585832,160585833
195117,,5,2023-01-27 09:10:01,160585832,160585833
28749711,,5,2023-01-25 20:05:46,160585832,160585833
14283628,,5,2023-01-24 16:53:31,160585832,160585833
27868116,,5,2023-01-08 17:53:19,160585832,160585833
28256477,,5,2023-01-05 21:31:48,160585832,160585833
18518365,cực xịn xò truyện siêu dễ thương,5,2022-04-19 18:18:58,160585832,160585833
18611195,,5,2022-12-30 10:39:49,160585832,160585833
15548371,,5,2022-12-24 15:06:45,160585832,160585833
20542147,"Tranh đẹp, bắt mắt.",5,2022-07-22 23:07:55,160585832,160585833
11222806,,5,2022-12-16 17:58:38,160585832,160585833
26103042,,5,2022-12-05 16:11:12,160585832,160585833
15186867,,5,2022-11-22 16:52:28,160585832,160585833
25669508,,5,2022-11-18 16:49:41,160585832,160585833
10006850,,5,2022-11-13 17:38:41,160585832,160585833
1139833,,5,2022-11-02 11:30:37,160585832,160585833
16432640,,5,2022-10-30 19:38:03,160585832,160585833
12247427,,5,2022-10-28 01:00:30,160585832,160585833
5653584,Truyện hay lắm,5,2022-07-09 11:04:35,160585832,160585833
27626206,sách đẹp giao nhanh,5,2022-06-07 15:08:11,160585832,160585833
27069852,,5,2022-10-13 19:34:25,160585832,160585833
5618198,,5,2022-10-09 21:32:37,160585832,160585833
165403,,5,2022-10-08 09:52:15,160585832,160585833
15667655,,5,2022-10-06 10:04:40,160585832,160585833
28230820,,5,2022-10-05 18:14:39,160585832,160585833
21514406,,5,2022-10-01 09:03:41,160585832,160585833
9062161,,5,2022-09-30 06:34:36,160585832,160585833
22510957,"sản phẩm rất tốt, porcard xinh",5,2022-02-18 13:00:59,160585832,160585833
22397899,,5,2022-09-28 15:14:19,160585832,160585833
210677,,5,2022-09-20 11:47:33,160585832,160585833
18061730,,5,2022-09-13 12:03:13,160585832,160585833
11748093,,5,2022-09-12 20:53:37,160585832,160585833
23841676,,5,2022-09-10 13:39:43,160585832,160585833
541421,,5,2022-09-09 19:12:07,160585832,160585833
14701249,,5,2022-09-06 11:29:44,160585832,160585833
27607633,,5,2022-09-06 10:33:58,160585832,160585833
28116436,,5,2022-09-03 22:53:33,160585832,160585833
23982584,Ok,5,2022-08-21 09:57:28,160585832,160585833
22768018,,5,2022-08-30 19:52:11,160585832,160585833
28058819,,5,2022-08-29 00:08:06,160585832,160585833
10389530,,5,2022-08-26 12:28:40,160585832,160585833
206306,,5,2022-08-23 01:15:44,160585832,160585833
28043778,,5,2022-08-19 11:57:31,160585832,160585833
27830699,,5,2022-08-12 12:28:48,160585832,160585833
18376787,được,5,2022-06-25 21:49:14,160585832,160585833
24852001,,5,2022-08-11 09:01:57,160585832,160585833
26831513,,5,2022-08-10 17:27:40,160585832,160585833
8414222,"đẹp, rất thời trang",5,2022-03-11 14:35:20,160585832,160585833
21364616,tốt,5,2022-07-11 11:39:24,160585832,160585833
27618286,,5,2022-08-06 18:49:12,160585832,160585833
25151156,,5,2022-08-04 11:07:30,160585832,160585833
815173,,5,2022-08-01 18:35:09,160585832,160585833
21281312,,5,2022-07-31 10:35:22,160585832,160585833
6610558,,5,2022-07-26 22:57:43,160585832,160585833
27886842,,5,2022-07-25 17:34:29,160585832,160585833
16341347,,5,2022-07-21 16:40:47,160585832,160585833
16481432,,5,2022-07-20 15:50:38,160585832,160585833
26556409,,5,2022-07-20 08:13:18,160585832,160585833
27605495,,5,2022-07-14 12:16:57,160585832,160585833
8421485,,5,2022-07-13 21:55:10,160585832,160585833
27375460,Haha,5,2022-06-16 16:52:55,160585832,160585833
23592403,"Sách giao nhanh, đẹp",5,2022-02-17 21:25:56,160585832,160585833
2202856,,5,2022-07-07 15:40:52,160585832,160585833
97229,,5,2022-07-02 15:30:00,160585832,160585833
17887820,,5,2022-07-02 12:34:59,160585832,160585833
26797612,,5,2022-07-01 14:49:46,160585832,160585833
5312304,,5,2022-07-01 12:50:41,160585832,160585833
27376043,,5,2022-06-30 11:41:03,160585832,160585833
27161134,,5,2022-06-29 16:05:58,160585832,160585833
26777627,,5,2022-06-28 13:55:59,160585832,160585833
26567411,,5,2022-06-26 20:40:20,160585832,160585833
15984526,,5,2022-06-25 13:49:54,160585832,160585833
9961334,,5,2022-06-23 22:06:55,160585832,160585833
7124634,nguyên seal,5,2022-04-10 12:40:01,160585832,160585833
27685990,,5,2022-06-18 16:14:27,160585832,160585833
22311118,,5,2022-06-14 12:13:58,160585832,160585833
1066556,,5,2022-06-13 22:09:22,160585832,160585833
2010541,,5,2022-06-13 13:03:11,160585832,160585833
919202,,5,2022-06-12 09:52:25,160585832,160585833
20926897,Fugdgji,5,2022-04-22 11:47:27,160585832,160585833
21012139,,5,2022-06-02 07:03:49,160585832,160585833
703762,,5,2022-06-01 15:52:50,160585832,160585833
5769475,,5,2022-05-24 06:38:50,160585832,160585833
27518980,,5,2022-05-22 13:01:18,160585832,160585833
22699610,,5,2022-05-18 21:06:57,160585832,160585833
20317470,,5,2022-05-18 11:49:47,160585832,160585833
26100876,,5,2022-05-17 15:56:38,160585832,160585833
22718972,,5,2022-05-17 09:13:09,160585832,160585833
26523523,,5,2022-05-12 12:43:22,160585832,160585833
26146638,,5,2022-05-12 11:27:44,160585832,160585833
22669745,,5,2022-05-11 10:16:31,160585832,160585833
12278618,,5,2022-05-10 13:19:50,160585832,160585833
5105684,,5,2022-05-09 12:52:01,160585832,160585833
12531278,,5,2022-05-06 22:51:45,160585832,160585833
7049351,,5,2022-05-06 20:15:50,160585832,160585833
27384216,,5,2022-05-05 13:58:53,160585832,160585833
7831209,,5,2022-05-05 12:49:52,160585832,160585833
732960,,5,2022-05-04 14:30:30,160585832,160585833
23531288,,5,2022-05-03 16:09:37,160585832,160585833
22027155,,5,2022-05-03 12:52:40,160585832,160585833
16438388,,5,2022-05-03 11:34:15,160585832,160585833
14538964,,5,2022-04-29 06:35:00,160585832,160585833
27393004,,5,2022-04-27 11:33:31,160585832,160585833
6169625,,5,2022-04-26 16:39:03,160585832,160585833
5468286,,5,2022-04-25 21:15:23,160585832,160585833
1749574,.,5,2022-04-19 23:47:56,160585832,160585833
6218512,Rất ok,5,2022-03-08 15:08:45,160585832,160585833
11214938,hàng oke,5,2022-03-01 22:23:14,160585832,160585833
25877489,Good,5,2022-03-28 12:56:23,160585832,160585833
19815835,,5,2022-04-19 20:55:24,160585832,160585833
16565603,,5,2022-04-19 13:39:47,160585832,160585833
16632599,,5,2022-04-18 23:02:31,160585832,160585833
991608,Đẹp,5,2022-03-14 07:08:48,160585832,160585833
2220977,,5,2022-04-17 17:18:19,160585832,160585833
15958191,,5,2022-04-17 12:32:18,160585832,160585833
14309786,,5,2022-04-16 22:24:34,160585832,160585833
27199972,,5,2022-04-16 21:30:26,160585832,160585833
27289570,,5,2022-04-16 10:03:42,160585832,160585833
1812687,,5,2022-04-12 10:13:37,160585832,160585833
19216216,,5,2022-04-11 23:42:45,160585832,160585833
401573,,5,2022-04-07 10:15:37,160585832,160585833
26347518,,5,2022-04-06 22:10:22,160585832,160585833
26533069,,5,2022-04-06 11:38:08,160585832,160585833
236935,,5,2022-04-06 08:26:19,160585832,160585833
1971407,,5,2022-04-05 16:50:27,160585832,160585833
22088961,,5,2022-04-01 13:50:33,160585832,160585833
6228582,,5,2022-04-01 07:48:50,160585832,160585833
11140669,,5,2022-03-31 16:21:08,160585832,160585833
15744755,,5,2022-03-30 17:35:11,160585832,160585833
27181133,,5,2022-03-29 21:26:04,160585832,160585833
21813848,,5,2022-03-29 17:56:56,160585832,160585833
493256,,5,2022-03-29 17:08:45,160585832,160585833
8757815,,5,2022-03-29 11:33:14,160585832,160585833
12275041,,5,2022-03-28 20:52:15,160585832,160585833
12351638,,5,2022-03-27 18:02:19,160585832,160585833
8208331,,5,2022-03-27 17:25:54,160585832,160585833
16174960,,5,2022-03-27 14:43:04,160585832,160585833
19499250,,5,2022-03-25 13:49:09,160585832,160585833
2003560,,5,2022-03-24 16:22:06,160585832,160585833
24857092,,5,2022-03-23 06:24:11,160585832,160585833
26937876,,5,2022-03-20 11:29:32,160585832,160585833
13780707,,5,2022-03-18 15:31:34,160585832,160585833
27066915,,5,2022-03-16 16:58:50,160585832,160585833
19704539,,5,2022-03-13 21:08:28,160585832,160585833
7847339,,5,2022-03-13 08:18:47,160585832,160585833
23725674,,5,2022-03-13 01:56:11,160585832,160585833
26999251,,5,2022-03-09 17:57:11,160585832,160585833
18213619,,5,2022-03-08 18:16:06,160585832,160585833
26725765,,5,2022-03-05 13:14:03,160585832,160585833
26635198,,5,2022-03-03 18:33:27,160585832,160585833
15016416,,5,2022-03-03 13:49:30,160585832,160585833
470130,,5,2022-03-01 15:06:40,160585832,160585833
22147482,,5,2022-02-28 19:50:24,160585832,160585833
17696886,,5,2022-02-28 17:11:55,160585832,160585833
22685864,,5,2022-02-26 12:57:10,160585832,160585833
2146406,,5,2022-02-26 08:01:46,160585832,160585833
25379283,,5,2022-02-25 10:34:04,160585832,160585833
9789241,,5,2022-02-25 08:52:57,160585832,160585833
1021867,,5,2022-02-24 07:39:15,160585832,160585833
11872340,,5,2022-02-23 22:09:08,160585832,160585833
9993614,,5,2022-02-23 15:18:29,160585832,160585833
26098085,,5,2022-02-23 12:58:47,160585832,160585833
1362009,,5,2022-02-21 13:20:05,160585832,160585833
21414756,,5,2022-02-21 09:16:25,160585832,160585833
26773183,,5,2022-02-18 21:06:58,160585832,160585833
12492927,,5,2022-02-17 06:56:15,160585832,160585833
21494825,,5,2022-02-16 20:20:47,160585832,160585833
7624043,,5,2022-02-15 22:52:27,160585832,160585833
26239580,,5,2022-02-14 17:42:14,160585832,160585833
12733260,,5,2022-02-14 15:20:31,160585832,160585833
26775429,,5,2022-02-12 16:54:01,160585832,160585833
8274607,,5,2022-02-10 12:42:09,160585832,160585833
549194,,5,2022-02-05 20:17:55,160585832,160585833
26681665,"Mình đặt 3 tập Veil cùng lúc, công nhận là tiki giao nhanh thật, sản phẩm còn nguyên seal, nhưng bị móp quá nhiều, cả 3 cuốn truyện mình đặt đều bị móp, còn có tấm postcard của tập 2 hình như là bị dính mực thì phải, mình ko ngờ là tiki ko đặt một miếng lót hay đệm bảo vệ nào vào mà chỉ bỏ trực tiếp 3 cuốn truyện vào thôi, đơn hàng này làm mình quá thất vọng, mong sớm đc tiki phản hồi.",1,2022-02-14 22:02:19,160585832,160585833
22390368,cả cuốn truyện màu đẹp quá trời mà tới đây bị lem mực với cả rách giấy trong khi mình vừa mới bóc seal xong nên hơi bùn huhu,2,2022-02-27 21:08:18,160585832,160585833
24551135,"truyện đẹp,giao hàng nhanh, nhưng mình ko ngờ là cái lỗi in này đã đc nói từ rất lâu nhưng mình vẫn nhận được quyển truyện dính lỗi này.Mạn phép trừ 1 sao vì lỗi in này nhe",4,2022-03-10 16:59:45,160585832,160585833
18307382,đẹp mà bị df 😔😔😔😔,4,2022-09-06 21:14:27,160585832,160585833
26682520,Đóng gói còn sơ sài Gáy truyện bị ảnh hưởng do quá trình vận chuyển,4,2022-03-02 14:27:53,160585832,160585833
17828599,K có bọc chống sốc nên hơi df,4,2022-07-09 13:34:21,160585832,160585833
28545413,,4,2023-04-25 11:42:21,160585832,160585833
7287481,"Phần tai gấp bị lỗi, có trang lem mực",4,2022-03-29 14:09:52,160585832,160585833
28301936,,4,2022-10-12 07:39:57,160585832,160585833
10988211,,4,2022-09-23 11:50:49,160585832,160585833
27879148,,4,2022-08-16 17:40:03,160585832,160585833
8574633,,4,2022-07-19 02:04:29,160585832,160585833
17928999,Hơi móp gáy :((,4,2022-03-29 21:31:54,160585832,160585833
8233513,,4,2022-07-09 12:15:23,160585832,160585833
27528926,,4,2022-06-29 23:46:02,160585832,160585833
7371018,,4,2022-05-06 19:55:40,160585832,160585833
10750039,,4,2022-05-05 22:47:27,160585832,160585833
18028174,,4,2022-05-03 23:20:33,160585832,160585833
75860,,4,2022-04-11 23:32:38,160585832,160585833
25990184,,4,2022-02-28 14:30:23,160585832,160585833
11663879,(*) Đánh giá không tính điểm Giao hàng nhanh nhưng móp gần hết truyện,3,2022-08-17 11:01:37,160585832,160585833
11538977,"(*) Đánh giá không tính điểm Gói hàng bị mở tung ra , sách đẹp nhưng cách đóng gói quá sơ sài",1,2022-09-12 18:13:30,160585832,160585833
151166,"sách mới, đẹp, mua 3 tập đều ko bị lỗi gì lúc đầu nghĩ là ngôn tình tính ko mua nhưng nội dung thì ko phải, nó là truyện hư cấu ko phải tình yêu sướt mướt mà là nói về cuộc sống thôn quê có chút hài hước, dùng để đọc thư giãn rất phù hợp",5,2026-04-18 16:50:05,278881187,278881190
151166,"sách mới còn nguyên seal, lần này đóng gói cẩn thận hơn lần trước ngoài lớp nilon chống sốc thì bên ngoài còn 1 lớp carton bảo vệ sách rồi mới để vô hộp sách. bìa sách rất đẹp",5,2026-04-18 16:45:25,278881187,278665029
151166,"bìa đẹp, đóng gói cẩn thận, sách mới tinh , mua dc có 3 tập , tập 4 thì hết hàng rồi, đọc khá hay ko phải kiểu ngôn tình sến súa",5,2026-04-18 16:52:30,278881187,279004894
14645214,"Tiki gói hàng kỹ- sách nguyên vẹn, giao đúng hẹn, giá rất tốt. Truyện nội dung hấp dẫn, rất đáng mua.",5,2026-09-05 11:21:17,278881187,278665029
22262041,"sách seal đẹp ạ, hay nữa, giao đúng thời hạn đã đề ra",5,2026-04-06 11:40:58,278881187,278665029
30645104,"Tuyệt vời, truyện hay :))",5,2026-04-25 18:49:11,278881187,278881190
30523645,,5,2026-09-14 18:22:14,278881187,278665029
484702,,5,2026-05-08 12:33:19,278881187,279004894
7981785,,5,2026-04-22 19:02:42,278881187,278665029
7981785,,5,2026-04-22 19:02:45,278881187,278881190
22262041,,5,2026-04-06 11:41:06,278881187,279004894
22262041,,5,2026-04-06 11:41:08,278881187,278881190
131307,,5,2026-03-14 11:53:41,278881187,278665029
131307,,5,2026-03-14 11:53:45,278881187,278881190
1903386,,5,2026-03-14 07:37:01,278881187,278881190
1903386,,5,2026-03-12 13:23:50,278881187,279004894
5287822,,5,2026-03-07 21:51:14,278881187,279004894
131307,,5,2026-02-28 11:39:10,278881187,279004894
29148026,"Sách đóng gói hơi ẩu, có lẽ là do shipper ném sách vào nhà nên bị móp và rách",3,2026-02-24 15:35:13,278881187,278665029
9157045,"Update: Tiki có liên hệ đổi cuốn khác ko lỗi cho mình, quá trình đổi trả nhanh chóng, nhưng mình ko xoá dc 2 ảnh cũ chụp cuốn bị lỗi 😂 hỗ trợ có thấy thì ẩn giúp mình nha , thank you! Sách design bìa xinh, nội dung ok, có cái full phải 5 tập, dịch vụ cskh ok xử lý khiếu nại nhanh gọn, giao hàng nhanh, đóng gói tốt hơn rất nhiều so với ngày trc 🌹🌹🌹",5,,276835583,276835588
9157045,"Giao hàng nhanh, đóng gói cẩn thận, sách đọc ok mỗi tội bộ này hơi dài, 5c mới full😒 tính ra hồi trc mua tiki cũng kha khá mà kể từ khi ra cái astra nhức não với bỏ gói tikinow là ít mua hẳn, gần đây quay lại thấy cải thiện rất nhiều 😆, chắc cbi cắm rễ lại😂",5,2025-10-08 18:39:32,276835583,276835589
8490417,,5,2026-08-27 09:56:58,276835583,279330233
8490417,,5,2026-08-27 09:57:18,276835583,279330235
8732049,,5,2026-08-09 22:30:51,276835583,279330235
8732049,,5,2026-08-09 22:31:00,276835583,279330233
11245000,,5,2026-06-01 15:11:05,276835583,279330233
11245000,,5,2026-06-01 15:11:09,276835583,279330231
11245000,,5,2026-06-01 15:11:11,276835583,279330235
5129281,,5,2025-04-09 19:00:31,276835583,276835588
5129281,,5,2025-04-09 19:00:57,276835583,276835589
1602708,,5,2025-02-11 10:33:35,276835583,276835588
1602708,,5,2025-02-11 10:33:43,276835583,276835589
212383,,5,2025-02-05 00:08:02,276835583,276835589
212383,,5,2025-02-05 00:08:06,276835583,276835588
5153412,Rách. Rách. Rách. Rách. Rách. Rách.,3,2025-06-12 13:09:22,276835583,276835588
30743842,"Giao nhanh, đúng hàng, không hư hại gì mấy, sẽ tiếp tục ủng hộ.",5,2026-08-23 19:19:34,279267003,279267492
30648893,"Quá đẹp, 10 điểm🤞🏻Bìa hợp gu t lắm luôn á",5,2026-04-09 18:43:11,279267003,279267492
25755454,"chưa đọc nên không biết nội dung, shop đóng gói hàng kĩ càng",5,2026-04-09 16:42:38,279267003,279267492
30647374,"Xinh vai luon á, rcm mng nên mua ạ🥵",5,2026-04-10 15:39:13,279267003,279267492
30644455,"Sách đẹp, đóng gói cẩn thận, gọn gàng",5,2026-08-02 18:13:53,279267003,279267492
30648315,,5,2026-09-26 07:04:44,279267003,279267492
6605170,,5,2026-09-11 10:15:24,279267003,279267492
30441871,,5,2026-09-04 07:17:38,279267003,279267492
8490417,,5,2026-08-27 09:57:32,279267003,279267492
29664834,,5,2026-08-27 06:43:13,279267003,279267492
30647053,Only sách + bookmark,5,2026-04-26 12:32:21,279267003,279267492
30689093,,5,2026-07-30 13:19:41,279267003,279267492
20819726,,5,2026-06-16 04:21:18,279267003,279267492
30676293,,5,2026-06-02 11:47:02,279267003,279267492
30678919,,5,2026-05-27 11:06:29,279267003,279267492
29948022,.,5,2026-05-14 21:15:34,279267003,279267492
30670280,,5,,279267003,279267492
30672047,,5,2026-05-17 17:24:56,279267003,279267492
30648280,Tốt,5,2026-04-08 19:24:18,279267003,279267492
30645726,,5,2026-05-05 22:53:04,279267003,279267492
26845278,,5,2026-04-15 16:50:35,279267003,279267492
20138500,,5,2026-04-10 14:51:48,279267003,279267492
29926355,,5,2026-04-09 01:22:17,279267003,279267492
30476486,,5,2026-04-08 20:21:18,279267003,279267492
30338639,,5,2026-04-08 17:08:40,279267003,279267492
30645445,,5,2026-04-08 13:51:29,279267003,279267492
30616548,,5,2026-04-08 02:05:07,279267003,279267492
30648037,,5,2026-04-07 21:28:26,279267003,279267492
30646281,,5,2026-04-07 13:33:51,279267003,279267492
12896152,,5,2026-04-06 13:52:55,279267003,279267492
30641413,,5,2026-04-05 14:20:58,279267003,279267492
30666266,"Bìa đẹp nha, xinh xỉu, lấp lánh lấp lánh, nhưng mà bìa bên trong hơi bị dính keo ở gáy",4,2026-06-08 16:51:00,279267003,279267492
29148026,"Cách gói hàng của tiki vẫn thế, không có tí an toàn nào hết, may mà bị df ít, m cx lười đổi hàng.",4,2026-04-09 07:14:44,279267003,279267492
30646650,"Đóng gói không cẩn thânk , sách df nhẹ 🥲",4,2026-04-08 11:09:19,279267003,279267492
30647120,Df góc sách,4,2026-04-08 18:02:22,279267003,279267492
30645677,,4,2026-04-11 13:52:51,279267003,279267492
30564401,,4,2026-04-07 21:19:35,279267003,279267492
7981785,,4,2026-04-07 12:35:23,279267003,279267492
30456066,"Xinh, nhưng mà sốp hình như hàng em bị lỗi, cái chuông của em bị móp ạ",5,2025-11-25 12:55:31,278857834,278857837
17648693,"Sách được bọc kỹ và cẩn thận lắm, móc khóa được bọc xốp luôn. Cảm ơn Tiki dù trong tình hình mưa gió vẫn giao đến kịp lúc.",5,2025-11-22 22:36:06,278857834,278857837
30647248,"Hàng được đóng gói tốt, cẩn thận, giao đúng hạn",5,2026-04-07 20:31:16,278857834,278856943
29703057,Đóng gói kĩ giao hàng nhanh,5,2026-04-08 17:08:00,278857834,278856943
6605170,,5,2026-09-11 10:15:35,278857834,278856943
282479,,5,2026-07-09 18:47:35,278857834,278856943
30656574,,5,2026-06-20 16:02:18,278857834,278856943
30670280,,5,,278857834,278856943
24050763,,5,2026-05-16 23:33:47,278857834,278856943
30669668,,5,2026-05-11 17:18:54,278857834,278856943
30658433,,5,2026-05-08 00:50:15,278857834,278856943
30647056,,5,2026-04-12 22:42:10,278857834,278856943
27860446,,5,2026-04-08 10:44:01,278857834,278856943
7490218,,5,2026-01-10 14:34:08,278857834,278857837
29842299,,5,2025-11-30 14:10:54,278857834,278857837
18753176,,5,2025-11-22 10:43:50,278857834,278857837
18340,Sách bị df nhiều và đóng sơ xài quá. Mong tiki xem lại phần đóng gói,3,2025-11-28 20:54:20,278857834,278857837
30644452,Móp df rách gần hết seal.,1,2026-04-07 23:45:29,278857834,278856943
10719707,"Lần đầu sau 2 năm mua hàng bên tiki được bọc chống sốc :)))) Giao hàng nhanh lắm, dù o đc freeship 🥹 Sách nguyên seal còn được bọc giấy bóng Đợt sale siêu to nên mua được giá hời, 82k cho bản đb",5,2024-10-23 12:27:29,276333510,276333654
27854154,"sách xinh lắm luôn nhe, do sale rẻ nên mua cái t2 mà ứng lắmmm, mỗi tội cái pc bị bẩn một góc do sx nma th rẻ nên chấp nhận ạ💗💗",5,2024-10-21 16:28:39,276333510,276333654
26900521,,5,2024-10-22 11:58:11,276333510,276333654
23528724,"Giao hành nhanh, truyện đẹp, đúng bản đặc biệt 😍😍",5,2024-10-14 11:25:50,276333510,276333654
21575280,,5,2026-04-16 11:08:05,276333510,276333653
29380466,"sách siêu đẹp, được gói bọc cẩn thận",5,2024-10-29 21:01:19,276333510,276333653
30073697,"Gói hàng kĩ, nội dung sách hay",5,2024-11-10 00:39:48,276333510,276333654
26346920,,5,2025-04-15 12:25:11,276333510,276333654
9849620,,5,2025-03-17 12:12:07,276333510,276333654
30172810,Tốt,5,2024-10-22 18:55:11,276333510,276333654
30137407,,5,2024-11-13 00:06:08,276333510,276333654
29551616,,5,2024-10-28 16:20:23,276333510,276333653
29853477,,5,2024-10-27 17:39:31,276333510,276333653
6520354,,5,2024-10-25 23:25:40,276333510,276333654
9944523,,5,2024-10-25 19:46:00,276333510,276333653
984951,,5,2024-10-24 14:13:45,276333510,276333654
30131898,,5,2024-10-17 05:44:49,276333510,276333654
30060590,trời ơi đơn tiki lần nào về cũng móp méo hết là sao v tr😭!! Shop đóng gói khá kĩ nhưng không hiểu sao sách vẫn bị df ở góc😭!!,3,2024-10-16 10:23:02,276333510,276333654
9122070,"Chiết khấu cao; Phần đóng gói cần cải thiện, nên thêm đồ lót ở xung quanh sách trước khi cho vào hộp do truyện giao đến có dấu hiệu bị móp dập ở 1 số chỗ; Giao hàng nhanh chóng",5,2022-07-31 03:45:46,188767663,188767667
181276,"Đợi lâu sốt ruột quá trời, sách lần này đóng gói có chèn thêm giấy để hạn chế bị va chạm sách trong hộp nhưng bản thân quyển sách thì vẫn chả có gì bảo vệ như thường 😂 may mà vẫn ổn, sách đẹp, có bookcare quá là ưng, đầy đủ pk, poster để ống tuýp, tóm lại là ưng.",5,2022-07-14 18:32:24,188767663,188767665
9122070,"Giá cả phải chăng; Chất lượng ổn; Giao hàng nhanh chóng nhưng cần cải thiện phần đóng gói hàng hóa. Nên có bọc, lót chống sốc",5,2022-08-12 14:42:50,188767663,188767665
215821,"đóng gói ổn, không có chống sốc, giao hàng nhanh. bìa đẹp lung linh. may mắn là quyển này gáy sách của mình không bị hư hỏng gì a . hy vọng tiki cải thiện tình trạng gói hàng với sản phẩm là sách ạ",5,2022-08-31 12:20:25,188767663,188767667
2110081,"Lần đầu mua bìa cứng trên Tiki, rất đáng tiền (nhân ngày 7/7 dc voucher) chốt ngay e này vì e này bán giá gốc nên hơi băng khoăn và cũng khá nhiều b phản ánh khâu vận chuyển hơi rén. Nhưng cứ thử vận may thò rất may mắn, không df, học dc bookcare và còn nghĩ poster sẽ GẬP nhưng không, như hình t đã chụp.",5,2022-07-11 11:55:53,188767663,188767665
21208733,"Hàng đẹp giao nhanh, hơi bất cẩn khi nhét bookmark tại nó ép bìa làm bìa cong còn lại thì tạm đc",5,2022-07-28 16:44:26,188767663,188767667
26907244,"lần này tiki đóng gói tốt hơn những lần trước nhiều, còn có kẹp bìa cứng bên trong. poster cũng dc để trong ống nhựa. Rất hài lòng",5,2022-07-13 10:55:54,188767663,188767665
30579508,"Shop đóng gói kĩ, giao nhanh, sp ko bị df",5,2026-09-13 00:19:25,188767663,188767667
28042075,"bìa đẹp tuyệt cà là vời , giao cũm nhanh nữa trùi , gói có cái hộp không thui nhưng mà vận chuyển nội thành thì vẫn ổn vải lun , sách kh bị gì cạ kh hư hại gì 10 đỉmm mốt sắm truyện bia đia thì toi sẽ sắm trên tiki thuii",5,2022-08-19 02:49:21,188767663,188767667
10626306,"Bìa rất là xinh lunnn, chất lượng sách không có gì để bàn 🥰 Sách của Công Tử Hoan Hỉ thì rất là đúng gu mình lun :'> Phát triển tình tiết cũng như tâm lý nhân vật hợp lí và lôi cuốn 😘😘😘",5,2022-07-30 11:25:29,188767663,188767667
15712124,"Bọc sách khá kĩ, giao hàng nhanh. Sách đẹp quá a, hơi bụi chút nhưng ko sao.",5,2022-07-09 23:12:06,188767663,188767665
27208800,"Sách đẹp , giao nhanh , chất lượng tốt ảnh mang tính minh hoạ",5,2022-09-12 13:32:11,188767663,188767667
27088129,"Hàng đẹp lắm mua hồi sale , dù kiểm hàng hơi lâu nhưng giao nhanh 10đ",5,2022-08-08 13:00:15,188767663,188767667
22590093,"Trộm vía hàng về không df, sách thơm lắm nha, cơ mà bìa của mình có bị dính keo với trầy í, hơi xót. Về cơ bản là hong có vấn đề gì lớn hết, điểm cộng là ẻm thơm quá tr",5,2022-08-07 23:37:14,188767663,188767667
23745567,"bìa đẹp, săn sale nên rẻ lắm, tên truyện in bóng nổi",5,2022-07-29 15:42:15,188767663,188767667
30211420,"giao hàng nhanh, đóng gói chắc chắn,sách in đẹp",5,2025-01-12 13:19:16,188767663,188767667
27745324,"Bị mê cái bìa bộ này lắm luôn ấy,sách đến tay may mắn là rất nguyên vẹn luôn💖Nội dung thì chưa đọc nhưng mà của Công Tử Hoan Hỉ là đã thấy thích rồi.",5,2022-07-28 15:17:34,188767663,188767667
26480483,"Giao hàng hơi lâu một chút nhưng bù lại sách bìa đẹp, nội dung chưa đọc nhưng xem review có vẻ hay",5,2022-07-28 17:31:24,188767663,188767667
1009674,Sách đẹp ... poster rách góc xíu xiu mà lười nên ko đổi ... tiki nay pít chèn thêm carton rồi 🤣,5,2022-08-06 23:21:52,188767663,188767665
71345,"Hình thức: bìa đẹp, giấy chất lượng, in rõ nét, cầm rất chắc tay Giao hàng: hơi lâu Đóng gói: tiki bọc rất kĩ, ok Nội dung: hay, rất đáng mua nhé",5,2022-08-21 14:35:29,188767663,188767667
408787,"Tưởng không hay nhưng lại hay không tưởng, mới đầu mua sách vì màu chiếc bìa đúng gu, đọc xong thì thầm cảm thấy may mắn vì đã mua sách dựa vào bìa.",5,2022-07-15 23:19:28,188767663,188767665
10439254,Truyện nội dung khá hay bọc sách đã cẩn thận hơn trước nhưng khả năng cao giao xa vẫn df,5,2022-07-24 12:17:54,188767663,188767667
18719092,"Sách dày, bìa đẹp, nay Tiki có tiến bộ lắm nha, poster gói ống, cho đc lớp giấy để chống sốc, kèm luôn túi opp, giao nhanh nữa, khá tuyệt:>>",5,2022-07-18 23:20:07,188767663,188767665
8638915,mua sale 50% quá đã. thấy sale phải nhanh hốy liền. tiki thì giao hàng nhanh rồi. nhân phẩm tốt nên cuốn sách không bị móp góc. hên ghê 🤣🤣,5,2022-07-20 20:31:18,188767663,188767667
22720042,Vận chuyện hàng hơi lâu. Mới chạm mà thật sự iu ngất phần tên truyện !!!!,5,2022-07-28 10:23:39,188767663,188767667
636751,"Tiki giao nhanh, đóng gói tốt, đầy đủ phụ kiện cho bản đặc biệt. Mình mua được với giá 144k cực kì tốt luôn 🥰🥰",5,2022-08-07 19:35:02,188767663,188767665
21870450,,5,2022-08-14 23:01:52,188767663,188767665
27848986,sách siêu xinh luôn ạ sẽ luôn ủng hộ tiki và az dài dài,5,2022-07-27 17:58:43,188767663,188767667
11559764,,5,2026-01-14 14:51:34,188767663,188767667
25869846,Bìa đẹp giao hàng nhanh đóng gói tốt 👍👍😊😊,5,2022-08-06 11:42:48,188767663,188767667
19126550,"Truyền về rồi. Sách được giao cẩn thận, poter ở trong tình trạng rất tuyệt vời. Ziz zac, poter đều ổn. 5 sao",5,2022-07-12 18:34:47,188767663,188767665
21607557,Bìa đẹp dễ sợ nhưng mà hơn rách ở góc sách,5,2022-08-08 14:54:47,188767663,188767665
11141629,"giao hàng nhanh, đóng gói cẩn thận, dịch thuật okay, thể loại cổ trang huyền huyễn, ưng ý!",5,2022-11-09 20:24:25,188767663,188767667
26133817,"Bìa đẹp, bìa còn hơi dính keo do mình mua bài cứng, sale sáng 79k nhưng có 3 cuốn thôi nên đàng mua bản đb",5,2022-07-20 02:50:49,188767663,188767665
27018403,"Mua sách TiKi thì ăn thua nhân phẩm thôi, cũng may sách đến tay mình vẫn nguyên vẹn nên vẫn cho 5 sao🥲",5,2022-08-12 10:47:19,188767663,188767665
27200028,Bình thường là mình né truyện ngược tâm lắm nhưng thấy bìa xinh nên vẫn đâm đầu 😅,5,2022-08-02 09:20:32,188767663,188767667
1272197,"Sách đẹp nội dung rất hay, tiki giao hàng nhanh, nguyên seal đủ phụ kiện",5,2022-11-11 11:57:19,188767663,188767667
7590141,"Giao hàng không nhanh lắm. Nhưng mà đóng gói cẩn thận, bookcare gọn gàng đẹp đẽ",5,2022-07-28 18:29:08,188767663,188767667
20655592,"bìa đẹp, nội dung hay",5,2022-07-14 19:34:53,188767663,188767665
276654,Ủng hộ tác giả Hoan Hỉ. Ở một nơi nào đó Hàn Thiền sẽ được hạnh phúc.,5,2022-07-30 09:43:32,188767663,188767667
2154427,"truyện rất hay, giấy dày, chữ được in rõ ràng, không bị lem mực, bìa đẹp👍",5,2022-07-15 01:10:21,188767663,188767665
9088297,giao nhanh thật ấy. bao bì sách không có lơpcs chống sốc ở góc cứ bị cấn hư.,5,2022-07-20 12:11:15,188767663,188767665
22501794,Sách còn mới nguyên nhưng vẫn là hộp và bên trong chả có lớp chống sốc nào cả nhưng mà chả hiểu sao lúc ship thì còn nguyên =))),5,2022-08-31 07:26:46,188767663,188767667
27885316,"Nội dung truyện hay. Lần này giao hàng hơi lâu, nhưng ít ra tiki gói cẩn thận hơn lần trước nhiều.",5,2023-04-17 14:42:08,188767663,188767667
8095663,Để ý sách này lâu rồi mà nhân dịp sale thì mua bề đọc. tại thấy hot,5,2022-07-28 14:47:49,188767663,188767667
13451746,sản phẩm đẹp giống như hình ảnh minh họa của shop mình thấy hài lòng,5,2022-07-20 12:58:47,188767663,188767667
897195,"Sản phẩm đóng gói ổn giao nhanh, giá rẻ mua được bản đặc biệt",5,2022-08-06 00:31:21,188767663,188767665
8484176,Giao lâu hơn mọi khi xíu nhưng hong sao Đủ quà tặng Poster có tube,5,2022-08-10 20:25:41,188767663,188767665
27863324,"bộ này hay lắm mn ơi , nên mua nha , sách thơm đóng gói cẩn thân",5,2022-08-06 20:09:49,188767663,188767667
22414262,"Bộ này thì đã quá nổi tiếng ròi nên mình sẽ nói gì thêm, truyện giao đến tay mình không bị df gì hết, bìa đẹp khỏi chê",5,2022-07-10 17:06:29,188767663,188767665
16703343,Okkela ned hàng đẹp miễn chê săn sale nên có 80k rẻ bèo :)),5,2022-09-01 00:38:14,188767663,188767667
8454577,"Sách đẹp, ko bị lỗi. Đóng gói hơi sơ sài nhưng may bên vận chuyển cẩn thận nên cả hộp và sách ko bị vấn đề gì.",5,2022-07-30 21:38:46,188767663,188767667
476216,,5,2024-12-05 15:36:51,188767663,188767667
5648799,In đẹp Săn sale giá quá khét Ship thân thiện nhiệt tình,5,2022-07-29 18:36:21,188767663,188767667
25887501,Tác giả là công tử hoan hỉ mà truyện ko hoan hỉ 🥲,5,2022-08-18 10:15:53,188767663,188767667
1720088,"giao hàng rất nhanh, sách sạch đẹp nhưng bị df góc nhẹ",5,2022-07-11 13:27:59,188767663,188767665
27555785,"Bìa xinh xỉu hợp gu kiểu đơn giản , nguyên seal k df",5,2022-07-28 11:41:17,188767663,188767667
27859776,"Giao hàng nhanh, Sách siêu đẹp luôn. Vì mua có 1q nên bọc ko kỹ lắm nhưng sách vẫn nguyên vẹn, ko bị móp góc :3",5,2022-07-31 07:25:23,188767663,188767667
415771,"Shop đóng gói cẩn thận, giao hàng nhanh chóng",5,2022-09-07 12:36:29,188767663,188767667
900526,đóng gói cẩn thận săn đc giá sale quá đã,5,2022-09-06 22:22:42,188767663,188767667
10823440,Sách hơi df bìa áo xíu nhưng nhìn chung vẫn ổn,5,2022-08-08 22:22:59,188767663,188767665
22806126,Tuy gói ẩu vô cùng ẩu năm sách ko sao nên mk đánh giá 5 sao. Truyện không dày như mình nghĩ¯\_ಠ_ಠ_/¯,5,2022-08-29 21:23:56,188767663,188767665
27191451,"Bên trong không có gì bảo vệ sách cả, may là hộp không bị dập góc, sách không sao. Sách mới, đẹp.",5,2022-09-02 13:17:27,188767663,188767667
14294676,Bìa sách đẹp Hàng giao nhanh Đóng gói kỹ,5,2022-08-08 13:06:23,188767663,188767665
306493,"bìa cứng siêu đẹp, poster cũng đẹp hic.",5,2022-07-18 23:59:59,188767663,188767665
16703343,Ok nhaa tiki giao ko bao h móp hàng hihi,5,2022-09-01 00:37:41,188767663,188767665
21713379,,5,2024-07-08 14:23:02,188767663,188767667
18332421,Truyện xinh lắm ạ hihi 10 điểm 😊,5,2022-08-09 00:34:00,188767663,188767667
18338899,"Hộp có dấu hiệu bị bóc rồi, sách đẹp có móp 1 góc, chưa đọc nên chưa biết nội dung thế nào",5,2022-07-11 17:35:36,188767663,188767665
22574914,"Đóng gói tốt, đủ, sách đẹp",5,2022-07-12 20:52:31,188767663,188767665
27880289,"Giao hàng nhanh, sách không df",5,2022-08-04 11:50:14,188767663,188767667
20978824,"cái hộp giao có 1 lỗ thủng =))) nhìn hú vía nhưng may mà sách k bị lủng, sale giá tốt",5,2022-08-11 19:36:52,188767663,188767665
27184433,"giao hàng nhanh,truyện đẹp",5,2022-08-01 16:00:45,188767663,188767667
27870963,"Giao lâu xĩu🥲1 tuần hơn mình mới nhận dc,nhưng gói hàng kĩ hàng đẹp, kh bị móp méo",5,2022-07-30 10:16:28,188767663,188767667
25856961,Sách đẹp vô cùng luôn,5,2022-08-18 17:52:45,188767663,188767665
17623527,Giao nhanh-sách đẹp,5,2022-09-05 15:35:00,188767663,188767667
20641075,"Giao hàng nhanh, nhưng còn bị df chỗ gáy sách. Săn được với giá hời nên okeee",5,2022-08-21 15:09:15,188767663,188767667
18714341,Tuyệt vời,5,2022-10-07 21:29:45,188767663,188767667
27272967,tốc độ xử lý đơn hàng rất nhanh vẫn là vấn đề cũ: khâu đóng gói đơn hàng tuy có thay đổi nhưng vẫn không thực sự tốt lắm Hộp hàng nát bươm truyện bên trong không cần bàn đến đương nhiên df nặng nhưng đã lỡ bóc seal nên không hoàn trả được,3,2022-08-06 15:36:20,188767663,188767665
675200,"Bản dịch ổn, nội dung truyện cũng ổn, ngược nhẹ, tiki giao nhanh",5,2022-10-21 15:51:26,188767663,188767667
16269377,"Bìa đẹp, cl tốt",5,2022-07-28 15:02:35,188767663,188767667
26060546,nội dung hay,5,2022-09-03 18:30:44,188767663,188767667
27332072,rất là ok luôn,5,2022-07-28 11:38:21,188767663,188767667
25861497,gất xinh xắn nha,5,2022-07-16 10:24:28,188767663,188767665
22616517,quá đẹp ❤️,5,2022-07-13 11:21:37,188767663,188767665
27250303,Bìa đẹp,5,2022-08-07 23:56:01,188767663,188767667
26967097,Sách giao nhanh nhờ sự may mần nào đó mà sách của tui vẫn ko bị sao,5,2022-07-28 16:00:53,188767663,188767667
7608273,đẹp lắm,5,2022-07-09 13:27:24,188767663,188767665
104748,Nội dung ổn lại thêm bìa cứng khá là ưng đọc rồi cảm nhận hjjj,5,2022-07-17 09:53:52,188767663,188767665
22988893,,5,2022-09-05 07:41:45,188767663,188767665
25654734,Từ khi có em bên này thì phải đi ngủ 🚶 nha anh của ngày mai 🚶,5,2022-07-30 19:09:52,188767663,188767667
26544946,Ổn,5,2022-07-28 08:19:21,188767663,188767665
484702,Sách đẹp. Nội dung hay.,5,2023-05-03 11:59:29,188767663,188767667
27579657,"Bìa với poster đẹp, đóng gói chắc chắn hơn lần trước",5,2022-08-29 06:38:29,188767663,188767665
10738545,Sách giao nhanh. Không bị móp góc,5,2023-02-24 16:13:17,188767663,188767667
8085813,"Bìa đẹp lắm, dịch thuật ổn, giao hàng nhanh lắm luôn á.",5,2022-08-03 14:59:01,188767663,188767667
1495919,,5,2023-09-16 14:00:05,188767663,188767667
13335493,Chuẩn bị hàng hơi lâu còn lại rất ổn không bị df,5,2022-08-06 08:46:49,188767663,188767667
5859242,"gói hàng cẩn thận, giao hàng nhanh, sách không bị móp",5,2022-07-29 09:40:11,188767663,188767667
9643994,,5,2023-08-04 20:22:48,188767663,188767667
6053643,"Sách xịn lắm ạ, phụ kiện kèm theo cũng rất đẹp",5,2022-07-16 19:02:05,188767663,188767665
10385497,sách còn nguyên seal. mỗi tội chờ xử lý lâu quá,5,2022-07-31 00:00:17,188767663,188767667
26252667,,5,2023-07-10 06:38:58,188767663,188767667
32196,sách được đóng gói tốt ko bị hư hỏng gì,5,2022-07-15 15:18:07,188767663,188767665
12696182,shop đóng hơi chán nhưng ko sao hết ạ,5,2022-07-30 20:47:37,188767663,188767667
26266159,bị df 1 ít ở góc nhưng vẫn đẹp,5,2022-08-04 13:55:05,188767663,188767667
28896640,,5,2023-04-04 11:39:19,188767663,188767667
25762351,Đầy đủ hàng giao nhanh 👍🏼,5,2022-08-12 12:06:04,188767663,188767665
28087696,,5,2023-03-16 12:45:39,188767663,188767667
24545197,đẹp như trong hình đóng gói kĩ,5,2022-07-22 20:57:27,188767663,188767665
27837227,Shop nên bọc hàng kĩ hơn ạ,5,2022-07-31 22:29:01,188767663,188767667
12247427,,5,2023-02-04 22:45:57,188767663,188767667
20644158,,5,2023-01-08 05:49:51,188767663,188767667
28305175,,5,2022-12-23 07:27:58,188767663,188767667
16394414,,5,2022-12-21 10:35:16,188767663,188767667
7588938,,5,2022-12-20 17:59:06,188767663,188767667
6576831,,5,2022-12-20 00:06:23,188767663,188767667
17354202,"Giao nhanh, giá tốt",5,2022-08-09 20:14:28,188767663,188767667
27964788,Bìa đẹp giá ổn,5,2022-08-11 12:15:10,188767663,188767665
13260659,,5,2022-12-05 11:34:25,188767663,188767667
385406,,5,2022-11-28 18:22:59,188767663,188767667
27285971,,5,2022-11-21 19:12:32,188767663,188767665
12050244,,5,2022-11-15 13:09:51,188767663,188767667
12428359,,5,2022-11-14 17:45:48,188767663,188767667
1230129,,5,2022-11-13 21:56:10,188767663,188767667
20487539,,5,2022-11-10 23:06:55,188767663,188767665
17298585,,5,2022-11-04 11:08:54,188767663,188767667
8426557,,5,2022-10-24 22:37:19,188767663,188767667
630495,,5,2022-10-20 09:44:33,188767663,188767667
13613899,,5,2022-10-19 15:08:50,188767663,188767667
17685641,,5,2022-10-12 21:13:26,188767663,188767667
11137602,,5,2022-10-10 13:01:38,188767663,188767667
1668209,,5,2022-10-10 10:13:00,188767663,188767665
27872813,ổn👽💕,5,2022-07-28 14:18:44,188767663,188767667
741643,,5,2022-10-03 11:38:34,188767663,188767667
369866,,5,2022-09-28 10:09:43,188767663,188767667
1565287,,5,2022-09-24 19:31:35,188767663,188767667
7637390,,5,2022-09-16 11:50:54,188767663,188767667
6228582,,5,2022-09-15 15:54:27,188767663,188767667
1849968,,5,2022-09-13 20:46:15,188767663,188767665
13399648,,5,2022-09-11 20:29:02,188767663,188767667
22139254,,5,2022-09-09 22:31:13,188767663,188767667
27846071,Đỉnh,5,2022-07-29 08:22:31,188767663,188767667
19392083,,5,2022-09-07 09:21:16,188767663,188767665
1903386,,5,2022-09-06 17:47:50,188767663,188767667
8872597,,5,2022-09-04 22:40:30,188767663,188767667
23438003,,5,2022-09-04 14:18:58,188767663,188767667
7966345,,5,2022-09-03 21:35:15,188767663,188767667
9698531,đẹp,5,2022-07-29 11:35:00,188767663,188767667
10125754,,5,2022-09-01 13:55:59,188767663,188767667
28736,,5,2022-08-30 16:05:40,188767663,188767667
759415,,5,2022-08-30 09:26:29,188767663,188767667
27797764,,5,2022-08-28 23:04:31,188767663,188767665
1331838,,5,2022-08-28 09:33:10,188767663,188767665
27540457,,5,2022-08-27 11:00:54,188767663,188767667
10305058,,5,2022-08-24 20:57:56,188767663,188767667
23903034,,5,2022-08-24 18:54:06,188767663,188767665
11487278,,5,2022-08-21 12:38:28,188767663,188767667
15788293,,5,2022-08-20 14:28:47,188767663,188767667
828649,,5,2022-08-17 23:01:15,188767663,188767665
202200,,5,2022-08-16 20:30:05,188767663,188767665
24236737,Kkkkk,5,2022-07-18 12:03:37,188767663,188767665
20808772,,5,2022-08-12 22:34:44,188767663,188767665
27867001,,5,2022-08-11 20:57:22,188767663,188767667
1602708,,5,2022-08-10 10:54:52,188767663,188767667
11476226,,5,2022-08-09 12:35:25,188767663,188767667
14123324,,5,2022-08-04 19:08:48,188767663,188767667
20217849,,5,2022-08-03 23:18:16,188767663,188767667
24784657,,5,2022-08-03 14:51:10,188767663,188767667
7195729,,5,2022-08-02 11:09:37,188767663,188767667
27755370,,5,2022-08-01 18:02:58,188767663,188767665
8064426,,5,2022-07-31 15:02:15,188767663,188767667
24809928,,5,2022-07-31 06:28:51,188767663,188767667
16695720,,5,2022-07-30 11:00:41,188767663,188767667
18856136,,5,2022-07-29 21:11:37,188767663,188767667
2220977,,5,2022-07-29 15:55:11,188767663,188767667
5102597,,5,2022-07-29 10:20:34,188767663,188767667
19183445,,5,2022-07-28 20:55:42,188767663,188767667
17488375,,5,2022-07-28 20:25:18,188767663,188767667
27747656,,5,2022-07-28 19:28:06,188767663,188767667
532607,,5,2022-07-28 19:18:22,188767663,188767667
13962329,,5,2022-07-28 15:59:20,188767663,188767665
10947748,,5,2022-07-28 15:32:10,188767663,188767667
9744905,,5,2022-07-27 20:52:52,188767663,188767665
16478449,,5,2022-07-25 17:28:14,188767663,188767667
90337,,5,2022-07-25 11:39:15,188767663,188767667
22923993,,5,2022-07-23 17:49:18,188767663,188767667
24750445,,5,2022-07-22 17:46:39,188767663,188767665
21238815,,5,2022-07-21 09:11:38,188767663,188767667
20147748,,5,2022-07-20 16:42:01,188767663,188767667
8802,,5,2022-07-19 06:36:14,188767663,188767667
15788293,,5,2022-07-18 00:11:23,188767663,188767665
22921146,,5,2022-07-17 08:09:43,188767663,188767665
15859351,,5,2022-07-17 00:45:29,188767663,188767665
20330,,5,2022-07-16 23:33:16,188767663,188767665
11031835,,5,2022-07-16 22:18:20,188767663,188767665
690657,,5,2022-07-16 17:22:26,188767663,188767665
11956440,,5,2022-07-15 23:29:24,188767663,188767665
67018,,5,2022-07-15 13:46:09,188767663,188767665
286614,,5,2022-07-14 14:36:26,188767663,188767665
18094079,,5,2022-07-13 20:20:37,188767663,188767665
7260778,,5,2022-07-11 17:17:08,188767663,188767667
1826533,,5,2022-07-09 10:02:04,188767663,188767665
6209462,,5,2022-07-08 00:29:53,188767663,188767665
17608982,tui hơi thất vọng. hồi trc tiki giao chất lượng lắm đóng gói kĩ lưỡng. mà h miếng chống sốc cx hk có còn bỏ vô mấy cái miếng giấy này cho tui chi. giao thì cái hộp bị móp nx hên mà hk có ảnh hưởng tới sản phẩm bên trong.,4,2022-09-24 14:46:48,188767663,188767667
27827676,"lần đầu mua ở tiki cho nên cảm thấy rất ok, giao hàng nhanh, đóng gói cẩn thận, chỉ là sách bên trong không có lốp bảo vệ bao sách, hên là bé nó không có hư hỏng gì. hi vọng lần sau sách bên trong được bọc cẩn thận hơn.",4,2022-07-18 20:37:33,188767663,188767665
27779241,"hộp hàng khi ship đến có bị móp méo nhưng may là không ảnh hưởng đến sách, sách có vài lỗi k nghiêm trọng lắm, t mua để sưu tầm nên vote 3 sao thôi nhé.",3,2022-07-12 10:46:34,188767663,188767665
16518194,Sách đẹp ! Giao nhanh ! Săn sale khá rẻ P/s: Hình ảnh mang tính chất minh hoạ!!!!!!!!!!,4,2023-01-17 11:07:59,188767663,188767667
18022606,"Tiki vẫn gói hàng chán như vậy, may mà di chuyển trong nội thành HN lại ko gặp mưa nên ko sao",4,2022-07-31 18:11:41,188767663,188767667
27620973,"Giao hàng rất nhanh, đóng gói chắc chắn. bìa đẹp mắt, nội dung khá ổn. Nhưng beta truyện thì bị nhiều lỗi chính tả",4,2022-09-10 19:43:53,188767663,188767667
8264813,Ko bọc chống xốp nên mãi 4 sao,4,2022-09-19 15:54:32,188767663,188767667
17637681,"Sách hơi cong góc, bìa có bị cấn",3,2022-07-26 18:59:16,188767663,188767665
9668816,"sách bị móp, đóng gói không kỹ.",3,2022-07-11 18:04:33,188767663,188767665
26128978,Hơi bị móp góc ạ,4,2022-08-27 10:13:35,188767663,188767665
24679528,,4,2022-12-22 19:50:34,188767663,188767667
17970209,,4,2022-10-08 11:56:18,188767663,188767667
694893,Mỏng manh.,4,2022-07-20 13:42:17,188767663,188767667
27708094,,4,2022-09-02 09:16:11,188767663,188767667
24998817,,4,2022-08-29 17:59:57,188767663,188767667
25890385,,4,2022-08-06 08:50:53,188767663,188767667
26111488,,4,2022-08-04 12:28:55,188767663,188767667
13106316,,4,2022-07-25 16:59:58,188767663,188767665
23667673,"Tiki lúc nào cũng đóng gói kỹ càng hết á, bọc sách phụ kiện kèm theo cũng rất kỹ. Giá mua sách trên đây cũng rất mềm nữa",5,2025-11-12 10:59:59,278612149,278612175
17108498,"Sách bị df siêu nhiều phải hơn 10 lỗ lõm cực to ở bìa keo, mà k chỉ bìa keo k mà nó bị lõm sâu vô bìa áo,sách bên trong.Gáy sách thì bị cong,gập hết cả 2/4 góc.Phần gáy của bìa keo cũng bị gập thành một hình tam giác.Thật sự trải nhiệm quá tệ.Đóng gói sơ sài,có chống sốc nhưng k đáng kể,dán băng keo k kín (chỉ dc tối đa 5 ảnh nên mình sẽ ghép nh bức vô một ảnh,mỗi hình tròn đỏ đều là một vết df riêng k trùng vs bất cứ cái nào)",1,2025-10-16 16:16:40,278612149,278612175
30648462,Tốt,5,2026-04-20 11:20:03,278612149,278612174
30730510,,5,2026-09-19 15:46:37,278612149,278612174
30083536,,5,2026-08-26 18:42:42,278612149,278612174
30645445,,5,2026-04-08 13:51:18,278612149,278612174
29025205,,5,2026-02-06 13:46:32,278612149,278612175
29864171,,5,2026-01-07 21:14:16,278612149,278612175
333003,,5,2026-01-01 12:27:06,278612149,278612175
21575280,,5,2025-10-13 07:39:48,278612149,278612174
30447637,,5,2025-10-10 11:54:34,278612149,278612175
7341628,,5,2025-09-24 09:15:26,278612149,278612175
30049119,"Sản phẩm đúng mô tả, giá rẻ, chỉ là mép hơi bị móp",5,2026-04-18 16:37:00,277514023,277514034
29958974,"Đóng gói hàng kĩ, giao nhanh, truyện ko bị df",5,2025-05-17 12:50:15,277514023,277514034
28155138,,5,2026-08-03 11:03:33,277514023,277514034
21323617,Shop 5 sao nhưng shipper 1 sao vì tự ý khui hàng của khách,5,2025-03-23 11:44:12,277514023,277514035
21575280,,5,2025-10-13 07:48:54,277514023,277514034
16654746,,5,2025-10-08 19:44:35,277514023,277514035
26139749,,5,2025-07-09 17:13:17,277514023,277514035
8160619,xinh quớ,5,2025-05-08 20:06:45,277514023,277514035
30413303,,5,2025-06-24 16:46:43,277514023,277514034
30324885,,5,2025-05-14 11:26:18,277514023,277514035
29214439,,5,2025-05-14 11:07:44,277514023,277514035
30356265,,5,2025-04-24 17:59:55,277514023,277514035
30073697,,5,2025-04-16 20:17:27,277514023,277514035
10367217,,5,2025-04-15 11:48:34,277514023,277514035
992884,,5,2025-03-28 17:27:02,277514023,277514035
30324761,,5,2025-03-24 17:06:34,277514023,277514035
30272260,,5,2025-03-22 10:10:48,277514023,277514035
30688975,"Sách đẹp, mới, bìa đẹp nha, mà cuốn này khổ to nữa, giao hàng cũng nhanh, nhưng bọc hơi sơ sài thôi",4,2026-07-09 21:57:07,277514023,277514034
30318134,"Truyện xinh, đẹp vận chuyển nhanh nhưng có cái về bị móp",3,2025-03-24 13:44:26,277514023,277514035
30649707,,4,2026-04-26 18:38:18,277514023,277514034
29170167,,4,2025-03-31 12:24:23,277514023,277514035
30743842,"Giao nhanh, đúng hàng, không hư hại gì mấy, sẽ tiếp tục ủng hộ.",5,2026-08-23 19:18:38,279456160,279456161
29877081,,5,2026-07-06 19:07:59,279456160,279456161
5743227,Sách ok Không bị hư góc sách,5,2026-08-21 11:34:30,279456160,279456161
30653866,,5,2026-09-13 15:57:01,279456160,279456161
29948022,ok,5,2026-08-22 22:09:55,279456160,279456161
25570763,,5,2026-07-15 02:36:00,279456160,279456161
282479,,5,2026-07-09 18:47:31,279456160,279456161
30647846,,5,2026-07-06 15:52:36,279456160,279456161
30575242,,5,2026-07-02 17:26:40,279456160,279456161
30683263,"Gói như c, df hết cả 4 góc gáy sách. Nhân viên tự tin đến nỗi nghĩ là 1 bọc giấy + 1 vòng giấy chống sốc là có thể bảo vệ được sách à? Sách chưa đến nối giá trị cao, nhưng tiếc cái bọc để bảo vệ sản phẩm của mình thì tệ hại vô cùng.",1,2026-07-11 13:07:35,279456160,279456161
13270553,Không có bọc khí nên sách bị va đập dẫn đến móp góc mong lần sau đóng gói kĩ hơn,3,2026-06-27 13:46:55,279456160,279456161
30634792,Nhận hàng về sách bị móp df 1 góc,3,2026-07-28 22:25:17,279456160,279456161
30740936,,4,2026-09-02 08:13:54,279456160,279456161
30697860,,4,2026-07-03 13:22:59,279456160,279456161
30579508,"Giao nhanh trước dự kiến, sách ko bị df.",5,2026-03-21 22:52:53,279193586,279193715
30616843,Hàng giao lúc nào cũng ok=)),5,2026-04-05 16:30:24,279193586,279193715
30635561,,5,2026-03-29 10:34:14,279193586,279193716
302565,,5,2026-09-09 22:00:27,279193586,279193716
30589516,,5,2026-07-31 14:23:22,279193586,279193716
30630119,,5,,279193586,279193715
30649751,,5,2026-05-13 22:20:06,279193586,279193715
30639002,Tốt,5,2026-04-03 20:16:51,279193586,279193716
1903386,,5,2026-04-25 22:18:13,279193586,279193715
7015888,,5,2026-04-08 20:22:59,279193586,279193716
7981785,,5,2026-04-06 00:51:31,279193586,279193715
30338639,,5,2026-04-05 01:43:15,279193586,279193715
30641451,,5,2026-04-03 15:51:32,279193586,279193716
30604551,,5,2026-03-21 00:09:12,279193586,279193716
28684310,,5,2026-03-21 00:00:25,279193586,279193716
30610871,,4,2026-04-09 00:42:53,279193586,279193716
30743842,"Giao nhanh, đúng hàng, không hư hại gì mấy, sẽ tiếp tục ủng hộ.",5,2026-08-23 19:19:45,278777913,278781568
25755454,"chưa đọc nên không biết nội dung, shop đóng gói hàng kĩ càng",5,2026-04-09 16:44:56,278777913,278781568
30492704,,5,2026-07-05 13:43:31,278777913,278781569
14294676,,5,2026-06-09 21:43:41,278777913,278781568
30645045,,5,2026-04-26 20:30:20,278777913,278781568
10976556,,5,2026-04-14 21:38:58,278777913,278781569
30087785,,5,2026-04-11 08:31:48,278777913,278781569
12370279,,5,2026-03-04 10:25:45,278777913,278781569
30362782,,5,,278777913,278781569
29216373,,5,2025-12-05 19:05:39,278777913,278781569
8335164,,5,2025-11-08 11:35:49,278777913,278781569
30034664,"Ship cho quyển lổi rách cả góc, đổi trả thì kêu hết hàng. Phong cách gói hành vẫn âm trì địa ngục như ngày nào, chắc sợ sách đến tay khách còn nguyên vẹn",1,2026-04-11 08:57:56,278777913,278781569
28451967,coi ảnh gói nè lần đầu mua ở tiki mà thấy rất oke,5,2025-08-30 18:35:31,278526486,278526503
15848422,,5,2026-10-03 18:46:51,278526486,278526502
30474914,Rất ưng và đẹp kinh khủng 😭💗💗💗💗,5,2025-08-31 10:39:43,278526486,278526503
30471556,"kkk rất iuuu, tui mép có bị móp xíu nhm k sao",5,2025-08-30 16:41:46,278526486,278526502
1361011,Đỉnh nóc kịch trần không nói nhiều,5,2025-08-30 11:23:15,278526486,278526503
30514254,°văn phong hay °bìa đẹp °bookmark đẹp nốt °cái kiểu sách mà có thể banh ra mà khog sợ bị mất form thì là gu của mìnnn,5,2025-10-13 01:12:17,278526486,278526502
28909395,"Sách đẹp nội dung hay,gói hàng cẩn thận",5,2025-09-16 22:21:24,278526486,278526503
30474792,,5,2025-08-30 15:13:27,278526486,278526503
30177671,Trộm vía may mắn đã săn được bđb 🫶🏻☺️,5,2025-08-30 22:55:20,278526486,278526503
30477360,:v nó to hơn tưởng tượng của mình nữa,5,2025-08-31 13:10:48,278526486,278526502
6605170,,5,2026-03-25 22:11:39,278526486,278526502
30337029,,5,2026-03-02 19:45:04,278526486,278526502
30474389,,5,2026-02-07 12:18:15,278526486,278526503
28701922,,5,2025-11-07 16:23:30,278526486,278526502
7981785,,5,2025-10-08 13:59:51,278526486,278526502
30511402,,5,2025-10-03 13:24:24,278526486,278526502
30472836,tôtd,5,2025-08-31 15:56:07,278526486,278526503
30474928,,5,2025-09-06 19:19:28,278526486,278526502
30475124,,5,2025-09-02 15:49:10,278526486,278526502
30472884,,5,2025-09-02 12:40:35,278526486,278526502
25491859,,5,2025-09-01 10:28:05,278526486,278526502
1278943,,5,2025-08-31 15:05:15,278526486,278526503
1853576,,5,2025-08-30 20:26:23,278526486,278526502
23746586,Hàng đắt mà đóng gói không ra gì ống pó còn ngắn hơn pos làm móp hai đầu mua 300k quyển truyện mà k đóng gói đc hẳn hoi không phải do bên khác hết hàng thì không bao giờ mua bên tiki bao nhiêu lần rồi vẫn không cải thiện cách đóng hàng,1,2025-09-12 00:36:46,278526486,278526503
110741,người bán không hỗ trợ được gì cho khách hàng khi có sự cố phát sinh,1,2026-07-08 23:57:09,278526486,278526503
30442124,,4,2026-04-08 16:54:59,278526486,278526502
30091257,,4,2025-11-17 22:54:39,278526486,278526503
22689577,,4,2025-10-17 18:34:10,278526486,278526502
30318673,"Mua ba cuốn, cuốn tập 3 này rẻ nhất nhưng mà ít df nhe, seal hơi lỏng với không ôm dc quyển sách nhưng mà vậy là ổn rùi",5,2025-05-17 15:38:54,275868703,275868704
30279684,"Giao hàng nhanh,kh bị hưng hại gì nhiều",5,2026-08-20 13:22:30,275868703,275868704
13464261,Sách seal mới đẹp,5,2024-10-21 09:10:24,275868703,275868704
25664747,,5,2025-05-30 16:04:13,275868703,275868704
1903386,,5,2025-05-08 22:30:21,275868703,275868704
24037357,,5,2025-04-03 05:14:32,275868703,275868704
16418468,,5,2025-01-22 08:21:59,275868703,275868704
30143573,,5,2024-12-12 17:09:15,275868703,275868704
5778644,,5,2024-10-27 10:30:55,275868703,275868704
28941806,,5,2024-10-24 14:34:34,275868703,275868704
1331838,,5,2024-10-24 13:15:21,275868703,275868704
29770788,,5,2024-09-19 13:45:24,275868703,275868704
30159799,"Lần thứ 2 mua tại shop nhưng chắc do mình đặt giao trong 2h nên là shop hơi vội. Bìa áo mềm ngoài thì như hình bị móp ở trên một chút, lớp bọc cũng bị rách. Nhưng may là bên trong vẫn ổn, sản phẩm đầy đủ sẽ còn ghép shop.",5,2024-10-23 20:19:21,273516777,273516950
28667071,"Tiki gói chống sốc rồi nha mọi người 😆 sách về lành lặn , standee xinh, đang ngày sale 50% nên cũng khá hời nha",5,2024-10-24 17:51:31,273516777,273516950
30211420,"giao hàng nhanh, sách khổ to, in đẹp",5,2025-01-23 18:38:47,273516777,273516949
11559764,,5,2026-08-27 21:49:06,273516777,273516950
22262041,,5,2026-04-06 11:41:04,273516777,273516949
17479723,,5,2024-09-12 16:56:08,273516777,273516949
8079176,,5,2024-05-11 23:22:57,273516777,273516949
520663,,5,2024-04-07 01:36:09,273516777,273516949
29860320,,5,2024-03-29 08:20:40,273516777,273516950
385406,,5,2024-03-27 20:51:10,273516777,273516949
18094079,,5,2023-12-16 20:19:14,273516777,273516950
27860446,"Gói hàng ẩu, sách bị df nhiều",2,2026-04-08 10:43:30,273516777,273516950
30660310,,4,2026-04-28 22:33:47,273516777,273516950
28448519,Bị df nhẹ ở vài góc nhưng nhìn chung thì vẫn khá ổn nha,5,2024-03-27 15:17:09,229726907,229726911
29166160,"Giao hàng siêu nhanh, hqua vừa đặt nay đã có, mua với giá siêu rẻ, nhưng mà truyện bị cong nhưng vx đẹp nha",5,2023-07-24 16:25:56,229726907,229726911
28879921,"Bìa vô cùg đẹp, bookmark với standee thì cute xỉu🥰",5,2023-03-03 20:20:54,229726907,229726911
30664687,,5,2026-05-12 12:09:54,229726907,229726911
20685862,"Sách đẹp, giao hàng nhanh, có phụ kiện như miêu tả.",5,2025-01-27 05:41:22,229726907,229726911
6616662,,5,2024-10-23 22:51:52,229726907,229726911
7590141,Ok,5,2023-07-07 00:16:09,229726907,229726909
6839877,,5,2023-03-05 08:46:40,229726907,229726911
24685433,"Truyện hay, giao hàng nhanh",5,2023-06-07 09:39:56,229726907,229726911
28935631,"Bìa đẹp, nội dung hấp dẫn",5,2023-03-13 21:47:16,229726907,229726911
29171168,,5,2023-09-20 11:06:41,229726907,229726911
1315412,,5,2023-08-02 18:37:25,229726907,229726909
27472000,,5,2023-04-02 17:50:58,229726907,229726911
11714202,,5,2023-03-31 19:38:22,229726907,229726911
11601336,,5,2023-03-24 10:48:34,229726907,229726911
5607409,,5,2023-03-18 18:47:58,229726907,229726909
28907091,,5,2023-03-14 11:54:22,229726907,229726911
28894579,,5,2023-03-03 11:15:46,229726907,229726911
10770455,df quả bìa nè tr,4,2023-03-17 11:36:21,229726907,229726911
27293234,"OMG, SỨC XẮC LUÔN TR OIIII, CHƯA BAOH THẤT VỌNG VỀ DỊCH VỤ CỦA TIKI LUÔN, CHẲNG CẦN BỌC CHỐNG XÓC HÀNG CŨNG VỀ NGON LÀNH, MÀ CÓ BỌC CHỐNG XÓC THÌ CX LÀ GIẤY VỤN VÀ RẤT TỐT CHO MÔI TRƯỜNG, 11H ĐÊM QUA ĐẶT, CHƯA ĐÃ VỀ R, SÁCH SIÊU ĐẸP, NGUYÊN SEAL, MÊÊÊÊÊÊ3",5,2022-06-01 12:44:39,169621657,169621658
21208733,"Hàng đẹp, giao hàng tương đối nhanh. chất lượng tốt. Bình luận mang tính chất làm nhiệm vụ nữa.",5,2022-06-16 00:07:38,169621657,169621658
19810869,"Mình rất thích, rất đáng mua",5,2023-02-24 19:22:00,169621657,169621658
259894,"Shop giao đúng và đủ số sản phẩm mình đã đặt. Sản phẩm mới 100% còn nguyên seal, mình mua được với giá khá vừa túi. Hy vọng bên vận chuyển đửng quăng hàng nữa là ok",5,2022-06-08 23:22:12,169621657,169621658
28360163,"Tuyệt vời lắm nè , shop đóng gói kĩ càng nè, 10 điểm 10 điểm",5,2022-11-17 17:35:35,169621657,169621658
1682746,,5,2026-04-11 13:32:23,169621657,169621658
28617505,"Giao hàng siêu nhanh, bìa đẹp, seal bị rách nhẹ, có chút bụi nhưng không ảnh hưởng đến sách",5,2023-03-02 14:44:44,169621657,169621658
10259761,"Ahihi, sách k bị rách hay df Giao hàng nhanh, khoảnh 2 tiếng là có Lucky vl, đc tận 2 bookmark lận cơ >",5,2022-11-22 20:08:07,169621657,169621658
8426557,"ở Đà Nẵng nên giao nhanh, cơ mà shipper để ý chút nha, khi gọi điện mà e bận ko nghe máy đc thì cứ đem hàng vào đi ạ",5,2022-05-31 23:14:50,169621657,169621658
15032038,"Mua để đu cho đủ bộ chứ mình còn chưa đọc từ tập 1, tính gom đủ rồi đọc một thể. Hàng giao ok, k defect",5,2022-06-11 07:47:27,169621657,169621658
11719435,"Sách giao nhanh, đẹp. Đóng gói cẩn thận, không bị móp góc",5,2023-06-15 19:36:38,169621657,169621658
15897161,"lúc đặt hàng bên tiki có hơi lo tại sợ gói không cẩn thận với mất seal nhưng mở hàng rồi thấy yên tâm lắm ạ, gói kĩ, cẩn thận và giao nhanh nữa, rất like!",5,2022-07-10 12:32:52,169621657,169621658
14018570,,5,2025-09-19 15:10:19,169621657,169621658
10961516,Chất lượng tốt đóng gói chắc chắn giao hàng nhanh ❤️❤️❤️❤️❤️❤️,5,2022-11-19 00:25:20,169621657,169621658
12390000,"Truyện hay, giao hàng rất nhanh luôn",5,2023-07-12 17:05:42,169621657,169621658
8263278,Mua hàng Tiki nhiều năm rồi tôi rất yên tâm. Sản phẩm này ok tôi rất thích. Thank Tiki!,5,2022-06-08 19:19:13,169621657,169621658
17250060,Nội dung hay. Tiki giao nhanh. Nay đặt mai có rồi. Rất hài lòng,5,2022-12-12 08:35:53,169621657,169621658
28537473,"Truyện hay, giao hàng nhanh, sách không bị sao hết",5,2023-01-30 20:51:20,169621657,169621658
27183633,Không có chống sốc nhưng may quyển này không có bị làm sao.,5,2022-10-25 18:28:17,169621657,169621658
29162041,Đẹp,5,2023-09-23 16:23:27,169621657,169621658
13451746,"sách đẹp và giao nhanh, mình hài lòng với sản phẩm này từ Tiki",5,2022-06-11 08:57:23,169621657,169621658
189766,,5,2024-10-21 17:30:18,169621657,169621658
620362,Bộ sưu tập. Trước đọc bộ này trên mạng siêu thích luôn,5,2022-05-05 19:59:27,169621657,169621658
16898555,,5,2022-04-13 20:41:44,169621657,169621658
10962186,"sách nguyên vẹn không bị hư hại, thời gian giao hàng ổn.",5,2022-04-18 12:30:32,169621657,169621658
27633382,hơi lỗi 1 chút mà bóc ra vẫn chèn lại đc,5,2022-06-07 12:31:44,169621657,169621658
5903153,,5,2023-01-31 10:17:27,169621657,169621658
22049445,bìa đẹp truyện hay,5,2022-07-02 13:04:28,169621657,169621658
8095663,"Có sẵn 3 tập đầu rồi nên mua thêm tập 4,5 cho đủ bộ. truyện rất hay",5,2022-07-28 14:48:55,169621657,169621658
17316456,giao hàng nhanh,5,2022-07-08 11:23:05,169621657,169621658
15838619,"Truyện kết ngang nửa chừng, k biết còn nữa hông chứ zị thì tụt mood quá 🥲",5,2022-05-18 17:49:07,169621657,169621658
658757,tuyệt vờiiiii,5,2022-05-05 20:03:28,169621657,169621658
27936970,,5,2022-08-10 08:18:48,169621657,169621658
9063005,,5,2023-10-18 10:14:17,169621657,169621658
25942585,oke,5,2022-06-30 03:06:17,169621657,169621658
72220,giao nhanh. hàng bọc đẹp. k bị móp hay xước gì hết. nd thì khỏi bàn,5,2022-05-13 22:17:49,169621657,169621658
28623931,Hàng giao nhanh đóng gói cẩn thận,5,2023-01-29 12:44:09,169621657,169621658
19722529,,5,2022-05-25 12:27:16,169621657,169621658
8612269,,5,2023-07-27 22:59:21,169621657,169621658
26544946,Hay,5,2022-04-19 16:41:31,169621657,169621658
27826551,Hàng ko bị hỏng hóc j,5,2023-02-03 17:36:19,169621657,169621658
19467670,"Seal còn nguyên, sách mới, không bị va đập gì ❤",5,2022-07-18 08:34:07,169621657,169621658
8489159,,5,2023-07-05 23:04:45,169621657,169621658
357871,,5,2023-06-16 20:42:42,169621657,169621658
608822,,5,2023-06-09 01:50:47,169621657,169621658
26816264,,5,2023-04-15 00:17:07,169621657,169621658
27275148,hàng oke lắm lần sau ra tập 6 thì liền ủng hộ,5,2022-04-14 17:03:50,169621657,169621658
7907114,,5,2023-03-24 07:41:06,169621657,169621658
16496062,,5,2023-03-06 00:00:41,169621657,169621658
43795,,5,2023-02-25 10:16:35,169621657,169621658
24077486,,5,2023-02-13 12:54:31,169621657,169621658
28737813,,5,2023-02-02 11:52:54,169621657,169621658
16355046,,5,2023-01-29 10:30:02,169621657,169621658
22000635,,5,2023-01-11 20:59:50,169621657,169621658
23104249,,5,2023-01-06 08:37:10,169621657,169621658
28354599,,5,2022-12-13 11:52:30,169621657,169621658
28562264,,5,2022-12-10 16:35:00,169621657,169621658
10794832,,5,2022-12-09 16:16:25,169621657,169621658
7254347,,5,2022-11-22 14:22:33,169621657,169621658
19550,,5,2022-11-11 19:57:04,169621657,169621658
10200953,,5,2022-11-11 14:03:07,169621657,169621658
26133440,đóng gói kĩ không móp hàng,5,2022-04-27 16:33:07,169621657,169621658
14971619,Sách xinh xỉu ạ,5,2022-07-09 20:59:12,169621657,169621658
8499050,,5,2022-11-02 19:53:34,169621657,169621658
22446400,,5,2022-10-26 23:14:27,169621657,169621658
7483456,,5,2022-10-26 18:57:29,169621657,169621658
12247427,,5,2022-10-24 01:20:28,169621657,169621658
520139,,5,2022-10-16 13:35:43,169621657,169621658
7167658,,5,2022-10-04 13:38:13,169621657,169621658
494562,Okie,5,2022-09-01 13:12:11,169621657,169621658
7573088,Đóng gói tốt,5,2022-06-08 22:04:58,169621657,169621658
12921980,,5,2022-09-15 10:29:51,169621657,169621658
1812687,,5,2022-09-12 14:18:46,169621657,169621658
22414262,,5,2022-09-10 13:37:27,169621657,169621658
5648799,,5,2022-09-09 20:17:45,169621657,169621658
82362,,5,2022-09-08 10:17:59,169621657,169621658
15389282,,5,2022-09-03 19:52:23,169621657,169621658
19206064,,5,2022-08-31 15:55:55,169621657,169621658
20419144,,5,2022-08-23 13:21:50,169621657,169621658
16478449,,5,2022-08-14 20:44:00,169621657,169621658
884198,,5,2022-08-08 18:45:00,169621657,169621658
13168710,Giao hàng nhanh,5,2022-05-06 12:29:47,169621657,169621658
17851752,,5,2022-08-04 08:52:41,169621657,169621658
9651383,,5,2022-07-30 14:03:18,169621657,169621658
26783392,,5,2022-07-22 11:29:16,169621657,169621658
22747895,,5,2022-07-16 23:54:36,169621657,169621658
15788293,,5,2022-07-08 01:17:54,169621657,169621658
5365801,,5,2022-07-05 15:26:16,169621657,169621658
17777094,,5,2022-07-02 10:09:07,169621657,169621658
18946912,,5,2022-06-24 21:05:54,169621657,169621658
1888237,,5,2022-06-24 09:46:05,169621657,169621658
19914516,,5,2022-06-21 17:04:53,169621657,169621658
5954978,,5,2022-06-21 09:52:56,169621657,169621658
18611109,,5,2022-06-19 01:10:32,169621657,169621658
15453023,,5,2022-06-18 23:36:41,169621657,169621658
27677755,,5,2022-06-18 13:54:22,169621657,169621658
14407331,,5,2022-06-11 23:17:27,169621657,169621658
1818973,.,5,2022-06-05 20:28:55,169621657,169621658
19241351,,5,2022-06-10 20:39:51,169621657,169621658
27640196,,5,2022-06-08 18:20:03,169621657,169621658
27062718,,5,2022-06-08 17:05:11,169621657,169621658
215821,,5,2022-06-08 13:27:25,169621657,169621658
6045077,,5,2022-06-08 12:41:17,169621657,169621658
27104559,,5,2022-06-07 14:04:37,169621657,169621658
17058703,,5,2022-06-05 22:03:18,169621657,169621658
27289056,ok,5,2022-05-24 21:58:53,169621657,169621658
17441841,,5,2022-06-03 01:01:55,169621657,169621658
17913739,,5,2022-05-31 10:31:45,169621657,169621658
11060071,,5,2022-05-27 12:21:06,169621657,169621658
758581,tốt,5,2022-04-27 12:35:24,169621657,169621658
7209387,,5,2022-05-24 20:32:55,169621657,169621658
175566,,5,2022-05-16 08:35:08,169621657,169621658
280289,,5,2022-05-15 06:58:37,169621657,169621658
10388457,,5,2022-05-08 23:50:53,169621657,169621658
16727059,,5,2022-05-08 06:04:21,169621657,169621658
17970888,,5,2022-05-07 12:35:17,169621657,169621658
6031697,,5,2022-05-06 22:01:42,169621657,169621658
28736,,5,2022-04-25 09:32:36,169621657,169621658
11703639,,5,2022-04-23 09:27:20,169621657,169621658
385406,,5,2022-04-20 22:30:28,169621657,169621658
27347456,,5,2022-04-20 17:53:49,169621657,169621658
11641528,,5,2022-04-19 18:37:07,169621657,169621658
2220977,,5,2022-04-17 17:18:12,169621657,169621658
532607,,5,2022-04-17 16:01:39,169621657,169621658
5102597,,5,2022-04-15 18:10:06,169621657,169621658
26616609,,5,2022-04-10 12:16:13,169621657,169621658
24076714,,5,2022-04-09 22:26:32,169621657,169621658
16598328,,5,2022-04-09 14:49:09,169621657,169621658
33594,,5,2022-04-07 07:26:41,169621657,169621658
12871095,"lần nào lần ấy thùng cứ méo móp hết cả ra, sách rách seal tùm lum. mình mua nhiều lần trên tiki nhưg chả bao giờ thấy cải thiện khâu đóng gói, chán thật sự.",4,2022-04-19 16:30:16,169621657,169621658
141394,"Mua sách ở Tiki thì xác định là vì rẻ chứ đừng trông chờ vào khâu đóng gói. Kinh nghiệm xương máu là nên mua ít nhất 2 cuốn vì 1 cuốn thì size hộp nhỏ nhất hiện tại đang bị rộng, xóc nảy trong quá trình vận chuyển rất dễ dẫn đến cấn móp, ngoài ra đang mùa mưa mà không có bọc chống thấm nên ai ở tỉnh xa cũng nên cân nhắc. Chất lượng giao hàng rất tốt, siêu nhanh và shipper thân thiện.",4,2022-06-30 16:35:51,169621657,169621658
5676344,"Giao nhanh, thùng hàng không bóp méo. Sách được bọc kĩ, nhưng bên tiki quên bọc bookcare cho mình, khá buồn.",4,2022-06-10 23:30:30,169621657,169621658
26359908,"sách về tay mình bị rách seal, bị bẩn nữa, tikk làm ơn chỉnh lại khẩu gói hàng giúp mình",3,2022-06-15 18:22:26,169621657,169621658
552437,,4,2022-06-16 19:43:15,169621657,169621658
694893,!!!,4,2022-04-17 19:38:25,169621657,169621658
11231336,,4,2022-04-30 09:20:12,169621657,169621658
8071,"Sách mới nguyên seal, đầy đủ phụ kiện, shop đóng gói chu đáo, bọc chống sốc cẩn thận, giao hàng nhanh, vote 5 sao",5,2025-07-15 13:15:13,278227594,278229748
29559990,nhìn cái bìa cute là muốn đọc r 😘,5,2025-07-16 19:32:08,278227594,278229748
30655158,,5,2026-07-01 18:11:14,278227594,278229747
30672047,,5,2026-06-21 17:57:29,278227594,278229747
30656574,,5,2026-06-20 16:02:16,278227594,278229747
30648468,Ok,5,2026-04-08 17:22:27,278227594,278229747
28164784,,5,2026-04-10 12:41:48,278227594,278229747
29309095,,5,2026-03-17 16:51:56,278227594,278229747
30621778,,5,,278227594,278229747
30617476,,5,2026-02-24 17:26:15,278227594,278229747
30363902,,5,2025-07-30 20:29:16,278227594,278229748
28625974,,5,2025-07-18 01:14:39,278227594,278229748
26139749,,5,2025-07-16 16:44:25,278227594,278229748
28882464,,5,2025-07-16 15:18:37,278227594,278229748
21575280,"Đóng gói thiếu mất sticker tem tặng kèm theo sách rồi, tôi mua nguyên bộ 3 cuốn mà thiếu mất 2 cái sticker tem",3,2025-10-13 15:29:31,278227594,278229747
28753503,Bìa quá đẹp luônnnn Trộm vía lại k df 👉👈,5,2023-06-07 18:09:26,222679465,222679469
25755454,"chưa đọc nên không biết nội dung, shop đóng gói hàng kĩ càng",5,2026-09-19 18:44:17,222679465,222679467
27827676,"Ult sách cực kỳ xinh luôn, gáy sách rất đẹp, rất tiếc sdantee bằng giấy chứ art như này mà bằng nhựa thì rất là mê luôn, ticket hologram lấp lánh bảy màu đúng gu mình. Giao hàng siêu nhanh, đóng gói vẫn còn sơ xài lắm.",5,2023-02-24 20:42:18,222679465,222679469
636751,"Mình đợi lâu lắm rồi cuốn này mới sale, mình mua đc giá tốt lắm, tiki giao hàng thần tốc nhưng vẫn như mọi lần là không có chống sốc gì hết 😅, may mà kho gần nên không df gì.",5,2023-04-24 18:34:16,222679465,222679469
10190303,sách bị df nhưng không bị nặng. săn sale nên khá rẻ hihi,5,2023-05-22 22:35:25,222679465,222679469
25131031,"giao siêu nhanh , sách đẹp lắm sẽ ủng hộ lâu dài",5,2023-06-07 22:20:11,222679465,222679467
28669054,Bìa đẹp chữ lấp lánh xiu xinh giao hàng siêu nhanh nà bị móp ở 2 góc nên hơi xấu truyện huhu,5,2023-04-06 18:08:42,222679465,222679469
296347,Mượn ảnh bộ khác nhưng mà bộ rất đẹp săn đc giá rẻ,5,2023-07-25 11:09:40,222679465,222679469
1285041,"Bìa xinh, giao nhanh 🥰🥰🥰🥰🥰",5,2023-07-10 18:50:44,222679465,222679469
28379596,Bìa đẹp ticket lấp lánh siu đẹp ✨,5,2023-06-07 17:33:39,222679465,222679469
14176001,"Sách đẹp, gói hàng kĩ",5,2023-03-04 00:03:07,222679465,222679469
7590141,Ok,5,2023-06-21 23:30:26,222679465,222679467
357871,,5,2024-03-31 20:29:46,222679465,222679467
8335164,Nội dung hay Bìa cực đẹp,5,2023-05-01 22:25:15,222679465,222679469
6491532,,5,2023-10-21 10:00:44,222679465,222679469
14654149,sách đẹp lắm ạ,5,2023-05-04 06:27:03,222679465,222679469
29343564,,5,2023-08-18 21:07:18,222679465,222679467
53862,,5,2023-08-15 12:18:19,222679465,222679467
29079483,,5,2023-07-29 14:06:02,222679465,222679469
28809147,,5,2023-07-25 21:22:46,222679465,222679469
401517,,5,2023-07-25 18:31:46,222679465,222679469
536636,,5,2023-07-23 21:38:49,222679465,222679467
66096,,5,2023-07-22 22:40:22,222679465,222679469
23341070,,5,2023-07-19 22:39:43,222679465,222679469
25664920,,5,2023-07-17 21:40:55,222679465,222679469
53862,,5,2023-06-21 18:54:49,222679465,222679469
23591147,,5,2023-06-19 08:46:22,222679465,222679469
412023,,5,2023-06-15 00:28:05,222679465,222679469
27863069,,5,2023-06-12 14:27:16,222679465,222679469
28624979,,5,2023-06-07 19:29:43,222679465,222679469
5148776,,5,2023-06-06 14:10:26,222679465,222679469
6031697,,5,2023-06-05 14:17:13,222679465,222679469
17154164,,5,2023-06-04 02:24:38,222679465,222679469
1826533,,5,2023-05-07 20:31:45,222679465,222679469
759415,,5,2023-04-25 16:26:50,222679465,222679467
2110081,"Hơi thất vọng khi quay trở lại mua thì gặp phải như vầy. Có nhu cầu bọc bookcare nhưng khi nhận được lại không bọc. Tuy nhiên, bên tiki có hướng giải quyết ổn thoả, thêm lại bookcare. Nhưng chỉ mong đơn sau mong cẩn thận chút. 4* cho việc không cẩn thận, nhưng đóng gói cẩn thận không df nhưng rách seal, nhưng vẫn ổn.",4,2023-09-17 12:51:32,222679465,222679467
19000489,,5,2023-04-08 23:08:31,222679465,222679469
11177249,,5,2023-04-04 01:07:12,222679465,222679469
28700994,,5,2023-03-31 09:10:43,222679465,222679469
984951,,5,2023-03-21 09:32:14,222679465,222679469
24545197,,5,2023-03-17 14:17:17,222679465,222679469
28846774,,5,2023-03-12 18:10:27,222679465,222679467
21585687,,5,2023-02-25 13:21:46,222679465,222679467
15374190,,5,2023-02-24 23:40:18,222679465,222679469
19070135,Bị df hơi nặng mà lười đổi nên kệ Bìa vs phụ kiện thì xinh xỉu siu thít nhen Chưa đọc nên ko bt nd như nào mà ngắm bìa thôi đã đủ no rồi :>>,4,2023-06-10 10:47:37,222679465,222679469
17817424,Phải nói 1 câu là sky gia công quá tệ Bọc seal thì nhăn cả bìa áo Mở bìa áo ra thì trong cái bìa trong như giấy lộn bong keo gáy rồi nhăn bìa còn bẩn bẩn cơ nói chung mn không nên mở bìa áo ra kẻo tăng xông giống mình May mình mua giá sale chứ mua giá thường chắc điên luôn,1,2023-06-06 15:21:15,222679465,222679469
22424484,"Bìa đẹp, đóng gói ổn nhưng mà sao tự nhiên có mấy vết đen trên sách làm minhf k thích cho lắm",4,2023-02-25 10:54:36,222679465,222679469
27272495,Sách ướt 1 góc vs bị bẩn như đã sử dụng r =((* Df trùi ui =(((,2,2023-08-07 10:26:04,222679465,222679467
28618983,"Bìa đẹp, chibi cute nhưng sách vẫn không được bọc gì và em ấy đã df😢",4,2023-03-23 17:17:54,222679465,222679469
1703508,,4,2023-03-13 09:12:56,222679465,222679469
17913137,"(*) Đánh giá không tính điểm Cực kỳ tệ =)))))) ko có lấy bọc chống sốc =))))) giao đến thì bị hư góc luôn =))))) sản phẩm đầy đủ món, nma khâu gói thực sự quá tệ",3,2023-03-02 12:57:10,222679465,222679469
5673932,"(*) Đánh giá không tính điểm Quá bực với tiki luôn á. Rồi tại sao mà không bọc xốp các thứ vào rồi giao sách hả tiki? Nhận quyển sách bìa cứng mà nó móp kinh khủng, mua bìa cứng sưu tầm giờ nó móp vậy mình biết làm thế nào? Đúng bực luôn á 😀",2,2023-05-17 09:16:02,222679465,222679469
26180229,"(*) Đánh giá không tính điểm Truyện đẹp, xinh nhưng giao nát quá, không có chống sốc nên bị móp nhiều chỗ các cạnh đều bị, gáy cũng bị nốt.",3,2023-06-10 19:28:31,222679465,222679469
27423980,"(*) Đánh giá không tính điểm DF nặng, chán không muốn nói. Sách rõ đẹp mà tiki giao như ...",1,2023-06-15 17:06:58,222679465,222679469
24750445,(*) Đánh giá không tính điểm Bìa cứng đẹp okkkkkkkkkkkkkkkkkkkkkk,3,2023-06-18 13:24:23,222679465,222679469
30184524,"Giao hàng nhanh, hàng siêu ưng luôn, đóng hàng cẩn thận lắm trời ơi lần đầu tiên mua hàng mà khiến tui an tâm như này :3",5,2024-10-27 16:27:43,274168278,274179206
21575280,,5,2025-10-13 07:46:51,274168278,274179206
28043379,,5,2025-07-29 12:49:12,274168278,274179206
476216,,5,2024-12-05 15:36:27,274168278,274179206
30178021,,5,2024-11-10 15:47:50,274168278,274179206
1602708,,5,2024-09-14 20:34:18,274168278,274179206
16496062,,5,2024-07-28 02:01:53,274168278,274179206
29130743,,5,2024-06-10 11:12:24,274168278,274179206
302565,,5,2024-05-09 10:43:59,274168278,274179206
20081944,,5,2024-04-25 15:36:08,274168278,274179207
12120973,,5,2024-04-17 17:09:58,274168278,274179206
1826533,,5,2024-03-26 21:09:05,274168278,274179207
642004,"Truyện đẹp, nhưng ship thiếu đế standee, phải lấy tạm đế khác dùng, có vid unbox nhưng không được giải quyết. Mua ở shoppe ổn hơn nhiều nhưng vì là bản đặc biệt shoppe sold out rồi phải lên tiki mua. Skybook đã ship bù đế standee sau 20 ngày. Đánh giá lại 5 sao vì đã được giải quyết dù hơi muộn.",5,2025-09-14 07:34:16,278575755,278575812
30624983,"ok nhm bị df góc,gói khá mỏng ấy",5,2026-04-01 17:42:14,278575755,278575811
30775021,"Hàng đẹp, giao hàng cẩn thận nhg bị thiếu quà (Card ID)🫠",5,2026-09-23 17:04:07,278575755,278575811
30049119,Sản phẩm đóng gói cẩn thận đúng mô tả giá rẻ sẽ quay lại ủng hộ shop,5,2026-04-18 16:38:48,278575755,278575811
26684663,"Không nói nhiều, 100/10 điểm 😭♥️🔝",5,2025-09-16 10:57:14,278575755,278575812
30443050,"sách đẹp , đóng gói chỉn chu",5,2026-09-04 15:38:56,278575755,278575811
30620673,"Sách đẹp kinh khủng, bìa nhủ sang lắm !",5,2026-03-11 22:56:50,278575755,278575811
21575280,"Sách rất đẹp, đóng gói ok.",5,2026-04-10 08:32:40,278575755,278575811
30757934,,5,2026-09-28 18:17:45,278575755,278575811
20819726,,5,2026-06-16 04:21:16,278575755,278575811
30677466,,5,2026-05-28 17:28:58,278575755,278575811
30678057,,5,2026-05-24 12:02:01,278575755,278575811
1434055,,5,,278575755,278575811
29148647,,5,2026-05-12 16:23:41,278575755,278575811
30648981,,5,2026-04-10 12:47:35,278575755,278575811
30579353,,5,2026-04-08 18:50:26,278575755,278575811
30515103,,5,2026-04-07 21:26:03,278575755,278575811
8073748,,5,2026-02-13 13:53:49,278575755,278575811
30500688,"Hàng 100đ,rất xinh!",5,2025-09-20 15:22:05,278575755,278575812
30319914,,5,2025-10-10 12:10:43,278575755,278575811
30447637,,5,2025-10-09 21:39:20,278575755,278575811
30508819,,5,2025-10-02 14:13:29,278575755,278575811
15875514,,5,2025-10-02 13:21:14,278575755,278575812
30390199,,5,2025-09-28 00:09:43,278575755,278575812
26590071,,5,2025-09-13 01:06:29,278575755,278575812
544430,,5,2025-09-10 21:30:31,278575755,278575812
30491363,,5,2025-09-10 18:56:50,278575755,278575812
6906028,,5,2025-09-10 15:33:08,278575755,278575812
28098653,,5,2025-09-08 15:35:25,278575755,278575812
29166115,"đẹp vô cùng tận, nội dung hay nhe, txvt, nhưng mà đóng gói mở ra đã thấy rách seal viên sách còn bị bám đen 1 mảng",3,2025-10-10 21:18:11,278575755,278575811
30666266,"Sách đẹp nha, bìa kiểu nhũ blink blink đó, in rõ nét, có hơi nát nhẹ ở bìa xíu hoi",4,,278575755,278575811
7057279,"Lần đầu mua sách ở tiki, sách không seal, bị df nhẹ, khâu đóng gói quá sơ sài",4,2025-10-09 19:27:59,278575755,278575811
30084861,"Gói hàng k cẩn thận, sách bị cong",4,2026-02-26 20:52:38,278575755,278575811
26229229,Truyện thì siu mê ròi. Lông xanh siu ciute. Giao hàng nhanh. Quà tặng đẹp. Sẽ múc nốt quyển 3 hihi,5,2024-01-26 23:18:36,273869072,273869201
29717383,mua vì griptok mà hết bể góc tới bị dơ chùi không ra được,5,2024-01-25 14:36:50,273869072,273869201
10443330,dày dặn sắc nét cốt truyện hay lắm Á mn,5,2024-07-13 14:49:24,273869072,273869200
28501421,"Nội dung hay, bìa đẹp, in ấn ổn, giao nhanh khỏi bàn.",5,2024-03-31 12:06:34,273869072,273869200
18542091,"Đẹp tuyệt , ưng nha",5,2024-10-30 14:09:46,273869072,273869200
23735570,"Sách mới, đẹp, còn seal 😍",5,2024-03-16 15:08:04,273869072,273869200
14176001,"Sách đẹp, gói hàng kĩ",5,2024-01-25 23:11:00,273869072,273869201
30105430,,5,2024-10-29 10:10:09,273869072,273869200
30183083,,5,2024-10-28 15:43:59,273869072,273869200
21255818,sp rất tuỵt rất đáng iu rất cute,5,2024-02-14 12:27:44,273869072,273869201
21575280,"Bìa đẹp, nội dung oke",5,2024-05-10 13:57:40,273869072,273869200
8418521,,5,2024-08-28 21:21:35,273869072,273869200
18596656,Gói hàng rất cẩn thận.,5,2024-01-25 12:59:57,273869072,273869201
26384677,,5,2024-07-05 00:16:56,273869072,273869201
6420501,,5,2024-06-22 23:30:18,273869072,273869200
1903386,,5,2024-05-17 06:03:23,273869072,273869200
29540683,,5,2024-03-28 14:19:28,273869072,273869200
6176996,,5,2024-03-19 10:14:58,273869072,273869200
26048865,,5,2024-02-21 08:16:31,273869072,273869201
29617110,,5,2024-02-15 07:46:26,273869072,273869201
19282772,,5,2024-02-06 08:03:48,273869072,273869201
12101445,,5,2024-02-05 08:02:58,273869072,273869201
29662484,,5,2024-01-26 20:29:25,273869072,273869201
7907114,,5,2024-01-26 20:11:37,273869072,273869201
17149911,,5,2024-01-25 14:22:14,273869072,273869201
24917051,,5,2024-01-25 13:23:24,273869072,273869201
28756362,Mọi người mua hàng nhớ cẩn thận!!! Tiki đóng gói hàng rất cẩu thả,1,2024-03-22 13:54:46,273869072,273869201
8072041,,4,2024-12-23 11:19:18,273869072,273869200
8972253,,4,2024-06-12 13:32:01,273869072,273869201
29499300,,4,2024-02-16 21:36:36,273869072,273869201
30159799,"Lớp bọc bị rách ở gáy nhưng may không ảnh hưởng gì nhiều và chỉ bị bụi ở màng bọc thôi. Bên trong vẫn ổn sờ giấy rất thích. Vì sách là màu trắng nên rất dễ nhìn thấy lỗi, lần sau shop cẩn thận hơn chút là okla này.",5,2024-10-23 20:22:13,230036519,230036521
30159799,Một chiếc sách duy nhất còn ổn áp nhất trong 3 quyển. Có thể là do nó màu đen nên có bị bụi hay không cũng khó biết. Nhưng do có quyển này nên sự uy tín của shop với mình vẫn còn. Sẽ còn ghé shop ủng hộ.,5,2024-10-23 20:24:32,230036519,230036523
21879872,"Đọc trên wed cái không biết giải pass nên đành mua về đọc, truyện hay lắm, trên cả mong đợi, vả lại gói hàng kỹ, hết ẩu như hồi lúc r",5,2024-08-21 16:58:55,230036519,230036521
682019,"Siêu thích bìa 2 quyển này, cả hình con mèo nữa. Tranh thủ mua lúc sale nên đc giảm nhiều, cũng freeship nữa nên ok. Mình chưa đọc đến tập 2 nhưng đọc tập 1 thấy dịch ổn phết, nội dung logic. Tiki giao hàng quá thần tốc =))))",5,2023-03-07 15:46:07,230036519,230036523
682019,"Bìa đẹpp ghê, sách dày, mua lúc sale nên giá okela, card xinh. Chưa đọc hết nhưng hiện giờ thấy dịch thuật ổn, ít lỗi. Tiki giao hàng siêu nhanh, đóng gói ổn.",5,2023-03-07 15:46:05,230036519,230036521
30622048,"Sách giao nhanh đúng lần đầu mình đặt tiki. Bục seal 1 chút và bị gập góc sách nhưng mua được giá hời để mình thử để quyển giày lên trên xem phẳng được không, còn phần rách seal bị bẩn thì mình thử mua giấy nhám chà xem ra k",4,2026-03-09 17:29:03,230036519,230036521
30622048,,5,2026-03-29 13:44:47,230036519,230036523
21879872,Tuyệt vời,5,2024-08-21 16:57:13,230036519,230036523
1170930,"Chờ mãi mới thấy sale tập 1 50%, chờ ngày tập 2 cũng sale 50👉👈",5,2023-05-08 17:58:24,230036519,230036521
30126569,"Đỉnh vậy chời. Đẹp, nội dung hay giao nhanh",5,2024-09-23 21:09:27,230036519,230036523
30126569,"Chất quá đi! Đẹp, nội dung hay giao nhanh",5,2024-09-23 21:09:45,230036519,230036521
18715703,"Tình trạng tốt, vận chuyển ổn nên ko sao cả :).",5,2023-03-21 18:48:55,230036519,230036521
27289056,Good,5,2023-06-12 15:29:02,230036519,230036523
27289056,Goos,5,2023-06-12 15:29:27,230036519,230036521
385406,,5,2024-03-29 19:25:59,230036519,230036523
385406,,5,2024-03-27 20:50:49,230036519,230036521
357871,"Postcard dày và đẹp, Tiki giao hàng nhanh",5,2023-03-11 12:03:32,230036519,230036521
9315587,,5,2023-06-29 07:11:14,230036519,230036523
9315587,,5,2023-06-29 07:11:22,230036519,230036521
35521,,5,2023-06-15 23:55:52,230036519,230036523
1826533,,5,2023-05-07 20:31:59,230036519,230036521
1826533,,5,2023-05-07 20:31:51,230036519,230036523
357871,,5,2023-03-12 21:14:16,230036519,230036523
18715703,"Mới còn seal, gáy sách bị dập do làm rơi chắc ở kho nhưng may ko quá nhiều nên bỏ qua đc.",4,2023-03-21 18:48:12,230036519,230036523
30616843,"Đơn vị chuyển hàng tốt, nhân viên giao hàng cũng tốt. Thái độ đều tích cực. Lần đầu mình mua ở Tiki rất hài lòng.",5,2026-02-19 12:55:50,279160125,279160670
30725484,,5,2026-08-30 20:00:29,279160125,279160669
25755454,"chưa đọc nên không biết nội dung, shop đóng gói hàng kĩ càng",5,2026-04-12 18:35:09,279160125,279160669
30745023,,5,2026-08-28 00:18:09,279160125,279160669
30483393,,5,2026-08-15 20:23:19,279160125,279160669
30295164,,5,2026-05-31 04:49:28,279160125,279160670
30648085,,5,2026-04-11 22:02:10,279160125,279160669
29853477,,5,2026-04-07 15:52:52,279160125,279160669
30628997,,5,2026-03-25 11:24:23,279160125,279160669
30159386,,5,2026-02-15 09:26:21,279160125,279160670
30645000,"Sản phẩm về bị df nghiêm trọng, góc sách trầy, cong,",3,2026-04-12 13:28:32,279160125,279160669
26059306,"Giao nhanh. Sách còn y nguyên, không bị quăn hay móp méo. Nội dung thì mọi người có thể tìm trên mạng. Đây là tập 2, còn tập 3 nữa Mình thấy bản trên web lâu rồi nhưng may là chưa đọc vì mình thích cầm sách đọc hơn và cũng muốn ủng hộ tác giả. Bản đặc biệt tặng kèm standee và tranh (sách bản đặc biệt không phải là bìa cứng)",5,2025-07-01 15:41:22,278000691,278000699
30689542,"Đẹp lắm,sách được bọc kĩ,giao nhanh và đóng gói cẩn thận",5,2026-06-10 21:02:52,278000691,278000698
27956432,2 cuốn bđb đúng 1 lớp giấy chống sốc nhưng trộm vía k bao h bị df:)) tiki ship tài tình thiệt,5,2025-06-20 23:14:43,278000691,278000699
30733857,xinh đóng gói cẩn thận,5,2026-09-16 20:38:04,278000691,278000698
30650699,,5,2026-04-12 22:51:19,278000691,278000698
385406,,5,2025-11-09 17:58:24,278000691,278000698
21575280,,5,2025-10-13 15:19:14,278000691,278000698
30363902,,5,2025-07-21 23:55:24,278000691,278000699
23693127,,5,2025-07-20 15:52:34,278000691,278000698
29031064,,5,2025-06-15 08:39:05,278000691,278000699
24498533,,5,2025-06-13 20:00:55,278000691,278000699
28882464,,5,2025-06-09 15:25:03,278000691,278000699
30389782,,5,2025-06-08 18:02:33,278000691,278000699
30390259,,5,2025-06-02 09:05:19,278000691,278000699
30592010,"sách đóng gói cẩn thận, in ấn đẹp",5,2026-01-20 18:23:58,279069973,279070003
30049119,Sản phẩm đóng gói cẩn thận đúng mô tả giá rẻ sẽ quay lại ủng hộ shop,5,2026-04-18 16:37:46,279069973,279070002
25755454,"chưa đọc nên không biết nội dung, shop đóng gói hàng kĩ càng",5,2026-04-12 18:35:23,279069973,279070002
30647851,"Sách đẹp, gói kỹ ko df nói chung ko có j để chê",5,2026-04-15 23:56:23,279069973,279070002
30599796,hàng đúng mẫu đẹp,5,2026-03-13 19:33:01,279069973,279070003
30649751,,5,2026-05-07 17:11:13,279069973,279070002
1903386,,5,2026-04-25 22:18:22,279069973,279070002
30649099,,5,2026-04-16 23:03:39,279069973,279070002
30589516,,5,2026-02-07 16:27:43,279069973,279070003
30644726,"Sách có sao tiki 1 sao, gói tệ kinh khủng, làm ơn tiki cải thiện cách gói đi trời😇😇😇😇, kh sale chắc kh ai thèm mua sách",1,2026-04-09 23:32:17,279069973,279070002
15967799,Thật sự vì là đợt sale sách giá rẻ rất nhiều khách đặt đơn hay sao mà đóng gói lại cẩu thả vậy? Sách chỉ được bọc chống sốc có một lớp nên bị df ở phần gáy nhiều.,3,2026-04-15 18:31:54,279069973,279070002
5666217,"ko.bị móp méo gì, màng co hơi bị rách 1 chút. nhưng ko ảnh hưởng gì tới chất lượng sách. 🎉💕👌😊🎊🎉👌❤😌❌👌",5,2022-02-12 16:38:21,160931492,160931494
21039603,"Sản phẩm rất xinh đẹp tuyệt vời, tôi không thể trông đợi gì hơn. Cảm ơn nhà cung cấp, nhà sản xuất, cảm ơn người bán hàng, cảm ơn sàn thương mại điện tử, cảm ơn người vận chuyển để tôi có cơ hội dùng sản phẩm tốt như thế này.",5,2022-04-09 14:25:57,160931492,160931496
14991934,"Rất hài lòng luôn á nha, ko df ko móp méo ở đâu hết luôn nhé Cuốn này mình muốn mua lâu rồi nhưng chờ hoài ko thấy giảm xuống giá như mình mong muốn 😢😢😢 Ko ngờ sáng vô tình vô tiki lại múc đc em nó với giá hời như vậy nên mình vui lắm, lại đc giao ngay hôm nay luôn chớ 😍😍😍",5,2022-06-27 20:15:45,160931492,160931496
15821305,sách xong nguyên seal ko có tình trạng rách hay méo góc sách,5,2022-02-13 14:03:57,160931492,160931494
26762255,"GHGCGCGILUTYSRXHBRYDYRGJCVH, quá, tuyệt vời t mua được có bản thường, bookmark dày, tầm gần 1mm, hộp móp lúc đầu còn sợ móp cơ, nhưng may là không bị gì hết, truyện lành lặn ok, 5 sao nha, shipper hẹn 3h30, đợi ngoài đường nửa tiếng chưa tới nên hơi giận, nhưng lúc gọi điện thì mới biết anh ý có 1 đơn ở xa chưa quanh về nhanh được với mới vào làm, bị lạc, nhưng sau đó thì anh ý cũng giao trong ngày. Cực kỳ thông cảm cho Nhân viên mới, cho 5 sao nha cả về sách lẫn dịch vụ vẫn chuyển, đợi ngày tiki thêm bọc chống sốc cho các đơn hàng liên quan tới sách",5,2022-03-30 21:59:33,160931492,160931496
17850324,"Giao hàng rất nhanh, đóng gói tốt, còn nguyên seal, sách dày đọc siu đã, siu cuteeee, siu mê lun, bìa đẹp, mua ngay đợt sale nên giá quá ổn, ncl rất hài lòng 🫶🏻🫰🏻🫶🏻",5,2022-11-11 15:29:19,160931492,160931496
8121397,"Đặt dùm bạn nên giờ mới khui được hàng, giao ok nha, nhanh và còn nguyên vẹn dù không có chống sốc cho sách",5,2022-07-29 09:29:57,160931492,160931496
27918574,"Bìa đẹp lắm luôn, shipper dễ thương, sách không bị tổn hại gì nhiều. Mê Kỳ Túy xỉu uwu",5,2022-10-25 19:24:34,160931492,160931496
27713594,"Hộp lúc giao tới tay mình, 4 góc hộp thì tét mất 2 góc, đáy hộp thì nhăn nhúm, nhưng may là sách bên trong không bị df, do tiki có chèn thêm giấy bìa chống sốc bao trọn lấy sách. Nói chung đợt đặt sách này mình rất hài lòng, mong với những loại sách/cuốn sách khác, tiki đều bọc chống sốc như thế này. Xin cảm ơn ạ.",5,2022-07-21 06:36:37,160931492,160931496
27123833,"đẹp, không bị móp, cơ mà do hên thôi, chứ mấy cuốn trước mua ở tiki trading toàn bị móp không à. À quyển 2 của tôi dư 1 cái kẹp sách, don't know phải làm gì luôn",5,2022-06-06 21:15:48,160931492,160931496
365221,"Giao hàng rất nhanh, mức giá ổn. Sách còn nguyên seal, không bị móp góc nào. Nội dung thì khỏi phải bàn vì mình đã đọc rồi nên mới mua ủng hộ",5,2022-03-16 17:18:24,160931492,160931496
21707958,"giao hàng nhanh , có giấy một chút giấy chống xốc nhưng vẫn bị nhăn gãy góc 1 chút 😢",5,2022-02-12 15:17:42,160931492,160931494
25651224,Dù ko có bọc chống sốc nhưng vẫn ko bị móp méo gì.Nói chung là cực kì ổn áp❤️✨,5,2022-02-17 09:11:26,160931492,160931494
2023694,"dù đã bọc seal gói đàng hoàng mà vẫn bị móp góc sách cuốn 2 buồn nhẹ, 5sao tặng shipper dễ thương vượt mưa đưa sách cho em",5,2022-06-22 16:25:37,160931492,160931496
7211211,"Nửa đêm giựt được deal quá hời, giao hàng nhanh, mỗi tội shipper làm ăn không được tử tế cho lắm, hẹn giao lại mà hôm sau gọi bảo mình hủy đơn, mong xem xét lại cách làm việc",5,2022-05-13 09:26:46,160931492,160931496
5648799,Giờ mới có xiền để mua gớt nước mắt Nhận sách mà lòng run vì sướng Ko có chống nhưng sách ko hư hại j,5,2022-07-22 20:02:48,160931492,160931496
14671442,Ôi đang đọc nè tác giả này thì mình đọc quen rồi í nên là về chất Văn thì không có gì phải bàn cãi nữa vô cùng ổn áp nha đáng để mua đáng đọc,5,2022-08-31 12:36:48,160931492,160931496
23903681,"Nay tiki cho thêm 1 lớp bìa, cầm bọc hàng đỡ đau tim hơn rồi :'>.. Đợt này tiki chơi lớn sale quá trời, mà ví em cũng đau quá trời 👁️👄👁️💧👍",5,2022-07-26 18:14:48,160931492,160931496
24076714,"4 ngày nhận được hàng , đóng gói có tiến bộ hơn những lần trc rất nhiều là có chiêm 1 miếng bìa vào mặc dù không có tác dụng j , sp giống ảnh , giấy khá mỏng , bookmark hơi nhỏ , méo có phần giới thiệu ở bìa sau",5,2022-03-08 22:14:09,160931492,160931496
30483393,,5,2026-06-25 06:09:42,160931492,160931496
28537473,"Truyện hay, giao hàng nhanh, sách không bị sao hết",5,2023-01-30 20:54:09,160931492,160931496
2056840,"giao hàng nhanh, đóng gói cẩn thận, sách đẹp và ưng lắm (◍•ᴗ•◍)❤",5,2022-07-19 10:57:57,160931492,160931496
26959642,"Bìa cực đjep, truyện siêu ngọt luôn nha,hàng tốt, 10/10",5,2022-10-23 13:06:45,160931492,160931496
7668831,Cầm được em.nó về tay siéu thích luon á đóng gói hơi ... 1 tí nhưng may mà chỉ bị df nhẹ thoi vong lại toẹt vờiii,5,2022-08-16 18:54:37,160931492,160931496
635341,"Mua sale 24/10 chỉ coá 60k cho 2 cuốn nguyên seal không tì vết, giao siu tốc ko có gì để chê cả",5,2022-10-24 16:39:01,160931492,160931496
24715306,"Mình mua lần đầu ở Tiki, giao hàng siêu nhanh lun, dù ko bọc chống sốc nhưng cũng ko bị df gì cả>< Mê xỉu lun á chòi",5,2022-03-05 16:24:09,160931492,160931494
1451581,nội dung thì khỏi bàn 😍. Mấy trang đã đọc không bị nhòe hoặc sai chính tả. nhìn thấu thì sách nào cũng bị rồi 🙂 cái hộp lúc đến nơi nhìn móp méo nhưng mà bên trong ok.,5,2022-02-19 10:57:04,160931492,160931496
24511070,Nhanh *** mới đặt hôm qua nay đã về sách xinh xĩu may không móp không dập gì :)) kiểu gói hàng của tiki như chơi lô,5,2022-02-26 15:46:11,160931492,160931496
23892325,"wowwww, phải nói là siu siu chất! sách vẫn vẹn nguyên, ko bị gãy góc hay lồi lõm chỗ nào cả. mk rất ưng!!🖤🖤",5,2022-02-27 12:13:18,160931492,160931496
25830592,"Tiếc vì không đọc sớm hơn. Tiki bọc lạ lắm, bọc bằng màng bọc thức ăn, may ko df",5,2022-09-05 06:09:16,160931492,160931496
7657195,"sản phẩm đẹp, đóng gói cẩn thận, giao hàng nhanh",5,2022-02-21 14:23:30,160931492,160931494
11916069,"mua bản thường mà chất lượng sách vẫn xịn xò nha bà con, nên mua á ạ",5,2022-11-13 21:29:32,160931492,160931496
13403939,Sản phẩm chất lượng nha.,5,2022-07-19 08:57:34,160931492,160931496
22612743,Bìa xinh đẹp tuyệt vời mình mua cuối năm nên có 144k xịn lắm,5,2022-12-23 20:54:34,160931492,160931496
21575280,"mình đã đọc trên mạng rồi, rất thích nên có sách thì mua ngay thôi. Thiết kế bìa rất đẹp, tiki giao hàng rất nhanh, chị shiper dễ thương nữa. Nói chung là ok",5,2022-03-09 11:02:56,160931492,160931496
27200028,"Bộ này đọc lâu lắm rồi,giờ mua sách về sưu tầm thôi á,iu bé Vu Dương lắmm",5,2022-08-02 09:25:07,160931492,160931496
26741158,sách đẹp hết nước chấm lun 🤧💖🌹,5,2022-02-16 22:22:22,160931492,160931496
16181743,hàng chất lượng đẹp và xịn xò lắm,5,2022-02-17 11:40:56,160931492,160931494
26733331,Suýt khóc vì tưởng mình là nạn nhân tiếp theo của đế không vừa chân standee =))) May hem phải =))),5,2022-02-20 22:03:14,160931492,160931494
27007071,hàng giao nhanh mà xinh ghê luôn á🥺,5,2022-03-11 12:23:02,160931492,160931496
11420552,"đẹp, giao nhanh, đóng gói cẩn thận",5,2022-03-04 18:47:38,160931492,160931496
10723711,"Sách giao nhanh, bìa đẹp, chưa đọc nên k biết chất lượng như nào (＾▽＾)",5,2022-07-22 09:41:11,160931492,160931496
26081344,"hơi móp góc của tui nhe ơi là trời, nhưng do ko quá nặng và shipper có duyên nên cho 5*",5,2022-05-28 15:01:46,160931492,160931496
27765839,"giao hàng nhanh, gói hàng cẩn thận, không bị cong, ảnh bìa của bộ này đẹp",5,2022-07-22 14:45:03,160931492,160931496
16261496,"Chưa unbox nhưng giao hàng siêu nhanh, đặt đêm hôm qua sáng sớm hôm sau anh shipper đã alo rồi. Yêu Tiki, sẽ tiếp tục đồng hành cùng Tiki.",5,2022-07-23 15:43:38,160931492,160931496
17907642,"truyện bọc kĩ càng, giao hàng nhanh, shipper nhiệt tình sjsjhsgagskNlakamma. djsksnfkdkms s",5,2022-05-26 23:22:19,160931492,160931496
24269941,"Bộ hai tập bản mềm sách có màng co, vận chuyển nhanh mua khi giảm 50 %",5,2022-07-19 20:46:26,160931492,160931496
26152564,"gói hàng ok, giao hàng nhanh",5,2022-03-05 08:41:01,160931492,160931494
11028985,Hịn lắm ạ nhưng mà ko biết phải do vận chuyển hay ko mà góc sách bị móp,5,2022-05-17 00:16:00,160931492,160931496
7308791,Cứ nghĩ là bộ này vẫn còn gìt nên mới đặt :') mà hết rồiii😭,5,2022-06-21 11:14:48,160931492,160931496
22508616,"tiki đóng gói rất chắc chắn, sách nguyên seal, đầy đủ bookmark, giao siêu nhanh",5,2022-02-24 11:40:20,160931492,160931496
28789517,"Sách hay, góc móp nhẹ, gáy sách cx bị lõm 1 vài chỗ nhg k ảnh hưởng quá nhiều",5,2023-02-26 20:22:35,160931492,160931496
8042830,"Giao nhanh, sách tuy k có bọc chống sốc nhưng vẫn k bị df :)))), tuỵt zời",5,2022-03-27 14:36:30,160931492,160931496
19733333,Đẹp,5,2022-05-24 12:17:02,160931492,160931496
16518194,"Bìa đẹp , giao hàng nhanh , nhưng mà ko có chống sốc",5,2022-08-31 10:18:02,160931492,160931496
19467670,"giao nhanh, giá rẻ 👍 hàng tốt không bị hư hại gì 😚 đánh giá cao nhé",5,2022-02-24 14:24:12,160931492,160931496
18456754,Giao hàng nhanh.. đóng gói cẩn thận.. bìa siêu ngầu.. siêu chất lượng,5,2022-02-26 23:50:09,160931492,160931496
27224494,"Giao nhanh lắm, tiki chọn sách cũng ok không bị df, dính keo tí thôi",5,2022-04-01 14:39:13,160931492,160931496
25818048,Tốt,5,2022-03-16 19:07:05,160931492,160931496
21995349,"So biuty ful :3 tui mua bản đặc biệt nha, mùi giấy nó thơm lắm á =)))",5,2022-02-19 20:56:41,160931492,160931494
21935834,"giao nhanh, sách xinh lắm ạ>< Bìa đẹp, sách thơm. Nội dung tuy chx đọc nhưng đọc mấy bài review nghe bảo rất hay nên múc thử >",5,2022-02-15 15:37:03,160931492,160931496
14592495,"Hàng về đầy đủ, bọc hơi móp chút. Chất lượng sách ổn",5,2022-02-21 17:13:34,160931492,160931496
20236276,bị df góc sách 1 chút nhưng k đến nổi,5,2022-07-20 17:26:26,160931492,160931496
27121132,"giao hàng nhanh, sách k bị df, sách đẹp",5,2022-07-24 13:25:57,160931492,160931496
14018570,,5,2024-06-30 10:48:31,160931492,160931496
10962186,"Sách ko móp méo gì, xinh đẹp tuỵt zời, giá lại rẻ.",5,2022-03-09 19:20:38,160931492,160931494
26070892,sách giao nhanh. tuy ko gói giảm sốc nhưng ko mốp. nên 5☆,5,2022-02-19 16:02:53,160931492,160931496
26592691,"sản phẩm đẹp, rẻ, bao bì đóng gói cẩn thận",5,2022-03-31 16:46:47,160931492,160931496
21620311,"Bóc khá kĩ, ko bị móp méo hay df j, nhân phẩm độ =))",5,2022-02-22 12:45:51,160931492,160931494
2033655,,5,2024-05-19 07:39:45,160931492,160931496
23363870,"Sản phẩm được đóng gói cẩn thận,kĩ càng chất lượng sách tốt nội dung sách ổn.",5,2022-08-05 15:21:29,160931492,160931496
17005599,"Rất tuyệt vời, không có gì để nói luôn ạ",5,2022-03-27 14:11:37,160931492,160931496
19532013,giao hàng nhanh đến độ mk hoang mang ln :)),5,2022-04-17 18:48:23,160931492,160931496
18332421,truyện xinh cực lunn 😍,5,2022-08-09 00:34:46,160931492,160931496
10947748,"Sách đẹp, goods đáng yêu, giao hàng đúng hẹn",5,2022-02-21 23:16:35,160931492,160931494
18542091,đẹp,5,2022-12-04 17:12:47,160931492,160931496
7590141,"Tiki giao hàng mới, đẹp. Bọc cẩn thận. Ok",5,2022-03-01 15:17:44,160931492,160931496
14172946,,5,2022-12-15 19:18:51,160931492,160931496
23603458,"'-' hú hồn bao lần vì bên tiki không bọc chống sốc, may thay tổ buê đuê độ em nên nguyên vẹn. kkk",5,2022-02-20 10:54:19,160931492,160931494
27215865,"sách đẹp lắm á, m.n nên mua nhá",5,2022-04-03 13:30:37,160931492,160931496
18904481,Sách đẹp giao nhanh mỗi tội bị móp xíu góc nhưng mà vẫn chấp nhận đc ạ,5,2022-07-22 21:49:36,160931492,160931496
17713241,sách đẹp ❤❤❤,5,2022-06-30 18:26:37,160931492,160931496
26129064,shop giao hàng nhanh đẹp mà mong shop nhớ thêm bọc chống sóc để sách không bị nhăn và gãy,5,2022-03-28 13:26:27,160931492,160931496
24860778,truyện hài ẻ mn nên mua nhaa,5,2022-04-09 21:45:02,160931492,160931496
26707997,"Đóng gói tốt, giao hàng nhanh",5,2022-03-31 11:42:08,160931492,160931496
1170930,"Sách khá xinh, giao hàng nhanh",5,2022-03-31 15:31:28,160931492,160931496
26507311,hmm...sao ta sách không có móp gì hết mà trừ cái hộp phụ kiện ra à nói chung là vẫn oke nhe,5,2022-02-22 20:25:47,160931492,160931494
279211,"Sách siêu đẹp, giao hàng siêu nhanh, may mắn ko bị lỗi gì cả.",5,2022-09-18 22:39:59,160931492,160931496
11665416,Truyện hay. Giao hàng cực nhanh,5,2022-02-16 15:50:11,160931492,160931496
23499552,Hàng nhận đầy đủ như mô tả. Packing chắn chắn không bị móp méo. 👏🏻👏🏻👏🏻,5,2022-02-17 19:46:18,160931492,160931494
27021718,"hàng giao nhanh, giá tốt",5,2022-03-29 08:46:04,160931492,160931496
26882099,"Sách rất rất là đẹp nhưng lúc tới tay mik thì góc bị móp 1 xíu, Tiki giao hàng siu nhanh",5,2022-02-24 17:57:10,160931492,160931496
6262780,siêu hài lòng luôn ạ,5,2022-03-26 00:20:15,160931492,160931496
27659089,ôks,5,2022-07-25 09:29:47,160931492,160931496
26252667,,5,2023-10-26 06:23:50,160931492,160931496
20644314,,5,2022-08-08 14:44:59,160931492,160931496
14237035,"hàng giao đến không bị df, ko bị rách seal, truyện nhẹ nhàng hay",5,2022-06-22 13:49:37,160931492,160931496
112769,_ Chất lượng sản phẩm đúng như miêu tả _ Đóng gói tốt _ Giao hàng đúng hạn,5,2022-02-18 19:50:30,160931492,160931494
25884891,"Giao hàng nhanh, ko có bọc chống sống nhưng cũng ko có bóp méo chỗ nào, ok lắm",5,2022-02-23 12:32:49,160931492,160931494
7297106,"Truyện hay nhưng standee bản đặc biệt không vừa, phải lấy đồ xén lại😂",5,2022-02-23 18:36:10,160931492,160931494
10421476,"đống gói không đc kỹ lắm, ko có chống sốc hơi móp góc nhưng ko sao.",5,2022-03-29 00:01:16,160931492,160931496
23458277,hay đẹp,5,2022-03-27 13:48:30,160931492,160931496
617230,giao hàng nhanh. trộm vía là sách giao tới không bị móp hay gãy gáy sách :))),5,2022-02-14 09:56:40,160931492,160931494
27880720,Quá xinh 5 sao k nói nhiều,5,2023-02-04 13:19:05,160931492,160931496
22400091,"Nội dung hay, giao hàng nhanh, ...",5,2022-12-23 17:21:04,160931492,160931496
14697753,Đóng gói cẩn thận truyện về ko bị móp góc hay trầy xước gì cả,5,2022-03-14 21:05:16,160931492,160931494
25942585,Góc sách bị móp do hộp đựng bị quăng quật 😢,5,2022-07-19 16:34:09,160931492,160931496
26330162,"tuỵt vời , đặt hôm qua mà sáng nay đã giao rồi, không bị df nha",5,2022-03-28 15:56:53,160931492,160931496
27225362,"Giao hàng nhanh, đóng gói ko đc kĩ nhưng ko vấn đề j, sách đẹp",5,2022-04-04 11:46:17,160931492,160931496
17697157,,5,2023-06-28 15:13:24,160931492,160931496
26225929,"Truyện hay nhưng mà gói căng quá nên bị cong, nhưng vẫn rất tốt",5,2022-03-15 20:17:43,160931492,160931496
28032161,,5,2023-06-24 02:16:18,160931492,160931496
17729157,,5,2022-04-05 20:42:31,160931492,160931496
9900678,ổn nha,5,2022-02-12 18:36:52,160931492,160931494
27206408,,5,2022-03-31 11:05:36,160931492,160931496
26544946,Hay,5,2022-03-10 20:10:22,160931492,160931496
26926443,mọi thứ đều hoàn hảo trừ việc không có bọc chống shock 🥲,5,2022-02-27 17:09:28,160931492,160931496
21956178,Ok,5,2022-03-08 10:40:25,160931492,160931496
27317243,,5,2023-05-16 20:55:08,160931492,160931496
27046555,Sách rất đẹp ạ. Anh shipper cũng rất dễ thương. 💯,5,2022-03-27 10:26:00,160931492,160931496
27720951,"đẹp cực,shop gói hàng khá là cưng nha",5,2022-07-21 23:15:47,160931492,160931496
10872490,,5,2023-03-11 16:49:32,160931492,160931496
18394042,"Hơi bị móp góc xíu ,có thể do bên vận chuyển ạ",5,2022-03-09 21:18:10,160931492,160931496
18460523,,5,2023-02-27 03:21:50,160931492,160931496
9122070,"Tuy xử lý đơn và giao hàng nhanh chóng nhưng kích thước hộp đựng bé, không phù hợp với kích thước sách, gây chà xát lên truyện; màng co bị rách, bị dán lại bằng băng dính, có những chỗ băng dính dính trực tiếp vào sách.",3,2022-03-29 17:21:56,160931492,160931496
15902062,Hêhheheheehe siu thích ỏ,5,2022-09-14 18:34:43,160931492,160931496
1724576,"Giao hàng nhanh, hàng về k bị móp méo",5,2022-06-01 07:42:39,160931492,160931496
27681853,trên cả tuyệt vời cảm ơn shop,5,2022-06-24 09:33:53,160931492,160931496
21585687,,5,2023-02-03 10:54:09,160931492,160931496
19925395,"Sách rất đẹp, giao nhanh",5,2022-08-09 09:56:08,160931492,160931496
11111000,,5,2023-01-29 15:10:51,160931492,160931496
11804890,"Hàng giao đẹp, k bị móp, đóng gói cẩn thận",5,2022-02-27 12:51:53,160931492,160931496
22446400,,5,2023-01-05 21:11:55,160931492,160931496
14631037,,5,2022-12-30 19:55:05,160931492,160931496
18291537,,5,2022-12-27 02:42:28,160931492,160931496
14057019,,5,2022-12-25 05:24:27,160931492,160931496
15897161,"bọc kĩ, giao hàng nhanh",5,2022-07-19 13:40:36,160931492,160931496
5567545,"sách ổn, giao hàng nhanh, bọc seal ổn",5,2022-03-30 19:13:35,160931492,160931496
24914969,cuối cùng cũng mua được 1 bản ưng ý.,5,2022-03-11 15:46:00,160931492,160931494
10007267,,5,2022-12-02 11:17:06,160931492,160931496
25193173,,5,2022-11-29 17:25:27,160931492,160931496
13335765,Nguyên seal đẹp,5,2022-07-22 16:39:59,160931492,160931496
19641146,,5,2022-10-27 09:35:53,160931492,160931496
27129454,bìa đẹp xỉu,5,2022-07-19 19:30:55,160931492,160931496
8426557,,5,2022-10-26 12:00:19,160931492,160931496
27861267,df nhẹ ạ :,5,2022-07-23 16:22:38,160931492,160931496
19200505,,5,2022-10-10 08:44:55,160931492,160931496
20078028,,5,2022-10-09 17:19:37,160931492,160931496
7720308,"Sách không bị móp, đẹp, hay",5,2022-03-18 23:37:30,160931492,160931494
16505449,,5,2022-10-07 23:02:49,160931492,160931496
10734975,,5,2022-10-06 19:09:55,160931492,160931496
28258786,,5,2022-10-03 15:01:53,160931492,160931496
11626021,,5,2022-09-21 20:01:22,160931492,160931496
16778955,,5,2022-09-15 16:46:47,160931492,160931496
18437840,,5,2022-09-10 16:03:23,160931492,160931496
19206064,,5,2022-08-31 15:57:10,160931492,160931496
26275556,"Lúc đầu mình có đặt thì sau đó 4 ngày bị báo hết hàng, mình nghĩ cứ để vậy thì tiki tự huỷ nhưng không… lúc nhận đc khá bất ngờ, sách về là vui nhưng… bị df nhè nhẹ vì k có gói kĩ hay gì hết :)",4,2022-02-17 17:27:42,160931492,160931494
14662567,,5,2022-08-27 16:22:21,160931492,160931496
21023946,,5,2022-08-25 23:17:03,160931492,160931496
27114495,,5,2022-08-24 11:32:37,160931492,160931496
2000851,"truyện hay, giao hàng nhanh",5,2022-02-25 04:32:48,160931492,160931496
18036925,,5,2022-08-15 21:11:00,160931492,160931496
27133820,K bị bóp méo nhaaaa,5,2022-03-29 12:36:18,160931492,160931496
13734003,,5,2022-08-08 10:13:54,160931492,160931496
26028685,,5,2022-08-04 01:45:18,160931492,160931496
26345455,,5,2022-07-29 00:05:23,160931492,160931496
14788870,,5,2022-07-23 17:51:05,160931492,160931496
22895569,,5,2022-07-23 12:07:28,160931492,160931496
16799997,,5,2022-07-23 10:13:23,160931492,160931496
7287481,,5,2022-07-23 00:07:15,160931492,160931496
22007481,,5,2022-07-22 18:07:40,160931492,160931496
18094079,,5,2022-07-21 18:12:24,160931492,160931496
22780919,,5,2022-07-20 21:32:49,160931492,160931496
6593173,,5,2022-07-20 20:53:30,160931492,160931496
10815567,,5,2022-07-20 20:29:14,160931492,160931496
20343636,,5,2022-07-20 09:26:57,160931492,160931496
8253982,,5,2022-07-18 20:19:14,160931492,160931496
26967062,,5,2022-07-18 09:10:17,160931492,160931496
26168018,...,5,2022-06-30 07:46:13,160931492,160931496
6665620,,5,2022-07-15 19:09:31,160931492,160931496
10061328,xinh đẹp mê ly.,5,2022-03-23 19:40:33,160931492,160931494
27388045,,5,2022-07-11 14:28:52,160931492,160931496
25570222,,5,2022-06-30 11:25:13,160931492,160931496
27140629,,5,2022-06-28 19:51:40,160931492,160931496
20147748,,5,2022-06-28 10:46:41,160931492,160931496
26531953,,5,2022-06-25 03:51:15,160931492,160931496
1161603,Gói hàng ok,5,2022-04-08 17:51:39,160931492,160931496
26763906,sản phẩm tốt,5,2022-03-09 06:10:11,160931492,160931496
17566064,,5,2022-06-16 12:20:48,160931492,160931496
5954978,,5,2022-06-04 16:09:30,160931492,160931496
24708056,giao hàng nhanh,5,2022-03-01 17:16:08,160931492,160931494
1830079,,5,2022-05-18 16:26:42,160931492,160931496
15270260,Ok,5,2022-04-29 23:51:24,160931492,160931496
14170769,,5,2022-05-10 09:29:29,160931492,160931496
20010719,,5,2022-05-08 23:50:28,160931492,160931496
27410301,,5,2022-05-08 22:21:49,160931492,160931496
15446537,,5,2022-05-08 16:43:00,160931492,160931496
5937486,,5,2022-05-05 19:24:21,160931492,160931496
7465924,,5,2022-05-05 11:24:15,160931492,160931496
19314820,,5,2022-05-02 15:44:10,160931492,160931496
26810618,,5,2022-04-30 22:43:14,160931492,160931496
26663221,,5,2022-04-30 14:47:40,160931492,160931496
17938152,,5,2022-04-25 21:17:17,160931492,160931496
26045852,,5,2022-04-25 19:44:35,160931492,160931496
17148499,,5,2022-04-24 14:52:20,160931492,160931494
8122468,,5,2022-04-23 09:02:37,160931492,160931496
8090445,,5,2022-04-22 20:25:19,160931492,160931494
1109101,,5,2022-04-22 19:24:08,160931492,160931496
59222,,5,2022-04-21 23:29:36,160931492,160931496
177743,Hay,5,2022-03-31 00:31:05,160931492,160931496
18333244,,5,2022-04-16 22:11:29,160931492,160931496
14110943,,5,2022-04-16 22:00:32,160931492,160931496
10038322,mê mẩn,5,2022-02-22 23:04:31,160931492,160931494
26328642,,5,2022-04-16 11:55:46,160931492,160931496
1050783,,5,2022-04-15 21:02:50,160931492,160931496
26110125,,5,2022-04-15 14:18:02,160931492,160931496
6405053,,5,2022-04-15 09:37:44,160931492,160931494
27048909,,5,2022-04-15 09:03:00,160931492,160931496
19178474,Ngol :333,5,2022-02-19 18:23:03,160931492,160931496
15796424,ok,5,2022-03-30 17:13:26,160931492,160931496
5390305,,5,2022-04-11 00:32:06,160931492,160931496
22621548,,5,2022-04-10 16:21:39,160931492,160931496
2093930,,5,2022-04-10 15:19:00,160931492,160931496
18325171,,5,2022-04-10 10:46:03,160931492,160931496
24013998,,5,2022-04-09 18:52:34,160931492,160931496
17244110,,5,2022-04-07 09:42:30,160931492,160931496
14375005,,5,2022-04-05 22:03:14,160931492,160931494
7128412,,5,2022-04-04 20:17:15,160931492,160931496
385406,,5,2022-04-03 09:19:12,160931492,160931496
21363380,,5,2022-04-01 23:41:19,160931492,160931496
10419753,tốt,5,2022-03-03 16:14:20,160931492,160931496
16817437,,5,2022-04-01 16:35:30,160931492,160931496
27199167,,5,2022-03-31 18:07:04,160931492,160931496
22807127,,5,2022-03-31 16:20:42,160931492,160931496
2044225,,5,2022-03-31 12:32:40,160931492,160931496
26079008,,5,2022-03-30 21:08:19,160931492,160931496
23957325,,5,2022-03-30 18:07:25,160931492,160931496
7661124,,5,2022-03-30 13:33:55,160931492,160931496
375004,,5,2022-03-30 12:24:39,160931492,160931496
21194221,,5,2022-03-29 17:09:32,160931492,160931494
26743233,,5,2022-03-29 10:38:47,160931492,160931496
20351815,,5,2022-03-28 22:16:27,160931492,160931496
26750379,đẹp,5,2022-02-21 20:21:22,160931492,160931494
27186137,,5,2022-03-28 16:30:36,160931492,160931496
624572,,5,2022-03-28 16:09:15,160931492,160931496
7910565,,5,2022-03-28 12:48:03,160931492,160931496
17476680,,5,2022-03-26 17:32:45,160931492,160931496
2027487,,5,2022-03-24 18:00:57,160931492,160931496
8614155,,5,2022-03-22 12:02:29,160931492,160931496
10200953,,5,2022-03-22 10:58:57,160931492,160931496
658757,,5,2022-03-22 09:14:08,160931492,160931496
175566,,5,2022-03-20 09:16:47,160931492,160931496
7167658,,5,2022-03-20 07:57:42,160931492,160931496
770606,,5,2022-03-19 22:59:31,160931492,160931494
22099177,,5,2022-03-16 19:13:40,160931492,160931496
17488375,,5,2022-03-15 21:26:33,160931492,160931496
8810710,,5,2022-03-15 19:53:26,160931492,160931496
9654858,,5,2022-03-14 10:19:21,160931492,160931494
27018386,,5,2022-03-12 23:25:18,160931492,160931496
26709312,,5,2022-03-10 21:49:25,160931492,160931496
104748,,5,2022-03-10 18:14:08,160931492,160931494
18999680,,5,2022-03-09 11:08:57,160931492,160931496
18457917,,5,2022-03-07 16:38:01,160931492,160931496
26811768,,5,2022-03-07 11:58:09,160931492,160931496
10103313,,5,2022-03-06 18:45:24,160931492,160931494
18450948,,5,2022-03-06 14:44:09,160931492,160931496
26739864,,5,2022-03-05 22:29:45,160931492,160931496
13990721,,5,2022-03-05 12:26:48,160931492,160931494
26952515,,5,2022-03-02 23:03:51,160931492,160931496
26712925,,5,2022-02-27 17:11:11,160931492,160931496
12155276,,5,2022-02-27 13:16:24,160931492,160931494
22414262,,5,2022-02-26 12:11:34,160931492,160931494
10912551,,5,2022-02-26 11:32:35,160931492,160931496
5247090,,5,2022-02-24 22:47:30,160931492,160931496
1021867,,5,2022-02-24 07:39:06,160931492,160931496
18945764,,5,2022-02-23 20:20:59,160931492,160931494
10898951,,5,2022-02-23 17:06:29,160931492,160931494
16820293,,5,2022-02-23 11:04:12,160931492,160931494
984951,,5,2022-02-23 09:05:23,160931492,160931494
22639543,,5,2022-02-23 03:10:26,160931492,160931494
21611495,,5,2022-02-22 22:44:42,160931492,160931496
95434,,5,2022-02-21 21:34:01,160931492,160931494
26733329,,5,2022-02-21 20:44:02,160931492,160931494
21384918,,5,2022-02-21 12:04:56,160931492,160931496
13163626,,5,2022-02-20 19:46:29,160931492,160931494
25392100,,5,2022-02-20 15:53:23,160931492,160931494
26497752,,5,2022-02-20 13:32:03,160931492,160931494
26696566,,5,2022-02-19 12:14:14,160931492,160931496
23328223,,5,2022-02-18 18:19:15,160931492,160931494
20493132,,5,2022-02-18 13:25:44,160931492,160931496
22398910,,5,2022-02-17 23:36:53,160931492,160931494
14375005,,5,2022-02-17 22:04:31,160931492,160931496
20055725,,5,2022-02-17 19:05:53,160931492,160931496
1826533,,5,2022-02-17 11:35:02,160931492,160931494
13877673,,5,2022-02-14 19:05:45,160931492,160931494
8993707,,5,2022-02-14 18:00:35,160931492,160931494
26113226,,5,2022-02-14 10:54:42,160931492,160931496
17155485,,5,2022-02-13 19:49:25,160931492,160931494
8158420,,5,2022-02-13 19:13:42,160931492,160931494
9703283,,5,2022-02-12 19:21:01,160931492,160931496
16985647,,5,2022-02-12 19:19:53,160931492,160931496
17387384,,5,2022-02-12 11:53:06,160931492,160931494
22136302,,5,2022-02-12 11:39:38,160931492,160931494
1040890,,5,2022-02-12 09:23:08,160931492,160931496
1826533,,5,2022-02-11 10:14:12,160931492,160931496
21187587,"gói hàng cực kì ẩu. Không có bọc chống sốc , rách mất seal. làm truyện quăn nhiều góc. thất vọng cực kì nhiều",1,2022-02-23 16:59:10,160931492,160931494
27049880,sách bị rách seal tả tơi luôn ko có bọc giảm sốc bìa df rất nhiều như có cái j đó cào lên v,2,2022-03-30 12:32:09,160931492,160931496
17149911,Hơi buồn vì quyển mình thích mà giao hàng lại bị móp sách quá :((((( Cũng bù lại được vì huy hiệu đẹp quá trờiiii. Mong lần sau đặt bộ khác sẽ không bị móp như này nữa hiuhiuuuu,3,2022-02-17 14:58:55,160931492,160931494
6084832,"AWM [Tuyệt địa cầu sinh] là câu chuyện vừa ngọt ngào hài hước vừa thú vị lôi cuốn về hành trình thả-thính-chỉ-cần-một-người-dính kiêm dẫn dắt đội ngũ HOG bước lên đỉnh cao giới eSports của “lão lưu manh” độc miệng Kỳ Túy (ID: Drunk) và cậu bạn trai ngoài lạnh trong nóng Vu Dương (ID: Youth)! Trong cuốn sách này có tình yêu, có đồng đội, có ước mơ cháy bỏng, có nhiệt huyết sôi trào. Trên vai trái là chiến đội, trên vai phải là niềm tin. Mấy tầng địa ngục vắng tanh, thì ra Kỳ Túy loanh quanh cõi người!",4,2022-07-04 09:25:31,160931492,160931496
11137044,"không có một tí chống sốc nào, gáy sách đã là bìa cưng rồi còn cong vòng hết c, riêng sách thì t rất khó tính, phân phối vận chuyển đã lâu hàng về tay lại thế này. Nếu không phải camp bên *** kh kịp thì thật sự không muốn qua tiki",1,2022-02-17 13:33:36,160931492,160931494
26999738,Seal bị rạch mất tiêu=)) Có chỗ bị df nè=)) Lần này mua hàng trên tiki hơi thất vọng chút Bỏ qua mấy cái đó thì sách ổn nên vẫn cho 4* nhé =))),4,2022-05-07 22:35:58,160931492,160931496
13047779,quyển có thu cạch gốc hơi bị...,4,2022-05-27 19:09:09,160931492,160931496
8823214,"Quá tồi. Sản phẩm không được chiết khấu, phải mua với giá bìa mà không có nỗi miếng chống xốc, chỉ có một tờ băng dính ĐÃ DÙNG RỒI được nhét đại vào, mình không hiểu Tiki làm vậy chi? Hơn nữa, sách giao tới bẩn cực, giao thiếu card visit của Vu Dương. Quá thất vọng, có khi mua của mấy bà đầu cơ còn chất lượng hơn, thôi thì mình xin bye Tiki.",1,2022-02-20 01:13:07,160931492,160931494
18715703,Không có chống xóc nên bị dập gáy mạnh luôn. Cứ đến lúc sale là làm ăn rất cẩu thả chả thèm quan tâm đến mặt hàng bị làm sao. Xin cho miếng chống xóc với bọc giữ cố định lại cũng không làm được sao?,3,2022-03-30 17:51:26,160931492,160931496
26705768,Shop gói hàng ẩu quá!!=((( khi nhận sách về bị df nhiều chỗ seal thì bị rách rất nhiều,3,2022-03-18 12:31:50,160931492,160931496
7813868,"Quá tệ!!!!!! Bị gãy phụ kiện, sách rách seal tả tơi, nứt cả bìa!!!! Quá thất vọng!!",1,2022-03-01 15:02:34,160931492,160931494
8095663,ôi sách 😓 chán quá k biết làm sao bây giờ có đổi hàng đc k v ạ,1,2022-07-22 12:22:01,160931492,160931496
24748459,"bìa rách, còn có vết bẩn trên bìa mặt sau 😀 muốn đổi trả hàng nhưng ko ib được",2,2022-03-05 08:14:26,160931492,160931496
10962186,mua 2 bộ thì 1 bộ bị unseal :) Còn lại thì sách không móp méo gì :),3,2022-02-13 15:10:00,160931492,160931496
27745817,Sách về tới nát hơn chữ nát.,1,2022-07-24 09:40:02,160931492,160931496
10174623,"Shop đóng gói hàng rất tệ,còn không có bọc chống sốc gì cả.Với lại còn là sách bìa *** nữa trong lúc vận chuyển kiểu gì cũng bị gãy góc,nên xem lại cách gói hàng!!",3,2022-02-15 18:29:31,160931492,160931494
17751829,Không biết sao mà nó bị như z luôn á 🥲 nhìn tiếc khủng khiếp,1,2022-09-06 19:05:33,160931492,160931496
26148520,Khok nhìu lắm á,4,2022-02-28 15:27:48,160931492,160931496
23935922,"tiki đóng gói vẫn khá sơ sài, mua bìa cứng mà sợ bị cong này nọ, hộp nhìn méo với lủng lỗ nữa chứ, cũng may là không sao:))))))",4,2022-02-12 15:36:51,160931492,160931494
26112350,"hộp hàng móp méo df không nhẹ móp hẳn 1 góc, rất không hài lòng về tiki, tiki cần phải cải thiện lại chất lượng gói hàng",3,2022-02-14 15:50:13,160931492,160931494
18505453,Truyện bị móp ಥ⁠‿⁠ಥ,4,2022-10-31 13:00:45,160931492,160931496
8911071,Mình bị giao thiếu card Vu Dương và đang đợi giải quyết.,4,2022-02-21 11:12:39,160931492,160931494
5883976,mình có chút thất vọng với cách gói hàng ạ. lúc mở ra thì bung seal gần hết còn bị móp bìa cứng nữa ạ 😥.,3,2022-02-20 12:19:59,160931492,160931494
22860169,mua bản đb mà giao ko cis standee vs huy hiệu là sao,1,2022-02-25 15:57:56,160931492,160931494
25556448,"Hàng đẹp,ổn nhưng standee gắn ko vừa",4,2022-02-18 19:02:59,160931492,160931494
10081909,sách bị móp một góc và bị rạch một đường trên bìa. May là ko sâu lắm nên bỏ qua :((,4,2022-03-15 11:50:43,160931492,160931496
23114877,"giao hàng đóng gói cẩu thả, chán ko muốn nói 🙃🙃🙃 sách thì rách seal dơ hầy",1,2022-02-15 10:24:13,160931492,160931496
21719443,bị đen phần trên của sách nhưng nhìn chung vãn ổn ko bị df,3,2022-07-22 21:04:00,160931492,160931496
13769752,Đóng gói hàng rất cẩu thả bìa bị móp và bị bẩn ở bên hông sách,3,2022-02-21 22:07:53,160931492,160931494
29039039,,4,2023-06-07 12:37:23,160931492,160931496
673094,"Nội dung ko hay ,nhàm chán",2,2022-10-23 01:49:53,160931492,160931496
27180894,hơi móp ở phần bìa vì ko có giấy chống sốc,4,2022-04-03 21:57:08,160931492,160931496
1102669,"sản phẩm bị móp, tiki không có lớp chống sốc",3,2022-03-15 10:00:03,160931492,160931494
22687471,"đóng gói quá sơ sài, sách bị móp tùm lum",2,2022-02-21 21:09:42,160931492,160931494
10731947,Ổn nhưng do đang tiếc tiền 😑,4,2022-03-28 09:58:33,160931492,160931496
27264358,mép sách bị con xíu hơi buồn,4,2022-04-13 20:39:02,160931492,160931496
7608361,Gáy sách hơi bẩn phần đầu,3,2022-03-21 20:38:38,160931492,160931496
26734492,hơi móp ko có bọc chống sóc,4,2022-02-17 18:22:23,160931492,160931494
25948831,,4,2022-08-16 08:34:05,160931492,160931496
26501239,,4,2022-08-03 11:35:59,160931492,160931496
11742199,,4,2022-07-31 21:37:47,160931492,160931496
23278931,bọc chống sốc hog có,4,2022-02-16 14:46:07,160931492,160931494
15982909,truyện bị df nhẹ😞,4,2022-02-19 11:17:47,160931492,160931494
11349894,,4,2022-06-07 10:57:29,160931492,160931496
22408290,,4,2022-05-06 08:05:51,160931492,160931496
11031860,,4,2022-04-30 18:33:18,160931492,160931496
8474577,,4,2022-02-26 13:14:16,160931492,160931494
26180269,,4,2022-02-18 14:13:26,160931492,160931494
26128160,,4,2022-02-18 13:11:37,160931492,160931494
17251868,,4,2022-02-18 09:05:33,160931492,160931494
26742403,,4,2022-02-16 00:52:38,160931492,160931494
17473721,,4,2022-02-12 14:58:31,160931492,160931494
25755454,"chưa đọc nên không biết nội dung, shop đóng gói hàng kĩ càng",5,2026-04-12 18:43:24,279160134,279160176
30031670,"Sản phẩm tốt, đóng gói và giao hàng cẩn thận",5,2026-02-13 22:27:28,279160134,279160177
21575280,"Sách đẹp, đóng gói cẩn thận",5,2026-04-04 16:57:03,279160134,279160176
30607853,,5,2026-06-25 09:11:37,279160134,279160177
16496062,,5,2026-04-27 21:05:47,279160134,279160177
16397719,,5,2026-04-18 20:45:30,279160134,279160176
30599782,Xịnnnn,5,2026-02-23 11:39:03,279160134,279160177
29853477,,5,2026-04-07 15:53:22,279160134,279160176
26694346,,5,2026-03-18 20:01:08,279160134,279160176
1903386,,5,2026-03-12 13:23:44,279160134,279160176
131307,,5,2026-02-28 11:39:02,279160134,279160176
30619393,,5,2026-02-27 11:54:03,279160134,279160176
29700872,,5,2026-02-24 09:21:28,279160134,279160177
30159386,,5,2026-02-15 09:26:13,279160134,279160177
30422998,,5,2026-02-14 17:09:51,279160134,279160177
14046214,,5,2026-02-14 14:46:33,279160134,279160177
29031064,,5,2026-02-14 11:20:27,279160134,279160177
7436453,,5,2026-02-14 11:04:00,279160134,279160176
22074639,,5,2026-02-14 09:42:13,279160134,279160177
30635469,"Mình cũng được bạn bè bảo mua trên sàn tiki rất dễ bị df, mình cũng không tin cho đến khi nhận được sách, lúc đầu thấy hộp không móp mình nghĩ chắc ổn rồi, ai ngờ df nặng, móp góc, bản đặc biệt bìa cứng nên sách còn bị hở gáy🤡 thật sự không chấp nhận nổi, lõm rất nhiều ở cả mặt trước và sau, không rõ là tại quá trình vận chuyển hay lúc gói hàng đã có, nhưng thật sự rất thất vọng. Bên trong sách ở gần gáy còn có dấu hiệu bị nhăn nhúm, mình đoán đọc nhiều thì có thể sẽ rời bìa lẫn sách ra mất🤡",2,2026-03-18 21:58:20,279160134,279160177
9097317,"Có seal đầy đủ. Nhưng sao bản đặc biệt lại rẻ hơn bản thường nhỉ. Mong chờ thêm husband material nữa, dù không ưng thiết kế bìa cho lắm so với bản gốc.",5,2024-10-21 16:12:56,275698430,275701387
30424958,"Shop giao nhanh, có đóng bùa đẹp lm",5,2025-07-21 15:49:26,275698430,275701386
30658920,"Sách đẹp, kh df, giao siêu nhanh có quà nữa😭🤏",5,2026-05-02 14:02:06,275698430,275701386
15145294,Sách đẹp nha,5,2026-04-26 13:31:07,275698430,275701386
29162041,Rất tốt,5,2025-04-17 20:15:25,275698430,275701387
17425283,,5,2025-06-20 01:02:02,275698430,275701387
1583934,,5,2025-03-20 10:45:28,275698430,275701387
27956432,,5,2024-10-26 16:29:16,275698430,275701387
30039933,,5,2024-10-26 08:19:36,275698430,275701387
27634916,,5,2024-10-25 18:31:10,275698430,275701387
11245000,,5,2024-09-21 12:05:47,275698430,275701387
11245000,Giao hàng nhanh Truyện bìa đẹp,5,2024-01-25 13:49:58,205039761,205039765
29538733,"Tiki giao hàng nhanh, ổn, nhưng đóng gói hơi liều, ko có bọc chống shock, may mà ko bị df 🥲. Shipper thân thiện dth",5,2023-12-23 14:09:01,205039761,205039770
21575280,"Sách đẹp, đóng gói cẩn thận, giao hàng nhanh, shiper thân thiện",5,2026-04-10 08:30:59,205039761,205039765
8251669,,5,2025-10-09 05:58:56,205039761,205039765
5221546,"Bìa dễ thương, ok, chất lượng, giao hàng nhanh.",5,2023-08-17 20:37:04,205039761,205039765
15842817,"Giao nhanh, đầy đủ",5,2023-11-30 15:45:31,205039761,205039770
7590141,Giao hàng nhanh. Hàng mới ok 👍,5,2023-06-19 14:29:35,205039761,205039765
27775747,"Giao hàng nhanh , mà lại rẻ hơn mua ở nhà sách nữa",5,2024-02-15 17:10:01,205039761,205039765
14748063,10/10,5,2023-09-30 13:06:30,205039761,205039770
20085207,Truyện hay lắm hài xĩu luôn mê bạn hoa khôi lắm à nha,5,2023-10-15 17:43:02,205039761,205039765
13752237,Rất okela,5,2023-05-31 20:13:42,205039761,205039765
8131764,,5,2024-06-03 14:48:11,205039761,205039765
24075039,,5,2024-03-12 06:48:15,205039761,205039770
28866573,Hàng chất lượng giao nhanh.,5,2023-08-15 22:46:54,205039761,205039765
26085897,,5,2023-11-05 06:29:57,205039761,205039765
25861497,,5,2023-09-10 14:13:03,205039761,205039770
1826533,,5,2023-07-05 18:06:01,205039761,205039770
1876424,,5,2023-06-26 19:16:42,205039761,205039765
10947748,,5,2023-06-19 07:32:51,205039761,205039770
7347179,,5,2023-06-12 21:09:58,205039761,205039770
27537107,,5,2023-06-07 19:08:19,205039761,205039770
2220977,,5,2023-06-07 17:54:20,205039761,205039770
28753503,Bìa đẹp khổ to Nhm bị lỗi bm,4,2023-06-11 10:42:35,205039761,205039765
759415,(*) Đánh giá không tính điểm Đóng gói không cẩn thận và vận chuyển bị va đập nên cong móp truyện,1,2023-05-25 18:31:33,205039761,205039765
30619134,,5,2026-03-29 15:16:12,277038948,277038961
30617476,,5,2026-02-24 17:24:32,277038948,277038961
30272260,"Truyện hay, bìa xinh yêu nè mỗi tội ko có bookmark....",5,2025-01-25 18:02:14,277038948,277038962
10259030,,5,2025-08-14 00:07:09,277038948,277038961
30413303,,5,2025-06-24 16:46:48,277038948,277038961
29749624,,5,2025-04-29 22:08:51,277038948,277038962
14748063,,5,2025-03-12 06:38:17,277038948,277038962
1835220,,5,2025-02-15 16:28:50,277038948,277038961
29840461,,5,2025-02-10 15:55:42,277038948,277038962
30208496,,5,2025-02-04 12:34:14,277038948,277038961
29370623,,5,2025-02-03 16:40:11,277038948,277038962
29025205,,5,2025-02-02 22:30:20,277038948,277038962
14732306,,5,2025-02-01 16:56:11,277038948,277038962
1790483,,5,2025-01-30 09:44:37,277038948,277038962
544430,,5,2025-01-29 06:05:58,277038948,277038962
28922784,,5,2025-01-26 15:05:26,277038948,277038962
11719435,"Bìa sách hình minh họa nhân vật không chọt trúng gu mình, thấy người không đẹp bằng bối cảnh 🥹 . Sách còn nguyên vẹn không móp, không trầy xước",5,2023-06-16 19:03:07,193895769,193895770
19810869,"Mình rất thích, rất đáng mua",5,2023-02-24 19:22:45,193895769,193895770
1342710,"Tiki giao hàng nhanh ghê! Mới đặt hôm trước, hôm nay đã giao tới luôn. Nội dung dễ thương xỉu, hóng đợi ra quyển tiếp!!!",5,2023-08-15 17:54:16,193895769,193895770
12634304,Nội dung hay. Hình hơi giả trân xíu- khá tiếc vì mình thích thế giới yêu hồ nhưng bìa lại nét vẽ cứng.,5,2023-06-29 21:53:39,193895769,193895770
28360163,"Tuyệt vời lắm nè , shop đóng gói kĩ càng nè, 10 điểm 10 điểm",5,2022-11-17 17:34:48,193895769,193895770
28764790,Ship nhanh. Dóng gói kĩ càng. Bookmark cứng.,5,2023-01-30 16:11:52,193895769,193895770
1682746,,5,2026-04-11 13:32:27,193895769,193895770
28617505,"Giao hàng siêu nhanh, bìa đẹp, seal bị rách nhẹ, có chút bụi nhưng không ảnh hưởng đến sách",5,2023-03-02 14:44:33,193895769,193895770
10259761,"Ahihi, sách k bị rách hay df Giao hàng nhanh, khoảnh 2 tiếng là có",5,2022-11-22 20:06:40,193895769,193895770
28537473,"Truyện hay, giao hàng nhanh, sách không bị sao hết",5,2023-01-30 20:51:07,193895769,193895770
5903153,Rất tốt,5,2023-05-07 17:44:43,193895769,193895770
16355046,,5,2023-01-29 10:14:38,193895769,193895770
8131764,,5,2024-03-06 22:20:30,193895769,193895770
26717407,"Đặt hàng ở tiki đều rén, ko có bọc gì luôn, sách đã bị móp 🥲",5,2022-10-25 11:59:35,193895769,193895770
2770288,,5,2024-02-18 11:24:41,193895769,193895770
16269377,Đẹp,5,2022-10-26 10:01:09,193895769,193895770
28623931,"Hàng giao rất đẹp , gói cẩn thận, giao nhanh",5,2023-01-29 12:44:05,193895769,193895770
10961516,,5,2022-09-23 22:18:30,193895769,193895770
22276769,,5,2022-08-20 09:33:44,193895769,193895770
9063005,,5,2023-10-18 10:14:09,193895769,193895770
26849442,,5,2023-10-15 12:11:42,193895769,193895770
14813026,,5,2023-08-08 12:10:09,193895769,193895770
1272197,"Giao hàng nhanh, sách còn seal đủ phụ kiện",5,2022-10-06 16:18:28,193895769,193895770
8612269,,5,2023-07-27 22:59:27,193895769,193895770
400063,,5,2023-07-25 17:44:57,193895769,193895770
8489159,,5,2023-07-05 23:03:51,193895769,193895770
357871,,5,2023-06-28 12:06:39,193895769,193895770
608822,,5,2023-06-09 01:50:32,193895769,193895770
18297522,Bìa rất xinh. Nội dung vẫn ổn,5,2022-10-15 22:59:00,193895769,193895770
26816264,tốt,5,2023-04-15 00:16:59,193895769,193895770
27826551,,5,2023-05-09 18:39:58,193895769,193895770
7907114,,5,2023-03-24 07:41:00,193895769,193895770
10216450,,5,2023-03-13 12:42:07,193895769,193895770
16496062,,5,2023-03-06 00:00:52,193895769,193895770
43795,,5,2023-02-25 10:16:12,193895769,193895770
28207896,,5,2023-02-23 17:26:17,193895769,193895770
27936970,,5,2023-02-22 23:40:43,193895769,193895770
9651383,,5,2023-02-02 17:46:22,193895769,193895770
26265639,,5,2023-01-28 13:28:40,193895769,193895770
22446400,,5,2023-01-05 21:09:29,193895769,193895770
22000635,,5,2023-01-05 15:53:39,193895769,193895770
10831636,,5,2022-12-28 12:10:07,193895769,193895770
16792901,,5,2022-12-24 21:36:01,193895769,193895770
26771193,Tất cả đều ok,5,2022-08-29 00:39:08,193895769,193895770
5676344,,5,2022-12-14 18:11:32,193895769,193895770
28354599,,5,2022-12-13 11:52:35,193895769,193895770
28562264,,5,2022-12-10 16:34:53,193895769,193895770
10912949,,5,2022-12-01 18:04:57,193895769,193895770
259011,,5,2022-11-30 17:16:47,193895769,193895770
20630197,,5,2022-11-30 11:43:09,193895769,193895770
27062718,,5,2022-11-28 19:08:08,193895769,193895770
532607,,5,2022-11-26 19:57:13,193895769,193895770
28505040,,5,2022-11-25 17:54:03,193895769,193895770
7254347,,5,2022-11-22 14:22:38,193895769,193895770
15389282,,5,2022-11-18 09:31:59,193895769,193895770
385406,,5,2022-11-17 12:12:27,193895769,193895770
12809887,,5,2022-11-15 20:02:57,193895769,193895770
494562,,5,2022-11-13 16:44:06,193895769,193895770
19550,,5,2022-11-11 19:57:00,193895769,193895770
1040890,,5,2022-11-08 06:43:37,193895769,193895770
5832180,,5,2022-11-03 18:12:55,193895769,193895770
6031697,,5,2022-10-28 13:28:39,193895769,193895770
984951,,5,2022-10-27 14:23:14,193895769,193895770
7483456,,5,2022-10-26 18:57:41,193895769,193895770
12247427,,5,2022-10-24 01:20:26,193895769,193895770
19334803,,5,2022-10-19 12:56:20,193895769,193895770
520139,,5,2022-10-16 13:36:00,193895769,193895770
10960257,,5,2022-10-13 13:20:10,193895769,193895770
6045077,,5,2022-10-10 20:03:22,193895769,193895770
10794832,,5,2022-10-05 18:19:20,193895769,193895770
7167658,,5,2022-10-04 13:36:58,193895769,193895770
12921980,,5,2022-09-12 17:48:54,193895769,193895770
309846,,5,2022-09-12 14:36:09,193895769,193895770
5648799,,5,2022-09-09 20:17:39,193895769,193895770
759415,,5,2022-08-30 09:25:32,193895769,193895770
16598328,,5,2022-08-23 14:53:06,193895769,193895770
464226,"Nhận hàng mấy hôm rồi mà hôm nay mới bóc, mua hàng của tiki rất nhiều lần rồi chưa lần nào bị trường hợp rách như này. Cần được bộ phận chăm sóc khách hàng hỗ trợ",2,2022-09-25 14:08:13,193895769,193895770
14991934,"Mua tới quyển này phát hiện ""dịch giả"" dịch sai tên nvc :)))) Chán chả buồn nói luôn",3,2023-01-10 18:44:35,193895769,193895770
27183633,"Không có bọc chống sốc, sách bị lõm mất một ít :(( rất là thất vọng với tiki",3,2022-10-25 18:25:24,193895769,193895770
21945903,"ko có bọc chống sốc, mình lại đặt tận 4 quyển khá dày, may mà sách k sao, mong shop đóng gói cẩn thận, giao siêu nhanh",4,2023-01-18 12:09:35,193895769,193895770
19071326,"Hàng khá tốt, còn có vài chỗ bị xước nhưng tổng thể vẫn ổn, mong đóng gói kĩ hơn để bảo vệ sách",4,2023-03-12 02:27:05,193895769,193895770
26674577,,4,2023-03-06 23:02:36,193895769,193895770
694893,,4,2022-10-07 00:05:01,193895769,193895770
29706912,Đẹp nha mấy ní ơi. Giao hàng nhanh còn gói kĩ nữa,5,2024-01-06 10:45:28,263980791,263980795
7590141,Ok,5,2023-08-14 18:30:04,263980791,263980793
27711835,,5,2024-03-20 19:29:27,263980791,263980795
24075039,,5,2024-03-12 06:48:31,263980791,263980795
95434,,5,2024-01-04 23:43:48,263980791,263980795
357871,,5,2023-12-15 11:12:05,263980791,263980793
506966,,5,2023-12-11 03:03:44,263980791,263980793
26849442,,5,2023-10-15 12:11:31,263980791,263980793
5105938,,5,2023-09-12 21:11:59,263980791,263980793
14349045,,5,2023-08-07 19:14:32,263980791,263980795
14550762,"Bị như này, cho 4 sao . 😩",4,2023-08-20 10:43:47,263980791,263980795
26329039,"Bộ này cũng được, nếu để chấm điểm thì khoảng 7/10 điểm , đọc giải trí ổn nhưng tình tiết kiểu hơi nhanh",5,2023-06-15 23:47:28,177746995,177747000
9122070,"Chiết khấu cao; Sách nguyên vẹn, có vài lỗi móp nhỏ nhưng không đáng kể; Cần cải thiện cách đóng gói phù hợp và chắc chắn hơn",5,2022-11-03 16:44:14,177746995,177747000
29515241,Sách có trầy xước nhẹ nhưng quan trọng là nội dung ☺️🫰,5,2024-01-01 13:29:13,177746995,177747000
19554648,Sách rất đẹp bìa sang cứng tuy nhiên là lêm truyện có nhìu chi tiết bị cắt nhưng cug khổng ảnh hưởng mấy,5,2022-05-26 08:29:48,177746995,177747000
16385761,"Giao hàng nhanh hơn dự kiến, hên không bị móp các cạnh của sách về nội dung thì khá là hay chủ yếu về các vụ án và sự tấu hài của mí con ma thôi, tuyến tình cảm của 2 nhân vật chính tầm 30%, nhưng đáng đọc lắm, ai thích đam mỹ và kinh dị ở mức độ nhẹ thì nên mua nhen.",5,2022-06-08 18:27:09,177746995,177747000
15961723,"Giao siêu nhanh, nửa tiếng là có hàng nóng hổi:))) Sách đẹp, khổ to cầm cực sướng, hong lo bị ba mẹ bắt quả tang đu bia đia=)))) Không có bọc nhưng may tổ độ không móp góc, nói chung là tuỵt😘",5,2022-08-31 09:51:20,177746995,177747000
27974356,"oke, đóng gói ổn, giao hàng nhanh *** ra luôn, mới đặt tối hôm chủ nhật xong chiều thứ 2 đã có hàng",5,2022-08-08 16:40:12,177746995,177747000
16049134,"Một trải nghiệm đọc sách mới lạ với mình, do mình ít khi đọc truyện kinh dị. Yếu tố kinh dị cũng lôi cuốn. Câu chuyện về hai nhân vật chính được mở đầu bằng nhiều dấu chấm hỏi mà sẽ được giải đáp từ từ qua từng chương. Khá ổn cho trải nghiệm đọc truyện đam mỹ kinh dị đầu tiên của mình.",5,2022-08-11 03:18:58,177746995,177747000
19394933,"- Chinh lắm, giao hàng nhanh nữa.",5,2022-07-23 22:28:14,177746995,177747000
27422754,"Đợi hàng 4 ngày , giao đủ , đóng gói không kĩ chỉ có hộp ngoài , không có gì để chống sốc cả nên phần đầu và cuối sách của mình bị méo một tý .",5,2022-05-07 09:41:34,177746995,177746998
28029334,"Độ kinh dị cũng không quá đáng, mình nhát nhưng đọc không cảm thấy sợ lắm. Tình cảm 2 nhân vật chính nhẹ nhàng 👏🏻 Nên đọc",5,2022-08-18 11:44:33,177746995,177747000
28291066,Tốt,5,2022-10-11 14:20:56,177746995,177747000
27857361,"Giao hàng rất nhanh, seal đầy đủ, không bị df. Nội dung cũng rất hay. Chỉ mỗi là tiki không dùng bọc chôngs sốc :(( Mong tiki lần sau đầu tư vào bọc chống sốc nhé ạ mua sale nên rẻ lắm luôn",5,2022-07-19 12:50:32,177746995,177747000
18221329,"Săn lúc có hội sách nên giá rẻ!! Giao hàng nhanh, bọc sách kĩ!! Không nghĩ tới cuốn truyện to vậy luôn!!",5,2023-01-10 11:36:56,177746995,177747000
6248922,"sách mới, tiki đóng hộp kỹ, nhưng không có bọc chống sốc, mình cũng lo lắng là hộp bị móp và sách bị cong, nhưng mà tuy hộp hơi xấu, bên trong sách vẫn nguyên vẹn. Mà giao hàng hơi lâu",5,2022-07-21 20:36:26,177746995,177747000
26702021,Tiki đóng gói thi không còn gì để nói 👎 cơ mà may là tui mua hàng chưa bị df bao giờ có thì cưng ít thôi. Truyện đẹp lắm nha 💅,5,2022-05-09 18:19:11,177746995,177746998
27086856,tuỵt,5,2023-05-28 09:05:40,177746995,177747000
21830125,Sách thì k nói tới rồi. Nhưng tiki đóng hàng ẩu k chịu dk. Đúng mấy cuốn sách trg 1 cái thùng giấy. Rách seal mất 1 cuốn. Lạy,5,2023-04-29 17:42:37,177746995,177747000
1342710,"Quyển dày, cầm khá chắc tay. Thích lắm luôn, cơ mà (chắc có lẽ do mình khó chịu chăng?) mình nghĩ nên giữ nguyên tên truyện ""Quỷ sự vô tận"" sẽ hay hơn. Nội dung thì mình đang gặm từ từ đây! Trước mắt khá là ok á! 😁",5,2022-05-30 18:17:15,177746995,177747000
26719009,"Chúc mừng em, người nhà em đã gả em cho 1 người sắp chết vì 185 tỷ. Hả? Người sắp chết gì? Chính là anh, Ngôn Nhất Trì, người chồng đoản mệnh của em. Sự sắp đặt của người nhà hãy ngoan ngoãn gả đi.",5,2022-07-22 18:39:07,177746995,177747000
26641128,Giao nhanh hàng ổn ko bị bóp méo hay gì chỉ là bị rách seal nhg ko sao,5,2023-01-28 13:29:04,177746995,177747000
27865414,"Sách bìa đẹp🤩 không df, móp hay méo gì hết á🤩🤩 giao đúng hạn🤩",5,2022-07-26 22:09:16,177746995,177747000
18278049,"Bìa đen trông rất sang nha. Còn cái size truyện nó khủng hơn mình tưởng tượng nhiều. Tiki gói hàng không bị cong góc, mình mua có 6 cuốn mà gói cho cái thùng chà bá 😂. Sách của Mei ổn phếc, ai chừng chừ không mua thì coi chừng hối hận á nha.",5,2022-07-19 11:34:59,177746995,177747000
6520354,"Truyện bị móp cạnh, bên hông giấy bọ hằn nhẹ. Giao hàng nhanh. Truyện đối với cá nhân t thì k sợ lắm, mà nó hài *** luôn ý đọc mà cười khùng:))",5,2023-01-04 22:09:34,177746995,177747000
26508924,r thì mình giới thiệu Wattpad cho mấy tác giả bên đấy luôn đc k🙂🙂🙂k thì các ac up thẳng lên twitter cũng đc🤧 chim xanh🐦của e cởi mở tốt tính lắm các c k cần lô,5,2022-08-09 10:27:52,177746995,177747000
27208800,"Sách đẹp , nd hay giao nhanh , ảnh minh hoạ",5,2022-09-12 13:33:37,177746995,177747000
28035419,Bìa đối vs mình thì rất ư là xinh. Trừ khâu đóng hàng của con tiki khiến lúc mình nhận hàng suýt ngất ra thì rất may là sách ko sao. May là ông bà phù hộ.,5,2022-10-27 19:14:46,177746995,177747000
28416442,đóng gói cẩn thận hơn,5,2022-12-13 11:26:25,177746995,177747000
160654,"Tiki giao nhanh, hộp nguyên vẹn, không bị df gì nhiều Bộ này nội dung ổn nhưng gia công ẩu, nhất là phần bìa, vừa mờ vừa gồ ghề. Card tặng kèm bị trầy xước nhiều",5,2022-05-10 13:55:51,177746995,177746998
27171507,"không ngờ sách to ***, chưa đọc nhưng nhìn rất đẹp và may mắn săn sale 50%. Yeahhhh🙊🙊🙊🙊",5,2022-07-20 12:39:20,177746995,177747000
14991934,Đợt này tiki giao nhanh lắm nhé và cx ko móp méo gì hết Sách đang đc sale rẻ nên mình tranh thủ múc ngay và luôn chung với mấy cuốn khác nữa 😍😍😍,5,2022-07-21 09:27:19,177746995,177747000
22753656,"Mua với giá 50% nên không chỉ thấy bìa xinh mà tới cái seal cũng thấy đẹp nữa 🤧 May mắn ở nội thành nên giao nhanh, sách còn nguyên vẹn chứ đúng là không có miếng chống sốc nào luôn",5,2022-12-20 09:52:47,177746995,177747000
10626306,"Cá nhân mình thấy bìa sách đẹp, dịch cũng ổn, nội dung khá là mới mẻ và hấp dẫn, hợp với ai muốn đọc sách đam có yếu tố kinh dị ~^^~",5,2022-08-30 20:30:04,177746995,177747000
19572573,"Giao hàng nhanh,sách cũng không bị gì nhiều chỉ có cái là cái góc nó hơi có vấn đề nhẹ thôi:)",5,2022-05-13 18:45:34,177746995,177747000
7590141,"Giao hàng siêu nhanh. Đặt hôm trước hôm sau giao rồi. Giao đủ, truyện bọc kỹ càng, xếp gọn gàng. Ưng nhất là săn sale nên mua rẻ nữa 👍",5,2022-09-12 19:04:29,177746995,177747000
10681135,"Mình mua đợt sale nhiều nhưng tiki đóng gói rất xịn xò, hộp cũng ko móp. Truyện in đẹp, Meibooks thiết kế bìa đẹp lắm",5,2022-12-20 11:59:48,177746995,177747000
2074005,"Giao hàng trong ngày mình nhận được rồi, có một tập thui không nỡ đọc nhanh á 🥺 Chưa đủ gay cấn giật gân lắm nhưng mình thấy khá ổn gòiii",5,2022-06-17 21:38:31,177746995,177747000
30649863,Quá tuyệt vời,5,2026-04-09 23:42:19,177746995,177746998
5859242,"lúc đầu đọc giới thiệu còn bảo sao nội dung có vẻ giống xông vào ngõ âm dương thế, nhìn tác giả mới phát hiện ra cùng 1 mẹ :))) ( Tiki đóng gói cẩn thận, giao hàng nhanh, may ko bị móp gáy",5,2022-07-18 10:31:24,177746995,177747000
19296417,Quên hong chụp gồi nhưng giao nhanh lúm 👉👈,5,2023-01-30 23:59:51,177746995,177747000
21935834,"Giao nhanh, tuy ko chống sốc các kiểu nhưng ko df. Bìa to dày, đẹp. Nội dung hay",5,2022-06-08 11:40:57,177746995,177747000
30637257,,5,2026-04-18 19:35:13,177746995,177746998
6269194,,5,2022-08-30 16:33:05,177746995,177747000
26110240,Xinh lắm mỗi tội là ko bọc chống sốc thế mà dell bị df,5,2022-08-30 10:53:42,177746995,177747000
22885764,sách xinh lắm ý. bây giờ mình mới bắt đầu đọc nên chưa đánh giá được. nhưng theo danh tiếng thì thấy hay nha,5,2022-10-01 18:07:19,177746995,177747000
9137676,Ngoài việc bị rách seal và df gáy một chút thì đều ổn cả,5,2022-07-23 17:53:08,177746995,177747000
9909603,"Sách có bìa đẹp, giấy chất lượng tốt, nội dung lôi cuốn",5,2023-10-04 13:06:32,177746995,177747000
13268861,"Sách khổ lớn, bìa đẹp, giấy cũng tốt, tiki giao hàng rất nhanh. Nội dung thì khỏi chê, những truyền thuyết đô thị đọc rất cuốn và tạo dc cảm giác sợ hãi.",5,2022-11-28 11:19:21,177746995,177747000
26961698,"Ối đẹp dã man luôn, mặc dù bàn thường nhưng bìa xinh cực, màu siêu đẹp, mê từ cái nhìn đầu tiên ~~ bộ này Mei dịch hay",5,2022-05-25 08:15:08,177746995,177747000
23550118,Trộm vía chỉ df hộp nhẹ còn bên trong ổn🥲 bìa theo gu t thì đẹp với sang lắmmm rất đáng tiền nội dung thì chưa biết sao,5,2022-05-09 13:09:21,177746995,177746998
18332421,"truyện bìa đẹp mặc dù chưa biết nội dung nhưng nhìn bìa cứ bị cuốn nên mua. à mà truyện bị dính keo, chùi mãi hong hết",5,2022-05-26 09:12:19,177746995,177747000
13538377,"Lần đầu đọc sách có tag kinh dị, mình cũng có chút sợ sợ. Cuốn này dành cho mấy người yếu tim như tui nè, đọc hơi sợ mà cũng hề không kém.",5,2023-01-21 19:23:17,177746995,177747000
27827676,"Giao hàng trễ hơn dự kiến 3 ngày, đóng gói tạm ổn, còn nguyên seal, bìa đẹp sách khổ khá lớn",5,2022-10-31 19:49:48,177746995,177747000
14197052,"Sách có bookcare, giao hàng siu nhanh luôn nha, đợt này thì khum có bị xoăn hay gãy góc sách nên mê chữ ê kéo dài",5,2022-07-20 21:29:13,177746995,177747000
5912332,"giao hàng nhanh, bọc cực cẩn thận, không bị bóp méo nma đọc buổi đêm sợ không dám đi vệ sinh luôn ý ;(",5,2022-07-25 01:01:36,177746995,177747000
17227538,"Chưa đọc nên cũng chưa rõ nội dung có hay không, nhưng mà bìa với siu được đóng gói kĩ nên không bị gì uwu",5,2022-06-11 17:01:43,177746995,177747000
511365,"tôi đã đọc cuốn này trên mạng nhg vẫn thích cảm giác cầm sách hơn. Sách mới, vẫn còn màng co, giao hàng sớm",5,2022-05-10 10:57:22,177746995,177747000
18370809,"sách được đóng gói cẩn thận, very good",5,2022-07-10 02:04:04,177746995,177747000
26700973,"Nhìn ở ngoài trông con đã hơn trên mạng nx, đẹp lắm lun, khỏi sợ ba mẹ phát hiện đu *** :)))",5,2022-07-20 15:06:56,177746995,177747000
16017907,bộ này đọc không sợ lắm nên đọc về đêm vẫn được vả lại bìa như thế k bị ph phát hiện 10/10,5,2022-06-17 16:40:52,177746995,177747000
10356248,"Mua ngay dịp Hội sách sale của AZ, giá ổn áp lắm luôn. Sách siêu đẹp, bìa đẹp, thích lắm ❤️",5,2022-07-22 20:07:57,177746995,177747000
5221546,"Bìa đẹp, chất lượng, giao hàng nhanh, ok",5,2023-08-17 20:41:03,177746995,177747000
21255963,"Truyện lắm, không mấy kinh dị, cp khá hài, nhưng cũng ngọt lắm. Tui thích đọc mấy câu chuyện truyền thuyết đô thị nên quyển này đúng gu tui luôn (uwu)b",5,2022-07-07 00:18:55,177746995,177747000
28619178,"Kinh dị lắm mn ơi, cân nhắc trước khi đọc nha, bìa đẹp lắm, nội dung hay, hấp dẫn, giao hàng nhanh, hơi móp, nguyên seal nha, 10đ",5,2022-12-20 21:54:06,177746995,177747000
13891478,Sách đẹp xịn,5,2022-11-01 23:44:39,177746995,177747000
1429351,"giao hàng nhanh, sách có bao nilon bên ngoài nên ko bị gãy, nhăn, đam kết hợp kinh dị thì quất thôi :)",5,2022-05-09 11:36:08,177746995,177747000
1707502,Very hài lòng,5,2024-01-12 16:30:31,177746995,177747000
13129952,Vừa nhìn bìa sách đã yêu ngay từ cái nhìn đầu tiên nên quyết tâm mua về. Lại vào đúng dịp tiki sale nên tiết kiệm đc 1 khoản kha khá nữa.,5,2022-08-10 13:11:10,177746995,177747000
996207,"Sp nhận đc tốt, đã đọc rồi nên mua sách về sưu tầm thôi. ND hay, ai thích truyện đam mỹ pha kinh dị nên mua nhé",5,2023-03-02 20:07:55,177746995,177747000
17713241,"Bìa đẹp, in ấn tốt lúc giao về seal bị rách nhưng chất lượng vẫn tốt ❤",5,2022-08-22 09:21:34,177746995,177747000
1262036,"Sách đẹp, in ấn rõ",5,2022-07-20 08:15:50,177746995,177747000
26592691,Bìa dày đẹp,5,2022-09-01 12:38:12,177746995,177747000
22139225,"Cũng muốn đăng thêm ảnh nhưng bị lỗi. Truyện vừa có kinh dị, vừa có hài hước. Hay nhưng có vài chỗ dùng từ hơi khó hiểu.",5,2022-09-10 18:25:21,177746995,177747000
27046281,"Giao nhanh sản phẩm đẹp, ưng cực kì còn săn sale được nữa hehehe",5,2022-09-01 19:08:53,177746995,177747000
19384972,"Sách đẹp , nhìn bắt mắt , đóng gói kỹ càng , Tiki giao hàng rất nhanh ạ .",5,2022-06-11 15:54:49,177746995,177747000
26358975,"Thấy đam mỹ kinh dị là mê rồi, lại còn bìa đẹp nữa. 5 sao không nói nhiều.",5,2022-05-12 12:09:56,177746995,177747000
2110839,"Giao hàng nhanh, đóng gói an toàn, sách đẹp không bị cong góc hay trầy xước",5,2022-06-10 09:23:27,177746995,177747000
1461569,tốt,5,2022-08-10 11:49:47,177746995,177747000
24726242,"Truyện được bọc nguyên vẹn, đẹp. Truyện cuốn và hay lắm ╰(*´︶`*)╯",5,2022-05-25 21:26:40,177746995,177747000
24269941,"Sách có màng co, khổ b6, ship nhanh nhiệt tình. Mua khi giảm 50pt giá",5,2022-07-19 20:47:13,177746995,177747000
26845664,"Bìa đẹp, sách đẹp, giao nhanh, truyện hay! Tui thề là truyện cực kì hay luôn, nội dung đặc sắc, hay, quá tuyệt!",5,2022-10-13 11:37:39,177746995,177747000
13620930,Sách đẹp mn ạ. Ship hàng cũng ổn ko bị cấn góc gì hết. Vote 5 sao,5,2022-06-08 22:32:35,177746995,177746998
23952390,"không bọc sốc nhưng may sản phẩm k bị lỗi. giao hàng nhanh, cẩn thân",5,2022-05-17 09:41:20,177746995,177746998
264283,Truyện hay khỏi bàn. Giao nhanh,5,2023-02-25 22:45:56,177746995,177747000
10546678,"Khổ to hơn so với mình nghĩ, truyện rất hay và đau tim nha",5,2022-07-18 17:58:23,177746995,177747000
7993862,"Đọc tối hoặc tháng 7 là nhức náck nha, có mấy chương đọc hơi rén nha, nên mua đọc thử, cuốn lắmmmm",5,2022-10-14 00:38:06,177746995,177747000
12686826,tuy ko mua đc bản đb nhưng bản thường ko phải bìa cứng cx khá ok,5,2022-05-15 11:36:30,177746995,177747000
18207372,"Giao nhanh, sách hơi bị móp một xíu ở hai đầu",5,2022-08-23 21:46:28,177746995,177747000
21010937,"cứ lo hàng sẽ bị df nhưng may là k bị gì, card cũg rất ổn",5,2022-05-09 11:32:58,177746995,177746998
12784438,"Màu bìa nó hơi tối mà thôi, dịch tạm ổn, đọc hài lắm, giao hàng không bị bóp méo gì cả",5,2022-10-12 08:24:24,177746995,177747000
28297554,"Sách giao nhanh, bìa đẹp",5,2022-12-14 19:55:33,177746995,177747000
546361,Đóng gói hoàn hảo. Sách hay nha mọi ng. Nên mua,5,2022-07-02 22:28:50,177746995,177747000
27823413,"Sách đẹp. Đóng gói kỹ càng, giao hàng nhanh",5,2022-07-19 16:44:25,177746995,177747000
26867345,"Bùa đẹp, bắt mắt, rõ nét mang sắt đẹp mà hộp bao ngoài không thể nào tơi tả hơn chữ tơi tả nữa",5,2022-07-19 09:38:16,177746995,177747000
24511070,Đẹp ngon mượt thơm quà bạn tặng mình rất thích,5,2022-05-09 23:37:11,177746995,177747000
7928662,"truyện vs quà đc chia thành 2 hộp, may ko bị sao :)",5,2022-05-17 12:03:42,177746995,177746998
15446537,"sách đẹp còn nguyên seal mà chờ tới 5 ngày nhận mới dc sách mỏi mòn luôn, được cái anh shipper thân thiện",5,2022-05-17 19:26:33,177746995,177747000
1524622,"By the way, if you taste it, just take a sip",5,2022-08-11 13:31:22,177746995,177747000
14987857,Bìa trông vừa đẹp vừa sang trọng nhìn thích mắt đóng gói cẩn thận giao hàng nhanh,5,2022-10-27 14:12:48,177746995,177747000
27248245,Không chống sốc nhg truyện vẫn ổn,5,2022-07-20 09:58:56,177746995,177747000
7341797,"Hàng giao nhanh, đóng gói ok, sách nguyên seal",5,2022-06-01 12:25:02,177746995,177747000
22809218,"Hàng giao đẹp, không bị móp nhiều",5,2022-07-22 13:45:56,177746995,177747000
13016198,"bìa siêu đẹp, lại hụt bản bìa cứng 🤧",5,2022-05-09 15:15:36,177746995,177747000
27123833,"đẹp lắm nhe, so bíu đi phùn hỏn ny luôn á",5,2022-05-07 11:47:36,177746995,177747000
27576897,Tốt,5,2023-02-12 22:43:31,177746995,177747000
10962186,"Giao hàng nhanh, sản phẩm còn nguyên vẹn.",5,2022-05-17 12:37:42,177746995,177746998
28806087,,5,2023-02-25 15:40:23,177746995,177747000
12505126,Ok,5,2023-02-09 17:38:04,177746995,177747000
27927324,pháp sư tiki ko hổ danh bọc ko miếng chốc sốc mà vẫn ko bị df tí nào,5,2022-12-12 19:45:55,177746995,177747000
19977019,sách đẹp hơn mấy quyển kia=)))))),5,2022-06-08 13:14:20,177746995,177747000
18542091,ưng bụng,5,2022-12-04 17:13:58,177746995,177747000
408517,,5,2024-03-27 13:47:21,177746995,177747000
5300761,,5,2024-03-23 16:57:07,177746995,177747000
23048797,"Còn seal, xinh.",5,2022-10-02 15:11:46,177746995,177747000
8908941,Truyện hay lắm luônn,5,2022-08-08 23:29:39,177746995,177747000
16692399,"Giáo hàng sớm hơn dự kiến. Sách không bị móp, méo. Yêu shop.",5,2022-12-14 12:19:31,177746995,177747000
16942541,hàng về tay xinhhh lém lun 🤭,5,2022-05-17 17:33:30,177746995,177747000
14176001,Gói hàng rất kĩ,5,2022-07-27 15:18:17,177746995,177747000
27950468,nói chung là ok,5,2022-08-08 22:33:24,177746995,177747000
12987171,,5,2024-01-21 10:27:24,177746995,177747000
2137385,Đẹp hơn bản đặc biệt,5,2022-05-10 11:57:57,177746995,177747000
11449859,,5,2024-01-15 15:19:51,177746995,177747000
24070364,Đẹp shshajahshajahahahahshs,5,2022-05-09 23:11:03,177746995,177746998
19587799,Truyện đẹp k bị df ạ,5,2022-05-10 19:15:33,177746995,177746998
8517745,Rất hài lòng về sp,5,2022-06-07 09:21:18,177746995,177747000
8628561,"Bìa đúng gu luôn, săn sale được giá hời nè 👉👈",5,2022-12-24 01:56:24,177746995,177747000
1018576,sách mới; giao hàng nhanh; giá rẻ hơn so với các kênh bán cũng như nhà sách khác.,5,2022-05-25 10:43:15,177746995,177747000
357871,,5,2023-12-21 14:08:18,177746995,177747000
16269377,Đẹp,5,2022-08-31 14:30:05,177746995,177747000
19805933,"Bìa đẹp, nội dung hay, tốt",5,2023-05-31 00:15:33,177746995,177747000
27163178,Truyện hay,5,2022-07-21 14:28:32,177746995,177747000
14383544,Sách rất đẹp.,5,2022-06-08 22:49:50,177746995,177747000
25869846,🧡🧡,5,2022-07-19 12:03:09,177746995,177747000
1031507,"Bìa đẹp, đóng gói cẩn thận, chưa đọc nhưng nhìn bìa rất ok nha",5,2022-07-22 10:03:08,177746995,177747000
224694,,5,2022-08-22 14:34:14,177746995,177747000
21888640,,5,2022-08-22 11:27:10,177746995,177747000
9101903,"Sách đẹp bao kĩ,rất ok nên mua nha",5,2023-02-27 21:17:06,177746995,177747000
23351978,Sách hay,5,2022-06-11 21:51:05,177746995,177747000
5287822,,5,2023-10-16 13:37:22,177746995,177747000
27289056,ok,5,2022-07-19 10:11:29,177746995,177747000
20337287,,5,2022-07-22 08:15:05,177746995,177747000
20377908,,5,2022-07-21 15:13:02,177746995,177747000
27777063,,5,2022-07-19 14:35:32,177746995,177747000
374919,,5,2022-07-05 23:57:32,177746995,177746998
29365338,Ổn,5,2023-08-21 18:32:26,177746995,177747000
21203077,"Giao hàng nhanh, không hư hại nhưng đóng gói hơi sơ xài",5,2022-08-08 14:10:12,177746995,177747000
6762820,,5,2023-08-16 22:36:53,177746995,177747000
12140105,"nội dung sách rất hay ,hấp dẫn đọc hoài ko chán",5,2022-08-23 17:38:47,177746995,177747000
23307715,,5,2023-08-02 18:22:17,177746995,177747000
1166972,"Giao hàng nhanh, đóng gói cẩn thận, nội dung ok",5,2022-09-02 22:16:38,177746995,177747000
18598717,Bìa đẹp nội dung hay,5,2023-03-02 12:30:27,177746995,177747000
23597654,"Truyện hay nha, nên đọc thử",5,2022-12-22 15:37:31,177746995,177747000
19344911,Bìa đẹp giao nhanh,5,2023-03-03 17:52:28,177746995,177747000
26252667,,5,2023-07-10 06:39:28,177746995,177747000
548277,"nội dung khá hay, sách giao về ổn",5,2022-11-03 18:02:25,177746995,177747000
18393124,"chất lượng sản phẩm tốt, giao hàng nhanh nhiệt tình.",5,2022-05-29 22:12:24,177746995,177747000
68275,,5,2023-06-17 20:03:55,177746995,177747000
6228582,,5,2023-06-13 08:32:32,177746995,177747000
29170243,,5,2023-06-11 09:53:54,177746995,177747000
29171128,,5,2023-06-09 11:42:20,177746995,177747000
18376,"sách đẹp, giá tốt",5,2023-01-09 13:50:59,177746995,177747000
621254,"Sách ko bị df, giao hàng cực nhanh 10 điểm",5,2022-07-19 09:17:43,177746995,177747000
17619483,,5,2023-05-17 22:32:59,177746995,177747000
16055336,"nhìn bìa th đã chim ưng ruiiii, truyện hay lém nè",5,2022-06-01 13:51:51,177746995,177747000
5772616,,5,2023-04-17 13:29:03,177746995,177747000
26816264,,5,2023-04-15 00:17:46,177746995,177747000
7165338,,5,2023-04-09 10:52:00,177746995,177747000
21221932,,5,2023-04-06 07:24:34,177746995,177747000
22955185,,5,2023-03-27 11:42:28,177746995,177747000
22842028,"sách xịn, mua lúc giảm giá nên rê",5,2022-07-22 17:54:11,177746995,177747000
24545197,đẹp như trong hình đóng gói kĩ,5,2022-07-22 20:58:05,177746995,177747000
43795,,5,2023-02-25 10:17:12,177746995,177747000
12247427,,5,2023-02-14 01:09:23,177746995,177747000
8249673,,5,2023-02-12 08:29:24,177746995,177747000
5849740,,5,2023-02-10 13:31:40,177746995,177747000
27436953,Nội dung ổn ko bị df,5,2022-09-08 12:13:35,177746995,177747000
9651383,,5,2023-02-07 01:48:51,177746995,177747000
13520056,,5,2023-02-05 21:30:03,177746995,177747000
18465551,Sách oki đấy mà đóng gói như hạch,5,2022-05-23 12:13:44,177746995,177746998
14008306,Sản phẩm giao nhanh. Chất lượng tốt,5,2022-05-09 20:15:18,177746995,177747000
26373308,,5,2023-01-27 00:00:50,177746995,177747000
24567673,,5,2023-01-26 12:14:41,177746995,177747000
2098874,,5,2023-01-26 01:28:27,177746995,177747000
18457154,sách về còn nguyên seal ạ,5,2022-07-20 10:57:38,177746995,177747000
16478449,Ak chhh chj ***,5,2022-10-24 14:12:07,177746995,177747000
27638577,,5,2023-01-14 00:10:49,177746995,177747000
8984333,,5,2023-01-12 06:22:22,177746995,177747000
597510,,5,2023-01-10 17:49:58,177746995,177747000
5615138,Truyện hay nhưng sách hơi gãy,5,2022-06-08 03:05:06,177746995,177747000
20655592,"bìa đẹp, nội dung hay",5,2022-07-21 16:56:32,177746995,177747000
5667896,,5,2022-12-25 08:59:37,177746995,177747000
26783518,,5,2022-12-22 17:05:13,177746995,177747000
28616973,,5,2022-12-22 16:40:35,177746995,177747000
23307287,,5,2022-12-22 11:11:31,177746995,177747000
7608273,,5,2022-12-22 10:37:24,177746995,177747000
6970659,Giao hàng rất nhanh,5,2022-08-15 17:52:43,177746995,177747000
18569431,,5,2022-12-21 20:51:32,177746995,177747000
14971619,Sách xinh xỉu luôn ạ :33,5,2022-06-28 12:10:17,177746995,177747000
28032743,,5,2022-12-20 17:42:07,177746995,177747000
28546570,,5,2022-12-20 12:10:47,177746995,177747000
26395038,,5,2022-12-19 15:09:26,177746995,177747000
16794909,,5,2022-12-13 17:29:41,177746995,177747000
2118472,,5,2022-12-13 16:11:47,177746995,177747000
20944436,,5,2022-12-11 08:23:51,177746995,177747000
26123961,,5,2022-12-08 09:56:00,177746995,177747000
18530044,,5,2022-12-03 18:28:58,177746995,177747000
820171,,5,2022-12-03 15:28:33,177746995,177747000
12660171,,5,2022-12-02 21:52:16,177746995,177747000
26619599,,5,2022-11-28 20:58:16,177746995,177747000
19361474,,5,2022-11-28 15:19:10,177746995,177747000
1790047,Sách đẹp,5,2022-09-19 01:50:38,177746995,177747000
27285971,,5,2022-11-21 19:12:21,177746995,177747000
27626206,sách đẹp chất lượng,5,2022-06-07 15:09:13,177746995,177747000
7824699,,5,2022-11-12 19:33:33,177746995,177747000
13363031,chưa đọc nhưng thấy ổn,5,2022-05-14 13:49:19,177746995,177747000
22048060,,5,2022-11-11 03:03:15,177746995,177747000
26812402,,5,2022-11-10 22:53:03,177746995,177747000
10534693,Giao rất nhanh,5,2022-08-08 23:35:57,177746995,177747000
28202929,,5,2022-11-05 21:53:24,177746995,177747000
28095273,,5,2022-11-05 12:52:46,177746995,177747000
14096168,,5,2022-11-05 12:43:31,177746995,177747000
6262265,,5,2022-10-31 10:55:12,177746995,177747000
6793927,,5,2022-10-28 08:29:40,177746995,177747000
7744347,sách giao nhanh mới,5,2022-06-21 07:17:12,177746995,177747000
984951,,5,2022-10-27 14:24:49,177746995,177747000
27200028,Xinh đẹp tuyệt vời ạ,5,2022-05-10 12:09:16,177746995,177747000
8426557,,5,2022-10-26 22:42:29,177746995,177747000
333003,k bị df gì dù giao lâu,5,2022-05-20 05:57:19,177746995,177747000
19817938,,5,2022-10-24 15:35:28,177746995,177747000
21188210,,5,2022-10-23 19:48:27,177746995,177747000
21497259,,5,2022-10-22 21:31:15,177746995,177747000
20978824,"giao nhanh, giao đủ đồ",5,2022-05-09 11:05:00,177746995,177746998
20621422,,5,2022-10-19 16:33:11,177746995,177747000
26112529,,5,2022-10-19 12:23:43,177746995,177747000
14785364,,5,2022-10-19 11:07:09,177746995,177747000
25942585,Ok bọc đẹp,5,2022-07-22 16:37:20,177746995,177747000
8214791,,5,2022-10-16 20:08:23,177746995,177747000
5675536,,5,2022-10-16 09:51:08,177746995,177747000
28032976,,5,2022-10-15 22:20:36,177746995,177747000
27692330,,5,2022-10-13 12:13:13,177746995,177747000
27795460,Bìa đẹp,5,2022-08-09 17:36:47,177746995,177747000
26706211,,5,2022-10-12 13:42:26,177746995,177747000
27944105,Sách đẹp,5,2022-08-02 16:49:21,177746995,177747000
27620973,,5,2022-10-09 11:34:41,177746995,177747000
7708249,,5,2022-10-08 20:01:37,177746995,177747000
6273784,Ok,5,2022-09-25 10:09:24,177746995,177747000
101062,,5,2022-10-06 16:40:36,177746995,177747000
28258786,,5,2022-10-03 15:01:58,177746995,177747000
21063503,,5,2022-10-03 14:52:19,177746995,177747000
6087977,nên mua nha mn,5,2022-07-07 21:11:43,177746995,177747000
9057350,,5,2022-09-29 22:52:01,177746995,177747000
11080400,,5,2022-09-28 08:01:35,177746995,177747000
718412,,5,2022-09-26 11:05:54,177746995,177747000
27862153,đc jjhgfds,5,2022-07-21 08:53:48,177746995,177747000
22123675,,5,2022-09-23 13:30:27,177746995,177747000
19881124,,5,2022-09-22 21:57:07,177746995,177747000
18177061,,5,2022-09-18 21:26:09,177746995,177747000
175566,,5,2022-09-18 17:55:27,177746995,177747000
5840318,,5,2022-09-15 13:48:50,177746995,177747000
16428689,,5,2022-09-15 12:34:34,177746995,177747000
14430314,,5,2022-09-14 23:05:40,177746995,177747000
13335765,"SÁCH ĐẸP, TỐT",5,2022-05-25 13:28:21,177746995,177747000
20275458,,5,2022-09-13 11:13:53,177746995,177747000
6303164,,5,2022-09-11 16:01:14,177746995,177747000
311433,,5,2022-09-10 22:27:44,177746995,177747000
7890624,giao hàng nhanh,5,2022-06-08 20:49:22,177746995,177746998
8085165,,5,2022-09-07 16:38:24,177746995,177747000
17240228,giao hàng nhanh,5,2022-06-02 12:14:52,177746995,177747000
15389282,,5,2022-09-03 19:52:33,177746995,177747000
10061134,,5,2022-09-02 15:08:24,177746995,177747000
25835999,,5,2022-09-01 16:21:42,177746995,177747000
27857684,,5,2022-08-31 16:08:36,177746995,177747000
6689841,,5,2022-08-31 00:52:41,177746995,177747000
26731657,,5,2022-08-30 16:23:39,177746995,177747000
28736,,5,2022-08-30 16:06:18,177746995,177747000
11128770,,5,2022-08-30 14:53:14,177746995,177747000
25856961,,5,2022-08-30 12:18:35,177746995,177747000
177743,Truyện hay,5,2022-06-20 16:15:29,177746995,177747000
25538536,,5,2022-08-29 18:06:09,177746995,177747000
7068466,,5,2022-08-28 21:27:51,177746995,177747000
19319525,,5,2022-08-28 20:05:53,177746995,177747000
1331838,,5,2022-08-28 09:33:44,177746995,177747000
28071770,,5,2022-08-25 16:19:02,177746995,177747000
8440564,,5,2022-08-24 15:21:55,177746995,177747000
15986569,sách ổn,5,2022-06-22 12:44:05,177746995,177747000
7533203,,5,2022-08-19 16:10:07,177746995,177747000
8090950,,5,2022-08-19 01:19:17,177746995,177747000
20748214,tuyệt vời,5,2022-06-01 12:21:08,177746995,177747000
10315611,,5,2022-08-14 14:42:58,177746995,177747000
5559030,,5,2022-08-13 21:53:42,177746995,177747000
27303962,,5,2022-08-13 21:04:26,177746995,177747000
27769144,,5,2022-08-11 09:33:14,177746995,177747000
26886735,jjjjjjjj,5,2022-06-24 17:00:36,177746995,177747000
5778644,,5,2022-08-10 09:22:17,177746995,177747000
21828890,,5,2022-08-09 22:12:42,177746995,177747000
17354202,,5,2022-08-09 20:14:43,177746995,177747000
26799041,,5,2022-08-08 12:11:44,177746995,177747000
25789905,,5,2022-08-07 20:09:42,177746995,177747000
27857848,,5,2022-08-07 13:22:50,177746995,177747000
27100175,,5,2022-08-04 21:34:34,177746995,177747000
12077192,Ok,5,2022-07-23 17:16:23,177746995,177747000
20674128,,5,2022-08-02 20:26:39,177746995,177747000
506966,,5,2022-08-02 02:00:43,177746995,177747000
22795667,,5,2022-08-01 20:11:47,177746995,177747000
20761363,,5,2022-07-30 20:03:25,177746995,177747000
17842865,,5,2022-07-29 18:07:49,177746995,177747000
5831776,,5,2022-07-28 08:04:18,177746995,177747000
9744905,,5,2022-07-27 20:52:58,177746995,177747000
23599278,,5,2022-07-27 07:32:59,177746995,177747000
2138324,,5,2022-07-27 01:48:05,177746995,177747000
22090568,,5,2022-07-26 14:15:07,177746995,177747000
27544615,,5,2022-07-26 10:03:22,177746995,177747000
12584004,,5,2022-07-25 22:28:50,177746995,177747000
27207996,,5,2022-07-25 20:14:06,177746995,177747000
27088129,,5,2022-07-24 20:06:12,177746995,177747000
1141493,,5,2022-07-24 09:30:05,177746995,177747000
6797309,,5,2022-07-23 23:24:35,177746995,177747000
14770767,,5,2022-07-23 20:50:54,177746995,177747000
27862342,,5,2022-07-23 19:33:57,177746995,177747000
1677689,,5,2022-07-23 09:46:01,177746995,177747000
17537961,,5,2022-07-22 20:34:19,177746995,177747000
1040890,,5,2022-07-22 18:47:40,177746995,177747000
375004,,5,2022-07-22 14:27:35,177746995,177747000
26693451,,5,2022-07-22 12:54:04,177746995,177747000
12542817,,5,2022-07-21 22:22:43,177746995,177747000
7287481,,5,2022-07-21 21:20:17,177746995,177747000
15659934,,5,2022-07-21 20:46:30,177746995,177747000
18094079,,5,2022-07-21 18:12:32,177746995,177747000
13783421,,5,2022-07-21 13:44:41,177746995,177747000
1272197,,5,2022-07-21 12:36:46,177746995,177747000
27844232,,5,2022-07-21 07:27:26,177746995,177747000
8042830,,5,2022-07-21 03:00:56,177746995,177747000
17058844,,5,2022-07-20 21:30:17,177746995,177747000
10441388,,5,2022-07-20 18:29:12,177746995,177747000
20147748,,5,2022-07-20 16:41:52,177746995,177747000
23958010,,5,2022-07-20 14:11:05,177746995,177747000
8542922,,5,2022-07-20 09:56:52,177746995,177747000
11818157,,5,2022-07-20 09:34:04,177746995,177747000
14324296,,5,2022-07-20 09:08:04,177746995,177747000
10696677,,5,2022-07-19 22:50:53,177746995,177747000
741643,,5,2022-07-19 21:14:55,177746995,177747000
11210,,5,2022-07-19 18:53:09,177746995,177747000
26150146,,5,2022-07-19 18:45:12,177746995,177747000
27846775,,5,2022-07-19 18:30:56,177746995,177747000
19457026,,5,2022-07-19 16:29:11,177746995,177747000
27298247,,5,2022-07-19 13:52:47,177746995,177747000
25712560,,5,2022-07-19 12:04:40,177746995,177747000
1826533,,5,2022-07-19 11:32:03,177746995,177747000
21090574,,5,2022-07-19 10:34:09,177746995,177747000
8427939,,5,2022-07-19 10:27:29,177746995,177747000
21860940,,5,2022-07-19 08:56:01,177746995,177747000
2044225,,5,2022-07-19 08:42:59,177746995,177747000
13067105,,5,2022-07-18 17:05:47,177746995,177747000
27549042,,5,2022-07-18 15:07:43,177746995,177747000
9084951,,5,2022-07-18 13:40:42,177746995,177747000
6335015,,5,2022-07-18 12:19:13,177746995,177747000
17488375,,5,2022-07-17 17:06:32,177746995,177747000
20780726,,5,2022-07-17 15:46:52,177746995,177747000
9941622,,5,2022-07-17 00:37:42,177746995,177747000
15897161,,5,2022-07-13 15:40:38,177746995,177747000
26860199,,5,2022-07-07 07:59:20,177746995,177747000
673094,,5,2022-07-06 02:24:05,177746995,177747000
690657,,5,2022-07-04 12:56:57,177746995,177747000
16418468,,5,2022-07-03 17:20:18,177746995,177747000
1202235,,5,2022-06-29 12:19:29,177746995,177747000
10172698,,5,2022-06-29 11:41:07,177746995,177746998
1220339,,5,2022-06-26 03:11:14,177746995,177747000
1950575,,5,2022-06-25 12:34:06,177746995,177747000
27709749,,5,2022-06-23 08:32:30,177746995,177747000
21852119,,5,2022-06-22 12:26:09,177746995,177746998
13162449,,5,2022-06-21 17:00:00,177746995,177747000
5954978,,5,2022-06-21 09:52:59,177746995,177747000
25960725,,5,2022-06-20 11:48:15,177746995,177747000
1576246,,5,2022-06-20 09:19:44,177746995,177746998
377675,,5,2022-06-16 14:35:11,177746995,177747000
9044757,,5,2022-06-15 19:14:11,177746995,177746998
8145881,,5,2022-06-15 07:42:06,177746995,177746998
7935327,,5,2022-06-15 06:09:02,177746995,177747000
7573371,,5,2022-06-14 09:25:51,177746995,177747000
8350960,,5,2022-06-13 23:22:50,177746995,177747000
17341291,,5,2022-06-13 13:45:34,177746995,177746998
15388944,,5,2022-06-12 13:16:45,177746995,177747000
7341705,,5,2022-06-11 08:27:15,177746995,177747000
291961,,5,2022-06-08 20:05:39,177746995,177747000
19241351,,5,2022-06-08 18:22:40,177746995,177747000
27545002,,5,2022-06-07 12:27:56,177746995,177747000
16609586,,5,2022-06-07 10:19:48,177746995,177747000
26199492,,5,2022-06-05 14:47:27,177746995,177747000
25448012,,5,2022-06-04 21:46:33,177746995,177746998
7357492,,5,2022-06-04 18:41:17,177746995,177747000
194345,,5,2022-06-04 12:08:24,177746995,177747000
5804203,,5,2022-06-04 09:26:35,177746995,177746998
362320,,5,2022-06-03 14:29:15,177746995,177747000
6410533,,5,2022-06-03 10:27:14,177746995,177747000
48385,,5,2022-06-01 09:12:43,177746995,177747000
1563181,,5,2022-05-30 21:23:22,177746995,177747000
27202856,,5,2022-05-30 12:00:34,177746995,177747000
18170923,,5,2022-05-30 08:20:08,177746995,177747000
8681451,,5,2022-05-27 21:06:29,177746995,177747000
20654172,,5,2022-05-26 22:58:34,177746995,177747000
5263619,,5,2022-05-25 00:15:37,177746995,177747000
532607,,5,2022-05-24 19:27:19,177746995,177747000
26702071,,5,2022-05-24 16:58:00,177746995,177747000
14586107,,5,2022-05-24 15:48:53,177746995,177747000
22414262,,5,2022-05-23 21:01:57,177746995,177747000
19909274,,5,2022-05-21 00:49:18,177746995,177746998
8486568,,5,2022-05-20 20:23:39,177746995,177746998
13224702,,5,2022-05-20 18:39:16,177746995,177746998
855561,,5,2022-05-17 10:56:45,177746995,177747000
27486311,,5,2022-05-12 12:30:23,177746995,177747000
26890989,,5,2022-05-11 22:09:18,177746995,177747000
26076416,,5,2022-05-10 21:25:23,177746995,177746998
6806343,,5,2022-05-10 16:25:49,177746995,177746998
18915230,,5,2022-05-10 09:03:59,177746995,177746998
17387482,,5,2022-05-09 18:49:22,177746995,177746998
22130495,,5,2022-05-09 16:40:43,177746995,177746998
1593266,,5,2022-05-08 21:56:22,177746995,177746998
6371714,,5,2022-05-08 19:52:21,177746995,177746998
26733220,,5,2022-05-08 10:18:12,177746995,177746998
14903816,,5,2022-05-07 11:16:42,177746995,177746998
8494041,,5,2022-05-07 11:03:36,177746995,177747000
27819657,"Truyện giao nhanh, nhưng mình đặt 2 quyển truyện đều cỡ to mà tiki nhét vô cái hộp bé lúc mở hộp sách chật cứng lấy ra khó, lấy ra xem truyện thì lại bị dập nặng mất 1 góc😥, mong tiki sau này chú ý có thể cho hộp rộng vừa 2 quyển chứ đã không bọc chống xóc, còn nhét cố vô hộp thì hỏng hết truyện",4,2022-07-19 16:48:22,177746995,177747000
1610077,"Sách bị ngấn quá trời luôn ạ, dù có seal nhưng vẫn bị ngấn hết gần nửa quyển, đã được Tiki chấp nhận đổi trả, vẫn đang đợi shipper tới lấy hàng ạ.",3,2022-05-24 13:12:41,177746995,177747000
20707625,"Lướt thấy trên *** nhiều người trong list friend mua, nên mình tiện tay hốt cùng quyển Hồ Sơ Tâm Lý Phạm Tội luôn=)))). Giao hàng nhanh, đóng gói không tệ, tuy nhiên seal bị rách, nhưng sách vẫn ổn, tạm chấp nhận. Không mong chờ về độ kinh dị hay nội mấy, mình đã từng đọc qua vài chục chap của bộ Xông Vào Ngỏ Âm Dương cùng tác giả, có lẽ lối hành văn không hợp gout nên dừng ngang. Theo cảm nhận cá nhân, mình thấy giọng văn không quá xuất sắc, dịch giả làm khá tốt (mình có đọc bộ Bức Họa Múa Rối Xương do bạn này dịch, rất mượt mà), nên có lẽ vấn đề nằm ở tác giả, hoặc do dạng này không đúng sở thích của mình, nhưng nội dung thật sự khá nhanh, không đọng lại nhiều ấn tượng, đọc để giải trí vui vui hay cho mấy bạn vừa chập chững tập đọc đam mỹ kinh dị cũng được. Nói chung là, nếu ai ôm tâm tình chờ mong một bộ truyện ma mị lý thú rùng rợn thì mình sẽ không đề cử bộ này, chỉ nên đọc vui thôi.",4,2022-10-30 13:28:14,177746995,177747000
24660099,"Có góc nào thì df hết luôn nha, ko cần phải hoàn hảo vậy đâu 🥲, bìa ở phần gáy thiếu điều muốn bung ra luôn, dán keo lỏng lẻo, ko dính vào sách, thôi thì say bye nhau từ đây",2,2022-05-11 13:50:33,177746995,177746998
30633728,"Truyện bị móp nặng, mở ra mình hết hồn luôn mà",1,2026-03-21 10:03:56,177746995,177746998
25874923,"Sách móp, trầy xước, bookmark cũng móp :((",2,2022-09-24 17:01:44,177746995,177747000
6084832,"Sau khi ''rải'' CV khắp nơi, Dương Nguyên Nhất được nhận vào làm tại công ty thám tử Monster. Mang tiếng là công ty thám tử, nhưng thực chất đây là nơi tiếp nhận và xử lý các thảm án liên quan đến những truyền thuyết đô thị rùng rợn, đáng sợ vốn đã được lưu truyền từ đời này sang sang đời khác. Các nhân viên trong công ty này đều vô cùng quái gở và bí ẩn, nhưng người khiến anh tò mò nhất chính là vị sếp tổng Ngụy Diên Khanh lạnh lùng, kiệm lời mà anh chưa từng nhìn rõ mặt. Thế rồi một ngày nọ, anh vô tình phát hiện ra dung mạo của sếp tổng giống hệt di ảnh trên bài vị của “người chồng quá cố” mà mình vẫn luôn bái lạy. Từ đó, những bí ẩn trong quá khứ cũng lần lượt bị bóc trần…",4,2022-07-04 09:24:13,177746995,177747000
19957174,"tiki nên cải thiện việc đóng gói ạ, giao hàng chậm trễ 3 ngày, sách tới tay thì gãy lum la 🥲",3,2022-05-17 12:30:48,177746995,177747000
27827986,"Cuốn tiểu thuyết này rất hay, đọc mà không dứt ra được. Shipper thì hơi quen nên cũng thân thiện. Điều tôi khó chịu ở đây là góc sách bị móp, nhìn khá khó chịu.",4,2022-10-11 00:12:50,177746995,177747000
343497,"Truyện dịch như *** ạ. Hoặc cũng có thể bản thân bản gốc không hay nên dịch cũng không đến nơi đến chốn được ạ? Mình ko đọc bản dịch trên mạng nhưng đọc bộ này thật sự dịch tệ *** 🙂, nhiều đoạn cứ ngang phè phè. Mấy đoạn đáng ra có thể hài hước nhưng dịch khó hiểu quá thành ra 💀💀💀💀💀💀💀💀💀💀 Nên mình đọc xong chả cảm nhận được gì chỉ cảm thấy không muốn đọc nữa. Đến ngay cả dịch để hiểu thôi còn không được, thì làm sao dịch hay, dịch cảm xúc được?",1,2022-10-14 17:52:12,177746995,177747000
10103313,"lúc nhận thùng sách bị cấn gần hết, có quyển còn bị tháo seal ra rồi và bìa bị sướt rất nhiều, do lúc sách giao đến nga đợt đi chơi không có nhà để khui ra check hàng, lúc về thì đa hết thời gian đổi trả nên đành chịu",2,2022-06-09 14:04:14,177746995,177746998
141394,"Mua sách ở Tiki thì xác định là vì rẻ chứ đừng trông chờ vào khâu đóng gói. Kinh nghiệm xương máu là nên mua ít nhất 2 cuốn vì 1 cuốn thì size hộp nhỏ nhất hiện tại đang bị rộng, xóc nảy trong quá trình vận chuyển rất dễ dẫn đến cấn móp, ngoài ra đang mùa mưa mà không có bọc chống thấm nên ai ở tỉnh xa cũng nên cân nhắc. Chất lượng giao hàng rất tốt, siêu nhanh và shipper thân thiện.",4,2022-06-30 16:35:29,177746995,177747000
28967150,"đóng gói dở tệ, sách nhìu lỗi, chê :)",1,2023-05-28 12:57:20,177746995,177747000
107752,"bìa móp, hình thức không ổn, nội dung sách về đề tài kinh dị, phá án hay đam mỹ cũng ko có gì để khen, 4 điểm... được cái tiki giao nhanh, thôi cho thêm 1 sao vàng.",3,2022-06-09 08:47:42,177746995,177747000
7137278,Gói hàng lỏng lẻo thấy ghéc 🤡 mở sách ra mà tưởng đâu gáy sắp bung tới nơi 🤡,4,2022-05-14 12:22:39,177746995,177746998
27792816,Bị gãy truyện😥😥😥😥😥😥😥😥😥😥😥😥😥😥😥😥😥😥😥😥😥😥😥😥😥😥😥😥😥😥😥😥,2,2022-08-17 14:22:47,177746995,177747000
28617498,Giao hàng rất nhanh. Không có bọc chống sốc mà chỉ có 1 đống giấy bỏ đi vo vào nhét đầy hộp. Sách nguyên seal nhưng xước và dập góc. Bìa sách đẹppppp,4,2022-12-21 02:36:52,177746995,177747000
16703343,khá thất vọng cuốn sách lần này của nhà mei gửi sách nhưng lại ko có bookmark kì cục vậy mong xem lại cách làm việc,3,2022-05-24 11:55:26,177746995,177747000
1102669,"sách ok nhưng Mei gia công ẩu quá, mặt sau xước hết. Mong Mei cải thiện đi ạ. Tiki giao hàng nhanh giá rẻ",3,2022-06-08 20:56:35,177746995,177747000
18005164,Giao hàng nhanh nhưng bị bóp hàng,4,2022-08-06 11:39:36,177746995,177747000
11959366,"Giao hàng nhanh, hình thức gói hàng của con tiki chắc mn ko lạ j rồi, may sách df ít, trừ điểm",4,2022-07-19 12:23:51,177746995,177747000
152889,Đóng gói kém. Sách bị df một góc.,4,2022-05-19 11:10:38,177746995,177746998
28620132,Bị gập ở các góc sách luôn. Đóng gói cực kì sơ sài,4,2023-02-15 12:56:43,177746995,177747000
27812581,Khi đặt hàng thì bảo có book care nhưng nhận hàng thì không có! Không hài lòng!,3,2022-08-03 16:50:48,177746995,177747000
19071326,"Hàng khá tốt, còn có vài chỗ bị xước nhưng tổng thể vẫn ổn, mong đóng gói kĩ hơn để bảo vệ sách",4,2023-03-12 02:26:58,177746995,177747000
27858953,"giao lâu, hàng không có miếng bọc trống sốc nào hết lại còn bị móp gáy",3,2022-07-22 12:54:51,177746995,177747000
26890785,Giáo hàng nhanh nhưng sách bị móp một chút,4,2023-02-01 18:36:34,177746995,177747000
27833075,sách đc giao rất là nhanh lun tuy có bị móp 1 xíu nhưng cũng không ảnh hưởng gì lớn đến chất lượng sách. Nói chung là ổn ạ,4,2022-07-19 13:56:02,177746995,177747000
13223915,"thiếu pk nhưng sách không bị df tạm hài lòng , nhân viên tư vấn hài lòng",4,2022-05-11 11:50:14,177746995,177746998
27246778,Giao hàng nhanh còn được tặng kèm combo dập + rách góc sách nữa :)))),3,2022-05-12 10:28:05,177746995,177746998
6631437,Vừa nhăn vừa móp lại còn rách nữa,3,2022-07-27 12:53:33,177746995,177747000
12447811,"🥲🥲 Tiki làm ơn gói hàng có chống sốc giùm em, ko chống sốc như này bị df góc hết",3,2022-05-07 18:03:41,177746995,177746998
25061180,sách về đẹp giao nhanh,4,2022-05-09 21:13:26,177746995,177746998
20634767,"Bìa sách gia công tệ, ship không có bọc chống sốc nên sách bị df nhẹ :((((((",4,2022-05-10 13:49:27,177746995,177746998
20307527,"Bao rất mỏng, sách bị móp hết 2 gốc trên dưới",3,2022-10-27 20:20:18,177746995,177747000
8553563,ở phía góc hơi bị móp tí còn lại cũng khá ổn,4,2022-05-11 19:40:43,177746995,177746998
8264813,Ko bọc chống sốc mãi 4 sao,4,2022-09-19 15:54:49,177746995,177747000
22046902,Truyện bị df,4,2022-12-19 00:40:47,177746995,177747000
27230149,"không có bọc chống sốc ạ, hàng về nhanh",3,2022-05-08 11:46:17,177746995,177746998
24278958,truyện hay nhưng mà nó hơi dập góc chút,4,2022-05-24 22:41:42,177746995,177747000
17004403,,4,2023-01-27 18:52:50,177746995,177747000
25209933,,4,2022-12-25 08:44:30,177746995,177747000
18544285,,4,2022-12-22 20:20:33,177746995,177747000
20819238,Sai chính tả,4,2022-09-22 16:01:32,177746995,177747000
27301289,Hàng giao bị rách seal mop góc,3,2022-05-14 11:58:00,177746995,177746998
20619559,Bìa sách ngoài bị móp méo,4,2022-05-24 17:28:53,177746995,177747000
10991053,Bị móp khá nhiều,4,2022-07-19 14:48:32,177746995,177746998
15827314,Giao gì mà gãy góc dập hết,1,2022-05-07 11:04:10,177746995,177746998
14437,Màu bìa lên nhạt nhoà quá,4,2022-05-20 22:32:33,177746995,177746998
9197890,Móp đầu sách,4,2022-07-20 19:25:44,177746995,177747000
11720621,,4,2022-10-23 02:25:18,177746995,177747000
15948727,,4,2022-10-22 09:40:00,177746995,177747000
18437840,,4,2022-09-10 16:04:20,177746995,177747000
8259053,,4,2022-09-06 11:12:31,177746995,177747000
16529348,,4,2022-09-03 19:01:21,177746995,177747000
25041097,,4,2022-07-06 12:00:23,177746995,177747000
9117027,Đep,4,2022-05-26 18:47:06,177746995,177747000
280289,,4,2022-06-01 17:49:55,177746995,177747000
26945083,,4,2022-05-23 19:14:47,177746995,177747000
23654720,,4,2022-05-20 21:21:02,177746995,177746998
10605372,,4,2022-05-19 13:17:49,177746995,177746998
1282193,,4,2022-05-11 11:28:16,177746995,177747000
26128160,,4,2022-05-10 17:23:37,177746995,177746998
27381614,,4,2022-05-09 19:38:39,177746995,177746998
25771636,,4,2022-05-09 13:18:27,177746995,177746998
11349894,(*) Đánh giá không tính điểm Cuối gáy sách lúc vận chuyển bị móp,3,2022-11-05 10:58:16,177746995,177747000
23318093,"Edited: Wow, mình không biết shop có lựa chọn theo tiêu chí gì không mà mình nhận được note này phải nói mừng quá mừng. Đúng là shop mát tay lắm nha. Nhưng mà tối mình mở truyện xem lấy ra postcard thì không hiểu sao card df, trầy và nám như có vết giày đạp lên. Chưa kể cái bọc truyện tranh lúc mở unbox mình thấy hơi cẩu thả, không biết có nhầm lẫn gì ở đây không, trong khi hôm qua mình đi nhà sách thấy seal đẹp và ôm truyện lắm chứ đâu bọc dư ra kiểu bọc bánh sandwich vậy. Thú thật bây giờ mình thấy khó chịu nên khó lòng 5 sao được, nên mình sẽ hạ 1 sao vì dù sao rốt cuộc mình cũng chịu thiệt thòi ở đây rồi, còn ai trắng ai đen chỉ có trời mới biết. Shop hay nhà xuất bản tính sao chứ không biết có mỗi mình mình bị hay không mà thấy vết giày làm đau tim quá. Giá cũng chát chứ rẻ đâu.",5,2022-08-11 17:45:39,191920180,191920184
28042666,"Lúc đầu thấy giá eim nó hơi chát nên ko dám hốt nhưng hôm đi nhà sách đc sờ tận tay thì mê mể mề mê quá phải lên tiki đặt liền. Hơi ko thik cái note cho lắm vì nó nham nhở quá nhưng bù lại truyện vs postcard bao dày và đẹp. Còn nội dung thì khỏi bàn, siêu cưng lun, đọc bao nhiu lần vẫn mê như lần đầu",5,2022-08-20 20:28:11,191920180,191920184
13701816,"Sách đẹp, postcard vs note siu xinhhh. Giao hàng nhanh, mới đặt hqua mà nay giao òi👌🥰💯",5,2022-08-11 16:33:09,191920180,191920184
22472814,"Truyện hay, bìa đẹp , đóng gói cẩn thận, giao hàng nhanh",5,2022-08-24 10:41:57,191920180,191920184
27285068,Đợt này tiki chốt đơn hơi lâu Truyện còn mới gói bọc rất kỹ Nội dung mới lạ dễ thương nhẹ nhàng tình cảm Nói chung là hay khỏi chê luôn,5,2022-07-31 18:18:42,191920180,191920184
22745129,"Siu xinh nha mấy bà, giao siêu nhanh trong vòng chưa được 2 ngày. Giấy cứng bìa khỏi chê, nội dung dth và nhiều pha khá đội quần",5,2022-08-01 21:06:14,191920180,191920184
1830079,"Giao đầy đủ sản phẩm , gồm cả note luôn . Cá nhân mình thì thích note này hơn là note ver còn lại , hơi bạo quá cất giữ phải kỹ chứ ai ko thích BL lại hỏi này nọ kia rất phiền .",5,2022-08-01 21:15:27,191920180,191920184
12871095,"Giao hàng nhanh chóng, nhận đc note tà răm nha:)) vận chuyển có móp nhẹ số ít lần nhận về seal k bục như lần này",5,2022-09-12 15:30:56,191920180,191920184
11978567,"Tiki đã gói hàng xịn hơn trước Bìa cạc tông trong mỗi đơn hàng mà bấy lâu nay để 1 góc như đồ bỏ đi ấy, nay Tiki đã biết dùng nó để làm 1 lớp áo cho sách khỏi df Tiki phát huy nha Còn sách thì miễn bàn nha 💖 Quá tuyệt",5,2022-07-29 11:11:06,191920180,191920184
157900,"Trời đất ơi mê chết mất thôiiii, cầm ẻm trên tay mà lòng em xao xuyến luôn ạ, chap 1 full thoại hồng tâm tư của Kurosawa dễ thương muốn xỉu, dịch nhiều khúc đọc giãy đành đạch luôn ấy Em rất chờ các tập tiếp theo ạ",5,2022-07-29 10:20:57,191920180,191920184
27653818,"Sách xinh xắn lắm luônnn, mà seal bị rách phía sau nhưng không quá ảnh hưởng, sẽ săn tập 2 sau",5,2022-09-05 11:46:24,191920180,191920184
8851381,"Đặt trong ngày nên cũng nhanh, áp dc mã nên rẻ hơn so vs thị trường, trúng được note tà răm nên vui, mấy đơn trước toàn df, nhưng tiki vẫn ki có chống sốc nên tạm gọi đây là may mắn vì hộp cũng hơi móp xí nha",5,2022-08-08 19:51:32,191920180,191920184
26779030,sách đẹp lắm 🤗,5,2022-08-07 13:50:18,191920180,191920184
6566811,"Bìa đẹp, chất lượng in rất ổn. Có tặng kèm giấy note nhìn xinh lắm, mình thì thích hình của giấy note kia hơn nhưng hình này cũng rất đáng yêu. Tiki đóng gói ổn có bọc bao bên ngoài",5,2022-08-22 22:39:59,191920180,191920184
14836718,"bìa đệp, vẫn nguyên seal, đóng hàng giờ cũng có chống sốc",5,2022-08-12 01:02:35,191920180,191920184
27168181,"Còn seal nha mọi người,truyện in rõ lắm,nét thì mình thấy cũng được,nói chung là rất đáng với giá tiền á",5,2022-09-26 11:56:58,191920180,191920184
19126550,Đã dặn lòng không định mua bản đặc biệt rồi thế mà chờ được ngày truyện được sale tuyệt quá múc vội,5,2022-07-29 18:18:04,191920180,191920184
16765953,"bìa đẹp, in rõ nét, được tặng kèm quà như hình :0 thời gian giao hàng nhanh, mình chọn giao hàng tiết kiệm mà vẫn tối đặt sáng có :0!! shipper thân thiện, dthw.",5,2022-07-28 11:13:40,191920180,191920184
7590141,"Giao hàng siêu nhanh. Đặt hôm trước hôm sau giao rồi. Giao đủ, truyện bọc kỹ càng, xếp gọn gàng. Ưng nhất là săn sale nên mua rẻ nữa 👍",5,2022-09-12 19:02:50,191920180,191920184
27734871,"Rất tụyt zời, tiki đúng là magic y như tên truyện luôn=))))) trưa đặt chiều nhận, hàng hk bị j luôn. Mà cái seal làm em thốt tim ghê=}}}}}",5,2022-08-06 16:29:13,191920180,191920184
27457045,Keooooooo,5,2022-08-08 00:15:33,191920180,191920184
11874910,"100 điểm nè; từ giấy dày dặn thơm tho, postcard cứng *** chọi *** được; trừ điểm tiki vận chuyển hoi🙃 hóng tập sau huhuhu",5,2022-08-06 09:45:03,191920180,191920184
15608378,"Truyện hay lắm nè, con gái tiki giao hàng vẫn trêu đùa nhân phẩm người nhận :)))) không trúng cái note kia nên cũng hơi buồn",5,2022-09-06 18:04:39,191920180,191920184
824423,Hơi buồn là ko được tờ note sexy. Còn lại thì tuyệt vời. Ko df. Bìa đẹp giấy xịn. Nội dung dễ thương hết nước chấm,5,2022-08-06 17:50:39,191920180,191920184
953583,"Giao hàng nhanh, không df. Nội dung truyện cực dễ thương, đọc mà quắn quéo luôn. Nên mua nhé mọi người.",5,2022-11-15 22:55:38,191920180,191920184
18033758,"chất lượng in tốt, giấy xịn, có tặng kèm card và giấy note, bìa mềm bìa cứng đều rất xinh 🦄 1000% nên mua ạ 🌷",5,2022-08-01 07:48:36,191920180,191920184
28035419,"Nội dung siêu cute, art đẹp, giấy ghi nhớ đáng yêu lắm, giao hàng nhanh, sách ko bị tổn hại.",5,2023-01-30 18:17:31,191920180,191920184
29436592,"tốt, góc sách hơi móp nhưng nhìn chung ok",5,2024-01-07 09:41:06,191920180,191920182
27996917,"Bìa đẹp lém,in rõ, sắt nét nói chung là gút!! :>>",5,2022-08-14 16:21:55,191920180,191920184
27918852,"Mê phim quá nên phải tậu một cuốn về liền. Dịch khá tốt, chỉ tiếc quà không có gì đặc biệt cho lắm",5,2022-08-07 08:46:25,191920180,191920184
1898795,Sách bọc kĩ. Giao hàng nhanh và thân thiện,5,2022-08-03 12:10:08,191920180,191920184
22903677,"ưng Tiki ở chỗ giao hàng siêu nhanh :) bìa ổn, đẹp cơ mà lần này chỉ bọc mỗi lớp nilon thôi à :(",5,2022-08-07 17:02:04,191920180,191920184
5469603,"Hàng giao nhanh, đẹp và chất lượng lắm",5,2022-07-31 10:32:09,191920180,191920184
2061227,"Bìa đẹp, giấy dày dặn không bị thấu và giấy note aka giấy xếp hạc cực xinh luôn nha!!",5,2022-08-23 04:39:05,191920180,191920184
7732365,Đẹp truyện hay giao hàng sieeu nhanh,5,2023-09-06 11:56:31,191920180,191920182
11410978,"Manga BL đầu tiên mình mua, đóng gói đẹp, chất liệu giấy và bìa rất xuất sắc :33",5,2022-08-19 08:33:33,191920180,191920184
27933596,"mong là bọc thêm 1 lóp sốp ạ chứ nhìn sót quá, may là mình mua giao hàng liền á 🥺",5,2022-07-31 15:17:37,191920180,191920184
16420983,"Truyện đẹp, k bị df, đầy đủ phụ kiện, săn sale giá rẻ nên rất hài lòng",5,2022-09-12 16:57:30,191920180,191920184
13495718,"Từ phim qua, sale nên mua, giao siêu nhanh, nét vẽ k hợp mình lắm, mọi thứ ổn",5,2022-08-29 20:25:34,191920180,191920184
17317236,"Tiki giao hàng rất nhanh, dù đóng gói sơ sài nhưng hàng về vẫn nguyên vẹn",5,2022-09-06 12:16:13,191920180,191920184
27261878,"Ổn áp , hơi móp đầu sách tí xíu , may mắn trúng đc note yêu thích 😖❤️",5,2022-08-04 19:46:22,191920180,191920184
24090558,,5,2022-11-10 16:48:20,191920180,191920184
162982,"Truyện cute, ship nhanh. Sao tiki chỉ sale suốt mỗi tập 1 nhỉ :)))",5,2022-10-13 23:21:59,191920180,191920184
9905440,"nội dung hay, bìa đẹp không xước, không gãy góc, vẫn còn nguyên seal",5,2022-08-31 14:41:03,191920180,191920184
26771193,Đặt tối qua mà sáng nay giao r .rất ưng cách làm việc của tiki,5,2022-09-21 11:09:47,191920180,191920184
17598799,"Thấy truyện hot nên đọc thử mà mê luôn, đáng yêu quá trời",5,2022-10-01 13:03:33,191920180,191920184
17146414,"Bìa đẹp, in ấn đẹp, giấy dày,... Siêu đẹp luôn, nội dung thì không có gì để bản cãi nữa. Ta nói mê quá trời mê luôn....",5,2022-08-22 20:41:24,191920180,191920184
1278742,"giao nhanh, sách ko df phụ kiện đầy đủ 🥰 tiki phát huy nha",5,2022-09-10 20:43:13,191920180,191920184
5759790,,5,2022-08-14 08:16:27,191920180,191920184
27144960,Xinh lắm hàng giao về cầm thích lắm đẹp xỉu,5,2022-10-11 11:56:55,191920180,191920184
5560473,"Giao siu nhanh, ko có chống sốc nhưng vẫn ko df 10/10",5,2022-08-17 21:11:14,191920180,191920184
635341,"Giao hàng nhanh, pháp sư tiki giao không df ngon lắm ạ",5,2022-07-28 19:48:19,191920180,191920184
7258733,"Giao hơi lâu mà sách in đẹp, nên mua nha mí bạnnn",5,2022-08-05 11:31:57,191920180,191920184
14928245,"Truyện về tay ngon nghẻ lắm trời ơi, dù ko bọc biếc j nhưng không bị df tý nào mới sợ, highly rcm nhà mn",5,2022-08-16 15:02:34,191920180,191920184
889441,"Giao hàng nhanh, không bị móp, truyện rất hay",5,2022-08-09 17:26:58,191920180,191920184
22855647,"Bìa đẹp, được tặng thêm note",5,2022-10-28 10:59:44,191920180,191920184
27964906,"Bìa đẹp, chất lượng giấy dày dặn, tốt",5,2022-08-06 00:28:30,191920180,191920184
551868,"Giấy đẹp, art đẹp, giá rẻ, nội dung hay",5,2022-08-02 17:52:40,191920180,191920184
14294676,"Bìa đẹp, giao hàng nhanh, đóng gói kỹ",5,2022-08-27 08:52:31,191920180,191920184
592441,"Nội dung hay, bìa đẹp, giao hàng nhanh",5,2022-08-26 14:04:28,191920180,191920184
16668149,"Giao hàng nhanh, truyện dễ thương lắm!!!",5,2022-08-01 14:48:58,191920180,191920184
160654,"Rất hài lòng với Tiki, 100 điểm",5,2022-09-19 14:50:08,191920180,191920184
19061534,"Bản đb kêu bản in đầu mới có note mà h vẫn còn nhiều, cơ mà :)) buồn vải vì ko đc note răm",5,2022-08-30 22:18:10,191920180,191920184
26133817,Mua ngay đợt sale luôn giá hời,5,2022-09-10 22:48:55,191920180,191920184
23307715,,5,2024-05-30 22:26:46,191920180,191920182
345591,"Sản phẩm đẹp, nội dung hay",5,2022-08-18 01:50:06,191920180,191920184
27533269,Trúng cái note hỏny nên vui lắm,5,2022-07-31 06:17:35,191920180,191920184
664633,"Bìa đẹp, nhân vật cũng đẹp, chất giấy dày dặn ok nha, nội dung hấp dẫn",5,2022-10-21 23:14:53,191920180,191920184
27283855,Đóng gói ko chắc chắn,5,2022-08-21 09:20:17,191920180,191920184
14176001,Gói hàng rất chắc chắn,5,2022-07-29 20:08:34,191920180,191920184
27184435,xinh lắm nè mê ạ,5,2022-09-02 12:15:58,191920180,191920184
21444988,xinh dep tuyet voi,5,2022-09-30 12:20:39,191920180,191920184
27908566,🥺đáng tiền lắm á,5,2022-08-11 14:35:39,191920180,191920184
5990,"Truyện siêu cấp dễ thương, giấy in đẹp, dịch ổn. Mong sẽ sớm ra full bộ",5,2022-09-04 00:59:02,191920180,191920184
102299,Sách rất ok,5,2022-09-28 19:24:19,191920180,191920184
27945002,Siêu đẹp luôn ❤,5,2022-08-06 10:35:26,191920180,191920184
27608491,xinh xỉu :333 thích giấy note quá nhưng ko có card :((( 💓💓💓❤️🙉 yêu shop,5,2022-07-28 16:40:02,191920180,191920184
393518,"Trình bày đẹp, giấy chất lượng. Truyện thì tất nhiên là hay rồi ^^",5,2022-08-29 23:19:19,191920180,191920184
26898236,Xinh lắm ạ,5,2022-08-06 10:47:47,191920180,191920184
11116929,Bìa đẹp,5,2022-08-21 21:51:04,191920180,191920184
27999319,cũng ổn,5,2022-08-27 11:50:04,191920180,191920184
6044964,,5,2022-10-24 21:13:22,191920180,191920184
6109067,siêu đẹp,5,2022-08-01 21:50:25,191920180,191920184
16269377,Bìa đẹp,5,2022-08-03 16:10:32,191920180,191920184
5451247,đẹp quá,5,2022-07-31 16:49:15,191920180,191920184
19362903,,5,2022-09-19 22:18:22,191920180,191920184
9048975,::333,5,2022-07-27 15:49:14,191920180,191920184
2106304,Truyện vui cực. Mua được bản đặc biệt nữa. Quá thích.,5,2022-09-14 08:27:02,191920180,191920184
11752211,good,5,2022-08-01 15:08:03,191920180,191920184
27317046,,5,2022-08-12 23:32:35,191920180,191920184
27596783,,5,2022-08-08 15:40:49,191920180,191920184
19190794,,5,2022-08-07 09:59:48,191920180,191920184
1602708,,5,2022-07-29 15:09:42,191920180,191920184
18396219,"Đc cả,mấy mắm hủ tự nhận xét",5,2023-01-15 00:51:40,191920180,191920184
10056003,sản phẩm đóng gói ổn áp shipper thân thiện cho tiki 5 sao,5,2022-07-29 12:39:51,191920180,191920184
25502444,hàng ko bị df j hết là tui zuiii rồi nói chung là tốt,5,2022-07-31 15:03:08,191920180,191920184
13376507,Đóng gói cẩn thận và giao siêu nhanh luôn,5,2022-10-01 17:06:43,191920180,191920184
19852345,"Mùi sách hít ko chán luôn á, mê bộ này lắm lun",5,2022-08-16 22:37:49,191920180,191920184
357871,,5,2023-07-17 21:48:40,191920180,191920182
27853188,truyện cute lắm ý,5,2023-01-30 22:18:14,191920180,191920184
27660860,"hayyyy, rcm",5,2023-01-27 11:15:23,191920180,191920184
320089,Truyện dễ thương lắm 🫶🫶🫶,5,2022-08-01 15:03:53,191920180,191920184
8523987,Tuyệt vời. Mụt trăm điểm,5,2022-08-21 15:23:19,191920180,191920184
21085044,,5,2023-02-20 17:25:10,191920180,191920184
28321148,,5,2023-02-07 04:49:00,191920180,191920184
10873979,,5,2023-02-04 21:32:46,191920180,191920184
7231921,,5,2023-02-01 17:08:45,191920180,191920184
7115129,,5,2023-01-31 14:07:11,191920180,191920184
1540630,"Nội dung hay, bìa tốt",5,2022-08-31 18:50:45,191920180,191920184
22848047,cầm truyện thích mê luôn,5,2022-07-31 21:26:46,191920180,191920184
6298921,,5,2023-01-28 00:26:41,191920180,191920184
28363405,,5,2023-01-27 18:15:49,191920180,191920184
25779386,,5,2023-01-17 12:28:40,191920180,191920184
16148854,,5,2023-01-15 16:15:16,191920180,191920184
24463209,,5,2023-01-13 20:18:08,191920180,191920184
26875849,Bìa đẹp,5,2022-10-25 19:35:03,191920180,191920184
20155561,,5,2022-12-25 22:08:10,191920180,191920184
16302296,,5,2022-12-25 10:25:23,191920180,191920184
27573958,,5,2022-12-23 06:32:19,191920180,191920184
20291643,,5,2022-12-21 23:08:46,191920180,191920184
28225729,,5,2022-12-16 21:20:16,191920180,191920184
561594,,5,2022-12-02 18:48:54,191920180,191920184
19361474,,5,2022-11-28 15:19:13,191920180,191920184
24766370,,5,2022-11-26 23:13:31,191920180,191920184
49867,,5,2022-11-15 21:33:12,191920180,191920184
18905565,,5,2022-11-15 15:57:14,191920180,191920184
5914002,10 saoooooooo,5,2022-08-30 11:16:47,191920180,191920184
10439254,,5,2022-11-12 20:59:09,191920180,191920184
13474311,,5,2022-11-10 21:05:32,191920180,191920184
112334,,5,2022-11-10 13:39:41,191920180,191920184
1609060,,5,2022-11-08 22:36:48,191920180,191920184
9691822,Tốt,5,2022-10-08 09:04:52,191920180,191920184
23632903,,5,2022-11-01 21:17:01,191920180,191920184
25856777,,5,2022-11-01 16:02:42,191920180,191920184
16686979,,5,2022-10-28 21:17:20,191920180,191920184
5417427,,5,2022-10-28 09:48:51,191920180,191920184
619965,,5,2022-10-27 10:37:30,191920180,191920184
27436124,,5,2022-10-26 23:13:47,191920180,191920184
7173125,,5,2022-10-26 21:03:11,191920180,191920184
26674577,,5,2022-10-26 17:06:46,191920180,191920184
27125571,,5,2022-10-26 16:03:46,191920180,191920184
1375986,,5,2022-10-26 11:10:43,191920180,191920184
27430976,,5,2022-10-25 12:40:52,191920180,191920184
21277370,,5,2022-10-23 14:47:54,191920180,191920184
22748507,,5,2022-10-22 22:54:56,191920180,191920184
25340739,,5,2022-10-21 01:50:24,191920180,191920184
13375093,,5,2022-10-18 10:35:19,191920180,191920184
1541647,,5,2022-10-13 21:58:38,191920180,191920184
19617020,,5,2022-10-13 07:16:06,191920180,191920184
16482019,,5,2022-10-11 04:39:55,191920180,191920184
26997348,Mãi iu,5,2022-08-30 14:21:33,191920180,191920184
11174093,rất ok ak,5,2022-08-03 07:09:23,191920180,191920184
23051774,,5,2022-10-05 07:21:34,191920180,191920184
27010434,,5,2022-10-02 13:06:21,191920180,191920184
6047305,,5,2022-09-30 09:32:34,191920180,191920184
19120408,hay nhắm,5,2022-07-31 16:31:27,191920180,191920184
6599176,,5,2022-09-27 16:06:52,191920180,191920184
16085519,,5,2022-09-26 16:11:43,191920180,191920184
562817,,5,2022-09-26 12:00:49,191920180,191920184
16194680,,5,2022-09-25 16:44:11,191920180,191920184
12247427,,5,2022-09-25 00:10:31,191920180,191920184
13556877,,5,2022-09-23 23:21:37,191920180,191920184
5920196,,5,2022-09-22 22:23:58,191920180,191920184
19233597,,5,2022-09-22 11:07:24,191920180,191920184
6031697,,5,2022-09-21 20:11:25,191920180,191920184
18674820,,5,2022-09-20 15:11:31,191920180,191920184
7805350,,5,2022-09-19 19:19:42,191920180,191920184
6616662,,5,2022-09-17 18:03:58,191920180,191920184
20287266,,5,2022-09-17 11:56:58,191920180,191920184
27979031,,5,2022-09-16 09:55:23,191920180,191920184
26877280,oke,5,2022-08-28 09:18:32,191920180,191920184
23566045,,5,2022-09-13 12:18:58,191920180,191920184
8324994,,5,2022-09-13 10:11:21,191920180,191920184
26584206,đỉnh,5,2022-08-02 14:54:58,191920180,191920184
12096785,,5,2022-09-11 21:58:29,191920180,191920184
24685433,,5,2022-09-11 21:27:02,191920180,191920184
7287481,,5,2022-09-10 22:54:52,191920180,191920184
27185305,,5,2022-09-09 14:52:33,191920180,191920184
5219281,,5,2022-09-09 09:50:01,191920180,191920184
27062718,,5,2022-09-09 09:42:43,191920180,191920184
385072,,5,2022-09-09 09:32:49,191920180,191920184
27980062,,5,2022-09-09 01:54:40,191920180,191920184
19510908,,5,2022-09-08 22:00:48,191920180,191920184
28141668,,5,2022-09-08 21:46:12,191920180,191920184
27207919,,5,2022-09-08 21:38:02,191920180,191920184
24713880,Đẹo,5,2022-08-03 12:43:18,191920180,191920184
27742114,,5,2022-09-08 12:25:46,191920180,191920184
18095821,,5,2022-09-07 20:37:05,191920180,191920184
444110,,5,2022-09-06 20:26:44,191920180,191920184
12101445,,5,2022-09-06 10:25:37,191920180,191920184
12481047,,5,2022-09-05 17:55:45,191920180,191920184
21737923,,5,2022-09-05 12:08:56,191920180,191920184
19803556,,5,2022-09-05 11:49:25,191920180,191920184
27909190,,5,2022-09-04 17:11:03,191920180,191920184
799094,,5,2022-09-03 14:35:11,191920180,191920184
8130073,,5,2022-09-02 23:20:19,191920180,191920184
7896294,,5,2022-09-02 11:10:09,191920180,191920184
6056496,,5,2022-09-02 02:33:22,191920180,191920184
15855076,,5,2022-08-31 07:42:03,191920180,191920184
27140629,,5,2022-08-30 16:14:38,191920180,191920184
26883030,,5,2022-08-30 15:37:06,191920180,191920184
13335765,,5,2022-08-30 11:26:40,191920180,191920184
15386326,xinh,5,2022-08-06 12:34:38,191920180,191920184
11640382,,5,2022-08-29 15:17:45,191920180,191920184
26239670,,5,2022-08-29 10:31:34,191920180,191920184
27576331,,5,2022-08-29 05:39:55,191920180,191920184
16676505,,5,2022-08-28 19:17:24,191920180,191920184
1720088,,5,2022-08-28 17:54:45,191920180,191920184
8338312,,5,2022-08-28 11:41:46,191920180,191920184
17142188,,5,2022-08-27 23:10:12,191920180,191920184
27376759,,5,2022-08-26 11:02:49,191920180,191920184
12735081,,5,2022-08-25 21:38:54,191920180,191920184
903493,,5,2022-08-25 07:24:31,191920180,191920184
12112759,,5,2022-08-24 13:17:29,191920180,191920184
27200004,,5,2022-08-23 20:13:11,191920180,191920184
473402,,5,2022-08-23 08:58:59,191920180,191920184
15372756,,5,2022-08-21 20:44:26,191920180,191920184
203044,,5,2022-08-21 16:59:51,191920180,191920184
27821791,,5,2022-08-21 10:30:45,191920180,191920184
1333492,,5,2022-08-19 16:51:29,191920180,191920184
1292947,,5,2022-08-19 14:38:53,191920180,191920184
18502563,,5,2022-08-19 14:04:18,191920180,191920184
12749713,,5,2022-08-19 13:06:12,191920180,191920184
19931342,,5,2022-08-19 12:27:39,191920180,191920184
27909683,,5,2022-08-18 12:40:15,191920180,191920184
16775295,,5,2022-08-17 21:27:20,191920180,191920184
27333728,,5,2022-08-17 14:40:21,191920180,191920184
11400601,,5,2022-08-16 23:57:25,191920180,191920184
17516499,,5,2022-08-16 20:14:33,191920180,191920184
27879148,,5,2022-08-16 17:40:24,191920180,191920184
1381822,,5,2022-08-16 13:59:22,191920180,191920184
12068812,,5,2022-08-16 13:44:01,191920180,191920184
491668,,5,2022-08-16 13:18:10,191920180,191920184
8993707,,5,2022-08-16 11:33:25,191920180,191920184
6405053,,5,2022-08-12 00:11:39,191920180,191920184
21372878,,5,2022-08-11 12:26:09,191920180,191920184
27994968,,5,2022-08-11 12:26:39,191920180,191920184
27660101,,5,2022-08-10 18:46:50,191920180,191920184
16241616,,5,2022-08-10 17:33:02,191920180,191920184
16825031,,5,2022-08-10 16:13:54,191920180,191920184
27377354,,5,2022-08-09 21:45:20,191920180,191920184
19074774,,5,2022-08-09 17:47:05,191920180,191920184
16202404,,5,2022-08-09 14:32:00,191920180,191920184
25556448,o,5,2022-08-03 16:21:08,191920180,191920184
7095314,,5,2022-08-09 12:27:25,191920180,191920184
16156242,,5,2022-08-08 22:41:29,191920180,191920184
27412744,,5,2022-08-08 13:10:27,191920180,191920184
27245729,,5,2022-08-08 12:41:29,191920180,191920184
16695720,,5,2022-08-08 12:18:37,191920180,191920184
14546006,,5,2022-08-08 12:14:43,191920180,191920184
14638146,,5,2022-08-07 23:38:44,191920180,191920184
6887716,,5,2022-08-07 22:35:39,191920180,191920184
7015888,,5,2022-08-07 08:41:05,191920180,191920184
498536,,5,2022-08-07 08:30:24,191920180,191920184
17244110,,5,2022-08-07 02:26:55,191920180,191920184
17394047,,5,2022-08-06 17:43:18,191920180,191920184
27513334,,5,2022-08-06 10:35:38,191920180,191920184
13235258,,5,2022-08-05 21:25:52,191920180,191920184
17658723,,5,2022-08-05 10:10:34,191920180,191920184
710057,,5,2022-08-04 20:49:31,191920180,191920184
27921376,,5,2022-08-04 16:16:55,191920180,191920184
27949393,,5,2022-08-04 11:40:45,191920180,191920184
18393383,,5,2022-08-03 15:22:12,191920180,191920184
23318066,,5,2022-08-03 00:52:47,191920180,191920184
14233881,,5,2022-08-02 09:48:52,191920180,191920184
12325866,,5,2022-08-01 20:28:44,191920180,191920184
6272908,,5,2022-08-01 19:56:12,191920180,191920184
9166855,,5,2022-08-01 19:31:43,191920180,191920184
70711,,5,2022-08-01 19:04:32,191920180,191920184
27692330,,5,2022-08-01 16:53:03,191920180,191920184
10661029,,5,2022-08-01 15:16:20,191920180,191920184
9006878,,5,2022-08-01 13:24:33,191920180,191920184
27690959,,5,2022-08-01 12:02:00,191920180,191920184
27537072,,5,2022-08-01 10:05:31,191920180,191920184
26846671,,5,2022-07-31 23:35:07,191920180,191920184
989478,,5,2022-07-31 22:09:18,191920180,191920184
19787869,,5,2022-07-31 20:20:38,191920180,191920184
14200610,,5,2022-07-31 16:31:39,191920180,191920184
16055336,,5,2022-07-31 11:08:28,191920180,191920184
9754270,,5,2022-07-30 14:47:49,191920180,191920184
2052970,,5,2022-07-30 12:45:42,191920180,191920184
8391901,,5,2022-07-30 10:58:13,191920180,191920184
1145263,,5,2022-07-29 23:45:53,191920180,191920184
1901214,,5,2022-07-29 21:42:28,191920180,191920184
5885073,,5,2022-07-29 12:37:06,191920180,191920184
22735242,,5,2022-07-29 09:07:58,191920180,191920184
375452,,5,2022-07-28 18:37:09,191920180,191920184
114784,,5,2022-07-28 14:46:06,191920180,191920184
26589312,"Các sản phẩm khác đều tốt, không dính df miếng nào hết nhưng trừ cuốn này. Móp góc cầm coi lại thấy rất xót",1,2022-09-09 17:28:53,191920180,191920184
445208,"Quá sức chịu đựng của tao Bọc sách book care không có tâm, biết người dùng sử dụng book care là nâng niu sách như thế nào không mà nỡ làm gấp bìa sách như vậy. Yêu cầu tiki chỉnh đốn vấn đề này, đuổi gấp mấy tên nhân viên bọc sách câu thả vô ý thức. Còn không chắc không dám mua sách gì trên Tiki nữa. Mua 3 cuốn bị đủ cả 3 cuốn, thà khỏi bọc còn hơn",1,2022-09-11 14:19:48,191920180,191920184
22074667,Giao cùng lượt với cuốn 2 nhưng mà hơi xu cà na là bị gãy góc 😔 còn lại mọi thứ đều oke,4,2022-09-10 23:23:57,191920180,191920184
16116398,Sách đẹp lắm ạ có tận 2 lớp bọc chống trầy chỉ mỗi tội không có chống sốc thôi giấy in với mực khá chất lượng rõ nét ổn lắm ạ,4,2022-08-30 12:25:30,191920180,191920184
27873551,"Giao hàng nhanh lắm nha, có điều truyện của mik nó có 1 vết ố vàng nên hơi bực xíu, còn lại đều ok nha",4,2022-08-30 14:19:39,191920180,191920184
6724778,Giao đúng hàng Đầy đủ phụ kiện,4,2022-09-09 13:25:19,191920180,191920184
27245262,,4,2022-07-30 21:31:41,191920180,191920184
28064112,,4,2022-12-29 12:16:24,191920180,191920184
6220162,,4,2022-11-18 21:39:38,191920180,191920184
21717714,,4,2022-10-25 22:52:04,191920180,191920184
28004238,,4,2022-08-29 12:30:00,191920180,191920184
26105753,,4,2022-08-24 21:58:06,191920180,191920184
7170586,,4,2022-08-16 14:25:02,191920180,191920184
26639155,,4,2022-08-12 21:09:15,191920180,191920184
29412994,Đóng gói hàng cẩn thận,5,2025-03-12 17:48:57,275124209,275124250
8071,"Sách nguyên seal, đầy đủ phụ kiện, tiki đóng gói chu đáo, bọc chống sốc cẩn thận, giao hàng nhanh, vote 5 sao",5,2024-06-08 15:18:55,275124209,275124250
10396593,Tiki giao hàng nhanh. Sản phẩm có bọc chống sốc cẩn thận,5,2024-11-14 08:56:52,275124209,275124250
21575280,,5,2025-10-13 07:48:30,275124209,275124249
520139,,5,2025-03-17 11:23:40,275124209,275124250
29487880,Giao hàng nhanh chóng,5,2024-09-01 21:15:58,275124209,275124250
984951,,5,2024-10-24 14:14:06,275124209,275124250
30011378,,5,2024-09-24 12:02:17,275124209,275124249
29940273,,5,2024-09-11 19:03:30,275124209,275124250
29221142,,5,2024-07-11 14:20:10,275124209,275124250
10084082,,5,2024-06-08 15:34:33,275124209,275124250
18338899,"Sợ hãi cách đóng gói của Tiki ghê, bình thường gói bằng hộp không chống sốc đã đành, giờ gói bằng mỗi cái bịch chống sốc, nản ghê",2,2024-07-06 10:03:45,275124209,275124250
8071,"Sách mới nguyên seal, đầy đủ phụ kiện, shop đóng gói chu đáo, bọc chống sốc cẩn thận, giao hàng nhanh, vote 5 sao",5,2024-09-04 16:09:09,275946564,275947384
30159799,"Sản phẩm đúng với mô tả, còn nguyên seal không bị rách.",5,2024-11-11 20:24:27,275946564,275947384
26900521,,5,2024-10-22 11:57:15,275946564,275947384
13119072,"Đóng gói gửi hàng nhanh ,sách đẹp đáng nên mua",5,2024-11-29 13:36:00,275946564,275947384
30068990,"T đã nhận được truyện, giao hàng nhanh chóng.",5,2024-10-26 15:18:15,275946564,275947384
7015233,"Giao hàng nhanh, sale nên giá rẻ",5,2024-10-23 21:29:02,275946564,275947384
11245000,"Giao hành nhanh,truyện đẹp",5,2024-09-03 14:42:20,275946564,275947384
5759790,,5,2025-12-04 22:09:11,275946564,275947384
30177190,oke nha đóng gói khá cẩn thận,5,2024-10-24 17:56:31,275946564,275947384
1903386,,5,2025-05-08 22:30:14,275946564,275947384
18029329,,5,2025-03-27 20:15:57,275946564,275947384
6616662,,5,2025-02-04 14:38:22,275946564,275947384
10962186,,5,2024-12-02 10:37:56,275946564,275947384
27956432,,5,2024-10-26 16:29:01,275946564,275947384
6520354,,5,2024-10-25 23:25:03,275946564,275947384
9000907,,5,2024-10-25 00:09:07,275946564,275947384
8820468,,5,2024-10-21 16:25:04,275946564,275947384
20062986,,5,2024-09-03 16:38:48,275946564,275947384
8248593,"Sách đẹp , may là ko bị df mặc dù đóng gói không được kỹ nhưng giao hàng siêu nhanh , shipper nhiệt tình",4,2024-10-22 12:42:31,275946564,275947384
30315648,,4,2025-05-02 08:51:03,275946564,275947383
5879432,"Tôi thích nội dung câu chuyện này của tác giả Vu Triết và dịch giả Noone. Nội dung hay, tôi thích cách xưng hô và nói chuyện giữa 2 nhân vật chính, thật sự rất ấm áp. Cám ơn tiki giao hàng nhanh, đóng gói cẩn thận.",5,2023-10-27 11:05:10,271626743,271626749
28428488,"Card cán ngọc trai, tập 1 khá hay nên quyết định mua tập 2",5,2024-06-07 16:22:54,271626743,271626754
30750344,,5,2026-08-27 13:09:45,271626743,271626749
9775702,"Mua bản db vid ID xinh xẻo quá, mê bộ này từ truyện cho tới phim",5,2024-03-09 23:22:27,271626743,271626754
13026964,"Mua được giá hời, sp đẹp",5,2024-10-25 19:29:30,271626743,271626749
7590141,Ok,5,2023-09-23 20:05:41,271626743,271626754
280146,,5,2024-10-22 19:55:24,271626743,271626749
19064922,"Bìa đẹp, được tặng 2 card xinh xắn",5,2023-09-28 17:43:44,271626743,271626754
12236461,,5,2024-02-17 14:42:12,271626743,271626754
549427,,5,2024-01-27 19:28:21,271626743,271626754
23003707,,5,2023-12-22 10:15:16,271626743,271626754
17094778,,5,2023-12-03 10:55:50,271626743,271626754
163552,,5,2023-10-10 20:06:14,271626743,271626754
1602708,,5,2023-10-10 16:26:05,271626743,271626749
860943,"Pin cài làm sách bị thủng 1 lỗ to, mong lần sau tiki chú ý gói hàng tránh để sách bị hỏng. Giá cả okie và tiki giao hàng hay đóng gói đều rất tốt, điểm trừ duy nhất là lỗi để sách bị hỏng 1 chỗ thôi.",5,2025-05-23 22:35:40,277946305,277946400
30394770,10₫ không thể chê đâu được mỗi tội bìa bị gập ở đầu,5,2025-06-01 12:44:54,277946305,277946400
30552037,"Đẹp,k bị móp méo,bìa sieu cutiii",5,2025-11-23 17:24:12,277946305,277946399
30385400,"Xink lắm nha, mình thích bộ này lắm Nd cũng hay",5,2025-05-22 14:08:59,277946305,277946400
30621778,Oki lắm,5,,277946305,277946399
30611130,thích quáaaaaa truyện cute quá (◍•ᴗ•◍),5,2026-02-11 12:43:10,277946305,277946399
30649197,"giao nhanh, sản phẩm chất lượng",5,2026-04-13 20:38:52,277946305,277946399
29025205,sách bị ghim đâm 1 lỗ thủng mấy trang :(( còn lại vẫn ok,5,2025-05-24 12:46:21,277946305,277946400
30655158,,5,2026-06-15 02:10:28,277946305,277946399
30617476,,5,2026-02-24 17:26:08,277946305,277946399
30383082,Cute đáng yêu 10đ 🥹🥹,5,2025-06-03 10:26:12,277946305,277946400
30447637,,5,2025-08-01 19:58:34,277946305,277946399
29537111,,5,2025-06-14 18:38:55,277946305,277946400
30180557,,5,2025-06-11 11:41:47,277946305,277946399
19046905,,5,2025-05-25 15:58:43,277946305,277946400
21575280,"Sách đẹp, đóng gói cẩn thận, giao hàng cũng ok, nhưng thiếu sticker tem tặng kèm trong sách rồi",4,2025-10-13 15:23:10,277946305,277946399
30619832,Quà tặng bản thường không có shop ơi😭,3,2026-02-26 15:35:54,277946305,277946399
30645677,,4,2026-04-11 13:52:39,277946305,277946399
30363902,,4,2025-07-30 20:29:28,277946305,277946399
30725484,"Đóng gói bth, về tay kh df gì",5,2026-08-30 20:00:33,279193599,279198964
25755454,"chưa đọc nên không biết nội dung, shop đóng gói hàng kĩ càng",5,2026-04-12 18:46:48,279193599,279198965
30515177,Hàng có hơi lâu nhưng lần này shop gói oke hơn lần trước😔,5,2026-03-19 11:54:28,279193599,279198965
30649524,Oke nhà tui thích r đó:))),5,2026-04-12 08:46:34,279193599,279198965
30483393,,5,2026-08-15 20:23:42,279193599,279198964
30656574,,5,2026-06-20 16:02:12,279193599,279198964
10600299,,5,2026-06-18 00:12:21,279193599,279198965
30295164,,5,2026-05-31 04:49:34,279193599,279198965
30628128,,5,2026-05-08 12:04:57,279193599,279198965
26935425,,5,2026-04-28 09:38:39,279193599,279198965
30648886,,5,2026-04-21 20:32:39,279193599,279198965
18129887,,5,2026-04-17 10:46:08,279193599,279198965
30492134,,5,2026-04-16 12:18:33,279193599,279198965
30648502,,5,2026-04-13 18:54:05,279193599,279198964
30649129,,5,2026-04-11 17:21:41,279193599,279198965
22393056,,5,2026-04-07 17:55:38,279193599,279198965
29853477,,5,2026-04-07 15:53:15,279193599,279198964
30491847,,5,2026-04-05 15:22:21,279193599,279198965
30604551,,5,2026-03-21 00:09:27,279193599,279198965
30628166,,5,2026-03-19 19:30:41,279193599,279198965
30172366,,5,2026-03-15 21:46:20,279193599,279198965
26897901,"hàng pre-or nên đợi lâu là chuyện bth, bọc chống sốc với seal có như kh",1,2026-03-19 10:56:44,279193599,279198964
30648085,"Seal bị rách, truyện bị df ở bìa mặt sau, tập 1 mua về ok nhưng sang tập 2 lại bị như này.",3,2026-04-16 12:53:54,279193599,279198964
30645000,"Mua 2 quyển cùng lúc, gói chống sốc kh chắc, 2 quyển đều bị df nặng",3,2026-04-12 13:29:47,279193599,279198964
520620,"Bìa truyện đẹp, bản đặc biệt xịn xò quá >w< hôm trước đặt, hôm sau có. Mình rất hài lòng về sản phẩm",5,2023-10-30 23:10:01,269983260,269983264
10852352,"Đã đọc truyện trc khi xb nên hóng lắm, truyện cư tê điên dù Biên Khưu mình tt có khác khi lên bìa nhưng vẫn oke. Quà tặng đầy đủ giao nhanh, mà bọc sách kín cẩn thận nhưng chặt quá bìa áo bị cong, hơi sót nhưng k sao. Quà rời xinh lắm mỗi tội gương là loại nhám dễ dơ và trầy, có đi kèm túi kiếng ngoài nên ai xài xong nhớ nhét lại vô nhen",5,2023-07-20 20:06:35,269983260,269983264
15238927,"Giao hàng nhanh, vừa vặn, đóng gói chắc chắn. Shipper nhiệt tình thân thiện",5,2024-09-24 11:31:33,269983260,269983264
30645655,Sản phẩm chất lượng đẹp nhưng hơi df nhẹ,5,2026-04-20 23:27:59,269983260,269983262
18898492,"Quá hay, có nhiều tình tiết thú vị, hóng tập 2",5,2023-07-20 17:59:48,269983260,269983262
20819726,,5,2026-06-16 04:21:19,269983260,269983262
607235,Giao nhanh. Tiki nay đóng gói oke quá chời,5,2024-01-12 12:14:53,269983260,269983264
28872185,chsjaoshaba hình ảnh chỉ mang tính chất minh họa,5,2023-07-21 09:06:56,269983260,269983264
28848214,"Giáo hàng nhanh, đóng gói sp ổn, chất lượng sách tốt.",5,2024-03-28 21:48:00,269983260,269983264
7590141,Ok,5,2023-09-12 14:00:14,269983260,269983262
30176941,,5,2024-10-28 11:28:51,269983260,269983264
30175771,,5,2024-10-26 10:44:46,269983260,269983262
1331838,"bìa đẹp, đóng gói cẩn thận, phụ kiện đầy đủ",5,2023-08-01 20:19:41,269983260,269983264
16934926,,5,2024-07-29 09:31:30,269983260,269983264
21238815,,5,2024-06-11 16:41:57,269983260,269983262
6925795,,5,2024-05-29 22:19:24,269983260,269983264
385406,,5,2024-05-13 12:07:46,269983260,269983262
10852352,"CƯNG *** ẠAAAA, đã mua cả bản đb😋",5,2023-07-20 20:08:03,269983260,269983262
19517934,,5,2024-02-21 15:07:20,269983260,269983262
1823979,,5,2024-02-16 10:47:11,269983260,269983264
8497445,,5,2023-10-31 19:58:35,269983260,269983262
14546681,,5,2023-10-18 15:31:14,269983260,269983262
14115668,,5,2023-10-15 10:18:22,269983260,269983264
11074930,,5,2023-09-06 17:22:49,269983260,269983262
25861497,,5,2023-08-24 23:17:31,269983260,269983264
19938975,,5,2023-08-21 12:50:15,269983260,269983262
29356093,,5,2023-08-18 15:44:47,269983260,269983264
14589688,,5,2023-08-15 09:32:17,269983260,269983262
8612269,,5,2023-07-27 22:58:57,269983260,269983262
8126630,,5,2023-07-22 15:23:56,269983260,269983262
28428488,Mọi thứ rất tuyệt cho đến khi thấy sách hở seal,4,2024-02-19 18:40:03,269983260,269983264
6600345,mua bản đặc biệt nhưng thiếu: - 01 Postcard hai mặt bồi cứng (kẹp bên trong sách) - 01 Bookmark hai mặt bồi cứng (kẹp bên trong sách) Không vui lắm,2,2023-08-24 10:47:46,269983260,269983264
30648886,,4,2026-04-21 20:32:57,269983260,269983262
8851381,Có df nhé nên 4sao th,4,2024-02-20 18:50:34,269983260,269983264
18094079,(*) Đánh giá không tính điểm Rất mong tiki đóng gói cân thân hơn,1,2023-08-17 18:36:50,269983260,269983264
30159799,"Sản phẩm đóng gói gói cẩn thận, đúng mô tả, do mình mua cả 2 tập nên chụp chung luôn.",5,2024-10-12 15:22:41,263344876,263344881
21575280,"Tuy bìa sách ko thích lắm nhưng nội dung tác phẩm rất hợp gu tui, đặc biệt nhà dịch tuyệt vời lắm luôn",5,2024-01-21 12:43:02,263344876,263344879
1823979,Đóng gói hàng cẩn thận. Giao hàng nhanh.,5,2024-02-15 12:38:05,263344876,263344881
29287975,"Giao hàng nhanh, đầy đủ phụ kiện, sách còn nguyên vẹn, không bị móp",5,2023-07-25 07:26:38,263344876,263344881
10872490,,5,2023-08-26 12:21:38,263344876,263344879
13538377,"Hay lắm, hề quá trời, đọc rất chữa lành nha",5,2023-08-08 20:22:40,263344876,263344881
1615381,,5,2023-10-29 02:34:39,263344876,263344881
29519012,,5,2023-10-20 22:09:36,263344876,263344879
7573371,,5,2023-09-27 18:33:51,263344876,263344879
29203232,,5,2023-09-21 15:33:34,263344876,263344879
1971555,,5,2023-08-15 12:27:40,263344876,263344881
29079483,,5,2023-07-27 14:52:25,263344876,263344881
28124578,,5,2023-07-25 11:22:43,263344876,263344879
17094778,,5,2023-07-20 12:25:17,263344876,263344879
30375707,"Sách có df góc, df poster, bị bụi trên gáy khá nhiều, bên trong còn in lỗi (mực in dính khắp trang sách)",4,2025-05-09 13:45:05,263344876,263344881
25755454,"chưa đọc nên không biết nội dung, shop đóng gói hàng kĩ càng",5,2026-04-12 18:48:09,275903865,275904337
29491123,,5,2024-08-22 09:14:28,275903865,275904337
13998095,Hàng siêu đẹp,5,2026-07-05 19:38:19,275903865,275904337
15238927,"Giao hàng nhanh, đóng gói chắc chắn",5,2024-09-24 11:29:54,275903865,275904337
23001052,,5,2024-10-22 20:35:25,275903865,275904337
21575280,,5,2025-10-13 07:43:07,275903865,275904336
30329136,,5,2025-05-04 17:23:08,275903865,275904337
29859975,,5,2024-10-27 13:01:37,275903865,275904337
27856299,,5,2024-10-25 12:42:45,275903865,275904337
17702151,"Có df nhẹ tí không sao cả, nhưng std bị 2 xước =))))",4,2025-03-12 17:42:07,275903865,275904337
30075539,(*) Đánh giá không tính điểm Giáo quá tệ poster A3 lại nhét vào ống dẫn nc,3,2024-10-29 05:52:41,275903865,275904337
30227104,"Chưa đọc do thấy mn rì viu hay nên mua dề nma săn hội sách nên siuuuu rẻ luôn. Chưa đọc nma thấy bìa, phototrip với móc khoá siêu cute là thấy ưng r 😍😍😍",5,2025-10-09 12:03:13,278679652,278679758
25755454,"chưa đọc nên không biết nội dung, shop đóng gói hàng kĩ càng",5,2026-04-29 11:46:17,278679652,278679758
24824618,Đẹp xinh,5,2025-10-09 10:29:58,278679652,278679758
30742865,Peak lắm luôn,5,2026-08-27 20:03:50,278679652,278679757
24050763,,5,2026-05-16 23:33:49,278679652,278679757
68275,Truyện hài hước nhẹ nhàng.,5,2025-10-10 14:23:09,278679652,278679757
30649129,,5,2026-04-26 12:13:24,278679652,278679758
11352463,,5,2025-11-10 13:09:40,278679652,278679758
21575280,,5,2025-10-14 11:06:23,278679652,278679757
30290305,,5,2025-10-10 14:44:28,278679652,278679758
30515306,,5,2025-10-09 09:16:07,278679652,278679758
30497875,,5,2025-10-07 12:41:09,278679652,278679758
30647793,"*** ạ, nhà phát hành có thực sự có tâm ko mà để 2 cái móc khoá cùng cực với nhau ạ?, sao ko lm 1 lô âm 1 lô dương mà để 2 mẫu KHÁC nhau cùng cực cho nó văng ra?!!, nhìn tức ói máu!!!! 1₫ vật lý hả??!!!!",1,2026-04-11 11:12:55,278679652,278679758
19101990,"Nội dung tuyệt vời, cách xây dựng nhân vật rất hợp ý mình. Đặc biệt là về quá khứ của Bách Đồ, thật sự khiến mỗi người đọc đều phải tan vỡ một lần, đau xót ngàn lần. Và cái kết hạnh phúc của cậu ấy và bạn trai khiến mọi thứ viên mãn, nhưng phần ngoại truyện nhận nuôi đứa bé thì mình không thích cho lắm. Tựu trung lại về cuốn sách này là không cần chê bai gì nhiều.",5,2024-03-07 19:14:53,214757466,214757469
19983753,"🌙 Lương Tỉ đã tự luyến đến cấp độ khó chữa rồi =))))) Lương Tỉ thầm nghĩ: Anh đẹp trai phong độ như thế, tính tình tốt, lại còn biết thương người, chỉ cần Bách Đồ “lên giường” của anh, à, “lên thuyền” của anh rồi thì đừng hòng xuống được. Cậu thích anh chỉ còn là chuyện sớm muộn thôi! Đúng rồi, là chuyện chẳng chóng thì chầy thôi! Thế là anh vui tươi hớn hở đi về. Để lại một mình Bách Đồ ngồi bên bàn ngẩn ngơ, trong đầu chỉ toàn suy nghĩ: Giải quyết cái tên cố chấp này thế nào bây giờ?",5,2023-02-01 12:22:37,214757466,214757472
27827676,"bìa rất đẹp, poster siu xinh luôn, sdantee dễ thương nhưng phần chân đế hơi lỏng mình phải chấm thêm ít keo cho chắc, giao hàng rất nhanh, hôm mình chốt đơn sợ bị qua tết mới nhận k ngờ lại kịp trước tết.",5,2023-01-17 16:00:05,214757466,214757472
19193322,"Đầy đủ phụ kiện Sách, poster xinh xịn Bookmark to như chùm Lương Tỉ cầm y như ảnh qc Standee có chi tiết lẻ nhỏ khá mờ nhưng không ảnh hưởng, lắp vô đứng hơi nghiêng sang phải :(( Thời gian giao chuẩn",5,2023-01-26 10:48:32,214757466,214757472
28428488,"Bìa xinh đúng màu m thích, sách hơi hở seal tí nhưng mọi thứ đều ổn. Standee cute xỉu. Tiếc là hồi đó chưa mua đc tập 1 đặc biệt nên có vẻ Lương Tỉ sẽ cô đơn đây="")",5,2023-01-18 11:33:33,214757466,214757472
27489693,"còn ai cưng Bách Đồ bằng Lương Tỉ nữa ê hê, 2ng này cứ dth hài hước seo ý :D",5,2023-06-26 14:29:05,214757466,214757469
16264097,"Bìa rất xinh, ấn tượng đầu tiên là về bìa. Tuy có hơi móp 1 chút ở cạnh. Giao hàng nhanh 🫰🏻",5,2023-01-26 15:18:15,214757466,214757469
28618983,"Bìa đẹp, màu sắc rất xinhh, poster đã được bỏ trong ống rùi nè. Dạo này tiki có bọc sách được thêm 1 lớp giấy nên cũng đỡ df rất nhiềuu",5,2023-02-02 11:43:03,214757466,214757472
28129602,"Rất tốt, cái gì cũg tốt, nhưg đóg gói ko đc kĩ lắm, rất sợ mốp",5,2023-01-30 11:32:50,214757466,214757469
28738598,"Ultr, mọi thứ đều thiệt là perfect!!!! Em đặt trước Tết với niềm sợ hãi khôn kể nhưng khum, hôm nay em đã nhận đc!!!!! Yaaaaaaa, siêu siêu hài lòng hiiiii, k bị móp méo và ôi mẹ ơiiii",5,2023-01-19 10:13:02,214757466,214757472
15550931,Xinh quá trời xinh 🤧❤️❤️,5,2023-02-21 15:12:44,214757466,214757469
28746158,"Giao hàng rất nhanh, đóng gói khá kỹ, và sách tất nhiên ko làm thất vọng rồi ^^",5,2023-02-22 00:13:03,214757466,214757469
20737964,"Truyện còn nguyên seal nhưng bị nhăn góc một chút, còn lại đều ok",5,2023-02-21 18:34:14,214757466,214757469
28715994,"Nội dung hơi nặng đô về mặt tâm lý ai mỏng manh nên cân nhắc, bìa xinh xĩu, hơi tiếc không săn được bản đb tập 1 của bộ này std Lương Tỉ của tui không có cặp rùi :((",5,2023-01-27 14:08:45,214757466,214757472
24776877,"BÌA ĐẸP *** LOĂN HUHU, SỐP GIAO HÀNG NHANH KINH VS CẢ ĐÓNG GÓI CHĂC SCHAWNS Ạ",5,2023-02-28 13:58:27,214757466,214757469
27013649,Rất xinh nha,5,2023-02-03 16:35:08,214757466,214757472
636751,"Tiki giao nhanh, đóng gói tốt. Sách nguyên seal và đủ phụ kiện",5,2023-02-24 15:59:13,214757466,214757472
10681135,"Truyện in đẹp, đóng gói chắc chắn, ko hư hỏng, giao hàng nhanh",5,2023-01-18 16:31:30,214757466,214757469
16364077,"Đóng gói cẩn thận, chắc chắn, giao hàng nhanh lắm ạ",5,2023-02-22 15:06:46,214757466,214757469
900526,Giao từ kho HN mà đóng gói sơ sài,5,2023-02-27 20:03:37,214757466,214757469
26707060,"Ok nhaaaaa, sách xinh quá trrrrrrrr",5,2023-02-22 21:49:54,214757466,214757469
23328171,"Hên hàng ko df , poster to,đẹp quá",5,2023-02-01 14:00:09,214757466,214757472
14176001,"Sách đẹp, gói hàng kĩ",5,2023-02-07 02:24:51,214757466,214757472
5973708,"Đọc đoạn có Lương Tỉ hài ẻ Bookmark xinh xẻo, dày dặn Truyện couple hảo ngọt",5,2023-02-01 18:02:53,214757466,214757469
19857131,"Lần này thấy gói hàng oke hơn nè, mỗi tội cuốn bọc chặt quá làm sách bị cong",5,2023-02-05 16:14:34,214757466,214757472
17881911,truyện hay lắm nhé,5,2023-02-02 14:10:34,214757466,214757472
18083223,Đẹp,5,2023-01-27 14:13:22,214757466,214757469
7590141,Ok,5,2023-02-06 23:09:23,214757466,214757472
27768798,,5,2023-02-15 09:06:01,214757466,214757469
5172424,,5,2024-03-26 21:24:41,214757466,214757469
28286144,Đóng gói khá kĩ đến tay còn rất mới ko bị bể standee,5,2023-02-02 20:44:14,214757466,214757472
23852650,"Sách đẹp, không móp méo gì hết, magiccccc 😌🙏",5,2023-02-19 10:42:34,214757466,214757469
17149911,,5,2024-01-25 14:22:31,214757466,214757469
28041442,"giao hàng nhanh, bìa đẹp, cảm ơn tiki ạ",5,2023-02-22 08:47:44,214757466,214757469
28766882,":)) giao hàng siêu nhanh nha , đóng gói kĩ",5,2023-02-01 15:00:26,214757466,214757472
21214173,,5,2023-10-22 02:18:15,214757466,214757469
28770385,Poster và standee siêu xinhh,5,2023-02-17 21:24:57,214757466,214757472
26080359,,5,2023-07-30 12:40:13,214757466,214757469
27344406,"truyện xinh, k bị méo mó",5,2023-02-02 18:32:31,214757466,214757469
28249570,,5,2023-07-28 01:33:09,214757466,214757469
18094079,Bìa siêu đẹp poste siêu to,5,2023-01-17 16:19:21,214757466,214757472
615935,,5,2023-07-09 00:15:58,214757466,214757469
14654149,quad chuẩn,5,2023-04-15 07:42:55,214757466,214757472
28777037,,5,2023-06-14 01:48:24,214757466,214757472
643382,,5,2023-06-09 20:28:42,214757466,214757469
2108842,,5,2023-06-08 19:00:48,214757466,214757469
27955754,,5,2023-06-07 19:59:34,214757466,214757472
28624979,,5,2023-06-07 19:30:26,214757466,214757469
10305058,,5,2023-06-06 19:41:22,214757466,214757469
18905565,Hay ạ,5,2023-04-15 16:58:52,214757466,214757469
26733149,,5,2023-05-13 23:53:53,214757466,214757472
28866573,,5,2023-05-03 11:34:49,214757466,214757469
8684491,,5,2023-04-29 16:15:26,214757466,214757472
7627472,,5,2023-04-16 08:07:27,214757466,214757469
27688503,Xinh lung linh,5,2023-01-18 12:08:11,214757466,214757472
10794832,,5,2023-04-07 21:49:14,214757466,214757469
15548371,,5,2023-04-06 12:37:33,214757466,214757472
25193173,,5,2023-04-05 20:38:23,214757466,214757469
20562252,,5,2023-04-04 11:02:31,214757466,214757469
25647085,,5,2023-04-03 19:56:22,214757466,214757472
26753328,,5,2023-03-29 18:25:06,214757466,214757469
14877112,,5,2023-03-28 00:23:13,214757466,214757469
28970275,,5,2023-03-25 10:43:04,214757466,214757469
26518436,,5,2023-03-23 06:59:07,214757466,214757469
28770342,,5,2023-03-18 08:33:51,214757466,214757472
28870468,,5,2023-03-14 17:21:37,214757466,214757469
24585615,,5,2023-03-12 14:01:22,214757466,214757472
19510908,,5,2023-03-09 15:45:25,214757466,214757469
18134340,,5,2023-03-06 19:13:18,214757466,214757469
18639813,,5,2023-03-02 12:45:49,214757466,214757469
19529269,,5,2023-02-28 07:28:32,214757466,214757469
28874944,,5,2023-02-27 20:44:05,214757466,214757469
26085897,,5,2023-02-24 15:30:29,214757466,214757469
21663407,,5,2023-02-23 20:47:11,214757466,214757469
27062718,,5,2023-02-22 18:51:05,214757466,214757469
7910907,oke,5,2023-02-05 00:16:03,214757466,214757472
25459148,,5,2023-02-22 07:16:41,214757466,214757469
28780553,,5,2023-02-21 15:42:36,214757466,214757469
28858430,,5,2023-02-20 16:59:08,214757466,214757469
28525344,,5,2023-02-19 15:57:17,214757466,214757472
28449636,,5,2023-02-19 09:48:28,214757466,214757469
101099,,5,2023-02-17 23:48:06,214757466,214757472
27375093,,5,2023-02-15 20:22:38,214757466,214757469
22067615,,5,2023-02-12 04:06:29,214757466,214757469
9623895,,5,2023-02-08 01:32:40,214757466,214757472
26730575,,5,2023-02-07 17:43:07,214757466,214757472
14922719,,5,2023-02-07 14:19:31,214757466,214757469
7278417,,5,2023-02-05 15:17:53,214757466,214757469
20436570,,5,2023-02-05 14:48:16,214757466,214757469
10823440,,5,2023-02-04 08:01:52,214757466,214757472
26896693,,5,2023-02-04 00:00:08,214757466,214757469
28441716,,5,2023-02-03 22:24:13,214757466,214757472
21136041,,5,2023-02-03 19:41:30,214757466,214757472
13212256,,5,2023-02-03 18:45:12,214757466,214757472
2127220,,5,2023-02-03 14:48:24,214757466,214757472
28394531,,5,2023-02-03 11:48:54,214757466,214757472
28172984,,5,2023-02-03 07:48:50,214757466,214757472
10396593,,5,2023-02-02 20:30:25,214757466,214757472
1826533,,5,2023-02-02 10:16:45,214757466,214757472
1143941,,5,2023-02-02 08:10:59,214757466,214757472
28646951,,5,2023-02-01 22:31:17,214757466,214757469
27225362,,5,2023-02-01 22:28:54,214757466,214757469
27926114,,5,2023-02-01 20:57:50,214757466,214757472
9167061,,5,2023-02-01 07:12:10,214757466,214757469
21022,,5,2023-01-30 18:40:45,214757466,214757469
9803178,,5,2023-01-30 11:39:47,214757466,214757469
28623931,,5,2023-01-28 12:03:18,214757466,214757472
10922141,,5,2023-01-27 19:25:18,214757466,214757469
15099028,,5,2023-01-26 17:41:47,214757466,214757472
2220977,,5,2023-01-26 14:31:55,214757466,214757469
759415,,5,2023-01-26 10:53:10,214757466,214757469
14115668,,5,2023-01-23 22:07:26,214757466,214757472
8787972,,5,2023-01-19 20:53:37,214757466,214757472
28032743,,5,2023-01-17 17:34:42,214757466,214757472
21367604,"Poster có vết hằn khá rõ, standee thù quá đẹp",4,2023-01-27 18:15:36,214757466,214757472
28452715,"Tui nói thiệt là tui không ngờ, quá bất ngờ trước cách đóng gói ảo ma Canada của tiki 😂. Bản đb không chống sốc, chỉ có tờ giấy gì đó không biết với mỗi cái bọc đựng quần áo chợ Kim Biên. Mở ra thấy nó chỉ hơi móp chứ không hư lắm bất ngờ quá tr:)) Còn nữa, cái poster nó còn omg hơn. Đựng trong cái ống nước. Má cây đó đem solo thằng kia chỉ có chấn thương. Lấy ra khó khăn sợ hư vl. 4 sao thấy hơi nhân từ mà thôi kệ.",4,2023-02-05 22:34:00,214757466,214757472
14148501,"Bìa đẹp, bắt mắt. Giao nhanh nhưng gói hàng nhìn bất ổn quá, may là ko bị gì. Trang sách bị lỗi nhăn thì do NPH rồi. Nói chung là ổn👌",4,2023-03-31 08:19:15,214757466,214757472
27860446,,4,2026-04-10 17:18:47,214757466,214757469
78277,"Sách ổn, standee ổn, nhưng poster dù đã cuốn ống - giao trong 2h nhưng mở ra thì gấp như hình",3,2023-01-30 00:00:14,214757466,214757472
24277380,:v rách bọc ngoài ship ko có lấy miếng chống sốc công góc hết 4 sao nha,4,2023-03-14 22:53:00,214757466,214757469
29170682,,4,2023-06-09 13:45:51,214757466,214757469
26842572,,4,2023-04-19 15:05:11,214757466,214757469
28766669,,4,2023-01-30 12:48:41,214757466,214757472
8071,"Sách mới nguyên seal, đầy đủ phụ kiện, shop đóng gói chu đáo, bọc chống sốc cẩn thận, giao hàng nhanh, vote 5 sao",5,2025-05-14 12:42:00,277771981,277771989
27492892,❤️❤️💯,5,2025-04-27 23:21:21,277771981,277771989
944938,,5,2025-04-24 22:45:14,277771981,277771989
30280638,Oke 10₫ shops gói cẩn thận,5,2025-04-23 21:27:11,277771981,277771988
1859245,,5,2025-06-06 10:51:35,277771981,277771988
7653303,,5,2025-06-04 23:56:08,277771981,277771989
503356,,5,2025-06-04 16:42:19,277771981,277771989
30146676,,5,2025-06-03 15:07:29,277771981,277771989
11609391,,5,2025-05-24 17:55:21,277771981,277771988
14157461,,5,2025-05-18 12:26:39,277771981,277771989
14732306,,5,2025-05-14 12:25:53,277771981,277771989
27472000,,5,2025-05-05 10:06:51,277771981,277771989
18717431,,5,2025-04-29 03:13:12,277771981,277771989
30355408,,5,2025-04-24 20:50:43,277771981,277771988
29031064,Std k vừa đế phải giũa lại,4,2025-04-27 16:11:28,277771981,277771989
28385352,"Cầm bìa ở ngoài thậm chí còn đẹp hơn trong ảnh, biết đến bộ này khá muộn nên mua được mỗi tập 2... mong được tái bản để mua thêm các tập khác (Ngoài ra bookmark cực đỉnh, dày dặn mà bự, nhìn tưởng thẻ bài lun =)))) bìa cán mờ, sờ rất sướng",5,2022-12-15 10:32:56,557519,290434
28616408,Bìa rất xinh ( nội dung thì đọc thử là biết chứ t cx chx đọc:_ ) 🍓*hình ảnh từ người dùng*🍓,5,2023-01-05 22:24:35,557519,290434
645740,"Truyện đẹp về phần trang trí, nội dung chưa đọc nhưng là cuốn truyện khá nổi lên không có gì phải bình luận. Mong rằng Tiki sẽ phát hành những cuốn tiếp theo. Riêng về khoản vận chuyển và bọc thì chắc chắn và nhanh",5,2018-12-03 16:16:28,557519,290434
11812955,"sách đẹp! không bị mất trang, bị gấp hay in lỗi. Lần đầu tiên đặt mình còn lo lắng em nó sẽ bị giao nhầm nơi ;), anh shipper cũng thân thiện, chạy dưới trời trưa nắng để giao cho mình",5,2019-04-25 09:13:34,557519,290434
10798036,"đọc chưa đọc chưa ?? mình thì chưa đọc đâu nhưng mà chất lượng sách tốt, giao hàng nhanh. Sách nhà Cú thì đẹp khỏi bàn, chắc năm sau mới đu nốt mấy tập còn lại :)))",5,2019-07-28 12:59:07,557519,290434
14995964,"Ưng ghê luôn, truyện đẹp, không bị nhàu nát hay gì cả",5,2020-05-12 18:14:53,557519,290434
16287195,"Thấy có lại t2 nên lật đật đặt liền lmao, tôi ở HCM nên cách ngày là có rồi. Gom tiền đặt hết 3 cuốn còn lại hoyy ( ͝° ͜ʖ͡°)ᕤ",5,2021-01-08 19:40:39,557519,290434
10706523,"Trước khi đặt hàng mình cũng rất băn khoăn vì có nhiều bạn nói giấy ố vàng hay sách cũ nhưng vì đã chờ đợi quyển này ròng rã 1 tháng trời lận cho nên cuối cùng cũng không kìm được mà mua về. Nội dung thật sự rất tuyệt vời , không có gì có thể bàn cãi Sách rất mới , giấy trắng không bị ố vàng như nhiều nhận xét khác tuy bookmark hơi mỏng so với tập 1 nhưng cũng không bị bẩn hay cong vẹo Truyện nói về nhân vật chính - Tu , một con người đơn độc , đáng thương trong cái nhìn của bạn độc giả Đỗ Trach lúc đầu chỉ biết đến sự trả thù và lợi dụng nhưng sau khi gặp được Đỗ Trạch đã 1 lần nữa thay đổi , thay đổi thực lớn để đến khi không cứu vãn được tình cảm nữa thì lao đâu vao 1 cuộc tình vô tận triền miên",5,2019-04-30 19:05:00,557519,290434
8083691,"Hình thức bên ngoài: Sách đẹp lắm ấy mọi người ạ =(( Giấy màu ngà, đọc đỡ mỏi mắt, sờ mịn, khá dày dặn không hề mỏng đến xuyên thấu đâu. Bìa ngoài cán mờ, rờ rất sướng tay. Mình thích font chữ của truyện, mặc dù không quá đặc biệt. Ảnh bìa khá được trau chuốt, hình cắt của bookmark đẹp, cứng cáp, hình không khác gì trang bìa. Đấy là một điều mình tiếc hùi hụi, mình mong được nhìn thấy Tu ở bookmark mà hổng có được thấy =(( (Sau một hồi lướt gg mình nhận ra hình như là lấy tranh minh họa ở bên trung luôn =)))) Hình thức bên trong: Minh họa cũng khá chuẩn, mình đọc đi đọc lại phần tác giả miêu tả độc giả ngốc nghếch dễ thương rồi so sánh, đến hiện tại mình cũng chưa bắt được lỗi sai nào cả =)). Trình bày truyện rất ‘teen’ =)) Mình không tìm được từ nào khác để diễn tả cho đúng =)) Nói sáng tạo thì chưa đến mức ‘rất’ nhưng nó cũng toát ra được phần nào cái ‘thần’ của bộ truyện, từ góc nhìn ‘xoắn não’ của bạn độc giả Đỗ Trạch =))",5,2018-10-12 17:05:43,557519,290434
7907114,,5,2023-12-30 15:29:17,557519,290434
830779,"Sách đẹp, chất lượng tốt, còn đọc thì mình chưa, tại mình còn tập 3,4,5 nữa chưa mua là mình chưa có đọc tập 1,2. Đợi đủ bộ rồi đọc cũng ok !",5,2019-09-13 12:41:02,557519,290434
6531951,"Tính lên mấy trang khác mua, mà tìm hoài không thấy, đợi lâu lắm rồi, thì tình cờ gặp Tiki quảng cáo truyện này, cuối cùng cũng mua được e nó về, mà quên nhấn bookcare, lm mình cảm thấy khá ấm ức ;(",5,2018-06-09 16:34:56,557519,290434
9892725,"tiki giao hàng rất nhanh, bọc sách rất chắc chắn",5,2020-03-20 13:46:54,557519,290434
311367,"Truyện của Đồi khá là khó dịch nhưng mà chị Hoàng Ly dịch rất mướt, theo lối hài hước của người Việt. Bìa và bookmark cứng, chắc chắn. Nội dung thì khỏi bàn. Tuy không phải là tác giả nổi tiếng nhưng truyện của Đồi rất mới lạ, thu hút, không hướng tình cảm sướt mướt quá nhiều",5,2017-08-06 13:37:21,557519,290434
18999680,,5,2023-02-22 14:54:35,557519,290434
27964482,,5,2023-01-31 18:16:33,557519,290434
11110133,"Bìa đẹp, nội dung thì miễn bàn, giao hàng rất nhanh Rất thích ❤❤❤",5,2019-04-16 21:40:15,557519,290434
21367604,,5,2023-01-27 09:12:00,557519,290434
16088740,,5,2023-01-19 14:31:23,557519,290434
1254323,"Thích nhất tác phẩm này của Đồi, đã đọc qua vài lần nhưng vẫn không chống đỡ nổi độ manh của mỗ độc giả, nhân vật chính dễ thương lại nhu tình, chiếm hữu đến không thể tưởng. Truyện hảo manh, cảm giác như ""Chỉ vì ngươi cứu ta một lần liền nhượng cả đời ta đến bồi ngươi đi"" như vậy như vậy đấy Thể loại xuyên không, xuyên thư này tôi rất hoan nghênh, mong là sẽ sớm có tập ba (//^//) có điều là phần tóm tắt truyện ở mặt sau bìa có chút hơi khó hiểu.... đọc vài lần mới hiểu được nó đang nói cái gì",5,2017-05-23 22:09:08,557519,290434
907672,"Đã đọc trên mạng nhưng vẫn quyết định mua. Hình minh họa bao đẹp, giấy chất lượng, bookmark loại cứng chứ không mềm như một số truyện khác. Rất mong chờ ra tiếp các tập tiếp theo mà lâu quá rồi không nghe thông tin gì.",5,2018-05-04 22:05:42,557519,290434
6727319,"Sách hay, bọc cẩn thận, giao hàng nhanh. Sách nhìn rất mới và có bookmark nhìn trông đẹp mắt.",5,2019-10-19 20:38:29,557519,290434
6335267,"Đọc xong phần 1 phải mua tiếp để đọc. Sách giao mới, nhanh, hài lònggg",5,2020-01-30 15:05:00,557519,290434
5675851,,5,2022-09-20 13:05:57,557519,290434
797387,"chờ đợi mòn mỏi mới có tập 2, nội dung truyện hay, bìa đẹp, được tiki bán giá hợp lí, giao hàng khá nhanh, nói chung là thích, hi vọng sớm có tập mới, có luôn trọn bộ càng tốt, sẵn sàng mua tiếp truyện từ tiki.",5,2018-04-11 10:39:59,557519,290434
567912,"Huhu, mình mê truyện này lâu rồi, nhưng lại đang kẹt tiền. Lần này thấy Tiki giảm xuống 30% là mình quyết tâm mua luôn. Tiki giao hàng cực nhanh, khiến mình rất vui. Hàng rất ok, bìa đẹp mê li. Lúc đầu tưởng không có bookmark, xém buồn thúi ruột, may mà lật lật rồi thấy. Mừng hết biết. XDDD Tập 2 này thực sự kiến mình rất thích, không chỉ bìa đẹp, còn có tranh minh họa cũng đẹp không kém. Cứ tưởng là tập 2 sẽ không có 4 tranh như tập 1, ai dè lại có. Thật là từ bất ngờ này đến bất ngờ khác. Truyện của Đồi thì khỏi chê vào đâu được, từ nhân vật cho đến tình tiết, bối cảnh đều thuộc loại mình thích nhất <3 Cảm thấy mua truyện này vừa có thể ủng hộ Đồi vừa có thể thỏa mãn ham muốn của mình. ^^ Mua tập 2 này, không hối tiếc chút nào!",5,2016-12-22 13:24:15,557519,290434
668879,"Mình phải nói là cực yêu bìa bộ này :)) nhìn bìa đã thấy đã mắt rồi :))) tập này thì tình cảm của Tu với Đỗ Trạch có lên được chút :))) chắc sang tới tập 3 là có H :"">>> hónggggg Hình minh họa thì thôi =]]] mình nhìn mà cảm thấy sống chẳng uổng =]]] hình vẽ cực đẹp luônnnn Tiki lại giao rất nhanh đặt hôm nay hôm sau có :)))) cực hài lòng :))))",5,2016-12-12 13:00:59,557519,290434
92915,"Đầu tiên muốn khen cái bìa :)) cái bìa tập 2 hình siêu đẹp, nội dung thì chắc ai đọc tập 1 cũng thấy truyện có một nội dung rất hấp dẫn, về chủ đề xuyên thư(xuyên trong truyện), có nhiều tình tiết hài, mình rất thích mỗi lần nhân vật chuyển đổi hình thái, ngầu dã man luôn, tính cách nhân vật trong truyện cũng lôi cuốn :)) truyện càng ngày càng hay hơn ^_^ về nội dung tập 2 thế nào thì mọi người tự đọc nhá :)))",5,,557519,290434
2078071,"chất lượng giấy rất tuyệt, trong truyện có vài tranh minh hoạ siêu đẹp. mình đọc truyện này từ trước r nên tính mua để lưu giữ. Cách dịch khá hài hước, phù hợp vs ngôn ngữ của giới trẻ, tiếc là không biết bao giờ mới ra đủ bộ.",5,2017-08-09 19:30:52,557519,290434
7187196,"Trong 3q đc giao tới chỉ có duy nhất quyển này là đẹp nhất, ko trày xước hay rách nát tuy là xuất bản từ năm 2016:)))",5,2018-10-20 16:53:16,557519,290434
9968112,,5,2021-01-29 12:51:41,557519,290434
10983137,"Bìa truyện đẹp, cốt truyện hay",5,2020-05-07 22:05:11,557519,290434
717160,May mắn là trên Tiki vẫn còn bộ tiểu thuyết này. Sách được bọc và giao hàng cẩn thận,5,2020-03-07 15:52:05,557519,290434
13004113,"1 ngày đọc đc 1 quyển, đọc một mạch hết luôn. khá cuốn, khá ngắn và khá hài",5,2020-03-29 23:31:30,557519,290434
2022854,"Tuy chưa đọc truyện nhưng rất hài lòng về vẻ ngoài sạch sẽ và thẳng thớm của cuốn sách. Tiki đóng gói sách đàng hoàng lắm, rất thích, cho tiki 10/10 điểm ha!^^ Truyện hay, nhưng chưa hoàn, haiz, k biết đến bao h mới đủ bộ đây??",5,2017-01-05 21:45:17,557519,290434
16091785,"sp đc bao bì cẩn thận, giao hàng nhanh, a shipper cx dễ thương nx",5,2020-04-02 16:22:44,557519,290434
9708903,"Truyện rất hay, đóng gói cũng rất chắc chắn, đẹp. Mình đã mua nhiều lần ở tiki, lần nào cũng rất hài lòng.",5,2019-02-28 08:52:55,557519,290434
14567352,truyện hay đóng gói cẩn thận good bao h tiki bỏ cái 50 kí tự đi nhể,5,2019-11-23 15:36:40,557519,290434
8668166,Tốt,5,2021-03-03 19:04:31,557519,290434
18879318,,5,2021-03-29 22:16:41,557519,290434
14354334,10 điểm cho tiki vì quá tuyệt vời. Truyện đc giao,5,2020-03-28 18:08:44,557519,290434
6345138,sách giao trước cả hẹn! thật tuyệt vời! cảm ơn Tiki,5,2020-02-12 14:44:40,557519,290434
13108634,chất lượng tốt đồ như mới bookmark đầy đủ đóng gói cẩn thận,5,2019-10-30 16:49:14,557519,290434
7510572,"Sách chất lượng tốt, giao hàng cực kỳ nhanh.",5,2020-03-31 12:58:26,557519,290434
8443406,,5,2021-02-24 13:38:04,557519,290434
19472663,Rất hay,5,2021-01-01 11:08:47,557519,290434
10789258,,5,2021-02-22 19:06:48,557519,290434
16444861,"Đóng gói hàng đẹp, chất lượng sản phẩm tốt.",5,2020-02-18 11:57:12,557519,290434
17240971,,5,2021-01-31 18:43:12,557519,290434
14305163,,5,2021-01-30 11:03:19,557519,290434
1587481,,5,2021-01-18 11:48:19,557519,290434
8375589,"hay, mà làm sao mới bọc được bookcare ạ?",5,2020-03-18 23:50:43,557519,290434
18236705,,5,2021-01-15 21:03:40,557519,290434
17679982,,5,2021-01-15 01:00:16,557519,290434
12987171,,5,2021-01-10 17:36:39,557519,290434
17938152,,5,2021-01-08 18:01:32,557519,290434
19798292,,5,2021-01-08 17:44:54,557519,290434
18990846,,5,2021-01-08 09:34:24,557519,290434
14255684,gia nhanh hàng cx rất tốt rất hài lòng cảm ơn ahop nhìu,5,2019-10-22 21:58:13,557519,290434
16584037,"nội dung hay, Các bạn nên mua dùng",5,2020-03-02 21:22:31,557519,290434
6203459,"Bìa đẹp, có hình minh họa, tuyệt vời, nhìn thôi là cũng thấy vui rồi!!!!",5,,557519,290434
5276867,,5,2020-08-24 21:56:07,557519,290434
6207183,,5,2020-08-14 01:51:51,557519,290434
17311395,tốt,5,2020-07-05 12:51:05,557519,290434
408517,,5,2020-08-02 13:36:45,557519,290434
6851501,,5,2020-07-31 14:23:48,557519,290434
13485273,,5,2020-07-09 18:09:15,557519,290434
6219549,"Hay lắm,giao cũng nhanh và thân thiện nhưng bao giờ có tập 3 ạ!!! Nhưng truyện khi giao về có bị méo đi đau lòng vl lắm lắm!!",5,2018-01-01 10:36:56,557519,290434
12642299,,5,2020-05-30 23:26:21,557519,290434
17310303,,5,2020-05-30 20:19:32,557519,290434
26566,Đọc 1 lèo xong hóng chết mồ luôn huhu Truyện rất đáng đọc nhưng mà tại sao ko xuất bản hết các phần lẹ chút trời.,5,2017-10-28 23:11:23,557519,290434
6263637,"Hợp ý văn, rất dễ đọc, thể loại độc chiếm này rất thích ? tiếc mà mãi tập 3 chưa thấy có tin tức gì?",5,2017-12-30 12:56:51,557519,290434
6771563,"Hàng đep , Đọc phê hết chỗ chê ! Cảm ơn Tiki nhìu nhìu",5,2018-08-11 13:38:38,557519,290434
5465749,"Tốt, bìa đẹp, bookmark đẹp, nói chung là tốt hết, tôi chỉ đang chờ tập 1 có hàng thôi",5,2017-10-18 20:59:12,557519,290434
5611123,"Tiki giao hàng nhanh chóng, đóng gói đẹp và chắc chắn, yêu tiki.",5,2017-08-30 20:25:37,557519,290434
5287788,"truyện hay mà tiki giao cũng nhanh lắm, hóng tập tiếp theo :3",5,2017-08-19 22:52:31,557519,290434
1764277,Truyện hay lắm giao nhanh sách đẹp lắm yêu tiki ghê,5,2017-03-11 17:17:44,557519,290434
2110698,"Nhận được sách vừa bị nhăn bìa, nhăn luôn vài trang bên trong, vừa tróc gáy sách lại còn bị dơ (dấu con trùng chết). Bookcard thì in lệch. Mua về để tặng mà nhận được hàng kém chất lượng quá.",1,,557519,290434
7428573,"Sách bị lỗi nhiều trang, mực in lem nhem, số thứ tự trang bị xáo trộn nhiều... Mua sách nhiều rồi, lần đầu tiên thất vọng với Tiki quá, mong Tiki sẽ cải thiện",2,2018-12-31 13:04:14,557519,290434
10338937,Tập 2 truyện bị ố vàng bookmark cũng mỏng hơn tập 1 nữa có lẽ vì vậy giá cx rẻ hơn mình rất thích truyện nhưng vì chất lượng giấy mình cho 3 sao,3,2019-01-24 17:02:03,557519,290434
1903077,"Ai nha... mình bị nghiện truyện này mất rùi.... mình vừa mới mua cuốn một thì lại thấy cuốn hai.... thiệt hạnh phúc quá trời lun!!!!! Bìa truyện đẹp, ảnh minh hoạ cũng đẹp, cốt truỵên thì. ............. ............ ............. ............ Siêu Cấp Hay!!!!!!! Riết chắc mình cũng yêu Đồi mất thui....",5,,557519,290434
944989,"Hài lòng từ nội dung đến bìa sách. Boomark đẹp và rất cứng cáp. Tất cả đều đáng được 5sao. Nhưng điều khiến mk đánh giá 3sao cho tiki: sản phẩm này luôn trong tình trạng hết hàng, mk phải đợi rất lâu mới thấy tiki bán tập 2 là mua về ngay. Khi về thì sách bẩn, gáy sách bị sờn nhìn rất mất thẩm mỹ. Mong lần sau tiki giao hàng sẽ chú ý hơn.",3,2018-06-14 08:50:04,557519,290434
7000253,"Đặt mua sách mới nhưng sách nhận được thì như sách cũ vậy: gáy sách bẩn, còn rách nữa. sau này sẽ không mua sách ở đây nữa",1,,557519,290434
548594,"Truyện thì nội dung hay khỏi bàn, bìa cũng đẹp, bookmark dày dặn cầm rất thích, trong truyện có hình minh họa rất dễ thương. Nhưng chỉ duy nhất một điều mắc trong lòng đó là vì ở xa nên trong quá trình vận chuyển bên đối tác của Tiki có lẽ đường đi xóc nảy nên sách bị méo mất một góc ở gáy, nhìn vô cùng xót xa, đau lòng muốn chết. Hi vọng trong những đơn hàng sau này, Tiki có thể cải thiện việc đóng gói sản phẩm để tránh bị bẹp hay méo sách.",3,2017-11-25 09:14:53,557519,290434
16393262,quyển này ko hiểu sao nhìn vàng hơn quyển còn lại nhìn cũng thấy đểu đểu kiểu gì ấy,2,2020-02-14 10:22:12,557519,290434
508276,"Giao hàng rất nhanh và rất tốt Mặc dù bìa sách rất đẹp nhưng giấy bên trong bị vàng hết rồi, chất lượng giấy cũng không được tốt, có trang bị bẩn Mong tiki nhanh chóng cải thiện",2,,557519,290434
13406261,mua rõ ràng là sách mới như sách đã được sự dụng qua,2,2020-12-16 10:50:01,557519,290434
11645996,,4,2021-04-01 21:52:06,557519,290434
1759850,,3,2021-01-08 22:08:42,557519,290434
17107362,Cực hay đọc ko thể dứt ra nổi ?,4,2020-04-27 14:01:55,557519,290434
7098206,"Nội dung rất tốt, chỉ tiếc truyện này không có kèm bookmark nên lúc mua về trang giấy hơi bị vàng.",4,2018-06-20 11:07:21,557519,290434
6854888,Sách của t bị lỗi một trang.Rất ko hài lòng nhé. Tiki nên cẩn thận hơn chứ,1,2018-11-04 18:44:40,557519,290434
1107606,"Bộ độc giả về phần nội dung thì khỏi bàn cãi, nhưng cách dịch thật sự có vấn đề, đọc cứ như là copy từ google dịch, phá hư lối dẫn dắt của tác giả. Về phần edit, không biết là do vội dịch hay sao mà quá nhiều lỗi chính tả, lỗi edit, câu chữ bị thiếu, nhiều hơn cả cuốn thứ 1. Mong dịch giả có thể củng cố lại cách dịch và cách edit, chân thành cảm ơn.",3,,557519,290434
17835465,"Giao hàng nhanh. Mà đóng gói quá chi là sơ sài. Buồn quá tr á. Lót đc đúng tờ giấy cho em. Mong lần sau bên đóng hàng rút kinh nghiệm ạ 🥲 Còn về truyện thì chất lượng dịch ok, nội dung thì hài hài, đáng iu. Bìa minh hoạ nv không như trong tưởng tượng của mình lắm. Nchung rcm mua nha.",5,2023-02-22 20:47:49,203211985,203211986
21565337,"Bìa đẹp, bắt mắt, nội dung hay, cute 😚 Sách giao hàng ko bị df Giá cả hợp lí 👍",5,2022-12-21 17:57:21,203211985,203211986
24582722,Đẹp xỉu luôn !! Ông bà độ nên ko bị Df,5,2022-12-22 07:33:47,203211985,203211986
28564791,"sách ok, không hỏng",5,2023-01-08 15:03:11,203211985,203211986
10632687,"Sách xinh lắm nhaaa, giá cũng rẻ hơn vài chỗ mình biết. Giao hàng nhanh quá trùi, hôm qua mới lên đơn mà hôm nay sách tới tay mình rồi=)))))",5,2022-11-28 12:11:23,203211985,203211986
1898682,Đẹp quóoooo,5,2024-09-26 13:02:00,203211985,203211986
28616408,"Trộm vía sách ko bị df, mình mua quyển này vs 2 quyển khác. Ko biết do giao nhanh hay do mình hên mà cả 3 đều rất okk",5,2023-02-07 22:55:28,203211985,203211986
30664782,,5,2026-06-09 10:08:56,203211985,203211986
17149911,Tuyệt vời luôn nhaaa đỉnh của chóp săn sale mà chất lượng váaaaa,5,2022-11-29 12:07:26,203211985,203211986
12359758,Sản phẩm giao đúng thời gian dự kiến,5,2023-01-30 09:35:09,203211985,203211986
27670962,,5,2022-12-13 11:23:37,203211985,203211986
19984612,"Sách đẹp, giao hàng nhanh",5,2023-03-15 15:04:19,203211985,203211986
28305175,,5,2023-06-09 11:59:07,203211985,203211986
27062718,Giao hàng nhanh,5,2022-12-13 21:08:52,203211985,203211986
16507789,,5,2023-03-09 00:18:44,203211985,203211986
18134340,,5,2023-03-06 19:13:24,203211985,203211986
24167906,Ok,5,2023-02-20 16:26:00,203211985,203211986
26449822,,5,2023-02-27 10:37:09,203211985,203211986
11060071,,5,2023-02-22 10:22:56,203211985,203211986
16447155,,5,2023-02-02 13:46:22,203211985,203211986
7278417,,5,2023-01-30 13:44:07,203211985,203211986
26521018,,5,2023-01-19 17:53:12,203211985,203211986
28032743,,5,2022-12-21 15:41:57,203211985,203211986
16394414,,5,2022-12-21 10:35:18,203211985,203211986
22055390,,5,2022-11-21 12:09:33,203211985,203211986
1786044,,5,2022-11-13 04:25:48,203211985,203211986
28399248,,5,2022-11-10 18:17:09,203211985,203211986
21717714,,4,2022-12-23 14:06:51,203211985,203211986
7560346,,4,2022-11-13 19:53:26,203211985,203211986
30159799,Sản phẩm đúng mô tả mỗi tội bị rách seal đằng sau may sách không bị xước.,5,2024-11-11 20:25:09,275624210,275624560
30068990,"T đã nhận được truyện, giao hàng nhanh chóng",5,2024-10-26 15:19:18,275624210,275624560
13119072,Đóng gói gửi hàng nhanh,5,2024-11-29 13:34:46,275624210,275624560
8248593,"Sách bị xước hình chữ X to tổ chảng ở mặt bìa như là vết dao cắt giấy cắt phải , seal thì bị rách và 1 số vết rách nhỏ ở bìa , bìa còn có 1 số vệt bẩn nữa như sách cũ tồn kho vậy 😭😭😭😭😭😭😭 nhưng được cái giao nhanh , shipper nhiệt tình",1,2024-10-22 12:38:04,275624210,275624561
68275,Nội đứng giải trí nhẹ nhàng.,5,2025-08-08 09:06:24,275624210,275624560
5759790,,5,2025-12-04 22:09:16,275624210,275624560
1903386,,5,2025-05-08 22:30:18,275624210,275624561
18029329,,5,2025-03-27 20:16:06,275624210,275624560
6616662,,5,2025-02-04 14:38:50,275624210,275624560
8820468,,5,2024-10-21 16:25:30,275624210,275624560
20062986,,5,2024-09-03 16:38:44,275624210,275624560
10962186,Sách bị df góc và bị bục seal,4,2024-10-25 17:07:04,275624210,275624560
30315648,"Hàng hơi móp, rách vỏ bọc một chút",4,2025-05-02 08:51:00,275624210,275624561
22709134,Đóng gói cẩn thận. Bìa đẹp. Chữ rõ nét. Nhân viên giao hàng thân thiện.,5,2024-02-05 17:54:06,217148634,217148636
24491961,"Gói hàng bên tiki đã cải thiện hơn trước nhiều rồi, vừa thơm vừa cẩn thận, thích lắm, còn giao nhanh nữa",5,2024-03-28 14:56:08,217148634,217148638
27827676,"Đẹp xuất sắc, chờ xem donghua lâu quá.",5,2023-02-25 18:53:55,217148634,217148638
30648094,,5,2026-04-07 21:18:40,217148634,217148636
17347183,"Sách cực xinh, giao hàng nhanh, nhưng đóng gói ko đc chắc chắn nên 1 đầu sách bị móp ạ",5,2023-03-02 21:16:47,217148634,217148638
296347,"Chưa đọc nhưng bìa đẹp , sách cứng cáp quà tặng kèm đẹp",5,2023-05-23 09:19:08,217148634,217148638
21575280,,5,2025-10-13 07:46:41,217148634,217148636
28734260,Giao hàng nhanh đóng gói sản phẩm rất đẹp và chắc chắn,5,2023-02-23 12:14:21,217148634,217148638
15923786,Bìa đẹp sách hay giao hàng nhanh shipper thân thiện sale rẻ,5,2023-03-04 19:36:36,217148634,217148638
14176001,"Sách đẹp, gói hàng kĩ",5,2023-03-04 00:04:13,217148634,217148636
12120973,,5,2024-04-17 17:10:33,217148634,217148636
28032161,,5,2024-02-01 13:14:10,217148634,217148636
14654149,"giao vừa nhanh vừa chuẩn, lại sale.5sao",5,2023-04-15 07:41:24,217148634,217148638
25942585,,5,2023-10-17 19:29:59,217148634,217148636
29130743,,5,2023-09-17 15:38:09,217148634,217148636
28800068,,5,2023-08-28 09:34:59,217148634,217148638
23341070,,5,2023-07-19 22:40:02,217148634,217148638
10947748,,5,2023-06-19 07:33:05,217148634,217148638
1414534,,5,2023-06-10 09:13:35,217148634,217148638
2220977,,5,2023-06-01 17:35:52,217148634,217148638
26844489,,5,2023-05-31 10:17:58,217148634,217148638
316136,,5,2023-03-29 11:26:30,217148634,217148636
759415,,5,2023-03-28 18:18:25,217148634,217148636
14877112,,5,2023-03-28 00:22:44,217148634,217148636
17315919,,5,2023-03-17 12:33:28,217148634,217148636
10675493,,5,2023-03-04 12:19:11,217148634,217148636
10794832,,5,2023-03-03 23:27:35,217148634,217148638
22546946,,5,2023-03-02 23:33:39,217148634,217148636
357871,,5,2023-02-26 16:03:05,217148634,217148636
28149670,,5,2023-02-24 05:50:39,217148634,217148638
10154897,,5,2023-02-22 18:50:53,217148634,217148638
6301446,,5,2023-02-22 14:10:17,217148634,217148638
1826533,,5,2023-02-21 05:36:51,217148634,217148638
28043379,Sản phẩm cũ. Bao kiếng bị rách.,3,2025-07-29 12:48:50,217148634,217148636
24750445,Ok,4,2023-04-24 12:52:32,217148634,217148638
19247861,"tốt lắm nha các bác? Shipper thân thiện,đóng gói hàng chắc chắn,sách đẹp bìa đẹp",5,2021-04-18 08:52:04,75455516,75455517
30579508,"Shop đóng gói kĩ, giao nhanh, sp ko bị df",5,2026-09-13 00:19:06,75455516,75455517
11187779,"Thật không ngờ hoá ra Tiki cũng có bán, giờ mới biết để mua ^^ Sách đẹp, chất giấy mịn, sờ thích, màu vàng nhạt không quá chói mắt. Tiki giao hàng nhanh, bọc hàng tốt. Về phần nội dung thì không thể chê hành văn của Priest, bản dịch đọc khá mượt, tuy nhiên theo cảm nhận cá nhân mình thì một vài chỗ kiểu không lọt tai lắm, nhưng đa phần là ổn. Có sự thêm thắt các chi tiết thuần Việt giúp người đọc dễ hình dung hơn.",5,2021-07-08 20:56:17,75455516,75455517
2426,"Bộ này của Priest khá hay,tức là ra chậm quá. Tiki vừa lên kệ là xúc liền. Giao hàng nhanh,bao gói kỹ,sách có thêm màng co bao ngoài.Chất lượng tốt.",5,2021-01-13 12:10:50,75455516,75455517
403028,"Đã đến quyển 2 của bộ này rồi, sách được in rất đẹp, đóng gói chắc chắn, nên khá chờ mong những quyển sau cũng đẹp như vậy. Ngoài ra, Tiki giao hàng đúng ngày và anh shipper thân thiện.",5,2021-01-21 19:21:33,75455516,75455517
15619064,"Sách đẹp không bị móp, giao hàng nhanh hơn dự kiến",5,2023-05-02 13:13:50,75455516,75455517
30745999,,5,2026-08-31 19:29:37,75455516,75455517
11481641,"Nội dung truyện khá hay, phần diễn giải về nguồn gốc thời cổ hơi lòng vòng khó hiểu, tình tiết khá cuốn hút, nên đọc!",5,2022-11-05 11:22:09,75455516,75455517
21727322,còn màng bọc sách không bị hư khi vận chuyển ♥️♥️♥️ thích thật,5,2021-05-19 11:15:30,75455516,75455517
17694185,Sản phẩm đẹp lắm ạ 👍 Mua tổng 3 cuốn ko bị móp méo gì 👌,5,2021-07-09 01:29:57,75455516,75455517
1272197,"tiki giao hàng đúng hạn, nguyên set còn màng co ????, nhưng móp nhẹ ở góc",5,2021-02-01 14:53:23,75455516,75455517
1342710,"Dù đã đọc bao lần rồi, mà khi đọc lại mình đều có cảm giác như mới đọc lần đầu... Rất thích luôn!",5,2021-06-17 10:09:24,75455516,75455517
17572878,"Sách mới, bao bì đẹp mắt, được đóng gói và giao hàng đúng ngày, chưa đọc nội dung nên chưa biết.",5,2022-09-26 20:31:54,75455516,75455517
19587799,"Đẹp đẹp đẹp và đẹp lắm ạ! Cái hộp còn nguyên không bị méo mó, đặt hôm thứ 5 mà thứ 7 đã có rồi",5,2022-02-12 14:09:53,75455516,75455517
10679,"đặt shipnow, giao hàng siêu nhanh, tiki đã bọc bookcare. truyện rất hay và ấn tượng, nên đọc nhé mọi ng.",5,2021-12-31 22:00:11,75455516,75455517
20278385,"Hàng chuẩn, giá tốt, đóng gói đẹp, nhân viên thân thiện",5,2021-09-11 18:26:50,75455516,75455517
82924,Rất hài lòng. Hi vọng mốt Tiki để nguyên seal cho mình nhé,5,2021-07-01 14:28:39,75455516,75455517
10354443,Tiki giao hàng nhanh. Mua sách trên tiki vẫn luôn ổn. Thi thoảng có hơi chưa tốt nhưng nhìn ching là ok,5,2021-09-13 21:12:50,75455516,75455517
5594690,Sản phẩm được giao nhanh chóng. Sách chất lượng tốt phẳng phiu. Sẽ ủng hộ mua tiếp khi cần. Have a good day!,5,2021-04-24 10:11:10,75455516,75455517
10061328,"ổn , nhăn ở sách :))huhu nhưng mà tiki ship nhanh nên em không dám trừ sao mà cho 4",5,2021-11-23 16:31:39,75455516,75455517
7727054,Nội dung hay,5,2023-02-08 12:28:13,75455516,75455517
29955366,,5,2024-05-27 09:50:31,75455516,75455517
9143901,"Giao rất nhanh luôn, hôm nay đặt hôm sau đã có Sản phẩm đóng gói rất tốt",5,2022-10-24 21:08:57,75455516,75455517
9063005,"Phải nói là giáo hàng nhanh, sách đẹp, rất thích",5,2022-02-17 17:23:06,75455516,75455517
25193173,,5,2024-02-18 08:29:37,75455516,75455517
2218179,"Truyện rất hay, trang bìa cũng hợp gu mình, mong Cẩm nhanh nhanh ra quyển 3.",5,2021-04-23 13:10:18,75455516,75455517
2105269,"chất lượng tốt,giao hàng nhanh, đóng gói cẩn thận",5,2021-09-05 22:57:56,75455516,75455517
27918208,,5,2023-11-05 01:33:47,75455516,75455517
27652674,,5,2023-10-26 17:24:11,75455516,75455517
5287822,,5,2023-09-08 13:32:34,75455516,75455517
10472608,đẹp lắm,5,2022-03-26 07:52:39,75455516,75455517
21062281,"đẹp, ko móp méo, giao hàng nhanh, nói chung là cực thích luôn",5,2021-03-27 15:34:04,75455516,75455517
565240,"giao hàng nhanh, vừa đặt hôm qua hôm nay đã có hàng",5,2021-05-06 14:59:46,75455516,75455517
13961533,mình so bookmark của cuốn 2 nhỏ hơn cuốn 1,5,2021-07-03 17:29:53,75455516,75455517
5682728,"Sách đẹp, đóng gói kỹ",5,2021-10-24 23:19:18,75455516,75455517
8489159,,5,2023-06-30 15:44:40,75455516,75455517
26544946,Hay,5,2022-03-22 10:22:34,75455516,75455517
646279,"Giao hàng nhanh, sách đẹp, chất lượng!",5,2021-06-26 10:00:17,75455516,75455517
19977226,,5,2023-06-01 20:24:55,75455516,75455517
10584905,Sách nguyên vẹn. Giao hàng nhanh. Mình rất hài lòng.,5,2021-03-04 11:46:21,75455516,75455517
10912551,,5,2023-05-09 08:18:34,75455516,75455517
18577646,,5,2023-04-02 19:36:33,75455516,75455517
24750908,,5,2023-02-25 14:32:15,75455516,75455517
6281331,"Giao hàng nhanh, đóng gói đẹp.",5,2021-05-08 13:11:34,75455516,75455517
28830814,,5,2023-02-15 12:24:58,75455516,75455517
7892686,,5,2023-02-07 16:13:19,75455516,75455517
16383727,,5,2023-01-29 18:04:56,75455516,75455517
21531683,Sách đẹp nguyên seal,5,2021-06-10 12:26:19,75455516,75455517
5125857,Giao hàng rất nhanh,5,2021-06-18 15:12:02,75455516,75455517
20103112,Sách đẹp,5,2021-08-11 09:11:55,75455516,75455517
11547799,,5,2022-12-21 09:21:42,75455516,75455517
11312705,,5,2022-12-19 13:16:48,75455516,75455517
27904893,,5,2022-12-05 17:26:15,75455516,75455517
10675493,,5,2022-11-18 12:08:10,75455516,75455517
26312666,"Bọc sách đẹp, giao hàng nhanh",5,2022-03-19 18:15:04,75455516,75455517
1720088,,5,2022-10-06 15:08:03,75455516,75455517
5424711,,5,2022-09-09 22:36:26,75455516,75455517
19235222,"chất lượng tốt ,hàng gửi về không bị nát bìa, hàng gửi về tương đối nhanh",5,2021-01-29 08:24:55,75455516,75455517
13981754,Ui cứ phải đỉnh cu,5,2021-01-27 00:16:44,75455516,75455517
17976412,ok,5,2021-06-09 20:44:41,75455516,75455517
10200953,"sách đẹp, rất hay",5,2021-01-27 13:04:56,75455516,75455517
21749133,Hay,5,2022-08-10 09:24:31,75455516,75455517
22068678,,5,2021-06-10 17:03:27,75455516,75455517
845673,,5,2021-05-21 11:18:24,75455516,75455517
23119657,"Sách đẹp,giao hàng nhanh",5,2022-02-09 20:20:26,75455516,75455517
18751502,,5,2022-07-18 11:18:21,75455516,75455517
13346090,,5,2022-07-17 00:11:35,75455516,75455517
27000237,,5,2022-07-10 02:37:39,75455516,75455517
21182708,,5,2021-04-24 12:59:10,75455516,75455517
20087092,,5,2022-07-02 17:41:16,75455516,75455517
17918966,,5,2022-07-02 08:08:27,75455516,75455517
24038719,,5,2022-06-27 11:44:54,75455516,75455517
8681451,,5,2022-06-13 17:21:47,75455516,75455517
19833999,tốt,5,2021-02-28 21:33:15,75455516,75455517
17745988,,5,2021-03-28 13:04:54,75455516,75455517
12440030,,5,2022-06-08 13:52:28,75455516,75455517
22414262,,5,2022-05-31 12:22:37,75455516,75455517
22923100,cực kỳ hài lòng,5,2022-01-14 20:50:43,75455516,75455517
9066629,,5,2021-02-28 18:33:26,75455516,75455517
673443,,5,2022-05-12 14:54:04,75455516,75455517
20361812,,5,2022-05-04 10:23:53,75455516,75455517
17608982,,5,2021-02-18 13:38:02,75455516,75455517
9832811,Yess,5,2022-03-06 23:41:59,75455516,75455517
12823592,"Rất hài lòng nhe quý vị. Giao nhanh, sách đẹp.",5,2021-04-24 22:16:54,75455516,75455517
7167658,,5,2022-03-20 07:59:24,75455516,75455517
19340779,,5,2022-03-13 19:18:33,75455516,75455517
8085813,yêu,5,2022-02-07 17:56:36,75455516,75455517
22817522,,5,2022-03-01 11:29:09,75455516,75455517
10025671,,5,2022-02-26 12:34:41,75455516,75455517
6092900,,5,2022-02-24 11:17:25,75455516,75455517
5999408,,5,2022-02-15 23:32:12,75455516,75455517
22955185,.,5,2022-02-07 00:18:39,75455516,75455517
1021867,,5,2022-02-07 09:32:00,75455516,75455517
20359940,,5,2022-02-07 07:50:39,75455516,75455517
20221683,Sách mới nguyên seal Không bị gẫy gập gì ?,5,2021-03-25 17:15:42,75455516,75455517
983255,,5,2022-02-03 18:13:36,75455516,75455517
26295535,okk,5,2022-01-08 21:55:48,75455516,75455517
15388944,,5,2022-01-03 18:38:52,75455516,75455517
17938152,Giao hàng nhanh Bọc hàng cẩn thận,5,,75455516,75455517
20948185,"giao hàng nhanh, sản phẩm tốt",5,2021-05-28 21:40:20,75455516,75455517
15214234,,5,2021-12-18 14:15:36,75455516,75455517
7874628,,5,2021-12-13 11:59:51,75455516,75455517
561140,,5,2021-11-30 23:08:37,75455516,75455517
10469496,,5,2021-11-19 12:11:53,75455516,75455517
385406,"sách đẹp, bao bọc kỹ càng, giao hàng nhanh,",5,2021-01-12 13:57:43,75455516,75455517
19940596,,5,2021-11-17 10:01:45,75455516,75455517
6420501,hay,5,2021-10-27 16:17:34,75455516,75455517
723676,truyen hay,5,2021-09-16 10:54:06,75455516,75455517
1658503,,5,2021-10-26 16:51:47,75455516,75455517
113455,,5,2021-10-21 23:45:35,75455516,75455517
14857399,,5,2021-10-14 21:26:06,75455516,75455517
23059744,,5,2021-10-13 20:41:13,75455516,75455517
9715674,,5,2021-09-20 17:10:12,75455516,75455517
1212148,,5,2021-09-08 11:51:45,75455516,75455517
552437,,5,2021-08-16 11:28:03,75455516,75455517
17685641,,5,2021-08-07 17:28:57,75455516,75455517
22487648,,5,2021-08-07 12:18:29,75455516,75455517
20741081,hàng đẹp lém nha ?,5,2021-03-25 07:34:03,75455516,75455517
13482558,,5,2021-07-23 19:50:44,75455516,75455517
18149117,,5,2021-07-15 21:43:34,75455516,75455517
8090445,,5,,75455516,75455517
15843480,,5,2021-07-10 23:01:51,75455516,75455517
19082159,,5,,75455516,75455517
17519863,,5,2021-07-08 21:40:01,75455516,75455517
18457917,,5,2021-07-08 16:19:04,75455516,75455517
18445128,,5,2021-07-08 12:31:48,75455516,75455517
22506890,,5,2021-07-07 14:40:57,75455516,75455517
16743332,,5,2021-07-01 18:41:26,75455516,75455517
1975556,,5,2021-06-26 11:03:12,75455516,75455517
1634189,,5,2021-06-26 10:59:20,75455516,75455517
5813530,,5,2021-06-25 18:50:25,75455516,75455517
22026227,,5,2021-06-24 21:46:16,75455516,75455517
171710,,5,2021-06-24 17:25:22,75455516,75455517
7287481,,5,2021-06-23 18:19:00,75455516,75455517
19956049,,5,2021-06-20 13:50:58,75455516,75455517
21132785,,5,2021-06-19 09:58:25,75455516,75455517
211769,,5,2021-06-16 16:50:16,75455516,75455517
20810787,,5,2021-06-15 21:33:11,75455516,75455517
10999358,,5,2021-06-10 13:52:13,75455516,75455517
7731192,,5,2021-06-09 10:34:17,75455516,75455517
1995638,,5,2021-06-07 19:20:10,75455516,75455517
348907,,5,2021-06-07 10:27:25,75455516,75455517
9047499,,5,2021-06-04 20:23:46,75455516,75455517
21667701,,5,2021-06-04 20:07:55,75455516,75455517
8292302,,5,2021-06-04 11:52:36,75455516,75455517
7578983,tot,5,2021-05-14 19:58:10,75455516,75455517
6804671,,5,2021-05-31 16:02:14,75455516,75455517
13249236,,5,,75455516,75455517
9888024,,5,2021-05-26 20:48:24,75455516,75455517
8027088,,5,2021-05-24 09:40:54,75455516,75455517
21659644,,5,2021-05-23 14:59:46,75455516,75455517
121673,,5,2021-05-23 09:32:55,75455516,75455517
36210,,5,2021-05-22 11:37:00,75455516,75455517
21169145,,5,2021-05-19 15:23:24,75455516,75455517
40136,,5,2021-05-18 21:31:19,75455516,75455517
1903386,,5,2021-05-17 16:52:49,75455516,75455517
19450155,,5,2021-05-16 11:53:29,75455516,75455517
16891577,,5,2021-05-13 20:47:25,75455516,75455517
256568,,5,2021-05-11 16:38:33,75455516,75455517
10593668,,5,2021-05-11 14:11:34,75455516,75455517
17870945,,5,2021-05-10 14:36:14,75455516,75455517
19787869,,5,2021-05-08 14:00:19,75455516,75455517
575212,,5,2021-05-06 13:09:36,75455516,75455517
12799143,,5,2021-05-04 16:36:05,75455516,75455517
10627252,,5,2021-05-04 11:33:59,75455516,75455517
6289286,,5,2021-04-27 14:52:30,75455516,75455517
42135,,5,2021-04-24 15:34:19,75455516,75455517
12568923,,5,2021-04-24 11:12:32,75455516,75455517
20016870,,5,2021-04-20 11:49:34,75455516,75455517
9811446,,5,2021-04-18 13:38:21,75455516,75455517
13406261,,5,,75455516,75455517
21151524,,5,2021-04-17 14:34:53,75455516,75455517
72257,,5,2021-04-16 17:00:22,75455516,75455517
16794909,,5,2021-04-14 19:53:44,75455516,75455517
59104,,5,2021-04-14 19:43:24,75455516,75455517
19908638,,5,2021-04-14 18:15:38,75455516,75455517
19385637,.,5,2021-04-04 13:04:35,75455516,75455517
19828561,,5,2021-04-07 21:43:18,75455516,75455517
11377003,,5,2021-04-05 14:45:30,75455516,75455517
20138024,,5,2021-04-01 14:48:30,75455516,75455517
825017,,5,2021-03-31 21:16:02,75455516,75455517
6839756,,5,2021-03-31 20:22:47,75455516,75455517
20761363,,5,2021-03-28 12:29:28,75455516,75455517
8883454,,5,,75455516,75455517
20726266,,5,2021-03-25 13:16:39,75455516,75455517
1089545,,5,2021-03-24 14:59:32,75455516,75455517
20627235,,5,2021-03-14 08:45:27,75455516,75455517
15312,,5,2021-03-13 21:19:00,75455516,75455517
560259,,5,2021-03-12 23:28:14,75455516,75455517
5750777,,5,2021-03-11 00:06:52,75455516,75455517
7936263,,5,2021-03-08 18:02:12,75455516,75455517
7275003,,5,2021-03-07 13:53:51,75455516,75455517
1472328,,5,2021-03-06 20:23:56,75455516,75455517
20540448,,5,2021-03-04 09:29:20,75455516,75455517
5671804,,5,2021-03-02 14:39:34,75455516,75455517
16202109,,5,2021-02-25 19:08:02,75455516,75455517
2176074,,5,2021-02-25 12:28:37,75455516,75455517
17638109,,5,2021-02-23 13:40:09,75455516,75455517
5666217,,5,2021-02-21 16:17:08,75455516,75455517
6587686,,5,2021-02-19 09:02:39,75455516,75455517
18326446,,5,2021-02-17 18:24:37,75455516,75455517
1075693,Hay.,5,2021-01-23 17:13:46,75455516,75455517
741643,,5,2021-02-10 13:55:34,75455516,75455517
169452,,5,2021-02-08 09:59:14,75455516,75455517
11486185,,5,2021-02-02 12:37:49,75455516,75455517
19020297,,5,2021-01-30 20:46:22,75455516,75455517
28736,,5,2021-01-30 13:54:11,75455516,75455517
11865689,,5,2021-01-29 17:39:16,75455516,75455517
19777901,,5,2021-01-28 16:18:27,75455516,75455517
5365801,,5,2021-01-25 23:13:45,75455516,75455517
10843767,,5,2021-01-24 11:17:15,75455516,75455517
19046045,,5,2021-01-23 20:08:29,75455516,75455517
1127164,,5,2021-01-21 13:10:46,75455516,75455517
16487750,,5,2021-01-20 13:39:45,75455516,75455517
25847362,"Giao hàng nhanh , shop gói hàng kĩ rất đẹp Nhưng sách hơi bị ép góc vs bị nhăn .",4,2021-12-30 13:32:48,75455516,75455517
14877112,"sách về nhanh với đẹp lắm mọi người, mình fan tiki lâu r. mua mấy cuốn lẻ có thêm bookcare cũng ok lắm",4,2021-03-04 13:15:09,75455516,75455517
19206224,,4,2021-04-24 10:44:28,75455516,75455517
29039039,,4,2023-06-07 12:37:32,75455516,75455517
10945452,"tập 2 không lôi cuốn như tập 1, khá bất ngờ khi truyện đi theo mô tuýp đam mỹ",4,2021-07-07 10:33:19,75455516,75455517
27585497,góc của sách bị hỏng.......,3,2022-05-29 13:29:04,75455516,75455517
48554,giao hàng nhanh,4,2022-02-08 08:53:30,75455516,75455517
511365,,4,2021-02-04 11:20:00,75455516,75455517
8145338,,4,2021-10-27 19:20:18,75455516,75455517
17331538,"giao hàng nhanh, hơi móp méo xíu",3,2021-03-05 15:20:54,75455516,75455517
20563737,,4,2021-09-07 23:21:00,75455516,75455517
16888953,,4,2021-04-26 10:25:18,75455516,75455517
6695192,,4,2021-03-24 08:08:49,75455516,75455517
18191020,,4,2021-02-23 22:09:37,75455516,75455517
9122070,Chất lượng tốt; Sách nguyên vẹn; Giá cả hợp lý; Đóng gói cẩn thận,5,2023-03-12 15:13:39,214075603,214075606
27692229,"Truyện dễ thương xỉu, quà tặng kèm đợt này cũng xinh nữa, cái lót ly ở ngoài nhìn xinh hơn trên ảnh nhiều. Shop gói và giao hàng cực nhanh. Mọi người nên mua nhaaaa",5,2023-05-30 13:48:44,214075603,214075606
27189689,"Nội dung rất hợp gu mik ,bìa cực đẹp luôn ,lúc đầu nhìn ảnh ko thik cái lót ly lắm nhưng cầm đc trên tay mới thấy nó xinh thật sự 😉👍",5,2023-03-29 19:30:13,214075603,214075606
5323833,Đóng gói cẩn thận,5,2023-03-24 20:20:23,214075603,214075606
7590141,Ok,5,2023-02-06 23:03:58,214075603,214075608
5172424,,5,2024-03-26 21:25:13,214075603,214075608
14654149,rất hài lomg,5,2023-04-15 07:42:25,214075603,214075608
10947748,,5,2023-06-19 07:33:19,214075603,214075606
5140463,,5,2023-06-10 01:38:42,214075603,214075608
26734590,,5,2023-05-25 10:45:43,214075603,214075608
1826533,,5,2023-05-07 20:32:22,214075603,214075606
8257470,,5,2023-04-04 11:59:27,214075603,214075608
14877112,,5,2023-03-28 00:22:59,214075603,214075608
5102597,,5,2023-03-16 19:43:36,214075603,214075606
28149670,,5,2023-03-07 10:33:16,214075603,214075606
12247427,,5,2023-02-23 00:25:35,214075603,214075608
10794832,,5,2023-02-22 15:05:50,214075603,214075606
759415,,5,2023-02-09 14:05:31,214075603,214075608
1740661,,5,2023-02-08 02:40:27,214075603,214075608
28736,,5,2023-02-01 09:33:20,214075603,214075608
27926114,,5,2023-01-30 17:25:14,214075603,214075606
2220977,,5,2023-01-26 14:31:46,214075603,214075606
24750445,,4,2023-01-28 19:35:40,214075603,214075606
17178737,,5,2026-04-09 16:19:11,276558936,276558938
8397542,Giao hàng nhanh và đóng gói kỹ càng lắm.,5,2024-11-20 11:22:01,276558936,276558940
30073697,,5,2025-03-17 16:42:09,276558936,276558940
21694986,,5,2025-03-04 12:00:23,276558936,276558940
30287416,,5,2025-02-12 12:36:40,276558936,276558940
30234455,,5,2025-02-10 00:12:40,276558936,276558938
28612145,,5,2024-12-22 10:54:08,276558936,276558940
119459,,5,2024-12-16 21:18:14,276558936,276558940
30201466,,5,2024-11-25 14:00:07,276558936,276558940
21563641,,5,2024-11-20 18:12:13,276558936,276558940
7808011,,5,2024-11-16 14:31:14,276558936,276558940
29520435,"Ko biết bh Tiki mới cải thiện chất lượng gói hàng nữa. Hàng về df tùm lum, móc khóa của mình cũng nứt một đường dài. Feedback khá rắc rối nhưng Tiki chỉ giải quyết mã giảm giá thôi. Bùn thiệt sự",3,2024-11-29 18:15:37,276558936,276558940
26229229,Nội dung tuỵt cà là vời. Bìa siu xinhhhh. Chúc mừng nhóc lông xanh và anh chồng đạt giải quán quân. Siu mê. Đã có đủ bộ hihi,5,2024-02-20 20:59:27,274094178,274096221
29782239,"Cũng nghe mọi ng nói nhiều là hàng tiki gói sơ sài rồi nma nay ms đc diện kiến, bù lại thì hàng đẹp sách chất lượng lắm, đầy đủ phụ kiện",5,2024-02-19 10:55:54,274094178,274096221
24355376,"Hàng giao đầy đủ, sách nguyên seal không bị df. Sẽ tiếp tục ủng hộ shop",5,2024-02-25 00:20:35,274094178,274096221
28249506,Rất đẹp,5,2024-03-03 18:05:46,274094178,274096221
28501421,"Nội dung hay, bìa đẹp lắm luôn, in ấn ok, giao bao nhanh.",5,2024-03-31 12:06:49,274094178,274096220
18542091,Seal hơi rách chút,5,2024-10-26 17:15:29,274094178,274096220
27168013,"Sách đẹp, không bị móp méo ở đâu cả, tốt lắm",5,2024-02-19 12:22:21,274094178,274096221
21575280,"Bìa đẹp, nội dung tốt, tiki giao sách mới đóng hàng bọc kỹ, oke",5,2024-05-10 14:04:56,274094178,274096220
29784368,Oki nha nma k cs bọc chống sóc may mà k bị j cả,5,2024-02-27 11:18:09,274094178,274096221
30105430,,5,2024-10-29 10:09:29,274094178,274096220
26384677,,5,2024-10-21 08:21:14,274094178,274096221
29360934,"Bìa siêu xinh, stande cute xỉu",5,2024-02-20 14:34:36,274094178,274096221
8418521,,5,2024-08-28 21:22:19,274094178,274096220
29780559,,5,2024-07-05 12:05:38,274094178,274096221
6420501,,5,2024-06-22 23:30:32,274094178,274096220
27289056,Truyện hay,5,2024-03-26 12:23:30,274094178,274096221
1903386,,5,2024-05-17 06:03:02,274094178,274096220
29789038,,5,2024-05-02 19:25:17,274094178,274096221
29616840,,5,2024-04-04 18:38:54,274094178,274096221
29540683,,5,2024-03-28 14:19:20,274094178,274096220
18094079,,5,2024-03-14 18:56:23,274094178,274096221
29780651,Oci,5,2024-02-24 09:49:33,274094178,274096221
6176996,,5,2024-02-29 17:36:55,274094178,274096220
7907114,,5,2024-02-28 17:25:07,274094178,274096221
8977535,,5,2024-02-27 01:17:45,274094178,274096221
29780992,,5,2024-02-25 19:12:46,274094178,274096221
29782063,,5,2024-02-25 08:23:39,274094178,274096221
16881519,,5,2024-02-23 10:00:26,274094178,274096221
15180659,"Mặc dù shop đã bù mã giảm giá và xin lỗi chân thành nhưng vì mình khá mong chờ lại nhưng lại nhận đc sản phẩm như vậy khiến mình rất buồn may là mình mua bù đc only sách khác. Thêm vào đó sách HCM có bọc chống sốc kĩ càng, hàng bên Hà Nội lại vừa không seal, cấn, không chống sốc nữa. 🥲🥲🥲🥲🥲",3,2024-07-16 11:43:44,274094178,274096221
26048865,,5,2024-02-21 08:16:24,274094178,274096221
29650182,,5,2024-02-20 16:22:59,274094178,274096221
29781958,,5,2024-02-19 18:21:45,274094178,274096221
29617110,,5,2024-02-19 12:05:03,274094178,274096221
17863922,"Shop gửi nhầm *** của khách hàng, may sao shipper thân với khách hàng mới có thể giao hàng đúng. Còn 1 đơn đang giao thấy cũng ghi sai ***, giao hàng ko thành công 1 lần, ko biết shop giải quyết đv ko",2,2024-10-28 03:59:14,274094178,274096220
29612564,"Nội dung không phải bàn, bìa rất đẹp nhưng bọc hàng không được cẩn thận cho lắm vẫn may là quà và sách không bị trầy xước",4,2024-02-19 19:24:34,274094178,274096221
8072041,,4,2024-12-23 11:19:22,274094178,274096220
29791972,truyện bị df cho nửa sao cũng k đáng😔,1,2024-02-25 00:04:50,274094178,274096221
26440021,"Nay đặt tự nhiên đơn vị vận chuyển đổi thành ViettelPost là thấy có điềm rồi. Y như rằng, cái hộp nát bét luôn, trộm vía sách không sao. Xinh lắm ạ, chưa đọc nhưng nghe review có vẻ hay đó. Bị bung tí seal nhưng không vấn đề gì hết.",5,2022-10-23 17:58:41,111165275,111165297
26761904,"Giao hàng nhanh lắm luôn, mình chọn giao tiết kiệm nên giao ngay sau ngày mình đặt là có em nó trên tay, thích mê hihi (≧▽≦). Nhưng mà tiki à, vẫn mong muốn tiki có một bọc chống sốc mặc dù đơn hàng này của mình nguyên vẹn, đẹp đẽ không bị gì cả nhưng mà tương lai thì không nói được (◠‿◕). Nội dung thì khỏi phải bàn cãi, bìa art thì đúng gu mình, hãy chúc phúc cho chiếc ví của em để nó dư khả năng luôn, tậu được em 4,5 về kkkkkkk (b ᵔ▽ᵔ)b",5,2022-06-08 10:12:45,111165275,111165297
19810869,"Bìa đẹp, sách mới, đầy đủ nguyên siêu, giáo hàng rất nhanh, nên mua",5,2023-02-23 18:01:30,111165275,111165297
18911027,"Giao hàng siêu nhanh luôn. Sách còn nguyên seal, được bọc cẩn thận, không bị móp hay gãy cạnh",5,2023-07-25 13:52:56,111165275,111165297
9656203,"như đã đánh giá bên tập 2: ko thích cách gói hàng ko chất lượng như này, đc cái sách có màng bọc đầy đủ và nội dung chất lượng nên bỏ qua, mua nên cân nhắc ._.",5,2021-11-21 15:10:06,111165275,111165297
15807902,"xinh đẹp quá đi, đóng gói an toàn mặc dù hk có bao bọc nhưng mà vẫn hk bị móp góc, 10đ cho vận chuyển 10đ cho giao trong ngày heh",5,2022-05-11 11:05:10,111165275,111165297
11719435,"Bìa đẹp, chất lượng giấy tốt, nội dung chắc ai đã từng đọc đều biết rồi nhỉ 🤣🤣",5,2023-06-15 11:53:06,111165275,111165297
28764790,Seal bị hở nhưng ko ảnh hưởng chất lượng,5,2023-02-02 10:51:34,111165275,111165297
1682746,,5,2026-04-11 13:32:19,111165275,111165297
19969315,"Mình đặt sáng hôm qua mà trưa hôm nay giao rồi, sách đẹp lắm",5,2022-03-11 12:13:17,111165275,111165297
420056,"ship nhanh, sách ko bị móp, bọc kỹ, tuy nhiên là chữ in đôi khi bị nhoè, đọc hơi khó chịu",5,2021-07-23 10:35:10,111165275,111165297
20085207,"một từ để miêu tả "" HAY"" vailoannnnnn",5,2023-10-15 17:46:28,111165275,111165297
15897161,"lúc đặt hàng bên tiki có hơi lo tại sợ gói không cẩn thận với mất seal nhưng mở hàng rồi thấy yên tâm lắm ạ, gói kĩ, cẩn thận và giao nhanh nữa, rất like!",5,2022-07-10 12:32:44,111165275,111165297
17250060,Thích cực kỳ. Mê truyện đọc edit lâu rồi giờ xuất bản nên hốt liền,5,2022-12-06 14:46:52,111165275,111165297
8042830,"tiki thì giao siu nhanh gòi, sách mới mỗi, mọi lần mình mua hay bị nheo cái mép nhưng quyển này lại hoàn hảo đến kì lạ :)))",5,2021-10-24 12:37:51,111165275,111165297
10961516,Chất lượng tốt đóng gói chắc chắn giao hàng nhanh ❤️❤️❤️❤️❤️❤️,5,2022-08-10 19:20:15,111165275,111165297
5171969,"Là fan của dòng tr này mặc dù đã đọc bản internet nhưng mua về sưu tầm. In đẹp, chất lượng",5,2022-04-02 20:26:44,111165275,111165297
8644189,"giao nhanh lắm luôn, mới đặt tối hôm trước mà hôm sau ship tới rồi",5,2021-07-23 10:33:41,111165275,111165297
28617505,"Giao hàng siêu nhanh, bìa đẹp, sách nguyên seal",5,2023-03-02 14:45:13,111165275,111165297
28537473,"Truyện hay, giao hàng nhanh, sách không bị sao hết",5,2023-01-30 20:54:18,111165275,111165297
12871095,"mua nhân dịp sale, ch đọc nên ch biết nd ra sao. đợi sắm tập1 rồi đọc 1 thể🤦",5,2022-04-03 13:16:38,111165275,111165297
29162041,Đẹp,5,2023-09-21 16:41:09,111165275,111165297
8048981,"Truyện đã đọc trên mạng rồi nhưng vẫn mua cả bản giấy nữa để bày, giao hàng nhanh, không bị móp méo gì",5,2021-07-23 15:12:16,111165275,111165297
1040890,"Tiki giao lúc nào cũng nhanh, nhưng mình muốn góp ý nếu được thì có thể bọc thêm bọc bảo vệ khi vẫn chuyển sách sẽ đảm bảo hơn",5,2022-01-24 18:49:20,111165275,111165297
22480197,"Giao hàng nhanh, tiki đóng gói hàng cũng kĩ không bị móp méo gì cả. Vì săn sale nên mua được hàng rất ưng ý luôn.",5,2022-01-11 14:43:52,111165275,111165297
21212865,Giao nhanh hàng chất lượng,5,2022-07-22 14:05:15,111165275,111165297
5594690,"đã nhận hàng, hàng giao đúng hẹn.",5,2022-02-14 18:08:19,111165275,111165297
10794832,,5,2022-09-13 11:35:59,111165275,111165297
28736,do dịch hạn chế đi lại nên lần này tiki giao hàng trễ hơn ngày dự kiến. Nội dung truyện thì ko cần bàn cãi nữa,5,2021-07-23 17:00:11,111165275,111165297
13411767,Sách bọc cẩn thận giao hàng oke ạ,5,2021-12-06 10:24:37,111165275,111165297
27936970,,5,2022-08-10 08:18:27,111165275,111165297
25942585,oke,5,2022-06-30 03:06:22,111165275,111165297
27248245,.,5,2022-06-11 10:07:12,111165275,111165297
8612269,,5,2023-07-27 22:59:34,111165275,111165297
16269377,đẹp,5,2022-04-01 20:34:09,111165275,111165297
8489159,,5,2023-07-05 23:04:54,111165275,111165297
5676344,"Bộc đẹp, chắc chắn nhưng trễ hơn so với dự kiến giao hàng.",5,2022-03-31 19:52:32,111165275,111165297
357871,,5,2023-06-16 20:42:28,111165275,111165297
26544946,Hay,5,2022-03-06 23:23:48,111165275,111165297
21956178,Ok,5,2022-02-18 09:06:24,111165275,111165297
28623931,Rất ưng ý nha,5,2023-01-29 12:50:24,111165275,111165297
608822,,5,2023-05-06 14:52:02,111165275,111165297
16355046,,5,2023-04-30 07:41:28,111165275,111165297
19334803,"ship nhanh, đóng gói cẩn thận",5,2021-07-17 21:54:15,111165275,111165297
27357963,,5,2023-04-19 15:15:08,111165275,111165297
8087065,,5,2022-01-27 20:41:38,111165275,111165297
19925395,"Giao hàng nhanh, gói hàng kĩ, rất tốt",5,2022-07-04 12:29:31,111165275,111165297
7907114,,5,2023-03-24 07:41:08,111165275,111165297
9748703,,5,2022-01-09 03:01:26,111165275,111165297
43795,,5,2023-02-25 10:16:19,111165275,111165297
27225362,,5,2023-02-01 22:29:05,111165275,111165297
10831636,,5,2022-12-28 12:10:11,111165275,111165297
28562264,,5,2022-12-10 16:35:05,111165275,111165297
10200953,,5,2022-11-11 14:03:36,111165275,111165297
27536048,,5,2022-11-03 17:02:11,111165275,111165297
7483456,,5,2022-10-28 15:51:37,111165275,111165297
14662567,,5,2022-10-26 12:09:17,111165275,111165297
7573088,Hàng chất lượng,5,2022-06-08 22:05:13,111165275,111165297
8499050,,5,2022-10-07 17:55:04,111165275,111165297
12553363,,5,2022-09-29 11:44:54,111165275,111165297
22414262,,5,2022-09-10 13:37:37,111165275,111165297
19206064,,5,2022-08-31 15:56:35,111165275,111165297
21906383,Hàng đẹp lắm giao siêu nhanh,5,2022-01-23 14:52:28,111165275,111165297
16478449,,5,2022-08-14 20:44:11,111165275,111165297
9651383,,5,2022-07-30 14:03:22,111165275,111165297
22446400,,5,2022-07-22 12:01:03,111165275,111165297
2127220,,5,2022-07-22 08:52:32,111165275,111165297
9119617,,5,2022-07-20 00:00:30,111165275,111165297
8427939,,5,2022-07-19 10:27:24,111165275,111165297
21899818,Sách đẹp,5,2022-05-09 11:36:07,111165275,111165297
10679,giao hàng siêu nhanh. nguyên màng co. ủng hộ tiki,5,2021-07-21 19:50:12,111165275,111165297
23859592,,5,2022-06-19 16:10:09,111165275,111165297
18611109,,5,2022-06-19 01:10:27,111165275,111165297
27677755,,5,2022-06-18 13:54:13,111165275,111165297
14407331,,5,2022-06-11 23:17:46,111165275,111165297
27640196,,5,2022-06-08 18:20:11,111165275,111165297
27104559,,5,2022-06-07 14:04:30,111165275,111165297
15114889,,5,2022-06-06 15:58:43,111165275,111165297
27289056,ok,5,2022-05-24 21:59:10,111165275,111165297
23490123,Giao nhanh,5,2022-03-31 10:31:30,111165275,111165297
11060071,,5,2022-05-27 12:21:48,111165275,111165297
26714961,khá tuyệt,5,2022-03-17 17:41:00,111165275,111165297
7209387,,5,2022-05-24 20:33:02,111165275,111165297
27277421,,5,2022-05-16 10:34:07,111165275,111165297
13556026,,5,2022-05-15 23:57:51,111165275,111165297
27372239,,5,2022-05-13 16:11:49,111165275,111165297
14971619,,5,2022-05-11 18:59:13,111165275,111165297
26263343,,5,2022-05-09 19:51:49,111165275,111165297
694893,Ok.,5,2022-04-02 12:53:41,111165275,111165297
5420655,,5,2022-04-10 15:33:18,111165275,111165297
26616609,,5,2022-04-10 12:16:18,111165275,111165297
16727059,,5,2022-04-09 12:41:42,111165275,111165297
15838619,,5,2022-04-08 13:42:35,111165275,111165297
17970888,hay,5,2022-03-18 11:04:11,111165275,111165297
11198935,,5,2022-04-01 10:08:04,111165275,111165297
26793150,,5,2022-03-31 13:51:48,111165275,111165297
5281879,,5,2022-03-28 21:09:35,111165275,111165297
12247427,,5,2022-03-27 15:00:00,111165275,111165297
17575707,,5,2022-03-25 23:15:17,111165275,111165297
27149847,,5,2022-03-24 13:55:26,111165275,111165297
280289,,5,2022-03-17 11:54:20,111165275,111165297
26741388,tốt,5,2022-02-10 10:50:14,111165275,111165297
12623455,,5,2022-03-11 15:15:09,111165275,111165297
26168018,...,5,2022-02-17 09:24:16,111165275,111165297
3002371,,5,2022-03-03 14:11:45,111165275,111165297
22345071,,5,2022-03-01 18:00:46,111165275,111165297
984951,,5,2022-02-27 10:43:02,111165275,111165297
401573,,5,2022-02-23 10:42:37,111165275,111165297
20419144,,5,2022-02-19 17:45:40,111165275,111165297
786781,,5,2022-02-17 09:58:30,111165275,111165297
8426557,,5,2022-02-16 22:15:19,111165275,111165297
10887213,,5,2022-02-16 10:40:29,111165275,111165297
21137850,,5,2022-02-12 16:49:48,111165275,111165297
19944799,,5,2022-02-11 18:43:40,111165275,111165297
14813026,good,5,2022-01-15 14:54:22,111165275,111165297
10614563,,5,2022-02-07 13:13:22,111165275,111165297
22276769,,5,2022-02-05 08:59:40,111165275,111165297
17244110,,5,2022-01-29 15:10:20,111165275,111165297
19914516,,5,2022-01-23 16:50:23,111165275,111165297
18306820,,5,2022-01-21 15:27:17,111165275,111165297
9041363,,5,2022-01-19 13:20:10,111165275,111165297
17853531,,5,2022-01-18 23:58:40,111165275,111165297
26408362,,5,2022-01-12 17:56:11,111165275,111165297
18959733,,5,2022-01-08 11:57:05,111165275,111165297
14895637,,5,2022-01-07 23:00:37,111165275,111165297
15389282,,5,2022-01-07 20:29:15,111165275,111165297
175566,men~ good,5,2021-11-13 13:57:24,111165275,111165297
723676,sach hay,5,2021-11-15 07:38:41,111165275,111165297
385406,,5,2021-12-30 21:31:08,111165275,111165297
26161961,,5,2021-12-28 14:44:04,111165275,111165297
12415010,,5,2021-12-17 10:52:53,111165275,111165297
884198,,5,2021-12-12 19:39:22,111165275,111165297
12634304,Hay.,5,2021-11-15 11:24:25,111165275,111165297
14546681,siêu hayyyy,5,2021-09-27 16:52:04,111165275,111165297
22747895,,5,2021-11-28 12:52:24,111165275,111165297
24785863,,5,2021-11-24 11:39:10,111165275,111165297
1563181,,5,2021-10-25 10:12:12,111165275,111165297
552437,,5,2021-10-20 19:04:56,111165275,111165297
22208155,,5,2021-10-05 13:00:02,111165275,111165297
10688714,,5,2021-08-30 13:59:33,111165275,111165297
769068,,5,2021-08-24 10:43:31,111165275,111165297
8284987,,5,2021-08-23 09:16:07,111165275,111165297
5107532,,5,,111165275,111165297
6176996,,5,2021-07-23 22:15:43,111165275,111165297
16820293,,5,2021-07-23 17:25:51,111165275,111165297
18416032,,5,2021-07-22 15:11:56,111165275,111165297
13107090,,5,2021-07-21 18:28:30,111165275,111165297
759415,,5,2021-07-16 12:47:00,111165275,111165297
17105091,,5,2021-07-15 19:11:03,111165275,111165297
22598808,,5,2021-07-15 15:32:46,111165275,111165297
18390051,"hơi bất ngờ vì lần này tiki có bọc giấy bìa cứng chống sốc nhưng truyện lại df, lần không bọc thì lại không bị df =)))))))) truyện bị móp 1 góc xót qtqđ",4,2022-07-06 09:33:46,111165275,111165297
10897834,"giảm 1 sao vì có một trang in lỗi, bị rách một lỗ. Mặc dù không ảnh hưởng đến việc đọc truyện nhưng mong lần sau có thể kiểm tra sách kỹ hơn.",4,2021-10-27 11:44:33,111165275,111165297
20406077,"truyện bị cong mép nặng,nhưng thôi ít nhất k bị bẩn",3,2021-08-01 11:52:57,111165275,111165297
23921701,không có bọc chống sốc,4,2022-02-15 14:03:36,111165275,111165297
10999222,,4,2022-04-18 06:18:43,111165275,111165297
16981041,,4,2022-02-09 20:52:55,111165275,111165297
6448090,,4,2021-12-23 08:56:13,111165275,111165297
1342710,"Đầu tiên là sách giao về còn nguyên vẹn, không móp hay cuốn góc. Sách cầm chắc tay, bìa đẹp. Sau nữa là nội dung, phải nói là okla luôn, dễ thương, tùy theo cảm nhận của từng người đọc, nói chung là nhẹ nhàng, sâu lắng. Shipper dễ thương, nhiệt tình, mối quen nên giao mình nhanh lắm! Nói chuyện cũng vui vẻ vui vẻ nữa!",5,2024-06-03 12:18:01,178483756,178483759
19743088,"Nội dung nhẹ nhàng hài hước có chút ngây ngô . Bìa đẹp không chê đâu được. Đóng gói rất tỉ mỉ . Hôm qua sale 40% nên tui đặt hôm sau giao hàng luôn, lẹ dữ. Hàng tặng kèm bookmark cũng rất dễ thương. ●(> ◇",5,2022-11-24 11:53:30,178483756,178483759
25755454,"chưa đọc nên không biết nội dung, shop đóng gói hàng kĩ càng",5,2026-09-21 17:39:21,178483756,178483759
21650523,"Bìa đẹp mịn, sách dày ok lắm é mê j đâu cảm ơn shop",5,2022-09-07 10:46:48,178483756,178483759
7711126,"Tiki ship hàng nhanh, sách được giảm giá nhiều khá tốt. Sách đẹp, dày dặn, hình bìa và bookmark xinh xắn, tập này nội dung nửa trước nhẹ nhàng đáng yêu, nửa sau lại xúc động. Nếu là fan đam mỹ nên sở hữu bộ truyện này.",5,2022-06-08 20:30:19,178483756,178483759
14671442,Giao hàng nhanh ổn áp chất lượng thì chưa đọc nên là chưa biết nhé nhưng mà tác giả này thì có những nội dung rất là mới mẻ các bạn đọc chán những thể loại cũ giờ thì có thể tham khảo thêm nhé,5,2022-08-31 12:39:21,178483756,178483759
17758905,"Sách đẹp, cơ mà góc sách hơi móp nha. Sách còn bị tróc seal cơ, bụi vào một chút(tuy không nhiều nhưng tui hơi không vui lắm🙁)",5,2022-08-13 13:59:07,178483756,178483759
7981785,,5,2026-05-07 19:32:13,178483756,178483759
16665175,"mua tranh thủ flashsale nên được giảm 40% nên mình rất ưng ý, bìa sách nhà Cẩm thì không còn gì để nói rồi, Tiki giao hàng rất nhanh",5,2022-06-28 14:38:03,178483756,178483759
21255963,"Bộ này lúc nào cũng nằm trong top những quyển truyện của lòng mình cả. Huhu hai đứa Olivia với Mục Căn dễ thương lắm luôn, nhưng mà nội dung truyện ngày càng có xu hướng khá buồn á :(",5,2022-07-04 00:29:02,178483756,178483759
941887,"Cực kỳ yêu bộ truyện nay, nay cuối cùng cũng có dịp tậu về trọn bộ, mọi người hãy đọc và cảm nhận sự trưởng thành và chuyến phiêu lưu của họ ít nhất 1 lần nhé!",5,2022-08-10 13:15:17,178483756,178483759
465520,"Vui là Tiki đã có hàng, giá tốt mà còn thêm chương trình ASA, cũng khá tiết kiệm.",5,2022-06-13 17:28:15,178483756,178483759
18054243,Giao đúng và đủ hàng. Sách đc đóng gói rất cẩn thận. Giao hàng rất nhanh,5,2022-06-28 11:46:46,178483756,178483759
10755299,"Giao hàng nhanh, không bị móp méo. Truyện đọc rất hay, nên mua nha mọi người.",5,2022-06-09 00:49:25,178483756,178483759
26771193,Đặt tối qua mà sáng nay giao r .rất ưng cách làm việc của tiki,5,2022-09-21 11:09:01,178483756,178483759
1602708,,5,2025-02-04 09:37:35,178483756,178483759
7590141,Giao trong ngày. Bọc bookcare rất đẹp. Đóng gói kỹ. Tks Tiki 👍,5,2022-06-17 22:21:22,178483756,178483759
27200028,"Truyện hay,bìa siêu siêu đẹp luôn ấy,rất đang tiền mua",5,2022-08-02 09:18:18,178483756,178483759
10679,"đóng gói chắn chắn, giao hàng siêu nhanh. hàng nguyên serri.",5,2022-07-10 02:57:34,178483756,178483759
22855647,"Bìa siêu đẹp, không bị gì hết",5,2022-10-28 10:59:20,178483756,178483759
23307715,"Giao hàng nhanh, sách đc bọc kỹ, còn nguyên seal",5,2023-09-11 19:00:16,178483756,178483759
24726242,"Đóng gói tốt, sách nguyên vẹn, bìa đẹp",5,2022-05-29 12:39:49,178483756,178483759
15712124,"sách còn nguyên vẹn, mình rất thích",5,2022-06-13 13:08:46,178483756,178483759
736324,"Ảnh bìa siu xinh, nội dung thì đu tới bi giờ là có thể hiểu nó hút như nào rồi",5,2022-07-06 19:04:37,178483756,178483759
28032161,,5,2024-02-01 13:13:14,178483756,178483759
27638577,,5,2023-11-16 19:01:07,178483756,178483759
20354883,Good,5,2022-07-17 17:34:24,178483756,178483759
8085813,"Bìa đẹp lắm luôn, dịch thuật tốt okiela, giao hàng nhanh",5,2022-08-03 14:57:45,178483756,178483759
6978444,"sách đẹp, đóng gói cẩn thận, gia hàng nhanh",5,2022-07-07 00:27:20,178483756,178483759
28963508,,5,2023-05-10 00:17:19,178483756,178483759
7806494,,5,2023-03-04 11:20:03,178483756,178483759
22060256,"sách giao nhanh, đóng gói kĩ",5,2022-07-23 13:22:25,178483756,178483759
17721130,,5,2023-01-30 09:26:40,178483756,178483759
28363405,,5,2023-01-27 18:16:04,178483756,178483759
21367604,,5,2023-01-27 09:11:48,178483756,178483759
24766370,,5,2022-12-24 01:51:41,178483756,178483759
10794832,,5,2022-12-09 16:16:37,178483756,178483759
2006124,,5,2022-11-30 01:01:05,178483756,178483759
10200953,,5,2022-11-11 14:02:55,178483756,178483759
192136,,5,2022-10-29 19:27:04,178483756,178483759
6031697,,5,2022-10-28 13:29:19,178483756,178483759
984951,,5,2022-10-27 14:24:31,178483756,178483759
28303807,,5,2022-10-10 20:01:01,178483756,178483759
27245729,,5,2022-10-09 23:59:46,178483756,178483759
33440,,5,2022-10-07 08:57:33,178483756,178483759
27651761,Đẹp lắm lun,5,2022-06-19 09:32:00,178483756,178483759
23451772,Siu xinhhhhh,5,2022-07-11 21:00:21,178483756,178483759
10396593,,5,2022-09-19 18:33:04,178483756,178483759
20619559,Sách rất tốt,5,2022-05-24 17:29:58,178483756,178483759
17728589,,5,2022-08-26 17:19:45,178483756,178483759
26314444,,5,2022-07-19 10:52:40,178483756,178483759
10872225,,5,2022-07-08 21:29:47,178483756,178483759
494562,,5,2022-07-07 16:42:10,178483756,178483759
22089793,,5,2022-07-01 12:56:24,178483756,178483759
316136,,5,2022-07-01 12:11:20,178483756,178483759
25861497,,5,2022-06-29 11:28:03,178483756,178483759
12069104,,5,2022-06-28 13:04:20,178483756,178483759
8506494,,5,2022-06-25 16:21:42,178483756,178483759
1888237,,5,2022-06-24 09:44:37,178483756,178483759
9646377,,5,2022-06-22 01:57:09,178483756,178483759
820171,,5,2022-06-16 11:06:49,178483756,178483759
22346448,,5,2022-06-07 20:59:24,178483756,178483759
26070892,,5,2022-05-30 14:46:17,178483756,178483759
16598328,,5,2022-05-25 10:14:30,178483756,178483759
141394,"Mua sách ở Tiki thì xác định là vì rẻ chứ đừng trông chờ vào khâu đóng gói. Kinh nghiệm xương máu là nên mua ít nhất 2 cuốn vì 1 cuốn thì size hộp nhỏ nhất hiện tại đang bị rộng, xóc nảy trong quá trình vận chuyển rất dễ dẫn đến cấn móp, ngoài ra đang mùa mưa mà không có bọc chống thấm nên ai ở tỉnh xa cũng nên cân nhắc. Chất lượng giao hàng rất tốt, siêu nhanh và shipper thân thiện.",4,2022-06-30 16:33:09,178483756,178483759
10191797,Đóng gói ẩu làm hư viền sách,3,2022-05-24 10:33:21,178483756,178483759
27505326,bìa sách bị móp+bẩn,4,2022-07-11 19:02:13,178483756,178483759
694893,,4,2022-06-21 19:31:59,178483756,178483759
1588903,"Đặt hàng hôm trước, hsau nhận được sách. Sách mới tinh, còn nguyên trinh. Giá giảm rất tốt, Mua xong thì hsau lên giá. May ghê . Tập cuối trong bộ này , chắc chắn phải mua. Đọc bao lần online rồi mà vẫn thích. Ưng Quỷ súc dịch lắm. Rất ưng đơn hàng này",5,2023-03-16 20:55:57,202466690,202466691
19810869,"Bìa đẹp, sách mới, đầy đủ nguyên siêu, giáo hàng rất nhanh, nên mua",5,2023-02-23 18:00:02,202466690,202466691
1342710,"Tiki giao hàng nhanh ghê! Mới đặt hôm trước, hôm nay đã giao tới luôn. Nội dung khỏi phải bàn rồi, giờ full bộ. Lấy ra đọc từ đầu ôn lại câu chuyện thôi!",5,2023-08-15 17:55:17,202466690,202466691
18911027,"Giao hàng siêu nhanh luôn. Sách còn nguyên seal, được bọc cẩn thận, không bị móp hay gãy cạnh",5,2023-07-25 13:51:59,202466690,202466691
13998095,,5,2026-07-18 10:56:18,202466690,202466691
28360163,"Tuyệt vời lắm nè , shop đóng gói kĩ càng nè, 10 điểm 10 điểm",5,2022-11-17 17:35:25,202466690,202466691
11719435,"Lớp kiếng bên ngoài bị xước xíu, hên sách bên trong không bị gì",5,2023-06-16 19:03:41,202466690,202466691
28537473,"Truyện hay, giao hàng nhanh, tuy đóng gói sơ sài nhưng mà cũng may sách ko bị sao hết",5,2022-12-20 00:57:27,202466690,202466691
10961516,Chất lượng tốt đóng gói chắc chắn giao hàng nhanh ❤️❤️❤️❤️❤️❤️,5,2022-11-19 00:24:34,202466690,202466691
23119657,"Giao hàng nhanh,shipper thân thiện.Đợi mãi mới rước được bé xinh này về,hóng em này lâu lắm rồi.Nay mới coá dịp mua",5,2023-02-14 04:59:50,202466690,202466691
12634304,"Bìa đẹp, nội dung hay, giấy ổn áp.",5,2023-06-29 21:52:55,202466690,202466691
10259761,"Ahihi, sách k bị rách hay df Giao hàng nhanh, khoảnh 2 tiếng là có",5,2022-11-22 20:06:03,202466690,202466691
28617505,"Giao hàng siêu nhanh, bìa đẹp, sách nguyên seal",5,2023-03-02 14:43:20,202466690,202466691
7590141,Giao hàng nhanh. Săn sale 112k. cuối cùng cũng hoàn 🥰🥰,5,2022-10-31 15:43:21,202466690,202466691
28764790,Mlemlemlem,5,2023-02-02 10:50:42,202466690,202466691
27399038,Sách đẹp,5,2022-12-22 15:07:27,202466690,202466691
27357963,Sách đẹp ship nhanhhhhh mà cách gói muốn tiền đình luôn,5,2023-02-22 19:35:40,202466690,202466691
520139,,5,2024-03-21 15:42:48,202466690,202466691
8131764,,5,2024-03-06 22:20:18,202466690,202466691
2770288,,5,2024-02-18 11:25:00,202466690,202466691
5648799,oke,5,2022-11-17 22:33:08,202466690,202466691
28761457,"tikki không có bọc chống sốc, quăn mép sách gòi",5,2023-02-04 19:38:19,202466690,202466691
29162041,nội dung hay bìa đẹp,5,2023-06-11 21:07:54,202466690,202466691
9063005,,5,2023-10-18 10:14:22,202466690,202466691
26849442,,5,2023-10-15 12:11:39,202466690,202466691
1812687,.,5,2023-10-05 11:05:59,202466690,202466691
1707502,,5,2023-10-10 19:04:30,202466690,202466691
28623931,Sách rất đẹp luôn hàng giao nhanh,5,2023-01-29 12:44:02,202466690,202466691
8612269,,5,2023-07-27 22:59:06,202466690,202466691
400063,,5,2023-07-25 17:45:11,202466690,202466691
1888237,"Bìa đẹp, giao siêu tốc đúng hạn.",5,2022-11-07 01:46:51,202466690,202466691
22621548,,5,2023-07-16 10:03:10,202466690,202466691
8489159,,5,2023-06-30 15:44:44,202466690,202466691
357871,,5,2023-06-28 12:06:34,202466690,202466691
14190944,,5,2023-06-24 21:22:40,202466690,202466691
608822,,5,2023-06-07 21:18:35,202466690,202466691
26816264,tốt,5,2023-04-15 00:16:38,202466690,202466691
11078470,,5,2023-05-13 10:15:59,202466690,202466691
7483836,,5,2023-04-11 18:20:18,202466690,202466691
14877112,,5,2023-03-28 00:25:44,202466690,202466691
14005451,Tuyệt zời lun nhoa,5,2022-11-16 14:16:00,202466690,202466691
7907114,,5,2023-03-24 07:41:02,202466690,202466691
28088429,Đẹp,5,2023-02-08 17:51:47,202466690,202466691
10216450,,5,2023-03-13 12:41:57,202466690,202466691
16496062,,5,2023-03-06 00:00:35,202466690,202466691
20737964,,5,2023-03-03 22:41:54,202466690,202466691
22034031,,5,2023-03-03 04:27:35,202466690,202466691
26717407,,5,2023-03-01 18:39:40,202466690,202466691
43795,,5,2023-02-25 10:15:18,202466690,202466691
21828890,,5,2023-02-24 18:33:51,202466690,202466691
7666735,,5,2023-02-19 16:28:40,202466690,202466691
27248597,,5,2023-02-08 01:56:01,202466690,202466691
12247427,,5,2023-02-04 22:45:54,202466690,202466691
9651383,,5,2023-02-02 17:46:28,202466690,202466691
28737813,,5,2023-02-02 11:52:56,202466690,202466691
16355046,,5,2023-01-30 11:37:59,202466690,202466691
26265639,,5,2023-01-28 13:28:51,202466690,202466691
8426557,,5,2023-01-16 08:39:41,202466690,202466691
22000635,,5,2023-01-11 20:59:46,202466690,202466691
371830,,5,2023-01-09 12:26:09,202466690,202466691
23104249,,5,2023-01-06 08:36:58,202466690,202466691
22446400,,5,2023-01-05 21:09:39,202466690,202466691
16598328,,5,2023-01-05 17:35:33,202466690,202466691
16355531,,5,2022-12-31 09:15:17,202466690,202466691
26851139,,5,2022-12-30 13:08:56,202466690,202466691
26771193,Tốt,5,2022-11-30 17:57:01,202466690,202466691
5676344,,5,2022-12-14 18:11:25,202466690,202466691
28354599,,5,2022-12-13 11:52:20,202466690,202466691
6031697,,5,2022-12-11 17:43:32,202466690,202466691
28562264,,5,2022-12-10 16:34:57,202466690,202466691
10794832,,5,2022-12-09 14:22:56,202466690,202466691
19388085,,5,2022-12-08 08:41:51,202466690,202466691
494562,Okie,5,2022-11-13 16:44:08,202466690,202466691
259011,,5,2022-12-05 10:23:06,202466690,202466691
20630197,,5,2022-11-30 11:43:19,202466690,202466691
27062718,,5,2022-11-28 19:08:04,202466690,202466691
385406,,5,2022-11-28 18:22:55,202466690,202466691
984951,,5,2022-11-27 22:26:38,202466690,202466691
481629,,5,2022-11-26 20:47:26,202466690,202466691
532607,,5,2022-11-26 19:57:11,202466690,202466691
7167658,,5,2022-11-26 11:50:24,202466690,202466691
17615057,,5,2022-11-25 08:56:54,202466690,202466691
10200953,,5,2022-11-24 19:36:29,202466690,202466691
23614045,,5,2022-11-23 22:12:21,202466690,202466691
7254347,,5,2022-11-22 14:22:36,202466690,202466691
759415,,5,2022-11-22 13:42:53,202466690,202466691
27585497,,5,2022-11-20 23:45:44,202466690,202466691
8042830,,5,2022-11-20 22:39:34,202466690,202466691
1818973,,5,2022-11-20 20:01:55,202466690,202466691
15389282,,5,2022-11-18 09:31:54,202466690,202466691
12809887,,5,2022-11-15 20:03:05,202466690,202466691
7483456,,5,2022-11-15 16:13:25,202466690,202466691
22276769,,5,2022-11-15 15:16:46,202466690,202466691
5102597,,5,2022-11-14 13:04:12,202466690,202466691
1602708,,5,2022-11-12 16:29:24,202466690,202466691
19550,,5,2022-11-11 19:57:03,202466690,202466691
8257470,,5,2022-11-06 19:25:19,202466690,202466691
6176996,,5,2022-10-31 17:43:11,202466690,202466691
2220977,,5,2022-10-29 12:55:50,202466690,202466691
28297554,"Giao hàng nhanh, tầm 1-2 ngày là tới r. Sách đẹp, nhưng mà ở trên góc hơi bị móp nha nên cho 4⭐",4,2022-11-15 13:24:23,202466690,202466691
14991934,"Mua tới quyển này phát hiện ""dịch giả"" dịch sai tên nvc :)))) Chán chả buồn nói luôn",3,2023-01-10 18:45:12,202466690,202466691
21945903,"ko có bọc chống sốc, mình lại đặt tận 4 quyển khá dày, may mà sách k sao, mong shop đóng gói cẩn thận, giao siêu nhanh",4,2023-01-18 12:09:24,202466690,202466691
5903153,Giao hàng không đúng sản phẩm muốn nua,1,2023-05-07 17:42:43,202466690,202466691
16898555,,4,2022-10-30 19:04:17,202466690,202466691
11657509,"Sách giao về có chống sốc đàng hoàng, giao cực nhanh có điều lúc khui ra thì seal cx bị rách ở dưới rùi🥲",5,2024-10-21 12:29:02,276132452,276132477
25755454,"chưa đọc nên không biết nội dung, shop đóng gói hàng kĩ càng",5,2026-04-12 18:53:53,276132452,276132478
15238927,"Giao hàng nhanh, vừa vặn, đóng gói chắc chắn. Shipper nhiệt tình thân thiện",5,2024-09-24 11:30:31,276132452,276132478
29664834,,5,2026-08-27 06:43:30,276132452,276132477
21575280,,5,2025-10-13 07:42:46,276132452,276132477
30329136,,5,2025-05-04 17:23:02,276132452,276132478
29859975,,5,2024-10-27 13:01:47,276132452,276132478
28212333,,5,2024-10-24 21:42:29,276132452,276132478
23001052,,5,2024-10-22 20:35:45,276132452,276132478
30075539,Gói không đẹp nhìn hộp bên ngoài bị rách mà đau trong lòng nhiều chút,1,2024-11-11 15:28:31,276132452,276132478
17702151,Poster hơi bụi thôi còn lại ok,4,2025-03-12 17:44:14,276132452,276132478
29104539,,5,2026-08-28 15:07:18,275033849,275034190
30218340,"Hàng giao nhanh, đóng gói kĩ, sách ko bị móp, rách",5,2025-02-21 12:24:30,275033849,275034191
21879872,Hay á,5,2024-08-21 16:57:35,275033849,275034191
16735672,,5,2024-12-15 11:14:18,275033849,275034190
984951,,5,2024-10-24 14:14:03,275033849,275034191
9849620,,5,2024-08-05 14:26:29,275033849,275034191
385406,,5,2024-07-09 20:30:37,275033849,275034191
19205383,,5,2024-06-18 22:12:57,275033849,275034191
7057279,"Lần đầu mua sách ở tiki, sách không seal, bị df nhẹ, khâu đóng gói quá sơ sài",4,2025-10-09 19:27:48,275033849,275034190
27860446,"Gói hàng ẩu, sách bị df rất nhiều",2,2026-04-08 10:42:25,275033849,275034190
7156259,,4,2024-06-20 18:44:41,275033849,275034191
30178038,"Nghe mọi người nói là bên TIki gởi hàng df lắm mà ko tin . Nay mua mới cảm nhận đúng là nên nghe theo mọi ngưởi , được cái hậu mãi tốt lắm các bạn đổi hàng nhanh gọn lẹ . Hàng đổi ko bị df nhiều như hàng giao lúc đầu",5,2025-03-20 16:10:46,274319422,274323120
27576897,Tốt,5,2024-10-23 17:05:18,274319422,274323121
21575280,,5,2025-10-13 07:44:46,274319422,274323120
30177190,đóng gói siêu cẩn thẩn hài lòng với dịch vụ,5,2024-10-22 20:25:04,274319422,274323121
17105091,,5,2025-05-21 14:03:17,274319422,274323120
520139,,5,2025-03-17 11:23:43,274319422,274323121
29940273,,5,2024-06-04 10:21:46,274319422,274323121
1903386,,5,2024-05-17 06:02:53,274319422,274323121
27562710,,5,2024-04-24 13:22:30,274319422,274323121
385406,,5,2024-04-15 20:10:54,274319422,274323120
8863421,,5,2024-04-13 12:19:18,274319422,274323121
30349720,"Hàng đóng gỗ kỹ càng, tận 2 túi seal, giao cũng khá nhanh, sách về ko bị móp méo, đầy đủ phụ kiện",5,2026-03-06 21:25:16,279155573,279155585
30775021,"Đẹp quãi, bìa xinh iu nhg mà giao thiếu tui òi😭 (huy hiệu)",5,2026-09-24 11:39:21,279155573,279155585
30049119,Sản phẩm đóng gói cẩn thận đúng mô tả giá rẻ sẽ quay lại ủng hộ shop,5,2026-04-18 16:39:14,279155573,279155585
25755454,"chưa đọc nên không biết nội dung, shop đóng gói hàng kĩ càng",5,2026-04-12 18:38:16,279155573,279155585
30611594,"bìa đẹp lung linh luôn♡⁠˖⁠꒰⁠ᵕ⁠༚⁠ᵕ⁠⑅⁠꒱ bọc hàng kĩ, giao hàng nhanh",5,2026-03-04 20:23:21,279155573,279155585
30704097,,5,2026-07-31 16:38:37,279155573,279155585
30084861,"Sách giống trên ảnh, gói cẩn thận",5,2026-02-26 20:52:55,279155573,279155585
30757934,,5,2026-09-28 18:18:02,279155573,279155585
30624983,ok nhm bị df góc,5,2026-04-01 17:41:21,279155573,279155585
20819726,,5,2026-06-16 04:21:14,279155573,279155585
30539121,,5,2026-06-12 15:41:11,279155573,279155586
30678057,,5,2026-05-27 21:34:11,279155573,279155585
30651022,,5,2026-04-13 17:24:58,279155573,279155585
21575280,,5,2026-04-10 08:35:54,279155573,279155585
30648834,,5,2026-04-08 19:57:32,279155573,279155585
30579353,,5,2026-04-08 18:50:20,279155573,279155585
30646281,,5,2026-04-07 13:33:41,279155573,279155585
30646736,,5,2026-04-05 14:42:23,279155573,279155585
30642345,,5,2026-03-29 11:50:06,279155573,279155586
29853477,,5,2026-03-16 13:11:44,279155573,279155585
27381168,,5,2026-03-04 12:04:31,279155573,279155585
281914,,5,2026-02-28 18:49:00,279155573,279155585
544430,,5,2026-02-21 21:27:08,279155573,279155586
8073748,,5,2026-02-15 12:36:09,279155573,279155585
30401412,,5,2026-02-11 03:40:44,279155573,279155586
30666266,"Sách đẹp, bìa cán kim tuyến lấp lánh nữa, có bookmark, mà seal thì bị bung ra xíu:)) nên móp nhẹ 1 góc bìa, nói chung vẫn ổn. Mong shop sẽ check lại kỹ trước khi gói hàng",4,,279155573,279155585
30563511,,4,2026-04-30 22:48:36,279155573,279155585
30513267,,4,2026-04-26 15:23:50,279155573,279155585
1527389,"Bìa truyện khá đẹp, truyện không quá dài. Mua vì thấy mọi người nói rằng hài hước nhưng thấy truyện chỉ ở mức giải trí được, không quá xuất sắc.",5,2022-08-31 17:05:45,185340449,185340450
26442433,Không bị df mặc dù k có bọc chống sốc nchung là hài lòng lắm luôn,5,2023-01-29 10:13:37,185340449,185340450
18001350,"Truyện dễ thưn, nội dung cũng lạ lạ nữa",5,2023-05-07 15:34:17,185340449,185340450
27200028,"Sách bìa xinh thật sự :3 truyện có vẻ ngắn,chắc đọc mấy tiếng là hết",5,2022-08-03 10:00:42,185340449,185340450
26282044,Nội dung tình thú phết =))) chưa đọc xong nhưng flow khá oce,5,2022-11-15 16:45:51,185340449,185340450
8851381,"May k bị df j cả, manga Tanaka cos df nhẹ nên bỏ qua",5,2022-09-19 21:47:58,185340449,185340450
23048797,"Bìa đẹp, phụ kiện xinh, nội dung thú vị.",5,2022-10-02 15:08:33,185340449,185340450
5172424,,5,2024-03-26 21:24:49,185340449,185340450
27045464,"Nội dung truyện ổn, nhẹ nhàng, dễ thương. Gói kĩ lúmmm",5,2023-01-08 12:43:07,185340449,185340450
6303164,,5,2022-10-29 01:59:03,185340449,185340450
17713241,,5,2022-10-14 14:11:24,185340449,185340450
13428524,,5,2023-08-10 01:18:58,185340449,185340450
18005164,ship hàng ổn. đóng hàng tạm được. nói chúng là ổn.,5,2022-07-09 10:37:53,185340449,185340450
24585615,,5,2023-03-12 14:00:49,185340449,185340450
28746891,tốt,5,2023-01-28 12:06:14,185340449,185340450
447646,,5,2023-02-20 10:00:51,185340449,185340450
15163451,,5,2022-12-01 07:53:57,185340449,185340450
18437840,,5,2022-10-30 11:37:17,185340449,185340450
10161823,,5,2022-10-09 23:30:02,185340449,185340450
18458790,,5,2022-09-07 22:00:35,185340449,185340450
27863875,,5,2022-08-21 23:09:05,185340449,185340450
15948727,,5,2022-08-14 00:24:06,185340449,185340450
13734003,,5,2022-08-08 10:13:34,185340449,185340450
1830079,,5,2022-07-25 07:45:14,185340449,185340450
10354465,,5,2022-07-08 08:21:36,185340449,185340450
26440021,"Đóng seal chật quá cong veo cả quyển sách, mua giùm bạn, miễn bàn cãi:v",4,2022-11-16 18:20:37,185340449,185340450
8085603,"Bìa đẹp nhưng nội dung thì không hợp gu mình lắm, kiểu khá là nhạt ấy ạ",4,2023-05-04 20:29:56,185340449,185340450
929740,Không hay như mình tưởng dù sách rất đẹp,3,2022-09-30 03:10:37,185340449,185340450
20251148,,4,2023-03-03 19:36:16,185340449,185340450
9770939,,4,2022-08-03 20:15:21,185340449,185340450
22133530,"Bộ này siêu siêu hay ,lúc trc đọc trên Wattpad tên là ảnh đế và phó tiên sinh của anh ấy ,bộ này mua vì bìa đẹp tới lúc đọc nội dung mới bik aaaaaaa (⁠ ⁠˘⁠ ⁠³⁠˘⁠)⁠♥",5,2022-10-13 13:11:26,195801647,195801655
264283,"Tiki giao nhanh, truyện đẹp.",5,2023-02-25 22:41:48,195801647,195801655
7055259,"Truyện hay, nhẹ nhàng đáng iu, tiki mọi khâu đều làm tốt trừ cái khâu bọc, bảo quản hàng khi vận chuyển, không chống sốc, kh bọc mút",5,2023-03-08 23:04:27,195801647,195801655
7590141,"Giao hàng nhanh. Sách mới nguyên seal. Đóng gói ok k bị va, cấn 👍",5,2022-10-06 11:44:43,195801647,195801655
1740661,Nd hay bìa đẹo mắt in ấn rõ ràng,5,2023-02-15 17:57:49,195801647,195801655
25459148,,5,2024-10-20 17:36:34,195801647,195801655
14176001,"Gói hàng kĩ, sách đẹp",5,2022-10-11 23:34:00,195801647,195801655
13414935,Truyện rất đúng gu của mình =)))))) rất là ngọt nha,5,2023-04-07 00:11:21,195801647,195801655
408517,,5,2024-03-27 11:12:51,195801647,195801655
11677843,"Bìa xinh quãi, tên hơi sến nhưng àm mua về sưu tập nên cũng được",5,2022-10-24 20:24:01,195801647,195801655
68275,"Sách đẹp, nội dung nhẹ nhàng dễ giải trí.",5,2022-12-13 09:44:04,195801647,195801655
182224,,5,2023-10-07 17:20:04,195801647,195801655
14877112,,5,2023-03-28 00:26:27,195801647,195801655
16496062,,5,2023-03-06 00:00:45,195801647,195801655
12454982,,5,2023-02-19 11:16:40,195801647,195801655
28557676,,5,2023-01-06 21:50:07,195801647,195801655
23843034,,5,2023-01-02 15:09:33,195801647,195801655
12680506,,5,2022-12-21 07:35:44,195801647,195801655
278371,,5,2022-12-12 13:47:59,195801647,195801655
10794832,,5,2022-12-09 16:16:30,195801647,195801655
532607,,5,2022-11-26 19:57:02,195801647,195801655
8426557,,5,2022-11-21 06:40:16,195801647,195801655
8042830,,5,2022-11-20 22:39:49,195801647,195801655
10200953,,5,2022-11-20 16:52:26,195801647,195801655
1786044,,5,2022-11-13 04:25:44,195801647,195801655
17236910,,5,2022-11-09 16:26:01,195801647,195801655
6031697,,5,2022-10-28 13:29:33,195801647,195801655
7287481,,5,2022-10-27 21:26:35,195801647,195801655
22414262,,5,2022-10-24 16:13:54,195801647,195801655
27062718,,5,2022-10-24 13:03:05,195801647,195801655
12247427,,5,2022-10-24 01:20:25,195801647,195801655
20461444,,5,2022-10-23 10:11:33,195801647,195801655
375004,,5,2022-10-22 20:53:56,195801647,195801655
1830079,,5,2022-10-21 12:27:30,195801647,195801655
828649,,5,2022-10-20 16:27:27,195801647,195801655
25870452,,5,2022-10-20 11:59:07,195801647,195801655
10396593,,5,2022-10-11 17:50:05,195801647,195801655
28303807,,5,2022-10-10 20:00:59,195801647,195801655
27827676,tiki giao hàng rất nhanh có mỗi khoản đóng gói vẫn như vậy không có lớp giảm sốc bao sách j cả,4,2022-09-26 22:29:42,195801647,195801655
16518194,Sách đẹp ! Giao nhanh ! Săn sale khá rẻ P/s: Hình ảnh mang tính chất minh hoạ,4,2023-01-17 11:02:42,195801647,195801655
7590141,Ok,5,2023-04-24 14:41:36,241803353,241803355
1826533,,5,2023-06-07 08:38:18,241803353,241803355
6031697,,5,2023-06-05 14:16:59,241803353,241803355
18134340,,5,2023-05-16 15:12:37,241803353,241803355
1786044,,5,2023-05-14 14:57:18,241803353,241803355
10298328,,5,2023-04-22 22:15:25,241803353,241803355
759415,,5,2023-03-28 18:18:11,241803353,241803355
5102597,,5,2023-03-16 19:43:33,241803353,241803355
18715703,Hơi bị rách seal nè nhưng còn lại ko sao cả nên chấp nhận đc.,4,2023-03-21 18:50:07,241803353,241803355
30713610,,4,2026-07-09 22:29:09,241803353,241803355
1348644,"Sau những lần ""mây mưa mập mờ"" thì đại thúc thụ Lee đã bị dính trap bởi ""thằng nhóc"" Kha Lạc. Vốn dĩ cả 2 đều là công và cũng đều là playboy chính gốc nhưng bất đắc dĩ Lee đành phải ""ở dưới"" để có thể níu giữ lấy hy vọng muộn màng này, thậm chí Lee đã hy sinh cả 1 phần bộ phận cơ thể của mình để khiến cho Kha Lạc vui và cho cả chính hắn cũng trở nên nhẹ lòng. Bên cạnh couple chú cháu này còn có 1 couple phụ khác là Thư Niệm và Tạ Viêm trong ""Quân tử chi giao"", Thư Niệm là em trai của chú Lee, hết lòng chăm bệnh cho anh trai còn tốt hơn cả Kha Lạc. Điều này vô tình khiến Tạ Viêm ghen tỵ và buông lời mắng nhiếc chú Lee, nhưng chú Lee cũng không phải dạng vừa, chú sẵn sàng công kích Tạ Viêm, liều lĩnh bảo vệ em mình và chú cũng thích chơi trò ""ông ăn chả bà ăn nem"" với Kha Lạc nữa. Đúng là ""nồi nào úp vung nấy"" hen!",5,2024-11-25 13:08:07,241803354,241803356
7590141,Ok,5,2023-06-21 18:28:05,241803354,241803356
21575280,"Bìa khá đẹp, đóng gói ok",5,2023-03-27 10:50:02,241803354,241803356
29130743,,5,2023-09-17 15:37:42,241803354,241803356
6031697,,5,2023-06-09 12:28:37,241803354,241803356
28968306,,5,2023-05-16 16:16:49,241803354,241803356
18134340,,5,2023-05-16 15:12:32,241803354,241803356
1786044,,5,2023-05-14 14:57:26,241803354,241803356
1826533,,5,2023-05-07 20:32:14,241803354,241803356
759415,,5,2023-03-28 18:18:19,241803354,241803356
30713610,,4,2026-07-09 22:29:17,241803354,241803356
24750445,,4,2023-03-20 19:39:37,241803354,241803356
621254,"Truyện đọc bao cuốn, săn sale giá hơi rẻ rẻ. Dạo này tiki hết phép thuật rồi hay sao ý, đợt này xu dính quyển bị lỗi mép sách nó bị chênh dòm khó chịu ghê",5,2024-12-11 22:04:17,274529453,274530109
22505301,sáng 10h đặt mà 2h chiều shipper đã kêu xuống lấy rồi 🤌 tiki giao hàng thì sách lúc nào cũng mới cứng k có tí vấn đề nào,5,2024-03-30 15:10:02,274529453,274530110
17801060,"Vì tiki gói hàng không kĩ lắm, nên có defect nhẹ, nhưng vẫn trong tầm chấp nhận được nha.",5,2025-07-13 18:25:17,274529453,277965398
30435863,"Giao hàng nhanh, bảo vê hàng khá tốt. Cảm ơn Tiki và anh Shipper ạ",5,2025-07-14 11:49:59,274529453,277965398
30504049,"Sách hayyy ,bìa đẹp +giá siuu hời iuu Tiki",5,2026-08-26 06:51:14,274529453,274530109
15238927,"Giao hàng nhanh, vừa vặn, đóng gói chắc chắn. Shipper nhiệt tình thân thiện",5,2024-07-08 02:36:02,274529453,274530110
30371102,,5,2026-08-12 18:32:53,274529453,274530109
30303938,Tuỵt nha,5,2025-02-27 15:33:07,274529453,274530109
26702327,Hàng đẹp okela,5,2024-04-21 17:15:24,274529453,274530109
25838021,,5,2025-07-03 18:31:38,274529453,277965398
27624693,,5,2024-03-26 23:41:46,274529453,274530110
27417308,,5,2025-03-12 09:43:08,274529453,274530109
29180597,Nội dung hay. Đóng gói cẩn thận,5,2024-07-12 12:41:29,274529453,274530110
30105430,,5,2024-10-29 10:09:39,274529453,274530109
28108998,,5,2024-10-24 14:46:15,274529453,274530109
8628561,,5,2024-09-09 18:56:08,274529453,274530110
1602708,,5,2024-08-06 15:20:22,274529453,274530109
29876480,,5,2024-07-04 13:01:58,274529453,274530110
28729674,,5,2024-06-12 12:27:48,274529453,274530110
296347,,5,2024-05-27 08:32:46,274529453,274530110
26057682,,5,2024-05-22 17:41:11,274529453,274530109
27875309,😍🫶,5,2024-03-26 17:06:37,274529453,274530110
29831921,,5,2024-04-04 01:55:47,274529453,274530110
5089627,,5,2024-04-04 00:13:25,274529453,274530110
23074564,,5,2024-03-31 05:03:40,274529453,274530110
25520017,,5,2024-03-29 19:11:54,274529453,274530110
385406,,5,2024-03-27 20:51:25,274529453,274530110
29838163,,5,2024-03-27 12:24:23,274529453,274530110
1826533,,5,2024-03-26 21:09:24,274529453,274530110
27688503,,5,2024-03-26 17:30:37,274529453,274530110
5592630,,5,2024-03-26 11:12:43,274529453,274530110
29848482,,5,2024-03-26 08:39:18,274529453,274530110
348882,"Nói chung mua hàng tiki như đánh loto v, lúc mở bán hot quá không mua được ở nơi khác nên đành bấm bụng mua ở tiki, dù biết tiki gói ẩu nhưng trước giờ dù bị vấn đề gì đều được giải quyết khá tốt nên mình chủ quan. Tiki giao hàng chậm hơn các đơn vị khác cả tuần, ord 18/03 thì hối mãi mới thấy 25/03 tiki chuyển sang chế độ giao. Do mình đi công tác nên giao tới nhà hôm 26 thì 29 mình mới kiểm hàng được, cuối cùng tiki không giải quyết lỗi ngoại quan do lố ngày nhận hàng quá 2 ngày. Nói chung là ai mua sách muốn sưu tầm thì không nên mua tiki, rủi ro quá cao, chính sách hoàn hàng lỗi ngoại quan chỉ trong 2 ngày quá cập rập. Ủng hộ tiki rất nhiều năm, đăng ký xài tiki bởi vì mua sách nhưng thất vọng và rời bỏ tiki cũng bởi vì sách. Lần sau chắc chắn là không dám chơi kiểu hên xui may rủi này nữa ☺️",1,2024-03-29 23:43:52,274529453,274530110
30126569,"Đẹp, nội dung hay, giao nhanh Ước có tập 1 í",4,2024-09-23 21:08:28,274529453,274530109
21337825,,4,2024-04-19 21:34:31,274529453,274530110
27078552,"Sách được giao nguyên vẹn, xinh xịn mịn, giấy đẹp và được đóng rất đều. Cây Nấm Nhỏ là bộ truyện yêu thích của mình, chỉ có điều trong bản xuất bản lần này mình hơi vấp chỗ xưng hô của Chiết và Trạch, cũng như tên một vài nhân vật, đặc biệt là danh xưng của Lục Phong, cảm thấy Việt hóa quá triệt để làm mất đi một chút ý vị của bộ truyện.",5,2023-06-15 16:33:08,261038020,261038022
20487975,"Tiki giao hàng nhanh, sách đẹp ko móp gãy gì hết. Gặp Tiki đang sale 40% nữa chứ Về nội dung : vì quá mê em An Chiết với a Thẩm phán Lục nên vội rước e nó về. Theo cảm nhận của mình thì đây là bộ mạt thế hay nhất mình từng đọc. Nó khắc họa rõ nét những tuyệt vọng và hiện thực tàn khốc của những ng sống trong tận thế. Cho dù biết trước vẫn ko thể làm gì, đối với những biến động của tạo hóa thì con ng chỉ là nhỏ nhoi. Nhưng cũng cho ta thấy sự hy vọng của loài ng và vẫn còn đâu đó những tình cảm tốt đẹp và mong chờ vào ngày mai. Truyện rất hay, đáng đọc nha mn",5,2023-06-08 17:57:55,261038020,261038024
22089793,"Giao hàng siêu tốc, đóng gói chắc chắn, bìa đẹp, nd truyện này rất hay",5,2023-08-07 19:01:41,261038020,261038024
28501421,"Nội dung khỏi bàn rồi he. Bìa đẹp nè, màu lên đúng mát mắt, huyền ảo. In ấn ok, không bị lem nhem hay nhạt màu.",5,2024-01-14 16:55:28,261038020,261038022
28809147,"Cầm đã tay xĩu, độ dày bìa cũng rất oke, đồ tặng kèm cũng đẹp, nói chung là ưng Sẽ bổ sung comt sau khi đọc bản dịch sách sau",5,2023-06-15 17:09:18,261038020,261038024
28647564,"Bìa đẹp, nội dung cuốn, dịch thuật nhiều chỗ chưa mượt lắm",5,2024-03-26 23:29:27,261038020,261038022
30371102,,5,2026-08-12 18:33:39,261038020,261038022
29167178,"Std cứng cáp móc khoá siêu to, sách rất đẹp nha, mình kiểm tra thấy móc trên đầu bị hỏng",5,2023-06-15 16:33:15,261038020,261038024
6471953,"Giao hàng nhanh, sách đẹp còn nguyên seal, nội dung ổn nha",5,2023-07-21 10:35:50,261038020,261038022
26845664,"Hay hết nước chấm luôn, nội dung siêu siêu siêu hay, bé nấm của tui siêu đáng yêu ❤❤❤😍",5,2023-12-05 07:46:21,261038020,261038022
26702327,Hàng oke nha,5,2024-04-21 17:14:58,261038020,261038022
29761546,,5,2025-05-30 22:09:18,261038020,277965409
26590071,,5,2025-05-29 14:34:28,261038020,277965409
16989568,"Bìa sách đẹp, giao hàng nhanh chóng đặt hôm trước là hôm sau đã giao đến",5,2023-11-18 11:37:50,261038020,261038022
8628561,"Phụ kiện xịn nè, 10 điểm 👉👈",5,2023-06-17 23:10:20,261038020,261038024
21775811,Thực tuyệt vời,5,2023-10-02 22:57:07,261038020,261038022
14748063,như mô tả,5,2023-10-23 01:21:04,261038020,261038022
18596656,Giao hàng nhanh,5,2024-08-13 12:12:14,261038020,261038022
7590141,Ok,5,2023-06-21 23:30:04,261038020,261038022
27426684,Đẹp,5,2024-08-09 19:30:54,261038020,261038022
29180597,"Đóng gói cẩn thận, đầy đủ, đẹp nhưng giao hàng khá lâu",5,2023-06-15 17:16:56,261038020,261038024
21563641,,5,2024-08-11 16:20:51,261038020,261038022
23307715,"Giao hàng nhanh, sách đc bọc kỹ, còn nguyên seal",5,2023-09-11 18:59:06,261038020,261038022
18699839,,5,2024-05-30 10:59:33,261038020,261038022
10243972,"Bìa đẹp, đợi gần 3 năm r, rất là ưng luôn",5,2023-06-27 12:14:36,261038020,261038024
29861250,,5,2024-03-27 17:09:06,261038020,261038022
20485863,,5,2024-03-15 19:19:32,261038020,261038022
8895710,,5,2024-03-09 11:09:55,261038020,261038022
1602708,,5,2024-01-24 15:21:34,261038020,261038022
23114877,,5,2023-12-28 11:31:54,261038020,261038022
29162041,,5,2023-12-12 11:11:00,261038020,261038022
27713594,,5,2023-10-15 21:33:24,261038020,261038024
333003,,5,2023-10-10 05:53:23,261038020,261038024
385406,,5,2023-10-05 10:20:09,261038020,261038022
29246606,,5,2023-09-10 16:54:56,261038020,261038024
18193262,,5,2023-08-22 07:54:04,261038020,261038024
13085004,,5,2023-08-09 00:04:28,261038020,261038024
1826533,,5,2023-07-22 16:53:55,261038020,261038024
8257470,,5,2023-07-20 11:04:35,261038020,261038022
20140587,,5,2023-07-19 15:07:50,261038020,261038024
5148776,,5,2023-07-17 01:22:34,261038020,261038024
373367,,5,2023-07-15 00:11:14,261038020,261038024
28622301,,5,2023-07-14 09:14:49,261038020,261038022
17697157,,5,2023-06-28 15:13:11,261038020,261038024
23591147,,5,2023-06-19 08:46:05,261038020,261038024
15233126,,5,2023-06-16 12:01:53,261038020,261038024
22067615,,5,2023-06-15 13:20:28,261038020,261038022
1563181,,5,2023-06-09 00:05:38,261038020,261038022
28032976,,5,2023-06-08 23:46:56,261038020,261038024
7287481,,5,2023-06-07 23:43:14,261038020,261038022
2003560,,5,2023-06-07 08:44:09,261038020,261038022
10794832,,5,2023-06-05 11:04:37,261038020,261038022
22501923,"Giao hàng nhanh, tiếc là móc khóa bị gãy ngay đồ móc nên phải lấy keo dán lại, tổng thể sách oke nhưng điểm trừ là móc khóa bị gãy đồ móc",4,2023-08-18 12:24:09,261038020,261038024
181276,"Sách giao trước hạn nhưng hàng nhận về không như mong đợi. Sách bị cấn bìa sau dù lúc unbox mình không thấy có gì cấn vào, tức là sách vốn cấn như vậy chứ không phải do gói hàng => Không kiểm tra trc khi gói Móc khoá thì chỗ treo vừa chạm nhẹ đã mềm và nứt gãy luôn. Nhưng xui cái là không đổi được vì quá 2 ngày mới báo như quy định của tiki; nhưng vì lý do khách quan thôi, đơn này pre order, chẳng có thời gian dự kiến khi nào tới; ngay hôm xử lý đơn thì nhà mình đi vắng tận 5 ngày, về mới khui ra thấy. Xui thật, tốn tiền mua mà 2/3 món của bộ sản phẩm đều không nguyên vẹn 🤷‍♀️",3,2023-06-23 18:23:00,261038020,261038024
28618983,Sách bản đb đủ phụ kiện nhưng gáy sách bị công hơi nặng khiến mình hơi buồn 🥹. Seal cũng không được đẹp,4,2023-06-19 11:49:31,261038020,261038024
13635527,Standee gãy như vầy thì có được đổi trả k ạ,1,2023-06-07 18:53:47,261038020,261038024
30319905,Đóng hàng hơi ẩu. Hàng về tay dễ df. Seal cũng bị rách,3,2025-07-16 10:04:04,261038020,277965409
17089041,Đúng ra cho 5 sao nhưng vì giao tới sách bị cấn khuyết vô một lỗ 🥲 Làm tui phải xài mấy miếng sticker kèm theo trong truyện dán vào.,4,2023-06-09 11:59:34,261038020,261038024
19238446,"Giao hàng trong 1 tuần và stande của mình bị df, đau đớn thiệt chứ",1,2023-06-15 12:42:11,261038020,261038024
29168890,,4,2023-10-23 22:23:01,261038020,261038022
27182329,,4,2023-08-18 14:46:25,261038020,261038024
759415,"(*) Đánh giá không tính điểm Sách bị hư hại nặng do vận chuyển, tôi không hài lòng khi mỗi lần mua sách lại phải chịu cảnh may rủi như đánh bạc",1,2023-06-21 10:14:48,261038020,261038022
30722023,"Hì, trộm vía quá, sách về tay an toàn lắm, không bị df gì hết, không bị rách seal luôn nè! Ôi, hóng từng ngày luôn á, thích bộ này lắm luôn, có bản tập 1 rồi, chờ mãi mới phát hành bản tập 2, mê Ôn Trĩ Sơ, Tần Gia Thụ lắm, mê cả bé Hệ Thống nữa, vừa hài, vừa đáng yêu, đọc mà cười mãi không nhịn được luôn á… :33",5,2026-08-01 12:07:15,279563503,279563733
30705293,"Trộm vía sách không bị df gì hết, nội dung sách hay rcm mọi người mua đọc thử.",5,2026-07-30 21:26:20,279563503,279563733
30512852,Sách không bị df,5,2026-09-05 17:02:22,279563503,279563733
30732819,,5,2026-08-29 20:00:10,279563503,279563733
30721947,,5,2026-08-20 13:12:09,279563503,279563733
27073396,,5,2026-08-11 11:59:05,279563503,279563733
12982980,,5,2026-08-02 10:31:29,279563503,279563732
30656574,,5,2026-08-01 08:23:03,279563503,279563732
29449831,,5,2026-08-01 01:33:30,279563503,279563733
30722171,,5,2026-07-30 10:00:09,279563503,279563733
30722020,"Sách df nặng vì mình bóc seal nên kh đổi trả đc,quấn bbw khá sơ sài",1,2026-07-28 14:06:59,279563503,279563733
30741069,"Sách của mình về bị dfsx, phụ kiện còn lại ổn và gói tương đối cẩn thận. Mình đánh giá 4 sao cho dịch vụ hỗ trợ và đội ngũ của Tiki ạ! Hy vọng lần sau sẽ có trải nghiệm tốt hơn nữa!",4,2026-09-03 16:54:34,279563503,279563733
28532244,mọi người hay kêu là bên tiki bọc ẩu. Mà tôi thấy ok lắm á chống sốc bọc đủ kiểu cũng không có bị df nữa. Tuyệt vơiiiiii,5,2023-06-11 07:19:54,253213647,253213651
21081470,"Truyện đóng gói oke, phụ kiện siêu đẹp",5,2023-06-09 09:53:26,253213647,253213651
16264097,😭😭😭 cái bìa cực dịu này mê quá trời ndung thì cute do để standee nên bìa bị df 😞ksao nhm đẹp quá,5,2023-06-09 13:02:32,253213647,253213651
30579508,"Bìa sách đẹp, giao hàng ổn và ko bị df",5,2026-01-11 15:10:32,253213647,253213649
28479917,"Sách đc bọC cẩn thận, hàng chất lượng",5,2024-02-16 17:21:01,253213647,253213649
27646304,Đẹp vỡi chưỡng ạaaa 😭🙌🫶♥️✨,5,2024-02-01 19:56:13,253213647,253213649
10259761,Giao nhanh nhưng gói àng của tiki k bh ổn đc. Cũng hên là stande k bị gãy:((,5,2023-06-13 18:03:33,253213647,253213651
20186192,"K bị df, sợ Vì nhét chung tất cả với nhau nên bm bị có vết hằn :”)",5,,253213647,253213651
30738583,"Giao nhanh , ko bị đf",5,2026-08-23 13:19:20,253213647,253213649
30068990,"T đã nhận được truyện, giao hàng nhanh chóng",5,2024-10-22 19:12:04,253213647,253213649
30648280,Đẹp,5,2026-08-19 01:53:33,253213647,253213649
30770944,,5,2026-09-17 20:48:05,253213647,253213649
21060983,,5,2026-08-14 10:16:41,253213647,253213649
21230674,,5,2026-08-08 18:37:50,253213647,253213649
30689324,,5,2026-08-07 16:49:05,253213647,253213649
13262563,,5,2026-08-07 14:57:30,253213647,253213649
30656574,,5,2026-08-07 12:10:27,253213647,253213649
27326713,"Giao hàng nhanh, nhưng gói ko đc kĩ lắm . Hàng về sách bị df một chút mong shop cãi thiện phần này.",5,2023-06-08 16:42:06,253213647,253213651
27956019,Hàng siu đẹp nhưng standee cấn lên sách 🥲 mong lần sau tiki gói hàng cẩn thận hơn,5,2023-06-09 14:53:55,253213647,253213651
18898492,10 điểmmmmm,5,2023-07-07 21:40:51,253213647,253213649
15875514,,5,2026-01-09 00:25:11,253213647,253213649
30312013,thiếu bookmap,5,2025-08-23 12:52:31,253213647,253213649
30447637,,5,2025-08-02 10:19:40,253213647,253213649
8628561,Chờ hơi lâu 😢 Phụ kiện xịn xò 👉👈,5,2023-06-17 23:12:16,253213647,253213651
1694025,"Đóng gói đẹp, có chống sốc. Nội dung thanh xuân vườn trường dth vô cùng❤️❤️",5,2023-10-17 18:01:47,253213647,253213649
2135302,"Sách đẹp , bên Tiki giao siêu nhanh",5,2023-08-03 17:16:22,253213647,253213649
30175527,,5,2025-06-06 16:06:59,253213647,253213649
30329136,,5,2025-05-08 00:22:56,253213647,253213649
30126569,"Đẹp, nội dung hay giao nhanh",5,2024-09-23 21:08:42,253213647,253213649
7590141,Giao hàng nhanh. Hàng mới ok 👍,5,2023-06-19 14:28:18,253213647,253213649
30327177,,5,2025-03-21 13:44:08,253213647,253213649
6050272,,5,2025-03-10 17:09:52,253213647,253213649
2093930,"Giao hàng nhanh, đóng gói cẩn thận. Sách đẹp, nội dung hay, hấp dẫn.",5,2023-09-19 12:49:46,253213647,253213649
28866573,Giao hàng nhanh đáng mua,5,2023-06-12 09:47:47,253213647,253213649
11818157,Gianh hàng nhanh không df,5,2023-05-25 15:00:49,253213647,253213649
27491641,"Bìa đẹp, giao nhanh.",5,2023-06-07 14:01:38,253213647,253213649
13538377,"Tập 2 đã yêu nhau rồi nè, trời ơi cơm tró dữ dội =))",5,2023-11-11 13:50:44,253213647,253213649
28797339,"gói kĩ,giao nhanh",5,2023-06-03 21:23:28,253213647,253213649
13218943,,5,2024-10-24 21:41:34,253213647,253213649
28108998,,5,2024-10-24 14:46:03,253213647,253213649
13716253,,5,2024-10-22 14:29:51,253213647,253213649
11060071,,5,2023-06-29 22:57:13,253213647,253213651
30043285,,5,2024-08-14 22:56:16,253213647,253213649
29162054,Giao hàng rất nhanh mà đóng gói còn kỹ nữa,5,2023-08-08 08:30:50,253213647,253213649
21575280,"Truyện khá hay, bìa rất đẹp, chủ nhà dịch ok la",5,2023-06-17 10:56:26,253213647,253213649
1903386,,5,2024-06-06 21:29:22,253213647,253213649
27573958,"Tuyệt vời, bìa đẹp, chất lượng ổn",5,2023-07-01 06:34:59,253213647,253213651
29861631,,5,2024-03-27 16:34:40,253213647,253213649
25818048,,5,2024-02-24 21:18:01,253213647,253213649
167692,,5,2024-02-18 02:54:18,253213647,253213649
28996106,,5,2024-02-17 00:55:16,253213647,253213649
26730541,săn được bản đặc biệt yeahhh,5,2023-06-11 19:52:50,253213647,253213651
18567062,,5,2024-01-24 00:55:49,253213647,253213649
28964893,Hàng đẹp mà tui chờ hơi lâu'-',5,2023-06-08 19:19:42,253213647,253213651
17758094,,5,2024-01-10 22:52:12,253213647,253213649
29580758,,5,2023-11-10 10:16:52,253213647,253213649
29520505,,5,2023-11-09 16:21:24,253213647,253213649
24590437,Sách đẹp lắm ạ,5,2023-06-09 09:55:34,253213647,253213651
16731876,,5,2023-08-30 14:16:04,253213647,253213649
26725322,,5,2023-08-01 11:05:53,253213647,253213651
14190944,,5,2023-07-22 11:37:50,253213647,253213649
25664920,,5,2023-07-14 12:43:49,253213647,253213651
26168018,.,5,2023-07-05 12:50:12,253213647,253213651
29167316,,5,2023-07-05 23:37:06,253213647,253213649
10726442,,5,2023-07-03 13:47:12,253213647,253213651
14744448,,5,2023-06-27 10:56:32,253213647,253213651
16698238,,5,2023-06-26 00:53:23,253213647,253213649
481629,,5,2023-06-21 18:46:58,253213647,253213649
11074930,,5,2023-06-19 22:31:52,253213647,253213649
21185709,,5,2023-06-19 13:14:49,253213647,253213649
17161255,,5,2023-06-16 22:20:47,253213647,253213651
13206017,,5,2023-06-13 17:13:36,253213647,253213649
27863069,,5,2023-06-12 14:27:12,253213647,253213651
22331014,,5,2023-06-10 17:21:35,253213647,253213649
29160572,,5,2023-06-10 09:55:23,253213647,253213649
7051766,,5,2023-06-09 18:08:51,253213647,253213651
28987724,,5,2023-06-09 13:54:21,253213647,253213651
28520545,,5,2023-06-09 12:20:02,253213647,253213651
25890385,,5,2023-06-09 11:45:07,253213647,253213649
29152754,,5,2023-06-09 11:29:29,253213647,253213651
27702655,,5,2023-06-08 13:40:52,253213647,253213651
28972218,,5,2023-06-08 13:26:44,253213647,253213651
20710721,,5,2023-06-07 18:49:06,253213647,253213651
29152755,,5,2023-06-07 14:35:44,253213647,253213651
27747244,,5,2023-06-05 20:55:45,253213647,253213649
10872490,,5,2023-06-02 10:09:38,253213647,253213649
7278417,,5,2023-06-01 17:08:31,253213647,253213649
26842572,,5,2023-05-30 05:58:14,253213647,253213649
8426557,,5,2023-05-29 17:39:01,253213647,253213649
759415,,5,2023-05-25 18:30:20,253213647,253213649
29105129,,5,2023-05-18 14:50:37,253213647,253213649
16338977,"Tất cả đều ổn cho tới khi mình phát hiện bìa sách bị cấn, một đường rõ luôn huhu. Lúc unbox mình mãi nhìn phụ kiện nên chỉ check gáy của sách. Sau đó lúc bọc sách lại chuẩn bị trưng lên thì phát hiện vết cấn. Lúc đầu nghĩ nó chỉ cấn ở bìa keo thôi, ai dè cấn cả vào bìa cứng phía trong. Đau lòng với đau ví quá 😭😭 Tiếc là cam điện thoại bị mờ nên không thể chụp rõ. Vết cấn ngay mặt trước, phía trên chữ Triêu và dính vào má của Hạ Triêu nên mình xót quá đi mất 😭😭 Đóng gói có hộp cartoon nma không có chống sốc. Mình thật lòng mong hãy khắc phục, cẩn thận hơn trong khâu kiểm hàng và gói hàng ạ",4,2023-06-07 17:22:29,253213647,253213651
28989369,"Sách có nhiều vết xước, bị nhăn, có nhiều viét bẩn",3,2023-06-22 08:25:45,253213647,253213649
26710245,"Giao hàng nhanh nhưng không biết có phải do vận chuyển không mà truyện bị nát, cong mất 1 phần mong shop khắc phục",3,2023-05-20 18:01:24,253213647,253213649
30173072,"sale nên giá hời, mê nha",4,2024-10-30 15:06:02,253213647,253213649
18990202,Đóng gói tệ,4,2023-06-27 12:14:47,253213647,253213651
28729674,,4,2023-06-09 10:11:45,253213647,253213651
21620163,(*) Đánh giá không tính điểm Giao hàng lâu mà có cái bọc chống sốc cũng không có luôn móp luôn truyện rồi mà giá có rẻ đâu trời 🙂,2,2023-06-14 23:08:41,253213647,253213651
30507814,"Sản phẩm nhìn chung tốt, chất lượng ổn định, thiết kế gọn gàng, dễ sử dụng và phù hợp với nhiều nhu cầu",5,2026-04-28 17:15:04,279312658,279312636
30656377,Trộm vía không bị df🤭,5,2026-04-25 10:45:54,279312658,279312636
30655095,Đẹp,5,2026-08-06 19:59:54,279312658,279312636
30483393,,5,2026-08-15 20:23:49,279312658,279312635
29412994,,5,2026-08-08 21:15:10,279312658,279312636
30656574,,5,2026-06-20 16:02:14,279312658,279312635
30295164,,5,2026-05-31 04:49:37,279312658,279312636
30645176,,5,2026-05-08 20:42:33,279312658,279312636
28836249,,5,2026-05-05 18:46:58,279312658,279312636
26935425,,5,2026-04-28 09:38:31,279312658,279312636
18129887,,5,2026-04-27 14:07:54,279312658,279312636
30649129,,5,2026-04-26 12:13:35,279312658,279312636
30627008,,5,2026-04-25 18:28:28,279312658,279312636
30655810,"Standee hơi vỡ phần đế và sách hơi méo một tí, còn lại ổn",4,2026-05-09 15:44:00,279312658,279312636
27744202,"Đóng gói ổn (mặc dù không có bọc chống sóc) nhưng đảm bảo sách vẫn nguyên vẹn còn nguyên seal nha, bookmark bên trong xinh xẻo. Tiki thì giao nhanh khỏi nói nè, bộ này từ hình thức đến nội dung thì mình ko có gì để chê cả >< siêu dễ thương luôn nghen. Thuộc thể loại tiểu thuyết Đam Mỹ, võng du (game onl), hiện đại, vườn trường, về phần bản dịch thì khá là mượt mà luôn ♡ Mọi ng hốt về đọc thử nha. Tổng cộng có 3 tập thôi nè!",5,2022-08-18 08:14:38,122336563,122336565
19126550,Truyện rất hay bìa rất đẹp nội dung ngọt ngào vô cùng lần giao hàng này tiki có miếng cát-tông bên trong khiến cho sách ko bị móp góc đánh giá rất cao lần giao hàng này 5 sao nha,5,2022-04-16 21:45:06,122336563,122336565
26733217,"Để nghị Tiki sau này đóng gói hàng phải cố định hàng hóa bên trong lại chứ cứ để hàng hóa bên trong hộp carton lỏng lẻo lắc qua lắc lại thì hàng nào chịu cho nổi, hàng nào chả hư hỏng, chả trầy xước, chả móp méo. À, sách đẹp lắm nhưng cứ bị trầy xước, móp méo nên hơi khó chịu.",5,2022-05-09 12:40:24,122336563,122336565
25755454,"chưa đọc nên không biết nội dung, shop đóng gói hàng kĩ càng",5,2026-09-17 10:47:56,122336563,122336565
19810869,"Mình rất thích, nên mua",5,2023-03-19 21:49:20,122336563,122336565
28616408,"Lười đánh giá quá. Bìa xinh, mình có đọc 1 bộ khác cùng tác giả vs bộ này rồi. Thấy dịch thuật tốt ( chú thích nhiều) ndung cx rất hay nên ms mua bộ này dù chx đọc=)) cx như xem review..",5,2023-02-07 23:11:20,122336563,122336565
2052816,"Thật sự đây là bộ iu thích nhất của mình, mình đọc bản mạng từ 3-4 năm trước rồi, cũng đọc đi đọc lại 3-4 lần nhưng từ lúc nghe tin bản quyền cái là mua lun vì quá mê Lăng Dương huhu. Truyện hài ngọt, phần đầu tập trung chủ yếu về game, phần sau về tuyến tình cảm của 2 nhân vật chính. Thiệc sự rất thích tính cách của Dương Dương lun, lúc nào cũng toả sáng như ông mặt trời nhỏ, tuy quá khứ có hơi ngược nhưng ở hiện tại anh bé đã có Diệp Lãng bên cạnh nên x2 sự hạnh phúc hihi. Trong truyện trừ phản diện ra thì không ghét được nhân vật nào, ai cũng đáng iu hề hước hết á =)))))",5,2022-02-07 14:40:44,122336563,122336565
20354883,Good,5,2022-07-17 17:34:35,122336563,122336565
5648799,Sách đẹp ko bị móp méo Shop cb sách nhanh bọc kỹ Shipper giao lẹ tuyệt đời ông mặt trời.......,5,2022-08-30 18:47:27,122336563,122336565
5438328,Aaa truyện đẹp mà không nỡ bóc luôn á 🥺🥺🥺🥺🥺 đọc sách được thêm phiên ngoại mà trên mạng khum có,5,2022-01-02 12:17:11,122336563,122336565
30656574,,5,2026-06-27 17:03:07,122336563,122336565
18338899,"Sách siêu đẹp, giao mùa dịch nhưng rất nhanh, đơn trước còn chưa nhận được mà đơn này đặt sau đã nhận được, ban đầu nhìn hộp móp méo nhưng cũng may sách ko sao cả",5,2021-10-20 13:04:41,122336563,122336565
27216176,rất hài lòng lun á ehee giao cũng nhanh nữa ~~ có điều có một cuốn bị cấn ở góc 1 chút TAT tại sách hong có bọc chống sốc gì hết trơn,5,2022-05-10 22:02:08,122336563,122336565
7981785,,5,2026-04-06 18:18:41,122336563,122336565
11634088,"Giao hàng nhanh, sách đẹp",5,2025-10-12 15:15:38,122336563,122336565
1830079,"Truyện nội dung rất hay , đọc là ko ngừng lại đc . Sách được đóng gói rất tốt và kỹ càng , giao hàng siêu nhanh nữa chứ",5,2022-05-18 16:25:23,122336563,122336565
22860169,đẹp,5,2022-02-08 15:26:04,122336563,122336565
8587470,"Hàng còn nguyên seal, chất lượng sách rất ok, đáng mua, giao hàng khá nhanh",5,2021-11-29 19:11:31,122336563,122336565
11916069,"mua bản thường mà chất lượng sách vẫn xịn xò nha bà con, nên mua á ạ",5,2022-11-13 21:09:45,122336563,122336565
5655352,"đợi lâu lắm lun Tiki mới có hàng... đóng gói chắc chắn, giao hàng nhanh, bộ này mình đọc rồi, mua để sưu tầm thoii~~",5,2021-10-11 21:18:58,122336563,122336565
14877112,"truyện về nhanh và đẹp lắm nha, bookcare ok",5,2021-12-12 20:50:38,122336563,122336565
22123675,"giao hàng nhanh, mình muốn đóng góp xíu là tiki nên gói kĩ hơn chút mặc dù sách ko gặp vấn đề gì nhưng mình vẫn cảm thấy hơi lỏng lẻo, còn lại thì ko vấn đề",5,2021-11-13 18:55:50,122336563,122336565
25082041,Truyện rất cuốn nha mn mình sp nên mua về đọc rẻ hơn ở ngoài vói ship nhanh lắm nha,5,2022-02-27 12:50:12,122336563,122336565
900526,đóng gói cẩn thận săn đc giá sale quá đã,5,2022-10-22 20:07:21,122336563,122336565
7917585,,5,2023-08-15 12:01:37,122336563,122336565
18645508,"Chưa đọc nữa hihihiihhiihihihih, nhưng tập này bìa nhìn bé thụ chẳng khác nao con gái",5,2021-11-19 20:31:05,122336563,122336565
24278958,Truyện hay dth nên mua nhee😘,5,2022-12-24 15:53:49,122336563,122336565
20500159,Bìa bị móp nhưng shipper thân thiện nên tui cho 5 sao (￣∇￣),5,2022-03-30 08:51:02,122336563,122336565
7662614,đẹp lắm đẹp lắm,5,2021-10-08 20:09:40,122336563,122336565
30152825,"- Dịch vụ: Chả biết dịch vụ bookcare Tiki dạo này kiểu gì, lúc thì không bọc, lúc thì lại bọc không khít, dư nguyên 1 khúc, nhìn rất xấu. Để vô kệ thì bị vênh lên. Giao hàng thì trễ hơn bình thường. - Chất lượng sách: Tốt, in rõ, đẹp, hàng chính hãng, có bookmark.",3,2025-01-16 20:54:56,122336563,122336565
8121397,"sách đẹp xỉu, thùng hơi móp nhưng may là sách không sao",5,2022-03-27 11:00:34,122336563,122336565
27091821,🥲🥲 Tiki vẫn chưa chú trọng khâu gói hàng nên nhiều lúc mua đồ còn cần dựa may mắn nữa. Nhưng thắc mắc là tập 1 gói trong bọc như vậy rồi vì sao khônng gói hai tập còn lại luôn 😢. (Có lẽ vì tập 1 rách seal nhiều hơn hay gì vợi???) Sách bị df nhẹ ở góc dưới sách nữa.,4,2022-07-07 18:38:23,122336563,122336565
27512952,"sách đẹp,mình mua cùng lúc 3 quyển rất thích",5,2022-05-24 10:52:06,122336563,122336565
26599968,truyện đẹp quá ag gửi mama yor cho MN ngắm cùng,5,2022-05-02 08:43:32,122336563,122336565
27659089,Nội dung hay..bìa đẹp.giao nhanh,5,2022-08-19 13:00:21,122336563,122336565
8364897,"Hy vọng tiki cải thiện chất lượng gói hàng, có bọc chống sốc để sản phẩm đến tay người mua còn nguyên vẹn",5,2022-02-22 11:28:46,122336563,122336565
8991802,Siu đẹp luôn hộp móp nhưng truyện ko móp chút nào luôn,5,2022-02-06 21:08:45,122336563,122336565
29162041,"Nd hay, bìa đẹp",5,2023-12-13 16:23:33,122336563,122336565
26639726,Truyện hay lắm ạ ❤️❤️❤️ bìa đẹp,5,2022-03-11 08:20:54,122336563,122336565
10738545,Sách không bị hư hỏng chỗ nào. Rất ok,5,2022-04-03 11:49:21,122336563,122336565
19991552,ko bị df nhó. quá xinh luôn☺,5,2022-06-09 16:30:38,122336563,122336565
24759412,"Sách siêu xịn, không móp méo, đỉnh lắm mọi người ơi",5,2021-11-11 20:13:17,122336563,122336565
13054580,,5,2024-02-26 12:45:58,122336563,122336565
29166755,,5,2024-01-24 18:12:18,122336563,122336565
18204104,"đep! ko bị móp méo, giao hàng nha",5,2022-03-28 15:14:05,122336563,122336565
137405,"Giao hàng nhanh, đóng gói đẹp, shipper thân thiện ạ.",5,2021-10-16 08:27:04,122336563,122336565
25942585,"Giao hàng nhanh, không bị móp góc.",5,2022-03-02 01:04:56,122336563,122336565
16269377,Đẹp,5,2022-08-30 14:20:43,122336563,122336565
27062718,"Giao hàng nhanh, đóng gói hơi sơ sài nhưng cũng may sách không bị hư hại gì nên cho 5 sao",5,2022-03-29 13:58:04,122336563,122336565
279211,"Sách siêu đẹp, giao hàng siêu nhanh, may mắn ko bị lỗi gì cả.",5,2022-09-18 22:39:31,122336563,122336565
10794832,,5,2022-09-13 11:39:26,122336563,122336565
17316456,"sách được bảo kỹ càng, giao hàng nhanh",5,2021-10-28 09:29:20,122336563,122336565
27209866,Rất tốt,5,2022-05-29 22:14:08,122336563,122336565
11028985,Rất thích ạkkkkkl,5,2022-03-03 22:22:30,122336563,122336565
8042830,"Giao nhanh, sách tuy k có bọc chống sốc nhưng vẫn k bị df :)))), tuỵt zời",5,2022-03-27 14:38:26,122336563,122336565
552511,sách còn nguyên seal đóng gói tốt,5,2021-10-24 13:32:23,122336563,122336565
26070892,"sách đẹp, giao hàng nhanh",5,2021-12-26 14:48:01,122336563,122336565
6647460,sản phẩm chất lượng,5,2021-12-26 09:14:37,122336563,122336565
26789491,Cfhhuojgs,5,2022-04-01 15:34:24,122336563,122336565
27200028,,5,2022-05-16 16:52:21,122336563,122336565
26544946,Hay,5,2022-04-27 15:09:53,122336563,122336565
26102181,đẹp,5,2022-03-30 13:36:00,122336563,122336565
21956178,Bia đẹp,5,2022-02-22 23:46:56,122336563,122336565
27245262,,5,2022-04-17 11:33:03,122336563,122336565
27411787,hàng chất lượng. giao hàng ko bị móp méo. sách cực xinhhh,5,2022-05-06 21:28:48,122336563,122336565
25861497,,5,2023-06-09 14:19:51,122336563,122336565
9933156,,5,2022-03-05 15:28:50,122336563,122336565
6811495,bìa siu đẹpppp,5,2021-10-30 20:19:43,122336563,122336565
17739458,(๑˃̵ᴗ˂̵)و,5,2021-10-28 11:11:36,122336563,122336565
16428689,,5,2023-04-11 19:36:01,122336563,122336565
23458277,đẹp,5,2021-12-22 11:51:54,122336563,122336565
21575280,,5,2023-03-27 10:54:49,122336563,122336565
25849730,"nội dung hay, bìa đẹp, hàng không bị bóp méo, cho 5 vote",5,2022-02-20 21:18:31,122336563,122336565
43795,,5,2023-02-25 10:16:28,122336563,122336565
17449740,,5,2023-02-23 20:14:58,122336563,122336565
23119657,"Giao hàng nhanh,Shipper thân thiện.Sách đẹp!",5,2022-04-24 19:02:48,122336563,122336565
25868762,,5,2023-02-22 20:42:22,122336563,122336565
21140040,,5,2023-02-06 17:41:47,122336563,122336565
16055110,,5,2021-11-05 12:29:20,122336563,122336565
17509957,sách về an toàn còn bìa sách nhìn là mê rồi,5,2022-02-21 17:06:17,122336563,122336565
19743218,,5,2023-01-05 23:47:52,122336563,122336565
15961723,,5,2022-11-23 22:27:51,122336563,122336565
28132444,,5,2022-11-18 11:51:51,122336563,122336565
27980062,,5,2022-11-12 09:54:13,122336563,122336565
10200953,,5,2022-11-11 14:03:19,122336563,122336565
22446400,,5,2022-10-26 23:14:17,122336563,122336565
28278668,,5,2022-10-26 11:02:10,122336563,122336565
6616662,,5,2022-10-25 20:50:28,122336563,122336565
16478449,,5,2022-10-24 14:11:51,122336563,122336565
21063503,,5,2022-10-20 19:00:29,122336563,122336565
23720868,Xinh đẹp tuyệt vời 😍😍😍💯,5,2022-02-14 18:42:24,122336563,122336565
1707502,,5,2022-10-15 08:23:50,122336563,122336565
718412,,5,2022-10-12 06:50:16,122336563,122336565
7167658,,5,2022-10-04 13:38:38,122336563,122336565
26168018,chất lượng sảng phẩm tuyệt vời,5,2022-01-23 11:43:48,122336563,122336565
28059010,tốt,5,2022-08-26 17:17:41,122336563,122336565
6754058,,5,2022-09-22 03:08:03,122336563,122336565
12355904,,5,2022-09-17 22:46:59,122336563,122336565
21983638,,5,2022-09-12 17:37:57,122336563,122336565
25996328,,5,2022-09-10 08:46:03,122336563,122336565
1111563,đẹp toẹt vời lun ạ,5,2022-03-31 15:03:06,122336563,122336565
21665172,chưa đọc nhưng rất thích,5,2022-02-21 17:43:00,122336563,122336565
21945903,"giao hàng nhanh, có bọc sách",5,2022-02-10 20:57:44,122336563,122336565
142590,,5,2022-08-22 10:46:59,122336563,122336565
25828181,giao nhanhh,5,2022-06-11 21:23:05,122336563,122336565
22577553,Ok nha,5,2022-07-06 08:35:47,122336563,122336565
17743000,,5,2022-07-29 13:32:22,122336563,122336565
361453,,5,2022-07-26 15:44:09,122336563,122336565
16799997,,5,2022-07-23 10:13:18,122336563,122336565
26196467,,5,2022-07-19 16:10:48,122336563,122336565
5223974,"ảnh bìa đẹp, siêu phẩm, hay❤️",5,2021-11-14 21:00:08,122336563,122336565
6185171,❤️,5,2022-06-08 16:35:11,122336563,122336565
26867088,,5,2022-07-10 00:46:28,122336563,122336565
27037376,,5,2022-07-07 09:50:46,122336563,122336565
7890505,,5,2022-07-04 18:55:01,122336563,122336565
6473648,Sách đẹp nội dung hay,5,2022-01-25 17:35:54,122336563,122336565
2189046,hay có ngoại truyện,5,2022-01-26 11:40:12,122336563,122336565
21589951,Chất lượng tốt,5,2022-02-14 17:10:21,122336563,122336565
14407331,,5,2022-06-14 11:26:14,122336563,122336565
12878658,bì đẹp,5,2022-04-16 21:15:34,122336563,122336565
26163471,,5,2022-06-10 13:02:34,122336563,122336565
25738929,,5,2022-06-01 12:26:07,122336563,122336565
26772240,,5,2022-05-31 14:55:36,122336563,122336565
27400639,,5,2022-05-27 19:18:29,122336563,122336565
1713363,,5,2022-05-18 20:32:10,122336563,122336565
26763906,,5,2022-05-17 16:07:20,122336563,122336565
8494041,,5,2022-05-14 08:35:50,122336563,122336565
16727059,,5,2022-05-08 06:04:55,122336563,122336565
20010719,,5,2022-05-05 22:26:55,122336563,122336565
15625001,,5,2022-05-05 06:10:25,122336563,122336565
11516293,xịn đẹp,5,2022-02-23 21:07:36,122336563,122336565
8055926,,5,2022-05-04 15:31:51,122336563,122336565
26045852,giá tốt,5,2022-02-26 14:04:55,122336563,122336565
694893,Ok!,5,2022-04-05 13:38:19,122336563,122336565
6787707,,5,2022-04-17 13:21:57,122336563,122336565
972756,,5,2022-04-15 21:08:08,122336563,122336565
21975090,,5,2022-04-08 14:59:24,122336563,122336565
7640656,,5,2022-04-04 22:52:27,122336563,122336565
19941114,,5,2022-04-03 14:00:38,122336563,122336565
27025804,.,5,2022-03-27 21:19:18,122336563,122336565
17537961,,5,2022-04-01 21:21:19,122336563,122336565
13309663,,5,2022-03-29 19:22:11,122336563,122336565
19722533,,5,2022-03-29 18:24:09,122336563,122336565
17244110,,5,2022-03-29 05:59:05,122336563,122336565
5871536,,5,2022-03-26 21:19:12,122336563,122336565
10061134,,5,2022-03-25 13:02:18,122336563,122336565
18310974,,5,2022-03-24 11:58:50,122336563,122336565
20229747,Y,5,2022-03-13 13:39:37,122336563,122336565
20494052,Ok,5,2022-03-03 14:23:14,122336563,122336565
9913615,,5,2022-03-13 17:17:26,122336563,122336565
26523833,,5,2022-03-09 15:21:47,122336563,122336565
17721130,,5,2022-03-05 15:55:21,122336563,122336565
19025868,,5,2022-03-04 19:02:55,122336563,122336565
18616792,,5,2022-02-27 20:35:15,122336563,122336565
18574735,,5,2022-02-25 11:58:45,122336563,122336565
6491532,Sách đẹp,5,2021-12-16 14:42:20,122336563,122336565
20334547,,5,2022-02-23 19:04:33,122336563,122336565
16522710,,5,2022-02-22 15:27:46,122336563,122336565
24914969,,5,2022-02-20 16:37:13,122336563,122336565
10927985,,5,2022-02-20 09:26:25,122336563,122336565
1831588,,5,2022-02-18 19:54:53,122336563,122336565
17641489,,5,2022-02-18 14:45:47,122336563,122336565
5131671,,5,2022-02-18 13:25:19,122336563,122336565
5902753,,5,2022-02-17 12:07:01,122336563,122336565
10941367,,5,2022-02-17 07:48:04,122336563,122336565
8426557,,5,2022-02-16 22:14:57,122336563,122336565
20381813,,5,2022-02-16 22:09:29,122336563,122336565
15731974,,5,2022-02-16 09:36:31,122336563,122336565
18332421,,5,2022-02-11 22:55:50,122336563,122336565
18999680,,5,2022-02-11 12:27:51,122336563,122336565
26729926,,5,2022-02-09 22:48:18,122336563,122336565
279985,,5,2022-02-09 19:48:45,122336563,122336565
20572276,,5,2022-02-08 12:52:03,122336563,122336565
7584226,,5,2022-02-07 19:46:28,122336563,122336565
22380550,,5,2022-02-06 16:59:09,122336563,122336565
6691110,good,5,2022-01-13 15:03:20,122336563,122336565
19805857,,5,2022-02-05 23:58:58,122336563,122336565
16412505,,5,2022-02-05 20:14:23,122336563,122336565
12961580,,5,2022-02-05 09:53:55,122336563,122336565
1363264,,5,2022-02-04 16:11:14,122336563,122336565
26328642,,5,2022-02-04 11:24:26,122336563,122336565
26639800,,5,2022-02-01 17:36:49,122336563,122336565
16336826,,5,2022-01-28 14:37:43,122336563,122336565
13975883,,5,2022-01-24 23:47:06,122336563,122336565
1040890,,5,2022-01-24 18:50:16,122336563,122336565
532607,,5,2022-01-20 12:24:23,122336563,122336565
18456754,,5,2022-01-20 09:05:21,122336563,122336565
330391,,5,2022-01-19 17:38:04,122336563,122336565
25722781,,5,2022-01-18 19:53:43,122336563,122336565
24368357,,5,2022-01-18 15:01:13,122336563,122336565
16624683,,5,2022-01-17 16:22:29,122336563,122336565
26507870,,5,2022-01-17 10:06:48,122336563,122336565
8418521,,5,2022-01-13 20:02:07,122336563,122336565
5582014,,5,2022-01-12 15:25:34,122336563,122336565
16214925,,5,2022-01-07 14:10:26,122336563,122336565
15548056,,5,2022-01-07 13:50:12,122336563,122336565
1201689,,5,2021-12-27 16:00:24,122336563,122336565
23139442,,5,2021-12-24 23:04:34,122336563,122336565
25833322,,5,2021-12-23 22:12:51,122336563,122336565
22414262,,5,2021-12-23 10:35:58,122336563,122336565
21935834,,5,2021-12-20 19:55:59,122336563,122336565
14590709,,5,2021-12-14 20:22:45,122336563,122336565
14566380,,5,2021-12-12 19:50:24,122336563,122336565
22691948,,5,2021-12-12 13:06:52,122336563,122336565
1812687,.,5,2021-11-30 11:52:37,122336563,122336565
19833374,,5,2021-12-05 11:57:05,122336563,122336565
7062447,Good,5,2021-11-08 20:11:48,122336563,122336565
24802172,gud,5,2021-11-12 17:05:31,122336563,122336565
21363380,,5,2021-11-29 21:10:04,122336563,122336565
12101445,nice,5,2021-10-25 10:17:51,122336563,122336565
141963,,5,2021-11-15 13:12:07,122336563,122336565
5903153,,5,2021-11-13 17:48:58,122336563,122336565
11740489,,5,2021-11-09 23:09:12,122336563,122336565
19900006,,5,2021-11-06 19:20:37,122336563,122336565
333003,,5,2021-11-05 20:03:42,122336563,122336565
24452129,,5,2021-11-01 13:40:53,122336563,122336565
19545520,,5,2021-10-29 14:05:51,122336563,122336565
520088,,5,2021-10-27 00:12:12,122336563,122336565
22026227,,5,2021-10-21 18:38:20,122336563,122336565
1576246,,5,2021-10-18 14:00:22,122336563,122336565
1524622,,5,2021-10-15 16:58:28,122336563,122336565
521625,,5,2021-10-14 21:35:27,122336563,122336565
8490417,,5,2021-10-13 22:06:18,122336563,122336565
302345,,5,2021-10-11 15:00:19,122336563,122336565
494562,,5,2021-10-04 08:52:35,122336563,122336565
17105091,,5,2021-09-27 12:43:08,122336563,122336565
6084832,"Hộp bị hư hỏng lúc vận chuyển rất nhiều, cũng như sách ko có phần chống sốc🥲",3,2021-12-24 01:36:00,122336563,122336565
24324027,"Sách bớt móp hơn một chút nhưng seal bị rách và hộp đựng thì bị rách, ọp ẹp một cách tệ hại. Thay vì nói là bảo vệ môi trường thì cách đóng hàng hiện tại của Tiki dễ khiến người tiêu dùng nghĩ Tiki đang lười biếng trong khâu đóng gói thôi 🤷🏻‍♀️",3,2022-09-14 13:14:21,122336563,122336565
13782287,"Hàng gói ko kĩ, seal rách hết cả ra, Df nhiều ạ, mong tiki khắc phục cách gói hàng, fahasha gói chuẩn đẹp hơn hẳn ý do ko nhiều hàng bằng thôi",4,2022-09-05 01:56:30,122336563,122336565
19078354,"Giao hàng nhanh. Sách chỉ bị df nhẹ. Bên tiki khi gói hàng hãy bọc thêm đệm khí hoặc túi, chứ 1 hộp rộng mà chỉ có quyển sách ở trong thì khi giao hàng rất dễ bị df hoặc hư gáy sách",4,2021-12-04 11:42:26,122336563,122336565
19957174,hơi buồn một tẹo 🥲,4,2022-05-12 21:36:43,122336563,122336565
29336987,"Đúng hàng, bao bì ổn, nhưng hàng bị thấm nước một góc nhỏ.",4,2023-08-14 21:08:06,122336563,122336565
27098732,"Không thèm bao chống sốc gì luôn, nên khi mở hàng tuy đã rạch nhẹ hết mức nhưng vẫn vào sách, quá chán tiki về cách gói hàng",1,2022-04-13 17:49:27,122336563,122336565
25818048,Df again,4,2022-02-27 09:31:17,122336563,122336565
403028,"Nằm trong 5 quyển cùng đặt, đây là quyển ít ngấm nước nhất. Bìa và chất lượng rất ổn, Tiki giao hàng đúng thời gian. Cảm ơn Tiki",4,2021-10-18 21:02:40,122336563,122336565
23756331,gói sách quá ẩu không có gì ngoài hộp và sách sách bị móp tùm lum,4,2022-06-11 15:56:05,122336563,122336565
11078470,Chất lượng sách tốt nhưng đóng gói ẩu k có chống sốc trong khi đặt số lượng lớn,4,2021-12-20 10:13:29,122336563,122336565
28765868,,4,2023-02-02 17:44:46,122336563,122336565
7046414,Bên vận chuyển làm sách bị df,4,2022-01-04 22:57:49,122336563,122336565
20836304,giao nhanh,4,2022-02-24 19:13:34,122336563,122336565
517767,"Quá hên, mua dc bản đặc biệt, bọc cẩn thận",5,2023-07-12 17:16:28,263339023,263339027
13538377,"Tập 3 là tập cuối nên cũng không còn gì nhiều để nói. Mình chỉ muốn khen ngợi Mộc Qua Hoàng khi đã có thể truyền tải sự tươi trẻ qua từng con chữ. Mình tìm được tuổi trẻ trong các nhân vật. Đó không phải tuổi trẻ mình đã có, nhưng mình mong mình có được nó. Mỗi nhân vật phụ đều là một mảnh ghép thanh xuân của hai nhân vật chính. Gấp lại trang sách, mình nhận ra mọi thứ đã kết thúc thật rồi, câu chuyện tinh nghịch đã dừng lại, chỉ còn trong tâm tưởng của người đọc.",5,2023-11-13 20:55:13,263339023,263339025
28018610,"Tiki có thể thay đổi cách gói hàng kh nhỉ, ship rất ẩu, df, cấn sách tùm lum luôn:)) Do bộ guộc nên mới đặt, hẹn ngày không gặp lại:)))",5,2023-07-14 22:36:20,263339023,263339027
30173072,quáaa là đẹp và mê😭😭 săn dc sale 50% giá siêu hờii luônn áa,5,2024-10-30 15:03:21,263339023,263339025
30579508,"Bìa sách đẹp, giao hàng ổn và ko bị df",5,2026-01-11 15:10:19,263339023,263339025
28479917,"Hàng đóng cẩn thận, ẩn phẩm chất lượng",5,2024-02-16 17:20:02,263339023,263339025
29958869,"sách tốt , ko df",5,2026-08-13 12:14:33,263339023,263339025
30068990,"T đã nhận được truyện, giao hàng nhanh chóng",5,2024-10-22 19:13:13,263339023,263339025
29152790,Nội dung hay bìa đẹp giao hàng cũng khá nhanh đóng góp cẩn thận truyện ko bị móp phần góp ns chung là perfect,5,2023-07-13 20:21:32,263339023,263339027
30648280,Đẹp,5,2026-08-19 01:53:54,263339023,263339025
29243943,Sản phẩm ổn. Hàng đến tay khá là nhanh. Săn mãi mới được nên rất ưng ý,5,2023-12-28 09:49:20,263339023,263339027
1694025,"Đóng gói đẹp, có chống sốc. Nội dung thanh xuân vườn trường dth vô cùng❤️❤️",5,2023-10-17 18:01:57,263339023,263339025
30733328,,5,2026-08-24 19:55:30,263339023,263339025
30738583,,5,2026-08-23 13:19:23,263339023,263339025
21060983,,5,2026-08-14 10:16:20,263339023,263339025
30656574,,5,2026-08-11 11:52:25,263339023,263339025
21230674,,5,2026-08-08 18:37:58,263339023,263339025
30689324,,5,2026-08-07 16:49:20,263339023,263339025
13262563,,5,2026-08-07 14:57:21,263339023,263339025
30731078,,5,2026-08-06 14:39:33,263339023,263339025
27646304,,5,2024-01-30 17:29:32,263339023,263339025
296347,Tập cuối rồi bìa đẹp sáng rực rỡ . Gift đầy đủ . Trộm vía hok bị df,5,2023-07-25 11:07:51,263339023,263339027
2093930,"Giao hàng nhanh, truyện hay hấp dẫn.",5,2024-05-04 15:19:33,263339023,263339025
18898492,"Sách hay, đẹp",5,2023-07-14 18:50:48,263339023,263339027
30620673,,5,2026-03-16 17:15:49,263339023,263339025
28729674,Cách đóng gói k ổn để quá trình vận chuyển khiến sách bị in lằn khi vận chuyển đề nghị khuyến khích đóng gói cẩn thận hơn,5,2023-07-14 13:56:57,263339023,263339027
160654,"Ship nhanh, trộm vía truyện ko bị df, đủ phụ kiện, truyện nguyên seal",5,2023-07-13 23:43:44,263339023,263339027
28872185,xinh vllll chfcuxtrcuuctcut😭 hình ảnh chỉ mang tính chất minh họa,5,2023-07-01 11:10:07,263339023,263339025
10243972,"Đẹp, truyện hay, đợi mãi mới săn đc bản đb",5,2023-07-14 12:32:42,263339023,263339027
30312013,,5,2025-08-23 12:53:09,263339023,263339025
30126569,"mê quá ạ.Đẹp, nội dung hay giao nhanh",5,2024-09-23 21:09:05,263339023,263339025
30329136,,5,2025-05-08 00:23:00,263339023,263339025
19442405,Ko có gì để nói quá tuyệt vời!!!,5,2024-08-12 13:11:52,263339023,263339025
21575280,"Bìa đẹp, nội dung oke, mình rất thích nhà Rong dịch.",5,2024-01-21 12:39:40,263339023,263339025
30182575,,5,2024-11-06 16:09:25,263339023,263339025
30182075,,5,2024-10-25 16:38:36,263339023,263339025
28108998,,5,2024-10-24 14:46:22,263339023,263339025
13716253,,5,2024-10-22 14:29:34,263339023,263339025
29209937,,5,2023-07-14 07:31:58,263339023,263339027
30043285,,5,2024-08-14 22:56:23,263339023,263339025
29976008,,5,2024-06-08 22:25:35,263339023,263339025
1903386,,5,2024-06-06 21:29:24,263339023,263339025
14018570,,5,2024-05-13 11:03:29,263339023,263339025
29861631,,5,2024-04-14 14:37:19,263339023,263339025
28738965,,5,2024-02-18 23:04:02,263339023,263339025
167692,,5,2024-02-18 02:54:29,263339023,263339025
28996106,,5,2024-02-17 00:55:21,263339023,263339025
1602708,,5,2023-12-13 16:23:05,263339023,263339025
29580758,,5,2023-11-10 10:13:04,263339023,263339025
29520505,,5,2023-11-09 16:21:34,263339023,263339025
18990202,,5,2023-09-11 15:58:04,263339023,263339027
19740250,,5,2023-09-10 21:13:46,263339023,263339027
27956019,,5,2023-08-18 23:54:34,263339023,263339027
1971555,,5,2023-08-15 12:27:26,263339023,263339025
21585687,,5,2023-08-15 12:23:21,263339023,263339025
24590437,,5,2023-08-08 14:00:57,263339023,263339027
27766808,Hayyy,5,2023-07-02 10:27:29,263339023,263339025
23655581,,5,2023-07-19 23:55:18,263339023,263339027
5964620,,5,2023-07-19 12:33:24,263339023,263339027
16598328,,5,2023-07-16 14:10:58,263339023,263339025
1826533,,5,2023-07-15 14:23:50,263339023,263339027
29136452,,5,2023-07-15 08:27:35,263339023,263339027
28663930,,5,2023-07-13 18:43:46,263339023,263339027
27702655,,5,2023-07-13 13:15:21,263339023,263339027
481629,,5,2023-07-13 12:11:14,263339023,263339025
29060832,,5,2023-07-13 11:04:03,263339023,263339027
28971913,,5,2023-07-13 10:24:29,263339023,263339027
28987724,,5,2023-07-12 15:11:45,263339023,263339027
11074930,,5,2023-07-01 15:59:41,263339023,263339025
20693323,"sách thì gói k thêm bọc chống sốc gì cả, giờ thì df tùm lum =)))))))) quá quen với kiểu làm việc cuta tiki r nma lần này df ntn thì k thể chịu được =))) mua về sưu tầm mà cầm quyển truyện ntn chán k buồn nói.",1,2023-07-13 08:47:03,263339023,263339027
29243601,Mua 2 bộ vừa khui hàng thấy quyển nào cũng bị df nặng dây bùa còn bị hư nữa :((,2,2023-07-17 10:33:33,263339023,263339027
17801060,"Tiki để móc khoá + phụ kiện có chuông kế bên sách, không để riêng ra, lúc vận chuyển sách đè lên nhau làm vấn bìa quá trời luôn",1,2023-07-13 18:26:06,263339023,263339027
28964876,"bìa xinh, nhưng để phụ kiện ngay bên ngoài làm bìa sách bị lõm khá nhiều chỗ mong tiki khắc phục cách đóng gói sách ạ chứ em đau tim lắm🥹",4,2023-07-23 23:14:59,263339023,263339027
28627711,"nma chưa nghĩ nó tệ đến mức này.bỏ bùa vs móc khóa chung sách luôn,ko có chống sốc j hết. Nhiều người phốt nhưng vẫn đâm đầu vào mua,cái kết quá thất vọng",3,2023-07-13 13:26:15,263339023,263339027
30679812,Gói ko kĩ làm sách bị xước và dập góc.,3,2026-08-08 13:14:44,263339023,263339025
28761586,"Giao đúng, đủ Nhưng góp ý thêm tiki nên gói rời phụ kiện ra chứ bị cấn vào sách áa",4,2023-07-25 19:26:37,263339023,263339027
23139442,"(*) Đánh giá không tính điểm Đóng gói ko cẩn thận, làm móp bìa truyện",1,2023-07-19 11:27:43,263339023,263339027
27626450,"(*) Đánh giá không tính điểm Phụ kiện lm bằng chất liệu acrylic thì nên kẹp riêng với bìa cứng, không thì quấn 1 lớp chống sốc cho sách rồi hãy để phụ kiện vào, để cả 2 chung trong 1 cái hộ đã đành, đằng này còn không 1 miếng chống sốc, df nặng, sau nhiều lần sách-truyện bị df nặng vốn nên từ bỏ mà t vẫn tin tưởng để nhận lại cú vã đau thế này, ko còn lần sau mua sách-truyện ở tiki nữa đâu",1,2023-07-20 10:15:20,263339023,263339027
21008236,Bìa đẹp dày shop bọc kỹ không bị móp chỗ nào cả,5,2026-06-27 09:03:01,279480789,279480994
25755454,"chưa đọc nên không biết nội dung, shop đóng gói hàng kĩ càng",5,2026-08-24 16:45:28,279480789,279480867
9659772,,5,2026-06-29 20:19:53,279480789,279480994
29882657,"Sách hay, đẹp vậy mà Tiki Trading gói sao để nó df nặng vậy ạ.... Mất thẩm mỹ ghê Tư vấn bảo là có thể đổi nhưng lại không đảm bảo là sẽ đổi được 🤦 chán nhỉ? Hiếm khi mk trải nghiệm dịch vụ mua sách online tệ vậy. Phải chăng đây là lý do mà mn hay mua ở *** hơn? Mk thấy bạn mình mua bên AZ, họ cho đổi đến khi nào ko còn bị df, ưng thì thôi -) mk đã cố gắng học cách yêu vẻ đẹp ko hoàn hảo, mọi người cố lên nhé. Thôi thì vẫn chấp nhận được, tại vì nếu đổi thì Tiki ko đảm bảo cho, lại còn phiền phức nữa.... Nói chung là chấp nhận vậy 🗿 có lẽ đây là cái giá của việc mua online với giá rẻ hơn giá bìa. Nếu mua trực tiếp ở hiệu sách thì sẽ có thể tự mk tìm cuốn nguyên vẹn và mua nó với giá bìa (hoặc đôi khi cũng có khuyến mãi tùy sự kiện)",2,2026-08-08 11:22:45,279480789,279480994
30732302,Sách đẹp. Đóng gói rất tốt,5,2026-08-30 12:20:20,279480789,279480867
6134237,,5,2026-09-28 09:46:00,279480789,279480994
21548306,,5,2026-09-27 10:05:29,279480789,279480867
31083,,5,2026-09-26 12:58:53,279480789,279480867
29488516,,5,2026-09-25 12:07:23,279480789,279480994
30701702,,5,2026-08-06 02:23:48,279480789,279480867
30706772,,5,2026-07-31 20:42:09,279480789,279480994
20520368,,5,2026-07-10 22:58:19,279480789,279480994
76259,,5,2026-07-08 19:37:59,279480789,279480994
30701254,,5,2026-07-03 11:56:33,279480789,279480994
110741,"Tự ý hủy đơn hàng khách đặt preorder & thanh toán đầy đủ từ 22.06 vì lý do hết hàng, nhưng đầu tháng 7 lại có mấy chục slot để bán ở sàn khác. Quá vô trách nhiệm với khách, mấy chục ngày chờ đợi + bị giam tiền hàng mà không giải quyết hay khắc phục được gì ngoài câu xin lỗi=]]. Đơn trước thì gói ẩu hư hàng, đơn này thì hủy ngang. Trải nghiệm mua sắm quá ""tuyệt vời"" 🤬.",1,2026-07-07 18:59:25,279480789,279480868
30362977,"Sách in đẹp,khá oke nhưng -1 sao vì hàng lỗi thiếu mất bookmark tập 2 và góc sách tập 1 hơi móp",4,2026-07-29 14:30:18,279480789,279480994
27099649,sách đẹp nma bìa hơi hỏng,4,2026-06-30 18:13:10,279480789,279480994
28463049,"truyện tốt, đóng gói ổn, chờ về gần 1 tháng để biết hụt bản in đầu",3,2026-07-20 18:41:19,279480789,279480867
30721977,,4,2026-09-21 14:28:22,279480789,279480867
27655269,,4,2026-07-02 10:43:25,279480789,279480994
21221932,Đúng mô tả,5,2025-03-04 19:23:56,247838135,247838137
30689324,Mở ra thấy đúng 1 vòng chống xóc khá là hoảng =))) may không rách seal,5,2026-08-07 16:48:27,247838135,247838137
27646304,"Quá xinh, sao lại có thể xinh như thế nhỉ? Xinh không chịu được",5,2024-02-01 19:57:01,247838135,247838137
28964893,Okee nhưng xin bên giao hàng nhẹ nhàng chút:'l,5,2023-03-27 17:14:19,247838135,247838139
10259761,"Đầy đủ pk, giao nhanh hơn dự kiến Nhưng mà gói hành lại không ổn chút nào, t mua 2q đb, cái std nó để quyển khác đè lên, cũng may là k bị gãy std.",5,2023-03-27 14:56:27,247838135,247838139
26741158,Đóng gói kĩ,5,2023-03-31 01:47:23,247838135,247838137
30068990,"T đã nhận được truyện, giao hàng nhanh chóng",5,2024-10-22 19:14:30,247838135,247838137
14732306,"Bìa làm xinh xỉu, giao cũng rất nhanh, đóng gói kĩ nữa",5,2023-03-30 21:51:53,247838135,247838139
30770944,,5,2026-09-17 20:48:12,247838135,247838137
26313559,"Cổ Hạ Triêu không nọng thì tuyệt , giao hàng nhanh ❤",5,2023-03-28 12:46:25,247838135,247838139
13538377,"Cuốn này đọc hề lắm luôn á, đọc mà cứ cười tủm tỉm. Nó đậm chất học đường, khiến bất kỳ ai cũng hoài niệm về thời học sinh.",5,2023-11-11 13:49:53,247838135,247838137
30738583,,5,2026-08-23 13:19:25,247838135,247838137
21060983,,5,2026-08-14 10:16:49,247838135,247838137
13262563,,5,2026-08-07 14:56:48,247838135,247838137
30656574,,5,2026-08-07 12:10:31,247838135,247838137
13347497,,5,2026-08-06 14:42:58,247838135,247838137
28522716,Cần khắc phục khâu gói hàng giùm ạ :))))) Sách về tới tay thì góc đã móp hết ròi.....,5,2023-03-31 16:23:16,247838135,247838139
15875514,,5,2026-01-09 00:25:05,247838135,247838137
28436202,Cả bìa lẫn nội dung đều đỉnh lắm lun(●♡∀♡) Tiki giao hàng nhanh lắm á. Hnay mới đặt hôm sau bé nó đã về tay rùi:333,5,2023-05-31 08:17:59,247838135,247838137
28452715,"Giao về kh bị làm s, truyện đã đọc trên mạng. Chưa biết bản dịch ra sao. Bìa trong kh đẹp lắm nhm bên ngoài nhìn rất đẹp.",5,2023-04-01 15:27:32,247838135,247838139
30312013,,5,2025-08-23 12:52:55,247838135,247838137
1694025,"Đóng gói đẹp, có chống sốc. Nội dung thanh xuân vườn trường dth vô cùng❤️❤️",5,2023-10-17 18:01:52,247838135,247838137
30329136,,5,2025-05-08 00:22:47,247838135,247838137
30126569,"Đẹp, nội dung hay giao nhanh",5,2024-09-23 21:07:40,247838135,247838137
27285068,"Lần này tiki giao hàng khá là nhanh so với những lần trước mình đặt. Nội dung truyện thì khỏi phải bàn cãi, phải nói Mộc Qua Hoàng là một trong những tác giả mà mình thích nhất. Đợt này nhà Daisy thật sự làm mình rất thất vọng, truyện mua về lúc bóc seal thì bị cong bìa áo,ép mãi mới thẳng ra. Dây đeo thẻ thì bị trầy, dấy hằn trên mặt trước của thẻ. Lúc mở pack gói dây đeo thẻ ra mình hoảng hồn luôn",3,2023-03-31 11:56:05,247838135,247838139
29273454,"Tuyệt vời, giao hàng nhanh",5,2023-07-19 13:53:03,247838135,247838137
28861652,Bìa đẹp giao hàng nhanh màu sắc rõ nét,5,2023-03-30 16:19:17,247838135,247838137
29421603,bìa siêu xinh nha,5,2023-09-15 12:07:12,247838135,247838137
28866573,Giao hàng nhanh đẹp okie,5,2023-06-12 09:47:11,247838135,247838137
27491641,"Đẹp lắm, xứng đáng để mua.",5,2023-04-12 18:59:36,247838135,247838137
27931568,"Bìa xinh, standee cũng xinh xỉu",5,2023-03-30 07:06:12,247838135,247838139
11818157,Gianh nhanh không df,5,2023-05-25 14:59:56,247838135,247838137
18094079,Bản dịch ổn lắm luôn,5,2023-03-29 07:04:36,247838135,247838139
7590141,Ok,5,2023-06-21 23:29:45,247838135,247838137
30043285,,5,2024-08-14 22:56:26,247838135,247838137
385406,,5,2024-05-13 12:08:03,247838135,247838137
2093930,"Truyện hay, khá ưng ý art bìa. Giao hàg nhanh!",5,2023-05-11 15:02:22,247838135,247838137
28996106,,5,2024-02-17 00:55:14,247838135,247838137
17758094,,5,2024-01-10 22:51:24,247838135,247838137
29357490,Đẹp tụy vời,5,2023-08-18 11:27:42,247838135,247838137
20284678,"Nội dung truyện ok, in ấn ổn",5,2023-05-03 12:07:44,247838135,247838137
29580758,,5,2023-11-10 10:16:48,247838135,247838137
29520505,,5,2023-11-09 16:21:08,247838135,247838137
1602708,,5,2023-10-10 16:25:58,247838135,247838137
28828416,,5,2023-08-25 19:08:24,247838135,247838137
14190944,,5,2023-07-22 11:38:15,247838135,247838137
25193173,,5,2023-07-11 06:40:58,247838135,247838137
28964952,,5,2023-07-02 22:07:34,247838135,247838139
9315587,,5,2023-06-29 07:11:03,247838135,247838137
481629,,5,2023-06-21 18:46:45,247838135,247838137
11074930,,5,2023-06-19 22:31:42,247838135,247838137
13206017,,5,2023-06-13 17:13:34,247838135,247838137
27863069,,5,2023-06-12 14:27:00,247838135,247838139
29160572,,5,2023-06-10 09:56:39,247838135,247838137
9813604,,5,2023-06-06 01:51:44,247838135,247838137
29010475,,5,2023-06-04 15:21:31,247838135,247838137
18118041,,5,2023-06-01 17:11:00,247838135,247838137
8426557,,5,2023-05-29 17:38:52,247838135,247838137
759415,,5,2023-05-25 18:31:46,247838135,247838137
5565932,,5,2023-05-19 10:41:32,247838135,247838137
29105129,,5,2023-05-18 14:51:22,247838135,247838137
27376887,,5,2023-05-13 18:59:28,247838135,247838137
15388926,,5,2023-05-11 11:20:03,247838135,247838137
16482019,,5,2023-05-07 18:00:27,247838135,247838137
7051766,,5,2023-04-30 22:05:49,247838135,247838139
25459148,,5,2023-04-25 14:36:45,247838135,247838137
26842572,,5,2023-04-19 15:04:30,247838135,247838137
28964927,,5,2023-04-03 08:37:51,247838135,247838137
26186895,,5,2023-04-01 13:32:09,247838135,247838139
10872490,,5,2023-04-01 09:14:37,247838135,247838137
11714202,,5,2023-03-31 19:38:18,247838135,247838137
26518436,,5,2023-03-30 17:06:33,247838135,247838137
21616975,,5,2023-03-29 16:13:11,247838135,247838137
1826533,,5,2023-03-29 08:48:12,247838135,247838139
28646951,,5,2023-03-28 21:09:19,247838135,247838139
17619254,,5,2023-03-28 17:07:03,247838135,247838139
24590437,,5,2023-03-28 15:02:07,247838135,247838139
23655581,,5,2023-03-28 12:50:39,247838135,247838139
24674980,,5,2023-03-28 12:34:31,247838135,247838139
27702655,,5,2023-03-28 11:52:04,247838135,247838139
26753328,,5,2023-03-28 11:19:55,247838135,247838137
28964916,,5,2023-03-28 11:05:00,247838135,247838139
28774430,,5,2023-03-27 18:42:41,247838135,247838139
28608377,Khâu xử lí hàng quá lâu. Vô check chủ nhật đang xử lí nhưng đến thứ 3 mới bắt đầu giao hàng. Ghi trên hệ thống giao vào t3 trước 19h nhưng mình vô kiểm tra thì thấy 19 rưỡi mới đang vận chuyển. Thật sự thất vọng với bên xử lí hàng của tiki,1,2024-11-06 22:10:48,247838135,247838137
30579508,"Bìa sách đẹp, giao hàng ổn và ko bị df",4,2026-01-11 15:09:59,247838135,247838137
124857,Bìa đẹp lắm ạ,4,2024-01-09 00:23:03,247838135,247838137
19761448,Đầy đủ combo như miêu tả.mà có 1 cái chưa ưng là shop ko có bọc miếng chống sốc cho sách,4,2023-03-27 18:06:13,247838135,247838139
28964918,"mua truyện mà gói hàng không có bọc chống sốc? về mép truyện bị df hết cả ra, bực mình",4,2023-03-28 20:28:50,247838135,247838139
21575280,"Bìa mình ko thích lắm, nội dung cũng được, có vài lỗi chữ",4,2023-06-07 10:40:01,247838135,247838137
28964933,"(*) Đánh giá không tính điểm Bìa đẹp, standee đẹp, nhưng thời gian xử lý khá lâu, trong lúc vận chuyển bị móp bìa rồi😭",3,2023-03-28 18:17:42,247838135,247838139
30648365,"Xink , iu , bìa dày , nội dung 100₫✨✨✨",5,2026-04-12 13:08:17,271956716,271956720
30650307,,5,2026-04-10 12:14:40,271956716,271956720
29949111,Giao hàng nhanh nhưng phía sau bìa sách hơi bị móp nhẹ,5,2024-11-09 15:19:49,271956716,271956720
5879432,"Mình thích nội dung chuyện này, thật sự cảm động. Không hiểu sao mình đã đọc xong chuyện rồi mà vẫn vương vấn về nó. Cám ơn tiki giao hàng rất nhanh, đóng gói kĩ càng.",5,2023-10-27 10:50:53,271956716,271956718
30177190,bìa xinhhh bìa cứng đống gói cẩn thẩn,5,2024-11-20 14:06:12,271956716,271956720
30175771,,5,2024-10-26 10:44:44,271956716,271956718
30119858,,5,2024-10-18 12:26:22,271956716,271956720
385406,,5,2024-09-26 16:34:28,271956716,271956718
28848214,,5,2024-03-29 19:04:23,271956716,271956720
1823979,,5,2024-02-16 10:47:21,271956716,271956720
333003,,5,2023-11-07 12:00:40,271956716,271956720
14546681,,5,2023-10-18 15:31:13,271956716,271956720
1826533,,5,2023-10-16 22:28:21,271956716,271956720
8612269,,5,2023-09-28 23:31:12,271956716,271956718
8079176,,5,2023-09-26 21:14:04,271956716,271956718
30178946,"Tr ơi đóng gói ko kĩ, đc 1tí, hàng mở ra thì thủng bìa áo, xong còn dính cái gì ở sách, khóc điênnnn, huhuuuu",2,2024-10-25 12:29:08,271956716,271956720
29305249,Không hiểu nổi cái móc nó như này mà vẫn gửi cho khách,1,2023-10-21 10:15:18,271956716,271956720
28756362,Mọi người mua hàng nhớ cẩn thận!!! Tiki đóng gói hàng rất cẩu thả,1,2024-03-22 13:56:27,271956716,271956720
30579508,"Shop đóng gói kĩ, giao nhanh, sách ko bị df",5,2026-06-27 10:35:27,277962612,277962709
30579508,"Shop đóng gói kĩ, giao nhanh, sách ko bị df",5,2026-06-27 10:33:19,277962612,277962707
30579508,"Shop đóng gói kĩ, giao nhanh, sách ko bị df",5,2026-06-27 10:33:46,277962612,277962711
30579508,"Shop đóng gói kĩ, giao nhanh, sách ko bị df",5,2026-06-27 10:34:10,277962612,277962704
30579508,"Shop đóng gói kĩ, giao nhanh, sách ko bị df",5,2026-06-27 10:34:35,277962612,277962706
30579508,"Shop đóng gói kĩ, giao nhanh, sách ko bị df",5,2026-06-27 10:32:04,277962612,277962708
30579508,"Shop đóng gói kĩ, giao nhanh, sách ko bị df",5,2026-06-27 10:32:28,277962612,277962705
30579508,"Shop đóng gói kĩ, giao nhanh, sách ko bị df",5,2026-06-27 10:32:54,277962612,277962710
30648909,"Tuyệt vời, bao bì đóng gói kỹ càng",5,2026-05-31 22:48:09,277962612,277962711
30416725,Có bookmark đẹp ship nhanh gói hàng ok 🙆🙆,5,2026-03-28 22:33:15,277962612,277962707
30423377,"Sách đẹp lắm, tiki giao sách cẩn thận",5,2026-04-21 17:59:09,277962612,277962705
30647851,"sách đẹp đóng gói cũng ổn, về tới tay an toàn",5,2026-05-07 16:04:18,277962612,277962705
30416924,,5,2026-10-01 17:32:23,277962612,277962707
30416924,,5,2026-10-01 17:32:30,277962612,277962711
30416924,,5,2026-10-01 17:32:36,277962612,277962704
30416924,,5,2026-10-01 17:32:08,277962612,277962709
30416924,,5,2026-10-01 17:32:14,277962612,277962705
30719989,,5,2026-09-22 17:15:29,277962612,277962705
30666911,,5,2026-09-01 19:52:51,277962612,277962708
30666911,,5,2026-09-01 19:52:54,277962612,277962711
30666911,,5,2026-09-01 19:52:56,277962612,277962709
30666911,,5,2026-09-01 19:52:48,277962612,277962710
30648347,,5,2026-08-10 21:07:51,277962612,277962709
30648347,,5,2026-08-10 21:07:58,277962612,277962708
30706706,,5,2026-07-30 23:18:40,277962612,277962709
30727211,,5,2026-07-28 12:08:47,277962612,277962707
30719989,,5,2026-07-18 09:53:17,277962612,277962704
28941806,,5,2026-07-16 16:05:10,277962612,277962705
25895423,,5,2026-07-13 10:30:12,277962612,277962708
25895423,,5,2026-07-13 10:30:19,277962612,277962709
25895423,,5,2026-07-13 10:30:27,277962612,277962705
25895423,,5,2026-07-13 10:30:31,277962612,277962706
25895423,,5,2026-07-13 10:30:37,277962612,277962707
25895423,,5,2026-07-13 10:30:41,277962612,277962711
25895423,,5,2026-07-13 10:30:44,277962612,277962704
30707062,,5,2026-07-10 20:55:56,277962612,277962708
30624983,,5,2026-06-16 16:42:40,277962612,277962704
2176513,,5,2026-06-13 13:35:19,277962612,277962711
30637257,,5,,277962612,277962711
30637257,,5,,277962612,277962710
762130,,5,,277962612,277962704
30647851,,5,,277962612,277962708
30647851,,5,,277962612,277962710
30637257,,5,2026-05-15 12:02:44,277962612,277962708
30637257,,5,2026-05-15 12:02:59,277962612,277962707
30647851,,5,2026-05-12 18:09:39,277962612,277962706
30647851,,5,2026-05-07 16:04:39,277962612,277962704
30513267,,5,2026-04-26 15:23:37,277962612,277962708
30416725,Ok,5,2026-04-01 21:34:11,277962612,277962708
30648347,,5,2026-04-08 16:59:45,277962612,277962707
30648347,,5,2026-04-08 16:59:58,277962612,277962706
21248459,,5,2026-04-04 07:51:26,277962612,277962710
21248459,,5,2026-04-04 07:51:27,277962612,277962711
21248459,,5,2026-04-04 07:51:29,277962612,277962708
21248459,,5,2026-04-04 07:51:30,277962612,277962709
21248459,,5,2026-04-04 07:51:20,277962612,277962706
12896152,,5,2026-04-02 10:28:44,277962612,277962710
13499203,,5,2026-03-24 22:17:04,277962612,277962707
13499203,,5,2026-03-24 22:17:13,277962612,277962709
13499203,,5,2026-03-24 22:17:31,277962612,277962708
30620673,,5,2026-03-16 17:15:35,277962612,277962709
20318183,,5,2026-03-05 15:45:33,277962612,277962711
6616662,,5,2026-02-14 22:42:27,277962612,277962711
6616662,,5,2026-02-14 22:42:30,277962612,277962709
6616662,,5,2026-02-14 22:42:32,277962612,277962704
6616662,,5,2026-02-14 22:42:34,277962612,277962710
6616662,,5,2026-02-14 22:42:37,277962612,277962705
30092243,,5,2025-12-29 21:05:22,277962612,277962710
30092243,,5,2025-12-29 21:04:35,277962612,277962711
30092243,,5,2025-12-29 21:04:58,277962612,277962709
21575280,,5,2025-11-16 10:43:49,277962612,277962707
21575280,,5,2025-10-13 07:47:06,277962612,277962710
21575280,,5,2025-10-13 07:47:14,277962612,277962708
21575280,,5,2025-10-13 07:47:22,277962612,277962709
21575280,,5,2025-10-13 07:47:29,277962612,277962706
21575280,,5,2025-10-13 07:47:36,277962612,277962711
21575280,,5,2025-10-13 07:47:44,277962612,277962705
7981785,,5,2025-08-11 14:26:33,277962612,277962709
7981785,,5,2025-08-11 14:26:18,277962612,277962711
7981785,,5,2025-08-11 14:26:30,277962612,277962710
7981785,,5,2025-08-11 14:26:40,277962612,277962708
7981785,,5,2025-08-11 14:26:26,277962612,277962707
7981785,,5,2025-08-11 14:26:13,277962612,277962706
14018570,,5,2025-07-30 10:14:35,277962612,277962711
14018570,,5,2025-07-08 10:15:33,277962612,277962706
14018570,,5,2025-07-07 17:44:43,277962612,277962705
14018570,,5,2025-07-02 21:14:45,277962612,277962707
16728078,,5,2025-07-01 19:40:31,277962612,277962705
907493,"Bọc bookcare nham nhở :)))) dẹp đi sau đừng bọc nữa thì hơn, bôi bác.",1,2025-08-13 16:34:14,277962612,277962708
30616685,"giao nhanh đóng gói ok,shipper thân thiện.",4,2026-07-03 23:49:44,277962612,277962710
30616685,"đóng gói hơi sơ sài tí,giao nhanh.",4,2026-06-18 21:12:37,277962612,277962706
29586797,"Đóng gói k kĩ sách bị df khá nặng , in sách lem",2,2026-08-08 23:07:47,277962612,277962710
12396203,"Dịch vụ tệ, giao lâu, sách móp méo",1,2026-08-19 17:29:46,277962612,277962711
12396203,"Giao hàng trễ 5 ngày, nhân viên cskh thái độ",1,2026-06-20 18:39:55,277962612,277962708
12396203,"Giao hàng chậm, nhân viên cskh thái độ",1,2026-06-20 18:38:44,277962612,277962709
29586797,,4,2026-08-12 11:16:18,277962612,277962711
30619677,,4,2026-03-07 15:19:47,277962612,277962708
30737670,"Bộ này hay khỏi bàn cãi rồi, bìa xuất bản xinh xỉu, ra vibe nhân vật, cốt truyện cuốn cực, đã đọc đi đọc lại mấy lần bộ này r, muốn sưu tầm cho đủ bộ thui hâhhaa",5,2026-09-27 11:09:30,278777851,278777814
30737670,"Trộm vía sách ko bị df gì cả, nhìn mượt hết cả mắt, nội dung truyện hay cực, tình tiết nào cũng đều được trau chuốt kĩ lưỡng, thích mee íii",5,2026-09-27 11:11:18,278777851,278777816
30737670,"Bìa đẹp, cốt truyện hay, đọc cuốn từ đầu đến cuối, giao hàng nhanh, dù bị df nhẹ",5,,278777851,278777815
30632405,thích lắmm:)),5,2026-05-06 08:40:16,278777851,278777813
30632405,rất okee luôn,5,2026-05-06 08:39:19,278777851,278777815
30632405,tuyệt vờii,5,2026-05-06 08:39:54,278777851,278777814
30733857,một từ thui đẹp shop gói rất kĩ nhá,5,2026-09-16 20:37:38,278777851,278777815
29198620,,5,2026-09-22 22:40:01,278777851,278777814
29198620,,5,2026-09-22 22:40:11,278777851,278777815
30722164,,5,2026-09-12 18:54:07,278777851,278777816
30722164,,5,2026-09-12 18:54:11,278777851,278777815
30700506,,5,2026-09-09 21:34:03,278777851,278777813
30738627,,5,2026-09-04 23:26:48,278777851,278777815
25459148,,5,2026-08-10 14:18:06,278777851,278777816
30735621,,5,2026-08-08 17:51:26,278777851,278777816
30693502,,5,2026-07-29 13:01:42,278777851,278777815
30727924,,5,2026-07-29 07:51:45,278777851,278777815
28941806,,5,2026-07-08 23:49:53,278777851,278777814
28941806,,5,2026-07-08 23:49:21,278777851,278777813
28941806,,5,2026-07-08 23:49:30,278777851,278777815
28941806,,5,2026-07-08 23:49:35,278777851,278777816
28400095,,5,2026-07-08 20:36:13,278777851,278777813
28400095,,5,2026-07-08 20:36:16,278777851,278777814
28400095,,5,2026-07-08 20:36:20,278777851,278777815
28400095,,5,2026-07-08 20:36:22,278777851,278777816
30656574,,5,2026-07-04 20:21:48,278777851,278777814
30656574,,5,2026-07-04 20:21:44,278777851,278777813
30645997,,5,2026-05-27 11:02:21,278777851,278777814
30645997,,5,2026-05-27 11:02:29,278777851,278777816
30645997,,5,2026-05-27 11:02:32,278777851,278777815
30645655,,5,,278777851,278777813
13588956,,5,2026-05-14 08:00:36,278777851,278777813
30645997,,5,2026-04-21 11:45:57,278777851,278777813
16397719,,5,2026-04-18 20:45:42,278777851,278777813
10696677,,5,2026-04-05 19:50:56,278777851,278777816
10696677,,5,2026-04-05 19:51:00,278777851,278777814
10696677,,5,2026-04-05 19:51:12,278777851,278777815
12896152,,5,2026-04-02 10:28:32,278777851,278777815
12896152,,5,2026-04-02 10:28:35,278777851,278777814
25459148,,5,2026-01-17 21:30:24,278777851,278777813
30685241,"Sách được bọc chỉ có 1 lớp chống sốc nên các góc bị móp hết, mong Tiki tỉ mẫn ở chỗ này hơn ạ. Sách, bookmark giao đủ, chuẩn real.",4,2026-06-05 15:32:59,278777851,278777813
30632405,sách bị móp 1 chút ở bìa sách đằng sau và gáy sách,4,2026-04-07 15:17:34,278777851,278777816
30630328,,4,2026-03-22 10:18:28,278777851,278777816
30630328,,4,2026-03-22 10:17:51,278777851,278777815
30670337,Không có gì để chê ạ. Tôi đã mất tận 6 năm để tậu quyển 3 về hiu hiu😭 cuối cùng gia đình cũng đoàn tụ Xinh xắn không góc chết✨✨✨. shop giao hàng sớm hơn dự kiến đó. Yêu shop ạ thực sự nên mua nha mấy ní,5,2026-05-13 12:42:06,276657645,276657706
18313060,"Hàng đẹp, sách xịn, hay. Có hơi bị móp một tí (suêu siêu siêu nhỏ luôn á), nhưng mà giá hạt dẻ, 5 sao luôn.",5,2025-10-02 21:06:45,276657645,276657704
30579508,"Đóng gói kĩ và hàng giao ko bị df, sách mới và đẹp",5,2026-03-17 14:46:28,276657645,276657705
10484472,Hài lòng với sản phẩm,5,2026-06-28 14:05:24,276657645,276657704
23670368,"Giá rẻ, tưởng pha kè hông á, nhưng tin tưởng tiki, 100₫",5,2025-10-09 20:01:13,276657645,276657705
30511622,"Ok,hàng ổn,giá rê hơn mặt bằng chung,ko móp méo",5,2025-11-22 22:28:30,276657645,276657704
30719989,,5,2026-09-22 17:15:23,276657645,276657705
1623390,,5,2026-08-22 18:18:23,276657645,276657706
1623390,,5,2026-08-22 18:18:37,276657645,276657704
30640435,,5,2026-07-30 10:15:18,276657645,276657706
21575280,,5,2026-07-20 09:21:30,276657645,276657704
21575280,,5,2026-07-20 09:20:03,276657645,276657706
30656574,,5,2026-07-18 18:50:09,276657645,276657704
30656574,,5,2026-07-18 18:50:11,276657645,276657706
30656574,,5,2026-07-18 18:50:13,276657645,276657705
862094,,5,2026-07-06 22:48:47,276657645,276657704
862094,,5,2026-07-06 22:48:50,276657645,276657706
862094,,5,2026-07-06 22:48:52,276657645,276657705
10484472,,5,2026-07-06 15:37:58,276657645,276657706
10484472,,5,2026-07-06 15:38:15,276657645,276657705
30645997,,5,2026-07-02 16:40:56,276657645,276657704
30645997,,5,2026-07-02 16:40:57,276657645,276657705
30683263,,5,2026-06-22 18:22:55,276657645,276657706
30683263,,5,2026-06-22 18:22:58,276657645,276657705
23670368,"Giá rẻ, nội dung khỏi bàn, hay lúm",5,2025-10-09 20:01:46,276657645,276657706
30637257,,5,,276657645,276657704
30637257,,5,,276657645,276657705
30637257,,5,,276657645,276657706
30640435,,5,2026-05-15 11:20:54,276657645,276657705
30640571,,5,2026-05-08 23:49:18,276657645,276657706
30638764,Ổn,5,2026-03-24 18:02:24,276657645,276657704
30619041,,5,2026-04-08 16:45:27,276657645,276657704
30619041,,5,2026-04-08 16:45:39,276657645,276657705
30619041,,5,2026-04-08 16:45:06,276657645,276657706
20971611,,5,2026-03-26 18:20:11,276657645,276657705
15640255,,5,2026-01-07 22:04:20,276657645,276657704
30648379,"Gói sơ sài ,seal có hạt cát ,hay j á làm in dấu lên sách ,sách bị sước ,góc sách thì bị df",2,2026-04-08 17:50:33,276657645,276657706
21575280,"Mua nguyên bộ 3 tập, sách ko còn seal bọc bookcare cũng được vì sách còn mới, nhưng ko còn bookmark luôn thì ko hài lòng nha, đã mấy lần rồi nếu bọc bookcare là mất bookmark. Sau này cứ giao sách nguyên seal luôn đi đừng tặng bookcare nữa.",3,2026-07-20 09:33:09,276657645,276657705
30593920,"Sách bị df ngay gốc ,gói ko kĩ",2,2026-03-26 18:07:14,276657645,276657706
26621148,"1 quyển sách 2 kiểu chữ, mấy ttang đầu cảm giác chữ bị nhoè. Chắc kph đây là quyển sách lỗi chứ?!",3,2026-05-30 10:23:34,276657645,276657706
30638764,Giao hàng bị lỗi hai trang giấy đầu dính vào nhau,1,2026-03-25 11:29:26,276657645,276657705
30645997,,4,2026-07-02 16:40:56,276657645,276657706
5127636,"Bộ Kính Vạn Hoa Chết Chóc này thì khá là nổi rồi nên mình không nhận xét gì về nội dung nữa. Sách nhận được nguyên seal, đóng gói cẩn thận, giao hàng nhanh, giá tốt. Sau 2 năm mình mới quay lại đặt hàng trên Tiki, thứ mình nghĩ Tiki cần thay đổi chính là điều chỉnh giá vận chuyển, nếu deal sách giảm sâu mà phí ship cao thì mình cũng sẽ không chọn Tiki.",5,2024-07-26 13:50:31,272155345,272155351
5127636,"Bộ Kính Vạn Hoa Chết Chóc này thì khá là nổi rồi nên mình không nhận xét gì về nội dung nữa. Sách nhận được nguyên seal, đóng gói cẩn thận, giao hàng nhanh, giá tốt. Sau 2 năm mình mới quay lại đặt hàng trên Tiki, thứ mình nghĩ Tiki cần thay đổi chính là điều chỉnh giá vận chuyển, nếu deal sách giảm sâu mà phí ship cao thì mình cũng sẽ không chọn Tiki.",5,2024-07-26 13:50:49,272155345,272155353
5127636,"Bộ Kính Vạn Hoa Chết Chóc này thì khá là nổi rồi nên mình không nhận xét gì về nội dung nữa. Sách nhận được nguyên seal, đóng gói cẩn thận, giao hàng nhanh, giá tốt. Sau 2 năm mình mới quay lại đặt hàng trên Tiki, thứ mình nghĩ Tiki cần thay đổi chính là điều chỉnh giá vận chuyển, nếu deal sách giảm sâu mà phí ship cao thì mình cũng sẽ không chọn Tiki.",5,2024-07-26 13:49:44,272155345,272155349
1342710,"Đầu tiên là sách giao về còn nguyên vẹn, không móp hay cuốn góc. Sách cầm chắc tay, bìa đẹp. Sau nữa là nội dung, phải nói là okla luôn, truyện thứ 2 của Tây Tử Tự mà tui mua, mua cùng lượt với Bức họa múa rối xương. Về kinh dị thì truyện này sợ hơn, có hài hước nhưng cũng có buồn, nói chung là tùy vào cảm nhận của người đọc. Nhưng cá nhân tui nghĩ là đọc không hối hận đâu! Shipper dễ thương, nhiệt tình, mối quen nên giao mình nhanh lắm! Nói chuyện cũng vui vẻ vui vẻ nữa!",5,2024-06-03 12:33:36,272155345,272155349
1342710,"Đầu tiên là sách giao về còn nguyên vẹn, không móp hay cuốn góc. Sách cầm chắc tay, bìa đẹp. Sau nữa là nội dung, phải nói là okla luôn, truyện thứ 2 của Tây Tử Tự mà tui mua, mua cùng lượt với Bức họa múa rối xương. Về kinh dị thì truyện này sợ hơn, có hài hước nhưng cũng có buồn, nói chung là tùy vào cảm nhận của người đọc. Nhưng cá nhân tui nghĩ là đọc không hối hận đâu! Shipper dễ thương, nhiệt tình, mối quen nên giao mình nhanh lắm! Nói chuyện cũng vui vẻ vui vẻ nữa!",5,2024-06-03 12:33:52,272155345,272155351
1342710,"Đầu tiên là sách giao về còn nguyên vẹn, không móp hay cuốn góc. Sách cầm chắc tay, bìa đẹp. Sau nữa là nội dung, phải nói là okla luôn, truyện thứ 2 của Tây Tử Tự mà tui mua, mua cùng lượt với Bức họa múa rối xương. Về kinh dị thì truyện này sợ hơn, có hài hước nhưng cũng có buồn, nói chung là tùy vào cảm nhận của người đọc. Nhưng cá nhân tui nghĩ là đọc không hối hận đâu! Shipper dễ thương, nhiệt tình, mối quen nên giao mình nhanh lắm! Nói chuyện cũng vui vẻ vui vẻ nữa!",5,2024-06-03 12:34:09,272155345,272155353
1342710,"Đầu tiên là sách giao về còn nguyên vẹn, không móp hay cuốn góc. Sách cầm chắc tay, bìa đẹp. Sau nữa là nội dung, phải nói là okla luôn, truyện thứ 2 của Tây Tử Tự mà tui mua, mua cùng lượt với Bức họa múa rối xương. Về kinh dị thì truyện này sợ hơn, có hài hước nhưng cũng có buồn, nói chung là tùy vào cảm nhận của người đọc. Nhưng cá nhân tui nghĩ là đọc không hối hận đâu! Shipper dễ thương, nhiệt tình, mối quen nên giao mình nhanh lắm! Nói chuyện cũng vui vẻ vui vẻ nữa!",5,2024-06-03 12:33:17,272155345,272155347
30177027,"Giao hàng nhanh, đóng gói đỡ hơn trc vì có chống sốc",5,2026-03-30 09:45:14,272155345,272155351
16307022,"Bìa đẹp, có tính ẩn dụ, bản dịch rất hay. Có điều mình dở ra đọc thì thấy có 1 trang bị rách phía trong, nhưng lỗi nhỏ k ảnh hưởng tới nội dung nên thôi không sao.",5,2024-05-12 11:31:56,272155345,272155347
16307022,"Bìa đẹp, có tính ẩn dụ, bản dịch rất hay. Có điều mình dở ra đọc thì thấy có 1 trang bị rách phía trong, nhưng lỗi nhỏ k ảnh hưởng tới nội dung nên thôi không sao.",5,2024-05-12 11:32:28,272155345,272155353
16307022,"Bìa đẹp, có tính ẩn dụ, bản dịch rất hay. Có điều mình dở ra đọc thì thấy có 1 trang bị rách phía trong, nhưng lỗi nhỏ k ảnh hưởng tới nội dung nên thôi không sao.",5,2024-05-12 11:32:58,272155345,272155349
16307022,"Bìa đẹp, có tính ẩn dụ, bản dịch rất hay. Có điều mình dở ra đọc thì thấy có 1 trang bị rách phía trong, nhưng lỗi nhỏ k ảnh hưởng tới nội dung nên thôi không sao.",5,2024-05-12 11:30:31,272155345,272155351
27818810,"Bìa sách đẹp lung linh mỗi tội tập 4 xước hơi nhiều. Tiki giao nhanh, đúng hẹn. Nội dung thì khỏi bàn, ai ko đọc bộ này quá phí.",5,2024-10-23 11:12:59,272155345,272155353
27818810,"Săn sale mua dc giá khá tốt. Tiki giao nhanh, sách đầy đủ seal, bm. Nội dung thì khỏi bàn, cuốn hơn bánh cuốn.",5,2024-10-23 11:11:40,272155345,272155351
25755454,"Giao hàng nhanh chóng, đóng gói hàng kĩ càng, sản phẩm chất lượng tốt",5,2026-09-21 17:39:07,272155345,272155353
635876,"sách ok, nhưng gói sơ xài 1 lớp chống sốc mỏng tanh. hàng về tay móp 1 tí rất khó chịu. nhưng tôi vẫn cho shop 5 sao. lần sau gói tệ là 1 sao đấy nha shop",5,2026-03-27 16:52:01,272155345,272155351
25755454,"chưa đọc nên không biết nội dung, shop đóng gói hàng kĩ càng",5,2026-09-27 20:07:41,272155345,272155349
26845664,"Bộ này thì siêu hay, nội dung đủ kích thích làm t sợ hãi, tác giả ruột của tui đó 🥰😘😍🥰😘😍",5,2024-03-22 10:10:57,272155345,272155349
635876,"xốp ơi, lần sau gói hàng thêm 1 lớp chôgs sốc dùm em ạ. chứ giao sách hộp rỗng bị móp góc 1 chút em rất khó chịu",5,2026-03-27 16:52:00,272155345,272155349
26845664,"Bộ này thì quá đỉnh, khỏi phải ban luôn, tác giả ruột của tui á🥰😍😘🥰😍🥰😘",5,2024-03-22 10:09:33,272155345,272155351
635876,Giao nhanhnhunge gói sơ xài 1 lớp hống sốc. móp 1 tí đầu sách rất khó chịu. hi vọng shop làn saugois kỹ hơn,5,2026-03-27 16:52:02,272155345,272155353
19700046,"Giao hàng nhanh, vừa đặt hôm qua mà nay đã có, gói kỹ, bao bì đẹp, sách rất hay",5,2024-04-06 15:40:11,272155345,272155351
30579508,"Giao hàng nhanh, hàng gói kĩ và ko bị df",5,2026-03-27 14:15:45,272155345,272155353
30579508,"Giao hàng nhanh, hàng gói kĩ và ko bị df",5,2026-03-27 14:14:55,272155345,272155349
30579508,"Giao hàng nhanh, hàng gói kĩ và ko bị df",5,2026-03-27 14:15:21,272155345,272155351
19700046,"Bao bì đẹp, sách rất hay, đóng gói cẩn thận, giao nhanh chóng",5,2024-04-06 15:38:50,272155345,272155349
30662122,"Gói cẩn thận, hàng đúng chất lượng, sách có df nhưng ko đáng kể",5,2026-04-29 21:32:44,272155345,272155347
22574742,"Sách nhà Cẩm miễn bàn, gói hơi ẩu, chỉ bỏ sách vào hộp chứ không chống sốc, may mà sách chỉ chấn thương nhẹ",5,2024-01-17 15:42:42,272155345,272155351
22574742,"Sách nhà Cẩm miễn bàn, gói hơi ẩu, chỉ bỏ sách vào hộp chứ không chống sốc, may mà sách chỉ chấn thương nhẹ",5,2024-01-17 15:42:55,272155345,272155353
22574742,"Sách nhà Cẩm miễn bàn, gói hơi ẩu, chỉ bỏ sách vào hộp chứ không chống sốc, may mà sách chỉ chấn thương nhẹ",5,2024-01-17 15:43:06,272155345,272155347
22574742,"Sách nhà Cẩm miễn bàn, gói hơi ẩu, chỉ bỏ sách vào hộp chứ không chống sốc, may mà sách chỉ chấn thương nhẹ",5,2024-01-17 15:42:13,272155345,272155349
19700046,"Giao nhanh, đóng gói chắc chắn, bao bì đẹp",5,2024-04-06 15:38:10,272155345,272155353
19700046,"Giao nhanh, bao bì đẹp, đóng gói cẩn thận",5,2024-04-06 15:37:21,272155345,272155347
21575280,"Bìa rất đẹp, còn seal, đóng gói ok la",5,2026-09-23 10:36:09,272155345,272155351
21575280,"Bìa đẹp, còn nguyên seal, đóng gói ok",5,2026-09-23 10:33:17,272155345,272155353
30635561,,5,2026-03-29 10:36:59,272155345,272155353
30635561,,5,2026-03-29 10:37:24,272155345,272155349
30635561,,5,2026-03-29 10:35:26,272155345,272155351
21575280,"Bìa đẹp, còn seal, đóng gói kỹ",5,2026-09-23 10:34:28,272155345,272155347
21575280,"Bìa đẹp, còn seal, đóng gói kỹ",5,2026-09-23 10:35:10,272155345,272155349
17135149,Giao tới ko bị móp méo oke nha,5,2026-04-29 19:30:02,272155345,272155347
7671722,Tuyệt miễn bàn,5,2026-07-30 11:05:59,272155345,272155349
30177004,đóng gói ok sách cuốn,5,2026-05-26 07:33:07,272155345,272155349
30016618,hay lắm luoonnnnn,5,2026-05-31 20:03:35,272155345,272155353
30755382,,5,2026-08-31 17:09:40,272155345,272155349
7671722,,5,2026-07-30 11:06:15,272155345,272155347
30636511,,5,2026-07-28 07:03:45,272155345,272155353
23371554,,5,2026-07-27 13:27:14,272155345,272155347
23371554,,5,2026-07-27 13:27:25,272155345,272155351
23371554,,5,2026-07-27 13:27:33,272155345,272155353
23371554,,5,2026-07-27 13:27:43,272155345,272155349
30712021,,5,2026-07-21 22:27:44,272155345,272155347
30016618,tại hay,5,2026-05-26 20:45:47,272155345,272155349
30716116,,5,2026-07-15 23:05:38,272155345,272155347
28405085,,5,2026-07-15 13:06:49,272155345,272155347
30016618,quá hay,5,2026-05-26 20:45:31,272155345,272155347
30639002,,5,2026-07-11 11:22:08,272155345,272155353
30687364,,5,2026-06-26 09:58:56,272155345,272155347
30657291,,5,2026-06-21 23:28:31,272155345,272155349
30562865,,5,2026-06-20 00:49:10,272155345,272155353
30562865,,5,2026-06-20 00:49:26,272155345,272155351
30681911,,5,2026-06-18 00:15:55,272155345,272155351
30684544,,5,2026-06-16 17:12:48,272155345,272155349
30434078,,5,2026-05-27 14:49:51,272155345,272155347
30672718,,5,,272155345,272155347
30637257,,5,2026-04-28 20:23:01,272155345,272155351
30637257,,5,2026-04-28 20:23:24,272155345,272155353
26845664,"Bộ này thì siêu hay, nội dung đủ kích thích làm t sợ hãi, tác giả ruột của tui đó 🥰😘😍🥰😘😍",5,2024-03-22 10:11:11,272155345,272155353
26845664,"Bộ này thì siêu hay, nội dung đủ kích thích làm t sợ hãi, tác giả ruột của tui đó 🥰😘😍🥰😘😍",5,2024-03-22 10:11:23,272155345,272155347
30622037,,5,2026-04-25 04:18:57,272155345,272155351
30516916,,5,2026-04-20 22:31:04,272155345,272155347
30516916,,5,2026-04-20 22:31:35,272155345,272155349
5287822,"sách mới nguyên siu, mua được giảm giá, đóng gói cẩn thận , ko móp méo gì , giao hàng nhanh . thanks tiki.",5,2023-11-25 14:04:44,272155345,272155351
29987351,10₫₫₫,5,2024-06-17 17:16:17,272155345,272155347
29987351,10₫,5,2024-06-17 17:16:46,272155345,272155349
30451385,,5,2025-08-05 14:53:33,272155345,272155347
30451385,,5,2025-08-05 14:53:48,272155345,272155349
30451385,,5,2025-08-05 14:54:01,272155345,272155353
30447637,,5,2025-08-01 19:58:46,272155345,272155349
30435609,,5,2025-07-23 12:17:23,272155345,272155349
30179012,,5,2025-06-19 16:22:47,272155345,272155353
23028641,Hay xiu,5,2025-04-04 17:28:46,272155345,272155351
28440032,"Ship nhanh nhưng mà shop bị móp cong, rách seal, dập góc gáy sách, hơi dơ nữa😭 Xin bộ phận vận chuyển chú ý giúp",4,2026-08-29 18:59:14,272155345,272155347
6471953,"Giao hàng nhanh, đóng gói kĩ, nay tiki có bọc bong bóng nữa bất ngờ ghê :)))",5,2023-11-07 14:10:47,272155345,272155353
27184427,,5,2023-12-09 10:49:11,272155345,272155347
14748063,10₫,5,2023-11-06 13:39:52,272155345,272155347
27576897,Tốt,5,2023-10-11 03:33:15,272155345,272155347
27576897,Tốt,5,2023-10-11 03:32:23,272155345,272155353
27576897,Tốt,5,2023-10-11 03:32:36,272155345,272155351
27576897,Tốt,5,2023-10-11 03:32:49,272155345,272155349
10695089,"Sách rất hay, độ hoàn thiện cao",5,2024-02-23 12:13:16,272155345,272155349
6471953,"Giao hàng nhanh, đóng gói kĩ, sách còn nguyên seal",5,2023-11-07 14:11:13,272155345,272155351
21090574,,5,2024-09-18 08:33:43,272155345,272155349
764225,,5,2024-08-19 15:13:14,272155345,272155353
6095461,,5,2024-08-08 10:29:26,272155345,272155349
6095461,,5,2024-08-08 10:28:33,272155345,272155353
6095461,,5,2024-08-08 10:28:37,272155345,272155347
6095461,,5,2024-08-08 10:28:44,272155345,272155351
16857706,,5,2024-08-06 12:31:55,272155345,272155349
28082107,,5,2024-07-22 23:46:51,272155345,272155349
29800777,,5,2024-07-10 23:30:39,272155345,272155351
68275,"Sách dày đẹp, đóng gói cẩn thận.",5,2023-10-10 17:20:21,272155345,272155349
27936970,"Đẹp, có chống sóc, không df",5,2023-11-25 13:03:34,272155345,272155353
17055534,,5,2024-06-13 16:49:48,272155345,272155351
17055534,,5,2024-06-13 16:50:16,272155345,272155353
17794972,,5,2024-05-11 09:32:06,272155345,272155347
17794972,,5,2024-05-11 09:32:24,272155345,272155351
17794972,,5,2024-05-11 09:32:29,272155345,272155349
17794972,,5,2024-05-06 19:32:38,272155345,272155353
8517745,,5,2024-05-06 16:02:56,272155345,272155353
8517745,,5,2024-05-06 16:02:34,272155345,272155351
8780314,,5,2024-05-06 10:31:45,272155345,272155349
8780314,,5,2024-05-06 10:32:04,272155345,272155351
28395429,,5,2024-05-01 08:48:01,272155345,272155353
28395429,,5,2024-05-01 08:47:30,272155345,272155347
28395429,,5,2024-05-01 08:47:48,272155345,272155349
28395429,,5,2024-05-01 08:47:55,272155345,272155351
7487440,,5,2024-04-22 14:33:54,272155345,272155353
7487440,,5,2024-04-22 14:34:23,272155345,272155349
7487440,,5,2024-04-22 14:34:29,272155345,272155347
7487440,,5,2024-04-22 14:34:32,272155345,272155351
347654,,5,2024-03-24 17:05:20,272155345,272155349
347654,,5,2024-03-24 17:05:03,272155345,272155347
6308890,,5,2024-03-22 16:03:19,272155345,272155353
6308890,,5,2024-03-22 16:03:34,272155345,272155349
6308890,,5,2024-03-22 16:03:43,272155345,272155351
6308890,,5,2024-03-22 16:03:50,272155345,272155347
131307,,5,2024-02-28 12:23:49,272155345,272155349
10695089,,5,2024-02-23 12:13:29,272155345,272155347
12390000,,5,2024-02-14 22:15:18,272155345,272155353
12390000,,5,2024-02-14 22:14:53,272155345,272155347
12390000,,5,2024-02-14 22:15:03,272155345,272155349
12390000,,5,2024-02-14 22:15:11,272155345,272155351
8267731,,5,2024-02-14 01:27:20,272155345,272155353
8267731,,5,2024-02-14 01:27:49,272155345,272155349
8267731,,5,2024-02-14 01:27:59,272155345,272155351
8267731,,5,2024-02-14 01:28:07,272155345,272155347
29519012,,5,2024-01-25 10:03:02,272155345,272155353
29519012,,5,2024-01-25 10:03:25,272155345,272155351
12987171,,5,2024-01-16 18:28:41,272155345,272155353
12987171,,5,2024-01-16 18:28:50,272155345,272155347
12987171,,5,2024-01-16 18:27:33,272155345,272155351
29519012,,5,2024-01-14 12:03:45,272155345,272155349
29519012,,5,2024-01-14 12:03:21,272155345,272155347
23923301,,5,2024-01-09 22:06:43,272155345,272155349
23923301,,5,2024-01-09 22:06:45,272155345,272155351
17055534,,5,2024-01-07 11:29:23,272155345,272155347
17055534,,5,2024-01-07 11:29:28,272155345,272155349
23702787,,5,2024-01-06 19:30:59,272155345,272155349
23702787,,5,2024-01-05 23:00:59,272155345,272155347
27067787,,5,2023-11-30 12:56:43,272155345,272155347
5287822,,5,2023-11-25 14:05:14,272155345,272155347
5287822,,5,2023-11-25 14:05:22,272155345,272155353
5287822,,5,2023-11-25 14:05:30,272155345,272155349
1906245,,5,2023-11-17 00:34:34,272155345,272155349
1906245,,5,2023-11-17 00:34:41,272155345,272155351
1906245,,5,2023-11-17 00:34:47,272155345,272155353
25459148,,5,2023-11-13 09:12:37,272155345,272155351
7907114,,5,2023-11-08 09:06:37,272155345,272155347
7907114,,5,2023-11-08 09:06:43,272155345,272155353
7907114,,5,2023-11-08 09:06:48,272155345,272155351
7907114,,5,2023-11-08 09:06:54,272155345,272155349
28809147,,5,2023-11-06 20:09:28,272155345,272155347
28809147,,5,2023-11-06 20:09:40,272155345,272155351
28809147,,5,2023-11-06 20:09:49,272155345,272155353
28809147,,5,2023-11-06 20:09:56,272155345,272155349
29510264,,5,2023-10-29 09:29:10,272155345,272155347
29510264,,5,2023-10-29 09:29:30,272155345,272155349
68275,,5,2023-10-22 21:13:18,272155345,272155353
68275,,5,2023-10-22 21:13:45,272155345,272155351
28082107,,5,2023-10-18 20:37:46,272155345,272155347
25459148,,5,2023-10-11 15:00:54,272155345,272155349
68275,,5,2023-10-05 07:52:56,272155345,272155347
30631008,Ồ rách hẳn một mẩu to đùng… bên ngoài cx df . Không biết nói gì luôn…,1,2026-07-06 00:52:35,272155345,272155347
30716116,"Bị df rất nhiều ở góc, chả biết do va đập hay từ xưởng đã vậy r",2,2026-07-15 23:06:54,272155345,272155353
30716116,Cũng như tập 4 bị df ở góc,3,2026-07-15 23:07:58,272155345,272155349
30177004,hơi móp sách,4,2026-04-21 12:23:19,272155345,272155347
30655158,,4,,272155345,272155349
14607952,"Bìa đẹp, sách bảo quản tốt",4,2023-10-04 15:46:34,272155345,272155351
30172299,"Lâu lắm rồi mới mua sách bên TIKI, đóng gói khá cải thiện, có bọc chống sốc, sách mới, không bị dập gì cả. Mong tiki sẽ tiếp tục phát huy nha ^^",5,2025-11-29 12:25:41,278749523,278749686
30743842,Đầy đủ sản phẩm,5,2026-09-07 22:52:53,278749523,278749686
30743842,Đầy đủ sản phẩm,5,2026-09-07 22:53:15,278749523,279004969
30743842,đầy đủ sản phẩm,5,2026-09-07 22:51:37,278749523,278944843
25755454,"chưa đọc nên không biết nội dung, shop đóng gói hàng kĩ càng",5,2026-09-18 13:26:25,278749523,278944843
25755454,"chưa đọc nên không biết nội dung, shop đóng gói hàng kĩ càng",5,2026-09-18 11:46:26,278749523,279004969
25755454,"chưa đọc nên không biết nội dung, shop đóng gói hàng kĩ càng",5,2026-09-18 11:46:56,278749523,278749686
30630119,Hàng giao ok đóng gói kĩ bọc chống sốc đầy đủ bán hàng siêu có tâm,5,,278749523,278944843
28277463,,5,2026-10-04 09:21:24,278749523,278749686
68275,,5,2026-09-21 21:31:18,278749523,278944843
385406,,5,2026-09-06 08:24:20,278749523,278944843
385406,,5,2026-09-06 08:24:34,278749523,279004969
10065298,,5,2026-08-27 12:18:30,278749523,278944843
30637257,tôi yêu ngũ hành,5,2026-04-07 00:25:14,278749523,279004969
25459148,,5,2026-07-25 16:17:08,278749523,278944843
25459148,,5,2026-07-25 16:17:23,278749523,279004969
30677809,,5,,278749523,278749686
7981785,,5,2026-04-22 19:02:20,278749523,278944843
7981785,,5,2026-04-22 19:02:23,278749523,278749686
14018570,,5,2026-04-09 10:34:24,278749523,279004969
14018570,,5,2026-04-09 10:34:35,278749523,278944843
14018570,,5,2026-04-09 10:34:42,278749523,278749686
6605170,,5,2026-03-25 22:11:31,278749523,279004969
131307,,5,2026-03-14 11:53:50,278749523,278944843
131307,,5,2026-03-14 11:53:27,278749523,278749686
131307,,5,2026-03-14 11:53:30,278749523,279004969
1903386,,5,2026-03-14 07:36:50,278749523,279004969
26895947,,5,2026-01-26 13:56:05,278749523,278749686
26895947,,5,2026-01-26 13:56:24,278749523,279004969
30588302,,5,2026-01-15 15:39:13,278749523,278749686
30588302,,5,2026-01-15 15:39:00,278749523,278944843
30588302,,5,2026-01-15 13:19:58,278749523,279004969
385406,,5,2025-11-09 17:58:02,278749523,278749686
6605170,Truyện hay chỉ tội là có 1 vài trang bị vết,4,2026-03-25 22:11:11,278749523,278749686
6605170,,4,2026-03-25 22:11:43,278749523,278944843
25755454,"chưa đọc nên không biết nội dung, shop đóng gói hàng kĩ càng",5,2026-04-29 11:45:44,279308786,279308794
30617151,,5,2026-08-22 00:46:40,279308786,279308794
30115211,,5,2026-08-09 22:53:02,279308786,279308794
30648280,Đẹp,5,2026-06-08 23:52:35,279308786,279308794
29565526,,5,2026-06-16 10:28:59,279308786,279308794
30683258,,5,2026-06-01 14:59:37,279308786,279308794
6698398,,5,2026-05-24 11:32:50,279308786,279308794
30670280,,5,,279308786,279308794
30609124,,5,2026-05-13 08:16:51,279308786,279308794
30662656,,5,2026-05-02 17:12:04,279308786,279308794
20608017,,5,2026-04-29 07:49:27,279308786,279308794
30181751,,5,2026-04-24 22:18:59,279308786,279308794
25755454,"chưa đọc nên không biết nội dung, shop đóng gói hàng kĩ càng",5,2026-09-24 17:45:36,278859517,278859614
25755454,"chưa đọc nên không biết nội dung, shop đóng gói hàng kĩ càng",5,2026-09-21 17:39:44,278859517,278859606
25755454,"chưa đọc nên không biết nội dung, shop đóng gói hàng kĩ càng",5,2026-09-21 17:38:23,278859517,278859610
25755454,"chưa đọc nên không biết nội dung, shop đóng gói hàng kĩ càng",5,2026-09-21 17:38:37,278859517,278859608
25755454,"chưa đọc nên không biết nội dung, shop đóng gói hàng kĩ càng",5,2026-09-21 17:38:50,278859517,278859612
30579508,"Bìa sách đẹp, giao hàng ổn và ko bị df",5,2026-03-05 19:02:35,278859517,278859614
30579508,"Bìa sách đẹp, giao hàng ổn và ko bị df",5,2026-03-05 19:01:58,278859517,278859616
30579508,"Bìa sách đẹp, giao hàng ổn và ko bị df",5,2026-03-05 19:02:05,278859517,278859606
30579508,"Bìa sách đẹp, giao hàng ổn và ko bị df",5,2026-03-05 19:02:13,278859517,278859610
30579508,"Bìa sách đẹp, giao hàng ổn và ko bị df",5,2026-03-05 18:59:53,278859517,278859568
30579508,"Bìa sách đẹp, giao hàng ổn và ko bị df",5,2026-03-05 18:59:53,278859517,278724801
30579508,"Bìa sách đẹp, giao hàng ổn và ko bị df",5,2026-03-05 18:59:58,278859517,278859608
30579508,"Bìa sách đẹp, giao hàng ổn và ko bị df",5,2026-03-05 18:59:58,278859517,278859612
21575280,"Bìa rất đẹp, sách mới còn nguyên seal, đóng hàng ok, mình mua nguyên bộ rất hài lòng",5,2026-04-28 10:03:44,278859517,278859608
21575280,"Bìa rất đẹp, sách mới còn nguyên seal, đóng hàng ok, 5 sao nha❤️",5,2026-04-28 10:01:16,278859517,278859606
131307,"Nói chung cứ mua sách là mình chọn Tiki thôi. Vừa bọc sách, vận chuyển nhanh nữa",5,2025-12-07 09:15:41,278859517,278724801
21126041,,5,2026-08-26 22:03:21,278859517,278724801
21126041,,5,2026-08-26 22:03:29,278859517,278859612
21126041,,5,2026-08-26 22:03:42,278859517,278859568
22220709,,5,2026-07-01 11:24:50,278859517,278724801
22220709,,5,2026-07-01 11:24:52,278859517,278859616
22220709,,5,2026-07-01 11:24:54,278859517,278859568
29829068,,5,,278859517,278859568
21575280,,5,2026-04-28 10:04:26,278859517,278724801
21575280,,5,2026-04-28 10:04:47,278859517,278859616
21575280,,5,2026-04-28 10:05:04,278859517,278859614
21575280,,5,2026-04-28 10:05:20,278859517,278859612
21575280,,5,2026-04-28 10:03:58,278859517,278859610
21575280,,5,2026-04-28 10:04:13,278859517,278859568
17862949,,5,2026-04-19 15:12:22,278859517,278859606
17862949,,5,2026-04-19 15:12:41,278859517,278859614
6616662,,5,2026-04-14 15:26:46,278859517,278724801
6616662,,5,2026-04-14 15:26:48,278859517,278859612
6616662,,5,2026-04-14 15:26:49,278859517,278859606
6616662,,5,2026-04-14 15:26:51,278859517,278859608
6616662,,5,2026-04-14 15:26:53,278859517,278859610
10696677,,5,2026-04-05 19:50:58,278859517,278859616
131307,,5,2026-03-14 11:53:47,278859517,278859568
8393396,,5,2026-02-09 16:08:51,278859517,278859606
8393396,,5,2026-02-09 16:09:05,278859517,278724801
6616662,,5,2026-02-08 16:13:34,278859517,278859614
6616662,,5,2026-02-08 16:13:29,278859517,278859616
17105091,,5,2026-02-04 12:21:18,278859517,278859568
17105091,,5,2026-02-04 12:21:07,278859517,278724801
13905846,Very good,5,2025-12-05 14:10:46,278859517,278724801
568838,,5,2026-01-03 23:59:43,278859517,278724801
7981785,,5,2025-12-29 14:20:02,278859517,278859568
385406,,5,2025-11-09 17:57:52,278859517,278724801
9000907,"shop gói hàng ẩu, bùa truyện bị xướt",3,2026-04-07 18:36:23,278859517,278859610
9000907,shop gói hàng ẩu,4,2026-04-07 18:36:03,278859517,278859612
9000907,shop gói hàng ẩu,4,2026-04-07 18:36:34,278859517,278859614
30579508,"Shop đóng gói kĩ, giao nhanh, sp ko bị df",5,2026-09-13 00:18:34,274318142,275625408
30579508,"Shop đóng gói kĩ, giao nhanb, sp ko bị df",5,2026-09-13 00:17:10,274318142,274318425
21575280,,5,2026-05-04 12:11:00,274318142,274318425
21575280,,5,2026-05-04 12:10:46,274318142,275625779
21575280,,5,2026-04-28 10:05:46,274318142,274318426
21575280,,5,2026-04-28 10:05:56,274318142,275625408
25459148,,5,2026-03-27 15:37:56,274318142,275625779
8393396,,5,2026-02-12 09:37:22,274318142,274318426
25459148,,5,2026-01-10 11:48:25,274318142,275625408
793689,,5,2025-07-24 12:51:56,274318142,274318425
385406,,5,2024-12-14 09:13:51,274318142,275625779
385406,,5,2024-09-26 16:34:07,274318142,275625408
1602708,,5,2024-09-19 19:50:18,274318142,275625408
1602708,,5,2024-09-19 19:50:21,274318142,275625779
16728078,,5,2024-08-14 22:59:03,274318142,274318426
694893,,5,2024-08-10 09:49:28,274318142,274318425
25861497,,5,2024-06-07 13:26:50,274318142,274318425
25861497,,5,2024-06-07 13:26:59,274318142,274318426
302565,,5,2024-05-09 10:44:02,274318142,274318426
302565,,5,2024-05-09 10:44:06,274318142,274318425
16728078,,5,2024-04-20 11:53:29,274318142,274318425
385406,,5,2024-04-09 09:55:02,274318142,274318426
385406,,5,2024-03-21 15:04:25,274318142,274318425
2110081,"Sẽ khá thất vọng bên đây, trong ghi rõ được bọc bookcare nhưng khi nhận lại không có. Đã liên hệ được và có ý hoàn bookcare lại. Okie sẽ cho 5 sao vì săn được giá hời. Hi vọng tiki nên lưu ý lại, chứ gì mà được sử dụng bookcare mà lại trả lời không hỗ trợ là sao 🙂🙂🙂",5,2022-11-15 16:01:54,201004702,201004706
28087098,"Truyện dễ thương xíu luôn á, top bộ này thích ăn đồ ngọt mà còn thích lải nhải nữa cuti xỉu. Truyện giao nhanh lắm luôn, mình đặt từ tối hôm trước mà trưa hôm sau đã nhận được truyện rồi, nhma lúc truyện tới tay mình thì có hơi df nhẹ nhưng vẫn có thể bỏ qua",5,2023-01-14 21:20:14,201004702,201004704
9122070,"Chiết khấu cao; Sách nguyên vẹn, tuy có lỗi móp nhỏ nhưng ko đáng kể; Cần cải thiện cách đóng gói phù hợp và chắc chắn hơn",5,2022-11-03 17:25:05,201004702,201004706
27980852,"Giao hàng nhanh, ko bị df, bìa truyện và standee đẹp xỉu, mua đợt sale nên cũng khá ổn và bất ngờ hơn cả khi mk được trúng chữ kí của tác giả, cảm ơn tiki rất nhiều ạ",5,2022-10-26 09:34:56,201004702,201004706
28299955,"Truyện hay, art đẹp, đáng đồng tiền bát gạo, mn nên mua, đóng gói sản phẩm kỹ càng, giao nhanh",5,2022-11-04 21:49:45,201004702,201004704
18221329,Mua lúc có hội sách nên giá giảm rất nhiều! Giao hàng đúng ngày và gói hàng kĩ!! Truyện siêu dày luôn! Cầm trên tay mà pheeeee😆 không biết nội dung sao nhưng mà hông có ngược là hợp gu tui ròi!😆,5,2023-01-10 11:35:42,201004702,201004704
7791091,"10 điểm cho Tiki nhennn. Mở hộp ra thấy có màng bọc lại là quá okela. Anh shipper cũng thân thiện, chịu khó giao lại ngày khác mà mình đã hẹn. Mãi iuuu Tiki. Chờ Tết tui có lúa rồi mua 1 lô sách ủng hộ Tiki nhen, giờ thì sạch ví rùi 😆",5,2022-12-08 20:31:24,201004702,201004704
16788084,Tuyệt vời luôn á,5,2022-11-09 19:31:58,201004702,201004704
26732256,Post có ống nha.ổn,5,2022-11-02 10:58:43,201004702,201004706
843515,"Xinh đẹp tuyệt vời luôn, mình không biết chữ kí là random hay sao nhưng cái card xinh lắm, mặc dù hẹn 28/10 giao mà mình không thấy nên có nhắn tin với tiki nhưng giải quyết mau lẹ nên cho 5* luôn hihi",5,2022-11-03 22:28:28,201004702,201004706
27827676,"Bìa xinh xỉu, sách khá dày dặn, poster rất đẹp, ban đầu mk tưởng khổ A3 bản cứng hk ngờ bản mềm. Giao hàng trễ hơn dự kiến 3 ngày nhưng mà sách không sao không bị móp còn nguyên seal.",5,2022-10-31 20:31:51,201004702,201004706
26324505,Sách đẹp xỉu nha Mặc dù kh có bọc chống sốc nhưng không bị bóp góc sách Giao hàng muộn hơn dự kiến tiki 8 ngày 😢,5,2022-11-04 09:01:07,201004702,201004706
10190303,"giao nhanh săn sale nên giá rẻ, thấy mn trúng ck quá trời mà mình xui, thêm cái bị df nhỏ :( lần đầu bị df từ tiki dù lần này tiki có cho miếng giấy vô =))",5,2022-11-06 22:37:43,201004702,201004706
636751,"Tiki giao cực nhanh luôn, đóng gói có chèn giấy nữa nên standee không bị hư gì mà sách cũng nguyên seal nữa. Lần này bìa bên Mei đẹp quá, trúng chữ ký lại càng tuyệt vời ❤️❤️❤️",5,2022-10-24 21:01:26,201004702,201004706
1268914,"Tiki được lắm. Vẫn móp hộp đều đều. Tuy nhiên, ít ra sản phẩm không df nhiều lắm. Tạm đủ phụ kiện (standee + poster) vì mình chưa tháo seal nên chưa biết bên trong như nào nè.",5,2022-10-31 17:14:22,201004702,201004706
20737964,"Giao hàng xịn, không biết sao mà chỗ mặt nhân vật trên bìa bị dính keo nên mình hơi hoang mang tí, sau đó cạo ra được.",5,2022-10-22 11:26:02,201004702,201004704
8056531,"Nội dung thì mình đọc trên mạng r, truyện thì cưng vs hay. Mình muốn cày lại nhưng sợ mắt lại cận thêm, đành phải hốt sách về đọc(chốt lại các bạn nên mua nhe! Truyện này sẽ không làm các bạn thất vọng đâu 😉)",5,2023-01-14 19:48:34,201004702,201004704
19126550,Lần này tiki bọc hàng rất cẩn thận nha hôpk cũng ổn góc sách còn nguyên vèn lun 10đ,5,2022-10-25 10:36:05,201004702,201004706
10681135,"Truyện in đẹp, ko bị hư hỏng, đóng gói ko chắc chắn lắm, truyện chỉ bọc seal rồi bỏ hộp, hộp tuy móp nhưng cũng may truyện ko sao",5,2022-10-27 12:03:35,201004702,201004704
21575280,Bìa dễ thương nha,5,2026-04-10 08:35:37,201004702,278694520
11141629,"đóng gói nhanh, giao hàng cẩn thận, ngọt ngọt ngọt",5,2022-11-06 09:50:41,201004702,201004704
22142681,Pháp sư tiki giao hàng thì khỏi bàn nhma cách đóng gói chưa bao giờ làm tui hết đau tim 🥲🙏,5,2022-12-13 16:00:11,201004702,201004704
11111000,Nhìn cái hộp là lòng bất an dữ luôn á 🥲 nma may sách vẫn quá đẹp nha,5,2023-01-29 15:10:44,201004702,201004704
7189595,"Truyện in chữ rõ ràng, bìa đẹp, cái bookmark rất là dễ thương.",5,2022-12-23 12:54:28,201004702,201004704
26734590,Giao hàng nhanh đóng gói cẩn thận Sách không hề bị df gì hết đâu ạ,5,2022-10-26 22:43:30,201004702,201004704
28411538,"Sản phẩm 5 sao nhưng tiki âm sao😭😭😭 trời ơi k có bọc chống sốc ha gì luôn, sách ship tới rách seal mất tiu💔 tứk á",5,2022-12-20 19:03:50,201004702,201004704
27155711,Xinh nha,5,2022-11-14 19:32:22,201004702,201004704
7590141,Giao hàng nhanh. Mình chưa đọc nên không đánh giá nội dung ạ,5,2022-12-14 12:34:57,201004702,201004704
26282044,"nhận Oke lắm, trộm vía gói không kĩ nhưng không móp tí nào",5,2022-11-15 16:38:07,201004702,201004706
22860169,Xinh nha giao nhanh mà lần này tiki giáo hàng sịn ko đc xíu nào,5,2022-10-27 11:41:08,201004702,201004706
28204713,Hộp hơi móp xíu nhg mà hàng k bị sao xinh xỉu íiiiii,5,2022-11-03 15:12:22,201004702,201004706
27884167,"Đẹp nha, giao về k bị df gì hết, ưng lắm",5,2023-01-01 00:09:16,201004702,201004704
346059,"bìa bắt mắt , giao nhanh , đóng gói cẩn thận",5,2022-11-23 20:05:48,201004702,201004704
19857131,Đã có sự đầu tư về ống đựng pos,5,2022-12-06 12:29:19,201004702,201004706
22842984,Bìa nhức nách mấy chị ơiiiiiiiiiii,5,2022-12-13 16:25:07,201004702,201004704
11818157,Giao nhanh bìa đẹp dịch hay,5,2022-10-24 21:27:18,201004702,201004704
14176001,"Gói hàng kĩ, sách đẹp",5,2022-10-30 17:58:47,201004702,201004706
28492220,Rất thik,5,2022-11-24 22:56:00,201004702,201004704
21191724,Tốt,5,2022-11-18 22:10:28,201004702,201004706
25861497,,5,2022-10-31 14:14:11,201004702,201004704
309846,"Truyện đọc rất hay, bìa đẹp nữa. Rất thích",5,2022-12-11 15:13:06,201004702,201004704
17817424,Săn đc giá ổn sách rất đẹp ko df,5,2022-12-01 17:40:55,201004702,201004706
27213410,,5,2023-06-10 09:20:59,201004702,201004704
185959,,5,2023-06-01 18:05:34,201004702,201004704
26891295,"Giao hàng nhanh, ko bị df",5,2022-12-13 14:28:24,201004702,201004704
11245000,truyện rất hay,5,2023-01-25 08:20:04,201004702,201004704
27795460,,5,2023-05-02 22:51:41,201004702,201004704
22136302,Bìa xinh xỉu,5,2023-01-23 23:03:28,201004702,201004704
24167906,10 điểm,5,2023-02-20 16:26:18,201004702,201004704
592441,,5,2023-04-14 23:57:04,201004702,201004706
28110709,Đẹp nhen!,5,2023-01-30 19:54:51,201004702,201004704
12007489,,5,2023-04-08 11:28:44,201004702,201004704
14877112,,5,2023-03-28 00:28:26,201004702,201004704
401213,,5,2023-03-16 09:46:04,201004702,201004704
27295994,,5,2023-03-05 23:07:13,201004702,201004704
43795,,5,2023-02-25 10:16:05,201004702,201004704
28618999,,5,2023-02-05 14:08:45,201004702,201004704
12247427,,5,2023-02-04 22:45:52,201004702,201004704
28441716,,5,2023-02-03 22:24:08,201004702,201004704
28424177,,5,2023-01-31 13:57:21,201004702,201004704
8474577,,5,2023-01-29 22:59:12,201004702,201004706
27963305,,5,2023-01-29 12:40:31,201004702,201004706
28239537,Bìa đẹp xĩu,5,2022-10-27 23:06:51,201004702,201004706
28750725,,5,2023-01-29 10:18:05,201004702,201004704
26265639,,5,2023-01-28 13:28:59,201004702,201004704
14288996,,5,2023-01-28 09:05:06,201004702,201004704
18005164,giao hàng ok,5,2022-11-07 14:35:56,201004702,201004704
12010219,,5,2023-01-19 13:19:10,201004702,201004704
26744326,,5,2023-01-18 11:54:14,201004702,201004704
28662582,,5,2023-01-15 12:52:09,201004702,201004704
27206625,😍😍,5,2022-11-25 21:56:33,201004702,201004704
28233800,,5,2023-01-06 09:36:33,201004702,201004704
10216450,,5,2023-01-03 11:22:58,201004702,201004704
23843034,,5,2023-01-02 15:09:28,201004702,201004704
27299705,,5,2022-12-29 17:15:54,201004702,201004706
27844230,,5,2022-12-28 12:09:44,201004702,201004704
26808620,,5,2022-12-25 10:56:41,201004702,201004704
27460055,,5,2022-12-24 12:59:45,201004702,201004704
22780919,,5,2022-12-23 16:46:22,201004702,201004704
19532448,,5,2022-12-23 09:21:56,201004702,201004704
19268482,,5,2022-12-19 22:52:49,201004702,201004704
27575029,,5,2022-12-19 18:52:43,201004702,201004704
26395038,,5,2022-12-19 15:09:16,201004702,201004704
375004,,5,2022-12-19 13:39:42,201004702,201004704
6546691,,5,2022-12-19 09:52:50,201004702,201004706
9913615,,5,2022-12-18 23:28:47,201004702,201004704
28528112,,5,2022-12-18 15:36:24,201004702,201004704
26528006,,5,2022-12-15 21:11:53,201004702,201004704
532607,,5,2022-12-13 19:21:31,201004702,201004704
27980062,,5,2022-12-13 13:03:03,201004702,201004704
16794909,,5,2022-12-13 10:23:10,201004702,201004704
19641146,,5,2022-12-12 00:00:46,201004702,201004704
14861433,,5,2022-12-05 22:05:31,201004702,201004704
28000609,,5,2022-12-02 23:08:36,201004702,201004704
10236599,,5,2022-11-30 08:58:06,201004702,201004704
10472608,Đẹp,5,2022-10-25 17:26:57,201004702,201004706
741643,,5,2022-11-29 12:32:47,201004702,201004704
27062718,,5,2022-11-28 19:08:10,201004702,201004704
28305175,,5,2022-11-28 18:17:20,201004702,201004704
481629,,5,2022-11-26 20:48:59,201004702,201004704
26842572,,5,2022-11-26 15:26:23,201004702,201004704
28505295,,5,2022-11-26 08:57:42,201004702,201004704
81875,,5,2022-11-25 19:22:37,201004702,201004706
7278417,,5,2022-11-25 16:11:48,201004702,201004704
19349391,,5,2022-11-25 11:57:33,201004702,201004704
8042830,,5,2022-11-20 22:39:21,201004702,201004704
27909014,,5,2022-11-20 11:25:19,201004702,201004704
6393137,,5,2022-11-20 10:27:15,201004702,201004704
828649,,5,2022-11-18 22:40:44,201004702,201004704
7956242,,5,2022-11-18 10:26:07,201004702,201004704
9138348,,5,2022-11-18 10:01:39,201004702,201004706
26842228,,5,2022-11-17 12:43:03,201004702,201004706
24545197,,5,2022-11-15 22:47:54,201004702,201004706
26359908,,5,2022-11-13 21:47:19,201004702,201004706
348882,,5,2022-11-13 16:29:38,201004702,201004706
1529291,,5,2022-11-12 22:20:14,201004702,201004704
10061134,,5,2022-11-12 10:42:21,201004702,201004704
6303164,,5,2022-11-10 19:10:35,201004702,201004706
11978567,,5,2022-11-10 18:39:15,201004702,201004706
17236910,,5,2022-11-09 16:25:32,201004702,201004704
28007556,,5,2022-11-07 09:51:16,201004702,201004704
2056840,,5,2022-11-06 20:49:01,201004702,201004706
21739148,,5,2022-11-06 14:43:22,201004702,201004706
22414262,,5,2022-11-06 11:31:23,201004702,201004706
984951,,5,2022-11-06 10:08:12,201004702,201004706
1826533,,5,2022-11-02 21:26:25,201004702,201004706
1188889,,5,2022-10-31 19:33:06,201004702,201004706
15099028,,5,2022-10-30 13:45:10,201004702,201004706
16904709,,5,2022-10-30 11:14:03,201004702,201004706
2057356,,5,2022-10-29 21:22:21,201004702,201004704
7533203,,5,2022-10-28 17:06:38,201004702,201004704
20557081,,5,2022-10-28 11:51:46,201004702,201004704
7287481,,5,2022-10-27 21:03:40,201004702,201004706
530608,,5,2022-10-27 10:49:54,201004702,201004706
8993707,,5,2022-10-26 22:51:17,201004702,201004706
8426557,,5,2022-10-26 22:42:24,201004702,201004704
28373970,,5,2022-10-26 21:38:45,201004702,201004706
27166463,,5,2022-10-26 08:21:00,201004702,201004706
18094079,,5,2022-10-25 23:41:00,201004702,201004706
23296066,,5,2022-10-25 11:28:53,201004702,201004706
27732640,,5,2022-10-24 22:05:34,201004702,201004706
28032976,,5,2022-10-24 18:11:14,201004702,201004706
27924835,,5,2022-10-24 12:35:44,201004702,201004706
27943528,,5,2022-10-24 12:15:46,201004702,201004706
28108805,,5,2022-10-24 10:11:05,201004702,201004706
8851381,"Cho cái thùng to đùng mà vẫn bị df, còn rách seal dã man :))) df góc",4,2022-10-29 12:14:21,201004702,201004706
11959366,"Sách về tay mình rất đẹp khum df j, pos đc đựng trong ống nc nên rất chắc chắn nma mk cấm cấm cở chỗ cái gáy sách nó ko đc thẳng cho lắm, nó chéo chéo kiểu gì á",4,2023-01-13 19:25:24,201004702,201004706
22171979,"Mình thực sự rất tức luôn ý . Giao tới thì hộp nát bét , sách thì bị móp méo . Sách cũng dơ chỗ này hư chỗ kia",3,2022-10-25 11:29:51,201004702,201004706
25689039,Giao hàng đi tiki ơi!!!!! Làm gì mà om hàng của người ta 1 tuần thế?? Đã thế lại còn không cho hủy nữa.,1,2022-11-25 21:31:22,201004702,201004706
8628561,Standee xinh xỉu Truyện đáng yêu lắm,4,2022-11-14 11:31:41,201004702,201004706
16518194,Sách đẹp ! Giao nhanh ! Săn sale khá rẻ P/s: Hình ảnh mang tính chất minh hoạ,4,2023-01-17 11:03:30,201004702,201004704
6031697,"Lần đầu mua hàng tiki bị tình trạng này, thiếu mất standee trong phụ kiện.",1,2022-10-28 13:28:27,201004702,201004706
27332072,"Giao trễ gần 2 tuần, chả hiểu nổi",1,2022-11-05 21:12:48,201004702,201004706
12758873,Đóng gói quá sơ sài không thể chấp nhận được !,1,2023-01-08 10:00:29,201004702,201004704
10903937,,4,2023-02-24 23:52:52,201004702,201004706
7626075,,4,2023-01-30 23:01:14,201004702,201004704
24462430,,4,2023-01-29 12:59:24,201004702,201004704
7601311,,4,2023-01-28 15:34:10,201004702,201004704
27797764,,4,2022-12-20 16:27:06,201004702,201004704
18757379,,4,2022-12-08 16:11:03,201004702,201004706
18761291,,4,2022-11-06 09:08:33,201004702,201004706
27793602,,4,2022-10-30 11:53:07,201004702,201004706
1102669,(*) Đánh giá không tính điểm Lần này chỉ có ưu điểm là poster bỏ ống còn lại gói hàng tiki rất chê nha. Gói đã ẩu lại còn hợp tác với đvvc JnT chuyên ném hàng hộp nát bét. Mong tiki cải thiện giùm,1,2022-10-25 13:48:14,201004702,201004706
18715703,"(*) Đánh giá không tính điểm Giật được sale nên khá mừng nhưng mà tiki giao một lần nữa lại ko có cái bọc chống xóc :(. May được các cụ độ nên quyển sách không bị móp gáy quá nhiều mà chỉ bị xíu xiu nên có thể chấp nhận được. Vẫn còn một quyển nữa đang trên đường về, hi vọng nó cũng được các cụ độ cho như quyển này.",3,2022-10-25 23:19:19,201004702,201004704
15897161,"(*) Đánh giá không tính điểm seal rách từa lưa, nhăn góc, đóng gói không hề có bọc chống sốc gì hết, mà còn chọn hộp bé, sách chạm đúng ngay đỉnh, rạch mở hộp rạch luôn vào sách 🥰 tuy phần rạch không để ý kĩ là do lỗi mình thật nhưng đóng gói kiểu này xin ghét, chê",2,2022-11-12 11:08:51,201004702,201004704
26714961,"(*) Đánh giá không tính điểm Nội dung đọc thấy cuốn nên quyết định mua, hàng giao khâu đóng gói vẫn như vậy: quá sơ sài, nma truyện k bị ảnh hưởng nhiều nên vẫn chấp nhận đc, về phần bên trong sách thì truyện bị dính vào với bookmark",3,2022-11-13 15:50:41,201004702,201004704
30049119,Sản phẩm đóng gói cẩn thận đúng mô tả giá rẻ sẽ quay lại ủng hộ shop,5,2026-04-18 16:35:50,279182103,279182115
30713334,"Quá đẹp , nhìn mê ghê. Đóng gói chắc chắn nha❤️❤️❤️",5,2026-07-10 09:41:35,279182103,279182115
8253223,"Sách mới có seal, đẹp.",5,2026-03-05 14:19:33,279182103,279182115
30647851,"Màu bìa ko giống hình lắm mà đẹp lắm nha, gói hàng kĩ ko bị df",5,2026-04-15 23:56:30,279182103,279182115
29840997,"đóng gói k bị móp sách, good job hehe",5,2026-04-22 17:52:20,279182103,279182115
30649751,,5,2026-05-07 17:11:07,279182103,279182115
1903386,,5,2026-04-25 22:18:10,279182103,279182115
30649099,,5,2026-04-16 23:04:07,279182103,279182116
30492134,,5,2026-04-16 12:17:58,279182103,279182115
25459148,,5,2026-04-15 00:25:34,279182103,279182115
30647056,,5,2026-04-12 22:42:01,279182103,279182115
30649377,,5,2026-04-12 20:49:47,279182103,279182115
27460055,,5,2026-04-09 20:14:00,279182103,279182116
30610871,,5,2026-04-09 00:42:31,279182103,279182116
22393056,,5,2026-04-08 09:30:02,279182103,279182116
30592010,,5,2026-03-05 22:00:32,279182103,279182115
30625751,"Gói tạm ổn nhưng hàng về tay vẫn bị df khá nhiều,pk không có seal khá bụi",1,2026-05-24 17:24:10,279182103,279182116
30644726,"Tiền bọc chống sốc đắt lắm hat, gói hàng cẩu thả, hiểu sao ế khách luôn",1,2026-04-09 23:33:46,279182103,279182116
30646650,Sách df,4,2026-04-08 11:10:12,279182103,279182115
28537473,"Truyện hay, giao hàng nhanh, tuy đóng gói sơ sài nhưng may là truyện không bị sao thế.",5,2023-03-15 15:39:05,212567556,212567557
29821565,,5,2024-03-26 20:43:27,212567556,212567557
25818048,"Gói kĩ giao nhanh, cảm ơn shop",5,2023-02-05 13:27:19,212567556,212567557
5648799,ok,5,2023-03-26 05:06:39,212567556,212567557
7590141,Ok,5,2023-01-11 21:26:35,212567556,212567557
27162727,,5,2023-08-15 23:28:31,212567556,212567557
11161573,,5,2023-06-12 08:43:01,212567556,212567557
1903386,,5,2023-05-23 13:49:18,212567556,212567557
8728175,,5,2023-05-17 17:55:11,212567556,212567557
7790822,,5,2023-04-26 20:56:18,212567556,212567557
14877112,,5,2023-03-28 00:24:45,212567556,212567557
385406,,5,2023-03-20 12:26:28,212567556,212567557
18134340,,5,2023-03-06 19:13:28,212567556,212567557
10675493,,5,2023-03-04 12:19:15,212567556,212567557
25861497,,5,2023-02-10 17:21:23,212567556,212567557
6031697,,5,2023-02-06 07:27:47,212567556,212567557
10794832,,5,2023-02-03 08:09:30,212567556,212567557
10061134,,5,2023-01-17 10:29:53,212567556,212567557
759415,,5,2023-01-11 08:06:34,212567556,212567557
17479723,Sách không còn seal. Bẩn ruột sách,1,2024-01-22 20:32:52,212567556,212567557
27589164,"Sách đẹp, màu khá dễ thương, sách tới tay có một lớp seal bọc kín khá tốt, chỉ độc đc vài trang nhưng thấy nội dung ổn, tiki gói hàng tốt giao nhanh và ko bị móp mình rất hài lòng .",5,2023-12-23 11:31:26,204078070,204078074
27100202,Nội dung hay bìa xinh lắm goods cũng đẹp nữa mà bị móp góc 1 tý buồn nhiều chút,5,2022-12-13 17:57:39,204078070,204078076
20230860,"bìa đẹp, sách dày, nội dung hay!",5,2023-10-10 10:54:43,204078070,204078074
381908,"Giao hàng siêu siêu nhanh Nội dung thì khỏi bàn, mình còn mong chờ phần này hơn cả Cutie Pie ^^ P/S: mình quay lại để cho các bạn biết là Naughty babe đáng yêu hơn Cutie Pie luôn 😂😂 Hề hước lắm, hia Yi level dẩm còn hơn Hia Lian nữa",5,2022-12-20 13:05:41,204078070,204078076
26704536,Mình vừa nhận được đơn Cutie pie thì chốt liền đơn này vì truyện quá cute,5,2022-12-29 10:35:06,204078070,204078074
13922684,"Giao hàng nhanh cực kì tối qua đặt trưa nay có rồi, vẫn là cách giao hàng cũ của tiki không có đệm xốp gì hết nhưng giao hàng nhanh lên sách vẫn nguyên vẹn",5,2022-12-20 11:24:57,204078070,204078074
22582079,Giao nhanh. Đóng gói kĩ càng. Tính ra dự định mua lâu ròi nay mới bấm chốt,5,2023-03-16 18:30:28,204078070,204078074
5642202,Sách thì không nói gì mà bookcare không biết sao mua lần này bọc hơi bị to k khích sách lắm,5,2023-06-10 11:23:44,204078070,204078074
28607962,"Hàng giao siêu nhanh lunn!! Đóng gói đẹp, chắc chắn!!!",5,2022-12-17 17:00:26,204078070,204078076
29844166,"Gói cẩn thận, sách không bị vấn đề gì hết",5,2024-03-17 11:41:39,204078070,204078074
26675238,,5,2026-04-09 23:19:36,204078070,204078074
13484948,Sao bao lần chê đóng gói bị móp méo thì hôm nay đã nhận được hộp hàng nguyên vẹn rồi. 10đ cho sốp =)))),5,2022-12-01 15:49:17,204078070,204078074
22504738,"Bìa đẹp, màu hồng nữa chứ.quá ưng lun.",5,2022-11-19 22:22:55,204078070,204078076
95984,"Bì đẹp, giao hàng nhanh và nguyên vẹn",5,2022-12-16 11:25:22,204078070,204078076
7472093,"May mắn mua seal nhưng seal hơi rách nhỏ hehe, bộ này hay lắm ạ, đọc mà tiếc k muốn hết",5,2023-01-28 17:13:47,204078070,204078074
160654,"Săn sale 50% của Tiki quá đã, lại còn là bản đb nữa. Truyện đến nơi an toàn lành lặn nhé",5,2022-12-20 12:50:03,204078070,204078076
22693861,"Bìa đẹp, sắc nét",5,2023-01-29 15:16:30,204078070,204078076
10301784,,5,2023-02-24 17:15:30,204078070,204078074
27696988,"Mua thêm quyển này cho đủ bộ vs Cutie Pie. Giao hàng nhanh. Tiki gói hàng không bọc chống sốc luôn, cái kết là bị df góc sách =)))",5,2022-12-21 14:24:15,204078070,204078074
11208037,,5,2025-06-19 14:01:40,204078070,204078074
11959366,Khum bàn về gói hàng nma sách về tay mk khum bị df xíu nào luôn,5,2023-01-13 19:19:25,204078070,204078076
12359758,Good,5,2022-12-04 12:04:07,204078070,204078076
15431571,Chờ mãi cũng mua được. Sách đẹp lắm mọi người nên mua nha,5,2022-11-22 22:36:59,204078070,204078074
5362359,"Giao hàng nhanh chóng, đóng gói kỹ lưỡng",5,2023-02-23 09:21:07,204078070,204078074
27850258,"Giấy in đẹp, đóng gói cẩn thận",5,2023-02-22 14:57:58,204078070,204078074
22400091,,5,2023-05-19 21:08:08,204078070,204078074
27611020,Quá ư là xuất sắc,5,2022-12-27 15:24:19,204078070,204078074
28192119,Bìa đẹp Giao hàng nhanh,5,2022-11-22 18:56:24,204078070,204078074
13425965,,5,2023-04-17 10:37:47,204078070,204078074
7393392,"Sách giao nhanh, đóng gói cẩn thận, màu sách đẹp và rõ ràng, rất ưnggg",5,2023-01-16 18:44:18,204078070,204078074
18714341,,5,2023-01-16 20:48:35,204078070,204078076
9717934,Sp rất đỉnh tiki cx cbj hàng gói hàng và giao hàng rất cẩn thận,5,2022-12-20 13:11:20,204078070,204078076
15094734,Đã mong đợi từ lúc nói có nhà nhận dịch sách r s,5,2022-11-19 16:36:22,204078070,204078076
197874,,5,2023-11-16 19:39:58,204078070,204078074
29221181,,5,2023-09-24 15:24:44,204078070,204078074
28514361,Đóng gói cẩn thận giao hàng cực kì nhanh,5,2022-11-28 11:16:39,204078070,204078076
29203232,,5,2023-09-09 03:39:29,204078070,204078074
28011769,,5,2023-07-25 04:41:00,204078070,204078074
27150374,,5,2023-07-14 12:45:33,204078070,204078076
11457587,"Giao nhanh, đóng gói đẹp",5,2023-01-04 13:09:20,204078070,204078074
28587275,"Bìa đẹp, bọc cẩn thận",5,2022-12-13 12:28:37,204078070,204078076
19412913,"Đẹp , hàng đầy đủ",5,2022-12-14 09:37:44,204078070,204078074
26003721,,5,2023-05-17 15:22:11,204078070,204078076
20330,,5,2023-05-14 10:39:56,204078070,204078074
1279231,,5,2023-04-22 12:41:29,204078070,204078074
24167906,1000đ,5,2023-02-20 16:26:46,204078070,204078074
401213,,5,2023-03-16 09:45:41,204078070,204078076
10708549,,5,2023-02-25 11:48:12,204078070,204078074
13031199,,5,2023-02-19 09:36:02,204078070,204078076
22341956,,5,2023-02-14 16:50:19,204078070,204078076
1397138,,5,2023-02-11 19:51:08,204078070,204078074
26730575,,5,2023-02-07 17:43:18,204078070,204078076
28149011,,5,2023-02-06 11:37:46,204078070,204078074
14027486,,5,2023-02-05 23:40:56,204078070,204078074
28785175,,5,2023-02-04 17:42:20,204078070,204078076
20517990,,5,2023-01-31 10:11:55,204078070,204078076
278371,,5,2023-01-29 14:04:24,204078070,204078074
286614,,5,2023-01-24 01:11:19,204078070,204078076
18094079,bìa đẹp,5,2022-11-19 11:32:16,204078070,204078076
5285064,,5,2023-01-19 17:39:20,204078070,204078076
5800306,,5,2023-01-14 00:28:51,204078070,204078074
877456,,5,2023-01-10 21:52:41,204078070,204078076
17407154,,5,2023-01-10 17:23:58,204078070,204078074
761608,,5,2023-01-08 18:35:58,204078070,204078076
28360641,,5,2023-01-05 23:37:00,204078070,204078074
10823770,,5,2023-01-01 17:35:47,204078070,204078074
763656,,5,2022-12-31 19:38:35,204078070,204078074
28431199,,5,2022-12-31 01:00:55,204078070,204078074
28627537,,5,2022-12-30 21:29:40,204078070,204078074
12008734,,5,2022-12-28 20:27:05,204078070,204078074
17069913,,5,2022-12-28 11:26:53,204078070,204078076
16550790,,5,2022-12-27 18:19:51,204078070,204078074
27552154,,5,2022-12-27 01:57:10,204078070,204078074
23008205,,5,2022-12-27 01:01:40,204078070,204078076
334205,,5,2022-12-21 22:33:49,204078070,204078076
6440073,,5,2022-12-21 21:36:08,204078070,204078076
28536059,,5,2022-12-21 21:21:03,204078070,204078074
17864808,,5,2022-12-21 12:02:21,204078070,204078076
759415,,5,2022-12-20 22:25:05,204078070,204078074
170660,,5,2022-12-20 22:03:17,204078070,204078074
23905168,,5,2022-12-20 20:20:31,204078070,204078074
285244,,5,2022-12-20 14:22:24,204078070,204078076
3521,,5,2022-12-20 13:32:59,204078070,204078076
28617799,,5,2022-12-20 11:22:18,204078070,204078076
24812593,,5,2022-12-20 09:37:08,204078070,204078074
6546691,,5,2022-12-19 09:52:34,204078070,204078076
28249570,,5,2022-12-16 11:48:25,204078070,204078074
10112188,,5,2022-12-14 12:16:38,204078070,204078076
2137385,,5,2022-12-12 12:35:58,204078070,204078074
14676735,,5,2022-12-08 09:27:26,204078070,204078074
2220977,,5,2022-12-04 14:09:15,204078070,204078076
6833815,,5,2022-11-29 23:02:45,204078070,204078076
6647888,,5,2022-11-28 17:52:39,204078070,204078076
6957037,,5,2022-11-29 12:25:02,204078070,204078076
28525259,,5,2022-11-28 16:07:38,204078070,204078076
1786044,,5,2022-11-27 04:46:57,204078070,204078074
28505040,,5,2022-11-26 16:17:32,204078070,204078074
27670962,,5,2022-11-26 00:19:14,204078070,204078076
1826533,,5,2022-11-25 22:43:44,204078070,204078076
5188169,,5,2022-11-24 13:01:45,204078070,204078074
19349391,,5,2022-11-25 11:57:46,204078070,204078076
14778675,,5,2022-11-22 12:30:04,204078070,204078076
18960423,,5,2022-11-22 07:51:57,204078070,204078076
15299523,,5,2022-11-21 10:41:15,204078070,204078076
16241616,,5,2022-11-20 16:12:19,204078070,204078076
28460692,,5,2022-11-19 23:25:55,204078070,204078074
27883097,,5,2022-11-19 19:36:25,204078070,204078076
16794909,,5,2022-11-19 18:52:27,204078070,204078074
7440899,,5,2022-11-19 12:25:11,204078070,204078074
5181058,,5,2022-11-18 21:26:47,204078070,204078074
8195128,,5,2022-11-16 16:07:23,204078070,204078076
21599110,,5,2022-11-18 12:00:27,204078070,204078074
19070135,"Sách đẹp, to, mà tiki giao đúng 3 chấm",4,2023-02-07 04:15:32,204078070,204078076
29642021,"đóng gói khá chắc chắn nhma lúc nhận đến tay mình thì sách có nếp gấp ở bìa huhu, thất vọng xỉu",3,2023-12-04 23:57:13,204078070,204078074
16518194,Sách đẹp ! Giao nhanh ! Săn sale khá rẻ P/s: Hình ảnh mang tính chất minh hoạ,4,2023-01-17 11:01:48,204078070,204078076
24726993,có một số trang chữ bị nhoè o rõ,4,2022-11-21 14:26:10,204078070,204078074
6659748,,4,2023-01-28 20:17:45,204078070,204078076
1415799,,4,2023-01-09 19:37:07,204078070,204078074
12101445,,4,2022-12-20 12:19:07,204078070,204078074
12870792,,4,2022-12-09 23:11:56,204078070,204078076
25629711,,4,2022-11-28 17:00:54,204078070,204078076
27025874,"Đỉnh quá aaaaa bìa với postcard đẹp xuất sắc.... lúc đặt hàng lo lắm tại cứ mưa miết, may sao hộp hàng hơi móp xíu và bị móp 1 tí ở 2 chỗ như hai hình dưới.....còn lại ổn áp phết nha",5,2022-10-14 10:16:43,174444162,174444167
27332072,"Trời ơi mấy bà ơi mấy bà biết dì hông? Chuyện là tui đặt cuốn này 3 ngày trước ă. Nó nói hôm nay nó giao tới, tui nôn từ hôm qua tới giờ có ngủ được đâu. Mà tới giờ là chiều tối rồi mà còn chưa giao nữa mấy bà. Tui lo quá trời lo hong biết sách của mình có còn nguyên vẹn hong nữa mấy bà. Tui cứ đi tới đi lui vậy ă, bà chị thấy dị mới kêu tối ngồi im coi làm gì mà đi đi lại lại hoài dị. Trời ơi sao được mấy bà, sách mua mà hong lo sao được. Đang lo lắng dị đó cái tui có điện thoại tưởng shipper gọi ai ngờ con em tui nó gọi. Dừa bắt máy lên thì nghe ""alo! Bé T ơi em có nhà hông mà nảy giờ chị gọi em chẳng được dị? Em đem lên cho chị 3 hủ kem siu tẩy mạnh giống như hơm bữa nữa đi em. Nhớ hong làm thì hình như bà chị này mới mua kem tuần trước luôn ă. Mà bả nói da bả bậy tông trắng hơn hồi trước rất là nhiều rồi, bà chị dâu thấy mê quá, phái quá nên giờ gửi mua. Đầu tiên là phôi kem, sau đó tui nỏ bạch ngọc liên, dưỡng ẩm, vitamin e nữa bỏ thêm một ít bạch ngọc liên hồng nữa, cái này lag dưỡng da mà trăng hồng luôn á, tiếp đến là serum kích trắng, serum khử thâm với lại kích trắng 3c3 nhe cái dòng này chỉ dành cho những bà da ngâm đen chai lì bẩm sinh thôi nhe. Chỉ cần siêng ủ 3-5 hôm là thấy da mình nhả nắng bật tông liền luôn ă. Giờ là tui phải chạy đi giao liền cho bả để về kịp nhận hàng nè. Dừa về tới nhà cái thấy shipper đứng ngoài cửa. Tui lục đục chạy vô lấy hàng rồi khui ra thấy sách đẹp quá nên cho 5* nè mấy bà!",5,2022-05-24 22:05:52,174444162,174444167
14360518,giao nhanh hơi móp ở gáy 1 xíu,5,2022-06-09 19:27:58,174444162,174444167
26343163,Nên mua,5,2022-07-17 11:24:03,174444162,174444167
922336,"Sách đẹp, giao hàng khá nhanh, lúc nhận hàng hộp ngoài hơi ọp ẹp nhưng may sách bên trong không bị móp méo gì cả, hài lòng~",5,2022-04-19 11:29:40,174444162,174444167
1853862,"Đây là tác phẩm mình thích nhất trong 4 cuốn của KYNL, tuy cũng không ưa công trong này nhưng truyện này viết ok nhất còn lại toàn kiểu viết chưa tới, Tiki giao nhanh, sách đẹp",5,2022-06-09 07:27:32,174444162,174444167
7813868,"Đóng gói tổ độ, tuy chả có bọc gì nhưng ship về ko sứt một miếng luôn á. Hi vọng tổ độ dài dài. Còn nội dung thì mình chưa đọc nên ko bt á. Ủng hộ Tiki dài dài",5,2022-06-08 20:53:46,174444162,174444167
30211420,"giao hàng nhanh, đóng gói chắc chắn",5,2025-01-06 13:48:27,174444162,174444167
23903681,"Nay tiki cho thêm 1 lớp bìa, cầm bọc hàng đỡ đau tim hơn rồi :'>.. Đợt này tiki chơi lớn sale quá trời, mà ví em cũng đau quá trời 👁️👄👁️💧👍",5,2022-07-26 18:15:19,174444162,174444167
21575280,,5,2026-04-10 08:28:46,174444162,174444167
16518194,"Bìa đẹp , giao nhanh , đóng gói ổn !!! Sẽ mua lại vào lần sau P/s : Hình ảnh mang tính chất minh hoạ -.-“",5,2022-08-28 11:55:51,174444162,174444167
17227538,Bìa bao xinh luôn nha hơi móp tí nhưng cũng không ảnh hưởng mấy. Mình muốn tặng bạn nên không rõ nội dung có hay không,5,2022-05-18 12:15:40,174444162,174444167
27685112,"sách hay, tiki đóng gói khá là ☠ nma ks sách vẫn rất ổn 🍄",5,2023-05-05 20:38:08,174444162,174444167
15897161,"lúc đặt hàng bên tiki có hơi lo tại sợ gói không cẩn thận với mất seal nhưng mở hàng rồi thấy yên tâm lắm ạ, gói kĩ, cẩn thận và giao nhanh nữa, rất like!",5,2022-07-10 12:32:58,174444162,174444167
27851293,Giao hàng nhanh,5,2022-11-06 11:21:22,174444162,174444167
27208800,sách đẹp . ảnh minh hoạ,5,2022-07-23 19:12:05,174444162,174444167
15430728,tiki thì chống sốc bằng đúng 1 miếng giấy nhưng mà truyện thì vẫn không bị df đúng là mấy pháp sư. mà tui mua đợt sale nên khá hời,5,2022-07-24 15:47:22,174444162,174444167
5363160,"Bìa đẹp xuất sắc, giao nhanh và không bị df. Nội dung nhẹ nhàng, day dứt.",5,2022-07-15 20:40:00,174444162,174444167
27863324,"bộ này hay lém lun bìa đẹp , đóng gói cẩn thận và thơm lắm ^^",5,2022-08-06 20:09:32,174444162,174444167
5648799,Chưa đọc nội dung.Nhưng tiki giao sách nhanh sách đẹp ko bị gấp góc.,5,2022-05-11 11:55:50,174444162,174444167
7590141,Giao siêu nhanh. Sáng đặt chiều nhận hàng. Mới đẹp. Hài lòng nhé 👍,5,2022-04-25 22:09:44,174444162,174444167
900526,đóng gói cẩn thận săn đc giá sale quá đã,5,2022-09-28 10:22:44,174444162,174444167
28783843,"hàng giao nhanh , bìa đẹp. nói chung là không có chỗ nào để chê",5,2023-05-29 23:29:28,174444162,174444167
9882444,"Truyện siu hay, trộm vía hộp df nhưng truyện bằng 1 cách thần kì nào đó vẫn an toàn. Giao nhanh",5,2022-09-01 15:33:35,174444162,174444167
1524622,"By the way, if you taste it, just take a sip",5,2022-08-11 13:30:23,174444162,174444167
7993862,"Cũng ngọt lắm, bọc cẩn thận còn nguyên seal lun ,nên mua thử về đọc nha",5,2022-10-14 00:35:31,174444162,174444167
5544221,Sách đẹp. Hài lòng,5,2022-07-17 09:43:16,174444162,174444167
26849442,,5,2024-02-11 13:47:32,174444162,174444167
19838208,sản phẩm chất lượng,5,2022-05-17 20:54:50,174444162,174444167
16269377,Bìa đẹp,5,2022-08-03 16:09:41,174444162,174444167
27091473,hàng đẹp,5,2022-05-10 12:43:15,174444162,174444167
8085813,"Bìa đẹp lắm, dịch thuật ổn, giao hàng nhanh lắm luôn á.",5,2022-08-03 14:59:56,174444162,174444167
2137385,Tốt,5,2022-05-25 11:51:55,174444162,174444167
19298659,Bìa ảnh ki bị trầy truyện cầm rất nặng tay siêu thích,5,2022-06-27 14:05:57,174444162,174444167
21956178,Ok,5,2022-05-07 14:44:16,174444162,174444167
28687374,,5,2023-07-04 23:22:32,174444162,174444167
27968509,,5,2023-04-18 09:53:30,174444162,174444167
21176100,Siêu thích luôn áaa,5,2022-11-24 17:07:39,174444162,174444167
22276769,,5,2023-03-30 11:34:44,174444162,174444167
16794909,Hết nước chấm,5,2022-11-08 15:41:30,174444162,174444167
14075670,"Nội dung hay, bìa đẹp",5,2022-09-08 03:38:17,174444162,174444167
28149670,,5,2023-01-28 15:30:13,174444162,174444167
8426557,,5,2023-01-27 21:14:16,174444162,174444167
20523288,,5,2023-01-10 17:46:33,174444162,174444167
18714341,Tuyệt vời,5,2022-10-07 21:29:24,174444162,174444167
5885073,,5,2022-12-16 09:46:06,174444162,174444167
28571032,,5,2022-12-15 12:44:27,174444162,174444167
27777094,,5,2022-12-04 11:34:22,174444162,174444167
26713619,,5,2022-11-11 05:43:27,174444162,174444167
1786044,,5,2022-11-05 17:09:54,174444162,174444167
26733149,,5,2022-10-31 17:30:36,174444162,174444167
22130612,,5,2022-10-30 09:36:36,174444162,174444167
24750445,,5,2022-10-21 19:13:21,174444162,174444167
27890751,,5,2022-10-16 21:46:36,174444162,174444167
27793602,,5,2022-10-11 14:51:44,174444162,174444167
5102597,,5,2022-09-27 11:33:55,174444162,174444167
28059010,tốt,5,2022-08-26 17:18:14,174444162,174444167
22429472,Hơi bị gảy góc 1 tí,5,2022-04-23 14:35:46,174444162,174444167
10794832,,5,2022-09-16 13:55:24,174444162,174444167
7637390,,5,2022-09-16 11:51:00,174444162,174444167
7533203,,5,2022-09-09 22:51:01,174444162,174444167
27929646,,5,2022-09-09 12:53:06,174444162,174444167
14447046,,5,2022-09-05 01:39:47,174444162,174444167
27980393,,5,2022-09-04 02:27:33,174444162,174444167
5744747,,5,2022-08-13 01:14:41,174444162,174444167
14214609,,5,2022-08-11 10:02:53,174444162,174444167
24661607,Hay,5,2022-07-24 09:54:45,174444162,174444167
6276248,,5,2022-07-31 11:39:17,174444162,174444167
26129880,giao nhanh,5,2022-05-30 13:15:49,174444162,174444167
17360263,,5,2022-07-25 01:16:17,174444162,174444167
26408345,,5,2022-07-22 19:52:37,174444162,174444167
26196467,,5,2022-07-19 16:11:35,174444162,174444167
59222,,5,2022-07-19 08:27:37,174444162,174444167
8440564,,5,2022-07-03 21:13:38,174444162,174444167
27671032,,5,2022-06-26 12:37:47,174444162,174444167
18946912,,5,2022-06-24 21:06:05,174444162,174444167
17408785,,5,2022-06-23 18:48:35,174444162,174444167
22798775,,5,2022-06-21 12:17:52,174444162,174444167
23997797,,5,2022-06-20 18:00:49,174444162,174444167
552437,,5,2022-06-16 19:43:31,174444162,174444167
506445,,5,2022-06-15 08:35:28,174444162,174444167
694893,!!!,5,2022-05-26 23:10:41,174444162,174444167
10140957,,5,2022-06-08 21:13:29,174444162,174444167
8506494,,5,2022-06-05 19:26:03,174444162,174444167
2138324,,5,2022-06-01 16:29:55,174444162,174444167
8280290,,5,2022-05-28 15:27:13,174444162,174444167
27421284,,5,2022-05-19 06:50:31,174444162,174444167
24076714,,5,2022-05-09 08:01:42,174444162,174444167
6031697,,5,2022-05-08 09:09:23,174444162,174444167
2110081,,5,2022-05-07 18:00:57,174444162,174444167
27433306,,5,2022-05-06 13:31:27,174444162,174444167
25861497,,5,2022-05-05 10:57:25,174444162,174444167
18332421,,5,2022-05-05 00:50:19,174444162,174444167
17488375,,5,2022-05-03 20:31:07,174444162,174444167
12320263,,5,2022-05-03 11:23:54,174444162,174444167
2085583,,5,2022-05-03 11:01:09,174444162,174444167
22082566,,5,2022-04-24 12:05:51,174444162,174444167
532607,,5,2022-04-18 19:33:07,174444162,174444167
27218006,"quả đúng là tiki trending danh bất hư truyền, không một bọc chống sốc thật m.n ạ, cho 4 sao vì ở xa tp mà mới đặt hôm qua hôm nay tới và giá rẻ, may là sách chỉ bị df nhẹ chứ không là tiki trending tới công chuyện với tui",4,2022-06-07 15:40:18,174444162,174444167
141394,"Mua sách ở Tiki thì xác định là vì rẻ chứ đừng trông chờ vào khâu đóng gói. Kinh nghiệm xương máu là nên mua ít nhất 2 cuốn vì 1 cuốn thì size hộp nhỏ nhất hiện tại đang bị rộng, xóc nảy trong quá trình vận chuyển rất dễ dẫn đến cấn móp, ngoài ra đang mùa mưa mà không có bọc chống thấm nên ai ở tỉnh xa cũng nên cân nhắc. Chất lượng giao hàng rất tốt, siêu nhanh và shipper thân thiện.",4,2022-06-30 16:35:23,174444162,174444167
16801968,"Bt là khâu đóng gói bên tiki tệ thật, nma mình mua nhiều sách bên tiki r vẫn xin vía k bị j, lần này thật sự là vẫn đặt nhiều kì vọng vào tiki nhưng thất vọng thật sự í 🤦 nhăn k còn j để nói nx, bây h đổi trả lại mất tgian, giao nhanh, shipper thân thiện, th thì bù qua bù lại vậy, haiz",4,2022-04-19 20:30:03,174444162,174444167
6933572,,4,2022-12-13 10:45:00,174444162,174444167
19241351,,4,2022-05-18 12:02:56,174444162,174444167
5859242,"Tiki giao hàng siêu nhanh, sách ko bị móp tẹo nào, mà chắc Pi ko phải tác giả yêu thích của Cẩm nên bìa sách chả được chăm chút mấy, còn chất lượng dịch thì chưa biết...",5,2022-11-25 11:47:34,202533847,202533853
6605170,Nhận hàng đóng gói cẩn thận,5,2026-04-14 10:03:10,202533847,202533853
10961516,Chất lượng tốt đóng gói chắc chắn giao hàng nhanh ❤️❤️❤️❤️❤️❤️,5,2022-11-19 00:24:28,202533847,202533853
7590141,Giao hàng nhanh. Săn sale giá mềm. Chưa đọc nên k có review về nội dung ạ,5,2022-11-01 21:08:14,202533847,202533853
25818048,"Gói kĩ giao nhanh, cảm ơn shop",5,2023-02-05 13:27:50,202533847,202533853
5903153,Tuyệt,5,2023-05-07 17:45:30,202533847,202533853
12276693,Truyện hay lắm luôn,5,2022-10-31 08:58:25,202533847,202533853
17479723,,5,2024-04-27 22:36:15,202533847,202533853
13418504,"Bìa đẹp mắt, giao cũng rất nhanh chóng nữa, không bị móp méo.",5,2022-12-22 11:20:01,202533847,202533853
5648799,oke,5,2022-11-17 22:33:03,202533847,202533853
27162727,,5,2023-08-15 23:28:33,202533847,202533853
11161573,,5,2023-06-12 08:43:08,202533847,202533853
27213410,,5,2023-06-10 09:21:10,202533847,202533853
1682746,,5,2023-05-09 15:45:16,202533847,202533853
7790822,,5,2023-04-26 20:56:31,202533847,202533853
14877112,,5,2023-03-28 00:27:31,202533847,202533853
385406,,5,2023-03-20 12:26:45,202533847,202533853
18134340,,5,2023-03-06 19:13:35,202533847,202533853
1461569,,5,2023-03-05 21:58:25,202533847,202533853
10675493,,5,2023-03-04 12:19:18,202533847,202533853
46195,,5,2023-01-05 16:57:41,202533847,202533853
16241616,,5,2023-01-01 22:00:22,202533847,202533853
6031697,,5,2022-12-11 17:43:26,202533847,202533853
10794832,,5,2022-12-09 14:22:46,202533847,202533853
10061134,,5,2022-12-03 10:16:51,202533847,202533853
25861497,,5,2022-12-01 23:25:19,202533847,202533853
7167658,,5,2022-11-26 11:50:28,202533847,202533853
1773975,,5,2022-11-25 01:01:01,202533847,202533853
10200953,,5,2022-11-24 19:36:33,202533847,202533853
17280671,,5,2022-11-22 23:34:08,202533847,202533853
828649,,5,2022-11-18 22:40:22,202533847,202533853
759415,,5,2022-10-31 15:02:00,202533847,202533853
2220977,,5,2022-10-29 12:55:47,202533847,202533853
26601779,"Truyện của Priest thì ₫ộ hay ko phải bàn cãi rồi, nhưng lần này khâu gói hàng của Tiki chán quá🥲sách về tay bị nhăn phần góc. Góp ý thêm: bên xuất bản lần sau in chữ ₫ậm xíu cho e vs🥲🥲 font chữ ₫ã nhỏ r mà có vài trang bị mờ, ₫ọc ban ₫êm muốn loá mắt lun🥲🥲",4,2022-11-10 21:34:29,202533847,202533853
25359664,"Hàng đến kho tỉnh thì lỗi không chịu giao tiếp rất là bực 😡😡 chỉ vì thanh toán qua *** trước nên lúc giao là 0 đ bên ship lười không giao, báo lỗi phải liên hệ tận bên giao mới giải quyết được",2,2022-12-05 17:35:52,202533847,202533853
19447109,Sách bị bẩn ở hai viền mép,4,2022-11-13 13:02:28,202533847,202533853
8728175,,4,2022-11-26 19:06:50,202533847,202533853
18147531,,4,2022-11-22 22:31:57,202533847,202533853
18578893,"Sách rất hay, đóng gói cẩn thận. Xin lỗi vì cái hình không liên quan nhưng mà tại vì tui không có hình ảnh của cuốn sách mà cam điện thoại thì đang hư. Sẽ ủng hộ shop lần sau.",5,2023-02-05 20:49:49,196394972,196394973
8248318,Giao hàng cực kì nhanh. Gói hàng cẩn thận vhawcs chắn.,5,2023-10-12 00:19:49,196394972,196394973
23890238,Bìa đẹp quá chừng,5,2022-11-07 06:32:06,196394972,196394973
28920741,"Ship nhanh lắm ý tr, đặt hồi trưa mà chiều giao luôn ròi 😋😋 truyện nguyên vẹn, rất thíc ạa",5,2023-03-18 16:00:05,196394972,196394973
46251,"Sách đẹp, giao nhanh",5,2025-09-22 01:39:05,196394972,196394973
16880000,Hàng về đẹp lắm không có chống sồn làm t sợ quá trời mà trộm vía truyện vẫn nguyên vẹn,5,2022-11-28 18:00:16,196394972,196394973
13905846,,5,2025-11-02 13:01:10,196394972,196394973
28809147,"Nghe mn bảo bộ này hay nên mk mua về đọc thử, về cũng khá ưng",5,2023-02-24 15:20:07,196394972,196394973
7981785,,5,2025-08-05 13:10:12,196394972,196394973
8628561,Good :>,5,2022-11-06 20:48:09,196394972,196394973
10263002,Gửi nhanh nhưng quả đóng gói làm tui gục ngã wa:)),5,2023-02-02 14:28:56,196394972,196394973
27184503,"Giao hàng nhanh, bìa đẹp, nội dung chắc khỏi bàn.",5,2023-01-30 13:15:43,196394972,196394973
19128028,"xinh đẹp tuyệt vời👏👏, thêm ông shipper hài hước nữa =)))",5,2022-10-19 14:08:03,196394972,196394973
28537473,"Truyện hay, giao hàng nhanh, sách không bị sao hết",5,2023-01-30 20:53:31,196394972,196394973
26918516,Giao hàng nhanh lắm. Sách cũng gói kỹ ko bị móp méo,5,2022-11-21 13:15:40,196394972,196394973
28064854,,5,2025-01-31 15:46:50,196394972,196394973
900526,"Đóng gói cẩn thận, rất ưng ❤️",5,2023-03-04 12:35:44,196394972,196394973
26040134,"Giao hàng nhanh, đóng gói tốt",5,2023-01-26 20:07:35,196394972,196394973
5594690,sách đẹp giao nhanh shop bọc đẹp,5,2022-10-07 11:21:59,196394972,196394973
26890785,Rất hài lòng,5,2023-02-01 18:35:16,196394972,196394973
1529291,Nội dung hay mà chờ siêu lâu. Không biết bao giờ mới mua đủ được bộ để đọc.,5,2022-10-30 00:51:26,196394972,196394973
27576897,Tốt,5,2023-02-20 14:18:56,196394972,196394973
6986438,"Nội dung hay, bìa đẹp, lôi cuốn, hấp dẫn",5,2023-05-20 13:31:02,196394972,196394973
14518355,,5,2024-02-16 15:27:49,196394972,196394973
27638577,,5,2023-11-16 19:00:44,196394972,196394973
29505552,,5,2023-11-13 15:44:10,196394972,196394973
385406,,5,2023-10-05 10:20:19,196394972,196394973
1221367,,5,2023-10-05 09:45:19,196394972,196394973
20307707,,5,2023-09-08 22:25:06,196394972,196394973
1602708,,5,2023-08-21 09:42:58,196394972,196394973
26491801,"đẹp lắm lun,hong đó h:))",5,2023-02-12 06:38:43,196394972,196394973
576278,,5,2023-07-29 00:23:44,196394972,196394973
25193173,,5,2023-07-11 06:41:06,196394972,196394973
28989369,,5,2023-06-22 08:23:20,196394972,196394973
21008824,,5,2023-06-16 17:22:10,196394972,196394973
26599968,,5,2023-06-12 13:18:41,196394972,196394973
28305175,,5,2023-06-09 11:58:54,196394972,196394973
63597,,5,2023-05-28 18:32:01,196394972,196394973
1682746,,5,2023-05-09 15:45:33,196394972,196394973
17697157,,5,2023-04-10 19:16:53,196394972,196394973
14877112,,5,2023-03-28 00:25:36,196394972,196394973
11601336,,5,2023-03-24 10:48:57,196394972,196394973
28833611,,5,2023-03-21 17:34:28,196394972,196394973
8848385,,5,2023-03-16 15:31:34,196394972,196394973
26699598,,5,2023-03-09 18:12:46,196394972,196394973
22474346,,5,2023-03-03 01:28:06,196394972,196394973
13482811,,5,2023-02-28 11:16:45,196394972,196394973
27112984,,5,2023-02-25 11:48:41,196394972,196394973
43795,,5,2023-02-25 10:16:14,196394972,196394973
16412212,,5,2023-02-18 07:50:29,196394972,196394973
583469,,5,2023-02-17 13:59:24,196394972,196394973
21714,,5,2023-02-06 11:02:51,196394972,196394973
20010719,,5,2023-02-03 17:19:32,196394972,196394973
280534,,5,2023-02-02 09:47:09,196394972,196394973
17845865,,5,2023-02-01 22:37:40,196394972,196394973
1170930,,5,2023-02-01 14:30:40,196394972,196394973
146172,,5,2023-01-30 20:40:17,196394972,196394973
763746,,5,2023-01-30 15:14:27,196394972,196394973
94376,,5,2023-01-29 00:58:57,196394972,196394973
16794909,,5,2023-01-08 15:39:00,196394972,196394973
14239448,,5,2022-12-28 14:09:08,196394972,196394973
13568996,,5,2022-12-25 08:40:58,196394972,196394973
15961723,,5,2022-12-19 19:02:43,196394972,196394973
28356482,,5,2022-12-14 11:42:06,196394972,196394973
24714992,,5,2022-11-27 12:03:40,196394972,196394973
561898,,5,2022-11-25 11:25:28,196394972,196394973
27909014,,5,2022-11-20 11:25:03,196394972,196394973
24431998,,5,2022-11-18 09:29:22,196394972,196394973
12101445,,5,2022-11-11 10:52:00,196394972,196394973
17085192,,5,2022-11-10 18:52:01,196394972,196394973
19814549,,5,2022-10-30 12:33:40,196394972,196394973
2093930,,5,2022-10-29 15:09:55,196394972,196394973
10794832,,5,2022-10-28 01:48:13,196394972,196394973
22446400,,5,2022-10-26 23:14:05,196394972,196394973
8426557,,5,2022-10-26 22:42:20,196394972,196394973
11726799,,5,2022-10-26 12:15:40,196394972,196394973
6406379,Hang ok,5,2022-09-14 23:22:19,196394972,196394973
23982584,,5,2022-10-22 10:49:05,196394972,196394973
12120973,,5,2022-10-17 18:56:45,196394972,196394973
27835627,,5,2022-10-13 06:51:13,196394972,196394973
481629,,5,2022-10-11 20:04:09,196394972,196394973
10469496,,5,2022-10-10 19:56:17,196394972,196394973
5648799,oke,5,2022-09-20 18:18:56,196394972,196394973
7287481,,5,2022-10-06 18:40:28,196394972,196394973
10351067,,5,2022-10-06 09:58:26,196394972,196394973
20356373,,5,2022-10-05 20:23:18,196394972,196394973
27793602,,5,2022-10-05 18:25:46,196394972,196394973
759415,,5,2022-10-05 11:14:27,196394972,196394973
5102597,,5,2022-09-27 11:33:32,196394972,196394973
13431934,,5,2022-09-21 14:56:02,196394972,196394973
434144,,5,2022-09-20 05:49:46,196394972,196394973
2220977,,5,2022-09-19 17:41:10,196394972,196394973
28856972,"hộp lúc giao tới rất ổn luôn, nhưng sách bị rách seal, nội dung trong sách ổn, nhưng mấy góc của sách thì ko🥲",4,2023-02-22 12:52:07,196394972,196394973
18281104,"Sách mới,còn seal,đẹp kh sao nhma tiki bao ẩu quá có mỗi miếng giấy *** tong nhét vô,may là kh bị ném móp hư sách",4,2023-02-02 19:53:48,196394972,196394973
1031507,"Bìa in đẹp, đóng gói kĩ, góc sách hơi móp và nhăn nhưng chấp nhận được",4,2022-09-18 10:32:51,196394972,196394973
5153412,Không ok. Quăn góc. Kiểm tra lại mới thấy.,1,2022-09-22 10:40:53,196394972,196394973
25570222,Seal bị bóc r,4,2022-10-13 21:11:45,196394972,196394973
29039039,,4,2023-05-09 21:26:02,196394972,196394973
27795460,,4,2023-05-03 22:58:55,196394972,196394973
28753825,,4,2023-01-30 20:13:44,196394972,196394973
20562597,,4,2022-10-24 15:09:18,196394972,196394973
520139,,4,2022-10-16 13:35:49,196394972,196394973
27019812,"(*) Đánh giá không tính điểm Thất vọng về khâu đóng gói vô cùng, đóng gói cẩu thả làm df sách",2,2022-09-17 23:15:38,196394972,196394973
7975166,"Xịn lắm nha mn, đợt này tiki giao sách cho mình quá tốt, cả 3 cuốn đều đc bọc kĩ lưỡng và còn đc tặng postcatd nữa, nội dung sách thì khỏi bàn rồi, quá hay, tia em nó lâu r nên mua được giá sale mừng lắm☺",5,2022-10-25 16:05:20,196284160,196284163
27924744,"Nội dung: BL (18+, có ẩn nhiều) Nét vẽ: nét đỉnh, mà mình quá là mê tạo hình của Gilbert 🥹, tạo hình Lance tập 1 trông hiền hiền hơn các tập còn lại; Truyện đen trắng",5,2024-03-23 00:53:49,196284160,196284163
29197285,"Tuyệt vời, đóng gói tốt, truyện bơ phệt ngon hết nước chấm",5,2023-07-01 15:32:39,196284160,196284163
17099531,Sách đẹp quá 😍,5,2023-04-28 18:08:21,196284160,196284163
533096,,5,2024-10-19 17:24:02,196284160,196284163
10944011,,5,2022-11-16 20:04:34,196284160,196284163
6631437,Gút,5,2022-09-25 18:39:51,196284160,196284163
996207,"Nd hay, chất lượng in cũng khá tốt",5,2023-03-02 20:11:52,196284160,196284163
26615875,,5,2023-07-11 12:14:14,196284160,196284163
27741641,,5,2023-06-18 13:30:14,196284160,196284163
28073417,"Đẹp, hay, ngol",5,2023-01-05 21:03:26,196284160,196284163
16169673,,5,2023-03-31 01:27:48,196284160,196284163
21997300,,5,2023-03-02 23:01:57,196284160,196284163
9641404,,5,2023-02-03 13:56:16,196284160,196284163
22063159,,5,2022-12-23 15:33:02,196284160,196284163
25347448,,5,2022-12-20 22:41:14,196284160,196284163
28484146,,5,2022-12-14 16:26:26,196284160,196284163
27575029,,5,2022-11-08 18:34:16,196284160,196284163
6475544,,5,2022-11-02 20:44:34,196284160,196284163
7969553,,5,2022-10-20 11:21:30,196284160,196284163
25675508,"Lúc mk nhận hàng hộp thì móp, truyện thi rách seal và bị df nhiều 🥲🥲",4,2022-11-15 13:29:37,196284160,196284163
28243975,"Sách bị df sơ sơ, nhưng là do để lâu chứ không phải do shipper.",4,2022-11-13 14:24:12,196284160,196284163
27900203,Có 2 trang bị rời không dính với truyện,3,2022-12-08 15:47:36,196284160,196284163
28428488,"Hình ảnh chỉ mang tính chất nhận xu:v Nội dung: hay, thú vị Độ tuổi:18+",5,2022-12-27 11:49:31,169621666,169621667
27837780,"Bộ này tưởng không hay mà hay không tưởng. Cười ẻ. Từ khi đọc bộ này xong thì tôi đã có cái nhìn khác về chai Coca Cola. Công trong bộ này chiếm hữu hơi ghê, gặp ngoài đời là tôi bưng bum búm chạy tám hướng. Sách giao về vẫn hoàn hảo ko tì vết.",5,2022-09-28 21:31:48,169621666,169621667
19126550,"Truyện hay shop giao nhanh hộp không hề bị móp méo. Nội dung truyện tuyệt cú mèo luôn, cách mà công chinh phục thụ rất đặc sắc. Đề cử với mn nhé",5,2022-05-28 14:40:56,169621666,169621667
28046071,Giao hàng nguyên seal Nói chung ưng lắm Mong là shop làm y như vậy là đc đừng giao hàng unseal tới tay ng nhận nữa,5,2022-09-30 20:22:01,169621666,169621667
8063016,"giao hàng nhanh, hàng chất lượng, nguyên seal có bookmark sách đẹp. Nói chung là truyện này mình cũng đọc từ trước rồi, giờ xb thành sách mừng gần chết, phải hốt ngay. May không mua ngoài hiệu sách chứ ở đây rẻ gấp mấy lần",5,2022-06-15 21:39:47,169621666,169621667
17601273,Nội dung hay. Bìa đẹp mắt. Đóng gói cẩn thận. In rõ nét. Giao hàng nhanh. Mình hài lòng,5,2022-08-20 09:04:46,169621666,169621667
853839,"nội dung hay, rất đáng để thử nội dung rất cuốn với đua xe f1, dc tác giả miêu tả rất là chi tiết nữa giao nhanh, săn giá sale ổn",5,2022-06-08 19:02:42,169621666,169621667
62249,"Truyện rất hay, ghi chú của người dịch rất chi tiết, dễ hiểu giúp mình có thêm hiểu biết về đua xe F1. Bìa minh hoạ rất đẹp. Gói hàng tốt, sách không bị lỗi gì cả, dịch thuật tốt tuy còn vài lỗi chính tả nhỏ. Khuyến khích đọc nhé.",5,2022-06-27 18:47:25,169621666,169621667
27545002,Bị lủng quá trời lunnn =(((( hơi đau lòng tí nhưng mà vẫn đẹp,5,2022-05-24 14:50:52,169621666,169621667
14239448,"Đẹp cực đẹp luôn, mà không bị df gì nha. Nói chung là mới đọc mấy chương đầu mà dịch thuật cũng mượt lắm, khát hay",5,2022-05-09 16:46:46,169621666,169621667
26770703,1. Hỏi ý kiến (10k/ý) 2. Tư vấn tình cảm (50k/h) 3. Rủ đi chơi (bao thì đi) 4. Than vãn (bận gòy) 5. Nhiễu chuyện (ok rảnh) 6. Mượn tiền (m nghĩ t có?) 7. Nhờ vả (20k/lần),5,2022-05-23 14:21:30,169621666,169621667
28365515,Mong chờ cuốn này nhất trong 3 cuốn 😍😍 mong rằnh cốt truyện sẽ hay,5,2023-02-15 19:16:41,169621666,169621667
20085207,Hay *** loằn nhé các bạn đọc kịch con mịa nó tính ai dự tính mua thì hốt luôn nhé chần trừ gì nữa,5,2023-02-18 16:59:17,169621666,169621667
22452688,"Đóng gói sơ sài, sản phẩm chỉ được đặt trong một chiếc hộp với không bọc chống sốc. May mắn không vấn đề, nguyên seal",5,2022-08-09 10:57:56,169621666,169621667
11751688,,5,2026-02-28 14:43:27,169621666,169621667
5648799,Cho mình hỏi là Cẩm Phong sale lơn nhất là bn % nhỉ,5,2022-08-30 18:48:26,169621666,169621667
27827676,"Bìa đẹp giao hàng trễ hơn dự kiến 3 ngày, đóng gói tạm ổn, sách không bị hư hay móp còn nguyên seal",5,2022-10-31 19:45:38,169621666,169621667
21575280,,5,2025-11-16 10:42:53,169621666,169621667
16017907,"mua vì được rcm phải nói là tiki giao hàng rất nhanh còn nguyên seal cực thích, nội dung thì khỏi phải bàn rồi",5,2022-06-17 16:45:03,169621666,169621667
10356248,"Giao hàng siêu nhanh, sách xinh xỉu up xỉu down luôn 😍",5,2022-04-17 15:04:30,169621666,169621667
7805350,Sách đẹp ko df nhưng đề xuất tiki nên có chống sốc đi chứ thấy hộp móp méo mà cứ sợ sách cũng móp theo,5,2022-04-17 08:18:01,169621666,169621667
16703343,seal còn đầy đủ giao hàng ko bị gì hết đúng là tiki có khác nay đặt mai giao 🤧🤧 chất lượng 10d nha,5,2022-04-14 10:56:30,169621666,169621667
27894692,toẹt zời ạ:>,5,2022-08-10 16:13:35,169621666,169621667
121225,,5,2025-03-05 17:25:25,169621666,169621667
10794832,,5,2022-09-13 11:45:26,169621666,169621667
26867811,"hàng giao nhanh nhưng do vần chuyển nên truyện hơi bị móp ở phần cạnh, móp cũng ít với lại nội dung truyện khá hay nên cho 5 sao.",5,2022-06-09 10:15:53,169621666,169621667
11916069,truyện hay lắm nha m.n hình ảnh chỉ mang tính chất lấy xu,5,2022-08-03 19:48:27,169621666,169621667
27886299,"Trời ơi!!!! Đỉnh luôn shop nhé, ship nhanh truyện đẹp",5,2022-08-11 20:28:24,169621666,169621667
23886226,"Sản phảm cực đẹp lun lần đầu mua sách bên Tiki lun mà hên có DF xíu xíu ngay góc tập 2 thui giao siu nhanh ,thik quéee",5,2022-07-19 21:24:01,169621666,169621667
1952821,Bìa quá ư là đẹp luôn,5,2022-12-02 18:11:56,169621666,169621667
306493,"bìa đẹp nội dung hay, giao hàng siêu siêu lẹ",5,2022-06-17 21:49:16,169621666,169621667
21935834,"Giao nhanh, bìa xinh đẹp tuyệt vời. 10/10, xuất sắc >",5,2022-04-16 22:18:25,169621666,169621667
19513601,,5,2024-05-08 11:06:11,169621666,169621667
26060546,giao hàng nhanh chất lượng tốt,5,2022-06-05 12:36:41,169621666,169621667
18542091,đẹp,5,2022-12-04 17:13:48,169621666,169621667
10823440,Truyện hay,5,2022-10-11 10:00:09,169621666,169621667
27791919,sách rất đẹp ạ,5,2022-07-08 14:31:26,169621666,169621667
18199269,"Aaaaaa truyện hay cực kì, bìa đẹp, giao hàng nhanh",5,2023-02-08 18:37:38,169621666,169621667
16269377,Đẹp,5,2022-08-31 14:31:28,169621666,169621667
9969895,hời ơiiiiiiii !!!!! sách xinh xĩu luôn 😍😍😍 nguyên seal gói hàng kĩ :>>>👍👍,5,2022-04-23 14:42:45,169621666,169621667
13009909,hàng tốt,5,2022-05-27 11:06:44,169621666,169621667
18204104,Giao hàng nhanh bìa đẹp ko bị móp méo gì,5,2022-12-12 15:09:23,169621666,169621667
29203232,,5,2023-09-21 15:34:00,169621666,169621667
15838619,"Truyện hay lắm ạ. Tiki giao hàng nhanh chóng, nv giao hàng thân thiện.",5,2022-05-18 17:45:44,169621666,169621667
27399301,Hàng không sao nhưng làm ơn cho cái bọc chống sốc ạ Ship nhanh lắm,5,2022-05-06 21:40:20,169621666,169621667
6102348,tốt,5,2022-05-17 10:19:03,169621666,169621667
27162727,,5,2023-08-15 23:28:41,169621666,169621667
27127246,"Sách đẹp lắm ạ, nhưn mà hơi bị móp ở góc sách mụt tẹo🥺",5,2022-04-30 17:10:29,169621666,169621667
333003,,5,2022-05-11 17:18:43,169621666,169621667
27245262,,5,2022-04-17 11:32:57,169621666,169621667
28846774,,5,2023-06-10 15:03:20,169621666,169621667
26789491,đây là một trong những ngày đầu năm mới,5,2022-07-03 19:20:37,169621666,169621667
19181846,,5,2023-04-01 00:45:05,169621666,169621667
23363457,,5,2023-03-09 14:50:51,169621666,169621667
16496062,,5,2023-03-06 00:01:09,169621666,169621667
22848419,,5,2023-03-02 20:57:51,169621666,169621667
24750908,,5,2023-02-15 22:17:34,169621666,169621667
18999680,,5,2023-02-15 13:57:11,169621666,169621667
15925406,,5,2023-02-09 20:08:22,169621666,169621667
28424177,,5,2023-01-31 13:57:24,169621666,169621667
28373506,,5,2023-01-28 20:17:33,169621666,169621667
14857073,CỰC PHẨM,5,2022-11-11 21:19:21,169621666,169621667
16132256,,5,2023-01-20 11:50:11,169621666,169621667
22832604,Sách mới nguyên không bị móp góc,5,2022-05-01 20:39:28,169621666,169621667
28441716,,5,2022-12-21 22:43:47,169621666,169621667
27731508,,5,2022-12-20 19:38:42,169621666,169621667
11312705,,5,2022-12-19 13:17:18,169621666,169621667
27865854,,5,2022-12-12 13:21:19,169621666,169621667
26619599,,5,2022-11-28 20:57:56,169621666,169621667
27677755,,5,2022-11-12 14:20:13,169621666,169621667
10200953,,5,2022-11-11 14:02:25,169621666,169621667
27782383,Hay,5,2022-10-23 13:07:42,169621666,169621667
443659,,5,2022-11-01 20:12:52,169621666,169621667
27850356,sp tuyệt vời,5,2022-07-30 15:12:41,169621666,169621667
22446400,,5,2022-10-26 23:15:07,169621666,169621667
8426557,,5,2022-10-24 22:37:30,169621666,169621667
7564840,,5,2022-10-24 19:20:42,169621666,169621667
27225362,Sách đẹp giao hàng nhanh,5,2022-05-03 12:06:37,169621666,169621667
27713594,,5,2022-10-18 13:01:54,169621666,169621667
6045077,,5,2022-10-10 20:03:22,169621666,169621667
17779961,,5,2022-09-26 08:16:51,169621666,169621667
21983638,,5,2022-09-12 17:38:08,169621666,169621667
1818973,,5,2022-08-30 20:16:58,169621666,169621667
6858829,,5,2022-08-27 21:01:49,169621666,169621667
27114495,,5,2022-08-27 12:08:19,169621666,169621667
1720088,,5,2022-08-26 16:02:08,169621666,169621667
27851785,,5,2022-08-24 10:28:18,169621666,169621667
27863875,,5,2022-08-21 23:08:52,169621666,169621667
14214609,,5,2022-08-11 10:03:10,169621666,169621667
22290946,,5,2022-07-29 12:39:52,169621666,169621667
9913615,,5,2022-07-22 06:13:23,169621666,169621667
17875198,,5,2022-07-21 10:58:19,169621666,169621667
8253982,,5,2022-07-18 20:18:15,169621666,169621667
22747895,,5,2022-07-16 23:54:40,169621666,169621667
10389530,,5,2022-07-16 13:31:57,169621666,169621667
9800667,,5,2022-07-12 16:07:21,169621666,169621667
2189046,truyen dep,5,2022-05-10 14:17:37,169621666,169621667
15908468,,5,2022-07-07 00:49:27,169621666,169621667
22096434,,5,2022-07-06 09:57:38,169621666,169621667
9200693,,5,2022-07-04 18:43:07,169621666,169621667
8871918,,5,2022-06-29 20:51:14,169621666,169621667
27100083,Đẹp,5,2022-05-23 08:34:04,169621666,169621667
27352972,Okk,5,2022-06-08 00:33:44,169621666,169621667
27549042,,5,2022-06-23 22:22:03,169621666,169621667
552437,,5,2022-06-16 19:43:26,169621666,169621667
14407331,,5,2022-06-11 23:17:53,169621666,169621667
27140629,,5,2022-06-10 12:12:44,169621666,169621667
20356373,,5,2022-06-09 13:56:26,169621666,169621667
11703639,,5,2022-06-07 12:20:42,169621666,169621667
12797430,,5,2022-06-06 11:57:58,169621666,169621667
13168710,,5,2022-06-05 23:13:39,169621666,169621667
27494733,,5,2022-05-29 13:12:22,169621666,169621667
26669479,,5,2022-05-26 20:34:56,169621666,169621667
279079,,5,2022-05-26 05:35:12,169621666,169621667
5937486,,5,2022-05-23 19:59:23,169621666,169621667
26070892,,5,2022-05-23 13:31:53,169621666,169621667
27437088,,5,2022-05-20 21:55:22,169621666,169621667
6176996,,5,2022-05-16 17:54:36,169621666,169621667
21271866,,5,2022-05-14 12:17:02,169621666,169621667
17476101,,5,2022-05-12 06:19:55,169621666,169621667
22414262,,5,2022-05-08 18:18:34,169621666,169621667
694893,Ok!,5,2022-04-17 19:38:35,169621666,169621667
22855647,,5,2022-05-04 20:54:24,169621666,169621667
26328642,,5,2022-05-04 12:21:25,169621666,169621667
17105091,,5,2022-05-03 16:57:05,169621666,169621667
7465924,,5,2022-05-02 15:27:35,169621666,169621667
27412148,,5,2022-04-30 11:41:20,169621666,169621667
5563901,,5,2022-04-26 14:36:40,169621666,169621667
1021867,,5,2022-04-25 17:05:55,169621666,169621667
385406,,5,2022-04-20 22:30:38,169621666,169621667
532607,,5,2022-04-17 16:01:51,169621666,169621667
7059160,,5,2022-04-17 09:03:03,169621666,169621667
27646923,"Đã mua sách trên tiki nhiều rồi mà lần này vô cùng thất vọng. Sách bị móp góc từ tập 1 đến tập 3 không tập nào là không bị móp cả. Đã thế giao hàng sách mà không có chống sock bảo vệ có phải mấy người mua như mình bị thiệt không, nếu pass lại giá cũng k được như lúc mua dù là còn seal. Giao hàng bảo thứ 6 nhận mà đến chủ nhật mới có hàng, thôi thì em chịu do nhà em xa nhưng dù sao thì bên công ty vận chuyển cũng nhẹ nhàng với những quyển sách chứ ạ. Đã thế dợt này em còn thanh toán trước, biết là móp mép như vậy em đã để kệ nhận hàng như bình thường r. Thất vọng!!",4,2022-06-12 13:08:45,169621666,169621667
7638214,"Coi tức không ạ? Sách mua về để sưu tầm mà cấn góc thế này, seal thì xước muốn rách vài chỗ. Có thể nào nhẹ nhàng với sách trong kho khi nhập xuất, đóng hộp và vận chuyển xíu được không? Trải nghiệm mua hàng ở tiki lần này tệ quá.",1,2022-04-26 19:19:46,169621666,169621667
8081295,truyện rất đẹp nhưng đóng gói sơ xài trong khi mình mua tận 2 quyển k có chống sốc chỉ có chút giấy lót ở dưới mình khá thất vọng nhưng giao rất nhanh chỉ 2 ngày là giao tới rồi,4,2023-06-11 13:11:11,169621666,169621667
283455,Chất liệu in k chuẩn nha má. Giá cũng k rẻ mà in lệch màu nhe bị nhiều,4,2025-07-29 22:11:14,169621666,169621667
20961795,bị df kìa hol chống sóc đg học tâph chấp nhận,1,2022-06-07 21:05:35,169621666,169621667
27812581,Khi đặt hàng thì bảo có book care nhưng nhận hàng thì không có! Không hài lòng!,3,2022-08-03 16:50:54,169621666,169621667
10941367,"Sách ko còn seal nên sẽ trừ một sao, shop giao hàng siêu nhanh,",4,2022-04-14 07:34:58,169621666,169621667
24706103,Truyện bị nhăn góc,4,2022-12-17 13:19:34,169621666,169621667
14350386,,4,2023-01-31 09:37:11,169621666,169621667
5865928,,4,2022-12-29 10:26:13,169621666,169621667
13122442,chán!Không dám quay lại :),1,2022-06-01 13:49:55,169621666,169621667
10257064,sách ok giao chậm,4,2022-07-31 16:26:38,169621666,169621667
20716899,ko có gói chống sốc,4,2022-05-23 15:04:21,169621666,169621667
26692796,,4,2022-09-17 06:54:42,169621666,169621667
22079902,,4,2022-08-07 23:44:45,169621666,169621667
12144638,hàng ki tốt,4,2022-04-30 12:40:57,169621666,169621667
27523016,,4,2022-07-20 12:10:01,169621666,169621667
770592,,4,2022-05-19 16:30:34,169621666,169621667
27338038,,4,2022-04-24 13:17:03,169621666,169621667
23886226,"Sản phảm cực đẹp lun lần đầu mua sách bên Tiki lun mà hên có DF xíu xíu ngay góc tập 2 thui giao siu nhanh ,thik quéee",5,2022-07-19 21:21:15,169621652,169621654
853839,"lúc trước mình thường mua tiki thấy đóng gói cũng rất ok, hộp ko móp cũng có chêm mút bên trong dạo này thấy mng nhận dc hộp tiki hay móp méo, hôm nay nhận hộp mình cũng v :((( còn sách bên trong không chêm thêm mút nữa, cầm hộp mà sách chạy tới lui lo quá trời nhưng vẫn còn may sách vẫn ko sao, mình mong tiki xem lại khâu đóng góii nhiều hơn nữa về nội dung sách thì rất hay ko có gì chê nữa mua đc giảm giá cũng rất ok đặt sáng qua nay nhận được rồi mừng ghê",5,2022-06-08 18:59:07,169621652,169621654
19126550,Truyện rất hay và cũng rất hài hước. Shop giao nhanh hộp còn nguyên vẹn không bị móp gì hết. Nôi dung truyện làm mình nhớ tới cp Lam tram x Nguỵ vô tiện cực kì đọc xúc động lắm. Đề cử với mn nha,5,2022-05-28 14:38:17,169621652,169621654
27894692,"san phảm đẹp, đúng như hình, hai bé nhà còn dễ thưuowng nx chúe:>",5,2022-08-23 12:42:54,169621652,169621654
20085207,"Hay nhé đọc xong tập này này cười như điên, cuời pay chinh, cười lăn xuống 18 tầng địa ngục vẫn chưa hết cuời , cười dãy đành đạch nhảy lên nhảy xuống, cuời lăn cuời lộn, cuời đập bàn đập ghế, cười xĩu ngang xĩu dọc , cuời dịu dàng, cuời duyên dáng, cười nửa miệng, cười cả miệng",5,2023-02-19 17:16:03,169621652,169621654
27837780,"Bộ này tưởng không hay mà hay không tưởng. Cười ẻ. Từ khi đọc bộ này xong thì tôi đã có cái nhìn khác về chai Coca Cola. Công trong bộ này chiếm hữu hơi ghê, gặp ngoài đời là tôi bưng bum búm chạy tám hướng. Sách giao về vẫn hoàn hảo ko tì vết.",5,2022-09-28 21:32:19,169621652,169621654
20361812,Nhận hàng mà giật mình vì tiki đóng gói trong 1 cái hộp to gấp đôi quyển sách lun tưởng giao nhầm k á :))) sách được bọc chống sốc cũng to k kém nha rất ok lun 😂,5,2023-11-22 09:22:03,169621652,169621654
8063016,"giao hàng nhanh, hàng chất lượng, nguyên seal có bookmark sách đẹp. Nói chung là truyện này mình cũng đọc từ trước rồi, giờ xb thành sách mừng gần chết, phải hốt ngay. May không mua ngoài hiệu sách chứ ở đây rẻ gấp mấy lần",5,2022-06-15 21:36:31,169621652,169621654
17601273,Nội dung hay. Bìa đẹp mắt. Đóng gói cẩn thận. In rõ nét. Giao hàng nhanh. Mình hài lòng,5,2022-08-20 09:03:38,169621652,169621654
27760326,"bị rù quến vì cái bìa, đẹp kinh thiêng động địa, nội dung truyện thì khỏi bàn cãi má ơi t đọc mà 1 ngày hết 1 cuốn đó. Ai có ý định thì tui mạnh dạn nói rằng là nên mua nha mng",5,2022-07-11 21:45:21,169621652,169621654
62249,"Truyện rất hay, ghi chú của người dịch rất chi tiết, dễ hiểu giúp mình có thêm hiểu biết về đua xe F1. Bìa minh hoạ rất đẹp. Gói hàng tốt, sách không bị lỗi gì cả, dịch thuật tốt tuy còn vài lỗi chính tả nhỏ. Khuyến khích đọc nhé.",5,2022-06-27 18:51:51,169621652,169621654
14239448,"Đẹp cực đẹp luôn, mà không bị df gì nha. Nói chung là mới đọc mấy chương đầu mà dịch thuật cũng mượt lắm, khát hay",5,2022-05-09 16:45:45,169621652,169621654
16017907,"mới mua bữa trước mà ngay có r, thật sự là giao rất nhanh sách vẫn còn nguyên seal nữa mới thích chứ. nói chung là rất ưng đa phần sách ở tiki đều rẻ hơn những chỗ khác",5,2022-06-17 16:37:47,169621652,169621654
28046071,Sách đẹp cực kì Hàng 100%chính hãng,5,2022-09-30 20:23:43,169621652,169621654
5648799,Sách đẹp ko bị móp méo Shop cb sách nhanh bọc kỹ Shipper giao lẹ Nhà C giảm nhìu nhất là bn %,5,2022-08-30 18:47:37,169621652,169621654
2176513,,5,2026-06-13 13:35:27,169621652,169621654
11751688,,5,2026-02-28 14:43:35,169621652,169621654
21575280,,5,2025-11-16 10:43:21,169621652,169621654
10356248,"Giao hàng siêu nhanh, sách xinh xỉu up xỉu down luôn 😍",5,2022-04-17 15:03:47,169621652,169621654
24706103,Hàng tốt,5,2022-12-17 13:19:04,169621652,169621654
27696268,"Đóng gói khá ổn,bìa sách đẹp!",5,2022-06-22 18:33:23,169621652,169621654
121225,,5,2025-05-23 08:44:11,169621652,169621654
6274674,"đóng gói sản phẩm chất lượng, giao hàng nhanh, chỉ tiếc không mua được bản đặc biệt chứ thật ra cái bìa cũng đủ hớp lòng người rồi :((((.",5,2022-04-22 19:45:09,169621652,169621654
12798453,:) kêu t2 giao tối đặt sáng giao 10 đ huhu truyện có chặn sách đẹp như bìa z,5,2022-07-03 20:26:22,169621652,169621654
27545002,Xinhh lắm,5,2022-05-24 23:39:51,169621652,169621654
28428488,"Bìa đẹp xỉu, mê nhất trong các tập",5,2022-12-27 11:49:17,169621652,169621654
27399301,Hàng không sao nhưng làm ơn cho cái bọc chống sốc ạ Ship nhanh lắm,5,2022-05-06 21:40:11,169621652,169621654
27886299,"In rõ chữ, bọc hàng cẩn thận, mình rất ưng",5,2022-08-11 20:26:50,169621652,169621654
18204104,Giao hàng nhanh ko bị móp,5,2022-12-12 15:09:20,169621652,169621654
21935834,"Ùi ôi, sách đẹp, giao nhanh. Nhìn cái bìa xinh quá tr xinh >",5,2022-04-16 22:16:20,169621652,169621654
306493,"Bìa đẹp, nội dung hay, giao hàng siêu nhanh luôn.",5,2022-06-17 21:47:33,169621652,169621654
7805350,Sách đẹp ko df nhưng đề xuất tiki nên có chống sốc đi chứ thấy hộp móp méo mà cứ sợ sách cũng móp theo,5,2022-04-17 08:19:11,169621652,169621654
13009909,hàng tốt giao hàng nhanh đáng tiền,5,2022-05-26 10:26:52,169621652,169621654
26060546,giao hàng nhanh chất lượng tốt,5,2022-06-05 12:36:02,169621652,169621654
333003,giao nhanh hàng đẹp k bị df gì hihi,5,2022-05-11 17:18:03,169621652,169621654
13520056,siêuuuu ưngggg luôn dù sách ko có bọc bảo vệ lúc di chuyên nhưng may là ko hư hao gì cả,5,2022-07-01 17:54:07,169621652,169621654
10823440,Truyện hay,5,2022-10-11 10:00:12,169621652,169621654
18542091,Đẹp,5,2022-10-16 08:22:02,169621652,169621654
16269377,Bìa đẹp,5,2022-08-31 14:33:04,169621652,169621654
13237056,Truyện siêu thích bìa xinh cực rất đáng mua nhaaaaaaa,5,2022-12-13 10:03:39,169621652,169621654
29203232,,5,2023-09-21 15:33:43,169621652,169621654
6102348,tốt,5,2022-05-17 10:18:54,169621652,169621654
27162727,,5,2023-08-15 23:28:28,169621652,169621654
27127246,"Sách đẹp lắm ạ, nhưn mà hơi bị móp ở góc sách mụt tẹo🥺",5,2022-04-30 17:09:37,169621652,169621654
22855647,,5,2022-05-04 20:52:56,169621652,169621654
6858829,"Bìa đẹp, nội dung đỉnh khỏi nói, giao nhanh",5,2022-08-27 21:01:21,169621652,169621654
27245262,,5,2022-04-17 11:32:46,169621652,169621654
28846774,,5,2023-06-10 15:03:28,169621652,169621654
10941367,"Bìa đẹp, sách còn nguyên seal, shop giao hàng siêu nhanh",5,2022-04-14 07:34:37,169621652,169621654
17875198,truyện còn seal nội dung hay ngọt xỉu,5,2022-07-18 05:49:51,169621652,169621654
19181846,,5,2023-04-01 00:44:48,169621652,169621654
16496062,,5,2023-03-06 00:00:55,169621652,169621654
26025801,,5,2023-02-23 12:01:08,169621652,169621654
24750908,,5,2023-02-15 22:16:55,169621652,169621654
18999680,,5,2023-02-15 13:57:19,169621652,169621654
15925406,,5,2023-02-09 20:08:15,169621652,169621654
28424177,,5,2023-01-31 13:57:27,169621652,169621654
28373506,,5,2023-01-28 20:17:28,169621652,169621654
16132256,,5,2023-01-20 11:49:58,169621652,169621654
14857073,,5,2023-01-06 21:44:32,169621652,169621654
22832604,Sách mới nguyên không bị móp góc,5,2022-05-01 20:39:13,169621652,169621654
28441716,,5,2022-12-21 22:43:11,169621652,169621654
27731508,,5,2022-12-20 19:38:30,169621652,169621654
11312705,,5,2022-12-19 13:17:11,169621652,169621654
27850356,truyện xinh dã man,5,2022-07-30 15:12:28,169621652,169621654
26619599,,5,2022-11-28 20:58:03,169621652,169621654
28505040,,5,2022-11-25 17:54:08,169621652,169621654
27677755,,5,2022-11-12 14:20:03,169621652,169621654
10200953,,5,2022-11-11 14:02:49,169621652,169621654
27782383,Hay,5,2022-10-23 13:07:36,169621652,169621654
8426557,,5,2022-10-24 22:37:24,169621652,169621654
27428095,,5,2022-10-24 18:58:25,169621652,169621654
27225362,Sách đẹp giao hàng nhanh,5,2022-05-03 12:06:11,169621652,169621654
28098858,,5,2022-10-19 21:39:02,169621652,169621654
6045077,,5,2022-10-10 20:03:30,169621652,169621654
443659,,5,2022-10-05 18:22:41,169621652,169621654
10794832,,5,2022-10-05 18:19:40,169621652,169621654
21983638,,5,2022-09-12 17:37:46,169621652,169621654
27140629,,5,2022-09-11 12:42:26,169621652,169621654
26789491,jdhgjvgdbc,5,2022-07-03 19:20:26,169621652,169621654
1818973,,5,2022-08-30 20:16:44,169621652,169621654
27114495,,5,2022-08-27 12:08:13,169621652,169621654
1720088,,5,2022-08-26 16:01:58,169621652,169621654
27851785,,5,2022-08-24 10:28:17,169621652,169621654
22290946,,5,2022-08-12 12:42:46,169621652,169621654
14214609,,5,2022-08-11 10:03:03,169621652,169621654
27967787,,5,2022-08-10 19:40:31,169621652,169621654
22446400,,5,2022-07-22 12:01:12,169621652,169621654
9913615,,5,2022-07-22 06:13:29,169621652,169621654
10389530,,5,2022-07-17 12:35:52,169621652,169621654
22747895,,5,2022-07-16 23:54:26,169621652,169621654
9800667,,5,2022-07-12 16:07:10,169621652,169621654
7417292,,5,2022-07-07 10:02:48,169621652,169621654
15908468,,5,2022-07-07 00:49:22,169621652,169621654
22096434,,5,2022-07-06 09:57:03,169621652,169621654
9200693,,5,2022-07-04 18:41:48,169621652,169621654
27100083,Đẹp,5,2022-05-23 08:33:57,169621652,169621654
27549042,,5,2022-06-23 22:22:16,169621652,169621654
552437,,5,2022-06-16 19:43:01,169621652,169621654
694893,!!!,5,2022-05-26 23:10:21,169621652,169621654
14407331,,5,2022-06-11 23:17:33,169621652,169621654
20356373,,5,2022-06-09 13:56:14,169621652,169621654
8253982,Tốt,5,2022-05-11 06:24:52,169621652,169621654
26867811,,5,2022-06-09 10:17:09,169621652,169621654
19925500,,5,2022-06-08 22:14:45,169621652,169621654
11703639,,5,2022-06-07 12:20:30,169621652,169621654
12797430,,5,2022-06-06 11:58:29,169621652,169621654
13168710,,5,2022-06-05 23:13:19,169621652,169621654
26669479,,5,2022-05-26 20:35:02,169621652,169621654
5937486,,5,2022-05-23 19:59:06,169621652,169621654
26070892,,5,2022-05-23 13:31:35,169621652,169621654
16352349,,5,2022-05-22 16:28:58,169621652,169621654
27437088,,5,2022-05-20 21:54:47,169621652,169621654
15838619,,5,2022-05-18 17:47:09,169621652,169621654
6176996,,5,2022-05-16 17:54:17,169621652,169621654
21271866,,5,2022-05-14 12:16:47,169621652,169621654
17476101,,5,2022-05-12 06:19:46,169621652,169621654
22414262,,5,2022-05-08 18:18:13,169621652,169621654
10351067,,5,2022-05-05 16:06:28,169621652,169621654
6371714,,5,2022-05-05 11:40:17,169621652,169621654
26328642,,5,2022-05-04 12:21:16,169621652,169621654
17105091,,5,2022-05-03 16:56:56,169621652,169621654
7465924,,5,2022-05-02 15:27:26,169621652,169621654
20630197,,5,2022-04-30 17:58:53,169621652,169621654
27412148,,5,2022-04-30 11:40:39,169621652,169621654
1021867,,5,2022-04-25 17:05:49,169621652,169621654
770592,,5,2022-04-24 21:37:27,169621652,169621654
27338038,,5,2022-04-23 23:05:24,169621652,169621654
26180229,,5,2022-04-22 16:31:41,169621652,169621654
21363380,,5,2022-04-19 12:08:39,169621652,169621654
532607,,5,2022-04-17 16:01:26,169621652,169621654
7059160,,5,2022-04-17 09:02:47,169621652,169621654
27646923,"Đã mua sách trên tiki nhiều rồi mà lần này vô cùng thất vọng. Sách bị móp góc từ tập 1 đến tập 3 không tập nào là không bị móp cả. Đã thế giao hàng sách mà không có chống sock bảo vệ có phải mấy người mua như mình bị thiệt không, nếu pass lại giá cũng k được như lúc mua dù là còn seal. Giao hàng bảo thứ 6 nhận mà đến chủ nhật mới có hàng, thôi thì em chịu do nhà em xa nhưng dù sao thì bên công ty vận chuyển cũng nhẹ nhàng với những quyển sách chứ ạ. Đã thế dợt này em còn thanh toán trước, biết là móp mép như vậy em đã để kệ nhận hàng như bình thường r. Thất vọng!!",3,2022-06-12 13:11:16,169621652,169621654
1952821,Truyện xinh đẹp tuyệt vời nha. Nhưng bookcare lại bị lỗi làm giảm sự hoàn mỹ lại. Đặt buổi sáng mà buổi chiều đã giao tới rồi. Nhưng xin hãy cẩn thận hơn.,4,2022-12-02 18:07:08,169621652,169621654
283455,Chất liệu in k chuẩn nha má. Giá cũng k rẻ mà in lệch màu nhe bị nhiều,4,2025-07-29 22:12:54,169621652,169621654
22190958,"Nội dung không có gì phải bàn nhưng Tiki gói hàng ẩu quá, hỏng hết bìa sách",4,2023-02-04 20:38:14,169621652,169621654
27827676,"Giao hàng trễ hơn dự kiến 3 ngày, đóng gói tạm ổn có lót giấy, bìa rất đẹp",4,2022-10-31 19:42:51,169621652,169621654
20961795,bị df :(( huhu buồn hiu hổm h bình thường 😥😥😥,1,2022-06-07 21:05:03,169621652,169621654
27535121,Giao hàng nhanh bìa đẹp seal,4,2022-09-12 15:54:56,169621652,169621654
27812581,Khi đặt hàng thì bảo có book care nhưng nhận hàng thì không có! Không hài lòng!,3,2022-08-03 16:50:59,169621652,169621654
20716899,Giao hàng khá nhanh nhưng mà ko có gói chống sốc,4,2022-05-23 15:03:54,169621652,169621654
14350386,,4,2023-01-31 09:37:35,169621652,169621654
5865928,,4,2022-12-29 10:26:08,169621652,169621654
27523016,Không đóng gói kỹ,4,2022-07-20 00:40:05,169621652,169621654
10257064,sách ok giao chậm,4,2022-07-31 16:26:25,169621652,169621654
26692796,,4,2022-09-17 06:53:57,169621652,169621654
11211381,,4,2022-07-02 11:02:00,169621652,169621654
12144638,,4,2022-05-05 11:32:46,169621652,169621654
22807239,"Đẹp, in rõ",5,2025-10-11 17:15:00,278249901,278249983
19095622,Giao hàng tốt nheee,5,2025-07-27 14:01:17,278249901,278278393
30403138,,5,2025-08-02 02:36:05,278249901,278278393
22244804,,5,2025-08-01 18:11:21,278249901,278278393
30174050,,5,2025-07-28 19:24:02,278249901,278278393
27737939,,5,2025-07-24 20:29:43,278249901,278278393
30212340,,5,2025-07-21 22:18:42,278249901,278249983
30429856,Lần đầu tiên mua sách mà thất vọng tràn trề,2,2025-07-23 21:15:58,278249901,278278393
30479846,"Đóng gói cẩu thả,không bảo vệ được sách",3,2026-04-12 17:41:34,278249901,278249982
30251066,"đóng gói ncl á tr, lủng cả lỗ mai ko tớt std ra",1,2025-07-30 13:42:07,278249901,278278393
21415404,Nội dung rất hay ổn,5,2023-02-13 16:59:47,212567558,212567559
28619898,"Bìa đẹp, mê kinh lun, nhưng mong cải thiện lại đống gói ạ,may không hỏng hóc gì, nói chung là 5★",5,2023-02-03 12:08:27,212567558,212567559
28809147,"Nhìn hộp giao hàng của tiki sợ xĩu, ko có chống sốc, cũng may là ko sao, lớp bao truyện vẫn còn nguyên, ko bị cong góc gì hết, trộm vía linh ghê =]]]]]]]",5,2023-02-24 15:19:20,212567558,212567559
13905846,,5,2025-11-02 13:01:46,212567558,212567559
6014728,"Giao hàng nhanh sách đẹp, vì trời mưa nên Tiki còn cẩn thận bọc thêm 1 lớp màng bọc nylon bên ngoài hộp giấy, quá chu đáo.",5,2023-04-02 10:43:46,212567558,212567559
27576897,Tốt,5,2023-02-20 14:18:45,212567558,212567559
7981785,,5,2025-08-05 13:10:09,212567558,212567559
9157045,,5,2025-07-31 22:05:02,212567558,212567559
27219272,"Nội dung hay , bìa sách đẹp , sách không móp méo , đóng gói chắc",5,2023-02-02 15:28:38,212567558,212567559
27184503,"Giao hàng nhanh, bìa đẹp, nội dung chắc khỏi bàn.",5,2023-01-30 13:16:06,212567558,212567559
900526,"Đóng gói cẩn thận, rất ưng ❤️",5,2023-03-04 12:35:33,212567558,212567559
1031507,"Bìa đẹp, giao hàng nhanh, nội dung truyện thì không cần bàn nữa, chất lượng dịch thì chưa rõ",5,2023-02-12 08:51:33,212567558,212567559
26890785,Bìa đẹp sách hay giao hàng nhanh,5,2023-02-01 18:33:06,212567558,212567559
19673844,Sách đẹp,5,2023-06-13 10:56:30,212567558,212567559
26040134,"Giao hàng nhanh, đóng gói tốt",5,2023-01-26 20:08:13,212567558,212567559
28920741,Không có bookmark 🥲,5,2023-03-18 15:59:07,212567558,212567559
5648799,ok,5,2023-03-26 05:06:50,212567558,212567559
7590141,Ok,5,2023-02-06 23:11:01,212567558,212567559
520139,,5,2024-03-21 15:43:13,212567558,212567559
6986438,"Bìa đẹp, nội dung hay, lôi cuốn hấp dẫn",5,2023-05-20 13:30:39,212567558,212567559
14518355,,5,2024-02-17 22:29:20,212567558,212567559
26821637,Đóng gói rất ok,5,2023-10-09 15:02:57,212567558,212567559
26491801,tưởng tập cuối chớ:>>đẹp lắm mà cx hay nữa,5,2023-02-11 13:32:43,212567558,212567559
17264315,Giao hàng nhanh hôm qua đặt hôm nay tới lun roi,5,2023-03-04 22:13:24,212567558,212567559
16300155,,5,2024-01-12 11:24:01,212567558,212567559
27638577,,5,2023-11-16 19:00:42,212567558,212567559
29505552,,5,2023-11-13 15:44:09,212567558,212567559
1707502,,5,2023-10-10 19:04:13,212567558,212567559
385406,,5,2023-10-05 10:19:48,212567558,212567559
1221367,,5,2023-10-05 09:45:07,212567558,212567559
12101445,,5,2023-09-10 07:03:22,212567558,212567559
20307707,,5,2023-09-08 22:24:57,212567558,212567559
2093930,"Bìa đẹp, nội dung hay khỏi bàn.",5,2023-01-10 19:11:53,212567558,212567559
94376,,5,2023-08-30 11:23:20,212567558,212567559
1602708,,5,2023-08-21 09:42:51,212567558,212567559
22446400,,5,2023-08-15 10:06:31,212567558,212567559
576278,,5,2023-07-29 00:23:53,212567558,212567559
22621548,,5,2023-07-16 10:02:57,212567558,212567559
27200028,,5,2023-07-11 11:55:49,212567558,212567559
25193173,,5,2023-07-11 06:41:09,212567558,212567559
13568996,,5,2023-06-26 14:12:08,212567558,212567559
28989369,,5,2023-06-22 08:23:48,212567558,212567559
21008824,,5,2023-06-16 17:22:18,212567558,212567559
26599968,,5,2023-06-12 13:18:31,212567558,212567559
28305175,,5,2023-06-09 11:58:58,212567558,212567559
5667896,,5,2023-05-31 21:47:28,212567558,212567559
26343163,Đẹp vlll,5,2023-03-01 21:23:35,212567558,212567559
23876682,,5,2023-04-30 22:06:15,212567558,212567559
17697157,,5,2023-04-10 19:16:59,212567558,212567559
26929285,Hây,5,2023-03-08 10:51:07,212567558,212567559
14877112,,5,2023-03-28 00:24:38,212567558,212567559
28833611,,5,2023-03-21 17:34:25,212567558,212567559
9137676,,5,2023-03-16 15:43:19,212567558,212567559
8848385,,5,2023-03-16 15:31:37,212567558,212567559
26699598,,5,2023-03-09 18:13:09,212567558,212567559
481629,,5,2023-03-06 17:05:39,212567558,212567559
19384826,,5,2023-03-04 20:33:18,212567558,212567559
13482811,,5,2023-02-28 11:16:48,212567558,212567559
8426557,,5,2023-02-27 23:24:19,212567558,212567559
27248245,,5,2023-02-25 20:28:31,212567558,212567559
28041442,,5,2023-02-25 18:03:52,212567558,212567559
5153412,,5,2023-02-24 23:05:15,212567558,212567559
10154897,,5,2023-02-22 18:50:56,212567558,212567559
16412212,,5,2023-02-18 07:50:31,212567558,212567559
26789491,,5,2023-02-14 20:19:50,212567558,212567559
18118204,,5,2023-02-14 19:09:32,212567558,212567559
27909014,,5,2023-02-13 13:22:26,212567558,212567559
1529291,,5,2023-02-09 20:04:02,212567558,212567559
21714,,5,2023-02-06 21:37:19,212567558,212567559
28753825,,5,2023-02-06 12:19:22,212567558,212567559
17801776,,5,2023-02-05 08:10:10,212567558,212567559
7608273,,5,2023-02-03 20:30:12,212567558,212567559
20010719,,5,2023-02-03 17:19:56,212567558,212567559
10794832,,5,2023-02-03 08:09:33,212567558,212567559
280534,,5,2023-02-02 09:47:02,212567558,212567559
146172,,5,2023-01-30 20:40:00,212567558,212567559
763746,,5,2023-01-30 15:14:35,212567558,212567559
20356373,,5,2023-01-11 13:23:06,212567558,212567559
759415,,5,2023-01-11 08:06:31,212567558,212567559
24714992,,5,2023-01-10 11:34:33,212567558,212567559
16794909,,5,2023-01-08 15:37:11,212567558,212567559
28032976,,5,2023-01-08 15:23:15,212567558,212567559
7287481,,5,2023-01-07 22:12:43,212567558,212567559
5102597,,5,2023-01-06 10:22:33,212567558,212567559
16241616,,5,2023-01-01 22:00:18,212567558,212567559
7104979,,5,2022-12-30 13:31:59,212567558,212567559
18281104,"Sách mới,còn seal,đẹp kh sao nhma tiki bao ẩu quá có mỗi miếng giấy *** tong nhét vô,may là kh bị ném móp hư sách",4,2023-02-02 19:53:25,212567558,212567559
442892,"Nghĩ sao mà gửi cuốn đã bóc seal, dơ gáy và còn gấp trang vậy luôn k biết, lần đầu tiên đặt sách mà thấy làm ăn nv luôn",3,2023-12-08 15:42:15,212567558,212567559
29039039,,4,2023-05-09 21:25:41,212567558,212567559
27795460,,4,2023-05-03 22:59:09,212567558,212567559
27975072,,4,2023-04-06 13:23:51,212567558,212567559
28394492,Tốt,4,2023-02-10 11:44:55,212567558,212567559
26493279,"giao nhanh và đc freeship do mua trên 149k, gói hàng rất kỹ có bao và giấy còn mới, có bookcard mặc dù lúc nhận hàng hộp hơi móp mà lúc khui thì thấy ko bị tổn hại gì nhiều nên không sao chỉ mong mốt mấy anh shipper nhẹ tay chút ạ😥. còn về nội dung thì mọi người có thể tham khảo review hay tùy theo gu mà chọn lựa nhen.",5,2022-04-12 23:48:53,122336552,122336554
30152825,Sách bọc bookcare rất đẹp nhé. Mà không biết cuốn 1 có giao thiếu 1 bookmark không vì cuốn 2 có 2 bookmark lận.,5,2025-01-11 10:02:36,122336552,122336554
19126550,Truyện rất hay bìa rất đẹp nội dung ngọt ngào vô cùng lần giao hàng này tiki có miếng cát-tông bên trong khiến cho sách ko bị móp góc đánh giá rất cao lần giao hàng này 5 sao nha,5,2022-04-16 21:45:39,122336552,122336554
26343163,"Chưa.đọc thử nhưng gói hàng ổn,ko bị sao",5,2022-07-17 11:22:42,122336552,122336554
26733217,"Để nghị Tiki sau này đóng gói hàng phải cố định hàng hóa bên trong lại chứ cứ để hàng hóa bên trong hộp carton lỏng lẻo lắc qua lắc lại thì hàng nào chịu cho nổi, hàng nào chả hư hỏng, chả trầy xước, chả móp méo. À, sách đẹp lắm nhưng cứ bị trầy xước móp méo nên hơi khó chịu.",5,2022-05-09 12:28:57,122336552,122336554
25755454,"chưa đọc nên không biết nội dung, shop đóng gói hàng kĩ càng",5,2026-09-17 10:48:21,122336552,122336554
19810869,"Mình rất thích, nên mua",5,2023-03-19 21:47:04,122336552,122336554
20572276,"Sản phẩm rất xinh đẹp tuyệt vời, mình không thể trông đợi gì hơn. Cảm ơn nhà cung cấp, nhà sản xuất, cảm ơn shop bán hàng, cảm ơn sàn thương mại điện tử, cảm ơn người vận chuyển để mình có thể sử dụng sản phẩm tốt như thế này.🥰🥰",5,2021-10-30 15:52:27,122336552,122336554
28616408,"Lười đánh giá quá. Bìa xinh, mình có đọc 1 bộ khác cùng tác giả vs bộ này rồi. Thấy dịch thuật tốt ( chú thích nhiều) ndung cx rất hay nên ms mua bộ này dù chx đọc=)) cx như xem review..",5,2023-02-07 23:10:52,122336552,122336554
7662614,"truyện đẹp ko sức mẻ, nhưng bất lực với phong cách gói hàng của tiki. Đặt shipnow yên tâm hơn chứ ship thường gói hàng kiểu thì bất an 1000 lần",5,2021-10-08 20:08:27,122336552,122336554
23903681,"Giao hàng siêu nhanh, sách không bị df, siêu xing luônn. Cơ mà tiki lần sau đóng hàng cho thêm bọc chống sốc giúp em với. Em khui hàng mà tim đập bình bịch bình bịch :'>",5,2022-03-29 11:00:30,122336552,122336554
5438328,Aaa truyện đẹp mà không nỡ bóc luôn á 🥺🥺🥺🥺🥺 đọc sách được thêm phiên ngoại mà trên mạng khum có,5,2022-01-02 12:19:28,122336552,122336554
11244201,"Giao hàng nhanh đóng gói cẩn thận sách không bị móp hay gì cả, sách đẹp bookmark cũng xinh nữa",5,2022-04-19 11:37:06,122336552,122336554
30656574,,5,2026-06-27 17:03:16,122336552,122336554
18338899,"Sách siêu đẹp, giao mùa dịch nhưng rất nhanh, đơn trước còn chưa nhận được mà đơn này đặt sau đã nhận được, ban đầu nhìn hộp móp méo nhưng cũng may sách ko sao cả",5,2021-10-20 13:05:02,122336552,122336554
27512952,"Sách giao sao lại bị rách bọc vậy trời, cả 3 tập lun, may mà sách không bị làm sao hết với lại giao hàng cũng nhanh nên thưởng tiki 5*",5,2022-05-24 10:52:21,122336552,122336554
11634088,"Giao hàng nhanh, sách đẹp",5,2025-10-12 15:16:08,122336552,122336554
23458277,quyển này có hơi móp góc,5,2021-12-22 11:51:36,122336552,122336554
15731974,"Nội dung thì mình chưa đọc nhưng bìa đẹp cực, không nỡ bóc luôn ý >///< gói hàng kĩ càng cực, nói chung là rất đáng tiền luôn á >///",5,2022-02-16 09:35:58,122336552,122336554
24324027,"Giao hàng nhanh, sách đẹp, hàng tuy lại không có đệm/giấy chặn chống sốc nhưng hàng vẫn nguyên vẹn, thẳng thớm, dù seal bị rách nhưng vẫn vote 5s để khuyến khích",5,2022-09-20 13:05:16,122336552,122336554
29185637,Truyện hay lắm luôn ă. Tiki giao nhanh nên vừa tới là đọc một mạch sang hôm sau đã hoàn tập 1. ππ,5,2023-12-28 22:04:27,122336552,122336554
8587470,"Hàng còn nguyên seal, chất lượng sách rất ok, đáng mua, giao hàng khá nhanh",5,2021-11-29 19:11:55,122336552,122336554
11916069,"mua bản thường mà chất lượng sách vẫn xịn xò nha bà con, nên mua á ạ",5,2022-11-13 21:30:26,122336552,122336554
5655352,"đợi lâu lắm lun Tiki mới có hàng... đóng gói chắc chắn, giao hàng nhanh, bộ này mình đọc rồi, mua để sưu tầm thoii~~",5,2021-10-11 21:17:02,122336552,122336554
21140040,Sách rất đẹp giao hàng nhanh những mỗi tội quyển 1 bị rát seal mất,5,2022-09-02 21:57:54,122336552,122336554
6473648,Đóng gói kĩ! Sách đẹp! Giao hàng muộn đáng ra cho 4* thôi nhưng vì anh ship đzai vui tính nên cho 5 😂,5,2022-01-16 21:01:27,122336552,122336554
14877112,"truyện về nhanh và đẹp lắm nha, bookcare ok",5,2021-12-12 20:50:54,122336552,122336554
16269377,Đẹp,5,2022-08-30 14:23:40,122336552,122336554
17316456,"sách được bảo kỹ càng, giao hàng nhanh",5,2021-10-28 09:31:40,122336552,122336554
900526,đóng gói cẩn thận săn đc giá sale quá đã,5,2022-10-22 20:07:27,122336552,122336554
7917585,,5,2023-08-15 12:01:55,122336552,122336554
20500159,Bìa bị móp 1 góc nhưng vì shippper thân thiện nên tui bỏ qua o(｀ω´ )o,5,2022-03-30 08:56:52,122336552,122336554
22860169,............đẹp,5,2022-02-08 15:28:43,122336552,122336554
8121397,"sách đẹp xỉu, thùng hơi móp nhưng may là sách không sao",5,2022-03-27 10:59:37,122336552,122336554
8414431,,5,2022-02-06 16:41:17,122336552,122336554
24946596,"Giao hàng rất nhanh. Kh df, sách rất đẹp, nên mua nha mn",5,2022-03-30 10:33:02,122336552,122336554
27659089,"Nội dung hay,bìa đẹp,xịn xò",5,2022-08-22 13:17:15,122336552,122336554
27576897,Tốt,5,2023-02-12 22:43:19,122336552,122336554
8991802,Siu đẹp luôn hộp móp nhưng truyện ko móp chút nào luôn,5,2022-02-06 21:09:55,122336552,122336554
19513601,,5,2024-05-09 15:12:37,122336552,122336554
9634663,Chưa đọc nên ko bt nhưng nhìn qua thì tốt lắm,5,2022-03-29 18:23:04,122336552,122336554
1527389,"Sách nguyên seal, ko cọc chống sốc nhưng không bị móp méo gì hết. truyện siêu hài",5,2022-08-31 17:04:30,122336552,122336554
18204104,"đẹp! sách ko bị móp méo, giao hàng nhanh",5,2022-03-28 15:14:20,122336552,122336554
13054580,,5,2024-02-26 12:45:38,122336552,122336554
18645508,tạm ổn giao hàng nhanh nhưng không có bọc chống sốc,5,2021-11-19 20:34:26,122336552,122336554
26639726,"Truyện rất hay , nội dung lạ ❤️",5,2022-03-11 08:28:34,122336552,122336554
10660254,Hàng về nhanh không bị hết góc hay j hết,5,2022-01-22 16:38:59,122336552,122336554
29166755,,5,2024-01-24 18:12:21,122336552,122336554
25942585,"Giap hàng nhanh, không bị móp góc.",5,2022-03-02 01:05:12,122336552,122336554
137405,Giao hàng nhanh. Sách được đóng gói đẹp lắm ạ.,5,2021-10-13 22:01:43,122336552,122336554
279211,"Sách siêu đẹp, giao hàng siêu nhanh, may mắn ko bị lỗi gì cả.",5,2022-09-18 22:39:43,122336552,122336554
27091821,";-; 103k/cuốn. Giá cả khá okie, tuy không có bọc và đúng hôm giao hàng trời mưa nhưng may là chỉ bị ướt tí xíu ở hộp. Tập 1 chắc do rách seal nên nhà bán bọc lại T^T. Có điều vì không có bookmark trong khi tập 2 vẫn có nên đánh giá 4 sao thôi 😞🥲",4,2022-07-02 09:05:54,122336552,122336554
11028985,có gãy góc nhưng không sao ạ,5,2022-01-22 21:07:17,122336552,122336554
20354883,Good,5,2022-07-17 17:34:56,122336552,122336554
16984894,đẹp lắm nha,5,2022-05-05 02:46:59,122336552,122336554
27209866,Rất tốt,5,2022-05-29 22:14:54,122336552,122336554
17739458,không bị sứt mẻ miếng nào. Ưng lắm,5,2021-10-28 11:12:56,122336552,122336554
8042830,"Giao nhanh, sách tuy k có bọc chống sốc nhưng vẫn k bị df :)))), tuỵt zời",5,2022-03-27 14:38:39,122336552,122336554
552511,sách còn nguyên seal đóng gói tốt,5,2021-10-24 13:32:44,122336552,122336554
6647460,sản phẩm chất lượng,5,2021-12-26 09:15:10,122336552,122336554
26789491,Gvugtxtvukivdyb,5,2022-03-01 16:34:52,122336552,122336554
27200028,,5,2022-05-16 16:54:30,122336552,122336554
26070892,"sách đẹp, giao nhanh",5,2021-12-26 14:49:45,122336552,122336554
26544946,Hay,5,2022-04-27 15:10:18,122336552,122336554
23019320,,5,2022-05-09 12:38:26,122336552,122336554
26168858,Nice,5,2022-04-14 13:15:04,122336552,122336554
21956178,Đẹp lắm,5,2022-02-22 23:47:10,122336552,122336554
27245262,,5,2022-04-17 11:33:14,122336552,122336554
24278958,Truyện hay hài dtttt😘😘,5,2022-12-24 15:51:20,122336552,122336554
25861497,,5,2023-06-09 14:19:55,122336552,122336554
27062718,"Giao hàng nhanh, sách không bị hư hại gì, bìa sách siêu xinh",5,2022-03-29 13:58:25,122336552,122336554
10794832,,5,2022-02-24 16:23:11,122336552,122336554
27411787,"hàng giao nhanh, sảng phẩm tốt, truyên cực kỳ hay~",5,2022-05-06 21:34:52,122336552,122336554
16428689,,5,2023-04-11 19:34:57,122336552,122336554
21575280,,5,2023-03-27 10:54:34,122336552,122336554
25849730,"hài lòng, sách có bọc kĩ càng, nội dung hay, rất đáng tiền",5,2022-01-05 19:33:50,122336552,122336554
6811495,🥺🥺,5,2021-10-30 20:20:15,122336552,122336554
43795,,5,2023-02-25 10:17:10,122336552,122336554
17449740,,5,2023-02-23 20:15:08,122336552,122336554
25868762,,5,2023-02-22 20:43:00,122336552,122336554
23119657,Sách đẹp xỉu luôn á.Vừa dày lại còn rất xinh,5,2022-03-02 19:46:37,122336552,122336554
8274119,"giao hàng nhanh, truyện nghe review thấy hay lắm",5,2022-03-29 17:35:58,122336552,122336554
16055110,,5,2021-11-05 12:30:25,122336552,122336554
26017776,bao bọc rất oke sách cũng đẹp nx,5,2022-05-14 15:00:15,122336552,122336554
19743218,,5,2023-01-05 23:47:43,122336552,122336554
11503411,,5,2023-01-03 19:29:01,122336552,122336554
23720868,Xinh đẹp tuyệt vời 👍👍👍😍😍😍,5,2022-02-14 18:42:03,122336552,122336554
28059010,Bìa đẹp ổn,5,2022-08-26 17:17:54,122336552,122336554
15961723,,5,2022-11-23 22:27:48,122336552,122336554
28132444,,5,2022-11-18 11:51:56,122336552,122336554
27980062,,5,2022-11-12 09:54:11,122336552,122336554
10200953,,5,2022-11-11 14:03:01,122336552,122336554
22446400,,5,2022-10-26 23:14:14,122336552,122336554
28278668,,5,2022-10-26 11:02:15,122336552,122336554
6616662,,5,2022-10-25 20:50:25,122336552,122336554
21063503,,5,2022-10-20 18:59:53,122336552,122336554
1707502,,5,2022-10-15 08:24:14,122336552,122336554
21663407,,5,2022-10-07 19:49:18,122336552,122336554
361453,,5,2022-10-05 20:32:12,122336552,122336554
7167658,,5,2022-10-04 13:38:56,122336552,122336554
718412,,5,2022-09-30 19:53:24,122336552,122336554
22048757,chấm chấm chấm=))),5,2022-05-11 17:39:16,122336552,122336554
6754058,,5,2022-09-22 03:08:07,122336552,122336554
12355904,,5,2022-09-17 22:47:08,122336552,122336554
21983638,,5,2022-09-12 17:38:12,122336552,122336554
26686981,sản phẩm chất lượng tốt,5,2022-02-25 18:20:29,122336552,122336554
11516293,nên có bóc chống xốc nha ad,5,2022-02-23 21:07:44,122336552,122336554
5648799,,5,2022-09-09 20:17:51,122336552,122336554
21665172,chưa đọc nhưng rất thích,5,2022-02-21 17:43:22,122336552,122336554
6440073,,5,2022-08-21 12:50:36,122336552,122336554
21945903,"giao nhanh, có bọc sách",5,2022-02-10 20:58:09,122336552,122336554
6491532,"Sách về tay nguyên vẹn, đẹp",5,2021-12-16 14:42:32,122336552,122336554
26867088,,5,2022-07-10 00:46:42,122336552,122336554
6412873,,5,2022-07-09 11:40:23,122336552,122336554
27176692,,5,2022-07-08 09:44:59,122336552,122336554
27037376,,5,2022-07-07 09:50:58,122336552,122336554
7890505,,5,2022-07-04 18:55:07,122336552,122336554
19991552,💕,5,2022-06-09 16:31:22,122336552,122336554
22874995,Chất lượng sp tốt,5,2022-02-10 21:41:54,122336552,122336554
26168018,sản phẩm tuyệt vời,5,2022-01-19 10:05:37,122336552,122336554
14407331,,5,2022-06-14 11:26:23,122336552,122336554
23756331,,5,2022-06-11 15:54:41,122336552,122336554
18905447,,5,2022-06-11 08:24:51,122336552,122336554
26163471,,5,2022-06-10 13:02:55,122336552,122336554
6185171,,5,2022-06-08 16:35:22,122336552,122336554
27400639,,5,2022-05-27 19:18:52,122336552,122336554
17628627,giao nhanh,5,2022-03-24 11:42:41,122336552,122336554
1830079,,5,2022-05-18 16:26:54,122336552,122336554
24706823,.sách đẹp,5,2022-03-02 17:37:13,122336552,122336554
7062447,"Giao hàng nhanh,đóng gói kỹ",5,2021-11-04 10:33:08,122336552,122336554
12878658,tốt,5,2022-04-16 21:15:56,122336552,122336554
8494041,,5,2022-05-14 08:35:57,122336552,122336554
27216176,,5,2022-05-10 22:02:15,122336552,122336554
6243202,,5,2022-05-10 20:11:12,122336552,122336554
16727059,,5,2022-05-08 06:05:02,122336552,122336554
20010719,,5,2022-05-05 22:27:13,122336552,122336554
15625001,,5,2022-05-05 06:10:37,122336552,122336554
8055926,,5,2022-05-04 15:32:23,122336552,122336554
26724509,hay,5,2022-04-16 15:03:21,122336552,122336554
26599968,,5,2022-05-02 08:44:45,122336552,122336554
26045852,giá tốt,5,2022-02-26 19:17:53,122336552,122336554
20836304,giao nhanh,5,2022-02-24 19:13:50,122336552,122336554
385406,,5,2022-04-20 22:30:44,122336552,122336554
694893,Ok.,5,2022-04-02 12:53:23,122336552,122336554
1111563,,5,2022-04-16 20:04:11,122336552,122336554
21367604,,5,2022-04-09 19:08:57,122336552,122336554
21975090,,5,2022-04-08 14:59:35,122336552,122336554
972756,,5,2022-04-07 10:14:25,122336552,122336554
2052816,Hay,5,2022-03-20 20:50:16,122336552,122336554
17244110,,5,2022-04-07 09:42:35,122336552,122336554
7640656,,5,2022-04-04 22:52:19,122336552,122336554
21330868,,5,2022-04-03 15:02:49,122336552,122336554
19941114,,5,2022-04-03 14:00:52,122336552,122336554
27025804,.,5,2022-03-27 21:19:31,122336552,122336554
20494052,Tốt,5,2022-03-03 14:23:39,122336552,122336554
19722533,,5,2022-03-29 18:24:22,122336552,122336554
5871536,,5,2022-03-26 21:19:23,122336552,122336554
10061134,,5,2022-03-25 13:02:33,122336552,122336554
9913615,,5,2022-03-13 17:17:41,122336552,122336554
1831588,,5,2022-03-12 23:17:43,122336552,122336554
5223974,hay và đẹp lắm,5,2021-11-14 21:00:53,122336552,122336554
17721130,,5,2022-03-05 15:56:04,122336552,122336554
19025868,,5,2022-03-04 19:03:03,122336552,122336554
11245000,ổn,5,2022-02-08 17:09:50,122336552,122336554
18320015,hi,5,2022-02-17 14:41:50,122336552,122336554
26718649,,5,2022-02-23 18:07:30,122336552,122336554
26740424,,5,2022-02-22 16:02:41,122336552,122336554
25836628,perfect,5,2022-01-12 17:55:00,122336552,122336554
10927985,,5,2022-02-20 09:26:48,122336552,122336554
17641489,,5,2022-02-18 14:45:57,122336552,122336554
5902753,,5,2022-02-17 12:07:07,122336552,122336554
10941367,,5,2022-02-17 07:48:12,122336552,122336554
8426557,,5,2022-02-16 22:15:00,122336552,122336554
20381813,,5,2022-02-16 22:10:25,122336552,122336554
21255963,,5,2022-02-14 17:26:45,122336552,122336554
18332421,,5,2022-02-11 22:55:59,122336552,122336554
18999680,,5,2022-02-11 12:28:11,122336552,122336554
26729926,,5,2022-02-09 22:48:58,122336552,122336554
22656401,,5,2022-02-09 15:08:51,122336552,122336554
26649109,,5,2022-02-07 17:10:47,122336552,122336554
26655861,,5,2022-02-06 05:09:47,122336552,122336554
6691110,good,5,2022-01-13 15:03:36,122336552,122336554
19805857,,5,2022-02-05 23:59:16,122336552,122336554
12961580,,5,2022-02-05 09:54:14,122336552,122336554
26379171,,5,2022-02-04 22:52:26,122336552,122336554
1363264,,5,2022-02-04 16:11:27,122336552,122336554
26328642,,5,2022-02-04 11:24:40,122336552,122336554
26639800,,5,2022-02-01 17:37:04,122336552,122336554
16336826,,5,2022-01-28 14:37:56,122336552,122336554
19390362,,5,2022-01-25 19:28:09,122336552,122336554
13975883,,5,2022-01-24 23:47:51,122336552,122336554
1040890,,5,2022-01-24 18:50:35,122336552,122336554
17736613,,5,2022-01-21 11:41:08,122336552,122336554
532607,,5,2022-01-20 12:24:36,122336552,122336554
18456754,,5,2022-01-20 09:05:39,122336552,122336554
330391,,5,2022-01-19 17:38:13,122336552,122336554
25722781,,5,2022-01-18 19:53:53,122336552,122336554
24368357,,5,2022-01-18 15:01:26,122336552,122336554
16624683,,5,2022-01-17 16:22:47,122336552,122336554
26507870,,5,2022-01-17 10:07:11,122336552,122336554
26454813,,5,2022-01-14 11:51:57,122336552,122336554
8418521,,5,2022-01-13 20:02:22,122336552,122336554
5582014,,5,2022-01-12 15:25:48,122336552,122336554
25263799,,5,2022-01-12 15:49:28,122336552,122336554
16214925,,5,2022-01-07 14:10:34,122336552,122336554
15548056,,5,2022-01-07 13:50:24,122336552,122336554
7125684,,5,2021-12-30 14:53:06,122336552,122336554
1201689,,5,2021-12-27 16:00:35,122336552,122336554
21935834,,5,2021-12-26 20:05:58,122336552,122336554
23139442,,5,2021-12-24 23:04:39,122336552,122336554
25833322,,5,2021-12-23 22:13:35,122336552,122336554
25395190,,5,2021-12-23 16:20:02,122336552,122336554
22414262,,5,2021-12-23 10:36:20,122336552,122336554
23336654,,5,2021-12-21 16:20:54,122336552,122336554
202200,,5,2021-12-20 17:58:49,122336552,122336554
17537961,,5,2021-12-20 13:11:03,122336552,122336554
8027088,,5,2021-12-18 18:02:51,122336552,122336554
14590709,,5,2021-12-14 20:23:01,122336552,122336554
14590709,,5,2021-12-14 20:23:01,122336552,122336554
22691948,,5,2021-12-12 15:02:27,122336552,122336554
14566380,,5,2021-12-10 14:31:07,122336552,122336554
1812687,.,5,2021-11-30 11:52:45,122336552,122336554
19833374,,5,2021-12-05 11:57:29,122336552,122336554
24802172,gud,5,2021-11-12 17:05:34,122336552,122336554
21363380,,5,2021-11-29 21:10:15,122336552,122336554
9933156,,5,2021-11-24 11:52:16,122336552,122336554
12101445,nice,5,2021-10-25 10:17:58,122336552,122336554
22123675,,5,2021-11-17 13:11:20,122336552,122336554
141963,,5,2021-11-15 13:12:15,122336552,122336554
5903153,,5,2021-11-13 17:49:27,122336552,122336554
24759412,,5,2021-11-11 20:14:13,122336552,122336554
13783181,,5,2021-11-10 13:33:34,122336552,122336554
11740489,,5,2021-11-09 23:09:29,122336552,122336554
19900006,,5,2021-11-06 19:21:32,122336552,122336554
24452129,,5,2021-11-01 13:41:21,122336552,122336554
333003,,5,2021-10-29 19:31:17,122336552,122336554
19545520,,5,2021-10-29 14:05:59,122336552,122336554
520088,,5,2021-10-27 00:12:14,122336552,122336554
13201229,,5,2021-10-23 13:59:48,122336552,122336554
22026227,,5,2021-10-21 18:38:28,122336552,122336554
19042351,,5,2021-10-21 10:58:44,122336552,122336554
1576246,,5,2021-10-18 14:00:22,122336552,122336554
1524622,,5,2021-10-15 16:58:40,122336552,122336554
521625,,5,2021-10-14 21:35:38,122336552,122336554
8490417,,5,2021-10-13 22:06:26,122336552,122336554
302345,,5,2021-10-11 15:00:20,122336552,122336554
494562,,5,2021-10-04 08:52:21,122336552,122336554
17105091,,5,2021-09-27 12:42:59,122336552,122336554
403028,"Cẩm Phong sản xuất chưa thất vọng bao giờ, bìa rất đẹp nhưng lỗi ở giai đoạn shipper. Dù cho thời tiết không thuận lợi nhưng những lần trước mưa to bão lớn cũng chưa lần nào đặt hàng tiki mà bị như lần này, đến khi nhận hàng đã rách sách ngấm nước đến cái hộp cũng nát đến không còn hình, mình mua để sưu tầm là chính yếu nên khi nhận được rất không hài lòng, mua 5 quyển hết 3 quyển ước nước nhưng chưa đến nỗi ngấm nhiều, chỉ có 1 quyển hư hại, giờ đổi trả 1 quyển thì cũng mất thời gian nên thôi. Các điểm khác đều tốt, điểm trừ là shipper lần này, có chút không chuyên nghiệp.",3,2021-10-18 21:01:25,122336552,122336554
6084832,Hộp bị hư hỏng lúc vận chuyển rất nhiều cũng như sách ko có phần chống sốc,4,2021-12-24 01:38:27,122336552,122336554
10738545,Sách đẹp. Giao hàng nhanh. Nhưng sách bị móp phần góc,4,2022-03-18 11:42:52,122336552,122336554
26282269,ai chơi ác gạch cái cho ẻm bị df z hong bit ☺ giao hàng nhanh lém,4,2022-01-01 17:09:09,122336552,122336554
28971362,"Bị df bìa, sefl bị rách, trang giấy ở trong vài trang còn bị nhăn",3,2024-03-18 21:10:33,122336552,122336554
27611020,bookmark bik df khá nặng sách giáo nhanh đẹp nhưng màu của a công nó hơi khác cái hình bìa,3,2022-06-07 11:19:12,122336552,122336554
11078470,Làm ơn nhớ quấn lớp chống sốc khi đặt nhiều sản phẩm giao mà lòi cả cuốn sách ra khỏi thùng,4,2021-12-20 10:09:41,122336552,122336554
27098732,"Không thèm bao chống sốc gì luôn, nên khi mở hàng tuy đã rạch nhẹ hết mức nhưng vẫn vào sách, quá chán tiki về cách gói hàng",1,2022-04-13 17:49:47,122336552,122336554
28736,"Tiki giao hàng sớm hơn lịch dự kiến, đóng gói ổn.",4,2021-10-13 14:27:23,122336552,122336554
26102181,bên góc bị móp 2 khúc nhỏ,4,2022-03-30 13:36:16,122336552,122336554
19957174,,4,2022-05-12 21:34:31,122336552,122336554
25818048,Df nhẹ,4,2022-02-27 09:30:20,122336552,122336554
28765868,,4,2023-02-02 17:44:51,122336552,122336554
14920009,"giao hàng nhanh, nhưng gói hàng k kĩ gì hết",4,2022-01-13 10:20:46,122336552,122336554
20948121,"Seal thì bị rách , sách thì bẩn nên trừ 1 sao",4,2021-12-06 17:36:52,122336552,122336554
27915585,,4,2022-08-23 17:41:20,122336552,122336554
7046414,Bên vận chuyển làm sách bị df,4,2022-01-04 22:57:45,122336552,122336554
2189046,chua nhan hang gi het buc boi qua,1,2022-01-27 10:19:44,122336552,122336554
20270794,bị lệt màu rách siu nhăn bìa,1,2021-11-27 10:14:34,122336552,122336554
23357283,,4,2022-05-05 21:23:02,122336552,122336554
279985,,4,2022-02-09 19:48:56,122336552,122336554
24236737,(*) Đánh giá không tính điểm Sản phẩm giao về bị móp méo,1,2022-08-23 23:34:37,122336552,122336554
28764790,"Hài lòng :3 Seal có rách nhưng sách an toàn, ko rõ là do lúc đóng gói bị xước hay từ trong kho đã v",5,2023-02-02 10:50:22,131139976,131139977
19810869,"Mình rất thích, rất đáng mua",5,2023-02-24 19:21:53,131139976,131139977
15807902,"xinh đẹp quá đi, đóng gói an toàn mặc dù hk có bao bọc nhưng mà vẫn hk bị móp góc, 10đ cho vận chuyển 10đ cho giao trong ngày heh",5,2022-05-11 11:04:55,131139976,131139977
15897161,"lúc đặt hàng bên tiki có hơi lo tại sợ gói không cẩn thận với mất seal nhưng mở hàng rồi thấy yên tâm lắm ạ, gói kĩ, cẩn thận và giao nhanh nữa, rất like!",5,2022-07-10 12:32:40,131139976,131139977
10961516,Chất lượng tốt đóng gói chắc chắn giao hàng nhanh ❤️❤️❤️❤️❤️❤️,5,2022-11-19 00:25:44,131139976,131139977
15196669,"Giao nhanh, bìa đẹp, bọc kĩ nữa, nội dung không phải phần mình thích, nhưng lần sau sẽ mua tiếp, 5* nha💙💙💙",5,2022-02-07 08:50:03,131139976,131139977
28360163,"Tuyệt vời lắm nè , shop đóng gói kĩ càng nè, 10 điểm 10 điểm",5,2022-11-17 17:35:01,131139976,131139977
16355046,Truyện hay lắm đọc lại mấy lần vẫn thấy cuốn,5,2023-01-29 10:30:07,131139976,131139977
1682746,,5,2026-04-11 13:32:15,131139976,131139977
12871095,"giao hàng nhanh chóng, hộp ngoài móp, sản phẩm rách seal, may sách k quá bị gì",5,2022-04-17 14:07:10,131139976,131139977
17250060,Tiki giao hàng nhanh. Hôm nay đặt mai đã tới nơi. Truyện cũng hay nữa. Cảm ơn tiki nhiều,5,2022-12-12 08:35:08,131139976,131139977
20085207,ngonnnnn u mê thích tính cách bạn Doãn Thịnh,5,2023-10-15 17:46:27,131139976,131139977
14018570,,5,2025-09-19 15:10:27,131139976,131139977
10259761,"Ahihi, k bị rách hay df Giao hàng nhanh, đặt lúc 17h30 tới 19h là có luôn",5,2022-11-22 20:04:52,131139976,131139977
5171969,"Là fan của dòng tr này mặc dù đã đọc bản internet nhưng mua về sưu tầm. In đẹp, chất lượng",5,2022-04-02 20:26:06,131139976,131139977
8263278,Mua hàng Tiki nhiều năm rồi tôi rất yên tâm. Sản phẩm này ok tôi rất thích. Thank Tiki!,5,2022-06-08 19:18:46,131139976,131139977
28617505,"Giao hàng siêu nhanh, bìa đẹp, sách nguyên seal",5,2023-03-02 14:43:43,131139976,131139977
28537473,"Truyện hay, giao hàng nhanh, sách không bị sao hết",5,2023-01-30 20:54:57,131139976,131139977
13451746,sản phẩm đẹp giống như hình ảnh minh họa của shop mình thấy hài lòng,5,2022-07-20 12:59:22,131139976,131139977
13824643,Tui thích bộ này cực luôn á . với lại tiki sale rẻ nữa nên mua nên mua,5,2022-07-18 21:50:55,131139976,131139977
21137850,Đẹp xỉu mn ơi,5,2022-02-10 16:54:29,131139976,131139977
22049445,"truyện hay, giao hàng nhanh hong bị móp méo",5,2022-07-02 12:59:57,131139976,131139977
28548508,Truyện đẹp,5,2022-12-07 07:02:19,131139976,131139977
9063005,"Giao hàng nhanh, sách đẹp",5,2023-10-18 10:13:43,131139976,131139977
5903153,Good,5,2022-12-16 08:43:25,131139976,131139977
25942585,"Giao hàng nhanh, sách gói oke",5,2022-06-30 03:05:37,131139976,131139977
28623931,Sách in rất đẹp và đóng gói cẩn thận giao nhanh,5,2023-01-29 12:49:58,131139976,131139977
17851752,"Rất hài lòng về sản phẩm, giao nhanh nhưng ko sách ko bị hư hỏng gì",5,2022-08-04 08:52:13,131139976,131139977
8426557,sách ok ko móp méo hay hư hỏng,5,2022-02-16 22:15:12,131139976,131139977
27936970,Tốt,5,2022-08-10 08:17:59,131139976,131139977
27357963,Sách đẹp nhưng đóng gói ẩu quá,5,2023-02-27 13:48:44,131139976,131139977
16269377,đẹp,5,2022-06-25 11:16:42,131139976,131139977
5594690,Tiki giao hàng rất nhanh!,5,2022-02-12 21:38:37,131139976,131139977
21956178,Bìa đẹp lắm,5,2022-02-16 18:22:39,131139976,131139977
19722529,,5,2022-05-25 12:27:02,131139976,131139977
17227538,,5,2022-05-18 12:18:56,131139976,131139977
8612269,,5,2023-07-27 22:59:14,131139976,131139977
12390000,,5,2023-07-12 17:05:10,131139976,131139977
24077486,"Sách đẹp, giao nhanh",5,2023-02-19 16:24:07,131139976,131139977
5676344,"Bọc đẹp, chắc chắn nhưng giao hàng trễ hơn so với dự kiến.",5,2022-03-31 19:54:01,131139976,131139977
8489159,,5,2023-06-30 15:44:48,131139976,131139977
357871,,5,2023-06-29 21:22:48,131139976,131139977
23458277,hay,5,2022-03-27 13:46:44,131139976,131139977
26816530,hay ạ,5,2022-02-20 17:35:26,131139976,131139977
29162041,,5,2023-06-11 21:08:07,131139976,131139977
608822,,5,2023-06-09 01:50:41,131139976,131139977
26544946,Hay,5,2022-03-06 23:23:18,131139976,131139977
8087065,,5,2022-01-27 20:41:10,131139976,131139977
18306820,rất đẹp ạ giao nhanh cực kì ms hôm qua đặt hôm sau có rồi,5,2022-01-21 15:26:32,131139976,131139977
7907114,,5,2023-03-24 07:41:04,131139976,131139977
43795,,5,2023-02-25 10:16:33,131139976,131139977
23119657,"Giao hàng nhanh,sản phẩm đẹp.Hóng ra tập 5 nha",5,2022-03-02 19:46:12,131139976,131139977
26849442,,5,2023-01-27 21:23:27,131139976,131139977
8477843,"Giao nhanh thần tốc, chất lượng an tâm",5,2022-04-12 10:05:11,131139976,131139977
22000635,,5,2023-01-05 15:53:53,131139976,131139977
13168710,Giao hàng nhanh đóng gói cẩn thận,5,2022-05-06 12:28:55,131139976,131139977
583469,,5,2022-12-28 20:55:07,131139976,131139977
10831636,,5,2022-12-28 12:10:09,131139976,131139977
16792901,,5,2022-12-24 21:35:53,131139976,131139977
28562264,,5,2022-12-10 16:34:48,131139976,131139977
19550,,5,2022-11-11 19:57:07,131139976,131139977
10200953,,5,2022-11-11 14:03:31,131139976,131139977
7483456,,5,2022-10-28 15:51:35,131139976,131139977
7573088,Đóng gói rất đẹp,5,2022-06-08 22:04:40,131139976,131139977
22446400,,5,2022-10-26 23:14:54,131139976,131139977
5742358,,5,2022-10-26 21:50:28,131139976,131139977
14662567,,5,2022-10-26 12:09:07,131139976,131139977
26845664,tuyệt,5,2022-08-17 19:48:56,131139976,131139977
494562,Okie,5,2022-09-01 13:12:17,131139976,131139977
10794832,,5,2022-09-16 13:55:16,131139976,131139977
22414262,,5,2022-09-10 13:37:33,131139976,131139977
82362,,5,2022-09-08 10:18:19,131139976,131139977
5648799,,5,2022-09-08 07:43:03,131139976,131139977
13411767,Ship nhanh truyện thì quá hay rồi,5,2022-01-19 10:15:26,131139976,131139977
19206064,,5,2022-08-31 15:54:18,131139976,131139977
12245225,"giao nhanh, đẹp, chất lượng",5,2022-01-24 07:10:10,131139976,131139977
16478449,,5,2022-08-14 20:43:50,131139976,131139977
2127220,,5,2022-08-11 18:08:58,131139976,131139977
20298535,"Giao nhanh, sách đẹp",5,2022-03-23 14:56:07,131139976,131139977
884198,,5,2022-08-08 18:44:55,131139976,131139977
9651383,,5,2022-07-30 14:03:01,131139976,131139977
8095663,,5,2022-07-28 14:50:40,131139976,131139977
8427939,,5,2022-07-19 10:27:19,131139976,131139977
22747895,,5,2022-07-16 23:54:30,131139976,131139977
6779867,,5,2022-06-21 18:21:13,131139976,131139977
5954978,,5,2022-06-21 09:52:52,131139976,131139977
18611109,,5,2022-06-19 01:10:13,131139976,131139977
27677755,,5,2022-06-18 13:53:36,131139976,131139977
552437,,5,2022-06-16 19:43:10,131139976,131139977
14407331,,5,2022-06-11 23:17:07,131139976,131139977
27640196,,5,2022-06-08 18:19:48,131139976,131139977
27062718,,5,2022-06-08 17:05:37,131139976,131139977
6045077,,5,2022-06-08 12:41:17,131139976,131139977
27104559,,5,2022-06-07 14:04:19,131139976,131139977
1107606,,5,2022-06-07 11:53:19,131139976,131139977
15114889,,5,2022-06-06 15:58:30,131139976,131139977
17058703,,5,2022-06-05 22:03:28,131139976,131139977
27289056,ok,5,2022-05-24 21:59:05,131139976,131139977
26771193,,5,2022-06-02 17:19:44,131139976,131139977
11060071,,5,2022-05-27 12:21:41,131139976,131139977
7209387,,5,2022-05-24 20:32:49,131139976,131139977
11641528,sách đẹp mới,5,2022-02-08 13:13:11,131139976,131139977
17388537,- Hay,5,2022-04-20 19:11:49,131139976,131139977
26714961,khá tốt,5,2022-03-17 17:40:49,131139976,131139977
27372239,,5,2022-05-13 16:11:48,131139976,131139977
15270260,Ok,5,2022-04-29 23:51:19,131139976,131139977
1707502,,5,2022-05-05 10:26:35,131139976,131139977
21665172,👍👍👍,5,2022-02-21 17:41:39,131139976,131139977
10886906,,5,2022-04-30 10:17:55,131139976,131139977
385406,,5,2022-04-20 22:31:00,131139976,131139977
694893,Ok.,5,2022-04-02 12:53:36,131139976,131139977
17851203,,5,2022-04-14 11:15:01,131139976,131139977
16898555,,5,2022-04-13 20:41:41,131139976,131139977
5420655,,5,2022-04-10 15:32:56,131139976,131139977
26616609,,5,2022-04-10 12:16:04,131139976,131139977
25342948,",,,,,,,,",5,2022-02-19 12:51:51,131139976,131139977
17970888,hay,5,2022-03-18 11:04:38,131139976,131139977
7600696,,5,2022-04-02 21:16:10,131139976,131139977
280289,,5,2022-04-02 11:47:47,131139976,131139977
11198935,,5,2022-04-01 10:07:15,131139976,131139977
26944205,,5,2022-03-30 17:59:58,131139976,131139977
988648,like mạnh,5,2022-01-24 13:20:11,131139976,131139977
17244110,,5,2022-03-29 05:58:49,131139976,131139977
5281879,,5,2022-03-28 21:09:29,131139976,131139977
12247427,,5,2022-03-27 14:59:55,131139976,131139977
16478256,,5,2022-03-26 22:49:17,131139976,131139977
17575707,,5,2022-03-25 23:15:10,131139976,131139977
10932017,,5,2022-03-25 21:50:43,131139976,131139977
27149847,,5,2022-03-24 13:55:11,131139976,131139977
15389282,,5,2022-03-22 20:58:36,131139976,131139977
7711937,,5,2022-03-21 01:25:18,131139976,131139977
16727059,,5,2022-03-19 09:26:31,131139976,131139977
984951,,5,2022-03-14 10:14:05,131139976,131139977
7348847,,5,2022-03-13 14:45:38,131139976,131139977
6031697,,5,2022-03-13 00:06:55,131139976,131139977
26168018,....,5,2022-02-17 09:24:09,131139976,131139977
12623455,,5,2022-03-11 15:15:04,131139976,131139977
20985227,,5,2022-03-10 11:39:25,131139976,131139977
8674543,Tốt,5,2022-02-06 14:00:59,131139976,131139977
22751256,,5,2022-03-06 17:43:35,131139976,131139977
3002371,,5,2022-03-03 14:11:29,131139976,131139977
22345071,,5,2022-03-01 18:00:31,131139976,131139977
6896772,,5,2022-02-27 12:24:42,131139976,131139977
22346448,,5,2022-02-24 13:16:07,131139976,131139977
14497174,,5,2022-02-18 16:14:48,131139976,131139977
401573,,5,2022-02-18 13:07:56,131139976,131139977
23156905,ok,5,2022-02-06 14:10:46,131139976,131139977
25759212,,5,2022-02-17 15:33:46,131139976,131139977
20419144,,5,2022-02-16 11:09:17,131139976,131139977
10887213,,5,2022-02-16 10:40:17,131139976,131139977
7864403,,5,2022-02-12 17:06:33,131139976,131139977
786781,,5,2022-02-12 12:43:27,131139976,131139977
25802105,,5,2022-02-11 17:58:13,131139976,131139977
1040890,,5,2022-02-10 08:59:07,131139976,131139977
26167051,,5,2022-02-08 10:02:53,131139976,131139977
10614563,,5,2022-02-07 13:13:11,131139976,131139977
21157818,,5,2022-02-07 00:52:38,131139976,131139977
22276769,,5,2022-02-05 08:59:24,131139976,131139977
25263799,,5,2022-01-24 18:25:54,131139976,131139977
19914516,,5,2022-01-23 16:50:04,131139976,131139977
9041363,,5,2022-01-19 13:19:56,131139976,131139977
20140587,,5,2022-01-19 11:50:12,131139976,131139977
758581,,5,2022-01-16 11:32:39,131139976,131139977
14813026,,5,2022-01-15 14:54:21,131139976,131139977
11325368,,5,2022-01-13 19:03:39,131139976,131139977
16598328,,5,2022-01-12 12:01:15,131139976,131139977
27431078,"giao hàng nhanh , shipper thân thiện nhưng lúc nhận hàng mở ra thấy nó ko có chống sốc nên hơi hoang mang may là chỉ rách cái bọc sách chứ bên trong ko bị gì tại lần đầu tôi mua bên tiki bình thường tui toàn mua bên fahasa",4,2022-06-01 12:15:33,131139976,131139977
19396240,tất cả đều ổn chỉ trừ cái bìa 🙏🙃 in lệch hẳn luôn ạ nhìn mà sót,3,2022-01-25 16:22:26,131139976,131139977
68275,"Dịch thuật tạm ổn, vẫn còn vài chỗ cấn cấn.",4,2022-11-16 14:47:55,131139976,131139977
22133530,góc sách bị xước,4,2022-01-23 20:06:45,131139976,131139977
26196467,,4,2023-02-08 22:30:12,131139976,131139977
23921701,không có bọc chống sốc,4,2022-02-15 14:03:16,131139976,131139977
10388457,rách seal,4,2022-05-08 23:51:03,131139976,131139977
16101222,,4,2022-03-26 21:25:51,131139976,131139977
17853531,,4,2022-01-18 23:58:23,131139976,131139977
20403533,,4,2022-01-12 15:00:06,131139976,131139977
23886226,"Sản phảm cực đẹp lun lần đầu mua sách bên Tiki lun mà hên có DF xíu xíu ngay góc tập 2 thui giao siu nhanh ,thik quéee",5,2022-07-19 21:23:48,169621664,169621665
853839,"nội dung sách hay, miêu tả chi tiết đua xe f1 nên đọc rất cuốn luôn, bối cảnh phương Tây mới lạ, rất đáng đọc thử mình đặt sáng qua nay giao rồi, cứ check theo dõi đơn tới đâu miết =)))) săn sale nên giá cũng ổn",5,2022-06-08 18:59:11,169621664,169621665
20085207,"Hay đáng mua lắm mình đọc chuyện cảm xúc lẫn lộn cuời xễu luôn kết chuyện he hơn cả he , mình đọc đi đọc lại không thấy chán luôn. "" Tay trái mặt trời mọc, tay phải mặt trời lặn, đảo mắt là đã hết cả cuộc đời""",5,2023-02-21 18:26:58,169621664,169621665
15855076,sách đẹp dù có hơi bị bụi một xíu nhưng có book care nên sách không bị móp nhưng mong lần sau mong sẽ có xốp để tránh xốc nảy sách,5,2022-07-24 09:50:53,169621664,169621665
14831196,"vì mk đã đặt tập 1,2 trc đó nên giờ mới mò đi mua tập 3. Hàng về rất nhanh đặt hôm trc là hôm sau về luôn, sách cũng còn nguyên seal và ko bị df gì cả. Sẽ còn mua ủng hộ shop❤❤❤",5,2022-06-08 21:40:33,169621664,169621665
27837780,"Bộ này tưởng không hay mà hay không tưởng. Cười ẻ. Từ khi đọc bộ này xong thì tôi đã có cái nhìn khác về chai Coca Cola. Công trong bộ này chiếm hữu hơi ghê, gặp ngoài đời là tôi bưng bum búm chạy tám hướng. Sách giao về vẫn hoàn hảo ko tì vết.",5,2022-09-28 21:31:16,169621664,169621665
19126550,"Truyện hay shop giao nhanh hộp không hề bị móp méo. Nội dung truyện tuyệt cú mèo luôn, cách mà công chinh phục thụ rất đặc sắc. Đề cử với mn nhé",5,2022-05-28 14:41:01,169621664,169621665
8063016,"giao hàng nhanh, hàng chất lượng, nguyên seal có bookmark sách đẹp. Nói chung là truyện này mình cũng đọc từ trước rồi, giờ xb thành sách mừng gần chết, phải hốt ngay. May không mua ngoài hiệu sách chứ ở đây rẻ gấp mấy lần",5,2022-06-15 21:39:28,169621664,169621665
283455,Tập 3 so với tập 1 và 2 thì đỡ hơn k đến nỗi nào bị lệch màu,5,2025-07-29 22:14:42,169621664,169621665
27696268,"Shop đóng gói khá cẩn thận,giao hàng nhanh",5,2022-06-22 18:34:03,169621664,169621665
17601273,Nội dung hay. Bìa đẹp mắt. Đóng gói cẩn thận. In rõ nét. Giao hàng nhanh. Mình hài lòng,5,2022-08-20 09:05:33,169621664,169621665
28428488,"Hình ảnh mang tính chất nhận xu, k liên quan đến sách",5,2022-12-27 11:49:42,169621664,169621665
62249,"Truyện rất hay, ghi chú của người dịch rất chi tiết, dễ hiểu giúp mình có thêm hiểu biết về đua xe F1. Bìa minh hoạ rất đẹp. Gói hàng tốt, sách không bị lỗi gì cả, dịch thuật tốt tuy còn vài lỗi chính tả nhỏ. Khuyến khích đọc nhé.",5,2022-06-27 18:52:07,169621664,169621665
14239448,"Đẹp cực đẹp luôn, mà không bị df gì nha. Nói chung là mới đọc mấy chương đầu mà dịch thuật cũng mượt lắm, khát hay",5,2022-05-09 16:46:55,169621664,169621665
5648799,Sách đẹp ko bị móp méo Shop cb sách nhanh bọc kỹ Shipper giao lẹ tuyệt đời ông mặt trời.......,5,2022-09-02 16:36:35,169621664,169621665
11751688,,5,2026-02-28 14:43:12,169621664,169621665
21575280,,5,2025-11-16 10:43:11,169621664,169621665
10356248,"Giao hàng nhanh, sách xinh xỉu up xỉu down 😍😍",5,2022-04-17 15:02:52,169621664,169621665
27827676,"Bìa đẹp, in rõ nét. Giao hàng trễ hơn dự kiến 3 ngày đóng gói tạm ổn",5,2022-10-31 19:44:20,169621664,169621665
121225,,5,2025-05-23 08:44:15,169621664,169621665
6274674,"đóng gói sản phẩm chất lượng, giao hàng nhanh, chỉ tiếc không mua được bản đặc biệt chứ thật ra cái bìa cũng đủ hớp lòng người rồi :((((.",5,2022-04-22 19:45:14,169621664,169621665
13009909,hàng tốt giao hàng nhanh đáng tiền shop rất tốt đóng gói hơi sơ sài,5,2022-05-27 09:02:19,169621664,169621665
13451746,"sản phẩm đẹp giống như hình ảnh minh họa, sách hay và thú vị",5,2022-06-16 10:37:06,169621664,169621665
27535121,Bìa đẹp nội dung ổn giao hàng nhanh,5,2022-09-11 20:08:13,169621664,169621665
306493,"bìa đẹp nội dung hay, giao hàng siêu siêu lẹ",5,2022-06-17 21:48:37,169621664,169621665
1952821,Rất đẹp nha,5,2022-12-02 18:09:58,169621664,169621665
18542091,Đóng gói sơ xài,5,2022-10-16 08:22:50,169621664,169621665
27760326,hok mua hối hận ráng chịu,5,2022-07-11 21:45:40,169621664,169621665
26060546,giao hàng nhanh chất lượng tốt,5,2022-06-05 12:36:31,169621664,169621665
10823440,Truyện hay,5,2022-10-11 10:00:18,169621664,169621665
24788951,Đóng gói cẩn thận,5,2022-06-14 10:46:52,169621664,169621665
27545002,Đáng tiềnn mua lắm,5,2022-05-24 23:38:20,169621664,169621665
333003,giao nhanh hàng đẹp,5,2022-05-11 17:18:32,169621664,169621665
24750908,"Hayyyy, bìa đẹp nchung là quá tuyệt vờii",5,2023-02-15 22:15:34,169621664,169621665
16269377,Ok,5,2022-08-31 14:35:00,169621664,169621665
26867811,"sách có hơi bị móp nhưng nội dung hay và giao hàng nhanh, nên cho 5 sao",5,2022-06-09 10:17:06,169621664,169621665
29203232,,5,2023-09-21 15:33:52,169621664,169621665
27399301,Hàng không sao nhưng làm ơn cho cái bọc chống sốc ạ Ship nhanh lắm,5,2022-05-06 21:40:14,169621664,169621665
6102348,tốt,5,2022-05-17 10:19:00,169621664,169621665
27162727,,5,2023-08-15 23:28:39,169621664,169621665
27127246,"Sách đẹp lắm ạ, nhưn mà hơi bị móp ở góc sách mụt tẹo🥺",5,2022-04-30 17:10:24,169621664,169621665
22855647,,5,2022-05-04 20:53:58,169621664,169621665
27412148,"Bìa đẹp, giao nhanh nma đóng gói làm mình hơi sợ móp tí :))",5,2022-04-30 11:40:39,169621664,169621665
27245262,,5,2022-04-17 11:32:53,169621664,169621665
18204104,Giao hàng nhanh ko bị móp méo,5,2022-12-12 15:09:26,169621664,169621665
27850356,giao hàng nhanh sp k móp méo tí nào bìa xinh xỉu,5,2022-07-30 15:12:49,169621664,169621665
29180015,,5,2023-06-12 20:52:33,169621664,169621665
28846774,,5,2023-06-10 15:03:38,169621664,169621665
26789491,hack game xem tai tai tai tai tai hack hack game xem,5,2022-07-03 19:20:32,169621664,169621665
10941367,"Bìa đẹp, sách còn nguyên seal, shop giao hàng rất nhanh",5,2022-04-14 07:34:17,169621664,169621665
5567545,"giao hàng nhanh cực kỳ, giá ổn, sách còn nguyên seal",5,2022-04-19 20:58:21,169621664,169621665
10794832,,5,2023-04-07 21:49:59,169621664,169621665
19181846,,5,2023-04-01 00:45:18,169621664,169621665
16496062,,5,2023-03-06 00:01:13,169621664,169621665
22008076,,5,2023-02-21 11:42:55,169621664,169621665
18999680,,5,2023-02-15 13:57:17,169621664,169621665
13520056,,5,2023-02-05 21:29:33,169621664,169621665
28441716,,5,2023-02-03 22:24:18,169621664,169621665
28424177,,5,2023-01-31 13:57:26,169621664,169621665
22446400,tranh thủ tiki sale hốt lẹ.,5,2022-07-22 12:02:41,169621664,169621665
28373506,,5,2023-01-28 20:17:38,169621664,169621665
16132256,,5,2023-01-20 11:50:07,169621664,169621665
14857073,,5,2023-01-02 11:57:21,169621664,169621665
12798453,giao nhanh khủng hoảng 🤡,5,2022-07-03 20:27:40,169621664,169621665
27731508,,5,2022-12-20 19:38:07,169621664,169621665
28098858,,5,2022-11-30 16:57:59,169621664,169621665
27851785,,5,2022-11-29 21:06:28,169621664,169621665
26619599,,5,2022-11-28 20:57:40,169621664,169621665
27677755,,5,2022-11-12 14:19:58,169621664,169621665
10200953,,5,2022-11-11 14:02:40,169621664,169621665
27782383,Hay,5,2022-10-23 13:07:48,169621664,169621665
443659,,5,2022-11-01 20:12:59,169621664,169621665
8426557,,5,2022-10-25 07:54:19,169621664,169621665
21709716,,5,2022-10-13 16:09:23,169621664,169621665
6045077,,5,2022-10-10 20:03:30,169621664,169621665
5655359,,5,2022-10-09 00:18:15,169621664,169621665
22832604,Sách không bị móp góc,5,2022-05-01 20:39:22,169621664,169621665
28277813,,5,2022-10-05 10:35:14,169621664,169621665
27954510,Tuỵt,5,2022-08-30 14:10:43,169621664,169621665
27114495,,5,2022-09-19 09:08:27,169621664,169621665
26692796,,5,2022-09-17 06:54:27,169621664,169621665
21983638,,5,2022-09-12 17:38:04,169621664,169621665
27140629,,5,2022-09-11 12:42:33,169621664,169621665
17715352,,5,2022-09-11 09:00:52,169621664,169621665
1818973,,5,2022-08-30 20:16:53,169621664,169621665
6858829,,5,2022-08-27 21:01:41,169621664,169621665
1720088,,5,2022-08-26 16:02:21,169621664,169621665
8253982,Tốt,5,2022-07-18 20:18:12,169621664,169621665
12336110,,5,2022-08-13 11:19:12,169621664,169621665
14214609,,5,2022-08-11 10:03:16,169621664,169621665
9913615,,5,2022-07-22 06:13:34,169621664,169621665
17875198,,5,2022-07-21 10:58:10,169621664,169621665
10389530,,5,2022-07-17 12:35:58,169621664,169621665
22747895,,5,2022-07-16 23:54:23,169621664,169621665
9800667,,5,2022-07-12 16:07:17,169621664,169621665
7417292,,5,2022-07-07 10:02:57,169621664,169621665
15908468,,5,2022-07-07 00:49:14,169621664,169621665
22096434,,5,2022-07-06 09:57:10,169621664,169621665
9200693,,5,2022-07-04 18:41:49,169621664,169621665
27191043,,5,2022-06-30 17:39:04,169621664,169621665
27100083,Đẹp,5,2022-05-23 08:33:59,169621664,169621665
27549042,,5,2022-06-23 22:22:10,169621664,169621665
14407331,,5,2022-06-11 23:17:17,169621664,169621665
20356373,,5,2022-06-09 13:56:15,169621664,169621665
19925500,,5,2022-06-08 22:14:37,169621664,169621665
11703639,,5,2022-06-07 12:20:36,169621664,169621665
12797430,,5,2022-06-06 11:58:32,169621664,169621665
13168710,,5,2022-06-05 23:13:31,169621664,169621665
26669479,,5,2022-05-26 20:35:05,169621664,169621665
5937486,,5,2022-05-23 19:59:06,169621664,169621665
26070892,,5,2022-05-23 13:31:47,169621664,169621665
16352349,,5,2022-05-22 16:29:05,169621664,169621665
27437088,,5,2022-05-20 21:55:16,169621664,169621665
6176996,,5,2022-05-16 17:54:27,169621664,169621665
21271866,,5,2022-05-14 12:16:55,169621664,169621665
17476101,,5,2022-05-12 06:19:51,169621664,169621665
27225362,,5,2022-05-08 22:03:53,169621664,169621665
22414262,,5,2022-05-08 18:18:26,169621664,169621665
20630197,.,5,2022-04-30 17:59:03,169621664,169621665
6371714,,5,2022-05-05 11:40:23,169621664,169621665
26328642,,5,2022-05-04 12:21:21,169621664,169621665
17105091,,5,2022-05-03 16:57:01,169621664,169621665
7465924,,5,2022-05-02 15:27:29,169621664,169621665
1021867,,5,2022-04-25 17:05:52,169621664,169621665
21363380,,5,2022-04-25 11:40:21,169621664,169621665
7891564,,5,2022-04-21 16:49:32,169621664,169621665
770592,,5,2022-04-21 11:59:29,169621664,169621665
532607,,5,2022-04-17 16:01:45,169621664,169621665
7059160,,5,2022-04-17 09:02:58,169621664,169621665
21935834,,5,2022-04-15 08:16:52,169621664,169621665
7638214,"Góc sách ship về trong ngày bị móp như hình. Mua về để sưu tầm mà ship hàng thế này thì chịu, thất vọng không thể tả. Sách này chắc bị cấn va đập góc lúc nhập xuất hàng đây. Không dám mua lần nữa luôn á",1,2022-04-26 19:17:36,169621664,169621665
27646923,"Đã mua sách trên tiki nhiều rồi mà lần này vô cùng thất vọng. Sách bị móp góc từ tập 1 đến tập 3 không tập nào là không bị móp cả. Đã thế giao hàng sách mà không có chống sock bảo vệ có phải mấy người mua như mình bị thiệt không, nếu pass lại giá cũng k được như lúc mua dù là còn seal. Giao hàng bảo thứ 6 nhận mà đến chủ nhật mới có hàng, thôi thì em chịu do nhà em xa nhưng dù sao thì bên công ty vận chuyển cũng nhẹ nhàng với những quyển sách chứ ạ. Đã thế dợt này em còn thanh toán trước, biết là móp mép như vậy em đã để kệ nhận hàng như bình thường r. Thất vọng!!",3,2022-06-12 13:11:26,169621664,169621665
22190958,"Nội dung không có gì phải bàn nhưng Tiki gói hàng ẩu quá, hỏng hết bìa sách",4,2023-02-04 20:38:28,169621664,169621665
27812581,Lúc đặt bảo sách có book care nhưng khi nhận lại không!! Không hài lòng!,3,2022-08-03 16:50:08,169621664,169621665
7805350,Sách đẹp nhưng bị móp góc và đề xuất tiki nên có chống sốc đi chứ thấy hộp móp méo mà cứ sợ sách cũng móp theo và nó móp thiệt😢,4,2022-04-17 08:19:21,169621664,169621665
18972915,tui đặt 3 quyển thì quyển nào cux bị méo,4,2022-07-12 22:09:01,169621664,169621665
14350386,,4,2023-01-31 09:37:47,169621664,169621665
24706103,,4,2023-01-02 16:27:05,169621664,169621665
5865928,,4,2022-12-29 10:26:16,169621664,169621665
22509153,,4,2022-12-09 05:33:52,169621664,169621665
19499250,phần seal bị trầy xước nhiều,4,2022-04-16 10:49:20,169621664,169621665
10257064,sách ok giao chậm,4,2022-07-31 16:26:48,169621664,169621665
27523016,,4,2022-07-20 12:09:51,169621664,169621665
552437,,4,2022-06-16 19:43:22,169621664,169621665
694893,,4,2022-06-08 23:04:24,169621664,169621665
12144638,,4,2022-05-05 11:32:58,169621664,169621665
27338038,,4,2022-04-23 23:05:31,169621664,169621665
28204713,Mỗi lần mua bản đặc biệt là đau ví nhg mà quả k sai quả k sai siu xinhhh lun í='333,5,2022-11-29 15:06:23,205299640,205299644
7055259,"Truyện hay nên mua nha mn, bìa cứng cầm thích tay hẳn hơn bìa mềm tiki có mỗi vấn đề đóng gói là nguy cmnr hiểm, vc từ trong nam ra bắc kh có bọc chống sốc j hết, móp góc sách nhưng kh quá nhiều",5,2023-01-02 17:50:27,205299640,205299644
26450636,"Sách đẹp nhưng đóng gói còn quá sơ sài, hộp khi đến tay người nhận thì nát nhưng sách vẫn ổn 🤧",5,2023-01-15 00:23:03,205299640,205299644
19747330,"Sách đẹp,giao khá nhanh",5,2022-12-15 11:40:31,205299640,205299642
6012929,"Mình đặt bên Tiki nên hàng giao tận hơn 2 tuần mới đến, nhưng vẫn rất ưng nhaaaa",5,2022-11-28 15:28:49,205299640,205299642
20422897,Đẹp xuất sắc,5,2022-12-05 12:11:46,205299640,205299644
27646304,Hơi bị df chút ít nhưng nhìn chung thù không sao,5,2024-08-28 18:44:34,205299640,205299642
18831348,,5,2023-02-03 16:31:24,205299640,205299642
10962186,Giao từ tp HCM ra Hải Phòng mà vẫn nguyên vẹn ko bị làm sao,5,2022-11-29 09:17:08,205299640,205299644
18005164,Đợi hơi lâu nhưng bù lại hàng giao không bị lỗi. Quà tặng kèm ổn. Nói chung mua bản đặc biệt ok,5,2022-11-28 08:48:12,205299640,205299644
28492220,"Đẹp quá chừng vì thik nên về bọc liền, nhưng đóng hộp ko có bọc chống sốc 🥲🥲🥲 này ko sao",5,2022-11-24 22:54:34,205299640,205299642
897195,Sản phẩm giao tương đối lâu vì preorder nhubgw chất lượng và cách đóng gói tạm ổn.,5,2022-11-27 10:20:28,205299640,205299644
30497875,,5,2025-10-08 14:44:34,205299640,205299642
18036925,Đẹp xỉu,5,2022-12-12 12:38:18,205299640,205299644
7590141,Giao hàng nhanh. Mình chưa đọc nên không đánh giá nội dung ạ,5,2022-12-14 12:35:30,205299640,205299642
28537473,"Truyện hay, giao hàng nhanh, sách không bị sao hết",5,2023-01-30 20:50:39,205299640,205299642
26732256,Truyện hay dù kh có bọc chống sốc nhg kh bị móp méo,5,2022-11-28 18:08:36,205299640,205299644
448965,"Bìa đẹp, giao nhanh. Nội dung hay và thú vị.",5,2022-11-29 19:40:53,205299640,205299644
12359758,Sản phẩm giao nhanh hơn dự kiến,5,2023-01-28 16:16:41,205299640,205299642
19206064,Truyện hay,5,2023-06-13 19:50:00,205299640,205299642
28074547,"Đóng gói cẩn thận, 10 điểm",5,2022-11-29 12:29:12,205299640,205299644
14518355,,5,2024-09-04 12:10:51,205299640,205299642
7287481,Chưa đọc nhưng có thêm 3 ngoại truyện so với bản trên mạng nha 😄,5,2022-12-21 21:38:05,205299640,205299642
21191724,Bìa đẹp,5,2022-11-30 23:04:15,205299640,205299644
28233557,Rất ổn,5,2022-11-22 13:53:15,205299640,205299644
1831588,,5,2022-12-12 20:34:18,205299640,205299642
29783707,,5,2024-02-20 10:50:22,205299640,205299642
1188889,K hiểu sao sách lại mất seal nhưng tiki có bọc lại bằng opp,5,2022-12-02 14:35:41,205299640,205299644
13156686,"Giao hàng nhanh, Tuy hơi móp tí nhưng ko sao sách vẫn đẹp",5,2022-12-21 15:27:39,205299640,205299642
17448904,,5,2024-01-15 23:26:05,205299640,205299642
506966,,5,2023-12-11 03:03:25,205299640,205299642
14654149,"rất hay nha, bùa cứng thik lắm",5,2023-04-15 07:44:58,205299640,205299644
6269194,,5,2023-10-30 11:59:05,205299640,205299642
25098139,,5,2023-10-23 20:57:01,205299640,205299642
28891686,,5,2023-08-08 15:15:20,205299640,205299642
17411884,,5,2023-07-14 13:35:49,205299640,205299642
11517159,"Bìa bị dính keo,còn lại ổn",5,2022-12-10 09:40:14,205299640,205299644
6616662,,5,2023-06-14 17:52:47,205299640,205299642
11245000,truyện hay ship nhanh,5,2023-01-25 08:19:47,205299640,205299642
29010475,,5,2023-06-04 15:21:07,205299640,205299642
28146342,,5,2023-05-05 21:11:49,205299640,205299642
16355046,,5,2023-04-30 07:41:11,205299640,205299642
8684491,,5,2023-04-29 16:15:19,205299640,205299642
6015764,,5,2023-04-29 15:50:57,205299640,205299644
17406671,,5,2023-04-23 11:11:04,205299640,205299642
13102212,,5,2023-04-11 20:36:33,205299640,205299644
11177249,,5,2023-04-04 01:07:18,205299640,205299644
14877112,,5,2023-03-28 00:25:50,205299640,205299642
26134504,,5,2023-03-19 07:47:14,205299640,205299642
27062718,Giao hàng nhanh,5,2022-12-13 21:08:34,205299640,205299642
16496062,,5,2023-03-06 00:00:49,205299640,205299644
10675493,,5,2023-03-04 12:19:32,205299640,205299642
21585687,,5,2023-02-25 13:21:44,205299640,205299642
17449740,,5,2023-02-23 20:14:35,205299640,205299642
10794832,,5,2023-02-22 15:05:36,205299640,205299642
10872490,,5,2023-02-20 00:22:22,205299640,205299642
17674578,truyện hài,5,2022-12-04 18:34:24,205299640,205299642
27188566,,5,2023-02-13 07:53:21,205299640,205299642
9651383,,5,2023-02-11 22:25:53,205299640,205299642
1740661,,5,2023-02-08 02:40:42,205299640,205299642
12247427,,5,2023-02-04 22:45:50,205299640,205299642
24462925,,5,2023-02-04 12:17:24,205299640,205299642
1602708,,5,2023-02-02 10:44:09,205299640,205299642
19309666,,5,2023-02-01 23:21:19,205299640,205299644
26265639,,5,2023-01-28 13:28:32,205299640,205299642
28698517,,5,2023-01-27 22:38:55,205299640,205299642
16686979,Đẹp,5,2022-12-22 02:36:34,205299640,205299644
9188221,,5,2023-01-17 16:16:44,205299640,205299642
8426557,,5,2023-01-16 08:40:01,205299640,205299642
27850659,Hay,5,2022-12-29 12:58:40,205299640,205299644
49752,,5,2023-01-10 15:29:53,205299640,205299642
8128683,,5,2022-12-29 23:57:44,205299640,205299644
1018576,,5,2022-12-29 05:23:12,205299640,205299642
27460055,,5,2022-12-24 12:59:57,205299640,205299642
28617208,,5,2022-12-23 18:30:49,205299640,205299642
25942585,,5,2022-12-22 21:09:14,205299640,205299644
18458790,,5,2022-12-22 19:49:56,205299640,205299642
6957037,,5,2022-12-22 18:59:34,205299640,205299642
6440073,,5,2022-12-21 21:36:15,205299640,205299642
17960390,,5,2022-12-21 19:19:47,205299640,205299642
16394414,,5,2022-12-21 10:35:13,205299640,205299642
12813046,,5,2022-12-21 01:41:25,205299640,205299644
759415,,5,2022-12-20 22:25:14,205299640,205299642
17715352,,5,2022-12-20 17:47:00,205299640,205299644
23603458,,5,2022-12-20 15:10:54,205299640,205299644
16507789,,5,2022-12-20 12:56:51,205299640,205299642
12101445,,5,2022-12-20 12:19:10,205299640,205299642
20630197,,5,2022-12-19 16:57:54,205299640,205299642
27299180,,5,2022-12-19 13:52:21,205299640,205299642
28542217,,5,2022-12-17 12:05:47,205299640,205299642
28564750,,5,2022-12-16 09:43:34,205299640,205299644
5220865,,5,2022-12-15 17:35:04,205299640,205299644
532607,,5,2022-12-13 19:21:29,205299640,205299642
17804986,,5,2022-12-08 00:44:47,205299640,205299644
19039661,,5,2022-12-05 18:03:34,205299640,205299644
10061134,,5,2022-12-03 10:16:33,205299640,205299642
28000609,,5,2022-12-02 23:08:42,205299640,205299642
7015888,,5,2022-12-02 21:53:23,205299640,205299644
9138348,,5,2022-12-01 10:40:08,205299640,205299644
10396593,,5,2022-11-29 13:45:37,205299640,205299644
5102597,,5,2022-11-29 12:39:50,205299640,205299644
6176996,,5,2022-11-28 19:56:38,205299640,205299642
984951,,5,2022-11-27 22:26:43,205299640,205299644
23015246,,5,2022-11-27 18:51:30,205299640,205299644
16986418,,5,2022-11-27 10:06:47,205299640,205299644
481629,,5,2022-11-26 20:49:08,205299640,205299642
20477555,,5,2022-11-26 16:25:53,205299640,205299644
23296066,,5,2022-11-26 15:15:24,205299640,205299644
28282357,,5,2022-11-26 13:24:02,205299640,205299644
1826533,,5,2022-11-25 22:43:38,205299640,205299644
25193173,,5,2022-11-25 22:26:49,205299640,205299642
13734003,,5,2022-11-23 10:32:47,205299640,205299642
28108805,,5,2022-11-22 19:46:54,205299640,205299644
5607409,"Trước hết phải nói đến việc đóng gói, Tiki vui lòng bọc 1 lớp chống sốc được không ạ? Dù chỉ 1 lớp thôi cũng được, chứ nhìn quyển sách nó bị hỏng góc xót lắm đó ạ, chất lượng sách có tốt đến đâu mà bị hỏng do cách đóng gói thì lần sau là đánh giá 1 sao cho người bán luôn á :(",3,2022-12-14 13:42:39,205299640,205299642
26313559,Hàng chỉ có cái hộp với màng bọc seo mà cũng bị rách sách thì tày,4,2022-12-02 15:55:20,205299640,205299642
23468362,"Giao đủ pk, nội dung thì hay khỏi bàn ròi nhưng mà đóng gói rất là hú hồn nha🥹 Sách bìa cứng mà 1 miếng bìa chống sốc hay miếng gì đó để bọc đầu cũng hong có ,may là sách vẫn bình an",4,2022-11-27 09:27:41,205299640,205299644
5592630,Nhận hàng xong bị sốc vl :) df hẳn 1 góc nhìn mà khóc thét :) trong khi 2 cuốn đầu giao chẳng bị sao 🥺🥺🥺🥺,4,2022-11-27 13:44:39,205299640,205299644
25689039,Mất hơn 1 tuần mới nhận được hàng tới tay,1,2022-11-26 15:46:40,205299640,205299644
6491532,"Tiki tệ hơn cả tệ, gói thì ẩu. Đổi trả gọi kêu đồng ý đổi trả rồi. Đến lúc sau lại hoàn tiền kêu là hết hàng. *** chả khác gì *** đảo khách hàng",1,2022-12-02 13:23:09,205299640,205299644
6724778,Giao hàng nhanh Gói hàng hơi sơ sài Nma hàng k bị hư hỏng Đúng hàng đầy đủ sp,4,2022-11-28 09:47:00,205299640,205299644
10823440,Sách có nhiều chỗ df nhỏ trên bìa:(((,4,2022-11-22 18:32:32,205299640,205299644
12638555,Defect nặng luôn 🤡 Mà quên quay clip khui hàng nên không đổi trả được,1,2022-12-21 15:58:32,205299640,205299644
17817424,Hàng lỗi đổi rồi vẫn lỗi 😔😔😔😔😔,3,2022-12-01 17:40:00,205299640,205299644
24103878,Sp bị rách nhưng đã đc yc xử lý,3,2022-12-26 16:15:09,205299640,205299644
26842572,"Trầy, như bị tháo ra rồi bao lại",3,2022-11-24 21:55:39,205299640,205299642
29039039,,4,2023-06-07 12:36:59,205299640,205299642
15548371,,4,2022-12-24 15:06:33,205299640,205299644
25570222,,4,2022-12-21 17:31:51,205299640,205299642
2137385,,4,2022-11-28 11:57:33,205299640,205299644
10770455,,4,2022-11-27 16:40:52,205299640,205299644
19361474,"(*) Đánh giá không tính điểm Năn nỉ tiki, làm ơn cho chống sốc đi ạ 🥹 mở ra mà đau tim chết mất",3,2022-11-28 15:13:15,205299640,205299644
12353840,"(*) Đánh giá không tính điểm Giao hàng lâu (10 ngày) nhưng do giải thích hợp lý nên tạm bỏ qua, còn 3 sao do gói hàng tệ. Không hiểu sao dù đã bị nói nhiều lần nhưng Tiki vẫn không chịu sửa vụ này nữa? Bỏ qua vụ gói hàng gây thất vọng thì bộ này ok, nội dung thích hợp đọc giải trí xả stress, dịch cũng ổn đọc mượt mà, mình mua bản đặc biệt chủ yếu vì giá (giảm) và washi. Washi dài tầm 34cm/1 chu kì, có 7 hình, 1 cuộn trông khá dài, dùng trang trí xinh lắm. À không ưng cái card bo góc cho lắm nhưng do lần đầu mình có nên bỏ qua đánh giá cái đó vậy (ai rành nhận xét cho mình biết với).",3,2022-11-29 00:29:25,205299640,205299644
1610077,"(*) Đánh giá không tính điểm Đơn hàng 2 quyển, quyển nào cũng bị df, hộp nhỏ, chật so với 2 quyển sách, trong đó có quyển Nhặt sao khổ to mà Tiki đóng gói trong hộp nhỏ của quyển khổ bình thường nên bị cong góc nhiều, bìa thì bị trầy. Nói chung tệ, thiết nghĩ chắc hàng sale 50% nên vậy. Mình cũng lười đổi hàng vì sắp lễ Noel rồi cũng bận nên thôi. Hy vọng 3 quyển còn lại không bị như vậy nha Tiki, chán Tiki quá, góp ý hoài cũng vậy đóng gói không bao giờ có chống sốc.",3,2022-12-21 19:55:27,205299640,205299642
19458157,Tuyệt Tuyệt Tuyệt Tuyệt Tuyệt Tuyệt Tuyệt Tuyệt Tuyệt Tuyệt Tuyệt Tuyệt Tuyệt Tuyệt Tuyệt Tuyệt Tuyệt Tuyệt Tuyệt Tuyệt Tuyệt Tuyệt Tuyệt Tuyệt Tuyệt Tuyệt Tuyệt Tuyệt!!!!!!!!!!!!!!!!!!!,5,2024-10-27 09:43:37,274168283,274179252
15653163,"Xinh lắm nhaa, khâu gói hàng thì hơi ba chấm... mở ra mà hú hồn luôn ấy, trộm vía sách đến tay lo df miếng nào nhưng mà vẫn mong tiki gói hàng kĩ hơn nhen",5,2024-03-02 23:19:30,274168283,274179253
6793617,Gói hàng kĩ nhưng mà poster bỏ ống nước lấy ko cẩn thận dễ rách ạ,5,2024-03-27 14:14:58,274168283,274179253
13698722,Nội dung thứ hấp dẫn nét chữ đẹp giao hàng nhanh mình uống tàu thứ tư đặt thứ sáu giao sẽ mua tiếp lần sau siêu cục kĩ,5,2024-03-29 23:25:32,274168283,274179252
29801375,"Khâu giao hàng khiến mình cục kì thất vọng, mình mua với mục đích là sưu tập nên chỉ hi vọng là giao đến mình seal sách vẫn OK là được. Nhưng shop đóng gói siêu ẩu, hộp giao đến đành gần như biến dạng hơn nửa rồi, lớp chống sốc bên trong thì qua loa cực kì chả có tí tác dụng gì, còn không có đến 1 miếng băng keo để cố định, seal sách thì bị rách đúng to ở phía dưới 🙂 Thế là nhờ đấy mà giấy ở đấy bị lốm đốm nâu và còn dính dơ nữa. Lát sau mình phải khui luôn cái seal đấy để check bm có còn nguyên không hay là bay theo gió rồi. Hên là vẫn còn nguyên đấy",3,2024-02-28 11:47:39,274168283,274179253
17105091,,5,2026-02-24 17:34:31,274168283,274179252
30183022,Háo hức vô cùng vì may mua đc tập 2 lọt mất tập 1 :(,5,2024-11-02 14:40:08,274168283,274179252
17801060,,5,2025-02-09 00:50:49,274168283,274179253
18666078,Quá quá xức xắc😍😍😍,5,2024-02-27 17:47:51,274168283,274179253
29779569,Tuyệt cà là vời luôn nhá,5,2024-02-28 18:18:31,274168283,274179253
29961748,,5,2024-05-30 08:59:37,274168283,274179253
29798857,,5,2024-05-26 12:23:12,274168283,274179253
27067787,,5,2024-04-15 09:27:48,274168283,274179253
7287481,,5,2024-03-28 23:58:13,274168283,274179252
19735639,,5,2024-03-14 22:39:16,274168283,274179253
22584493,,5,2024-03-14 12:14:34,274168283,274179252
26131432,,5,2024-03-03 13:22:15,274168283,274179253
12101445,,5,2024-02-29 18:46:08,274168283,274179253
29799421,,5,2024-02-29 00:50:43,274168283,274179253
29798865,,5,2024-02-28 15:41:50,274168283,274179253
28624979,,5,2024-02-27 16:03:46,274168283,274179253
30753892,"gói cẩn thận, có bọc chống sốc, nhma sách vẫn bị df, chắc do nhà phân phối 🥲",5,2026-09-30 19:53:07,276810383,276810511
30619134,Gói ko kĩ lắm,5,2026-03-09 13:20:56,276810383,276810511
30235371,"bọc kĩ, bìa đẹp, sách không bị làm sao:) được tặng thêm card",5,2025-02-05 12:15:26,276810383,276810512
30617476,,5,2026-02-24 17:25:55,276810383,276810511
30413303,,5,2025-06-24 16:46:28,276810383,276810511
29244013,,5,2025-05-21 06:00:28,276810383,276810512
1835220,,5,2025-02-15 16:28:55,276810383,276810511
29370623,,5,2025-02-03 16:40:19,276810383,276810512
14732306,,5,2025-01-20 09:45:04,276810383,276810512
29904505,,5,2025-01-17 12:35:08,276810383,276810512
29025205,,5,2024-12-29 16:16:38,276810383,276810512
30010471,,5,2024-12-28 22:43:55,276810383,276810512
29999917,,5,2024-12-28 18:09:49,276810383,276810512
30208496,"@woo.:“那一年,就因为有人说他们喜欢蓝 色,我便爱上了整片森林。但那个人 没有说他们喜欢的蓝色是大海的蓝 色。” “năm ấy, chỉ vì có người nói thích màu xanh, tôi đem lòng tương tư cả khu rừng. nhưng người đó không nói màu xanh họ thích là màu xanh của biển khơi.”",4,2025-01-18 21:56:19,276810383,276810511
27241396,"Nói chung cũng ổn,duyệt duyệt😘 Gaio hàng siu siu nhanh nè,đóng gói thì cũng bthuong thoy Có hơi df 1 xí nhưng k saoooo Sách đẹp lắm huhu😭😭😭 Món nào cũng ổn trừ cái giá đỡ hơi vô dụng xíu☺️ Truyện hay nghen🤩😘✨",5,2022-12-23 12:15:28,194471830,194471831
11435319,"Trời ơi nhận sách mà mê mể mề mê luôn á trờiiii. Giao hàng nhanh xỉu, shipper cũng cực kỳ thân thiện và nhiệt tình, may sách nhận về không bị móp méo tí nào luôn, cực kỳ nguyên vẹn. Giá đỡ đt rất rất là xinh, bìa sách đẹp. Mua lúc sale nên giá siêu mềm luôn ạ🥰🥰🥰🥰🥰🥰",5,2022-09-07 14:06:30,194471830,194471831
28035419,"Chưa đọc nên mình cx ko bt nhận xét nd như thế nào. Lúc nhận hàng thấy hộp bị méo nên cứ lo mãi, lúc mở ra mừng rớt nc mắt, may là truyện ko sao. Vẫn cho đánh giá 5 sao vì đằng nào cx ko có niềm tin vs khâu đóng hàng của tiki lắm...",5,2022-10-27 19:03:45,194471830,194471831
13493672,"Mình mua được sale nên giá ổn, nội dung hay nếu thích phim nên mua. Tiki giao nhanh nhưng vẫn ko bọc hàng, chắc may mắn nên đến tay mình vẫn nguyên vẹn. Goods đẹp nha",5,2022-09-07 21:57:34,194471830,194471831
5876628,"Mình mua đc giá hời quá chời. Có tặng kèm giá đỡ đt, bookmarks, postcard thích quá nè. Mình coi phim xong mới mua hi vọng hay.",5,2023-05-23 16:36:25,194471830,194471831
636751,"Tiki giao nhanh, đóng gói rất chắn chắc. Các sản phẩm đủ số lượng và đúng mẫu mình đã chọn, anh shipper thân thiện và nhiệt tình lắm ạ. Mình cám ơn tiki nhiều nhé, sẽ lại ủng hộ ạ 💕💕",5,2022-08-24 12:43:35,194471830,194471831
26732256,Truyện hay khoi4 phải chê. Mà chê cách đóng gói của tiki bha,5,2022-12-19 17:38:18,194471830,194471831
2110081,"Đã nhận hangg, rất nhanhh. May không df, đã chờ bộ này có bên nào đó mua về và phát hành sách thì cũng đã có. Biết là ra lâu rồi nhưng nay mới mua được. Thôi đi đọc đây",5,2022-10-15 14:29:56,194471830,194471831
28621415,xinh lắmmm luôn không mua hối hận giao nhanh đúng hẹn sách đẹp k chút df bìa xinh khỏi bànn coi phim đã mê nên mua về đọc chắc còn mê hơn🥺,5,2022-12-28 19:10:04,194471830,194471831
27837780,"Truyện này cũng hay lắm, đọc rất bánh cuốn nha. Truyện ko quá dày, phần dịch thuật thì khỏi chê rồi. Sách giao về hoàn hảo, không bị móp méo.",5,2022-09-28 21:25:05,194471830,194471831
30179140,"Đủ hết các tặng kèm, sách đẹp",5,2024-10-23 19:07:15,194471830,194471831
7590141,"Giao hàng siêu nhanh. Đặt hôm trước hôm sau giao rồi. Giao đủ, truyện bọc kỹ càng, xếp gọn gàng. Ưng nhất là săn sale nên mua rẻ nữa 👍",5,2022-09-12 18:59:14,194471830,194471831
28312221,"Nhận sách nhanh, gói cẩn thận. Chưa đọc nhưng mà mê :)))",5,2022-12-11 18:27:05,194471830,194471831
14298849,"Phim hay nên mình cũng mong truyện hay, đắn đó cũng lâu nên giờ mới quyết định mua, giao hàng ok lắm luôn",5,2022-10-24 09:41:49,194471830,194471831
28234201,"Tuyệt vời lun, mình thích lắm",5,2022-10-01 19:24:31,194471830,194471831
27289056,Nội dung hay nha,5,2022-11-11 13:30:24,194471830,194471831
845673,"Mê phim mới mua nà , nhìn xinh lắm , chắc đọc xong cày lại phim quá , nhớ SamYU ghê.",5,2022-09-12 10:10:00,194471830,194471831
15832537,"Hơi df góc một chút nhưng đỉnh lắm , còn có ngoại truyện mà trên mạng ko có",5,2022-08-26 22:58:43,194471830,194471831
8736970,"Xem phim rất nhìu lần ròi vẫn quyết tâm mua sách vì quá là mê đi, fan của wbl nhất định nên mua nha",5,2023-03-28 15:27:21,194471830,194471831
14991934,uhmmmm vì xem phim thích quá nên đã mua truyện về để đọc luôn ;>,5,2022-09-01 23:48:48,194471830,194471831
16386654,,5,2024-11-24 16:09:22,194471830,194471831
28198930,"Huhu sách xịn lắm luôn, nói chung tuỵt dờiii=33",5,2022-09-20 13:05:18,194471830,194471831
17737349,"Gói hàng kĩ, không bị df",5,2023-02-01 19:54:12,194471830,194471831
14176001,"Gói hàng kĩ, sách đẹp",5,2022-12-14 23:07:25,194471830,194471831
13349392,Đẹp,5,2022-12-13 12:26:51,194471830,194471831
17572501,ok,5,2022-10-29 11:27:13,194471830,194471831
1278806,"Giao hàng nhanh, sách k hỏng tróc gì cả, đóng gói tốt, cảm ơn tiki",5,2022-09-10 15:28:45,194471830,194471831
27046281,"Sản phẩm đẹp. Giao nhanh, đặt đc giá hời nên hốt luôn=))",5,2022-10-14 18:37:39,194471830,194471831
17004403,,5,2023-09-13 10:10:24,194471830,194471831
163552,,5,2023-09-12 06:35:49,194471830,194471831
15163451,,5,2023-08-26 14:53:29,194471830,194471831
15017847,,5,2023-06-10 13:33:29,194471830,194471831
13212256,,5,2023-06-01 19:14:37,194471830,194471831
25870452,,5,2023-03-12 11:26:11,194471830,194471831
28385352,,5,2023-03-11 19:25:33,194471830,194471831
56115,,5,2023-02-03 19:14:00,194471830,194471831
28188256,,5,2023-01-30 20:40:46,194471830,194471831
278371,,5,2023-01-29 14:04:31,194471830,194471831
11296717,,5,2023-01-28 16:09:31,194471830,194471831
28754636,,5,2023-01-27 12:28:52,194471830,194471831
14306252,Giao hàng nhanh,5,2022-10-11 10:16:43,194471830,194471831
22446400,,5,2023-01-05 21:10:57,194471830,194471831
28303622,,5,2022-12-31 13:50:53,194471830,194471831
27943528,,5,2022-12-23 21:09:00,194471830,194471831
9167061,,5,2022-12-21 17:20:17,194471830,194471831
24812593,,5,2022-12-20 09:37:14,194471830,194471831
11210,,5,2022-12-19 00:17:31,194471830,194471831
28528112,,5,2022-12-18 15:36:26,194471830,194471831
28086557,,5,2022-12-04 15:45:19,194471830,194471831
27956370,,5,2022-12-03 18:11:30,194471830,194471831
80311,,5,2022-11-14 12:54:39,194471830,194471831
27860999,,5,2022-11-07 09:42:58,194471830,194471831
17069913,,5,2022-11-06 19:41:57,194471830,194471831
1786044,,5,2022-11-05 17:10:51,194471830,194471831
1826533,,5,2022-11-02 21:26:20,194471830,194471831
28367601,,5,2022-10-27 13:38:23,194471830,194471831
12434418,,5,2022-10-26 12:11:25,194471830,194471831
19660699,,5,2022-10-25 20:58:20,194471830,194471831
24750445,,5,2022-10-23 13:56:52,194471830,194471831
2127220,,5,2022-10-23 12:32:14,194471830,194471831
23008205,,5,2022-10-20 23:16:22,194471830,194471831
8510187,,5,2022-10-16 20:05:50,194471830,194471831
28108805,,5,2022-09-28 20:51:02,194471830,194471831
5102597,,5,2022-09-27 11:33:39,194471830,194471831
420005,,5,2022-09-27 01:39:22,194471830,194471831
26901827,,5,2022-09-24 08:52:25,194471830,194471831
7560346,,5,2022-09-16 20:22:30,194471830,194471831
20634767,,5,2022-09-12 07:36:33,194471830,194471831
18340,,5,2022-09-08 13:25:51,194471830,194471831
12101445,,5,2022-09-02 10:05:34,194471830,194471831
5800416,,5,2022-08-30 10:39:08,194471830,194471831
5742358,,5,2022-08-28 12:46:39,194471830,194471831
8176114,,5,2022-08-27 22:03:56,194471830,194471831
27617288,,5,2022-08-24 18:58:19,194471830,194471831
30334858,,4,2025-08-13 10:32:25,194471830,194471831
20440557,,4,2022-11-07 09:32:12,194471830,194471831
9122070,"Chiết khấu cao; Sách nguyên vẹn, có lỗi móp nhỏ; Cần cải thiện cách đóng gói phù hợp và chắc chắn hơn",5,2022-11-03 17:27:12,193988323,193988325
15307029,"xinh đẹp tuyệt vời, nhưng mà có 2 cái card của mk bị hằn 1 đường dài lun í 🥹 đao lònggg. Gaio nhanh lắm, 2 ngày là tới chỗ mk r",5,2022-12-21 00:15:27,193988323,193988325
13962567,Gói hàng chất lượng cực kỳ hài lòng,5,2022-08-23 20:39:19,193988323,193988325
16663567,"Truyện nét đẹp lém, nội dung thì mình đọc trên Web r nên khỏi bàn, hay!",5,2022-10-20 10:22:51,193988323,193988327
8071,"Sách mới nguyên seal, đầy đủ phụ kiện, shop đóng gói chu đáo, bọc chống sốc cẩn thận, giao hàng nhanh, vote 5 sao",5,2024-11-16 02:29:20,193988323,193988327
20236276,Tiki giao hàng lần này phải nói là rất ưng luôn í. Sách không bị df gì hết 😍,5,2022-08-23 11:00:16,193988323,193988325
26707060,"Tuyệt vời, giao hàng nhanh quá tr, truyện ko hư hỏng gì, hơi bất ngờ vì có miếng lót b vệ bên trong 😄 truyện đẹp xỉu lun nha, mua đợt sale nên giá cũng hời. Ok lắm nên mọi người nên mua nha 👍",5,2022-08-30 14:21:47,193988323,193988327
26901827,"Nay tiki còn có chống sốc cho mềnh zui quá 😂. Truyện về siêu nhanh, nét vẽ tuyệt đẹp, bìa xinh, standee ảo ảo đẹp tuyệt zời, poscard có hơi mẫu nhưng kệ đi vẫn đẹp. Nói chung ưng cực 👍",5,2022-08-26 18:15:08,193988323,193988325
19906646,Giao nhanh hơn dự kiến Nai truyện giao về đã bớt df hơn rất nhiều Standee rất đẹpp và hơi khó bóc seal chút có lẽ do con ngừi khum có móng tay nên nó dị:(( Nói chung là 5 sao ạa,5,2022-08-23 13:44:38,193988323,193988325
27647074,"Nội dung hay, ship cực nhanh luôn ạ, mk mua trong đợt sale cứ tưởng nó sẽ bị méo hay j nhg ko bị j đâu mọi ng",5,2022-08-28 11:26:38,193988323,193988325
27837780,"Bộ này thì khỏi chê luôn. Nội dung, nét vẽ, dịch thuật đều hoàn hảo. Mỗi tội là bìa thiết kế hơi phèn. Sách giao về vẫn tuyệt vời như thời mới yêu.",5,2022-09-28 21:27:31,193988323,193988327
26181437,"Mua bản đặc biệt một cách dễ dàng. Tính ra thì đi mua ở nhà sách cũng ổn vì bản đb còn rất nhiều, còn bên tiki giao hơi lâu dù cũng mua được bằng giá bìa",5,2022-08-23 19:10:35,193988323,193988325
16444861,"Clm siêu hài lòng lun mấy bà ơi, gần như tất cả sách đều còn nguyên seal, chỉ có 1 cuốn hong có seal thôi, standee không ngoài dự đoán thì có xước, giao hàng siêu nhanh sách thì không móp méo",5,2023-02-02 11:00:39,193988323,193988325
9137676,Truyện và phụ kiện đều rất xinh đẹp tuyệt vời. Standee đổi màu theo ánh sáng ảo ma cực. Postcard ngoài việc hơi mỏng thì không có vấn đề,5,2022-08-23 17:20:24,193988323,193988325
5323833,Xinh cực kì luôn ý 🤭,5,2022-08-24 09:59:24,193988323,193988325
8851381,"Lần này đánh giá 10/10 cho khâu đóng gói của tiki, không như mấy lần săn sale trước sách toàn bị df và hộp móp, rách khá nặng á :)))))",5,2022-08-29 11:00:02,193988323,193988325
12871095,"Sách nhận về bục seal cả đoạn dài, standee ổn, vẫn mong tiki có thể chèn bìa đi kèm để chống xô lệch khi bỏ hàng vào hộp to",5,2022-09-12 15:33:05,193988323,193988325
27207343,"Không ngờ được mua bản Đặc biệt với giá tốt. In đẹp, sắc nét.",5,2022-08-30 10:55:20,193988323,193988325
26700973,nhìn bìa đẹp nhx ko cs seal nên bị cong sách r,5,2023-02-22 19:14:53,193988323,193988327
23343799,CLtereweeh rủ ét đê để để để để để D để đề đấy để để để ừ để để đấy để ra đã ăn để để đã,5,2022-09-06 23:36:23,193988323,193988325
27950297,"Sách đầy đủ phụ kiện, giao nhanh, gói hàng ổn, rất hài lòng",5,2022-08-23 18:20:24,193988323,193988325
1342710,"Xinh xĩu! Nội dung thì dethuong, nét vẽ okla khỏi phải nói rồi, xứng đáng lắm luôn!",5,2023-05-26 13:53:51,193988323,193988327
17752794,"Nội dung hay, art đẹp, tuy nhiên thì truyện k seal k bọc chống shock j luôn :))) làm mình nhận cx sốc theo",5,2022-12-18 21:11:08,193988323,193988327
18005164,"Bìa sách đẹp, giấy ổn, phần tặng kèm quá đẹp. Không chê được phần nào. Đóng hàng đẹp không bị hư hỏng gì.",5,2022-08-23 11:09:44,193988323,193988325
21620163,"đủ hàng , đẹp , ko bị làm sao cả nhưng mà đề nghị shop lên cho cái bọc chống xốc chứ chờ hàng mà lo lắm",5,2022-08-28 20:28:40,193988323,193988325
419131,Truyện hay nét vẽ cực đẹp giao đúng hàng,5,2022-08-24 00:18:14,193988323,193988325
21405065,"Nội dung hay ý nghĩa, giao hàng cẩn thận",5,2022-09-11 15:09:25,193988323,193988327
21333009,"Đẹp lắm nhaa ,giao hàng cũng rất nhanh,đóng gói hàng chắc chắn. Cảm ơn tiki. Hình ảnh k liên quan!",5,2022-08-30 12:43:52,193988323,193988325
25869846,"giao hàng nhanh,chất lượng tốt,bìa đẹp",5,2022-09-03 11:03:35,193988323,193988325
20786052,"Ship nhanh, đóng hàng cẩn thận ko móp méo hỏng. Lúc mua web hơi lag nhưng ncl không có gì để chê!",5,2022-08-29 20:29:39,193988323,193988325
24797489,"độ xinh thì khỏi phải bàn rồi, nhưng cách đóng gói của tiki thì vẫn như vậy…chưa kể giao khá lâu, tận 1 tuần mới bắt đầu cập nhật tình hình:)))",5,2022-09-06 15:40:43,193988323,193988327
19077153,Sách thì khỏi chê ời siêu xênh canh được giá giảm hời quá là đã luôn về khâu vận chuyển siêu siêu nhanh đóng gói được bao kĩ càng like nhèo,5,2022-09-21 20:16:54,193988323,193988325
16364077,"Truyện đẹp lắm nha, đóng gói chắc chắn, ko bị bóp méo khi vận chuyển",5,2022-08-29 10:45:44,193988323,193988327
1742427,"Sách giao nhanh, standee cũng xinh nữa. Nói chung là ưng lắm ạ",5,2022-11-03 00:11:27,193988323,193988325
18649333,hàng đẹp nhưng ko có bọc chống sốc j cả may mà hàng ko bị làm sao,5,2022-08-23 12:25:04,193988323,193988325
1876705,Lần này chỉ bị df nhẹ cái postcard nên hơi đau nhẹ xíu thôi,5,2022-08-28 11:25:08,193988323,193988325
27466227,,5,2022-08-24 11:28:38,193988323,193988325
17149911,Truyện hay nay tiki giao bọc chống xóc ngonnn nghẻ dữ trờiiii,5,2022-08-27 10:16:22,193988323,193988325
18990202,"Đóng gói ok, giao nhanh, truyện được bọc thêm một bóng kín",5,2022-08-22 16:59:33,193988323,193988325
23826856,"Nội dung rất hay, bừa đẹp bá cháy, ko chê đâu được",5,2022-08-31 16:14:56,193988323,193988325
27385410,"Giao đúng hẹn, sản phẩm k bị gì, nhưng mong tiki làm thêm cái gói chống sốc chứ giao như vầy như bóc nhân phẩm v",5,2022-08-25 12:50:06,193988323,193988325
26635630,"Xinh đẹp tuyệt zời, đóng gói vẫn chán may khum df",5,2022-09-08 06:04:03,193988323,193988325
27582788,nội dung hay nét vẽ đẹp Thư Vân cute xỉu,5,2022-10-23 17:24:21,193988323,193988325
7590141,Giao hàng nhanh. Sách đẹp. Chờ tập 3 ~ing,5,2022-10-31 15:44:51,193988323,193988327
27700360,"Đẹp lúm, ko có chút df nào hết á, đủ đồ, chưa chụp ảnh nên ko có ảnh của sp nha",5,2023-01-23 11:17:18,193988323,193988325
23363870,"Giao hàng nhanh, đóng gói cẩn thận, kĩ càng, art truyện cực đẹp, đáng đồng tiền bát gạo lắm nha.",5,2022-09-02 00:04:23,193988323,193988325
22058686,"Quà tặng kèm xịn lắm, mà sách cũng không có hư hỏng gì. Tận tình gói hàng cẩn thận lắm.",5,2022-10-22 21:45:51,193988323,193988325
28074547,"Phụ kiện đầy đủ, truyện xinh quáaaa",5,2022-08-30 12:27:41,193988323,193988325
24660099,"Tiki vẫn còn xài phép thựt winx, ko bọc chống sốc nhưng vẫn éo bị df, em iu nửa mùa ảo quá nha",5,2022-08-26 12:24:06,193988323,193988325
21495190,Đẹp xuất sắc luôn nhưng postcard hơi mỏng còn lại okela lắm nhưng tiki nên gói dày hơn chút nha,5,2022-08-31 11:11:40,193988323,193988325
428735,"Truyện hay, hình rất đẹp",5,2022-08-23 14:12:55,193988323,193988325
22620837,Tuyệt vời 👍👍👍👍,5,2022-08-23 09:07:22,193988323,193988325
27613709,1 chữ thoii Đẹp 🙂🙂,5,2022-08-28 18:16:44,193988323,193988325
27833957,,5,2023-01-25 08:40:13,193988323,193988325
11726799,"Giao nhanh, đóng gói nhìn hơi sợ nhưng sách vẫn nguyên vẹn, đẹp lắm nha",5,2022-10-25 15:46:07,193988323,193988325
28032161,,5,2024-02-01 13:13:26,193988323,193988327
8628561,"Truyện art đẹp mê ly luôn, standee xinh xỉu 👉👈",5,2022-12-24 01:54:18,193988323,193988325
498955,,5,2022-08-22 21:26:06,193988323,193988325
17600526,Nội dung hay lắm. Nên đọc ít nhất một lần trong đời.,5,2022-09-10 10:12:58,193988323,193988325
7274456,Sách và standee được bọc chắc chắn! Đẹp tuyệt vời!!!,5,2022-08-24 02:15:24,193988323,193988325
12336110,,5,2023-09-30 18:53:24,193988323,193988327
8121397,"Kết ngang ngay khúc buồn luôn, tức á!!!",5,2022-09-04 13:18:58,193988323,193988327
25888203,Chất lượng ổn,5,2023-01-07 11:34:44,193988323,193988325
27557454,Giao hàng nha nhưng sedy ko vừa đế,5,2022-09-06 17:15:00,193988323,193988325
26168018,Chất lượng sản phẩm tuyệt vời,5,2022-08-24 07:32:20,193988323,193988325
16686979,"art đẹp, standley đẹp",5,2022-10-29 17:22:17,193988323,193988325
16794909,,5,2023-04-03 13:40:18,193988323,193988327
27574289,Đóng khá ổn giao khá là nhanh,5,2022-08-25 23:05:57,193988323,193988325
12355904,,5,2023-03-15 10:29:14,193988323,193988327
20436570,,5,2023-03-03 21:45:18,193988323,193988327
984951,,5,2023-03-03 09:58:03,193988323,193988327
27440092,sách kh có seal má ơi🥺,5,2022-08-30 18:58:01,193988323,193988327
24685433,"Tốt, sách không móp méo",5,2022-08-27 01:02:33,193988323,193988325
26276089,,5,2023-01-27 08:46:54,193988323,193988327
23802080,,5,2023-01-21 09:03:23,193988323,193988327
26722389,,5,2023-01-08 21:37:10,193988323,193988325
23843034,,5,2023-01-08 19:54:49,193988323,193988327
27299705,Siêu đẹp luôn,5,2022-09-23 16:54:39,193988323,193988325
20979303,,5,2023-01-05 19:28:51,193988323,193988327
23903034,,5,2022-12-28 13:02:31,193988323,193988327
6997421,,5,2022-12-24 11:37:52,193988323,193988327
15292433,,5,2022-12-23 11:12:01,193988323,193988327
6352230,,5,2022-12-21 22:11:01,193988323,193988327
10938457,,5,2022-12-21 10:16:42,193988323,193988327
11439879,,5,2022-12-15 12:51:32,193988323,193988327
26103339,,5,2022-12-12 20:52:41,193988323,193988325
28050913,,5,2022-12-12 16:11:49,193988323,193988325
27884167,Xinh,5,2022-11-15 15:00:32,193988323,193988325
26884893,,5,2022-11-26 21:25:46,193988323,193988325
25448012,,5,2022-11-22 23:33:41,193988323,193988325
1826533,,5,2022-11-13 10:34:03,193988323,193988325
27659309,Đáng mua,5,2022-09-13 19:22:24,193988323,193988325
27535290,,5,2022-11-09 09:51:20,193988323,193988325
1602708,,5,2022-11-09 09:04:07,193988323,193988327
27287640,,5,2022-11-07 17:14:44,193988323,193988325
5999099,,5,2022-11-04 14:22:51,193988323,193988325
17540334,,5,2022-11-03 12:13:56,193988323,193988325
27549042,,5,2022-11-01 11:09:10,193988323,193988327
13783421,,5,2022-10-27 20:48:01,193988323,193988327
8182308,,5,2022-10-25 21:01:26,193988323,193988327
8335164,,5,2022-10-25 12:17:29,193988323,193988325
8268346,,5,2022-10-24 17:31:51,193988323,193988327
27280587,,5,2022-10-23 18:31:59,193988323,193988325
22748507,,5,2022-10-22 22:54:38,193988323,193988325
374919,,5,2022-10-22 07:59:30,193988323,193988325
26665224,,5,2022-10-19 17:59:12,193988323,193988325
27277170,,5,2022-10-19 08:57:01,193988323,193988325
18731404,,5,2022-10-13 21:14:04,193988323,193988325
15646377,,5,2022-10-08 03:31:33,193988323,193988325
24386839,,5,2022-10-07 17:26:16,193988323,193988325
27542734,,5,2022-10-05 13:49:50,193988323,193988325
104902,,5,2022-10-02 11:22:48,193988323,193988325
27924460,,5,2022-09-30 19:28:05,193988323,193988325
22114857,,5,2022-09-27 11:37:24,193988323,193988325
20648868,,5,2022-09-26 12:54:44,193988323,193988327
12388047,,5,2022-09-26 09:03:28,193988323,193988325
9645299,,5,2022-09-25 20:46:32,193988323,193988325
16482019,,5,2022-09-25 11:12:54,193988323,193988327
6031697,,5,2022-09-21 20:13:40,193988323,193988325
10268811,,5,2022-09-20 10:18:48,193988323,193988325
175566,,5,2022-09-18 17:54:50,193988323,193988325
9138348,,5,2022-09-17 06:52:42,193988323,193988325
20441024,,5,2022-09-16 08:58:53,193988323,193988327
6228582,,5,2022-09-15 15:53:30,193988323,193988327
7483456,,5,2022-09-15 12:23:23,193988323,193988327
18448391,,5,2022-09-14 19:23:11,193988323,193988325
6303164,,5,2022-09-13 02:09:28,193988323,193988325
12951295,,5,2022-09-12 16:09:42,193988323,193988325
27625558,,5,2022-09-12 11:37:40,193988323,193988325
18739965,,5,2022-09-11 15:22:03,193988323,193988327
20356373,,5,2022-09-11 13:35:12,193988323,193988325
6303628,,5,2022-09-10 17:32:53,193988323,193988325
21739148,,5,2022-09-10 17:33:27,193988323,193988325
24747557,,5,2022-09-09 20:49:30,193988323,193988325
759415,,5,2022-09-09 14:17:16,193988323,193988327
27062718,,5,2022-09-09 09:42:24,193988323,193988327
24121476,,5,2022-09-08 01:15:59,193988323,193988325
15685540,,5,2022-09-05 22:25:49,193988323,193988325
14447046,,5,2022-09-05 01:39:24,193988323,193988325
95783,,5,2022-09-03 22:31:56,193988323,193988327
26146638,,5,2022-09-03 12:57:49,193988323,193988327
18865302,,5,2022-09-03 03:56:50,193988323,193988325
10061134,,5,2022-09-02 15:07:52,193988323,193988327
16105150,,5,2022-09-02 12:58:56,193988323,193988325
22043384,,5,2022-08-31 15:01:48,193988323,193988325
27829804,,5,2022-08-31 14:10:49,193988323,193988325
27837227,,5,2022-08-31 09:53:18,193988323,193988325
14068179,,5,2022-08-30 22:34:48,193988323,193988327
27765839,,5,2022-08-30 16:52:49,193988323,193988327
19510908,,5,2022-08-30 15:45:43,193988323,193988325
26116803,,5,2022-08-30 09:37:35,193988323,193988327
26583181,,5,2022-08-30 02:02:26,193988323,193988327
19541444,,5,2022-08-29 12:24:45,193988323,193988325
5667896,,5,2022-08-29 01:19:58,193988323,193988325
27541703,,5,2022-08-28 16:11:05,193988323,193988325
1901214,,5,2022-08-28 12:47:28,193988323,193988325
16695720,,5,2022-08-28 07:33:40,193988323,193988325
23694529,,5,2022-08-27 21:47:40,193988323,193988325
7015888,,5,2022-08-27 14:11:56,193988323,193988325
26583239,,5,2022-08-27 12:23:52,193988323,193988325
11030552,,5,2022-08-27 11:22:41,193988323,193988325
13223915,,5,2022-08-27 10:27:43,193988323,193988325
24237823,,5,2022-08-26 19:27:07,193988323,193988325
112769,,5,2022-08-26 17:31:32,193988323,193988325
16277484,,5,2022-08-26 14:39:24,193988323,193988325
10028344,,5,2022-08-26 12:41:30,193988323,193988325
17387482,,5,2022-08-26 12:30:03,193988323,193988325
25762351,,5,2022-08-26 10:11:11,193988323,193988325
14399207,,5,2022-08-26 08:09:57,193988323,193988325
8292302,,5,2022-08-25 20:32:55,193988323,193988325
26772240,,5,2022-08-25 17:03:51,193988323,193988325
26136874,,5,2022-08-25 13:32:47,193988323,193988325
2074950,,5,2022-08-25 12:40:36,193988323,193988325
12023498,,5,2022-08-25 07:46:49,193988323,193988325
23440021,,5,2022-08-25 01:14:12,193988323,193988325
18181490,,5,2022-08-24 21:46:58,193988323,193988325
21486274,,5,2022-08-24 19:45:42,193988323,193988325
18729928,,5,2022-08-24 15:08:10,193988323,193988325
28059286,,5,2022-08-24 09:53:40,193988323,193988325
10759254,,5,2022-08-23 20:58:52,193988323,193988325
16985647,,5,2022-08-23 16:48:38,193988323,193988325
27705084,,5,2022-08-23 16:21:01,193988323,193988327
26686963,,5,2022-08-23 14:46:14,193988323,193988325
2220977,,5,2022-08-23 13:11:59,193988323,193988325
17207910,,5,2022-08-23 12:54:13,193988323,193988325
22259904,,5,2022-08-23 12:08:43,193988323,193988325
14732306,,5,2022-08-23 10:37:47,193988323,193988325
26743656,,5,2022-08-23 10:38:03,193988323,193988325
25397209,,5,2022-08-23 10:24:53,193988323,193988325
26104111,,5,2022-08-22 18:14:42,193988323,193988325
11420552,"Bìa đẹp, art đẹp, standee đẹp, postcard đẹp. Mọi thứ đều đẹp nhưng POSTCARD BỊ DF =)).",3,2022-09-20 11:18:33,193988323,193988325
27834388,Hàng có bị móp ở góc nhưng giao hàng nhanh.,4,2022-10-16 20:36:00,193988323,193988325
27845240,"bản đặt biệt bao đc miếng giấy :"")? cái stan còn bị thiêng mấy lỗ nx hàng còn nguyên nhưng đóng gói tệ qá",3,2022-08-24 07:27:28,193988323,193988325
18955596,sách về nhìn chung khá ổn cho tới khi rạch seal kiểm tra pc :> bị df mất 2 tấm đầu khá nặng trời ạ. với lại đề nghị tiki lần sau đóng gói hàng cần gói thêm lớp bọc vào chứ dân sưu tầm như em khóc nhiều chút 😞,3,2022-09-12 19:04:01,193988323,193988325
28816669,"giao hàng siêu nhanh, đóng gói khá tệ, quyển truyện và standee được bỏ thẳng vào trong hộp, không có bọc chống sốc hay gì cả nói chung là chán, standee thì bị hằn khá nhiều lỗ bé bé đằng sau",1,2023-02-26 17:17:38,193988323,193988325
274038,Cực kì tệ. Nhà xuất bản *** đảo. Mua bản đặc biệt mà không giao đúng như đã giới thiệu.,1,2022-08-31 20:21:59,193988323,193988325
15548371,"Sách đẹp, nội đứng hay khỏi bàn có cái vận chuyển thì vẫn may rủi như thường nha.",4,2022-08-25 11:14:50,193988323,193988325
12312690,"Chất lượng sản phẩm tốt, đóng gói khá sơ sài, giao hàng hơi lâu",4,2022-08-24 19:31:54,193988323,193988325
9675901,Giao thiếu standee quá bực mình Vì tiki không giải quyết được vì chỉ là bên t3 giao nhận nên nếu bạn nào bị giao thiếu như mình nên liên hệ trực tiếp qua bên phát hành skycomics,3,2022-08-24 13:26:28,193988323,193988325
19281486,"Không hề còn seal dù mua ngay lúc phát hành, gói hàng cũng k bọc thêm gì hết nên sách bị trầy và dơ rất nhiều",3,2022-08-23 09:48:25,193988323,193988327
17938359,"Mình đã mua ở tiki nhiều lần rồi,lần này khiến mình hơi thất vọng sách thì bị bóc sill rồi ,gói hàng không kỹ ,anh shiper thì không thân thiện lắm 😓😓😓",4,2022-09-25 18:01:22,193988323,193988327
6724778,Giao hàng nhanh Giao đúng hàng Hàng k bị hư hỏng Nhưng gói hàng còn sơ sài,4,2022-08-24 13:50:18,193988323,193988325
14383475,Nội dung hay hàg giao đủ pc hơi df gói hàng ẩu bị móp mất một góc,4,2022-09-05 02:28:52,193988323,193988325
27827676,"Sách bị bóc mất seal, giáo hàng nhanh.",4,2023-02-25 18:48:24,193988323,193988327
27200028,Sách đã bị mất seal :) df nhé.Thật sự k thể chấp nhận đc,1,2022-08-30 19:19:41,193988323,193988327
21058004,Giao nhanh đủ sản phẩm đóng gói ko ổn lắm may sách ko s,4,2022-08-24 16:38:46,193988323,193988325
26784299,Đóng gói quá sơ xài ạ,4,2023-02-08 20:12:27,193988323,193988327
26883924,"Giao hàng nhanh, sản phẩm bị đf 2 xíu ở bên góc mong lần sau sẽ k bị df",4,2022-10-23 21:37:33,193988323,193988325
22670987,Gói ko bọc nhưng may giao trong ngày nên ko bị gì cả ạ.,4,2022-10-25 07:08:54,193988323,193988325
27466832,"Truyện thì ổn, nhưng thời gian giao hàng quá lâu",4,2022-08-23 09:41:22,193988323,193988325
27871476,Shop ơi giao về sao lại thiếu bookmark rồi?,3,2022-08-23 10:59:24,193988323,193988325
28591858,Quà đi kèm bị trầy,4,2022-12-21 06:44:02,193988323,193988325
12101445,,4,2022-12-21 13:17:43,193988323,193988327
20361497,,4,2022-12-14 14:02:07,193988323,193988325
26639361,tạm đc,4,2022-08-27 09:34:48,193988323,193988325
27972831,,4,2022-09-11 08:05:17,193988323,193988325
17637681,,4,2022-09-09 21:09:08,193988323,193988325
6272908,,4,2022-08-29 01:11:54,193988323,193988325
28011769,,4,2022-08-23 20:10:50,193988323,193988325
26639155,,4,2022-08-23 11:34:40,193988323,193988325
25943776,"ndung cuti khỏi bàn 🫶 postcard & bookmark mặt sau cũng kh có gì đặc sắc (chỉ là bản cũ nhai lại thôi) nhưng mình khá buồn khi sách về thì bị cong bìa rõ, truyện kh có bọc chống xốp nên có lẽ v 🥹 nhưng mình mình dễ tính nên vẫn cho 5⭐",5,2022-09-24 17:52:16,194959173,194959175
12981560,"Giao hàng siêu nhanh, giao sớm hơn 1 tuần liền. Có box giấy bìa của Tiki và seal bọc ngoài sách thôi, lúc mở ra cũng hơi rén nhưng sách k bị df nên ưng lắm🥰🥰 Chị Bụi dịch thì khỏi chê luôn, hai đứa cưng dã man luôn ý, nên mua để thấy rõ sự tấu hề của hai ẻm nha mn🥺",5,2022-08-27 20:25:07,194959173,194959175
215821,"có nỗi đau nào bằng việc sáng vừa đặt xong, trưa thấy giảm giá. bìa siêu đẹp. đóng gói ok, không có chống sốc. đây là bộ BL mà tui mê đắm đuối luôn á... nhiệt liệt đề cử với những bạn chưa biết có nên mua không nha",5,2022-08-31 12:18:25,194959173,194959175
11345358,"hic công sức chờ lâu ơi là lâu, sách mới thơm lắm, gói hàng sơ sài, mở cái hộp ra là thấy lun cuốn sách nguyên seal chứ không bọc gì cả 🥹 sợ df lắm mà hên sách vẫn ok. nội dung thì khỏi phải bàn, truyện của J.Suri đỉnh của chóp rồi, chị Bụi dịch nữa 🥺 mừi đỉm nha ✨",5,2022-08-30 15:23:35,194959173,194959175
21333009,"Nội dung thì hay khỏi bàn rồi , bìa này đối với tui đệp xễu ,còn seal và đóng gói rất chắc chắn hàng k bị thương tích gì cả !! Cảm ơn tiki đã giao ẻm cho tôi trong thời gian sớm nhất !",5,2022-09-06 00:13:58,194959173,194959175
104877,"Sách không móp méo gì. Giao hàng nhanh. Giá sale tốt. Nhưng vấn đề đóng gói vẫn rất sơ sài. Tiki chỉ chèn 1 đống giấy ở trên, còn sách thì nằm sát hộp. Mình không biết nên lúc cắt băng keo cắt luôn vào bìa truyện. Mọi người có unbox thì cẩn thận.",5,2022-08-30 17:01:09,194959173,194959175
18960423,"Sách về ko bị df j hết nên rất zui, tiki giao hàng ổn hơn xí r",5,2022-08-29 23:25:57,194959173,194959177
22090138,"Truyện cuti, mình mua đúng đợt sale nên được giảm khá nhiều. Hầu như bạn nào muốn mua tập 2 thì đều đã đọc tập 1 rồi nên không bàn đến nội dung nhe=)) Sách không bị df, yên bình trở về nhà mình. Nhìn sách không bọc chống sóc mà lúc đầu cũng hú hồn chim én luôn=))))",5,2022-12-19 06:15:25,194959173,194959175
13892762,nội dung hay bìa đẹp bắt mắt quà ổn,5,2022-09-11 08:00:36,194959173,194959175
27517754,"Hên sao cuốn sách bự z mà ko bị móp gì, rách seal 1 chút. Bìa truyện đẹp.",5,2023-03-04 16:09:05,194959173,194959175
27242010,Ko bị móp méo khi vận chuyển mặc dù gọi ko kĩ nhưng cx quen rùi. Sách siu tuyệt zời,5,2022-10-11 17:47:35,194959173,194959175
16420983,"Truyện săn được giá rẻ, ship đến kiểm tra không bị df dù chả được bọc gì để trong mỗi cái hộp k =))) trộm vía bóc ra được tận 2 cái postcard chả hiểu sao =)))) nói chung là rất hài lòng nhé tiki 🤣🤣",5,2022-08-29 17:00:35,194959173,194959175
14148501,"Sách giao tới nhanh hơn dự kiến, lúc bóc ra thì seal đã bị rách phần đỉnh, trang cuối còn có vết dơ nữa🥲. Nhà Usagi làm ăn chán quá😭",5,2022-09-10 08:12:38,194959173,194959175
22551971,"Lần này tiki gói tạm đc. Chắc chắn hơn mấy quyển truyện thường rồi :') ai rồi cũng phải thay đổi nói chi tiki đúng ko =)) mà mua vì thích truyện vs tác giả chứ cái nhà nắm bản quyền thì chán rồi không muốn nói, cơ mà này bên tiki nên vẫn cho 5*",5,2022-08-28 16:42:47,194959173,194959177
10866420,"Nhìn đẹp xỉu luôn, cầm trên tay mà sướng trong người. Nghe lời góp ý của khách hàng đã khắc phụ có lớp chống sốc, sách về tới tay còn nguyên vẹn vui gì đâu luôn á Shipper dễ thương cực luôn, trong quá trình giao hàng điện thoại hư tội lắm.",5,2022-08-29 15:41:05,194959173,194959177
26675380,"Nội dung hay mặc dù tập 2 theo mình thì ko hay bằng tập 1 nhưng vẫn hay, bìa truyện thì khỏi nói nó đẹp vl luôn đẹp hơn tập 1 nhiều ,giao hàng cũng rất tốt nhưng ko có tấm chóng sóc và vỏ bọc truyện mỏng dễ rách, khi nhận hàng tui hồn vía lên Mây luôn may mà ko sao nhưng của tôi bị thiếu bookcard ấy nơi hơi buồn",5,2023-03-25 18:43:42,194959173,194959175
10301784,"Bìa đẹp, sách đẹp, không bị df, mặc dù chờ hơi lâu sách mới về nhưng sách k df hay hư hại gì nên mình vẫn sẽ cho 5s",5,2022-09-08 16:01:25,194959173,194959175
25845201,,5,2022-08-28 11:41:45,194959173,194959177
28046071,Sách đẹp còn nguyên seal nhưng nhà xuất bản họ làm cho quyển bị rách Còn bookmark có vệt cong dài,5,2022-09-30 20:39:46,194959173,194959175
7440899,"Bìa đẹp , sách không bị móp méo tuy là không có chống sóc hay gì hết ( vẫn nên bổ sung miếng chống sóc ạ) Bookmark bị lỗi dán hay sao ấy nó cứ phồng lên nhưng mà không sao vẫn chấp nhận được tuy hơi tiếc xíu 🤧",5,2022-08-27 12:35:37,194959173,194959175
152889,"Semantic Error quá nổi tiếng dạo gần đây rồi nên mình xin phép không nhận xét về nội dung nữa Về phần sách được in ấn rõ ràng, khổ ta cầm khá nặng tay Săn sale nhưng sách vẫn còn nguyên seal đẹp, khá hài lòng",5,2022-08-29 14:08:12,194959173,194959175
1835499,Chưa đọc xong tập 1 mua kiền tập 2. Màu xanh dương đẹp xỉu. Em hứa với OTP sẽ đọc hết 2 tập để cảm thụ hết sự đáng yêu của JaeYoung và Sang Woo,5,2022-09-09 20:05:39,194959173,194959175
24660099,"Lần này Tiki giao cho nguyên cái thùng to đùng luôn, ra nhận mà hết hồn, bên trong thì cho thêm cả mấy miếng bìa các tông xung quanh để bảo vệ cuốn sách nữa. Cuốn của tui vẫn bị df nhưng mà nó ko đáng kể, mấy góc khác thì còn nguyên vẹn, xinh đẹp tỵt zời. 💯💯💯",5,2022-08-27 16:23:41,194959173,194959177
28312221,"Nhận nhanh lắm nha. Đặt 1h sáng 11/10 mà 10h sáng 11/10 đã nhận được :))) trong khi báo là sáng 13 mới nhận, làm việc như này là: ĂN KHÔNG NÓI CÓ :))))) giỡn chứ đơn đầu tiên trên tiki là quá tuyệt nha :>",5,2022-10-11 10:08:11,194959173,194959175
26776780,"Hình thức sách đẹp nội dung cũng hay nữa, ai đọc rồi chắc biết. Lần này khá khen khâu đóng gói của tiki, chèn một đóng giấy gói với Carton vào nữa nên sách với box không có bị df mừng xĩu. K biết này là do nph yêu cầu hay tiki tự làm vậy, nhưng khen tiki nhiều nhaaa",5,2022-08-27 11:13:52,194959173,194959177
28385352,"Một khi đặt là hsau đã có hàng =))))) sách đẹp, k bị df, màng co rách nhưng k ảnh hưởng lắm. Mua sale được v cũng hời ^^",5,2023-03-04 15:45:02,194959173,194959175
18578893,"Sách rất hay, đóng gói cẩn thận. Xin lỗi vì cái hình không liên quan nhưng mà tại vì tui không có hình ảnh của cuốn sách mà cam điện thoại thì đang hư. Sẽ ủng hộ shop lần sau.",5,2023-02-05 20:44:30,194959173,194959175
97759,"Chờ giao hàng hơi lâu, nhưng mìn rất hài lòng về chất lượng sách giao đến. Về nội dung của bộ này thì khỏi phải nói nhiều nữa rồi, quá mê tập 1 nên chờ tập 2 ra là hốt về liền 😁",5,2022-09-13 13:34:05,194959173,194959175
17129095,Coi phim 2 lần rồi mới nhớ chưa mua tập 2 😂 vừa coi xong phim chốt mua được giá rẻ hơn quá trời. Mua hôm trc hôn sau giao luôn 😍,5,2022-09-22 20:17:30,194959173,194959175
309067,"Sách giao nhanh, đầy đủ phụ kiện, gói hàng kỹ .Tiki chưa bao giờ làm mình thất vọng cả, dịch vụ chăm sóc kh rất tôt, cực kỳ thích, xử lý yêu cầu của kh/h 1 cách chu đáo và nhanh chóng",5,2022-09-14 12:43:13,194959173,194959175
26697415,uiss đúng như mong đợi rất là bá cháy lun nhma gói hàng sơ sài nên hơi méo góc 1 tí nhìn cũng tạm dc thoy;))) nội dụng tập này Đỉnkkkk mới dzô là hỏng hú hét r;))))mãn nguỵn rồi ạk;)))),5,2022-08-27 22:04:40,194959173,194959175
26394380,Thời gian giao hàng rất nhanh luôn. Tiki gói hàng cẩn thận không bị df,5,2022-08-27 11:31:15,194959173,194959177
28091360,"Giao hàng nhanh nhưng đóng gói còn sơ sài làm nhăn góc sách. Mong Tiki cải thiện khâu gói hàng, còn lại không có gì để chê ạ!",5,2022-08-30 16:16:29,194959173,194959175
22105916,"Giao nhanh, dù quen vs đóng gói của tiki nhưng vẫn hơi hoảng vì k có bọc bảo vệ , may sách k vấn đề gì, vẫn cho 5* nha",5,2022-09-21 17:22:00,194959173,194959175
5912332,"đóng gói chưa cẩn thận lắm, k có chống sốc, cho mỗi vào trong hộp, lại còn cho cả 2 quyển để theo chiều dọc lên nhau cùng 1 hộp sách đẹp, xịn k bị móp rách",5,2022-12-26 11:16:05,194959173,194959175
853839,"sách đẹp, nội dung mình chỉ xem lướt qua thôi nhưng thấy cũng dễ thương lắm tiếc cái postcard bị cong nhẹ rồi :(((",5,2022-08-31 12:37:38,194959173,194959175
22076543,Tiki gói hàng tốt hơn rồi. Mặc dù bọc hàng của tui không được đựng trong hộp nhưng không bị df chút nào.,5,2022-08-30 10:06:27,194959173,194959177
10119803,"Hôm trước mình hỏi thì đc thông báo tầm 3/9 mới giao nhưng hôm nay đã tới rồi ♥️ Giao nhanh hơn dự kiến Đóng gói kỹ nha, có 1 cuốn hơi rách seal một tí nhưng ksao",5,2022-08-27 11:23:44,194959173,194959175
21710960,"sách dày, to và rất nặng, nội dung thì hay lắm, tác giả mô tả tâm trạng và diễn biến tâm lí nhân vật rất kĩ và chi tiết, cũng khai thác sâu về mối quan hệ của các nhân vật hơn so với tập 1 nhưng vẫn đáng yêu lắm luôn",5,2022-09-13 20:19:55,194959173,194959175
27838160,Bìa chị Angy vẽ đỉnk khỏi bàn r. Đóng gói ko có chống sốc nên hơi rén ạ. Ông bà tổ tiên gánh còng lưng,5,2022-08-31 21:09:49,194959173,194959175
13746591,Đã tậu về sau bao ngày dành dụm 😍😍😍,5,2022-09-21 18:22:24,194959173,194959175
28205540,"Nội dung thì hay miễn bàn lun, sách đc bọc cẩn thận, đc tặng bookmark vs card nữa do tui mua bản thường",5,2022-09-28 20:43:36,194959173,194959175
10199069,Săn seal 8k về trong vòng 16 tiếng 👍 Chống sốc của tiki rất tuyệt mong sau này sẽ được nhét 2 mặt trên dưới thùng luôn chứ chống 1 mặt còn 1 đập nha :)),5,2022-10-11 16:51:48,194959173,194959175
27681970,"Giao hàng hơi lâu, đóng gói luôn luôn sơ xài nhưng lần này mình hên vì sách không bị df, hi vọng tiki gói hàng kĩ 1 chút để mọi người yên tâm mua sách trên đây",5,2022-09-14 04:28:23,194959173,194959175
10731384,"Sách đẹp tuyệt vời, mình không ưng mắt postcard lần này lắm nma mong mỏi cái nội dung hơn. Bìa sách thì xinh xỉu rồi, mà sách được giảm giá nên cũng rẻ nữa",5,2022-08-27 10:59:48,194959173,194959175
27000090,"Giao siêu nhanh, mới đặt htrc mà hsau giao r, đóng gói hơi sơ xài nma truyện vẫn ổn, còn seal",5,2022-10-12 12:21:23,194959173,194959175
119459,Sách đẹp mới được in ấn tốt - nội dung thì mình chưa đọc vì mới nhận được sách thôi.,5,2022-08-27 15:06:21,194959173,194959175
27046281,"Thực xử lý hàng lâu đến mức mình hủy đơn 2 lần vẫn không được xong đột nhiên nhận được hàng, mà thôi kệ săn sale nên không ý kiến hehe Hàng đẹp lắm, sách xinh cực và có đủ pc với bm nha iu iu :3",5,2022-09-12 21:27:45,194959173,194959175
15180659,"Đóng gói kỹ, giá hơi cao, chất lượng tốt,giao nhanh.",5,2024-07-16 11:48:34,194959173,194959177
23906357,"Chưa đọc. Bao bì oki, in đẹp, book mark bình thường không đặc sắc. Mỏng hơn quyển 1",5,2022-08-27 15:00:35,194959173,194959175
17516563,"tiki giao hàng thấy hong có vấn đề gì hết nha. chất lượng và không df gì hết , lỗi df chắc ở box nhưng không phải do khâu vận chuyển làm , mặt sau của box hơi cấn, cục nam châm cũng không quá hít 🥲",5,2022-08-27 12:12:48,194959173,194959177
7590141,"Giao hàng siêu nhanh. Đặt hôm trước hôm sau giao rồi. Giao đủ, truyện bọc kỹ càng, xếp gọn gàng. Ưng nhất là săn sale nên mua rẻ nữa 👍",5,2022-09-12 19:05:04,194959173,194959175
19819606,Chỉ có gáy sách hơi bị móp xíu thôi. Còn lạo thì okela:33,5,2023-01-30 11:51:58,194959173,194959175
22350705,Bìa đẹp lắm nha mà tập 2 có vẻ không dày như tập 1,5,2023-02-24 12:06:13,194959173,194959175
13300587,"Sale quá trời, đặt mới 1ngày là giao đến rồi. Tiki mãi đỉnh",5,2022-12-20 18:32:07,194959173,194959175
9051504,"Săn được giá tốt, hàng giao nhanh không bị dập hay hỏng truyện👍",5,2022-10-27 20:06:53,194959173,194959175
26850658,truyện hay xỉu phần hai đọc mún tiểu đường lunnnn giao hàng lâu ẻ,5,2022-09-21 17:32:57,194959173,194959175
19876636,Đặt lúc có hội sách nên chắc shop bị quá tải đơn nên giao hàng hơi chậm. Truyện về ưng ý ko mị móp méo phần nào giá siu iuuuu,5,2022-09-08 17:40:52,194959173,194959175
19362903,Sốp giao siêu nhanh nma không có chống sốc như thường lệ:))) mày là không bị df quá nhiều truyện siêu cấp đáng yêu luôn nhớ,5,2022-09-19 22:17:51,194959173,194959175
17971763,ấn tượng với tiki *** khi chưa đầy 24 tiếng chính xác là chỉ cần 22 tiếng kể từ khi đặt tiki đã giao hàng cho tui =)))),5,2022-09-20 12:05:51,194959173,194959175
13922684,"Giao hàng rất là nhanh, sáng đặt trưa giao ngay, vẫn như cũ hỏng có bọc chống sốc nhưng giao nhanh nên sách vẫn okela",5,2022-10-24 13:38:43,194959173,194959175
26513680,Giao lâu quáa nhưng hàng về thì không df. Tuy nhiên rách seal 😢,5,2022-09-09 11:56:24,194959173,194959175
1342710,"Giao hàng nhanh, shipper thân thiện, nội dung truyện thì khỏi phải bàn! Mê đứ đừ 🥰",5,2023-05-26 13:44:14,194959173,194959175
25620896,"Bìa đẹp, sách cực kỳ bự luôn, sách giao nhanh, đóng gói cẩn thận, rất ưng ý. Mua vì đang sale, rất đáng mua nha",5,2022-10-25 09:39:04,194959173,194959175
6031697,"Nhận hàng hơi lâu, nhưng được cái tiki đợt này gói kỹ. Sách ko bị df. Còn cái box thì vẫn chê nhà U làm ăn quá tệ.",5,2022-09-03 17:11:29,194959173,194959177
16706856,"Nội dung hay, bìa đẹp, giao hàng không nhanh không chậm",5,2022-08-30 16:34:43,194959173,194959175
27497576,"gói kỹ lưỡng và giao hàng nhanh, good.",5,2022-12-21 18:35:18,194959173,194959175
6031697,"Truyện đẹp, không bị df. Chỉ là tiki giao hàng lâu quá lâu. Trong khi mấy truyện khác thì giao nhanh ơi là nhanh.",5,2022-09-21 20:13:16,194959173,194959175
15440586,"Cảm ơn nhà sản xuất , người bán , người giao hàng đã mang đến cho mình sản phẩm không chê vào đâu được .",5,2022-08-30 17:18:51,194959173,194959175
19677783,Đóng gói lần này của tiki làm mình rất hài lòng nhen bìa carton chống sốc rất nhiều sách hầu như không có hư hại gì cảm ơn tiki đã lắng nghe ý kiến của mng ạ 🫶🏻,5,2022-08-27 11:25:21,194959173,194959177
15307029,"Tiki giao lúc nào cx ko có túi chống sốc hết á mà sách ko bị df=)), nhưng xu lần này bộ này nặng quá hay sao á, giao về df góc xí, hơi đau lòng =((",5,2023-02-13 22:38:44,194959173,194959175
19980149,Oke đẹp nhưng giao tới thì bị móp ở góc tí,5,2022-09-09 16:56:41,194959173,194959175
9088297,Hình ảnh mang tính chất minh họa. Giao hàng nhanh. Là hàng đặt trước phải đợi 15 ngày nhưng xứng đáng.,5,2022-09-10 10:50:39,194959173,194959175
18619520,Á truyện hay xỉu lun ạ đợi hổm rài rồi,5,2022-08-28 23:00:51,194959173,194959175
700611,"Đẹp, giao hàng nhanh, không bị hư gáy sách. Săn được lúc sale nên giá quá đỉnh luôn~",5,2022-12-22 12:35:58,194959173,194959175
19991204,"Đóng gói tàn nhưng sp chất lượng nha, giao hàng siêu nhanh😎😎😎",5,2023-04-13 21:04:58,194959173,194959175
19344173,,5,2025-10-13 14:44:16,194959173,194959175
7351813,"Tiki đóng hàng to đùng, di chuyển k thấy lắc, mua dùm nên k khui chả bik gói gì mà to thế",5,2022-08-30 02:49:35,194959173,194959177
20656659,"Đóng gói tốt, ko df một tí nào cả",5,2022-08-31 01:12:55,194959173,194959177
13786227,"Đẹp, thơm",5,2025-07-07 21:21:38,194959173,194959175
13447063,Mở hàng ko thấy mụt chiếc df là niềm dui to lớn rất mong tiki típ tục khuyến khích shipper ko quăng hàng và trân trọng cục hàng mãi yêu 🥰🥰🥰🥰,5,2022-09-05 15:03:10,194959173,194959175
28828023,"Sách đẹp, đóng gói không ổn lắm. Tiki giao hàng siêu nhanh nha.",5,2023-03-01 18:13:14,194959173,194959175
24121476,Giao hàng ko bị móp méo🥰,5,2022-08-27 08:41:19,194959173,194959177
22795155,"Đợi mãi, truyện không có miếng xốp bảo vệ nào thế mà vẫn vuông vắn phết :)))))",5,2022-08-27 16:12:58,194959173,194959175
10961516,Chất lượng tốt đóng gói chắc chắn giao hàng nhanh ❤️❤️❤️❤️❤️❤️,5,2022-09-13 22:12:52,194959173,194959175
21495190,🥲 mai quá với sự gói hàng của tiki sách còn nguyên làm ơn gói có tâm hơn đi ạ,5,2022-09-09 12:43:34,194959173,194959175
1328655,"Đóng gói đẹp, gọn, chắc chắn. Giao sớm hơn dự kiến. Rất hài lòng.",5,2022-11-24 10:58:44,194959173,194959175
28617038,"Dịch hay, nội dung ổn, giao hàng nhanh, quan trọng à được giảm 50%",5,2022-12-23 20:25:01,194959173,194959175
27080780,"Bìa xinh xỉu giao nhanh mà bên bán giải quyết đơn khá chậm, đợi report mới giao",5,2022-09-12 09:07:02,194959173,194959175
12470705,Truyện cute hài ỉa :)))) giao hàng nhanh nữa nhưng bị móp một xíu ở góc sách,5,2022-09-11 01:06:32,194959173,194959175
17835465,Giao hàng nhanh. Đóng gói vô cùng sơ sài. Trộm vía không bị df,5,2022-12-26 07:35:58,194959173,194959175
8014348,"Gói hàng không kĩ, may mắn là không bị df, sách siêu xịn, siêu đẹp nhaa ✨",5,2022-09-11 22:38:11,194959173,194959175
15255886,"Ổn lắm nha, có cái góc k được tròn như của tập 1 thôi, còn lại rất ổn",5,2022-08-27 09:28:35,194959173,194959175
26790656,sp ko df. giao hàng nhanh. cl tốt lắm ạ. siu xênh luôn .ảnh mang tc minh hoạ,5,2022-09-10 09:13:12,194959173,194959177
27879770,Sách đẹp đóng gói k chắc chắn lắm nhưng mà trộm vía sách không bị sao,5,2022-08-27 14:38:10,194959173,194959175
26883924,Giao hàng nhanh,5,2022-08-27 13:51:50,194959173,194959175
5973708,"Sách dày, to Bìa đẹp Nhà Usagi nhiều drama quá nhưng vì thích bộ này nên vẫn mua Bản thường thấy ổn hơn bản đặc biệt nhiều.",5,2022-08-27 15:17:48,194959173,194959175
14040897,Chưa kịp xem nữa nhưng đọc review trước thì phần này ngọt ngào lắm.,5,2022-09-01 23:00:43,194959173,194959175
8905195,Đóng gói 100 điểm Truyện siêu hay tuyệt vời Yêu SangwooxJaeJang 3000,5,2022-09-17 14:17:17,194959173,194959175
10947748,Tiki không cho chống sốc nhưng may là giao hàng trong ngày nên không bị df,5,2022-08-30 21:54:16,194959173,194959175
18990202,"Gói hàng kĩ càng, giao hàng nhanh chóng, sản phẩm tốt. Shop tận tình.",5,2022-08-28 01:31:32,194959173,194959177
953583,"Giao hàng nhanh. Hình thức sách đẹp, dày dặn, không bị móp méo gì. Pc và bookmark cứng cáp. Nội dung sách thì chắc chắn hay rồi.",5,2022-08-27 13:17:35,194959173,194959175
10199069,"Chê nph, chê nxb, bảo đồ tặng kèm thì đúng tệ, giá thì đôn omg luôn á :))) nhưng mà lỡ đu r bỏ tội em bé nhà cháu tức á :)",5,2022-08-29 12:55:51,194959173,194959177
23897972,,5,2022-10-14 12:27:33,194959173,194959175
13291602,Gói kỹ như vậy không phải là Tiki tôi quen khai thật đi đây là ai,5,2022-08-28 15:37:43,194959173,194959177
28452715,"Sách bình thường thôi, khổ rất lớn, art đẹp, nội dung cuốn. Chỉ là phốt vụ box set hơi nhiều",5,2023-03-18 00:02:28,194959173,194959175
26081344,quá xinh đẹp tuyệt vời mê mê chảy nước miếng chảy nước miếng sách dày đẹp cầm sướng tay quá đã hí hí hí,5,2022-11-08 20:36:24,194959173,194959175
16264738,"Khui hàng chưa đến 1p mà phải thốt “ô tô kê” chục lần. Tương truyền rằng tiki đóng hàng chẳng mấy khi dùng chống sốc. Những mặt hành dễ bị df như sách truyện tiki cũm chẳng mấy khi dùng ^_^ trước đặt truyện *** đóng trong mỗi cái hộp carton, mở hàng mà tim đập thình thịch cơ mà may quá k bị df. Lần này đặt cũng chả có chống sốc, khui ra df 1 đống. Bụi dính đầy seal, dập góc sách, bìa sách bị cái j đó đè lên nên cái mặt oppa xà lách trên bìa bị lõm, sách in thừa trang lại còn dính vào nhau 🥺 và cay hơn là khum có bookmark và card =)))))))) ồ tố kê ồ tô kê chìn chá ????? Aishhhhhhh 😡",2,2023-02-21 12:30:21,194959173,194959175
19210493,"Giao hàng nhanh, sách được bọc kỹ càng, mở ra ưng liền 🥰",5,2022-09-11 22:00:39,194959173,194959175
361453,"Nội dung cuốn , bìa xinh, OTP xịn, dịch cuốn, 10 điểm",5,2022-10-10 01:53:23,194959173,194959175
13016198,Chuyện tình hề hước của anh thiết kế x lập trình 🤣,5,2022-09-15 19:01:29,194959173,194959175
28098409,"giao nhanh, bìa đẹp vchhhh, k có bbw nma cũng k bị móp méo gì",5,2022-08-30 10:09:35,194959173,194959175
17752794,Nội dung khỏi bàn bìa xinh xẻo mới nhìn đã quắn quéo,5,2022-09-08 11:38:33,194959173,194959175
21191724,"Truyện hơi bụi, sách bục seal, giao hàng nhanh",5,2022-10-17 12:31:38,194959173,194959175
6652853,"Truyện dịch hay, đóng gói ổn, đầy đủ hàng",5,2022-09-29 19:30:44,194959173,194959175
7814209,"Đóng gói cẩn thận, phụ kiện đi kèm đầy đủ",5,2022-09-09 13:02:54,194959173,194959175
28209075,Truyện hay nhưng giao hàng sách bị cấn viền,5,2022-09-28 00:18:49,194959173,194959175
18778641,"Xinh xẻo ,to rõ rất thích luon ak",5,2022-12-23 15:53:39,194959173,194959175
26664120,"Giao hàng nhanh, vẫn ko df dù ko có gì ngoài hộp bên ngoài :)). Nội dung hay, bìa in đẹp, mua sale nên giá oke nh.",5,2022-08-30 23:12:05,194959173,194959175
1330313,"Sách rất hay, gói kĩ không bị nhăn",5,2022-11-12 23:32:49,194959173,194959175
5759790,,5,2024-09-26 20:50:27,194959173,194959175
26891295,"Tuỵt dời, nhma đóng gói hơi sơ sài nhaaa",5,2022-09-23 11:38:52,194959173,194959175
8048981,"Đợi mãi mới có tập 2, bìa vẫn siêu đẹp",5,2022-08-29 13:58:12,194959173,194959175
51788,"Đóng gói hàng kỹ, giao nhanh hơn dự kiến",5,2022-08-30 10:01:22,194959173,194959177
28038373,Giao trước ngày hẹn luôn. Hiu hiu xinh cực,5,2022-08-29 12:47:53,194959173,194959175
19869809,"Nội dung hay, hài hước. Khâu giao hàng cũng khá nhanh. Đóng gói hơi chán nhưng may truyện không sao",5,2022-10-10 11:05:19,194959173,194959175
27200028,Xinh đẹp tuyệt vời luôn ạ :3 mãi iuuuu,5,2022-08-30 19:21:06,194959173,194959175
22693861,Sách đóng gói kĩ😻 giao hàng siêu nhanhh,5,2022-08-27 12:49:37,194959173,194959177
27496155,"hàng giao nhanh, sản phẩm đẹp, chỉ cần cần cải thiện phần đóng gói là ok",5,2022-12-15 11:34:54,194959173,194959175
27186482,"Gói kĩ lắm ạ, không bị df. Sách đẹp",5,2022-08-27 19:58:33,194959173,194959177
14548542,Hơi lâu nhưng thích quá nên vẫn đợi,5,2022-08-27 15:14:32,194959173,194959175
10614460,Hơi móp 1 tý nhưng tổng thể vẫn oke,5,2022-09-01 14:18:32,194959173,194959175
7805350,"Sách ok nhưng có df, còn lại thì ổn",5,2022-09-01 22:32:15,194959173,194959175
23421785,nhận hàng to đùng ngã ngửa :)))))),5,2022-08-27 12:47:33,194959173,194959177
28249506,Bìa đẹp,5,2023-02-24 17:33:02,194959173,194959175
22171979,"Giao nhanh, nay có chống sốc cũng ok",5,2022-08-27 09:21:04,194959173,194959177
18199269,"Sách đẹp lắm nha mọi người oiii, giao tới không móp méo gì cả, mãi iu",5,2023-02-02 22:54:24,194959173,194959175
5648799,Oke,5,2023-04-01 08:00:03,194959173,194959175
12205363,"Bìa đẹp, sách thẳng ko móp méo",5,2022-08-31 13:22:59,194959173,194959175
28492220,"Đẹp, giao hàng nhanh",5,2022-11-24 22:58:51,194959173,194959175
22693861,"Giao hàng siêu nhanh, đóng gói kĩ",5,2022-08-27 12:50:28,194959173,194959175
2056840,"Giao hàng nhanh, sách đẹp xỉu",5,2022-08-30 12:52:15,194959173,194959175
26727884,"Rất đẹp, otp rất đẹp",5,2022-09-26 20:38:45,194959173,194959175
28621415,sách xinh vãiii đẹp giáo nhanh cực với giá sale nữa tuyệt vờiiiii mãi iu,5,2022-12-21 08:46:02,194959173,194959175
26330162,"Đẹp, giao nhanh, tiki cho hộp to quá, may có thêm bìa cứng carton nữa(⊃｡•́‿•̀｡)⊃",5,2022-08-28 08:46:52,194959173,194959177
26321042,"Lâu, mất 11 ngày liền :(",5,2022-09-10 12:47:55,194959173,194959175
24668033,Sản phẩm đẹp,5,2022-11-11 01:44:49,194959173,194959175
13935312,Giao hàng nhanh!!!! 10đ,5,2022-10-04 12:54:37,194959173,194959175
13478003,Sách đẹp lắm ạ Giá ở tiki cũng rẻ hơn các sàn khác nữa Sách được đóng goi kỹ,5,2022-08-29 08:55:13,194959173,194959175
25662334,Đóng gói kỹ xíu là đc,5,2022-08-29 18:57:19,194959173,194959177
6588400,"giao hàng siêu nhanh, vẫn k chống sốc nhưng mọi lần nhưng truyện ksao nên rate 5 ⭐️",5,2022-08-29 16:26:21,194959173,194959175
385406,,5,2024-04-26 11:59:31,194959173,194959175
27289056,Ok tuy nhiên box hơi xấu,5,2022-08-29 12:12:33,194959173,194959177
6095461,,5,2024-04-21 07:31:09,194959173,194959175
16550752,"gói rất kỹ luôn, nhận nguyên thùng hàng to nên hơi bất ngờ tí ạ, bìa siu đẹpppp",5,2022-08-27 20:44:59,194959173,194959177
429297,"Đợt này tiki đóng gói giao hàng khá tốt nha. Khum df gì cả, ngon hơn con AZ giao nhiều",5,2022-08-27 16:10:08,194959173,194959177
14168090,Như tập 1,5,2022-11-28 00:36:00,194959173,194959175
27332072,wá là đẹp tỵt zoi,5,2022-09-11 12:00:15,194959173,194959175
22698915,Pháp sư tiki vẫn gói truyện chỉ với cái bìa giấy :)) trộm vía là sách ko sao,5,2022-09-27 00:06:52,194959173,194959175
814344,Truyện hay,5,2022-10-29 20:48:52,194959173,194959175
16364077,"Đóng gói cẩn thận, chắc chắn, giao hàng nhanh lắm ạ",5,2023-02-22 15:12:56,194959173,194959175
14176001,Gói hàng rất kĩ,5,2022-08-28 00:33:50,194959173,194959175
18542091,oke,5,2022-12-04 17:14:31,194959173,194959175
5859242,,5,2022-12-20 10:35:56,194959173,194959175
16264097,Xịn xịn xịn,5,2022-09-08 17:38:04,194959173,194959175
28372192,,5,2022-12-14 20:33:41,194959173,194959175
16651370,truyện được bọc kĩ càng giao hơi lâu nhưng đáng lắm nhaaaa. bao 10/10 lun á,5,2022-08-30 10:01:13,194959173,194959177
10967894,rất xinh đẹp,5,2022-09-05 01:43:08,194959173,194959175
8742659,💯 điểm,5,2022-09-09 10:22:28,194959173,194959177
27163178,Oki ạ,5,2022-09-25 00:32:08,194959173,194959175
7274456,"Bìa đẹp, sách mới, còn nguyên seal! Đóng gói chắc chắn, kỹ lưỡng!",5,2022-08-29 10:08:47,194959173,194959175
26115789,Nội dung bộ này đỉnh khỏi bản ý. Hai người dễ thương muốn xĩu1,5,2022-09-02 08:32:34,194959173,194959175
24889754,Otipi đẹp nhấc thế giớiii áaaaaaa💗💗💗💗,5,2023-01-31 17:22:38,194959173,194959175
27375831,tiki chơi bùa dù k một miếng chống sốc vẫn nguyên ven k bị df=))),5,2022-09-09 17:45:52,194959173,194959175
26990238,Ngon,5,2022-08-29 17:16:30,194959173,194959175
9855906,Em,5,2022-09-08 17:00:50,194959173,194959175
27191043,Sách đẹp dãi ship về khôh chóng sốc mà k bị df xíu nào luôn,5,2022-09-09 17:48:34,194959173,194959175
9899009,,5,2022-09-13 11:10:58,194959173,194959175
27633382,,5,2022-09-13 11:06:54,194959173,194959175
26532404,,5,2022-09-10 21:36:08,194959173,194959175
21956178,Ok,5,2022-08-30 00:03:20,194959173,194959177
16319214,,5,2022-09-09 12:46:51,194959173,194959175
21649997,,5,2022-09-08 12:21:30,194959173,194959175
25626354,,5,2022-09-03 13:22:07,194959173,194959175
19406874,Good nhaaa =))) Nay tiki biết dùng chống sốc rùi hạnh phúc quá,5,2022-09-06 19:40:10,194959173,194959177
26168018,Giao hàng nhanh chất lượng sách tuyệt vời ko bị hư hại gì,5,2022-09-06 14:51:26,194959173,194959177
17585580,,5,2022-08-29 11:45:25,194959173,194959175
13820781,"Giao đủ, gói kĩ nha trời ơi=))))))) hơi bị bất ngờ luôn ạ",5,2022-08-27 10:43:05,194959173,194959177
24653223,,5,2023-10-29 23:58:50,194959173,194959175
25648336,Sách chỉ bọc mỗi hộp nhưng tổ độ ko bị j cả😘,5,2022-09-25 09:53:02,194959173,194959175
850312,Hài hước và ngọt ngào thật đáng mong đợi,5,2022-11-18 23:07:59,194959173,194959175
26797979,Nhìn khoản đóng gói thoi là đã tụt huyết áp r🙂🙂 ko còn là hộp mà nó là quấn bìa carton lên tròn vo Sách bị móp 1 xúi Nhưng quan trọng là bìa : nó ko chỉ móp mà là mất nguyên 1 mảng ở góc ( rách luôn ) Ôi khok *** luôn ạ🥲,1,2022-08-28 11:00:32,194959173,194959177
19421070,Săn được giá rẻ lắm hehe,5,2023-02-19 12:37:22,194959173,194959175
28156837,"Bìa đẹp lắm nha mn, đóng gòi cx chắc chắn nx",5,2022-09-10 17:45:03,194959173,194959175
6259304,Hên quá sách về ko bị gì ạ,5,2022-12-25 20:37:03,194959173,194959175
19911636,,5,2023-07-20 14:53:51,194959173,194959175
25193173,,5,2023-07-11 06:41:36,194959173,194959175
21185709,,5,2023-06-30 13:47:48,194959173,194959175
16829305,Sản phẩm không bị nhàu nát gì khá oke nha,5,2022-08-29 22:13:30,194959173,194959175
18620670,Truyện siu cấp cuteee,5,2023-01-26 01:41:14,194959173,194959175
17085192,Lấy hàng lâu nma giao nhanh hơn dự kiến,5,2022-09-09 23:08:33,194959173,194959175
10903937,"Mình rất thất vọng về tiki ạ, không thèm cho thùng carton luôn, hàng thì hàng đặc biệt không có hàng đổi trả mà đóng ẩu, đến tay khác chỉ cuốn vài miếng carton bên ngoài như vậy, nếu có 0 sao mình cũng cho luôn chứ không phải cho 1 sao đâu nhé. Đề nghi tiki cải thiện nhân viên đóng gói giùm",1,2022-08-27 14:09:39,194959173,194959177
11626021,,5,2023-06-10 13:34:25,194959173,194959175
326417,,5,2023-06-09 13:53:21,194959173,194959175
26938759,Đẹp xễu😻😻 Mê,5,2023-01-14 10:23:38,194959173,194959175
1272197,Sách đẹp còn seal đủ phụ kiện,5,2022-10-06 16:17:52,194959173,194959175
18118041,,5,2023-06-01 17:10:53,194959173,194959175
27964202,"Sách đẹp, ko bị móp",5,2022-12-17 12:23:36,194959173,194959175
22054583,"Đóng gói tốt, không bị móp méo gì",5,2022-08-31 08:45:32,194959173,194959177
18425014,Bìa đẹp to dày rất nặng,5,2022-10-29 07:37:15,194959173,194959175
727890,Truyện dễ thương lắm 😍,5,2022-10-15 10:36:19,194959173,194959175
21680446,,5,2023-04-25 15:56:21,194959173,194959175
27825391,K 1 lớp bbw mà vẫn k df 🥹🖐️,5,2022-08-27 11:29:26,194959173,194959175
18811889,Giao hàng cẩn thận,5,2022-12-03 13:31:00,194959173,194959175
6929306,"Sách đẹp, đóng gói cẩn thận.",5,2022-08-28 10:25:43,194959173,194959177
17803203,truyện khá hay mn nên đọc nha,5,2022-09-10 11:04:46,194959173,194959175
17674578,do vận chuyển nên có df nhẹ,5,2022-09-14 15:34:46,194959173,194959175
28745790,,5,2023-04-06 14:43:57,194959173,194959175
16686979,Đẹp quá trời,5,2022-12-22 02:38:13,194959173,194959175
6521369,truyện siu dễ thương luôn !!!!,5,2022-08-28 09:36:29,194959173,194959175
498536,,5,2023-04-01 07:56:00,194959173,194959175
8111298,"Nội dung sách hay, gói hàng ổn",5,2022-08-27 18:58:21,194959173,194959175
10506524,,5,2023-03-27 20:54:20,194959173,194959175
23001982,,5,2023-03-18 16:33:31,194959173,194959175
15126312,,5,2023-03-15 09:20:32,194959173,194959175
20579195,,5,2023-03-09 14:55:18,194959173,194959175
20481152,,5,2023-03-08 18:26:37,194959173,194959175
26612188,,5,2023-03-06 01:52:27,194959173,194959175
28621861,,5,2023-03-05 21:09:54,194959173,194959175
22072992,,5,2023-03-04 12:00:04,194959173,194959175
2003560,,5,2023-03-04 09:27:37,194959173,194959175
19050993,,5,2023-03-03 19:24:11,194959173,194959175
316948,sách được giao rất nhanh,5,2022-08-28 10:22:23,194959173,194959175
28249570,,5,2023-02-24 00:03:15,194959173,194959175
12247427,,5,2023-02-23 00:25:39,194959173,194959175
6751457,,5,2023-02-22 21:57:06,194959173,194959175
20436570,,5,2023-02-17 10:47:34,194959173,194959175
28617564,,5,2023-02-17 08:49:36,194959173,194959175
28391265,,5,2023-02-16 11:20:37,194959173,194959175
19144554,,5,2023-02-15 16:05:26,194959173,194959175
27725458,,5,2023-02-13 22:18:11,194959173,194959175
9698531,Đẹp đệp đẹp đẹp,5,2022-09-08 12:09:13,194959173,194959175
1397138,,5,2023-02-12 20:18:10,194959173,194959175
820171,,5,2023-02-12 12:32:45,194959173,194959175
19349391,Tuỵt vời ạ UwwU,5,2022-10-12 15:12:34,194959173,194959175
28808524,,5,2023-02-09 11:37:09,194959173,194959175
28802432,,5,2023-02-08 20:20:06,194959173,194959175
28393472,Giao hàng nhanh,5,2022-11-05 18:32:26,194959173,194959175
28054991,Muaaaaaa đi nhaaaaaaa mn,5,2022-09-11 18:09:54,194959173,194959175
27009073,,5,2023-02-03 14:48:53,194959173,194959175
14425655,,5,2023-02-03 09:38:43,194959173,194959175
18757080,,5,2023-02-02 19:24:08,194959173,194959175
27765494,,5,2023-02-02 10:59:19,194959173,194959175
393518,,5,2023-01-31 20:41:01,194959173,194959175
16473468,Mêêêê :>>>>,5,2022-11-01 16:33:01,194959173,194959175
26119805,Gut,5,2023-01-09 14:17:52,194959173,194959175
2187422,truyện rất hay,5,2022-10-13 11:29:28,194959173,194959175
1050783,,5,2023-01-25 12:21:34,194959173,194959175
19971980,,5,2023-01-23 15:43:07,194959173,194959175
19233041,,5,2023-01-20 01:01:56,194959173,194959175
18755402,,5,2023-01-18 17:10:04,194959173,194959175
24860778,,5,2023-01-12 09:24:11,194959173,194959175
32504,,5,2023-01-11 14:40:58,194959173,194959175
27531308,,5,2023-01-10 00:10:36,194959173,194959175
12312296,,5,2023-01-09 20:55:51,194959173,194959175
27844677,,5,2023-01-09 19:09:36,194959173,194959175
28621225,Hay,5,2022-12-20 15:18:04,194959173,194959175
564223,,5,2023-01-05 14:10:25,194959173,194959175
8711418,,5,2023-01-04 20:11:06,194959173,194959175
10794832,,5,2023-01-04 10:01:52,194959173,194959175
19388085,,5,2023-01-03 09:35:20,194959173,194959175
7304381,Ưng mắt lắm luôn,5,2022-08-27 12:38:31,194959173,194959175
6772103,,5,2023-01-01 22:35:42,194959173,194959177
475394,,5,2022-12-30 21:24:24,194959173,194959175
8130073,,5,2022-12-29 11:23:49,194959173,194959175
27092242,,5,2022-12-28 21:20:50,194959173,194959175
10912949,,5,2022-12-28 12:10:19,194959173,194959175
16758484,,5,2022-12-27 12:25:12,194959173,194959175
24809593,,5,2022-12-26 05:31:03,194959173,194959177
27244082,,5,2022-12-25 20:21:03,194959173,194959175
12399237,,5,2022-12-25 19:10:00,194959173,194959175
16235215,,5,2022-12-24 22:44:22,194959173,194959175
17488375,,5,2022-12-24 20:31:21,194959173,194959175
18725843,,5,2022-12-24 00:28:50,194959173,194959175
28621352,,5,2022-12-23 21:15:31,194959173,194959175
8292302,,5,2022-12-23 14:37:30,194959173,194959175
28618699,,5,2022-12-23 11:48:38,194959173,194959175
17507053,,5,2022-12-23 09:25:40,194959173,194959175
28520545,,5,2022-12-21 12:36:59,194959173,194959175
8525127,,5,2022-12-21 06:40:09,194959173,194959175
9122324,,5,2022-12-20 23:17:51,194959173,194959175
26927318,,5,2022-12-20 18:55:52,194959173,194959175
16507789,,5,2022-12-20 12:56:54,194959173,194959175
13925569,,5,2022-12-19 18:19:49,194959173,194959175
9913615,,5,2022-12-18 23:28:54,194959173,194959175
28571032,,5,2022-12-18 20:28:46,194959173,194959175
1711226,,5,2022-12-17 22:56:33,194959173,194959177
14067058,,5,2022-12-17 21:38:46,194959173,194959175
14314759,,5,2022-12-16 19:22:00,194959173,194959175
532607,,5,2022-12-13 19:21:36,194959173,194959175
17960390,,5,2022-12-13 11:19:22,194959173,194959175
14309104,,5,2022-12-12 00:17:04,194959173,194959175
1143941,,5,2022-12-09 15:05:23,194959173,194959175
14122480,,5,2022-12-07 17:23:28,194959173,194959175
11904957,,5,2022-12-06 02:10:48,194959173,194959175
18218358,,5,2022-12-04 17:38:56,194959173,194959175
27880474,Ncl ok,5,2022-10-26 00:59:06,194959173,194959175
19144879,,5,2022-11-29 11:21:58,194959173,194959175
17550908,hay ạ,5,2022-10-19 09:53:31,194959173,194959175
63597,,5,2022-11-27 01:24:33,194959173,194959175
19751750,,5,2022-11-25 23:07:55,194959173,194959175
6905942,,5,2022-11-25 18:48:34,194959173,194959175
26529822,,5,2022-11-25 15:21:42,194959173,194959175
17428339,,5,2022-11-24 22:11:42,194959173,194959175
16174960,,5,2022-11-24 15:15:27,194959173,194959175
27248597,,5,2022-11-21 19:49:38,194959173,194959175
28100494,,5,2022-11-20 14:15:48,194959173,194959175
8950062,,5,2022-11-18 09:35:40,194959173,194959175
5181058,,5,2022-11-15 20:56:25,194959173,194959175
1599332,,5,2022-11-15 19:30:39,194959173,194959175
175566,,5,2022-11-15 06:12:40,194959173,194959175
375638,,5,2022-11-14 17:27:22,194959173,194959177
1786044,,5,2022-11-13 04:25:55,194959173,194959175
10439254,,5,2022-11-12 20:59:05,194959173,194959175
10200953,,5,2022-11-11 14:03:14,194959173,194959175
28058933,,5,2022-11-11 12:12:17,194959173,194959175
5146034,,5,2022-11-10 17:31:13,194959173,194959175
26254585,,5,2022-11-09 14:56:32,194959173,194959175
15299523,,5,2022-11-08 21:41:42,194959173,194959175
10136103,,5,2022-11-08 21:30:58,194959173,194959175
23140341,,5,2022-11-07 21:32:28,194959173,194959177
10348137,,5,2022-11-07 21:24:52,194959173,194959177
1169189,,5,2022-11-07 21:16:16,194959173,194959175
10731379,,5,2022-11-07 17:16:55,194959173,194959175
6395636,,5,2022-11-05 23:42:36,194959173,194959177
14163853,,5,2022-11-04 11:29:40,194959173,194959177
14908224,,5,2022-11-04 10:48:47,194959173,194959177
26589892,,5,2022-11-03 19:31:38,194959173,194959175
440337,,5,2022-11-03 10:33:58,194959173,194959177
2128458,,5,2022-11-03 02:26:52,194959173,194959177
27867001,,5,2022-11-02 15:17:21,194959173,194959175
2075084,,5,2022-10-31 19:10:03,194959173,194959175
12257778,,5,2022-10-31 17:25:08,194959173,194959175
5963564,,5,2022-10-31 15:06:57,194959173,194959175
8756254,,5,2022-10-30 21:42:58,194959173,194959175
26368385,,5,2022-10-29 22:39:09,194959173,194959175
2057356,,5,2022-10-29 21:22:29,194959173,194959175
16190677,,5,2022-10-29 16:36:30,194959173,194959175
1374663,,5,2022-10-27 17:54:13,194959173,194959175
23745567,,5,2022-10-27 11:37:49,194959173,194959177
22446400,,5,2022-10-26 23:14:25,194959173,194959175
7801096,,5,2022-10-26 11:07:19,194959173,194959175
19644572,,5,2022-10-26 08:27:06,194959173,194959175
26872504,,5,2022-10-25 11:54:43,194959173,194959175
5968576,,5,2022-10-25 10:30:47,194959173,194959175
1018576,,5,2022-10-25 08:40:17,194959173,194959175
27533540,Hàng xinh,5,2022-08-27 15:58:44,194959173,194959177
28365044,,5,2022-10-24 13:47:37,194959173,194959175
19388576,,5,2022-10-23 11:16:46,194959173,194959177
27880440,Tuyệt,5,2022-09-11 17:21:22,194959173,194959175
22627446,,5,2022-10-21 22:03:15,194959173,194959175
11611842,,5,2022-10-18 04:43:13,194959173,194959175
7335122,,5,2022-10-16 17:13:07,194959173,194959175
10960257,,5,2022-10-15 13:03:52,194959173,194959177
27858519,,5,2022-10-13 16:17:36,194959173,194959175
22046902,ổn,5,2022-09-20 00:52:35,194959173,194959177
19732183,,5,2022-10-12 23:38:28,194959173,194959175
1644858,,5,2022-10-12 23:25:54,194959173,194959175
6646488,,5,2022-10-12 21:29:09,194959173,194959175
26898403,,5,2022-10-12 16:24:42,194959173,194959175
7015888,,5,2022-10-12 09:47:45,194959173,194959175
13393512,,5,2022-10-12 01:04:21,194959173,194959175
5667896,,5,2022-10-11 23:44:42,194959173,194959175
27058027,,5,2022-10-10 19:13:59,194959173,194959175
1668209,,5,2022-10-10 10:12:25,194959173,194959175
5094585,,5,2022-10-07 15:30:49,194959173,194959175
8993707,,5,2022-10-05 07:25:44,194959173,194959175
10751943,,5,2022-10-05 00:09:46,194959173,194959177
7167658,,5,2022-10-04 13:38:11,194959173,194959175
8292302,,5,2022-10-03 09:25:26,194959173,194959177
15007654,,5,2022-10-02 21:15:44,194959173,194959175
26733149,Đẹp,5,2022-08-27 14:52:00,194959173,194959175
27761458,Thích,5,2022-08-27 11:59:25,194959173,194959175
14478192,,5,2022-09-30 21:33:57,194959173,194959175
447646,,5,2022-09-29 01:29:52,194959173,194959175
759415,Tốt,5,2022-08-30 16:45:36,194959173,194959175
95434,,5,2022-09-28 18:15:40,194959173,194959175
10410033,,5,2022-09-28 00:58:01,194959173,194959175
19602200,,5,2022-09-26 10:23:46,194959173,194959175
9599564,,5,2022-09-25 19:04:48,194959173,194959175
21997443,,5,2022-09-25 18:57:47,194959173,194959175
10723039,,5,2022-09-25 16:44:49,194959173,194959175
16904709,,5,2022-09-25 12:22:57,194959173,194959177
17476680,,5,2022-09-25 00:18:04,194959173,194959177
18223371,,5,2022-09-24 10:49:09,194959173,194959175
27018419,,5,2022-09-23 19:16:52,194959173,194959175
22123675,,5,2022-09-23 13:30:14,194959173,194959175
27716878,,5,2022-09-23 01:36:01,194959173,194959175
22547188,,5,2022-09-23 00:15:53,194959173,194959175
7533203,,5,2022-09-22 16:25:55,194959173,194959175
6627736,,5,2022-09-22 12:35:50,194959173,194959175
12101445,,5,2022-09-21 17:02:46,194959173,194959175
27860050,,5,2022-09-21 15:06:45,194959173,194959175
28032976,,5,2022-09-21 11:16:30,194959173,194959175
1980579,,5,2022-09-20 18:24:41,194959173,194959175
10886315,,5,2022-09-20 17:38:32,194959173,194959175
7459489,,5,2022-09-20 11:21:43,194959173,194959175
11283829,,5,2022-09-20 11:07:39,194959173,194959175
12796371,,5,2022-09-20 08:57:42,194959173,194959175
19982730,,5,2022-09-19 23:59:28,194959173,194959175
870533,,5,2022-09-19 22:04:21,194959173,194959175
26351724,Ổn,5,2022-08-27 10:35:58,194959173,194959175
26948898,,5,2022-09-17 23:38:26,194959173,194959175
21883643,,5,2022-09-17 11:36:54,194959173,194959175
9138348,,5,2022-09-17 06:52:35,194959173,194959177
26867003,,5,2022-09-16 21:33:58,194959173,194959175
18982944,,5,2022-09-16 19:14:48,194959173,194959175
12875547,,5,2022-09-16 18:29:21,194959173,194959175
6228582,,5,2022-09-15 15:54:10,194959173,194959175
7483456,,5,2022-09-15 12:23:30,194959173,194959175
17393487,,5,2022-09-15 08:42:13,194959173,194959175
6735026,,5,2022-09-14 12:14:27,194959173,194959175
13266807,,5,2022-09-14 11:17:03,194959173,194959177
10922141,,5,2022-09-13 23:22:50,194959173,194959177
11081754,,5,2022-09-13 18:46:16,194959173,194959177
592441,,5,2022-09-13 09:54:12,194959173,194959175
28103906,,5,2022-09-12 20:10:12,194959173,194959175
27845983,,5,2022-09-12 18:52:25,194959173,194959175
19791781,,5,2022-09-12 17:18:26,194959173,194959177
28090441,,5,2022-09-12 09:37:06,194959173,194959175
5247090,,5,2022-09-12 09:02:04,194959173,194959175
10063416,,5,2022-09-12 03:02:46,194959173,194959175
16494233,,5,2022-09-11 21:03:58,194959173,194959175
21663407,,5,2022-09-11 12:30:30,194959173,194959175
27866503,,5,2022-09-11 12:29:06,194959173,194959175
26844489,,5,2022-09-11 10:25:15,194959173,194959175
14335627,,5,2022-09-11 09:43:31,194959173,194959175
12505355,,5,2022-09-11 00:13:20,194959173,194959175
311433,,5,2022-09-10 22:27:19,194959173,194959175
7874628,,5,2022-09-10 20:15:04,194959173,194959175
1278806,,5,2022-09-10 15:29:16,194959173,194959175
5241406,,5,2022-09-10 12:25:10,194959173,194959175
15799350,,5,2022-09-10 09:50:49,194959173,194959175
18535877,,5,2022-09-10 00:16:21,194959173,194959175
27795460,,5,2022-09-09 22:28:00,194959173,194959175
11906457,,5,2022-09-09 20:55:20,194959173,194959175
26066730,,5,2022-09-09 18:31:18,194959173,194959175
22298705,,5,2022-09-09 17:41:22,194959173,194959175
27062718,,5,2022-09-09 13:26:00,194959173,194959175
481605,,5,2022-09-09 12:06:06,194959173,194959175
13287031,,5,2022-09-09 11:51:21,194959173,194959177
8149262,,5,2022-09-09 11:49:13,194959173,194959175
16086291,,5,2022-09-09 09:56:35,194959173,194959175
28087720,,5,2022-09-09 09:49:36,194959173,194959175
12363432,,5,2022-09-09 08:27:26,194959173,194959175
21282533,,5,2022-09-09 06:08:20,194959173,194959175
24494539,,5,2022-09-08 19:20:51,194959173,194959177
163552,,5,2022-09-08 19:15:17,194959173,194959175
28099025,,5,2022-09-08 16:02:49,194959173,194959175
18382293,,5,2022-09-08 01:09:21,194959173,194959175
15605109,,5,2022-09-07 19:02:01,194959173,194959177
25969544,,5,2022-09-06 20:12:23,194959173,194959175
14239874,,5,2022-09-06 16:42:40,194959173,194959175
12553044,,5,2022-09-06 09:55:45,194959173,194959175
26103991,,5,2022-09-06 08:49:58,194959173,194959177
22154580,,5,2022-09-06 06:42:10,194959173,194959175
26418763,,5,2022-09-05 18:01:53,194959173,194959177
227348,,5,2022-09-05 09:19:03,194959173,194959175
27737375,.,5,2022-08-29 16:19:11,194959173,194959175
22579963,,5,2022-09-04 04:07:04,194959173,194959177
869157,,5,2022-09-03 13:43:06,194959173,194959175
5897437,,5,2022-09-01 22:06:24,194959173,194959175
19075336,,5,2022-09-01 21:07:36,194959173,194959175
27704864,,5,2022-09-01 17:23:45,194959173,194959175
16676505,,5,2022-09-01 12:23:35,194959173,194959175
27207919,,5,2022-09-01 12:15:57,194959173,194959177
7341432,,5,2022-09-01 01:13:08,194959173,194959175
14634655,,5,2022-08-31 14:00:09,194959173,194959175
11261744,,5,2022-08-31 10:50:33,194959173,194959177
6957037,,5,2022-08-31 09:44:45,194959173,194959175
24574729,,5,2022-08-31 01:33:44,194959173,194959175
25856777,,5,2022-08-31 01:21:36,194959173,194959177
7287481,,5,2022-08-31 00:43:25,194959173,194959175
10389530,,5,2022-08-31 00:17:19,194959173,194959175
21174218,,5,2022-08-30 22:18:51,194959173,194959175
10765939,,5,2022-08-30 19:33:03,194959173,194959175
27440092,,5,2022-08-30 18:57:18,194959173,194959175
21090574,,5,2022-08-30 16:29:24,194959173,194959177
27670962,,5,2022-08-30 16:22:48,194959173,194959175
27140629,,5,2022-08-30 16:14:24,194959173,194959175
7466502,,5,2022-08-30 16:12:17,194959173,194959175
6272908,,5,2022-08-30 15:28:01,194959173,194959175
8364897,,5,2022-08-30 14:45:47,194959173,194959175
14542241,,5,2022-08-30 11:17:51,194959173,194959175
20461444,,5,2022-08-30 11:06:30,194959173,194959175
7892019,,5,2022-08-30 10:09:11,194959173,194959175
22067615,,5,2022-08-30 09:59:23,194959173,194959175
20083168,,5,2022-08-30 09:47:01,194959173,194959175
6828289,,5,2022-08-30 09:05:12,194959173,194959175
18338653,,5,2022-08-29 22:59:20,194959173,194959175
23296066,,5,2022-08-29 22:37:10,194959173,194959177
22903677,,5,2022-08-29 21:16:26,194959173,194959175
20045542,,5,2022-08-29 20:22:34,194959173,194959177
28046293,,5,2022-08-29 18:07:15,194959173,194959175
14057019,,5,2022-08-29 18:03:25,194959173,194959175
14213235,,5,2022-08-29 17:30:37,194959173,194959177
1834779,,5,2022-08-29 14:02:35,194959173,194959175
18762884,,5,2022-08-29 12:26:59,194959173,194959177
1826533,,5,2022-08-29 12:17:58,194959173,194959177
6254693,,5,2022-08-29 10:45:49,194959173,194959177
15884627,,5,2022-08-29 08:40:07,194959173,194959175
491668,,5,2022-08-29 05:50:38,194959173,194959175
340559,,5,2022-08-29 00:57:43,194959173,194959175
26192587,,5,2022-08-29 00:44:16,194959173,194959177
8268346,,5,2022-08-28 23:45:16,194959173,194959175
16192488,,5,2022-08-28 20:55:41,194959173,194959177
10974598,,5,2022-08-28 18:37:48,194959173,194959177
12840767,,5,2022-08-28 18:00:40,194959173,194959177
12917626,,5,2022-08-28 17:22:21,194959173,194959175
17502407,,5,2022-08-28 17:07:41,194959173,194959175
26583181,,5,2022-08-28 16:23:19,194959173,194959177
7661124,,5,2022-08-28 16:12:44,194959173,194959177
447646,,5,2022-08-28 14:41:11,194959173,194959177
333003,,5,2022-08-28 14:13:06,194959173,194959175
14045017,,5,2022-08-28 13:11:28,194959173,194959175
26163344,,5,2022-08-28 13:06:57,194959173,194959177
1390450,,5,2022-08-28 12:56:43,194959173,194959177
17296649,,5,2022-08-28 12:22:37,194959173,194959177
23947261,,5,2022-08-28 12:10:40,194959173,194959177
27821791,,5,2022-08-28 10:44:47,194959173,194959177
27737375,,5,2022-08-28 10:41:31,194959173,194959177
14789264,,5,2022-08-28 10:40:30,194959173,194959175
28037827,,5,2022-08-28 10:07:37,194959173,194959175
27705084,,5,2022-08-28 09:36:59,194959173,194959175
7731431,,5,2022-08-27 23:52:56,194959173,194959177
15386326,,5,2022-08-27 21:46:51,194959173,194959175
27575029,,5,2022-08-27 21:21:50,194959173,194959175
17531858,,5,2022-08-27 20:55:20,194959173,194959177
2220977,,5,2022-08-27 20:38:23,194959173,194959175
69164,,5,2022-08-27 19:40:19,194959173,194959175
26975375,,5,2022-08-27 19:26:27,194959173,194959175
22414262,,5,2022-08-27 15:18:24,194959173,194959177
27458296,,5,2022-08-27 15:00:17,194959173,194959175
27220035,,5,2022-08-27 13:41:40,194959173,194959175
27848032,,5,2022-08-27 13:37:27,194959173,194959177
28035488,,5,2022-08-27 13:36:43,194959173,194959175
13803949,,5,2022-08-27 13:17:57,194959173,194959177
27851785,,5,2022-08-27 13:14:58,194959173,194959175
19051779,,5,2022-08-27 12:57:50,194959173,194959177
18344892,,5,2022-08-27 12:19:08,194959173,194959175
1156358,,5,2022-08-27 12:13:15,194959173,194959175
27669402,,5,2022-08-27 11:58:36,194959173,194959177
7278417,,5,2022-08-27 11:32:47,194959173,194959175
27462519,,5,2022-08-27 11:26:07,194959173,194959175
8597148,,5,2022-08-27 11:23:42,194959173,194959175
6848509,,5,2022-08-27 11:19:16,194959173,194959175
26734429,,5,2022-08-27 10:42:20,194959173,194959175
16102010,,5,2022-08-27 10:32:59,194959173,194959175
26906107,,5,2022-08-27 10:28:22,194959173,194959175
28033525,,5,2022-08-27 09:50:47,194959173,194959175
8463835,,5,2022-08-27 09:42:05,194959173,194959175
14516400,"Giao đến tay mình thì sách nằm vừa vặn trong hộp, rất may là không bị móp méo góc truyện, lòng hân hoan mở truyện thì pc oke, mà nỡ lòng nào nhét vào trong cái bookmark như này vậy trời :(( tổn thương hết sức. 4 sao vì quá mê truyện và anh shipper giao cho trong 1 ngày siêu mưa gió",4,2022-09-08 15:28:45,194959173,194959175
27019812,"Truyện rất hay, nhưng tiki đóng gói giao hàng ẩu quá, df sách của mình mất tiêu, hay do mình mua được sale nên làm đại làm đến như vậy nhỉ :))) mới sáng nhận được quả sách như vậy bực mình thiệt á",4,2022-08-30 12:11:00,194959173,194959175
23343799,Chả biết usagi làm ăn kiểu gì gáy bảo lỗi rồi làm thêm cái box bảo để đền bù nhưng box thì chả ra gì mà tận hơn 360 nghìn,2,2022-08-27 12:02:44,194959173,194959177
27555785,"Hộp hở , bị df , cảm thấy gáy sách lần này k ổn =))) quá vuông",3,2022-08-27 16:23:25,194959173,194959177
27903063,"Truyện thì tất nhiên không có gì phải chê rồi, quá tuỵt vời, giao hàng siêu nhanh but sách bị df góc khiến mình khá khó chịu, mong bên vận chuyển cần cẩn thận hơn",4,2022-09-25 00:17:37,194959173,194959175
18884271,"lần này tiki gói cũng kĩ đấy, nhưng vẫn móp, và ghét nhất cái con mụ usagi nhé, thà đừng có *** cái box vào còn hơn, chứ nhận xog. rước bực vào người, trừ art bìa thì box xấu đau xấu đớn từ design cho đến chibi, xin ả U đừng có nhận thêm bq bộ nào nữa ^^, làm ăn k hẳn hoi thì đừng có làm, khổ thân fan truyện thôi",1,2022-08-28 18:12:33,194959173,194959177
19112457,"sách bị rách seal 1 tí tẹo, bị móp phần đầu đuôi, thêm cả cái dưới ảnh nữa, hộp chỉ đựng mỗi quyển sách k nhét thêm gì vào trong, nhưng k ảnh hưởng nhiều đến sách, với lại tiki giao hàng khá nhanh nên vẫn khuyến khích 4 sao nhe >",4,2022-08-27 23:25:33,194959173,194959175
1589219,Lần đầu mk phốt nhà sx này luôn á. Toàn nghe bản đb bị lỗi ko ngờ bản thường cũng bị. Mk rất bực khi bìa áo ko phủ hết cuốn sách làm cho bìa sách bị gập cong. Quá bực,1,2022-09-16 14:43:49,194959173,194959175
23342448,"bìa bị lỗi cán lụa, miếng nilon gập tung lên và đã đc dập vào gáy sách nên ko vuốt nó xuống đc. hoàn thiện ẩu",3,2022-08-27 17:14:53,194959173,194959175
9116011,"Giao hàng rất nhanh, đóng gói ok nhưng góc sách hơi bị nhăn và gập, bìa sách nhìn hơi xước. Nhưng tổng quan ok. À hình postcard cute xỉu. Ai u mê bộ này thì có live action, truyện và hoạt hình để cày luôn nhé :)))",4,2022-11-26 12:02:33,194959173,194959175
27879949,"Đóng gói sơ sài,mỗi cái hộp làm méo hết cả sách, sách nhìn như sách cũ",2,2022-09-04 11:26:13,194959173,194959175
14467919,Giao hàng siêu nhanh chỉ 2 ngày đã về đến tay vẫn như mọi lần chỉ có 1 lớp seal mỏng bên ngoài nhưng vẫn nguyên vẹn ko bị lỗi j nhiều mong có nhiều ưu đãi giảm giá hơn,4,2022-12-15 19:36:26,194959173,194959175
15832537,"Cái hộp đúng ọp ẹp :)))) giao hàng thì cũng ko df nhiều , Bìa đẹp :)) đu vì nội dung chứ làm ăn chán ***",4,2022-08-29 10:30:23,194959173,194959177
9675901,Tr ko phải là rẻ và lại còn là bản giới hạn nên ko có đổi mà đóng gói hàng quá tệ làm hỏng boxset,1,2022-08-30 15:17:04,194959173,194959177
15642837,"Sách không seal, không bookmark, không postcard, trong khi bài đăng bán có đủ?. Mua trả tiền mà đối xử thiếu tôn trọng với khách hàng như thế?",1,2023-01-31 07:20:59,194959173,194959175
15244918,"Sách giao nhanh, săn đc đợt giảm giá nên giá ổn, nhưng mà bọc sách chán thật sự í. Bìa của mình bị df ngay mặt em xà lách luôn ạ",4,2022-11-21 22:36:27,194959173,194959175
22414038,"Lần đầu mua sách ở tiki nên sốc=)) không có giảm xóc, may trời đẹp số lành nên không bị df gì. Ship nhanh, giá rẻ hơn nhiều so với giá gốc",4,2022-08-27 22:40:04,194959173,194959175
18607796,"Tiki giao hàng đã gói siêu kĩ, nhưng có 1 số chỗ box bị hỏng cực nhiều",3,2022-08-29 22:52:16,194959173,194959177
22442144,Nó bị hư ở khúc trên của cuốn sách làm mình thấy hơi thất vọng🥲,3,2022-09-01 14:16:45,194959173,194959175
27884829,Bìa không chất lượng như tập 1 nhưng vẫn ổn :’) hơi móp tí,4,2022-09-03 12:14:36,194959173,194959175
19628809,,4,2022-09-09 11:45:33,194959173,194959175
25689039,Giao hàng đi tiki ơi!!!!! Làm gì mà om hàng của người ta 1 tuần thế?? Đã thế lại còn không cho hủy nữa.,1,2022-11-25 21:36:13,194959173,194959177
27535121,Truyện đẹp nội dung hay nhưng bìa thì hơi bẩn,4,2022-09-09 16:33:43,194959173,194959175
16518194,Sách đẹp to ! Giao nhanh ! Săn sale khá rẻ P/s: Hình ảnh mang tính chất minh hoạ!!!!!!!!!!,4,2023-01-17 11:08:26,194959173,194959175
11959366,Đóng hàng như mọi khi nhưng hôm nay nhân phẩm tôi bị kém nên hàng bị df rồi,4,2023-03-06 19:31:01,194959173,194959175
26707997,"Đóng gói cẩn thận, bị bẩn",4,2022-10-28 15:02:51,194959173,194959175
800585,"Gói hàng hộp không chèn gì hết, sách lộc cộc bên trong ạ. Nhưng cũng đỡ là hộp còn nguyên vẹn. Không như lần mình mua quyển 1, hộp móp méo hết cả.",4,2022-09-20 17:02:19,194959173,194959175
27097970,"Bản in rõ nét, nội dung hay",4,2022-08-27 14:05:43,194959173,194959175
11420552,"Hơi df postcard xíu thôi, trộm vía vứt có quyển sách vào mà vẫn ko gãy góc sách",4,2022-09-13 12:06:18,194959173,194959175
26282044,"Seal hơi rách xíu nhưng mà ổn nha mọi người ôi, mua đi siêu siêu cưng luôn íii",4,2022-08-31 20:39:30,194959173,194959175
26105753,"Nội dung hay, bìa đẹp, box không chắc chắn , giao hàng nhanh, hàng bị lỗi nhẹ",4,2022-08-28 12:15:51,194959173,194959177
27043257,Không có nổi miếng chống sốc nên sách nó lượn sóng còn hơn cái cuộc đời đã vậy hộp giấy ngoài còn bị mốc không biết nói gì hơn,1,2022-08-28 00:10:44,194959173,194959175
14275808,Sách tuy có seal rồi nhưng đóng gói ko có bọc gì xung quanh để chống va đập hết. Tiki cần phải cải thiện lại khoản đóng gói hàng,4,2022-09-10 16:13:40,194959173,194959175
6657778,"Truyện hay thì khỏi phải bàn nhưng tập 2 in nhiều trang chữ bị mờ, giấy nhăn lắm nhé. Chất lượng kém hơn tập 1",4,2022-12-21 23:12:35,194959173,194959175
607235,,4,2022-09-09 15:22:28,194959173,194959175
28109016,Sản phẩm oke mà mình đặt từ 30/8 đến hqua mới nhận được mà shop cũng chẳng liên hệ mình Sẽ không mua tiki nữa,2,2022-09-12 11:09:43,194959173,194959175
17819299,Bản thường của tôi có Postcard với bookmark mà. Không có luôn. có mỗi quyển sách thôi vậy. thất vọng quá,1,2022-08-27 10:54:59,194959173,194959175
25675508,Khá tiếc vì bìa áo bị gập,4,2022-12-21 14:54:47,194959173,194959175
8901353,Mình không chắc lắm về phần nội dung đâu,4,2022-08-29 00:02:05,194959173,194959175
17040926,"Thật ra sách còn bị nhăn ở góc ấy, do đóng gói ko kĩ lắm, nhưng chung quy vẫn oke, giao hàng nhanh",4,2022-08-27 19:52:20,194959173,194959175
26178910,Nhìn chung cũng ổn mà bị df 1 chút,4,2022-09-09 15:21:49,194959173,194959175
24679021,"Giáo hàng nhanh, nhưng đóng gói chưa tốt sách mua về có nếp gãy ở bìa",4,2023-02-21 11:31:29,194959173,194959175
113745,,4,2024-06-30 16:55:55,194959173,194959175
13414935,"Bị rạch seal, mất bm và pc",1,2022-10-04 13:56:42,194959173,194959175
16288104,"Mình ko quay vid đến đoạn bóc seal truyện, bóc ra mới thấy ko có cả bookmark lẫn postcard :((",2,2022-08-29 18:03:35,194959173,194959175
25768632,"Giao hàng lâu 🙂, tính sát bên. Hàng đến kho huyện rồi delay 5 ngày mới giao",3,2022-09-02 18:38:57,194959173,194959177
22522064,Ko có bọc chống sốc ạ. Hên sách ko bị df nhiều nma vẫn có df chút ít.,4,2022-08-28 10:56:20,194959173,194959175
27184435,,4,2022-09-22 12:16:03,194959173,194959175
13565737,,4,2022-09-08 01:50:47,194959173,194959175
25341462,ngoại trừu không có chống sốc thì mọi thứ vẫn oki lắm nha,4,2022-08-30 10:27:19,194959173,194959175
27493784,"Đóng gói kĩ he 😀, giấy thì dính liền với nhau nữa uilatr",4,2022-09-11 10:38:57,194959173,194959175
27245262,,4,2022-08-30 09:13:55,194959173,194959175
6652483,Ko có bọc chống sốc nên sách bị méo móp ở phần gáy,4,2022-08-31 17:37:24,194959173,194959175
27097809,giao hàng lâu vch=)))) nửa tháng mới nhận được hàng,4,2022-09-08 12:31:34,194959173,194959175
27453506,Truyện gửi về k có bọc j hết nên hơi móp 1 chút,4,2022-08-29 11:21:13,194959173,194959175
8012009,"Cái góc bị chặt quá nên méo, nhưng mà giao nhanh",4,2022-08-29 10:30:58,194959173,194959175
26522934,Móp gáy sách quá nhiều và không có chống sốc,3,2022-09-05 00:54:14,194959173,194959175
10881589,"Sách bị cong, nhắn. Giá rẻ",4,2022-12-24 11:03:27,194959173,194959175
25458630,Sách k df nhưng mà bị rạch seal...,3,2022-09-14 21:18:38,194959173,194959175
26111488,"Bị rách bìa box, nhưng giao nhanh",4,2022-09-29 20:48:57,194959173,194959177
782220,Lúc vận chuyển sách bị móp méo,4,2022-08-30 17:00:48,194959173,194959175
26678765,,4,2023-01-28 11:05:33,194959173,194959175
25570222,,4,2022-12-21 17:31:56,194959173,194959175
562905,,4,2022-12-20 13:03:45,194959173,194959175
10791582,,4,2022-12-19 17:17:22,194959173,194959175
2000851,,4,2022-12-03 15:08:29,194959173,194959175
19265781,Truyện bị df,4,2022-08-31 23:35:10,194959173,194959177
13339491,,4,2022-11-09 21:48:43,194959173,194959177
24750370,Rdxrv3dđr,4,2022-09-10 12:34:16,194959173,194959175
27993766,,4,2022-10-28 19:17:19,194959173,194959175
21691772,Đẹp,4,2022-09-13 21:55:27,194959173,194959175
15548371,,4,2022-10-08 15:34:17,194959173,194959175
15836421,Ngon,4,2022-09-11 10:27:18,194959173,194959177
12797430,,4,2022-10-02 01:24:24,194959173,194959175
28209642,,4,2022-09-24 21:07:28,194959173,194959175
12326865,,4,2022-09-22 10:12:17,194959173,194959175
7898202,,4,2022-09-12 13:54:41,194959173,194959175
28103325,,4,2022-09-09 20:51:34,194959173,194959175
15593296,,4,2022-09-09 20:19:48,194959173,194959175
12853439,,4,2022-09-04 11:51:47,194959173,194959175
7890624,,4,2022-09-02 00:23:36,194959173,194959177
15548371,,4,2022-08-30 21:47:51,194959173,194959177
1720088,,4,2022-08-30 17:00:04,194959173,194959175
24578464,,4,2022-08-30 12:26:23,194959173,194959175
13311120,,4,2022-08-27 21:17:36,194959173,194959177
17439457,,4,2022-08-27 15:28:27,194959173,194959177
17094287,,4,2022-08-27 11:12:51,194959173,194959175
26489758,,4,2022-08-27 09:11:37,194959173,194959175
11400601,"(*) Đánh giá không tính điểm ?? Truyện gần 200k mà gói như này, df hết sách!! Tệ ***",1,2022-08-28 12:01:17,194959173,194959175
8058563,(*) Đánh giá không tính điểm Đóng gói hàng quá ẩu. Gói hàng chỉ bỏ sách vào không lót thêm bất cứ thứ gì khác. Nhận sách về muốn khóc thật sự,1,2022-08-29 14:09:34,194959173,194959175
27850570,(*) Đánh giá không tính điểm Giao hàng thì nhanh nhưng đóng gói thì lại tệ quá,3,2022-08-31 09:41:31,194959173,194959175
28100845,"(*) Đánh giá không tính điểm giao đến mép sách bị hỏng buồn ko muốn ns , hơn tuần ms nhận đc sách",3,2022-09-08 16:49:09,194959173,194959175
26772198,(*) Đánh giá không tính điểm Shop đóng hàng ko kĩ lắm nha chỉ có sách bỏ trong hộp thui nên sách của mik bị móp vài chỗ rồi. Shop nên đóng hàng kĩ càng hơn.,2,2022-09-10 16:16:18,194959173,194959175
23664720,"(*) Đánh giá không tính điểm Shop đóng gói hàng chắc chắn dễ sợ, không một miếng chống sốc, cứ để nguyên cuốn truyện bỏ vô cái hộp r gửi đi, gặp mấy nay trời mưa nữa, đặt ship giờ hành chính mà giao ngày chủ nhật, tr ơi, r ai đi làm bữa đó má, hên cái nữa là bữa đó tr mưa, lúc cầm cái hộp đồ trên tay mà muốn khóc luôn, con đặt truyện làm bằng giấy đó, t còn tưởng là đi tông luôn r, cũng may ra là tr còn thương không bị ướt vào bên trong. ***, mới coi kĩ lại, móp 1 góc sách mợ r. Cho shop 1 sao vì cái sự cẩu thả khi đóng gói hàng hóa, bao nhiêu người mua nhắc nhở r mà cái tật cẩu thả không đổi.",1,2022-09-12 20:59:40,194959173,194959175
15273721,"(*) Đánh giá không tính điểm gói k kĩ sách bị móp, rách seal",3,2022-09-14 18:35:38,194959173,194959175
27118609,"(*) Đánh giá không tính điểm đóng gói sơ sài, không có bọc chống sốc",3,2022-09-21 16:24:46,194959173,194959175
373367,"(*) Đánh giá không tính điểm Hộp móp méo, rách góc, sách cấn nặng hết cả 2 đầu",1,2022-09-24 10:07:10,194959173,194959175
19070135,"(*) Đánh giá không tính điểm Hộp giao đến tay mik móp kinh khủng khiếp, mặc dù bt cách làm vc của tiki lâu rồi nhưng đây là lần đầu tiên mik nhận đc cục hàng kinh khủng thế này, sách mik bị df mà toàn vào các góc vs gáy sách ghét thực sự hi vọng tiki lần sau gói cẩn thận dùm",2,2022-09-24 17:31:32,194959173,194959175
26163344,(*) Đánh giá không tính điểm Vận chuyển gói ẩu thiệc mắ:) bung với rách seal hết 3q,3,2022-10-13 19:36:23,194959173,194959175
30152825,Sách bọc bookcare rất đẹp nhé. Có 2 bookmark dày ghép lại thành hình cái bìa truyện cũng rất đẹp.,5,2025-01-11 10:06:59,122336553,122336555
27744202,"Đóng gói ổn (mặc dù không có bọc chống sóc) nhưng đảm bảo sách vẫn nguyên vẹn còn nguyên seal nha, bookmark bên trong xinh xẻo. Tiki thì giao nhanh khỏi nói nè, bộ này từ hình thức đến nội dung thì mình ko có gì để chê cả >< siêu dễ thương luôn nghen. Thuộc thể loại tiểu thuyết Đam Mỹ, võng du (game onl), hiện đại, vườn trường, về phần bản dịch thì khá là mượt mà luôn ♡ Mọi ng hốt về đọc thử nha. Tổng cộng có 3 tập thôi nè!",5,2022-08-18 08:15:42,122336553,122336555
19126550,Truyện rất hay bìa rất đẹp nội dung ngọt ngào vô cùng lần giao hàng này tiki có miếng cát-tông bên trong khiến cho sách ko bị móp góc đánh giá rất cao lần giao hàng này 5 sao nha,5,2022-04-16 21:45:25,122336553,122336555
26733217,"Để nghị Tiki sau này đóng gói hàng phải cố định hàng hóa bên trong lại chứ cứ để hàng hóa bên trong hộp carton lỏng lẻo lắc qua lắc lại thì hàng nào chịu cho nổi, hàng nào chả hư hỏng, chả trầy xước, chả móp méo. À, sách đẹp lắm nhưng cứ bị trầy xước móp méo nên hơi khó chịu.",5,2022-05-09 12:37:42,122336553,122336555
25755454,"chưa đọc nên không biết nội dung, shop đóng gói hàng kĩ càng",5,2026-09-17 10:47:33,122336553,122336555
26493279,"giao nhanh *** luôn vì mua 2 cuốn trên 149 nên cũng đc freeship, sách có bọc và gói kỹ bên trong có bookcard và giấy sách rất mới. về phần nội dung mọi người có thể tùy theo gu và review để quyết định nha",5,2022-04-12 23:46:59,122336553,122336555
19810869,"Mình rất thích, nên mua",5,2023-03-19 21:48:41,122336553,122336555
28616408,"Lười đánh giá quá. Bìa xinh, mình có đọc 1 bộ khác cùng tác giả vs bộ này rồi. Thấy dịch thuật tốt ( chú thích nhiều) ndung cx rất hay nên ms mua bộ này dù chx đọc=)) cx như xem review..",5,2023-02-07 23:09:53,122336553,122336555
27512952,"Sách rất là đẹp lun, mỗi tội không hiểu sao lại bị rách phần phía trên ở bọc sách ở cả 3 tập, nhưng may là sách bên trong không có sao, cho tiki 5* nè",5,2022-05-24 10:50:13,122336553,122336555
5438328,Aaa truyện đẹp mà không nỡ bóc luôn á 🥺🥺🥺🥺🥺 đọc sách được thêm phiên ngoại mà trên mạng khum có,5,2022-01-02 12:19:16,122336553,122336555
30656574,,5,2026-06-27 17:03:13,122336553,122336555
18338899,"Sách siêu đẹp, giao mùa dịch nhưng rất nhanh, đơn trước còn chưa nhận được mà đơn này đặt sau đã nhận được, ban đầu nhìn hộp móp méo nhưng cũng may sách ko sao cả",5,2021-10-20 13:05:18,122336553,122336555
25942386,"Sách đẹp, giá tốt, có thêm cả voucher cho người mới mua đơn hàng đầu tiên. Nói chung là ưng lắm.",5,2021-12-15 23:49:37,122336553,122336555
7981785,,5,2026-04-06 18:18:36,122336553,122336555
11634088,"Giao hàng nhanh, sách đẹp",5,2025-10-12 15:15:48,122336553,122336555
8490417,"bìa siêu đẹp, sách dày. Đóng gói ok. Đặc biệt là giao siêu nhanh. Đang dịch mình đã lên tinh thần chờ qua mùa quýt, ko ngờ sách về quá nhanh quá bất ngờ a hê hê",5,2021-10-13 22:06:01,122336553,122336555
137405,"Sách được đóng gói, bọc đẹp. Hàng order chiều hôm trước mà sáng hôm sau có luôn. Rất hài lòng về dịch vụ đóng hàng và ship hàng của Tiki.",5,2021-10-13 22:02:52,122336553,122336555
8587470,"Hàng còn nguyên seal, chất lượng sách rất ok, đáng mua, giao hàng khá nhanh",5,2021-11-29 19:11:35,122336553,122336555
8121397,"sách đẹp xỉu, thùng hơi móp nhưng may là sách không sao",5,2022-03-27 11:03:22,122336553,122336555
11916069,"mua bản thường mà chất lượng sách vẫn xịn xò nha bà con, nên mua á ạ",5,2022-11-13 21:08:01,122336553,122336555
20500159,Bìa bị móp lần sau tiki nên cho theem chống sóc nữa :;(∩´﹏`∩);: không xót lắm (´༎ຶོρ༎ຶོ`),5,2022-03-30 08:56:47,122336553,122336555
5655352,"đợi lâu lắm lun Tiki mới có hàng... đóng gói chắc chắn, giao hàng nhanh, bộ này mình đọc rồi, mua để sưu tầm thoii~~",5,2021-10-11 21:18:28,122336553,122336555
14877112,"truyện về nhanh và đẹp lắm nha, bookcare ok",5,2021-12-12 20:50:42,122336553,122336555
10794832,,5,2022-09-13 11:46:05,122336553,122336555
900526,đóng gói cẩn thận săn đc giá sale quá đã,5,2022-10-22 20:07:24,122336553,122336555
7917585,,5,2023-08-15 12:02:11,122336553,122336555
27659089,Nội dung hay..bìa đẹp..shipper thân thiện.giao nhanh,5,2022-08-22 13:16:47,122336553,122336555
24278958,Truyện hay hài dth nên đọc nhe,5,2022-12-24 15:52:45,122336553,122336555
22860169,.........đẹp,5,2022-02-08 15:28:26,122336553,122336555
7662614,hàng đẹp ko sứt mẻ gì cả,5,2021-10-08 20:09:11,122336553,122336555
23458277,rách mịa bọc ạ,5,2021-12-22 11:52:00,122336553,122336555
19957174,3 cuốn mình đặt thì tập 2 có vẻ ổn nhất r 🥲,5,2022-05-12 21:35:50,122336553,122336555
8991802,Siu đẹp luôn hộp móp nhưng truyện ko móp chút nào luôn,5,2022-02-06 21:09:46,122336553,122336555
19513601,,5,2024-05-08 11:06:04,122336553,122336555
27200028,Bìa xinh xỉu lun ❤❤ giao hàng nhanh,5,2022-05-16 16:53:38,122336553,122336555
29162041,"Nd hay, bìa đẹp",5,2023-12-13 16:23:57,122336553,122336555
25871424,"quá đẹp xuất sắc,sách nguyên vẹn,giao hàng nhanh",5,2022-01-16 09:49:32,122336553,122336555
27813123,"hàng giao nhanh, nhưng hy vọng tiki xem lại cách đóng gói chắc chắn an toàn vào ạ",5,2022-08-18 12:24:45,122336553,122336555
19078354,"Giao hàng nhanh. Đóng gói hơi sơ sài, df sách nhẹ",5,2022-01-05 21:38:59,122336553,122336555
13054580,,5,2024-02-26 12:45:44,122336553,122336555
29338356,,5,2024-02-22 16:23:41,122336553,122336555
29166755,,5,2024-01-24 18:12:11,122336553,122336555
26102181,đẹp tuyệt vời 👍👍😍,5,2022-03-30 13:36:10,122336553,122336555
16269377,Đẹp,5,2022-08-30 14:23:56,122336553,122336555
279211,"Sách siêu đẹp, giao hàng siêu nhanh, may mắn ko bị lỗi gì cả.",5,2022-09-18 22:39:27,122336553,122336555
18645508,ok nhưng tiếc là không săn được bản đb,5,2021-11-19 20:33:38,122336553,122336555
27062718,"Giao hàng nhanh, sách siêu đẹp và không bị hư hại gì nhưng mà đóng gói khá sơ sài",5,2022-03-29 13:58:16,122336553,122336555
18204104,giao rất nhanh và đẹp,5,2022-03-28 15:14:08,122336553,122336555
17316456,"sách được bảo kỹ càng, giao hàng nhanh",5,2021-10-28 09:29:52,122336553,122336555
20354883,Good,5,2022-07-17 17:34:40,122336553,122336555
27209866,Rất tốt,5,2022-05-29 22:14:17,122336553,122336555
11028985,Rất thích ạkkkkk,5,2022-03-03 22:23:20,122336553,122336555
8042830,"Giao nhanh, sách tuy k có bọc chống sốc nhưng vẫn k bị df :)))), tuỵt zời",5,2022-03-27 14:38:53,122336553,122336555
552511,sách còn nguyên seal đóng gói tốt,5,2021-10-24 13:32:32,122336553,122336555
26639726,Xuất sắc 💋,5,2022-03-11 08:28:20,122336553,122336555
6647460,sản phẩm chất lượng,5,2021-12-26 09:14:57,122336553,122336555
26544946,Hay,5,2022-04-27 15:10:06,122336553,122336555
12355904,Giao hàng đúng chuẩn nhanh sách bọc kĩ lắm,5,2022-09-17 22:46:44,122336553,122336555
26789491,Hgfbhkkvftyj,5,2022-03-01 16:34:44,122336553,122336555
21956178,Bìa đẹp,5,2022-02-22 23:47:04,122336553,122336555
27245262,,5,2022-04-17 11:33:08,122336553,122336555
26070892,"đẹp, giao nhanh",5,2021-12-26 14:48:50,122336553,122336555
8414431,,5,2023-06-10 18:51:38,122336553,122336555
25861497,,5,2023-06-09 14:19:58,122336553,122336555
29088352,,5,2023-06-07 19:41:14,122336553,122336555
9933156,,5,2022-03-05 15:29:23,122336553,122336555
6811495,❤️❤️❤️,5,2021-10-30 20:20:03,122336553,122336555
17739458,(๑˃̵ᴗ˂̵)و,5,2021-10-28 11:13:03,122336553,122336555
16428689,,5,2023-04-11 19:35:16,122336553,122336555
21575280,,5,2023-03-27 10:54:42,122336553,122336555
8364897,Tiki nên có bọc chống sốc để tránh hư hao sản phẩm,5,2022-02-23 12:08:55,122336553,122336555
8274119,"giao hàng nhanh, chưa đọc nê cũng không biết hay kh",5,2022-03-29 17:35:30,122336553,122336555
23119657,"Hàng xinh xỉu luôn á.Giao hàng nhanh,shipper thân thiện",5,2022-03-05 12:14:35,122336553,122336555
43795,,5,2023-02-25 10:17:06,122336553,122336555
17449740,,5,2023-02-23 20:15:15,122336553,122336555
25868762,,5,2023-02-22 20:42:44,122336553,122336555
16055110,,5,2021-11-05 12:30:15,122336553,122336555
19743218,,5,2023-01-05 23:47:20,122336553,122336555
16478449,Tôtgfcgcyf,5,2022-10-24 14:11:55,122336553,122336555
15961723,,5,2022-11-23 22:27:54,122336553,122336555
27980062,,5,2022-11-12 09:54:08,122336553,122336555
10200953,,5,2022-11-11 14:02:12,122336553,122336555
28132444,,5,2022-11-04 11:04:59,122336553,122336555
22446400,,5,2022-10-26 23:14:19,122336553,122336555
28278668,,5,2022-10-26 11:02:13,122336553,122336555
6616662,,5,2022-10-25 20:50:31,122336553,122336555
21063503,,5,2022-10-20 19:00:31,122336553,122336555
1707502,,5,2022-10-15 08:24:04,122336553,122336555
21663407,,5,2022-10-07 19:49:02,122336553,122336555
361453,,5,2022-10-05 20:32:26,122336553,122336555
7167658,,5,2022-10-04 13:38:53,122336553,122336555
26168018,chất lượng sảng phẩm tuyệt vời,5,2022-01-23 11:43:25,122336553,122336555
718412,,5,2022-09-30 19:53:31,122336553,122336555
6754058,,5,2022-09-22 03:07:53,122336553,122336555
21983638,,5,2022-09-12 17:38:14,122336553,122336555
26686981,sản phẩm chất lượng tốt,5,2022-02-25 18:20:32,122336553,122336555
5648799,,5,2022-09-08 07:43:10,122336553,122336555
11516293,hộp móp mà sách vẫn đẹp,5,2022-02-23 21:08:05,122336553,122336555
21140040,,5,2022-09-02 21:53:03,122336553,122336555
25849730,"bìa đẹp, nội dung hay, cho 5 sao",5,2022-01-17 20:12:03,122336553,122336555
21665172,chưa đọc nhưng rất thích,5,2022-02-21 17:43:11,122336553,122336555
142590,,5,2022-08-22 10:46:52,122336553,122336555
23720868,Quá đẹp luôn 😘😘😘,5,2022-02-14 18:42:40,122336553,122336555
22577553,Ổn,5,2022-07-06 08:35:58,122336553,122336555
1713363,,5,2022-07-19 19:50:58,122336553,122336555
26196467,,5,2022-07-19 16:11:08,122336553,122336555
21945903,"giao nhanh, có bọc sách",5,2022-02-10 20:57:58,122336553,122336555
6491532,"Sách về tay nguyên vẹn, đẹp",5,2021-12-16 14:42:30,122336553,122336555
6185171,❤️,5,2022-06-08 16:35:39,122336553,122336555
21806934,,5,2022-07-12 09:04:06,122336553,122336555
7417292,,5,2022-07-07 10:03:03,122336553,122336555
27037376,,5,2022-07-07 09:50:52,122336553,122336555
7890505,,5,2022-07-04 18:55:12,122336553,122336555
19991552,💕,5,2022-06-09 16:31:27,122336553,122336555
6473648,Sách đẹp nội dung hay,5,2022-01-25 17:36:14,122336553,122336555
25836628,sách đẹp lắm luôn ạ,5,2022-01-12 17:54:42,122336553,122336555
12878658,tryện hay,5,2022-04-16 21:15:47,122336553,122336555
14407331,,5,2022-06-17 18:19:58,122336553,122336555
26163471,,5,2022-06-10 13:02:49,122336553,122336555
26772240,,5,2022-05-31 14:55:51,122336553,122336555
27091821,"Giao hàng nhanh, tuy nhiên shop vẫn gói qua loa như cũ 😀 nên sách bị df nhẹ. Nhưng vẫn hi vọng shop có thể gói hàng cẩn thận hơn chút. Truyện hay nhen, tập 2 tỏ tình rồi á ;-;.",4,2022-07-03 12:51:02,122336553,122336555
7062447,"Giao hàng nhanh, đóng gói kỹ",5,2021-11-04 10:32:53,122336553,122336555
1830079,,5,2022-05-18 16:24:46,122336553,122336555
26763906,,5,2022-05-17 16:07:26,122336553,122336555
8494041,,5,2022-05-14 08:35:54,122336553,122336555
27216176,,5,2022-05-10 22:02:14,122336553,122336555
16727059,,5,2022-05-08 06:04:58,122336553,122336555
27411787,,5,2022-05-06 21:30:11,122336553,122336555
20010719,,5,2022-05-05 22:27:05,122336553,122336555
15625001,,5,2022-05-05 06:10:29,122336553,122336555
8055926,,5,2022-05-04 15:32:13,122336553,122336555
26599968,,5,2022-05-02 08:44:27,122336553,122336555
26045852,giá tốt,5,2022-02-26 19:17:45,122336553,122336555
20836304,giao nhanh,5,2022-02-24 19:13:44,122336553,122336555
22656401,,5,2022-04-20 22:49:06,122336553,122336555
694893,Ok.,5,2022-04-02 12:53:17,122336553,122336555
1111563,,5,2022-04-16 20:04:04,122336553,122336555
972756,,5,2022-04-15 21:08:16,122336553,122336555
21975090,,5,2022-04-08 14:59:29,122336553,122336555
17244110,,5,2022-04-07 09:42:16,122336553,122336555
19941114,,5,2022-04-03 14:00:39,122336553,122336555
27025804,.,5,2022-03-27 21:19:27,122336553,122336555
19722533,,5,2022-03-29 18:24:16,122336553,122336555
5871536,,5,2022-03-26 21:19:18,122336553,122336555
10061134,,5,2022-03-25 13:02:25,122336553,122336555
2189046,truyen hay,5,2022-01-24 15:57:16,122336553,122336555
5223974,thích quá đi mất,5,2021-11-14 21:00:33,122336553,122336555
20494052,OK,5,2022-03-03 14:23:28,122336553,122336555
9913615,,5,2022-03-13 17:17:32,122336553,122336555
1831588,,5,2022-03-12 23:17:34,122336553,122336555
17721130,,5,2022-03-05 15:55:51,122336553,122336555
19025868,,5,2022-03-04 19:02:59,122336553,122336555
20334547,,5,2022-02-23 19:04:24,122336553,122336555
26379171,hay,5,2022-02-04 22:52:12,122336553,122336555
17509957,,5,2022-02-21 17:07:51,122336553,122336555
10927985,,5,2022-02-20 09:26:40,122336553,122336555
17641489,,5,2022-02-18 14:45:53,122336553,122336555
5902753,,5,2022-02-17 12:07:04,122336553,122336555
10941367,,5,2022-02-17 07:47:57,122336553,122336555
8426557,,5,2022-02-16 22:15:06,122336553,122336555
20381813,,5,2022-02-16 22:09:54,122336553,122336555
15731974,,5,2022-02-16 09:36:22,122336553,122336555
15462292,,5,2022-02-13 15:53:27,122336553,122336555
16201515,,5,2022-02-12 13:04:44,122336553,122336555
18332421,,5,2022-02-11 22:55:55,122336553,122336555
26729926,,5,2022-02-09 22:48:25,122336553,122336555
20572276,,5,2022-02-08 12:52:12,122336553,122336555
2052816,,5,2022-02-07 14:43:26,122336553,122336555
22380550,,5,2022-02-06 16:59:17,122336553,122336555
6691110,good,5,2022-01-13 15:03:31,122336553,122336555
19805857,,5,2022-02-05 23:59:10,122336553,122336555
12961580,,5,2022-02-05 09:54:06,122336553,122336555
1363264,,5,2022-02-04 16:11:24,122336553,122336555
26328642,,5,2022-02-04 11:24:35,122336553,122336555
26639800,,5,2022-02-01 17:36:57,122336553,122336555
16336826,,5,2022-01-28 14:37:49,122336553,122336555
19390362,,5,2022-01-25 19:27:57,122336553,122336555
13975883,,5,2022-01-24 23:47:12,122336553,122336555
532607,,5,2022-01-20 12:24:30,122336553,122336555
18456754,,5,2022-01-20 09:05:32,122336553,122336555
330391,,5,2022-01-19 17:38:16,122336553,122336555
25722781,,5,2022-01-18 19:53:45,122336553,122336555
24368357,,5,2022-01-18 15:01:22,122336553,122336555
16624683,,5,2022-01-17 16:22:41,122336553,122336555
26507870,,5,2022-01-17 10:07:08,122336553,122336555
8418521,,5,2022-01-13 20:02:18,122336553,122336555
5582014,,5,2022-01-12 15:25:44,122336553,122336555
16214925,,5,2022-01-07 14:10:31,122336553,122336555
15548056,,5,2022-01-07 13:50:17,122336553,122336555
1201689,,5,2021-12-27 16:00:32,122336553,122336555
23139442,,5,2021-12-24 23:04:37,122336553,122336555
25833322,,5,2021-12-23 22:13:27,122336553,122336555
22414262,,5,2021-12-23 10:36:15,122336553,122336555
17537961,,5,2021-12-19 10:38:55,122336553,122336555
14590709,,5,2021-12-14 20:22:57,122336553,122336555
14566380,,5,2021-12-12 19:50:35,122336553,122336555
22691948,,5,2021-12-12 13:07:01,122336553,122336555
1812687,.,5,2021-11-30 11:52:42,122336553,122336555
19833374,,5,2021-12-05 11:57:17,122336553,122336555
21935834,,5,2021-12-04 12:34:56,122336553,122336555
21363380,,5,2021-11-29 21:10:10,122336553,122336555
12101445,nice,5,2021-10-25 10:18:04,122336553,122336555
22123675,,5,2021-11-17 13:11:19,122336553,122336555
141963,,5,2021-11-15 13:12:12,122336553,122336555
333003,,5,2021-11-14 03:48:11,122336553,122336555
5903153,,5,2021-11-13 17:49:21,122336553,122336555
24802172,,5,2021-11-12 17:05:33,122336553,122336555
24759412,,5,2021-11-11 20:14:05,122336553,122336555
11740489,,5,2021-11-09 23:09:22,122336553,122336555
19900006,,5,2021-11-06 19:20:58,122336553,122336555
24452129,,5,2021-11-01 13:41:20,122336553,122336555
19545520,,5,2021-10-29 14:06:05,122336553,122336555
520088,,5,2021-10-27 00:12:12,122336553,122336555
22026227,,5,2021-10-21 18:38:49,122336553,122336555
1576246,,5,2021-10-18 14:00:38,122336553,122336555
1524622,,5,2021-10-15 16:58:45,122336553,122336555
521625,,5,2021-10-14 21:35:34,122336553,122336555
302345,,5,2021-10-11 15:00:14,122336553,122336555
26032111,Sách đẹp lắm mình chưa đọc nên chx thể cho bt nd như thế nào nhưng lỗi hơi nhiều ko có bìa chống sốc gì cả :((,4,2023-01-29 19:05:15,122336553,122336555
494562,,5,2021-10-04 08:52:26,122336553,122336555
17105091,,5,2021-09-27 12:43:02,122336553,122336555
6084832,Hộp bị hư hỏng lúc vận chuyển rất nhiều cũng như sách ko có phần chống sốc,3,2021-12-24 01:37:57,122336553,122336555
24324027,"Sách bị móp 4 góc, hộp đựng hàng thì bị rách và móp rất nặng. Dù Tiki có chính sách bảo vệ môi trường rất đáng hoan nghênh nhưng vấn đề bảo vệ chất lượng hàng trong quá trình vận chuyển lại yếu kém thì chất lượng dịch vụ cũng chả ra làm sao cả.",3,2022-09-14 13:12:03,122336553,122336555
29860371,"Df siêu siêu nặng luôn ạ, nhưng shipper dễ thương nên cho 3s:0",3,2024-04-02 21:34:22,122336553,122336555
10738545,Sách đẹp. Gáy sách bị móp nên cho 4 sao,4,2022-03-18 11:43:52,122336553,122336555
22264654,Sách về rất nhanh nhưng mình gợi ý với shop là nên quấn sách vào bọc chống sốc,4,2023-05-06 08:46:28,122336553,122336555
27098732,"Không thèm bao chống sốc gì luôn, nên khi mở hàng tuy đã rạch nhẹ hết mức nhưng vẫn vào sách, quá chán tiki về cách gói hàng",1,2022-04-13 17:49:32,122336553,122336555
25828181,"giao nhanh lắm, đặt tối qua trưa hôm sau đã đến rồi. gói gắm thì khỏi phải bàn",4,2022-06-11 21:22:36,122336553,122336555
25818048,Df gáy sách nhẹ,4,2022-02-27 09:29:56,122336553,122336555
23756331,có chữ bai màu trang cuối bị sức nữa chứ tức á,1,2022-06-11 15:54:16,122336553,122336555
28765868,,4,2023-02-02 17:44:54,122336553,122336555
7046414,Bên vận chuyển làm sách bị df,4,2022-01-04 22:57:47,122336553,122336555
11078470,Đóng gói k có chống sốc -1 sao,4,2021-12-20 10:13:54,122336553,122336555
27400639,,4,2022-05-27 19:18:37,122336553,122336555
21589951,Ko có bookmark,4,2022-02-14 17:10:36,122336553,122336555
18999680,,4,2022-02-11 12:28:04,122336553,122336555
279985,,4,2022-02-09 19:48:52,122336553,122336555
16412505,,4,2022-02-05 20:14:26,122336553,122336555
1040890,,4,2022-01-24 18:50:28,122336553,122336555
1342710,"Đầu tiên là sách giao về còn nguyên vẹn, không móp hay cuốn góc. Sách cầm chắc tay, bìa đẹp. Sau nữa là nội dung, phải nói là okla luôn, dễ thương, tùy theo cảm nhận của từng người đọc, nói chung là nhẹ nhàng, sâu lắng. Shipper dễ thương, nhiệt tình, mối quen nên giao mình nhanh lắm! Nói chuyện cũng vui vẻ vui vẻ nữa!",5,2024-06-03 12:23:33,178502490,178502493
21650523,"Bìa đẹp mịn 😍😍😍😍,sách giao nhanh chống,gói kỹ lắm ó,nói chung ok",5,2022-09-07 10:47:40,178502490,178502493
7711126,"Tiki ship hàng siêu nhanh mặc dù trời mưa, nhưng không có bọc nên hơi ướt, may là sách còn seal nên không bị hỏng. Sách đẹp, bookmark cứng cáp, bản dịch tuy không dễ thương bằng bản edit nhưng vẫn rất đáng yêu.",5,2022-06-08 20:25:40,178502490,178502493
14671442,Eo ơi đợi mãi chuyện mới ra full bộ cho nên là mình mua luôn lại còn được sale nữa cho nên là phù hợp với giá tiền nha Tiki giao nhanh đóng gói tốt shipper nhiệt tình đáng thử nên mua nhé,5,2022-08-31 12:39:59,178502490,178502493
17758905,"Bìa đẹp nè, in ấn rõ ràng, có điều mực in hơi đậm khiến giấy hơi nhoè ý. Cơ mà vẫn được nha. Mà sách vẫn móp góc ạ, không bọc chống sốc gì cả cơ😢😢",5,2022-08-13 14:00:58,178502490,178502493
7981785,,5,2026-04-22 19:02:38,178502490,178502493
465520,"Mới đầu mình định mua trên *** vì chưa thấy có ở Tiki nhưng mà cuối cùng cũng có, giá giảm tốt hơn mà không bị tính ship nữa",5,2022-06-13 17:27:08,178502490,178502493
15712124,"sách rất ok, mình rất thích",5,2022-06-13 13:09:07,178502490,178502493
941887,"Dù đã đọc truyện này online, nhưng vì quá thích nên quyết định tậu cả bộ về ❤",5,2022-06-28 11:44:15,178502490,178502493
10755299,"Giao hàng nhanh, không bị móp méo. Truyện đọc rất hay, nên mua nha mọi người.",5,2022-06-09 00:47:01,178502490,178502493
26771193,Đặt tối qua mà sáng nay giao r .rất ưng cách làm việc của tiki,5,2022-09-21 11:09:27,178502490,178502493
18054243,"Giao đúng và đủ hàng. Giao hàng rất nhanh. Sách đẹp, đóng gói cẩn thận",5,2022-06-28 11:50:15,178502490,178502493
27200028,"Truyện rất hay,bìa rất xinh đẹp,tuyệt vời luôn,đáng tiền lắmmm",5,2022-08-02 09:21:34,178502490,178502493
1602708,,5,2025-02-04 09:37:08,178502490,178502493
7590141,Giao trong ngày. Bọc bookcare rất đẹp. Đóng gói kỹ. Tks Tiki 👍,5,2022-06-17 22:20:36,178502490,178502493
21255963,"Tập này vẫn hay nhưng có một vài tình tiết truyện khá buồn, có một đoạn trong truyện mình đọc đã suýt khóc luôn á.",5,2022-07-04 00:31:33,178502490,178502493
16665175,"Tiki giao hàng rất nhanh, sách lành lặn, bìa đẹp",5,2022-06-28 14:39:01,178502490,178502493
23307715,"Giao hàng nhanh, sách đc bọc kỹ, còn nguyên seal",5,2023-09-11 18:58:57,178502490,178502493
10679,hàng đóng gói chắn chắn giao siêu nhanh.,5,2022-07-10 02:58:24,178502490,178502493
24726242,"Đóng gói tốt, sách nguyên vẹn, bìa đẹp",5,2022-05-29 12:40:59,178502490,178502493
28032161,,5,2024-02-01 13:13:17,178502490,178502493
27638577,,5,2023-11-16 19:01:05,178502490,178502493
20354883,Good,5,2022-07-17 17:34:30,178502490,178502493
8085813,"Bìa đẹp lắm, dịch thuật ổn, giao hàng nhanh lắm luôn á.",5,2022-08-03 14:58:56,178502490,178502493
28963508,,5,2023-05-10 00:16:53,178502490,178502493
736324,"Tập cuối trên tay, thật là quá happy",5,2022-07-06 19:04:45,178502490,178502493
21115645,,5,2023-03-15 12:11:08,178502490,178502493
7806494,,5,2023-03-04 11:20:01,178502490,178502493
17721130,,5,2023-01-30 09:24:43,178502490,178502493
28363405,,5,2023-01-27 18:16:08,178502490,178502493
21367604,,5,2023-01-27 18:14:24,178502490,178502493
2006124,,5,2022-11-30 01:01:07,178502490,178502493
19743088,,5,2022-11-24 11:53:40,178502490,178502493
10200953,,5,2022-11-11 14:01:45,178502490,178502493
33440,,5,2022-11-03 11:32:30,178502490,178502493
6031697,,5,2022-10-28 13:29:10,178502490,178502493
984951,,5,2022-10-27 14:24:18,178502490,178502493
28303807,,5,2022-10-10 20:00:55,178502490,178502493
10794832,,5,2022-10-05 18:19:35,178502490,178502493
10396593,,5,2022-09-10 03:25:21,178502490,178502493
23451772,siu hayyyy,5,2022-07-11 21:00:31,178502490,178502493
22346448,Chất lượng,5,2022-06-07 20:59:17,178502490,178502493
494562,,5,2022-09-01 13:11:56,178502490,178502493
192136,,5,2022-08-24 08:09:02,178502490,178502493
26314444,,5,2022-07-19 10:52:32,178502490,178502493
27505326,,5,2022-07-11 19:01:15,178502490,178502493
8506494,,5,2022-07-04 20:57:33,178502490,178502493
22089793,,5,2022-07-01 12:56:10,178502490,178502493
25861497,,5,2022-06-29 11:28:08,178502490,178502493
1888237,,5,2022-06-24 09:44:45,178502490,178502493
20619559,Tốt,5,2022-05-24 17:30:36,178502490,178502493
9646377,,5,2022-06-22 01:57:20,178502490,178502493
820171,,5,2022-06-16 11:06:54,178502490,178502493
26070892,,5,2022-05-30 14:46:27,178502490,178502493
16598328,,5,2022-05-25 10:15:04,178502490,178502493
141394,"Mua sách ở Tiki thì xác định là vì rẻ chứ đừng trông chờ vào khâu đóng gói. Kinh nghiệm xương máu là nên mua ít nhất 2 cuốn vì 1 cuốn thì size hộp nhỏ nhất hiện tại đang bị rộng, xóc nảy trong quá trình vận chuyển rất dễ dẫn đến cấn móp, ngoài ra đang mùa mưa mà không có bọc chống thấm nên ai ở tỉnh xa cũng nên cân nhắc. Chất lượng giao hàng rất tốt, siêu nhanh và shipper thân thiện.",4,2022-06-30 16:33:16,178502490,178502493
14018570,,4,2024-11-16 17:38:41,178502490,178502493
10191797,Đóng gói ẩu làm hư góc 1 quyển sách,3,2022-05-24 10:36:29,178502490,178502493
17728589,,4,2022-08-26 17:19:51,178502490,178502493
694893,,4,2022-06-21 19:32:10,178502490,178502493
16257555,"Lúc tìm được truyện còn hơi lưỡng lự, may là cuối cùng vẫn mua vì truyện đáng yêu lắm. Giọng văn hơi teen chút, dễ hiểu dễ cảm? Chủ đề không mới nhưng nội dung hấp dẫn, có nhiều suy nghĩ mà cũng nhiều gây cười? Với những bạn thích thể loại này thì nên đọc nhó? Chất lượng sách ok, giao hàng nhanh????",5,2020-02-29 20:40:33,46221917,46221919
1430884,"Sách giao nhanh, gói kỹ càng. Mình mua sách của Diasy cũng được 4, 5 quyển rùi, nhưng postcard coming soon cái dày cái mỏng làm mình hụt hẫn dữ dội luôn ý, đợt này làm khá mỏng nên cầm lên mình giật mình luôn TAT. Cơ mà mình không thích ảnh bìa sách này cho lắm, hình vẽ bìa trước bìa sau kể cả bookmark đều giống nhau!? Có lẽ Daisy nên đầu tư hơn cho bìa của các ấn phẩm sau chút xíu nữa, vậy sẽ kích thích độc giả hơn (đặc biệt là mình :) ). Chất lượng dịch thì mình chưa dám nhận xét vì chưa đọc, các bạn có thể xem qua phần trích dẫn để tự cảm nhận nha.",5,2021-02-06 21:11:15,46221917,46221919
13704146,"Giao hàng nhanh, đóng sách không có bọc chống sốc may sách không bị ảnh hưởng, còn seal, sách đẹp không bị dập mép sách, đầy đủ phụ kiện của bản thường. Truyện chưa có đọc nhưng đọc review thấy hay với bạn bè bảo ổn áp lắm nên mua về. Mong là nội dung truyện được như những gì mình nghe.",5,2022-03-03 17:14:37,46221917,46221919
16217905,"Lần này tiki giao chậm hơn mấy lần trc nhưng thôi k sao, đánh giá 1000000 sao về sự kiên nhẫn của các anh chị shipper khi gọi điện vì em để chế độ không làm phiền mà cũng ko biết. Chân thành xin lỗi các anh chị huhu ;;;; truyện ko bị méo hay bị móp gì cả ạ tuy cái bìa hơi quê nma nd rất hay",5,2020-02-06 14:53:32,46221917,46221919
24797489,"Giao cực nhanh luôn,mới đặt hôm qua mà bữa nay giao ròi,truyện khá hay nha mụi ngừi,rì com men nên mua nhe,lười chụp hình quớ,coi đại 1 tấm nhe",5,2021-11-28 15:25:24,46221917,46221919
11110133,"Sách rất đẹp và xinh xắn, nhưng phần cuối bị nhăn, mong Daisy sẽ cẩn thận hơn. Dù sao thì vẫn cho năm sao vì nội dung truyên siêu hay và hài hước, ủng hộ Daisy trong những ấn phẩm tiếp theo. Mong Daisy sẽ không làm mình thất vọng!!! Thân ❤",5,2020-01-09 21:26:53,46221917,46221921
26789491,May mắn của tôi lần này là hàng giao ko bị df🤩🤩vs cả tôi mua quyển này giá 6.7 k nên mọi người chăm chỉ tích xu nhiều vào cubgf chờ thời cơ sẽ mua đc giá hời đó,5,2022-05-25 11:37:07,46221917,46221919
14645214,"Truyện hay, có chút hài hước-rất thú vị. Văn phong dịch hiện đại, dễ thương khiến câu chuyện hấp dẫn đọc giả hơn. Rất cám ơn dịch giả. Tiki giao hàng nhanh, sản phẩm đẹp nữa, thêm phần đóng gói cẩn thận nên tôi rất hài lòng về sản phẩm cả nội dung lẫn hình thức.",5,2020-11-11 19:49:30,46221917,46221919
20572276,"Sản phẩm rất xinh đẹp tuyệt vời, mình không thể trông đợi gì hơn. Cảm ơn nhà cung cấp, nhà sản xuất, cảm ơn shop bán hàng, cảm ơn sàn thương mại điện tử, cảm ơn người vận chuyển để mình có thể sử dụng sản phẩm tốt như thế này.🥰🥰",5,2021-03-21 11:51:58,46221917,46221919
168276,"mua đợt sale 50%, cực rẻ luôn, sách in đẹp lắm, là sản phẩm đầu tay vủa Daisy book nên được đầu tư tỷ mỹ, nhất là card coming soon rất sáng tạo. Nội dung truyện nhẹ nhàng，hài hước. Cùng đọc để xem quý ngài Trang Lân tự vả cỡ nào:))) . Vả mà mình thấy đau dùm luôn . haha .",5,2020-02-28 17:48:55,46221917,46221919
16135114,"Sách đẹp,nội dung hay,shipper thân thiện,mình khuyên ai chưa mua và đang chần chừ về sản phẩm thì hãy mua ngay nếu bạn là một fan cứng của thể loại đâm mỹ",5,2020-02-04 13:25:36,46221917,46221919
7998557,"Tiki giao siêu nhanh luôn, nhưng bọc không cẩn thận lăm, không có xốp lót. Gáy bị quăn một chút, bên trong thì đẹp. Giá tốt",5,2020-10-11 20:30:26,46221917,46221919
2110081,"Đặt 30 hay 31 gì đó mà trong thông tin dự kiến giao hàng tận 22.01 và mới *** lại giao :>!!! Những tưởng 22 giao thì ít nhất sẽ gởi lại xiền, ai dè. Thông thường tiki dự kiến giao không quá nữa tháng như vậy, những tưởng mình nhìn nhầm, xem kỹ thì thấy đúng 22. Về bìa sách miễn chê, nhưng về hình trên mốc khoá tệ quá màu da so vs hình bìa rất không đẹp, cứ như tưởng cháy nắng v. Lịch đơn giản, đẹp, tiki đóng gói tạm ổn...về nội dung, chỉ cần xem trích đọan trên pages Daisy books cũng biết hay cỡ nào rồi. Hi vọng Daisy books sẽ ra thêm vài bộ nữa chất lượng hơn về phụ kiện đi kèm như (bookmark - mốc khoá - v.v)",5,2020-01-07 10:49:49,46221917,46221921
18990470,"cuốn này tiki có bọc nè, với cả tiki giao nhanh cực lun mới đặt hôm qua mà hôm nay có rồi ?",5,2021-05-02 14:41:46,46221917,46221919
17222652,hihi cuốn của mình đc bọc bookcare sách ko bị hư hại gì hết mình ch đọc nên ch biết nd nhưng nghe mấy bạn review cx hay lắm nên chắc cx hay lắm z hoy sách giao nhanh lắm mới đặt hôm qua hôm nay nhận ròi lần đầu mua sách trên tiki mà thấy hài lòng ghê lun á mong đơn tiếp theo của mình của tuyệt zời như lần này:>>,5,2021-02-23 11:28:51,46221917,46221919
30178469,"Hay ạ. Ngắn, ko dài lắm, đọc khá cuốn. Nói chung là👍👍👍👍😍😍❤🌹",5,2025-01-12 13:09:00,46221917,46221919
19504269,Nội dung chỉ mới đọc thôi đã thấy hay rồi hàng chuyển về cực nhanh mình thấy cực thích với lại chữ in rất rõ và sắc nét đã vậy mình thấy nó rất đáng số tiền mình đã bỏ ra nói chung là rất tốt,5,2021-03-10 11:49:50,46221917,46221919
12604969,"sách đẹp, ko bị xước hay gì cả, nội dung thì miễn bàn bởi vì mình đọc online rồi mới mua, giao hàng rất nhanh luôn. Phi Thường Hài Lòng ?",5,2020-02-23 12:55:27,46221917,46221919
19228822,"Bao rất chắc chắn nhưng có điều sách bị một vài dấu dơ để lại trên bìa sách và có dấu nhăn ở vài trang cuối, Tiki hãy cố gắng sửa lỗi này đi nhé",5,2020-11-17 16:05:05,46221917,46221919
13436016,"Giao hàng nhanh, do vận chuyển nên bề ngoài sách bị hằn dấu, quà tặng khá dễ thương. Mình chưa đọc nên không nhận xét nội dung.",5,2020-01-06 11:56:17,46221917,46221921
26544946,mình thấy khá tiếc do bookcard có vẻ mỏng hơn các cuốn khac nhưng từ TPHCM về BP mà chỉ có 30 tiếng thì giao quá nhanh lun truyện đọc uke lắm nha,5,2022-01-27 19:48:56,46221917,46221919
14434446,"Sách đẹp, còn nguyên vẹn không bị móp méo. Chất lượng giấy và hình in cực ưng, card kèm theo còn dùng được app quét ảnh rất xịn xò. Rất đáng tiền?",5,2020-02-06 21:10:07,46221917,46221919
18797106,"lại là tôi, một cô gái ume sách, 1 tháng vừa qua k bik đã lên tiki bao nhiêu lần k bik đã mua vao nhiêu sách tuy nhiên tiki chx bao h làm mik thất vọng. gói hàng kĩ rất oke ??",5,2021-01-05 13:23:45,46221917,46221919
18888327,Sản phẩm khá ok Mỗi tội chị mình nhận hàng dùm rồi xin kiểm hàng trước a shipper bảo ok rồi nghe đt xong lại đi mất tiêu làm chị mình chưa kiểm hàng trước được,5,2020-10-23 21:37:22,46221917,46221919
17768031,Sách được bao bọc rất chắc chắn. Chất lượng giấy tốt. Về nội dung thì mk thấy hay mặc dù chưa đọc hết. Có 1 điều khiến mk hơi thất vọng đó là giao hàng lâu nhưng mà không sao miễn sách hay và chất lượng là được.,5,2020-10-31 13:26:08,46221917,46221919
14162979,"Sách rất hay, phụ kiện xinh lắm. Mong chờ quyển sách tiếp theo của Daisy Books. ^_^",5,2020-01-22 16:20:51,46221917,46221921
25600234,"truyện ms mua nên chưa đánh giá đc nội dung,bìa đẹp,giao hàng thì siêu nhanh,mấy ngày là về r,gói hàng hơi sơ sài,truyện còn nguyên seal",5,2022-07-21 12:49:22,46221917,46221919
18482497,"bìa truyện rất đẹp, rất sạch sẽ. Nội dung truyện rất hay. Giao hàng lại nhanh nữa. Tôi rất hài lòng",5,2020-10-03 11:44:40,46221917,46221919
15038891,Thật tình là sách mới mua nhìn phê dã man con ngan. Giao hàng cũng nhanh nữa.,5,2020-02-25 18:13:04,46221917,46221919
15556608,"Đọc cảm thấy hay thật, có nhiều đoạn hài với dễ thương lắm",5,2021-06-23 07:27:50,46221917,46221919
7688354,"Giao hàng nhanh, đặt hôm 18/7 thì 19/7 đã nhận được hàng. Nhưng phần đóng gói sách không có chống xốc. Sách đẹp, không bị lỗi.",5,2022-07-19 14:21:50,46221917,46221919
18332421,truyện xinh lắm ạ 😍 hihi giao hành nhanh không bị méo móp chì cả,5,2022-08-09 00:37:03,46221917,46221919
1116442,"Mình đặt bản đặc biệt trên tiki, giao nhanh như 1 cơn gió =))) Chất lượng dịch: chưa biết, vì mình mua sưu tầm thôi, chứ k đọc.",5,2020-01-10 08:59:07,46221917,46221921
22842984,Giao hàng rất nhanh 🤣🤣 Đặt hôm qua nay giao,5,2022-12-13 16:25:42,46221917,46221919
9839822,"truyện dễ thương dễ đọc, nội dung không xoắn xuýt gì,nhân vật siêu đáng yêu, hợp gu mình người dịch sử dụng ngôn ngữ thuần Việt nên đọc cảm giác như truyện Việt, dễ thương vô cùng đọc đi đọc lại vẫn thích",5,2020-07-22 14:02:08,46221917,46221919
19288078,"Sách rất đẹp, không bị gãy góc , bìa mới cứng, tuy chưa đọc nhưng rất hài lòng về vẻ ngoài của nó, giao hàng nhanh, 12h trưa hôm qua đặt mà 10h sáng nay đã giao đến rồi, 5 sao cho chất lượng nha",5,2021-01-18 12:22:10,46221917,46221919
1787808,"hàng đẹp, giao hàng hơi lâu, bản đặc biệt được tặng kèm nhiều",5,2020-01-10 12:19:55,46221917,46221921
28441716,Tốt. Giao về bị móc gốc một chút,5,2022-11-14 08:48:48,46221917,46221919
26673815,Mua tại dì thích cái bìa mà ai cũm chê🥲 Nhma xinh lắm ạ💓💓💓 về tay cũm hong bị gì hết á,5,2022-10-21 16:52:34,46221917,46221919
5600449,,5,2021-01-11 19:40:16,46221917,46221919
15926552,"Mình nhận được hàng nhanh thật đó, đặt hàng ngày 11 mà ngày 12 đã nhận được rồi. Sách được đóng gói cẩn thận, nhìn là đã thích. Cảm ơn TiKi nha. Mãi ủng hộ.",5,2020-01-12 11:53:24,46221917,46221919
13313974,hàng giao nhang. sách kh bị trày xước gì cả. bìa đẹp ?❤️,5,2020-12-06 12:07:02,46221917,46221919
6545207,"Sách đẹp, nội dung cực kỳ hay và hài hước. Cả đôi chính lẫn đôi phụ đều rất cute. Tiki giao nhanh. Mua vào đợt sale 50% mà sách cực đẹp cực mới???",5,2020-03-09 12:52:42,46221917,46221919
20581364,"Sách mới, đẹp và không bị nhăn góc, tốt lắm, chỉ là bookmark mỏng thôi. Giao hàng nhanh lắm.",5,2021-05-11 16:16:13,46221917,46221919
82924,"Mua để đọc, sách đẹp giá ổn, nhưng tiki đừng bóc seal ra cho mình nữa nhá. Chấm cho 5 sao",5,2021-05-16 12:23:16,46221917,46221919
15943628,"Sách được bao bọc cẩn thận, không bị trầy xước. Mua rất nhiều lần rồi nhưng chưa bao giờ thất vọng?",5,2020-12-16 20:06:05,46221917,46221919
18519365,giao hàng nhanh gói khá kĩ,5,2021-05-17 10:40:06,46221917,46221919
10563519,"truyện đẹp lắm, giao nhanh nữa. ủng hộ tiki dài dài nha. sách tiki giao mình yên tâm lắm.❤",5,,46221917,46221919
18629196,"Ngoài seal hơi bẩn , lại bị rách nát seal:(((( đã vậy không có chống sốc nên hơi gãy . Không sao nội dung oke",5,2021-12-21 12:54:20,46221917,46221919
5140660,"Giao hàng nhanh, đóng gói sản phẩm đẹp và chắc chắn, song vẫn hơi bị lằn ở bìa sách 1 xíu cơ mà ko sao, chất lượng vẫn ko ảnh hưởng.",5,2020-01-06 20:47:45,46221917,46221921
5520422,"Sách ko bị hư hao gì nhé, đặt giao từ 2-3h thì tầm 1h là có sách rồi, ưng lắm",5,2021-03-12 18:04:52,46221917,46221919
27183899,"Hàng giao nhanh, nội dung ổn",5,2022-03-28 18:07:42,46221917,46221919
15685735,"Tiki đóng gói cẩn thận, giao hàng nhanh, sách vô cùng ổn, ko quăn ko rách, giấy in màu hơi vàng vừa độc đáo vừa tốt cho thị giác. 5 sao",5,,46221917,46221919
12309662,,5,2021-07-02 12:37:30,46221917,46221919
426760,"Sách được đóng gói cẩn thận, không bị quăn góc hay móp méo, nội dung siêu hay",5,2021-01-30 20:15:58,46221917,46221919
20706834,,5,2021-05-31 10:42:52,46221917,46221919
5550296,Giao nhanh đóng gói chắc chắn sản phẩm đẹp nói chung là good,5,2020-02-22 17:23:39,46221917,46221919
19193448,"xinh xẻoooo, đặt tối hôm qua thì qua buổi trưa ngày mai có rùiii",5,,46221917,46221919
17713241,sách chất lượng tốt 💯,5,2022-01-20 05:45:22,46221917,46221919
29365338,Tuỵt,5,2023-08-22 12:06:01,46221917,46221919
12480598,giao hàng rất nhanh,5,2022-03-07 13:06:34,46221917,46221919
23493035,ko bị. hư tổn gì hết giao nhanh,5,2021-10-04 21:35:20,46221917,46221919
21956178,Ok,5,2022-05-07 14:44:30,46221917,46221919
8525419,tuỵtttttttttttt,5,2022-01-08 14:35:24,46221917,46221919
23119657,"Tuyệt vời!Giao hàng nhanh,shipper thân thiện.Sách rất đẹp,nội dung hay",5,2022-02-08 10:01:18,46221917,46221919
26652357,👍,5,2022-03-12 14:43:31,46221917,46221919
717160,"Chất lượng sách mới, còn màng co, đối với việc sưu tập sách thì thật là tuyệt vời",5,2020-06-23 15:41:25,46221917,46221919
8291916,"Truyện hài, thật sự rất hay. Nhẹ nhàng, truyện về giới giải trí, showbiz nhưng lại k có drama. Thích hợp khi muốn đọc truyện mà k dùng não =)))",5,2020-06-28 21:15:31,46221917,46221919
19071326,"yêu thích, sẽ tiếp tục ủng hộ shop",5,2021-06-12 11:47:29,46221917,46221919
20621744,góc hơi bị móp còn lại ổn áp hết,5,2021-06-12 10:16:38,46221917,46221919
1130699,"giao rất là nhanh, sách còn seal, đẹp, không nhăn gáy",5,2021-01-20 20:23:50,46221917,46221919
27574289,Đóng khá ổn giao khá là nhanh,5,2022-08-25 23:05:47,46221917,46221919
12837829,Sách tiki chưa bao giờ làm mình thất vọng mà còn mua trúng lúc giảm 50% nữa nên thích cực. Giao hàng nhanh hơn cả dự kiến luôn :3,5,2020-08-29 17:04:43,46221917,46221919
11412883,";))) ỏ truyện cute lắm, rất đáng mua !!!!",5,2021-03-08 17:54:37,46221917,46221919
16450593,mua sách ở tiki lần 3 và vẫn hài lòng cực với tốc độ giao với tiền ship cũng như là mấy anh shipper nhiệt tình. Về nội dung của sách thì hay khỏi bàn,5,2020-02-20 18:38:41,46221917,46221919
1714226,Truyện xinh xắn qtqđ ?? ưng lắm luôn ạ Hi vọng Daisy book sẽ ra thêm nhiều truyện đam mỹ nữa á,5,2020-01-04 11:53:19,46221917,46221921
16358040,Sách bìa đẹp cốt truyện khá hay còn giao hàng nhanh nữa ? mình sẽ tiếp tục ủng hộ Tiki !,5,2020-02-19 19:58:46,46221917,46221919
13673174,,5,2020-09-24 17:01:01,46221917,46221919
28172984,,5,2023-02-03 07:49:00,46221917,46221919
16491072,"Siêu xịn nha. Đóng gói kĩ, giao hàng siêu nhanh, hôm qua đặt hôm nay đã nhận được rồi",5,2020-02-20 18:20:44,46221917,46221919
19831065,"Sách mới còn nguyên bọc, giao hàng muộn",5,2021-02-04 17:55:00,46221917,46221919
5234,Ảnh mang tính chất nhận xu,5,2021-05-08 10:31:21,46221917,46221919
27133858,"giao nhanh , sách đẹp kh bị lỗi",5,2022-06-14 11:26:13,46221917,46221919
7839444,Đóng gói ? ship nhanh,5,2021-06-24 22:14:02,46221917,46221919
366166,"Truyện đẹp và mới, cầm rất thích, tuy nhiên mình không thích minh hoạ của cuốn này xíu nào, nhìn như teenfic í :))) nhưng chung quy vẫn rất ok nha",5,2020-02-29 10:22:05,46221917,46221919
9634728,"Sách đẹp, nguyên seal, đóng gói chắc chắn",5,2020-12-12 12:48:04,46221917,46221919
9167061,,5,2022-12-21 17:20:21,46221917,46221919
10255466,,5,2022-12-20 19:21:32,46221917,46221919
20985227,"giao hàng nhanh, bọc cẩn thận, chất lượng giấy tốt",5,2021-11-19 09:58:06,46221917,46221919
18005164,hài,5,2022-11-07 14:36:00,46221917,46221919
8042830,"hay , sách đẹp , camera hỏng lên j chụp đc ảnh , tiki giao hàng tốt , sách k bị làm s , nội dung thì ok khỏi bàn , khiết nhé , cả 2 tong tờ tắng",5,2020-01-17 20:46:18,46221917,46221921
522948,Giao hàng nhanh. Bìa không được thiết kế đẹp cho lắm. Truyện đã đọc và cảm thấy khá hay. Mong Daisy có thể ra nhiều bộ hay hơn nữa.,5,2020-02-22 15:56:38,46221917,46221919
12072655,sách rất hay iao hàng rất nhanh mình rất thích,5,2020-10-09 13:47:06,46221917,46221919
6948595,âgcehjktgafejfegnhsfehrgsgjykdvsvfmactjdgfgsfdjgdjgsjtkegdntgsvfmsvgmegsndbxndjshrkshdjd. hay đáng tiền,5,2021-02-13 14:25:14,46221917,46221919
20630901,Mình đặt hộ bạn nên chưa biết nội dung nhưng sách đẹp lắm moinguoi ạ,5,2021-05-17 08:24:52,46221917,46221919
1373537,Sách về nhanh hơn mình tưởng ? Bìa siêu xinh? còn nội dung thì hay khỏi bàn. 5 sao.,5,2020-01-03 17:41:33,46221917,46221921
19349391,,5,2022-10-20 20:30:31,46221917,46221919
7143941,"Mình săn sale 50%, giao hàng siêu nhanh, truyện hay khỏi chê, cảm ơn Daisybooks",5,2020-02-21 23:39:44,46221917,46221919
20197470,"Giao hàng nhanh, sách không bị hư hỏng gì",5,2021-12-21 21:45:59,46221917,46221919
8270495,"Giao hàng nhanh. Truyện hay, nội dung thú vị. Truyện được bọc cẩn thận, lúc đầu cứ sợ truyện bị cong hay hỏng nhưbg không hề",5,2020-03-04 03:40:16,46221917,46221919
7167658,,5,2022-10-04 13:37:31,46221917,46221919
2126203,"Truyện hay và lôi cuốn, cảm giác nhẹ nhàng. Tiki giao hàng nhanh. Đóng gói cẩn thận. Đáng xem.",5,2020-11-10 14:14:55,46221917,46221919
17213572,"Sách đẹp lắm nha, nếu có dịp mình sẽ ủng hộ shop trong tương lai ❤️?",5,2021-03-25 18:49:09,46221917,46221919
17387773,"Giao hàng nhanh ,chất lượng ??",5,2020-12-01 18:23:03,46221917,46221919
8572355,"Hàng đặt chiều hôm trước, sáng hôm sau đã đến tay mình rồi. Nội dung mình chưa đọc nên không biết. Sách đẹp, bọc kỹ càng.",5,2020-02-13 10:08:45,46221917,46221919
18770172,xinh xẻo. Sách được bọc kĩ lưỡng. Giao hàng cũng rất nhanh.,5,2021-06-15 08:32:40,46221917,46221919
23076828,,5,2022-09-03 23:26:57,46221917,46221919
7483456,,5,2022-08-31 13:02:46,46221917,46221919
539940,"Truyện siêu dễ thương, tiki giao hàng nhanh, đóng gói tốt, cực kỳ hài lòng",5,2021-02-22 05:06:43,46221917,46221919
21707709,,5,2021-05-22 09:50:52,46221917,46221919
37240,"Sách hay, đáng đọc",5,2022-03-15 17:32:15,46221917,46221919
15926112,truyện dễ thương ghê ọ m.n nên mua đi hay lắm,5,2021-08-23 21:09:41,46221917,46221919
16117556,"rất hài lòng , sp tốt , chất lượng , vẫn sẽ típ tục ủng hộ",5,2020-02-03 11:07:39,46221917,46221919
9744905,,5,2022-07-27 20:53:04,46221917,46221919
23599278,,5,2022-07-27 07:33:02,46221917,46221919
20029369,giao hàng nhanh,5,2021-02-08 22:09:21,46221917,46221919
27579702,hay xĩu,5,2022-06-07 12:13:33,46221917,46221919
11978567,,5,2022-07-20 14:03:26,46221917,46221919
18330529,,5,2022-07-20 00:20:42,46221917,46221919
18725660,❤❤❤,5,2021-03-15 15:40:32,46221917,46221919
22921146,,5,2022-07-17 08:10:25,46221917,46221919
18778780,Xuất sắc quá k biết nói gì,5,2020-10-11 13:47:24,46221917,46221919
21557629,,5,2021-05-03 19:10:11,46221917,46221919
333003,,5,2022-07-14 15:20:12,46221917,46221919
19725095,,5,2022-06-29 09:38:21,46221917,46221919
8406399,,5,2022-06-23 15:48:41,46221917,46221919
18549032,"Nội dung truyện hay, Tiki giao hàng nhanh, bọc sách cẩn thận, anh shipper rất thân thiện.",5,2020-09-30 18:28:27,46221917,46221919
14580463,"Sách cực đẹp, không móp méo, giao hành cực nhanh,cho 5*.",5,2020-02-19 10:50:40,46221917,46221919
16594875,"Giấy màng ngoài bị rách một chút nhưng không ảnh hưởng đến sách bên trong, sách có nội dung hay (nên đọc)",5,2020-03-31 10:15:28,46221917,46221919
13295426,,5,2021-03-12 13:31:31,46221917,46221919
7264862,"Đóng gói chắc chắn, giao hàng nhanh, đúng hẹn. Truyện vừa đẹp vừa hay, Tiki chưa bao giờ làm mình thất vọng hết",5,2020-02-01 13:20:04,46221917,46221919
26669479,,5,2022-05-13 20:19:05,46221917,46221919
6253902,,5,2022-05-05 11:24:54,46221917,46221919
1291843,sách còn nguyên màng co không bị rách. mình nhận được postcard comingsoon và một bookmark. Cảm ơn tiki và daisybook,5,2020-02-22 14:41:43,46221917,46221919
10787380,,5,2021-02-11 00:17:55,46221917,46221919
18129699,,5,2022-04-11 17:27:33,46221917,46221919
19976808,,5,2021-01-22 17:45:36,46221917,46221919
27199167,,5,2022-03-31 18:07:11,46221917,46221919
22563989,Tốt,5,2022-02-25 12:11:52,46221917,46221919
16061502,Đóng gói cẩn thận. Giao hàng nhanh.,5,2020-05-02 13:40:02,46221917,46221919
17689536,"Truyện hay lắm bae ơi, đọc nửa đầu tưởng top là bot, bot là top á.-.",5,2020-10-26 21:07:51,46221917,46221919
6839877,,5,2022-03-13 00:44:20,46221917,46221919
14084067,,5,2022-03-08 11:59:40,46221917,46221919
5262678,"Đóng gói siêu chắn chắn luôn mn ơi, đang mua lém á",5,2021-02-26 22:08:30,46221917,46221919
10082353,,5,2022-02-28 16:36:33,46221917,46221919
26738931,,5,2022-02-16 08:47:16,46221917,46221919
22141510,"Cách đóng gói hộp khá sơ sài , không có màng bọc chống sốc bọc lại làm cho sách của mình khi mở ra bị rách mất màng bọc sách bên ngoài . Nhưng may mắn là không ảnh hưởng gì đến cuốn sách bên trong . Mong shop chú ý hơn về việc đóng gói hàng .",4,2021-12-12 20:27:29,46221917,46221919
12247427,,5,2022-02-11 19:15:59,46221917,46221919
9913615,,5,2022-02-09 12:06:55,46221917,46221919
25870452,,5,2022-02-08 11:57:21,46221917,46221919
16129678,,5,2022-02-06 09:20:22,46221917,46221919
23286782,,5,2022-02-05 11:00:11,46221917,46221919
26192587,,5,2022-01-27 09:16:43,46221917,46221919
11818526,"Sách rất hayyy, dày có bọc màng co, có quà tặng kèm, sách dày khoảng gần 400 trang và KO CÓ HH ;-;",5,2020-02-22 20:53:38,46221917,46221919
7637390,,5,2022-01-06 21:18:35,46221917,46221919
16753160,,5,2022-01-05 22:23:46,46221917,46221919
1315412,tụi nhỏ về tới nhà trong tình trạng cực kỳ bình an. yêu tiki nhiều. tiki kjoong làm mình thất vọng,5,2020-01-11 23:47:02,46221917,46221919
22058764,Hài lắm lun nha,5,2021-09-16 14:04:23,46221917,46221919
11481308,,5,2020-10-12 00:31:55,46221917,46221919
20171123,,5,2021-11-18 19:18:53,46221917,46221919
16717729,,5,2021-11-15 22:16:54,46221917,46221919
12781340,Truyện dễ thương lắm ạ :3 2 anh cứ bị gọi là cưng cực >,5,2020-08-27 01:44:50,46221917,46221919
6592238,"tiki bọc sách đẹp, đóng gói hàng cẩn thận",5,2020-12-16 09:36:22,46221917,46221919
21104155,,5,2021-10-23 11:12:00,46221917,46221919
11193579,.,5,2020-07-29 15:33:54,46221917,46221919
17590415,,5,2021-10-15 21:00:21,46221917,46221919
10945923,Giao nhanh nha,5,2021-07-15 11:57:51,46221917,46221919
10385497,cực kỳ dễ thương,5,2021-05-17 10:05:14,46221917,46221919
6446834,,5,2021-10-01 16:21:03,46221917,46221919
11517159,,5,2021-09-23 13:01:31,46221917,46221919
20066197,Giao hàng nhanh Truyện dễ thương,5,2021-01-29 11:03:17,46221917,46221919
1223650,nội dung dễ thương,5,2021-04-25 08:49:58,46221917,46221919
7510572,"Sách chất lượng tốt, giao hàng cực kỳ nhanh. Đọc cười bể bụng lol",5,2020-03-31 12:58:05,46221917,46221919
16731716,"Truyện rất hay, nhưng mà sách không được bọc khiến cho bìa bẩn",5,2020-05-05 20:35:19,46221917,46221919
7036061,ship Quá nhanh ms 2 ngày đã có hàng,5,2020-12-04 06:28:44,46221917,46221919
6665206,,5,2021-07-27 12:02:07,46221917,46221919
1155951,,5,2021-07-16 15:11:37,46221917,46221919
8544744,,5,2021-07-14 17:24:27,46221917,46221919
1651798,"Sách đẹp, truyện hay.",5,2021-01-31 15:47:21,46221917,46221919
21384319,,5,2021-06-29 10:50:24,46221917,46221919
22088035,,5,2021-06-25 22:17:50,46221917,46221919
16820293,,5,2021-06-24 15:32:11,46221917,46221919
18615667,hàng chất lượng :>,5,2021-02-03 23:58:37,46221917,46221919
22153168,,5,2021-06-23 20:50:20,46221917,46221919
192538,,5,2021-06-14 11:50:08,46221917,46221919
5178092,,5,2021-06-13 16:46:46,46221917,46221919
18662138,,5,2021-06-12 16:35:13,46221917,46221919
21169145,,5,2021-06-12 11:26:31,46221917,46221919
18723261,,5,2021-06-10 13:05:31,46221917,46221919
5329281,,5,,46221917,46221919
20691685,,5,2021-06-08 16:22:39,46221917,46221919
13395594,Sản phẩm tốt,5,2021-02-22 08:23:32,46221917,46221919
19687883,,5,2021-06-01 21:50:20,46221917,46221919
18310143,,5,,46221917,46221919
17742239,Giao nhanh sách cute và ko vấn đề gì hết :3,5,2020-07-20 20:53:25,46221917,46221919
16999695,,5,2021-05-24 14:29:27,46221917,46221919
18458498,,5,2021-05-24 09:43:40,46221917,46221919
17339784,"Sp đẹp, hay",5,2021-03-02 16:49:52,46221917,46221919
9124279,sách đóng gói kĩ lưỡng,5,2020-11-27 15:04:01,46221917,46221919
19082159,,5,2021-05-18 10:25:29,46221917,46221919
465520,"Mình đọc hết một mạch luôn, quá đáng yêu và dễ thương quá.",5,2020-02-10 23:11:12,46221917,46221919
12351310,,5,2021-05-15 11:11:34,46221917,46221919
17005804,,5,2021-05-11 14:11:22,46221917,46221919
12878658,hay,5,2021-04-23 17:52:21,46221917,46221919
5642505,,5,2021-05-10 20:42:07,46221917,46221919
16149840,"truyện hay, môic tội bìa hơi xấu, mua vì được giảm giá:)))",5,2020-02-26 20:47:29,46221917,46221919
14546681,hayyy,5,2021-04-10 17:49:55,46221917,46221919
15874343,người giao hàng rất tận tình ko phàn nàn hay thái độ vs khách hàng,5,,46221917,46221919
21592928,,5,2021-05-09 09:52:56,46221917,46221919
10294650,"Chất lượng sách tốt, thể loại đam mỹ nha chúng hủ nên xem nha??",5,2020-01-15 15:35:38,46221917,46221919
21573972,,5,2021-05-05 22:05:07,46221917,46221919
8515925,,5,2021-05-03 21:26:59,46221917,46221919
16095611,Đọc đau hết cả bụng ạ :))))))) 1 cái niên hạ cute *** lun,5,2020-03-03 01:15:10,46221917,46221919
14654149,giao nhanh giá tốt sản phẩm đẹp,5,2020-09-03 21:58:37,46221917,46221919
18560191,,5,2021-04-29 09:37:12,46221917,46221919
6934006,xênh xẻo cực kỳ luôn,5,2020-11-15 13:25:22,46221917,46221919
6412376,,5,2021-04-27 22:13:00,46221917,46221919
21332228,,5,2021-04-26 17:10:20,46221917,46221919
19420006,,5,2021-04-25 14:23:32,46221917,46221919
11641528,,5,2021-04-25 13:07:42,46221917,46221919
10927527,"sách rất hay, nội dụng vô cùng dễ thương, nên đọc nha!!",5,2020-02-29 13:45:24,46221917,46221919
8293921,"Sản phẩm giao nhanh, đóng bọc hộp gọn nhẹ. Cảm ơn shop nhiều.",5,2020-01-13 12:56:08,46221917,46221921
19305191,rất ok giao hàng nhanh,5,2020-11-29 18:32:07,46221917,46221919
21284701,,5,2021-04-17 14:41:36,46221917,46221919
11671217,sách cực đẹp nên mua nha,5,2020-10-17 13:20:13,46221917,46221919
17291857,,5,2021-04-15 12:17:24,46221917,46221919
17481785,cute đáng iy,5,2021-01-22 12:14:01,46221917,46221919
705936,,5,2021-04-13 19:51:03,46221917,46221919
17974819,,5,2021-04-10 17:48:30,46221917,46221919
6377317,"Sản phẩm đóng gói chắc chắn, bìa đẹp, nhìn bắt mắt",5,2020-02-22 20:36:20,46221917,46221919
13962567,"Gói kĩ, giao hàng nhanh",5,2020-11-04 22:31:28,46221917,46221919
12475555,,5,2021-04-04 14:31:47,46221917,46221919
18174647,,5,2021-04-01 20:17:07,46221917,46221919
14439445,,5,2021-04-01 10:39:06,46221917,46221919
19900006,,5,,46221917,46221919
10741094,,5,2021-03-30 14:52:21,46221917,46221919
19379364,,5,2021-03-28 14:29:05,46221917,46221919
20669874,,5,2021-03-27 16:52:13,46221917,46221919
17560955,,5,2021-03-27 14:14:05,46221917,46221919
20528737,,5,,46221917,46221919
19847,,5,,46221917,46221919
18225217,,5,2021-03-21 21:50:09,46221917,46221919
16100324,,5,2021-03-20 20:30:05,46221917,46221919
17436790,,5,2021-03-20 16:45:26,46221917,46221919
8751570,,5,2021-03-19 12:03:13,46221917,46221919
20788411,,5,2021-03-18 17:15:13,46221917,46221919
1998400,"Giao hàng nhanh đóng gói cẩn thận Truyện hay, siêu cute",5,2020-02-26 16:42:42,46221917,46221919
16835767,,5,2021-03-16 20:42:40,46221917,46221919
16527303,,5,2021-03-16 16:28:16,46221917,46221919
18153531,,5,2021-03-14 14:47:53,46221917,46221919
20672407,,5,2021-03-12 16:51:29,46221917,46221919
20692041,,5,2021-03-12 06:36:32,46221917,46221919
18720221,,5,2021-03-10 18:47:58,46221917,46221919
20653428,,5,2021-03-10 18:48:17,46221917,46221919
15108001,,5,2021-03-09 16:40:56,46221917,46221919
17998849,,5,2021-03-09 09:58:56,46221917,46221919
20575191,,5,2021-03-08 20:55:23,46221917,46221919
20377700,,5,2021-03-08 12:14:31,46221917,46221919
10120588,,5,2021-03-08 12:11:52,46221917,46221919
17566064,,5,2021-03-05 23:06:43,46221917,46221919
12981678,,5,2021-03-04 19:38:50,46221917,46221919
15713602,Ship nhanh gói cẩn thận đầy đủ . Nói chung là đáng tiền,5,2020-01-06 19:28:44,46221917,46221921
20259845,y,5,2021-02-23 13:28:29,46221917,46221919
10868530,,5,2021-02-28 19:42:34,46221917,46221919
20385208,,5,2021-02-28 15:57:06,46221917,46221919
20140463,,5,2021-02-26 10:07:55,46221917,46221919
20448999,,5,2021-02-25 11:28:10,46221917,46221919
20204654,,5,2021-02-24 22:37:39,46221917,46221919
9159455,,5,2021-02-24 20:11:05,46221917,46221919
15760944,"Đóng gói sản phẩm tốt, chất lượng sp ok",5,2020-04-16 09:13:32,46221917,46221921
19684644,,5,2021-02-19 20:08:52,46221917,46221919
16788653,,5,2021-02-19 19:02:06,46221917,46221919
16308733,Nên mua vì nó đẹp :))) và chất lượng tốt,5,2020-04-09 07:14:33,46221917,46221919
17368012,,5,2021-02-18 11:24:48,46221917,46221919
16569777,,5,2021-02-18 11:03:30,46221917,46221919
10495827,,5,2021-02-18 09:41:41,46221917,46221919
10598170,,5,2021-02-17 17:18:52,46221917,46221919
20242583,,5,2021-02-17 16:49:27,46221917,46221919
84971,,5,2021-02-17 13:39:26,46221917,46221919
15561268,"Giao hàng nhanh, truyện gói cẩn thận, truyện rất hay",5,2020-02-09 11:08:08,46221917,46221919
20138024,,5,2021-02-16 20:52:38,46221917,46221919
19411076,,5,2021-02-14 23:23:05,46221917,46221919
19106795,,5,2021-02-11 11:03:21,46221917,46221919
16786486,"sách chất lượng cao, giao hàng thì nhanh chóng",5,2020-03-26 19:04:33,46221917,46221919
20196324,,5,2021-02-06 18:03:41,46221917,46221919
10028344,,5,2021-02-03 21:54:23,46221917,46221919
10073441,,5,2021-02-03 13:37:51,46221917,46221919
18191020,,5,2021-02-03 11:40:57,46221917,46221919
16703897,,5,2021-02-02 18:17:19,46221917,46221919
10985544,,5,2021-02-02 10:12:10,46221917,46221919
20091050,,5,2021-02-01 17:03:23,46221917,46221919
19957174,,5,2021-02-01 16:46:06,46221917,46221919
19644572,,5,2021-01-30 20:01:58,46221917,46221919
8532403,,5,2021-01-30 19:26:10,46221917,46221919
19984683,,5,2021-01-30 17:12:05,46221917,46221919
8943763,,5,2021-01-29 21:56:46,46221917,46221919
18837316,,5,2021-01-29 10:36:38,46221917,46221919
6583291,,5,2021-01-29 05:47:40,46221917,46221919
16882809,"giao hàng nhanh, sách còn mới, tui rất thích",5,2020-03-30 22:11:20,46221917,46221919
19965628,,5,2021-01-28 14:12:53,46221917,46221919
15680021,,5,2021-01-27 17:09:07,46221917,46221919
9983004,,5,2021-01-26 20:52:54,46221917,46221919
17383510,,5,2021-01-26 17:26:32,46221917,46221919
15974496,,5,2021-01-26 08:46:12,46221917,46221919
18450845,,5,2021-01-25 21:17:20,46221917,46221919
19997131,,5,2021-01-25 12:37:57,46221917,46221919
346059,,5,2021-01-25 11:57:29,46221917,46221919
11859502,,5,2021-01-24 23:37:13,46221917,46221919
18313447,,5,2021-01-23 19:55:26,46221917,46221919
9188221,,5,2021-01-23 13:42:37,46221917,46221919
19276173,,5,2021-01-22 17:25:52,46221917,46221919
879166,,5,2021-01-22 08:37:35,46221917,46221919
18461989,rất hài lòng,5,2020-10-20 11:21:42,46221917,46221919
15610446,,5,2021-01-21 16:58:11,46221917,46221919
10743911,,5,2021-01-20 21:52:06,46221917,46221919
8888508,,5,2021-01-20 21:37:26,46221917,46221919
16717553,,5,2021-01-20 15:00:33,46221917,46221919
2056840,,5,2021-01-20 09:47:37,46221917,46221919
6639062,,5,2021-01-19 18:29:23,46221917,46221919
13347459,,5,2021-01-18 13:21:10,46221917,46221919
494562,,5,2021-01-08 12:54:14,46221917,46221919
19719324,,5,2021-01-05 11:56:10,46221917,46221919
18990846,,5,2021-01-04 14:41:35,46221917,46221919
19644851,,5,2021-01-02 07:17:37,46221917,46221919
19682461,,5,2020-12-30 19:07:58,46221917,46221919
11646632,,5,2020-12-26 21:32:54,46221917,46221919
19160792,,5,2020-12-26 10:56:10,46221917,46221919
12121784,,5,2020-12-25 21:33:43,46221917,46221919
16522259,"Giao hàng nhanh,sách chất lượng tốt:33",5,2020-03-23 14:56:49,46221917,46221919
785096,,5,2020-12-23 07:42:20,46221917,46221919
15237564,,5,2020-12-22 12:28:08,46221917,46221919
7274456,,5,2020-12-21 16:02:44,46221917,46221919
18980253,,5,2020-12-21 06:27:16,46221917,46221919
16123309,,5,2020-12-19 13:26:00,46221917,46221919
18934674,,5,2020-12-17 20:32:42,46221917,46221919
18671639,,5,2020-12-17 13:24:56,46221917,46221919
19449794,,5,2020-12-15 12:51:24,46221917,46221919
16667239,Sách chất lượng tốt. Giao hàng nhanh.,5,2020-03-20 18:00:25,46221917,46221919
14389998,,5,2020-12-14 12:14:49,46221917,46221919
17615485,,5,2020-12-13 16:28:37,46221917,46221919
10944011,,5,2020-12-12 20:49:20,46221917,46221919
18279767,,5,2020-12-12 19:30:50,46221917,46221919
9997937,,5,2020-12-08 21:51:21,46221917,46221919
19076669,,5,2020-12-06 15:47:18,46221917,46221919
16494309,,5,2020-12-05 19:52:18,46221917,46221919
7633658,,5,2020-12-04 18:14:29,46221917,46221919
16969644,,5,2020-12-01 18:19:35,46221917,46221919
19086044,,5,2020-11-28 18:29:33,46221917,46221919
2096697,,5,2020-11-27 08:09:06,46221917,46221919
5161462,,5,2020-11-25 15:55:48,46221917,46221919
17418827,,5,2020-11-21 21:47:59,46221917,46221919
19089138,,5,2020-11-07 20:56:17,46221917,46221919
1182715,,5,2020-10-31 14:41:44,46221917,46221919
10183424,,5,2020-10-30 21:29:38,46221917,46221919
18726098,,5,2020-10-25 14:17:49,46221917,46221919
14941615,,5,2020-10-24 17:42:50,46221917,46221919
16869229,"Sách đẹp, giao hàng khá nha",5,2020-04-13 21:18:58,46221917,46221919
18816707,,5,2020-10-21 14:32:27,46221917,46221919
6400498,,5,2020-10-17 12:55:00,46221917,46221919
18726888,,5,2020-10-15 18:35:08,46221917,46221919
18789801,,5,2020-10-13 22:47:25,46221917,46221919
18792820,,5,2020-10-13 12:09:59,46221917,46221919
18716034,,5,2020-10-12 12:08:30,46221917,46221919
18635799,,5,2020-10-11 12:33:24,46221917,46221919
9913202,,5,2020-10-11 11:13:13,46221917,46221919
7624501,"Hay, dễ thương kkkk",5,2020-05-29 23:41:08,46221917,46221921
18175788,,5,2020-10-11 06:59:44,46221917,46221919
18641456,,5,2020-10-10 22:40:46,46221917,46221919
13613899,,5,2020-10-10 18:35:34,46221917,46221919
18593969,,5,2020-10-08 19:41:26,46221917,46221919
7372886,,5,2020-10-06 08:46:12,46221917,46221919
18670117,,5,2020-10-06 00:03:15,46221917,46221919
11693446,"Giao hàng nhanh, sách hay.",5,2020-04-21 21:22:20,46221917,46221919
818615,,5,2020-09-29 21:29:12,46221917,46221919
17607734,,5,2020-09-29 17:16:43,46221917,46221919
16891606,,5,2020-09-29 12:07:22,46221917,46221919
18489596,,5,2020-09-19 21:09:45,46221917,46221919
13198423,,5,2020-09-19 09:52:22,46221917,46221919
9140763,,5,2020-09-18 12:50:08,46221917,46221919
18306810,,5,2020-09-16 12:12:51,46221917,46221919
14089285,,5,2020-09-11 19:42:40,46221917,46221919
14260611,,5,2020-09-05 19:53:43,46221917,46221919
11751150,,5,2020-08-31 19:17:22,46221917,46221919
5931591,,5,2020-08-30 21:18:38,46221917,46221919
18246839,,5,2020-08-29 14:49:56,46221917,46221919
1095996,,5,2020-08-29 10:46:25,46221917,46221919
12344460,,5,2020-08-28 14:43:50,46221917,46221919
16497575,,5,2020-08-27 16:12:43,46221917,46221919
14101382,,5,2020-08-27 13:42:33,46221917,46221919
18019363,,5,2020-08-25 00:39:14,46221917,46221919
12131266,,5,2020-08-24 11:07:24,46221917,46221919
1145895,,5,2020-08-24 10:51:25,46221917,46221919
196194,,5,2020-08-23 13:07:58,46221917,46221919
13473379,,5,2020-08-20 21:35:14,46221917,46221919
18029260,,5,2020-08-15 18:43:05,46221917,46221919
16101075,,5,2020-08-10 18:12:55,46221917,46221919
13370848,,5,2020-08-09 17:02:33,46221917,46221919
8456321,,5,2020-08-08 09:47:05,46221917,46221919
408517,,5,2020-08-02 13:35:32,46221917,46221919
8435947,,5,2020-08-01 19:28:18,46221917,46221919
17696173,,5,2020-07-26 20:29:55,46221917,46221919
6975813,,5,2020-07-21 12:06:00,46221917,46221919
17801628,,5,2020-07-18 19:57:10,46221917,46221919
7147854,,5,2020-07-15 10:25:48,46221917,46221919
1982151,,5,2020-07-13 16:40:50,46221917,46221919
17697472,,5,2020-07-11 10:49:32,46221917,46221919
443025,,5,2020-07-08 23:30:32,46221917,46221919
17665981,,5,2020-07-02 16:29:52,46221917,46221919
15830047,,5,2020-06-30 20:56:25,46221917,46221919
17357523,,5,2020-06-30 14:17:04,46221917,46221919
5885863,,5,2020-06-28 22:47:26,46221917,46221919
17607805,,5,2020-06-26 23:24:04,46221917,46221919
10244726,"Art bìa sách k được đẹp lắm, bookmart mỏng lét, giao hàng góc sách hơi bị móp, nói chung cũng tàm tạm. Hài lòng mỗi người dịch là Red de Ed và giấy sách hơi ngả vàng đọc dịu mắt",4,2020-02-09 19:42:28,46221917,46221919
19217962,"sản phẩm tốt nhưng có đìu là giao hàng ko đc tốt, khi hàng về đến tay mik thì góc sách đx bị móp, mik có vài lần mua truyện tên tiki và lần nào truyện cx bị móp góc mà mik mua truyện chủ yếu để sưu tầm mà truyện bị như b thì mik đau lòng lắm nên mong tiki giao hàng tốt hơn, thêm các giấy xốp bao sách lại để sách đỡ bị móp nhé",4,2021-02-18 06:53:23,46221917,46221919
678573,"Nhận được sách trước dự kiến rất sớm ? mình cho 4 sao thôi vì gáy sách bị rách như thế á ? với bìa cũng bị cấn nhẹn :((( truyện này mình chưa đọc, nhưng được mọi người khen nên mình cũng háo hức lắm!",4,2020-01-05 09:32:14,46221917,46221921
27016944,🥲 Df đúng nặng luôn á =(( hong có miếng bọc chống sốc nào luôn,3,2022-03-30 16:51:38,46221917,46221919
6865702,"Mình không đánh giá về truyện vì truyện hay mình mới mua, chủ yếu là đánh giá tiki vì khi đặt để là có quà tặng kèm nhưng lúc nhận hàng chỉ có mỗi sách thôi???",4,2020-01-12 00:16:35,46221917,46221919
20334084,postcard ko quét để xem đc trang cuối thì bị dính lại với nhau trên bìa cũng có một ít vết xước,3,2021-02-22 20:04:53,46221917,46221919
20419766,hơi buồn vì nó bị như vậy,4,2021-03-04 17:41:25,46221917,46221919
24001551,Bữa nay xui quá nên sách bị df rồi,2,2022-02-10 16:34:48,46221917,46221919
10823440,"Sách bị df góc bìa, trông hơi chán huhu:(((",3,2022-07-23 02:22:34,46221917,46221919
17083839,hàng giao nhanh lắm a-) .à tiki gom 2 cuốn vài 1 hộp nên nó móp hết cả 2 đầu cuốn truyện -((,4,2021-02-18 15:22:19,46221917,46221919
13349392,"Giao hàng nhanh mới đặt chiều hôm qua trưa nay đã có rồi, sách có bị nhăn góc chút.",4,2021-01-21 12:33:07,46221917,46221919
11679431,Không là có hay không nhưng đọc qua phần giới thiệu cũng khá là mong chờ ❤️❤️ cảm ơn nhà xuất bản,4,2020-02-06 13:00:41,46221917,46221919
28249570,bị rách sealllll!!!!!!!!!,3,2022-11-14 21:50:19,46221917,46221919
20403533,giao nhanh hàng cũng chất lượng nói chung là cũng ok,4,2022-04-24 16:02:47,46221917,46221919
25448012,"Sách không bọc, seal bị rách 1 đường, may là sách không bị sao cả",3,2021-11-30 11:25:14,46221917,46221919
14873653,Hay mà kết hơi ngắn,4,2022-09-05 20:27:30,46221917,46221919
16313468,bảo gío trước 10h. 9h20 ship gọi bảo 30p nữa đến. vậy mà giờ vẫn chưa nhận đươc.,1,,46221917,46221919
19206064,,4,2022-08-31 15:58:16,46221917,46221919
2234079,"tiki giao hàng khá nhanh, tình trạng sách ổn nhưng tại sao lại ko có postcard như đã nói vậy ạ, mong tiki có thể xử lý việc này",1,2020-02-04 12:05:23,46221917,46221919
930382,"Sách giao nhanh, đẹp, đóng gói ok. Chỉ hơi tiếc ko có bọc sách, vì bìa sách màu trắng ko có bọc sách sẽ làm sách dễ bẩn",4,2020-01-10 11:22:55,46221917,46221921
18003153,sách hayy,4,2022-02-09 12:28:55,46221917,46221919
7652610,sao của mình ko có móc khóa và lịch kèm theo dị??:((,4,2020-01-14 12:02:54,46221917,46221919
6859482,Truyện hay nhưng thiếu poscard,3,2020-05-23 12:41:04,46221917,46221919
14051261,,4,2022-02-07 15:44:29,46221917,46221919
18465551,Đọc cuốn này nửa đêm chắc cừi ải chỉa luôn á,4,2020-12-29 16:38:35,46221917,46221919
15903600,hàng sao ko có tặng vậy *** tình hả. mới khui ra xong ko có gì ngoài quyển sách phụ kiện đâu rồi,1,,46221917,46221919
5436071,Lúc mình mua là 104k giờ rớt giá quá :< tuy ko liên quan nhưng mình rất thích giận cá chém thớt,4,2020-02-18 21:10:16,46221917,46221919
19660699,,4,2021-12-16 12:15:40,46221917,46221919
20672294,,4,2021-12-12 20:00:20,46221917,46221919
6884460,"nội dung tạm ổn, đọc thư giãn thì oke",4,2021-02-06 17:41:18,46221917,46221919
14652433,Em nhận được sách rồi mà không của em không thấy có bộ lịch và móc khoá tặng kèm ạ?,3,2020-01-11 07:50:03,46221917,46221919
5161029,"sách đẹp, bọc kĩ lần nào mua sách trên tiki thì lấn đó rất hài lòng ??",4,2020-02-21 09:25:48,46221917,46221919
17871469,Bìa ổn nhưng có vài chỗ in không rõ truyện hay,4,2020-08-28 11:14:19,46221917,46221919
12891160,bị trầy một vết,4,2021-01-31 22:10:14,46221917,46221919
21114259,khá ok,4,2021-04-19 20:35:58,46221917,46221919
20100623,,4,2021-03-22 15:15:12,46221917,46221919
8883454,,4,2021-03-15 23:48:24,46221917,46221919
15906084,,4,2021-03-12 14:05:00,46221917,46221919
20043817,,4,2021-03-10 11:14:40,46221917,46221919
20479588,,4,2021-03-01 12:50:56,46221917,46221919
15761645,,4,2021-02-25 10:53:27,46221917,46221919
20190464,,4,2021-02-21 12:06:10,46221917,46221919
6700084,,4,2021-02-17 21:06:03,46221917,46221919
12965568,,4,2021-01-30 13:41:39,46221917,46221919
6285174,hay,4,2021-01-08 08:03:08,46221917,46221919
11924883,,4,2021-01-21 11:20:03,46221917,46221919
5586570,,4,2021-01-11 09:22:26,46221917,46221919
18278049,,3,2020-12-23 00:02:32,46221917,46221919
13079976,,4,2020-12-10 09:45:53,46221917,46221919
18581735,,3,2020-12-05 17:12:04,46221917,46221919
10810522,Good! Good! Good!,4,2020-08-22 19:29:05,46221917,46221919
18124961,,4,2020-11-28 16:58:21,46221917,46221919
18108035,,3,2020-10-28 10:09:25,46221917,46221919
7665920,,3,2020-10-10 15:28:22,46221917,46221919
18483308,,4,2020-09-28 11:55:25,46221917,46221919
1653918,,4,2020-09-28 11:14:06,46221917,46221919
9993256,,4,2020-08-13 11:28:22,46221917,46221919
16257974,,4,2020-07-18 10:33:39,46221917,46221919
12581411,,4,2020-05-30 23:30:30,46221917,46221919
1342710,"Đầu tiên là sách giao về còn nguyên vẹn, không móp hay cuốn góc. Sách cầm chắc tay, bìa đẹp. Sau nữa là nội dung, phải nói là okla luôn, dễ thương, tùy theo cảm nhận của từng người đọc, nói chung là nhẹ nhàng, sâu lắng. Shipper dễ thương, nhiệt tình, mối quen nên giao mình nhanh lắm! Nói chuyện cũng vui vẻ vui vẻ nữa!",5,2024-06-03 12:16:24,76528245,76528246
25755454,"chưa đọc nên không biết nội dung, shop đóng gói hàng kĩ càng",5,2026-09-21 17:39:33,76528245,76528246
14671442,Giao siêu nhanh luôn đóng gói cẩn thận còn nguyên bọc bên ngoài sách chưa đọc truyện nên là không biết là như thế nào nhé nhưng mà nói chung là Tiki phục vụ tốt,5,2022-08-31 12:35:18,76528245,76528246
7981785,,5,2026-05-07 19:32:10,76528245,76528246
10356248,"Tiki giao hàng nhanh ghê, mới đặt hôm qua hôm nay đã nhận được hàng rồi. Đóng gói cẩn thận, sách siêu siêu đẹp luôn ?",5,2021-03-25 16:29:47,76528245,76528246
2006124,"Sách đẹp lung linh, nguyên seal, tập 1 bìa trong hơi dơ xíu nhưng không ảnh hưởng nhiều",5,2021-12-08 21:53:35,76528245,76528246
15712124,"Hic, sách bị móp nhẹ ở góc trên. Còn lại thì oke lắm nhen.",5,2022-06-11 20:48:56,76528245,76528246
586488,"quyển này có bìa áo nên khá thích, sách mới tinh vận chuyển không bị lỗi, nội dung cũng dễ thương như bìa, tiki dạo này ship rất nhanh, ko bị delay như hồi trước nữa",5,2021-05-19 12:35:03,76528245,76528246
16017907,bộ này đúng gu mình dữ luôn kiểu ở ngoài olivia là cá mập về nhà với mục căn a là cá con,5,2022-06-17 16:40:49,76528245,76528246
10897834,"chuyện hay, đã ưng từ khi đọc onl rồi nhưng bìa qua đẹp nên vẫn tậu một em về kho, hàng giao chất lượng tốt ,không bị hư hỏng. Ưng ý",5,2021-04-24 08:49:08,76528245,76528246
11729146,"Giao hàng cực nhanh, sách nguyên seal và khá mới. Phần bìa rời bị gập 1 đoạn nhỏ khi seal do không được để khớp với bìa gập nhưng cũng ít nên không sao.",5,2022-01-05 11:08:30,76528245,76528246
1602708,,5,2025-02-04 09:37:23,76528245,76528246
27200028,"Truyện rất hay,bìa rất xinh đẹp,tuyệt vời luôn,đáng tiền ghê",5,2022-08-02 09:29:42,76528245,76528246
14239674,"Sách mới tinh, đóng gói cẩn thận, thời gian giao cũng nhanh nữa.",5,2022-06-16 21:04:53,76528245,76528246
23307715,"Giao hàng nhanh, sách đc bọc kỹ, còn nguyên seal",5,2023-09-11 18:59:17,76528245,76528246
24726242,"Đóng gói tốt, sách nguyên vẹn, bìa đẹp",5,2022-05-29 12:41:21,76528245,76528246
19513601,,5,2024-05-08 11:05:49,76528245,76528246
20286919,"Truyện ngọt và cực cưng lunnnnnn, vận chuyển nhanh và ko bị hư hại j cả, hóng tập 2:333",5,2021-02-24 21:02:37,76528245,76528246
11665416,Rất thích sách này. Mong chờ tập 2 ghê. Bao bì kín đáo. Giao hàng nhanh.,5,2021-07-02 17:15:16,76528245,76528246
28032161,,5,2024-02-01 13:12:36,76528245,76528246
27638577,,5,2023-11-16 19:01:17,76528245,76528246
2176513,"đặt tikinow nên nhận hàng trong ngày, sách không bị móp méo gì hết, đẹp ?",5,2021-03-03 18:05:50,76528245,76528246
21010937,sợ bị df cực luôn,5,2022-03-30 20:30:19,76528245,76528246
17758905,"Sách đẹp,có áo,lỡ gói lại rồi nên chụp luôn đống sách nhà mình",5,2021-02-17 11:22:56,76528245,76528246
12801494,sách gửi không móp méo bộ này đã đọc mạng rồi giờ mua để cất:v,5,2021-02-03 18:44:39,76528245,76528246
256568,giao nhanh. sản phẩm đẹp. Mua lúc giảm nên gia cũng tốt.,5,2021-05-11 16:38:28,76528245,76528246
10962186,j,5,2022-05-11 19:09:07,76528245,76528246
10794832,,5,2021-03-03 17:22:28,76528245,76528246
20512065,"giao nhanh, sách còn seal không sứt mẻ miếng nào",5,2021-05-22 11:14:48,76528245,76528246
22051367,"đóng gói tạm được, sách mới đẹp",5,2021-07-25 21:28:42,76528245,76528246
192136,"Truyện hay, hình thức lẫn nội dung đều ok",5,2022-08-24 08:09:15,76528245,76528246
20562252,,5,2023-06-24 19:15:19,76528245,76528246
552511,"đẹp, đóng gói tốt, hình chỉ có tính chất nhận coin",5,2021-02-08 23:18:11,76528245,76528246
28963508,,5,2023-05-10 00:17:12,76528245,76528246
22895569,tiki đóng gói sản phẩm quá qua loa và không chắc chắn.,5,2022-02-19 20:06:06,76528245,76528246
2310499,,5,2023-02-10 23:37:10,76528245,76528246
28623931,,5,2023-01-28 12:03:21,76528245,76528246
28363405,,5,2023-01-27 18:15:58,76528245,76528246
27405840,Truyện siu hay luôn á vote 5 dao lun,5,2022-05-05 20:13:01,76528245,76528246
23119657,"Quá Ok luôn,sách đẹp và giao hàng rất nhanh",5,2022-02-16 19:57:55,76528245,76528246
26838358,"Truyện xinh, nội dung hay, tuyệt vờiii",5,2022-03-29 16:19:05,76528245,76528246
28303807,,5,2022-10-10 20:01:16,76528245,76528246
17476680,,5,2022-09-25 00:17:34,76528245,76528246
19126671,rất đẹp ạ,5,2021-03-19 11:22:45,76528245,76528246
174964,,5,2022-08-21 23:03:30,76528245,76528246
23451772,hayyyy,5,2022-07-11 21:00:56,76528245,76528246
8427939,,5,2022-08-08 12:00:59,76528245,76528246
27000582,,5,2022-07-23 14:29:20,76528245,76528246
12101445,nice,5,2021-04-13 12:31:35,76528245,76528246
19991444,,5,2021-04-23 12:29:13,76528245,76528246
22089793,,5,2022-07-01 12:57:26,76528245,76528246
27743258,,5,2022-06-29 22:23:50,76528245,76528246
25861497,,5,2022-06-29 11:28:18,76528245,76528246
1888237,,5,2022-06-24 09:45:48,76528245,76528246
20677517,,5,2021-04-06 06:32:28,76528245,76528246
15388926,,5,2022-06-14 12:39:29,76528245,76528246
694893,!!!,5,2022-05-26 23:10:34,76528245,76528246
1601057,,5,2021-03-25 19:50:18,76528245,76528246
27289056,ok,5,2022-05-24 21:59:08,76528245,76528246
5999099,,5,2022-05-31 16:46:23,76528245,76528246
26070892,,5,2022-05-30 14:46:44,76528245,76528246
10147522,,5,2022-05-20 19:49:08,76528245,76528246
16387525,xịn lắm hihi,5,2022-02-15 00:20:21,76528245,76528246
9122070,Chiết khấu cao; Chất lượng ổn; Giao hàng nhanh chóng,5,2021-04-02 09:08:16,76528245,76528246
16727059,,5,2022-05-08 06:03:45,76528245,76528246
7236890,,5,2022-05-06 10:25:45,76528245,76528246
8506494,,5,2022-05-01 12:24:36,76528245,76528246
20479055,,5,2022-04-03 10:24:32,76528245,76528246
27025804,.,5,2022-03-27 21:19:15,76528245,76528246
7014010,"Giao hàng nhanh. Sách sạch, đẹp, không bị vấn đề gì.",5,2021-02-18 13:21:17,76528245,76528246
22621548,,5,2022-03-22 06:59:56,76528245,76528246
26702698,,5,2022-03-14 14:14:33,76528245,76528246
14576432,sách cực kì tốt nhưng phần vcó vài chỗ hơi bị nhăn,5,2021-02-07 19:07:17,76528245,76528246
5976982,"Giao hàng nhanh, bìa đẹp, dễ thương.",5,2021-06-09 10:17:51,76528245,76528246
43211,,5,2022-02-21 01:04:53,76528245,76528246
22423583,giao nhanh sách đẹp ok,5,2021-08-22 14:52:31,76528245,76528246
22069397,,5,2022-01-16 08:13:03,76528245,76528246
25769259,,5,2021-12-30 19:18:57,76528245,76528246
9101024,,5,2021-12-21 21:54:01,76528245,76528246
12108962,,5,2021-12-08 18:03:10,76528245,76528246
15340578,hay,5,2021-11-03 00:09:36,76528245,76528246
9646377,,5,2021-11-20 03:11:20,76528245,76528246
2770288,,5,2021-11-19 21:13:57,76528245,76528246
10200953,hay,5,2021-10-29 14:26:58,76528245,76528246
14677588,,5,2021-11-12 14:40:01,76528245,76528246
1100969,,5,2021-11-01 13:11:08,76528245,76528246
18744946,"sách đẹp, giao hàng nhanh",5,2021-05-09 14:02:24,76528245,76528246
12247427,,5,2021-10-17 01:16:27,76528245,76528246
16598328,,5,2021-10-14 15:08:29,76528245,76528246
16811853,,5,2021-10-09 21:10:56,76528245,76528246
2070807,đẹp ơi là đẹp luôn,5,2021-04-12 13:36:16,76528245,76528246
1933363,,5,2021-08-11 22:08:10,76528245,76528246
7539904,,5,2021-07-30 12:58:21,76528245,76528246
17477252,,5,2021-07-16 16:00:52,76528245,76528246
1262423,,5,2021-07-11 11:41:16,76528245,76528246
5957695,"truyện hay, bìa đẹp",5,2021-02-09 09:18:36,76528245,76528246
984951,,5,2021-07-05 11:14:41,76528245,76528246
21965393,,5,2021-07-04 20:06:44,76528245,76528246
20256461,,5,2021-06-29 22:07:33,76528245,76528246
16916781,,5,2021-06-26 17:55:27,76528245,76528246
18186493,,5,2021-06-17 10:54:05,76528245,76528246
22073780,,5,2021-06-12 09:20:33,76528245,76528246
5847956,,5,2021-06-07 16:32:48,76528245,76528246
20301727,,5,2021-06-07 10:22:16,76528245,76528246
16269377,"hay,đẹp",5,2021-04-09 21:43:03,76528245,76528246
20545742,,5,2021-05-29 13:29:51,76528245,76528246
6263194,,5,,76528245,76528246
21293956,,5,2021-05-18 16:09:41,76528245,76528246
786781,,5,2021-05-08 06:10:12,76528245,76528246
141963,,5,2021-05-01 06:41:39,76528245,76528246
16620709,,5,2021-04-30 10:55:19,76528245,76528246
7094504,,5,2021-04-26 09:35:19,76528245,76528246
658000,,5,2021-04-25 16:20:56,76528245,76528246
309846,,5,2021-04-24 13:47:47,76528245,76528246
21158721,,5,2021-04-24 10:55:56,76528245,76528246
17091190,hay,5,2021-04-02 19:12:10,76528245,76528246
40136,,5,,76528245,76528246
236935,,5,,76528245,76528246
14136971,,5,2021-04-14 20:36:17,76528245,76528246
19595534,,5,2021-04-06 21:34:02,76528245,76528246
20182703,,5,,76528245,76528246
10947286,,5,2021-03-29 16:38:48,76528245,76528246
64592,,5,2021-03-29 12:18:25,76528245,76528246
89047,,5,2021-03-29 11:37:41,76528245,76528246
820171,,5,2021-03-27 15:08:25,76528245,76528246
5671804,,5,2021-03-25 09:20:34,76528245,76528246
5339956,,5,2021-03-23 21:39:51,76528245,76528246
16370071,,5,2021-03-23 13:02:46,76528245,76528246
12449069,,5,2021-03-22 01:08:26,76528245,76528246
19340476,,5,2021-03-19 19:14:38,76528245,76528246
1379289,,5,2021-03-19 09:27:53,76528245,76528246
7806494,,5,2021-03-17 19:05:39,76528245,76528246
10396593,,5,2021-03-16 11:45:10,76528245,76528246
1328746,,5,2021-03-12 11:53:41,76528245,76528246
5365801,,5,2021-03-11 10:40:42,76528245,76528246
308314,,5,2021-03-08 20:35:19,76528245,76528246
20366089,,5,2021-03-07 09:37:10,76528245,76528246
16835767,,5,2021-03-05 06:10:58,76528245,76528246
392337,,5,2021-03-02 16:33:35,76528245,76528246
20083554,,5,2021-02-28 23:25:54,76528245,76528246
16496062,,5,2021-02-28 05:21:49,76528245,76528246
12721673,,5,2021-02-27 13:17:36,76528245,76528246
18141883,,5,2021-02-20 10:40:58,76528245,76528246
20270987,,5,2021-02-20 08:59:33,76528245,76528246
18418501,,5,2021-02-15 15:56:48,76528245,76528246
20197637,,5,2021-02-06 19:46:37,76528245,76528246
1563181,,5,2021-02-04 21:03:52,76528245,76528246
20131859,,5,2021-02-04 10:32:34,76528245,76528246
33440,,5,2021-02-03 10:27:33,76528245,76528246
18577327,,5,2021-02-02 18:49:29,76528245,76528246
9197890,Cái hộp tàn tạ. Chọn mua tiki là vì rẻ ship nhanh nhưng lần nào đợi hàng về cx thoi thóp vì sợ df sách,4,2022-05-26 18:18:06,76528245,76528246
10191797,Đóng gói hàng ẩu làm hư viền 1 quyển sách,3,2022-05-24 10:35:59,76528245,76528246
24766370,,4,2022-12-24 01:53:03,76528245,76528246
20085816,Sách có vài trang bị in dấu Vân tay nhìn rất bẩn?,3,2021-02-27 21:22:21,76528245,76528246
150281,Hài lòng,4,,76528245,76528246
12286386,,4,2021-04-25 18:09:10,76528245,76528246
20334578,,4,2021-02-24 22:56:49,76528245,76528246
18191020,,4,2021-02-17 13:32:41,76528245,76528246
81526,,4,2021-02-04 14:24:35,76528245,76528246
21471701,truyện đúng gu mình luôn với những ai yêu thích thời trang thì không thể bỏ qua bộ này. Ngoài những tình tiết lãng mạn của nhân vật chính truyện còn có những yếu tố về thời trang tạo nên một bộ truyện thật sang trọng.,5,2022-08-31 15:13:15,160585762,160585763
16104618,"Yêu yêu yêu, truyện về lành lặn nguyên bọc. Nội dung tinh tế, nhẹ nhàng và phần hình ảnh rất đẹp, các nhân vật trong thế giới đều có gu thời trang sành điệu và biết thưởng thức đời sống (cùng uống trà nhé) chăm chút cho bản thân, cho chàng thương mến và nàng yêu kiều. Đối với mình, đây là một bộ truyện truyền cảm hứng vì quá... đẹp và phong cách, càng đọc mình càng muốn trau dồi kỹ năng để có thể ngày nào đó thể hiện ý tưởng ra trang giấy cũng đẹp và quyến rũ (charming) như vậy :3. Các bạn xem tranh lên màu kìa *quắn quéo*",5,2022-05-01 20:55:10,160585762,160585763
1461011,"Xinh đẹp tuyệt vời luôn không mua thì tiếc lắm đó ạ. Truyện này mình có đọc thử mấy chương, thích lắm nên chờ xuất bản mãi 🥰🥰🥰 Card tặng kèm mỗi tạp dày dặn, xinh xỉu, tiki bọc sách và gói hàng rất đẹp 💝",5,2022-02-17 16:41:11,160585762,160585763
18643060,"Giao hàng nhanh trong 1 ngày đã về tay, tiki đó h gói hàng chỉ có mỗi hộp giấy bên ngoài may mà ko bị hư gáy hay móp. Truyện đẹp full màu giấy cứng có tặng kèm postcard.",5,2022-09-10 20:19:01,160585762,160585763
21310289,"_Bộ truyện tranh hiếm hoi mà mình full ạ:( _Nội dung nhẹ nhàng, khá ""tình"" _Nét vẽ thì khỏi nói rồi, xinh cực, hơi mơ mộng, nể gu thời trang của tác giả _Nhưng tình cảm của 2 nhân vật phát triển nhanh quá nên mình hơi lạ, nhưng không trách được vì có 3 tập thôi _Chưa đọc hết nên không đánh giá sâu được🥲",5,2023-01-29 15:32:45,160585762,160585763
9122070,Chiết khấu cao; Chất lượng tốt; Giao hàng nhanh chóng.,5,2022-06-07 09:38:57,160585762,160585763
19271669,"Giao hàng nhanh, đóng gói tạm được",5,2022-08-18 19:44:36,160585762,160585763
8901353,"truyện rất hay và nhẹ nhàng, dễ thương",5,2022-03-31 13:27:48,160585762,160585763
26720176,tiki giao hàng quá nhanh luôn mặc dù là ngoài tỉnh nhưng mình mới đặt hàng hôm cn thì tới sáng t2 mình đã nhận được hàng rồi. sách không bị hư hỏng gì cả,5,2022-02-07 21:23:56,160585762,160585763
25790986,truyện đẹp giao nhanh :33,5,2022-04-03 07:49:58,160585762,160585763
5932195,"Sách giao nhanh đúng hẹn, nét truyện và cách pha màu ưng dễ sợ. Chất giấy chắc chắn, không bị lem qua mặt sau. Mình có bookcare nên nhìn sách bóng bóng kiểu mới gấp đôi =)) Postcard cứng cáp đầu đủ.",5,2022-02-12 11:53:28,160585762,160585763
7564725,"Truyện dày dặn, card cũng siêu dày. Nội dung nhẹ nhàng, lãng mạn, nét vẽ đẹp, phù hợp để ngắm nghía, sưu tầm hay trưng bày. Có lẽ ko thích hợp với những ai thích đọc thiên về nội dung.",5,2022-04-03 11:12:57,160585762,160585763
11391806,sản phẩm đẹp giao nhanh kinh khủng,5,2022-06-06 23:01:09,160585762,160585763
6879693,,5,2026-09-09 20:39:17,160585762,160585763
16814905,"Giao quá nhanh, đặt đêm, trưa hôm sau đã có. Tuy nhiên nhìn 1 quyển nhìn rất luxury và sang chảnh mà tự nhiên bị quăn gáy khiến t rất quạu nhe",5,2022-06-17 20:18:44,160585762,160585763
22049150,Art đẹp,5,2022-08-28 15:40:37,160585762,160585763
175566,"Full color, nice drawing, beautiful story.",5,2022-02-12 16:03:56,160585762,160585763
18277418,giao hàng nhanh nma đóng gói ko cẩn thận lắm tập 2 mình bị nhăn bìa sách nma ko đáng kể,5,2022-03-29 11:40:45,160585762,160585763
22376568,,5,2026-05-17 20:39:42,160585762,160585763
9842362,"giao hàng nhanh, mua lúc sale nên rẻ lắm, mà truyện xịn với xinh lắm luôn, mặc dù không có bọc chống sốc nhưng cũng ko bị df miếng nào nha",5,2022-03-27 21:35:22,160585762,160585763
12016594,Đẹp,5,2022-04-21 21:24:49,160585762,160585763
24842292,sản phẩm rất tuyệt vời Mình thích từ lâu r ý tội mỗi mình thấy giá hơi chát thôi ♥️😘😘😘😘 cảm ơn shop nhiều,5,2022-04-16 11:47:18,160585762,160585763
21235251,"Sách đẹp a, giao nhanh nựa, chỉ là chưa đóng gói kĩ lắm, nhưng vẫn đánh giá 5 sao nha",5,2022-12-09 18:32:27,160585762,160585763
20873895,Ha,5,2022-03-17 12:26:25,160585762,160585763
2112309,"Giao hàng nhanh chóng mới đặt hôm qua ngày hôm sau đã nhận , nói chung ok",5,2023-03-14 19:17:41,160585762,160585763
7590141,"Giao hàng siêu nhanh. Hàng mới và ưng nhất là bọc sách cẩn thận, gói hàng chèn kỹ 👍",5,2022-09-28 13:47:47,160585762,160585763
13016198,"đẹp đẹp quá nè, nhưng tập 2 hơi móp góc nha",5,2022-05-05 14:34:28,160585762,160585763
13996109,xinh quáaaa 😍,5,2024-02-03 10:36:18,160585762,160585763
16885110,"Ship nhanh, không bị hư góc sách",5,2022-06-19 14:19:17,160585762,160585763
21023330,"Truyện hay, nét vẽ đẹp, màu đẹp.",5,2022-04-27 15:32:58,160585762,160585763
16469571,,5,2022-11-26 23:40:18,160585762,160585763
5957024,"Sách được bọc cẩn thận, giao hàng rất nhanh và mình không nghĩ là nó to tới vậy",5,2022-05-13 14:58:02,160585762,160585763
18370809,"Giao hàng nhanh, sách còn nguyên vẹn đc đóng gói cẩn thận. Vé ri gút 👍👍👍",5,2022-06-08 08:50:08,160585762,160585763
19139424,giao hàng đầy đủ. đóng gói khá sơ sài. thời gian giao hàng cũng khá ổn.,5,2022-06-11 22:07:51,160585762,160585763
17316488,Mình mua cả 3 tập mà tập nào cũng đc tiki đóng gói cẩn thận và cực kì ưng ý với veil huhuhu,5,2023-01-31 22:23:13,160585762,160585763
27475446,sách đẹp,5,2022-05-11 10:36:21,160585762,160585763
27868116,"Có hơi nhăn nhẹ ở góc nhưng cũng chẳng sao cả. Truyện rất nặng tay, dày dặn và đẹp",5,2023-01-08 17:53:12,160585762,160585763
12722399,giao nhanh cực vừa mới đặt hôm qua hôm sau đã nhận được rồi 😻,5,2022-03-11 19:08:38,160585762,160585763
28048004,"Không bị móp méo, còn nguyên vẹn và rất xinh",5,2022-08-22 22:01:44,160585762,160585763
2010541,Truyện xinh dã man luôn 😻 art đẹp mà nd cũng soft xỉu,5,2022-06-13 13:01:11,160585762,160585763
16876292,"Nét xinh xỉu, ai mà thích mấy art nghệ nghệ soft soft mà cốt truyện dễ thương thì hốt liền 3 tập (vài trang hơi lỗi).",5,2022-05-08 10:06:30,160585762,160585763
25885005,Xinh lắm ạ nhưng không có bọc chống sốc nên hơi thất vọng,5,2022-02-11 12:39:19,160585762,160585763
23390251,"Rất đẹp và thơ, nội dung truyện nhẹ nhàng, bìa tập 1 và 2 để bên nhau rất nghệ, art 100 đỉm",5,2022-08-08 02:05:55,160585762,160585763
679712,"Giấy màu chất lượng, hình đẹp quá trờiiii",5,2022-04-06 17:13:15,160585762,160585763
17555427,Truyện rất đẹp và không bị df ạ,5,2022-06-05 14:33:56,160585762,160585763
26966596,"đóng gói chắc chắn, giao hàng nhanh. Rất ưng ý",5,2022-03-07 11:24:20,160585762,160585763
21495190,Quá tuyệt luôn,5,2022-10-25 13:15:08,160585762,160585763
26400697,Đóng gói chắc chắn nên 5 sao tuyệt vời,5,2022-03-31 09:33:31,160585762,160585763
12797251,Cực đẹp lun❤️❤️❤️,5,2022-06-27 15:53:22,160585762,160585763
26045981,Tôi không nghĩ đây là truyện luôn ấy cứ tưởng đây là cuốn tập chí nào không- art cực xinhhhh!!!,5,2022-04-03 10:25:28,160585762,160585763
22789359,"giao hàng nhanh, không bị df",5,2022-06-17 09:16:21,160585762,160585763
15102656,,5,2024-02-29 18:14:53,160585762,160585763
16494309,"Hàng đẹp, có bọc đầy đủ",5,2022-05-19 10:47:16,160585762,160585763
11161808,Giao hàng nhanh truyện đẹp,5,2022-05-03 16:43:18,160585762,160585763
16533940,"giao hàng nhanh, đóg gói chắc chắn",5,2022-02-17 00:30:25,160585762,160585763
20711813,Trộm vía xinh đẹp tuyệt vời huhu,5,2022-02-12 10:11:07,160585762,160585763
28152725,Đẹp,5,2022-09-09 14:32:10,160585762,160585763
26627535,"Rất ok , mk cực kỳ hài lòng.",5,2022-03-12 21:30:28,160585762,160585763
27617590,cực kì xinh đẹp,5,2022-06-03 16:43:22,160585762,160585763
25770129,đeph ôkê laém,5,2022-06-12 12:54:42,160585762,160585763
18307382,,5,2022-09-01 22:24:21,160585762,160585763
27956432,,5,2023-11-06 20:19:38,160585762,160585763
6631437,Ổn,5,2022-07-27 12:52:01,160585762,160585763
21364616,tốt,5,2022-07-11 11:39:14,160585762,160585763
10184280,Đẹp giao nhanh,5,2022-04-29 12:11:20,160585762,160585763
309067,Quá là ưng lun,5,2022-03-17 10:28:11,160585762,160585763
27830699,"Bìa đẹp, sách in nét, postcard siu xinh. Giao nhanh lắm nha",5,2022-07-24 11:31:28,160585762,160585763
22236760,Xinh quá uwu,5,2022-03-22 09:08:01,160585762,160585763
27102167,gud,5,2022-05-14 15:06:21,160585762,160585763
26786121,5 sao 🎉🎉🎉,5,2022-02-14 16:26:16,160585762,160585763
2131854,,5,2023-08-11 12:49:37,160585762,160585763
9917347,Giao hàng nhanh,5,2022-02-11 19:09:48,160585762,160585763
21536537,,5,2022-05-02 13:32:05,160585762,160585763
26153668,,5,2022-04-29 07:57:25,160585762,160585763
21446209,,5,2023-07-05 00:08:16,160585762,160585763
5781018,ok,5,2022-04-04 02:25:41,160585762,160585763
7499089,"Giao hàng nhanh, hàng k hư hỏng",5,2022-11-25 12:52:27,160585762,160585763
26880169,,5,2022-04-10 15:35:25,160585762,160585763
6435210,,5,2023-06-22 09:19:18,160585762,160585763
10755299,"giao hàng rất nhanh, hàng không bị móp méo hay ẩm ướt",5,2022-05-24 16:22:10,160585762,160585763
5086070,,5,2023-06-20 06:23:25,160585762,160585763
26220778,chinh,5,2022-02-26 19:06:45,160585762,160585763
19201576,,5,2023-06-08 01:18:50,160585762,160585763
26570950,,5,2022-03-09 12:52:42,160585762,160585763
16961195,"Truyện rất đẹp, cốt truyện nhẹ nhàng dễ thương",5,2022-05-06 12:10:00,160585762,160585763
18430621,,5,2023-05-07 06:08:06,160585762,160585763
28545413,,5,2023-04-25 11:42:55,160585762,160585763
430318,,5,2022-02-10 09:03:36,160585762,160585763
18418563,,5,2023-03-29 10:35:35,160585762,160585763
8116297,Truyện không bị df dù gói k có bọc chống sốc,5,2022-04-13 10:04:41,160585762,160585763
5204311,,5,2023-03-16 15:47:04,160585762,160585763
991608,"Sách đẹp, dày dặn nhưng bọc sách chưa cẩn thận",5,2022-03-14 07:07:48,160585762,160585763
28618699,Mê xỉuuuu,5,2022-12-23 11:48:34,160585762,160585763
6295427,,5,2023-03-01 01:34:03,160585762,160585763
28706913,,5,2023-02-21 13:48:15,160585762,160585763
2166162,,5,2023-02-18 16:03:14,160585762,160585763
21356848,,5,2023-02-18 12:32:46,160585762,160585763
17185214,Truyện hay rất xinh đẹp tuyệt vời😘,5,2022-05-10 00:21:04,160585762,160585763
15016416,"đóng gói kĩ, truyện tranh rất đẹp. tuyệt vời",5,2022-03-03 13:49:08,160585762,160585763
22397899,truyện siêuuuu hay,5,2022-10-06 20:53:16,160585762,160585763
10941646,,5,2023-01-28 11:06:09,160585762,160585763
195117,,5,2023-01-27 09:09:57,160585762,160585763
28749711,,5,2023-01-25 20:05:54,160585762,160585763
10589571,,5,2023-01-13 18:17:04,160585762,160585763
5092551,Rất thích,5,2022-10-29 19:36:46,160585762,160585763
28256477,,5,2023-01-05 21:32:01,160585762,160585763
18611195,,5,2022-12-30 10:39:44,160585762,160585763
15548371,,5,2022-12-24 15:06:49,160585762,160585763
26103042,,5,2022-12-05 16:11:47,160585762,160585763
15186867,,5,2022-11-22 16:52:37,160585762,160585763
20542147,Tranh rất đẹp.,5,2022-07-22 23:08:10,160585762,160585763
22759133,"Truyện hay, nét vẽ xinh 💖",5,2022-04-25 18:30:27,160585762,160585763
1139833,,5,2022-11-02 11:31:00,160585762,160585763
16432640,,5,2022-10-30 19:37:59,160585762,160585763
12247427,,5,2022-10-28 01:00:33,160585762,160585763
20555407,"sản phẩm tốt, giao nhanh",5,2022-05-03 13:07:24,160585762,160585763
16135658,,5,2022-10-21 09:59:39,160585762,160585763
23535799,xinhh nhaaaaa,5,2022-07-30 13:24:18,160585762,160585763
27069852,,5,2022-10-13 19:34:36,160585762,160585763
11111640,,5,2022-10-11 19:19:57,160585762,160585763
5618198,,5,2022-10-09 21:32:24,160585762,160585763
165403,,5,2022-10-08 09:51:53,160585762,160585763
22521325,Sản phẩm rất ok,5,2022-06-06 22:27:53,160585762,160585763
15667655,,5,2022-10-06 10:04:50,160585762,160585763
28230820,,5,2022-10-05 18:14:41,160585762,160585763
21514406,,5,2022-10-01 09:03:39,160585762,160585763
9062161,,5,2022-09-30 06:34:35,160585762,160585763
10988211,,5,2022-09-23 11:50:44,160585762,160585763
18061730,,5,2022-09-13 12:03:08,160585762,160585763
11748093,,5,2022-09-12 20:53:14,160585762,160585763
23841676,,5,2022-09-10 13:40:10,160585762,160585763
541421,,5,2022-09-09 19:12:59,160585762,160585763
14701249,,5,2022-09-06 11:30:00,160585762,160585763
27607633,,5,2022-09-06 10:34:03,160585762,160585763
28116436,,5,2022-09-03 22:53:25,160585762,160585763
21815372,,5,2022-09-01 16:43:25,160585762,160585763
22768018,,5,2022-08-30 19:52:02,160585762,160585763
28058819,,5,2022-08-29 00:07:53,160585762,160585763
10389530,,5,2022-08-26 12:28:23,160585762,160585763
206306,,5,2022-08-23 01:16:05,160585762,160585763
23982584,,5,2022-08-21 09:57:20,160585762,160585763
28043778,,5,2022-08-19 11:57:18,160585762,160585763
27879148,,5,2022-08-16 17:40:30,160585762,160585763
24852001,,5,2022-08-11 09:01:44,160585762,160585763
26831513,,5,2022-08-10 17:27:50,160585762,160585763
19815835,truyện xinh xỉu,5,2022-04-19 20:54:17,160585762,160585763
26100876,siuuuuu đẹp,5,2022-05-17 15:56:20,160585762,160585763
27618286,,5,2022-08-06 18:49:01,160585762,160585763
11222806,,5,2022-08-06 12:38:15,160585762,160585763
25151156,,5,2022-08-04 10:41:18,160585762,160585763
27375460,Ngon nha,5,2022-06-16 16:52:40,160585762,160585763
815173,,5,2022-08-01 18:35:11,160585762,160585763
21281312,,5,2022-07-31 10:35:16,160585762,160585763
27886842,,5,2022-07-25 17:34:20,160585762,160585763
10230080,,5,2022-07-23 13:21:57,160585762,160585763
16341347,,5,2022-07-21 16:41:06,160585762,160585763
16481432,,5,2022-07-20 15:50:46,160585762,160585763
24231323,,5,2022-07-20 14:48:31,160585762,160585763
26556409,,5,2022-07-20 08:13:09,160585762,160585763
18522536,,5,2022-07-13 13:54:28,160585762,160585763
27605495,,5,2022-07-14 12:16:47,160585762,160585763
8421485,,5,2022-07-13 21:54:03,160585762,160585763
6610558,,5,2022-07-12 21:32:18,160585762,160585763
27626206,đẹp,5,2022-06-07 15:09:36,160585762,160585763
941887,,5,2022-07-10 00:46:00,160585762,160585763
5653584,,5,2022-07-09 11:04:22,160585762,160585763
23592403,"Sách giao nhanh, đẹp",5,2022-02-17 21:25:26,160585762,160585763
97229,,5,2022-07-02 15:29:47,160585762,160585763
17887820,,5,2022-07-02 12:34:53,160585762,160585763
26797612,,5,2022-07-01 14:49:39,160585762,160585763
5312304,,5,2022-07-01 12:50:37,160585762,160585763
27376043,,5,2022-06-30 11:40:59,160585762,160585763
27161134,,5,2022-06-29 16:05:47,160585762,160585763
26777627,,5,2022-06-28 12:49:59,160585762,160585763
11214938,chất lượng ổn,5,2022-03-01 22:23:24,160585762,160585763
18376787,,5,2022-06-25 21:49:05,160585762,160585763
15984526,,5,2022-06-25 13:49:43,160585762,160585763
21494825,Rất là đẹp luôn,5,2022-02-16 20:20:40,160585762,160585763
9961334,,5,2022-06-23 22:06:50,160585762,160585763
18518365,cực xịn,5,2022-04-19 18:18:53,160585762,160585763
7124634,nguyên seal,5,2022-04-10 12:39:49,160585762,160585763
27685990,,5,2022-06-18 16:14:19,160585762,160585763
8350960,,5,2022-06-13 23:21:27,160585762,160585763
1066556,,5,2022-06-13 22:09:18,160585762,160585763
919202,,5,2022-06-12 09:52:19,160585762,160585763
20926897,Ghghjcd,5,2022-04-22 11:47:18,160585762,160585763
21012139,,5,2022-06-02 07:04:04,160585762,160585763
703762,,5,2022-06-01 15:52:38,160585762,160585763
5872715,,5,2022-05-29 22:53:24,160585762,160585763
11870588,,5,2022-05-24 19:43:53,160585762,160585763
5769475,,5,2022-05-24 06:38:38,160585762,160585763
27518980,,5,2022-05-22 13:01:06,160585762,160585763
2056500,,5,2022-05-20 19:28:49,160585762,160585763
22699610,,5,2022-05-18 21:06:49,160585762,160585763
22718972,,5,2022-05-17 09:13:00,160585762,160585763
22311118,,5,2022-05-13 16:33:33,160585762,160585763
26523523,,5,2022-05-12 12:43:21,160585762,160585763
26146638,,5,2022-05-12 11:27:39,160585762,160585763
22388275,,5,2022-05-10 20:30:54,160585762,160585763
12278618,,5,2022-05-10 13:19:41,160585762,160585763
5105684,,5,2022-05-09 12:51:59,160585762,160585763
2146406,sách đẹp,5,2022-02-26 08:02:36,160585762,160585763
12531278,,5,2022-05-06 22:51:37,160585762,160585763
7049351,,5,2022-05-06 20:15:47,160585762,160585763
27384216,,5,2022-05-05 13:58:46,160585762,160585763
7831209,,5,2022-05-05 12:49:48,160585762,160585763
732960,,5,2022-05-04 14:30:17,160585762,160585763
23531288,,5,2022-05-03 16:09:30,160585762,160585763
22027155,,5,2022-05-03 12:52:26,160585762,160585763
16438388,,5,2022-05-03 11:34:20,160585762,160585763
401573,tốt,5,2022-04-01 23:48:43,160585762,160585763
11663879,,5,2022-04-30 11:02:41,160585762,160585763
27209412,,5,2022-04-30 10:30:25,160585762,160585763
14538964,,5,2022-04-29 06:35:21,160585762,160585763
23113043,,5,2022-04-28 09:24:12,160585762,160585763
27393004,,5,2022-04-27 11:34:29,160585762,160585763
5468286,,5,2022-04-25 21:15:17,160585762,160585763
1749574,.,5,2022-04-19 23:47:51,160585762,160585763
22019337,good nên mua,5,2022-02-07 12:43:07,160585762,160585763
6218512,Rất ok,5,2022-03-08 15:08:33,160585762,160585763
25877489,Good,5,2022-03-28 12:56:11,160585762,160585763
16565603,,5,2022-04-19 13:39:42,160585762,160585763
15958191,,5,2022-04-17 12:32:03,160585762,160585763
14309786,,5,2022-04-16 22:24:18,160585762,160585763
27289570,,5,2022-04-16 10:03:40,160585762,160585763
1812687,,5,2022-04-12 10:13:31,160585762,160585763
19216216,,5,2022-04-11 23:42:39,160585762,160585763
19704539,,5,2022-04-08 18:56:54,160585762,160585763
1471561,,5,2022-04-07 23:19:48,160585762,160585763
26347518,,5,2022-04-06 22:10:09,160585762,160585763
6169625,,5,2022-04-06 18:08:24,160585762,160585763
236935,,5,2022-04-06 08:26:14,160585762,160585763
1971407,,5,2022-04-05 16:50:20,160585762,160585763
1923931,,5,2022-04-01 14:59:12,160585762,160585763
22088961,,5,2022-04-01 13:50:26,160585762,160585763
6228582,,5,2022-04-01 07:48:38,160585762,160585763
11140669,,5,2022-03-31 16:20:51,160585762,160585763
15744755,,5,2022-03-30 17:34:52,160585762,160585763
10348137,,5,2022-03-30 05:27:22,160585762,160585763
27181133,,5,2022-03-29 21:25:47,160585762,160585763
21813848,,5,2022-03-29 17:55:45,160585762,160585763
493256,,5,2022-03-29 17:08:35,160585762,160585763
7287481,,5,2022-03-29 14:09:41,160585762,160585763
12275041,,5,2022-03-28 20:52:19,160585762,160585763
8208331,,5,2022-03-27 17:25:45,160585762,160585763
16174960,,5,2022-03-27 14:42:54,160585762,160585763
23832304,,5,2022-03-25 16:38:42,160585762,160585763
19499250,,5,2022-03-25 13:48:56,160585762,160585763
2003560,,5,2022-03-24 16:21:59,160585762,160585763
24857092,,5,2022-03-23 06:23:54,160585762,160585763
27066915,,5,2022-03-16 16:58:42,160585762,160585763
7847339,,5,2022-03-13 08:18:33,160585762,160585763
23725674,,5,2022-03-13 01:56:23,160585762,160585763
16185506,,5,2022-03-09 20:39:09,160585762,160585763
26999251,,5,2022-03-09 17:57:06,160585762,160585763
18065633,,5,2022-03-06 17:14:19,160585762,160585763
26598866,,5,2022-03-06 11:22:05,160585762,160585763
26725765,,5,2022-03-05 13:13:56,160585762,160585763
12351638,,5,2022-03-03 00:34:40,160585762,160585763
470130,,5,2022-03-01 15:06:37,160585762,160585763
22147482,,5,2022-02-28 19:50:16,160585762,160585763
17696886,,5,2022-02-28 17:11:39,160585762,160585763
26635198,,5,2022-02-28 14:46:56,160585762,160585763
25990184,,5,2022-02-28 14:30:03,160585762,160585763
18213619,,5,2022-02-27 22:33:10,160585762,160585763
24704444,,5,2022-02-27 19:14:05,160585762,160585763
22685864,,5,2022-02-26 12:57:12,160585762,160585763
25379283,,5,2022-02-25 10:34:10,160585762,160585763
9789241,,5,2022-02-25 08:53:03,160585762,160585763
1021867,,5,2022-02-24 07:39:21,160585762,160585763
11872340,,5,2022-02-23 22:09:40,160585762,160585763
9993614,,5,2022-02-23 15:18:25,160585762,160585763
26098085,,5,2022-02-23 12:58:48,160585762,160585763
1362009,,5,2022-02-21 13:20:12,160585762,160585763
21414756,,5,2022-02-21 09:16:29,160585762,160585763
16945850,Hh,5,2022-02-07 14:12:12,160585762,160585763
22173563,,5,2022-02-18 21:38:12,160585762,160585763
12492927,,5,2022-02-17 06:56:28,160585762,160585763
22669116,,5,2022-02-14 18:45:39,160585762,160585763
26239580,,5,2022-02-14 17:42:20,160585762,160585763
12733260,,5,2022-02-14 15:20:50,160585762,160585763
26649170,,5,2022-02-13 22:12:31,160585762,160585763
7858615,,5,2022-02-13 15:42:29,160585762,160585763
26775429,,5,2022-02-12 16:54:02,160585762,160585763
1317023,,5,2022-02-11 09:19:16,160585762,160585763
8274607,,5,2022-02-10 12:42:02,160585762,160585763
549194,,5,2022-02-05 20:17:47,160585762,160585763
8233513,"nét vẽ của truyện rất đẹp,nội dung nhẹ nhàng hay lắm ạ.Giao hàng cũng khá nhanh,nhưng giao hàng ẩu lắm ạ lúc giao đến mình hộp bị rách 1 lỗ luôn truyện bị móp ở gáy nhìn buồn thật sự mong tiki sẽ khắc phục tình trạng này",4,2022-07-06 12:43:01,160585762,160585763
26681665,"Mình đặt 3 tập Veil cùng lúc, công nhận là tiki giao nhanh thật, sản phẩm còn nguyên seal, nhưng bị móp quá nhiều, cả 3 cuốn truyện mình đặt đều bị móp, còn có tấm postcard của tập 2 hình như là bị dính mực thì phải, mình ko ngờ là tiki ko đặt một miếng lót hay đệm bảo vệ nào vào mà chỉ bỏ trực tiếp 3 cuốn truyện vào thôi, đơn hàng này làm mình quá thất vọng, mong sớm đc tiki phản hồi.",1,2022-02-14 22:02:06,160585762,160585763
26682520,Rất xinh đẹp rất tuyệt vời Cái đấy là chất lượng truyện chứ đón gói sản phẩm làm mình hơi thất vọng :(((,4,2022-03-02 14:26:52,160585762,160585763
18028174,"Nhìn cái hộp trông có sợ không, mở ra không thấy cái bọc chống sốc nào, df",2,2022-04-27 20:30:08,160585762,160585763
22510957,nội dung rất xinh nhưng bìa in lại bị lem ra ngoài mình nhìn xót lắm lun í,2,2022-02-18 12:58:43,160585762,160585763
1111611,Tại sao bìa sau của sách tôi lại có vệt nước đổ ố lên vậy? Tôi mong được Tiki phản hồi và đổi cuốn khác cho tôi,3,2022-05-09 11:18:56,160585762,160585763
26915091,"Truyện hay, chill khỏi nói rồi, đáng đồng tiền bát gạo mỗi cái bị df mất 1 góc nhìn xót ***:((",4,2022-09-03 15:48:14,160585762,160585763
24122045,truyện khác tỉnh nhưng giao nhanh lắm cơ mà hơi bị móp phần góc art siuuu xinh,4,2022-05-09 18:46:16,160585762,160585763
26773183,Truyen bi rach may trang lan. Khong biet bay gio co doi tra duoc khong.,1,2022-02-17 17:52:11,160585762,160585763
7371018,"đóng gói khá ẩu, sách tốt",3,2022-05-06 19:54:53,160585762,160585763
27199972,nên cho thêm bọc chống sốc hạn chế việc vận chuyển trên đương va đập,4,2022-04-16 21:32:51,160585762,160585763
18442875,.,4,2022-04-02 22:45:48,160585762,160585763
27528926,nát góc,4,2022-06-29 23:45:40,160585762,160585763
8574633,,4,2022-07-19 02:04:19,160585762,160585763
16512324,,4,2022-05-14 16:17:27,160585762,160585763
10750039,,4,2022-05-05 22:47:23,160585762,160585763
22669745,,4,2022-05-05 00:25:58,160585762,160585763
27392459,,4,2022-04-29 17:57:29,160585762,160585763
16632599,,4,2022-04-18 23:02:22,160585762,160585763
75860,,4,2022-04-11 23:32:31,160585762,160585763
17928999,,4,2022-03-29 00:28:13,160585762,160585763
27128353,,4,2022-03-25 17:03:57,160585762,160585763
7624043,,4,2022-02-15 22:52:34,160585762,160585763
11538977,"(*) Đánh giá không tính điểm Truyện đẹp, nội dung hay, riêng cách vận chuyển thì quá tệ, gói hàng bị ẩm ướt mở tung hết ra",1,2022-09-12 18:14:36,160585762,160585763
162982,"Dịch ổn, giấy ổn, xem được 1/2 truyện rồi thấy có 2, 3 hạt sạn thôi nhưng chấp nhận được. Truyện nhẹ nhàng, điềm văn, đổi thụ. Công thụ đều là người trưởng thành, đẹp trai kiểu nam tính, thể loại chậm nhiệt. Hiện thực hướng. Ngoại trừ gói hàng chán dễ và đơn vị ship như qq, nhưng may được độ hay gì nên truyện vẫn an toàn :)))",5,2022-10-13 23:10:12,182709679,182709681
22142035,"Thương hiệu: Meibooks - AZ Việt Nam Thể loại: Tiểu thuyết đam mỹ Tác giả: Bất Vấn Tam Cửu Dịch giả: Muối Khổ sách: 15.7x24cm Số trang: 504 trang Nhà xuất bản: Dân Trí Sách in giấy BB70. Sách được bọc màng co. Năm xuất bản: 2022 Phiên Bản: 1. BẢN ĐẶC BIỆT (số lượng giới hạn): - Sách bìa mềm khổ 15.7x24 cm, dày 504 trang - 1 Bookmark in 2 mặt kẹp trong sách - 1 hộp quà gồm: Móc khóa tráng gương, Card PVC bo góc (Hộp quà để riêng với sách) 2. BẢN THƯỜNG: - Sách bìa mềm - 1 Bookmark in 2 mặt 3. STANDEE ''LIỆU NGUYÊN'': Bộ standee 3 mảnh “Liệu Nguyên” - Hình thức: Gồm 3 mảnh, in 2 mặt - Kích thước 17.5x12.5 cm, dày 0.4 cm - Họa sĩ: LetmedieALONE Giới thiệu nội dung: Thang Sách Ngôn ghé sát lại gần, nhỏ giọng nói bên tai Đào Hiểu Đông: “Chúc mừng năm mới, ở nhà đợi anh về nhé.” Hắn gật đầu xoa xoa bao lì xì trong tay, “Chúc anh Ngôn năm mới vui vẻ, em về nhé!” Mãi đến khi ngồi vào trong xe, Đào Hiểu Đông mới bật đèn trần lên, lấy bao lì xì anh tặng ra ngắm nghía. Bên trong có một tấm thiếp nhỏ, ở giữa còn kẹp một chiếc nhẫn giản dị. Trên tấm thiếp có hai hàng chữ do Thang Sách Ngôn viết, hắn vừa nhìn đã nhận ra đó là nét chữ của anh. Một năm mới lại đến, mong Hiểu Đông được bình an hạnh phúc Mãi mãi ở bên anh",5,2022-06-25 08:51:01,182709679,182709681
5544221,Mong chờ mòn mỏi. Nay đã dc cầm bản in của cuốn truyện tâm đắc. Vui thiệt vui. Móc chìa khoá còn là hình ảnh ấm áp nhất trong truyện. Khi bác sĩ Ngôn dịu dàng sấy tóc cho Đông Đông lúc anh bị gãy tay. Thích quá đi,5,2022-06-26 12:44:05,182709679,182709683
853839,"sách đóng gói vẫn sơ sài nhưng may sách mình ko sao tiki thì giao rất nhanh rồi canh đợt sale mua quá đã nội dung nhẹ nhàng, mình rất thích truyện của BVTC",5,2022-07-21 22:56:32,182709679,182709681
7813868,"Mình mua trong đợt sale nên được giá rất tốt, khổ sách to, dày. Bản thường kèm 1 bookmark. Giao hàng siêu nhanh, đặt nay mai giao rồi, và rất an toàn ko bị df chút nào luôn. Hihi, thích nhất là săn sale trên tiki luôn á 🤭",5,2022-07-20 07:45:32,182709679,182709681
21118896,Sách xinh xỉu luôn :33 nhưng góc sách bị móp mất (｡•́︿•̀｡),5,2022-06-27 18:55:36,182709679,182709683
19285159,"sách đẹp, ko bị móp, phụ kiện xinh, giao hàng nhanh, bookcare ổn, mong tương lai mei cho nhiều phụ kiện hơn, cuốn này phụ kiện ít mà giá hơi chát🥲. Tóm lại là cũng cho 5 sao ủng hộ.",5,2022-06-14 19:26:22,182709679,182709683
16055336,"Móc khoá, card ưng muốn xỉuuuu luoonnm, đợt này mua Tiki cho chống sóc nhưng vẫn bị df :(( seal bị rách mới đau lònggggggg",5,2022-06-23 18:02:56,182709679,182709683
20978824,"Giao nhanh, Tiki sale khá đậm nên mình múc bản đặc biệt không suy nghĩ 😢 chưa đọc hết nhưng nội dung hay, khá đời thường và mới được 7 trang đầu nên chưa review đc 🤣",5,2022-07-02 00:13:20,182709679,182709683
27369501,hộp giao hơi móp nhưng sách không sao. siêu ưng luôn,5,2022-07-20 17:25:37,182709679,182709683
465520,"Đọc Hình xăm cùng tác giả nên khi ra là mình canh chớp liền, may mắn lúc mua Tiki giảm tốt, còn tặng thêm coupon giảm thêm nữa, thêm ASA nữa, tính ra không tốn quá nhiều.",5,2022-06-12 04:36:48,182709679,182709681
14671442,Chắc hẳn tác giả này thì các bạn cũng quen rồi cho nên là mình không cần phải giải thích nhiều thêm về Văn Phong nữa Tiki ra rất nhanh nha mình rất hài lòng,5,2022-08-31 12:37:29,182709679,182709681
30539121,"Sách đẹp, gói hàng hơi mong manh kh chắc chắn.",5,2026-02-06 00:12:06,182709679,182709681
7608273,"Bìa đẹp. Màu sắc rõ nét, chất giấy thơm",5,2022-07-21 19:10:08,182709679,182709681
27848986,sách đẹp và hạ cánh an toàn tới tay mình nhaa kholng ngờ sách to như vậy luôn ạ cầm rất chắc tay nha giao hàng nhanh lắm ạ sẽ tiếp tục ủng hộ tiki và az nhaa,5,2022-07-18 10:36:59,182709679,182709681
7590141,"Giao hàng siêu nhanh. Đặt hôm trước hôm sau giao rồi. Giao đủ, truyện bọc kỹ càng, xếp gọn gàng. Ưng nhất là săn sale nên mua rẻ nữa 👍",5,2022-09-12 19:00:51,182709679,182709681
5648799,Chữ in rõ nét sp chất lượng Tiki giao hàng nhanh Truyện hay nghe review muốn mua lắm mà cảnh tới lúc sale mới mua giá hời luôn Quá là toẹt dời,5,2022-07-20 07:25:33,182709679,182709681
21650523,"Bìa đẹp,mịn shop gói kỹ, sách dày không thiếu chương, nói chung ok lắm",5,2022-09-09 16:37:41,182709679,182709681
12871095,"hộp còn rách đến độ nhìn đc cả sách bên trong:)) nhưg lần này tiki cẩn thận bọc màng thực phẩm ngoài cho đơn đb nên seal k bị rách, sách gãy 1 góc nhưg bìa mềm cũg k ảnh hưởng lắm.",5,2022-06-29 13:16:56,182709679,182709683
7661124,"Giao hàng nhanh, sách thì ok,vẫn là k có bọc chống sốc nhưng k biết cái thế lực nào phù hộ mà k bị df gì cả :)))))",5,2022-06-29 19:04:19,182709679,182709683
27745747,"Chất lượng tốt, mùi sách thơm, vận chuyển nhanh",5,2022-07-18 09:39:01,182709679,182709683
381980,"giao nhanh chóng và đóng gói hàng cẩn thận. canh mua được giá tốt và nhận đúng hàng, nguyên seal mới đẹp",5,2022-06-15 12:09:04,182709679,182709683
10755299,"Giao hàng đúng hẹn, mua sale nên rất rẻ, sách không bị móp méo, phụ kiện giao đủ, không bị thiếu.",5,2022-06-21 13:56:03,182709679,182709683
26168018,"giao hàng nhanh, chất lượng sách tuyệt vời",5,2022-06-02 15:52:08,182709679,182709683
27157789,hàng đẹp không móp góc giao2 đầy đủ,5,2022-06-17 16:18:02,182709679,182709683
23132676,"Hơi chê Tiki khâu đóng gói khum có bbw nên rén sách dã man, may hàng khum sao :(( Goods xinh xẻo lớm nha, quyển truyện to bự lun ó, mê 39 nên bộ nèo cx phải muaa",5,2022-07-25 20:47:47,182709679,182709683
1888237,"Truyện cũng ok. Tại bữa hóng mua quá mà k có nhà nhận, để Tiki giao Tikifast nên móp sách. Tiếc ghê.",5,2022-06-04 09:42:12,182709679,182709681
16697968,"đóng gói sản phẩm chắc chắn, không bị hư tổn ở góc, nội dung hay, quà tặng kèm xuất sắc",5,2022-06-13 19:36:50,182709679,182709683
27627759,"Giao hàng cực nhanh, nguyên seal không chống sốc nhưng may là truyện vẫn vẹn toàn :>",5,2022-07-18 16:27:20,182709679,182709681
14877112,"Giao hàng nhanh, có book care mua tiki trading nhiều r nên an tâm lắm, nên mua nha moi người",5,2022-07-04 01:55:48,182709679,182709681
25870452,xinh lắm nhưng góc bị cong,5,2022-06-13 10:08:04,182709679,182709683
5924881,"Sách được giao sạch, đẹp, còn nguyên seal, ship nhanh và thái độ dễ thương",5,2022-07-19 23:31:41,182709679,182709681
26508924,"truyện siêu siêu hay,đáng yêu lắm luôn nhg kết oe lằm tui hơi hoảng mang",5,2022-08-09 10:25:53,182709679,182709681
28537473,"Truyện hay, giao hàng nhanh, sách không bị sao hết",5,2023-01-30 20:53:40,182709679,182709681
27659309,tuyệt vời 😍😍😍😍😍😍 còn một cái móc khóa nx mà quên k chụp r🥲,5,2022-06-16 12:48:04,182709679,182709683
1170930,"Sách đẹp, lần này tiki có tiến bộ, đóng hàng biết chèn bìa vào r🥺",5,2022-07-09 19:59:50,182709679,182709681
22171979,Săn đg giảm 30% nên zui quá tr sách còn xinh nữa kh có chỗ chê ạa,5,2022-07-09 13:24:21,182709679,182709683
24269941,"Sách bọc màng co, ship nhanh, nguyên vẹn. Mua lúc giảm một nửa",5,2022-07-19 20:40:42,182709679,182709681
22716724,"Giao hàng nhanh, sách được gửi đến an toàn, không bị defect",5,2022-07-24 08:45:09,182709679,182709683
9088297,cái khóa đẹp lắm mọi người ạ. ai chưa mua thì hốt đi,5,2022-07-22 10:36:20,182709679,182709683
27213410,"Sách đẹp quá đi không bị móp, đóng gói cẩn thận",5,2022-07-19 14:57:35,182709679,182709681
8620446,"Sách xinh xĩu xĩu Mê bs Thang, thợ xăm Đào lắm lắm luôn",5,2022-06-03 18:05:03,182709679,182709683
6724778,Đầy đủ phụ kiện Sách k bị hư j cả,5,2022-09-09 13:32:53,182709679,182709683
26456908,"Sách ổn nhưng nhà dịch sửa câu từ nhiều so với bản onl, bản onl dịch mượt và hay hơn nhiều ấy. Hic",5,2022-07-21 21:57:13,182709679,182709681
17713241,Nội dung hay in ấn tốt bìa đẹp,5,2022-08-22 09:26:44,182709679,182709681
18332421,truyện xinh lắm ạ 😍,5,2022-08-09 00:34:22,182709679,182709681
23115168,sách to hơn mình tưởng=)),5,2022-06-06 15:00:40,182709679,182709683
28099940,"Nói chung khá đẹp nhưng vs giá này mà phụ kiện khá ít, nên thôi cũng đc",5,2022-09-04 10:08:14,182709679,182709683
11030552,"giao hàng nhanh, sách và quà tặng đều rất đẹp. không có gì để chê cả",5,2022-08-12 16:00:02,182709679,182709683
5544221,Giao nhanh. Sách đẹp,5,2022-06-26 12:47:33,182709679,182709681
1461569,tốt,5,2022-08-10 11:49:33,182709679,182709681
8085813,"Bìa đẹp lắm, dịch thuật ổn, giao hàng nhanh lắm luôn á.",5,2022-08-03 14:59:20,182709679,182709681
66244,"giao hàng nhanh. đóng gói cẩn thận. trang sách dày, lật rất thích.",5,2022-06-05 14:00:18,182709679,182709681
607235,,5,2022-07-07 15:25:49,182709679,182709683
6176996,,5,2022-06-21 11:33:59,182709679,182709681
27162727,,5,2023-08-15 23:28:25,182709679,182709681
24545197,"Đẹp như trông hình, sách to hơn mình nghĩ, dễ thương",5,2022-07-22 20:57:17,182709679,182709681
19984612,"Giao hàng nhanh, sách đẹp🥰",5,2022-12-23 09:18:59,182709679,182709681
27222581,"cực kì hài lòng, giao hàng nhanh, sách siêu đẹp",5,2022-07-09 15:37:35,182709679,182709683
10794832,,5,2023-05-08 17:11:44,182709679,182709681
20712414,Lần này tiki giao hàng ko df nên cho 5 sao,5,2022-07-18 01:16:43,182709679,182709683
27660101,"sách đẹp , phụ kiện xinh xỉu luôn",5,2022-06-29 19:17:13,182709679,182709683
2202226,"giao hàng rất nhanh, bị df gáy sách TT",5,2022-06-10 09:30:47,182709679,182709683
13118494,Bọc kĩ mùi sách rất tuyệt,5,2022-08-10 20:18:54,182709679,182709681
24676868,"Toẹt vời, ko bị df hay gì hết:D",5,2022-07-04 12:51:37,182709679,182709683
643627,,5,2023-01-23 00:34:42,182709679,182709681
20461444,Xinh xắn 😍,5,2022-10-25 12:22:43,182709679,182709681
5102597,,5,2022-12-23 10:02:55,182709679,182709681
19384826,,5,2022-12-21 11:53:43,182709679,182709681
22702437,,5,2022-12-20 21:12:53,182709679,182709683
9053768,Truyện về không hư hao,5,2022-06-25 23:13:42,182709679,182709683
14861433,,5,2022-12-05 22:05:46,182709679,182709681
820171,,5,2022-12-03 15:28:44,182709679,182709681
11439879,,5,2022-11-27 14:50:01,182709679,182709681
1773975,,5,2022-11-25 01:01:06,182709679,182709681
5140188,truyện đẹp. hay,5,2022-07-19 11:34:25,182709679,182709681
12662875,,5,2022-11-12 16:14:29,182709679,182709681
22048060,,5,2022-11-11 03:03:40,182709679,182709683
408517,,5,2022-10-30 15:54:34,182709679,182709681
27466227,,5,2022-10-28 13:50:19,182709679,182709681
20811588,Giao hàng nhanh,5,2022-07-15 21:22:40,182709679,182709683
27419464,Good,5,2022-09-15 15:06:49,182709679,182709681
20669965,,5,2022-10-06 08:38:39,182709679,182709681
22123675,,5,2022-09-23 13:30:02,182709679,182709681
9996552,,5,2022-09-15 10:06:55,182709679,182709683
420005,,5,2022-09-09 11:08:46,182709679,182709681
8872597,,5,2022-09-04 22:40:24,182709679,182709681
28736,,5,2022-08-30 16:06:02,182709679,182709681
24750445,,5,2022-08-23 16:36:37,182709679,182709681
22535248,,5,2022-08-22 22:25:11,182709679,182709681
21023946,,5,2022-08-22 22:05:17,182709679,182709681
27384560,,5,2022-08-19 12:21:37,182709679,182709681
15928805,,5,2022-08-18 23:45:15,182709679,182709683
27868963,,5,2022-08-10 20:37:33,182709679,182709681
18714341,,5,2022-08-07 19:43:39,182709679,182709683
506966,,5,2022-08-02 02:00:19,182709679,182709681
6031697,,5,2022-07-27 12:57:59,182709679,182709681
27841209,,5,2022-07-24 12:15:41,182709679,182709683
22923993,,5,2022-07-23 17:49:28,182709679,182709681
26295194,,5,2022-07-23 15:52:28,182709679,182709683
22842028,,5,2022-07-22 17:54:09,182709679,182709681
256568,,5,2022-07-22 11:48:28,182709679,182709681
27480464,,5,2022-07-22 11:07:50,182709679,182709681
6689841,,5,2022-07-21 17:26:10,182709679,182709681
27549042,,5,2022-07-21 16:34:21,182709679,182709681
27860225,,5,2022-07-21 16:18:28,182709679,182709681
14697753,,5,2022-07-21 11:21:38,182709679,182709683
8000842,,5,2022-07-20 10:51:19,182709679,182709683
17488375,,5,2022-07-19 23:10:31,182709679,182709681
741643,,5,2022-07-19 21:14:46,182709679,182709681
8427939,,5,2022-07-19 19:35:00,182709679,182709683
24812593,,5,2022-07-19 19:07:17,182709679,182709681
27462519,,5,2022-07-19 16:17:37,182709679,182709681
17365183,,5,2022-07-19 14:00:48,182709679,182709681
25710746,,5,2022-07-19 13:34:37,182709679,182709681
1090522,,5,2022-07-19 09:13:15,182709679,182709681
2044225,,5,2022-07-19 08:42:35,182709679,182709681
27857249,,5,2022-07-19 03:23:59,182709679,182709681
483955,,5,2022-07-18 18:50:31,182709679,182709681
27857444,,5,2022-07-18 16:34:32,182709679,182709681
22921146,,5,2022-07-17 08:09:53,182709679,182709681
17598799,,5,2022-07-14 11:52:23,182709679,182709683
10396593,,5,2022-07-14 09:07:30,182709679,182709683
21731834,like,5,2022-06-16 14:56:34,182709679,182709683
5778644,,5,2022-07-06 20:10:51,182709679,182709683
8506494,,5,2022-07-02 15:19:55,182709679,182709683
26772240,,5,2022-06-29 19:50:55,182709679,182709683
1826533,,5,2022-06-27 17:53:43,182709679,182709683
10744619,,5,2022-06-26 08:25:11,182709679,182709683
8440564,,5,2022-06-24 06:47:41,182709679,182709681
27654319,,5,2022-06-23 10:49:22,182709679,182709683
5954978,,5,2022-06-21 09:52:40,182709679,182709681
290409,,5,2022-06-16 17:52:24,182709679,182709681
19378668,,5,2022-06-16 13:18:20,182709679,182709681
1095791,,5,2022-06-12 19:52:24,182709679,182709681
759415,,5,2022-06-11 10:28:07,182709679,182709681
18094079,,5,2022-06-06 12:11:47,182709679,182709683
27625558,,5,2022-06-06 12:41:10,182709679,182709683
27598635,,5,2022-06-03 20:23:51,182709679,182709683
1869639,"Do ko tìm hiểu gì trc về các phiên bản của cuốn này thấy sale rẻ thì mua nhưng nhận sách bản đặc biệt là bìa mềm thêm 1 bookmark đọc về bản thường cũng thêm 1 bookmark, ai biết cho hỏi là cuốn này thường với đặc biệt khác nhau chỗ nào thế nhỉ 🤧",4,2022-07-28 14:54:35,182709679,182709683
5281879,"Vẫn như cũ tiki ko một miếng chống sốc, lần này phủ lên trên 1 tờ giấy cũng khá dày mà lại là phủ lên trên hộp quà tặng ko biết có công dụng gì luôn, được cáu giao nhanh mà cũng ko df nhưng vẫn hi vọng lần sau tiki cho mình 1 lớp chống sốc lần nào khui hàng cũng hồi hộp quá",4,2022-07-20 12:19:10,182709679,182709683
141394,"Mua sách ở Tiki thì xác định là vì rẻ chứ đừng trông chờ vào khâu đóng gói. Kinh nghiệm xương máu là nên mua ít nhất 2 cuốn vì 1 cuốn thì size hộp nhỏ nhất hiện tại đang bị rộng, xóc nảy trong quá trình vận chuyển rất dễ dẫn đến cấn móp, ngoài ra đang mùa mưa mà không có bọc chống thấm nên ai ở tỉnh xa cũng nên cân nhắc. Chất lượng giao hàng rất tốt, siêu nhanh và shipper thân thiện.",4,2022-06-30 16:33:03,182709679,182709681
27745817,Sách bị df hơi nặng một tẹo.Mua giá sale nên không ý kiến gì nhiều.,4,2022-07-11 16:01:57,182709679,182709683
16518194,"Đóng gói ẩu , sách bị dính keo nhưng vẫn ổn ! P/s: Hình ảnh mang tính chất minh hoạ",3,2022-09-20 12:43:02,182709679,182709681
11959366,"Mua bản đb mà chả khác j bản thường, ko có pk. Tiki giao thiếu cho mình hay sao???",2,2022-07-27 09:16:59,182709679,182709683
11031835,Phần gáy sách bị rách,4,2022-07-19 11:04:37,182709679,182709683
16231757,bị df nên 1 sao chê :))) )),1,2022-06-29 12:51:27,182709679,182709683
7623039,"sách ok nhưng đóng gói không hài lòng, không cod bọc chống xóc, rất hời hợt",4,2022-06-23 13:06:57,182709679,182709681
18500741,Nội dùng của bất vấn tam cửu mãi đỉnh. Tiki giao hàng def ẻ,4,2022-09-27 20:52:05,182709679,182709683
21575280,"tiki giao hàng ok, màu sắc bìa không được đẹp lắm nhìn tái quá",4,2022-06-25 12:03:46,182709679,182709681
10726442,"Bản bị lỗi bìa,Đóng gói tới nơi hơi bị méo r ạ.Hơi buồn",2,2022-06-18 14:55:13,182709679,182709683
26782975,"Nội dung hay, dịch thuật ổn, chỉ là tiki",4,2022-09-09 12:21:38,182709679,182709683
27865838,Sách giao hàng cũng tương đối nhanh,3,2022-07-22 21:32:18,182709679,182709681
17154164,Giao nhanh nhưng seal bị rách nhiều,2,2022-06-24 08:05:13,182709679,182709683
18774927,,4,2023-02-10 11:01:28,182709679,182709681
26162290,bị rách seal còn lại ok,4,2022-07-21 12:54:15,182709679,182709681
23843034,,4,2022-12-10 08:06:51,182709679,182709681
694893,To!!!!,4,2022-07-20 13:42:38,182709679,182709681
27140629,,4,2022-07-21 14:00:01,182709679,182709681
27713594,"Về gói hàng: Đợt này Tiki có bọc một lớp giấy chống sốc nên trộm vía sách không bị df. Giao hàng nhanh, mình đặt hôm sale nên chỉ mất 99k, gía như vậy là quá tốt! Về sách và nội dung sách: Sách in bìa đẹp, bookmark khá dày dặn. Nội dung truyện hài hước, các nhân vật rất cute, đọc giải trí thì ổn.",5,2022-07-29 18:54:32,156821176,156821178
26243049,"Quá tuyệt luôn!!! Mình đã mê tít bộ này lắm rồi, muốn nhanh có lắm luôn mà đặt hàng từ chiều hôm trước là trưa mai đã có hàng rồi. Gói hàng rất ổn, giao hàng siêu nhanh mà còn được free ship nữa. Cám ơn bên vận chuyển và nhà sách rất nhiều!! Mình đánh giá năm sao nha!",5,2022-02-08 12:05:47,156821176,156821180
26544893,"Giao hàng nhanh lắm luôn. Sách về mới, được bọc gói cận thận, bên trong có bookmarks rất đáng yêu. Đồ tặng kèm cũng rất xịn xò. Nội dung thì mình vẫn chưa đọc. Nhưng nói chung mình rất hài lòng về chất lượng cũng như thái độ bán hàng. Tặng năm sao vì thích quá luôn ạ.",5,2022-02-12 21:14:10,156821176,156821180
20809029,"Mình lọt hố vì văn án và quả bìa khá xinh. Đối với mình thì thấy bìa xinh xẻo lắm í, công thêm quà tặng kèm blink blink nữa. Nhiều bạn cứ chê bìa, chứ mình thấy không tệ tới mức đó. Khi biết là artist Việt vẽ thì mình càng vẫn ủng hộ nhiệt tình nha",5,2022-02-16 15:21:18,156821176,156821180
21039603,"Sản phẩm rất xinh đẹp tuyệt vời, tôi không thể trông đợi gì hơn. Cảm ơn nhà cung cấp, nhà sản xuất, cảm ơn người bán hàng, cảm ơn sàn thương mại điện tử, cảm ơn người vận chuyển để tôi có cơ hội dùng sản phẩm tốt như thế này.",5,2022-02-15 11:59:05,156821176,156821180
18372347,"Giao hàng nhanh, sp chất lượng, đóng gói khá ổn nhưng 1 hiy hiệu bị móp mất hic :< Truyện hài ẻ rất đáng mua ạ",5,2022-03-28 10:27:48,156821176,156821180
16352349,Giao hàng nhanh . Mép trên quyển tập 1 bị df nhẹ,5,2022-02-07 13:05:24,156821176,156821180
20829088,"Tiki thì mình đã thân quen lắm rồi. Giao hàng nhanh chóng, sách đẹp đẽ ko móp méo gì. Về nội dung : Câu chuyện đúng là tấu hài nhiều hơn, đọc giải trí cũng hay, nhẹ nhàng ko có những tình tiết cẩu huyết. Phút cuối có nhiều bất ngờ. Hiên Viên Ngạo Thiên là thánh ảo tưởng, Sở Ca là thánh phá hoại hoàn cảnh, Hiên Viên Hàn là thánh bán đứng đồng đội còn Mặc Kì Lân là thánh nói nhiều. 3 ng đó mà hợp lại tấu hài là khỏi chê !",5,2022-03-19 10:36:23,156821176,156821180
23745567,"Tiki giao hàng siêu nhanh, sách nguyên vẹn, bản đặc biệt mà t mua được với giá rẻ cực. 10đ cho Tiki.",5,2022-02-15 19:06:12,156821176,156821180
636751,"Đây là bộ thụ xuyên vào ngôn tình mình thích nhất. Tuy art bộ này nhiều bạn chê nhưng mình thấy cũng được đó chứ. Giá sale mua tốt lắm luôn. Đọc onl rồi nên mua để sưu tầm, shikishi và huy hiệu đẹp, nhưng mà huy hiệu để trên shikishi làm cấn hết trơn. Mong lần sau Sky rút kinh nghiệm ạ.",5,2022-02-16 11:43:14,156821176,156821180
20572276,"Sản phẩm rất xinh đẹp tuyệt vời, mình không thể trông đợi gì hơn. Cảm ơn nhà cung cấp, nhà sản xuất, cảm ơn shop bán hàng, cảm ơn sàn thương mại điện tử, cảm ơn người vận chuyển để mình có thể sử dụng sản phẩm tốt như thế này.🥰🥰",5,2022-02-08 12:51:02,156821176,156821180
27890716,"Sản phẩm ok lắm mn ơi,đẹp dã man luôn í,xịn xò con bò cực,ai có ý định thì mua đi ạ,ko hối hận đâu nha.Giao nhanh chóng,shiper thân thiện.Ms đầu mở thấy phần màng bọc bị rạch ra r,sợ ko có bookmark nx,nhưng vẫn còn nguyên nha mn,kẹp trg truyện,hình siuuuuuuu đẹp luôn.Ns chung sp quá tốt,ko có z để chê,cho shop 100 điểm.MK mua lúc sale giá quá hời lắm luôn ( thông cảm máy mình hỏng cam nên ko chụp đc cho mn xem,nhưng sp giống y hỉnh nên mn ko pk lo nha) ❤❤❤",5,2022-08-19 17:01:57,156821176,156821178
675200,"Tiki giao hành nhanh cực luôn Thích lấp lánh nên mình ưng huy hiệu cực, có shikishi bị cấn òi Hóng bộ truyện này lắm luôn",5,2022-01-25 13:19:02,156821176,156821180
19200505,"bị bóc siu, sách không bị móp, ocke :>>",5,2022-02-09 10:01:10,156821176,156821180
26369298,"Giao hàng nhanh tuy nhiên sách với quà tặng có mụt chút xíu xìu xiu lỗi nhỏ, nhưng mà tui vẫn xót nha. Truyện hay, đọc buồn cười dữ dội",5,2022-02-10 23:26:28,156821176,156821180
25853511,"sách giao hàng ổn áp , nhưng mà nên gói hàng kĩ hơn cho khỏi bị móp ạ , sách bìa chỉ hơi phèn xíu nhưng được cái đọc hài lắm lun . giao hàng nhanh , chất lượng sách không có gì để nói.",5,2022-02-20 21:40:12,156821176,156821180
28129825,"Giao hàng nhanh, mới đặt hôm bữa nay đã có:)) Mà lúc nhận hộp có bị rách và méo vài chỗ, may là đồ bên trong k sao, mép sách hơi bị dập tí nhưng k đáng lo.",5,2022-09-10 12:30:25,156821176,156821178
26753605,"gói hàng lần này khá ổn, truyện không bị df, bộ này bị chê bìa nhưng bù lại nội dung và dịch thuật cực ổn nha, đọc cười xỉu, thấy bản đb đang sale gần nửa giá nên chốt luôn",5,2022-02-15 14:50:13,156821176,156821180
25971786,Giao nhanh và đóng gói cận thận và đẹp❤❤❤♥️♥️♥️♥️❤❤❤🌸🌸🌸💖💖💖💖,5,2022-08-31 20:45:38,156821176,156821178
26708822,Giao nhanh sách cx ổn đẹp mấy bookmark bookcard cx đẹp còn nội dung chưa đọc nên chưa biết :)) Nói chung là cũng đáng tiền á,5,2022-02-06 14:40:24,156821176,156821180
26669805,Định cho 4 sao vì ship tới trễ quá mà đóng gói kĩ với ảnh xinh xỉu nên thôi. Còn thêm cái huy hiệu blink blink nhìn xinh xĩu,5,2022-02-09 16:32:43,156821176,156821180
8270155,"Giao hàng siêu nhanh, chưa đọc nên chưa biết nội dung ntn:3",5,2022-02-15 13:11:42,156821176,156821180
26451593,"chưa đọc nhưng thấy văn án là ưnggg rồi , sách không méo nó gì hết, giao nhanhh nữa , sẽ ủng hộ shop tiếp >",5,2022-02-24 23:18:51,156821176,156821178
26544946,"hàng giao nhanh cực nhưng có vẻ hai chiếc postcard khá bé so với suy nghĩ của mình chữ in rõ, bìa lúc nhìn hình có lẽ không đẹp nhưng giao về mình nhìn lại siêu đẹp",5,2022-01-27 19:53:45,156821176,156821178
19587799,"Đẹp ạ, bm hơi nhỏ tìm mãi k thấy=))))",5,2022-02-25 16:11:48,156821176,156821178
15391259,Sách giao còn nguyên vẹn ko bị móp nay tiki gói hàng đc ghê tặng kèm postcard và book mark nhân vật săn sale nên đc giá rất oke nha,5,2022-09-01 15:21:57,156821176,156821178
17829126,"bìa đẹp mà nội dung cũng dễ thương nữa, giao hàng sớm hơn ngày dự tính với lại mình mua đợt sale có 100k hà 🤭",5,2022-07-28 21:27:35,156821176,156821178
22860169,hhh,5,2022-02-11 12:43:34,156821176,156821180
1830079,"Mua giảm giá khá nhiều nên cũng ổn , truyện đọc nhẹ nhàng , ko có nhiều tình huống kịch tính lắm nên đọc ko bị mệt tim nhưng đọc xong là quên 😆.",5,2022-08-01 07:35:26,156821176,156821178
26412371,sản phẩm siêu đẹp và đc đóng gói rất cẩn thận,5,2022-02-13 09:05:34,156821176,156821180
68275,"Sách đẹp, truyện nhẹ nhàng, hài hước, cười chảy nước mắt. Tiki giao hàng nhanh.",5,2022-08-10 10:56:24,156821176,156821178
10961516,Chất lượng tốt đóng gói chắc chắn giao hàng nhanh ❤️❤️❤️❤️❤️❤️,5,2022-08-10 19:19:59,156821176,156821178
15746276,"Chưa xem, nghe nhiều bn nói hài hước, giải trí nên mua,😍😍😍",5,2022-09-27 09:16:29,156821176,156821178
10356248,"Giao hàng nhanh, bản đặc biệt giá vô cùng ưu đãi luôn, ngon bổ rẻ. Sách xinh lung linh ✨",5,2022-02-14 20:46:13,156821176,156821180
19594820,"cái bìa có hơiiii, nhưng khum sao mình k quan tâm cái bìa lắm quan trọng là nội dunggggg thoy",5,2022-02-15 09:44:37,156821176,156821180
2051606,"Nhìn xinh xẻo cực kỳ ^^ mà tui mới đặt hôm qua mà nay đã có luôn rồi ấy, nhanh thật.",5,2022-02-11 13:27:10,156821176,156821180
14269481,"sách đẹp, giao hàng nhanh",5,2022-02-14 15:32:58,156821176,156821180
22845874,Đẹp không bị móp méo j,5,2022-02-05 11:32:38,156821176,156821180
26455002,"giao hàng đầy đủ, không có miếng chóng sốc nhưng sách vẫn ổn. Huy hiệu đẹp.",5,2022-02-03 19:02:30,156821176,156821180
26069884,"giao nhanh, lần đầu tiên mua mà giao nhanh, gói hàng cũng cẩn thận nữa 10 saooo",5,2022-02-15 12:11:55,156821176,156821180
19891539,Cho 1000/10 lun ý 🥰🥰🥰 cẩn thận đến cẩn thận mk chưa dám bóc ra coi lun,5,2022-02-06 10:23:32,156821176,156821180
21346080,mới đặt hôm qua hôm nay giao sách đẹp lắm ạ chụp hơi vội nên hơi xấu,5,2022-02-16 09:59:35,156821176,156821180
27291474,Truyện in đẹp sắc nét giao hàng nhanh cẩn thận,5,2022-08-08 17:01:48,156821176,156821178
27200028,Mua vì nội dung cái bìa 3 chấm thật sự 😅😅,5,2022-08-08 13:20:06,156821176,156821178
22809218,"Đóng gói hàng khá chắc, ko bị móp",5,2022-09-12 09:52:55,156821176,156821178
11420552,"đẹppppppppppp, sale nên săn ngay bản đặc biệt. Giao hàng nhanh.",5,2022-02-15 15:53:31,156821176,156821180
5666217,,5,2022-02-16 08:14:19,156821176,156821180
14022082,"Sách đẹp lắm luôn , đóng gói cẩn thận , giao hàng nhanh",5,2022-02-19 11:35:42,156821176,156821180
18661104,"hàng nguyên seal đẹp, k móp méo, gói hàng rất cẩn thận",5,2022-02-16 16:10:29,156821176,156821180
18332421,truyện giao nhah lắm ạ ổn lắm,5,2022-08-08 17:44:22,156821176,156821178
19160130,truyện đẹp nội dung ổn có mấy thứ tặng kèm đẹp,5,2022-02-20 15:23:48,156821176,156821180
27250303,Bìa đẹp ko difix tuyệt vời👌,5,2022-07-28 19:14:54,156821176,156821178
17688343,"Sách giao nhanh, lần này tiki gói kĩ càng lắm ❤️",5,2022-02-07 23:54:51,156821176,156821180
24726242,"Vấn đề duy nhất là: Art xấu quắc, hết 😞",5,2022-02-07 10:00:14,156821176,156821180
23311642,ok giao nhanh đẹp giao đầy đủ phụ kiện,5,2022-02-13 17:45:03,156821176,156821180
26793583,tr oiii sách đẹp xĩu giao hàng nhanhhh,5,2022-02-16 12:37:42,156821176,156821180
8570411,"giao hàng ổn, may mắn kh bị df :)))",5,2022-02-27 13:38:02,156821176,156821180
11665416,"Truyện hay. Bao bì kín đáo, sạch đẹp",5,2022-01-23 12:00:12,156821176,156821180
17970209,"Giao hàng nhanh, truyện đẹp 😍",5,2022-02-26 09:24:51,156821176,156821178
26563974,không một miếng df nào💞💞,5,2022-02-17 10:51:58,156821176,156821180
13704146,"Hàng về thùng bị bục và không có bọc chống sốc bảo vệ sách nhưng nó lại không bị ảnh hưởng đến sách, kỳ diệu 👏👏👏. Tượng tâm thì chưa có đọc nhưng thấy bìa đẹp quá phải lật đật đi đọc review thấy hay mua luôn về. Công nhận vẽ đẹp dễ sợ, vs bìa vs phụ kiện có ánh, sang xịn mịn 👍👍👍",5,2022-03-10 20:26:46,157955619,157955621
11594690,"Lúc mình cầm cái hộp vuông vắn không 1 chỗ móp là đã mừng lắm rồi, mở ra sách còn nguyên ven không hư hại gì là 10 điểm luôn. Truyện hay lắm, đáng để mua đọc ạ",5,2022-07-19 13:59:30,157955619,157955623
20500245,- Xịn xịn xịnnnnnnnn - Mặc dù chưa đọc nội dung và mua trong phút giây bồng bột nhưng khi cầm trên tay mình thực sự bị bìa và bookmark làm mê luôn - Nhưng phần keo đóng sách mình thấy hơi... sợ bị bong - Và như nhiều bạn đánh giá: thật ảo diệu khi sách về đến tay mà vẫn nguyên vẹn khi không có bọc chống sốc,5,2022-08-23 13:30:35,157955619,157955623
27837780,"U là trời, sách nhận về tay mà bất ngờ luôn á. Tại sao nsx có thể xuất bản ra 2 cuốn sách chất lượng như vậy chứ? Bìa sách đc bọc thêm 1 lớp đề can nhám vô cùng cứng cáp, chất lượng. 10 điểm, ko nói nhìuuuuu 😚 Hàng về ko bị móp hộp luôn, quá đã Tiki ơiiiiiii",5,2022-07-29 12:27:00,157955619,157955623
26493113,"lúc thấy cái hộp thì hoang mang lắm, hên sao sách vẹn toàn không sứt mẻ gì luôn. bên trong không có chống sốc hay gì hết nhưng sách không bị làm sao, may thật",5,2022-03-26 18:38:13,157955619,157955623
19176095,"Câu chuyện tình yêu của Lê Thúy và Lục Thương cuối cùng cũng về đến tay. Nghe tên sách là ưng ý rồi, best xinh luôn, giao hàng nhanh hơn dự kiến 6 ngày luôn!! ❤️❤️❤️ K biết ai thích mùi sách mới như mình không chứ mình ngửi thấy toàn là mùi xoài ấy! Sách dùng bìa nhám, hồi nãy định chụp sách mà tựa lên góc bàn ấy, nó chiếu ảnh mình mà chụp ảnh sách lại thấy mặt mình cầm điện thoại! 😂😂😂. Nói chung là siêu cute, nội dung không có gì bàn cãi, best công niên hạ cùng cường thụ của mị!!! 💯💯💯Mãi yêu",5,2022-02-16 17:44:36,157955619,157955621
19212530,"In đẹp. Nd hay. Mùi như me ngào đường+xoài chín ấy. H.ả video mang tính chất giải trí :)) ( cre: taekook, thiên quan từ phúc, dạ ký, no love zone)",5,2022-03-21 07:50:51,157955619,157955623
1009674,"nhận hàng ngay 29 Tết 😅 may mắn cuối năm luôn ... truyện lành lặn ko 1 vết xước 🥰 nội dung thì ngọt, nhẹ nhàng kể về 1 anh thụ nuôi công từ bé chỉ ngược xíu xiu lúc công biết tại sao thụ lại nuôi mình ... nhưng tổng kết là ngọt đường",5,2022-02-03 21:30:56,157955619,157955621
27630117,"Giao nhanh, đẹp, không bị df miếng nào luôn nha. Seal còn mới toanh, sáng bónggg. Nội dung của Tượng Tâm thì hay khỏi bàn rồi, siêu hay siêu cảm động. Nên mua nha mọi ngườiii",5,2023-06-09 10:50:13,157955619,157955623
25822455,"Lần đầu đặt sách qua mạng mà còn là hàng đặt trc nên hơi lo nhưng khi nhận đc hàng, mở hộp thì nhẹ nhõm hẳn. Sách đẹp💖 ( 1 quyển hơi móp góc chắc do lỗi vận chuyển nhưng ko sao hết😉). Bản dịch tốt👍, nội dung hay😊, shipper nhiệt tình. Cho 5🌟",5,2022-01-18 19:28:03,157955619,157955621
26181748,thật sự là khok thek vì sách xinh đẹp xỉu may là đọc trên mạng rồi nên lấy sách về đẹp quá ko nỡ đọc nữa đem cất luôn:)) nhma shop đóng sách ko có màng chống sóc mong khắc phục,5,2022-02-19 17:36:29,157955619,157955621
28965129,"Lúc đầu định không mua vì ảnh bìa không phù hợp với nội dung cho lắm nhưng vì quá thích truyện nên cũng phải chốt đơn 🤣 chất lượng sách rất ok,nói chung ngoài vấn đề bìa ra thì không còn gì khác để chê, sách có chỗ hơi bẩn nhưng cũng không có vấn đề gì. Rất hài lòng về chất lượng phục vụ của TIKI vì giao hàng siêu nhanh, mình đặt hôm qua nhưng hôm nay đã nhận được, shipper thân thiện, appreciate 👍🏻",5,2023-03-19 15:35:00,157955619,157955623
636751,"Phải công nhận bộ này Cúc làm bìa đẹp quá, art xịn mà bìa sờ sần sần thích lắm luôn❤️ Thể loại Niên hạ mình thích nữa, có điều lịch đẹp quá không dám xài phải đem cất như lịch Phong Mang năm ngoái nè. Mình cám ơn Tiki nhé, giao siêu nhanh.",5,2022-01-20 06:54:29,157955619,157955621
23745567,sản phẩm chất lượng,5,2022-07-29 15:43:26,157955619,157955623
27143576,"Thấy review là hay nên mua thử, giao hàng nhanh, đóng gói cũng tạm vì ko có chống sốc, may ko bị df, chưa bóc nhưng mong là mua bản thường sẽ đc gửi nhầm bản đb, ncl rất là ổn áp",5,2022-08-20 12:50:55,157955619,157955623
16406510,"Bìa Truyện rất rất đẹp. Nội dung ổn, rất đáng đọc",5,2024-11-28 13:11:23,157955619,157955623
16941139,"sách về không bị df nè, tuy bìa mình kh thích lắm nhưng đc cái nó nhám nhám khá lạ. nội dung thì khỏi phải bàn rồi. nên mua nha",5,2022-02-13 16:03:41,157955619,157955623
26304866,"mở ra mà dẫy đành đạch luôn á, quá trời đẹp. nội dung khỏi bàn. yêu nhà Cúc lắm hihi,bìa xinh chất lượng đỉnh của choppp",5,2022-02-06 21:59:38,157955619,157955623
26521324,"Giao nhanh, bìa xinh xỉu luôn, nghe qua review nd khá cuốn, nên mua",5,2022-02-13 14:30:45,157955619,157955623
21208733,,5,2022-02-07 18:42:54,157955619,157955623
275593,"Tiki Official hiếm khi làm mình thất vọng. Sản phẩm được bọc bookcare đàng hoàng, sạch sẽ, đẹp đẽ. Tặng bookmark đẹp. Còn 2 quyển của Skybooks bán thì rất tệ, 1 cuốn thì đã bị vuốt trang bìa, chắc chắn là đã có người mở ra xem hết. 1 cuốn thì bong gáy ra. Tệ quá tệ.",5,2023-03-03 00:07:14,91343712,91343713
26363652,"Đóng gói sp hơi sơ sài xíu nhưng mà sách không bị gì, sách đẹp xỉu, hay nữa, mọi người nên mua nha, shipper giao đến mà mừng muốn ỉa",5,2022-08-07 15:55:01,91343712,91343713
19996799,"Tr ơiii đẹp dữ trrrr, seal sách k bị rách miếng nào là ưng lắm r , tiki gói hàng cũng khá cẩn thận 🤣, còn về nd thì trên gg nhiều lắm r mình cũng chưa đọc nê chưa thể review theo cảm nhận đc nmà nchung chấm 1*** điểm, giá cũng giảm đi rất nhiều so với đợt mới xbản nên ưng lại càng ưng 🤣😍😍✨✨🥰🥰🤩🤩🤩🥰🥰🤩🤩",5,2022-02-08 22:39:45,91343712,91343713
16401723,bookmark rất chi là dày quá ưng sách còn bọc seal đàng hoàng và điểm ưng nhất là tuy để giao hoả tốc mà sách chẳng bị móp hay méo gì cả nd thì nghe nói là ngược công nhưng ch đọc nên ko biết,5,2022-01-16 15:20:23,91343712,91343713
19314820,"Rất ok, màng bọc bảo vệ rất tốt, giao nhanh, không bị hư hỏng j nhìu",5,2021-11-03 10:50:03,91343712,91343713
27332072,"Trời ơi mấy bà ơi mấy bà biết dì hông? Chuyện là tui đặt cuốn này 3 ngày trước ă. Nó nói hôm nay nó giao tới, tui nôn từ hôm qua tới giờ có ngủ được đâu. Mà tới giờ là chiều tối rồi mà còn chưa giao nữa mấy bà. Tui lo quá trời lo hong biết sách của mình có còn nguyên vẹn hong nữa mấy bà. Tui cứ đi tới đi lui vậy ă, bà chị thấy dị mới kêu tối ngồi im coi làm gì mà đi đi lại lại hoài dị. Trời ơi sao được mấy bà, sách mua mà hong lo sao được. Đang lo lắng dị đó cái tui có điện thoại, trời ơi tui mừng quá trời quá đất tưởng shipper giao hàng ai ngờ con em tui nó gọi kêu tui đem qua cho nó 2 hộp kem tẩy trắng ABA. Nó nói xài trắng quá trời trắng, mới xài 1 tuần mà trắng 2-3 tone. Bà nào da đen bẩm sinh, da ngâm lâu năm thì xài kem này bảo đảm mấy bà trắng 10 tone. Giờ tui đi giao hàng cho nó. Về thì thấy anh shipper đứng trước của đợi tui chạy vô khui hành thấy sách xink quá nên cho 5*",5,2022-04-28 21:18:07,91343712,91343713
24727085,"để báo ơn, Thẩm Mặc đồng ý thực hiện giao dịch kì lạ với quý ngài doanh nhân thành đạt- Quý Minh Hiên nhằm bảo toàn hạnh phúc vẹn tròn cho em gái của ngài Quý. cậu vô tình vướng vào 1 mối quan hệ phức tạp, hoàn toàn không biết phải làm sao, chỉ ngày ngày ngẩn ngơ nhung nhớ mối tình cũ của thời thanh xuân tươi đẹp. Đến khi Thẩm Mặc nhận ra đâu mới là tình yêu đích thực của mình, thì cái người sớm tối bên cậu đã không còn ở bên cậu nữa rồi.",5,2021-11-07 12:21:46,91343712,91343713
18480723,"Dịch vụ : Giao hàng hơn 1 tháng mới đến và Tiki không bao giờ gói hàng có chống sốc =)). Hình thức : bìaa rấtt xinhh, bọc nilon khá kĩ nên không hư hại gì. Nội dung : mình đọc bản mạng rồi nên đánh giá chủ quan tí là mình thích cách xưng hô "" tôi - em "" hơn là "" anh - em "" như trong sách, mặc dù nó cũng không quá khó chịu, nhưng tôi em nghe phù hợp hơn. Này là một trong những bộ mình thích, mình cực thích anh Quý Minh Hiên của bộ này, đúng kiểu công si tình. Mà theo mình cảm nhận thì đây là một bộ khá ngược công, mình đọc mà thương Quý Minh Hiên lắm ;((( HE nhaaa, đọc xong cảm giác cuộc đời nợ mình một anh Quý Mình Hiên aaaa (･ัω･ั)",5,2021-10-26 16:37:25,91343712,91343713
922336,"Sách đẹp, giao hàng khá nhanh, lúc nhận hàng hộp ngoài hơi ọp ẹp nhưng may sách bên trong không bị móp méo gì cả, hài lòng~",5,2022-04-19 11:31:45,91343712,91343713
21250889,"Hàng đóng gói rất đẹp. Quả nhiên người bán đã gửi gắm rất nhiều tâm tư và tình cảm trong lúc gói hàng. Hộp không có dấu hiệu bị móp, chứng tỏ bộ phận vận chuyển đã nâng như nâng trứng, hứng như hứng hoa. Xin nghiêng mình cảm ơn vì tất cả.",5,2021-11-01 10:51:21,91343712,91343713
21039603,"Sản phẩm rất xinh đẹp tuyệt vời, tôi không thể trông đợi gì hơn. Cảm ơn nhà cung cấp, nhà sản xuất, cảm ơn người bán hàng, cảm ơn sàn thương mại điện tử, cảm ơn người vận chuyển để tôi có cơ hội dùng sản phẩm tốt như thế này.",5,2021-05-24 14:21:30,91343712,91343713
7813868,"Đóng gói tổ độ, tuy chả có bọc gì nhưng ship về ko sứt một miếng luôn á. Hi vọng tổ độ dài dài. Còn nội dung thì mình chưa đọc nên ko bt á. Ủng hộ Tiki dài dài",5,2022-06-08 20:54:28,91343712,91343713
21734468,"đẹp nguyên seal , truyện có 14c phiên ngoại làm mình gất thích ,chưa đọc hết nhưng nghe bảo công si tình lắm ai nào thích ngược công thì mua nha ?️??️",5,2021-06-21 13:10:13,91343712,91343713
10646250,Hong có gì để chê hết á. Ship nhanh quá chời luôn. Sáng đặt chiều có liền luôn. Truyện thì hay ùi hong phải nói ha,5,2021-12-03 23:08:23,91343712,91343713
21556631,"Giao hàng nhanh lắm lun í, mới đặt ngày hôm trước là hôm sau có rùii❤ Hàng được đóng gói rất cẩn thận lun ạ? Sách xin quá trời ?",5,2021-05-05 14:37:21,91343712,91343713
18949234,Đóng gói không cẩn thận Sách bị móp Mong shop đóng gói kĩ hơn,5,2021-07-27 12:39:16,91343712,91343713
155666,"Sách Tiki giao cực kỳ nhanh luôn, hôm trước hôm sau là có. Nội dung truyện hợp gu mình nên thấy rất hay. Bìa truyện vẽ rất đẹp nữa. Hy vọng vào các cuốn đam sau Tiki sẽ nhập bản đặc biệt.",5,2021-04-25 14:14:26,91343712,91343713
27143576,"truyện đẹp, nội dung cx hay, bọc hàng cẩn thận, ko bị df, ncl là rất ưng",5,2022-06-28 19:48:31,91343712,91343713
21575280,,5,2026-04-10 08:28:29,91343712,91343713
16518194,"Bìa đẹp , giao nhanh , đóng gói ổn !!! Sẽ mua lại vào lần sau P/s : Hình ảnh mang tính chất minh hoạ",5,2022-08-28 11:57:26,91343712,91343713
28863038,"sách không bị móp méo gì hết nhé nhưng có một đường gì ở ngoài bìa sách á, khá dài nhưng vì xinh xỉu nên ko sao :))))",5,2023-02-23 11:09:52,91343712,91343713
11420552,"hên mà có màng có seal chứ không chắc sách nát luôn, về mà thấy seal xước rách tùm lum chỗ hơi sợ...",5,2022-04-05 09:05:30,91343712,91343713
15704889,"sách đẹp lắm mọi người ơi, tiki giao hàng nhanh với cẩn thận, mình kiểm tra không bị móp góc cũng không bị dơ =))))) ổn áp cực, nên mua nhaaa.",5,2021-05-31 19:20:41,91343712,91343713
27648293,bìa đẹpppp đỉnh của đỉnh của í bookmark dày in 2 mặt góc sách bị móp 1 chút n k sao,5,2022-06-09 17:17:06,91343712,91343713
22439847,"chưa bóc màng bọc nên chưa xem được bên trong nhưng rất hài lòng, sẽ ủng hộ shop",5,2022-06-16 12:04:57,91343712,91343713
1043269,"đã đọc online mấy năm trước. bộ này khá hay, mỗi lần đọc đều khóc như mưa, thấy có sách là hốt liền, may đang sale hihi",5,2021-06-10 20:32:33,91343712,91343713
21363380,"ship nhanh, seal không bị bục, dù đã đọc bản edit nhưng vẫn quyết định đặt mua vì 14 phiên ngoại",5,2021-11-12 12:51:29,91343712,91343713
26442433,bị rách seal một chút:< nhma ksao,5,2023-02-11 12:32:40,91343712,91343713
10732421,"sách của Cẩm Phong đương nhiên là chất lượng rồi, giao hàng nhanh lắm luôn",5,2022-03-15 11:14:41,91343712,91343713
1111563,"truyện ổn áp lắm, mình đọc rồi nên mua về để trưng với sưu tầm thui",5,2022-03-31 14:31:20,91343712,91343713
18338899,"Đánh giá cho vui chứ tiki ko cho xu 😭😭😭 , sách đẹp, chưa đọc nội dung nên ko biết hay ko",5,2021-11-16 18:02:34,91343712,91343713
2137385,Đẹp,5,2022-05-10 11:58:28,91343712,91343713
17867112,"Trời ơi truyện siêu xinh xẻo, đã thế giao hàng còn nhanh nữa. Mới đặt mà hôm sau đã có hàng rồi, yêu nhiều ^^",5,2021-04-24 17:55:55,91343712,91343713
17713241,"Nội dung hay lắm na, in ấn tốt, bìa đẹp 💯",5,2022-08-22 09:25:07,91343712,91343713
12871095,"giao hàng nhanh chóng, k lót chống xóc, mua 2 lần r vẫn vậy:(",5,2022-03-27 09:05:58,91343712,91343713
16529461,Sách nguyên seal nên ko bị hư hỏng gì :)) nguyên khâu đóng gói thì vẫn z chả có bọc chống sóc hay gì cả dịch nhưng giao khá nhanh nch hài lòng,5,2021-09-15 11:16:09,91343712,91343713
1653918,"Truyện hay, bìa đẹp. Giao hàng nhanh. Nhưng là truyện đam mỹ nhé đừng nhầm lẫn khi mua nha",5,2021-07-21 17:07:56,91343712,91343713
14350386,"Giao hàng nhanh, sách đẹp",5,2022-11-09 19:28:32,91343712,91343713
24611135,"Hàng giao nhanh, được đóng gói rất cẩn thận, shipper rất thân thiện",5,2021-12-13 10:25:27,91343712,91343713
19081853,"Giao hàng nhanh lắm nhưng mà sách có vết j đen đen bị dính vào ấy huhu ?,hơi bị móp 1 tí",5,2021-07-09 11:07:08,91343712,91343713
12245225,"giao hàng nhanh, đóng gói cẩn thận, chất lượng tốt, phục vụ tốt , rất đáng tiền????????",5,2021-06-10 15:06:34,91343712,91343713
6811495,"bìa siu đẹppp, truyện hay, thích Quý Minh Hiên dễ sợ lun 👉👈🥺🥺",5,2021-10-30 20:28:03,91343712,91343713
15793769,"Tuyệt vời,không có gì để nói nữa. Tiki giao hàng nhanh, sách được bọc cẩn thận,shipper cũng thân thiện. Rất hài lòng, mình đánh giá 5* luôn.",5,,91343712,91343713
1673221,"truyện có thêm 13 phiên ngoại, thêm đôi nhẫn mang đầy tình cảm của ngài Quý 7 năm qua, thêm cả mớ ngọt ngào và dịu dàng.",5,2021-11-06 23:26:50,91343712,91343713
26641128,hàng đẹp ko bị bóp méo giao nhanh nchung là rất ưng,5,2022-02-12 15:50:28,91343712,91343713
8490417,Giao siêu nhanh. Rát hài lòng. ?,5,2021-04-30 13:31:09,91343712,91343713
29844166,,5,2024-04-07 15:37:05,91343712,91343713
18738941,"gói ghém hàng qua loa lắm nhưng sách ko bị tổn hại gì là được ròi, nội dung hay miễn bàn, cho 5 sao nhaa",5,2022-02-26 20:24:22,91343712,91343713
22845874,Sản phẩm không bị móp méo j nhiều ngoài cách cạnh của nó,5,2021-10-20 11:01:06,91343712,91343713
16856384,uy tín và vận chuyển hàng rất nhanh cầu shopp cho thêm bọc chống shock 🥲🥲 chứ mọi thứ đều 100 sao🥰,5,2022-01-18 15:38:49,91343712,91343713
16695127,hàng gói hơi sơ sài nhưng sách xinh lắm,5,2022-02-24 17:19:09,91343712,91343713
1600135,"Sách bìa rất đẹp ? dù hơi bị cấn góc 1 xí nhưng cũng ko đến nỗi, truyện hay.",5,2021-04-24 12:00:01,91343712,91343713
21136689,Truyện xinh xẻo:>>>,5,2021-04-29 16:39:14,91343712,91343713
6303164,,5,2022-10-29 02:01:18,91343712,91343713
26764968,Truyện chất lượng lắm luôn á😁,5,2022-02-16 18:23:10,91343712,91343713
14298849,"Nhân viên giao hàng nhanh, thân thiện, sách bọc kĩ, chời ơi đẹp lắm luôn",5,2021-05-02 09:42:54,91343712,91343713
279211,"Sách siêu đẹp, giao hàng siêu nhanh, may mắn ko bị lỗi gì cả.",5,2022-09-18 22:40:26,91343712,91343713
10731947,"Bao bì cẩn thận, còn nguyên si Truyện có hơn 1 nửa là ngoại truyện Dày cui!! 😤😤",5,2022-04-03 09:14:47,91343712,91343713
27597633,,5,2022-08-29 17:43:34,91343712,91343713
14537478,"giao hành nhanh, sách rất oce",5,2022-02-14 09:13:17,91343712,91343713
18661104,"hay lắm, đóng gói cẩn thận nữa",5,2021-12-24 16:28:38,91343712,91343713
21870450,"Sách đẹp, chất lượng!",5,2022-02-19 13:18:24,91343712,91343713
11028985,có gãy góc nhưng không sao á,5,2022-01-22 21:09:10,91343712,91343713
18714341,Gất nà xinh luôn,5,2022-03-31 10:27:33,91343712,91343713
10794832,,5,2021-05-04 11:39:06,91343712,91343713
552511,"đẹp, đóng gói tốt, hình chỉ có tính chất nhận coin",5,2021-06-19 12:57:03,91343712,91343713
15838619,Ngược k nhiều. Tui thik 1 là ngọt hông thì phải ngược tơi bời 🤣🤣😅,5,2022-03-25 21:14:14,91343712,91343713
27091473,hàng đẹp,5,2022-04-12 10:14:02,91343712,91343713
565240,"giao hàng nhanh, vừa đặt hôm qua hôm nay đã có hàng",5,2021-05-06 15:00:28,91343712,91343713
16200229,"Mình là 1 fan trung thành với tỷ tỷ ***, các tác phẩm tỷ mình đều mua, văn phong rất lôi cuốn người đọc, bookmark nhà Cẩm thì lúc nào cũng xịn xò rồi, sách còn nguyên seal, gặp 1 vấn đề nho nhỏ là sách không được bọc bằng bọc xốp nên bị móp ở phần đầu sách,, mình khá thất vọng nhưng giao hàng rất nhanh, đặt 1 ngày là có, shipper rất thân thiện.",4,2021-07-14 15:48:48,91343712,91343713
28687374,,5,2023-07-04 23:23:07,91343712,91343713
646279,"Giao hàng nhanh, không có gì để phàn nàn.",5,2021-06-26 09:57:47,91343712,91343713
511365,,5,2022-04-04 09:34:03,91343712,91343713
28110709,Đẹp với hay nhenn!,5,2023-01-30 19:55:24,91343712,91343713
21956178,Ok,5,2022-03-01 06:54:20,91343712,91343713
9771056,🥰🥰🥰,5,2021-12-21 11:18:56,91343712,91343713
26897870,,5,2023-05-04 18:13:35,91343712,91343713
27980852,"bìa đẹp, giao hàng cẩn thận",5,2022-09-28 14:46:30,91343712,91343713
9944523,"Sách hay, bìa đẹp, chất lượng tốt",5,2022-07-27 23:57:33,91343712,91343713
21138382,Nó rất hay,5,2021-11-14 08:38:25,91343712,91343713
